product,manufacturer,property,predicted_value,confidence,prediction_method,donor_1_actual_value,donor_1_manufacturer,donor_1_product,donor_1_weight,donor_2_actual_value,donor_2_manufacturer,donor_2_product,donor_2_weight,donor_3_actual_value,donor_3_manufacturer,donor_3_product,donor_3_weight
n-Docosane (C22),Literature,Tm_freezing,44.3368,Standard,MICE + Random Forest + PMM (weighted blend of real donor values),44.5,Rubitherm Technologies,RT47,0.648,45.0,Rubitherm Technologies,RT45HC,0.183,43.0,Pluss Advanced Technologies,savE® OM42,0.17
Lauric acid (C12),Literature,Tm_freezing,44.8398,Standard,MICE + Random Forest + PMM (weighted blend of real donor values),45.0,Rubitherm Technologies,RT45HC,0.446,44.5,Rubitherm Technologies,RT47,0.32,45.0,Pluss Advanced Technologies,savE® OM46,0.234
n-Tricosane (C23),Literature,Tm_freezing,44.8846,Standard,MICE + Random Forest + PMM (weighted blend of real donor values),45.0,Pluss Advanced Technologies,savE® OM46,0.489,45.0,Rubitherm Technologies,RT45HC,0.28,44.5,Rubitherm Technologies,RT47,0.231
Paraffin/Expanded graphite (85.56% paraffin),Literature,Tm_freezing,46.6051,Standard,MICE + Random Forest + PMM (weighted blend of real donor values),45.5,Pluss Advanced Technologies,savE® OM49,0.437,48.5,Rubitherm Technologies,RT50,0.396,45.0,Pluss Advanced Technologies,savE® OM46,0.167
Paraffin/HDPE PCM3,Literature,Tm_freezing,49.9942,Standard,MICE + Random Forest + PMM (weighted blend of real donor values),50.0,Pluss Advanced Technologies,savE® OM50,0.996,48.0,Pluss Advanced Technologies,savE® OM48,0.002,49.3,Literature,n-Tetracosane (C24),0.002
PlusICE A50,PCM Products Ltd.,Tm_freezing,48.9119,Standard,MICE + Random Forest + PMM (weighted blend of real donor values),49.3,Literature,n-Tetracosane (C24),0.421,48.0,Pluss Advanced Technologies,savE® OM48,0.397,50.0,Pluss Advanced Technologies,savE® OM50,0.182
Paraffin/HDPE PCM6,Literature,Tm_freezing,49.3226,Standard,MICE + Random Forest + PMM (weighted blend of real donor values),50.0,Pluss Advanced Technologies,savE® OM50,0.501,48.0,Pluss Advanced Technologies,savE® OM48,0.252,49.3,Literature,n-Tetracosane (C24),0.246
Paraffin/HDPE PCM2,Literature,Tm_freezing,49.2279,Standard,MICE + Random Forest + PMM (weighted blend of real donor values),50.0,Pluss Advanced Technologies,savE® OM50,0.43,48.0,Pluss Advanced Technologies,savE® OM48,0.287,49.3,Literature,n-Tetracosane (C24),0.283
PlusICE A52,PCM Products Ltd.,Tm_freezing,49.2455,Standard,MICE + Random Forest + PMM (weighted blend of real donor values),50.0,Pluss Advanced Technologies,savE® OM50,0.443,48.0,Pluss Advanced Technologies,savE® OM48,0.281,49.3,Literature,n-Tetracosane (C24),0.276
Paraffin/Expanded graphite (92% paraffin),Literature,Tm_freezing,49.2487,Standard,MICE + Random Forest + PMM (weighted blend of real donor values),50.0,Pluss Advanced Technologies,savE® OM50,0.446,48.0,Pluss Advanced Technologies,savE® OM48,0.28,49.3,Literature,n-Tetracosane (C24),0.274
Myristic acid (C14),Literature,Tm_freezing,51.2376,Standard,MICE + Random Forest + PMM (weighted blend of real donor values),50.51,Literature,Myristic acid/NBR-0.5,0.561,53.5,Rubitherm Technologies,RT54HC,0.301,49.25,Literature,Myristic acid/NBR-1.0,0.138
PureTemp 53,PureTemp,Tm_freezing,51.121,Standard,MICE + Random Forest + PMM (weighted blend of real donor values),50.51,Literature,Myristic acid/NBR-0.5,0.607,53.5,Rubitherm Technologies,RT54HC,0.26,49.25,Literature,Myristic acid/NBR-1.0,0.132
n-Pentacosane (C25),Literature,Tm_freezing,50.5523,Standard,MICE + Random Forest + PMM (weighted blend of real donor values),50.51,Literature,Myristic acid/NBR-0.5,0.957,53.5,Rubitherm Technologies,RT54HC,0.023,49.25,Literature,Myristic acid/NBR-1.0,0.02
n-Hexacosane (C26),Literature,Tm_freezing,56.1609,Standard,MICE + Random Forest + PMM (weighted blend of real donor values),56.5,Rubitherm Technologies,RT57HC,0.835,54.0,Pluss Advanced Technologies,savE® OM55,0.085,54.91,Literature,Palmitic-stearic acid/Expanded graphite,0.08
PlusICE A58,PCM Products Ltd.,Tm_freezing,58.184,Standard,MICE + Random Forest + PMM (weighted blend of real donor values),58.0,Rubitherm Technologies,RT60,0.66,56.5,Rubitherm Technologies,RT57HC,0.179,60.81,Literature,Palmitic acid/Expanded graphite (80/20),0.161
PureTemp 58,PureTemp,Tm_freezing,58.0631,Standard,MICE + Random Forest + PMM (weighted blend of real donor values),58.0,Rubitherm Technologies,RT60,0.779,56.5,Rubitherm Technologies,RT57HC,0.129,60.81,Literature,Palmitic acid/Expanded graphite (80/20),0.092
n-Heptacosane (C27),Literature,Tm_freezing,59.7486,Standard,MICE + Random Forest + PMM (weighted blend of real donor values),58.0,Rubitherm Technologies,RT60,0.44,60.81,Literature,Palmitic acid/Expanded graphite (80/20),0.306,61.5,Rubitherm Technologies,RT65,0.254
CrodaTherm 60,CrodaTherm,Tm_freezing,61.4633,Standard,MICE + Random Forest + PMM (weighted blend of real donor values),61.5,Rubitherm Technologies,RT65,0.6,62.0,Rubitherm Technologies,RT62HC,0.201,60.81,Literature,Palmitic acid/Expanded graphite (80/20),0.199
PureTemp 60,PureTemp,Tm_freezing,61.5471,Standard,MICE + Random Forest + PMM (weighted blend of real donor values),61.5,Rubitherm Technologies,RT65,0.422,62.0,Rubitherm Technologies,RT62HC,0.375,60.81,Literature,Palmitic acid/Expanded graphite (80/20),0.203
n-Octacosane (C28),Literature,Tm_freezing,62.2913,Standard,MICE + Random Forest + PMM (weighted blend of real donor values),62.5,Rubitherm Technologies,RT64HC,0.657,62.0,Rubitherm Technologies,RT62HC,0.269,61.5,Rubitherm Technologies,RT65,0.074
PlusICE A62,PCM Products Ltd.,Tm_freezing,62.0151,Standard,MICE + Random Forest + PMM (weighted blend of real donor values),62.0,Rubitherm Technologies,RT62HC,0.716,62.5,Rubitherm Technologies,RT64HC,0.157,61.5,Rubitherm Technologies,RT65,0.127
Palmitic acid (C16),Literature,Tm_freezing,62.0825,Standard,MICE + Random Forest + PMM (weighted blend of real donor values),62.0,Rubitherm Technologies,RT62HC,0.665,62.5,Rubitherm Technologies,RT64HC,0.25,61.5,Rubitherm Technologies,RT65,0.085
PureTemp 63,PureTemp,Tm_freezing,62.0486,Standard,MICE + Random Forest + PMM (weighted blend of real donor values),62.0,Rubitherm Technologies,RT62HC,0.771,62.5,Rubitherm Technologies,RT64HC,0.163,61.5,Rubitherm Technologies,RT65,0.066
n-Nonacosane (C29),Literature,Tm_freezing,62.2561,Standard,MICE + Random Forest + PMM (weighted blend of real donor values),62.5,Rubitherm Technologies,RT64HC,0.595,62.0,Rubitherm Technologies,RT62HC,0.322,61.5,Rubitherm Technologies,RT65,0.083
n-Triacontane (C30),Literature,Tm_freezing,63.1326,Standard,MICE + Random Forest + PMM (weighted blend of real donor values),62.5,Rubitherm Technologies,RT64HC,0.461,62.0,Rubitherm Technologies,RT62HC,0.314,66.0,Pluss Advanced Technologies,savE® OM65,0.226
Stearic acid (C18),Literature,Tm_freezing,68.2364,Standard,MICE + Random Forest + PMM (weighted blend of real donor values),68.0,Rubitherm Technologies,RT69HC,0.414,70.0,Rubitherm Technologies,RT70HC,0.352,66.0,Pluss Advanced Technologies,savE® OM65,0.234
PureTemp 68,PureTemp,Tm_freezing,67.2958,Standard,MICE + Random Forest + PMM (weighted blend of real donor values),66.0,Pluss Advanced Technologies,savE® OM65,0.63,70.0,Rubitherm Technologies,RT70HC,0.278,68.0,Rubitherm Technologies,RT69HC,0.091
n-Hentriacontane (C31),Literature,Tm_freezing,68.1792,Standard,MICE + Random Forest + PMM (weighted blend of real donor values),68.0,Rubitherm Technologies,RT69HC,0.499,70.0,Rubitherm Technologies,RT70HC,0.296,66.0,Pluss Advanced Technologies,savE® OM65,0.206
n-Dotriacontane (C32),Literature,Tm_freezing,67.8832,Standard,MICE + Random Forest + PMM (weighted blend of real donor values),66.0,Pluss Advanced Technologies,savE® OM65,0.413,70.0,Rubitherm Technologies,RT70HC,0.354,68.0,Rubitherm Technologies,RT69HC,0.233
RT42,Rubitherm Technologies,Tm_nucleation,40.0,LOW (n<3 donors),"Insufficient data (fewer than 3 real values in the entire dataset) — value carried from the only donor(s) available, not a fitted MICE+RF+PMM prediction. Treat as low confidence.",45.0,Pluss Advanced Technologies,savE® OM46,1.0,,,,,,,,
RT44HC,Rubitherm Technologies,Tm_nucleation,42.5,LOW (n<3 donors),"Insufficient data (fewer than 3 real values in the entire dataset) — value carried from the only donor(s) available, not a fitted MICE+RF+PMM prediction. Treat as low confidence.",45.0,Pluss Advanced Technologies,savE® OM46,1.0,,,,,,,,
savE® OM42,Pluss Advanced Technologies,Tm_nucleation,43.0,LOW (n<3 donors),"Insufficient data (fewer than 3 real values in the entire dataset) — value carried from the only donor(s) available, not a fitted MICE+RF+PMM prediction. Treat as low confidence.",45.0,Pluss Advanced Technologies,savE® OM46,1.0,,,,,,,,
RT47,Rubitherm Technologies,Tm_nucleation,44.5,LOW (n<3 donors),"Insufficient data (fewer than 3 real values in the entire dataset) — value carried from the only donor(s) available, not a fitted MICE+RF+PMM prediction. Treat as low confidence.",45.0,Pluss Advanced Technologies,savE® OM46,1.0,,,,,,,,
n-Docosane (C22),Literature,Tm_nucleation,44.3368,LOW (n<3 donors),"Insufficient data (fewer than 3 real values in the entire dataset) — value carried from the only donor(s) available, not a fitted MICE+RF+PMM prediction. Treat as low confidence.",45.0,Pluss Advanced Technologies,savE® OM46,1.0,,,,,,,,
Lauric acid (C12),Literature,Tm_nucleation,44.8398,LOW (n<3 donors),"Insufficient data (fewer than 3 real values in the entire dataset) — value carried from the only donor(s) available, not a fitted MICE+RF+PMM prediction. Treat as low confidence.",45.0,Pluss Advanced Technologies,savE® OM46,1.0,,,,,,,,
RT45HC,Rubitherm Technologies,Tm_nucleation,45.0,LOW (n<3 donors),"Insufficient data (fewer than 3 real values in the entire dataset) — value carried from the only donor(s) available, not a fitted MICE+RF+PMM prediction. Treat as low confidence.",45.0,Pluss Advanced Technologies,savE® OM46,1.0,,,,,,,,
n-Tricosane (C23),Literature,Tm_nucleation,44.8846,LOW (n<3 donors),"Insufficient data (fewer than 3 real values in the entire dataset) — value carried from the only donor(s) available, not a fitted MICE+RF+PMM prediction. Treat as low confidence.",45.0,Pluss Advanced Technologies,savE® OM46,1.0,,,,,,,,
RT50,Rubitherm Technologies,Tm_nucleation,48.5,LOW (n<3 donors),"Insufficient data (fewer than 3 real values in the entire dataset) — value carried from the only donor(s) available, not a fitted MICE+RF+PMM prediction. Treat as low confidence.",45.0,Pluss Advanced Technologies,savE® OM46,1.0,,,,,,,,
Paraffin/Expanded graphite (85.56% paraffin),Literature,Tm_nucleation,46.6051,LOW (n<3 donors),"Insufficient data (fewer than 3 real values in the entire dataset) — value carried from the only donor(s) available, not a fitted MICE+RF+PMM prediction. Treat as low confidence.",45.0,Pluss Advanced Technologies,savE® OM46,1.0,,,,,,,,
savE® OM49,Pluss Advanced Technologies,Tm_nucleation,45.5,LOW (n<3 donors),"Insufficient data (fewer than 3 real values in the entire dataset) — value carried from the only donor(s) available, not a fitted MICE+RF+PMM prediction. Treat as low confidence.",45.0,Pluss Advanced Technologies,savE® OM46,1.0,,,,,,,,
Paraffin/HDPE PCM3,Literature,Tm_nucleation,49.9942,LOW (n<3 donors),"Insufficient data (fewer than 3 real values in the entire dataset) — value carried from the only donor(s) available, not a fitted MICE+RF+PMM prediction. Treat as low confidence.",45.0,Pluss Advanced Technologies,savE® OM46,1.0,,,,,,,,
PlusICE A50,PCM Products Ltd.,Tm_nucleation,48.9119,LOW (n<3 donors),"Insufficient data (fewer than 3 real values in the entire dataset) — value carried from the only donor(s) available, not a fitted MICE+RF+PMM prediction. Treat as low confidence.",45.0,Pluss Advanced Technologies,savE® OM46,1.0,,,,,,,,
savE® OM50,Pluss Advanced Technologies,Tm_nucleation,50.0,LOW (n<3 donors),"Insufficient data (fewer than 3 real values in the entire dataset) — value carried from the only donor(s) available, not a fitted MICE+RF+PMM prediction. Treat as low confidence.",45.0,Pluss Advanced Technologies,savE® OM46,1.0,,,,,,,,
Paraffin/HDPE PCM6,Literature,Tm_nucleation,49.3226,LOW (n<3 donors),"Insufficient data (fewer than 3 real values in the entire dataset) — value carried from the only donor(s) available, not a fitted MICE+RF+PMM prediction. Treat as low confidence.",45.0,Pluss Advanced Technologies,savE® OM46,1.0,,,,,,,,
Paraffin/HDPE PCM2,Literature,Tm_nucleation,49.2279,LOW (n<3 donors),"Insufficient data (fewer than 3 real values in the entire dataset) — value carried from the only donor(s) available, not a fitted MICE+RF+PMM prediction. Treat as low confidence.",45.0,Pluss Advanced Technologies,savE® OM46,1.0,,,,,,,,
savE® OM48,Pluss Advanced Technologies,Tm_nucleation,48.0,LOW (n<3 donors),"Insufficient data (fewer than 3 real values in the entire dataset) — value carried from the only donor(s) available, not a fitted MICE+RF+PMM prediction. Treat as low confidence.",45.0,Pluss Advanced Technologies,savE® OM46,1.0,,,,,,,,
PlusICE A52,PCM Products Ltd.,Tm_nucleation,49.2455,LOW (n<3 donors),"Insufficient data (fewer than 3 real values in the entire dataset) — value carried from the only donor(s) available, not a fitted MICE+RF+PMM prediction. Treat as low confidence.",45.0,Pluss Advanced Technologies,savE® OM46,1.0,,,,,,,,
n-Tetracosane (C24),Literature,Tm_nucleation,49.3,LOW (n<3 donors),"Insufficient data (fewer than 3 real values in the entire dataset) — value carried from the only donor(s) available, not a fitted MICE+RF+PMM prediction. Treat as low confidence.",45.0,Pluss Advanced Technologies,savE® OM46,1.0,,,,,,,,
Paraffin/Expanded graphite (92% paraffin),Literature,Tm_nucleation,49.2487,LOW (n<3 donors),"Insufficient data (fewer than 3 real values in the entire dataset) — value carried from the only donor(s) available, not a fitted MICE+RF+PMM prediction. Treat as low confidence.",45.0,Pluss Advanced Technologies,savE® OM46,1.0,,,,,,,,
Myristic acid (C14),Literature,Tm_nucleation,51.2376,LOW (n<3 donors),"Insufficient data (fewer than 3 real values in the entire dataset) — value carried from the only donor(s) available, not a fitted MICE+RF+PMM prediction. Treat as low confidence.",45.0,Pluss Advanced Technologies,savE® OM46,1.0,,,,,,,,
PureTemp 53,PureTemp,Tm_nucleation,51.121,LOW (n<3 donors),"Insufficient data (fewer than 3 real values in the entire dataset) — value carried from the only donor(s) available, not a fitted MICE+RF+PMM prediction. Treat as low confidence.",45.0,Pluss Advanced Technologies,savE® OM46,1.0,,,,,,,,
RT54HC,Rubitherm Technologies,Tm_nucleation,53.5,LOW (n<3 donors),"Insufficient data (fewer than 3 real values in the entire dataset) — value carried from the only donor(s) available, not a fitted MICE+RF+PMM prediction. Treat as low confidence.",45.0,Pluss Advanced Technologies,savE® OM46,1.0,,,,,,,,
RT55,Rubitherm Technologies,Tm_nucleation,56.5,LOW (n<3 donors),"Insufficient data (fewer than 3 real values in the entire dataset) — value carried from the only donor(s) available, not a fitted MICE+RF+PMM prediction. Treat as low confidence.",45.0,Pluss Advanced Technologies,savE® OM46,1.0,,,,,,,,
n-Pentacosane (C25),Literature,Tm_nucleation,50.5523,LOW (n<3 donors),"Insufficient data (fewer than 3 real values in the entire dataset) — value carried from the only donor(s) available, not a fitted MICE+RF+PMM prediction. Treat as low confidence.",45.0,Pluss Advanced Technologies,savE® OM46,1.0,,,,,,,,
Myristic acid/NBR-1.0,Literature,Tm_nucleation,49.25,LOW (n<3 donors),"Insufficient data (fewer than 3 real values in the entire dataset) — value carried from the only donor(s) available, not a fitted MICE+RF+PMM prediction. Treat as low confidence.",45.0,Pluss Advanced Technologies,savE® OM46,1.0,,,,,,,,
Myristic acid/NBR-0.5,Literature,Tm_nucleation,50.51,LOW (n<3 donors),"Insufficient data (fewer than 3 real values in the entire dataset) — value carried from the only donor(s) available, not a fitted MICE+RF+PMM prediction. Treat as low confidence.",45.0,Pluss Advanced Technologies,savE® OM46,1.0,,,,,,,,
savE® OM55,Pluss Advanced Technologies,Tm_nucleation,54.0,LOW (n<3 donors),"Insufficient data (fewer than 3 real values in the entire dataset) — value carried from the only donor(s) available, not a fitted MICE+RF+PMM prediction. Treat as low confidence.",45.0,Pluss Advanced Technologies,savE® OM46,1.0,,,,,,,,
Palmitic-stearic acid/Expanded graphite,Literature,Tm_nucleation,54.91,LOW (n<3 donors),"Insufficient data (fewer than 3 real values in the entire dataset) — value carried from the only donor(s) available, not a fitted MICE+RF+PMM prediction. Treat as low confidence.",45.0,Pluss Advanced Technologies,savE® OM46,1.0,,,,,,,,
RT57HC,Rubitherm Technologies,Tm_nucleation,56.5,LOW (n<3 donors),"Insufficient data (fewer than 3 real values in the entire dataset) — value carried from the only donor(s) available, not a fitted MICE+RF+PMM prediction. Treat as low confidence.",45.0,Pluss Advanced Technologies,savE® OM46,1.0,,,,,,,,
n-Hexacosane (C26),Literature,Tm_nucleation,56.1609,LOW (n<3 donors),"Insufficient data (fewer than 3 real values in the entire dataset) — value carried from the only donor(s) available, not a fitted MICE+RF+PMM prediction. Treat as low confidence.",45.0,Pluss Advanced Technologies,savE® OM46,1.0,,,,,,,,
PlusICE A58,PCM Products Ltd.,Tm_nucleation,58.184,LOW (n<3 donors),"Insufficient data (fewer than 3 real values in the entire dataset) — value carried from the only donor(s) available, not a fitted MICE+RF+PMM prediction. Treat as low confidence.",45.0,Pluss Advanced Technologies,savE® OM46,1.0,,,,,,,,
PureTemp 58,PureTemp,Tm_nucleation,58.0631,LOW (n<3 donors),"Insufficient data (fewer than 3 real values in the entire dataset) — value carried from the only donor(s) available, not a fitted MICE+RF+PMM prediction. Treat as low confidence.",45.0,Pluss Advanced Technologies,savE® OM46,1.0,,,,,,,,
RT60,Rubitherm Technologies,Tm_nucleation,58.0,LOW (n<3 donors),"Insufficient data (fewer than 3 real values in the entire dataset) — value carried from the only donor(s) available, not a fitted MICE+RF+PMM prediction. Treat as low confidence.",45.0,Pluss Advanced Technologies,savE® OM46,1.0,,,,,,,,
n-Heptacosane (C27),Literature,Tm_nucleation,59.7486,LOW (n<3 donors),"Insufficient data (fewer than 3 real values in the entire dataset) — value carried from the only donor(s) available, not a fitted MICE+RF+PMM prediction. Treat as low confidence.",45.0,Pluss Advanced Technologies,savE® OM46,1.0,,,,,,,,
CrodaTherm 60,CrodaTherm,Tm_nucleation,61.4633,LOW (n<3 donors),"Insufficient data (fewer than 3 real values in the entire dataset) — value carried from the only donor(s) available, not a fitted MICE+RF+PMM prediction. Treat as low confidence.",45.0,Pluss Advanced Technologies,savE® OM46,1.0,,,,,,,,
Palmitic acid/Expanded graphite (80/20),Literature,Tm_nucleation,60.81,LOW (n<3 donors),"Insufficient data (fewer than 3 real values in the entire dataset) — value carried from the only donor(s) available, not a fitted MICE+RF+PMM prediction. Treat as low confidence.",45.0,Pluss Advanced Technologies,savE® OM46,1.0,,,,,,,,
PureTemp 60,PureTemp,Tm_nucleation,61.5471,LOW (n<3 donors),"Insufficient data (fewer than 3 real values in the entire dataset) — value carried from the only donor(s) available, not a fitted MICE+RF+PMM prediction. Treat as low confidence.",45.0,Pluss Advanced Technologies,savE® OM46,1.0,,,,,,,,
RT65,Rubitherm Technologies,Tm_nucleation,61.5,LOW (n<3 donors),"Insufficient data (fewer than 3 real values in the entire dataset) — value carried from the only donor(s) available, not a fitted MICE+RF+PMM prediction. Treat as low confidence.",45.0,Pluss Advanced Technologies,savE® OM46,1.0,,,,,,,,
n-Octacosane (C28),Literature,Tm_nucleation,62.2913,LOW (n<3 donors),"Insufficient data (fewer than 3 real values in the entire dataset) — value carried from the only donor(s) available, not a fitted MICE+RF+PMM prediction. Treat as low confidence.",45.0,Pluss Advanced Technologies,savE® OM46,1.0,,,,,,,,
PlusICE A62,PCM Products Ltd.,Tm_nucleation,62.0151,LOW (n<3 donors),"Insufficient data (fewer than 3 real values in the entire dataset) — value carried from the only donor(s) available, not a fitted MICE+RF+PMM prediction. Treat as low confidence.",45.0,Pluss Advanced Technologies,savE® OM46,1.0,,,,,,,,
RT62HC,Rubitherm Technologies,Tm_nucleation,62.0,LOW (n<3 donors),"Insufficient data (fewer than 3 real values in the entire dataset) — value carried from the only donor(s) available, not a fitted MICE+RF+PMM prediction. Treat as low confidence.",45.0,Pluss Advanced Technologies,savE® OM46,1.0,,,,,,,,
Palmitic acid (C16),Literature,Tm_nucleation,62.0825,LOW (n<3 donors),"Insufficient data (fewer than 3 real values in the entire dataset) — value carried from the only donor(s) available, not a fitted MICE+RF+PMM prediction. Treat as low confidence.",45.0,Pluss Advanced Technologies,savE® OM46,1.0,,,,,,,,
PureTemp 63,PureTemp,Tm_nucleation,62.0486,LOW (n<3 donors),"Insufficient data (fewer than 3 real values in the entire dataset) — value carried from the only donor(s) available, not a fitted MICE+RF+PMM prediction. Treat as low confidence.",45.0,Pluss Advanced Technologies,savE® OM46,1.0,,,,,,,,
RT64HC,Rubitherm Technologies,Tm_nucleation,62.5,LOW (n<3 donors),"Insufficient data (fewer than 3 real values in the entire dataset) — value carried from the only donor(s) available, not a fitted MICE+RF+PMM prediction. Treat as low confidence.",45.0,Pluss Advanced Technologies,savE® OM46,1.0,,,,,,,,
n-Nonacosane (C29),Literature,Tm_nucleation,62.2561,LOW (n<3 donors),"Insufficient data (fewer than 3 real values in the entire dataset) — value carried from the only donor(s) available, not a fitted MICE+RF+PMM prediction. Treat as low confidence.",45.0,Pluss Advanced Technologies,savE® OM46,1.0,,,,,,,,
n-Triacontane (C30),Literature,Tm_nucleation,63.1326,LOW (n<3 donors),"Insufficient data (fewer than 3 real values in the entire dataset) — value carried from the only donor(s) available, not a fitted MICE+RF+PMM prediction. Treat as low confidence.",45.0,Pluss Advanced Technologies,savE® OM46,1.0,,,,,,,,
savE® OM65,Pluss Advanced Technologies,Tm_nucleation,66.0,LOW (n<3 donors),"Insufficient data (fewer than 3 real values in the entire dataset) — value carried from the only donor(s) available, not a fitted MICE+RF+PMM prediction. Treat as low confidence.",45.0,Pluss Advanced Technologies,savE® OM46,1.0,,,,,,,,
Stearic acid (C18),Literature,Tm_nucleation,68.2364,LOW (n<3 donors),"Insufficient data (fewer than 3 real values in the entire dataset) — value carried from the only donor(s) available, not a fitted MICE+RF+PMM prediction. Treat as low confidence.",45.0,Pluss Advanced Technologies,savE® OM46,1.0,,,,,,,,
PureTemp 68,PureTemp,Tm_nucleation,67.2958,LOW (n<3 donors),"Insufficient data (fewer than 3 real values in the entire dataset) — value carried from the only donor(s) available, not a fitted MICE+RF+PMM prediction. Treat as low confidence.",45.0,Pluss Advanced Technologies,savE® OM46,1.0,,,,,,,,
n-Hentriacontane (C31),Literature,Tm_nucleation,68.1792,LOW (n<3 donors),"Insufficient data (fewer than 3 real values in the entire dataset) — value carried from the only donor(s) available, not a fitted MICE+RF+PMM prediction. Treat as low confidence.",45.0,Pluss Advanced Technologies,savE® OM46,1.0,,,,,,,,
RT69HC,Rubitherm Technologies,Tm_nucleation,68.0,LOW (n<3 donors),"Insufficient data (fewer than 3 real values in the entire dataset) — value carried from the only donor(s) available, not a fitted MICE+RF+PMM prediction. Treat as low confidence.",45.0,Pluss Advanced Technologies,savE® OM46,1.0,,,,,,,,
n-Dotriacontane (C32),Literature,Tm_nucleation,67.8832,LOW (n<3 donors),"Insufficient data (fewer than 3 real values in the entire dataset) — value carried from the only donor(s) available, not a fitted MICE+RF+PMM prediction. Treat as low confidence.",45.0,Pluss Advanced Technologies,savE® OM46,1.0,,,,,,,,
RT70HC,Rubitherm Technologies,Tm_nucleation,70.0,LOW (n<3 donors),"Insufficient data (fewer than 3 real values in the entire dataset) — value carried from the only donor(s) available, not a fitted MICE+RF+PMM prediction. Treat as low confidence.",45.0,Pluss Advanced Technologies,savE® OM46,1.0,,,,,,,,
Paraffin/HDPE PCM3,Literature,latent_heat_melting,186.8886,Standard,MICE + Random Forest + PMM (weighted blend of real donor values),188.0,Pluss Advanced Technologies,savE® OM55,0.387,184.4,Literature,Lauric acid (C12),0.309,188.0,Pluss Advanced Technologies,savE® OM65,0.304
Paraffin/HDPE PCM6,Literature,latent_heat_melting,186.8886,Standard,MICE + Random Forest + PMM (weighted blend of real donor values),188.0,Pluss Advanced Technologies,savE® OM55,0.387,184.4,Literature,Lauric acid (C12),0.309,188.0,Pluss Advanced Technologies,savE® OM65,0.304
Paraffin/HDPE PCM2,Literature,latent_heat_melting,186.8865,Standard,MICE + Random Forest + PMM (weighted blend of real donor values),188.0,Pluss Advanced Technologies,savE® OM55,0.386,184.4,Literature,Lauric acid (C12),0.309,188.0,Pluss Advanced Technologies,savE® OM65,0.305
RT42,Rubitherm Technologies,latent_heat_freezing,186.9361,Standard,MICE + Random Forest + PMM (weighted blend of real donor values),182.0,Pluss Advanced Technologies,savE® OM46,0.513,194.0,Pluss Advanced Technologies,savE® OM55,0.259,190.0,Pluss Advanced Technologies,savE® OM42,0.228
RT44HC,Rubitherm Technologies,latent_heat_freezing,242.8566,Standard,MICE + Random Forest + PMM (weighted blend of real donor values),254.9,Literature,n-Tetracosane (C24),0.627,230.0,Pluss Advanced Technologies,savE® OM49,0.268,204.0,Pluss Advanced Technologies,savE® OM50,0.106
RT47,Rubitherm Technologies,latent_heat_freezing,174.9725,Standard,MICE + Random Forest + PMM (weighted blend of real donor values),175.6,Literature,Palmitic-stearic acid/Expanded graphite,0.444,172.0,Pluss Advanced Technologies,savE® OM48,0.418,182.0,Pluss Advanced Technologies,savE® OM46,0.137
n-Docosane (C22),Literature,latent_heat_freezing,244.9831,Standard,MICE + Random Forest + PMM (weighted blend of real donor values),254.9,Literature,n-Tetracosane (C24),0.684,230.0,Pluss Advanced Technologies,savE® OM49,0.238,204.0,Pluss Advanced Technologies,savE® OM50,0.079
Lauric acid (C12),Literature,latent_heat_freezing,195.6614,Standard,MICE + Random Forest + PMM (weighted blend of real donor values),196.0,Pluss Advanced Technologies,savE® OM65,0.921,190.0,Pluss Advanced Technologies,savE® OM42,0.045,194.0,Pluss Advanced Technologies,savE® OM55,0.034
RT45HC,Rubitherm Technologies,latent_heat_freezing,240.2489,Standard,MICE + Random Forest + PMM (weighted blend of real donor values),254.9,Literature,n-Tetracosane (C24),0.564,230.0,Pluss Advanced Technologies,savE® OM49,0.29,204.0,Pluss Advanced Technologies,savE® OM50,0.146
n-Tricosane (C23),Literature,latent_heat_freezing,240.7902,Standard,MICE + Random Forest + PMM (weighted blend of real donor values),230.0,Pluss Advanced Technologies,savE® OM49,0.48,254.9,Literature,n-Tetracosane (C24),0.478,204.0,Pluss Advanced Technologies,savE® OM50,0.042
RT50,Rubitherm Technologies,latent_heat_freezing,174.3503,Standard,MICE + Random Forest + PMM (weighted blend of real donor values),175.6,Literature,Palmitic-stearic acid/Expanded graphite,0.508,172.0,Pluss Advanced Technologies,savE® OM48,0.44,182.0,Pluss Advanced Technologies,savE® OM46,0.052
Paraffin/Expanded graphite (85.56% paraffin),Literature,latent_heat_freezing,174.5572,Standard,MICE + Random Forest + PMM (weighted blend of real donor values),175.6,Literature,Palmitic-stearic acid/Expanded graphite,0.48,172.0,Pluss Advanced Technologies,savE® OM48,0.437,182.0,Pluss Advanced Technologies,savE® OM46,0.083
Paraffin/HDPE PCM3,Literature,latent_heat_freezing,201.0703,Standard,MICE + Random Forest + PMM (weighted blend of real donor values),204.0,Pluss Advanced Technologies,savE® OM50,0.724,196.0,Pluss Advanced Technologies,savE® OM65,0.155,190.0,Pluss Advanced Technologies,savE® OM42,0.121
PlusICE A50,PCM Products Ltd.,latent_heat_freezing,201.887,Standard,MICE + Random Forest + PMM (weighted blend of real donor values),204.0,Pluss Advanced Technologies,savE® OM50,0.803,196.0,Pluss Advanced Technologies,savE® OM65,0.108,190.0,Pluss Advanced Technologies,savE® OM42,0.089
Paraffin/HDPE PCM6,Literature,latent_heat_freezing,201.0195,Standard,MICE + Random Forest + PMM (weighted blend of real donor values),204.0,Pluss Advanced Technologies,savE® OM50,0.72,196.0,Pluss Advanced Technologies,savE® OM65,0.158,190.0,Pluss Advanced Technologies,savE® OM42,0.123
Paraffin/HDPE PCM2,Literature,latent_heat_freezing,200.5009,Standard,MICE + Random Forest + PMM (weighted blend of real donor values),204.0,Pluss Advanced Technologies,savE® OM50,0.67,196.0,Pluss Advanced Technologies,savE® OM65,0.186,190.0,Pluss Advanced Technologies,savE® OM42,0.143
PlusICE A52,PCM Products Ltd.,latent_heat_freezing,222.453,Standard,MICE + Random Forest + PMM (weighted blend of real donor values),204.0,Pluss Advanced Technologies,savE® OM50,0.539,254.9,Literature,n-Tetracosane (C24),0.26,230.0,Pluss Advanced Technologies,savE® OM49,0.202
Paraffin/Expanded graphite (92% paraffin),Literature,latent_heat_freezing,167.4285,Standard,MICE + Random Forest + PMM (weighted blend of real donor values),172.0,Pluss Advanced Technologies,savE® OM48,0.371,175.6,Literature,Palmitic-stearic acid/Expanded graphite,0.366,149.66,Literature,Palmitic acid/Expanded graphite (80/20),0.264
Myristic acid (C14),Literature,latent_heat_freezing,202.2309,Standard,MICE + Random Forest + PMM (weighted blend of real donor values),204.0,Pluss Advanced Technologies,savE® OM50,0.835,196.0,Pluss Advanced Technologies,savE® OM65,0.09,190.0,Pluss Advanced Technologies,savE® OM42,0.075
PureTemp 53,PureTemp,latent_heat_freezing,202.0706,Standard,MICE + Random Forest + PMM (weighted blend of real donor values),204.0,Pluss Advanced Technologies,savE® OM50,0.82,196.0,Pluss Advanced Technologies,savE® OM65,0.098,190.0,Pluss Advanced Technologies,savE® OM42,0.082
RT54HC,Rubitherm Technologies,latent_heat_freezing,202.5896,Standard,MICE + Random Forest + PMM (weighted blend of real donor values),204.0,Pluss Advanced Technologies,savE® OM50,0.868,196.0,Pluss Advanced Technologies,savE® OM65,0.072,190.0,Pluss Advanced Technologies,savE® OM42,0.059
RT55,Rubitherm Technologies,latent_heat_freezing,182.791,Standard,MICE + Random Forest + PMM (weighted blend of real donor values),182.0,Pluss Advanced Technologies,savE® OM46,0.922,194.0,Pluss Advanced Technologies,savE® OM55,0.041,190.0,Pluss Advanced Technologies,savE® OM42,0.038
n-Pentacosane (C25),Literature,latent_heat_freezing,250.02,Standard,MICE + Random Forest + PMM (weighted blend of real donor values),254.9,Literature,n-Tetracosane (C24),0.837,230.0,Pluss Advanced Technologies,savE® OM49,0.132,204.0,Pluss Advanced Technologies,savE® OM50,0.031
RT57HC,Rubitherm Technologies,latent_heat_freezing,249.6086,Standard,MICE + Random Forest + PMM (weighted blend of real donor values),254.9,Literature,n-Tetracosane (C24),0.824,230.0,Pluss Advanced Technologies,savE® OM49,0.142,204.0,Pluss Advanced Technologies,savE® OM50,0.035
n-Hexacosane (C26),Literature,latent_heat_freezing,232.8905,Standard,MICE + Random Forest + PMM (weighted blend of real donor values),254.9,Literature,n-Tetracosane (C24),0.421,204.0,Pluss Advanced Technologies,savE® OM50,0.292,230.0,Pluss Advanced Technologies,savE® OM49,0.286
PlusICE A58,PCM Products Ltd.,latent_heat_freezing,232.4131,Standard,MICE + Random Forest + PMM (weighted blend of real donor values),254.9,Literature,n-Tetracosane (C24),0.413,204.0,Pluss Advanced Technologies,savE® OM50,0.303,230.0,Pluss Advanced Technologies,savE® OM49,0.284
PureTemp 58,PureTemp,latent_heat_freezing,210.2353,Standard,MICE + Random Forest + PMM (weighted blend of real donor values),204.0,Pluss Advanced Technologies,savE® OM50,0.705,196.0,Pluss Advanced Technologies,savE® OM65,0.149,254.9,Literature,n-Tetracosane (C24),0.146
RT60,Rubitherm Technologies,latent_heat_freezing,174.6921,Standard,MICE + Random Forest + PMM (weighted blend of real donor values),172.0,Pluss Advanced Technologies,savE® OM48,0.453,175.6,Literature,Palmitic-stearic acid/Expanded graphite,0.434,182.0,Pluss Advanced Technologies,savE® OM46,0.113
n-Heptacosane (C27),Literature,latent_heat_freezing,241.2055,Standard,MICE + Random Forest + PMM (weighted blend of real donor values),254.9,Literature,n-Tetracosane (C24),0.586,230.0,Pluss Advanced Technologies,savE® OM49,0.284,204.0,Pluss Advanced Technologies,savE® OM50,0.13
CrodaTherm 60,CrodaTherm,latent_heat_freezing,241.9531,Standard,MICE + Random Forest + PMM (weighted blend of real donor values),254.9,Literature,n-Tetracosane (C24),0.604,230.0,Pluss Advanced Technologies,savE® OM49,0.277,204.0,Pluss Advanced Technologies,savE® OM50,0.119
PureTemp 60,PureTemp,latent_heat_freezing,202.4071,Standard,MICE + Random Forest + PMM (weighted blend of real donor values),204.0,Pluss Advanced Technologies,savE® OM50,0.851,196.0,Pluss Advanced Technologies,savE® OM65,0.081,190.0,Pluss Advanced Technologies,savE® OM42,0.067
RT65,Rubitherm Technologies,latent_heat_freezing,168.319,Standard,MICE + Random Forest + PMM (weighted blend of real donor values),172.0,Pluss Advanced Technologies,savE® OM48,0.39,175.6,Literature,Palmitic-stearic acid/Expanded graphite,0.384,149.66,Literature,Palmitic acid/Expanded graphite (80/20),0.227
n-Octacosane (C28),Literature,latent_heat_freezing,244.3138,Standard,MICE + Random Forest + PMM (weighted blend of real donor values),254.9,Literature,n-Tetracosane (C24),0.665,230.0,Pluss Advanced Technologies,savE® OM49,0.248,204.0,Pluss Advanced Technologies,savE® OM50,0.087
PlusICE A62,PCM Products Ltd.,latent_heat_freezing,224.286,Standard,MICE + Random Forest + PMM (weighted blend of real donor values),204.0,Pluss Advanced Technologies,savE® OM50,0.494,254.9,Literature,n-Tetracosane (C24),0.287,230.0,Pluss Advanced Technologies,savE® OM49,0.219
RT62HC,Rubitherm Technologies,latent_heat_freezing,248.7229,Standard,MICE + Random Forest + PMM (weighted blend of real donor values),254.9,Literature,n-Tetracosane (C24),0.796,230.0,Pluss Advanced Technologies,savE® OM49,0.163,204.0,Pluss Advanced Technologies,savE® OM50,0.042
Palmitic acid (C16),Literature,latent_heat_freezing,202.8311,Standard,MICE + Random Forest + PMM (weighted blend of real donor values),204.0,Pluss Advanced Technologies,savE® OM50,0.891,196.0,Pluss Advanced Technologies,savE® OM65,0.06,190.0,Pluss Advanced Technologies,savE® OM42,0.049
PureTemp 63,PureTemp,latent_heat_freezing,202.4347,Standard,MICE + Random Forest + PMM (weighted blend of real donor values),204.0,Pluss Advanced Technologies,savE® OM50,0.854,196.0,Pluss Advanced Technologies,savE® OM65,0.08,190.0,Pluss Advanced Technologies,savE® OM42,0.066
RT64HC,Rubitherm Technologies,latent_heat_freezing,239.109,Standard,MICE + Random Forest + PMM (weighted blend of real donor values),254.9,Literature,n-Tetracosane (C24),0.539,230.0,Pluss Advanced Technologies,savE® OM49,0.295,204.0,Pluss Advanced Technologies,savE® OM50,0.166
n-Nonacosane (C29),Literature,latent_heat_freezing,244.3441,Standard,MICE + Random Forest + PMM (weighted blend of real donor values),254.9,Literature,n-Tetracosane (C24),0.666,230.0,Pluss Advanced Technologies,savE® OM49,0.248,204.0,Pluss Advanced Technologies,savE® OM50,0.086
n-Triacontane (C30),Literature,latent_heat_freezing,244.3138,Standard,MICE + Random Forest + PMM (weighted blend of real donor values),254.9,Literature,n-Tetracosane (C24),0.665,230.0,Pluss Advanced Technologies,savE® OM49,0.248,204.0,Pluss Advanced Technologies,savE® OM50,0.087
Stearic acid (C18),Literature,latent_heat_freezing,229.9387,Standard,MICE + Random Forest + PMM (weighted blend of real donor values),254.9,Literature,n-Tetracosane (C24),0.373,204.0,Pluss Advanced Technologies,savE® OM50,0.36,230.0,Pluss Advanced Technologies,savE® OM49,0.267
PureTemp 68,PureTemp,latent_heat_freezing,244.3441,Standard,MICE + Random Forest + PMM (weighted blend of real donor values),254.9,Literature,n-Tetracosane (C24),0.666,230.0,Pluss Advanced Technologies,savE® OM49,0.248,204.0,Pluss Advanced Technologies,savE® OM50,0.086
n-Hentriacontane (C31),Literature,latent_heat_freezing,229.9387,Standard,MICE + Random Forest + PMM (weighted blend of real donor values),254.9,Literature,n-Tetracosane (C24),0.373,204.0,Pluss Advanced Technologies,savE® OM50,0.36,230.0,Pluss Advanced Technologies,savE® OM49,0.267
RT69HC,Rubitherm Technologies,latent_heat_freezing,246.5293,Standard,MICE + Random Forest + PMM (weighted blend of real donor values),254.9,Literature,n-Tetracosane (C24),0.728,230.0,Pluss Advanced Technologies,savE® OM49,0.21,204.0,Pluss Advanced Technologies,savE® OM50,0.062
n-Dotriacontane (C32),Literature,latent_heat_freezing,164.5108,Standard,MICE + Random Forest + PMM (weighted blend of real donor values),149.66,Literature,Palmitic acid/Expanded graphite (80/20),0.385,172.0,Pluss Advanced Technologies,savE® OM48,0.309,175.6,Literature,Palmitic-stearic acid/Expanded graphite,0.306
RT70HC,Rubitherm Technologies,latent_heat_freezing,238.8173,Standard,MICE + Random Forest + PMM (weighted blend of real donor values),254.9,Literature,n-Tetracosane (C24),0.533,230.0,Pluss Advanced Technologies,savE® OM49,0.296,204.0,Pluss Advanced Technologies,savE® OM50,0.171
savE® OM42,Pluss Advanced Technologies,heat_storage_Wh_kg,47.7645,Standard,MICE + Random Forest + PMM (weighted blend of real donor values),48.0,Rubitherm Technologies,RT42,0.569,48.0,Rubitherm Technologies,RT55,0.313,46.0,Rubitherm Technologies,RT50,0.118
n-Docosane (C22),Literature,heat_storage_Wh_kg,67.1083,Standard,MICE + Random Forest + PMM (weighted blend of real donor values),67.0,Rubitherm Technologies,RT57HC,0.351,70.0,Rubitherm Technologies,RT44HC,0.343,64.0,Rubitherm Technologies,RT45HC,0.306
Lauric acid (C12),Literature,heat_storage_Wh_kg,47.9153,Standard,MICE + Random Forest + PMM (weighted blend of real donor values),48.0,Rubitherm Technologies,RT42,0.701,48.0,Rubitherm Technologies,RT55,0.256,46.0,Rubitherm Technologies,RT50,0.042
savE® OM46,Pluss Advanced Technologies,heat_storage_Wh_kg,47.9172,Standard,MICE + Random Forest + PMM (weighted blend of real donor values),48.0,Rubitherm Technologies,RT55,0.752,48.0,Rubitherm Technologies,RT42,0.207,46.0,Rubitherm Technologies,RT50,0.041
n-Tricosane (C23),Literature,heat_storage_Wh_kg,64.0,Standard,MICE + Random Forest + PMM (weighted blend of real donor values),64.0,Rubitherm Technologies,RT62HC,0.406,64.0,Rubitherm Technologies,RT69HC,0.299,64.0,Rubitherm Technologies,RT45HC,0.295
Paraffin/Expanded graphite (85.56% paraffin),Literature,heat_storage_Wh_kg,46.0,Standard,MICE + Random Forest + PMM (weighted blend of real donor values),46.0,Rubitherm Technologies,RT50,0.385,46.0,Rubitherm Technologies,RT47,0.326,46.0,Rubitherm Technologies,RT60,0.289
savE® OM49,Pluss Advanced Technologies,heat_storage_Wh_kg,64.0,Standard,MICE + Random Forest + PMM (weighted blend of real donor values),64.0,Rubitherm Technologies,RT69HC,0.409,64.0,Rubitherm Technologies,RT45HC,0.356,64.0,Rubitherm Technologies,RT62HC,0.235
Paraffin/HDPE PCM3,Literature,heat_storage_Wh_kg,47.8303,Standard,MICE + Random Forest + PMM (weighted blend of real donor values),48.0,Rubitherm Technologies,RT42,0.647,48.0,Rubitherm Technologies,RT55,0.269,46.0,Rubitherm Technologies,RT50,0.085
PlusICE A50,PCM Products Ltd.,heat_storage_Wh_kg,55.9615,Standard,MICE + Random Forest + PMM (weighted blend of real donor values),56.0,Rubitherm Technologies,RT54HC,0.995,48.0,Rubitherm Technologies,RT42,0.003,48.0,Rubitherm Technologies,RT55,0.002
savE® OM50,Pluss Advanced Technologies,heat_storage_Wh_kg,47.7443,Standard,MICE + Random Forest + PMM (weighted blend of real donor values),48.0,Rubitherm Technologies,RT42,0.549,48.0,Rubitherm Technologies,RT55,0.323,46.0,Rubitherm Technologies,RT50,0.128
Paraffin/HDPE PCM6,Literature,heat_storage_Wh_kg,47.8303,Standard,MICE + Random Forest + PMM (weighted blend of real donor values),48.0,Rubitherm Technologies,RT42,0.647,48.0,Rubitherm Technologies,RT55,0.269,46.0,Rubitherm Technologies,RT50,0.085
Paraffin/HDPE PCM2,Literature,heat_storage_Wh_kg,47.8303,Standard,MICE + Random Forest + PMM (weighted blend of real donor values),48.0,Rubitherm Technologies,RT42,0.647,48.0,Rubitherm Technologies,RT55,0.269,46.0,Rubitherm Technologies,RT50,0.085
savE® OM48,Pluss Advanced Technologies,heat_storage_Wh_kg,46.0,Standard,MICE + Random Forest + PMM (weighted blend of real donor values),46.0,Rubitherm Technologies,RT50,0.356,46.0,Rubitherm Technologies,RT47,0.331,46.0,Rubitherm Technologies,RT60,0.313
PlusICE A52,PCM Products Ltd.,heat_storage_Wh_kg,64.0,Standard,MICE + Random Forest + PMM (weighted blend of real donor values),64.0,Rubitherm Technologies,RT62HC,0.365,64.0,Rubitherm Technologies,RT69HC,0.318,64.0,Rubitherm Technologies,RT45HC,0.316
n-Tetracosane (C24),Literature,heat_storage_Wh_kg,67.053,Standard,MICE + Random Forest + PMM (weighted blend of real donor values),67.0,Rubitherm Technologies,RT57HC,0.359,70.0,Rubitherm Technologies,RT44HC,0.33,64.0,Rubitherm Technologies,RT45HC,0.312
Paraffin/Expanded graphite (92% paraffin),Literature,heat_storage_Wh_kg,47.5642,Standard,MICE + Random Forest + PMM (weighted blend of real donor values),48.0,Rubitherm Technologies,RT55,0.513,48.0,Rubitherm Technologies,RT42,0.269,46.0,Rubitherm Technologies,RT50,0.218
Myristic acid (C14),Literature,heat_storage_Wh_kg,54.7023,Standard,MICE + Random Forest + PMM (weighted blend of real donor values),56.0,Rubitherm Technologies,RT54HC,0.838,48.0,Rubitherm Technologies,RT42,0.085,48.0,Rubitherm Technologies,RT55,0.078
PureTemp 53,PureTemp,heat_storage_Wh_kg,52.2698,Standard,MICE + Random Forest + PMM (weighted blend of real donor values),56.0,Rubitherm Technologies,RT54HC,0.534,48.0,Rubitherm Technologies,RT42,0.246,48.0,Rubitherm Technologies,RT55,0.22
n-Pentacosane (C25),Literature,heat_storage_Wh_kg,64.0,Standard,MICE + Random Forest + PMM (weighted blend of real donor values),64.0,Rubitherm Technologies,RT62HC,0.412,64.0,Rubitherm Technologies,RT69HC,0.296,64.0,Rubitherm Technologies,RT45HC,0.292
Myristic acid/NBR-1.0,Literature,heat_storage_Wh_kg,46.0,Standard,MICE + Random Forest + PMM (weighted blend of real donor values),46.0,Rubitherm Technologies,RT47,0.588,46.0,Rubitherm Technologies,RT50,0.255,46.0,Rubitherm Technologies,RT60,0.157
Myristic acid/NBR-0.5,Literature,heat_storage_Wh_kg,46.0,Standard,MICE + Random Forest + PMM (weighted blend of real donor values),46.0,Rubitherm Technologies,RT47,0.588,46.0,Rubitherm Technologies,RT50,0.255,46.0,Rubitherm Technologies,RT60,0.157
savE® OM55,Pluss Advanced Technologies,heat_storage_Wh_kg,47.8574,Standard,MICE + Random Forest + PMM (weighted blend of real donor values),48.0,Rubitherm Technologies,RT42,0.687,48.0,Rubitherm Technologies,RT55,0.242,46.0,Rubitherm Technologies,RT50,0.071
Palmitic-stearic acid/Expanded graphite,Literature,heat_storage_Wh_kg,47.5012,Standard,MICE + Random Forest + PMM (weighted blend of real donor values),48.0,Rubitherm Technologies,RT55,0.482,48.0,Rubitherm Technologies,RT42,0.269,46.0,Rubitherm Technologies,RT50,0.249
n-Hexacosane (C26),Literature,heat_storage_Wh_kg,70.6497,Standard,MICE + Random Forest + PMM (weighted blend of real donor values),70.0,Rubitherm Technologies,RT64HC,0.45,72.0,Rubitherm Technologies,RT70HC,0.325,70.0,Rubitherm Technologies,RT44HC,0.225
PlusICE A58,PCM Products Ltd.,heat_storage_Wh_kg,64.0,Standard,MICE + Random Forest + PMM (weighted blend of real donor values),64.0,Rubitherm Technologies,RT62HC,0.366,64.0,Rubitherm Technologies,RT69HC,0.318,64.0,Rubitherm Technologies,RT45HC,0.316
PureTemp 58,PureTemp,heat_storage_Wh_kg,54.096,Standard,MICE + Random Forest + PMM (weighted blend of real donor values),56.0,Rubitherm Technologies,RT54HC,0.762,48.0,Rubitherm Technologies,RT42,0.124,48.0,Rubitherm Technologies,RT55,0.114
n-Heptacosane (C27),Literature,heat_storage_Wh_kg,67.1109,Standard,MICE + Random Forest + PMM (weighted blend of real donor values),67.0,Rubitherm Technologies,RT57HC,0.351,70.0,Rubitherm Technologies,RT44HC,0.343,64.0,Rubitherm Technologies,RT45HC,0.306
CrodaTherm 60,CrodaTherm,heat_storage_Wh_kg,64.0,Standard,MICE + Random Forest + PMM (weighted blend of real donor values),64.0,Rubitherm Technologies,RT62HC,0.42,64.0,Rubitherm Technologies,RT69HC,0.292,64.0,Rubitherm Technologies,RT45HC,0.288
Palmitic acid/Expanded graphite (80/20),Literature,heat_storage_Wh_kg,46.0,Standard,MICE + Random Forest + PMM (weighted blend of real donor values),46.0,Rubitherm Technologies,RT60,0.965,46.0,Rubitherm Technologies,RT47,0.024,46.0,Rubitherm Technologies,RT50,0.011
PureTemp 60,PureTemp,heat_storage_Wh_kg,52.2878,Standard,MICE + Random Forest + PMM (weighted blend of real donor values),56.0,Rubitherm Technologies,RT54HC,0.536,48.0,Rubitherm Technologies,RT42,0.245,48.0,Rubitherm Technologies,RT55,0.219
n-Octacosane (C28),Literature,heat_storage_Wh_kg,67.6472,Standard,MICE + Random Forest + PMM (weighted blend of real donor values),70.0,Rubitherm Technologies,RT44HC,0.468,67.0,Rubitherm Technologies,RT57HC,0.281,64.0,Rubitherm Technologies,RT45HC,0.252
PlusICE A62,PCM Products Ltd.,heat_storage_Wh_kg,59.9026,Standard,MICE + Random Forest + PMM (weighted blend of real donor values),56.0,Rubitherm Technologies,RT54HC,0.512,64.0,Rubitherm Technologies,RT62HC,0.255,64.0,Rubitherm Technologies,RT69HC,0.233
Palmitic acid (C16),Literature,heat_storage_Wh_kg,50.7027,Standard,MICE + Random Forest + PMM (weighted blend of real donor values),48.0,Rubitherm Technologies,RT42,0.357,56.0,Rubitherm Technologies,RT54HC,0.338,48.0,Rubitherm Technologies,RT55,0.305
PureTemp 63,PureTemp,heat_storage_Wh_kg,51.741,Standard,MICE + Random Forest + PMM (weighted blend of real donor values),56.0,Rubitherm Technologies,RT54HC,0.468,48.0,Rubitherm Technologies,RT42,0.283,48.0,Rubitherm Technologies,RT55,0.25
n-Nonacosane (C29),Literature,heat_storage_Wh_kg,67.8138,Standard,MICE + Random Forest + PMM (weighted blend of real donor values),70.0,Rubitherm Technologies,RT44HC,0.506,67.0,Rubitherm Technologies,RT57HC,0.26,64.0,Rubitherm Technologies,RT45HC,0.234
n-Triacontane (C30),Literature,heat_storage_Wh_kg,67.8507,Standard,MICE + Random Forest + PMM (weighted blend of real donor values),70.0,Rubitherm Technologies,RT44HC,0.514,67.0,Rubitherm Technologies,RT57HC,0.255,64.0,Rubitherm Technologies,RT45HC,0.231
savE® OM65,Pluss Advanced Technologies,heat_storage_Wh_kg,47.8304,Standard,MICE + Random Forest + PMM (weighted blend of real donor values),48.0,Rubitherm Technologies,RT42,0.647,48.0,Rubitherm Technologies,RT55,0.268,46.0,Rubitherm Technologies,RT50,0.085
Stearic acid (C18),Literature,heat_storage_Wh_kg,64.0,Standard,MICE + Random Forest + PMM (weighted blend of real donor values),64.0,Rubitherm Technologies,RT62HC,0.365,64.0,Rubitherm Technologies,RT69HC,0.319,64.0,Rubitherm Technologies,RT45HC,0.317
PureTemp 68,PureTemp,heat_storage_Wh_kg,64.0,Standard,MICE + Random Forest + PMM (weighted blend of real donor values),64.0,Rubitherm Technologies,RT62HC,0.576,64.0,Rubitherm Technologies,RT69HC,0.216,64.0,Rubitherm Technologies,RT45HC,0.209
n-Hentriacontane (C31),Literature,heat_storage_Wh_kg,64.0,Standard,MICE + Random Forest + PMM (weighted blend of real donor values),64.0,Rubitherm Technologies,RT62HC,0.379,64.0,Rubitherm Technologies,RT69HC,0.312,64.0,Rubitherm Technologies,RT45HC,0.309
n-Dotriacontane (C32),Literature,heat_storage_Wh_kg,46.6877,Standard,MICE + Random Forest + PMM (weighted blend of real donor values),48.0,Rubitherm Technologies,RT55,0.344,46.0,Rubitherm Technologies,RT50,0.335,46.0,Rubitherm Technologies,RT47,0.321
n-Tricosane (C23),Literature,density_liquid,780.4316,Standard,MICE + Random Forest + PMM (weighted blend of real donor values),780.0,Pluss Advanced Technologies,savE® OM49,0.907,780.0,Rubitherm Technologies,RT64HC,0.071,800.0,Rubitherm Technologies,RT54HC,0.022
Paraffin/Expanded graphite (85.56% paraffin),Literature,density_liquid,869.0601,Standard,MICE + Random Forest + PMM (weighted blend of real donor values),875.0,Pluss Advanced Technologies,savE® OM48,0.516,861.0,Literature,Myristic acid (C14),0.44,880.0,Pluss Advanced Technologies,savE® OM46,0.044
Paraffin/HDPE PCM3,Literature,density_liquid,850.9844,Standard,MICE + Random Forest + PMM (weighted blend of real donor values),840.0,Rubitherm Technologies,RT69HC,0.509,859.0,Pluss Advanced Technologies,savE® OM50,0.341,870.0,PureTemp,PureTemp 60,0.15
Paraffin/HDPE PCM6,Literature,density_liquid,851.356,Standard,MICE + Random Forest + PMM (weighted blend of real donor values),840.0,Rubitherm Technologies,RT69HC,0.491,859.0,Pluss Advanced Technologies,savE® OM50,0.355,870.0,PureTemp,PureTemp 60,0.154
Paraffin/HDPE PCM2,Literature,density_liquid,846.2931,Standard,MICE + Random Forest + PMM (weighted blend of real donor values),840.0,Rubitherm Technologies,RT69HC,0.754,859.0,Pluss Advanced Technologies,savE® OM50,0.145,875.0,Pluss Advanced Technologies,savE® OM48,0.101
Paraffin/Expanded graphite (92% paraffin),Literature,density_liquid,790.7857,Standard,MICE + Random Forest + PMM (weighted blend of real donor values),800.0,Rubitherm Technologies,RT54HC,0.376,790.0,Literature,n-Nonacosane (C29),0.326,780.0,Rubitherm Technologies,RT64HC,0.298
Myristic acid/NBR-1.0,Literature,density_liquid,778.1836,Standard,MICE + Random Forest + PMM (weighted blend of real donor values),780.0,Pluss Advanced Technologies,savE® OM49,0.504,780.0,Rubitherm Technologies,RT64HC,0.314,770.0,Rubitherm Technologies,RT70HC,0.182
Myristic acid/NBR-0.5,Literature,density_liquid,778.3975,Standard,MICE + Random Forest + PMM (weighted blend of real donor values),780.0,Pluss Advanced Technologies,savE® OM49,0.527,780.0,Rubitherm Technologies,RT64HC,0.313,770.0,Rubitherm Technologies,RT70HC,0.16
Palmitic-stearic acid/Expanded graphite,Literature,density_liquid,777.4758,Standard,MICE + Random Forest + PMM (weighted blend of real donor values),780.0,Pluss Advanced Technologies,savE® OM49,0.441,780.0,Rubitherm Technologies,RT64HC,0.307,770.0,Rubitherm Technologies,RT70HC,0.252
Palmitic acid/Expanded graphite (80/20),Literature,density_liquid,777.5088,Standard,MICE + Random Forest + PMM (weighted blend of real donor values),780.0,Pluss Advanced Technologies,savE® OM49,0.444,780.0,Rubitherm Technologies,RT64HC,0.307,770.0,Rubitherm Technologies,RT70HC,0.249
Palmitic acid (C16),Literature,density_liquid,859.6701,Standard,MICE + Random Forest + PMM (weighted blend of real donor values),875.0,Pluss Advanced Technologies,savE® OM48,0.353,861.0,Literature,Myristic acid (C14),0.349,840.0,Rubitherm Technologies,RT69HC,0.298
n-Triacontane (C30),Literature,density_liquid,939.6657,Standard,MICE + Random Forest + PMM (weighted blend of real donor values),941.0,Literature,Stearic acid (C18),0.938,910.0,Literature,n-Octacosane (C28),0.033,930.0,Literature,n-Hentriacontane (C31),0.03
PureTemp 68,PureTemp,density_liquid,796.8087,Standard,MICE + Random Forest + PMM (weighted blend of real donor values),790.0,Literature,n-Nonacosane (C29),0.479,800.0,Rubitherm Technologies,RT54HC,0.361,810.0,PureTemp,PureTemp 58,0.16
n-Dotriacontane (C32),Literature,density_liquid,776.8103,Standard,MICE + Random Forest + PMM (weighted blend of real donor values),780.0,Pluss Advanced Technologies,savE® OM49,0.392,770.0,Rubitherm Technologies,RT70HC,0.319,780.0,Rubitherm Technologies,RT64HC,0.289
Lauric acid (C12),Literature,density_solid,960.2834,Standard,MICE + Random Forest + PMM (weighted blend of real donor values),960.0,PureTemp,PureTemp 60,0.525,961.0,Pluss Advanced Technologies,savE® OM50,0.283,960.0,Pluss Advanced Technologies,savE® OM48,0.191
n-Tricosane (C23),Literature,density_solid,796.7969,Standard,MICE + Random Forest + PMM (weighted blend of real donor values),799.0,Literature,n-Tetracosane (C24),0.662,801.0,Literature,n-Pentacosane (C25),0.245,770.0,Literature,n-Hexacosane (C26),0.093
Paraffin/Expanded graphite (85.56% paraffin),Literature,density_solid,936.927,Standard,MICE + Random Forest + PMM (weighted blend of real donor values),930.0,Literature,n-Hentriacontane (C31),0.471,960.0,Pluss Advanced Technologies,savE® OM48,0.281,924.0,Pluss Advanced Technologies,savE® OM65,0.248
Paraffin/HDPE PCM3,Literature,density_solid,952.4866,Standard,MICE + Random Forest + PMM (weighted blend of real donor values),960.0,Pluss Advanced Technologies,savE® OM48,0.492,960.0,PureTemp,PureTemp 60,0.257,930.0,Literature,n-Hentriacontane (C31),0.25
Paraffin/HDPE PCM6,Literature,density_solid,952.5179,Standard,MICE + Random Forest + PMM (weighted blend of real donor values),960.0,Pluss Advanced Technologies,savE® OM48,0.473,960.0,PureTemp,PureTemp 60,0.278,930.0,Literature,n-Hentriacontane (C31),0.249
Paraffin/HDPE PCM2,Literature,density_solid,954.4207,Standard,MICE + Random Forest + PMM (weighted blend of real donor values),960.0,PureTemp,PureTemp 60,0.534,960.0,Pluss Advanced Technologies,savE® OM48,0.28,930.0,Literature,n-Hentriacontane (C31),0.186
Paraffin/Expanded graphite (92% paraffin),Literature,density_solid,870.5582,Standard,MICE + Random Forest + PMM (weighted blend of real donor values),880.0,Rubitherm Technologies,RT45HC,0.647,850.0,Rubitherm Technologies,RT54HC,0.315,880.0,Rubitherm Technologies,RT70HC,0.039
Myristic acid/NBR-1.0,Literature,density_solid,860.4974,Standard,MICE + Random Forest + PMM (weighted blend of real donor values),850.0,Rubitherm Technologies,RT54HC,0.65,880.0,Rubitherm Technologies,RT45HC,0.279,880.0,Rubitherm Technologies,RT70HC,0.071
Myristic acid/NBR-0.5,Literature,density_solid,865.0673,Standard,MICE + Random Forest + PMM (weighted blend of real donor values),850.0,Rubitherm Technologies,RT54HC,0.498,880.0,Rubitherm Technologies,RT45HC,0.357,880.0,Rubitherm Technologies,RT70HC,0.145
Palmitic-stearic acid/Expanded graphite,Literature,density_solid,855.9658,Standard,MICE + Random Forest + PMM (weighted blend of real donor values),850.0,Rubitherm Technologies,RT54HC,0.801,880.0,Rubitherm Technologies,RT45HC,0.166,880.0,Rubitherm Technologies,RT70HC,0.033
Palmitic acid/Expanded graphite (80/20),Literature,density_solid,859.8333,Standard,MICE + Random Forest + PMM (weighted blend of real donor values),850.0,Rubitherm Technologies,RT54HC,0.672,880.0,Rubitherm Technologies,RT45HC,0.264,880.0,Rubitherm Technologies,RT70HC,0.064
n-Triacontane (C30),Literature,density_solid,910.0,Standard,MICE + Random Forest + PMM (weighted blend of real donor values),910.0,PCM Products Ltd.,PlusICE A58,0.614,910.0,PCM Products Ltd.,PlusICE A62,0.2,910.0,Literature,n-Octacosane (C28),0.186
PureTemp 68,PureTemp,density_solid,811.0244,Standard,MICE + Random Forest + PMM (weighted blend of real donor values),816.0,Pluss Advanced Technologies,savE® OM49,0.55,810.0,PCM Products Ltd.,PlusICE A52,0.337,790.0,Literature,n-Nonacosane (C29),0.114
n-Dotriacontane (C32),Literature,density_solid,847.7868,Standard,MICE + Random Forest + PMM (weighted blend of real donor values),850.0,Rubitherm Technologies,RT54HC,0.397,880.0,Rubitherm Technologies,RT45HC,0.349,800.0,Rubitherm Technologies,RT44HC,0.254
n-Docosane (C22),Literature,Cp_liquid,2.06,Standard,MICE + Random Forest + PMM (weighted blend of real donor values),2.04,Literature,Myristic acid (C14),0.759,2.16,PureTemp,PureTemp 63,0.186,2.0,Rubitherm Technologies,RT64HC,0.056
n-Tricosane (C23),Literature,Cp_liquid,2.3921,Standard,MICE + Random Forest + PMM (weighted blend of real donor values),2.4,Pluss Advanced Technologies,savE® OM49,0.678,2.38,PureTemp,PureTemp 60,0.273,2.35,Pluss Advanced Technologies,savE® OM48,0.049
Paraffin/Expanded graphite (85.56% paraffin),Literature,Cp_liquid,2.0136,Standard,MICE + Random Forest + PMM (weighted blend of real donor values),2.04,Literature,Myristic acid (C14),0.341,2.0,Rubitherm Technologies,RT64HC,0.33,2.0,Rubitherm Technologies,RT69HC,0.329
Paraffin/HDPE PCM3,Literature,Cp_liquid,2.1911,Standard,MICE + Random Forest + PMM (weighted blend of real donor values),2.15,PCM Products Ltd.,PlusICE A52,0.473,2.3,CrodaTherm,CrodaTherm 60,0.274,2.15,PCM Products Ltd.,PlusICE A50,0.253
Paraffin/HDPE PCM6,Literature,Cp_liquid,2.1911,Standard,MICE + Random Forest + PMM (weighted blend of real donor values),2.15,PCM Products Ltd.,PlusICE A52,0.473,2.3,CrodaTherm,CrodaTherm 60,0.274,2.15,PCM Products Ltd.,PlusICE A50,0.253
Paraffin/HDPE PCM2,Literature,Cp_liquid,2.062,Standard,MICE + Random Forest + PMM (weighted blend of real donor values),2.04,Literature,Myristic acid (C14),0.729,2.16,PureTemp,PureTemp 63,0.205,2.0,Rubitherm Technologies,RT64HC,0.066
n-Tetracosane (C24),Literature,Cp_liquid,2.3915,Standard,MICE + Random Forest + PMM (weighted blend of real donor values),2.4,Pluss Advanced Technologies,savE® OM49,0.659,2.38,PureTemp,PureTemp 60,0.287,2.35,Pluss Advanced Technologies,savE® OM48,0.055
Paraffin/Expanded graphite (92% paraffin),Literature,Cp_liquid,2.7701,Standard,MICE + Random Forest + PMM (weighted blend of real donor values),2.76,Pluss Advanced Technologies,savE® OM55,0.494,2.78,Pluss Advanced Technologies,savE® OM42,0.484,2.78,Pluss Advanced Technologies,savE® OM50,0.023
n-Pentacosane (C25),Literature,Cp_liquid,2.3915,Standard,MICE + Random Forest + PMM (weighted blend of real donor values),2.4,Pluss Advanced Technologies,savE® OM49,0.657,2.38,PureTemp,PureTemp 60,0.287,2.35,Pluss Advanced Technologies,savE® OM48,0.055
Myristic acid/NBR-1.0,Literature,Cp_liquid,2.7704,Standard,MICE + Random Forest + PMM (weighted blend of real donor values),2.78,Pluss Advanced Technologies,savE® OM42,0.486,2.76,Pluss Advanced Technologies,savE® OM55,0.479,2.78,Pluss Advanced Technologies,savE® OM50,0.034
Myristic acid/NBR-0.5,Literature,Cp_liquid,2.7741,Standard,MICE + Random Forest + PMM (weighted blend of real donor values),2.78,Pluss Advanced Technologies,savE® OM50,0.407,2.78,Pluss Advanced Technologies,savE® OM42,0.297,2.76,Pluss Advanced Technologies,savE® OM55,0.296
Palmitic-stearic acid/Expanded graphite,Literature,Cp_liquid,2.8282,Standard,MICE + Random Forest + PMM (weighted blend of real donor values),2.78,Pluss Advanced Technologies,savE® OM50,0.839,3.32,Pluss Advanced Technologies,savE® OM65,0.089,2.78,Pluss Advanced Technologies,savE® OM42,0.072
n-Hexacosane (C26),Literature,Cp_liquid,2.3821,Standard,MICE + Random Forest + PMM (weighted blend of real donor values),2.38,PureTemp,PureTemp 60,0.431,2.4,Pluss Advanced Technologies,savE® OM49,0.384,2.35,Pluss Advanced Technologies,savE® OM48,0.185
n-Heptacosane (C27),Literature,Cp_liquid,2.3822,Standard,MICE + Random Forest + PMM (weighted blend of real donor values),2.38,PureTemp,PureTemp 60,0.432,2.4,Pluss Advanced Technologies,savE® OM49,0.385,2.35,Pluss Advanced Technologies,savE® OM48,0.183
Palmitic acid/Expanded graphite (80/20),Literature,Cp_liquid,2.7774,Standard,MICE + Random Forest + PMM (weighted blend of real donor values),2.78,Pluss Advanced Technologies,savE® OM50,0.736,2.78,Pluss Advanced Technologies,savE® OM42,0.132,2.76,Pluss Advanced Technologies,savE® OM55,0.132
n-Octacosane (C28),Literature,Cp_liquid,2.3849,Standard,MICE + Random Forest + PMM (weighted blend of real donor values),2.38,PureTemp,PureTemp 60,0.584,2.4,Pluss Advanced Technologies,savE® OM49,0.347,2.35,Pluss Advanced Technologies,savE® OM48,0.069
Palmitic acid (C16),Literature,Cp_liquid,2.1465,Standard,MICE + Random Forest + PMM (weighted blend of real donor values),2.16,PureTemp,PureTemp 63,0.854,2.04,Literature,Myristic acid (C14),0.11,2.15,PCM Products Ltd.,PlusICE A52,0.037
n-Nonacosane (C29),Literature,Cp_liquid,2.1268,Standard,MICE + Random Forest + PMM (weighted blend of real donor values),2.16,PureTemp,PureTemp 63,0.557,2.04,Literature,Myristic acid (C14),0.261,2.15,PCM Products Ltd.,PlusICE A52,0.182
n-Triacontane (C30),Literature,Cp_liquid,2.3841,Standard,MICE + Random Forest + PMM (weighted blend of real donor values),2.38,PureTemp,PureTemp 60,0.71,2.4,Pluss Advanced Technologies,savE® OM49,0.255,2.35,Pluss Advanced Technologies,savE® OM48,0.034
PureTemp 68,PureTemp,Cp_liquid,2.386,Standard,MICE + Random Forest + PMM (weighted blend of real donor values),2.4,Pluss Advanced Technologies,savE® OM49,0.51,2.38,PureTemp,PureTemp 60,0.349,2.35,Pluss Advanced Technologies,savE® OM48,0.141
n-Hentriacontane (C31),Literature,Cp_liquid,2.3187,Standard,MICE + Random Forest + PMM (weighted blend of real donor values),2.35,Literature,Stearic acid (C18),0.504,2.35,Pluss Advanced Technologies,savE® OM48,0.255,2.22,PCM Products Ltd.,PlusICE A58,0.241
n-Dotriacontane (C32),Literature,Cp_liquid,2.8095,Standard,MICE + Random Forest + PMM (weighted blend of real donor values),2.78,Pluss Advanced Technologies,savE® OM50,0.898,3.32,Pluss Advanced Technologies,savE® OM65,0.055,2.78,Pluss Advanced Technologies,savE® OM42,0.048
n-Docosane (C22),Literature,Cp_solid,2.0,Standard,MICE + Random Forest + PMM (weighted blend of real donor values),2.0,Rubitherm Technologies,RT69HC,0.749,2.0,Rubitherm Technologies,RT64HC,0.133,2.0,Rubitherm Technologies,RT45HC,0.119
Lauric acid (C12),Literature,Cp_solid,1.9983,Standard,MICE + Random Forest + PMM (weighted blend of real donor values),2.0,Rubitherm Technologies,RT69HC,0.436,2.0,Rubitherm Technologies,RT45HC,0.392,1.99,PureTemp,PureTemp 63,0.173
n-Tricosane (C23),Literature,Cp_solid,2.0624,Standard,MICE + Random Forest + PMM (weighted blend of real donor values),2.1,Pluss Advanced Technologies,savE® OM49,0.574,2.02,Pluss Advanced Technologies,savE® OM48,0.251,2.0,Rubitherm Technologies,RT55,0.174
Paraffin/Expanded graphite (85.56% paraffin),Literature,Cp_solid,1.9982,Standard,MICE + Random Forest + PMM (weighted blend of real donor values),2.0,Rubitherm Technologies,RT45HC,0.427,2.0,Rubitherm Technologies,RT69HC,0.394,1.99,PureTemp,PureTemp 63,0.178
Paraffin/HDPE PCM3,Literature,Cp_solid,2.0198,Standard,MICE + Random Forest + PMM (weighted blend of real donor values),2.04,PureTemp,PureTemp 60,0.494,2.0,Rubitherm Technologies,RT55,0.391,2.0,Rubitherm Technologies,RT50,0.115
Paraffin/HDPE PCM6,Literature,Cp_solid,2.0198,Standard,MICE + Random Forest + PMM (weighted blend of real donor values),2.04,PureTemp,PureTemp 60,0.494,2.0,Rubitherm Technologies,RT55,0.391,2.0,Rubitherm Technologies,RT50,0.115
Paraffin/HDPE PCM2,Literature,Cp_solid,2.0158,Standard,MICE + Random Forest + PMM (weighted blend of real donor values),2.04,PureTemp,PureTemp 60,0.396,2.0,Rubitherm Technologies,RT55,0.351,2.0,Rubitherm Technologies,RT50,0.254
n-Tetracosane (C24),Literature,Cp_solid,2.0,Standard,MICE + Random Forest + PMM (weighted blend of real donor values),2.0,Rubitherm Technologies,RT44HC,0.647,2.0,Rubitherm Technologies,RT70HC,0.183,2.0,Rubitherm Technologies,RT57HC,0.17
Paraffin/Expanded graphite (92% paraffin),Literature,Cp_solid,3.2037,Standard,MICE + Random Forest + PMM (weighted blend of real donor values),3.33,Pluss Advanced Technologies,savE® OM50,0.479,2.71,Pluss Advanced Technologies,savE® OM42,0.266,3.48,Pluss Advanced Technologies,savE® OM65,0.255
n-Pentacosane (C25),Literature,Cp_solid,2.0465,Standard,MICE + Random Forest + PMM (weighted blend of real donor values),2.0,Rubitherm Technologies,RT55,0.339,2.1,Pluss Advanced Technologies,savE® OM49,0.334,2.04,PureTemp,PureTemp 60,0.326
Myristic acid/NBR-1.0,Literature,Cp_solid,2.891,Standard,MICE + Random Forest + PMM (weighted blend of real donor values),2.71,Pluss Advanced Technologies,savE® OM42,0.447,3.33,Pluss Advanced Technologies,savE® OM50,0.304,2.68,Pluss Advanced Technologies,savE® OM55,0.249
Myristic acid/NBR-0.5,Literature,Cp_solid,2.9252,Standard,MICE + Random Forest + PMM (weighted blend of real donor values),2.71,Pluss Advanced Technologies,savE® OM42,0.403,3.33,Pluss Advanced Technologies,savE® OM50,0.359,2.68,Pluss Advanced Technologies,savE® OM55,0.239
Palmitic-stearic acid/Expanded graphite,Literature,Cp_solid,3.242,Standard,MICE + Random Forest + PMM (weighted blend of real donor values),3.33,Pluss Advanced Technologies,savE® OM50,0.544,3.48,Pluss Advanced Technologies,savE® OM65,0.253,2.71,Pluss Advanced Technologies,savE® OM42,0.203
n-Hexacosane (C26),Literature,Cp_solid,2.1982,Standard,MICE + Random Forest + PMM (weighted blend of real donor values),2.22,PCM Products Ltd.,PlusICE A58,0.489,2.2,PCM Products Ltd.,PlusICE A62,0.279,2.15,PCM Products Ltd.,PlusICE A50,0.231
n-Heptacosane (C27),Literature,Cp_solid,2.1985,Standard,MICE + Random Forest + PMM (weighted blend of real donor values),2.22,PCM Products Ltd.,PlusICE A58,0.495,2.2,PCM Products Ltd.,PlusICE A62,0.277,2.15,PCM Products Ltd.,PlusICE A50,0.228
Palmitic acid/Expanded graphite (80/20),Literature,Cp_solid,2.9357,Standard,MICE + Random Forest + PMM (weighted blend of real donor values),2.71,Pluss Advanced Technologies,savE® OM42,0.39,3.33,Pluss Advanced Technologies,savE® OM50,0.375,2.68,Pluss Advanced Technologies,savE® OM55,0.235
n-Octacosane (C28),Literature,Cp_solid,2.0509,Standard,MICE + Random Forest + PMM (weighted blend of real donor values),2.02,Pluss Advanced Technologies,savE® OM48,0.699,2.1,Pluss Advanced Technologies,savE® OM49,0.164,2.15,PCM Products Ltd.,PlusICE A52,0.137
Palmitic acid (C16),Literature,Cp_solid,2.0,Standard,MICE + Random Forest + PMM (weighted blend of real donor values),2.0,Rubitherm Technologies,RT69HC,0.67,2.0,Rubitherm Technologies,RT64HC,0.186,2.0,Rubitherm Technologies,RT45HC,0.144
n-Nonacosane (C29),Literature,Cp_solid,1.992,Standard,MICE + Random Forest + PMM (weighted blend of real donor values),1.99,PureTemp,PureTemp 63,0.796,2.0,Rubitherm Technologies,RT44HC,0.116,2.0,Rubitherm Technologies,RT70HC,0.088
n-Triacontane (C30),Literature,Cp_solid,2.0838,Standard,MICE + Random Forest + PMM (weighted blend of real donor values),2.02,Pluss Advanced Technologies,savE® OM48,0.509,2.15,PCM Products Ltd.,PlusICE A52,0.256,2.15,PCM Products Ltd.,PlusICE A50,0.234
Stearic acid (C18),Literature,Cp_solid,2.0,Standard,MICE + Random Forest + PMM (weighted blend of real donor values),2.0,Rubitherm Technologies,RT69HC,0.916,2.0,Rubitherm Technologies,RT45HC,0.045,2.0,Rubitherm Technologies,RT64HC,0.039
PureTemp 68,PureTemp,Cp_solid,2.07,Standard,MICE + Random Forest + PMM (weighted blend of real donor values),2.1,Pluss Advanced Technologies,savE® OM49,0.655,2.02,Pluss Advanced Technologies,savE® OM48,0.224,2.0,Rubitherm Technologies,RT55,0.121
n-Hentriacontane (C31),Literature,Cp_solid,2.0,Standard,MICE + Random Forest + PMM (weighted blend of real donor values),2.0,Rubitherm Technologies,RT69HC,0.955,2.0,Rubitherm Technologies,RT45HC,0.024,2.0,Rubitherm Technologies,RT64HC,0.02
n-Dotriacontane (C32),Literature,Cp_solid,3.2304,Standard,MICE + Random Forest + PMM (weighted blend of real donor values),3.33,Pluss Advanced Technologies,savE® OM50,0.522,3.48,Pluss Advanced Technologies,savE® OM65,0.255,2.71,Pluss Advanced Technologies,savE® OM42,0.222
RT42,Rubitherm Technologies,TC_liquid,0.15,Standard,MICE + Random Forest + PMM (weighted blend of real donor values),0.15,PureTemp,PureTemp 53,0.773,0.15,PureTemp,PureTemp 58,0.138,0.15,PureTemp,PureTemp 60,0.089
RT44HC,Rubitherm Technologies,TC_liquid,0.1736,Standard,MICE + Random Forest + PMM (weighted blend of real donor values),0.17,CrodaTherm,CrodaTherm 60,0.523,0.18,PCM Products Ltd.,PlusICE A52,0.326,0.172,Literature,Stearic acid (C18),0.151
RT47,Rubitherm Technologies,TC_liquid,0.15,Standard,MICE + Random Forest + PMM (weighted blend of real donor values),0.15,PureTemp,PureTemp 53,0.846,0.15,PureTemp,PureTemp 58,0.09,0.15,PureTemp,PureTemp 60,0.063
n-Docosane (C22),Literature,TC_liquid,0.1733,Standard,MICE + Random Forest + PMM (weighted blend of real donor values),0.17,CrodaTherm,CrodaTherm 60,0.571,0.18,PCM Products Ltd.,PlusICE A52,0.304,0.172,Literature,Stearic acid (C18),0.125
RT45HC,Rubitherm Technologies,TC_liquid,0.1735,Standard,MICE + Random Forest + PMM (weighted blend of real donor values),0.17,CrodaTherm,CrodaTherm 60,0.526,0.18,PCM Products Ltd.,PlusICE A52,0.325,0.172,Literature,Stearic acid (C18),0.15
n-Tricosane (C23),Literature,TC_liquid,0.1712,Standard,MICE + Random Forest + PMM (weighted blend of real donor values),0.17,CrodaTherm,CrodaTherm 60,0.853,0.18,PCM Products Ltd.,PlusICE A52,0.115,0.172,Literature,Stearic acid (C18),0.032
RT50,Rubitherm Technologies,TC_liquid,0.1462,Standard,MICE + Random Forest + PMM (weighted blend of real donor values),0.147,Literature,Lauric acid (C12),0.793,0.14,Pluss Advanced Technologies,savE® OM50,0.141,0.15,PureTemp,PureTemp 53,0.066
Paraffin/Expanded graphite (85.56% paraffin),Literature,TC_liquid,0.1394,Standard,MICE + Random Forest + PMM (weighted blend of real donor values),0.14,Pluss Advanced Technologies,savE® OM50,0.689,0.13,Pluss Advanced Technologies,savE® OM65,0.161,0.147,Literature,Lauric acid (C12),0.15
Paraffin/HDPE PCM3,Literature,TC_liquid,0.1426,Standard,MICE + Random Forest + PMM (weighted blend of real donor values),0.147,Literature,Lauric acid (C12),0.523,0.14,Pluss Advanced Technologies,savE® OM50,0.372,0.13,Pluss Advanced Technologies,savE® OM65,0.106
Paraffin/HDPE PCM6,Literature,TC_liquid,0.1426,Standard,MICE + Random Forest + PMM (weighted blend of real donor values),0.147,Literature,Lauric acid (C12),0.523,0.14,Pluss Advanced Technologies,savE® OM50,0.372,0.13,Pluss Advanced Technologies,savE® OM65,0.106
Paraffin/HDPE PCM2,Literature,TC_liquid,0.1464,Standard,MICE + Random Forest + PMM (weighted blend of real donor values),0.147,Literature,Lauric acid (C12),0.841,0.14,Pluss Advanced Technologies,savE® OM50,0.106,0.15,PureTemp,PureTemp 53,0.053
n-Tetracosane (C24),Literature,TC_liquid,0.1727,Standard,MICE + Random Forest + PMM (weighted blend of real donor values),0.17,CrodaTherm,CrodaTherm 60,0.655,0.18,PCM Products Ltd.,PlusICE A52,0.256,0.172,Literature,Stearic acid (C18),0.09
Paraffin/Expanded graphite (92% paraffin),Literature,TC_liquid,0.1285,Standard,MICE + Random Forest + PMM (weighted blend of real donor values),0.13,Pluss Advanced Technologies,savE® OM65,0.569,0.14,Pluss Advanced Technologies,savE® OM50,0.287,0.1,Pluss Advanced Technologies,savE® OM55,0.144
RT54HC,Rubitherm Technologies,TC_liquid,0.1719,Standard,MICE + Random Forest + PMM (weighted blend of real donor values),0.18,PCM Products Ltd.,PlusICE A50,0.457,0.172,Literature,Stearic acid (C18),0.374,0.15,PureTemp,PureTemp 63,0.17
RT55,Rubitherm Technologies,TC_liquid,0.1467,Standard,MICE + Random Forest + PMM (weighted blend of real donor values),0.147,Literature,Lauric acid (C12),0.926,0.14,Pluss Advanced Technologies,savE® OM50,0.048,0.15,PureTemp,PureTemp 53,0.027
n-Pentacosane (C25),Literature,TC_liquid,0.1725,Standard,MICE + Random Forest + PMM (weighted blend of real donor values),0.17,CrodaTherm,CrodaTherm 60,0.686,0.18,PCM Products Ltd.,PlusICE A52,0.236,0.172,Literature,Stearic acid (C18),0.078
Myristic acid/NBR-1.0,Literature,TC_liquid,0.1382,Standard,MICE + Random Forest + PMM (weighted blend of real donor values),0.14,Pluss Advanced Technologies,savE® OM50,0.508,0.13,Pluss Advanced Technologies,savE® OM65,0.31,0.147,Literature,Lauric acid (C12),0.182
Myristic acid/NBR-0.5,Literature,TC_liquid,0.1381,Standard,MICE + Random Forest + PMM (weighted blend of real donor values),0.14,Pluss Advanced Technologies,savE® OM50,0.504,0.13,Pluss Advanced Technologies,savE® OM65,0.314,0.147,Literature,Lauric acid (C12),0.182
Palmitic-stearic acid/Expanded graphite,Literature,TC_liquid,0.1387,Standard,MICE + Random Forest + PMM (weighted blend of real donor values),0.14,Pluss Advanced Technologies,savE® OM50,0.574,0.13,Pluss Advanced Technologies,savE® OM65,0.249,0.147,Literature,Lauric acid (C12),0.177
RT57HC,Rubitherm Technologies,TC_liquid,0.1735,Standard,MICE + Random Forest + PMM (weighted blend of real donor values),0.17,CrodaTherm,CrodaTherm 60,0.525,0.18,PCM Products Ltd.,PlusICE A52,0.325,0.172,Literature,Stearic acid (C18),0.15
n-Hexacosane (C26),Literature,TC_liquid,0.1774,Standard,MICE + Random Forest + PMM (weighted blend of real donor values),0.18,PCM Products Ltd.,PlusICE A52,0.413,0.172,Literature,Stearic acid (C18),0.322,0.18,PCM Products Ltd.,PlusICE A50,0.265
RT60,Rubitherm Technologies,TC_liquid,0.1468,Standard,MICE + Random Forest + PMM (weighted blend of real donor values),0.147,Literature,Lauric acid (C12),0.942,0.14,Pluss Advanced Technologies,savE® OM50,0.037,0.15,PureTemp,PureTemp 53,0.021
n-Heptacosane (C27),Literature,TC_liquid,0.1796,Standard,MICE + Random Forest + PMM (weighted blend of real donor values),0.18,PCM Products Ltd.,PlusICE A50,0.942,0.172,Literature,Stearic acid (C18),0.052,0.18,PCM Products Ltd.,PlusICE A52,0.005
Palmitic acid/Expanded graphite (80/20),Literature,TC_liquid,0.1384,Standard,MICE + Random Forest + PMM (weighted blend of real donor values),0.14,Pluss Advanced Technologies,savE® OM50,0.531,0.13,Pluss Advanced Technologies,savE® OM65,0.288,0.147,Literature,Lauric acid (C12),0.181
RT65,Rubitherm Technologies,TC_liquid,0.1468,Standard,MICE + Random Forest + PMM (weighted blend of real donor values),0.147,Literature,Lauric acid (C12),0.952,0.14,Pluss Advanced Technologies,savE® OM50,0.03,0.15,PureTemp,PureTemp 53,0.017
n-Octacosane (C28),Literature,TC_liquid,0.2261,Standard,MICE + Random Forest + PMM (weighted blend of real donor values),0.23,Literature,n-Triacontane (C30),0.609,0.22,PCM Products Ltd.,PlusICE A62,0.319,0.22,PCM Products Ltd.,PlusICE A58,0.072
RT62HC,Rubitherm Technologies,TC_liquid,0.1734,Standard,MICE + Random Forest + PMM (weighted blend of real donor values),0.17,CrodaTherm,CrodaTherm 60,0.553,0.18,PCM Products Ltd.,PlusICE A52,0.312,0.172,Literature,Stearic acid (C18),0.134
RT64HC,Rubitherm Technologies,TC_liquid,0.2627,Standard,MICE + Random Forest + PMM (weighted blend of real donor values),0.27,Pluss Advanced Technologies,savE® OM49,0.71,0.25,Literature,Myristic acid (C14),0.213,0.23,Literature,n-Triacontane (C30),0.077
n-Nonacosane (C29),Literature,TC_liquid,0.2572,Standard,MICE + Random Forest + PMM (weighted blend of real donor values),0.27,Pluss Advanced Technologies,savE® OM49,0.52,0.25,Literature,Myristic acid (C14),0.319,0.23,Literature,n-Triacontane (C30),0.161
PureTemp 68,PureTemp,TC_liquid,0.2506,Standard,MICE + Random Forest + PMM (weighted blend of real donor values),0.25,Literature,Myristic acid (C14),0.921,0.27,Pluss Advanced Technologies,savE® OM49,0.055,0.23,Literature,n-Triacontane (C30),0.024
n-Hentriacontane (C31),Literature,TC_liquid,0.1775,Standard,MICE + Random Forest + PMM (weighted blend of real donor values),0.18,PCM Products Ltd.,PlusICE A50,0.622,0.172,Literature,Stearic acid (C18),0.316,0.18,PCM Products Ltd.,PlusICE A52,0.062
RT69HC,Rubitherm Technologies,TC_liquid,0.2586,Standard,MICE + Random Forest + PMM (weighted blend of real donor values),0.27,Pluss Advanced Technologies,savE® OM49,0.567,0.25,Literature,Myristic acid (C14),0.297,0.23,Literature,n-Triacontane (C30),0.135
n-Dotriacontane (C32),Literature,TC_liquid,0.139,Standard,MICE + Random Forest + PMM (weighted blend of real donor values),0.14,Pluss Advanced Technologies,savE® OM50,0.615,0.13,Pluss Advanced Technologies,savE® OM65,0.215,0.147,Literature,Lauric acid (C12),0.17
RT70HC,Rubitherm Technologies,TC_liquid,0.1771,Standard,MICE + Random Forest + PMM (weighted blend of real donor values),0.18,PCM Products Ltd.,PlusICE A50,0.547,0.172,Literature,Stearic acid (C18),0.36,0.18,PCM Products Ltd.,PlusICE A52,0.094
RT42,Rubitherm Technologies,TC_solid,0.2066,Standard,MICE + Random Forest + PMM (weighted blend of real donor values),0.21,Pluss Advanced Technologies,savE® OM50,0.736,0.2,Pluss Advanced Technologies,savE® OM46,0.192,0.19,Pluss Advanced Technologies,savE® OM65,0.072
RT44HC,Rubitherm Technologies,TC_solid,0.3059,Standard,MICE + Random Forest + PMM (weighted blend of real donor values),0.33,Pluss Advanced Technologies,savE® OM49,0.466,0.29,CrodaTherm,CrodaTherm 60,0.464,0.25,PureTemp,PureTemp 60,0.07
RT47,Rubitherm Technologies,TC_solid,0.2057,Standard,MICE + Random Forest + PMM (weighted blend of real donor values),0.21,Pluss Advanced Technologies,savE® OM50,0.567,0.2,Pluss Advanced Technologies,savE® OM46,0.268,0.2,Pluss Advanced Technologies,savE® OM48,0.165
n-Docosane (C22),Literature,TC_solid,0.3073,Standard,MICE + Random Forest + PMM (weighted blend of real donor values),0.33,Pluss Advanced Technologies,savE® OM49,0.478,0.29,CrodaTherm,CrodaTherm 60,0.475,0.25,PureTemp,PureTemp 60,0.047
Lauric acid (C12),Literature,TC_solid,0.1813,Standard,MICE + Random Forest + PMM (weighted blend of real donor values),0.18,PCM Products Ltd.,PlusICE A52,0.939,0.2,Pluss Advanced Technologies,savE® OM48,0.048,0.21,Pluss Advanced Technologies,savE® OM50,0.013
RT45HC,Rubitherm Technologies,TC_solid,0.3059,Standard,MICE + Random Forest + PMM (weighted blend of real donor values),0.33,Pluss Advanced Technologies,savE® OM49,0.466,0.29,CrodaTherm,CrodaTherm 60,0.464,0.25,PureTemp,PureTemp 60,0.07
n-Tricosane (C23),Literature,TC_solid,0.307,Standard,MICE + Random Forest + PMM (weighted blend of real donor values),0.33,Pluss Advanced Technologies,savE® OM49,0.476,0.29,CrodaTherm,CrodaTherm 60,0.473,0.25,PureTemp,PureTemp 60,0.051
RT50,Rubitherm Technologies,TC_solid,0.2077,Standard,MICE + Random Forest + PMM (weighted blend of real donor values),0.21,Pluss Advanced Technologies,savE® OM50,0.814,0.2,Pluss Advanced Technologies,savE® OM46,0.138,0.19,Pluss Advanced Technologies,savE® OM65,0.048
Paraffin/Expanded graphite (85.56% paraffin),Literature,TC_solid,0.1933,Standard,MICE + Random Forest + PMM (weighted blend of real donor values),0.18,PCM Products Ltd.,PlusICE A52,0.535,0.2,Pluss Advanced Technologies,savE® OM48,0.262,0.22,PCM Products Ltd.,PlusICE A62,0.203
Paraffin/HDPE PCM3,Literature,TC_solid,0.2051,Standard,MICE + Random Forest + PMM (weighted blend of real donor values),0.21,Pluss Advanced Technologies,savE® OM50,0.51,0.2,Pluss Advanced Technologies,savE® OM46,0.276,0.2,Pluss Advanced Technologies,savE® OM48,0.214
Paraffin/HDPE PCM6,Literature,TC_solid,0.2058,Standard,MICE + Random Forest + PMM (weighted blend of real donor values),0.21,Pluss Advanced Technologies,savE® OM50,0.578,0.2,Pluss Advanced Technologies,savE® OM46,0.265,0.2,Pluss Advanced Technologies,savE® OM48,0.156
Paraffin/HDPE PCM2,Literature,TC_solid,0.2081,Standard,MICE + Random Forest + PMM (weighted blend of real donor values),0.21,Pluss Advanced Technologies,savE® OM50,0.846,0.2,Pluss Advanced Technologies,savE® OM46,0.12,0.19,Pluss Advanced Technologies,savE® OM65,0.034
n-Tetracosane (C24),Literature,TC_solid,0.306,Standard,MICE + Random Forest + PMM (weighted blend of real donor values),0.33,Pluss Advanced Technologies,savE® OM49,0.468,0.29,CrodaTherm,CrodaTherm 60,0.466,0.25,PureTemp,PureTemp 60,0.067
Paraffin/Expanded graphite (92% paraffin),Literature,TC_solid,0.185,Standard,MICE + Random Forest + PMM (weighted blend of real donor values),0.19,Pluss Advanced Technologies,savE® OM42,0.586,0.19,Pluss Advanced Technologies,savE® OM65,0.247,0.16,Pluss Advanced Technologies,savE® OM55,0.167
Myristic acid (C14),Literature,TC_solid,0.2158,Standard,MICE + Random Forest + PMM (weighted blend of real donor values),0.22,PCM Products Ltd.,PlusICE A62,0.866,0.18,PCM Products Ltd.,PlusICE A52,0.076,0.2,Pluss Advanced Technologies,savE® OM48,0.058
RT54HC,Rubitherm Technologies,TC_solid,0.1991,Standard,MICE + Random Forest + PMM (weighted blend of real donor values),0.18,PCM Products Ltd.,PlusICE A52,0.398,0.22,PCM Products Ltd.,PlusICE A62,0.355,0.2,Pluss Advanced Technologies,savE® OM48,0.247
RT55,Rubitherm Technologies,TC_solid,0.1973,Standard,MICE + Random Forest + PMM (weighted blend of real donor values),0.2,Pluss Advanced Technologies,savE® OM48,0.606,0.18,PCM Products Ltd.,PlusICE A52,0.22,0.21,Pluss Advanced Technologies,savE® OM50,0.174
n-Pentacosane (C25),Literature,TC_solid,0.3055,Standard,MICE + Random Forest + PMM (weighted blend of real donor values),0.33,Pluss Advanced Technologies,savE® OM49,0.463,0.29,CrodaTherm,CrodaTherm 60,0.461,0.25,PureTemp,PureTemp 60,0.076
Myristic acid/NBR-1.0,Literature,TC_solid,0.1715,Standard,MICE + Random Forest + PMM (weighted blend of real donor values),0.16,Pluss Advanced Technologies,savE® OM55,0.507,0.18,PCM Products Ltd.,PlusICE A50,0.328,0.19,Pluss Advanced Technologies,savE® OM42,0.165
Myristic acid/NBR-0.5,Literature,TC_solid,0.1756,Standard,MICE + Random Forest + PMM (weighted blend of real donor values),0.16,Pluss Advanced Technologies,savE® OM55,0.382,0.19,Pluss Advanced Technologies,savE® OM42,0.323,0.18,PCM Products Ltd.,PlusICE A50,0.295
Palmitic-stearic acid/Expanded graphite,Literature,TC_solid,0.1813,Standard,MICE + Random Forest + PMM (weighted blend of real donor values),0.19,Pluss Advanced Technologies,savE® OM42,0.456,0.16,Pluss Advanced Technologies,savE® OM55,0.289,0.19,Pluss Advanced Technologies,savE® OM65,0.255
RT57HC,Rubitherm Technologies,TC_solid,0.3036,Standard,MICE + Random Forest + PMM (weighted blend of real donor values),0.33,Pluss Advanced Technologies,savE® OM49,0.447,0.29,CrodaTherm,CrodaTherm 60,0.446,0.25,PureTemp,PureTemp 60,0.107
n-Hexacosane (C26),Literature,TC_solid,0.2994,Standard,MICE + Random Forest + PMM (weighted blend of real donor values),0.29,CrodaTherm,CrodaTherm 60,0.412,0.33,Pluss Advanced Technologies,savE® OM49,0.411,0.25,PureTemp,PureTemp 60,0.176
RT60,Rubitherm Technologies,TC_solid,0.1922,Standard,MICE + Random Forest + PMM (weighted blend of real donor values),0.2,Pluss Advanced Technologies,savE® OM48,0.498,0.18,PCM Products Ltd.,PlusICE A52,0.426,0.21,Pluss Advanced Technologies,savE® OM50,0.076
n-Heptacosane (C27),Literature,TC_solid,0.3029,Standard,MICE + Random Forest + PMM (weighted blend of real donor values),0.29,CrodaTherm,CrodaTherm 60,0.441,0.33,Pluss Advanced Technologies,savE® OM49,0.44,0.25,PureTemp,PureTemp 60,0.119
Palmitic acid/Expanded graphite (80/20),Literature,TC_solid,0.1907,Standard,MICE + Random Forest + PMM (weighted blend of real donor values),0.19,Pluss Advanced Technologies,savE® OM65,0.783,0.19,Pluss Advanced Technologies,savE® OM42,0.143,0.2,Pluss Advanced Technologies,savE® OM46,0.074
RT65,Rubitherm Technologies,TC_solid,0.1827,Standard,MICE + Random Forest + PMM (weighted blend of real donor values),0.18,PCM Products Ltd.,PlusICE A52,0.879,0.2,Pluss Advanced Technologies,savE® OM48,0.096,0.21,Pluss Advanced Technologies,savE® OM50,0.025
n-Octacosane (C28),Literature,TC_solid,0.3068,Standard,MICE + Random Forest + PMM (weighted blend of real donor values),0.33,Pluss Advanced Technologies,savE® OM49,0.475,0.29,CrodaTherm,CrodaTherm 60,0.472,0.25,PureTemp,PureTemp 60,0.053
RT62HC,Rubitherm Technologies,TC_solid,0.3043,Standard,MICE + Random Forest + PMM (weighted blend of real donor values),0.33,Pluss Advanced Technologies,savE® OM49,0.453,0.29,CrodaTherm,CrodaTherm 60,0.452,0.25,PureTemp,PureTemp 60,0.095
Palmitic acid (C16),Literature,TC_solid,0.2144,Standard,MICE + Random Forest + PMM (weighted blend of real donor values),0.22,PCM Products Ltd.,PlusICE A62,0.659,0.22,PCM Products Ltd.,PlusICE A58,0.201,0.18,PCM Products Ltd.,PlusICE A52,0.139
RT64HC,Rubitherm Technologies,TC_solid,0.303,Standard,MICE + Random Forest + PMM (weighted blend of real donor values),0.33,Pluss Advanced Technologies,savE® OM49,0.442,0.29,CrodaTherm,CrodaTherm 60,0.441,0.25,PureTemp,PureTemp 60,0.117
n-Nonacosane (C29),Literature,TC_solid,0.303,Standard,MICE + Random Forest + PMM (weighted blend of real donor values),0.33,Pluss Advanced Technologies,savE® OM49,0.442,0.29,CrodaTherm,CrodaTherm 60,0.441,0.25,PureTemp,PureTemp 60,0.117
n-Triacontane (C30),Literature,TC_solid,0.3079,Standard,MICE + Random Forest + PMM (weighted blend of real donor values),0.33,Pluss Advanced Technologies,savE® OM49,0.483,0.29,CrodaTherm,CrodaTherm 60,0.479,0.25,PureTemp,PureTemp 60,0.037
Stearic acid (C18),Literature,TC_solid,0.25,Standard,MICE + Random Forest + PMM (weighted blend of real donor values),0.25,PureTemp,PureTemp 60,0.412,0.25,PureTemp,PureTemp 58,0.4,0.25,PureTemp,PureTemp 63,0.188
PureTemp 68,PureTemp,TC_solid,0.3005,Standard,MICE + Random Forest + PMM (weighted blend of real donor values),0.29,CrodaTherm,CrodaTherm 60,0.422,0.33,Pluss Advanced Technologies,savE® OM49,0.42,0.25,PureTemp,PureTemp 60,0.158
n-Hentriacontane (C31),Literature,TC_solid,0.25,Standard,MICE + Random Forest + PMM (weighted blend of real donor values),0.25,PureTemp,PureTemp 60,0.411,0.25,PureTemp,PureTemp 58,0.4,0.25,PureTemp,PureTemp 63,0.189
RT69HC,Rubitherm Technologies,TC_solid,0.304,Standard,MICE + Random Forest + PMM (weighted blend of real donor values),0.33,Pluss Advanced Technologies,savE® OM49,0.45,0.29,CrodaTherm,CrodaTherm 60,0.449,0.25,PureTemp,PureTemp 60,0.101
n-Dotriacontane (C32),Literature,TC_solid,0.191,Standard,MICE + Random Forest + PMM (weighted blend of real donor values),0.19,Pluss Advanced Technologies,savE® OM65,0.652,0.19,Pluss Advanced Technologies,savE® OM42,0.246,0.2,Pluss Advanced Technologies,savE® OM46,0.102
RT70HC,Rubitherm Technologies,TC_solid,0.3034,Standard,MICE + Random Forest + PMM (weighted blend of real donor values),0.33,Pluss Advanced Technologies,savE® OM49,0.445,0.29,CrodaTherm,CrodaTherm 60,0.444,0.25,PureTemp,PureTemp 60,0.111
savE® OM42,Pluss Advanced Technologies,TC_both,0.4293,Standard,MICE + Random Forest + PMM (weighted blend of real donor values),0.6,Literature,Palmitic acid/Expanded graphite (80/20),0.562,0.21,Literature,n-Heptacosane (C27),0.278,0.21,Literature,n-Hexacosane (C26),0.159
Lauric acid (C12),Literature,TC_both,0.2,Standard,MICE + Random Forest + PMM (weighted blend of real donor values),0.2,Rubitherm Technologies,RT47,0.893,0.2,Literature,n-Docosane (C22),0.056,0.2,Rubitherm Technologies,RT60,0.051
savE® OM46,Pluss Advanced Technologies,TC_both,0.3502,Standard,MICE + Random Forest + PMM (weighted blend of real donor values),0.21,Literature,n-Heptacosane (C27),0.434,0.6,Literature,Palmitic acid/Expanded graphite (80/20),0.359,0.21,Literature,n-Hexacosane (C26),0.206
n-Tricosane (C23),Literature,TC_both,0.2087,Standard,MICE + Random Forest + PMM (weighted blend of real donor values),0.21,Literature,n-Hexacosane (C26),0.873,0.2,Rubitherm Technologies,RT55,0.065,0.2,Rubitherm Technologies,RT65,0.062
Paraffin/Expanded graphite (85.56% paraffin),Literature,TC_both,0.2,Standard,MICE + Random Forest + PMM (weighted blend of real donor values),0.2,Rubitherm Technologies,RT50,0.553,0.2,Rubitherm Technologies,RT65,0.252,0.2,Rubitherm Technologies,RT55,0.195
savE® OM49,Pluss Advanced Technologies,TC_both,0.2082,Standard,MICE + Random Forest + PMM (weighted blend of real donor values),0.21,Literature,n-Hexacosane (C26),0.517,0.21,Literature,n-Heptacosane (C27),0.301,0.2,Rubitherm Technologies,RT55,0.182
Paraffin/HDPE PCM3,Literature,TC_both,0.2055,Standard,MICE + Random Forest + PMM (weighted blend of real donor values),0.21,Literature,n-Hexacosane (C26),0.552,0.2,Rubitherm Technologies,RT55,0.231,0.2,Rubitherm Technologies,RT65,0.217
PlusICE A50,PCM Products Ltd.,TC_both,0.2055,Standard,MICE + Random Forest + PMM (weighted blend of real donor values),0.21,Literature,n-Hexacosane (C26),0.547,0.2,Rubitherm Technologies,RT55,0.234,0.2,Rubitherm Technologies,RT65,0.219
savE® OM50,Pluss Advanced Technologies,TC_both,0.3363,Standard,MICE + Random Forest + PMM (weighted blend of real donor values),0.21,Literature,n-Heptacosane (C27),0.466,0.6,Literature,Palmitic acid/Expanded graphite (80/20),0.324,0.21,Literature,n-Hexacosane (C26),0.21
Paraffin/HDPE PCM6,Literature,TC_both,0.2061,Standard,MICE + Random Forest + PMM (weighted blend of real donor values),0.21,Literature,n-Hexacosane (C26),0.608,0.2,Rubitherm Technologies,RT55,0.202,0.2,Rubitherm Technologies,RT65,0.19
Paraffin/HDPE PCM2,Literature,TC_both,0.2045,Standard,MICE + Random Forest + PMM (weighted blend of real donor values),0.21,Literature,n-Hexacosane (C26),0.452,0.2,Rubitherm Technologies,RT55,0.284,0.2,Rubitherm Technologies,RT65,0.264
savE® OM48,Pluss Advanced Technologies,TC_both,0.2077,Standard,MICE + Random Forest + PMM (weighted blend of real donor values),0.21,Literature,n-Hexacosane (C26),0.768,0.2,Rubitherm Technologies,RT55,0.119,0.2,Rubitherm Technologies,RT65,0.113
PlusICE A52,PCM Products Ltd.,TC_both,0.2054,Standard,MICE + Random Forest + PMM (weighted blend of real donor values),0.21,Literature,n-Hexacosane (C26),0.544,0.2,Rubitherm Technologies,RT55,0.235,0.2,Rubitherm Technologies,RT65,0.22
n-Tetracosane (C24),Literature,TC_both,0.209,Standard,MICE + Random Forest + PMM (weighted blend of real donor values),0.21,Literature,n-Hexacosane (C26),0.903,0.2,Rubitherm Technologies,RT55,0.049,0.2,Rubitherm Technologies,RT65,0.047
Paraffin/Expanded graphite (92% paraffin),Literature,TC_both,0.4584,Standard,MICE + Random Forest + PMM (weighted blend of real donor values),0.6,Literature,Palmitic acid/Expanded graphite (80/20),0.637,0.21,Literature,n-Heptacosane (C27),0.228,0.21,Literature,n-Hexacosane (C26),0.136
Myristic acid (C14),Literature,TC_both,0.2,Standard,MICE + Random Forest + PMM (weighted blend of real donor values),0.2,Rubitherm Technologies,RT55,0.855,0.2,Rubitherm Technologies,RT65,0.126,0.2,Rubitherm Technologies,RT50,0.019
PureTemp 53,PureTemp,TC_both,0.3009,Standard,MICE + Random Forest + PMM (weighted blend of real donor values),0.21,Literature,n-Heptacosane (C27),0.559,0.6,Literature,Palmitic acid/Expanded graphite (80/20),0.233,0.21,Literature,n-Hexacosane (C26),0.207
n-Pentacosane (C25),Literature,TC_both,0.2092,Standard,MICE + Random Forest + PMM (weighted blend of real donor values),0.21,Literature,n-Hexacosane (C26),0.917,0.2,Rubitherm Technologies,RT55,0.043,0.2,Rubitherm Technologies,RT65,0.041
Myristic acid/NBR-1.0,Literature,TC_both,0.4623,Standard,MICE + Random Forest + PMM (weighted blend of real donor values),0.6,Literature,Palmitic acid/Expanded graphite (80/20),0.647,0.21,Literature,n-Heptacosane (C27),0.221,0.21,Literature,n-Hexacosane (C26),0.132
Myristic acid/NBR-0.5,Literature,TC_both,0.462,Standard,MICE + Random Forest + PMM (weighted blend of real donor values),0.6,Literature,Palmitic acid/Expanded graphite (80/20),0.646,0.21,Literature,n-Heptacosane (C27),0.221,0.21,Literature,n-Hexacosane (C26),0.132
savE® OM55,Pluss Advanced Technologies,TC_both,0.4293,Standard,MICE + Random Forest + PMM (weighted blend of real donor values),0.6,Literature,Palmitic acid/Expanded graphite (80/20),0.562,0.21,Literature,n-Heptacosane (C27),0.278,0.21,Literature,n-Hexacosane (C26),0.159
Palmitic-stearic acid/Expanded graphite,Literature,TC_both,0.4522,Standard,MICE + Random Forest + PMM (weighted blend of real donor values),0.6,Literature,Palmitic acid/Expanded graphite (80/20),0.621,0.21,Literature,n-Heptacosane (C27),0.238,0.21,Literature,n-Hexacosane (C26),0.141
PlusICE A58,PCM Products Ltd.,TC_both,0.2026,Standard,MICE + Random Forest + PMM (weighted blend of real donor values),0.2,Rubitherm Technologies,RT55,0.392,0.2,Rubitherm Technologies,RT65,0.35,0.21,Literature,n-Hexacosane (C26),0.258
PureTemp 58,PureTemp,TC_both,0.2099,Standard,MICE + Random Forest + PMM (weighted blend of real donor values),0.21,Literature,n-Heptacosane (C27),0.961,0.21,Literature,n-Hexacosane (C26),0.025,0.2,Rubitherm Technologies,RT55,0.015
CrodaTherm 60,CrodaTherm,TC_both,0.2,Standard,MICE + Random Forest + PMM (weighted blend of real donor values),0.2,Rubitherm Technologies,RT55,0.922,0.2,Rubitherm Technologies,RT65,0.066,0.2,Rubitherm Technologies,RT50,0.012
PureTemp 60,PureTemp,TC_both,0.2081,Standard,MICE + Random Forest + PMM (weighted blend of real donor values),0.21,Literature,n-Hexacosane (C26),0.805,0.2,Rubitherm Technologies,RT55,0.099,0.2,Rubitherm Technologies,RT65,0.095
n-Octacosane (C28),Literature,TC_both,0.2089,Standard,MICE + Random Forest + PMM (weighted blend of real donor values),0.21,Literature,n-Hexacosane (C26),0.888,0.2,Rubitherm Technologies,RT55,0.057,0.2,Rubitherm Technologies,RT65,0.055
PlusICE A62,PCM Products Ltd.,TC_both,0.2,Standard,MICE + Random Forest + PMM (weighted blend of real donor values),0.2,Rubitherm Technologies,RT55,0.443,0.2,Rubitherm Technologies,RT65,0.364,0.2,Rubitherm Technologies,RT50,0.193
Palmitic acid (C16),Literature,TC_both,0.204,Standard,MICE + Random Forest + PMM (weighted blend of real donor values),0.21,Literature,n-Hexacosane (C26),0.395,0.2,Rubitherm Technologies,RT55,0.315,0.2,Rubitherm Technologies,RT65,0.29
PureTemp 63,PureTemp,TC_both,0.2,Standard,MICE + Random Forest + PMM (weighted blend of real donor values),0.2,Literature,n-Docosane (C22),0.584,0.2,Rubitherm Technologies,RT60,0.325,0.2,Rubitherm Technologies,RT47,0.09
n-Triacontane (C30),Literature,TC_both,0.2097,Standard,MICE + Random Forest + PMM (weighted blend of real donor values),0.21,Literature,n-Hexacosane (C26),0.966,0.2,Rubitherm Technologies,RT55,0.017,0.2,Rubitherm Technologies,RT65,0.017
savE® OM65,Pluss Advanced Technologies,TC_both,0.4291,Standard,MICE + Random Forest + PMM (weighted blend of real donor values),0.6,Literature,Palmitic acid/Expanded graphite (80/20),0.562,0.21,Literature,n-Heptacosane (C27),0.279,0.21,Literature,n-Hexacosane (C26),0.16
Stearic acid (C18),Literature,TC_both,0.2078,Standard,MICE + Random Forest + PMM (weighted blend of real donor values),0.21,Literature,n-Hexacosane (C26),0.777,0.2,Rubitherm Technologies,RT55,0.114,0.2,Rubitherm Technologies,RT65,0.109
PureTemp 68,PureTemp,TC_both,0.2069,Standard,MICE + Random Forest + PMM (weighted blend of real donor values),0.21,Literature,n-Hexacosane (C26),0.688,0.2,Rubitherm Technologies,RT55,0.16,0.2,Rubitherm Technologies,RT65,0.152
n-Hentriacontane (C31),Literature,TC_both,0.2076,Standard,MICE + Random Forest + PMM (weighted blend of real donor values),0.21,Literature,n-Hexacosane (C26),0.765,0.2,Rubitherm Technologies,RT55,0.12,0.2,Rubitherm Technologies,RT65,0.115
n-Dotriacontane (C32),Literature,TC_both,0.5082,Standard,MICE + Random Forest + PMM (weighted blend of real donor values),0.6,Literature,Palmitic acid/Expanded graphite (80/20),0.765,0.21,Literature,n-Heptacosane (C27),0.145,0.21,Literature,n-Hexacosane (C26),0.091
RT44HC,Rubitherm Technologies,volume_expansion,12.5,Standard,MICE + Random Forest + PMM (weighted blend of real donor values),12.5,Rubitherm Technologies,RT45HC,0.58,12.5,Rubitherm Technologies,RT42,0.262,12.5,Rubitherm Technologies,RT50,0.158
savE® OM42,Pluss Advanced Technologies,volume_expansion,12.8994,Standard,MICE + Random Forest + PMM (weighted blend of real donor values),12.5,Rubitherm Technologies,RT70HC,0.391,12.5,Rubitherm Technologies,RT60,0.342,14.0,Rubitherm Technologies,RT55,0.266
n-Docosane (C22),Literature,volume_expansion,12.5,Standard,MICE + Random Forest + PMM (weighted blend of real donor values),12.5,Rubitherm Technologies,RT45HC,0.918,12.5,Rubitherm Technologies,RT50,0.043,12.5,Rubitherm Technologies,RT42,0.039
Lauric acid (C12),Literature,volume_expansion,12.5,Standard,MICE + Random Forest + PMM (weighted blend of real donor values),12.5,Rubitherm Technologies,RT70HC,0.494,12.5,Rubitherm Technologies,RT60,0.485,12.5,Rubitherm Technologies,RT50,0.021
savE® OM46,Pluss Advanced Technologies,volume_expansion,13.0732,Standard,MICE + Random Forest + PMM (weighted blend of real donor values),14.0,Rubitherm Technologies,RT55,0.382,12.5,Rubitherm Technologies,RT70HC,0.325,12.5,Rubitherm Technologies,RT60,0.293
n-Tricosane (C23),Literature,volume_expansion,12.5,Standard,MICE + Random Forest + PMM (weighted blend of real donor values),12.5,Rubitherm Technologies,RT50,0.575,12.5,Rubitherm Technologies,RT45HC,0.222,12.5,Rubitherm Technologies,RT60,0.203
Paraffin/Expanded graphite (85.56% paraffin),Literature,volume_expansion,12.5,Standard,MICE + Random Forest + PMM (weighted blend of real donor values),12.5,Rubitherm Technologies,RT70HC,0.585,12.5,Rubitherm Technologies,RT60,0.35,12.5,Rubitherm Technologies,RT50,0.065
savE® OM49,Pluss Advanced Technologies,volume_expansion,12.5,Standard,MICE + Random Forest + PMM (weighted blend of real donor values),12.5,Rubitherm Technologies,RT50,0.575,12.5,Rubitherm Technologies,RT45HC,0.222,12.5,Rubitherm Technologies,RT60,0.203
Paraffin/HDPE PCM3,Literature,volume_expansion,12.958,Standard,MICE + Random Forest + PMM (weighted blend of real donor values),12.5,Rubitherm Technologies,RT70HC,0.368,12.5,Rubitherm Technologies,RT60,0.326,14.0,Rubitherm Technologies,RT55,0.305
PlusICE A50,PCM Products Ltd.,volume_expansion,12.5,Standard,MICE + Random Forest + PMM (weighted blend of real donor values),12.5,Rubitherm Technologies,RT60,0.521,12.5,Rubitherm Technologies,RT70HC,0.354,12.5,Rubitherm Technologies,RT50,0.126
savE® OM50,Pluss Advanced Technologies,volume_expansion,12.9531,Standard,MICE + Random Forest + PMM (weighted blend of real donor values),12.5,Rubitherm Technologies,RT70HC,0.37,12.5,Rubitherm Technologies,RT60,0.328,14.0,Rubitherm Technologies,RT55,0.302
Paraffin/HDPE PCM6,Literature,volume_expansion,12.958,Standard,MICE + Random Forest + PMM (weighted blend of real donor values),12.5,Rubitherm Technologies,RT70HC,0.368,12.5,Rubitherm Technologies,RT60,0.326,14.0,Rubitherm Technologies,RT55,0.305
Paraffin/HDPE PCM2,Literature,volume_expansion,12.9531,Standard,MICE + Random Forest + PMM (weighted blend of real donor values),12.5,Rubitherm Technologies,RT70HC,0.37,12.5,Rubitherm Technologies,RT60,0.328,14.0,Rubitherm Technologies,RT55,0.302
savE® OM48,Pluss Advanced Technologies,volume_expansion,12.7014,Standard,MICE + Random Forest + PMM (weighted blend of real donor values),12.5,Rubitherm Technologies,RT70HC,0.484,12.5,Rubitherm Technologies,RT60,0.382,14.0,Rubitherm Technologies,RT55,0.134
PlusICE A52,PCM Products Ltd.,volume_expansion,12.5,Standard,MICE + Random Forest + PMM (weighted blend of real donor values),12.5,Rubitherm Technologies,RT70HC,0.929,12.5,Rubitherm Technologies,RT60,0.066,12.5,Rubitherm Technologies,RT50,0.005
n-Tetracosane (C24),Literature,volume_expansion,12.5,Standard,MICE + Random Forest + PMM (weighted blend of real donor values),12.5,Rubitherm Technologies,RT60,0.461,12.5,Rubitherm Technologies,RT70HC,0.351,12.5,Rubitherm Technologies,RT50,0.188
Paraffin/Expanded graphite (92% paraffin),Literature,volume_expansion,13.3955,Standard,MICE + Random Forest + PMM (weighted blend of real donor values),14.0,Rubitherm Technologies,RT55,0.597,12.5,Rubitherm Technologies,RT70HC,0.209,12.5,Rubitherm Technologies,RT60,0.194
Myristic acid (C14),Literature,volume_expansion,12.5,Standard,MICE + Random Forest + PMM (weighted blend of real donor values),12.5,Rubitherm Technologies,RT70HC,0.528,12.5,Rubitherm Technologies,RT60,0.379,12.5,Rubitherm Technologies,RT50,0.093
PureTemp 53,PureTemp,volume_expansion,12.5,Standard,MICE + Random Forest + PMM (weighted blend of real donor values),12.5,Rubitherm Technologies,RT70HC,0.527,12.5,Rubitherm Technologies,RT60,0.38,12.5,Rubitherm Technologies,RT50,0.094
RT54HC,Rubitherm Technologies,volume_expansion,12.5,Standard,MICE + Random Forest + PMM (weighted blend of real donor values),12.5,Rubitherm Technologies,RT60,0.824,12.5,Rubitherm Technologies,RT70HC,0.164,12.5,Rubitherm Technologies,RT50,0.012
n-Pentacosane (C25),Literature,volume_expansion,12.5,Standard,MICE + Random Forest + PMM (weighted blend of real donor values),12.5,Rubitherm Technologies,RT60,0.473,12.5,Rubitherm Technologies,RT70HC,0.353,12.5,Rubitherm Technologies,RT50,0.174
Myristic acid/NBR-1.0,Literature,volume_expansion,12.8538,Standard,MICE + Random Forest + PMM (weighted blend of real donor values),12.5,Rubitherm Technologies,RT70HC,0.41,12.5,Rubitherm Technologies,RT60,0.354,14.0,Rubitherm Technologies,RT55,0.236
Myristic acid/NBR-0.5,Literature,volume_expansion,12.8652,Standard,MICE + Random Forest + PMM (weighted blend of real donor values),12.5,Rubitherm Technologies,RT70HC,0.405,12.5,Rubitherm Technologies,RT60,0.351,14.0,Rubitherm Technologies,RT55,0.243
savE® OM55,Pluss Advanced Technologies,volume_expansion,13.9042,Standard,MICE + Random Forest + PMM (weighted blend of real donor values),14.0,Rubitherm Technologies,RT55,0.936,12.5,Rubitherm Technologies,RT70HC,0.033,12.5,Rubitherm Technologies,RT60,0.031
Palmitic-stearic acid/Expanded graphite,Literature,volume_expansion,13.7754,Standard,MICE + Random Forest + PMM (weighted blend of real donor values),14.0,Rubitherm Technologies,RT55,0.85,12.5,Rubitherm Technologies,RT70HC,0.077,12.5,Rubitherm Technologies,RT60,0.073
RT57HC,Rubitherm Technologies,volume_expansion,12.5,Standard,MICE + Random Forest + PMM (weighted blend of real donor values),12.5,Rubitherm Technologies,RT60,0.887,12.5,Rubitherm Technologies,RT70HC,0.102,12.5,Rubitherm Technologies,RT50,0.011
n-Hexacosane (C26),Literature,volume_expansion,12.5,Standard,MICE + Random Forest + PMM (weighted blend of real donor values),12.5,Rubitherm Technologies,RT70HC,0.897,12.5,Rubitherm Technologies,RT60,0.094,12.5,Rubitherm Technologies,RT50,0.009
PlusICE A58,PCM Products Ltd.,volume_expansion,12.5,Standard,MICE + Random Forest + PMM (weighted blend of real donor values),12.5,Rubitherm Technologies,RT60,0.699,12.5,Rubitherm Technologies,RT70HC,0.283,12.5,Rubitherm Technologies,RT50,0.018
PureTemp 58,PureTemp,volume_expansion,12.5,Standard,MICE + Random Forest + PMM (weighted blend of real donor values),12.5,Rubitherm Technologies,RT60,0.669,12.5,Rubitherm Technologies,RT70HC,0.312,12.5,Rubitherm Technologies,RT50,0.019
n-Heptacosane (C27),Literature,volume_expansion,12.5,Standard,MICE + Random Forest + PMM (weighted blend of real donor values),12.5,Rubitherm Technologies,RT70HC,1.0,12.5,Rubitherm Technologies,RT60,0.0,12.5,Rubitherm Technologies,RT50,0.0
CrodaTherm 60,CrodaTherm,volume_expansion,12.5,Standard,MICE + Random Forest + PMM (weighted blend of real donor values),12.5,Rubitherm Technologies,RT60,0.601,12.5,Rubitherm Technologies,RT70HC,0.378,12.5,Rubitherm Technologies,RT50,0.021
Palmitic acid/Expanded graphite (80/20),Literature,volume_expansion,13.0345,Standard,MICE + Random Forest + PMM (weighted blend of real donor values),14.0,Rubitherm Technologies,RT55,0.356,12.5,Rubitherm Technologies,RT70HC,0.339,12.5,Rubitherm Technologies,RT60,0.305
PureTemp 60,PureTemp,volume_expansion,12.7518,Standard,MICE + Random Forest + PMM (weighted blend of real donor values),12.5,Rubitherm Technologies,RT70HC,0.457,12.5,Rubitherm Technologies,RT60,0.376,14.0,Rubitherm Technologies,RT55,0.168
RT65,Rubitherm Technologies,volume_expansion,12.5,Standard,MICE + Random Forest + PMM (weighted blend of real donor values),12.5,Rubitherm Technologies,RT70HC,0.69,12.5,Rubitherm Technologies,RT60,0.274,12.5,Rubitherm Technologies,RT50,0.036
n-Octacosane (C28),Literature,volume_expansion,12.5,Standard,MICE + Random Forest + PMM (weighted blend of real donor values),12.5,Rubitherm Technologies,RT60,0.64,12.5,Rubitherm Technologies,RT70HC,0.303,12.5,Rubitherm Technologies,RT50,0.057
PlusICE A62,PCM Products Ltd.,volume_expansion,12.5,Standard,MICE + Random Forest + PMM (weighted blend of real donor values),12.5,Rubitherm Technologies,RT70HC,0.511,12.5,Rubitherm Technologies,RT60,0.467,12.5,Rubitherm Technologies,RT50,0.021
RT62HC,Rubitherm Technologies,volume_expansion,12.5,Standard,MICE + Random Forest + PMM (weighted blend of real donor values),12.5,Rubitherm Technologies,RT60,0.691,12.5,Rubitherm Technologies,RT70HC,0.267,12.5,Rubitherm Technologies,RT50,0.042
Palmitic acid (C16),Literature,volume_expansion,12.7501,Standard,MICE + Random Forest + PMM (weighted blend of real donor values),12.5,Rubitherm Technologies,RT70HC,0.457,12.5,Rubitherm Technologies,RT60,0.376,14.0,Rubitherm Technologies,RT55,0.167
PureTemp 63,PureTemp,volume_expansion,12.5,Standard,MICE + Random Forest + PMM (weighted blend of real donor values),12.5,Rubitherm Technologies,RT70HC,0.968,12.5,Rubitherm Technologies,RT60,0.029,12.5,Rubitherm Technologies,RT50,0.002
RT64HC,Rubitherm Technologies,volume_expansion,12.5,Standard,MICE + Random Forest + PMM (weighted blend of real donor values),12.5,Rubitherm Technologies,RT60,0.758,12.5,Rubitherm Technologies,RT70HC,0.226,12.5,Rubitherm Technologies,RT50,0.016
n-Nonacosane (C29),Literature,volume_expansion,12.5,Standard,MICE + Random Forest + PMM (weighted blend of real donor values),12.5,Rubitherm Technologies,RT70HC,0.607,12.5,Rubitherm Technologies,RT60,0.373,12.5,Rubitherm Technologies,RT50,0.02
n-Triacontane (C30),Literature,volume_expansion,12.5,Standard,MICE + Random Forest + PMM (weighted blend of real donor values),12.5,Rubitherm Technologies,RT60,0.64,12.5,Rubitherm Technologies,RT70HC,0.303,12.5,Rubitherm Technologies,RT50,0.057
savE® OM65,Pluss Advanced Technologies,volume_expansion,13.8275,Standard,MICE + Random Forest + PMM (weighted blend of real donor values),14.0,Rubitherm Technologies,RT55,0.885,12.5,Rubitherm Technologies,RT70HC,0.059,12.5,Rubitherm Technologies,RT60,0.056
Stearic acid (C18),Literature,volume_expansion,12.7468,Standard,MICE + Random Forest + PMM (weighted blend of real donor values),12.5,Rubitherm Technologies,RT70HC,0.459,12.5,Rubitherm Technologies,RT60,0.376,14.0,Rubitherm Technologies,RT55,0.165
PureTemp 68,PureTemp,volume_expansion,12.5,Standard,MICE + Random Forest + PMM (weighted blend of real donor values),12.5,Rubitherm Technologies,RT70HC,1.0,12.5,Rubitherm Technologies,RT60,0.0,12.5,Rubitherm Technologies,RT50,0.0
n-Hentriacontane (C31),Literature,volume_expansion,12.7468,Standard,MICE + Random Forest + PMM (weighted blend of real donor values),12.5,Rubitherm Technologies,RT70HC,0.459,12.5,Rubitherm Technologies,RT60,0.376,14.0,Rubitherm Technologies,RT55,0.165
RT69HC,Rubitherm Technologies,volume_expansion,12.5,Standard,MICE + Random Forest + PMM (weighted blend of real donor values),12.5,Rubitherm Technologies,RT60,0.646,12.5,Rubitherm Technologies,RT70HC,0.299,12.5,Rubitherm Technologies,RT50,0.055
n-Dotriacontane (C32),Literature,volume_expansion,13.5491,Standard,MICE + Random Forest + PMM (weighted blend of real donor values),14.0,Rubitherm Technologies,RT55,0.699,12.5,Rubitherm Technologies,RT70HC,0.155,12.5,Rubitherm Technologies,RT60,0.145
n-Docosane (C22),Literature,max_op_temp,80.0716,Standard,MICE + Random Forest + PMM (weighted blend of real donor values),80.0,Rubitherm Technologies,RT60,0.993,90.0,Rubitherm Technologies,RT70HC,0.004,90.0,Pluss Advanced Technologies,savE® OM42,0.004
Lauric acid (C12),Literature,max_op_temp,82.6638,Standard,MICE + Random Forest + PMM (weighted blend of real donor values),80.0,Rubitherm Technologies,RT60,0.734,90.0,Rubitherm Technologies,RT70HC,0.136,90.0,Pluss Advanced Technologies,savE® OM42,0.131
n-Tricosane (C23),Literature,max_op_temp,90.0,Standard,MICE + Random Forest + PMM (weighted blend of real donor values),90.0,Rubitherm Technologies,RT70HC,0.395,90.0,Pluss Advanced Technologies,savE® OM42,0.362,90.0,Pluss Advanced Technologies,savE® OM46,0.243
Paraffin/Expanded graphite (85.56% paraffin),Literature,max_op_temp,90.0,Standard,MICE + Random Forest + PMM (weighted blend of real donor values),90.0,Rubitherm Technologies,RT70HC,0.395,90.0,Pluss Advanced Technologies,savE® OM42,0.362,90.0,Pluss Advanced Technologies,savE® OM46,0.243
Paraffin/HDPE PCM3,Literature,max_op_temp,90.0,Standard,MICE + Random Forest + PMM (weighted blend of real donor values),90.0,Pluss Advanced Technologies,savE® OM50,0.391,90.0,Rubitherm Technologies,RT57HC,0.356,90.0,Rubitherm Technologies,RT62HC,0.253
PlusICE A50,PCM Products Ltd.,max_op_temp,86.5698,Standard,MICE + Random Forest + PMM (weighted blend of real donor values),85.0,Rubitherm Technologies,RT54HC,0.443,90.0,Rubitherm Technologies,RT55,0.314,85.0,Rubitherm Technologies,RT65,0.243
Paraffin/HDPE PCM6,Literature,max_op_temp,90.0,Standard,MICE + Random Forest + PMM (weighted blend of real donor values),90.0,Pluss Advanced Technologies,savE® OM50,0.391,90.0,Rubitherm Technologies,RT57HC,0.356,90.0,Rubitherm Technologies,RT62HC,0.253
Paraffin/HDPE PCM2,Literature,max_op_temp,90.0,Standard,MICE + Random Forest + PMM (weighted blend of real donor values),90.0,Pluss Advanced Technologies,savE® OM50,0.373,90.0,Rubitherm Technologies,RT57HC,0.351,90.0,Rubitherm Technologies,RT62HC,0.276
PlusICE A52,PCM Products Ltd.,max_op_temp,85.0859,Standard,MICE + Random Forest + PMM (weighted blend of real donor values),85.0,Rubitherm Technologies,RT54HC,0.968,90.0,Rubitherm Technologies,RT55,0.017,85.0,Rubitherm Technologies,RT65,0.015
n-Tetracosane (C24),Literature,max_op_temp,87.9852,Standard,MICE + Random Forest + PMM (weighted blend of real donor values),90.0,Pluss Advanced Technologies,savE® OM48,0.429,85.0,Rubitherm Technologies,RT54HC,0.403,90.0,Rubitherm Technologies,RT55,0.168
Paraffin/Expanded graphite (92% paraffin),Literature,max_op_temp,89.2916,Standard,MICE + Random Forest + PMM (weighted blend of real donor values),90.0,Pluss Advanced Technologies,savE® OM48,0.782,85.0,Rubitherm Technologies,RT54HC,0.142,90.0,Rubitherm Technologies,RT55,0.076
Myristic acid (C14),Literature,max_op_temp,98.0337,Standard,MICE + Random Forest + PMM (weighted blend of real donor values),100.0,Rubitherm Technologies,RT69HC,0.398,95.0,Rubitherm Technologies,RT64HC,0.393,100.0,Pluss Advanced Technologies,savE® OM49,0.209
PureTemp 53,PureTemp,max_op_temp,90.0,Standard,MICE + Random Forest + PMM (weighted blend of real donor values),90.0,Pluss Advanced Technologies,savE® OM50,0.801,90.0,Rubitherm Technologies,RT57HC,0.164,90.0,Rubitherm Technologies,RT62HC,0.035
n-Pentacosane (C25),Literature,max_op_temp,88.3058,Standard,MICE + Random Forest + PMM (weighted blend of real donor values),90.0,Pluss Advanced Technologies,savE® OM48,0.508,85.0,Rubitherm Technologies,RT54HC,0.339,90.0,Rubitherm Technologies,RT55,0.153
Myristic acid/NBR-1.0,Literature,max_op_temp,86.9398,Standard,MICE + Random Forest + PMM (weighted blend of real donor values),85.0,Rubitherm Technologies,RT65,0.612,90.0,Rubitherm Technologies,RT55,0.218,90.0,Pluss Advanced Technologies,savE® OM46,0.17
Myristic acid/NBR-0.5,Literature,max_op_temp,88.9347,Standard,MICE + Random Forest + PMM (weighted blend of real donor values),90.0,Rubitherm Technologies,RT55,0.64,85.0,Rubitherm Technologies,RT65,0.213,90.0,Pluss Advanced Technologies,savE® OM46,0.146
Palmitic-stearic acid/Expanded graphite,Literature,max_op_temp,90.0,Standard,MICE + Random Forest + PMM (weighted blend of real donor values),90.0,Pluss Advanced Technologies,savE® OM48,0.502,90.0,Pluss Advanced Technologies,savE® OM50,0.251,90.0,Rubitherm Technologies,RT57HC,0.247
n-Hexacosane (C26),Literature,max_op_temp,86.4317,Standard,MICE + Random Forest + PMM (weighted blend of real donor values),85.0,Rubitherm Technologies,RT54HC,0.488,90.0,Rubitherm Technologies,RT55,0.286,85.0,Rubitherm Technologies,RT65,0.225
PlusICE A58,PCM Products Ltd.,max_op_temp,97.7376,Standard,MICE + Random Forest + PMM (weighted blend of real donor values),100.0,Rubitherm Technologies,RT69HC,0.464,95.0,Rubitherm Technologies,RT64HC,0.452,100.0,Pluss Advanced Technologies,savE® OM49,0.083
PureTemp 58,PureTemp,max_op_temp,90.0,Standard,MICE + Random Forest + PMM (weighted blend of real donor values),90.0,Pluss Advanced Technologies,savE® OM50,0.356,90.0,Rubitherm Technologies,RT57HC,0.344,90.0,Rubitherm Technologies,RT62HC,0.3
n-Heptacosane (C27),Literature,max_op_temp,90.0,Standard,MICE + Random Forest + PMM (weighted blend of real donor values),90.0,Rubitherm Technologies,RT70HC,0.458,90.0,Pluss Advanced Technologies,savE® OM42,0.369,90.0,Pluss Advanced Technologies,savE® OM46,0.172
CrodaTherm 60,CrodaTherm,max_op_temp,90.0,Standard,MICE + Random Forest + PMM (weighted blend of real donor values),90.0,Pluss Advanced Technologies,savE® OM50,0.562,90.0,Rubitherm Technologies,RT57HC,0.327,90.0,Rubitherm Technologies,RT62HC,0.112
Palmitic acid/Expanded graphite (80/20),Literature,max_op_temp,88.6012,Standard,MICE + Random Forest + PMM (weighted blend of real donor values),90.0,Rubitherm Technologies,RT55,0.506,85.0,Rubitherm Technologies,RT65,0.28,90.0,Pluss Advanced Technologies,savE® OM46,0.215
PureTemp 60,PureTemp,max_op_temp,90.0,Standard,MICE + Random Forest + PMM (weighted blend of real donor values),90.0,Pluss Advanced Technologies,savE® OM55,0.541,90.0,Rubitherm Technologies,RT62HC,0.355,90.0,Rubitherm Technologies,RT57HC,0.104
n-Octacosane (C28),Literature,max_op_temp,97.6594,Standard,MICE + Random Forest + PMM (weighted blend of real donor values),100.0,Rubitherm Technologies,RT69HC,0.496,95.0,Rubitherm Technologies,RT64HC,0.468,100.0,Pluss Advanced Technologies,savE® OM49,0.036
PlusICE A62,PCM Products Ltd.,max_op_temp,97.8819,Standard,MICE + Random Forest + PMM (weighted blend of real donor values),100.0,Rubitherm Technologies,RT69HC,0.43,95.0,Rubitherm Technologies,RT64HC,0.424,100.0,Pluss Advanced Technologies,savE® OM49,0.146
Palmitic acid (C16),Literature,max_op_temp,90.0,Standard,MICE + Random Forest + PMM (weighted blend of real donor values),90.0,Pluss Advanced Technologies,savE® OM50,0.501,90.0,Rubitherm Technologies,RT57HC,0.351,90.0,Rubitherm Technologies,RT62HC,0.148
PureTemp 63,PureTemp,max_op_temp,89.5635,Standard,MICE + Random Forest + PMM (weighted blend of real donor values),90.0,Pluss Advanced Technologies,savE® OM48,0.86,85.0,Rubitherm Technologies,RT54HC,0.087,90.0,Rubitherm Technologies,RT55,0.053
n-Nonacosane (C29),Literature,max_op_temp,97.6987,Standard,MICE + Random Forest + PMM (weighted blend of real donor values),100.0,Rubitherm Technologies,RT69HC,0.524,95.0,Rubitherm Technologies,RT64HC,0.46,100.0,Pluss Advanced Technologies,savE® OM49,0.016
n-Triacontane (C30),Literature,max_op_temp,97.7145,Standard,MICE + Random Forest + PMM (weighted blend of real donor values),100.0,Rubitherm Technologies,RT69HC,0.529,95.0,Rubitherm Technologies,RT64HC,0.457,100.0,Pluss Advanced Technologies,savE® OM49,0.014
Stearic acid (C18),Literature,max_op_temp,90.0,Standard,MICE + Random Forest + PMM (weighted blend of real donor values),90.0,Pluss Advanced Technologies,savE® OM65,0.569,90.0,Pluss Advanced Technologies,savE® OM55,0.219,90.0,Rubitherm Technologies,RT62HC,0.212
PureTemp 68,PureTemp,max_op_temp,97.6844,Standard,MICE + Random Forest + PMM (weighted blend of real donor values),100.0,Rubitherm Technologies,RT69HC,0.519,95.0,Rubitherm Technologies,RT64HC,0.463,100.0,Pluss Advanced Technologies,savE® OM49,0.018
n-Hentriacontane (C31),Literature,max_op_temp,90.0,Standard,MICE + Random Forest + PMM (weighted blend of real donor values),90.0,Pluss Advanced Technologies,savE® OM65,0.468,90.0,Pluss Advanced Technologies,savE® OM55,0.269,90.0,Rubitherm Technologies,RT62HC,0.263
n-Dotriacontane (C32),Literature,max_op_temp,90.0,Standard,MICE + Random Forest + PMM (weighted blend of real donor values),90.0,Pluss Advanced Technologies,savE® OM48,0.56,90.0,Pluss Advanced Technologies,savE® OM50,0.222,90.0,Rubitherm Technologies,RT57HC,0.218
n-Docosane (C22),Literature,flash_point,169.7559,Standard,MICE + Random Forest + PMM (weighted blend of real donor values),180.0,Rubitherm Technologies,RT44HC,0.403,170.0,Rubitherm Technologies,RT57HC,0.312,155.0,Rubitherm Technologies,RT45HC,0.285
Lauric acid (C12),Literature,flash_point,201.7333,Standard,MICE + Random Forest + PMM (weighted blend of real donor values),200.0,Rubitherm Technologies,RT50,0.682,200.0,Pluss Advanced Technologies,savE® OM42,0.249,225.0,Rubitherm Technologies,RT70HC,0.069
savE® OM46,Pluss Advanced Technologies,flash_point,205.8427,Standard,MICE + Random Forest + PMM (weighted blend of real donor values),200.0,Pluss Advanced Technologies,savE® OM42,0.565,225.0,Rubitherm Technologies,RT70HC,0.234,200.0,Rubitherm Technologies,RT50,0.202
n-Tricosane (C23),Literature,flash_point,169.5891,Standard,MICE + Random Forest + PMM (weighted blend of real donor values),170.0,Rubitherm Technologies,RT57HC,0.392,180.0,Rubitherm Technologies,RT44HC,0.348,155.0,Rubitherm Technologies,RT45HC,0.26
Paraffin/Expanded graphite (85.56% paraffin),Literature,flash_point,200.0,Standard,MICE + Random Forest + PMM (weighted blend of real donor values),200.0,Pluss Advanced Technologies,savE® OM50,0.777,200.0,Pluss Advanced Technologies,savE® OM55,0.121,200.0,Rubitherm Technologies,RT65,0.102
savE® OM49,Pluss Advanced Technologies,flash_point,169.5271,Standard,MICE + Random Forest + PMM (weighted blend of real donor values),170.0,Rubitherm Technologies,RT57HC,0.478,180.0,Rubitherm Technologies,RT44HC,0.294,155.0,Rubitherm Technologies,RT45HC,0.228
Paraffin/HDPE PCM3,Literature,flash_point,200.0,Standard,MICE + Random Forest + PMM (weighted blend of real donor values),200.0,Pluss Advanced Technologies,savE® OM48,0.403,200.0,Rubitherm Technologies,RT55,0.352,200.0,Rubitherm Technologies,RT65,0.245
PlusICE A50,PCM Products Ltd.,flash_point,191.1707,Standard,MICE + Random Forest + PMM (weighted blend of real donor values),190.0,Rubitherm Technologies,RT64HC,0.883,200.0,Rubitherm Technologies,RT50,0.065,200.0,Pluss Advanced Technologies,savE® OM42,0.052
Paraffin/HDPE PCM6,Literature,flash_point,200.0,Standard,MICE + Random Forest + PMM (weighted blend of real donor values),200.0,Pluss Advanced Technologies,savE® OM48,0.403,200.0,Rubitherm Technologies,RT55,0.352,200.0,Rubitherm Technologies,RT65,0.245
Paraffin/HDPE PCM2,Literature,flash_point,200.0,Standard,MICE + Random Forest + PMM (weighted blend of real donor values),200.0,Pluss Advanced Technologies,savE® OM48,0.407,200.0,Rubitherm Technologies,RT55,0.352,200.0,Rubitherm Technologies,RT65,0.242
PlusICE A52,PCM Products Ltd.,flash_point,190.2861,Standard,MICE + Random Forest + PMM (weighted blend of real donor values),190.0,Rubitherm Technologies,RT64HC,0.971,200.0,Rubitherm Technologies,RT50,0.016,200.0,Pluss Advanced Technologies,savE® OM42,0.013
n-Tetracosane (C24),Literature,flash_point,169.9031,Standard,MICE + Random Forest + PMM (weighted blend of real donor values),170.0,Rubitherm Technologies,RT57HC,0.935,180.0,Rubitherm Technologies,RT44HC,0.035,155.0,Rubitherm Technologies,RT45HC,0.03
Paraffin/Expanded graphite (92% paraffin),Literature,flash_point,200.0,Standard,MICE + Random Forest + PMM (weighted blend of real donor values),200.0,Pluss Advanced Technologies,savE® OM48,0.823,200.0,Rubitherm Technologies,RT55,0.141,200.0,Rubitherm Technologies,RT65,0.037
Myristic acid (C14),Literature,flash_point,198.7699,Standard,MICE + Random Forest + PMM (weighted blend of real donor values),200.0,Rubitherm Technologies,RT50,0.639,200.0,Pluss Advanced Technologies,savE® OM42,0.238,190.0,Rubitherm Technologies,RT64HC,0.123
PureTemp 53,PureTemp,flash_point,198.7793,Standard,MICE + Random Forest + PMM (weighted blend of real donor values),200.0,Rubitherm Technologies,RT50,0.64,200.0,Pluss Advanced Technologies,savE® OM42,0.238,190.0,Rubitherm Technologies,RT64HC,0.122
RT54HC,Rubitherm Technologies,flash_point,190.1679,Standard,MICE + Random Forest + PMM (weighted blend of real donor values),190.0,Rubitherm Technologies,RT64HC,0.983,200.0,Rubitherm Technologies,RT50,0.009,200.0,Pluss Advanced Technologies,savE® OM42,0.007
n-Pentacosane (C25),Literature,flash_point,169.9926,Standard,MICE + Random Forest + PMM (weighted blend of real donor values),170.0,Rubitherm Technologies,RT57HC,0.995,180.0,Rubitherm Technologies,RT44HC,0.003,155.0,Rubitherm Technologies,RT45HC,0.002
Myristic acid/NBR-1.0,Literature,flash_point,200.0,Standard,MICE + Random Forest + PMM (weighted blend of real donor values),200.0,Pluss Advanced Technologies,savE® OM48,0.536,200.0,Rubitherm Technologies,RT55,0.325,200.0,Rubitherm Technologies,RT65,0.139
Myristic acid/NBR-0.5,Literature,flash_point,200.0,Standard,MICE + Random Forest + PMM (weighted blend of real donor values),200.0,Pluss Advanced Technologies,savE® OM48,0.536,200.0,Rubitherm Technologies,RT55,0.325,200.0,Rubitherm Technologies,RT65,0.139
Palmitic-stearic acid/Expanded graphite,Literature,flash_point,200.0,Standard,MICE + Random Forest + PMM (weighted blend of real donor values),200.0,Pluss Advanced Technologies,savE® OM48,0.561,200.0,Rubitherm Technologies,RT55,0.313,200.0,Rubitherm Technologies,RT65,0.125
n-Hexacosane (C26),Literature,flash_point,192.3677,Standard,MICE + Random Forest + PMM (weighted blend of real donor values),190.0,Rubitherm Technologies,RT64HC,0.763,200.0,Rubitherm Technologies,RT50,0.13,200.0,Pluss Advanced Technologies,savE® OM42,0.106
PlusICE A58,PCM Products Ltd.,flash_point,192.7797,Standard,MICE + Random Forest + PMM (weighted blend of real donor values),190.0,Rubitherm Technologies,RT64HC,0.722,200.0,Rubitherm Technologies,RT50,0.152,200.0,Pluss Advanced Technologies,savE® OM42,0.126
PureTemp 58,PureTemp,flash_point,192.7759,Standard,MICE + Random Forest + PMM (weighted blend of real donor values),190.0,Rubitherm Technologies,RT64HC,0.722,200.0,Rubitherm Technologies,RT50,0.152,200.0,Pluss Advanced Technologies,savE® OM42,0.125
n-Heptacosane (C27),Literature,flash_point,195.3326,Standard,MICE + Random Forest + PMM (weighted blend of real donor values),190.0,Rubitherm Technologies,RT64HC,0.467,200.0,Rubitherm Technologies,RT50,0.316,200.0,Pluss Advanced Technologies,savE® OM42,0.217
CrodaTherm 60,CrodaTherm,flash_point,192.8476,Standard,MICE + Random Forest + PMM (weighted blend of real donor values),190.0,Rubitherm Technologies,RT64HC,0.715,200.0,Rubitherm Technologies,RT50,0.163,200.0,Pluss Advanced Technologies,savE® OM42,0.122
Palmitic acid/Expanded graphite (80/20),Literature,flash_point,200.0,Standard,MICE + Random Forest + PMM (weighted blend of real donor values),200.0,Pluss Advanced Technologies,savE® OM50,0.605,200.0,Rubitherm Technologies,RT65,0.265,200.0,Pluss Advanced Technologies,savE® OM55,0.13
PureTemp 60,PureTemp,flash_point,201.9338,Standard,MICE + Random Forest + PMM (weighted blend of real donor values),200.0,Rubitherm Technologies,RT50,0.63,200.0,Pluss Advanced Technologies,savE® OM42,0.292,225.0,Rubitherm Technologies,RT70HC,0.077
n-Octacosane (C28),Literature,flash_point,169.7519,Standard,MICE + Random Forest + PMM (weighted blend of real donor values),170.0,Rubitherm Technologies,RT57HC,0.841,180.0,Rubitherm Technologies,RT44HC,0.085,155.0,Rubitherm Technologies,RT45HC,0.074
PlusICE A62,PCM Products Ltd.,flash_point,192.1252,Standard,MICE + Random Forest + PMM (weighted blend of real donor values),190.0,Rubitherm Technologies,RT64HC,0.787,200.0,Rubitherm Technologies,RT50,0.121,200.0,Pluss Advanced Technologies,savE® OM42,0.092
RT62HC,Rubitherm Technologies,flash_point,173.409,Standard,MICE + Random Forest + PMM (weighted blend of real donor values),170.0,Rubitherm Technologies,RT57HC,0.737,180.0,Rubitherm Technologies,RT44HC,0.133,186.0,Rubitherm Technologies,RT42,0.13
Palmitic acid (C16),Literature,flash_point,202.1657,Standard,MICE + Random Forest + PMM (weighted blend of real donor values),200.0,Pluss Advanced Technologies,savE® OM42,0.644,200.0,Rubitherm Technologies,RT50,0.27,225.0,Rubitherm Technologies,RT70HC,0.087
PureTemp 63,PureTemp,flash_point,198.0436,Standard,MICE + Random Forest + PMM (weighted blend of real donor values),200.0,Rubitherm Technologies,RT50,0.538,200.0,Pluss Advanced Technologies,savE® OM42,0.267,190.0,Rubitherm Technologies,RT64HC,0.196
n-Nonacosane (C29),Literature,flash_point,190.2514,Standard,MICE + Random Forest + PMM (weighted blend of real donor values),190.0,Rubitherm Technologies,RT64HC,0.975,200.0,Rubitherm Technologies,RT50,0.014,200.0,Pluss Advanced Technologies,savE® OM42,0.011
n-Triacontane (C30),Literature,flash_point,174.1988,Standard,MICE + Random Forest + PMM (weighted blend of real donor values),170.0,Rubitherm Technologies,RT57HC,0.677,186.0,Rubitherm Technologies,RT42,0.162,180.0,Rubitherm Technologies,RT47,0.161
Stearic acid (C18),Literature,flash_point,200.0,Standard,MICE + Random Forest + PMM (weighted blend of real donor values),200.0,Rubitherm Technologies,RT60,0.397,200.0,Pluss Advanced Technologies,savE® OM55,0.322,200.0,Pluss Advanced Technologies,savE® OM50,0.28
PureTemp 68,PureTemp,flash_point,209.3533,Standard,MICE + Random Forest + PMM (weighted blend of real donor values),225.0,Rubitherm Technologies,RT70HC,0.374,200.0,Pluss Advanced Technologies,savE® OM48,0.326,200.0,Rubitherm Technologies,RT55,0.3
n-Hentriacontane (C31),Literature,flash_point,200.0,Standard,MICE + Random Forest + PMM (weighted blend of real donor values),200.0,Rubitherm Technologies,RT60,0.4,200.0,Pluss Advanced Technologies,savE® OM55,0.322,200.0,Pluss Advanced Technologies,savE® OM50,0.278
RT69HC,Rubitherm Technologies,flash_point,180.7747,Standard,MICE + Random Forest + PMM (weighted blend of real donor values),186.0,Rubitherm Technologies,RT42,0.416,180.0,Rubitherm Technologies,RT47,0.412,170.0,Rubitherm Technologies,RT57HC,0.172
n-Dotriacontane (C32),Literature,flash_point,200.0,Standard,MICE + Random Forest + PMM (weighted blend of real donor values),200.0,Pluss Advanced Technologies,savE® OM65,0.861,200.0,Rubitherm Technologies,RT60,0.072,200.0,Pluss Advanced Technologies,savE® OM55,0.067
RT42,Rubitherm Technologies,cycles_tested,1564.264,Standard,MICE + Random Forest + PMM (weighted blend of real donor values),1200.0,Pluss Advanced Technologies,savE® OM49,0.545,2000.0,Pluss Advanced Technologies,savE® OM48,0.246,2000.0,Pluss Advanced Technologies,savE® OM42,0.209
RT44HC,Rubitherm Technologies,cycles_tested,1215.9427,Standard,MICE + Random Forest + PMM (weighted blend of real donor values),1200.0,Pluss Advanced Technologies,savE® OM49,0.98,2000.0,Pluss Advanced Technologies,savE® OM48,0.011,2000.0,Pluss Advanced Technologies,savE® OM42,0.009
RT47,Rubitherm Technologies,cycles_tested,1665.067,Standard,MICE + Random Forest + PMM (weighted blend of real donor values),1200.0,Pluss Advanced Technologies,savE® OM49,0.419,2000.0,Pluss Advanced Technologies,savE® OM48,0.319,2000.0,Pluss Advanced Technologies,savE® OM42,0.263
n-Docosane (C22),Literature,cycles_tested,1439.7385,Standard,MICE + Random Forest + PMM (weighted blend of real donor values),1200.0,Pluss Advanced Technologies,savE® OM49,0.7,2000.0,Pluss Advanced Technologies,savE® OM48,0.16,2000.0,Pluss Advanced Technologies,savE® OM42,0.139
Lauric acid (C12),Literature,cycles_tested,2000.0,Standard,MICE + Random Forest + PMM (weighted blend of real donor values),2000.0,Pluss Advanced Technologies,savE® OM48,0.409,2000.0,Pluss Advanced Technologies,savE® OM42,0.308,2000.0,Pluss Advanced Technologies,savE® OM46,0.283
RT45HC,Rubitherm Technologies,cycles_tested,1215.9427,Standard,MICE + Random Forest + PMM (weighted blend of real donor values),1200.0,Pluss Advanced Technologies,savE® OM49,0.98,2000.0,Pluss Advanced Technologies,savE® OM48,0.011,2000.0,Pluss Advanced Technologies,savE® OM42,0.009
n-Tricosane (C23),Literature,cycles_tested,1215.9427,Standard,MICE + Random Forest + PMM (weighted blend of real donor values),1200.0,Pluss Advanced Technologies,savE® OM49,0.98,2000.0,Pluss Advanced Technologies,savE® OM48,0.011,2000.0,Pluss Advanced Technologies,savE® OM42,0.009
RT50,Rubitherm Technologies,cycles_tested,1675.1673,Standard,MICE + Random Forest + PMM (weighted blend of real donor values),1200.0,Pluss Advanced Technologies,savE® OM49,0.406,2000.0,Pluss Advanced Technologies,savE® OM48,0.326,2000.0,Pluss Advanced Technologies,savE® OM42,0.268
Paraffin/Expanded graphite (85.56% paraffin),Literature,cycles_tested,2000.0,Standard,MICE + Random Forest + PMM (weighted blend of real donor values),2000.0,Pluss Advanced Technologies,savE® OM48,0.465,2000.0,Pluss Advanced Technologies,savE® OM42,0.285,2000.0,Pluss Advanced Technologies,savE® OM46,0.251
Paraffin/HDPE PCM3,Literature,cycles_tested,2000.0,Standard,MICE + Random Forest + PMM (weighted blend of real donor values),2000.0,Pluss Advanced Technologies,savE® OM48,0.442,2000.0,Pluss Advanced Technologies,savE® OM42,0.294,2000.0,Pluss Advanced Technologies,savE® OM46,0.263
PlusICE A50,PCM Products Ltd.,cycles_tested,1525.7716,Standard,MICE + Random Forest + PMM (weighted blend of real donor values),1200.0,Pluss Advanced Technologies,savE® OM49,0.593,2000.0,Pluss Advanced Technologies,savE® OM48,0.219,2000.0,Pluss Advanced Technologies,savE® OM42,0.188
Paraffin/HDPE PCM6,Literature,cycles_tested,2000.0,Standard,MICE + Random Forest + PMM (weighted blend of real donor values),2000.0,Pluss Advanced Technologies,savE® OM48,0.45,2000.0,Pluss Advanced Technologies,savE® OM42,0.291,2000.0,Pluss Advanced Technologies,savE® OM46,0.259
Paraffin/HDPE PCM2,Literature,cycles_tested,2000.0,Standard,MICE + Random Forest + PMM (weighted blend of real donor values),2000.0,Pluss Advanced Technologies,savE® OM48,0.445,2000.0,Pluss Advanced Technologies,savE® OM42,0.293,2000.0,Pluss Advanced Technologies,savE® OM46,0.262
PlusICE A52,PCM Products Ltd.,cycles_tested,1446.9853,Standard,MICE + Random Forest + PMM (weighted blend of real donor values),1200.0,Pluss Advanced Technologies,savE® OM49,0.691,2000.0,Pluss Advanced Technologies,savE® OM48,0.165,2000.0,Pluss Advanced Technologies,savE® OM42,0.144
n-Tetracosane (C24),Literature,cycles_tested,1367.6504,Standard,MICE + Random Forest + PMM (weighted blend of real donor values),1200.0,Pluss Advanced Technologies,savE® OM49,0.79,2000.0,Pluss Advanced Technologies,savE® OM48,0.112,2000.0,Pluss Advanced Technologies,savE® OM42,0.098
Paraffin/Expanded graphite (92% paraffin),Literature,cycles_tested,2000.0,Standard,MICE + Random Forest + PMM (weighted blend of real donor values),2000.0,Pluss Advanced Technologies,savE® OM50,0.488,2000.0,Pluss Advanced Technologies,savE® OM46,0.311,2000.0,Pluss Advanced Technologies,savE® OM42,0.201
Myristic acid (C14),Literature,cycles_tested,1686.0768,Standard,MICE + Random Forest + PMM (weighted blend of real donor values),1200.0,Pluss Advanced Technologies,savE® OM49,0.392,2000.0,Pluss Advanced Technologies,savE® OM48,0.334,2000.0,Pluss Advanced Technologies,savE® OM42,0.273
PureTemp 53,PureTemp,cycles_tested,1686.0768,Standard,MICE + Random Forest + PMM (weighted blend of real donor values),1200.0,Pluss Advanced Technologies,savE® OM49,0.392,2000.0,Pluss Advanced Technologies,savE® OM48,0.334,2000.0,Pluss Advanced Technologies,savE® OM42,0.273
RT54HC,Rubitherm Technologies,cycles_tested,1473.8376,Standard,MICE + Random Forest + PMM (weighted blend of real donor values),1200.0,Pluss Advanced Technologies,savE® OM49,0.658,2000.0,Pluss Advanced Technologies,savE® OM48,0.183,2000.0,Pluss Advanced Technologies,savE® OM42,0.159
RT55,Rubitherm Technologies,cycles_tested,2000.0,Standard,MICE + Random Forest + PMM (weighted blend of real donor values),2000.0,Pluss Advanced Technologies,savE® OM48,0.424,2000.0,Pluss Advanced Technologies,savE® OM42,0.302,2000.0,Pluss Advanced Technologies,savE® OM46,0.274
n-Pentacosane (C25),Literature,cycles_tested,1403.8525,Standard,MICE + Random Forest + PMM (weighted blend of real donor values),1200.0,Pluss Advanced Technologies,savE® OM49,0.745,2000.0,Pluss Advanced Technologies,savE® OM48,0.136,2000.0,Pluss Advanced Technologies,savE® OM42,0.119
Myristic acid/NBR-1.0,Literature,cycles_tested,2000.0,Standard,MICE + Random Forest + PMM (weighted blend of real donor values),2000.0,Pluss Advanced Technologies,savE® OM42,0.411,2000.0,Pluss Advanced Technologies,savE® OM46,0.411,2000.0,Pluss Advanced Technologies,savE® OM50,0.178
Myristic acid/NBR-0.5,Literature,cycles_tested,2000.0,Standard,MICE + Random Forest + PMM (weighted blend of real donor values),2000.0,Pluss Advanced Technologies,savE® OM46,0.867,2000.0,Pluss Advanced Technologies,savE® OM50,0.075,2000.0,Pluss Advanced Technologies,savE® OM42,0.058
Palmitic-stearic acid/Expanded graphite,Literature,cycles_tested,2000.0,Standard,MICE + Random Forest + PMM (weighted blend of real donor values),2000.0,Pluss Advanced Technologies,savE® OM50,0.513,2000.0,Pluss Advanced Technologies,savE® OM46,0.302,2000.0,Pluss Advanced Technologies,savE® OM42,0.185
RT57HC,Rubitherm Technologies,cycles_tested,1403.8525,Standard,MICE + Random Forest + PMM (weighted blend of real donor values),1200.0,Pluss Advanced Technologies,savE® OM49,0.745,2000.0,Pluss Advanced Technologies,savE® OM48,0.136,2000.0,Pluss Advanced Technologies,savE® OM42,0.119
n-Hexacosane (C26),Literature,cycles_tested,1403.8525,Standard,MICE + Random Forest + PMM (weighted blend of real donor values),1200.0,Pluss Advanced Technologies,savE® OM49,0.745,2000.0,Pluss Advanced Technologies,savE® OM48,0.136,2000.0,Pluss Advanced Technologies,savE® OM42,0.119
PlusICE A58,PCM Products Ltd.,cycles_tested,1580.9039,Standard,MICE + Random Forest + PMM (weighted blend of real donor values),1200.0,Pluss Advanced Technologies,savE® OM49,0.524,2000.0,Pluss Advanced Technologies,savE® OM48,0.258,2000.0,Pluss Advanced Technologies,savE® OM42,0.218
PureTemp 58,PureTemp,cycles_tested,1619.532,Standard,MICE + Random Forest + PMM (weighted blend of real donor values),1200.0,Pluss Advanced Technologies,savE® OM49,0.476,2000.0,Pluss Advanced Technologies,savE® OM48,0.285,2000.0,Pluss Advanced Technologies,savE® OM42,0.239
RT60,Rubitherm Technologies,cycles_tested,2000.0,Standard,MICE + Random Forest + PMM (weighted blend of real donor values),2000.0,Pluss Advanced Technologies,savE® OM48,0.411,2000.0,Pluss Advanced Technologies,savE® OM42,0.307,2000.0,Pluss Advanced Technologies,savE® OM46,0.282
n-Heptacosane (C27),Literature,cycles_tested,1403.8525,Standard,MICE + Random Forest + PMM (weighted blend of real donor values),1200.0,Pluss Advanced Technologies,savE® OM49,0.745,2000.0,Pluss Advanced Technologies,savE® OM48,0.136,2000.0,Pluss Advanced Technologies,savE® OM42,0.119
CrodaTherm 60,CrodaTherm,cycles_tested,1533.4057,Standard,MICE + Random Forest + PMM (weighted blend of real donor values),1200.0,Pluss Advanced Technologies,savE® OM49,0.583,2000.0,Pluss Advanced Technologies,savE® OM48,0.224,2000.0,Pluss Advanced Technologies,savE® OM42,0.192
Palmitic acid/Expanded graphite (80/20),Literature,cycles_tested,2000.0,Standard,MICE + Random Forest + PMM (weighted blend of real donor values),2000.0,Pluss Advanced Technologies,savE® OM50,0.611,2000.0,Pluss Advanced Technologies,savE® OM46,0.254,2000.0,Pluss Advanced Technologies,savE® OM42,0.135
PureTemp 60,PureTemp,cycles_tested,1694.8505,Standard,MICE + Random Forest + PMM (weighted blend of real donor values),1200.0,Pluss Advanced Technologies,savE® OM49,0.381,2000.0,Pluss Advanced Technologies,savE® OM48,0.341,2000.0,Pluss Advanced Technologies,savE® OM42,0.277
RT65,Rubitherm Technologies,cycles_tested,2000.0,Standard,MICE + Random Forest + PMM (weighted blend of real donor values),2000.0,Pluss Advanced Technologies,savE® OM48,0.411,2000.0,Pluss Advanced Technologies,savE® OM42,0.307,2000.0,Pluss Advanced Technologies,savE® OM46,0.282
n-Octacosane (C28),Literature,cycles_tested,1580.9039,Standard,MICE + Random Forest + PMM (weighted blend of real donor values),1200.0,Pluss Advanced Technologies,savE® OM49,0.524,2000.0,Pluss Advanced Technologies,savE® OM48,0.258,2000.0,Pluss Advanced Technologies,savE® OM42,0.218
PlusICE A62,PCM Products Ltd.,cycles_tested,1580.9039,Standard,MICE + Random Forest + PMM (weighted blend of real donor values),1200.0,Pluss Advanced Technologies,savE® OM49,0.524,2000.0,Pluss Advanced Technologies,savE® OM48,0.258,2000.0,Pluss Advanced Technologies,savE® OM42,0.218
RT62HC,Rubitherm Technologies,cycles_tested,1403.8525,Standard,MICE + Random Forest + PMM (weighted blend of real donor values),1200.0,Pluss Advanced Technologies,savE® OM49,0.745,2000.0,Pluss Advanced Technologies,savE® OM48,0.136,2000.0,Pluss Advanced Technologies,savE® OM42,0.119
Palmitic acid (C16),Literature,cycles_tested,1694.8505,Standard,MICE + Random Forest + PMM (weighted blend of real donor values),1200.0,Pluss Advanced Technologies,savE® OM49,0.381,2000.0,Pluss Advanced Technologies,savE® OM48,0.341,2000.0,Pluss Advanced Technologies,savE® OM42,0.277
PureTemp 63,PureTemp,cycles_tested,1510.2265,Standard,MICE + Random Forest + PMM (weighted blend of real donor values),1200.0,Pluss Advanced Technologies,savE® OM49,0.612,2000.0,Pluss Advanced Technologies,savE® OM48,0.208,2000.0,Pluss Advanced Technologies,savE® OM42,0.179
RT64HC,Rubitherm Technologies,cycles_tested,1403.8525,Standard,MICE + Random Forest + PMM (weighted blend of real donor values),1200.0,Pluss Advanced Technologies,savE® OM49,0.745,2000.0,Pluss Advanced Technologies,savE® OM48,0.136,2000.0,Pluss Advanced Technologies,savE® OM42,0.119
n-Nonacosane (C29),Literature,cycles_tested,1403.8525,Standard,MICE + Random Forest + PMM (weighted blend of real donor values),1200.0,Pluss Advanced Technologies,savE® OM49,0.745,2000.0,Pluss Advanced Technologies,savE® OM48,0.136,2000.0,Pluss Advanced Technologies,savE® OM42,0.119
n-Triacontane (C30),Literature,cycles_tested,1580.9039,Standard,MICE + Random Forest + PMM (weighted blend of real donor values),1200.0,Pluss Advanced Technologies,savE® OM49,0.524,2000.0,Pluss Advanced Technologies,savE® OM48,0.258,2000.0,Pluss Advanced Technologies,savE® OM42,0.218
Stearic acid (C18),Literature,cycles_tested,1694.8505,Standard,MICE + Random Forest + PMM (weighted blend of real donor values),1200.0,Pluss Advanced Technologies,savE® OM49,0.381,2000.0,Pluss Advanced Technologies,savE® OM48,0.341,2000.0,Pluss Advanced Technologies,savE® OM42,0.277
PureTemp 68,PureTemp,cycles_tested,1403.8525,Standard,MICE + Random Forest + PMM (weighted blend of real donor values),1200.0,Pluss Advanced Technologies,savE® OM49,0.745,2000.0,Pluss Advanced Technologies,savE® OM48,0.136,2000.0,Pluss Advanced Technologies,savE® OM42,0.119
n-Hentriacontane (C31),Literature,cycles_tested,1694.8505,Standard,MICE + Random Forest + PMM (weighted blend of real donor values),1200.0,Pluss Advanced Technologies,savE® OM49,0.381,2000.0,Pluss Advanced Technologies,savE® OM48,0.341,2000.0,Pluss Advanced Technologies,savE® OM42,0.277
RT69HC,Rubitherm Technologies,cycles_tested,1550.8715,Standard,MICE + Random Forest + PMM (weighted blend of real donor values),1200.0,Pluss Advanced Technologies,savE® OM49,0.561,2000.0,Pluss Advanced Technologies,savE® OM48,0.237,2000.0,Pluss Advanced Technologies,savE® OM42,0.202
n-Dotriacontane (C32),Literature,cycles_tested,2000.0,Standard,MICE + Random Forest + PMM (weighted blend of real donor values),2000.0,Pluss Advanced Technologies,savE® OM50,0.513,2000.0,Pluss Advanced Technologies,savE® OM46,0.302,2000.0,Pluss Advanced Technologies,savE® OM42,0.185
RT70HC,Rubitherm Technologies,cycles_tested,1403.8525,Standard,MICE + Random Forest + PMM (weighted blend of real donor values),1200.0,Pluss Advanced Technologies,savE® OM49,0.745,2000.0,Pluss Advanced Technologies,savE® OM48,0.136,2000.0,Pluss Advanced Technologies,savE® OM42,0.119
RT42,Rubitherm Technologies,flammability,Yes,Standard,Random Forest classifier (nearest known-label PCMs shown as evidence),No,Pluss Advanced Technologies,savE® OM49,,Yes,Pluss Advanced Technologies,savE® OM55,,Yes,Pluss Advanced Technologies,savE® OM65,
RT44HC,Rubitherm Technologies,flammability,No,Standard,Random Forest classifier (nearest known-label PCMs shown as evidence),No,Pluss Advanced Technologies,savE® OM49,,Yes,Pluss Advanced Technologies,savE® OM42,,Yes,Pluss Advanced Technologies,savE® OM65,
RT47,Rubitherm Technologies,flammability,No,Standard,Random Forest classifier (nearest known-label PCMs shown as evidence),Yes,Pluss Advanced Technologies,savE® OM55,,Yes,Pluss Advanced Technologies,savE® OM65,,Yes,Pluss Advanced Technologies,savE® OM42,
n-Docosane (C22),Literature,flammability,No,Standard,Random Forest classifier (nearest known-label PCMs shown as evidence),No,Pluss Advanced Technologies,savE® OM49,,Yes,Pluss Advanced Technologies,savE® OM42,,Yes,Pluss Advanced Technologies,savE® OM65,
Lauric acid (C12),Literature,flammability,Yes,Standard,Random Forest classifier (nearest known-label PCMs shown as evidence),Yes,Pluss Advanced Technologies,savE® OM50,,Yes,Pluss Advanced Technologies,savE® OM48,,Yes,Pluss Advanced Technologies,savE® OM55,
RT45HC,Rubitherm Technologies,flammability,No,Standard,Random Forest classifier (nearest known-label PCMs shown as evidence),No,Pluss Advanced Technologies,savE® OM49,,Yes,Pluss Advanced Technologies,savE® OM55,,Yes,Pluss Advanced Technologies,savE® OM42,
n-Tricosane (C23),Literature,flammability,No,Standard,Random Forest classifier (nearest known-label PCMs shown as evidence),No,Pluss Advanced Technologies,savE® OM49,,Yes,Pluss Advanced Technologies,savE® OM42,,Yes,Pluss Advanced Technologies,savE® OM65,
RT50,Rubitherm Technologies,flammability,Yes,Standard,Random Forest classifier (nearest known-label PCMs shown as evidence),Yes,Pluss Advanced Technologies,savE® OM55,,Yes,Pluss Advanced Technologies,savE® OM65,,Yes,Pluss Advanced Technologies,savE® OM42,
Paraffin/Expanded graphite (85.56% paraffin),Literature,flammability,Yes,Standard,Random Forest classifier (nearest known-label PCMs shown as evidence),Yes,Pluss Advanced Technologies,savE® OM48,,No,Pluss Advanced Technologies,savE® OM46,,Yes,Pluss Advanced Technologies,savE® OM55,
Paraffin/HDPE PCM3,Literature,flammability,Yes,Standard,Random Forest classifier (nearest known-label PCMs shown as evidence),Yes,Pluss Advanced Technologies,savE® OM50,,Yes,Pluss Advanced Technologies,savE® OM55,,Yes,Pluss Advanced Technologies,savE® OM65,
PlusICE A50,PCM Products Ltd.,flammability,Yes,Standard,Random Forest classifier (nearest known-label PCMs shown as evidence),No,Pluss Advanced Technologies,savE® OM49,,Yes,Pluss Advanced Technologies,savE® OM42,,Yes,Pluss Advanced Technologies,savE® OM65,
Paraffin/HDPE PCM6,Literature,flammability,Yes,Standard,Random Forest classifier (nearest known-label PCMs shown as evidence),Yes,Pluss Advanced Technologies,savE® OM50,,Yes,Pluss Advanced Technologies,savE® OM55,,Yes,Pluss Advanced Technologies,savE® OM65,
Paraffin/HDPE PCM2,Literature,flammability,Yes,Standard,Random Forest classifier (nearest known-label PCMs shown as evidence),Yes,Pluss Advanced Technologies,savE® OM50,,Yes,Pluss Advanced Technologies,savE® OM55,,Yes,Pluss Advanced Technologies,savE® OM65,
PlusICE A52,PCM Products Ltd.,flammability,Yes,Standard,Random Forest classifier (nearest known-label PCMs shown as evidence),No,Pluss Advanced Technologies,savE® OM49,,Yes,Pluss Advanced Technologies,savE® OM42,,Yes,Pluss Advanced Technologies,savE® OM65,
n-Tetracosane (C24),Literature,flammability,Yes,Standard,Random Forest classifier (nearest known-label PCMs shown as evidence),No,Pluss Advanced Technologies,savE® OM49,,Yes,Pluss Advanced Technologies,savE® OM42,,Yes,Pluss Advanced Technologies,savE® OM65,
Paraffin/Expanded graphite (92% paraffin),Literature,flammability,Yes,Standard,Random Forest classifier (nearest known-label PCMs shown as evidence),Yes,Pluss Advanced Technologies,savE® OM55,,Yes,Pluss Advanced Technologies,savE® OM42,,Yes,Pluss Advanced Technologies,savE® OM65,
Myristic acid (C14),Literature,flammability,Yes,Standard,Random Forest classifier (nearest known-label PCMs shown as evidence),Yes,Pluss Advanced Technologies,savE® OM50,,Yes,Pluss Advanced Technologies,savE® OM48,,Yes,Pluss Advanced Technologies,savE® OM55,
PureTemp 53,PureTemp,flammability,Yes,Standard,Random Forest classifier (nearest known-label PCMs shown as evidence),Yes,Pluss Advanced Technologies,savE® OM55,,Yes,Pluss Advanced Technologies,savE® OM42,,Yes,Pluss Advanced Technologies,savE® OM65,
RT54HC,Rubitherm Technologies,flammability,Yes,Standard,Random Forest classifier (nearest known-label PCMs shown as evidence),No,Pluss Advanced Technologies,savE® OM49,,Yes,Pluss Advanced Technologies,savE® OM42,,Yes,Pluss Advanced Technologies,savE® OM65,
RT55,Rubitherm Technologies,flammability,Yes,Standard,Random Forest classifier (nearest known-label PCMs shown as evidence),Yes,Pluss Advanced Technologies,savE® OM55,,Yes,Pluss Advanced Technologies,savE® OM65,,Yes,Pluss Advanced Technologies,savE® OM42,
n-Pentacosane (C25),Literature,flammability,Yes,Standard,Random Forest classifier (nearest known-label PCMs shown as evidence),No,Pluss Advanced Technologies,savE® OM49,,Yes,Pluss Advanced Technologies,savE® OM42,,Yes,Pluss Advanced Technologies,savE® OM65,
Myristic acid/NBR-1.0,Literature,flammability,Yes,Standard,Random Forest classifier (nearest known-label PCMs shown as evidence),Yes,Pluss Advanced Technologies,savE® OM55,,Yes,Pluss Advanced Technologies,savE® OM65,,Yes,Pluss Advanced Technologies,savE® OM42,
Myristic acid/NBR-0.5,Literature,flammability,Yes,Standard,Random Forest classifier (nearest known-label PCMs shown as evidence),Yes,Pluss Advanced Technologies,savE® OM55,,Yes,Pluss Advanced Technologies,savE® OM65,,Yes,Pluss Advanced Technologies,savE® OM42,
Palmitic-stearic acid/Expanded graphite,Literature,flammability,Yes,Standard,Random Forest classifier (nearest known-label PCMs shown as evidence),Yes,Pluss Advanced Technologies,savE® OM65,,Yes,Pluss Advanced Technologies,savE® OM42,,Yes,Pluss Advanced Technologies,savE® OM55,
RT57HC,Rubitherm Technologies,flammability,Yes,Standard,Random Forest classifier (nearest known-label PCMs shown as evidence),No,Pluss Advanced Technologies,savE® OM49,,Yes,Pluss Advanced Technologies,savE® OM65,,Yes,Pluss Advanced Technologies,savE® OM55,
n-Hexacosane (C26),Literature,flammability,Yes,Standard,Random Forest classifier (nearest known-label PCMs shown as evidence),No,Pluss Advanced Technologies,savE® OM49,,Yes,Pluss Advanced Technologies,savE® OM42,,Yes,Pluss Advanced Technologies,savE® OM65,
PlusICE A58,PCM Products Ltd.,flammability,Yes,Standard,Random Forest classifier (nearest known-label PCMs shown as evidence),No,Pluss Advanced Technologies,savE® OM49,,Yes,Pluss Advanced Technologies,savE® OM42,,No,Pluss Advanced Technologies,savE® OM46,
PureTemp 58,PureTemp,flammability,Yes,Standard,Random Forest classifier (nearest known-label PCMs shown as evidence),Yes,Pluss Advanced Technologies,savE® OM65,,Yes,Pluss Advanced Technologies,savE® OM55,,Yes,Pluss Advanced Technologies,savE® OM42,
RT60,Rubitherm Technologies,flammability,Yes,Standard,Random Forest classifier (nearest known-label PCMs shown as evidence),Yes,Pluss Advanced Technologies,savE® OM55,,Yes,Pluss Advanced Technologies,savE® OM65,,Yes,Pluss Advanced Technologies,savE® OM42,
n-Heptacosane (C27),Literature,flammability,Yes,Standard,Random Forest classifier (nearest known-label PCMs shown as evidence),No,Pluss Advanced Technologies,savE® OM49,,Yes,Pluss Advanced Technologies,savE® OM42,,Yes,Pluss Advanced Technologies,savE® OM65,
CrodaTherm 60,CrodaTherm,flammability,Yes,Standard,Random Forest classifier (nearest known-label PCMs shown as evidence),No,Pluss Advanced Technologies,savE® OM49,,Yes,Pluss Advanced Technologies,savE® OM65,,Yes,Pluss Advanced Technologies,savE® OM55,
Palmitic acid/Expanded graphite (80/20),Literature,flammability,Yes,Standard,Random Forest classifier (nearest known-label PCMs shown as evidence),Yes,Pluss Advanced Technologies,savE® OM65,,Yes,Pluss Advanced Technologies,savE® OM55,,Yes,Pluss Advanced Technologies,savE® OM42,
PureTemp 60,PureTemp,flammability,Yes,Standard,Random Forest classifier (nearest known-label PCMs shown as evidence),Yes,Pluss Advanced Technologies,savE® OM50,,Yes,Pluss Advanced Technologies,savE® OM55,,Yes,Pluss Advanced Technologies,savE® OM65,
RT65,Rubitherm Technologies,flammability,Yes,Standard,Random Forest classifier (nearest known-label PCMs shown as evidence),Yes,Pluss Advanced Technologies,savE® OM65,,Yes,Pluss Advanced Technologies,savE® OM55,,Yes,Pluss Advanced Technologies,savE® OM42,
n-Octacosane (C28),Literature,flammability,No,Standard,Random Forest classifier (nearest known-label PCMs shown as evidence),No,Pluss Advanced Technologies,savE® OM49,,Yes,Pluss Advanced Technologies,savE® OM42,,Yes,Pluss Advanced Technologies,savE® OM65,
PlusICE A62,PCM Products Ltd.,flammability,Yes,Standard,Random Forest classifier (nearest known-label PCMs shown as evidence),No,Pluss Advanced Technologies,savE® OM49,,No,Pluss Advanced Technologies,savE® OM46,,Yes,Pluss Advanced Technologies,savE® OM42,
RT62HC,Rubitherm Technologies,flammability,Yes,Standard,Random Forest classifier (nearest known-label PCMs shown as evidence),No,Pluss Advanced Technologies,savE® OM49,,Yes,Pluss Advanced Technologies,savE® OM42,,Yes,Pluss Advanced Technologies,savE® OM65,
Palmitic acid (C16),Literature,flammability,Yes,Standard,Random Forest classifier (nearest known-label PCMs shown as evidence),Yes,Pluss Advanced Technologies,savE® OM50,,Yes,Pluss Advanced Technologies,savE® OM55,,Yes,Pluss Advanced Technologies,savE® OM48,
PureTemp 63,PureTemp,flammability,Yes,Standard,Random Forest classifier (nearest known-label PCMs shown as evidence),No,Pluss Advanced Technologies,savE® OM49,,Yes,Pluss Advanced Technologies,savE® OM65,,Yes,Pluss Advanced Technologies,savE® OM55,
RT64HC,Rubitherm Technologies,flammability,Yes,Standard,Random Forest classifier (nearest known-label PCMs shown as evidence),No,Pluss Advanced Technologies,savE® OM49,,Yes,Pluss Advanced Technologies,savE® OM65,,Yes,Pluss Advanced Technologies,savE® OM55,
n-Nonacosane (C29),Literature,flammability,Yes,Standard,Random Forest classifier (nearest known-label PCMs shown as evidence),No,Pluss Advanced Technologies,savE® OM49,,Yes,Pluss Advanced Technologies,savE® OM42,,Yes,Pluss Advanced Technologies,savE® OM65,
n-Triacontane (C30),Literature,flammability,No,Standard,Random Forest classifier (nearest known-label PCMs shown as evidence),No,Pluss Advanced Technologies,savE® OM49,,Yes,Pluss Advanced Technologies,savE® OM42,,No,Pluss Advanced Technologies,savE® OM46,
Stearic acid (C18),Literature,flammability,Yes,Standard,Random Forest classifier (nearest known-label PCMs shown as evidence),Yes,Pluss Advanced Technologies,savE® OM50,,No,Pluss Advanced Technologies,savE® OM46,,Yes,Pluss Advanced Technologies,savE® OM65,
PureTemp 68,PureTemp,flammability,No,Standard,Random Forest classifier (nearest known-label PCMs shown as evidence),No,Pluss Advanced Technologies,savE® OM49,,Yes,Pluss Advanced Technologies,savE® OM42,,Yes,Pluss Advanced Technologies,savE® OM65,
n-Hentriacontane (C31),Literature,flammability,Yes,Standard,Random Forest classifier (nearest known-label PCMs shown as evidence),Yes,Pluss Advanced Technologies,savE® OM50,,Yes,Pluss Advanced Technologies,savE® OM42,,No,Pluss Advanced Technologies,savE® OM46,
RT69HC,Rubitherm Technologies,flammability,Yes,Standard,Random Forest classifier (nearest known-label PCMs shown as evidence),No,Pluss Advanced Technologies,savE® OM49,,Yes,Pluss Advanced Technologies,savE® OM65,,Yes,Pluss Advanced Technologies,savE® OM55,
n-Dotriacontane (C32),Literature,flammability,Yes,Standard,Random Forest classifier (nearest known-label PCMs shown as evidence),Yes,Pluss Advanced Technologies,savE® OM65,,Yes,Pluss Advanced Technologies,savE® OM55,,Yes,Pluss Advanced Technologies,savE® OM42,
RT70HC,Rubitherm Technologies,flammability,Yes,Standard,Random Forest classifier (nearest known-label PCMs shown as evidence),No,Pluss Advanced Technologies,savE® OM49,,Yes,Pluss Advanced Technologies,savE® OM65,,Yes,Pluss Advanced Technologies,savE® OM55,
RT42,Rubitherm Technologies,appearance,White waxy solid @25°C,Standard,Random Forest classifier (nearest known-label PCMs shown as evidence),White flakes at 25 °C,Pluss Advanced Technologies,savE® OM49,,White solid @25 °C,Pluss Advanced Technologies,savE® OM55,,White waxy Solid @25 °C,Pluss Advanced Technologies,savE® OM65,
RT44HC,Rubitherm Technologies,appearance,White flakes at 25 °C,Standard,Random Forest classifier (nearest known-label PCMs shown as evidence),White flakes at 25 °C,Pluss Advanced Technologies,savE® OM49,,White solid @25°C,Pluss Advanced Technologies,savE® OM42,,White waxy Solid @25 °C,Pluss Advanced Technologies,savE® OM65,
RT47,Rubitherm Technologies,appearance,White waxy solid @25°C,Standard,Random Forest classifier (nearest known-label PCMs shown as evidence),White solid @25 °C,Pluss Advanced Technologies,savE® OM55,,White waxy Solid @25 °C,Pluss Advanced Technologies,savE® OM65,,White solid @25°C,Pluss Advanced Technologies,savE® OM42,
n-Docosane (C22),Literature,appearance,White flakes at 25 °C,Standard,Random Forest classifier (nearest known-label PCMs shown as evidence),White flakes at 25 °C,Pluss Advanced Technologies,savE® OM49,,White solid @25°C,Pluss Advanced Technologies,savE® OM42,,White waxy Solid @25 °C,Pluss Advanced Technologies,savE® OM65,
Lauric acid (C12),Literature,appearance,White waxy solid @25°C,Standard,Random Forest classifier (nearest known-label PCMs shown as evidence),White color waxy solid @25°C,Pluss Advanced Technologies,savE® OM50,,White waxy solid @25°C,Pluss Advanced Technologies,savE® OM48,,White solid @25 °C,Pluss Advanced Technologies,savE® OM55,
RT45HC,Rubitherm Technologies,appearance,White flakes at 25 °C,Standard,Random Forest classifier (nearest known-label PCMs shown as evidence),White flakes at 25 °C,Pluss Advanced Technologies,savE® OM49,,White solid @25 °C,Pluss Advanced Technologies,savE® OM55,,White solid @25°C,Pluss Advanced Technologies,savE® OM42,
n-Tricosane (C23),Literature,appearance,White flakes at 25 °C,Standard,Random Forest classifier (nearest known-label PCMs shown as evidence),White flakes at 25 °C,Pluss Advanced Technologies,savE® OM49,,White solid @25°C,Pluss Advanced Technologies,savE® OM42,,White waxy Solid @25 °C,Pluss Advanced Technologies,savE® OM65,
RT50,Rubitherm Technologies,appearance,White waxy solid @25°C,Standard,Random Forest classifier (nearest known-label PCMs shown as evidence),White solid @25 °C,Pluss Advanced Technologies,savE® OM55,,White waxy Solid @25 °C,Pluss Advanced Technologies,savE® OM65,,White solid @25°C,Pluss Advanced Technologies,savE® OM42,
Paraffin/Expanded graphite (85.56% paraffin),Literature,appearance,White waxy solid @25°C,Standard,Random Forest classifier (nearest known-label PCMs shown as evidence),White waxy solid @25°C,Pluss Advanced Technologies,savE® OM48,,White waxy solid @25°C,Pluss Advanced Technologies,savE® OM46,,White solid @25 °C,Pluss Advanced Technologies,savE® OM55,
Paraffin/HDPE PCM3,Literature,appearance,White waxy solid @25°C,Standard,Random Forest classifier (nearest known-label PCMs shown as evidence),White color waxy solid @25°C,Pluss Advanced Technologies,savE® OM50,,White solid @25 °C,Pluss Advanced Technologies,savE® OM55,,White waxy Solid @25 °C,Pluss Advanced Technologies,savE® OM65,
PlusICE A50,PCM Products Ltd.,appearance,White waxy solid @25°C,Standard,Random Forest classifier (nearest known-label PCMs shown as evidence),White flakes at 25 °C,Pluss Advanced Technologies,savE® OM49,,White solid @25°C,Pluss Advanced Technologies,savE® OM42,,White waxy Solid @25 °C,Pluss Advanced Technologies,savE® OM65,
Paraffin/HDPE PCM6,Literature,appearance,White waxy solid @25°C,Standard,Random Forest classifier (nearest known-label PCMs shown as evidence),White color waxy solid @25°C,Pluss Advanced Technologies,savE® OM50,,White solid @25 °C,Pluss Advanced Technologies,savE® OM55,,White waxy Solid @25 °C,Pluss Advanced Technologies,savE® OM65,
Paraffin/HDPE PCM2,Literature,appearance,White waxy solid @25°C,Standard,Random Forest classifier (nearest known-label PCMs shown as evidence),White color waxy solid @25°C,Pluss Advanced Technologies,savE® OM50,,White solid @25 °C,Pluss Advanced Technologies,savE® OM55,,White waxy Solid @25 °C,Pluss Advanced Technologies,savE® OM65,
PlusICE A52,PCM Products Ltd.,appearance,White flakes at 25 °C,Standard,Random Forest classifier (nearest known-label PCMs shown as evidence),White flakes at 25 °C,Pluss Advanced Technologies,savE® OM49,,White solid @25°C,Pluss Advanced Technologies,savE® OM42,,White waxy Solid @25 °C,Pluss Advanced Technologies,savE® OM65,
n-Tetracosane (C24),Literature,appearance,White flakes at 25 °C,Standard,Random Forest classifier (nearest known-label PCMs shown as evidence),White flakes at 25 °C,Pluss Advanced Technologies,savE® OM49,,White solid @25°C,Pluss Advanced Technologies,savE® OM42,,White waxy Solid @25 °C,Pluss Advanced Technologies,savE® OM65,
Paraffin/Expanded graphite (92% paraffin),Literature,appearance,White waxy solid @25°C,Standard,Random Forest classifier (nearest known-label PCMs shown as evidence),White solid @25 °C,Pluss Advanced Technologies,savE® OM55,,White solid @25°C,Pluss Advanced Technologies,savE® OM42,,White waxy Solid @25 °C,Pluss Advanced Technologies,savE® OM65,
Myristic acid (C14),Literature,appearance,White color waxy solid @25°C,Standard,Random Forest classifier (nearest known-label PCMs shown as evidence),White color waxy solid @25°C,Pluss Advanced Technologies,savE® OM50,,White waxy solid @25°C,Pluss Advanced Technologies,savE® OM48,,White solid @25 °C,Pluss Advanced Technologies,savE® OM55,
PureTemp 53,PureTemp,appearance,White color waxy solid @25°C,Standard,Random Forest classifier (nearest known-label PCMs shown as evidence),White solid @25 °C,Pluss Advanced Technologies,savE® OM55,,White solid @25°C,Pluss Advanced Technologies,savE® OM42,,White waxy Solid @25 °C,Pluss Advanced Technologies,savE® OM65,
RT54HC,Rubitherm Technologies,appearance,White flakes at 25 °C,Standard,Random Forest classifier (nearest known-label PCMs shown as evidence),White flakes at 25 °C,Pluss Advanced Technologies,savE® OM49,,White solid @25°C,Pluss Advanced Technologies,savE® OM42,,White waxy Solid @25 °C,Pluss Advanced Technologies,savE® OM65,
RT55,Rubitherm Technologies,appearance,White waxy solid @25°C,Standard,Random Forest classifier (nearest known-label PCMs shown as evidence),White solid @25 °C,Pluss Advanced Technologies,savE® OM55,,White waxy Solid @25 °C,Pluss Advanced Technologies,savE® OM65,,White solid @25°C,Pluss Advanced Technologies,savE® OM42,
n-Pentacosane (C25),Literature,appearance,White flakes at 25 °C,Standard,Random Forest classifier (nearest known-label PCMs shown as evidence),White flakes at 25 °C,Pluss Advanced Technologies,savE® OM49,,White solid @25°C,Pluss Advanced Technologies,savE® OM42,,White waxy Solid @25 °C,Pluss Advanced Technologies,savE® OM65,
Myristic acid/NBR-1.0,Literature,appearance,White solid @25 °C,Standard,Random Forest classifier (nearest known-label PCMs shown as evidence),White solid @25 °C,Pluss Advanced Technologies,savE® OM55,,White waxy Solid @25 °C,Pluss Advanced Technologies,savE® OM65,,White solid @25°C,Pluss Advanced Technologies,savE® OM42,
Myristic acid/NBR-0.5,Literature,appearance,White waxy solid @25°C,Standard,Random Forest classifier (nearest known-label PCMs shown as evidence),White solid @25 °C,Pluss Advanced Technologies,savE® OM55,,White waxy Solid @25 °C,Pluss Advanced Technologies,savE® OM65,,White solid @25°C,Pluss Advanced Technologies,savE® OM42,
Palmitic-stearic acid/Expanded graphite,Literature,appearance,White solid @25 °C,Standard,Random Forest classifier (nearest known-label PCMs shown as evidence),White waxy Solid @25 °C,Pluss Advanced Technologies,savE® OM65,,White solid @25°C,Pluss Advanced Technologies,savE® OM42,,White solid @25 °C,Pluss Advanced Technologies,savE® OM55,
RT57HC,Rubitherm Technologies,appearance,White flakes at 25 °C,Standard,Random Forest classifier (nearest known-label PCMs shown as evidence),White flakes at 25 °C,Pluss Advanced Technologies,savE® OM49,,White waxy Solid @25 °C,Pluss Advanced Technologies,savE® OM65,,White solid @25 °C,Pluss Advanced Technologies,savE® OM55,
n-Hexacosane (C26),Literature,appearance,White flakes at 25 °C,Standard,Random Forest classifier (nearest known-label PCMs shown as evidence),White flakes at 25 °C,Pluss Advanced Technologies,savE® OM49,,White solid @25°C,Pluss Advanced Technologies,savE® OM42,,White waxy Solid @25 °C,Pluss Advanced Technologies,savE® OM65,
PlusICE A58,PCM Products Ltd.,appearance,White flakes at 25 °C,Standard,Random Forest classifier (nearest known-label PCMs shown as evidence),White flakes at 25 °C,Pluss Advanced Technologies,savE® OM49,,White solid @25°C,Pluss Advanced Technologies,savE® OM42,,White waxy solid @25°C,Pluss Advanced Technologies,savE® OM46,
PureTemp 58,PureTemp,appearance,White color waxy solid @25°C,Standard,Random Forest classifier (nearest known-label PCMs shown as evidence),White waxy Solid @25 °C,Pluss Advanced Technologies,savE® OM65,,White solid @25 °C,Pluss Advanced Technologies,savE® OM55,,White solid @25°C,Pluss Advanced Technologies,savE® OM42,
RT60,Rubitherm Technologies,appearance,White waxy solid @25°C,Standard,Random Forest classifier (nearest known-label PCMs shown as evidence),White solid @25 °C,Pluss Advanced Technologies,savE® OM55,,White waxy Solid @25 °C,Pluss Advanced Technologies,savE® OM65,,White solid @25°C,Pluss Advanced Technologies,savE® OM42,
n-Heptacosane (C27),Literature,appearance,White flakes at 25 °C,Standard,Random Forest classifier (nearest known-label PCMs shown as evidence),White flakes at 25 °C,Pluss Advanced Technologies,savE® OM49,,White solid @25°C,Pluss Advanced Technologies,savE® OM42,,White waxy Solid @25 °C,Pluss Advanced Technologies,savE® OM65,
CrodaTherm 60,CrodaTherm,appearance,White flakes at 25 °C,Standard,Random Forest classifier (nearest known-label PCMs shown as evidence),White flakes at 25 °C,Pluss Advanced Technologies,savE® OM49,,White waxy Solid @25 °C,Pluss Advanced Technologies,savE® OM65,,White solid @25 °C,Pluss Advanced Technologies,savE® OM55,
Palmitic acid/Expanded graphite (80/20),Literature,appearance,White waxy solid @25°C,Standard,Random Forest classifier (nearest known-label PCMs shown as evidence),White waxy Solid @25 °C,Pluss Advanced Technologies,savE® OM65,,White solid @25 °C,Pluss Advanced Technologies,savE® OM55,,White solid @25°C,Pluss Advanced Technologies,savE® OM42,
PureTemp 60,PureTemp,appearance,White waxy solid @25°C,Standard,Random Forest classifier (nearest known-label PCMs shown as evidence),White color waxy solid @25°C,Pluss Advanced Technologies,savE® OM50,,White solid @25 °C,Pluss Advanced Technologies,savE® OM55,,White waxy Solid @25 °C,Pluss Advanced Technologies,savE® OM65,
RT65,Rubitherm Technologies,appearance,White waxy solid @25°C,Standard,Random Forest classifier (nearest known-label PCMs shown as evidence),White waxy Solid @25 °C,Pluss Advanced Technologies,savE® OM65,,White solid @25 °C,Pluss Advanced Technologies,savE® OM55,,White solid @25°C,Pluss Advanced Technologies,savE® OM42,
n-Octacosane (C28),Literature,appearance,White flakes at 25 °C,Standard,Random Forest classifier (nearest known-label PCMs shown as evidence),White flakes at 25 °C,Pluss Advanced Technologies,savE® OM49,,White solid @25°C,Pluss Advanced Technologies,savE® OM42,,White waxy Solid @25 °C,Pluss Advanced Technologies,savE® OM65,
PlusICE A62,PCM Products Ltd.,appearance,White flakes at 25 °C,Standard,Random Forest classifier (nearest known-label PCMs shown as evidence),White flakes at 25 °C,Pluss Advanced Technologies,savE® OM49,,White waxy solid @25°C,Pluss Advanced Technologies,savE® OM46,,White solid @25°C,Pluss Advanced Technologies,savE® OM42,
RT62HC,Rubitherm Technologies,appearance,White flakes at 25 °C,Standard,Random Forest classifier (nearest known-label PCMs shown as evidence),White flakes at 25 °C,Pluss Advanced Technologies,savE® OM49,,White solid @25°C,Pluss Advanced Technologies,savE® OM42,,White waxy Solid @25 °C,Pluss Advanced Technologies,savE® OM65,
Palmitic acid (C16),Literature,appearance,White color waxy solid @25°C,Standard,Random Forest classifier (nearest known-label PCMs shown as evidence),White color waxy solid @25°C,Pluss Advanced Technologies,savE® OM50,,White solid @25 °C,Pluss Advanced Technologies,savE® OM55,,White waxy solid @25°C,Pluss Advanced Technologies,savE® OM48,
PureTemp 63,PureTemp,appearance,White color waxy solid @25°C,Standard,Random Forest classifier (nearest known-label PCMs shown as evidence),White flakes at 25 °C,Pluss Advanced Technologies,savE® OM49,,White waxy Solid @25 °C,Pluss Advanced Technologies,savE® OM65,,White solid @25 °C,Pluss Advanced Technologies,savE® OM55,
RT64HC,Rubitherm Technologies,appearance,White flakes at 25 °C,Standard,Random Forest classifier (nearest known-label PCMs shown as evidence),White flakes at 25 °C,Pluss Advanced Technologies,savE® OM49,,White waxy Solid @25 °C,Pluss Advanced Technologies,savE® OM65,,White solid @25 °C,Pluss Advanced Technologies,savE® OM55,
n-Nonacosane (C29),Literature,appearance,White flakes at 25 °C,Standard,Random Forest classifier (nearest known-label PCMs shown as evidence),White flakes at 25 °C,Pluss Advanced Technologies,savE® OM49,,White solid @25°C,Pluss Advanced Technologies,savE® OM42,,White waxy Solid @25 °C,Pluss Advanced Technologies,savE® OM65,
n-Triacontane (C30),Literature,appearance,White flakes at 25 °C,Standard,Random Forest classifier (nearest known-label PCMs shown as evidence),White flakes at 25 °C,Pluss Advanced Technologies,savE® OM49,,White solid @25°C,Pluss Advanced Technologies,savE® OM42,,White waxy solid @25°C,Pluss Advanced Technologies,savE® OM46,
Stearic acid (C18),Literature,appearance,White waxy solid @25°C,Standard,Random Forest classifier (nearest known-label PCMs shown as evidence),White color waxy solid @25°C,Pluss Advanced Technologies,savE® OM50,,White waxy solid @25°C,Pluss Advanced Technologies,savE® OM46,,White waxy Solid @25 °C,Pluss Advanced Technologies,savE® OM65,
PureTemp 68,PureTemp,appearance,White flakes at 25 °C,Standard,Random Forest classifier (nearest known-label PCMs shown as evidence),White flakes at 25 °C,Pluss Advanced Technologies,savE® OM49,,White solid @25°C,Pluss Advanced Technologies,savE® OM42,,White waxy Solid @25 °C,Pluss Advanced Technologies,savE® OM65,
n-Hentriacontane (C31),Literature,appearance,White waxy solid @25°C,Standard,Random Forest classifier (nearest known-label PCMs shown as evidence),White color waxy solid @25°C,Pluss Advanced Technologies,savE® OM50,,White solid @25°C,Pluss Advanced Technologies,savE® OM42,,White waxy solid @25°C,Pluss Advanced Technologies,savE® OM46,
RT69HC,Rubitherm Technologies,appearance,White flakes at 25 °C,Standard,Random Forest classifier (nearest known-label PCMs shown as evidence),White flakes at 25 °C,Pluss Advanced Technologies,savE® OM49,,White waxy Solid @25 °C,Pluss Advanced Technologies,savE® OM65,,White solid @25 °C,Pluss Advanced Technologies,savE® OM55,
n-Dotriacontane (C32),Literature,appearance,White waxy Solid @25 °C,Standard,Random Forest classifier (nearest known-label PCMs shown as evidence),White waxy Solid @25 °C,Pluss Advanced Technologies,savE® OM65,,White solid @25 °C,Pluss Advanced Technologies,savE® OM55,,White solid @25°C,Pluss Advanced Technologies,savE® OM42,
RT70HC,Rubitherm Technologies,appearance,White flakes at 25 °C,Standard,Random Forest classifier (nearest known-label PCMs shown as evidence),White flakes at 25 °C,Pluss Advanced Technologies,savE® OM49,,White waxy Solid @25 °C,Pluss Advanced Technologies,savE® OM65,,White solid @25 °C,Pluss Advanced Technologies,savE® OM55,
