point_id,date,GHI_daily_kWh,GHIcs_daily_kWh,kt_daily,Ta_mean_C,Ta_max_C,Ta_min_C,DTR_C,RH_mean_pct,wind_mean_ms,cluster_id
TNP_0009,2016-01-01,4.6892,5.66122,0.8283020267716145,20.611666666666668,26.5,15.58,10.92,86.27749999999999,3.4591666666666665,2
TNP_0009,2016-01-02,5.5526800000000005,5.744440000000001,0.9666181559908364,20.70583333333333,26.81,15.34,11.47,83.93333333333334,2.765416666666667,2
TNP_0009,2016-01-03,5.74262,5.7678400000000005,0.9956274792643344,20.905,27.17,15.42,11.750000000000002,84.47583333333334,2.3545833333333333,2
TNP_0009,2016-01-04,5.706639999999999,5.77756,0.9877249219393652,20.905833333333334,26.83,16.26,10.569999999999997,83.2,2.5483333333333333,2
TNP_0009,2016-01-05,5.03716,5.56193,0.9056496575828894,20.72041666666667,26.8,15.79,11.010000000000002,83.80708333333332,2.75625,2
TNP_0009,2016-01-06,4.75533,5.31586,0.8945551613473643,20.65041666666667,26.79,15.55,11.239999999999998,84.16208333333334,2.9645833333333336,2
TNP_0009,2016-01-07,4.376390000000001,5.238269999999999,0.8354647622211152,20.44875,26.44,15.66,10.78,83.74249999999999,2.9308333333333336,2
TNP_0009,2016-01-08,4.8391,5.4048,0.895333777383067,20.49083333333333,26.14,15.76,10.38,83.41708333333334,2.7304166666666667,2
TNP_0009,2016-01-09,5.4101300000000005,5.730390000000001,0.9441120063381376,20.196250000000003,26.46,15.54,10.920000000000002,79.7175,2.4266666666666667,2
TNP_0009,2016-01-10,5.62845,5.85243,0.9617287178146512,19.98208333333333,26.43,14.93,11.5,79.31041666666667,2.2204166666666665,2
TNP_0009,2016-01-11,5.46764,5.71525,0.9566755609990816,20.715416666666663,26.41,14.8,11.61,76.835,2.2133333333333334,2
TNP_0009,2016-01-12,5.6004,5.6346300000000005,0.9939250669520446,20.60375,26.57,15.85,10.72,76.89333333333333,1.9683333333333333,2
TNP_0009,2016-01-13,4.4273,5.31449,0.8330620623992142,20.232916666666664,25.92,15.73,10.19,79.17958333333333,1.82375,2
TNP_0009,2016-01-14,5.25249,5.46169,0.9616968374257784,20.27083333333333,26.47,15.94,10.53,82.18166666666667,2.1720833333333336,2
TNP_0009,2016-01-15,5.563969999999999,5.701239999999999,0.9759227817106454,20.692916666666665,26.78,15.71,11.07,83.27791666666667,2.0154166666666664,2
TNP_0009,2016-01-16,5.49826,5.58126,0.9851288060402132,20.78875,26.64,15.39,11.25,78.84625,1.9520833333333332,2
TNP_0009,2016-01-17,4.86461,5.220350000000001,0.9318551438121964,20.82375,26.31,16.93,9.38,80.58708333333333,1.7958333333333334,2
TNP_0009,2016-01-18,4.99988,5.28515,0.946024237722676,21.825833333333332,26.94,16.24,10.700000000000005,81.99875,2.01125,2
TNP_0009,2016-01-19,3.96641,5.28139,0.7510163044198591,23.0275,28.11,19.76,8.349999999999998,83.80458333333333,1.8358333333333332,2
TNP_0009,2016-01-20,3.39395,4.55757,0.7446841189493524,23.29125,27.77,20.21,7.559999999999999,84.82583333333334,1.9858333333333336,2
TNP_0009,2016-01-21,3.88488,4.66488,0.8327931265112929,22.74791666666667,27.76,18.73,9.03,84.34375,2.160833333333333,2
TNP_0009,2016-01-22,3.40015,4.766,0.7134179605539236,22.317916666666665,25.38,18.88,6.5,89.86708333333333,2.5383333333333336,2
TNP_0009,2016-01-23,3.25587,5.28929,0.6155589880683419,23.24833333333333,27.41,20.52,6.890000000000001,87.46749999999999,4.24125,2
TNP_0009,2016-01-24,3.63422,5.48294,0.6628232298730243,23.508750000000003,28.49,20.04,8.45,86.85416666666667,3.4404166666666662,2
TNP_0009,2016-01-25,4.78466,5.62066,0.8512630189337195,23.47791666666667,28.48,19.89,8.59,83.615,2.0795833333333333,2
TNP_0009,2016-01-26,4.80007,5.34945,0.8973015917524231,23.255,28.87,19.17,9.7,82.05624999999999,1.6925,2
TNP_0009,2016-01-27,5.58105,5.757890000000001,0.9692873604740624,22.79375,29.1,18.02,11.080000000000002,81.82958333333333,1.819583333333333,2
TNP_0009,2016-01-28,5.88999,5.92252,0.9945074056313868,22.74291666666667,29.38,17.39,11.989999999999998,78.26916666666666,1.81375,2
TNP_0009,2016-01-29,5.819649999999999,5.94881,0.9782880945937086,22.445833333333336,29.44,16.9,12.540000000000004,79.42875,2.1925,2
TNP_0009,2016-01-30,5.99205,6.033060000000001,0.993202454475838,22.405416666666667,29.03,16.39,12.64,78.40458333333333,2.0191666666666666,2
TNP_0009,2016-01-31,5.7112,6.211360000000001,0.919476571958476,21.992083333333337,29.55,15.3,14.25,77.19833333333334,2.1575,2
TNP_0009,2016-02-01,6.18,6.44178,0.9593621638739604,21.797916666666666,29.36,14.9,14.46,76.36,2.2383333333333333,2
TNP_0009,2016-02-02,6.14171,6.4511400000000005,0.9520348341533432,22.08833333333333,30.14,15.0,15.14,72.71291666666666,2.0258333333333334,2
TNP_0009,2016-02-03,5.82329,6.30158,0.924099987622152,21.944166666666664,29.6,14.95,14.650000000000002,77.61041666666667,2.154583333333333,2
TNP_0009,2016-02-04,6.13839,6.27095,0.9788612570663138,22.889166666666668,30.12,15.88,14.24,76.81375,2.3270833333333334,2
TNP_0009,2016-02-05,5.38148,6.04785,0.8898170424200335,23.100416666666664,29.57,18.8,10.77,76.61833333333333,1.9479166666666667,2
TNP_0009,2016-02-06,4.629779999999999,5.8258,0.7947028734251089,23.362916666666667,29.76,18.54,11.220000000000002,76.89583333333333,1.95375,2
TNP_0009,2016-02-07,5.41204,5.7988100000000005,0.9333018326173818,24.194166666666664,30.59,18.34,12.25,76.47541666666667,1.8629166666666668,2
TNP_0009,2016-02-08,5.41865,5.97667,0.9066336270866552,24.059166666666663,30.74,19.67,11.069999999999997,78.81958333333334,2.11625,2
TNP_0009,2016-02-09,5.92013,6.11535,0.9680770520084704,23.723333333333333,30.9,18.64,12.259999999999998,76.43375,1.913333333333333,2
TNP_0009,2016-02-10,6.05562,6.19322,0.9777821553246938,23.5675,31.28,17.85,13.43,74.45666666666666,2.1595833333333334,2
TNP_0009,2016-02-11,5.75311,6.04263,0.9520870879070868,23.86916666666667,31.29,17.59,13.7,74.47291666666666,2.4491666666666667,2
TNP_0009,2016-02-12,5.75236,6.00143,0.958498224589806,24.261666666666667,31.55,18.07,13.48,72.60833333333333,2.3595833333333336,2
TNP_0009,2016-02-13,5.58374,6.06291,0.92096699439708,24.66333333333333,31.97,18.7,13.27,75.95375,2.142916666666667,2
TNP_0009,2016-02-14,6.22896,6.48046,0.9611910265629292,23.797083333333333,31.31,19.03,12.279999999999998,71.61208333333333,2.3604166666666666,2
TNP_0009,2016-02-15,5.45493,6.48969,0.8405532467652539,24.10375,31.37,18.55,12.82,77.21625,2.5525,2
TNP_0009,2016-02-16,5.756819999999999,6.43821,0.8941646824194923,24.035833333333333,31.99,17.66,14.329999999999998,74.81416666666667,2.734583333333333,2
TNP_0009,2016-02-17,5.26899,6.20004,0.8498316139895872,24.79125,31.61,17.56,14.05,75.95708333333333,3.1933333333333334,2
TNP_0009,2016-02-18,5.88314,6.4152700000000005,0.9170525948245358,24.55,32.11,18.47,13.64,71.49125,3.061666666666667,2
TNP_0009,2016-02-19,6.12229,6.321890000000001,0.9684271633957564,25.0,32.25,18.28,13.97,74.00750000000001,2.2929166666666667,2
TNP_0009,2016-02-20,6.46243,6.65687,0.9707910774883692,26.395,34.26,20.47,13.79,74.62833333333333,2.3120833333333333,2
TNP_0009,2016-02-21,6.308560000000001,6.62174,0.9527042741031816,26.65833333333333,35.31,20.55,14.760000000000002,72.28291666666667,2.3975,2
TNP_0009,2016-02-22,6.618939999999999,6.81278,0.9715475914384436,25.77833333333333,35.14,18.57,16.57,70.67666666666666,2.7758333333333334,2
TNP_0009,2016-02-23,6.81125,6.98993,0.974437512249765,24.6225,33.75,17.45,16.3,71.5725,3.3029166666666665,2
TNP_0009,2016-02-24,6.932840000000001,6.98624,0.9923564034444852,25.05625,34.44,17.22,17.22,68.86041666666667,3.135,2
TNP_0009,2016-02-25,6.18969,6.66899,0.9281300466787324,26.02541666666667,34.39,18.78,15.61,72.47875,3.26125,2
TNP_0009,2016-02-26,6.0184,6.83602,0.8803953177433652,25.88333333333333,33.82,20.27,13.55,72.42625,3.51625,2
TNP_0009,2016-02-27,5.58479,6.67671,0.8364583754573734,25.614166666666662,31.33,20.74,10.59,76.58291666666666,2.6808333333333336,2
TNP_0009,2016-02-28,5.56115,6.79599,0.8182987320463979,26.5025,33.38,21.69,11.69,74.28666666666666,2.7266666666666666,2
TNP_0009,2016-02-29,4.78165,6.361389999999999,0.7516674814781047,25.857916666666668,32.35,22.27,10.080000000000002,74.10000000000001,2.455,2
TNP_0009,2016-03-01,5.43808,6.2388900000000005,0.8716422312302349,26.10625,33.38,21.96,11.420000000000002,72.24333333333333,2.310833333333333,2
TNP_0009,2016-03-02,5.25754,6.21414,0.8460607582062842,24.972916666666663,30.85,20.8,10.05,74.80666666666666,2.066666666666667,2
TNP_0009,2016-03-03,5.94319,6.62454,0.8971475755297726,26.02416666666667,33.66,20.42,13.239999999999997,67.53208333333333,2.877083333333333,2
TNP_0009,2016-03-04,5.70729,6.61095,0.8633086016381911,24.62625,30.95,20.22,10.73,72.15666666666667,2.1108333333333333,2
TNP_0009,2016-03-05,6.24987,6.79334,0.9199995878316116,25.646666666666665,33.44,20.36,13.079999999999998,70.22,2.177083333333333,2
TNP_0009,2016-03-06,6.73504,7.059159999999999,0.9540851886060098,26.219166666666663,35.15,20.2,14.95,67.96791666666667,2.48125,2
TNP_0009,2016-03-07,6.21976,6.9861,0.8903050342823606,26.48875,35.53,20.39,15.14,66.91791666666667,2.5391666666666666,2
TNP_0009,2016-03-08,6.43733,7.01033,0.918263476897664,26.8,35.69,19.98,15.709999999999996,65.24083333333333,2.4979166666666663,2
TNP_0009,2016-03-09,6.32162,6.94442,0.9103164843140248,27.61,36.65,19.42,17.229999999999997,61.61833333333333,2.5104166666666665,2
TNP_0009,2016-03-10,6.25767,6.94238,0.9013724399989628,26.21625,32.83,21.51,11.319999999999997,72.27875,2.4654166666666666,2
TNP_0009,2016-03-11,6.38733,6.71862,0.9506907668539076,27.97208333333333,37.1,21.16,15.94,64.19291666666668,2.42625,2
TNP_0009,2016-03-12,6.37709,6.8995,0.9242829190521052,28.25916666666667,36.91,21.61,15.299999999999995,65.24958333333333,3.470833333333333,2
TNP_0009,2016-03-13,6.48808,6.980270000000001,0.929488400878476,29.180833333333336,37.33,21.99,15.34,63.70625,2.9775,2
TNP_0009,2016-03-14,6.3019300000000005,6.72993,0.9364034989962748,28.243333333333336,35.43,22.47,12.96,65.64041666666667,2.978333333333333,2
TNP_0009,2016-03-15,6.42911,6.73924,0.9539814578498466,28.637083333333333,37.45,22.22,15.230000000000004,63.87625,3.310833333333333,2
TNP_0009,2016-03-16,6.1593,6.575819999999999,0.936658850151008,29.63625,38.19,22.74,15.45,61.77333333333333,3.1633333333333336,2
TNP_0009,2016-03-17,5.892720000000001,6.45692,0.9126208780657032,29.97375,38.89,22.67,16.22,57.8775,2.6983333333333337,2
TNP_0009,2016-03-18,6.319529999999999,6.57086,0.9617508210492994,29.589166666666667,39.15,21.88,17.27,53.99333333333333,3.1133333333333333,2
TNP_0009,2016-03-19,7.028779999999999,7.09094,0.9912338843651194,30.211250000000003,40.38,21.74,18.640000000000004,49.58291666666667,3.285,2
TNP_0009,2016-03-20,6.91116,6.97171,0.9913148997878568,30.33833333333333,40.19,21.73,18.46,50.395,3.7125,2
TNP_0009,2016-03-21,6.46804,6.783720000000001,0.9534650604682976,31.4875,41.11,22.33,18.78,43.1875,3.482083333333333,2
TNP_0009,2016-03-22,6.009,6.2959,0.9544306612239712,32.23,41.55,24.08,17.47,52.15416666666667,3.5620833333333333,2
TNP_0009,2016-03-23,6.57008,6.63541,0.9901543386166038,31.775,40.79,24.89,15.9,57.26375,3.835,2
TNP_0009,2016-03-24,6.60076,6.8449,0.9643325687738316,30.34208333333333,39.7,22.71,16.990000000000002,58.609583333333326,3.3866666666666667,2
TNP_0009,2016-03-25,6.762309999999999,6.8886400000000005,0.9816611116272588,28.90125,38.56,21.27,17.290000000000003,60.51916666666667,3.5283333333333338,2
TNP_0009,2016-03-26,6.91832,7.03875,0.982890427987924,28.449583333333333,38.59,20.52,18.070000000000004,58.28625,3.2329166666666667,2
TNP_0009,2016-03-27,7.05891,7.19826,0.9806411549457784,28.51375,38.51,20.3,18.21,58.739583333333336,3.41875,2
TNP_0009,2016-03-28,6.81426,7.2277,0.9427978471712992,29.657083333333333,39.09,21.12,17.970000000000002,60.11541666666667,3.6670833333333337,2
TNP_0009,2016-03-29,6.81242,7.35133,0.9266921767897782,30.027083333333334,38.76,23.08,15.68,62.57083333333333,3.514583333333333,2
TNP_0009,2016-03-30,6.92738,7.25055,0.9554282088944976,30.019166666666667,39.2,22.95,16.250000000000004,60.2,3.812083333333333,2
TNP_0009,2016-03-31,6.57649,7.01518,0.9374656102908264,29.97375,38.99,22.94,16.05,58.94375,3.372916666666667,2
TNP_0009,2016-04-01,7.001690000000001,7.27762,0.9620851322272942,30.1775,39.63,22.7,16.930000000000003,57.175,3.4575,2
TNP_0009,2016-04-02,7.07979,7.22711,0.9796156416603594,30.47875,40.26,22.58,17.68,56.77791666666667,3.4791666666666665,2
TNP_0009,2016-04-03,6.839180000000001,7.1085,0.9621129633537316,30.913750000000004,40.68,22.61,18.07,53.57333333333333,3.387083333333333,2
TNP_0009,2016-04-04,7.11208,7.27604,0.9774657643443412,30.29625,40.38,21.48,18.9,52.8375,3.5116666666666667,2
TNP_0009,2016-04-05,7.40012,7.54902,0.9802755854402294,30.56041666666667,40.32,21.3,19.02,54.03708333333333,3.5279166666666666,2
TNP_0009,2016-04-06,6.91547,7.19211,0.9615356272359572,31.382500000000004,40.59,22.98,17.610000000000003,56.71666666666667,3.695833333333333,2
TNP_0009,2016-04-07,6.6428400000000005,6.99214,0.950043906443521,32.05708333333333,41.3,24.97,16.33,57.180416666666666,3.8791666666666655,2
TNP_0009,2016-04-08,6.28437,6.8615900000000005,0.9158766408368904,31.71708333333333,40.13,25.69,14.44,56.44,4.404583333333333,2
TNP_0009,2016-04-09,6.95051,7.174180000000001,0.9688229177411216,31.39833333333333,39.82,25.44,14.38,55.28125,4.057916666666666,2
TNP_0009,2016-04-10,7.08582,7.38588,0.9593738322312304,30.37375,38.82,23.02,15.8,60.8725,3.540833333333333,2
TNP_0009,2016-04-11,7.05114,7.282439999999999,0.9682386672598744,31.136666666666667,39.18,22.99,16.19,57.27041666666667,3.161666666666666,2
TNP_0009,2016-04-12,6.86403,7.19825,0.9535692703087556,32.69875,42.13,24.47,17.660000000000004,54.615833333333335,3.627083333333333,2
TNP_0009,2016-04-13,6.77334,6.81568,0.993787853889854,34.053333333333335,43.19,25.41,17.779999999999998,51.37458333333333,3.4600000000000004,2
TNP_0009,2016-04-14,6.54147,6.56957,0.9957227033123934,33.20291666666667,41.08,27.3,13.779999999999998,55.69708333333333,4.8825,2
TNP_0009,2016-04-15,6.80479,6.88534,0.9883012313117434,32.437083333333334,41.16,26.9,14.259999999999998,58.53416666666666,4.309166666666667,2
TNP_0009,2016-04-16,6.89204,7.08832,0.9723093765518488,32.21125,40.78,25.38,15.400000000000002,58.32041666666667,4.232916666666667,2
TNP_0009,2016-04-17,6.92143,7.10245,0.974513020155017,31.85833333333333,40.99,24.6,16.39,59.42,3.932083333333333,2
TNP_0009,2016-04-18,7.28884,7.573729999999999,0.9623844525748873,31.83791666666667,40.95,24.71,16.240000000000002,58.84166666666667,4.827083333333333,2
TNP_0009,2016-04-19,6.96504,7.419119999999999,0.9387959758030604,31.91875,41.03,25.22,15.810000000000002,58.24041666666667,4.534583333333333,2
TNP_0009,2016-04-20,7.252940000000001,7.40808,0.9790580015334608,32.735416666666666,41.92,25.84,16.080000000000002,54.93208333333333,4.055833333333333,2
TNP_0009,2016-04-21,7.22941,7.310869999999999,0.988857687251996,33.6575,42.55,26.06,16.49,53.72541666666667,4.427083333333333,2
TNP_0009,2016-04-22,7.1032,7.21116,0.9850287609760427,35.227916666666665,44.07,26.93,17.14,45.14875,3.7275,2
TNP_0009,2016-04-23,6.78097,6.8251,0.9935341606716384,35.397083333333335,44.37,27.29,17.08,43.57375,3.64875,2
TNP_0009,2016-04-24,6.7393,6.89671,0.977176073809106,35.776666666666664,44.89,28.62,16.27,42.96666666666667,4.4575000000000005,2
TNP_0009,2016-04-25,6.74319,6.86434,0.982350815956086,33.64958333333333,41.37,27.59,13.779999999999998,52.056666666666665,4.97,2
TNP_0009,2016-04-26,6.29126,6.90578,0.9110136726046876,31.365416666666665,39.0,24.85,14.15,61.048750000000005,4.315,2
TNP_0009,2016-04-27,6.69546,7.44967,0.8987592739007231,31.39333333333333,39.91,24.78,15.129999999999995,57.93125,3.970833333333333,2
TNP_0009,2016-04-28,7.46771,7.54683,0.9895161279636616,32.166666666666664,41.96,24.27,17.69,52.69708333333333,4.219166666666667,2
TNP_0009,2016-04-29,7.28659,7.45043,0.9780093229518296,32.41958333333333,41.95,23.82,18.130000000000003,50.92666666666667,4.21375,2
TNP_0009,2016-04-30,7.08451,7.133319999999999,0.9931574638457268,32.28875,41.9,24.04,17.86,51.83375,4.248333333333333,2
TNP_0009,2016-05-01,7.51305,7.52806,0.9980061264123824,33.2325,43.02,24.52,18.500000000000004,48.11375,4.489583333333333,2
TNP_0009,2016-05-02,7.44981,7.49074,0.9945359203496584,34.0575,43.97,25.97,18.0,47.93958333333333,4.304583333333333,2
TNP_0009,2016-05-03,7.366059999999999,7.442189999999999,0.9897704842257454,33.2775,42.52,25.74,16.780000000000005,51.342083333333335,5.0512500000000005,2
TNP_0009,2016-05-04,7.01265,7.213970000000001,0.9720930361506908,32.656666666666666,40.86,25.58,15.28,53.58166666666667,4.187083333333333,2
TNP_0009,2016-05-05,6.41397,7.0216400000000005,0.9134575398339988,32.11625,39.97,25.51,14.459999999999996,54.2175,4.039583333333334,2
TNP_0009,2016-05-06,5.82566,6.84701,0.8508326992366011,31.84375,39.49,25.54,13.950000000000005,55.274166666666666,3.4279166666666665,2
TNP_0009,2016-05-07,6.57379,6.80717,0.965715561679817,31.19,37.67,26.4,11.270000000000003,60.187916666666666,3.687083333333333,2
TNP_0009,2016-05-08,6.256480000000001,7.01691,0.8916289363836789,30.172916666666666,35.32,25.54,9.78,65.96666666666667,1.99125,2
TNP_0009,2016-05-09,5.98784,6.89017,0.8690409670588679,30.77625,37.65,25.34,12.31,62.26958333333334,2.9008333333333334,2
TNP_0009,2016-05-10,6.51328,7.19417,0.9053553085345496,31.501666666666665,39.15,24.93,14.22,56.93291666666667,3.5995833333333334,2
TNP_0009,2016-05-11,6.05884,7.10801,0.8523960996115649,31.73166666666667,38.88,24.68,14.200000000000005,45.82833333333334,3.6525,2
TNP_0009,2016-05-12,6.70636,7.08986,0.945908663922842,33.1625,40.99,25.53,15.46,45.212916666666665,3.5820833333333333,2
TNP_0009,2016-05-13,6.58527,7.03951,0.9354727814862116,33.53666666666667,42.03,26.44,15.59,50.404583333333335,3.670833333333333,2
TNP_0009,2016-05-14,6.71996,7.0427100000000005,0.9541724705404596,32.18958333333333,41.08,25.91,15.169999999999998,57.315,4.2508333333333335,2
TNP_0009,2016-05-15,6.46434,7.24208,0.8926082009588406,31.513333333333332,38.9,25.88,13.02,52.67041666666666,3.2670833333333333,2
TNP_0009,2016-05-16,2.18574,7.18822,0.3040724963899268,28.76625,34.03,24.63,9.400000000000002,71.46333333333332,3.057916666666667,2
TNP_0009,2016-05-17,0.5966,7.16708,0.083241710710638,26.71375,30.76,24.1,6.66,72.82125,5.67875,2
TNP_0009,2016-05-18,1.00221,6.609439999999999,0.1516331186908422,28.344583333333333,34.11,24.89,9.22,72.17708333333333,6.34625,2
TNP_0009,2016-05-19,2.34717,6.68918,0.3508905426375131,28.829166666666666,33.65,25.07,8.579999999999998,72.47708333333334,6.867083333333333,2
TNP_0009,2016-05-20,5.62487,6.60956,0.8510203402344482,30.58875,37.8,25.01,12.789999999999996,62.57874999999999,5.397083333333334,2
TNP_0009,2016-05-21,6.86322,6.9558,0.9866902441128268,29.9975,35.67,25.29,10.380000000000004,61.0425,4.7575,2
TNP_0009,2016-05-22,6.9248,7.03295,0.984622384632338,31.296666666666667,38.49,25.82,12.670000000000002,55.92666666666667,4.144166666666667,2
TNP_0009,2016-05-23,6.69361,7.16246,0.9345406466493354,32.4075,39.79,25.74,14.05,55.89125000000001,4.562916666666667,2
TNP_0009,2016-05-24,7.37825,7.40748,0.9960539886709112,33.165416666666665,41.12,25.79,15.329999999999998,51.79583333333333,4.701666666666667,2
TNP_0009,2016-05-25,7.269489999999999,7.35505,0.9883671762938387,33.180416666666666,40.7,26.33,14.370000000000005,53.87833333333333,4.510833333333333,2
TNP_0009,2016-05-26,7.115099999999999,7.28164,0.9771287786817254,31.66,39.16,26.56,12.599999999999998,59.833333333333336,3.3979166666666667,2
TNP_0009,2016-05-27,6.166390000000001,6.98675,0.882583461552224,30.05625,35.54,25.7,9.84,64.61125,3.53,2
TNP_0009,2016-05-28,6.678439999999999,6.938110000000001,0.9625733809351537,29.722916666666663,36.52,25.41,11.110000000000005,64.67875,4.7716666666666665,2
TNP_0009,2016-05-29,5.61799,6.96799,0.8062568976132285,28.73875,34.27,25.43,8.840000000000003,71.1825,3.0475,2
TNP_0009,2016-05-30,6.51258,6.966729999999999,0.9348115974065307,28.42083333333333,32.24,25.06,7.180000000000003,70.87833333333333,4.153333333333333,2
TNP_0009,2016-05-31,6.315810000000001,6.75387,0.9351394089610846,30.159166666666668,35.71,25.16,10.55,66.03041666666667,2.6216666666666666,2
TNP_0009,2016-06-01,6.47817,6.8623,0.944023140929426,28.209166666666665,32.46,24.87,7.59,72.09375,3.2704166666666663,2
TNP_0009,2016-06-02,5.47613,6.71609,0.8153747195168618,28.474166666666665,32.72,24.53,8.189999999999998,72.66916666666667,2.567916666666666,2
TNP_0009,2016-06-03,6.04074,6.65372,0.9078740914856652,30.207083333333333,36.44,24.56,11.88,63.72958333333333,3.3233333333333337,2
TNP_0009,2016-06-04,5.39086,6.41587,0.8402383464752248,29.50583333333333,34.6,25.71,8.89,69.63708333333334,2.69875,2
TNP_0009,2016-06-05,5.43507,6.0150500000000005,0.9035785238692944,29.726666666666663,34.96,25.69,9.27,68.82625,2.339583333333333,2
TNP_0009,2016-06-06,6.23372,6.92816,0.8997655943280756,29.0525,32.91,25.46,7.449999999999996,73.095,2.03125,2
TNP_0009,2016-06-07,5.55468,6.86714,0.8088782229574467,29.484583333333333,35.04,25.46,9.579999999999998,73.18124999999999,2.4991666666666665,2
TNP_0009,2016-06-08,4.724609999999999,6.782970000000001,0.6965400112340168,28.56625,33.6,23.66,9.94,74.26916666666666,3.157083333333333,2
TNP_0009,2016-06-09,6.14789,6.69704,0.918001087047412,28.49125,34.9,23.39,11.509999999999998,69.39791666666666,3.987083333333333,2
TNP_0009,2016-06-10,6.1753800000000005,6.90835,0.8939008591052856,28.854166666666668,34.89,23.45,11.44,65.27916666666667,4.5687500000000005,2
TNP_0009,2016-06-11,6.60192,7.07817,0.9327156595560716,30.12333333333333,37.66,23.82,13.839999999999996,59.64166666666667,5.206666666666667,2
TNP_0009,2016-06-12,6.12758,7.07045,0.8666463945010572,29.41541666666667,36.48,23.72,12.759999999999998,57.747083333333336,5.529583333333334,2
TNP_0009,2016-06-13,6.38283,7.036779999999999,0.907066868652992,28.75208333333333,35.42,23.05,12.37,53.34041666666667,6.274583333333333,2
TNP_0009,2016-06-14,6.30596,7.0116700000000005,0.8993520801749083,30.07166666666667,37.35,23.04,14.310000000000002,53.035,5.705416666666667,2
TNP_0009,2016-06-15,6.7481,7.03997,0.9585410165100134,30.582083333333333,37.74,24.43,13.310000000000002,55.04541666666666,5.828749999999999,2
TNP_0009,2016-06-16,5.90621,6.83508,0.8641025415942462,30.067916666666665,36.62,24.64,11.979999999999997,58.872083333333336,5.0841666666666665,2
TNP_0009,2016-06-17,5.222180000000001,6.9882100000000005,0.7472843546487584,29.929166666666664,35.77,24.75,11.020000000000003,58.68166666666667,4.24375,2
TNP_0009,2016-06-18,4.780270000000001,6.49836,0.7356117543503286,28.79875,33.85,24.46,9.39,66.7325,3.8041666666666663,2
TNP_0009,2016-06-19,5.78461,6.7058,0.8626278743774046,26.7325,31.65,23.49,8.16,73.11125,2.8666666666666667,2
TNP_0009,2016-06-20,5.81701,6.58699,0.8831059406496745,26.52916666666667,30.02,23.58,6.440000000000001,80.21,2.2029166666666664,2
TNP_0009,2016-06-21,5.152279999999999,6.69226,0.7698864060870317,27.417916666666667,32.5,23.82,8.68,76.42708333333333,3.075416666666667,2
TNP_0009,2016-06-22,5.34029,6.85843,0.7786461332987287,27.24875,32.37,23.23,9.139999999999995,74.49916666666667,3.345416666666667,2
TNP_0009,2016-06-23,3.09756,6.8245,0.4538881969375046,26.445833333333336,31.3,23.01,8.29,71.71083333333333,5.474166666666666,2
TNP_0009,2016-06-24,3.94754,7.12184,0.5542865326937982,26.366666666666664,30.55,22.96,7.59,73.28375,3.887916666666667,2
TNP_0009,2016-06-25,3.27015,7.02941,0.4652097402200185,26.420416666666668,31.58,22.99,8.59,69.48583333333333,5.0275,2
TNP_0009,2016-06-26,3.75241,6.5508500000000005,0.5728126884297456,27.63083333333333,33.69,22.98,10.709999999999996,71.7075,3.0970833333333334,2
TNP_0009,2016-06-27,4.04991,6.5697600000000005,0.6164471761525534,27.33791666666667,32.93,22.99,9.94,72.53625,4.485,2
TNP_0009,2016-06-28,4.13145,6.79354,0.6081439131881169,27.191666666666663,32.55,23.2,9.349999999999998,72.4075,5.458333333333333,2
TNP_0009,2016-06-29,2.80613,6.7959,0.4129151400108889,27.37,32.91,23.08,9.829999999999998,73.40166666666667,5.165416666666666,2
TNP_0009,2016-06-30,4.26405,6.80862,0.6262722842514343,27.425833333333333,32.77,23.14,9.630000000000004,70.83749999999999,5.4558333333333335,2
TNP_0009,2016-07-01,5.8273,6.87796,0.8472424963215838,27.780833333333334,32.92,23.31,9.610000000000005,68.69708333333334,5.838333333333334,2
TNP_0009,2016-07-02,5.38675,6.76477,0.7962946264248452,28.942916666666665,36.05,23.58,12.47,66.1275,5.274583333333333,2
TNP_0009,2016-07-03,5.68953,6.93893,0.8199434206714867,29.227083333333336,35.96,23.88,12.080000000000002,65.61458333333333,4.89,2
TNP_0009,2016-07-04,6.266439999999999,6.92668,0.9046816079276072,28.73,34.72,23.89,10.829999999999998,69.33958333333334,4.260416666666667,2
TNP_0009,2016-07-05,4.66418,6.96932,0.6692446321879323,28.84,34.22,24.09,10.13,70.02041666666666,3.7025,2
TNP_0009,2016-07-06,5.66846,6.7213400000000005,0.8433526647960078,28.41583333333333,33.59,23.97,9.620000000000005,69.98958333333333,4.72875,2
TNP_0009,2016-07-07,4.12509,6.816389999999999,0.6051722392644788,28.01375,33.91,23.53,10.379999999999995,68.56583333333333,5.477083333333333,2
TNP_0009,2016-07-08,4.41708,6.5859000000000005,0.6706873775793741,28.69,35.04,23.58,11.46,64.13958333333333,5.9875,2
TNP_0009,2016-07-09,5.59331,6.2994,0.8879115471314729,28.82041666666667,35.2,23.6,11.6,63.70916666666667,6.309583333333333,2
TNP_0009,2016-07-10,5.63362,6.449140000000001,0.8735459301550282,29.40125,36.24,23.83,12.410000000000004,61.12291666666667,6.473333333333334,2
TNP_0009,2016-07-11,5.88641,6.55503,0.8979989412710545,28.33375,33.63,23.74,9.890000000000004,63.65,5.890416666666667,2
TNP_0009,2016-07-12,5.82955,6.569310000000001,0.8873915220928834,28.1775,34.04,23.35,10.689999999999998,65.83458333333333,4.484583333333333,2
TNP_0009,2016-07-13,6.3851,6.80615,0.938136832129765,29.62833333333333,36.8,23.29,13.509999999999998,63.56,4.341666666666667,2
TNP_0009,2016-07-14,6.69525,6.95095,0.9632136614419612,29.8375,36.75,23.92,12.829999999999998,64.86291666666666,3.2133333333333334,2
TNP_0009,2016-07-15,5.32133,6.644639999999999,0.800845493510559,28.7625,33.38,24.75,8.630000000000003,70.70416666666667,2.9475,2
TNP_0009,2016-07-16,6.04806,6.6842,0.904829298943778,27.49291666666667,31.39,24.19,7.199999999999999,75.22916666666667,2.2433333333333336,2
TNP_0009,2016-07-17,5.497769999999999,6.60681,0.8321368406235383,26.874166666666667,30.94,23.41,7.530000000000001,76.605,2.6654166666666668,2
TNP_0009,2016-07-18,6.13255,6.80408,0.9013048053520828,27.09625,31.75,23.39,8.36,75.61041666666667,2.368333333333333,2
TNP_0009,2016-07-19,4.39905,7.028809999999999,0.625859853943982,27.30125,32.11,23.34,8.77,73.10583333333334,3.44,2
TNP_0009,2016-07-20,4.34626,6.79441,0.639681738370219,27.13875,33.05,22.99,10.06,73.05,3.5283333333333338,2
TNP_0009,2016-07-21,4.61932,6.60896,0.6989480947077906,27.23875,32.84,23.19,9.650000000000002,71.18458333333334,4.002916666666667,2
TNP_0009,2016-07-22,4.21347,6.668939999999999,0.6318050544764237,27.07208333333333,31.68,22.9,8.780000000000001,72.11958333333332,4.13,2
TNP_0009,2016-07-23,4.19383,6.833099999999999,0.6137521769036017,28.420416666666668,34.11,22.81,11.3,67.72500000000001,2.28125,2
TNP_0009,2016-07-24,6.205220000000001,6.8703,0.9031949114303596,27.902083333333334,33.82,23.83,9.990000000000002,72.92125,2.3183333333333334,2
TNP_0009,2016-07-25,6.35193,6.895980000000001,0.9211062097047844,26.835416666666664,31.45,23.7,7.75,78.32000000000001,2.31625,2
TNP_0009,2016-07-26,5.84294,6.94829,0.8409176934180927,26.33458333333333,29.66,23.64,6.02,84.16083333333333,2.54625,2
TNP_0009,2016-07-27,5.710730000000001,6.84266,0.834577488871287,26.016666666666666,29.46,23.59,5.870000000000001,84.23458333333333,2.4995833333333333,2
TNP_0009,2016-07-28,6.42835,7.009189999999999,0.9171316514461728,27.010416666666668,31.02,23.71,7.309999999999999,81.92666666666666,1.96375,2
TNP_0009,2016-07-29,5.17179,6.9566300000000005,0.7434332428201585,26.08375,30.06,23.0,7.059999999999999,83.47166666666666,2.525416666666666,2
TNP_0009,2016-07-30,3.9922,6.785220000000001,0.5883670684222471,25.82208333333333,30.61,21.7,8.91,80.29666666666667,3.4891666666666663,2
TNP_0009,2016-07-31,5.9185,7.0332300000000005,0.8415052543425993,26.907916666666665,33.63,21.44,12.19,69.87875,4.8675,2
TNP_0009,2016-08-01,5.461,7.024940000000001,0.7773731875290038,27.117500000000003,33.81,21.56,12.250000000000004,68.2625,5.614166666666667,2
TNP_0009,2016-08-02,5.09754,7.13914,0.7140271797443389,26.77625,32.08,21.98,10.099999999999998,70.46833333333333,6.0754166666666665,2
TNP_0009,2016-08-03,6.29999,7.0494200000000005,0.8936891261976162,26.860416666666666,32.43,21.7,10.73,71.18791666666667,5.0320833333333335,2
TNP_0009,2016-08-04,5.214480000000001,6.93921,0.7514515341083496,27.10291666666667,32.87,21.61,11.259999999999998,71.43416666666667,4.762083333333333,2
TNP_0009,2016-08-05,4.95347,6.9847600000000005,0.70918256318041,27.92125,34.2,22.45,11.750000000000004,69.05333333333333,5.058333333333334,2
TNP_0009,2016-08-06,6.5509,7.11103,0.921230820289044,27.500416666666663,32.64,23.07,9.57,70.84291666666667,4.64,2
TNP_0009,2016-08-07,6.6736,7.167440000000001,0.9310995278649,27.933333333333334,34.21,22.98,11.23,70.02416666666666,4.55,2
TNP_0009,2016-08-08,6.849489999999999,7.17881,0.9541261016798048,28.842916666666667,35.62,22.96,12.659999999999997,67.30458333333333,4.2725,2
TNP_0009,2016-08-09,6.72732,7.15218,0.940597132622501,29.23,35.89,23.32,12.57,66.47,4.12625,2
TNP_0009,2016-08-10,6.70508,7.2003,0.93122231018152,28.955416666666668,35.64,23.5,12.14,68.60333333333334,3.870416666666667,2
TNP_0009,2016-08-11,6.71916,7.12348,0.9432412247946228,28.8875,34.41,23.48,10.929999999999996,66.715,3.0820833333333333,2
TNP_0009,2016-08-12,6.63509,7.070849999999999,0.9383723314735852,29.36125,35.6,24.01,11.59,67.81625,3.0362500000000003,2
TNP_0009,2016-08-13,6.136310000000001,6.94766,0.8832196739621687,28.99791666666667,34.73,24.07,10.659999999999997,71.36291666666666,3.04375,2
TNP_0009,2016-08-14,6.18986,6.823189999999999,0.9071797795459308,28.640416666666667,34.97,23.8,11.169999999999998,68.19833333333334,4.32625,2
TNP_0009,2016-08-15,6.54802,7.058260000000001,0.9277102288666044,28.9325,35.69,23.43,12.259999999999998,63.247083333333336,5.572083333333333,2
TNP_0009,2016-08-16,6.28379,7.02416,0.8945966492790597,29.2475,36.39,23.0,13.39,61.60833333333333,5.947083333333333,2
TNP_0009,2016-08-17,6.21023,7.010050000000001,0.8859038095306024,29.26125,36.17,22.82,13.35,62.44083333333333,4.5841666666666665,2
TNP_0009,2016-08-18,6.6299,7.0716,0.9375388879461508,29.164583333333336,35.42,23.16,12.260000000000002,65.52166666666666,3.7158333333333338,2
TNP_0009,2016-08-19,6.80497,7.163390000000001,0.9499650305232578,30.075833333333332,37.21,23.65,13.560000000000002,63.19416666666667,3.367083333333333,2
TNP_0009,2016-08-20,6.66421,7.109970000000001,0.9373049394019946,28.82375,34.86,24.05,10.81,68.38708333333334,2.49,2
TNP_0009,2016-08-21,5.64941,6.73737,0.8385185910822768,29.05708333333333,34.38,24.04,10.340000000000003,67.71375,1.8920833333333336,2
TNP_0009,2016-08-22,6.0947700000000005,6.87128,0.8869919432769442,29.66541666666667,35.9,24.79,11.11,66.685,2.485,2
TNP_0009,2016-08-23,6.079020000000001,6.636819999999999,0.9159537248260464,29.02833333333333,34.72,24.3,10.419999999999998,67.61458333333333,2.8766666666666665,2
TNP_0009,2016-08-24,6.470680000000001,7.045640000000001,0.9183949222497886,29.206666666666667,35.5,24.06,11.44,66.95291666666667,3.1479166666666667,2
TNP_0009,2016-08-25,3.79955,6.84243,0.5552924911179216,25.98625,29.36,23.84,5.52,79.85958333333333,2.3945833333333333,2
TNP_0009,2016-08-26,3.19723,6.90708,0.4628916995314953,26.28833333333333,29.7,23.43,6.27,80.92125,1.7045833333333336,2
TNP_0009,2016-08-27,3.74672,6.701770000000001,0.5590642472063351,27.598333333333333,32.93,23.39,9.54,72.0025,2.827083333333333,2
TNP_0009,2016-08-28,5.55176,6.89487,0.8052015483975767,28.815,35.24,23.69,11.55,66.05208333333333,2.669166666666667,2
TNP_0009,2016-08-29,4.97658,7.04189,0.7067108404135821,28.511666666666667,33.93,24.12,9.81,71.51291666666667,2.53125,2
TNP_0009,2016-08-30,4.515,6.67192,0.6767167472032038,27.457916666666662,32.15,24.09,8.059999999999999,76.46208333333333,2.813333333333333,2
TNP_0009,2016-08-31,4.2729,6.69171,0.6385363382453813,26.192916666666665,29.91,23.14,6.77,80.58333333333333,3.2983333333333333,2
TNP_0009,2016-09-01,6.00212,6.720980000000001,0.893042383699996,27.1675,31.36,22.9,8.46,71.66583333333334,2.0570833333333334,2
TNP_0009,2016-09-02,5.820390000000001,6.89041,0.8447088054266728,27.33875,32.85,22.69,10.16,69.20041666666667,3.2104166666666667,2
TNP_0009,2016-09-03,5.46392,7.00809,0.7796589370284913,27.73625,33.17,22.66,10.510000000000002,68.82666666666667,2.317083333333333,2
TNP_0009,2016-09-04,4.74251,6.66884,0.7111446668386107,27.92833333333333,33.9,22.43,11.47,65.35291666666667,3.2675,2
TNP_0009,2016-09-05,5.713010000000001,6.983140000000001,0.8181147735832305,27.702916666666667,33.84,22.38,11.460000000000004,64.76833333333333,3.639166666666666,2
TNP_0009,2016-09-06,5.89831,6.83882,0.86247481290632,28.297916666666666,35.49,22.23,13.260000000000002,60.63291666666667,4.2250000000000005,2
TNP_0009,2016-09-07,7.00036,7.15326,0.9786251303601434,28.427916666666665,34.86,22.79,12.07,61.53541666666666,3.36,2
TNP_0009,2016-09-08,6.72319,7.09074,0.948164789570623,29.15416666666667,35.93,23.09,12.84,62.12875,2.224166666666666,2
TNP_0009,2016-09-09,6.05428,6.812060000000001,0.888759053795768,28.476250000000004,33.34,23.76,9.580000000000002,65.36625,2.8608333333333333,2
TNP_0009,2016-09-10,5.3949,6.53912,0.8250192686477691,28.575,34.82,23.56,11.260000000000002,71.52666666666667,2.36375,2
TNP_0009,2016-09-11,3.70938,6.855770000000001,0.5410595746356718,26.96291666666667,32.68,23.27,9.41,69.50166666666667,3.2550000000000003,2
TNP_0009,2016-09-12,2.8448200000000003,6.68352,0.4256469644738103,27.22125,32.19,23.01,9.179999999999996,70.50875,3.0108333333333337,2
TNP_0009,2016-09-13,4.50632,6.50637,0.6926012507742413,27.5025,34.05,22.38,11.669999999999998,68.01625,3.3316666666666666,2
TNP_0009,2016-09-14,3.2344,6.79622,0.4759116096889153,28.596666666666668,35.33,22.16,13.169999999999998,68.51416666666667,2.330416666666667,2
TNP_0009,2016-09-15,5.25824,6.72896,0.7814342781053832,27.295416666666668,33.25,22.69,10.56,70.645,3.3579166666666667,2
TNP_0009,2016-09-16,6.2714300000000005,7.007020000000001,0.8950209932325011,27.87833333333333,33.98,22.53,11.449999999999996,72.3075,2.7254166666666664,2
TNP_0009,2016-09-17,4.63202,6.56989,0.7050376794740856,26.960416666666664,32.68,22.63,10.05,70.61375,3.3675,2
TNP_0009,2016-09-18,6.03053,6.80166,0.8866262059556049,28.075416666666666,33.49,22.56,10.930000000000003,67.56750000000001,2.262083333333333,2
TNP_0009,2016-09-19,6.61551,7.06341,0.936588701491206,28.618333333333336,34.99,22.85,12.14,64.80624999999999,2.68,2
TNP_0009,2016-09-20,3.03182,6.86209,0.4418216607476731,27.59,33.58,23.17,10.409999999999997,71.49499999999999,3.0941666666666667,2
TNP_0009,2016-09-21,4.08641,6.3486,0.6436710455848533,26.52833333333333,32.18,23.02,9.16,72.85000000000001,4.19875,2
TNP_0009,2016-09-22,5.69434,6.71104,0.8485033616250239,28.43041666666667,35.29,22.74,12.55,64.66,4.229583333333333,2
TNP_0009,2016-09-23,5.6963,6.6477200000000005,0.8568802536809612,29.17708333333333,36.57,22.62,13.95,65.53083333333333,3.640416666666667,2
TNP_0009,2016-09-24,5.3582600000000005,6.624140000000001,0.8088989665073504,29.282083333333333,36.56,23.84,12.720000000000002,65.75875,3.767083333333333,2
TNP_0009,2016-09-25,5.50992,6.62321,0.8319108106190201,29.239166666666662,35.36,23.68,11.68,66.29625,2.8529166666666668,2
TNP_0009,2016-09-26,5.38312,6.54741,0.8221754861846134,30.019166666666667,35.85,24.31,11.540000000000004,65.17083333333333,2.026666666666667,2
TNP_0009,2016-09-27,4.31921,6.16972,0.7000658052553439,27.121666666666663,30.84,24.4,6.440000000000001,81.57375,1.669166666666667,2
TNP_0009,2016-09-28,3.60379,6.319730000000001,0.5702442984114827,27.386666666666667,30.71,24.12,6.59,78.79958333333333,1.5683333333333334,2
TNP_0009,2016-09-29,4.45589,6.15459,0.7239946121512563,27.00708333333333,30.57,23.66,6.91,77.00541666666668,2.387916666666667,2
TNP_0009,2016-09-30,5.92087,6.37192,0.9292128589185048,28.31041666666667,34.07,23.48,10.59,72.12791666666666,1.94125,2
TNP_0009,2016-10-01,5.77765,6.32599,0.9133194962369524,27.410416666666663,32.41,23.16,9.249999999999996,72.49249999999999,2.3454166666666665,2
TNP_0009,2016-10-02,6.156440000000001,6.225099999999999,0.9889704583058908,27.039583333333336,32.47,22.96,9.509999999999998,73.0725,1.9791666666666667,2
TNP_0009,2016-10-03,6.00996,6.27879,0.9571844256616324,27.550833333333333,34.04,22.83,11.21,73.96333333333332,2.3920833333333333,2
TNP_0009,2016-10-04,4.7461400000000005,6.1161900000000005,0.7759961675487518,27.975,33.61,22.99,10.62,73.23208333333334,1.745,2
TNP_0009,2016-10-05,5.8441,6.57259,0.8891624154252737,28.421666666666667,34.93,23.06,11.87,68.22208333333333,1.9291666666666665,2
TNP_0009,2016-10-06,6.380809999999999,6.623489999999999,0.9633607056098824,28.0875,33.98,22.88,11.099999999999998,67.02,1.9883333333333333,2
TNP_0009,2016-10-07,4.63848,6.620640000000001,0.700609004567534,28.230416666666667,34.95,22.66,12.290000000000004,63.60208333333333,2.0508333333333333,2
TNP_0009,2016-10-08,6.41247,6.56754,0.9763884194081802,29.240416666666665,36.92,22.35,14.57,62.060833333333335,2.3054166666666664,2
TNP_0009,2016-10-09,6.06763,6.67348,0.9092152819818148,28.508333333333336,35.25,23.56,11.69,68.69791666666667,2.6641666666666666,2
TNP_0009,2016-10-10,6.18638,6.6543,0.9296815592924876,28.952916666666667,34.85,23.25,11.6,68.84041666666667,2.74875,2
TNP_0009,2016-10-11,4.740189999999999,6.46433,0.7332840371701319,28.905833333333334,34.83,24.03,10.799999999999995,69.24916666666667,2.4308333333333336,2
TNP_0009,2016-10-12,5.34266,5.925560000000001,0.9016295506247508,28.11583333333333,33.59,23.94,9.650000000000002,73.92999999999999,1.731666666666667,2
TNP_0009,2016-10-13,5.446,5.89208,0.9242915914244204,27.35458333333333,32.61,23.53,9.079999999999998,70.68791666666667,1.893333333333333,2
TNP_0009,2016-10-14,5.58624,6.0393,0.9249813720133128,27.5325,34.93,21.1,13.829999999999998,64.94875,2.3991666666666664,2
TNP_0009,2016-10-15,5.91987,6.17521,0.9586507989201986,27.14125,34.74,20.79,13.950000000000005,63.8825,2.7358333333333333,2
TNP_0009,2016-10-16,6.02552,6.21374,0.9697090641063192,26.67125,34.58,20.97,13.61,64.38291666666667,2.395,2
TNP_0009,2016-10-17,5.6252,5.822190000000001,0.9661656524434962,27.19125,35.06,20.8,14.260000000000002,61.657916666666665,1.8454166666666667,2
TNP_0009,2016-10-18,5.632890000000001,5.68132,0.9914755725782038,27.542916666666667,35.44,21.19,14.249999999999996,60.74958333333333,2.2604166666666665,2
TNP_0009,2016-10-19,5.72268,5.80384,0.9860161548216354,28.08791666666667,35.89,21.79,14.1,58.830000000000005,1.8104166666666668,2
TNP_0009,2016-10-20,5.2900100000000005,5.523890000000001,0.9576602720184508,28.13083333333333,35.81,22.01,13.8,59.755833333333335,1.8404166666666668,2
TNP_0009,2016-10-21,4.36212,5.368930000000001,0.8124747389144578,27.464583333333334,34.74,21.76,12.98,63.61000000000001,2.0195833333333333,2
TNP_0009,2016-10-22,4.6829600000000005,5.21567,0.8978635534840204,27.49625,34.93,22.12,12.81,63.44416666666667,1.8633333333333333,2
TNP_0009,2016-10-23,4.99298,5.4734300000000005,0.9122214041286724,27.7075,35.29,22.13,13.16,62.20791666666667,1.6425,2
TNP_0009,2016-10-24,5.37592,5.57183,0.9648392000473812,27.067083333333333,34.9,21.03,13.869999999999996,57.69291666666667,2.572083333333333,2
TNP_0009,2016-10-25,5.69288,5.75349,0.9894655244034488,26.18041666666667,32.22,20.66,11.56,58.9925,1.4891666666666667,2
TNP_0009,2016-10-26,5.7367,5.79225,0.9904095990331908,27.090833333333336,35.52,20.27,15.250000000000004,58.2775,2.21125,2
TNP_0009,2016-10-27,4.30546,5.5581,0.7746280203666721,27.5975,35.84,20.66,15.180000000000003,56.37583333333333,2.717083333333333,2
TNP_0009,2016-10-28,4.98609,5.5456,0.8991074004616272,28.968333333333334,37.06,22.38,14.680000000000003,56.685,2.1008333333333336,2
TNP_0009,2016-10-29,4.48459,5.27124,0.8507656642459839,28.66708333333333,36.09,23.23,12.860000000000005,65.31166666666667,3.3341666666666665,2
TNP_0009,2016-10-30,3.75546,5.542020000000001,0.6776337869585457,25.62,28.92,22.84,6.080000000000002,79.25958333333334,4.1154166666666665,2
TNP_0009,2016-10-31,4.61918,5.6960500000000005,0.8109444264007514,26.376666666666665,32.92,21.15,11.770000000000003,74.20375,3.262083333333333,2
TNP_0009,2016-11-01,5.238779999999999,6.19611,0.8454949960539757,26.29208333333333,32.83,21.28,11.549999999999995,76.565,3.4483333333333337,2
TNP_0009,2016-11-02,3.53679,6.02222,0.5872900691107266,25.5425,30.48,22.41,8.07,82.29958333333333,3.42125,2
TNP_0009,2016-11-03,5.18695,6.06611,0.8550702179815399,26.406666666666663,32.26,22.51,9.749999999999996,75.05708333333332,3.6870833333333337,2
TNP_0009,2016-11-04,5.33275,5.618720000000001,0.9491040664065836,27.403333333333336,34.87,20.85,14.019999999999996,59.14833333333333,3.20125,2
TNP_0009,2016-11-05,5.59238,5.63595,0.9922692713739476,26.47875,34.57,20.29,14.28,56.85125,2.6775,2
TNP_0009,2016-11-06,5.32186,5.65158,0.941658792762378,26.967916666666667,35.36,19.98,15.38,59.498333333333335,2.42,2
TNP_0009,2016-11-07,4.297680000000001,5.1549,0.8337077343886401,26.660833333333333,33.79,20.62,13.169999999999998,63.85083333333333,2.536666666666666,2
TNP_0009,2016-11-08,5.019340000000001,5.6315100000000005,0.8912955850207138,25.64916666666667,33.65,19.05,14.599999999999998,61.67291666666667,3.481666666666667,2
TNP_0009,2016-11-09,5.7112300000000005,5.736269999999999,0.9956347940386352,24.477500000000003,33.26,18.21,15.049999999999995,53.48708333333334,3.2504166666666667,2
TNP_0009,2016-11-10,5.56816,5.609319999999999,0.9926622121754508,24.85083333333333,33.2,17.84,15.360000000000005,57.77166666666667,2.797083333333333,2
TNP_0009,2016-11-11,5.00451,5.247520000000001,0.9536905052291368,25.363333333333333,33.29,19.09,14.2,63.03916666666667,2.6054166666666667,2
TNP_0009,2016-11-12,5.13466,5.29519,0.9696838073799052,26.502916666666668,33.94,19.33,14.61,66.49958333333333,3.1558333333333333,2
TNP_0009,2016-11-13,4.12918,5.47132,0.7546953934333945,26.377916666666664,32.66,21.94,10.719999999999995,78.47291666666666,3.177083333333333,2
TNP_0009,2016-11-14,5.07939,5.79016,0.8772451883885765,27.25625,34.62,22.38,12.239999999999998,71.84708333333333,2.998333333333333,2
TNP_0009,2016-11-15,5.358149999999999,5.85808,0.9146597520006554,27.19875,34.1,22.1,12.0,68.72291666666666,3.1733333333333333,2
TNP_0009,2016-11-16,5.086069999999999,5.628970000000001,0.9035525149361248,27.067083333333333,33.74,22.51,11.23,70.93541666666667,4.2075000000000005,2
TNP_0009,2016-11-17,4.532760000000001,5.335109999999999,0.849609473844026,26.110416666666666,33.0,21.22,11.78,71.6725,4.1675,2
TNP_0009,2016-11-18,4.8478900000000005,5.44139,0.8909286046396234,25.316666666666663,33.18,19.31,13.87,70.37,4.064583333333333,2
TNP_0009,2016-11-19,3.96164,5.384399999999999,0.7357625733600773,24.282083333333333,31.34,19.14,12.2,72.15875,3.52,2
TNP_0009,2016-11-20,4.475770000000001,5.52462,0.8101498383599236,23.55333333333333,30.64,18.42,12.22,74.49291666666666,3.235,2
TNP_0009,2016-11-21,5.16881,5.69631,0.90739619156963,24.507500000000004,33.27,17.04,16.230000000000004,67.76125,3.705833333333333,2
TNP_0009,2016-11-22,5.47699,5.720350000000001,0.957457148601047,24.517916666666665,33.76,16.69,17.069999999999997,65.2375,3.19875,2
TNP_0009,2016-11-23,5.70965,5.7596300000000005,0.9913223592487712,23.911666666666665,33.49,16.75,16.740000000000002,62.84,3.3216666666666668,2
TNP_0009,2016-11-24,5.50143,5.6068500000000006,0.9811979988763744,23.63416666666667,32.81,16.45,16.360000000000003,65.41708333333334,3.3920833333333333,2
TNP_0009,2016-11-25,5.585859999999999,5.67814,0.9837481992342562,23.69541666666667,33.21,16.17,17.04,65.65791666666667,3.7125,2
TNP_0009,2016-11-26,5.41241,5.63665,0.960217505078371,23.894583333333333,33.57,15.68,17.89,60.63791666666666,3.192083333333333,2
TNP_0009,2016-11-27,5.23478,5.67347,0.922676950790257,24.730416666666667,35.52,16.47,19.050000000000004,52.08958333333334,3.282083333333333,2
TNP_0009,2016-11-28,4.85345,5.77129,0.840964498405036,25.075416666666666,35.64,16.77,18.87,55.41625,2.7254166666666664,2
TNP_0009,2016-11-29,4.269340000000001,5.59711,0.7627757896485866,25.074583333333333,35.04,16.44,18.6,59.80041666666667,2.922916666666667,2
TNP_0009,2016-11-30,4.0278,5.52995,0.7283610159223863,24.402083333333334,31.69,17.16,14.53,61.80791666666667,4.1775,2
TNP_0009,2016-12-01,1.63094,5.18464,0.3145715035180842,22.92458333333333,26.41,19.69,6.719999999999999,80.57875,5.292083333333333,2
TNP_0009,2016-12-02,2.08247,5.52586,0.3768589866554708,24.763333333333332,30.45,21.33,9.12,81.75125,3.66,2
TNP_0009,2016-12-03,3.92948,5.33665,0.7363196012479739,24.421666666666667,28.92,21.56,7.360000000000003,86.31333333333333,3.5187500000000003,2
TNP_0009,2016-12-04,3.67225,5.51843,0.6654519491956951,24.797916666666666,30.36,20.79,9.57,85.41708333333334,2.7741666666666664,2
TNP_0009,2016-12-05,4.50699,5.42841,0.8302596893012872,24.045,30.06,19.39,10.669999999999998,81.48458333333333,3.342083333333333,2
TNP_0009,2016-12-06,4.7203,5.20409,0.9070365808431444,22.633333333333336,29.78,17.26,12.52,74.53666666666666,3.960833333333333,2
TNP_0009,2016-12-07,2.19139,5.21686,0.420059192694456,23.766666666666666,30.08,17.48,12.599999999999998,81.15625,3.5108333333333337,2
TNP_0009,2016-12-08,4.60275,5.32489,0.8643840530039119,23.84125,30.43,17.17,13.259999999999998,77.31458333333333,3.077916666666667,2
TNP_0009,2016-12-09,5.02645,5.24937,0.9575339516932508,22.235416666666666,31.22,14.9,16.32,61.08041666666667,3.514583333333333,2
TNP_0009,2016-12-10,4.59632,5.46943,0.8403654494161182,22.26875,31.06,14.66,16.4,45.28458333333333,3.880416666666666,2
TNP_0009,2016-12-11,3.81374,5.16346,0.738601635337545,23.672916666666666,30.45,17.68,12.77,48.62958333333333,5.226666666666667,2
TNP_0009,2016-12-12,0.70518,5.38292,0.1310032473081524,21.675416666666667,23.89,19.15,4.740000000000002,81.97875,6.845833333333334,2
TNP_0009,2016-12-13,3.96425,4.89702,0.8095229343559961,24.019583333333333,28.72,20.49,8.23,85.23875,3.50875,2
TNP_0009,2016-12-14,3.70174,5.32357,0.6953491735808864,23.547083333333333,29.33,19.44,9.889999999999995,83.97708333333334,2.7825,2
TNP_0009,2016-12-15,5.15698,5.59517,0.9216842383698796,23.6475,29.5,19.33,10.170000000000002,81.5925,2.4466666666666668,2
TNP_0009,2016-12-16,3.89505,5.31592,0.7327141868199673,23.199583333333333,28.9,18.16,10.739999999999998,84.44125,3.3487500000000003,2
TNP_0009,2016-12-17,4.56507,5.30443,0.8606146183473058,23.067083333333333,29.69,17.94,11.75,79.95333333333333,2.64625,2
TNP_0009,2016-12-18,4.85344,5.32606,0.9112627345542484,22.18583333333333,29.37,16.32,13.05,78.5525,3.231666666666667,2
TNP_0009,2016-12-19,5.39796,5.60095,0.963757933921924,21.985416666666666,29.45,16.06,13.39,77.6875,3.54,2
TNP_0009,2016-12-20,3.61378,5.37779,0.671982357064891,22.172083333333333,28.99,15.82,13.169999999999998,76.64208333333333,3.1354166666666665,2
TNP_0009,2016-12-21,4.82317,5.3948,0.8940405575739602,22.670416666666668,30.41,15.51,14.9,73.46458333333334,2.2575,2
TNP_0009,2016-12-22,5.4262,5.50493,0.9856982740924952,21.9725,30.71,15.04,15.670000000000002,61.19166666666666,2.671666666666667,2
TNP_0009,2016-12-23,5.6892,5.7208000000000006,0.9944762970213954,21.36125,29.99,14.65,15.339999999999998,63.13041666666666,2.32375,2
TNP_0009,2016-12-24,5.60694,5.65864,0.9908635290458484,21.45,29.23,13.95,15.28,70.42583333333333,2.316666666666667,2
TNP_0009,2016-12-25,5.51907,5.56045,0.9925581562643312,20.83375,29.63,14.11,15.52,72.75583333333334,1.9845833333333331,2
TNP_0009,2016-12-26,5.39343,5.429189999999999,0.9934133821067233,21.64916666666667,30.57,13.86,16.71,72.34833333333333,3.2245833333333334,2
TNP_0009,2016-12-27,5.50294,5.72996,0.9603801771740116,22.762916666666666,30.76,16.02,14.740000000000002,74.09458333333333,3.845833333333333,2
TNP_0009,2016-12-28,4.41263,5.43833,0.8113943067081255,22.379583333333333,30.55,15.61,14.94,76.13250000000001,3.5941666666666667,2
TNP_0009,2016-12-29,5.37788,5.61119,0.9584205845818802,21.763333333333332,29.71,15.34,14.37,75.90375,3.24,2
TNP_0009,2016-12-30,4.79255,5.52944,0.866733340085072,21.70125,29.2,15.49,13.71,75.56791666666668,2.875833333333333,2
TNP_0009,2016-12-31,5.44716,5.64283,0.965324137002178,21.36,29.16,15.14,14.02,74.6275,3.036666666666666,2
TNP_0009,2017-01-01,4.54078,5.65538,0.8029133320837857,22.08375,29.91,15.67,14.24,75.40416666666667,3.209583333333333,2
TNP_0009,2017-01-02,5.51129,5.76336,0.9562633602620694,22.14625,30.45,15.18,15.27,70.88583333333334,3.02625,2
TNP_0009,2017-01-03,5.82834,5.85534,0.9953888245601452,21.95,30.48,14.84,15.64,66.365,3.160833333333333,2
TNP_0009,2017-01-04,5.426489999999999,5.6289,0.9640409316207428,22.33791666666667,30.22,15.38,14.839999999999998,71.79583333333333,2.9341666666666666,2
TNP_0009,2017-01-05,4.771850000000001,5.32074,0.8968395373575857,22.50916666666667,30.53,15.71,14.82,72.1125,2.7391666666666663,2
TNP_0009,2017-01-06,5.19008,5.46195,0.9502247365867502,22.607083333333332,30.64,16.61,14.03,71.96833333333333,2.8075,2
TNP_0009,2017-01-07,4.763190000000001,5.36251,0.8882389030509967,22.54875,30.64,16.84,13.8,70.07625,2.083333333333333,2
TNP_0009,2017-01-08,5.40391,5.69511,0.9488684151842546,22.065416666666668,30.54,16.15,14.39,69.7625,2.6933333333333334,2
TNP_0009,2017-01-09,5.8365100000000005,5.93509,0.9833903108461708,21.88458333333333,30.49,16.23,14.259999999999998,67.44500000000001,2.48875,2
TNP_0009,2017-01-10,5.51219,5.60715,0.9830644801726368,22.894166666666667,30.95,16.15,14.8,67.18583333333333,1.98125,2
TNP_0009,2017-01-11,5.01879,5.23718,0.958300077522636,23.35083333333333,31.03,16.77,14.260000000000002,69.97958333333334,1.9554166666666664,2
TNP_0009,2017-01-12,4.58626,4.958189999999999,0.9249867391124584,23.562083333333334,30.35,18.21,12.14,72.09458333333333,1.91625,2
TNP_0009,2017-01-13,3.86868,4.77345,0.8104578449549069,23.299166666666668,29.96,18.15,11.810000000000002,71.49291666666666,2.66125,2
TNP_0009,2017-01-14,4.5717,5.20995,0.8774940258543747,22.780416666666667,30.06,17.15,12.91,70.25333333333333,3.1620833333333334,2
TNP_0009,2017-01-15,4.4687,5.32185,0.8396892058212839,23.08666666666667,30.39,17.07,13.32,73.43083333333333,3.2275,2
TNP_0009,2017-01-16,4.640350000000001,5.43511,0.8537729687163647,22.63,30.55,16.83,13.720000000000002,71.41,2.959583333333333,2
TNP_0009,2017-01-17,5.44071,5.78144,0.9410648558144684,21.739166666666662,30.26,15.63,14.63,70.06541666666666,3.018333333333333,2
TNP_0009,2017-01-18,4.69742,5.94296,0.7904175696959092,22.06958333333333,29.8,15.24,14.56,68.72625000000001,3.986666666666667,2
TNP_0009,2017-01-19,4.58642,5.69961,0.8046901454660934,22.94458333333333,30.37,17.03,13.34,68.08791666666667,4.27375,2
TNP_0009,2017-01-20,4.07908,5.8599000000000006,0.6961006160514684,23.175,29.89,16.77,13.12,75.11125,4.240833333333334,2
TNP_0009,2017-01-21,3.2238800000000003,5.49922,0.5862431399362091,23.83666666666667,30.71,18.56,12.150000000000002,76.73291666666667,4.492083333333333,2
TNP_0009,2017-01-22,5.70375,5.8062700000000005,0.982343225513109,23.30666666666667,31.75,16.8,14.95,71.35416666666667,4.12375,2
TNP_0009,2017-01-23,5.37719,6.03385,0.8911706456076965,23.41375,31.68,16.58,15.1,70.84208333333333,3.9345833333333338,2
TNP_0009,2017-01-24,5.48037,5.90325,0.9283648837504764,23.665000000000003,31.36,17.31,14.05,72.66125,4.315833333333333,2
TNP_0009,2017-01-25,4.915310000000001,5.69217,0.8635212932853377,24.206666666666667,31.39,18.97,12.420000000000002,71.38875,4.19625,2
TNP_0009,2017-01-26,2.4336100000000003,5.14054,0.4734152443128543,24.051666666666662,29.43,20.22,9.21,79.76791666666666,3.450833333333333,2
TNP_0009,2017-01-27,2.4829,5.517939999999999,0.4499686477199824,24.23333333333333,29.76,20.79,8.970000000000002,84.48,3.185,2
TNP_0009,2017-01-28,3.10978,5.91772,0.5255030653697709,24.43125,31.21,19.35,11.86,80.96249999999999,3.160833333333333,2
TNP_0009,2017-01-29,4.85091,6.13025,0.7913070429427836,24.374583333333334,32.49,17.88,14.610000000000005,72.32041666666667,3.303333333333333,2
TNP_0009,2017-01-30,5.36086,6.12615,0.8750781485925091,24.03833333333333,31.89,17.58,14.310000000000002,72.49833333333333,3.11125,2
TNP_0009,2017-01-31,5.96204,6.295100000000001,0.9470921828088512,23.4525,32.46,16.69,15.77,66.98875,2.407083333333333,2
TNP_0009,2017-02-01,6.271739999999999,6.29434,0.9964094726373216,22.84,32.03,16.37,15.66,67.16916666666667,2.4091666666666667,2
TNP_0009,2017-02-02,6.1841,6.45984,0.9573147322534304,22.541666666666668,31.08,16.22,14.86,71.56416666666667,2.833333333333333,2
TNP_0009,2017-02-03,5.806220000000001,6.15362,0.9435454252943796,22.940416666666668,31.06,15.85,15.21,71.89625,2.5195833333333333,2
TNP_0009,2017-02-04,5.530349999999999,6.04408,0.9150027795793568,23.062083333333334,31.57,17.3,14.27,69.24541666666666,2.5187500000000003,2
TNP_0009,2017-02-05,6.19191,6.32479,0.9789906068027556,22.59083333333333,31.35,15.44,15.910000000000002,66.36874999999999,2.271666666666667,2
TNP_0009,2017-02-06,6.39233,6.40158,0.9985550442234574,22.9225,33.19,14.63,18.559999999999995,61.13625,2.6083333333333334,2
TNP_0009,2017-02-07,6.40924,6.42059,0.998232249684219,23.12625,33.22,14.69,18.53,59.818333333333335,2.5854166666666667,2
TNP_0009,2017-02-08,6.45087,6.46846,0.9972806510359498,23.330416666666665,33.22,14.58,18.64,61.30916666666667,2.984166666666667,2
TNP_0009,2017-02-09,6.30765,6.37317,0.9897194018047534,23.277083333333334,33.2,14.81,18.39,63.56,2.6479166666666667,2
TNP_0009,2017-02-10,6.27253,6.32642,0.9914817542938976,23.07375,32.7,15.98,16.720000000000002,65.72791666666667,2.370416666666667,2
TNP_0009,2017-02-11,6.25433,6.4525500000000005,0.9692803620274154,23.01625,32.39,17.04,15.35,66.62833333333333,2.5725,2
TNP_0009,2017-02-12,5.70483,6.629929999999999,0.8604660984354287,23.125833333333333,31.84,16.79,15.05,66.89583333333333,3.387083333333333,2
TNP_0009,2017-02-13,6.01691,6.63759,0.906490156818966,24.476250000000004,32.52,17.09,15.430000000000003,64.52125,3.7883333333333336,2
TNP_0009,2017-02-14,5.40849,6.24634,0.865865450807993,24.87333333333333,32.56,19.16,13.400000000000002,71.265,4.51875,2
TNP_0009,2017-02-15,6.41716,6.52481,0.983501435290836,24.200416666666666,32.78,17.34,15.44,66.8775,4.103750000000001,2
TNP_0009,2017-02-16,6.560099999999999,6.66649,0.9840410770885428,23.79083333333333,32.52,17.03,15.490000000000002,60.1775,3.6016666666666666,2
TNP_0009,2017-02-17,6.51485,6.58493,0.9893575178475702,23.50208333333333,32.39,16.58,15.810000000000002,59.82833333333334,3.225,2
TNP_0009,2017-02-18,6.678859999999999,6.83722,0.97683853964038,24.32583333333333,33.4,16.96,16.439999999999998,60.3025,2.901666666666667,2
TNP_0009,2017-02-19,6.29239,6.718940000000001,0.9365152836608156,25.48375,35.66,16.38,19.28,54.93208333333333,2.807916666666667,2
TNP_0009,2017-02-20,6.23991,6.53995,0.9541219734095826,26.9575,37.77,17.61,20.160000000000004,51.01500000000001,2.6475,2
TNP_0009,2017-02-21,6.18067,6.464729999999999,0.9560600365367156,27.32958333333333,38.46,18.23,20.23,54.810833333333335,2.62875,2
TNP_0009,2017-02-22,6.57232,6.67255,0.9849787562476112,27.405416666666667,38.41,18.17,20.239999999999995,57.42291666666667,2.768333333333333,2
TNP_0009,2017-02-23,6.890689999999999,6.91762,0.9961070425955746,26.735416666666666,37.36,18.48,18.88,59.06583333333333,2.74625,2
TNP_0009,2017-02-24,6.945480000000001,6.98279,0.9946568635173048,26.4475,37.14,17.87,19.27,60.04125,3.29375,2
TNP_0009,2017-02-25,6.861470000000001,7.016649999999999,0.9778840329787007,27.019166666666667,37.21,17.66,19.55,54.47083333333333,3.05625,2
TNP_0009,2017-02-26,5.81027,6.71447,0.8653356110013151,27.09166666666667,35.84,19.44,16.400000000000002,56.84666666666666,2.8975000000000004,2
TNP_0009,2017-02-27,5.064760000000001,6.68258,0.7579048810489363,25.620416666666667,35.51,18.18,17.33,58.08583333333333,3.285833333333333,2
TNP_0009,2017-02-28,6.36097,6.84656,0.9290753312612464,25.762916666666666,35.93,17.64,18.29,55.32041666666667,3.38125,2
TNP_0009,2017-03-01,6.087350000000001,6.833399999999999,0.8908230163608162,25.32166666666667,35.29,16.84,18.45,52.28,3.3745833333333333,2
TNP_0009,2017-03-02,5.25969,6.768269999999999,0.7771099557198516,25.75791666666667,35.85,16.43,19.42,48.22,2.989583333333333,2
TNP_0009,2017-03-03,5.74146,6.60351,0.8694557894210806,27.54875,36.16,18.21,17.949999999999996,57.345,2.842916666666667,2
TNP_0009,2017-03-04,4.48855,6.36363,0.7053442767728483,27.52875,34.9,22.27,12.63,69.02041666666666,3.6029166666666663,2
TNP_0009,2017-03-05,6.06555,6.55168,0.9258007106574192,28.857916666666668,37.26,22.45,14.81,64.37166666666667,3.0483333333333333,2
TNP_0009,2017-03-06,6.034590000000001,6.56456,0.9192680088231352,29.74,38.42,23.39,15.03,61.553333333333335,3.4804166666666667,2
TNP_0009,2017-03-07,5.837,6.41425,0.9100050668433566,29.33583333333333,37.36,23.75,13.61,65.11208333333333,4.159583333333333,2
TNP_0009,2017-03-08,5.15766,6.42228,0.8030886227321139,28.950416666666666,35.98,24.06,11.919999999999998,66.42708333333333,3.492083333333333,2
TNP_0009,2017-03-09,5.55032,6.53713,0.8490453761819025,29.359583333333333,36.17,24.06,12.110000000000005,64.815,4.114583333333333,2
TNP_0009,2017-03-10,5.62172,6.54524,0.8589020417891475,29.42458333333333,36.35,24.42,11.93,63.57416666666666,4.314166666666667,2
TNP_0009,2017-03-11,5.89195,6.56291,0.8977648634523405,29.484583333333333,36.25,23.65,12.6,61.7225,3.1008333333333336,2
TNP_0009,2017-03-12,5.37959,6.169239999999999,0.8720020618423017,29.83083333333333,37.59,23.39,14.200000000000005,60.97291666666666,2.8158333333333334,2
TNP_0009,2017-03-13,5.9598,6.41687,0.928770568828728,29.74208333333333,37.11,23.8,13.31,61.15375,3.109583333333333,2
TNP_0009,2017-03-14,4.83571,6.54468,0.7388764614923877,28.98708333333333,36.49,23.55,12.94,61.55791666666667,3.3666666666666667,2
TNP_0009,2017-03-15,5.63245,6.71674,0.8385690081795633,28.82375,36.26,22.9,13.36,59.81958333333333,3.4829166666666667,2
TNP_0009,2017-03-16,5.888649999999999,6.69925,0.8790013807515765,29.261666666666667,37.4,22.73,14.669999999999998,55.57958333333334,3.2533333333333334,2
TNP_0009,2017-03-17,6.49823,6.76809,0.9601275987760208,30.374166666666667,38.57,22.94,15.63,50.340833333333336,2.735,2
TNP_0009,2017-03-18,6.0034600000000005,6.33491,0.9476788146950786,30.720416666666665,39.79,23.86,15.93,51.959583333333335,3.1908333333333334,2
TNP_0009,2017-03-19,6.07563,6.542260000000001,0.9286744947464636,30.58875,39.74,23.55,16.19,53.35125,3.200833333333333,2
TNP_0009,2017-03-20,6.16112,6.39124,0.963994467427291,30.889166666666668,39.39,23.32,16.07,53.90708333333333,3.4112500000000003,2
TNP_0009,2017-03-21,5.79663,6.2652600000000005,0.925201827218663,30.0275,37.32,23.49,13.830000000000002,55.72833333333333,2.5187500000000003,2
TNP_0009,2017-03-22,6.366689999999999,6.80602,0.9354497929773934,29.185416666666665,38.11,21.23,16.88,56.028333333333336,3.0575,2
TNP_0009,2017-03-23,6.946530000000001,7.10703,0.9774167268183758,28.36583333333333,38.06,19.69,18.37,54.03875,3.03,2
TNP_0009,2017-03-24,7.316689999999999,7.34909,0.9955912908945188,28.09166666666667,38.49,19.31,19.180000000000003,50.32291666666666,3.130416666666666,2
TNP_0009,2017-03-25,7.39075,7.39693,0.9991645182528428,28.58375,39.0,19.56,19.44,53.715,3.3708333333333336,2
TNP_0009,2017-03-26,7.33701,7.339480000000001,0.9996634638966247,28.5525,39.37,19.76,19.61,55.31041666666667,3.37,2
TNP_0009,2017-03-27,7.42546,7.43146,0.9991926216382784,28.72875,38.84,19.6,19.24,53.44166666666666,3.436666666666667,2
TNP_0009,2017-03-28,7.03713,7.23927,0.9720772950863832,29.515833333333333,39.5,20.8,18.7,55.057500000000005,3.49,2
TNP_0009,2017-03-29,7.17923,7.26549,0.988127435314067,29.725,39.86,21.04,18.82,53.01125,3.1633333333333336,2
TNP_0009,2017-03-30,7.42188,7.44428,0.9969909783081776,30.2375,40.16,21.14,19.02,54.125,3.2616666666666667,2
TNP_0009,2017-03-31,7.03832,7.386550000000001,0.9528562048588312,29.859583333333333,39.31,21.95,17.360000000000003,53.55291666666667,3.5620833333333333,2
TNP_0009,2017-04-01,7.02756,7.04437,0.9976136971794496,30.8325,40.93,21.86,19.07,51.86958333333334,3.861666666666667,2
TNP_0009,2017-04-02,6.98496,7.15645,0.976037001585982,30.77083333333333,40.8,22.82,17.979999999999997,53.524166666666666,4.220416666666666,2
TNP_0009,2017-04-03,6.93158,7.050680000000001,0.98310801227683,31.175416666666667,41.02,23.93,17.090000000000003,56.90541666666667,4.1675,2
TNP_0009,2017-04-04,6.29548,6.80937,0.9245319317352414,31.16416666666667,40.0,24.29,15.71,57.46541666666667,4.21625,2
TNP_0009,2017-04-05,6.68868,6.71976,0.9953748348155292,31.38416666666667,39.82,24.35,15.47,54.5275,3.8425,2
TNP_0009,2017-04-06,6.754239999999999,6.77733,0.9965930536066562,32.19708333333333,41.29,25.12,16.169999999999998,53.73791666666667,3.9275,2
TNP_0009,2017-04-07,6.81523,6.86277,0.993072767993099,32.12708333333333,41.75,24.25,17.5,50.95625,3.518333333333333,2
TNP_0009,2017-04-08,6.79912,6.86296,0.99069789128889,31.270416666666662,40.7,23.65,17.050000000000004,52.8875,3.5620833333333333,2
TNP_0009,2017-04-09,6.78175,6.97103,0.972847627968894,31.379166666666663,40.61,23.58,17.03,53.84916666666667,3.5316666666666667,2
TNP_0009,2017-04-10,6.35838,6.72716,0.9451804327531976,32.39333333333334,41.49,23.77,17.720000000000002,48.42666666666667,3.3495833333333334,2
TNP_0009,2017-04-11,6.38148,6.7485100000000005,0.9456131797982072,31.107916666666668,38.91,24.56,14.349999999999998,57.21666666666667,3.0658333333333334,2
TNP_0009,2017-04-12,6.54782,6.85148,0.9556796487766148,31.524583333333336,40.63,23.91,16.720000000000002,54.814166666666665,3.2475,2
TNP_0009,2017-04-13,6.73793,6.83182,0.9862569564186412,30.727500000000003,40.3,22.66,17.639999999999997,56.02333333333333,3.3683333333333336,2
TNP_0009,2017-04-14,5.40613,7.1629000000000005,0.7547403984419718,30.961250000000003,41.2,22.73,18.47,52.06666666666666,3.4479166666666665,2
TNP_0009,2017-04-15,6.44541,6.797059999999999,0.9482643966656172,31.83375,42.21,23.31,18.9,47.9625,3.3520833333333333,2
TNP_0009,2017-04-16,6.773770000000001,6.921,0.9787270625632136,34.13666666666666,43.38,24.17,19.21,38.71125,3.518333333333333,2
TNP_0009,2017-04-17,6.60701,6.731649999999999,0.9814844800308988,35.05125,44.04,26.95,17.09,38.599583333333335,3.2120833333333336,2
TNP_0009,2017-04-18,6.87594,6.92572,0.9928122996598188,34.57625,43.79,26.76,17.029999999999998,41.35833333333333,3.16875,2
TNP_0009,2017-04-19,6.77674,6.82304,0.9932141684644968,34.22708333333333,43.09,26.32,16.770000000000003,44.01125,4.445,2
TNP_0009,2017-04-20,5.88304,6.50737,0.9040580142207988,34.29958333333334,42.64,26.94,15.7,44.35625,3.956666666666667,2
TNP_0009,2017-04-21,6.287,6.55518,0.9590888427167522,34.68083333333333,41.8,28.18,13.619999999999996,40.869166666666665,2.22625,2
TNP_0009,2017-04-22,6.68966,6.831,0.9793090323525104,34.67208333333333,42.53,27.98,14.55,41.25541666666667,3.36,2
TNP_0009,2017-04-23,6.55492,6.9698400000000005,0.9404692216751028,35.016666666666666,43.58,28.24,15.34,41.79458333333333,3.0941666666666667,2
TNP_0009,2017-04-24,6.53932,6.8836,0.949985472717764,34.779583333333335,43.0,28.24,14.760000000000002,44.48499999999999,3.478333333333333,2
TNP_0009,2017-04-25,6.1281,6.60662,0.9275696195634076,33.57,41.21,27.64,13.57,48.684583333333336,3.1316666666666664,2
TNP_0009,2017-04-26,6.88786,7.01574,0.9817724145991726,34.14625,41.96,27.43,14.53,43.71541666666667,3.205,2
TNP_0009,2017-04-27,7.16321,7.18414,0.99708663806663,32.014583333333334,39.97,24.79,15.18,48.588750000000005,3.849583333333333,2
TNP_0009,2017-04-28,7.08272,7.132560000000001,0.9930123265699832,33.65208333333333,42.39,24.76,17.63,41.53791666666667,3.0404166666666668,2
TNP_0009,2017-04-29,6.91743,6.96014,0.9938636291798728,33.91583333333333,42.36,26.4,15.96,41.895833333333336,3.31875,2
TNP_0009,2017-04-30,6.27687,6.65726,0.9428608766970196,33.424166666666665,41.73,26.63,15.099999999999998,44.75833333333333,3.3654166666666665,2
TNP_0009,2017-05-01,6.690510000000001,6.86016,0.9752702560873218,32.154583333333335,39.13,26.09,13.040000000000004,49.23374999999999,3.52875,2
TNP_0009,2017-05-02,6.54883,6.952019999999999,0.942003906778174,31.84708333333333,39.96,25.82,14.14,51.60916666666666,3.855833333333333,2
TNP_0009,2017-05-03,7.04907,7.2571,0.9713342795331468,31.809166666666663,40.23,25.27,14.959999999999996,51.7925,3.826666666666666,2
TNP_0009,2017-05-04,7.32248,7.46362,0.9810896053121676,32.25,41.32,25.21,16.11,51.89041666666666,3.59375,2
TNP_0009,2017-05-05,7.2076,7.36391,0.9787735048364252,32.47625,41.67,25.23,16.44,54.09333333333333,3.98,2
TNP_0009,2017-05-06,7.18189,7.28444,0.985922047542433,32.815,41.36,25.71,15.65,55.2625,4.871666666666667,2
TNP_0009,2017-05-07,6.87765,7.28953,0.9434970430192344,31.62125,38.85,26.04,12.810000000000002,60.24041666666667,3.7075,2
TNP_0009,2017-05-08,6.90643,7.14369,0.9667874725806972,30.27125,37.11,24.09,13.02,50.5125,3.411666666666666,2
TNP_0009,2017-05-09,6.18734,6.80571,0.9091395313641044,32.65625,40.64,24.09,16.55,50.0975,2.7133333333333334,2
TNP_0009,2017-05-10,6.2546,6.63278,0.9429831835218416,29.967916666666667,35.25,26.14,9.11,65.52083333333333,2.8125,2
TNP_0009,2017-05-11,4.65943,6.5101700000000005,0.7157155650313279,29.880416666666665,34.16,26.11,8.049999999999997,66.31958333333334,3.08875,2
TNP_0009,2017-05-12,6.687600000000001,7.18811,0.930369735577224,30.69833333333333,37.03,25.62,11.41,62.546666666666674,3.1175,2
TNP_0009,2017-05-13,7.16446,7.212260000000001,0.9933723964471608,31.89625,39.38,25.6,13.78,56.38166666666666,3.127083333333333,2
TNP_0009,2017-05-14,6.6285,6.92158,0.9576570667390972,34.43666666666667,42.95,26.37,16.580000000000002,48.02375,3.478333333333333,2
TNP_0009,2017-05-15,6.6100200000000005,6.7803,0.9748860669881864,33.38458333333333,40.36,26.96,13.4,50.7275,3.7591666666666663,2
TNP_0009,2017-05-16,6.00645,6.6833800000000005,0.8987144229416851,35.11333333333334,42.7,27.05,15.650000000000002,42.556666666666665,3.9079166666666665,2
TNP_0009,2017-05-17,5.97052,6.546480000000001,0.9120198946609474,35.39791666666667,42.41,29.6,12.809999999999995,42.473333333333336,3.2416666666666667,2
TNP_0009,2017-05-18,5.63421,6.46819,0.8710643935938803,32.49375,40.28,27.3,12.98,54.77166666666667,5.578333333333333,2
TNP_0009,2017-05-19,6.050560000000001,6.45175,0.9378168713914832,30.684166666666663,35.21,26.79,8.420000000000002,61.71958333333333,4.093333333333333,2
TNP_0009,2017-05-20,5.92326,6.44982,0.9183605123863922,31.34958333333333,37.1,26.76,10.34,55.125416666666666,3.954166666666667,2
TNP_0009,2017-05-21,5.47527,6.27533,0.872507103212102,30.4025,35.81,25.93,9.880000000000004,59.09375,3.6941666666666655,2
TNP_0009,2017-05-22,5.65521,6.29525,0.898329693022517,31.81625,37.44,25.9,11.54,58.01416666666666,2.056666666666666,2
TNP_0009,2017-05-23,5.38765,6.677689999999999,0.8068134339869028,32.3075,39.07,26.53,12.54,53.712916666666665,3.5812500000000003,2
TNP_0009,2017-05-24,4.355519999999999,6.219180000000001,0.7003367003367001,33.130833333333335,40.36,26.46,13.9,52.24375,2.4795833333333333,2
TNP_0009,2017-05-25,5.65806,6.33062,0.8937608006798703,32.98625,39.57,27.17,12.4,54.34708333333333,3.01625,2
TNP_0009,2017-05-26,4.93829,6.36482,0.7758726876800915,31.03625,36.77,26.26,10.510000000000002,61.715,3.0125,2
TNP_0009,2017-05-27,4.97801,6.26498,0.7945771574689784,31.0475,36.67,26.38,10.290000000000004,62.39958333333333,2.6833333333333336,2
TNP_0009,2017-05-28,5.2133400000000005,6.34818,0.8212338024441652,31.562083333333334,37.62,26.98,10.639999999999995,58.38625,4.4075,2
TNP_0009,2017-05-29,6.51909,6.99987,0.9313158672946784,33.41416666666667,41.28,26.95,14.330000000000002,47.84625,5.84625,2
TNP_0009,2017-05-30,6.73029,7.17583,0.9379110151717642,33.85333333333333,41.77,26.64,15.130000000000004,44.13458333333333,5.949583333333333,2
TNP_0009,2017-05-31,5.966019999999999,7.04148,0.847267903906565,32.58166666666667,38.48,26.32,12.159999999999997,47.48374999999999,4.445416666666667,2
TNP_0009,2017-06-01,6.51434,7.03365,0.926167779175819,33.2025,39.23,27.12,12.109999999999996,47.42250000000001,3.349166666666666,2
TNP_0009,2017-06-02,6.63523,7.02607,0.9443728855533748,32.13041666666667,38.04,26.91,11.13,54.07708333333333,3.1733333333333333,2
TNP_0009,2017-06-03,6.79303,7.15546,0.9493491683274032,32.45916666666667,39.8,26.62,13.179999999999996,50.1075,5.22,2
TNP_0009,2017-06-04,6.70582,7.30366,0.9181451491444016,32.0325,37.88,26.89,10.990000000000002,53.03125,3.135,2
TNP_0009,2017-06-05,6.339840000000001,7.071230000000001,0.8965682066627729,32.13166666666667,37.72,26.82,10.9,52.97166666666666,3.7175,2
TNP_0009,2017-06-06,5.79966,7.15933,0.8100841838551932,28.945833333333336,34.23,24.11,10.119999999999996,67.23666666666666,3.33375,2
TNP_0009,2017-06-07,4.04793,7.09346,0.5706566330112526,27.43375,32.67,23.49,9.180000000000003,61.72333333333333,5.604166666666667,2
TNP_0009,2017-06-08,4.41949,6.98366,0.6328329271470833,29.195000000000004,35.43,23.51,11.919999999999998,56.187916666666666,5.548749999999999,2
TNP_0009,2017-06-09,4.30802,6.800649999999999,0.6334718004896591,29.176666666666662,34.48,24.7,9.779999999999998,62.305,4.605,2
TNP_0009,2017-06-10,5.357,6.64054,0.8067115023778187,29.085833333333337,35.31,24.28,11.03,61.84583333333333,5.22625,2
TNP_0009,2017-06-11,5.07366,6.760350000000001,0.7505025627371363,30.232916666666668,37.31,24.31,13.000000000000004,55.86375,5.565833333333334,2
TNP_0009,2017-06-12,5.36284,6.73607,0.7961378073565151,29.40833333333333,33.8,25.11,8.689999999999998,63.0975,3.9279166666666665,2
TNP_0009,2017-06-13,5.24712,7.07972,0.7411479550038702,31.015416666666667,37.07,25.22,11.85,59.88208333333333,3.54625,2
TNP_0009,2017-06-14,6.08551,6.97015,0.8730816409976829,31.305833333333336,37.79,26.16,11.63,62.548750000000005,3.0316666666666667,2
TNP_0009,2017-06-15,5.10543,7.05362,0.7238028133072097,30.71875,36.65,26.16,10.489999999999998,61.58833333333333,2.28125,2
TNP_0009,2017-06-16,4.46453,6.86179,0.6506363499903086,29.8625,35.49,24.94,10.55,64.2,2.205,2
TNP_0009,2017-06-17,6.234,6.98148,0.8929338764846422,30.552916666666665,37.59,24.71,12.880000000000004,52.90416666666667,4.447916666666667,2
TNP_0009,2017-06-18,6.135770000000001,7.12503,0.8611570758298563,31.500833333333333,37.64,25.05,12.59,55.640833333333326,2.294583333333333,2
TNP_0009,2017-06-19,4.73135,6.886550000000001,0.6870421328531703,28.9075,34.86,23.05,11.81,60.04,3.672916666666667,2
TNP_0009,2017-06-20,4.63317,7.046399999999999,0.6575229904632153,29.776666666666667,36.8,23.17,13.629999999999995,62.79416666666666,2.685,2
TNP_0009,2017-06-21,6.0751800000000005,6.96633,0.8720775501591226,29.74416666666667,36.8,24.28,12.519999999999996,58.68625,3.8025,2
TNP_0009,2017-06-22,4.81586,7.06799,0.6813620279598585,30.417916666666667,37.03,24.4,12.630000000000004,57.78083333333333,3.674583333333333,2
TNP_0009,2017-06-23,6.54755,7.02678,0.9317994871050468,30.60625,37.36,24.74,12.62,62.96208333333333,3.704583333333333,2
TNP_0009,2017-06-24,5.005859999999999,6.81266,0.7347878802112536,28.32708333333333,34.29,23.97,10.32,64.02833333333334,4.470416666666667,2
TNP_0009,2017-06-25,5.07029,6.685650000000001,0.7583840015555704,29.14125,35.74,24.11,11.630000000000004,61.14541666666667,4.9591666666666665,2
TNP_0009,2017-06-26,4.49955,6.85511,0.6563789640137067,28.70458333333333,33.75,24.14,9.61,61.58416666666667,5.269166666666667,2
TNP_0009,2017-06-27,5.07751,6.82759,0.7436752939177661,28.493333333333336,34.8,23.43,11.369999999999996,59.548750000000005,5.580416666666667,2
TNP_0009,2017-06-28,5.00595,6.8897200000000005,0.7265825026271022,28.433333333333334,33.74,23.54,10.200000000000005,57.37166666666667,5.2825,2
TNP_0009,2017-06-29,5.671930000000001,6.93442,0.8179386307722925,28.262916666666666,33.82,23.7,10.12,60.26375,4.99875,2
TNP_0009,2017-06-30,5.11788,6.68512,0.7655629218323681,28.73875,34.59,24.26,10.330000000000002,60.93708333333333,4.260416666666667,2
TNP_0009,2017-07-01,4.64701,6.79385,0.6840024433862979,30.68958333333333,37.61,24.25,13.36,57.27375,3.795416666666666,2
TNP_0009,2017-07-02,5.97121,6.786989999999999,0.8798023866249988,30.47833333333333,37.03,25.09,11.94,57.21833333333333,3.81375,2
TNP_0009,2017-07-03,5.459899999999999,6.91208,0.7899069455214638,30.65,37.94,24.16,13.779999999999998,54.11708333333333,3.85375,2
TNP_0009,2017-07-04,5.956720000000001,6.95449,0.8565286599017327,29.800833333333333,36.44,23.86,12.579999999999998,53.44708333333333,5.070416666666667,2
TNP_0009,2017-07-05,5.90947,6.88233,0.8586438023169479,30.61625,37.8,23.68,14.119999999999996,53.53083333333333,4.7325,2
TNP_0009,2017-07-06,5.33271,6.62017,0.8055246315426945,29.780416666666667,36.49,24.6,11.89,62.69375,3.912083333333333,2
TNP_0009,2017-07-07,4.18261,6.4739,0.6460726918858802,28.26083333333333,33.45,23.73,9.720000000000002,68.39291666666666,3.0850000000000004,2
TNP_0009,2017-07-08,3.39903,6.94682,0.4892929426701714,28.644166666666667,34.09,23.77,10.320000000000004,61.19833333333333,3.515833333333333,2
TNP_0009,2017-07-09,5.35085,6.55584,0.8161959413286475,29.46625,35.66,24.08,11.579999999999998,63.08708333333334,2.2758333333333334,2
TNP_0009,2017-07-10,6.18321,7.07209,0.8743115542930024,28.911666666666665,34.31,24.72,9.590000000000003,67.29458333333334,2.9737500000000003,2
TNP_0009,2017-07-11,5.10362,7.10549,0.7182643280055282,28.4675,34.62,23.64,10.979999999999997,68.04416666666667,4.641666666666667,2
TNP_0009,2017-07-12,3.10099,6.74966,0.4594290675382168,27.262916666666666,32.61,22.8,9.81,67.30375,4.175833333333333,2
TNP_0009,2017-07-13,4.90857,6.929519999999999,0.7083564229557027,28.9675,36.3,22.9,13.4,57.035833333333336,4.740833333333334,2
TNP_0009,2017-07-14,2.65285,6.7877,0.3908319460200067,28.10833333333333,33.5,22.91,10.59,58.76625000000001,4.625,2
TNP_0009,2017-07-15,4.417050000000001,6.63488,0.6657317087874989,29.3475,36.47,22.96,13.509999999999998,59.227916666666665,4.3125,2
TNP_0009,2017-07-16,3.77522,7.03751,0.5364425769910096,30.375,38.23,24.08,14.15,52.10583333333333,5.9750000000000005,2
TNP_0009,2017-07-17,3.87825,6.98699,0.5550673465970325,29.14625,34.83,24.55,10.279999999999998,56.63041666666667,5.417916666666667,2
TNP_0009,2017-07-18,4.23469,6.63793,0.6379533981226074,29.30458333333333,35.84,24.44,11.400000000000002,62.54750000000001,5.459583333333334,2
TNP_0009,2017-07-19,4.68441,6.86504,0.682357276869472,29.57708333333333,36.16,24.16,11.999999999999996,60.219166666666666,6.295833333333333,2
TNP_0009,2017-07-20,5.90111,6.96683,0.8470294237120757,27.666666666666668,34.22,23.08,11.14,69.425,5.070833333333334,2
TNP_0009,2017-07-21,6.497889999999999,7.02535,0.9249204665959702,29.579166666666666,36.24,23.18,13.060000000000002,65.72500000000001,3.79375,2
TNP_0009,2017-07-22,6.43044,6.952,0.924976985040276,30.63416666666667,37.67,24.38,13.290000000000004,63.67958333333333,2.507916666666667,2
TNP_0009,2017-07-23,6.18993,6.810059999999999,0.9089391282896188,30.602083333333336,37.07,25.35,11.72,61.310833333333335,3.1275,2
TNP_0009,2017-07-24,6.60195,7.11362,0.9280717834239108,30.37625,36.97,24.85,12.119999999999996,59.97166666666666,3.8866666666666663,2
TNP_0009,2017-07-25,6.179139999999999,6.89429,0.8962692314944686,30.81958333333333,37.76,24.58,13.18,61.25333333333333,2.84125,2
TNP_0009,2017-07-26,5.3929,6.75512,0.7983425905091249,30.7675,37.47,24.97,12.5,62.51083333333333,2.33625,2
TNP_0009,2017-07-27,6.60745,7.00162,0.9437030287276372,30.50125,38.19,24.76,13.429999999999996,63.09166666666667,2.950416666666667,2
TNP_0009,2017-07-28,6.24772,6.91919,0.9029554037394552,30.152916666666663,38.32,24.9,13.420000000000002,65.71541666666667,2.8083333333333336,2
TNP_0009,2017-07-29,4.93689,6.87941,0.7176327621118671,29.39583333333333,34.46,24.76,9.7,70.78541666666666,1.9954166666666664,2
TNP_0009,2017-07-30,4.96696,6.71534,0.7396438601768488,26.795416666666668,30.1,24.43,5.670000000000002,79.37416666666667,2.7266666666666666,2
TNP_0009,2017-07-31,5.01165,6.89732,0.72660830583473,28.348333333333333,33.2,24.31,8.890000000000004,73.11291666666666,2.887083333333333,2
TNP_0009,2017-08-01,6.7189000000000005,6.92292,0.9705297764527108,29.11708333333333,35.03,24.15,10.880000000000004,68.90791666666667,2.5654166666666667,2
TNP_0009,2017-08-02,6.23754,6.95376,0.8970024849865397,29.025,34.61,23.95,10.66,70.02833333333334,2.8883333333333336,2
TNP_0009,2017-08-03,6.07479,6.91596,0.8783726337341454,28.88958333333333,34.6,24.2,10.400000000000002,68.46291666666666,3.3716666666666666,2
TNP_0009,2017-08-04,4.56807,6.86448,0.6654648276344312,28.594166666666663,34.0,24.11,9.89,70.3725,3.8058333333333336,2
TNP_0009,2017-08-05,3.49935,6.61171,0.5292655001504905,29.10666666666667,34.42,24.21,10.21,71.3,3.5695833333333336,2
TNP_0009,2017-08-06,6.242,6.65983,0.9372611613209346,29.5425,35.06,24.57,10.490000000000002,70.33041666666666,2.7570833333333336,2
TNP_0009,2017-08-07,5.52058,6.761850000000001,0.8164304147533588,28.860416666666666,33.81,24.98,8.830000000000002,71.89833333333333,2.265,2
TNP_0009,2017-08-08,5.89808,6.772399999999999,0.8708995334002718,27.07708333333333,30.91,24.37,6.539999999999999,81.74125,2.3858333333333333,2
TNP_0009,2017-08-09,4.79296,6.73429,0.7117246213038049,26.13291666666667,28.97,23.74,5.23,85.50416666666666,1.1470833333333337,2
TNP_0009,2017-08-10,5.81238,6.85736,0.8476119089562164,26.42833333333333,29.56,23.73,5.829999999999998,81.25208333333333,1.7612500000000002,2
TNP_0009,2017-08-11,5.58035,6.76496,0.8248903171637378,27.633333333333336,31.73,23.9,7.830000000000002,77.045,2.2045833333333333,2
TNP_0009,2017-08-12,5.7817,6.97415,0.8290185900790777,27.269583333333333,31.46,23.87,7.59,77.98375,2.0516666666666667,2
TNP_0009,2017-08-13,3.88655,6.80694,0.5709687466027319,25.961250000000003,29.13,23.31,5.82,84.13916666666667,1.56375,2
TNP_0009,2017-08-14,5.419779999999999,6.65024,0.8149750986430564,26.79958333333333,31.0,23.2,7.800000000000001,77.10625,1.81625,2
TNP_0009,2017-08-15,4.86967,6.55165,0.7432738317828335,27.130416666666665,31.36,23.29,8.07,76.25,1.742916666666667,2
TNP_0009,2017-08-16,6.17962,7.07158,0.8738669434553522,27.335416666666664,31.85,23.47,8.380000000000003,77.57583333333334,2.3000000000000003,2
TNP_0009,2017-08-17,4.55537,6.77169,0.6727079946069593,25.96,29.07,23.66,5.41,86.69958333333334,2.6579166666666665,2
TNP_0009,2017-08-18,4.833069999999999,6.65076,0.7266943928212715,26.871666666666663,32.16,22.67,9.489999999999997,78.44125,3.5529166666666665,2
TNP_0009,2017-08-19,5.36026,6.687819999999999,0.8014958536563486,27.23875,33.56,22.62,10.94,73.94666666666667,4.425416666666666,2
TNP_0009,2017-08-20,5.09717,6.8448,0.7446777115474521,26.6575,32.86,22.58,10.28,75.04416666666667,4.040416666666666,2
TNP_0009,2017-08-21,5.85745,6.93279,0.844890729417738,27.22666666666667,32.92,22.54,10.380000000000004,77.03625,3.209583333333333,2
TNP_0009,2017-08-22,4.19175,6.749770000000001,0.6210211607210319,27.67125,32.79,22.82,9.97,73.90791666666667,2.2654166666666664,2
TNP_0009,2017-08-23,6.4701,7.05803,0.9167005524204348,27.41375,31.81,23.57,8.239999999999998,79.28625000000001,2.7883333333333336,2
TNP_0009,2017-08-24,3.82985,7.00637,0.5466240007307636,25.699166666666667,28.41,23.51,4.899999999999999,85.74208333333333,3.51625,2
TNP_0009,2017-08-25,3.04257,6.95584,0.4374123039057827,25.974166666666665,29.63,23.21,6.419999999999998,82.27333333333333,3.5475,2
TNP_0009,2017-08-26,6.14745,6.96957,0.8820415032778206,27.177916666666665,31.97,23.18,8.79,79.73541666666667,3.5375,2
TNP_0009,2017-08-27,4.43783,6.84882,0.6479700152727039,27.2075,33.38,22.84,10.540000000000004,74.81833333333334,4.154166666666667,2
TNP_0009,2017-08-28,3.71386,6.755019999999999,0.5497925986895672,26.31375,30.99,22.75,8.239999999999998,81.43958333333333,3.8966666666666665,2
TNP_0009,2017-08-29,4.71834,6.868510000000001,0.6869524831440881,27.07875,32.56,22.92,9.64,77.585,4.130833333333333,2
TNP_0009,2017-08-30,6.80841,7.05583,0.964933962411226,28.822916666666668,33.92,22.82,11.1,73.59916666666668,2.31625,2
TNP_0009,2017-08-31,6.30121,6.9411000000000005,0.9078114419904626,27.295416666666668,31.5,24.17,7.329999999999998,80.36125,2.427083333333333,2
TNP_0009,2017-09-01,3.46143,6.74212,0.5134037958386977,26.69541666666667,29.75,24.06,5.690000000000001,84.81708333333333,2.1825,2
TNP_0009,2017-09-02,5.89262,6.614,0.8909313577260357,26.828333333333333,30.38,23.65,6.73,84.18666666666667,1.45875,2
TNP_0009,2017-09-03,6.59932,6.99815,0.9430092238663076,27.160416666666663,31.17,23.57,7.600000000000001,82.06,1.5716666666666663,2
TNP_0009,2017-09-04,5.89978,6.80832,0.8665544510246287,27.68125,31.62,23.9,7.720000000000002,79.6675,1.7520833333333332,2
TNP_0009,2017-09-05,6.0690100000000005,6.6967300000000005,0.9062646993383338,27.75958333333333,32.23,24.0,8.229999999999997,82.33208333333333,1.632083333333333,2
TNP_0009,2017-09-06,5.85232,6.5050300000000005,0.8996607240858226,26.718333333333334,29.5,24.15,5.350000000000001,88.76333333333334,1.680416666666667,2
TNP_0009,2017-09-07,5.556520000000001,6.46688,0.8592273244593994,26.40041666666667,29.93,23.43,6.5,88.17875,2.1054166666666667,2
TNP_0009,2017-09-08,4.02202,6.65859,0.6040347881458387,25.995,29.98,23.03,6.949999999999999,86.575,1.94125,2
TNP_0009,2017-09-09,4.63942,6.6129,0.7015711714981325,26.3775,30.1,23.04,7.060000000000002,84.40375,1.4429166666666668,2
TNP_0009,2017-09-10,5.27134,7.013769999999999,0.7515701256243078,26.131666666666664,29.23,23.64,5.59,85.04625,1.4166666666666667,2
TNP_0009,2017-09-11,5.11099,6.85874,0.7451791436911153,26.41125,29.74,23.58,6.16,87.06166666666667,1.8270833333333332,2
TNP_0009,2017-09-12,5.43003,7.011699999999999,0.7744241767331745,26.126666666666665,29.67,23.06,6.610000000000003,87.74666666666667,2.2354166666666666,2
TNP_0009,2017-09-13,6.17492,6.97688,0.8850546376030546,26.293333333333333,29.86,23.06,6.800000000000001,87.68583333333333,2.505416666666666,2
TNP_0009,2017-09-14,5.33859,6.84441,0.7799927239893577,26.249583333333334,30.3,23.46,6.84,85.58458333333333,2.345,2
TNP_0009,2017-09-15,5.02018,6.966939999999999,0.7205717287647088,26.01125,29.17,23.34,5.830000000000002,86.34625,1.9991666666666663,2
TNP_0009,2017-09-16,4.36824,6.70565,0.6514267818928815,26.29625,30.69,22.82,7.870000000000001,84.71375,3.03125,2
TNP_0009,2017-09-17,3.11078,6.60917,0.4706763481647469,25.24208333333333,29.93,21.45,8.48,83.75750000000001,4.254166666666666,2
TNP_0009,2017-09-18,5.0206,6.702649999999999,0.7490470187164778,25.5725,30.71,21.26,9.45,80.41708333333334,4.567083333333334,2
TNP_0009,2017-09-19,5.62129,6.91988,0.81233923131615,26.047916666666666,32.62,20.98,11.639999999999995,77.51208333333334,4.500416666666667,2
TNP_0009,2017-09-20,6.54892,6.82456,0.9596105829533332,26.06958333333333,31.98,20.55,11.43,75.98666666666666,4.287083333333333,2
TNP_0009,2017-09-21,6.8055200000000005,6.98841,0.9738295263157142,27.07541666666667,32.6,20.92,11.68,75.9025,2.907916666666667,2
TNP_0009,2017-09-22,4.59377,6.77596,0.6779511685429076,26.861666666666665,31.36,22.72,8.64,77.60916666666667,2.1254166666666667,2
TNP_0009,2017-09-23,5.94288,6.71609,0.8848720014174913,27.69875,31.95,23.14,8.809999999999999,79.45208333333333,1.37375,2
TNP_0009,2017-09-24,3.50174,6.22261,0.5627445718115067,25.87291666666667,28.53,23.09,5.440000000000001,88.97166666666668,1.2520833333333334,2
TNP_0009,2017-09-25,4.590199999999999,6.471760000000001,0.7092661038110187,25.78625,29.41,23.01,6.399999999999999,85.86166666666666,2.0170833333333333,2
TNP_0009,2017-09-26,4.01166,6.42791,0.6241002129774685,26.12125,29.14,22.93,6.210000000000001,84.41041666666666,1.5854166666666665,2
TNP_0009,2017-09-27,3.96494,6.19088,0.6404485307419947,25.1675,27.59,23.09,4.5,89.60125,2.1175,2
TNP_0009,2017-09-28,4.12718,6.33116,0.6518836990377751,25.734583333333333,29.29,23.08,6.210000000000001,87.08166666666666,1.6070833333333334,2
TNP_0009,2017-09-29,5.34195,6.34089,0.842460600956648,26.55541666666667,29.89,23.09,6.800000000000001,81.96791666666667,1.4225,2
TNP_0009,2017-09-30,4.276269999999999,6.04636,0.7072470048095051,26.32708333333333,29.33,23.32,6.009999999999998,86.54208333333332,1.1983333333333337,2
TNP_0009,2017-10-01,4.10725,6.204,0.6620325596389426,25.90041666666667,28.16,23.16,5.0,87.38416666666667,1.6595833333333332,2
TNP_0009,2017-10-02,6.11834,6.5488800000000005,0.9342574608177276,26.379166666666663,29.79,23.43,6.359999999999999,86.195,1.3654166666666667,2
TNP_0009,2017-10-03,6.2245,6.61666,0.9407314264296488,27.2375,30.67,23.74,6.930000000000003,82.96083333333333,1.04,2
TNP_0009,2017-10-04,5.459770000000001,6.46365,0.8446883726686936,26.27208333333333,30.05,23.65,6.400000000000002,88.01958333333333,1.9325,2
TNP_0009,2017-10-05,4.81201,6.45855,0.7450604237793312,26.105,29.51,23.54,5.970000000000002,89.01375,1.622083333333333,2
TNP_0009,2017-10-06,4.4461900000000005,5.95312,0.7468671889698175,25.52333333333333,28.67,23.53,5.140000000000001,90.45583333333332,1.9679166666666663,2
TNP_0009,2017-10-07,5.02685,6.020359999999999,0.8349749848846248,26.0875,30.06,23.26,6.799999999999997,87.23416666666667,2.387916666666667,2
TNP_0009,2017-10-08,5.33459,6.20734,0.8594003228436013,26.933333333333334,31.32,23.17,8.149999999999999,85.52791666666667,2.37,2
TNP_0009,2017-10-09,5.4852,6.149310000000001,0.8920025173556057,26.73875,30.27,24.04,6.23,88.20541666666666,1.9316666666666664,2
TNP_0009,2017-10-10,5.94355,6.29983,0.9434460929898107,26.362916666666667,29.33,24.26,5.069999999999997,90.0725,1.8433333333333333,2
TNP_0009,2017-10-11,5.7056,6.26423,0.9108222399241406,25.465,29.15,22.39,6.759999999999998,89.10625,1.4025,2
TNP_0009,2017-10-12,2.53643,6.2491,0.4058872477636779,26.87333333333333,31.63,22.33,9.3,78.45208333333333,1.6583333333333332,2
TNP_0009,2017-10-13,2.15207,6.2750900000000005,0.3429544436812858,26.106666666666666,29.56,23.24,6.32,86.62166666666667,1.6695833333333334,2
TNP_0009,2017-10-14,4.14128,6.32843,0.6543929537025771,25.20833333333333,28.22,22.84,5.379999999999999,89.96083333333333,2.5225,2
TNP_0009,2017-10-15,3.23111,6.23466,0.5182495917981094,26.15458333333333,30.39,22.61,7.780000000000001,83.03375,2.387916666666667,2
TNP_0009,2017-10-16,1.97902,6.21459,0.3184473955643091,25.55708333333333,29.27,22.92,6.349999999999998,86.97500000000001,3.674166666666667,2
TNP_0009,2017-10-17,1.48371,5.88718,0.2520238891965253,25.40875,28.65,22.9,5.75,87.18,3.68625,2
TNP_0009,2017-10-18,3.45742,5.62045,0.6151500324707097,24.930833333333336,28.22,21.64,6.579999999999998,82.79583333333333,3.014583333333333,2
TNP_0009,2017-10-19,5.74137,5.8769,0.9769385220099032,27.254583333333333,32.27,21.43,10.840000000000003,71.77875,2.2666666666666666,2
TNP_0009,2017-10-20,5.32752,5.81308,0.9164711306226648,26.88,31.34,22.76,8.579999999999998,80.98666666666666,1.653333333333333,2
TNP_0009,2017-10-21,4.4464,5.79805,0.7668785195022464,26.4475,30.7,23.34,7.359999999999999,82.58958333333334,1.899166666666667,2
TNP_0009,2017-10-22,5.04057,5.69413,0.8852221498279806,26.988333333333333,31.48,22.96,8.52,78.92708333333333,1.805,2
TNP_0009,2017-10-23,5.416930000000001,5.754059999999999,0.9414100652408912,25.9675,31.04,21.51,9.529999999999998,70.21875,1.845,2
TNP_0009,2017-10-24,5.3632,5.67373,0.945268809055066,26.151666666666667,30.58,21.6,8.979999999999997,76.71958333333333,1.33875,2
TNP_0009,2017-10-25,4.46277,5.837149999999999,0.7645460541531399,25.319166666666664,29.27,22.71,6.559999999999999,87.01625,2.270833333333333,2
TNP_0009,2017-10-26,4.47862,6.0403400000000005,0.7414516401394623,24.74416666666667,28.28,21.76,6.52,87.74333333333334,2.33625,2
TNP_0009,2017-10-27,3.97053,5.98085,0.6638738640828644,24.736666666666665,28.82,21.81,7.010000000000002,86.96041666666667,3.0583333333333336,2
TNP_0009,2017-10-28,4.31799,5.85617,0.7373402752993852,24.79208333333333,29.46,21.39,8.07,83.62041666666666,3.55125,2
TNP_0009,2017-10-29,5.4102,5.780819999999999,0.9358879882092852,24.96708333333333,29.32,21.43,7.890000000000001,83.8175,4.485833333333333,2
TNP_0009,2017-10-30,1.98274,5.68692,0.3486491809274616,24.05333333333333,27.57,21.77,5.800000000000001,90.90583333333332,4.0529166666666665,2
TNP_0009,2017-10-31,2.71815,5.83706,0.4656710741366373,23.835833333333337,26.69,21.82,4.870000000000001,90.64,3.8129166666666663,2
TNP_0009,2017-11-01,2.3508400000000003,5.869470000000001,0.4005199788055821,23.687916666666663,26.49,21.88,4.609999999999999,92.5825,3.673333333333333,2
TNP_0009,2017-11-02,3.62942,5.65107,0.6422535909128714,23.901666666666667,27.38,21.69,5.689999999999998,90.4125,4.1554166666666665,2
TNP_0009,2017-11-03,4.21083,5.76926,0.7298735019742566,23.319166666666664,25.81,21.67,4.139999999999997,91.13333333333333,5.121666666666667,2
TNP_0009,2017-11-04,2.84106,5.83221,0.4871326649760554,23.5925,26.73,21.51,5.219999999999999,91.65041666666669,3.450416666666667,2
TNP_0009,2017-11-05,4.39108,5.98079,0.7341973217584967,24.60083333333333,28.39,21.79,6.600000000000001,90.39666666666666,4.403333333333333,2
TNP_0009,2017-11-06,3.65812,5.90813,0.6191671476423166,24.097916666666663,26.75,22.38,4.370000000000001,91.63166666666666,3.3091666666666666,2
TNP_0009,2017-11-07,3.4663600000000003,5.74674,0.6031871983072142,24.2525,27.27,22.34,4.93,90.99958333333332,3.1075,2
TNP_0009,2017-11-08,5.09084,6.0213,0.8454719080597213,23.620416666666667,28.42,19.04,9.380000000000004,87.66708333333334,3.84625,2
TNP_0009,2017-11-09,5.84408,6.06405,0.9637255629488544,23.3125,28.22,18.81,9.41,86.68625000000002,3.9,2
TNP_0009,2017-11-10,2.9178800000000003,5.72746,0.5094544527591638,23.550833333333333,27.44,19.96,7.48,87.91666666666667,4.352916666666666,2
TNP_0009,2017-11-11,4.089,5.621389999999999,0.7274001625932378,22.9325,26.87,20.44,6.43,85.31083333333333,4.973333333333334,2
TNP_0009,2017-11-12,2.5122600000000004,5.37273,0.4675946865001592,22.80666666666667,25.91,20.7,5.210000000000001,85.14375,5.244166666666667,2
TNP_0009,2017-11-13,2.50343,5.60329,0.4467785890075294,23.320833333333336,26.64,20.72,5.920000000000002,88.59750000000001,4.81125,2
TNP_0009,2017-11-14,3.89563,5.5099800000000005,0.7070134555842308,24.427916666666665,28.71,21.14,7.57,89.26166666666667,3.6125,2
TNP_0009,2017-11-15,4.01657,5.249029999999999,0.7652023326214558,26.04125,30.29,21.64,8.649999999999999,83.94166666666666,2.1041666666666665,2
TNP_0009,2017-11-16,4.06055,4.95539,0.8194208730291662,25.31125,29.28,21.74,7.540000000000003,85.11208333333333,2.254583333333333,2
TNP_0009,2017-11-17,4.22767,4.94795,0.8544286017441567,25.374583333333334,29.9,21.47,8.43,85.25708333333334,1.5983333333333334,2
TNP_0009,2017-11-18,4.87923,5.55863,0.8777756389613988,25.144583333333333,29.41,22.1,7.309999999999999,88.57958333333333,2.1679166666666667,2
TNP_0009,2017-11-19,4.3409,5.45502,0.7957624353347926,25.1975,29.44,21.97,7.470000000000002,88.53958333333333,2.158333333333333,2
TNP_0009,2017-11-20,4.69137,5.82987,0.8047126265251199,24.75333333333333,28.88,21.96,6.919999999999998,88.675,2.369166666666666,2
TNP_0009,2017-11-21,4.33153,5.7256,0.7565198407153835,24.57,27.95,21.81,6.140000000000001,90.94958333333334,2.7304166666666667,2
TNP_0009,2017-11-22,5.028899999999999,5.4082,0.9298657594023888,24.15958333333333,28.96,20.09,8.870000000000001,88.18166666666667,3.3433333333333333,2
TNP_0009,2017-11-23,5.0282,5.294359999999999,0.9497276346905008,24.475416666666664,29.19,20.13,9.060000000000002,85.43833333333333,2.002083333333333,2
TNP_0009,2017-11-24,4.35388,5.06146,0.8602023921951374,24.33875,29.03,20.93,8.100000000000001,88.02749999999999,2.7175,2
TNP_0009,2017-11-25,3.88956,5.034770000000001,0.7725397585192569,23.554166666666664,28.13,20.68,7.449999999999999,84.57083333333334,3.848333333333333,2
TNP_0009,2017-11-26,2.18942,5.10961,0.4284906284432667,23.62875,26.54,20.66,5.879999999999999,90.78416666666668,4.710416666666666,2
TNP_0009,2017-11-27,3.25165,5.26722,0.617337039273089,23.97458333333333,28.25,20.26,7.989999999999998,91.22791666666666,4.2195833333333335,2
TNP_0009,2017-11-28,4.16462,5.25976,0.7917889789648197,23.169583333333332,27.58,19.88,7.699999999999999,88.40083333333332,4.151666666666666,2
TNP_0009,2017-11-29,2.96132,5.33509,0.5550646755724833,23.824583333333333,27.85,19.8,8.05,87.00875,5.355,2
TNP_0009,2017-11-30,3.27195,5.5744,0.5869600315729047,24.379583333333333,26.58,22.07,4.509999999999998,93.89416666666666,5.09375,2
TNP_0009,2017-12-01,1.48334,5.48024,0.2706706275637563,23.824583333333333,27.11,21.15,5.960000000000001,91.7725,5.085,2
TNP_0009,2017-12-02,3.3197,5.34813,0.6207216354127516,22.477500000000003,25.95,20.14,5.809999999999999,88.4925,4.282916666666667,2
TNP_0009,2017-12-03,3.28185,5.24128,0.6261542981867025,22.65041666666667,26.82,19.32,7.5,86.19625,3.3325,2
TNP_0009,2017-12-04,4.00867,5.22219,0.7676223959679751,22.95208333333333,27.83,19.19,8.639999999999997,87.10875,2.6950000000000003,2
TNP_0009,2017-12-05,3.76995,5.33438,0.7067269298400188,23.375,28.13,19.72,8.41,88.16583333333334,2.7745833333333336,2
TNP_0009,2017-12-06,4.27575,5.24972,0.8144720099357681,22.63458333333333,27.39,18.44,8.95,88.98708333333333,2.685833333333333,2
TNP_0009,2017-12-07,3.793390000000001,5.1346300000000005,0.73878546263314,21.1325,26.51,16.35,10.16,85.53958333333333,3.0516666666666663,2
TNP_0009,2017-12-08,5.44177,5.47027,0.9947900195054356,22.291666666666668,28.22,16.18,12.04,68.44666666666667,2.515,2
TNP_0009,2017-12-09,5.23529,5.26339,0.9946612354395172,22.865416666666665,28.72,16.96,11.759999999999998,66.30749999999999,2.0058333333333334,2
TNP_0009,2017-12-10,5.1752,5.187810000000001,0.9975693018826826,22.618333333333336,28.06,17.64,10.419999999999998,77.50083333333333,2.387916666666667,2
TNP_0009,2017-12-11,5.271319999999999,5.2884400000000005,0.9967627504519287,23.185,28.84,17.28,11.56,82.2325,1.829583333333333,2
TNP_0009,2017-12-12,4.84433,4.99349,0.9701291080987448,23.677916666666665,29.13,19.13,10.0,84.63208333333334,1.455,2
TNP_0009,2017-12-13,4.52796,4.86773,0.9301994975070516,23.441666666666663,28.41,19.49,8.920000000000002,85.05416666666666,2.0941666666666667,2
TNP_0009,2017-12-14,5.170109999999999,5.33729,0.9686769877597056,22.960833333333337,28.24,19.28,8.959999999999997,86.50833333333333,2.842083333333333,2
TNP_0009,2017-12-15,3.23975,5.12036,0.6327191838073886,22.76833333333333,27.79,19.01,8.779999999999998,88.03041666666667,3.5908333333333338,2
TNP_0009,2017-12-16,4.83288,5.325270000000001,0.9075370826267964,22.45875,27.62,18.27,9.35,84.54916666666666,3.77125,2
TNP_0009,2017-12-17,5.023530000000001,5.38395,0.9330565848494138,21.54375,26.92,17.36,9.560000000000002,83.55666666666667,4.083333333333333,2
TNP_0009,2017-12-18,4.454899999999999,5.16722,0.8621463765816046,21.3925,26.86,17.17,9.689999999999998,83.78583333333334,3.932083333333333,2
TNP_0009,2017-12-19,4.43959,5.2543,0.8449441409892849,21.535416666666663,26.69,17.2,9.490000000000002,84.8975,3.848333333333333,2
TNP_0009,2017-12-20,5.42695,5.47357,0.991482706898788,20.66583333333333,26.8,16.41,10.39,81.89708333333333,4.1466666666666665,2
TNP_0009,2017-12-21,2.61808,5.23566,0.5000477494718908,22.133333333333336,27.76,16.41,11.35,87.0825,4.239166666666667,2
TNP_0009,2017-12-22,4.69865,5.60588,0.8381645700585814,22.106666666666666,27.41,17.88,9.53,85.68374999999999,3.450833333333333,2
TNP_0009,2017-12-23,5.35275,5.7325,0.9337549062363716,21.470416666666665,27.27,16.49,10.78,84.99541666666667,3.120416666666667,2
TNP_0009,2017-12-24,4.4428,5.50893,0.8064724002664764,21.24,27.09,16.24,10.85,84.81791666666668,3.3633333333333333,2
TNP_0009,2017-12-25,3.27563,5.23087,0.6262113185760687,21.410833333333333,27.47,16.36,11.11,85.60333333333334,3.6658333333333335,2
TNP_0009,2017-12-26,5.081510000000001,5.2626800000000005,0.9655745741713349,21.086666666666662,27.26,16.17,11.09,86.72833333333334,3.6254166666666663,2
TNP_0009,2017-12-27,4.69556,5.13895,0.9137197287383612,20.512916666666666,26.81,15.52,11.29,82.75375,3.51125,2
TNP_0009,2017-12-28,5.11971,5.58398,0.9168567938996918,20.315416666666668,25.91,15.55,10.36,81.705,3.3395833333333336,2
TNP_0009,2017-12-29,4.85262,5.521319999999999,0.8788876572993416,21.46291666666667,27.14,16.24,10.900000000000002,83.05583333333333,3.244166666666666,2
TNP_0009,2017-12-30,4.8909,5.5075,0.8880435769405356,21.367500000000003,27.41,16.92,10.489999999999998,82.96041666666666,3.036666666666666,2
TNP_0009,2017-12-31,5.208519999999999,5.699820000000001,0.913804295574246,22.062083333333334,27.97,16.87,11.099999999999998,83.69500000000001,3.084583333333333,2
TNP_0009,2018-01-01,5.02316,5.61109,0.8952200018178286,22.54375,29.15,17.43,11.72,80.32166666666667,2.60875,2
TNP_0009,2018-01-02,4.93994,5.2782,0.9359137584782692,22.620416666666667,28.91,17.21,11.7,82.93666666666667,2.6133333333333333,2
TNP_0009,2018-01-03,4.68811,5.11487,0.916564839380082,22.50958333333333,28.62,17.92,10.7,82.19458333333334,2.9491666666666667,2
TNP_0009,2018-01-04,4.67178,5.00443,0.9335288934004472,21.37375,27.94,16.39,11.55,77.76666666666667,3.148333333333333,2
TNP_0009,2018-01-05,4.960490000000001,5.11555,0.9696884987928964,20.565,27.19,16.21,10.98,73.92333333333333,2.8941666666666666,2
TNP_0009,2018-01-06,4.67332,4.95109,0.9438972024342114,20.137916666666666,26.87,15.31,11.56,71.34,2.38125,2
TNP_0009,2018-01-07,5.39099,5.40866,0.9967330170504338,19.77375,26.72,14.78,11.94,74.14666666666666,2.7983333333333333,2
TNP_0009,2018-01-08,5.075609999999999,5.41181,0.9378766069023116,20.91958333333333,27.25,14.59,12.66,78.03833333333334,3.375833333333333,2
TNP_0009,2018-01-09,2.56623,5.26496,0.4874168084847748,22.3425,27.23,17.66,9.57,83.64708333333333,4.187083333333333,2
TNP_0009,2018-01-10,2.33375,5.39713,0.4324057415700567,23.027083333333334,28.26,19.67,8.59,86.50333333333333,3.82125,2
TNP_0009,2018-01-11,4.03812,5.47226,0.7379254640678623,23.42833333333333,29.28,18.62,10.66,84.48583333333333,2.83625,2
TNP_0009,2018-01-12,5.4785900000000005,5.61163,0.9762920933846316,23.2125,29.11,18.37,10.739999999999998,81.235,2.265,2
TNP_0009,2018-01-13,5.379770000000001,5.96955,0.9012019331440394,22.794166666666666,29.83,17.26,12.569999999999997,80.76791666666666,2.1933333333333334,2
TNP_0009,2018-01-14,5.49565,5.727069999999999,0.9595919030149798,22.746666666666663,29.84,16.69,13.15,81.30083333333333,2.5070833333333336,2
TNP_0009,2018-01-15,5.29669,5.584230000000001,0.9485085678777556,23.15,30.08,18.4,11.68,79.66416666666667,2.0975,2
TNP_0009,2018-01-16,4.323720000000001,4.84352,0.8926813557082454,23.00625,29.69,18.23,11.46,78.60333333333334,1.9483333333333333,2
TNP_0009,2018-01-17,5.34902,5.47638,0.9767437613898232,21.925,29.05,16.55,12.5,74.7175,2.474166666666666,2
TNP_0009,2018-01-18,5.87045,5.95542,0.985732324504401,21.07375,28.73,15.65,13.08,74.91458333333334,3.052083333333333,2
TNP_0009,2018-01-19,5.32476,5.8076300000000005,0.9168559291828164,20.859583333333333,28.18,15.2,12.98,75.60166666666667,2.8779166666666662,2
TNP_0009,2018-01-20,5.10682,5.80554,0.8796459933098386,20.914166666666667,28.41,14.64,13.77,74.70666666666666,2.797083333333333,2
TNP_0009,2018-01-21,5.38131,5.67156,0.9488236040877644,20.945416666666667,28.5,14.44,14.06,77.60541666666667,3.074583333333333,2
TNP_0009,2018-01-22,5.13018,5.802350000000001,0.8841555576619817,21.3025,28.88,15.22,13.659999999999998,75.66083333333333,2.731666666666667,2
TNP_0009,2018-01-23,5.50825,5.692399999999999,0.9676498489213692,22.14375,29.66,16.04,13.62,74.6075,2.135,2
TNP_0009,2018-01-24,5.04282,5.2672,0.9574005164034022,22.606666666666666,30.38,16.53,13.849999999999998,75.06916666666667,2.5329166666666665,2
TNP_0009,2018-01-25,5.44246,5.477069999999999,0.9936809279413994,22.65041666666667,30.71,16.62,14.09,73.41208333333334,2.65125,2
TNP_0009,2018-01-26,5.23625,5.44793,0.9611448752094832,22.587083333333336,30.32,16.95,13.37,72.00083333333333,2.5175,2
TNP_0009,2018-01-27,4.89649,5.36257,0.9130864492211755,22.39583333333333,30.25,16.43,13.82,73.15666666666667,3.0116666666666667,2
TNP_0009,2018-01-28,5.30172,5.42708,0.9769010222808584,22.006666666666664,30.02,15.84,14.18,73.87375,3.5141666666666667,2
TNP_0009,2018-01-29,5.441059999999999,5.97018,0.9113728564297892,21.968333333333334,30.1,15.52,14.580000000000002,74.10166666666667,3.591666666666667,2
TNP_0009,2018-01-30,6.149229999999999,6.17888,0.995201395722202,21.949583333333333,30.44,15.27,15.170000000000002,72.79875,3.3058333333333336,2
TNP_0009,2018-01-31,6.3718,6.38256,0.9983141560753052,21.852083333333336,30.82,14.88,15.94,67.24499999999999,3.0279166666666666,2
TNP_0009,2018-02-01,6.52543,6.55274,0.9958322777952427,21.956666666666667,31.48,14.79,16.69,60.57125,2.7295833333333337,2
TNP_0009,2018-02-02,6.47774,6.53685,0.9909574183283996,22.21083333333333,31.61,15.38,16.229999999999997,61.07749999999999,2.6104166666666666,2
TNP_0009,2018-02-03,6.43699,6.519430000000001,0.9873547227288274,21.57708333333333,30.73,15.27,15.46,67.43291666666666,2.7091666666666665,2
TNP_0009,2018-02-04,6.31867,6.49665,0.9726043422379228,21.786666666666665,30.17,14.68,15.490000000000002,68.79083333333334,2.870416666666667,2
TNP_0009,2018-02-05,5.52679,6.37343,0.8671610106332069,22.41416666666667,30.35,16.24,14.110000000000005,71.595,2.907916666666667,2
TNP_0009,2018-02-06,4.6989,6.10768,0.7693428601367458,24.76708333333333,32.37,16.74,15.63,74.32583333333334,2.580416666666667,2
TNP_0009,2018-02-07,4.77204,5.86418,0.8137608327165946,25.09625,30.73,21.1,9.63,80.59166666666667,1.4645833333333331,2
TNP_0009,2018-02-08,5.11104,5.9423,0.8601114046749575,24.97875,32.52,19.62,12.900000000000002,73.83791666666666,1.89875,2
TNP_0009,2018-02-09,6.00501,6.074140000000001,0.9886189649892824,25.026666666666667,32.73,19.55,13.179999999999996,72.47500000000001,2.04375,2
TNP_0009,2018-02-10,5.96241,6.14375,0.9704838250254324,23.929166666666664,29.12,20.83,8.290000000000003,76.88958333333333,1.60625,2
TNP_0009,2018-02-11,5.81913,6.17612,0.9421983381151922,24.68208333333333,31.27,20.53,10.739999999999998,75.10458333333334,2.908333333333333,2
TNP_0009,2018-02-12,5.106809999999999,6.16463,0.8284049488777103,23.7175,29.83,19.11,10.72,76.80458333333333,2.72625,2
TNP_0009,2018-02-13,5.00685,6.11908,0.8182357478575211,23.145,28.75,19.02,9.73,78.33624999999999,2.81875,2
TNP_0009,2018-02-14,5.59424,6.28322,0.8903460327666388,23.257500000000004,29.64,18.05,11.59,77.44166666666666,3.442916666666666,2
TNP_0009,2018-02-15,5.59084,6.19322,0.902735572125647,23.644166666666667,30.39,18.04,12.35,76.38541666666667,3.419166666666667,2
TNP_0009,2018-02-16,6.33261,6.53931,0.9683911605352856,24.232916666666668,31.11,17.93,13.18,69.99208333333333,2.5933333333333333,2
TNP_0009,2018-02-17,5.92683,6.368519999999999,0.9306447965932432,24.3175,32.55,17.58,14.97,69.73333333333333,2.560833333333333,2
TNP_0009,2018-02-18,6.433479999999999,6.555230000000001,0.9814270437497996,24.0375,33.16,17.12,16.039999999999996,66.88250000000001,2.45375,2
TNP_0009,2018-02-19,6.48019,6.682110000000001,0.9697819999970068,24.025,32.71,17.24,15.470000000000002,69.40541666666667,2.6654166666666668,2
TNP_0009,2018-02-20,6.52567,6.5762,0.9923162312581734,24.18166666666667,33.01,18.05,14.959999999999996,69.36333333333333,3.060416666666667,2
TNP_0009,2018-02-21,6.56202,6.66301,0.9848431864877888,24.05541666666667,33.24,16.82,16.42,67.79958333333333,3.05125,2
TNP_0009,2018-02-22,6.691949999999999,6.73005,0.9943388236342968,24.22833333333333,33.8,16.56,17.24,63.524166666666666,3.084583333333333,2
TNP_0009,2018-02-23,6.82454,6.90534,0.9882989106980974,23.71166666666667,33.09,16.61,16.480000000000004,65.90041666666666,3.00625,2
TNP_0009,2018-02-24,6.40773,6.95758,0.9209710847737288,23.96666666666667,33.1,16.81,16.290000000000003,67.13208333333334,2.66375,2
TNP_0009,2018-02-25,6.79288,7.00837,0.9692524795351845,24.386666666666667,33.92,16.51,17.41,64.76541666666667,3.3016666666666663,2
TNP_0009,2018-02-26,7.02611,7.1273800000000005,0.9857914128333272,25.24416666666667,35.2,16.83,18.370000000000005,60.73333333333333,2.8470833333333334,2
TNP_0009,2018-02-27,6.82083,7.001189999999999,0.9742386651412118,25.535416666666663,35.81,17.16,18.65,53.30625,2.87875,2
TNP_0009,2018-02-28,6.89863,7.0265,0.981801750515904,25.96291666666667,35.96,17.19,18.77,55.70708333333334,2.736666666666667,2
TNP_0009,2018-03-01,7.03787,7.05665,0.9973386805353814,26.02,35.85,18.4,17.450000000000003,54.74166666666667,2.487083333333333,2
TNP_0009,2018-03-02,7.1537,7.166480000000001,0.9982166977372432,25.70125,36.2,16.99,19.210000000000004,53.64333333333334,3.040833333333333,2
TNP_0009,2018-03-03,7.32442,7.3387,0.9980541512801996,25.84708333333333,37.08,16.82,20.26,44.977916666666665,2.9620833333333336,2
TNP_0009,2018-03-04,7.32984,7.33518,0.9992720015050754,25.90083333333333,36.67,16.8,19.87,48.367916666666666,2.8125,2
TNP_0009,2018-03-05,7.31494,7.38,0.9911842818428184,25.6375,36.12,17.34,18.78,50.52375,2.607083333333333,2
TNP_0009,2018-03-06,7.42774,7.43128,0.999523635228386,26.15041666666667,36.32,18.18,18.14,56.33166666666667,2.8325,2
TNP_0009,2018-03-07,6.88763,7.05668,0.976043975353849,26.555833333333336,36.65,18.07,18.58,50.92333333333334,2.793333333333333,2
TNP_0009,2018-03-08,7.03535,7.047899999999999,0.9982193277430158,26.695833333333336,36.58,18.69,17.889999999999997,52.69083333333333,2.9904166666666665,2
TNP_0009,2018-03-09,5.96393,6.593979999999999,0.9044507262685056,26.96708333333333,36.12,18.55,17.569999999999997,58.07875000000001,2.9625,2
TNP_0009,2018-03-10,5.67407,6.24368,0.9087701483740356,27.595416666666665,36.98,19.67,17.309999999999995,56.22166666666666,3.06125,2
TNP_0009,2018-03-11,6.45197,6.85157,0.9416776009002316,27.35875,36.32,20.34,15.98,61.34458333333333,3.001666666666667,2
TNP_0009,2018-03-12,6.27641,6.88468,0.9116487621792152,27.751666666666665,36.43,21.07,15.36,64.13458333333334,3.3720833333333338,2
TNP_0009,2018-03-13,5.389600000000001,6.89178,0.7820330886940675,28.55708333333333,36.21,21.71,14.5,61.677083333333336,3.3816666666666664,2
TNP_0009,2018-03-14,5.840409999999999,6.85744,0.8516895517860892,28.079166666666666,35.51,22.13,13.38,62.25958333333333,2.714166666666667,2
TNP_0009,2018-03-15,6.54961,6.98798,0.9372679944705048,29.27583333333333,37.2,22.09,15.110000000000005,60.30416666666667,3.3204166666666666,2
TNP_0009,2018-03-16,5.38456,6.77034,0.7953160402579486,29.24,36.86,23.17,13.689999999999998,65.66666666666667,3.4179166666666667,2
TNP_0009,2018-03-17,4.21224,6.17831,0.681778674103436,25.53708333333333,30.94,22.65,8.290000000000003,77.48125,2.310416666666667,2
TNP_0009,2018-03-18,6.52758,6.68287,0.9767629775829844,27.250416666666663,35.13,21.73,13.400000000000002,68.03541666666666,3.0116666666666667,2
TNP_0009,2018-03-19,6.87675,7.01232,0.980666883428024,26.866666666666664,35.6,20.27,15.330000000000002,64.36916666666666,2.63875,2
TNP_0009,2018-03-20,6.92723,7.01,0.9881925820256776,27.07875,36.6,19.56,17.040000000000003,62.41791666666666,2.9254166666666666,2
TNP_0009,2018-03-21,6.69663,6.7984800000000005,0.9850187100646026,28.0125,37.91,19.41,18.5,59.56875,2.5854166666666667,2
TNP_0009,2018-03-22,6.11769,6.20055,0.9866366693277208,29.479166666666668,38.77,20.72,18.050000000000004,57.385,2.5816666666666666,2
TNP_0009,2018-03-23,5.75778,5.87346,0.9803046245313664,29.459166666666665,37.68,23.05,14.63,61.005833333333335,2.4966666666666666,2
TNP_0009,2018-03-24,5.89641,5.94374,0.9920370002725556,28.866666666666664,37.26,21.74,15.52,63.16041666666666,2.837916666666666,2
TNP_0009,2018-03-25,6.22596,6.52981,0.9534672524927984,28.633333333333336,37.55,21.41,16.139999999999997,57.961666666666666,3.0375,2
TNP_0009,2018-03-26,6.4103900000000005,7.04616,0.9097707119906446,28.41208333333333,37.89,20.94,16.95,53.772083333333335,2.889583333333333,2
TNP_0009,2018-03-27,6.43788,6.99676,0.9201230283731326,29.79208333333333,38.92,20.79,18.130000000000003,57.29125,3.202916666666667,2
TNP_0009,2018-03-28,6.63429,6.70885,0.988886321798818,30.47791666666667,39.4,23.7,15.7,59.57375,3.57875,2
TNP_0009,2018-03-29,6.61922,6.6574,0.9942650283894614,31.564166666666665,40.2,23.79,16.410000000000004,54.275416666666665,3.64625,2
TNP_0009,2018-03-30,6.436940000000001,6.598109999999999,0.9755733081139903,30.51333333333333,38.52,25.15,13.370000000000005,61.779583333333335,4.150833333333334,2
TNP_0009,2018-03-31,6.1373,6.43674,0.9534795564214184,29.795416666666668,36.36,24.05,12.31,65.66250000000001,2.890416666666667,2
TNP_0009,2018-04-01,5.95244,6.33786,0.9391876753352078,30.145,38.67,23.87,14.8,63.5875,3.9479166666666665,2
TNP_0009,2018-04-02,5.69515,6.26072,0.9096637447450132,30.145416666666662,38.65,23.5,15.15,59.16333333333333,3.315,2
TNP_0009,2018-04-03,6.2964400000000005,6.64072,0.9481562240239012,29.968333333333334,38.72,22.84,15.88,59.736250000000005,3.0700000000000003,2
TNP_0009,2018-04-04,6.608689999999999,6.95712,0.9499174945954648,30.08833333333333,39.2,22.57,16.630000000000003,58.24875,3.165833333333333,2
TNP_0009,2018-04-05,6.652220000000001,7.05557,0.9428324005005976,29.70833333333333,38.46,22.47,15.990000000000002,57.69833333333333,3.5975,2
TNP_0009,2018-04-06,6.643560000000001,6.98582,0.9510064673867924,30.15458333333333,38.78,22.34,16.44,56.26916666666667,3.140416666666667,2
TNP_0009,2018-04-07,6.73179,6.99223,0.9627529414793278,30.17625,39.15,22.79,16.36,59.10625,3.4616666666666664,2
TNP_0009,2018-04-08,7.1102,7.41181,0.959306835982034,30.102500000000003,38.8,23.38,15.419999999999998,56.8025,3.8129166666666663,2
TNP_0009,2018-04-09,7.0461,7.18193,0.9810872564895508,29.655833333333334,37.99,23.67,14.32,59.24333333333333,3.19625,2
TNP_0009,2018-04-10,6.49131,7.25022,0.8953259349371467,30.046666666666667,38.06,23.9,14.160000000000004,60.680416666666666,3.70125,2
TNP_0009,2018-04-11,6.642150000000001,7.40987,0.89639224439835,30.445,37.78,24.38,13.400000000000002,57.84291666666667,3.0033333333333334,2
TNP_0009,2018-04-12,6.93121,7.35583,0.942274359249738,31.23208333333333,40.05,24.24,15.81,56.07666666666668,3.405416666666667,2
TNP_0009,2018-04-13,6.59839,7.39621,0.8921312401892321,31.500833333333333,39.68,24.98,14.7,55.352916666666665,3.723333333333333,2
TNP_0009,2018-04-14,6.2409,7.3332,0.8510472917689412,31.470416666666665,39.72,25.11,14.61,57.30583333333333,3.633333333333333,2
TNP_0009,2018-04-15,6.25871,7.19334,0.8700700926134451,31.405416666666667,38.57,24.99,13.580000000000002,57.55833333333334,3.832083333333333,2
TNP_0009,2018-04-16,6.38373,7.267510000000001,0.8783930121871176,31.916666666666668,40.04,25.16,14.88,55.45125,3.2675,2
TNP_0009,2018-04-17,6.66971,7.31427,0.9118763731718956,31.6525,39.9,24.75,15.15,53.075,3.345833333333333,2
TNP_0009,2018-04-18,7.17219,7.29146,0.9836425078105072,32.681666666666665,42.04,24.59,17.45,50.33125,4.201666666666667,2
TNP_0009,2018-04-19,5.90934,7.0527,0.8378833638181122,33.00291666666667,42.2,25.27,16.930000000000003,49.29916666666667,4.45625,2
TNP_0009,2018-04-20,6.42728,6.75492,0.9514960946983828,32.88791666666666,40.59,25.82,14.770000000000003,51.045,3.0775,2
TNP_0009,2018-04-21,6.47238,6.83647,0.946742982855187,32.37,40.72,25.76,14.959999999999996,53.72916666666666,4.234166666666667,2
TNP_0009,2018-04-22,7.1402600000000005,7.16167,0.9970104738140686,32.86375,42.0,25.58,16.42,52.79416666666666,3.769583333333333,2
TNP_0009,2018-04-23,6.97525,7.16333,0.9737440547901604,32.482083333333335,40.87,25.64,15.229999999999997,53.1075,3.8129166666666663,2
TNP_0009,2018-04-24,6.80083,7.00697,0.9705807217670404,32.327083333333334,41.33,25.04,16.29,52.97125,3.5850000000000004,2
TNP_0009,2018-04-25,6.46317,6.78693,0.9522965464503096,32.705416666666665,40.95,24.92,16.03,52.03458333333333,3.5866666666666664,2
TNP_0009,2018-04-26,6.36263,6.74192,0.9437415454351282,32.57458333333333,40.92,26.33,14.590000000000003,54.98583333333334,3.848333333333333,2
TNP_0009,2018-04-27,6.83334,7.09711,0.9628341677105188,31.466666666666665,39.13,25.55,13.580000000000002,58.95458333333334,3.742083333333333,2
TNP_0009,2018-04-28,6.737229999999999,7.39903,0.9105558431307887,31.794583333333332,39.72,25.45,14.27,54.9775,3.955416666666667,2
TNP_0009,2018-04-29,6.37545,7.01775,0.90847493854868,32.73083333333333,41.14,25.56,15.580000000000002,54.42916666666667,4.226666666666667,2
TNP_0009,2018-04-30,6.30882,6.54593,0.963777492273825,33.32458333333333,40.29,27.07,13.22,53.4175,4.015833333333333,2
TNP_0009,2018-05-01,6.36071,6.6101,0.9622713725964812,33.47958333333333,40.75,27.73,13.02,54.29916666666667,4.203333333333333,2
TNP_0009,2018-05-02,5.58121,6.35738,0.8779103970503573,31.683333333333334,37.74,27.32,10.420000000000002,62.13166666666667,3.2775,2
TNP_0009,2018-05-03,5.756069999999999,6.151560000000001,0.9357089908901156,30.195416666666663,35.55,25.72,9.829999999999998,70.01291666666667,3.1475000000000004,2
TNP_0009,2018-05-04,5.761699999999999,6.89813,0.8352553518127376,28.61958333333333,33.19,25.27,7.919999999999998,74.89791666666666,2.485,2
TNP_0009,2018-05-05,7.09554,7.26059,0.9772676876121636,29.64,35.8,25.15,10.65,68.47791666666667,3.17125,2
TNP_0009,2018-05-06,6.66305,7.38225,0.902577127569508,29.25333333333333,34.5,24.64,9.86,69.05166666666666,2.9095833333333334,2
TNP_0009,2018-05-07,6.19436,7.12226,0.8697183197468219,30.55625,37.2,24.62,12.580000000000002,62.85583333333333,3.203333333333333,2
TNP_0009,2018-05-08,5.73212,6.66733,0.8597324566205663,30.063333333333333,36.04,25.21,10.829999999999998,65.48375,3.108333333333333,2
TNP_0009,2018-05-09,6.43153,6.82618,0.9421858198875506,30.55,36.85,25.09,11.760000000000002,59.062916666666666,3.859166666666667,2
TNP_0009,2018-05-10,6.7125,7.27655,0.922483869416138,30.844166666666663,37.93,25.0,12.93,58.82083333333333,4.051666666666667,2
TNP_0009,2018-05-11,7.02163,7.30232,0.9615615311298328,30.24,35.73,25.08,10.65,66.43625,2.8966666666666665,2
TNP_0009,2018-05-12,6.6205,7.045850000000001,0.939631130381714,31.36,38.76,24.98,13.779999999999998,60.36416666666667,3.39,2
TNP_0009,2018-05-13,6.3315,6.77829,0.9340851453685222,30.98958333333333,37.3,25.61,11.689999999999998,62.78375,3.0500000000000003,2
TNP_0009,2018-05-14,6.440840000000001,6.95574,0.9259748064188714,30.81125,36.89,25.78,11.11,63.13458333333333,2.5279166666666666,2
TNP_0009,2018-05-15,4.826429999999999,6.99561,0.6899226800807934,28.58125,35.37,22.87,12.499999999999996,53.18875,2.7425,2
TNP_0009,2018-05-16,6.846850000000001,7.14562,0.9581883727374252,31.38291666666667,39.14,23.05,16.09,51.52458333333333,2.9254166666666666,2
TNP_0009,2018-05-17,6.43211,6.9888,0.9203454097985349,31.67375,39.56,25.44,14.12,55.37583333333333,3.5104166666666665,2
TNP_0009,2018-05-18,5.52645,6.63683,0.8326942229950142,32.65708333333333,40.57,25.45,15.12,52.29750000000001,3.067916666666666,2
TNP_0009,2018-05-19,5.57709,6.30842,0.8840708132939785,31.79375,39.52,25.47,14.050000000000004,58.94875,2.86,2
TNP_0009,2018-05-20,6.24713,6.4462600000000005,0.9691092199197674,30.44375,36.2,25.44,10.760000000000002,68.71041666666666,1.950416666666667,2
TNP_0009,2018-05-21,5.86937,6.39145,0.9183158751144108,30.1075,36.29,24.85,11.439999999999998,68.09125,2.605833333333333,2
TNP_0009,2018-05-22,5.99378,6.558,0.9139646233607808,30.381666666666664,36.58,24.93,11.65,63.28458333333333,2.19875,2
TNP_0009,2018-05-23,5.976349999999999,6.68558,0.8939164590058004,30.58666666666667,37.68,25.38,12.3,63.75958333333333,2.6525,2
TNP_0009,2018-05-24,5.58856,6.644699999999999,0.8410552771381704,31.739166666666662,39.77,25.35,14.420000000000002,58.31791666666667,3.1375,2
TNP_0009,2018-05-25,4.584020000000001,6.4288,0.7130444250871081,29.22458333333333,34.38,25.06,9.320000000000004,68.60083333333334,2.487083333333333,2
TNP_0009,2018-05-26,5.71503,6.906560000000001,0.8274785131816706,29.68166666666667,35.35,25.1,10.25,65.19333333333333,3.2570833333333336,2
TNP_0009,2018-05-27,6.271100000000001,7.003979999999999,0.8953623511203631,30.079166666666666,35.05,25.39,9.659999999999997,66.14708333333333,3.5104166666666665,2
TNP_0009,2018-05-28,6.3891800000000005,7.05693,0.9053767006332782,29.6575,34.14,25.54,8.600000000000001,67.85916666666667,3.4258333333333333,2
TNP_0009,2018-05-29,6.98482,7.15187,0.976642472528164,32.437916666666666,38.88,25.7,13.180000000000003,53.20875,4.09625,2
TNP_0009,2018-05-30,6.297359999999999,7.04703,0.8936190139675864,32.60583333333333,37.79,27.53,10.259999999999998,58.79791666666667,2.2958333333333334,2
TNP_0009,2018-05-31,5.3772,6.292949999999999,0.8544800133482708,31.88625,36.29,27.45,8.84,62.73583333333334,2.7366666666666664,2
TNP_0009,2018-06-01,4.86704,6.04304,0.8053959596494481,30.703333333333333,34.85,26.42,8.43,66.97958333333334,1.3970833333333337,2
TNP_0009,2018-06-02,5.11097,6.26341,0.8160043810001262,29.099166666666665,33.51,25.28,8.229999999999997,69.76875,1.5741666666666667,2
TNP_0009,2018-06-03,5.80767,6.47373,0.8971134106612417,29.05875,33.92,25.4,8.520000000000003,71.505,3.4454166666666666,2
TNP_0009,2018-06-04,5.53637,6.88717,0.8038671907329135,28.069166666666664,31.94,24.63,7.310000000000002,74.08583333333333,3.395,2
TNP_0009,2018-06-05,6.52136,7.087689999999999,0.9200966746570464,30.308333333333334,35.81,24.73,11.080000000000002,63.28083333333333,2.2558333333333334,2
TNP_0009,2018-06-06,5.76684,7.063350000000001,0.8164454543523965,29.464583333333334,35.77,24.52,11.250000000000004,67.09041666666667,2.522083333333333,2
TNP_0009,2018-06-07,5.03251,7.18484,0.7004345260298072,28.429166666666664,34.16,24.0,10.159999999999997,70.23958333333333,4.51125,2
TNP_0009,2018-06-08,5.43809,6.81188,0.7983243979635577,28.999166666666667,35.24,23.97,11.270000000000003,61.833333333333336,5.91125,2
TNP_0009,2018-06-09,4.6409,6.881,0.6744513878796686,28.984583333333333,35.7,23.64,12.060000000000002,62.03,6.585833333333333,2
TNP_0009,2018-06-10,5.57775,6.60948,0.8439014869551009,30.495,37.32,23.69,13.63,60.18083333333333,5.891666666666667,2
TNP_0009,2018-06-11,4.58895,6.49871,0.7061324478242604,30.161666666666665,35.13,25.59,9.540000000000004,62.6275,6.646666666666667,2
TNP_0009,2018-06-12,4.26395,6.3045,0.6763343643429296,29.89125,35.07,24.84,10.23,63.67916666666667,5.353333333333333,2
TNP_0009,2018-06-13,5.20317,6.56775,0.7922302158273381,30.517916666666668,36.6,24.75,11.85,61.33083333333334,4.880833333333333,2
TNP_0009,2018-06-14,5.306649999999999,6.850639999999999,0.7746210573026754,30.12125,36.33,24.75,11.579999999999998,56.36666666666667,5.1658333333333335,2
TNP_0009,2018-06-15,5.74607,6.644699999999999,0.8647598838171776,30.534166666666668,37.7,23.98,13.720000000000002,55.875416666666666,3.97,2
TNP_0009,2018-06-16,6.03537,6.943239999999999,0.8692440416865901,28.99,36.94,22.51,14.429999999999996,49.827916666666674,5.073333333333333,2
TNP_0009,2018-06-17,6.01297,6.83929,0.8791804412446321,29.780416666666667,37.46,22.13,15.330000000000002,55.22666666666667,5.0929166666666665,2
TNP_0009,2018-06-18,6.56883,6.96589,0.942999387013002,30.29375,37.66,23.96,13.699999999999996,51.35666666666666,5.868333333333333,2
TNP_0009,2018-06-19,6.44567,6.82826,0.9439696203718076,30.562083333333334,37.89,23.99,13.900000000000002,56.55833333333334,5.434166666666666,2
TNP_0009,2018-06-20,6.09551,7.0286800000000005,0.867233961426612,29.84208333333333,35.69,24.97,10.72,62.220416666666665,3.847083333333333,2
TNP_0009,2018-06-21,6.32728,6.991560000000001,0.904988300179073,29.34208333333333,34.23,24.84,9.389999999999995,62.43208333333333,4.2629166666666665,2
TNP_0009,2018-06-22,5.12751,6.670319999999999,0.7687052495232614,29.214583333333334,34.63,24.62,10.010000000000002,61.67958333333333,3.7525,2
TNP_0009,2018-06-23,5.77516,6.93363,0.8329201298598281,29.734166666666667,35.38,24.51,10.87,62.59458333333333,3.1208333333333336,2
TNP_0009,2018-06-24,4.93045,6.72801,0.7328244161349343,29.44,35.76,24.3,11.459999999999996,58.215,3.92375,2
TNP_0009,2018-06-25,5.35283,7.03714,0.7606541862176964,29.4475,36.03,24.11,11.920000000000002,55.04833333333334,4.59375,2
TNP_0009,2018-06-26,5.86039,6.90406,0.8488324261376639,29.8,37.16,24.21,12.949999999999996,56.36541666666667,4.836666666666667,2
TNP_0009,2018-06-27,4.3625,6.80301,0.6412602656765166,29.492500000000003,36.77,24.18,12.590000000000003,61.77,4.612916666666666,2
TNP_0009,2018-06-28,4.480770000000001,6.657640000000001,0.673026778257761,28.846666666666668,34.16,24.14,10.019999999999996,63.88458333333333,3.5354166666666664,2
TNP_0009,2018-06-29,5.25751,6.86963,0.765326516857531,28.816666666666663,34.02,24.75,9.270000000000003,62.024166666666666,2.5125,2
TNP_0009,2018-06-30,4.76443,7.03144,0.6775895122478468,27.332083333333333,32.44,23.9,8.54,62.97666666666667,2.31375,2
TNP_0009,2018-07-01,4.94936,6.714300000000001,0.7371371550273296,28.751666666666665,33.59,23.88,9.710000000000004,62.32875000000001,1.9483333333333333,2
TNP_0009,2018-07-02,6.241140000000001,7.06141,0.8838376471554549,29.36458333333333,36.0,23.96,12.04,63.355,3.215833333333333,2
TNP_0009,2018-07-03,5.30401,7.02759,0.7547409567148908,27.895416666666662,33.94,23.8,10.139999999999995,68.31833333333334,3.1945833333333336,2
TNP_0009,2018-07-04,5.69189,7.03374,0.8092266703062666,29.142916666666665,36.17,23.61,12.560000000000002,59.412083333333335,4.190416666666667,2
TNP_0009,2018-07-05,6.82608,6.95612,0.9813056704024656,29.93208333333333,36.85,23.6,13.25,56.59583333333333,4.576666666666667,2
TNP_0009,2018-07-06,4.61996,6.80067,0.6793389474860565,29.102083333333336,35.21,24.35,10.86,59.76666666666666,5.419583333333333,2
TNP_0009,2018-07-07,4.03131,6.74312,0.5978404655411738,28.495,34.07,23.98,10.09,63.57749999999999,5.007083333333333,2
TNP_0009,2018-07-08,3.76485,6.85726,0.549031245716219,28.71333333333333,34.97,23.97,11.0,59.41916666666666,5.4558333333333335,2
TNP_0009,2018-07-09,5.00135,6.7318500000000006,0.7429384196023381,29.28458333333333,36.19,23.92,12.269999999999996,59.95250000000001,5.529166666666666,2
TNP_0009,2018-07-10,4.56864,6.59897,0.6923262266687074,28.0275,33.81,22.92,10.89,62.56916666666667,4.695416666666667,2
TNP_0009,2018-07-11,4.07463,6.63639,0.6139829033555895,27.690416666666668,33.76,23.01,10.749999999999996,68.44708333333334,5.462916666666668,2
TNP_0009,2018-07-12,4.73972,6.68088,0.709445462274431,28.71875,35.01,23.42,11.589999999999996,64.49833333333333,5.36875,2
TNP_0009,2018-07-13,4.30787,6.6576,0.6470605022831051,27.528333333333336,33.35,23.68,9.670000000000002,67.45125,5.90125,2
TNP_0009,2018-07-14,4.70838,6.81712,0.6906699603351562,28.69333333333333,34.95,23.77,11.180000000000003,64.78333333333333,5.722083333333334,2
TNP_0009,2018-07-15,4.20055,6.675020000000001,0.6292939946247351,29.82875,36.09,24.14,11.950000000000005,58.84,6.122083333333333,2
TNP_0009,2018-07-16,5.3922,6.72159,0.8022209030898939,29.16875,34.86,24.2,10.66,57.705000000000005,7.457083333333333,2
TNP_0009,2018-07-17,5.38945,6.789569999999999,0.7937837005878134,29.79833333333333,36.3,24.56,11.739999999999998,57.26583333333334,6.439583333333334,2
TNP_0009,2018-07-18,5.73521,6.78328,0.8454921512896417,29.66708333333333,35.46,24.45,11.010000000000002,58.98208333333333,5.548333333333333,2
TNP_0009,2018-07-19,4.32575,6.6189,0.653545151006965,29.71875,35.79,25.06,10.73,61.69208333333333,5.293333333333334,2
TNP_0009,2018-07-20,4.56346,6.6909600000000005,0.6820336693090379,29.300416666666667,34.93,24.91,10.02,60.42916666666667,5.470416666666666,2
TNP_0009,2018-07-21,3.76006,6.840559999999999,0.5496713719344616,29.202916666666667,35.06,24.55,10.510000000000002,61.50208333333333,5.43125,2
TNP_0009,2018-07-22,5.26372,6.79427,0.774729293949166,30.375833333333333,37.69,24.5,13.189999999999998,57.76333333333333,4.51375,2
TNP_0009,2018-07-23,5.117640000000001,6.7148,0.762143325192113,29.859583333333333,36.03,24.64,11.39,61.51583333333334,4.214583333333334,2
TNP_0009,2018-07-24,5.7512300000000005,6.79032,0.8469748112018286,30.335833333333337,36.77,24.55,12.220000000000002,60.34458333333333,4.066666666666666,2
TNP_0009,2018-07-25,6.13357,6.98704,0.8778495614738143,30.125416666666663,36.29,25.05,11.239999999999998,60.49958333333333,3.86125,2
TNP_0009,2018-07-26,5.554939999999999,6.47783,0.8575309941755186,30.95208333333333,38.52,24.86,13.660000000000004,57.55708333333333,3.295,2
TNP_0009,2018-07-27,4.41268,6.36924,0.6928110732206668,30.67083333333333,37.18,25.09,12.09,57.07375,3.674583333333333,2
TNP_0009,2018-07-28,5.49086,6.13408,0.8951399394856278,31.01458333333333,37.46,25.48,11.98,55.53,3.1358333333333337,2
TNP_0009,2018-07-29,5.364769999999999,6.0218,0.8908914278122819,30.8,36.24,26.12,10.12,55.67,3.843333333333333,2
TNP_0009,2018-07-30,5.09362,5.74491,0.8866318184270945,30.69,36.37,25.68,10.689999999999998,55.06,2.90625,2
TNP_0009,2018-07-31,5.09983,6.162319999999999,0.8275827934933597,29.277916666666663,34.72,24.22,10.5,61.40916666666666,4.9725,2
TNP_0009,2018-08-01,5.75577,6.482,0.8879620487503856,30.10083333333333,36.83,24.04,12.79,56.75416666666666,4.989583333333333,2
TNP_0009,2018-08-02,5.4805,6.19587,0.8845408312311266,29.817083333333333,36.13,24.12,12.010000000000002,60.38208333333333,3.97375,2
TNP_0009,2018-08-03,4.82388,6.341600000000001,0.7606723855178503,29.72083333333333,36.32,23.93,12.39,59.22625,4.107916666666667,2
TNP_0009,2018-08-04,5.57325,6.33496,0.8797608824680819,29.49708333333333,36.2,23.99,12.210000000000004,61.20166666666666,4.495416666666666,2
TNP_0009,2018-08-05,4.92881,6.07469,0.8113681521196968,28.905,34.72,24.35,10.369999999999996,61.852916666666665,3.9466666666666663,2
TNP_0009,2018-08-06,4.97336,6.4847600000000005,0.7669304646586765,29.64125,36.53,23.8,12.73,56.27125,5.65875,2
TNP_0009,2018-08-07,4.198440000000001,6.65134,0.6312171682698524,29.03333333333333,35.74,23.7,12.040000000000004,57.79958333333334,5.804583333333333,2
TNP_0009,2018-08-08,4.79687,6.809,0.7044896460566897,29.183333333333334,35.57,23.87,11.7,62.067083333333336,4.8975,2
TNP_0009,2018-08-09,5.71383,6.70493,0.8521833934135031,28.938333333333333,35.38,24.09,11.290000000000004,60.873333333333335,4.9591666666666665,2
TNP_0009,2018-08-10,4.08296,6.6666300000000005,0.6124473684605265,27.94541666666667,33.39,23.79,9.6,65.0975,5.082916666666667,2
TNP_0009,2018-08-11,2.31564,6.83617,0.33873353061729,28.005,33.1,23.61,9.490000000000002,64.11791666666666,5.152083333333334,2
TNP_0009,2018-08-12,3.11427,6.43121,0.4842432450503093,28.1275,35.33,23.58,11.75,62.45083333333333,5.644166666666667,2
TNP_0009,2018-08-13,3.86294,6.55701,0.5891313266260079,29.1275,35.38,23.51,11.87,55.935,6.4675,2
TNP_0009,2018-08-14,3.344,6.83112,0.4895244118094836,28.187083333333334,34.69,24.21,10.479999999999997,69.27791666666667,5.697500000000001,2
TNP_0009,2018-08-15,3.52552,5.73525,0.6147107798265115,27.085,30.89,24.23,6.66,78.01041666666667,4.921666666666667,2
TNP_0009,2018-08-16,5.0178,6.47455,0.7750036682086014,28.655,35.38,24.07,11.310000000000002,65.58749999999999,5.517916666666667,2
TNP_0009,2018-08-17,5.18154,6.24144,0.8301834192109513,29.720416666666665,36.55,23.79,12.759999999999998,59.48708333333334,5.1675,2
TNP_0009,2018-08-18,5.1359200000000005,6.33626,0.8105601727201851,29.916666666666668,36.37,23.64,12.729999999999997,56.88375,5.495,2
TNP_0009,2018-08-19,4.22321,6.35512,0.6645366255869283,29.77083333333333,36.15,24.43,11.72,56.75583333333333,5.615416666666667,2
TNP_0009,2018-08-20,4.65029,6.50783,0.7145684506202528,29.90958333333333,37.11,24.17,12.939999999999998,55.750416666666666,5.667916666666667,2
TNP_0009,2018-08-21,6.33881,6.9714,0.9092592592592592,30.9975,39.05,24.03,15.019999999999996,52.09791666666666,5.236666666666666,2
TNP_0009,2018-08-22,6.50293,7.027189999999999,0.9253954994813006,30.36916666666667,36.7,24.33,12.370000000000005,56.29333333333333,3.85125,2
TNP_0009,2018-08-23,6.20624,7.03242,0.8825183933837853,30.62291666666667,37.42,24.93,12.490000000000002,57.76583333333334,4.1241666666666665,2
TNP_0009,2018-08-24,4.2271,7.0024,0.6036644579001486,29.765,35.69,24.78,10.909999999999997,59.75541666666667,3.910833333333333,2
TNP_0009,2018-08-25,4.50101,6.45161,0.6976568639455888,28.652916666666663,34.18,23.91,10.27,68.10333333333334,2.960833333333333,2
TNP_0009,2018-08-26,5.543889999999999,6.943779999999999,0.7983965505819597,28.77625,35.15,23.7,11.45,64.05333333333333,3.3054166666666664,2
TNP_0009,2018-08-27,4.38611,6.81526,0.6435719253557457,28.946250000000003,35.87,23.21,12.659999999999997,63.93416666666667,3.860416666666667,2
TNP_0009,2018-08-28,5.422890000000001,6.92525,0.7830605393307102,29.232083333333332,37.01,22.94,14.069999999999997,64.16125000000001,3.57375,2
TNP_0009,2018-08-29,4.98088,6.92838,0.7189097595686149,29.1325,36.5,23.04,13.46,64.10875,3.3229166666666665,2
TNP_0009,2018-08-30,5.9743,7.0022,0.8532032789694668,29.594166666666663,36.4,23.79,12.61,65.94708333333334,2.91625,2
TNP_0009,2018-08-31,4.31501,6.822970000000001,0.6324240030368007,27.720416666666665,33.4,24.05,9.349999999999998,71.4875,2.8508333333333336,2
TNP_0009,2018-09-01,4.78066,6.70191,0.7133279915725518,27.76708333333333,34.34,23.81,10.530000000000005,70.05125,2.8720833333333338,2
TNP_0009,2018-09-02,3.94629,6.60852,0.5971518585099236,29.40875,35.83,23.65,12.18,61.635,2.2245833333333334,2
TNP_0009,2018-09-03,6.70154,6.99065,0.9586433307346242,29.56875,36.3,23.82,12.479999999999997,58.67541666666667,2.247916666666667,2
TNP_0009,2018-09-04,6.72238,7.04659,0.9539905117226914,29.35166666666667,36.32,23.51,12.81,64.27041666666666,2.21375,2
TNP_0009,2018-09-05,6.091810000000001,6.792890000000001,0.8967920870203993,28.9975,36.05,23.6,12.449999999999996,61.437916666666666,2.8708333333333336,2
TNP_0009,2018-09-06,6.05891,6.9482,0.8720114562044846,29.91625,37.52,23.43,14.090000000000003,55.69916666666666,3.0070833333333336,2
TNP_0009,2018-09-07,6.25124,7.04761,0.8870014089882954,30.485416666666666,38.12,23.69,14.429999999999996,54.125,3.202916666666667,2
TNP_0009,2018-09-08,6.7649300000000006,7.29095,0.9278530232685728,30.995416666666667,38.64,24.56,14.080000000000002,54.76625000000001,2.8195833333333336,2
TNP_0009,2018-09-09,6.11544,6.85895,0.8916000262430839,29.7525,36.12,24.56,11.56,62.37458333333333,2.1645833333333333,2
TNP_0009,2018-09-10,4.53217,6.39916,0.7082445195931966,27.99708333333333,32.71,24.27,8.440000000000001,69.91291666666667,2.4841666666666664,2
TNP_0009,2018-09-11,6.07665,6.2151000000000005,0.9777236086305932,29.16416666666667,36.84,24.03,12.810000000000002,68.63416666666667,2.59875,2
TNP_0009,2018-09-12,6.01483,6.53153,0.9208914297262664,29.66333333333333,36.32,23.88,12.44,67.40166666666666,2.19375,2
TNP_0009,2018-09-13,6.00642,6.53311,0.919381427834523,29.212083333333336,35.62,24.03,11.589999999999996,69.4075,1.8904166666666664,2
TNP_0009,2018-09-14,5.86266,6.5661700000000005,0.8928583938582156,29.520416666666662,36.24,23.92,12.32,68.42416666666666,1.9983333333333333,2
TNP_0009,2018-09-15,6.16187,6.63412,0.9288149747065172,29.02625,35.44,24.22,11.22,70.16083333333333,2.5195833333333333,2
TNP_0009,2018-09-16,5.81285,6.60475,0.8801014421439116,25.45958333333333,27.56,23.68,3.879999999999999,86.4325,1.7787499999999998,2
TNP_0009,2018-09-17,3.5793000000000004,6.78369,0.5276331907855459,25.096666666666668,27.44,22.78,4.66,86.38791666666667,3.0070833333333336,2
TNP_0009,2018-09-18,4.56996,6.85093,0.6670568813285204,26.24458333333333,31.0,22.59,8.41,80.3025,3.453333333333333,2
TNP_0009,2018-09-19,2.98334,6.35567,0.4693981909067022,26.199166666666667,31.06,22.84,8.219999999999999,75.83791666666666,3.903333333333333,2
TNP_0009,2018-09-20,4.71548,6.52522,0.7226545618385279,26.854166666666668,31.94,22.64,9.3,73.70375,3.2258333333333336,2
TNP_0009,2018-09-21,4.4508,6.36562,0.6991934799752421,28.3175,34.47,22.53,11.939999999999998,71.36666666666666,2.35875,2
TNP_0009,2018-09-22,6.8665,7.0062,0.9800605178270676,27.683333333333334,34.17,23.24,10.930000000000003,74.07333333333334,2.1766666666666667,2
TNP_0009,2018-09-23,6.14316,6.46408,0.9503533372111732,27.21375,32.49,23.59,8.900000000000002,78.45166666666667,2.1475,2
TNP_0009,2018-09-24,6.5599300000000005,6.81746,0.9622249342130356,27.137083333333333,32.96,23.11,9.85,76.25750000000001,1.7241666666666668,2
TNP_0009,2018-09-25,6.29352,6.642480000000001,0.9474654044874804,27.20458333333333,32.34,23.06,9.280000000000005,77.60875,1.8458333333333328,2
TNP_0009,2018-09-26,6.51684,6.81371,0.9564304908779504,27.680000000000003,33.95,23.67,10.28,74.55041666666666,2.188333333333333,2
TNP_0009,2018-09-27,5.70221,6.77698,0.8414087100743989,27.90125,34.58,23.46,11.119999999999996,72.94458333333334,2.2875,2
TNP_0009,2018-09-28,5.19982,6.67572,0.7789152331134319,27.671666666666667,33.74,23.32,10.420000000000002,73.33041666666666,2.2983333333333333,2
TNP_0009,2018-09-29,5.68961,6.83149,0.832850520164708,27.989166666666662,33.93,23.04,10.89,73.575,2.4770833333333333,2
TNP_0009,2018-09-30,6.396310000000001,6.94221,0.9213650984340722,27.97458333333333,33.97,23.28,10.689999999999998,74.57791666666667,2.6391666666666667,2
TNP_0009,2018-10-01,5.95429,6.91343,0.8612642349745351,27.45375,32.61,24.15,8.46,77.77041666666666,2.50375,2
TNP_0009,2018-10-02,5.60371,6.76433,0.8284205531072553,27.344166666666663,32.65,23.68,8.969999999999999,75.80166666666666,2.349166666666666,2
TNP_0009,2018-10-03,4.0232600000000005,6.66974,0.603210919765988,26.712083333333336,31.18,23.38,7.800000000000001,82.35333333333334,2.324583333333333,2
TNP_0009,2018-10-04,0.5334500000000001,6.62647,0.0805028921884502,25.58833333333333,29.4,23.0,6.399999999999999,86.455,2.3270833333333334,2
TNP_0009,2018-10-05,1.96447,6.400399999999999,0.3069292544215987,25.63875,28.74,23.01,5.729999999999997,87.71375,2.2829166666666665,2
TNP_0009,2018-10-06,5.02171,6.53802,0.7680781031566131,25.52416666666667,28.74,22.88,5.859999999999999,88.77416666666666,2.505416666666666,2
TNP_0009,2018-10-07,5.39349,6.51241,0.8281864931722664,26.269583333333333,30.75,22.87,7.879999999999999,82.31708333333333,2.6979166666666665,2
TNP_0009,2018-10-08,4.84934,6.30272,0.7694043206742486,26.317083333333333,31.08,22.86,8.219999999999999,82.44416666666667,2.56375,2
TNP_0009,2018-10-09,5.5127,6.11708,0.9011979571952632,26.187916666666663,31.52,21.82,9.7,73.91833333333334,2.33875,2
TNP_0009,2018-10-10,5.52148,6.1185,0.9024237966821934,27.14333333333333,34.44,20.22,14.22,56.98375000000001,3.1041666666666665,2
TNP_0009,2018-10-11,5.70461,6.17966,0.9231268386933908,27.8725,36.09,19.93,16.160000000000004,52.07208333333333,2.7154166666666666,2
TNP_0009,2018-10-12,5.96538,6.01373,0.991960064718569,28.11625,35.94,20.87,15.069999999999997,65.3975,2.22125,2
TNP_0009,2018-10-13,5.267600000000001,6.01104,0.8763209028720488,27.37,33.29,22.54,10.75,77.18708333333333,3.0283333333333338,2
TNP_0009,2018-10-14,4.64974,5.84276,0.7958122531132545,27.37,33.14,23.02,10.12,79.46541666666667,2.0975,2
TNP_0009,2018-10-15,4.44363,6.09458,0.7291117681612187,26.895416666666662,31.75,23.4,8.350000000000001,79.44958333333334,1.6408333333333334,2
TNP_0009,2018-10-16,4.09942,6.3150200000000005,0.6491539219194872,26.52833333333333,30.68,23.2,7.48,80.4275,1.9016666666666664,2
TNP_0009,2018-10-17,5.54421,6.18507,0.8963859746130601,25.77416666666667,29.72,22.35,7.369999999999997,79.18958333333333,1.7408333333333337,2
TNP_0009,2018-10-18,4.75112,6.15469,0.7719511461990776,25.05541666666667,29.55,21.61,7.940000000000001,83.24125,1.6991666666666667,2
TNP_0009,2018-10-19,4.63999,6.08212,0.7628902422181739,25.32958333333333,31.17,20.58,10.590000000000003,78.16166666666666,2.333333333333333,2
TNP_0009,2018-10-20,5.63949,6.18096,0.9123971033625844,25.406666666666663,31.3,20.38,10.920000000000002,77.77,3.0258333333333334,2
TNP_0009,2018-10-21,2.82785,6.30421,0.4485653238074238,25.537916666666664,31.37,21.23,10.14,79.50416666666666,3.3054166666666664,2
TNP_0009,2018-10-22,5.70387,6.18246,0.922589066488097,24.982083333333332,32.12,19.09,13.029999999999998,75.75125,3.1041666666666665,2
TNP_0009,2018-10-23,5.48634,6.113569999999999,0.8974036446789684,25.282083333333333,32.51,19.02,13.489999999999998,73.34333333333333,2.845,2
TNP_0009,2018-10-24,6.04362,6.1727300000000005,0.9790838089467706,25.395416666666662,32.84,19.87,12.970000000000002,74.85541666666667,2.67625,2
TNP_0009,2018-10-25,5.28632,5.93094,0.8913123383477156,25.70625,32.58,20.27,12.31,77.56041666666667,3.5729166666666665,2
TNP_0009,2018-10-26,5.0134,5.53458,0.9058320595239384,25.71875,32.61,20.39,12.22,75.29208333333334,3.830833333333333,2
TNP_0009,2018-10-27,5.564430000000001,5.961,0.933472571716155,25.460416666666664,32.81,19.88,12.930000000000003,69.99625,4.050416666666666,2
TNP_0009,2018-10-28,5.84338,6.08188,0.9607851519595916,25.2325,33.3,19.72,13.579999999999998,65.33375,4.327916666666667,2
TNP_0009,2018-10-29,5.56471,6.2202,0.8946191440789685,26.565,34.27,19.98,14.290000000000004,69.16125,4.185833333333333,2
TNP_0009,2018-10-30,5.104480000000001,6.13946,0.8314216559762586,26.770416666666662,32.92,21.73,11.19,76.72708333333334,4.924166666666666,2
TNP_0009,2018-10-31,4.8274,5.962,0.8096947333109695,26.115416666666665,31.8,22.88,8.920000000000002,81.28708333333333,4.2125,2
TNP_0009,2018-11-01,2.5669500000000003,6.02416,0.426109200286845,25.22791666666667,29.57,22.61,6.960000000000001,85.28791666666667,3.5558333333333336,2
TNP_0009,2018-11-02,3.42486,5.84517,0.5859299216276003,25.12833333333333,29.06,22.53,6.529999999999998,85.42375,2.7608333333333337,2
TNP_0009,2018-11-03,4.34371,5.90769,0.7352636986707156,24.97666666666667,28.88,21.86,7.02,85.65750000000001,3.0187500000000003,2
TNP_0009,2018-11-04,4.34556,6.10622,0.711661224128839,26.07625,31.79,22.02,9.77,81.82958333333333,3.356666666666667,2
TNP_0009,2018-11-05,5.71018,6.28937,0.9079096952476958,26.071250000000003,32.33,21.77,10.56,77.54166666666667,3.08875,2
TNP_0009,2018-11-06,4.67583,6.037649999999999,0.774445355394897,25.49,32.46,19.99,12.470000000000002,76.9725,2.8479166666666664,2
TNP_0009,2018-11-07,4.67152,6.16395,0.7578776596176153,24.98166666666667,32.52,19.69,12.830000000000002,71.71208333333333,3.1391666666666667,2
TNP_0009,2018-11-08,3.59377,6.03091,0.5958918305860974,25.262916666666666,32.04,19.88,12.16,77.29333333333334,3.2295833333333337,2
TNP_0009,2018-11-09,4.769480000000001,5.92014,0.8056363531943502,25.231666666666666,32.33,19.92,12.409999999999997,76.39999999999999,3.185833333333333,2
TNP_0009,2018-11-10,5.34169,5.688350000000001,0.9390578990392644,25.54083333333333,32.63,19.64,12.990000000000002,72.61791666666666,3.023333333333333,2
TNP_0009,2018-11-11,5.15561,5.79347,0.889900180720708,25.366666666666664,32.66,19.67,12.989999999999997,71.99916666666667,2.9095833333333334,2
TNP_0009,2018-11-12,5.25954,5.80101,0.906659357594626,24.98958333333333,33.33,18.42,14.909999999999997,66.91125,3.358333333333333,2
TNP_0009,2018-11-13,5.45484,5.65417,0.9647463730308782,24.683333333333334,34.35,17.6,16.75,57.15375,3.145,2
TNP_0009,2018-11-14,5.83046,5.92932,0.9833269245039904,25.636666666666667,34.06,17.47,16.590000000000003,63.309583333333336,3.265,2
TNP_0009,2018-11-15,2.94605,5.58556,0.5274403998882834,26.245,31.08,21.58,9.5,80.69708333333334,5.867916666666667,2
TNP_0009,2018-11-16,2.59778,5.72678,0.4536196606120717,25.42375,30.19,22.56,7.630000000000003,84.77666666666666,3.18875,2
TNP_0009,2018-11-17,4.755520000000001,5.597270000000001,0.8496141869161216,26.395,32.28,22.46,9.82,79.07375,1.6295833333333334,2
TNP_0009,2018-11-18,4.14966,5.76953,0.7192370955693098,26.620833333333334,32.69,22.98,9.709999999999996,79.28541666666668,2.4854166666666666,2
TNP_0009,2018-11-19,4.734649999999999,5.883859999999999,0.8046843398721247,26.68958333333333,32.38,22.86,9.520000000000003,77.34541666666667,3.341666666666667,2
TNP_0009,2018-11-20,3.84049,5.58612,0.6875058179917367,25.32708333333333,29.03,22.67,6.359999999999999,80.91208333333333,4.4991666666666665,2
TNP_0009,2018-11-21,1.7371299999999998,5.3643,0.3238316276121767,23.690416666666668,25.98,22.3,3.68,91.35333333333334,5.095416666666666,2
TNP_0009,2018-11-22,0.7323999999999999,5.56568,0.1315921863995055,23.54125,25.85,21.98,3.870000000000001,91.61541666666666,4.140833333333333,2
TNP_0009,2018-11-23,2.833,5.54051,0.5113247697414137,24.53625,29.0,21.07,7.93,88.88041666666668,3.5270833333333336,2
TNP_0009,2018-11-24,4.61387,5.258769999999999,0.8773667606683693,24.191666666666663,29.03,20.53,8.5,85.37833333333333,2.752083333333333,2
TNP_0009,2018-11-25,4.57971,5.19853,0.8809625028613859,23.35166666666667,28.79,18.61,10.18,82.88458333333334,2.810833333333333,2
TNP_0009,2018-11-26,5.06738,5.37851,0.9421531241923878,22.06458333333333,28.26,17.74,10.520000000000003,79.65708333333333,3.0537500000000004,2
TNP_0009,2018-11-27,4.9925,5.5868400000000005,0.8936178591117697,21.87375,27.92,17.39,10.53,80.19791666666667,3.08,2
TNP_0009,2018-11-28,4.40792,5.40116,0.8161061697857497,23.02375,28.63,17.58,11.05,83.15083333333332,3.422916666666667,2
TNP_0009,2018-11-29,2.41243,5.26529,0.4581760928647804,23.495416666666667,28.68,19.54,9.14,83.08333333333333,3.410833333333333,2
TNP_0009,2018-11-30,4.7914200000000005,5.58687,0.8576215304812892,23.041666666666668,29.12,18.12,11.0,81.69375000000001,3.342916666666667,2
TNP_0009,2018-12-01,5.13144,5.5267,0.9284817341270558,22.61,28.91,17.79,11.12,79.97083333333333,3.202083333333333,2
TNP_0009,2018-12-02,4.87005,5.8251800000000005,0.8360342513021056,23.04625,29.14,18.56,10.580000000000002,81.4375,3.2125,2
TNP_0009,2018-12-03,4.07133,5.46916,0.7444159615004864,24.352500000000003,29.81,18.52,11.29,81.97875,3.5529166666666665,2
TNP_0009,2018-12-04,3.49596,5.43695,0.6430002115156477,24.3575,27.69,22.07,5.620000000000001,90.68041666666666,3.3154166666666662,2
TNP_0009,2018-12-05,2.99927,5.30546,0.5653176161916215,24.758333333333336,29.15,21.94,7.209999999999997,88.09916666666668,2.900416666666666,2
TNP_0009,2018-12-06,4.71155,5.404109999999999,0.8718456878190859,24.089166666666667,29.35,20.47,8.880000000000003,86.71791666666667,2.46375,2
TNP_0009,2018-12-07,4.34814,5.28375,0.8229268985095812,24.38416666666667,29.51,20.39,9.12,84.53125,2.89125,2
TNP_0009,2018-12-08,3.83183,4.88896,0.7837720087707816,23.945,29.56,19.45,10.11,84.16083333333333,2.99375,2
TNP_0009,2018-12-09,4.08949,5.02329,0.8141058947422903,23.700833333333332,29.69,19.15,10.540000000000004,83.24249999999999,2.813333333333333,2
TNP_0009,2018-12-10,4.182309999999999,5.07841,0.8235471338470111,23.460416666666664,29.75,19.11,10.64,80.78333333333333,2.5458333333333334,2
TNP_0009,2018-12-11,4.72443,5.063020000000001,0.9331248938380649,23.525,29.94,18.89,11.05,80.53458333333333,2.4995833333333333,2
TNP_0009,2018-12-12,4.51603,4.91066,0.9196380934538332,23.742500000000003,30.65,18.5,12.15,79.20416666666667,2.4975,2
TNP_0009,2018-12-13,3.86996,4.79978,0.8062786211034672,23.462083333333336,30.51,18.61,11.900000000000002,79.31458333333333,2.814583333333333,2
TNP_0009,2018-12-14,5.13678,5.45316,0.9419822634949278,24.02541666666667,29.95,18.78,11.169999999999998,81.08458333333333,4.3812500000000005,2
TNP_0009,2018-12-15,4.30893,5.01992,0.85836626878516,23.7625,28.49,19.92,8.569999999999997,76.59,5.922499999999999,2
TNP_0009,2018-12-16,2.2314700000000003,5.42082,0.4116480532465568,21.047083333333333,24.68,18.31,6.370000000000001,75.74166666666666,6.879166666666666,2
TNP_0009,2018-12-17,3.98141,5.36526,0.7420721456182925,23.80625,32.53,17.53,15.0,64.65916666666666,3.0691666666666664,2
TNP_0009,2018-12-18,4.14546,4.5629,0.908514322032041,22.40041666666667,30.34,16.92,13.419999999999998,70.28666666666666,2.6354166666666665,2
TNP_0009,2018-12-19,4.859859999999999,5.01288,0.9694746333445045,21.809583333333336,28.46,17.11,11.35,76.52791666666667,3.37875,2
TNP_0009,2018-12-20,4.88251,5.24295,0.931252443757808,23.37,29.75,17.46,12.29,79.63666666666667,3.2229166666666664,2
TNP_0009,2018-12-21,4.12301,5.29389,0.7788242672212682,24.232916666666668,29.99,19.44,10.549999999999995,78.68458333333334,4.104583333333333,2
TNP_0009,2018-12-22,3.45427,5.04839,0.6842320026780815,23.797083333333333,28.63,20.46,8.169999999999998,83.65041666666667,3.8866666666666663,2
TNP_0009,2018-12-23,1.7568199999999998,5.20418,0.3375786387096526,24.04875,29.56,20.47,9.09,82.22583333333334,3.65375,2
TNP_0009,2018-12-24,4.34443,5.17771,0.839063987747479,23.564166666666665,30.05,18.39,11.66,79.33166666666666,3.214166666666667,2
TNP_0009,2018-12-25,4.56232,5.09117,0.8961240736412258,23.336250000000003,30.46,18.02,12.44,76.79833333333333,2.8508333333333336,2
TNP_0009,2018-12-26,4.980569999999999,5.27569,0.9440603977868296,23.42875,30.96,17.75,13.21,75.5025,2.34,2
TNP_0009,2018-12-27,4.902190000000001,5.00973,0.9785337732772028,24.41416666666667,32.3,17.75,14.549999999999995,73.86749999999999,1.9145833333333333,2
TNP_0009,2018-12-28,3.43678,4.41775,0.7779480504781847,23.840416666666663,29.66,19.07,10.59,79.47833333333334,2.185416666666667,2
TNP_0009,2018-12-29,3.52679,4.4478100000000005,0.7929273057976847,22.43166666666667,29.4,16.67,12.729999999999997,76.05291666666666,3.81625,2
TNP_0009,2018-12-30,4.54398,4.95607,0.9168514569003262,22.271666666666665,28.84,16.43,12.41,77.27041666666666,3.8541666666666665,2
TNP_0009,2018-12-31,4.63741,5.30446,0.8742473314908586,21.12125,28.87,14.64,14.23,68.86958333333332,3.592916666666667,2
TNP_0009,2019-01-01,5.782649999999999,5.813479999999999,0.9946968081080524,20.215,28.68,14.19,14.49,70.8075,3.2237500000000003,2
TNP_0009,2019-01-02,5.43684,5.746899999999999,0.9460474342689104,20.86625,29.12,13.94,15.18,74.73875,3.26125,2
TNP_0009,2019-01-03,5.742100000000001,5.77787,0.993809137277232,21.2775,29.57,15.55,14.02,73.05416666666666,3.0500000000000003,2
TNP_0009,2019-01-04,5.68474,5.72974,0.9921462404925878,21.051666666666662,29.2,15.15,14.05,73.83,3.51625,2
TNP_0009,2019-01-05,5.30189,5.7856000000000005,0.9163941509955752,21.27208333333333,29.6,14.89,14.71,74.89916666666666,3.147083333333333,2
TNP_0009,2019-01-06,4.72764,5.55082,0.8517011900944366,21.190416666666668,29.18,14.93,14.25,75.53041666666667,3.0854166666666667,2
TNP_0009,2019-01-07,5.1753800000000005,5.7038400000000005,0.9073501360486972,21.620416666666667,30.28,14.73,15.55,75.54541666666667,2.959583333333333,2
TNP_0009,2019-01-08,5.67486,5.75236,0.9865272688079328,21.642916666666668,30.62,14.48,16.14,68.74333333333333,2.7916666666666665,2
TNP_0009,2019-01-09,5.62288,5.78974,0.9711800529902898,21.762916666666666,30.62,14.58,16.04,70.29708333333333,2.848333333333333,2
TNP_0009,2019-01-10,5.71135,5.89499,0.9688481235761216,22.120833333333334,30.43,16.31,14.12,73.85666666666667,3.01625,2
TNP_0009,2019-01-11,5.380649999999999,5.65782,0.9510111668451804,22.09125,30.48,15.86,14.62,72.54708333333333,3.1,2
TNP_0009,2019-01-12,5.36613,5.68,0.9447411971830988,21.576666666666668,30.17,15.05,15.12,72.51291666666667,3.4616666666666664,2
TNP_0009,2019-01-13,5.07995,5.82055,0.8727611651819845,21.95375,30.4,14.71,15.689999999999998,72.09875,3.1908333333333334,2
TNP_0009,2019-01-14,5.43576,5.6352,0.9646081771720612,21.610416666666666,30.01,14.8,15.21,71.60833333333333,3.5087500000000005,2
TNP_0009,2019-01-15,5.053529999999999,5.7482,0.8791499947809749,21.94125,30.81,14.44,16.369999999999997,70.18333333333334,3.62875,2
TNP_0009,2019-01-16,5.15073,5.7134,0.9015174852102076,22.55708333333333,30.48,16.15,14.330000000000002,73.63166666666667,3.2566666666666664,2
TNP_0009,2019-01-17,4.68114,5.27582,0.8872819770196861,22.500833333333333,30.26,17.0,13.260000000000002,72.9725,3.045,2
TNP_0009,2019-01-18,4.66625,5.5141,0.8462396401951361,22.28375,30.5,16.62,13.88,73.14166666666667,2.9879166666666666,2
TNP_0009,2019-01-19,5.67036,5.92631,0.9568112366717232,21.92625,30.74,15.74,14.999999999999998,70.44375000000001,3.112083333333333,2
TNP_0009,2019-01-20,5.056349999999999,6.01229,0.8410023468595159,21.9125,30.9,15.28,15.62,70.08708333333333,3.125,2
TNP_0009,2019-01-21,4.53443,5.700069999999999,0.7955042657370877,22.12125,31.17,15.25,15.920000000000002,71.49625,2.827083333333333,2
TNP_0009,2019-01-22,5.39832,5.72815,0.9424194547977968,22.734583333333333,31.38,16.43,14.95,71.00750000000001,2.49875,2
TNP_0009,2019-01-23,5.45085,5.626189999999999,0.9688350375653862,24.10291666666667,32.35,17.58,14.770000000000003,70.13916666666667,2.55125,2
TNP_0009,2019-01-24,5.68656,5.8851,0.9662639547331396,24.735,32.98,19.17,13.809999999999995,69.015,2.6220833333333333,2
TNP_0009,2019-01-25,5.0373,5.683140000000001,0.8863585975358692,25.505,32.59,19.97,12.620000000000005,72.43833333333333,2.997916666666667,2
TNP_0009,2019-01-26,4.80574,5.77055,0.8328044987046296,25.567916666666665,32.27,20.96,11.310000000000002,71.54541666666667,3.10125,2
TNP_0009,2019-01-27,4.52948,5.64076,0.8029910863075189,25.185,31.89,20.87,11.02,70.45208333333333,3.1,2
TNP_0009,2019-01-28,3.77198,5.576020000000001,0.6764645750911941,22.832916666666662,27.32,19.47,7.850000000000001,75.23541666666667,3.0191666666666666,2
TNP_0009,2019-01-29,4.47438,5.52161,0.8103397378663107,23.227083333333336,30.09,17.86,12.23,74.99208333333333,3.5975,2
TNP_0009,2019-01-30,5.41575,5.7305,0.9450746008201728,22.93208333333333,31.0,16.59,14.41,70.41,3.9575,2
TNP_0009,2019-01-31,4.91634,5.9203,0.8304207557049473,23.1975,31.03,16.39,14.64,69.02041666666666,3.65625,2
TNP_0009,2019-02-01,5.05303,5.87287,0.860402154312968,23.71708333333333,31.43,17.14,14.29,68.66291666666666,3.015416666666667,2
TNP_0009,2019-02-02,5.221190000000001,5.8573200000000005,0.891395723641529,24.49208333333333,32.87,17.48,15.389999999999995,67.64916666666666,2.8329166666666663,2
TNP_0009,2019-02-03,5.45087,6.11132,0.8919300576634835,25.22875,33.36,17.82,15.54,66.89958333333333,3.594583333333333,2
TNP_0009,2019-02-04,4.39786,5.9217200000000005,0.7426659821808528,25.80875,33.58,20.63,12.95,65.12625,4.107916666666667,2
TNP_0009,2019-02-05,5.115729999999999,5.79291,0.8831019297727738,25.02916666666667,32.66,19.12,13.539999999999996,67.00916666666667,3.5216666666666665,2
TNP_0009,2019-02-06,5.72687,5.987900000000001,0.9564070876267138,25.68125,34.3,18.74,15.56,62.134166666666665,2.7904166666666668,2
TNP_0009,2019-02-07,5.5908500000000005,5.95837,0.9383187012555448,26.295,34.89,19.34,15.55,62.845416666666665,2.7841666666666662,2
TNP_0009,2019-02-08,5.98442,6.12818,0.976541159039062,27.489166666666662,36.21,20.77,15.44,63.63708333333333,2.6104166666666666,2
TNP_0009,2019-02-09,4.8542,5.71141,0.8499127185756231,28.019583333333333,36.2,22.01,14.19,64.395,2.5125,2
TNP_0009,2019-02-10,4.89497,6.092770000000001,0.8034063324235117,27.112916666666667,34.02,22.66,11.360000000000005,67.79625,3.51625,2
TNP_0009,2019-02-11,4.48012,6.03578,0.7422603209527187,26.334166666666665,33.59,20.97,12.620000000000005,67.90708333333333,4.398333333333333,2
TNP_0009,2019-02-12,5.46393,6.18996,0.8827084504584845,25.54083333333333,33.77,19.48,14.290000000000004,66.60791666666667,4.0720833333333335,2
TNP_0009,2019-02-13,6.12059,6.40885,0.9550215717328382,25.2975,33.8,19.15,14.65,67.66833333333334,3.8958333333333335,2
TNP_0009,2019-02-14,5.48634,6.343,0.8649440327920542,26.451666666666668,35.13,19.01,16.12,66.6575,3.27125,2
TNP_0009,2019-02-15,5.89974,6.4863,0.9095694001202534,27.27,36.21,20.37,15.84,62.71041666666667,2.8475,2
TNP_0009,2019-02-16,5.89543,6.01743,0.9797255639035268,28.809166666666663,37.59,21.21,16.380000000000003,59.84166666666667,2.9137500000000003,2
TNP_0009,2019-02-17,5.57645,5.851640000000001,0.9529721582325636,29.5325,38.11,22.93,15.18,57.865,2.2333333333333334,2
TNP_0009,2019-02-18,5.41068,6.13584,0.8818156927168896,29.615416666666665,37.62,22.86,14.759999999999998,61.650416666666665,2.87375,2
TNP_0009,2019-02-19,5.37616,6.12691,0.8774667817872304,28.809166666666663,37.07,22.63,14.44,62.47333333333333,3.69375,2
TNP_0009,2019-02-20,6.24826,6.5429,0.9549679805590794,27.77333333333333,36.26,22.1,14.159999999999997,62.73541666666667,3.4516666666666667,2
TNP_0009,2019-02-21,6.39887,6.76917,0.9452960998172596,26.611666666666665,35.44,19.62,15.819999999999997,62.72833333333333,3.324583333333333,2
TNP_0009,2019-02-22,6.97382,7.01114,0.9946770425351654,26.20208333333333,36.38,17.73,18.65,52.85833333333333,3.1875,2
TNP_0009,2019-02-23,7.043489999999999,7.048229999999999,0.9993274907317156,26.679166666666664,37.46,17.75,19.71,52.45916666666667,3.240833333333333,2
TNP_0009,2019-02-24,6.96963,6.99656,0.9961509656173893,26.65,37.51,18.18,19.33,59.15041666666667,3.303333333333333,2
TNP_0009,2019-02-25,7.05738,7.11871,0.9913846750324146,27.31583333333333,38.32,17.8,20.52,58.21333333333333,3.5429166666666667,2
TNP_0009,2019-02-26,6.73084,6.76993,0.9942259373435176,28.735416666666666,38.45,19.78,18.67,58.992916666666666,4.0320833333333335,2
TNP_0009,2019-02-27,6.04996,6.45666,0.937010776469568,29.920416666666668,38.99,23.48,15.510000000000002,59.00625,4.288333333333333,2
TNP_0009,2019-02-28,5.13271,6.067489999999999,0.8459362932612993,29.49833333333333,36.76,24.47,12.29,62.48666666666667,3.48875,2
TNP_0009,2019-03-01,5.122269999999999,5.9657,0.8586201116381983,29.277083333333334,37.13,23.96,13.170000000000002,61.40208333333334,3.7945833333333336,2
TNP_0009,2019-03-02,6.1114,6.72208,0.909153119272606,28.479166666666668,36.61,22.86,13.75,59.595,3.83125,2
TNP_0009,2019-03-03,6.47245,6.72749,0.9620898730432896,28.865416666666665,37.65,22.42,15.229999999999997,58.51958333333334,3.0870833333333336,2
TNP_0009,2019-03-04,6.64358,6.78477,0.9791901567776063,29.526666666666667,38.68,22.2,16.48,55.611250000000005,3.68375,2
TNP_0009,2019-03-05,6.54269,6.68724,0.9783842063392372,31.47458333333333,40.89,23.25,17.64,49.14666666666667,3.0704166666666666,2
TNP_0009,2019-03-06,6.60481,6.674270000000001,0.989592869332526,32.09125,41.55,24.68,16.869999999999997,49.97166666666666,2.4925,2
TNP_0009,2019-03-07,6.57305,6.72803,0.9769650254234896,31.810416666666665,41.22,24.47,16.75,55.236250000000005,4.395833333333333,2
TNP_0009,2019-03-08,6.14033,6.3629,0.965020666677144,30.777916666666663,38.51,25.5,13.009999999999998,59.23,4.215416666666667,2
TNP_0009,2019-03-09,5.82913,6.13911,0.9495073390116808,30.37,37.96,24.31,13.650000000000002,57.94708333333333,3.7325,2
TNP_0009,2019-03-10,6.51023,6.74167,0.9656702271099,30.18041666666667,39.23,23.74,15.489999999999998,56.75708333333333,3.905416666666667,2
TNP_0009,2019-03-11,6.86996,6.943239999999999,0.9894458494881352,29.41333333333333,38.82,20.97,17.85,55.81791666666666,3.5850000000000004,2
TNP_0009,2019-03-12,7.050949999999999,7.0745,0.9966711428369496,28.925833333333333,38.76,20.46,18.3,52.72541666666667,3.784166666666667,2
TNP_0009,2019-03-13,6.93984,6.98397,0.993681244335242,28.39375,38.05,20.12,17.929999999999996,46.759166666666665,3.764583333333333,2
TNP_0009,2019-03-14,7.08023,7.1229,0.994009462438052,29.30541666666667,38.68,20.64,18.04,42.344166666666666,3.82375,2
TNP_0009,2019-03-15,6.93534,7.05218,0.9834320734864964,28.574166666666667,37.98,21.06,16.919999999999998,47.77666666666667,3.594583333333333,2
TNP_0009,2019-03-16,6.80849,7.06387,0.9638470130395944,28.383333333333336,37.49,20.81,16.680000000000003,55.37583333333333,3.2116666666666664,2
TNP_0009,2019-03-17,6.85861,7.2374,0.9476621438638184,28.27,37.5,21.37,16.13,53.435833333333335,3.145833333333333,2
TNP_0009,2019-03-18,7.16686,7.2559,0.9877286070645958,28.745,38.05,21.18,16.869999999999997,56.80875,3.358333333333333,2
TNP_0009,2019-03-19,6.85351,7.03443,0.974280787498063,29.540000000000003,39.11,21.14,17.97,56.32416666666666,3.734583333333333,2
TNP_0009,2019-03-20,6.56105,6.88007,0.9536312857281976,29.165000000000003,38.68,21.22,17.46,59.01458333333333,4.319999999999999,2
TNP_0009,2019-03-21,7.29646,7.320399999999999,0.9967296869023552,29.08375,38.51,20.93,17.58,53.03375,3.592083333333333,2
TNP_0009,2019-03-22,6.950270000000001,7.1566,0.9711692703238968,30.084166666666665,39.44,22.08,17.36,55.98583333333334,3.7579166666666666,2
TNP_0009,2019-03-23,6.97064,7.13267,0.977283401587344,30.652916666666663,40.57,22.61,17.96,53.27875,3.19375,2
TNP_0009,2019-03-24,6.99679,7.0753,0.988903650728591,30.691666666666663,40.79,22.17,18.62,51.07666666666666,3.4375,2
TNP_0009,2019-03-25,7.10572,7.15004,0.993801433278695,30.282916666666665,39.89,21.89,18.0,50.44625,3.372916666666667,2
TNP_0009,2019-03-26,7.16096,7.23875,0.9892536694871352,29.8925,39.41,21.74,17.669999999999998,53.69291666666667,3.5058333333333334,2
TNP_0009,2019-03-27,7.44984,7.47228,0.9969969005444124,29.77625,40.04,21.22,18.82,50.92666666666667,3.18,2
TNP_0009,2019-03-28,7.418189999999999,7.442559999999999,0.9967255890446298,30.21,40.97,21.03,19.94,48.40708333333333,3.38875,2
TNP_0009,2019-03-29,7.0588,7.10605,0.9933507363443826,31.22375,41.49,21.71,19.78,45.36333333333334,3.29125,2
TNP_0009,2019-03-30,7.15778,7.16822,0.9985435714863662,31.300833333333333,40.85,22.54,18.31,45.123333333333335,3.784166666666666,2
TNP_0009,2019-03-31,7.28355,7.30337,0.9972861843231275,32.12791666666667,42.18,23.26,18.92,47.4075,3.674583333333333,2
TNP_0009,2019-04-01,7.34621,7.35715,0.9985130111524164,31.29625,41.31,23.34,17.970000000000002,49.6625,4.207916666666667,2
TNP_0009,2019-04-02,6.96862,7.11317,0.9796785399477308,31.07375,40.54,23.29,17.25,54.13458333333333,3.8929166666666655,2
TNP_0009,2019-04-03,6.8708,7.18128,0.956765367733886,30.046666666666667,39.68,22.24,17.44,57.248333333333335,4.01875,2
TNP_0009,2019-04-04,7.36313,7.48607,0.9835774979395064,30.55458333333333,40.02,22.33,17.690000000000005,57.21125,3.849583333333333,2
TNP_0009,2019-04-05,7.34993,7.39913,0.9933505695939928,30.9675,40.62,22.53,18.09,55.62416666666667,3.5029166666666662,2
TNP_0009,2019-04-06,7.474439999999999,7.494479999999999,0.9973260319595222,31.002916666666668,40.93,22.36,18.57,50.29791666666667,3.6329166666666666,2
TNP_0009,2019-04-07,7.01413,7.10588,0.9870881579762112,31.37375,41.29,22.88,18.41,54.03083333333333,4.06,2
TNP_0009,2019-04-08,7.01255,7.18269,0.9763124957362772,31.624166666666667,40.47,24.78,15.689999999999998,56.53083333333333,4.1475,2
TNP_0009,2019-04-09,6.45479,6.97224,0.9257842529803908,31.58333333333333,40.42,24.21,16.21,58.60875000000001,4.0175,2
TNP_0009,2019-04-10,6.91822,7.247520000000001,0.954563768019957,31.461250000000003,40.75,23.93,16.82,55.855,3.6325,2
TNP_0009,2019-04-11,7.32035,7.40416,0.9886806876134496,31.61583333333333,40.89,23.7,17.19,52.09708333333333,3.3920833333333333,2
TNP_0009,2019-04-12,7.40646,7.41985,0.9981953813082476,31.79958333333333,41.8,23.39,18.41,50.90958333333333,3.5175,2
TNP_0009,2019-04-13,7.422989999999999,7.45254,0.9960349089035416,31.50958333333333,41.3,23.13,18.17,49.64041666666666,3.832083333333333,2
TNP_0009,2019-04-14,7.41698,7.45766,0.9945452058688652,31.65333333333333,41.25,22.69,18.56,41.532916666666665,3.910833333333333,2
TNP_0009,2019-04-15,7.651359999999999,7.667470000000001,0.9978989158092564,31.10125,40.98,22.3,18.68,46.38833333333333,3.869583333333333,2
TNP_0009,2019-04-16,7.59765,7.67061,0.9904883705468014,31.967916666666667,41.83,22.33,19.5,49.946666666666665,3.80125,2
TNP_0009,2019-04-17,7.222770000000001,7.26128,0.9946965273340238,32.89541666666667,40.98,24.16,16.819999999999997,47.79375,3.655,2
TNP_0009,2019-04-18,6.4734300000000005,7.03242,0.9205124267321918,32.11541666666667,40.55,25.94,14.609999999999996,56.52625,3.892916666666667,2
TNP_0009,2019-04-19,6.92497,7.41994,0.9332919134116988,32.40333333333333,41.07,25.77,15.3,55.76125,4.32125,2
TNP_0009,2019-04-20,6.5856900000000005,7.38146,0.8921934143109901,31.969166666666663,39.12,25.85,13.269999999999996,54.37833333333333,3.174166666666667,2
TNP_0009,2019-04-21,6.5708400000000005,7.19773,0.9129044851640726,32.86,40.85,25.7,15.150000000000002,49.8025,3.327083333333333,2
TNP_0009,2019-04-22,6.09879,7.07272,0.8622976733138029,32.40625,41.11,25.45,15.66,51.415416666666665,3.33375,2
TNP_0009,2019-04-23,6.26108,7.17379,0.8727715754155055,32.49875,41.0,25.35,15.65,45.47166666666666,3.165833333333333,2
TNP_0009,2019-04-24,7.06974,7.33588,0.9637207806016456,32.26375,40.73,25.27,15.459999999999996,43.575,3.0795833333333333,2
TNP_0009,2019-04-25,6.6419,7.30759,0.9089043036076188,32.23083333333333,41.17,24.64,16.53,47.25625,2.9275,2
TNP_0009,2019-04-26,6.73345,7.04817,0.9553472745407672,32.76916666666667,41.98,24.61,17.369999999999997,48.88208333333333,3.702916666666667,2
TNP_0009,2019-04-27,6.6017600000000005,7.03909,0.9378712305141716,32.903333333333336,41.96,25.19,16.77,52.817083333333336,4.102916666666666,2
TNP_0009,2019-04-28,5.06462,7.17066,0.706297607193759,32.1375,39.08,26.24,12.84,53.58083333333334,3.455833333333333,2
TNP_0009,2019-04-29,5.8062,7.03433,0.8254091007956692,32.572916666666664,39.99,26.47,13.520000000000003,54.18958333333333,3.66375,2
TNP_0009,2019-04-30,4.32583,6.81182,0.6350476084218314,34.745416666666664,43.0,27.11,15.89,45.21625,2.730833333333333,2
TNP_0009,2019-05-01,4.23372,6.6086800000000006,0.6406302014925824,32.26,38.7,27.58,11.120000000000005,52.63999999999999,3.8841666666666663,2
TNP_0009,2019-05-02,5.01968,6.80105,0.7380742679439204,34.223333333333336,42.75,26.6,16.15,39.445,4.036666666666666,2
TNP_0009,2019-05-03,6.429810000000001,6.96476,0.9231918974953912,35.20125,43.73,26.25,17.479999999999997,36.22166666666667,2.9554166666666664,2
TNP_0009,2019-05-04,5.7557,6.75062,0.8526179817557499,33.94083333333334,41.19,28.42,12.769999999999996,42.61291666666667,2.960833333333333,2
TNP_0009,2019-05-05,6.25878,6.60984,0.9468882756617406,33.51333333333333,42.05,26.97,15.079999999999998,50.614583333333336,3.1775,2
TNP_0009,2019-05-06,6.26404,6.83931,0.915887713819084,32.876666666666665,40.33,26.9,13.43,56.16416666666667,3.0625,2
TNP_0009,2019-05-07,5.87182,6.681730000000001,0.8787873799150817,32.31541666666667,40.1,27.09,13.010000000000002,57.1325,3.74375,2
TNP_0009,2019-05-08,4.94868,6.5659,0.7536940861115765,30.0325,34.57,25.87,8.7,62.77375,4.5512500000000005,2
TNP_0009,2019-05-09,6.13989,6.59926,0.9303906801671704,32.945,41.23,25.84,15.389999999999995,55.17208333333334,3.5525,2
TNP_0009,2019-05-10,6.677230000000001,6.78058,0.9847579410610892,33.01583333333333,40.79,26.44,14.349999999999998,55.69458333333333,3.2725000000000004,2
TNP_0009,2019-05-11,6.63705,6.79066,0.9773792238162418,32.120416666666664,39.91,26.52,13.389999999999995,57.47583333333333,2.8195833333333336,2
TNP_0009,2019-05-12,6.52222,6.67108,0.9776857720189236,32.80833333333333,41.31,26.51,14.8,57.071666666666665,3.640833333333333,2
TNP_0009,2019-05-13,6.1287,6.71111,0.9132170386120926,32.63125,40.26,26.91,13.349999999999998,54.25666666666667,2.710833333333333,2
TNP_0009,2019-05-14,6.2198,6.50279,0.9564817562922991,33.254583333333336,40.9,26.86,14.04,50.47833333333333,2.054583333333333,2
TNP_0009,2019-05-15,6.34039,6.5418400000000005,0.9692059114866765,32.687916666666666,39.43,27.07,12.36,55.93125,2.7641666666666667,2
TNP_0009,2019-05-16,6.15982,6.563680000000001,0.9384704921629328,31.2975,37.08,26.69,10.389999999999995,63.15708333333333,2.7325,2
TNP_0009,2019-05-17,6.22669,6.68754,0.9310882626496438,32.00208333333333,37.48,26.58,10.9,59.1475,2.255416666666666,2
TNP_0009,2019-05-18,6.67678,6.97177,0.9576879329065646,32.60708333333333,40.56,26.25,14.310000000000002,55.615,3.28,2
TNP_0009,2019-05-19,7.042050000000001,7.13178,0.9874182882814668,33.037083333333335,41.42,26.12,15.3,54.048750000000005,3.92375,2
TNP_0009,2019-05-20,7.185569999999999,7.20663,0.9970776909595744,32.75541666666667,41.69,25.5,16.189999999999998,50.76875,3.7616666666666663,2
TNP_0009,2019-05-21,7.04754,7.060020000000001,0.9982322996252134,31.495416666666667,38.65,25.57,13.079999999999998,57.615833333333335,3.9766666666666666,2
TNP_0009,2019-05-22,6.83537,6.9013800000000005,0.9904352462840764,32.02625,39.81,26.25,13.560000000000002,58.63083333333333,3.9158333333333335,2
TNP_0009,2019-05-23,6.76073,6.802479999999999,0.9938625324881516,32.892916666666665,40.16,26.32,13.839999999999996,56.30458333333333,3.8370833333333336,2
TNP_0009,2019-05-24,6.60567,6.79081,0.9727366838418392,33.36416666666667,40.45,27.36,13.090000000000003,54.3875,3.682916666666667,2
TNP_0009,2019-05-25,6.51471,6.619070000000001,0.984233434606372,32.892500000000005,37.35,28.48,8.870000000000001,53.111250000000005,2.7929166666666667,2
TNP_0009,2019-05-26,6.78535,6.84077,0.9918985728214806,34.9075,41.46,28.19,13.27,48.75708333333333,2.700833333333333,2
TNP_0009,2019-05-27,6.88105,6.91231,0.9954776333816048,34.415,42.12,28.79,13.329999999999998,50.95541666666667,3.799166666666667,2
TNP_0009,2019-05-28,6.10065,6.54007,0.9328111167005858,33.081250000000004,38.43,28.62,9.81,57.0875,3.3329166666666663,2
TNP_0009,2019-05-29,5.813359999999999,6.43104,0.9039533263671192,32.60208333333333,37.79,28.02,9.77,53.54458333333333,3.217916666666667,2
TNP_0009,2019-05-30,6.092569999999999,6.41263,0.950089121000276,32.969166666666666,38.7,27.8,10.900000000000002,52.71291666666667,3.345,2
TNP_0009,2019-05-31,6.10403,6.26837,0.9737826580115724,32.70166666666667,38.43,27.69,10.739999999999998,51.81375,3.185416666666667,2
TNP_0009,2019-06-01,5.60266,6.5588,0.8542202841983291,32.882083333333334,39.01,27.61,11.4,54.15416666666667,2.6241666666666665,2
TNP_0009,2019-06-02,5.550470000000001,6.36127,0.872541174954058,33.46625,40.65,27.84,12.81,58.08916666666667,2.3545833333333333,2
TNP_0009,2019-06-03,5.74794,6.3653,0.9030116412423608,30.30375,34.23,26.39,7.839999999999996,65.09833333333333,2.250833333333333,2
TNP_0009,2019-06-04,5.98792,6.41275,0.9337522903590504,30.98958333333333,36.56,26.52,10.040000000000004,66.91583333333334,2.5308333333333333,2
TNP_0009,2019-06-05,5.9560200000000005,6.60924,0.9011656408301106,30.2325,34.95,26.33,8.620000000000005,70.36874999999999,2.5170833333333333,2
TNP_0009,2019-06-06,6.5219700000000005,6.739859999999999,0.9676714353117128,30.064166666666665,35.0,26.01,8.989999999999998,70.30083333333333,2.7504166666666667,2
TNP_0009,2019-06-07,5.160159999999999,6.42384,0.8032827716755087,31.10333333333333,36.92,26.0,10.920000000000002,67.58,2.305833333333333,2
TNP_0009,2019-06-08,6.03966,6.5114600000000005,0.9275431316478944,31.1125,36.65,26.54,10.11,63.29750000000001,2.5529166666666665,2
TNP_0009,2019-06-09,6.51207,6.72875,0.9677978822218094,32.26625,39.94,25.08,14.86,49.584583333333335,5.30875,2
TNP_0009,2019-06-10,6.38094,7.067060000000001,0.9029129510715912,30.985,36.53,25.02,11.510000000000002,53.37708333333333,5.33625,2
TNP_0009,2019-06-11,6.06299,7.01094,0.8647898855217703,31.63,38.05,26.14,11.909999999999997,52.272083333333335,4.951666666666667,2
TNP_0009,2019-06-12,6.5185,7.17611,0.9083612151987638,32.52625,38.9,26.47,12.43,50.73208333333333,5.74875,2
TNP_0009,2019-06-13,5.566859999999999,6.97938,0.7976152609544114,31.56875,37.44,25.91,11.529999999999998,52.48416666666666,4.844166666666667,2
TNP_0009,2019-06-14,6.714300000000001,7.19429,0.9332818109917728,32.189166666666665,39.47,25.9,13.57,45.51708333333334,5.858333333333333,2
TNP_0009,2019-06-15,6.96762,7.19519,0.968371926245172,34.31791666666667,41.89,26.12,15.77,41.872083333333336,3.3487500000000003,2
TNP_0009,2019-06-16,6.53119,7.11058,0.9185171955030392,33.22833333333333,38.8,28.17,10.629999999999995,45.48,3.805,2
TNP_0009,2019-06-17,5.9416,7.022069999999999,0.8461322658418388,33.43666666666667,39.34,28.15,11.190000000000005,42.74416666666667,3.1820833333333334,2
TNP_0009,2019-06-18,5.44065,6.93812,0.7841677572598917,32.409166666666664,37.18,28.48,8.7,47.28041666666667,3.2266666666666666,2
TNP_0009,2019-06-19,5.91005,7.08885,0.8337106865006313,33.45,39.29,28.25,11.04,45.734583333333326,4.159166666666667,2
TNP_0009,2019-06-20,5.87687,6.94637,0.8460346915007407,32.66166666666667,38.34,27.34,11.000000000000004,48.86625,2.907083333333333,2
TNP_0009,2019-06-21,4.1836400000000005,7.05616,0.5929060565520057,31.327916666666667,37.38,27.07,10.310000000000002,52.13958333333333,2.486666666666667,2
TNP_0009,2019-06-22,5.58916,7.01239,0.7970406665915615,31.07208333333333,37.9,25.81,12.09,59.19208333333333,2.7100000000000004,2
TNP_0009,2019-06-23,5.92862,7.07129,0.8384071364630781,29.652916666666663,35.08,25.32,9.759999999999998,65.9225,2.3204166666666666,2
TNP_0009,2019-06-24,4.5711,6.81004,0.6712295375651245,29.72,34.52,25.37,9.150000000000002,68.16791666666667,1.9079166666666667,2
TNP_0009,2019-06-25,4.61425,6.71821,0.6868272947704821,29.74458333333333,35.86,25.63,10.23,65.71958333333333,3.26625,2
TNP_0009,2019-06-26,4.0488800000000005,6.948510000000001,0.58269758552553,28.67708333333333,34.2,24.73,9.470000000000002,69.96166666666666,2.822083333333333,2
TNP_0009,2019-06-27,5.576149999999999,6.94621,0.8027615059147362,30.542916666666667,36.78,24.76,12.02,65.48916666666666,3.2783333333333338,2
TNP_0009,2019-06-28,6.395809999999999,7.09457,0.9015077728459934,29.6725,35.2,25.41,9.790000000000004,66.11083333333333,3.8370833333333336,2
TNP_0009,2019-06-29,6.39184,7.04187,0.907690712836221,30.605416666666667,37.56,25.31,12.250000000000004,58.79958333333334,4.415416666666666,2
TNP_0009,2019-06-30,4.80388,6.91008,0.6951988978419932,30.618333333333336,37.63,25.36,12.270000000000003,58.255,5.060416666666667,2
TNP_0009,2019-07-01,5.472809999999999,6.85385,0.7985015721091063,31.760416666666668,38.51,25.38,13.13,57.3025,4.19125,2
TNP_0009,2019-07-02,4.56726,6.685560000000001,0.6831529445551308,31.61958333333333,38.07,25.79,12.28,54.38999999999999,4.63375,2
TNP_0009,2019-07-03,5.76822,7.08009,0.8147099825002225,30.51,35.95,25.7,10.250000000000004,58.49208333333333,4.3725,2
TNP_0009,2019-07-04,5.56751,6.91226,0.8054543665892198,31.196250000000003,37.01,25.71,11.299999999999995,53.70791666666667,5.708749999999999,2
TNP_0009,2019-07-05,4.56794,6.89726,0.6622832835067839,31.035416666666663,35.98,26.19,9.789999999999996,54.95125,5.638750000000001,2
TNP_0009,2019-07-06,4.4429300000000005,6.82131,0.6513309027151677,30.5475,35.34,26.03,9.310000000000002,54.53583333333333,5.465416666666666,2
TNP_0009,2019-07-07,5.74348,6.89402,0.83311043484063,31.3125,37.8,25.91,11.889999999999995,49.99625,5.9558333333333335,2
TNP_0009,2019-07-08,5.79129,6.79434,0.8523697665998463,32.290416666666665,39.35,26.21,13.14,47.37458333333333,5.3775,2
TNP_0009,2019-07-09,5.70814,6.984100000000001,0.8173050214057644,30.769166666666667,36.57,25.49,11.080000000000002,55.715833333333336,4.233333333333333,2
TNP_0009,2019-07-10,5.888199999999999,6.98592,0.8428667949246483,28.855,34.45,24.9,9.550000000000004,63.32458333333333,3.265833333333333,2
TNP_0009,2019-07-11,4.78091,6.82013,0.7009998343140086,29.085833333333337,35.31,24.85,10.46,62.07125,2.9,2
TNP_0009,2019-07-12,6.27947,7.11252,0.8828755490318481,29.782916666666665,35.96,24.92,11.04,60.09625,2.4804166666666667,2
TNP_0009,2019-07-13,5.33857,6.90876,0.7727247726075301,29.687916666666663,35.55,25.4,10.15,65.98166666666667,2.64375,2
TNP_0009,2019-07-14,5.32282,6.99406,0.7610486612925825,27.835833333333337,31.4,24.96,6.439999999999998,74.44541666666667,2.2954166666666667,2
TNP_0009,2019-07-15,6.59136,7.00603,0.9408124144486965,28.90333333333333,34.71,24.43,10.28,66.95458333333333,1.975833333333333,2
TNP_0009,2019-07-16,6.27644,7.13232,0.8799997756690671,29.322916666666668,35.52,24.28,11.240000000000002,63.770833333333336,2.985416666666667,2
TNP_0009,2019-07-17,4.45708,6.8795,0.6478784795406642,29.415000000000003,35.11,24.42,10.689999999999998,61.24375,3.6941666666666655,2
TNP_0009,2019-07-18,5.82768,6.74568,0.8639129042587256,27.562083333333334,32.14,24.37,7.77,71.58125,3.6129166666666666,2
TNP_0009,2019-07-19,4.51544,6.70788,0.673154558519234,27.550416666666667,31.48,24.36,7.120000000000001,72.96249999999999,2.93625,2
TNP_0009,2019-07-20,6.25368,7.049440000000001,0.8871172745636532,28.984166666666667,34.2,24.45,9.750000000000004,69.20333333333333,2.775416666666666,2
TNP_0009,2019-07-21,5.28464,7.22241,0.7317003604060142,29.21,35.35,24.76,10.59,67.81541666666666,3.0658333333333334,2
TNP_0009,2019-07-22,2.37037,7.17862,0.3301985618405766,27.03,30.92,23.91,7.010000000000002,75.94041666666666,3.509583333333333,2
TNP_0009,2019-07-23,4.20791,7.15907,0.5877732722266998,28.544583333333332,34.37,23.82,10.549999999999995,69.40416666666667,3.5083333333333333,2
TNP_0009,2019-07-24,6.279850000000001,7.11071,0.8831537216396113,29.69541666666667,36.79,23.78,13.009999999999998,67.11083333333333,3.265833333333333,2
TNP_0009,2019-07-25,4.653449999999999,6.92783,0.6717038379983341,28.66208333333333,34.57,23.99,10.580000000000002,70.42791666666666,2.60625,2
TNP_0009,2019-07-26,2.93319,6.76804,0.4333883960496688,27.727500000000003,32.43,23.09,9.34,69.62375,3.85125,2
TNP_0009,2019-07-27,4.357600000000001,6.957859999999999,0.6262845185157507,28.188333333333333,34.96,22.98,11.98,67.89416666666666,3.909166666666666,2
TNP_0009,2019-07-28,4.59371,6.57842,0.6982998957196408,28.184166666666663,34.4,23.05,11.349999999999998,68.96833333333333,3.817083333333333,2
TNP_0009,2019-07-29,4.34044,6.74434,0.6435677916593766,28.837083333333336,35.23,23.61,11.619999999999996,67.23666666666666,3.845416666666667,2
TNP_0009,2019-07-30,4.90742,6.96331,0.7047539173180571,28.332083333333333,35.09,22.68,12.410000000000004,61.35,4.52625,2
TNP_0009,2019-07-31,6.777399999999999,7.104010000000001,0.954024557960926,30.01,37.49,22.73,14.760000000000002,57.25625,3.955833333333333,2
TNP_0009,2019-08-01,5.152010000000001,7.25057,0.710566203760532,29.697916666666668,36.42,24.54,11.880000000000004,65.16416666666667,2.9966666666666666,2
TNP_0009,2019-08-02,3.77552,6.89682,0.5474291050078152,29.15833333333333,35.99,24.41,11.580000000000002,60.08958333333334,5.114583333333333,2
TNP_0009,2019-08-03,5.38443,6.95475,0.774208993853122,29.730416666666667,36.87,24.21,12.659999999999997,57.87125,6.002083333333334,2
TNP_0009,2019-08-04,5.3708100000000005,6.92543,0.7755200760097207,29.717916666666667,38.01,23.94,14.069999999999997,52.57375,5.603750000000001,2
TNP_0009,2019-08-05,3.80669,6.80104,0.5597217484384742,27.49458333333333,32.06,23.55,8.510000000000002,63.3025,7.03,2
TNP_0009,2019-08-06,4.27834,6.77545,0.6314473577400763,28.3275,34.02,23.56,10.460000000000004,61.2325,6.570833333333333,2
TNP_0009,2019-08-07,4.2407,6.74679,0.6285507626589829,28.770416666666662,34.3,24.05,10.249999999999996,62.16958333333333,6.857916666666667,2
TNP_0009,2019-08-08,4.56679,6.62513,0.6893132663057178,29.731666666666666,35.8,24.79,11.009999999999998,62.739583333333336,6.855416666666667,2
TNP_0009,2019-08-09,4.65128,6.51708,0.713706138331891,29.53916666666667,35.94,24.46,11.479999999999997,60.19541666666667,6.03625,2
TNP_0009,2019-08-10,4.56927,6.755109999999999,0.6764168163064703,29.695000000000004,37.3,24.22,13.079999999999998,59.70916666666667,5.27875,2
TNP_0009,2019-08-11,6.2168,6.57763,0.9451428554053664,30.2525,37.67,24.09,13.580000000000002,57.60874999999999,4.61125,2
TNP_0009,2019-08-12,5.86898,6.503360000000001,0.9024535009595038,29.375416666666663,34.96,24.61,10.35,62.75541666666667,4.02375,2
TNP_0009,2019-08-13,4.83081,6.428190000000001,0.7515039225660721,29.53458333333333,35.42,24.55,10.87,66.22541666666667,3.1079166666666667,2
TNP_0009,2019-08-14,6.17449,6.76873,0.9122080508455797,29.579166666666666,36.52,24.53,11.990000000000002,68.34708333333333,3.15125,2
TNP_0009,2019-08-15,5.66235,7.16678,0.7900828545036962,29.0925,34.45,24.25,10.200000000000005,68.32375,3.157083333333333,2
TNP_0009,2019-08-16,4.343940000000001,6.784599999999999,0.6402647171535538,27.981666666666666,32.18,24.24,7.940000000000001,75.72458333333334,2.665833333333333,2
TNP_0009,2019-08-17,2.48361,6.63955,0.3740630012576154,26.909166666666668,30.73,24.19,6.539999999999999,82.91583333333334,3.1195833333333334,2
TNP_0009,2019-08-18,2.40054,6.7277,0.3568143644930659,25.96583333333333,28.41,23.95,4.460000000000001,86.46958333333333,1.9695833333333332,2
TNP_0009,2019-08-19,6.367389999999999,6.9644200000000005,0.9142742683525692,27.41,31.65,23.93,7.719999999999999,81.5575,1.8379166666666664,2
TNP_0009,2019-08-20,5.196980000000001,6.841189999999999,0.7596602345498373,27.566666666666663,30.94,24.39,6.550000000000001,82.91458333333334,2.210833333333333,2
TNP_0009,2019-08-21,4.78922,6.714,0.7133184390825141,25.64708333333333,28.61,23.29,5.32,86.86083333333333,3.189583333333333,2
TNP_0009,2019-08-22,3.89755,6.8617,0.5680152148884388,25.047083333333333,28.08,23.07,5.009999999999998,84.20375,3.79,2
TNP_0009,2019-08-23,6.04569,6.7352,0.8976259056895117,26.2825,31.01,22.58,8.430000000000003,81.08875,3.7466666666666666,2
TNP_0009,2019-08-24,5.65134,6.90451,0.8184997921648314,26.874583333333334,32.69,22.36,10.329999999999998,78.04625,3.6208333333333336,2
TNP_0009,2019-08-25,5.76037,6.92229,0.8321480319374079,26.595,32.03,22.08,9.950000000000005,75.92125,3.97875,2
TNP_0009,2019-08-26,6.07236,7.02982,0.8638002111007109,27.2875,33.53,21.92,11.61,72.36916666666666,4.505416666666666,2
TNP_0009,2019-08-27,5.942399999999999,7.04253,0.843787672895962,27.051666666666662,32.05,22.02,10.029999999999998,75.94958333333334,2.9737500000000003,2
TNP_0009,2019-08-28,6.226319999999999,7.11033,0.8756724371442675,27.35333333333333,32.93,23.18,9.75,73.58833333333334,3.1566666666666667,2
TNP_0009,2019-08-29,6.54325,7.11781,0.9192785421358536,26.901666666666667,31.36,23.42,7.939999999999998,80.20041666666667,3.58875,2
TNP_0009,2019-08-30,6.57283,7.060689999999999,0.9309047699304176,27.127916666666668,33.21,23.49,9.720000000000002,78.94625,3.3433333333333333,2
TNP_0009,2019-08-31,4.05861,6.94416,0.5844637796364138,26.99291666666667,32.55,23.28,9.269999999999996,78.55583333333333,3.3095833333333338,2
TNP_0009,2019-09-01,3.10129,6.724810000000001,0.4611713936899332,26.2075,31.28,22.6,8.68,78.79,3.7404166666666665,2
TNP_0009,2019-09-02,4.09948,6.83784,0.5995285060779427,26.15333333333333,30.97,22.07,8.899999999999999,78.83166666666666,4.110833333333333,2
TNP_0009,2019-09-03,4.22785,6.77825,0.6237376904068159,26.795,33.34,22.08,11.260000000000003,78.18791666666667,3.981666666666667,2
TNP_0009,2019-09-04,4.94175,6.67947,0.739841634141631,25.817083333333333,31.43,21.99,9.44,76.95,4.58625,2
TNP_0009,2019-09-05,4.89311,6.86099,0.7131784188579199,27.230416666666667,33.97,21.93,12.04,74.78375,4.726666666666667,2
TNP_0009,2019-09-06,4.88945,6.76791,0.722446072716688,27.72208333333333,33.9,22.72,11.18,75.84166666666667,4.962083333333333,2
TNP_0009,2019-09-07,5.44007,6.82477,0.7971067156841914,27.69708333333333,33.41,23.22,10.189999999999998,74.39291666666666,4.885833333333333,2
TNP_0009,2019-09-08,5.49164,6.81661,0.8056262570397896,28.00625,34.1,23.26,10.84,71.68875,4.904583333333334,2
TNP_0009,2019-09-09,4.90541,6.89031,0.7119287811433738,27.35833333333333,32.39,23.09,9.3,74.80875,3.75375,2
TNP_0009,2019-09-10,5.94252,6.74939,0.880452900188017,28.077916666666667,33.41,23.84,9.569999999999997,77.96708333333333,2.7070833333333333,2
TNP_0009,2019-09-11,4.44,6.7218800000000005,0.6605294947246901,27.34125,32.28,24.32,7.960000000000001,81.93833333333333,2.7916666666666665,2
TNP_0009,2019-09-12,5.77866,6.6962,0.8629760162480211,26.107916666666668,29.67,23.7,5.970000000000002,86.27499999999999,2.6375,2
TNP_0009,2019-09-13,5.3539200000000005,6.67391,0.8022163918902113,26.10291666666667,29.86,23.29,6.57,86.44166666666666,2.1725,2
TNP_0009,2019-09-14,6.00127,6.682930000000001,0.8979998294161392,27.354166666666668,32.08,23.04,9.04,79.97916666666667,2.7779166666666666,2
TNP_0009,2019-09-15,6.227849999999999,6.68975,0.9309540715273364,27.457083333333333,32.49,23.77,8.720000000000002,78.23833333333333,3.012916666666667,2
TNP_0009,2019-09-16,5.62033,6.84137,0.8215211280781481,27.246666666666663,32.02,23.6,8.420000000000002,78.29541666666667,2.86,2
TNP_0009,2019-09-17,4.65545,6.533720000000001,0.7125267076030194,25.586250000000003,28.49,23.12,5.369999999999997,86.82625,2.4545833333333333,2
TNP_0009,2019-09-18,3.60433,6.526020000000001,0.5523014026926059,26.55541666666667,30.63,23.05,7.579999999999998,85.04583333333333,1.961666666666667,2
TNP_0009,2019-09-19,3.18558,6.49939,0.4901352280752501,25.730416666666667,28.26,23.25,5.010000000000002,87.67875,2.627083333333333,2
TNP_0009,2019-09-20,4.9398800000000005,6.5808800000000005,0.7506412516259224,25.621666666666663,29.19,23.09,6.100000000000001,85.04666666666667,1.7025,2
TNP_0009,2019-09-21,5.70407,6.45077,0.8842463767891275,26.51375,30.16,23.64,6.52,85.85041666666666,1.237083333333333,2
TNP_0009,2019-09-22,4.07455,6.46166,0.6305732582649041,25.62708333333333,27.54,23.79,3.75,90.69791666666669,1.45375,2
TNP_0009,2019-09-23,5.929309999999999,6.63138,0.8941291254610653,26.37,29.58,23.72,5.859999999999999,88.86208333333333,2.0791666666666666,2
TNP_0009,2019-09-24,5.06445,6.4798800000000005,0.7815653993592473,26.25625,29.91,23.52,6.390000000000001,87.72541666666666,2.7725000000000004,2
TNP_0009,2019-09-25,4.42563,6.5818900000000005,0.6723950111594086,25.34375,27.53,23.45,4.080000000000002,91.17041666666668,4.421666666666667,2
TNP_0009,2019-09-26,5.26013,6.52189,0.8065346088327157,25.38958333333333,28.81,22.99,5.82,88.46083333333333,3.26125,2
TNP_0009,2019-09-27,6.19642,6.64195,0.9329218076016832,25.875833333333333,30.34,22.63,7.710000000000001,85.94458333333334,2.205,2
TNP_0009,2019-09-28,5.80812,6.45847,0.8993027760444811,26.27875,31.04,22.63,8.41,83.38833333333334,2.2841666666666667,2
TNP_0009,2019-09-29,5.66247,6.5686,0.8620512742441312,25.57625,30.28,22.12,8.16,81.69458333333334,2.4858333333333333,2
TNP_0009,2019-09-30,5.55146,6.74064,0.8235805502148164,24.701666666666668,28.8,20.88,7.920000000000002,82.24416666666667,2.5191666666666666,2
TNP_0009,2019-10-01,6.401350000000001,6.73317,0.9507186065404556,26.293333333333333,31.41,20.86,10.55,81.97625000000001,2.1075,2
TNP_0009,2019-10-02,6.57976,6.67796,0.9852949104217456,26.132916666666663,30.51,22.58,7.930000000000003,86.27208333333334,2.0691666666666664,2
TNP_0009,2019-10-03,6.190519999999999,6.50966,0.9509743980484386,26.77958333333333,31.6,22.62,8.98,83.18916666666667,2.09875,2
TNP_0009,2019-10-04,6.23949,6.59196,0.9465303187519342,26.7875,31.31,23.04,8.27,84.53166666666667,1.8570833333333332,2
TNP_0009,2019-10-05,5.842899999999999,6.42357,0.9096032268660572,25.915000000000003,29.78,22.94,6.84,87.10208333333333,2.6183333333333336,2
TNP_0009,2019-10-06,6.18728,6.659650000000001,0.9290698460129284,25.797083333333333,29.42,22.72,6.700000000000003,86.92875,2.31,2
TNP_0009,2019-10-07,6.31328,6.58915,0.9581326878277168,26.267916666666665,30.01,22.96,7.050000000000001,85.99000000000001,1.9954166666666664,2
TNP_0009,2019-10-08,6.1561,6.44616,0.9550026682552094,26.4175,30.33,23.45,6.879999999999999,86.07375,1.9725,2
TNP_0009,2019-10-09,5.39809,6.41495,0.8414859040210757,26.43166666666667,30.31,23.22,7.09,85.87458333333332,2.8966666666666665,2
TNP_0009,2019-10-10,5.18909,6.29131,0.8248027835220327,26.27208333333333,30.39,22.96,7.43,85.25625,2.7691666666666666,2
TNP_0009,2019-10-11,5.47602,6.308529999999999,0.8680342330146644,26.079166666666666,30.06,22.88,7.18,86.18458333333332,2.310833333333333,2
TNP_0009,2019-10-12,5.518980000000001,6.58428,0.838205544114163,25.74625,28.74,23.07,5.669999999999998,87.32583333333334,1.5779166666666666,2
TNP_0009,2019-10-13,5.32179,6.579599999999999,0.8088318438810871,26.239166666666662,29.99,23.71,6.279999999999998,86.08083333333333,1.75,2
TNP_0009,2019-10-14,5.85805,6.53364,0.8965982208998353,26.05708333333333,29.37,23.47,5.900000000000002,86.75791666666667,1.8866666666666667,2
TNP_0009,2019-10-15,4.90924,6.23792,0.7869995126580654,25.653333333333336,28.56,23.45,5.109999999999999,91.0925,2.63125,2
TNP_0009,2019-10-16,3.63492,6.28973,0.5779135193402578,25.41125,28.81,23.3,5.509999999999998,87.23375,2.192083333333333,2
TNP_0009,2019-10-17,2.57441,6.44025,0.3997375878265595,24.81875,28.08,22.54,5.539999999999999,88.42291666666667,2.0483333333333333,2
TNP_0009,2019-10-18,4.43151,6.30036,0.7033740929089767,25.462083333333336,29.12,22.58,6.540000000000003,87.14916666666666,1.8883333333333332,2
TNP_0009,2019-10-19,3.39397,6.1831000000000005,0.5489107405670294,24.83375,27.65,22.64,5.009999999999998,90.90583333333332,2.1641666666666666,2
TNP_0009,2019-10-20,4.43259,6.05761,0.731739085216777,24.642916666666665,27.69,22.4,5.290000000000003,91.71416666666666,2.779166666666667,2
TNP_0009,2019-10-21,2.9661,6.11559,0.4850063526168366,24.5675,27.51,22.04,5.470000000000002,89.37166666666667,2.3916666666666666,2
TNP_0009,2019-10-22,2.29177,6.253900000000001,0.3664545323718,25.339166666666667,29.09,22.02,7.07,88.83583333333333,2.022083333333333,2
TNP_0009,2019-10-23,5.12152,6.20242,0.8257293121072098,25.576666666666668,29.57,22.39,7.18,85.95583333333333,1.8354166666666665,2
TNP_0009,2019-10-24,3.98895,6.0752,0.6565956676323413,25.34083333333333,29.13,22.24,6.890000000000001,86.26125,2.684583333333333,2
TNP_0009,2019-10-25,4.66884,6.3067,0.7402984127990867,23.881666666666664,26.22,22.26,3.959999999999997,90.16125,2.1654166666666668,2
TNP_0009,2019-10-26,3.43006,6.065510000000001,0.5655023237947014,24.545416666666668,28.0,21.97,6.030000000000001,88.03833333333334,1.7758333333333332,2
TNP_0009,2019-10-27,5.03172,6.0565500000000005,0.8307898060777175,25.272916666666664,29.3,21.97,7.330000000000002,85.13,1.8345833333333332,2
TNP_0009,2019-10-28,3.3072000000000004,6.19243,0.5340714388374193,24.633750000000003,27.26,22.39,4.870000000000001,90.895,2.645,2
TNP_0009,2019-10-29,3.65122,6.10603,0.5979695481352042,24.32625,27.11,22.24,4.870000000000001,88.45041666666667,2.619166666666666,2
TNP_0009,2019-10-30,1.89738,6.20789,0.3056400806070984,24.38,27.76,21.85,5.91,90.23625,3.296666666666667,2
TNP_0009,2019-10-31,3.84465,6.02473,0.6381447799320468,25.07041666666667,28.9,21.69,7.209999999999997,88.70666666666666,2.7862500000000003,2
TNP_0009,2019-11-01,4.6881,6.10041,0.7684893310449626,25.25708333333333,29.06,22.78,6.279999999999998,87.62666666666667,2.1620833333333334,2
TNP_0009,2019-11-02,5.32345,6.13957,0.8670721239435335,24.955,28.46,22.08,6.380000000000003,88.52041666666666,1.83875,2
TNP_0009,2019-11-03,5.12527,5.69793,0.8994968348154505,24.250833333333333,27.75,20.54,7.210000000000001,90.29625,2.1091666666666664,2
TNP_0009,2019-11-04,5.67362,5.708609999999999,0.9938706620350664,24.999583333333334,30.23,20.11,10.12,82.37458333333333,2.2845833333333334,2
TNP_0009,2019-11-05,5.60822,5.65688,0.9913980851635532,25.567916666666665,30.65,20.25,10.4,81.91791666666667,2.48875,2
TNP_0009,2019-11-06,4.16718,5.22174,0.7980443300509027,25.286666666666665,30.38,20.72,9.66,80.65541666666667,2.177083333333333,2
TNP_0009,2019-11-07,4.5772200000000005,5.01429,0.9128351172349428,25.482916666666668,29.79,20.62,9.169999999999998,83.47375000000001,1.6416666666666666,2
TNP_0009,2019-11-08,4.60595,4.9511400000000005,0.9302807030300092,25.17333333333333,27.28,22.54,4.740000000000002,86.73166666666667,1.0175,2
TNP_0009,2019-11-09,4.22376,4.92698,0.8572715943640933,26.089166666666667,29.83,22.18,7.649999999999999,81.14291666666666,1.3258333333333334,2
TNP_0009,2019-11-10,4.73759,5.25645,0.9012907951183784,25.03916666666667,30.4,20.52,9.88,79.91083333333333,2.2704166666666667,2
TNP_0009,2019-11-11,5.37446,5.523149999999999,0.9730787684564064,24.62,29.49,19.98,9.509999999999998,85.35333333333334,2.7716666666666665,2
TNP_0009,2019-11-12,5.382350000000001,5.70841,0.942880767148821,24.625833333333333,29.17,20.88,8.290000000000003,85.38666666666666,2.96625,2
TNP_0009,2019-11-13,5.18268,5.79504,0.8943303238631658,24.58333333333333,28.95,21.42,7.529999999999998,85.59333333333332,3.5058333333333334,2
TNP_0009,2019-11-14,3.40941,5.79278,0.5885619685194329,25.094583333333333,29.36,21.84,7.52,88.64208333333333,3.112083333333333,2
TNP_0009,2019-11-15,4.37203,5.83093,0.7497997746500128,25.089583333333334,29.07,22.18,6.890000000000001,88.92666666666666,2.9291666666666667,2
TNP_0009,2019-11-16,4.7264,5.69325,0.8301760857155404,24.68625,29.5,20.22,9.28,87.90166666666666,3.0683333333333334,2
TNP_0009,2019-11-17,5.65195,5.84129,0.9675859270811756,24.69875,29.19,20.09,9.1,86.38791666666667,3.775833333333333,2
TNP_0009,2019-11-18,4.648689999999999,5.809849999999999,0.8001394184015078,25.249166666666667,29.82,22.22,7.600000000000001,88.03250000000001,3.21625,2
TNP_0009,2019-11-19,4.816560000000001,5.90805,0.815253763932262,25.65333333333333,30.08,22.22,7.859999999999999,86.33291666666666,2.002083333333333,2
TNP_0009,2019-11-20,3.58367,5.7908,0.6188557712233198,25.23208333333333,28.3,23.08,5.220000000000002,90.75541666666668,3.067083333333333,2
TNP_0009,2019-11-21,3.19933,5.47031,0.5848535092161138,24.639166666666668,29.03,21.15,7.880000000000003,87.97333333333334,4.304166666666666,2
TNP_0009,2019-11-22,2.57688,5.59612,0.4604761870724717,23.51458333333333,28.24,19.92,8.319999999999997,84.89833333333333,4.345416666666667,2
TNP_0009,2019-11-23,3.68037,5.69504,0.6462412906669663,23.19708333333333,27.63,19.83,7.800000000000001,87.83375000000001,4.020416666666667,2
TNP_0009,2019-11-24,3.89272,5.53757,0.7029653801216057,23.7475,28.82,20.28,8.54,85.86291666666666,3.686666666666667,2
TNP_0009,2019-11-25,4.451149999999999,5.50516,0.8085414411206939,23.672083333333333,28.48,20.36,8.120000000000001,86.24083333333334,4.105416666666667,2
TNP_0009,2019-11-26,4.3811800000000005,5.8369800000000005,0.7505902024677145,24.05,28.56,20.35,8.209999999999997,85.26916666666666,3.920833333333333,2
TNP_0009,2019-11-27,3.83878,5.5623000000000005,0.6901425669237545,24.87708333333333,29.31,21.53,7.779999999999998,87.18708333333332,4.3254166666666665,2
TNP_0009,2019-11-28,3.4495,5.59456,0.6165811073614368,24.98125,28.33,22.69,5.639999999999997,91.19166666666666,4.099166666666666,2
TNP_0009,2019-11-29,4.12417,5.54996,0.7430990493625179,24.67333333333333,28.84,21.72,7.120000000000001,89.09583333333335,4.489166666666667,2
TNP_0009,2019-11-30,1.75135,5.3350100000000005,0.3282749235709024,25.20958333333333,28.61,21.72,6.890000000000001,91.64708333333334,4.614166666666667,2
TNP_0009,2019-12-01,1.49723,5.41265,0.2766168143146148,24.30458333333333,26.45,22.22,4.23,94.78083333333332,3.379583333333333,2
TNP_0009,2019-12-02,3.0041,5.33825,0.5627499648761297,24.390416666666667,27.42,22.19,5.23,90.45208333333332,3.455,2
TNP_0009,2019-12-03,3.52159,5.37498,0.6551819727701313,24.135416666666668,28.01,21.49,6.520000000000003,87.85083333333334,3.99,2
TNP_0009,2019-12-04,3.61866,5.144399999999999,0.7034173081408912,23.69833333333333,28.08,20.53,7.549999999999997,85.32958333333333,4.525833333333334,2
TNP_0009,2019-12-05,3.88888,4.66892,0.8329292427370784,22.77208333333333,27.26,18.99,8.270000000000003,84.515,4.538333333333333,2
TNP_0009,2019-12-06,4.20966,5.20695,0.8084694494857834,22.482916666666668,26.73,18.58,8.150000000000002,85.27666666666667,4.25375,2
TNP_0009,2019-12-07,2.02028,5.3838,0.3752516809688324,23.511666666666667,28.21,20.66,7.550000000000001,88.62374999999999,4.1000000000000005,2
TNP_0009,2019-12-08,3.96485,5.586069999999999,0.7097744926218253,23.04041666666667,27.66,19.67,7.989999999999998,87.99333333333334,3.5425,2
TNP_0009,2019-12-09,5.28429,5.85255,0.9029038624189456,22.40333333333333,27.47,18.33,9.14,85.55833333333334,3.53,2
TNP_0009,2019-12-10,4.907430000000001,5.63774,0.8704605036770054,22.39208333333333,27.43,18.24,9.19,86.62166666666667,3.24,2
TNP_0009,2019-12-11,5.52991,5.58621,0.9899216105373768,22.37333333333333,27.88,18.0,9.88,84.24125,2.98,2
TNP_0009,2019-12-12,5.10982,5.59632,0.9130678731738,23.031666666666663,28.26,18.33,9.930000000000003,86.25375000000001,2.9929166666666664,2
TNP_0009,2019-12-13,3.00754,5.45829,0.5510040690399375,23.709166666666665,28.24,19.49,8.75,87.65333333333332,2.9079166666666665,2
TNP_0009,2019-12-14,1.97085,5.42035,0.3636019814218639,23.618333333333336,28.05,20.6,7.449999999999999,89.09249999999999,3.554583333333333,2
TNP_0009,2019-12-15,4.29919,5.378439999999999,0.7993377261808258,23.09166666666667,27.91,20.02,7.890000000000001,87.35166666666667,3.2154166666666666,2
TNP_0009,2019-12-16,4.17786,5.51673,0.7573073179220299,23.574583333333333,27.9,19.94,7.959999999999997,88.29833333333333,3.62625,2
TNP_0009,2019-12-17,4.42458,5.21716,0.8480820983063583,23.045416666666668,27.64,20.15,7.490000000000002,85.50458333333334,4.270416666666667,2
TNP_0009,2019-12-18,3.99417,5.197979999999999,0.7684081123821178,23.36208333333333,28.47,20.02,8.45,86.47541666666666,4.03125,2
TNP_0009,2019-12-19,4.3468,5.31108,0.8184399406523721,23.043333333333333,27.97,19.64,8.329999999999998,86.28791666666666,3.564166666666667,2
TNP_0009,2019-12-20,3.36315,5.33863,0.629964991018295,22.96291666666667,28.02,19.16,8.86,86.49416666666667,3.12375,2
TNP_0009,2019-12-21,4.04005,5.232,0.7721808103975535,23.02208333333333,27.77,19.04,8.73,86.58541666666667,2.7920833333333337,2
TNP_0009,2019-12-22,4.773980000000001,5.30495,0.8999104609845523,22.33875,27.3,17.86,9.44,84.54166666666667,3.0395833333333333,2
TNP_0009,2019-12-23,4.10125,5.19564,0.7893637742414794,22.120833333333334,27.6,17.63,9.970000000000002,83.15375,3.0683333333333334,2
TNP_0009,2019-12-24,2.15191,5.38191,0.3998413202747723,23.284166666666668,27.88,18.72,9.16,87.45125,3.44375,2
TNP_0009,2019-12-25,2.52204,5.34375,0.471960701754386,23.255,28.27,19.26,9.009999999999998,86.02749999999999,3.1766666666666663,2
TNP_0009,2019-12-26,5.25208,5.471229999999999,0.9599450215033916,22.875833333333333,28.43,19.01,9.419999999999998,83.51625,2.334166666666667,2
TNP_0009,2019-12-27,5.27334,5.6288,0.9368497725980672,22.72458333333333,28.21,19.11,9.1,81.69208333333334,2.1641666666666666,2
TNP_0009,2019-12-28,4.88115,5.49754,0.887878942217792,22.89916666666667,28.16,18.99,9.170000000000002,84.60833333333333,2.950833333333333,2
TNP_0009,2019-12-29,4.75892,5.24687,0.9070016981552812,22.91625,27.66,19.08,8.580000000000002,85.62083333333334,3.23,2
TNP_0009,2019-12-30,3.67106,4.97146,0.7384269409791087,23.27416666666667,27.74,19.78,7.959999999999997,86.59708333333333,3.0966666666666662,2
TNP_0009,2019-12-31,3.54356,5.15978,0.6867657148172984,23.44125,28.3,20.26,8.04,86.93666666666667,3.103333333333333,2
TNP_0009,2020-01-01,2.71217,5.16234,0.5253760891378716,24.1775,29.31,20.54,8.77,88.42125,3.02125,2
TNP_0009,2020-01-02,4.44505,5.312609999999999,0.8366979695479247,24.39833333333333,29.12,21.27,7.850000000000001,86.50791666666667,2.17625,2
TNP_0009,2020-01-03,4.69962,5.42166,0.8668230763271765,24.89333333333333,30.2,21.31,8.89,84.46958333333333,2.045,2
TNP_0009,2020-01-04,5.02863,5.521310000000001,0.9107675533523746,25.374583333333334,30.45,22.0,8.45,84.13,2.11375,2
TNP_0009,2020-01-05,3.78279,5.21474,0.7254033758154769,24.89625,29.8,21.3,8.5,84.85541666666667,2.790833333333333,2
TNP_0009,2020-01-06,3.43531,5.540690000000001,0.6200148356973589,23.751666666666665,28.66,20.52,8.14,86.08999999999999,3.215,2
TNP_0009,2020-01-07,4.79994,5.60637,0.8561582628331702,23.59166666666667,28.81,20.11,8.7,85.20708333333333,3.2104166666666667,2
TNP_0009,2020-01-08,5.11141,5.62558,0.9086014242087038,22.820833333333336,28.56,18.41,10.15,81.4875,2.7891666666666666,2
TNP_0009,2020-01-09,5.53644,5.61896,0.9853140082862308,23.0275,29.56,18.49,11.07,77.70208333333333,2.1595833333333334,2
TNP_0009,2020-01-10,4.99355,5.64303,0.8849058041513159,21.825,28.14,16.82,11.32,82.13791666666667,3.2175,2
TNP_0009,2020-01-11,5.3292600000000006,5.78358,0.921446578071022,22.162916666666664,28.03,16.62,11.41,82.29958333333333,3.313333333333333,2
TNP_0009,2020-01-12,4.3634,5.39202,0.8092329034387854,22.70958333333333,28.32,18.59,9.73,82.36625,2.8395833333333336,2
TNP_0009,2020-01-13,4.95279,5.535699999999999,0.8946998572899545,22.280833333333334,29.1,18.0,11.1,72.59333333333333,2.53875,2
TNP_0009,2020-01-14,5.59092,5.70196,0.980525994570288,21.35458333333333,28.5,16.13,12.37,72.94041666666666,2.48625,2
TNP_0009,2020-01-15,5.65258,6.0133,0.940012971247069,21.88583333333333,28.11,15.88,12.23,72.63541666666667,2.63875,2
TNP_0009,2020-01-16,5.898899999999999,6.039479999999999,0.9767231615966938,22.73625,29.32,18.14,11.18,73.95916666666666,2.435,2
TNP_0009,2020-01-17,5.48621,5.90853,0.928523676785935,24.11375,30.07,18.61,11.46,81.22583333333334,2.9170833333333337,2
TNP_0009,2020-01-18,2.48863,5.64714,0.4406885609352698,24.133333333333336,29.6,20.32,9.28,83.22583333333334,3.31375,2
TNP_0009,2020-01-19,5.17954,5.80453,0.8923271996182293,23.84625,29.99,19.39,10.599999999999998,80.88458333333334,2.92125,2
TNP_0009,2020-01-20,5.88588,5.91775,0.9946145072029066,23.265416666666667,30.66,17.32,13.34,76.34541666666667,3.0079166666666666,2
TNP_0009,2020-01-21,5.46976,6.04771,0.9044349018058074,22.656666666666663,29.64,16.93,12.71,76.82333333333334,3.512916666666667,2
TNP_0009,2020-01-22,4.73616,5.88848,0.8043094312963618,23.29875,29.67,18.08,11.590000000000003,80.38041666666668,3.762083333333333,2
TNP_0009,2020-01-23,5.16953,5.88758,0.8780398737681696,22.91208333333333,30.4,16.66,13.739999999999998,78.49083333333333,3.30875,2
TNP_0009,2020-01-24,6.214510000000001,6.24098,0.9957586789254252,21.97125,30.37,15.55,14.82,72.57375,3.1195833333333334,2
TNP_0009,2020-01-25,6.31237,6.34604,0.994694329061903,22.48708333333333,30.49,15.36,15.13,64.76916666666666,2.50375,2
TNP_0009,2020-01-26,6.22981,6.26198,0.994862647277698,22.96375,31.22,16.41,14.81,70.53375,2.411666666666666,2
TNP_0009,2020-01-27,5.89181,5.9393,0.9920041082282424,23.595,31.84,16.52,15.32,74.26625,2.735,2
TNP_0009,2020-01-28,5.64191,5.84478,0.9652903958746096,24.45125,32.19,17.75,14.439999999999998,75.38041666666668,3.47125,2
TNP_0009,2020-01-29,5.8973,6.09683,0.967273156706026,24.446250000000003,32.78,18.17,14.61,73.43833333333333,2.8575,2
TNP_0009,2020-01-30,6.15095,6.19058,0.9935983381201762,24.6375,33.27,17.93,15.340000000000003,71.96625,2.66625,2
TNP_0009,2020-01-31,6.05032,6.136699999999999,0.9859240308309029,24.59958333333333,32.25,18.99,13.260000000000002,74.2775,2.7583333333333333,2
TNP_0009,2020-02-01,5.2365,5.90763,0.8863960674585241,24.71708333333333,31.79,19.85,11.939999999999998,76.72791666666667,3.029583333333333,2
TNP_0009,2020-02-02,5.615609999999999,6.06639,0.9256922156340096,24.093333333333334,31.45,18.73,12.72,72.00666666666667,3.342916666666667,2
TNP_0009,2020-02-03,5.77818,6.21617,0.9295402152772528,24.02416666666667,31.5,18.63,12.87,71.89541666666666,3.2,2
TNP_0009,2020-02-04,4.73327,6.00136,0.7886995614327419,24.295416666666668,31.83,18.59,13.239999999999998,70.24374999999999,3.1420833333333333,2
TNP_0009,2020-02-05,6.01552,6.27847,0.958118777345436,24.41,32.35,19.07,13.28,65.56333333333333,2.8125,2
TNP_0009,2020-02-06,5.96798,6.36007,0.9383513074541632,24.149583333333336,32.05,18.7,13.349999999999998,68.90833333333333,3.19625,2
TNP_0009,2020-02-07,5.78165,6.11995,0.9447217706027008,24.75208333333333,32.36,18.53,13.829999999999998,70.1025,3.4683333333333333,2
TNP_0009,2020-02-08,5.45654,5.89094,0.9262596461685232,25.344583333333333,32.64,19.12,13.52,68.5775,3.273333333333333,2
TNP_0009,2020-02-09,4.9648,5.889819999999999,0.8429459643927999,24.91583333333333,31.41,19.94,11.47,71.55916666666667,3.4775,2
TNP_0009,2020-02-10,5.21655,6.07433,0.8587860718795324,24.90375,32.18,20.04,12.14,68.68208333333332,3.999583333333333,2
TNP_0009,2020-02-11,5.07042,6.300949999999999,0.8047072266880393,24.705,32.2,18.5,13.700000000000005,67.22375,4.123333333333333,2
TNP_0009,2020-02-12,4.799939999999999,6.05639,0.7925414314467858,24.24708333333333,32.07,17.71,14.36,68.61,3.932083333333333,2
TNP_0009,2020-02-13,6.443269999999999,6.487570000000001,0.9931715573011156,24.844583333333333,33.42,17.36,16.060000000000002,67.28,3.3512500000000003,2
TNP_0009,2020-02-14,6.28466,6.33616,0.9918720486856392,24.64833333333333,34.02,16.82,17.200000000000003,64.14541666666666,2.830833333333333,2
TNP_0009,2020-02-15,6.53757,6.54386,0.9990387936172228,25.044166666666666,35.51,16.43,19.08,56.71041666666667,2.6133333333333333,2
TNP_0009,2020-02-16,6.759810000000001,6.818359999999999,0.9914128910764468,24.05875,33.77,17.28,16.490000000000002,61.3425,2.9725,2
TNP_0009,2020-02-17,6.780279999999999,6.90921,0.9813394005971738,23.860416666666666,33.2,17.67,15.53,60.305416666666666,2.69,2
TNP_0009,2020-02-18,6.79099,6.79853,0.9988909367172022,24.98875,33.63,17.43,16.200000000000003,63.43625,2.7641666666666667,2
TNP_0009,2020-02-19,6.22759,6.5976300000000005,0.9439131930708452,24.12333333333333,32.08,18.09,13.989999999999998,68.63083333333334,2.8525,2
TNP_0009,2020-02-20,6.32387,6.85162,0.9229744206479636,24.0325,33.05,16.87,16.179999999999996,66.01458333333333,3.1612500000000003,2
TNP_0009,2020-02-21,6.0347,6.73992,0.8953667105841019,24.78833333333333,33.67,16.57,17.1,66.39999999999999,3.455,2
TNP_0009,2020-02-22,5.45823,6.489310000000001,0.8411109963925286,25.312083333333334,33.18,19.51,13.669999999999998,71.14791666666666,3.9675,2
TNP_0009,2020-02-23,5.26595,6.61885,0.795598933349449,25.55666666666667,33.4,19.4,14.0,69.13041666666668,3.605833333333333,2
TNP_0009,2020-02-24,5.04698,6.45059,0.7824059504634459,26.13625,34.26,19.81,14.45,67.12958333333333,3.18375,2
TNP_0009,2020-02-25,6.17558,6.80348,0.907708995984408,27.254166666666663,35.68,20.78,14.9,65.12083333333334,3.08375,2
TNP_0009,2020-02-26,5.53253,6.47841,0.8539950389061512,27.350416666666664,35.25,21.84,13.41,66.42541666666666,2.90625,2
TNP_0009,2020-02-27,5.61067,6.2817300000000005,0.8931727406303677,27.1625,35.0,21.9,13.1,65.175,3.12875,2
TNP_0009,2020-02-28,5.1110500000000005,6.08842,0.8394706672667129,27.047083333333333,34.63,21.71,12.920000000000002,65.19291666666668,3.217083333333333,2
TNP_0009,2020-02-29,5.72595,6.27721,0.9121807299739852,27.22125,35.13,21.75,13.380000000000004,63.367916666666666,2.989583333333333,2
TNP_0009,2020-03-01,6.12524,6.532,0.9377281077770974,27.479166666666668,35.87,21.24,14.63,59.80125,3.0395833333333333,2
TNP_0009,2020-03-02,5.978890000000001,6.2079,0.963109908342596,27.856666666666666,35.98,21.0,14.979999999999997,57.24458333333333,2.4320833333333334,2
TNP_0009,2020-03-03,5.85621,6.03932,0.9696803613651868,29.26375,37.97,21.63,16.34,50.92791666666667,2.384583333333333,2
TNP_0009,2020-03-04,5.5272,5.76754,0.9583288542428834,29.10083333333333,37.37,22.11,15.259999999999998,55.44208333333333,3.0308333333333333,2
TNP_0009,2020-03-05,5.30063,5.57236,0.9512361010415696,28.344583333333333,36.53,21.78,14.75,61.22166666666666,3.7570833333333336,2
TNP_0009,2020-03-06,4.68788,5.48664,0.8544172754181064,27.932916666666667,36.04,22.53,13.509999999999998,65.0725,3.825,2
TNP_0009,2020-03-07,5.00099,5.71248,0.8754498921659244,28.10333333333333,35.28,22.74,12.540000000000004,65.74041666666666,4.016666666666667,2
TNP_0009,2020-03-08,5.94288,6.5711,0.9043965241740348,28.68583333333333,36.34,22.64,13.700000000000005,62.28916666666667,3.148333333333333,2
TNP_0009,2020-03-09,6.39313,6.84455,0.9340467963562252,28.621666666666663,37.62,22.46,15.159999999999997,59.989583333333336,3.44375,2
TNP_0009,2020-03-10,6.89304,7.06703,0.9753800394225014,28.661666666666665,38.19,21.44,16.749999999999996,57.91833333333333,3.4279166666666665,2
TNP_0009,2020-03-11,6.50741,7.12983,0.9127019858818514,28.256666666666664,37.64,21.03,16.61,57.98333333333333,3.137916666666667,2
TNP_0009,2020-03-12,6.54962,7.068890000000001,0.926541507931231,28.089583333333334,37.96,20.39,17.57,56.937916666666666,3.130416666666666,2
TNP_0009,2020-03-13,7.06713,7.16269,0.986658643610152,28.10458333333333,37.41,20.12,17.289999999999996,59.79916666666667,3.42,2
TNP_0009,2020-03-14,6.94827,7.10513,0.9779229936679554,28.490416666666665,37.64,21.56,16.080000000000002,61.92583333333334,3.594583333333333,2
TNP_0009,2020-03-15,6.94455,7.10242,0.9777723649122412,28.35875,37.16,21.95,15.209999999999996,61.45333333333334,3.6220833333333338,2
TNP_0009,2020-03-16,6.16238,7.03175,0.87636505848473,29.147916666666664,38.42,22.08,16.340000000000003,58.80083333333334,3.1466666666666665,2
TNP_0009,2020-03-17,6.841270000000001,7.2307,0.946142143914144,28.7725,38.11,21.28,16.83,57.10999999999999,3.1141666666666663,2
TNP_0009,2020-03-18,7.0055,7.226100000000001,0.9694717759233888,28.859166666666667,38.86,20.78,18.08,56.90875,3.34125,2
TNP_0009,2020-03-19,7.19938,7.25608,0.9921858634414172,29.795416666666668,39.9,20.42,19.48,55.11833333333333,3.174583333333333,2
TNP_0009,2020-03-20,6.79487,6.8811,0.987468573338565,30.52875,39.78,21.47,18.31,49.68,3.834583333333333,2
TNP_0009,2020-03-21,6.53122,6.75945,0.9662354185621612,30.14625,38.73,23.18,15.549999999999995,54.836666666666666,3.76625,2
TNP_0009,2020-03-22,6.68559,6.94996,0.9619609321492498,30.62625,39.36,22.84,16.52,51.525,3.27125,2
TNP_0009,2020-03-23,6.40424,6.77892,0.9447286588424114,29.496666666666663,38.03,22.84,15.19,53.96875,3.1908333333333334,2
TNP_0009,2020-03-24,6.83246,6.97668,0.9793282764868104,29.557916666666667,38.83,22.19,16.639999999999997,52.84791666666666,3.1375,2
TNP_0009,2020-03-25,6.77875,7.01384,0.966481984191256,29.519166666666667,38.43,21.78,16.65,54.1975,3.34375,2
TNP_0009,2020-03-26,6.90997,7.185770000000001,0.9616185878479272,29.19375,38.42,22.24,16.180000000000003,56.08583333333333,3.4225,2
TNP_0009,2020-03-27,6.75157,7.25038,0.931202226641914,28.78708333333333,38.14,20.67,17.47,52.880833333333335,3.099166666666666,2
TNP_0009,2020-03-28,7.50134,7.5303,0.9961542036837842,28.949166666666667,39.37,19.98,19.39,46.969166666666666,2.830416666666667,2
TNP_0009,2020-03-29,7.525309999999999,7.58069,0.9926945964021744,29.493333333333336,39.48,20.24,19.24,48.67916666666667,3.215,2
TNP_0009,2020-03-30,7.55576,7.56909,0.9982388900118772,29.38958333333333,38.9,20.36,18.54,45.42,3.4025,2
TNP_0009,2020-03-31,7.02039,7.31383,0.9598787502580728,30.01083333333333,39.32,21.76,17.56,49.26041666666666,3.30625,2
TNP_0009,2020-04-01,7.386319999999999,7.40641,0.9972874847598228,30.625,40.02,21.84,18.180000000000003,52.81,3.4145833333333333,2
TNP_0009,2020-04-02,7.09438,7.10929,0.9979027441558862,30.87375,40.77,22.62,18.15,54.74958333333333,3.707083333333333,2
TNP_0009,2020-04-03,6.90469,7.27005,0.9497444996939498,30.111666666666668,40.01,22.15,17.86,57.61291666666667,3.715,2
TNP_0009,2020-04-04,7.20289,7.472,0.9639842077087794,30.255416666666665,39.9,21.97,17.93,57.364583333333336,3.5866666666666664,2
TNP_0009,2020-04-05,6.24366,7.20067,0.8670943120570725,31.440416666666668,39.99,23.9,16.090000000000003,59.76708333333334,4.223333333333334,2
TNP_0009,2020-04-06,5.80199,6.78035,0.8557065638204517,31.50583333333333,40.15,25.22,14.93,58.15583333333333,3.67375,2
TNP_0009,2020-04-07,4.271,6.60703,0.6464326633903584,30.9025,36.55,25.19,11.359999999999996,54.317083333333336,3.3625000000000003,2
TNP_0009,2020-04-08,5.91141,6.6854700000000005,0.8842175643597233,32.321666666666665,40.23,25.41,14.819999999999997,50.92250000000001,3.3979166666666667,2
TNP_0009,2020-04-09,5.734310000000001,6.93938,0.8263432756240472,30.14833333333333,37.85,23.14,14.71,60.927083333333336,3.1375,2
TNP_0009,2020-04-10,6.19005,7.25838,0.8528142643399768,29.65375,37.85,22.94,14.91,60.37166666666667,3.26625,2
TNP_0009,2020-04-11,6.90179,7.04648,0.9794663434792976,29.57875,38.01,22.98,15.029999999999998,60.09916666666666,2.887916666666667,2
TNP_0009,2020-04-12,7.41459,7.46307,0.9935040137637728,30.430833333333336,39.36,22.87,16.49,52.21791666666667,2.93625,2
TNP_0009,2020-04-13,7.45374,7.46361,0.9986775836358008,30.682916666666667,40.06,22.65,17.410000000000004,50.35791666666666,3.0820833333333333,2
TNP_0009,2020-04-14,7.46543,7.52813,0.991671238408476,29.80875,39.55,21.67,17.879999999999995,53.5225,3.4104166666666664,2
TNP_0009,2020-04-15,7.58174,7.64688,0.9914814931056848,30.294583333333332,40.02,21.58,18.440000000000005,54.72291666666666,3.0516666666666663,2
TNP_0009,2020-04-16,7.44612,7.464689999999999,0.9975122878512036,30.717916666666667,39.76,22.96,16.799999999999997,58.00208333333333,3.8041666666666663,2
TNP_0009,2020-04-17,7.030810000000001,7.20164,0.9762790142245378,31.416666666666668,40.35,24.34,16.01,56.45208333333333,3.992083333333333,2
TNP_0009,2020-04-18,7.11333,7.46042,0.9534758096729138,31.52416666666667,40.33,24.67,15.659999999999997,56.99458333333333,4.0754166666666665,2
TNP_0009,2020-04-19,7.19529,7.49074,0.9605579689056088,31.124583333333334,39.86,24.37,15.489999999999998,59.248333333333335,3.85,2
TNP_0009,2020-04-20,7.4757,7.57256,0.9872090812089966,30.69375,39.89,23.07,16.82,56.69416666666667,3.577083333333333,2
TNP_0009,2020-04-21,7.46435,7.71126,0.9679805894237776,31.484166666666667,40.73,23.1,17.629999999999995,53.40625,3.38125,2
TNP_0009,2020-04-22,7.1404700000000005,7.48059,0.9545329980656606,32.03041666666667,40.95,23.97,16.980000000000004,54.99041666666667,4.220833333333333,2
TNP_0009,2020-04-23,6.75113,7.20177,0.9374264937647272,33.10583333333333,41.45,25.61,15.840000000000003,53.42291666666667,4.47625,2
TNP_0009,2020-04-24,6.22929,6.89753,0.9031189425779952,32.44,39.79,27.2,12.59,56.25291666666666,4.990833333333334,2
TNP_0009,2020-04-25,5.63958,6.63275,0.8502627115449851,31.812916666666663,38.47,26.36,12.11,62.76125,3.78,2
TNP_0009,2020-04-26,2.57941,7.158180000000001,0.3603443892162532,28.834166666666665,33.59,25.29,8.300000000000004,75.80541666666666,3.7475,2
TNP_0009,2020-04-27,6.30684,6.80841,0.9263308173273936,27.76375,32.43,24.75,7.68,78.06333333333333,1.924583333333333,2
TNP_0009,2020-04-28,5.494149999999999,6.72857,0.8165405130659263,29.265416666666667,35.3,24.73,10.569999999999997,71.90541666666667,2.2695833333333333,2
TNP_0009,2020-04-29,4.03279,6.79128,0.5938188382749644,30.304166666666664,36.68,24.85,11.829999999999998,65.75625000000001,1.6483333333333334,2
TNP_0009,2020-04-30,6.68629,7.076980000000001,0.9447942483940888,29.997083333333336,36.38,24.71,11.670000000000002,67.13416666666667,2.692916666666666,2
TNP_0009,2020-05-01,6.964899999999999,7.04425,0.9887354934875962,30.730416666666667,38.88,24.7,14.180000000000003,63.7225,2.9020833333333336,2
TNP_0009,2020-05-02,6.61984,6.75979,0.979296694128072,31.30708333333333,39.5,24.55,14.95,60.153333333333336,2.8029166666666665,2
TNP_0009,2020-05-03,6.75126,7.03952,0.9590511853080892,31.195833333333336,39.74,24.21,15.53,61.44583333333333,3.0475,2
TNP_0009,2020-05-04,6.91754,7.34695,0.9415526170723906,31.89125,40.32,24.27,16.05,60.348333333333336,3.0866666666666664,2
TNP_0009,2020-05-05,7.16943,7.359739999999999,0.9741417495726752,31.5875,39.58,25.64,13.939999999999998,59.73541666666667,3.4433333333333334,2
TNP_0009,2020-05-06,6.2130600000000005,7.26999,0.854617406626419,31.55208333333333,39.2,25.72,13.480000000000004,62.72875,3.890416666666667,2
TNP_0009,2020-05-07,5.936229999999999,7.28751,0.8145758976660065,31.74416666666667,39.13,26.09,13.040000000000004,61.54958333333334,3.5554166666666664,2
TNP_0009,2020-05-08,6.53803,7.2861,0.8973291610052017,32.30375,40.07,26.24,13.830000000000002,57.809583333333336,3.563333333333333,2
TNP_0009,2020-05-09,7.359599999999999,7.44691,0.9882756740715276,31.989166666666662,39.91,25.61,14.299999999999995,58.49541666666667,3.8241666666666663,2
TNP_0009,2020-05-10,6.70144,7.29294,0.9188941633963806,32.095,40.26,25.57,14.689999999999998,54.59125,3.7091666666666665,2
TNP_0009,2020-05-11,6.28129,7.30806,0.8595017008617882,30.863333333333333,38.14,25.58,12.560000000000002,62.98875,3.1791666666666667,2
TNP_0009,2020-05-12,5.29413,7.17116,0.7382529465246906,27.28875,32.05,22.9,9.15,72.9275,2.8120833333333333,2
TNP_0009,2020-05-13,6.761909999999999,7.40186,0.913542001605002,30.25208333333333,36.96,23.23,13.73,59.68291666666667,2.98875,2
TNP_0009,2020-05-14,6.91907,7.34294,0.9422751649884108,29.40625,36.21,23.68,12.53,69.45708333333333,2.81125,2
TNP_0009,2020-05-15,6.7452700000000005,7.41753,0.9093687521317744,30.28125,38.79,23.84,14.95,64.30749999999999,2.9066666666666667,2
TNP_0009,2020-05-16,6.18039,7.22838,0.8550173067824325,30.523333333333337,37.99,24.74,13.250000000000004,62.285833333333336,3.8020833333333335,2
TNP_0009,2020-05-17,3.98639,6.84336,0.5825194056720675,31.20958333333333,37.49,25.82,11.670000000000002,56.91041666666666,3.553333333333333,2
TNP_0009,2020-05-18,5.0176300000000005,6.55063,0.7659767075838508,31.04625,37.0,26.33,10.670000000000002,60.78416666666666,4.832083333333333,2
TNP_0009,2020-05-19,5.406890000000001,6.34951,0.8515444498866842,33.23375,39.95,26.35,13.6,47.16375,6.748333333333334,2
TNP_0009,2020-05-20,5.72661,6.67941,0.8573526703705866,34.084583333333335,42.28,27.18,15.1,44.44333333333333,4.8325000000000005,2
TNP_0009,2020-05-21,6.49358,6.87664,0.9442954698806392,33.31166666666667,41.11,27.1,14.009999999999998,46.69416666666667,4.279583333333334,2
TNP_0009,2020-05-22,6.79802,7.04634,0.9647590096418852,33.28208333333333,42.17,26.79,15.380000000000004,51.96041666666667,4.035,2
TNP_0009,2020-05-23,6.94406,6.99428,0.9928198470750386,33.05708333333333,41.35,26.79,14.560000000000002,56.47166666666666,2.86875,2
TNP_0009,2020-05-24,6.8231,6.94062,0.9830677950961152,32.22083333333333,40.03,26.59,13.44,62.385,2.94625,2
TNP_0009,2020-05-25,6.4054,6.7178,0.9534966804608652,31.421666666666667,38.57,26.67,11.9,67.08333333333333,3.223333333333333,2
TNP_0009,2020-05-26,5.95547,6.51966,0.9134632787599354,31.714166666666667,38.18,26.82,11.36,65.21416666666667,3.0370833333333334,2
TNP_0009,2020-05-27,5.68752,6.37395,0.8923069682065282,32.98708333333334,38.85,27.21,11.64,56.98916666666667,1.4941666666666666,2
TNP_0009,2020-05-28,6.61925,6.83254,0.9687832050745404,33.1475,38.98,27.59,11.389999999999995,56.32916666666667,2.4216666666666664,2
TNP_0009,2020-05-29,6.28054,6.71921,0.9347140512054244,30.335833333333337,34.79,25.82,8.969999999999999,66.18833333333333,3.0,2
TNP_0009,2020-05-30,5.82587,6.705559999999999,0.8688118516574307,31.45208333333333,38.28,25.88,12.400000000000002,60.91666666666666,3.314583333333333,2
TNP_0009,2020-05-31,6.55756,6.96935,0.940914145508548,28.905416666666667,33.48,26.14,7.339999999999996,73.37125,2.7416666666666667,2
TNP_0009,2020-06-01,5.5894,6.78359,0.8239589951633278,29.80541666666667,34.12,26.12,7.9999999999999964,69.825,2.35625,2
TNP_0009,2020-06-02,5.95197,7.10355,0.8378866904575881,28.745833333333334,32.72,25.6,7.119999999999997,66.7625,3.1308333333333334,2
TNP_0009,2020-06-03,6.58598,7.19246,0.9156783631747692,29.59708333333333,34.02,25.59,8.430000000000003,62.745000000000005,3.625833333333333,2
TNP_0009,2020-06-04,6.51726,7.1257,0.9146133011493608,30.12833333333333,34.7,25.64,9.060000000000002,60.71791666666667,3.356666666666667,2
TNP_0009,2020-06-05,6.17771,7.15808,0.8630400889624034,31.012916666666666,37.47,25.62,11.849999999999998,59.73583333333334,2.364583333333333,2
TNP_0009,2020-06-06,5.99118,6.892939999999999,0.8691762876218276,30.13416666666667,36.93,25.67,11.259999999999998,61.20541666666667,2.8058333333333336,2
TNP_0009,2020-06-07,5.413099999999999,6.93595,0.7804410354745924,31.785,38.72,25.41,13.31,51.57541666666666,2.962916666666666,2
TNP_0009,2020-06-08,6.49078,7.06385,0.9188728526228614,31.295416666666668,37.07,26.69,10.38,52.74416666666667,3.9175,2
TNP_0009,2020-06-09,5.26219,6.93016,0.759317245200688,31.496666666666663,37.31,26.62,10.69,45.17083333333333,3.2825,2
TNP_0009,2020-06-10,3.66163,7.06604,0.5182011423654551,29.64708333333333,36.27,25.88,10.390000000000004,59.88833333333333,2.919166666666667,2
TNP_0009,2020-06-11,2.89952,7.133769999999999,0.4064498855443896,28.570833333333336,34.32,24.47,9.85,66.035,5.33125,2
TNP_0009,2020-06-12,4.352180000000001,6.92399,0.6285653214403835,29.725,36.84,24.38,12.460000000000004,56.774166666666666,5.614999999999999,2
TNP_0009,2020-06-13,6.1395100000000005,6.96375,0.8816384850116676,31.69125,39.17,24.69,14.48,47.248333333333335,5.888750000000001,2
TNP_0009,2020-06-14,6.32738,7.219720000000001,0.8764024089576881,30.881666666666664,36.8,26.06,10.739999999999998,49.92958333333333,5.863333333333333,2
TNP_0009,2020-06-15,6.0752,6.99389,0.8686439163326846,32.08541666666667,38.36,26.37,11.989999999999998,51.946666666666665,3.62,2
TNP_0009,2020-06-16,6.04492,7.03842,0.8588461614964722,32.05041666666667,38.43,27.0,11.43,52.654583333333335,3.727083333333333,2
TNP_0009,2020-06-17,6.073930000000001,7.03865,0.8629396262067301,31.61875,37.52,26.7,10.820000000000004,51.81791666666667,4.1925,2
TNP_0009,2020-06-18,5.15238,6.89157,0.7476351542536752,32.35958333333333,38.62,26.58,12.04,46.91666666666666,4.149166666666667,2
TNP_0009,2020-06-19,5.88498,7.05212,0.8344979949291844,31.346666666666668,36.67,26.63,10.040000000000004,51.79541666666666,3.481666666666667,2
TNP_0009,2020-06-20,5.2997,7.04364,0.7524092656637761,31.334166666666665,37.05,26.53,10.519999999999996,48.6925,4.269166666666666,2
TNP_0009,2020-06-21,4.93329,6.97956,0.7068196275983014,31.026666666666667,37.37,26.29,11.079999999999998,52.57708333333333,3.07875,2
TNP_0009,2020-06-22,5.916,6.91863,0.8550825813781052,31.098333333333333,37.81,24.69,13.12,57.30875,3.5575,2
TNP_0009,2020-06-23,5.5496300000000005,7.21363,0.769325568403148,29.938333333333333,36.32,24.39,11.93,60.80125,2.9745833333333334,2
TNP_0009,2020-06-24,6.53334,6.9760100000000005,0.9365439556422652,29.46625,36.06,24.22,11.840000000000003,66.54291666666667,2.375,2
TNP_0009,2020-06-25,5.0151900000000005,6.84915,0.7322353868728237,28.684166666666663,34.24,24.63,9.610000000000005,70.85291666666667,2.10625,2
TNP_0009,2020-06-26,6.316269999999999,7.02857,0.8986564834667649,29.530833333333334,34.76,24.65,10.11,67.64666666666666,2.8025,2
TNP_0009,2020-06-27,6.0322700000000005,6.97233,0.8651727614728506,29.665000000000003,33.52,25.45,8.070000000000004,69.88791666666667,1.895,2
TNP_0009,2020-06-28,5.31058,6.90707,0.7688614709276147,27.565416666666668,31.86,24.67,7.189999999999998,77.95125,3.42625,2
TNP_0009,2020-06-29,4.63923,6.76158,0.6861162627669865,27.480833333333333,30.45,24.74,5.710000000000001,80.83166666666666,1.975833333333333,2
TNP_0009,2020-06-30,5.9698,7.09459,0.8414580687537969,28.44875,34.24,24.67,9.57,74.50041666666667,2.1725,2
TNP_0009,2020-07-01,3.69546,6.75212,0.5473036616647808,27.995833333333334,33.05,23.68,9.369999999999996,73.79833333333333,2.803333333333333,2
TNP_0009,2020-07-02,3.0746100000000003,6.93467,0.4433678891713665,27.41625,33.26,23.44,9.819999999999997,70.57791666666667,4.189583333333333,2
TNP_0009,2020-07-03,5.04625,7.1023000000000005,0.7105092716443968,27.7975,32.82,23.51,9.31,73.03583333333333,4.851666666666667,2
TNP_0009,2020-07-04,4.93596,6.80448,0.7253985609480812,28.387916666666666,34.99,23.81,11.180000000000003,67.875,5.2325,2
TNP_0009,2020-07-05,3.5625,6.83824,0.5209673834202952,27.66333333333333,33.53,23.06,10.470000000000002,68.88208333333334,4.583333333333333,2
TNP_0009,2020-07-06,4.46054,6.81232,0.6547754656269817,28.455416666666668,34.08,22.99,11.09,69.26666666666667,3.745416666666667,2
TNP_0009,2020-07-07,6.855689999999999,7.21867,0.949716499022673,29.35166666666667,36.08,24.14,11.939999999999998,66.29916666666666,4.161666666666666,2
TNP_0009,2020-07-08,5.94285,7.05315,0.8425809744582209,27.24291666666667,31.41,24.26,7.149999999999999,78.10708333333334,2.1391666666666667,2
TNP_0009,2020-07-09,6.39129,7.14542,0.8944596678711678,25.793333333333333,28.75,23.52,5.23,84.90708333333333,3.0229166666666667,2
TNP_0009,2020-07-10,4.54797,6.9065900000000005,0.6584971744377471,27.57166666666667,32.0,23.52,8.48,77.42916666666666,2.655,2
TNP_0009,2020-07-11,5.4313,6.9736,0.77883732935643,25.99625,28.51,23.79,4.720000000000002,81.64833333333333,2.773333333333333,2
TNP_0009,2020-07-12,6.8486,7.05651,0.9705364266471668,27.88875,31.55,24.01,7.539999999999999,79.10208333333334,2.158333333333333,2
TNP_0009,2020-07-13,4.151560000000001,6.774310000000001,0.6128387983425618,26.871666666666663,30.52,24.17,6.349999999999998,82.36916666666666,2.4933333333333336,2
TNP_0009,2020-07-14,3.93329,6.82428,0.5763670306611101,26.52958333333333,29.99,23.95,6.039999999999999,83.61833333333333,2.658333333333333,2
TNP_0009,2020-07-15,3.68181,6.87252,0.535729252152049,26.232083333333332,30.28,23.1,7.18,83.90083333333332,2.99875,2
TNP_0009,2020-07-16,3.16285,6.94003,0.4557401048698636,26.16625,30.3,23.13,7.170000000000002,83.16166666666668,2.69,2
TNP_0009,2020-07-17,4.3997,6.72498,0.6542324289440267,26.745416666666667,31.36,23.31,8.05,79.16,3.2295833333333337,2
TNP_0009,2020-07-18,4.21375,7.05774,0.5970395622394704,27.09875,31.46,23.7,7.760000000000002,79.10583333333334,1.84625,2
TNP_0009,2020-07-19,4.8159,6.68563,0.7203360042359509,26.68375,29.35,23.88,5.470000000000002,82.33708333333333,1.8854166666666667,2
TNP_0009,2020-07-20,6.0970200000000006,6.87699,0.8865826473500762,26.584166666666665,30.37,23.44,6.93,85.415,3.154583333333333,2
TNP_0009,2020-07-21,6.673520000000001,7.025810000000001,0.949857738822997,26.74208333333333,30.82,23.54,7.280000000000001,82.14333333333333,2.66625,2
TNP_0009,2020-07-22,6.24407,6.86704,0.9092811458794472,26.59625,30.2,23.61,6.59,85.12375,2.870416666666667,2
TNP_0009,2020-07-23,5.143230000000001,6.98183,0.7366592999256644,26.19083333333333,29.18,23.85,5.329999999999998,85.90249999999999,2.9287500000000004,2
TNP_0009,2020-07-24,4.95783,6.83773,0.7250695771842409,26.484583333333333,29.99,23.79,6.199999999999999,84.45791666666666,2.39875,2
TNP_0009,2020-07-25,6.068350000000001,7.18172,0.8449716780938271,26.684166666666663,30.73,23.03,7.699999999999999,78.74875,1.919166666666667,2
TNP_0009,2020-07-26,6.498069999999999,7.15277,0.9084690266847668,26.890416666666667,30.91,23.06,7.850000000000001,78.11833333333333,3.1320833333333336,2
TNP_0009,2020-07-27,5.95016,6.95325,0.8557379642613167,27.454166666666666,32.0,22.98,9.02,75.83666666666666,3.155,2
TNP_0009,2020-07-28,6.22617,7.0326,0.8853297500213292,26.419583333333332,29.35,24.05,5.300000000000001,83.62416666666667,2.59875,2
TNP_0009,2020-07-29,1.84706,6.93509,0.2663354044432012,26.691666666666663,29.76,23.72,6.040000000000003,83.59833333333333,1.2983333333333331,2
TNP_0009,2020-07-30,6.44576,7.13721,0.9031204069937692,27.145416666666662,31.33,23.71,7.619999999999997,82.70208333333333,2.085833333333333,2
TNP_0009,2020-07-31,6.5038800000000005,6.98599,0.9309890223146612,27.575,31.78,23.8,7.98,80.97500000000001,2.804583333333333,2
TNP_0009,2020-08-01,4.6275,7.13134,0.6488962803624565,26.16583333333333,29.88,23.41,6.469999999999999,86.06916666666666,2.679583333333333,2
TNP_0009,2020-08-02,5.15266,6.87334,0.7496588267130682,25.8025,29.5,22.99,6.510000000000002,86.00666666666666,3.776666666666667,2
TNP_0009,2020-08-03,3.33914,6.813770000000001,0.4900576332925824,26.375,30.32,22.8,7.52,82.53916666666667,4.17375,2
TNP_0009,2020-08-04,3.99175,6.926769999999999,0.5762786984409761,25.786666666666665,30.4,22.23,8.169999999999998,76.94291666666668,5.721666666666667,2
TNP_0009,2020-08-05,4.667260000000001,6.85492,0.6808627963564856,26.8225,32.69,22.34,10.349999999999998,74.13125000000001,6.591666666666666,2
TNP_0009,2020-08-06,5.03596,6.81053,0.7394373125145914,27.825,33.17,22.65,10.520000000000003,79.27416666666666,4.075833333333333,2
TNP_0009,2020-08-07,5.2968,6.74998,0.7847134361879591,27.930000000000003,32.92,23.82,9.1,78.56666666666666,3.6329166666666666,2
TNP_0009,2020-08-08,4.95546,6.938650000000001,0.7141821535889546,27.15375,31.98,23.62,8.36,78.99958333333333,3.83,2
TNP_0009,2020-08-09,2.98298,6.68315,0.446343415904177,25.847916666666663,29.67,22.49,7.180000000000003,82.07416666666667,4.234166666666667,2
TNP_0009,2020-08-10,4.95494,6.69151,0.7404815953349841,26.837083333333336,32.43,22.38,10.05,80.2275,3.439166666666667,2
TNP_0009,2020-08-11,5.40902,6.6722600000000005,0.81067284548264,27.530833333333334,33.4,23.03,10.369999999999996,77.33,3.776666666666667,2
TNP_0009,2020-08-12,4.39613,6.74412,0.6518463491159707,27.232916666666668,31.88,22.91,8.969999999999999,77.08541666666666,3.943333333333333,2
TNP_0009,2020-08-13,3.85302,6.64941,0.5794529138675462,27.10625,32.68,23.1,9.579999999999998,77.82958333333333,3.861666666666667,2
TNP_0009,2020-08-14,3.83518,6.50312,0.5897446148925438,27.57708333333333,33.42,22.73,10.69,74.97166666666666,4.14375,2
TNP_0009,2020-08-15,3.39044,6.74932,0.5023380133109706,27.29208333333333,32.98,22.63,10.349999999999998,75.88208333333334,4.019583333333333,2
TNP_0009,2020-08-16,3.96315,6.699050000000001,0.5915988087863204,27.90125,33.76,23.18,10.579999999999998,76.03750000000001,3.5104166666666665,2
TNP_0009,2020-08-17,5.21777,6.68519,0.780496889392822,27.72791666666667,32.42,23.75,8.670000000000002,78.45375,3.2854166666666664,2
TNP_0009,2020-08-18,4.327649999999999,6.606649999999999,0.6550445384574632,28.03,32.54,23.74,8.8,78.12666666666667,3.06,2
TNP_0009,2020-08-19,4.78368,6.8975100000000005,0.6935372330014744,28.02833333333333,33.71,23.63,10.080000000000002,76.50291666666666,3.587916666666666,2
TNP_0009,2020-08-20,4.2507,6.64229,0.6399449587416388,27.812083333333334,32.63,23.58,9.050000000000004,76.93375,3.225,2
TNP_0009,2020-08-21,5.73141,6.74653,0.8495345014399994,28.04875,33.39,23.31,10.080000000000002,76.51083333333334,2.4166666666666665,2
TNP_0009,2020-08-22,5.26129,6.74213,0.7803602125737711,27.74625,32.27,23.92,8.350000000000001,79.31041666666667,1.9254166666666668,2
TNP_0009,2020-08-23,4.355060000000001,6.81102,0.639413773561082,27.155,30.8,24.1,6.699999999999999,81.50791666666667,1.7108333333333334,2
TNP_0009,2020-08-24,5.35411,6.95471,0.7698538113019808,26.25375,29.77,23.45,6.32,84.62875000000001,2.058333333333333,2
TNP_0009,2020-08-25,4.30903,6.68508,0.6445741860979973,26.902083333333334,30.91,23.39,7.52,83.39958333333334,1.7354166666666666,2
TNP_0009,2020-08-26,4.89381,6.72454,0.7277538686661095,26.84875,29.98,23.96,6.02,83.45375,1.7945833333333334,2
TNP_0009,2020-08-27,5.693,6.7043,0.849156511492624,26.8575,30.36,23.38,6.98,80.44166666666666,2.13125,2
TNP_0009,2020-08-28,6.5059,6.9042200000000005,0.942307748014982,28.21333333333333,32.89,23.25,9.64,73.18208333333332,2.1629166666666664,2
TNP_0009,2020-08-29,6.47711,6.82378,0.9491967794975804,27.976666666666663,32.48,23.82,8.659999999999997,78.46249999999999,1.7879166666666666,2
TNP_0009,2020-08-30,6.0730900000000005,6.79252,0.894084964048689,27.51375,31.1,24.49,6.610000000000003,82.2275,2.0075,2
TNP_0009,2020-08-31,5.61513,6.9408,0.809003284923928,27.30333333333333,30.58,24.54,6.039999999999999,82.08541666666666,2.142916666666667,2
TNP_0009,2020-09-01,5.102309999999999,6.77337,0.7532897213646972,25.4575,27.98,23.1,4.879999999999999,90.50208333333336,2.8641666666666663,2
TNP_0009,2020-09-02,4.17218,6.75141,0.6179716533287121,26.430833333333336,30.33,23.09,7.239999999999998,82.80041666666666,1.475,2
TNP_0009,2020-09-03,5.5255,6.80534,0.8119359209091683,26.317083333333333,30.25,23.31,6.940000000000001,84.16208333333333,1.8629166666666668,2
TNP_0009,2020-09-04,4.89419,6.90102,0.7091980605765524,27.156666666666663,31.34,23.92,7.419999999999998,82.79333333333334,1.79875,2
TNP_0009,2020-09-05,4.89149,7.00366,0.6984191122927156,26.718333333333334,30.72,23.83,6.890000000000001,84.18791666666667,1.9920833333333332,2
TNP_0009,2020-09-06,5.54216,6.81247,0.8135316559192187,26.62208333333333,30.53,23.63,6.900000000000002,85.87958333333334,2.049166666666667,2
TNP_0009,2020-09-07,5.30542,6.84833,0.7747027377477429,27.026666666666667,30.97,23.59,7.379999999999999,84.53791666666667,2.0066666666666664,2
TNP_0009,2020-09-08,5.74314,6.85373,0.8379583088332924,27.1825,31.93,23.54,8.39,81.43083333333333,2.0104166666666665,2
TNP_0009,2020-09-09,4.23214,6.8093,0.6215235046186832,27.11375,31.39,23.45,7.940000000000001,83.10166666666667,2.5629166666666667,2
TNP_0009,2020-09-10,4.22714,6.78755,0.6227784694035403,26.422083333333333,30.33,23.17,7.159999999999997,84.8125,2.7175,2
TNP_0009,2020-09-11,4.45145,6.964,0.6392087880528431,25.762083333333333,28.85,23.04,5.810000000000002,85.49833333333333,3.4370833333333333,2
TNP_0009,2020-09-12,2.92586,6.797149999999999,0.4304539402543714,25.749166666666667,30.34,21.92,8.419999999999998,83.60666666666667,3.33625,2
TNP_0009,2020-09-13,3.01142,6.7585,0.4455752015979877,24.859166666666667,29.72,21.46,8.259999999999998,83.72625000000001,3.5829166666666663,2
TNP_0009,2020-09-14,3.88096,6.77049,0.5732170049730522,25.300416666666667,29.96,21.45,8.510000000000002,81.85000000000001,4.189583333333333,2
TNP_0009,2020-09-15,4.11436,6.78585,0.6063146105498942,26.391666666666666,30.79,21.63,9.16,82.08083333333333,2.674166666666667,2
TNP_0009,2020-09-16,4.97174,6.91363,0.7191215034648946,26.418333333333333,31.36,22.91,8.45,83.51833333333333,2.9975,2
TNP_0009,2020-09-17,4.41961,6.70675,0.6589793864390352,27.030833333333334,32.35,22.95,9.400000000000002,79.64791666666666,3.169583333333333,2
TNP_0009,2020-09-18,4.09855,6.86972,0.5966109244627147,26.84583333333333,31.82,22.8,9.02,82.1225,4.107083333333333,2
TNP_0009,2020-09-19,3.06352,6.891769999999999,0.444518606976147,25.859166666666667,30.06,22.42,7.639999999999997,85.75208333333335,3.333333333333333,2
TNP_0009,2020-09-20,2.71899,6.757479999999999,0.4023674505880891,24.80958333333333,28.99,21.92,7.069999999999997,83.26583333333333,5.0216666666666665,2
TNP_0009,2020-09-21,3.81639,6.65495,0.573466367140249,25.37625,29.83,21.83,8.0,79.25625000000001,4.617500000000001,2
TNP_0009,2020-09-22,5.64537,6.70831,0.8415487656354581,25.16,31.25,20.19,11.06,76.03375,4.7,2
TNP_0009,2020-09-23,6.813359999999999,6.98504,0.975421758501025,26.745,32.63,20.0,12.630000000000004,75.2925,3.79875,2
TNP_0009,2020-09-24,6.37661,6.8602300000000005,0.9295038213004518,26.94875,31.92,22.67,9.25,78.66208333333334,2.77125,2
TNP_0009,2020-09-25,4.43737,6.60798,0.6715168629445003,25.135416666666668,28.86,22.64,6.219999999999999,87.26166666666667,3.1625,2
TNP_0009,2020-09-26,4.0148,6.47815,0.6197448345592491,24.8025,28.68,21.91,6.77,85.14375,3.018333333333333,2
TNP_0009,2020-09-27,4.57942,6.67326,0.6862343142631937,26.615,30.87,21.75,9.12,79.1975,2.214166666666667,2
TNP_0009,2020-09-28,5.25462,6.62248,0.7934519998550391,27.05541666666667,31.04,23.27,7.77,80.44375000000001,2.189583333333333,2
TNP_0009,2020-09-29,4.965019999999999,6.064640000000001,0.8186833843393835,26.22458333333333,30.13,23.1,7.029999999999998,84.70916666666666,1.8179166666666668,2
TNP_0009,2020-09-30,3.89276,6.172140000000001,0.6306985907643052,25.784166666666668,29.13,23.08,6.050000000000001,86.67041666666667,2.606666666666667,2
TNP_0009,2020-10-01,4.558,6.41455,0.7105720588349923,25.89833333333333,30.55,21.88,8.670000000000002,80.21333333333334,3.764166666666666,2
TNP_0009,2020-10-02,5.8728,6.18963,0.9488127723304948,27.61625,32.46,21.73,10.73,75.33333333333333,2.3204166666666666,2
TNP_0009,2020-10-03,5.29321,6.1698900000000005,0.8579099465306512,26.812083333333334,31.39,23.37,8.02,82.41541666666667,3.29875,2
TNP_0009,2020-10-04,4.24046,6.36837,0.665862693279442,25.59708333333333,30.82,21.84,8.98,79.3525,4.754166666666666,2
TNP_0009,2020-10-05,5.78268,6.39223,0.9046420419790904,26.57041666666667,32.83,21.21,11.619999999999996,75.04333333333334,4.265416666666667,2
TNP_0009,2020-10-06,6.1284,6.30828,0.9714850957788812,27.519166666666667,32.98,21.09,11.889999999999995,75.9775,2.595,2
TNP_0009,2020-10-07,5.7994,6.13267,0.9456566226456012,27.64916666666667,32.76,23.12,9.639999999999995,79.2975,2.231666666666667,2
TNP_0009,2020-10-08,5.52909,5.79966,0.9533472651845109,26.942083333333333,30.42,23.46,6.960000000000001,80.57875,1.4875,2
TNP_0009,2020-10-09,4.89257,5.79207,0.844701462516855,26.054166666666664,29.51,22.74,6.770000000000003,86.00416666666666,1.7866666666666668,2
TNP_0009,2020-10-10,4.34307,6.22189,0.6980306627085981,25.914583333333336,29.24,22.59,6.649999999999999,87.19958333333334,1.6870833333333335,2
TNP_0009,2020-10-11,3.75999,6.3510100000000005,0.5920302440084332,25.185,28.15,22.57,5.579999999999998,87.07166666666666,2.73625,2
TNP_0009,2020-10-12,4.77232,6.0553,0.7881228015127244,25.84208333333333,30.54,22.4,8.14,85.11416666666666,2.71625,2
TNP_0009,2020-10-13,4.96654,6.30007,0.7883309233072014,25.44666666666667,29.58,21.84,7.739999999999998,84.77458333333334,4.260833333333333,2
TNP_0009,2020-10-14,5.631609999999999,6.18041,0.9112033020463044,25.937916666666663,31.53,21.59,9.94,79.55333333333333,4.221666666666667,2
TNP_0009,2020-10-15,5.91708,6.2890500000000005,0.940854342070742,25.640833333333333,29.72,21.68,8.04,80.20625,3.15,2
TNP_0009,2020-10-16,5.89733,6.06382,0.9725437100705496,27.285833333333333,32.09,22.13,9.960000000000004,79.16958333333334,1.544166666666667,2
TNP_0009,2020-10-17,3.62276,5.79699,0.62493811443525,25.10458333333333,28.16,22.2,5.960000000000001,90.24333333333334,1.6408333333333334,2
TNP_0009,2020-10-18,1.50327,5.63492,0.2667775230171856,25.845,29.27,22.14,7.129999999999999,82.68416666666667,1.7895833333333335,2
TNP_0009,2020-10-19,3.80824,6.00527,0.6341496718715394,25.895,28.78,22.87,5.91,86.33583333333333,1.872083333333333,2
TNP_0009,2020-10-20,2.34432,5.771439999999999,0.4061932550628613,25.602083333333336,28.99,22.76,6.229999999999997,86.5575,2.1183333333333336,2
TNP_0009,2020-10-21,4.03164,5.96853,0.6754829078516821,25.28125,29.46,22.32,7.140000000000001,84.89291666666666,2.209583333333333,2
TNP_0009,2020-10-22,4.98286,6.14779,0.8105123955112324,26.35375,30.33,22.13,8.2,84.50083333333333,1.4983333333333333,2
TNP_0009,2020-10-23,4.3277600000000005,5.96403,0.7256435665145884,26.020416666666662,29.42,22.97,6.450000000000003,87.0575,1.81875,2
TNP_0009,2020-10-24,4.04398,5.58569,0.7239893370380384,25.99125,29.95,23.2,6.75,85.61333333333333,2.21,2
TNP_0009,2020-10-25,4.362,5.59368,0.7798086411807612,26.182916666666667,30.31,22.2,8.11,83.14208333333333,1.54875,2
TNP_0009,2020-10-26,5.37688,5.5923,0.96147917672514,25.328333333333333,30.32,21.3,9.02,84.51166666666667,2.4208333333333334,2
TNP_0009,2020-10-27,4.91698,5.4373000000000005,0.9043054457175436,24.894583333333333,29.94,20.83,9.110000000000005,84.34833333333333,2.8779166666666662,2
TNP_0009,2020-10-28,5.07354,5.651680000000001,0.8977047532769017,24.67333333333333,28.89,20.72,8.170000000000002,85.28166666666667,3.47125,2
TNP_0009,2020-10-29,2.91956,5.55305,0.5257579168204861,23.871666666666663,27.36,20.88,6.48,87.34375,3.3937500000000003,2
TNP_0009,2020-10-30,4.80588,5.76168,0.8341108843254051,24.67083333333333,29.75,20.45,9.3,76.97625000000001,2.717916666666667,2
TNP_0009,2020-10-31,5.67604,5.72415,0.9915952586846954,25.18208333333333,30.77,20.28,10.489999999999998,77.64666666666666,2.34125,2
TNP_0009,2020-11-01,5.519430000000001,5.57354,0.9902916279420262,25.52125,30.46,20.66,9.8,80.96916666666667,2.03125,2
TNP_0009,2020-11-02,5.25824,5.44003,0.9665829048736864,25.707916666666662,30.69,21.21,9.48,83.88208333333334,2.1366666666666667,2
TNP_0009,2020-11-03,4.99528,5.43762,0.9186519102107172,25.855833333333333,30.65,21.6,9.049999999999995,84.57333333333334,2.56125,2
TNP_0009,2020-11-04,3.85154,5.18186,0.7432736507740465,25.530833333333334,29.27,22.3,6.969999999999999,88.44375000000001,2.5866666666666664,2
TNP_0009,2020-11-05,4.5999300000000005,5.967239999999999,0.7708639169867478,25.390416666666667,29.76,22.03,7.73,87.69583333333333,2.4879166666666666,2
TNP_0009,2020-11-06,4.62505,6.04997,0.7644748651646206,25.36708333333333,29.31,21.86,7.449999999999999,88.63208333333334,2.2358333333333333,2
TNP_0009,2020-11-07,5.237139999999999,6.113300000000001,0.8566796983625863,25.87708333333333,29.76,22.59,7.170000000000002,87.57875,3.0654166666666662,2
TNP_0009,2020-11-08,3.64503,5.40046,0.6749480599800758,24.675,29.32,20.17,9.15,85.47458333333333,3.987083333333333,2
TNP_0009,2020-11-09,5.5894200000000005,5.78317,0.9664976129008832,23.416666666666668,29.38,17.87,11.509999999999998,81.85375,3.898333333333333,2
TNP_0009,2020-11-10,5.3830100000000005,6.06105,0.8881315943607132,22.800416666666667,28.37,17.55,10.82,78.43333333333334,4.050416666666666,2
TNP_0009,2020-11-11,3.8274,5.639279999999999,0.67870366429757,24.46875,28.15,19.39,8.759999999999998,87.00541666666668,4.395833333333333,2
TNP_0009,2020-11-12,4.28698,5.855729999999999,0.7321000114417844,24.890833333333333,27.36,23.22,4.140000000000001,92.69125,3.3920833333333333,2
TNP_0009,2020-11-13,1.91486,5.78879,0.330787608463945,24.849166666666665,28.16,22.46,5.699999999999999,90.93125,3.4433333333333334,2
TNP_0009,2020-11-14,5.077190000000001,5.84825,0.8681554311118712,25.11958333333333,29.25,22.46,6.789999999999999,87.71,4.3933333333333335,2
TNP_0009,2020-11-15,2.6373200000000003,5.80158,0.4545865091923236,25.21625,27.36,23.4,3.960000000000001,94.27541666666669,3.837916666666666,2
TNP_0009,2020-11-16,1.2769,5.74154,0.222396778564636,23.93208333333333,26.13,21.68,4.449999999999999,94.26916666666666,2.8008333333333333,2
TNP_0009,2020-11-17,4.08035,5.52337,0.7387428327271214,24.90083333333333,28.74,21.59,7.149999999999999,89.90583333333335,2.9454166666666666,2
TNP_0009,2020-11-18,4.52801,5.68501,0.7964823280873736,24.79625,29.09,21.75,7.34,88.37208333333332,2.3904166666666664,2
TNP_0009,2020-11-19,4.60092,5.6843,0.8094083704237989,24.52208333333333,28.84,21.1,7.739999999999998,87.59208333333333,2.735,2
TNP_0009,2020-11-20,5.28001,5.95938,0.8859998858941701,23.549166666666665,29.13,17.59,11.54,84.78208333333333,2.560833333333333,2
TNP_0009,2020-11-21,6.07021,6.108269999999999,0.9937691031994332,22.44833333333333,28.24,17.02,11.22,81.33333333333333,2.349166666666666,2
TNP_0009,2020-11-22,5.19867,5.86978,0.885666924484393,21.84708333333333,27.79,16.19,11.599999999999998,83.97500000000001,2.6016666666666666,2
TNP_0009,2020-11-23,3.99895,5.35147,0.7472619672725438,23.17333333333333,28.21,17.59,10.62,85.87958333333334,3.7920833333333337,2
TNP_0009,2020-11-24,2.29049,5.19155,0.4411957893114772,23.941666666666663,27.07,21.02,6.050000000000001,91.12875,5.932916666666666,2
TNP_0009,2020-11-25,0.6828,5.58819,0.1221862535096337,24.026666666666667,26.57,22.78,3.789999999999999,90.74,7.994583333333334,2
TNP_0009,2020-11-26,1.2646,5.575189999999999,0.2268263503127248,24.100416666666664,25.94,21.53,4.41,94.03041666666668,7.074583333333333,2
TNP_0009,2020-11-27,3.82385,5.42366,0.7050312888344771,23.61875,26.12,21.33,4.790000000000003,91.71666666666664,3.12375,2
TNP_0009,2020-11-28,3.77783,5.47705,0.6897563469385891,24.15625,27.85,21.19,6.66,89.23166666666667,2.595833333333333,2
TNP_0009,2020-11-29,4.1082,5.62649,0.7301532571816532,23.766666666666666,26.99,20.9,6.09,91.73333333333332,3.5066666666666664,2
TNP_0009,2020-11-30,3.88041,5.643689999999999,0.6875661136596801,23.6825,28.17,20.4,7.770000000000003,87.88,4.260416666666667,2
TNP_0009,2020-12-01,4.27637,5.72965,0.7463579799813252,23.1075,27.55,20.06,7.490000000000002,84.71916666666667,4.585,2
TNP_0009,2020-12-02,1.93066,5.54388,0.348250683636731,23.54583333333333,27.29,19.88,7.41,88.545,5.914583333333333,2
TNP_0009,2020-12-03,1.84585,5.34498,0.3453427328072322,24.21666666666667,26.25,22.23,4.02,95.53333333333336,4.595833333333333,2
TNP_0009,2020-12-04,1.1422,5.390680000000001,0.2118842149784442,23.629583333333333,25.28,22.25,3.030000000000001,94.76125,4.489583333333333,2
TNP_0009,2020-12-05,1.98795,5.3977,0.3682957555996073,23.96375,26.72,22.2,4.52,93.27291666666667,4.4245833333333335,2
TNP_0009,2020-12-06,3.45363,5.50012,0.6279190272212243,24.13875,27.02,22.23,4.789999999999999,92.295,3.8229166666666665,2
TNP_0009,2020-12-07,3.0613,5.42204,0.5646029907562468,24.402916666666663,27.74,22.25,5.489999999999998,91.935,3.9141666666666666,2
TNP_0009,2020-12-08,3.9239,5.4683,0.7175721887972496,24.11125,27.47,21.96,5.509999999999998,91.40958333333332,2.9333333333333336,2
TNP_0009,2020-12-09,2.98964,5.40459,0.5531668452186013,22.657916666666665,27.18,18.08,9.1,90.66833333333334,3.375,2
TNP_0009,2020-12-10,5.31309,5.43546,0.9774867260544644,21.66875,26.65,17.44,9.209999999999996,86.25625000000001,2.4566666666666666,2
TNP_0009,2020-12-11,5.3419,5.46084,0.9782194680671836,21.422916666666666,26.4,17.19,9.209999999999996,84.49625,2.735,2
TNP_0009,2020-12-12,4.87712,5.2814700000000006,0.9234398756406832,21.703333333333333,26.78,17.14,9.64,81.615,2.658333333333333,2
TNP_0009,2020-12-13,4.94307,5.30443,0.9318758094649188,22.00208333333333,27.19,17.31,9.880000000000004,79.89666666666666,2.3095833333333333,2
TNP_0009,2020-12-14,5.0731,5.47241,0.9270321485415018,21.982916666666668,26.67,17.76,8.91,80.22125,2.4129166666666664,2
TNP_0009,2020-12-15,4.272069999999999,5.07571,0.8416694413195395,22.535833333333333,26.87,17.58,9.290000000000004,86.99000000000001,3.484583333333333,2
TNP_0009,2020-12-16,1.53852,4.8577,0.3167177882537003,23.35,26.87,20.09,6.780000000000001,90.15416666666664,4.232916666666667,2
TNP_0009,2020-12-17,2.7214,5.02252,0.541839554645875,22.86583333333333,25.99,20.41,5.579999999999998,92.47875,3.8716666666666666,2
TNP_0009,2020-12-18,3.24192,5.08183,0.6379434180206737,22.831666666666667,27.28,19.9,7.380000000000003,88.01083333333334,3.852083333333333,2
TNP_0009,2020-12-19,3.56474,4.31763,0.8256242429295702,22.5225,26.99,19.15,7.84,89.40083333333332,3.889583333333333,2
TNP_0009,2020-12-20,4.26998,5.06501,0.8430348607406501,21.23875,26.35,16.81,9.540000000000004,86.43708333333335,4.0304166666666665,2
TNP_0009,2020-12-21,4.73536,5.5708,0.8500323113376893,20.24875,25.47,16.05,9.419999999999998,84.51291666666667,3.641666666666667,2
TNP_0009,2020-12-22,4.66892,5.33464,0.8752080740218646,20.354166666666668,25.81,15.84,9.97,85.50458333333334,3.1029166666666668,2
TNP_0009,2020-12-23,4.95323,5.26045,0.9415981522493324,20.82375,26.17,16.13,10.040000000000004,84.92416666666666,2.7416666666666667,2
TNP_0009,2020-12-24,4.94615,5.25576,0.941091297928368,21.172083333333333,26.65,16.66,9.989999999999998,87.26541666666667,2.9591666666666665,2
TNP_0009,2020-12-25,5.1654800000000005,5.4983900000000006,0.9394531853869952,20.754166666666663,26.5,16.34,10.16,85.45083333333334,2.989583333333333,2
TNP_0009,2020-12-26,5.03407,5.35715,0.9396918137442484,20.61125,26.4,16.18,10.22,85.145,3.2725000000000004,2
TNP_0009,2020-12-27,5.37142,5.48904,0.978571844985644,20.825416666666666,26.77,16.06,10.71,86.02416666666666,3.502083333333333,2
TNP_0009,2020-12-28,4.93969,5.34995,0.923315171169824,20.776666666666667,26.02,16.11,9.91,86.29291666666667,3.10375,2
TNP_0009,2020-12-29,2.67366,5.07672,0.5266510660426417,22.106666666666666,26.42,17.69,8.73,86.99333333333334,3.547916666666667,2
TNP_0009,2020-12-30,3.00814,5.32537,0.564869671027553,22.96333333333333,27.16,19.56,7.600000000000001,88.96625,4.2595833333333335,2
TNP_0009,2020-12-31,3.55871,5.20771,0.6833541038191452,22.334166666666665,27.09,18.67,8.419999999999998,90.01708333333333,4.279166666666667,2
TNP_0009,2021-01-01,3.96016,4.90309,0.8076865813191273,21.35125,25.99,18.45,7.539999999999999,86.79041666666666,3.547083333333333,2
TNP_0009,2021-01-02,1.97102,5.24197,0.3760074933660436,22.23875,26.28,18.51,7.77,88.89125,4.089583333333334,2
TNP_0009,2021-01-03,2.04442,5.3498,0.382148865378145,22.941666666666663,27.6,19.53,8.07,88.54916666666666,4.039166666666667,2
TNP_0009,2021-01-04,3.57843,5.44612,0.6570604393586628,23.20125,27.61,19.74,7.870000000000001,88.62958333333334,3.4958333333333336,2
TNP_0009,2021-01-05,1.61048,5.46786,0.2945357050107354,23.24625,25.99,21.19,4.799999999999997,94.99541666666666,2.911666666666666,2
TNP_0009,2021-01-06,2.09839,5.34974,0.3922414921098969,23.732916666666668,26.29,21.45,4.84,94.31166666666668,2.867083333333333,2
TNP_0009,2021-01-07,2.86436,5.41076,0.529382193998625,23.537916666666664,27.0,20.97,6.030000000000001,92.00333333333332,3.0416666666666665,2
TNP_0009,2021-01-08,2.95849,5.52038,0.5359214401907114,24.21666666666667,28.35,20.93,7.420000000000002,90.55833333333334,3.0629166666666667,2
TNP_0009,2021-01-09,3.62614,5.386550000000001,0.6731841345573697,23.354166666666668,26.81,21.18,5.629999999999999,89.18333333333334,3.0500000000000003,2
TNP_0009,2021-01-10,3.1500700000000004,5.2988800000000005,0.5944784558246271,23.54083333333333,27.94,21.18,6.760000000000002,89.73583333333333,3.4804166666666667,2
TNP_0009,2021-01-11,3.41482,5.43588,0.6282000338491652,23.3775,27.03,20.95,6.080000000000002,90.68375,3.7679166666666655,2
TNP_0009,2021-01-12,2.53294,5.24212,0.4831900070963656,23.1075,26.85,20.09,6.760000000000002,89.03041666666667,4.189583333333333,2
TNP_0009,2021-01-13,3.92799,5.04634,0.7783839376657142,22.847916666666663,27.89,19.32,8.57,87.70583333333333,3.484583333333333,2
TNP_0009,2021-01-14,3.1488,5.50941,0.5715312528927781,22.582083333333333,27.2,19.38,7.82,89.54833333333333,3.452083333333333,2
TNP_0009,2021-01-15,4.554279999999999,5.62547,0.8095821326929127,22.24458333333333,27.64,17.7,9.94,86.65833333333335,2.8825,2
TNP_0009,2021-01-16,5.24142,5.7282,0.9150204252644808,21.96083333333333,27.76,17.52,10.240000000000002,82.10833333333333,2.2608333333333333,2
TNP_0009,2021-01-17,5.10238,5.54371,0.9203908573861188,21.3825,27.14,17.04,10.1,83.51166666666667,2.709583333333333,2
TNP_0009,2021-01-18,5.49452,5.87517,0.9352103854016138,21.787916666666664,27.2,16.88,10.32,83.20375,3.099166666666666,2
TNP_0009,2021-01-19,5.12271,5.6664200000000005,0.9040469996929276,21.595416666666665,27.37,17.4,9.970000000000002,85.48333333333333,2.8766666666666665,2
TNP_0009,2021-01-20,3.59708,5.70769,0.6302164273112241,22.87875,28.75,17.58,11.170000000000002,82.88958333333333,2.5658333333333334,2
TNP_0009,2021-01-21,5.18109,5.78779,0.8951758788760477,24.220416666666665,29.68,19.03,10.65,84.7175,1.8170833333333332,2
TNP_0009,2021-01-22,4.98399,5.67945,0.8775480020072365,23.520416666666662,28.9,19.19,9.709999999999996,86.26791666666666,2.2891666666666666,2
TNP_0009,2021-01-23,4.93438,5.56912,0.8860250811618353,22.88583333333333,28.4,19.0,9.4,82.86208333333333,2.0025,2
TNP_0009,2021-01-24,5.60544,5.86717,0.9553907590882827,21.82375,27.97,16.99,10.98,79.39,2.1075,2
TNP_0009,2021-01-25,5.91359,6.011340000000001,0.9837390664976527,22.12875,27.81,17.57,10.239999999999998,76.69458333333334,1.7041666666666666,2
TNP_0009,2021-01-26,6.0032,6.1851,0.970590612924609,21.611666666666665,27.67,17.21,10.46,75.78875000000001,2.1575,2
TNP_0009,2021-01-27,5.18673,5.75616,0.9010746747831888,21.72583333333333,27.29,16.74,10.55,82.74791666666667,2.232083333333333,2
TNP_0009,2021-01-28,4.6322,5.75794,0.8044891054786956,22.145,27.51,17.69,9.82,83.22541666666667,2.9341666666666666,2
TNP_0009,2021-01-29,4.38751,5.3295,0.8232498358194952,22.16708333333333,28.02,17.63,10.39,79.14625,3.00625,2
TNP_0009,2021-01-30,5.47383,5.72816,0.9556000530711432,22.42625,28.53,17.23,11.3,82.16625,2.7516666666666665,2
TNP_0009,2021-01-31,5.93487,6.19603,0.9578504300334248,21.75583333333333,28.51,16.36,12.150000000000002,82.6975,3.2291666666666665,2
TNP_0009,2021-02-01,5.88876,6.21781,0.9470794379371515,22.140416666666667,28.21,16.15,12.060000000000002,82.55166666666666,3.4616666666666664,2
TNP_0009,2021-02-02,5.07247,5.64581,0.8984485839941478,22.299166666666665,28.13,17.54,10.59,83.77875,3.235,2
TNP_0009,2021-02-03,5.324409999999999,5.93512,0.8971023332299937,22.045,27.89,17.57,10.32,79.28666666666668,3.280416666666667,2
TNP_0009,2021-02-04,5.69076,5.992979999999999,0.9495709980677394,21.313333333333333,27.85,15.96,11.89,76.51583333333333,3.1279166666666662,2
TNP_0009,2021-02-05,6.035690000000001,6.05931,0.9961018663841265,21.06958333333333,27.9,15.68,12.22,77.64,3.11125,2
TNP_0009,2021-02-06,6.15915,6.233440000000001,0.9880820221258244,20.807916666666667,28.3,14.82,13.48,77.83916666666667,3.25,2
TNP_0009,2021-02-07,6.43681,6.5007,0.99017182764933,20.85833333333333,28.51,14.47,14.04,75.715,3.7716666666666665,2
TNP_0009,2021-02-08,6.19129,6.40049,0.9673150024451256,21.4425,28.53,15.16,13.37,78.4725,3.904166666666667,2
TNP_0009,2021-02-09,6.12917,6.35098,0.9650746813877544,20.98375,27.82,15.29,12.53,78.56208333333333,3.299166666666667,2
TNP_0009,2021-02-10,6.36536,6.51391,0.9771949566389464,20.889166666666664,28.09,14.68,13.41,76.15875,2.634583333333333,2
TNP_0009,2021-02-11,6.183739999999999,6.56567,0.941829242103243,21.060416666666665,28.36,15.61,12.75,74.90375,2.4754166666666664,2
TNP_0009,2021-02-12,6.46496,6.71077,0.9633708203380535,20.808333333333334,28.11,15.15,12.96,76.33708333333333,2.6141666666666667,2
TNP_0009,2021-02-13,6.66467,6.777520000000001,0.9833493667300132,20.859583333333333,28.77,14.26,14.51,75.75750000000001,2.64375,2
TNP_0009,2021-02-14,6.5005500000000005,6.58548,0.9871034457624956,21.49833333333333,29.52,13.89,15.63,70.08041666666666,2.42625,2
TNP_0009,2021-02-15,6.4645,6.4781,0.99790061900866,22.68541666666667,31.22,14.75,16.47,68.14791666666666,2.5595833333333333,2
TNP_0009,2021-02-16,6.38237,6.61048,0.9654926722416528,22.56958333333333,30.55,16.79,13.760000000000002,72.71208333333333,2.2020833333333334,2
TNP_0009,2021-02-17,6.26135,6.34558,0.986726193665512,22.636666666666667,30.16,17.1,13.06,76.59875,2.773333333333333,2
TNP_0009,2021-02-18,5.77918,6.30651,0.9163832293931192,22.697916666666668,29.6,17.6,12.0,76.83708333333333,3.29875,2
TNP_0009,2021-02-19,5.0839,6.42337,0.7914692754737778,23.926666666666662,29.7,18.18,11.52,78.94041666666666,3.5591666666666666,2
TNP_0009,2021-02-20,4.46794,6.29529,0.7097274311429655,24.0075,29.01,20.48,8.530000000000001,83.72375,4.7075000000000005,2
TNP_0009,2021-02-21,3.61364,6.50182,0.5557889944661648,23.111666666666668,27.42,19.9,7.520000000000003,86.08749999999999,3.8883333333333336,2
TNP_0009,2021-02-22,5.35092,6.62445,0.8077530964834818,23.830416666666665,30.3,18.83,11.470000000000002,80.36208333333333,3.130416666666666,2
TNP_0009,2021-02-23,6.47588,6.58048,0.9841045030149776,23.995416666666667,31.51,18.05,13.46,75.86916666666666,2.6045833333333333,2
TNP_0009,2021-02-24,6.619,6.64563,0.9959928554553896,23.80125,32.03,17.09,14.94,70.41250000000001,2.29875,2
TNP_0009,2021-02-25,6.78446,6.8204400000000005,0.9947246805191452,24.120416666666667,33.49,16.66,16.830000000000002,66.84041666666667,2.4483333333333333,2
TNP_0009,2021-02-26,6.65759,6.6792,0.9967645825847408,24.73125,34.41,16.92,17.489999999999995,64.70833333333333,2.77875,2
TNP_0009,2021-02-27,6.71433,6.794020000000001,0.988270567351877,25.03708333333333,35.02,17.23,17.790000000000003,66.97125,2.5729166666666665,2
TNP_0009,2021-02-28,6.5809,6.67178,0.9863784477305906,24.83458333333333,34.42,17.32,17.1,69.16916666666667,2.7704166666666663,2
TNP_0009,2021-03-01,6.81505,6.87605,0.9911286276277804,25.485,35.02,17.65,17.370000000000005,67.73,2.3329166666666667,2
TNP_0009,2021-03-02,6.53165,6.5570900000000005,0.9961202301630752,24.826666666666668,34.05,18.02,16.029999999999998,67.70791666666666,2.661666666666666,2
TNP_0009,2021-03-03,6.8106,6.81776,0.9989498016943982,24.82375,33.97,17.96,16.009999999999998,66.50750000000001,2.6491666666666664,2
TNP_0009,2021-03-04,7.24672,7.28201,0.9951538105550528,24.28375,33.11,16.72,16.39,67.09416666666667,2.6979166666666665,2
TNP_0009,2021-03-05,7.14915,7.23474,0.9881695817679694,24.49833333333333,33.59,16.23,17.360000000000003,67.52541666666666,2.6329166666666666,2
TNP_0009,2021-03-06,7.194319999999999,7.228680000000001,0.9952467117094682,25.814166666666665,35.83,16.87,18.96,64.36958333333332,2.589583333333333,2
TNP_0009,2021-03-07,7.20944,7.232369999999999,0.9968295316749558,26.140833333333333,35.34,17.76,17.580000000000002,66.71416666666666,2.33,2
TNP_0009,2021-03-08,7.174939999999999,7.31016,0.9815024568545696,25.92625,34.5,20.1,14.4,69.70708333333333,2.6808333333333336,2
TNP_0009,2021-03-09,6.89205,7.22052,0.954508816539529,26.04875,33.83,20.75,13.079999999999998,71.60291666666667,2.5570833333333334,2
TNP_0009,2021-03-10,6.77276,7.24225,0.9351734612862024,26.90625,34.9,21.04,13.86,71.45958333333333,2.8216666666666668,2
TNP_0009,2021-03-11,7.06893,7.26528,0.9729742005813954,26.526666666666667,34.69,20.02,14.669999999999998,69.27458333333333,2.98125,2
TNP_0009,2021-03-12,7.277139999999999,7.41915,0.9808589932809012,24.87708333333333,33.19,18.02,15.169999999999998,64.73,2.522083333333333,2
TNP_0009,2021-03-13,7.21788,7.31333,0.9869484899491752,25.7975,34.64,17.54,17.1,64.4775,2.803333333333333,2
TNP_0009,2021-03-14,7.32401,7.33388,0.9986541912330172,26.251666666666665,35.23,18.18,17.049999999999997,62.17583333333334,2.762083333333333,2
TNP_0009,2021-03-15,7.23015,7.238770000000001,0.9988091899590676,27.104166666666668,36.37,18.67,17.699999999999996,63.2925,2.622916666666667,2
TNP_0009,2021-03-16,7.00162,7.06601,0.9908873607594668,26.93166666666667,36.59,19.27,17.320000000000004,59.48291666666666,2.525,2
TNP_0009,2021-03-17,6.11129,6.64316,0.91993719856213,27.359166666666667,35.96,19.88,16.080000000000002,64.06666666666666,2.6870833333333333,2
TNP_0009,2021-03-18,6.30143,7.02755,0.8966752282089775,26.28916666666667,33.64,20.64,13.0,62.38541666666666,2.5629166666666667,2
TNP_0009,2021-03-19,6.97104,7.12912,0.9778261552617996,25.765,34.22,19.4,14.82,66.1575,2.4545833333333333,2
TNP_0009,2021-03-20,6.86393,7.17174,0.9570801507026188,26.979166666666668,35.87,19.18,16.689999999999998,60.35916666666666,2.672083333333333,2
TNP_0009,2021-03-21,6.71482,7.05421,0.951888304998008,27.438333333333333,36.43,19.76,16.669999999999998,58.696666666666665,2.830416666666667,2
TNP_0009,2021-03-22,6.91745,6.98807,0.9898942054100774,27.862916666666667,37.1,20.76,16.34,62.77791666666667,2.65375,2
TNP_0009,2021-03-23,6.83812,7.04062,0.9712383284426656,27.857083333333332,37.27,21.03,16.240000000000002,62.53041666666667,2.59375,2
TNP_0009,2021-03-24,6.475860000000001,6.83665,0.9472270775891704,28.291666666666668,37.44,20.69,16.749999999999996,58.7925,2.72875,2
TNP_0009,2021-03-25,6.17548,6.602609999999999,0.9353089157166636,28.522916666666664,37.84,20.9,16.940000000000005,59.29458333333333,3.17,2
TNP_0009,2021-03-26,6.57962,6.7929200000000005,0.968599659645631,28.6475,37.11,21.04,16.07,61.81333333333333,2.75375,2
TNP_0009,2021-03-27,6.446350000000001,6.69057,0.9634978783571504,28.80875,37.34,21.73,15.610000000000005,62.83125,2.782916666666667,2
TNP_0009,2021-03-28,5.9840100000000005,6.429069999999999,0.9307738133198116,29.49875,38.57,21.52,17.05,60.09291666666667,3.245,2
TNP_0009,2021-03-29,5.4318,6.38361,0.8508978462030106,29.800833333333333,38.89,22.17,16.72,56.88958333333333,3.35,2
TNP_0009,2021-03-30,6.39164,6.66779,0.95858447851537,31.23333333333333,41.24,22.28,18.96,49.32291666666666,3.449583333333333,2
TNP_0009,2021-03-31,6.43526,6.64726,0.9681071599425928,32.990833333333335,42.25,25.19,17.06,45.64375,3.3570833333333336,2
TNP_0009,2021-04-01,6.8853800000000005,6.9103900000000005,0.996380812081518,33.28541666666667,42.84,26.19,16.650000000000002,44.958333333333336,3.1495833333333336,2
TNP_0009,2021-04-02,7.22724,7.24787,0.9971536465195984,33.47,42.62,26.31,16.31,46.0625,3.40625,2
TNP_0009,2021-04-03,6.86536,7.07626,0.9701961205495556,33.31,42.33,26.06,16.27,49.69291666666667,3.3433333333333333,2
TNP_0009,2021-04-04,6.137599999999999,6.69281,0.9170438126885416,32.55875,41.23,24.69,16.539999999999996,51.87458333333333,2.6591666666666667,2
TNP_0009,2021-04-05,5.79045,6.35316,0.9114283285797934,31.201666666666668,40.12,24.22,15.9,56.54333333333333,3.095416666666667,2
TNP_0009,2021-04-06,6.177149999999999,6.63599,0.9308558331160836,30.0,38.29,23.39,14.9,58.91166666666666,3.2925,2
TNP_0009,2021-04-07,6.70188,6.98192,0.9598906890941176,29.636666666666667,39.28,21.2,18.08,55.54166666666666,3.310416666666667,2
TNP_0009,2021-04-08,6.58582,6.8675,0.9589836184929014,29.72458333333333,39.5,21.0,18.5,55.51,3.6491666666666656,2
TNP_0009,2021-04-09,6.19854,6.8842,0.9004009180442173,29.664583333333336,38.83,22.38,16.45,58.89291666666667,3.5133333333333336,2
TNP_0009,2021-04-10,6.394550000000001,7.058770000000001,0.9059014530860192,29.84875,38.31,23.55,14.760000000000002,59.29458333333333,3.404166666666667,2
TNP_0009,2021-04-11,6.08452,7.17524,0.8479883599712346,30.26833333333333,38.5,23.87,14.63,57.49208333333333,3.410833333333333,2
TNP_0009,2021-04-12,6.12784,7.26831,0.8430900718323792,29.784166666666668,37.07,23.56,13.510000000000002,61.79166666666666,3.1704166666666667,2
TNP_0009,2021-04-13,5.57599,7.1976,0.7747012893186618,30.33458333333333,37.89,23.5,14.39,58.5525,3.0741666666666667,2
TNP_0009,2021-04-14,6.03536,7.11825,0.8478713166859833,29.495833333333334,37.03,24.35,12.68,65.82416666666667,2.904166666666667,2
TNP_0009,2021-04-15,4.67801,7.24226,0.645932347085026,27.57333333333333,32.14,23.49,8.650000000000002,73.02208333333333,2.3683333333333336,2
TNP_0009,2021-04-16,6.65677,6.88801,0.9664286201675084,29.626666666666665,37.25,23.58,13.670000000000002,63.10208333333333,2.575,2
TNP_0009,2021-04-17,6.8032200000000005,6.93633,0.9808097365609768,29.92083333333333,37.06,24.32,12.740000000000002,65.88708333333334,2.4579166666666667,2
TNP_0009,2021-04-18,6.67159,6.97061,0.957102749974536,30.211250000000003,38.38,24.14,14.240000000000002,62.64541666666667,2.875833333333333,2
TNP_0009,2021-04-19,6.61601,6.74267,0.9812151566071008,31.345,39.57,24.11,15.46,59.842083333333335,2.3575,2
TNP_0009,2021-04-20,5.73918,6.278239999999999,0.914138357246617,30.551666666666662,37.53,25.6,11.93,63.275416666666665,2.1416666666666666,2
TNP_0009,2021-04-21,6.10265,6.5484,0.9319299370838676,30.70583333333333,38.33,24.65,13.68,62.66666666666666,2.526666666666667,2
TNP_0009,2021-04-22,6.48334,6.80378,0.9529026511733184,30.907083333333333,38.84,24.69,14.150000000000002,60.01541666666666,2.91,2
TNP_0009,2021-04-23,5.55516,6.17958,0.8989542978649034,31.127916666666668,37.46,25.45,12.010000000000002,60.8375,1.5991666666666668,2
TNP_0009,2021-04-24,4.963760000000001,6.33133,0.7839995703904236,28.187916666666663,32.17,24.71,7.460000000000001,75.21458333333334,1.6083333333333334,2
TNP_0009,2021-04-25,6.644229999999999,6.78457,0.9793148276161938,30.36916666666667,37.88,24.52,13.360000000000005,64.81125,2.679583333333333,2
TNP_0009,2021-04-26,6.46328,6.750520000000001,0.95744920391318,29.9575,36.36,24.8,11.56,65.59458333333333,2.7366666666666664,2
TNP_0009,2021-04-27,6.73851,6.94716,0.9699661444388784,30.295416666666668,37.59,24.61,12.980000000000004,64.26541666666667,2.85625,2
TNP_0009,2021-04-28,6.918810000000001,6.96467,0.9934153376972636,31.036666666666665,39.07,24.56,14.510000000000002,59.959583333333335,2.9370833333333333,2
TNP_0009,2021-04-29,6.98117,7.09458,0.984014557591852,31.21083333333333,39.32,24.79,14.53,58.06708333333333,2.907083333333333,2
TNP_0009,2021-04-30,6.28131,6.78074,0.926345797066397,31.22583333333333,38.7,25.21,13.490000000000002,59.9125,3.1808333333333336,2
TNP_0009,2021-05-01,6.8917600000000006,7.18787,0.9588042076442674,30.74875,37.98,25.39,12.589999999999996,62.54791666666667,3.18125,2
TNP_0009,2021-05-02,6.886010000000001,7.42012,0.9280186843339462,30.414583333333336,37.55,25.06,12.489999999999998,63.090833333333336,3.0691666666666664,2
TNP_0009,2021-05-03,6.804399999999999,7.5097,0.9060814679680944,30.82958333333333,38.24,25.17,13.07,60.67958333333333,3.2154166666666666,2
TNP_0009,2021-05-04,6.67872,7.27901,0.9175313675898232,30.946250000000003,38.58,24.72,13.86,59.28416666666666,3.064583333333333,2
TNP_0009,2021-05-05,7.0575,7.34624,0.9606955394868668,31.59958333333333,39.79,24.78,15.009999999999998,56.70291666666666,3.64125,2
TNP_0009,2021-05-06,7.05691,7.50494,0.9403019877573972,31.395416666666662,39.02,25.38,13.640000000000004,58.63583333333333,3.71625,2
TNP_0009,2021-05-07,6.70529,7.53994,0.8893028326485357,30.82375,37.99,25.62,12.37,61.74416666666667,3.714166666666667,2
TNP_0009,2021-05-08,6.19987,7.47451,0.8294684200034517,30.15416666666667,36.3,25.59,10.709999999999996,62.90958333333333,3.0141666666666667,2
TNP_0009,2021-05-09,6.78896,7.3957,0.9179604364698408,31.1775,38.26,25.6,12.659999999999997,59.87375,3.4375,2
TNP_0009,2021-05-10,6.85874,7.31562,0.9375473302331176,32.20791666666667,40.04,25.85,14.189999999999998,57.76624999999999,3.959583333333333,2
TNP_0009,2021-05-11,6.731940000000001,7.0924,0.949176583385032,33.020833333333336,39.71,27.04,12.670000000000002,54.14375,2.34875,2
TNP_0009,2021-05-12,5.39813,7.05469,0.7651831618398541,33.01625,39.8,27.57,12.229999999999997,56.01958333333334,2.3866666666666667,2
TNP_0009,2021-05-13,5.771739999999999,6.91432,0.8347516458596073,31.99458333333333,37.77,26.8,10.970000000000002,59.87875,2.712916666666666,2
TNP_0009,2021-05-14,6.609439999999999,7.38775,0.8946485736523299,32.355,39.9,26.71,13.189999999999998,56.685,4.4025,2
TNP_0009,2021-05-15,5.98559,7.02721,0.8517733211331382,30.61,35.83,26.6,9.229999999999997,59.53416666666666,5.302083333333333,2
TNP_0009,2021-05-16,4.993510000000001,7.15325,0.6980756998567086,30.750416666666663,36.34,26.35,9.990000000000002,60.29624999999999,4.744583333333334,2
TNP_0009,2021-05-17,6.95983,7.20519,0.9659467689262878,31.515,38.08,26.36,11.72,58.85166666666667,4.038333333333333,2
TNP_0009,2021-05-18,6.87642,7.24725,0.9488316257890924,30.98583333333333,36.03,26.99,9.040000000000004,62.96833333333333,3.58375,2
TNP_0009,2021-05-19,6.60968,7.15939,0.9232183188791224,29.950833333333332,34.17,26.06,8.110000000000003,69.5225,3.2883333333333336,2
TNP_0009,2021-05-20,5.53463,7.08345,0.781346660172656,29.185,34.39,25.04,9.35,70.74,2.5683333333333334,2
TNP_0009,2021-05-21,4.11591,6.9638100000000005,0.5910428343105282,27.61,31.9,24.61,7.289999999999999,75.33208333333333,3.4620833333333336,2
TNP_0009,2021-05-22,4.397600000000001,6.97573,0.6304143078932242,28.65416666666667,33.05,24.59,8.459999999999997,69.78625,3.09125,2
TNP_0009,2021-05-23,4.96138,6.78163,0.7315910776612703,30.29958333333333,36.07,24.94,11.13,61.36958333333333,3.1029166666666668,2
TNP_0009,2021-05-24,5.4523,6.86122,0.7946545949554161,28.243333333333336,31.05,25.39,5.66,66.51125,4.585416666666666,2
TNP_0009,2021-05-25,5.10427,6.53718,0.7808060968185058,27.18375,29.98,23.92,6.059999999999999,75.18166666666666,5.707083333333333,2
TNP_0009,2021-05-26,6.25763,6.68871,0.9355511002869012,31.03458333333333,38.77,23.98,14.790000000000004,56.965,5.849166666666666,2
TNP_0009,2021-05-27,6.95008,6.9612,0.9984025742688042,29.4975,35.48,24.66,10.819999999999997,59.17041666666666,4.517916666666666,2
TNP_0009,2021-05-28,7.04914,7.13164,0.9884318333510946,31.4075,38.42,24.62,13.8,55.34833333333333,3.4258333333333333,2
TNP_0009,2021-05-29,6.76724,7.00365,0.9662447438121552,31.97875,39.7,24.94,14.760000000000002,55.01958333333334,3.1637500000000003,2
TNP_0009,2021-05-30,6.35856,6.77927,0.9379416957873044,31.56625,39.11,25.32,13.79,60.23,2.8516666666666666,2
TNP_0009,2021-05-31,7.14705,7.27778,0.9820371047214947,30.621666666666663,36.36,25.29,11.07,62.9675,3.035,2
TNP_0009,2021-06-01,7.05474,7.331510000000001,0.9622492501544702,31.43583333333333,37.84,25.5,12.340000000000003,62.44208333333333,2.239583333333333,2
TNP_0009,2021-06-02,6.78395,6.97357,0.972808762226521,31.20875,37.36,25.85,11.509999999999998,60.36041666666667,2.2033333333333336,2
TNP_0009,2021-06-03,5.29787,6.55282,0.8084870330636276,30.324166666666667,35.59,25.86,9.730000000000004,67.79916666666666,2.6725,2
TNP_0009,2021-06-04,5.82034,6.67936,0.8713918698797489,27.802916666666665,31.85,24.93,6.920000000000002,75.49166666666666,3.285833333333333,2
TNP_0009,2021-06-05,5.77215,6.868390000000001,0.8403934546524002,27.52875,31.2,23.83,7.370000000000001,72.065,2.5529166666666665,2
TNP_0009,2021-06-06,6.498480000000001,6.964519999999999,0.9330836870308364,28.9275,33.81,23.89,9.920000000000002,66.08375,1.9,2
TNP_0009,2021-06-07,6.4031,7.05576,0.9074996881980112,29.38958333333333,35.43,24.07,11.36,65.18541666666667,2.846666666666667,2
TNP_0009,2021-06-08,5.96108,7.1143,0.8379011287125929,29.955416666666665,36.75,24.05,12.7,63.60666666666666,3.04625,2
TNP_0009,2021-06-09,6.7647,7.13347,0.9483042614604112,29.6975,36.6,24.53,12.07,63.81875,3.63625,2
TNP_0009,2021-06-10,5.77695,7.266199999999999,0.7950441771489913,29.67708333333333,36.2,24.36,11.840000000000003,60.01166666666666,4.707916666666667,2
TNP_0009,2021-06-11,4.46721,7.372319999999999,0.6059435835666385,28.523333333333337,33.93,24.37,9.56,61.54333333333333,5.3675,2
TNP_0009,2021-06-12,5.68121,7.0819600000000005,0.802208710582946,28.84875,35.92,23.61,12.310000000000002,57.62625,6.171250000000001,2
TNP_0009,2021-06-13,5.30007,7.00724,0.7563705538842683,28.732083333333332,36.67,23.51,13.16,59.99916666666667,5.803333333333334,2
TNP_0009,2021-06-14,4.62826,7.02424,0.6588983292142637,28.695833333333336,35.45,23.57,11.880000000000004,59.38583333333333,6.165416666666666,2
TNP_0009,2021-06-15,5.8491,6.82193,0.8573966604758477,29.26,35.94,24.1,11.839999999999996,57.10458333333333,6.48125,2
TNP_0009,2021-06-16,5.35562,6.59147,0.8125076803808559,29.77125,36.67,24.64,12.03,57.6625,5.774583333333333,2
TNP_0009,2021-06-17,5.563140000000001,6.66144,0.835125738579046,29.83875,36.02,24.59,11.430000000000003,59.9425,5.8375,2
TNP_0009,2021-06-18,4.50974,6.21658,0.7254374591817366,29.337083333333336,35.62,24.35,11.269999999999996,57.36333333333334,5.453749999999999,2
TNP_0009,2021-06-19,5.60833,6.4766,0.865937374548374,28.89916666666667,34.36,24.28,10.079999999999998,64.23333333333333,4.679166666666666,2
TNP_0009,2021-06-20,6.38911,6.76749,0.944088576414594,29.18041666666667,35.26,24.05,11.209999999999996,58.35375,4.737916666666667,2
TNP_0009,2021-06-21,6.22317,6.74671,0.9224006960429602,30.072916666666668,36.19,23.91,12.279999999999998,60.17166666666666,3.077083333333333,2
TNP_0009,2021-06-22,5.40494,6.5758,0.8219440980565103,28.006666666666664,33.0,24.43,8.57,69.12708333333333,3.637916666666667,2
TNP_0009,2021-06-23,4.77352,6.49587,0.7348546076199186,28.75916666666667,35.26,24.42,10.839999999999996,68.29083333333334,2.984166666666667,2
TNP_0009,2021-06-24,5.77339,6.936310000000001,0.8323431334528012,29.325416666666666,35.6,24.13,11.470000000000002,65.01291666666667,3.137083333333333,2
TNP_0009,2021-06-25,6.41245,6.817399999999999,0.9406005221932116,30.05958333333333,37.23,23.92,13.309999999999995,55.838750000000005,4.305416666666667,2
TNP_0009,2021-06-26,4.16389,6.77356,0.6147269677983218,30.246666666666663,37.32,24.29,13.03,57.48416666666666,4.113333333333333,2
TNP_0009,2021-06-27,3.38222,6.62466,0.5105499753949637,27.206666666666667,32.07,22.5,9.57,66.43041666666666,3.999583333333333,2
TNP_0009,2021-06-28,4.44984,6.77805,0.6565074025715361,28.732083333333332,35.81,22.61,13.200000000000005,59.17291666666667,2.795,2
TNP_0009,2021-06-29,6.00337,6.84648,0.8768549678082753,29.88083333333333,36.8,23.44,13.359999999999996,62.56458333333333,3.909166666666666,2
TNP_0009,2021-06-30,6.47432,6.97774,0.9278534310536076,30.325833333333332,36.42,24.98,11.44,69.33791666666667,2.4445833333333336,2
TNP_0009,2021-07-01,5.61015,6.620939999999999,0.8473343664192698,28.25375,31.71,25.18,6.530000000000001,80.57375,2.06375,2
TNP_0009,2021-07-02,6.32695,6.8373,0.9253579629385869,28.252916666666668,31.96,25.15,6.810000000000002,77.55541666666666,1.46875,2
TNP_0009,2021-07-03,5.41395,7.01445,0.7718281547377199,27.532916666666665,30.89,24.51,6.379999999999999,79.58083333333333,1.62125,2
TNP_0009,2021-07-04,5.53338,6.8303400000000005,0.8101177979427086,26.88583333333333,30.55,24.12,6.43,78.98458333333333,2.6566666666666667,2
TNP_0009,2021-07-05,6.919239999999999,7.2445,0.95510249154531,28.743333333333336,32.73,24.15,8.579999999999998,71.46,1.9808333333333328,2
TNP_0009,2021-07-06,6.45726,6.9671400000000006,0.9268164555326862,28.249166666666667,32.8,24.84,7.959999999999997,75.87125,1.9070833333333332,2
TNP_0009,2021-07-07,6.09391,6.95758,0.8758663213358668,27.82333333333333,31.64,24.71,6.93,77.24249999999999,2.4683333333333333,2
TNP_0009,2021-07-08,6.79333,7.11526,0.954754991384714,27.314166666666665,30.96,24.21,6.75,78.34125,2.802083333333333,2
TNP_0009,2021-07-09,4.57368,6.84183,0.6684878168560167,27.093333333333334,31.44,23.36,8.080000000000002,81.84708333333333,3.1441666666666666,2
TNP_0009,2021-07-10,3.48415,7.00169,0.4976155756681601,26.089166666666667,30.56,22.03,8.529999999999998,78.08749999999999,3.780416666666667,2
TNP_0009,2021-07-11,3.75557,6.687860000000001,0.5615503314961736,26.06,30.3,22.08,8.220000000000002,78.02791666666667,3.599166666666666,2
TNP_0009,2021-07-12,4.68053,7.14654,0.6549365147330037,25.70208333333333,29.82,22.33,7.490000000000002,76.3125,4.135416666666667,2
TNP_0009,2021-07-13,4.32504,7.17883,0.6024714333672757,27.425416666666667,33.42,23.15,10.270000000000003,76.48333333333333,3.2279166666666668,2
TNP_0009,2021-07-14,4.404319999999999,6.83652,0.6442342010262531,26.79416666666667,31.98,23.45,8.530000000000001,79.81666666666666,3.460833333333333,2
TNP_0009,2021-07-15,3.95386,7.00071,0.5647798580429699,27.337083333333336,32.5,23.64,8.86,76.76375,3.9725,2
TNP_0009,2021-07-16,5.56809,6.9727,0.798555796176517,27.566666666666663,32.3,23.78,8.519999999999996,77.87041666666667,3.004583333333333,2
TNP_0009,2021-07-17,4.35502,6.96766,0.6250333684479438,26.41708333333333,29.71,24.05,5.66,84.80666666666666,2.9025,2
TNP_0009,2021-07-18,4.80962,7.08215,0.6791186292298242,26.034166666666664,29.85,22.64,7.210000000000001,84.65833333333333,3.713333333333333,2
TNP_0009,2021-07-19,6.540349999999999,7.11166,0.9196657320513072,27.562083333333334,34.15,22.71,11.439999999999998,75.79416666666667,4.6258333333333335,2
TNP_0009,2021-07-20,6.14804,6.90437,0.8904563341767605,27.34875,32.82,22.9,9.920000000000002,76.21333333333332,5.00125,2
TNP_0009,2021-07-21,4.21782,6.956720000000001,0.60629434561115,27.15375,32.22,22.94,9.279999999999998,76.60833333333333,4.965,2
TNP_0009,2021-07-22,3.81916,6.791930000000001,0.562308504357377,26.09208333333333,29.73,23.11,6.620000000000001,78.48875,5.795833333333333,2
TNP_0009,2021-07-23,4.190720000000001,6.64149,0.6309909372746176,27.563333333333333,33.5,23.08,10.420000000000002,75.32916666666667,4.215416666666667,2
TNP_0009,2021-07-24,6.625559999999999,6.9043,0.9596280578769752,28.50125,34.17,23.62,10.55,72.92458333333333,4.665,2
TNP_0009,2021-07-25,6.46434,6.97923,0.9262253858950056,27.31375,32.48,23.19,9.289999999999996,77.36375,4.79375,2
TNP_0009,2021-07-26,6.1199,7.14378,0.8566753175489726,26.83666666666667,31.67,22.89,8.780000000000001,78.19333333333333,4.06625,2
TNP_0009,2021-07-27,6.09048,6.99812,0.8703023097631934,27.55333333333333,33.93,22.74,11.19,74.73333333333333,4.345833333333333,2
TNP_0009,2021-07-28,6.29916,7.21899,0.8725818985758396,28.351666666666663,34.94,22.87,12.069999999999997,69.08666666666666,5.307916666666666,2
TNP_0009,2021-07-29,5.69468,7.310779999999999,0.7789428761363357,27.989166666666662,34.12,22.75,11.369999999999996,71.94500000000001,4.664583333333334,2
TNP_0009,2021-07-30,5.602609999999999,7.19674,0.7784927620005724,28.017916666666665,34.16,22.94,11.219999999999995,71.78833333333334,4.825,2
TNP_0009,2021-07-31,6.33541,7.04638,0.8991013825538786,28.305,34.73,23.19,11.539999999999996,70.90625,4.749583333333333,2
TNP_0009,2021-08-01,5.55411,6.66149,0.8337639176820801,27.6425,32.75,23.08,9.670000000000002,72.47375,4.3500000000000005,2
TNP_0009,2021-08-02,5.88135,6.83473,0.8605094861099122,27.905833333333334,34.36,22.69,11.669999999999998,67.43666666666667,5.199166666666667,2
TNP_0009,2021-08-03,6.08721,6.99581,0.8701222588949672,28.411666666666665,34.84,22.58,12.260000000000003,68.97166666666666,4.557916666666666,2
TNP_0009,2021-08-04,5.055890000000001,6.94262,0.7282394830769942,28.44,34.45,23.5,10.950000000000005,69.50625000000001,4.760416666666667,2
TNP_0009,2021-08-05,5.584779999999999,6.89872,0.8095385810701115,28.83333333333333,35.05,23.63,11.419999999999998,70.58208333333333,4.934583333333333,2
TNP_0009,2021-08-06,5.71354,6.75304,0.8460693258147441,28.75625,34.9,23.67,11.229999999999997,72.48416666666667,4.11625,2
TNP_0009,2021-08-07,6.20242,6.92554,0.8955864813429711,28.69375,33.52,23.91,9.610000000000005,74.36416666666666,3.0975,2
TNP_0009,2021-08-08,6.776050000000001,6.94887,0.97512976930062,28.68458333333333,33.41,24.54,8.869999999999997,75.17458333333333,2.6029166666666668,2
TNP_0009,2021-08-09,6.707199999999999,7.06951,0.94875033771789,28.485,33.23,24.5,8.729999999999997,77.90666666666667,2.2691666666666666,2
TNP_0009,2021-08-10,6.40609,6.95274,0.921376320702342,26.905,29.93,24.46,5.469999999999999,81.17541666666666,3.4754166666666664,2
TNP_0009,2021-08-11,5.93192,6.87083,0.863348387312741,25.72375,28.37,24.21,4.16,86.33416666666666,3.089166666666667,2
TNP_0009,2021-08-12,4.31507,6.57416,0.6563682660598463,26.015416666666667,29.28,23.49,5.790000000000003,84.93166666666666,3.141666666666667,2
TNP_0009,2021-08-13,5.21674,6.85435,0.761084566734993,27.140833333333333,31.69,23.54,8.150000000000002,77.79166666666667,3.6020833333333333,2
TNP_0009,2021-08-14,4.96087,6.81017,0.72845024426703,26.809166666666663,31.36,22.79,8.57,76.5125,3.97375,2
TNP_0009,2021-08-15,4.20863,6.91422,0.6086919421134994,26.547916666666666,32.0,22.66,9.34,74.68541666666667,4.483333333333333,2
TNP_0009,2021-08-16,3.90801,6.98565,0.5594339825213116,27.53916666666667,33.43,22.65,10.78,72.3925,3.174583333333333,2
TNP_0009,2021-08-17,3.94965,6.753520000000001,0.5848283561757424,28.16708333333333,34.22,22.59,11.63,71.18208333333334,3.0537500000000004,2
TNP_0009,2021-08-18,5.78595,6.93061,0.8348399347243605,27.770416666666662,33.49,23.12,10.37,68.45875,3.3183333333333334,2
TNP_0009,2021-08-19,4.685020000000001,7.02119,0.6672686538891557,28.04083333333333,33.95,22.84,11.110000000000005,70.3025,3.6166666666666663,2
TNP_0009,2021-08-20,4.8777,6.98299,0.6985116690701261,26.594166666666663,31.44,23.06,8.380000000000003,76.09083333333334,2.6091666666666664,2
TNP_0009,2021-08-21,3.84262,6.358639999999999,0.6043147591308834,24.680000000000003,27.88,21.87,6.009999999999998,86.18374999999999,2.1575,2
TNP_0009,2021-08-22,6.00636,6.76436,0.8879420965176307,25.754583333333333,30.46,21.86,8.600000000000001,81.35875,2.35375,2
TNP_0009,2021-08-23,3.68681,6.7207,0.5485752972160638,26.30666666666667,30.58,22.37,8.209999999999997,79.98208333333334,3.0125,2
TNP_0009,2021-08-24,5.59084,6.8569,0.815359710656419,27.894166666666667,32.44,22.57,9.869999999999996,76.36416666666666,2.63,2
TNP_0009,2021-08-25,5.96945,6.97121,0.8563004126973653,27.53333333333333,32.03,23.59,8.440000000000001,77.63125000000001,2.950833333333333,2
TNP_0009,2021-08-26,5.92293,6.98697,0.847710810265394,27.62291666666667,31.17,23.83,7.340000000000003,78.35208333333334,1.2804166666666668,2
TNP_0009,2021-08-27,5.08053,6.80604,0.7464737204012906,25.88416666666667,28.98,23.34,5.640000000000001,87.32708333333333,1.7754166666666666,2
TNP_0009,2021-08-28,4.72821,7.02203,0.6733394759065399,26.280416666666667,30.22,22.73,7.489999999999998,81.09208333333333,2.7416666666666667,2
TNP_0009,2021-08-29,3.77864,6.94907,0.5437619710263387,26.1225,31.27,22.16,9.11,76.8575,3.7266666666666666,2
TNP_0009,2021-08-30,4.88873,6.79604,0.7193497978234383,26.27833333333333,30.8,21.97,8.830000000000002,77.5925,3.5829166666666663,2
TNP_0009,2021-08-31,5.87761,6.88304,0.8539264627257722,25.7975,29.44,22.57,6.870000000000001,77.465,2.73125,2
TNP_0009,2021-09-01,4.05722,6.6717200000000005,0.6081220434910337,26.57166666666667,31.13,22.95,8.18,78.255,1.6450000000000002,2
TNP_0009,2021-09-02,3.79803,6.6909600000000005,0.5676360342910434,25.585416666666664,28.54,22.88,5.66,84.05041666666666,2.615416666666667,2
TNP_0009,2021-09-03,3.51186,6.77333,0.5184835228757495,26.024583333333336,30.33,22.85,7.479999999999997,80.94708333333334,2.754583333333333,2
TNP_0009,2021-09-04,3.20524,6.78002,0.4727478680003893,25.00583333333333,27.94,22.68,5.260000000000002,87.48333333333333,3.6341666666666663,2
TNP_0009,2021-09-05,5.34987,7.073300000000001,0.7563471081390581,26.984583333333333,32.88,22.47,10.410000000000004,78.02499999999999,4.342083333333333,2
TNP_0009,2021-09-06,3.78218,6.92195,0.5464038312903156,25.840416666666663,31.14,22.31,8.830000000000002,77.20375,4.377916666666667,2
TNP_0009,2021-09-07,5.79153,6.97626,0.8301769142778509,25.47375,30.28,22.06,8.220000000000002,79.65708333333333,3.5354166666666664,2
TNP_0009,2021-09-08,5.92591,6.88284,0.8609687280250594,26.449166666666667,31.37,21.98,9.39,80.06208333333333,3.5987500000000003,2
TNP_0009,2021-09-09,6.56624,7.06133,0.9298871459059412,27.2725,31.7,22.61,9.09,75.95333333333333,3.361666666666667,2
TNP_0009,2021-09-10,5.58621,7.006489999999999,0.7972907975320026,26.730416666666667,30.89,23.05,7.84,78.91958333333334,3.784166666666667,2
TNP_0009,2021-09-11,5.67253,6.82634,0.8309767752558472,26.93875,31.78,23.03,8.75,78.57166666666667,4.205416666666667,2
TNP_0009,2021-09-12,5.43222,6.93243,0.7835953626650395,26.8275,31.59,22.93,8.66,80.53625,3.9158333333333335,2
TNP_0009,2021-09-13,5.34546,6.83116,0.7825113157940965,27.11458333333333,32.11,22.75,9.36,77.62958333333334,4.42375,2
TNP_0009,2021-09-14,6.05434,6.7161,0.9014666249758044,27.56083333333333,33.02,22.92,10.1,78.05458333333333,3.48,2
TNP_0009,2021-09-15,6.340529999999999,6.71366,0.9444222674368375,27.842916666666667,32.88,23.24,9.640000000000004,77.75625000000001,2.7604166666666665,2
TNP_0009,2021-09-16,5.58423,6.72684,0.830141641543429,27.39208333333333,31.9,23.96,7.939999999999998,79.17833333333333,2.364583333333333,2
TNP_0009,2021-09-17,5.86874,6.49488,0.9035948316212156,26.76375,31.14,23.67,7.469999999999999,83.25041666666667,2.3995833333333336,2
TNP_0009,2021-09-18,5.278359999999999,6.11274,0.863501473970756,27.238333333333333,32.08,23.49,8.59,79.12083333333334,1.9941666666666664,2
TNP_0009,2021-09-19,5.82235,6.33226,0.919474247740933,27.76083333333333,31.92,23.43,8.490000000000002,77.74708333333334,1.4595833333333337,2
TNP_0009,2021-09-20,6.09052,6.32933,0.9622693081258206,27.70458333333333,31.34,23.78,7.559999999999999,79.47625000000001,1.515,2
TNP_0009,2021-09-21,6.66474,6.87753,0.9690601131510876,27.10083333333333,31.31,23.07,8.239999999999998,79.70208333333333,2.5766666666666667,2
TNP_0009,2021-09-22,5.00558,6.58128,0.7605784892908372,27.334166666666665,32.06,22.68,9.380000000000004,78.27208333333333,2.731666666666667,2
TNP_0009,2021-09-23,4.20406,6.608560000000001,0.6361537157867977,27.30875,30.62,23.78,6.84,79.98916666666666,1.66125,2
TNP_0009,2021-09-24,5.57984,6.64954,0.8391317294128616,26.425416666666667,30.09,23.37,6.719999999999999,81.16875,2.25625,2
TNP_0009,2021-09-25,5.96863,6.58303,0.9066691174124986,27.30125,31.43,23.19,8.239999999999998,82.28916666666667,1.4991666666666663,2
TNP_0009,2021-09-26,4.16454,6.62437,0.6286695942406598,25.765416666666667,29.68,22.96,6.719999999999999,82.21833333333333,2.9425000000000003,2
TNP_0009,2021-09-27,4.74688,6.81192,0.696849052836792,27.15416666666667,33.01,22.43,10.579999999999998,76.33749999999999,4.30375,2
TNP_0009,2021-09-28,5.295439999999999,6.615480000000001,0.8004619468277432,25.865416666666665,31.21,21.93,9.28,79.74,3.754583333333333,2
TNP_0009,2021-09-29,5.482060000000001,6.73088,0.814464081962537,27.07041666666667,31.79,21.7,10.09,75.51916666666666,2.217916666666667,2
TNP_0009,2021-09-30,4.7360500000000005,6.42554,0.7370664566713461,27.077916666666667,31.57,22.69,8.879999999999999,76.50958333333334,1.3745833333333335,2
TNP_0009,2021-10-01,4.65721,6.48214,0.7184679750823031,26.56375,30.76,23.42,7.34,84.05833333333334,2.22,2
TNP_0009,2021-10-02,5.245229999999999,6.825399999999999,0.7684868286107774,25.862916666666667,28.73,23.67,5.059999999999999,90.60708333333334,2.4233333333333333,2
TNP_0009,2021-10-03,4.49104,6.7133,0.6689765093173252,26.357916666666668,30.07,23.28,6.789999999999999,83.73375,1.48125,2
TNP_0009,2021-10-04,4.939229999999999,6.77909,0.7285977911489594,26.46166666666667,30.65,23.12,7.529999999999998,84.84375,2.0166666666666666,2
TNP_0009,2021-10-05,1.47329,6.61983,0.2225570747285051,25.33125,27.93,23.01,4.919999999999998,92.23833333333332,2.462916666666666,2
TNP_0009,2021-10-06,4.57552,6.49475,0.704495169175103,26.135416666666668,29.95,22.79,7.16,88.00291666666668,1.86375,2
TNP_0009,2021-10-07,5.79826,6.541639999999999,0.8863618297552297,26.427916666666665,30.47,22.63,7.84,86.3575,1.935,2
TNP_0009,2021-10-08,4.32811,6.44666,0.6713724626395684,27.162916666666664,31.25,23.35,7.899999999999999,85.47333333333334,1.83,2
TNP_0009,2021-10-09,4.70305,6.45856,0.7281886364762423,26.355833333333333,29.77,23.79,5.98,86.29791666666667,2.2729166666666667,2
TNP_0009,2021-10-10,4.8533800000000005,6.39138,0.7593633925693669,25.97625,29.81,22.73,7.079999999999998,85.27208333333333,2.8854166666666665,2
TNP_0009,2021-10-11,4.22958,6.03302,0.701071768368081,25.9875,30.08,22.59,7.489999999999998,85.28125,1.97875,2
TNP_0009,2021-10-12,5.53664,6.27756,0.8819732507534774,26.130416666666665,30.5,22.94,7.559999999999999,84.80708333333334,1.950416666666667,2
TNP_0009,2021-10-13,5.51232,6.3971800000000005,0.861679677607946,26.939166666666665,31.92,23.03,8.89,82.61541666666666,2.495833333333333,2
TNP_0009,2021-10-14,5.617229999999999,6.47032,0.8681533525389779,26.77833333333333,30.64,23.48,7.16,83.845,2.217083333333333,2
TNP_0009,2021-10-15,4.5103,5.9019200000000005,0.7642089353972944,26.493333333333336,30.31,23.23,7.079999999999998,85.23375,1.7241666666666668,2
TNP_0009,2021-10-16,4.32003,6.10679,0.7074142061541333,27.035416666666663,31.02,23.07,7.949999999999999,85.17083333333333,1.940416666666667,2
TNP_0009,2021-10-17,4.77182,5.916189999999999,0.8065697687193955,26.63583333333333,29.07,23.94,5.129999999999999,84.91625,1.2108333333333332,2
TNP_0009,2021-10-18,3.40886,6.02809,0.565495870167831,26.813333333333333,30.83,23.73,7.099999999999998,82.97458333333334,2.42875,2
TNP_0009,2021-10-19,4.78122,5.78463,0.8265386031604441,26.14,29.69,23.32,6.370000000000001,84.58624999999999,2.13,2
TNP_0009,2021-10-20,4.6570100000000005,5.26588,0.8843745015078203,26.13583333333333,29.79,23.25,6.539999999999999,85.24083333333333,1.4954166666666666,2
TNP_0009,2021-10-21,4.95934,5.83118,0.8504865224534314,25.740416666666665,29.09,22.84,6.25,86.91458333333333,1.4179166666666667,2
TNP_0009,2021-10-22,5.81682,6.28542,0.9254465095411284,25.896666666666665,29.53,22.61,6.920000000000002,86.64916666666666,1.7295833333333333,2
TNP_0009,2021-10-23,5.18743,6.245850000000001,0.8305402787450866,25.61583333333333,29.41,22.32,7.09,88.22416666666668,1.86125,2
TNP_0009,2021-10-24,4.59447,5.9978,0.7660258761545901,25.747083333333336,29.66,22.19,7.469999999999999,84.705,1.9295833333333332,2
TNP_0009,2021-10-25,4.5652,5.56865,0.8198037226257711,24.949166666666667,29.31,22.25,7.059999999999999,87.12458333333332,3.022083333333333,2
TNP_0009,2021-10-26,5.33649,5.77609,0.9238931526343944,25.06083333333333,29.62,21.11,8.510000000000002,84.83,2.6325,2
TNP_0009,2021-10-27,4.394519999999999,5.377149999999999,0.8172582129938721,25.17708333333333,30.3,21.17,9.13,84.3175,3.14,2
TNP_0009,2021-10-28,1.81914,5.54509,0.3280632054664577,25.129583333333333,29.54,21.0,8.54,82.42958333333333,3.56375,2
TNP_0009,2021-10-29,2.71136,6.2224,0.4357418359475443,24.78625,27.88,22.47,5.41,89.08208333333333,2.5058333333333334,2
TNP_0009,2021-10-30,4.197139999999999,6.15275,0.6821567591727274,24.674166666666665,27.38,22.43,4.949999999999999,92.005,2.8075,2
TNP_0009,2021-10-31,3.30955,6.12231,0.5405721043201015,25.03375,27.99,23.24,4.75,91.4025,3.3083333333333336,2
TNP_0009,2021-11-01,3.24373,6.04879,0.5362609712025049,24.56625,27.27,22.89,4.379999999999999,92.58541666666667,2.9416666666666664,2
TNP_0009,2021-11-02,2.14441,6.13205,0.3497052372371392,24.30666666666667,26.92,22.57,4.350000000000001,91.50416666666666,3.119166666666666,2
TNP_0009,2021-11-03,1.97403,6.00766,0.3285855058375474,23.845,26.09,22.21,3.879999999999999,93.76625,2.6029166666666668,2
TNP_0009,2021-11-04,3.35441,5.86625,0.5718150436820797,24.160833333333333,26.95,21.95,5.0,92.43291666666666,2.56,2
TNP_0009,2021-11-05,4.731739999999999,5.78314,0.8181956514972833,24.451666666666668,28.13,21.83,6.300000000000001,90.08916666666666,1.96375,2
TNP_0009,2021-11-06,3.65529,5.755319999999999,0.6351149892621089,24.9825,28.07,22.17,5.899999999999999,91.77291666666667,2.625833333333333,2
TNP_0009,2021-11-07,1.29146,5.290649999999999,0.2441023314715583,25.19708333333333,28.35,23.11,5.240000000000002,91.1675,2.480833333333333,2
TNP_0009,2021-11-08,0.94325,5.00874,0.1883208152150041,23.477083333333336,25.57,21.01,4.559999999999999,94.27416666666666,4.031666666666667,2
TNP_0009,2021-11-09,2.78477,5.40601,0.5151248332873968,22.655833333333334,25.65,20.59,5.059999999999999,90.39166666666668,4.187083333333333,2
TNP_0009,2021-11-10,1.18095,5.51841,0.2140018592311915,21.84958333333333,24.49,20.36,4.129999999999999,90.30166666666668,5.925833333333333,2
TNP_0009,2021-11-11,0.98735,5.57929,0.1769669617460286,23.4225,25.44,20.48,4.960000000000001,93.21958333333332,6.602083333333333,2
TNP_0009,2021-11-12,2.6843000000000004,5.702319999999999,0.4707382258449193,24.052916666666665,27.36,21.16,6.199999999999999,91.15,3.391666666666667,2
TNP_0009,2021-11-13,3.43377,5.53629,0.6202294316229822,25.4875,29.22,22.8,6.419999999999998,89.76375,1.7220833333333332,2
TNP_0009,2021-11-14,3.00147,5.5473,0.54106862798118,25.24708333333333,28.97,22.68,6.289999999999999,90.1325,1.66375,2
TNP_0009,2021-11-15,3.09587,5.517939999999999,0.5610553938607524,25.042916666666667,28.53,22.48,6.050000000000001,90.75375,2.2295833333333333,2
TNP_0009,2021-11-16,4.26409,5.54931,0.7684000353197065,25.31083333333333,28.51,22.51,6.0,90.75625,1.7545833333333334,2
TNP_0009,2021-11-17,2.36418,5.65796,0.4178502499133963,24.883333333333336,27.66,23.01,4.649999999999999,92.28333333333336,3.356666666666667,2
TNP_0009,2021-11-18,0.30961,5.762020000000001,0.053732892284303,24.86958333333333,25.82,23.04,2.780000000000001,95.29583333333332,7.029166666666666,2
TNP_0009,2021-11-19,1.7914100000000002,5.39498,0.3320512772985257,25.01125,27.47,23.4,4.07,93.52458333333334,5.269166666666667,2
TNP_0009,2021-11-20,2.62146,5.503520000000001,0.4763242433933191,25.361666666666665,28.27,22.84,5.43,93.1625,4.156666666666667,2
TNP_0009,2021-11-21,4.30043,5.5201400000000005,0.7790436474437242,25.27125,28.63,22.46,6.169999999999998,86.99166666666667,1.8045833333333332,2
TNP_0009,2021-11-22,4.24692,5.60469,0.7577439608613501,24.81833333333333,27.84,22.82,5.02,92.6275,2.33625,2
TNP_0009,2021-11-23,4.98664,5.77667,0.8632378169429793,24.77333333333333,28.86,21.96,6.899999999999999,91.4,2.7433333333333336,2
TNP_0009,2021-11-24,4.12632,5.38489,0.7662774912765162,24.61083333333333,27.8,21.93,5.870000000000001,92.16708333333334,3.0654166666666662,2
TNP_0009,2021-11-25,3.02909,5.25567,0.5763470689750307,24.577916666666667,26.96,22.79,4.170000000000002,92.57833333333332,4.346666666666667,2
TNP_0009,2021-11-26,0.93559,5.22497,0.1790613151845848,24.21625,26.91,22.69,4.219999999999999,92.09666666666668,4.9870833333333335,2
TNP_0009,2021-11-27,1.74847,5.13181,0.3407121463966904,23.45375,25.27,21.73,3.539999999999999,94.49166666666667,4.990833333333334,2
TNP_0009,2021-11-28,1.03826,5.53476,0.1875889830814705,23.4175,25.28,21.63,3.650000000000002,95.62083333333334,3.642083333333333,2
TNP_0009,2021-11-29,1.67773,5.5131000000000006,0.3043169904409497,23.769166666666667,25.88,21.73,4.149999999999999,93.07291666666669,2.1529166666666666,2
TNP_0009,2021-11-30,4.2038,5.3706700000000005,0.7827328806275566,24.118333333333336,26.26,22.2,4.060000000000002,95.16166666666668,3.486666666666667,2
TNP_0009,2021-12-01,3.3968,5.28721,0.6424560401421543,23.929166666666664,27.65,20.78,6.869999999999997,91.91875,3.65375,2
TNP_0009,2021-12-02,4.07675,5.19349,0.7849731105672678,22.487916666666667,26.91,18.58,8.330000000000002,89.94041666666668,3.339166666666667,2
TNP_0009,2021-12-03,4.71103,5.32974,0.8839136618296577,22.34958333333333,25.94,18.53,7.41,90.56291666666668,2.64875,2
TNP_0009,2021-12-04,5.15843,5.2747,0.9779570402108176,24.984166666666667,29.47,19.5,9.97,75.57833333333333,1.3733333333333333,2
TNP_0009,2021-12-05,4.622199999999999,4.87484,0.9481747093237932,25.60333333333333,30.41,20.83,9.580000000000002,81.9075,1.4037499999999998,2
TNP_0009,2021-12-06,3.08679,4.739529999999999,0.6512860979886193,24.99458333333333,29.28,21.98,7.300000000000001,88.48375,2.091666666666667,2
TNP_0009,2021-12-07,4.380520000000001,4.87217,0.8990901384803899,23.675,27.9,19.93,7.969999999999999,89.62291666666665,2.654166666666667,2
TNP_0009,2021-12-08,4.68538,5.4298,0.8629010276621607,23.934166666666663,28.02,19.91,8.11,91.50125,2.92,2
TNP_0009,2021-12-09,3.86683,5.47678,0.7060407757843112,23.38291666666667,26.94,19.96,6.98,92.13041666666668,3.32625,2
TNP_0009,2021-12-10,5.13163,5.54812,0.9249313280895152,23.926666666666662,28.14,19.83,8.310000000000002,89.53916666666667,3.435833333333333,2
TNP_0009,2021-12-11,4.2817,5.51361,0.7765692531753243,23.92375,27.82,21.42,6.399999999999999,90.61125,4.08375,2
TNP_0009,2021-12-12,3.88342,5.472989999999999,0.7095609529708624,23.85375,27.42,21.59,5.830000000000002,90.51416666666668,4.095833333333333,2
TNP_0009,2021-12-13,3.15494,5.39874,0.584384504532539,23.922083333333333,27.69,21.58,6.110000000000003,89.35125,4.345,2
TNP_0009,2021-12-14,3.27487,5.13069,0.6382903664029594,22.790000000000003,26.15,20.46,5.689999999999998,90.70666666666666,3.652083333333333,2
TNP_0009,2021-12-15,4.04278,4.82607,0.8376960964097081,22.352083333333336,26.84,18.9,7.940000000000001,88.52666666666666,4.185416666666667,2
TNP_0009,2021-12-16,4.332319999999999,4.68401,0.924916898127886,22.050416666666667,26.65,18.56,8.09,88.82041666666667,3.96,2
TNP_0009,2021-12-17,4.90026,5.03875,0.972515008682709,21.71291666666667,26.2,18.25,7.949999999999999,88.16291666666666,3.64,2
TNP_0009,2021-12-18,4.67119,4.97489,0.9389534240958092,20.905,25.91,16.45,9.46,87.15916666666668,3.892083333333333,2
TNP_0009,2021-12-19,5.256519999999999,5.36195,0.9803373772601384,20.30125,25.42,15.96,9.46,85.46041666666667,3.65625,2
TNP_0009,2021-12-20,4.10076,5.05666,0.8109621766146033,20.317083333333333,25.98,15.59,10.39,84.78666666666668,3.299583333333333,2
TNP_0009,2021-12-21,5.03894,5.05304,0.9972096005572882,20.40041666666667,26.21,15.41,10.8,80.74041666666666,2.174166666666667,2
TNP_0009,2021-12-22,4.546939999999999,4.76149,0.9549405753241106,20.124166666666667,26.17,15.09,11.080000000000002,82.02041666666666,1.9416666666666669,2
TNP_0009,2021-12-23,5.218109999999999,5.289689999999999,0.9864680160841184,19.90458333333333,26.22,14.69,11.53,77.03083333333333,1.9933333333333327,2
TNP_0009,2021-12-24,5.561649999999999,5.619470000000001,0.9897107734359288,20.96625,26.95,15.52,11.43,79.41791666666667,1.6875,2
TNP_0009,2021-12-25,5.4863800000000005,5.49506,0.9984203994132914,21.122916666666665,27.04,16.36,10.68,81.90708333333333,1.7716666666666667,2
TNP_0009,2021-12-26,4.98095,5.22422,0.953434196875323,21.33458333333333,27.01,16.49,10.520000000000003,85.935,2.1108333333333333,2
TNP_0009,2021-12-27,5.36661,5.55516,0.966058583371136,21.74416666666667,27.34,16.74,10.6,86.12625000000001,2.450833333333333,2
TNP_0009,2021-12-28,4.38456,5.52255,0.7939375831816823,21.40041666666667,26.83,17.11,9.72,87.84791666666666,2.872916666666667,2
TNP_0009,2021-12-29,4.724019999999999,5.66865,0.8333589126158786,21.78,27.4,17.54,9.86,85.88083333333333,2.922916666666667,2
TNP_0009,2021-12-30,3.27882,5.53526,0.5923515787876269,22.791666666666668,26.06,17.59,8.469999999999999,89.97208333333333,4.42125,2
TNP_0009,2021-12-31,2.69804,5.407109999999999,0.4989800466422913,23.42833333333333,27.01,21.13,5.880000000000003,90.88666666666668,5.1379166666666665,2
TNP_0009,2022-01-01,3.0330100000000004,5.27499,0.5749792890602637,23.116666666666664,26.83,20.43,6.399999999999999,89.95291666666667,4.891666666666667,2
TNP_0009,2022-01-02,4.60809,5.49118,0.8391802854759814,22.155,27.08,18.5,8.579999999999998,88.75583333333333,3.686666666666667,2
TNP_0009,2022-01-03,4.7401,5.259399999999999,0.9012625014260184,22.10375,27.11,17.95,9.16,87.38125000000001,3.1529166666666666,2
TNP_0009,2022-01-04,4.50113,5.05356,0.8906849824678048,20.79875,26.1,15.9,10.2,87.42791666666666,3.4141666666666666,2
TNP_0009,2022-01-05,4.96121,5.32036,0.9324951694998084,21.27208333333333,27.09,15.65,11.44,85.92750000000001,2.7550000000000003,2
TNP_0009,2022-01-06,4.693059999999999,5.343940000000001,0.8782022253243859,21.765,27.01,16.88,10.130000000000004,87.96458333333334,2.60375,2
TNP_0009,2022-01-07,4.7607,5.50641,0.8645741962549102,22.43875,27.37,17.81,9.560000000000002,87.34583333333335,2.5341666666666667,2
TNP_0009,2022-01-08,4.664149999999999,5.45772,0.85459679133411,22.080416666666665,26.97,18.54,8.43,87.1875,2.7045833333333333,2
TNP_0009,2022-01-09,5.04175,5.700399999999999,0.8844554768086452,22.36625,27.71,18.71,9.0,86.47125,2.0016666666666665,2
TNP_0009,2022-01-10,5.47544,5.79185,0.945369786855668,22.86208333333333,28.28,18.64,9.64,85.71083333333333,2.0791666666666666,2
TNP_0009,2022-01-11,5.11724,5.73203,0.8927448041967679,23.17375,28.42,19.04,9.380000000000004,85.00541666666668,2.14,2
TNP_0009,2022-01-12,4.76862,5.69285,0.8376507373284032,23.285416666666663,28.33,19.8,8.529999999999998,85.75625000000001,2.022083333333333,2
TNP_0009,2022-01-13,4.80389,5.72849,0.8385962094723043,23.894583333333333,28.71,20.02,8.690000000000001,86.08791666666667,1.98,2
TNP_0009,2022-01-14,4.80297,5.696689999999999,0.8431159146802794,24.215,28.78,20.76,8.02,86.56416666666667,1.9416666666666669,2
TNP_0009,2022-01-15,4.858639999999999,5.6782,0.8556655278081082,24.1225,28.87,20.57,8.3,86.31208333333332,2.234583333333333,2
TNP_0009,2022-01-16,4.68232,5.68387,0.8237908326545118,23.34083333333333,27.68,20.37,7.309999999999999,87.59249999999999,3.4370833333333333,2
TNP_0009,2022-01-17,3.33972,5.57525,0.5990260526433793,22.50583333333333,27.45,18.72,8.73,87.43124999999999,3.563333333333333,2
TNP_0009,2022-01-18,4.80975,5.58327,0.8614575329511202,21.9825,26.76,18.42,8.34,86.945,3.00625,2
TNP_0009,2022-01-19,5.32993,5.54886,0.960545048892926,21.512083333333333,27.32,16.36,10.96,80.29291666666667,2.5291666666666663,2
TNP_0009,2022-01-20,5.33788,5.416180000000001,0.985543316507206,21.525,27.9,15.78,12.12,79.86,1.93625,2
TNP_0009,2022-01-21,5.56343,5.571230000000001,0.9985999501007856,22.36458333333333,29.29,15.88,13.409999999999998,82.48916666666666,2.2825,2
TNP_0009,2022-01-22,5.664890000000001,5.72973,0.9886835854394536,23.44708333333333,30.79,17.45,13.34,80.16,2.276666666666667,2
TNP_0009,2022-01-23,4.894340000000001,5.10118,0.9594525188289768,23.876666666666665,29.31,18.85,10.459999999999996,84.62791666666666,2.275416666666666,2
TNP_0009,2022-01-24,4.41592,5.46381,0.8082125842589695,23.36875,28.93,19.54,9.39,83.82541666666667,2.12375,2
TNP_0009,2022-01-25,4.57853,5.23154,0.8751782457937816,23.55875,28.04,20.04,8.0,84.34958333333334,2.28125,2
TNP_0009,2022-01-26,4.12589,5.64565,0.7308086757060747,23.023750000000003,27.49,19.72,7.77,84.12333333333333,2.0066666666666664,2
TNP_0009,2022-01-27,4.81529,5.75556,0.8366327516349409,22.4025,27.58,18.12,9.459999999999996,83.50625000000001,2.924583333333333,2
TNP_0009,2022-01-28,3.42569,5.73632,0.5971929738926698,22.504583333333333,27.58,18.23,9.349999999999998,85.46083333333333,4.08625,2
TNP_0009,2022-01-29,3.48833,5.6603,0.6162800558274296,22.399583333333336,27.5,18.26,9.239999999999998,85.71791666666667,3.964166666666667,2
TNP_0009,2022-01-30,4.39276,5.69075,0.7719123138426394,23.105,28.35,18.06,10.290000000000004,85.07791666666667,2.353333333333333,2
TNP_0009,2022-01-31,4.79858,5.57788,0.8602874210273437,23.606666666666666,29.53,19.61,9.920000000000002,83.25916666666667,2.095,2
TNP_0009,2022-02-01,5.12341,5.571070000000001,0.919645597703852,22.187916666666663,28.55,16.19,12.36,79.79875,1.877916666666667,2
TNP_0009,2022-02-02,5.601850000000001,5.95591,0.94055316483963,21.512083333333333,28.57,15.33,13.24,77.52,2.2291666666666665,2
TNP_0009,2022-02-03,6.0844,6.1462200000000005,0.989941785357504,21.75791666666667,28.49,14.83,13.659999999999998,79.97583333333334,2.31,2
TNP_0009,2022-02-04,5.87122,5.88819,0.9971179598484424,23.83458333333333,30.9,16.95,13.95,80.41208333333334,2.39875,2
TNP_0009,2022-02-05,4.46354,5.157109999999999,0.8655118855327888,24.079166666666666,29.36,19.21,10.15,83.59416666666667,2.61375,2
TNP_0009,2022-02-06,4.825939999999999,5.77571,0.8355578794641696,23.027916666666663,28.53,17.99,10.540000000000004,82.03625000000001,2.724166666666666,2
TNP_0009,2022-02-07,5.525150000000001,6.08486,0.9080159609259704,22.447916666666668,28.92,17.28,11.64,80.19500000000001,2.59625,2
TNP_0009,2022-02-08,6.03626,6.1665,0.9788794291737616,22.05875,28.74,16.79,11.95,79.88625,2.8754166666666667,2
TNP_0009,2022-02-09,5.57106,6.263859999999999,0.8893972726082641,21.381666666666664,28.74,15.06,13.679999999999998,79.72458333333334,3.3275,2
TNP_0009,2022-02-10,6.1546,6.43398,0.9565774217513888,21.895416666666662,29.09,14.93,14.16,77.47875,3.215,2
TNP_0009,2022-02-11,4.52158,6.27126,0.7210002455646872,22.777083333333334,29.27,17.24,12.03,78.59041666666667,3.704166666666667,2
TNP_0009,2022-02-12,4.70292,6.14963,0.7647484482806282,23.10125,29.75,18.11,11.64,79.47208333333333,3.6466666666666665,2
TNP_0009,2022-02-13,5.09734,6.080220000000001,0.8383479545148037,22.88583333333333,29.51,18.0,11.510000000000002,79.50333333333333,3.178333333333333,2
TNP_0009,2022-02-14,4.0152,5.44541,0.7373549466431362,23.06875,29.88,17.75,12.13,76.67999999999999,3.26375,2
TNP_0009,2022-02-15,5.18471,6.13859,0.8446092669489248,22.631666666666664,29.22,17.56,11.66,72.64041666666667,3.1766666666666663,2
TNP_0009,2022-02-16,5.59474,5.98026,0.9355345754197976,23.0525,30.3,17.66,12.64,71.89916666666666,2.9104166666666664,2
TNP_0009,2022-02-17,5.73548,5.93063,0.9670945582509785,23.180833333333336,30.14,18.1,12.04,74.64041666666667,2.6991666666666667,2
TNP_0009,2022-02-18,5.85325,6.19742,0.9444656002013742,23.218333333333334,30.7,17.83,12.87,77.22583333333334,3.0704166666666666,2
TNP_0009,2022-02-19,5.2451300000000005,6.2553,0.8385097437373108,23.96291666666667,31.23,17.79,13.44,75.40583333333333,2.776666666666667,2
TNP_0009,2022-02-20,6.32021,6.35792,0.9940688149583512,24.456666666666667,32.66,17.97,14.689999999999998,72.55666666666666,2.4370833333333333,2
TNP_0009,2022-02-21,6.01291,6.06533,0.991357436446162,25.94833333333333,34.67,17.76,16.91,70.4175,2.3833333333333333,2
TNP_0009,2022-02-22,5.87212,5.99323,0.9797921988643852,25.62375,33.28,20.09,13.19,73.3975,2.6175,2
TNP_0009,2022-02-23,6.245640000000001,6.5513900000000005,0.9533305145930864,24.60375,32.5,19.26,13.239999999999998,73.4075,2.99875,2
TNP_0009,2022-02-24,6.53903,6.7371,0.9706001098395453,23.761666666666667,31.9,17.28,14.619999999999996,70.92125,2.565,2
TNP_0009,2022-02-25,6.90584,6.966489999999999,0.9912940375999968,22.80958333333333,31.69,16.65,15.040000000000004,70.76791666666666,3.17125,2
TNP_0009,2022-02-26,6.155270000000001,6.9845,0.8812756818669913,24.344166666666663,32.0,17.01,14.989999999999998,74.75875,3.04,2
TNP_0009,2022-02-27,6.15034,6.92507,0.888126762617562,24.175416666666667,32.35,17.51,14.84,72.01166666666667,3.171666666666667,2
TNP_0009,2022-02-28,7.13278,7.21072,0.9891910932611444,24.74625,33.45,17.06,16.390000000000004,68.11958333333332,2.607083333333333,2
TNP_0009,2022-03-01,7.21121,7.22929,0.997499062840196,24.688333333333333,33.9,17.29,16.61,62.958333333333336,3.0695833333333336,2
TNP_0009,2022-03-02,6.147939999999999,7.17415,0.8569572701992569,24.462083333333336,33.73,17.25,16.479999999999997,63.759166666666665,3.341666666666667,2
TNP_0009,2022-03-03,5.48158,6.771349999999999,0.8095254269828027,24.58375,32.81,18.5,14.310000000000002,71.26375,4.009166666666666,2
TNP_0009,2022-03-04,5.43575,6.69504,0.8119070237071025,25.554166666666664,33.16,19.82,13.339999999999996,68.05166666666666,4.5575,2
TNP_0009,2022-03-05,5.7281,6.80448,0.8418130408201656,25.34166666666667,31.41,20.47,10.94,69.54875,4.009166666666666,2
TNP_0009,2022-03-06,4.85896,6.88498,0.7057333499879448,25.37,32.85,20.66,12.19,69.27708333333334,4.319583333333333,2
TNP_0009,2022-03-07,3.46255,6.57904,0.5263001896933291,25.19125,31.44,21.11,10.330000000000002,72.385,2.782916666666667,2
TNP_0009,2022-03-08,6.82195,6.92165,0.9855959200479656,26.22958333333333,34.87,18.64,16.229999999999997,65.3725,2.5783333333333336,2
TNP_0009,2022-03-09,6.86859,6.89995,0.995455039529272,26.769166666666667,36.17,18.21,17.96,58.80041666666667,2.674583333333333,2
TNP_0009,2022-03-10,6.85342,6.8833,0.995659058881641,26.05125,35.34,19.15,16.190000000000005,59.28791666666667,3.1358333333333337,2
TNP_0009,2022-03-11,6.8424700000000005,7.03666,0.9724031003345338,26.01625,35.44,18.81,16.63,54.73125,3.237083333333333,2
TNP_0009,2022-03-12,6.99158,7.016649999999999,0.9964270698980284,26.56958333333333,35.84,19.43,16.410000000000004,50.23374999999999,3.1508333333333334,2
TNP_0009,2022-03-13,6.20616,6.61608,0.9380418616461712,27.02833333333333,35.54,21.2,14.34,54.22625,2.9725,2
TNP_0009,2022-03-14,6.420859999999999,6.49658,0.9883446367165492,27.29208333333333,36.48,19.44,17.039999999999996,55.937916666666666,2.9591666666666665,2
TNP_0009,2022-03-15,6.02313,6.4633,0.931897018550895,27.54083333333333,37.42,19.33,18.090000000000003,52.99875,3.054583333333333,2
TNP_0009,2022-03-16,6.27358,6.77179,0.926428610456024,28.098333333333333,38.67,19.49,19.180000000000003,46.91583333333333,3.047916666666667,2
TNP_0009,2022-03-17,5.757899999999999,6.784140000000001,0.8487295368314921,28.745833333333334,39.41,19.84,19.57,52.36958333333333,3.1779166666666665,2
TNP_0009,2022-03-18,5.96738,6.7441,0.8848297029996589,28.764166666666668,39.24,19.77,19.47,57.970416666666665,2.767916666666667,2
TNP_0009,2022-03-19,5.90322,6.23107,0.9473846385933716,29.81458333333333,38.66,20.71,17.949999999999996,58.209583333333335,2.5475,2
TNP_0009,2022-03-20,3.37184,5.6373500000000005,0.5981250055433848,31.321250000000003,38.85,23.93,14.920000000000002,51.75375,1.6925,2
TNP_0009,2022-03-21,5.63706,5.837350000000001,0.9656881975553976,30.977083333333336,39.07,23.82,15.25,55.50625,2.8120833333333333,2
TNP_0009,2022-03-22,4.92762,5.56748,0.885071881713091,30.462083333333336,38.32,23.53,14.79,58.99625,2.217083333333333,2
TNP_0009,2022-03-23,4.84838,5.414650000000001,0.8954189098094981,30.13875,37.43,24.34,13.09,64.34458333333333,2.64625,2
TNP_0009,2022-03-24,5.41532,6.01474,0.9003414943954352,29.961250000000003,37.79,24.18,13.61,63.91,2.66375,2
TNP_0009,2022-03-25,5.7887,6.33335,0.914002857887216,29.687083333333334,37.79,23.3,14.489999999999998,63.83416666666667,3.0104166666666665,2
TNP_0009,2022-03-26,5.71467,6.33871,0.9015509464859568,29.88125,38.2,23.15,15.050000000000004,62.94625,3.004583333333333,2
TNP_0009,2022-03-27,6.17138,6.55829,0.941004438657028,30.39208333333333,38.76,23.25,15.509999999999998,62.87375,3.185833333333333,2
TNP_0009,2022-03-28,6.70324,6.83926,0.9801118834493788,30.586250000000003,39.32,24.13,15.19,62.21083333333333,3.811666666666667,2
TNP_0009,2022-03-29,6.36137,6.75275,0.942041390544593,30.709166666666665,39.53,24.02,15.510000000000002,61.099583333333335,3.7591666666666663,2
TNP_0009,2022-03-30,6.36129,6.44984,0.9862709772645524,31.285833333333333,40.26,23.86,16.4,58.272083333333335,3.5904166666666666,2
TNP_0009,2022-03-31,6.2765200000000005,6.38058,0.9836911377962506,30.94458333333333,39.26,24.65,14.61,59.59375,3.487083333333333,2
TNP_0009,2022-04-01,6.31007,6.556439999999999,0.962423205276034,30.1275,37.91,24.45,13.459999999999996,63.86166666666667,4.25875,2
TNP_0009,2022-04-02,6.33069,6.78687,0.9327849214733744,30.41333333333333,39.12,24.51,14.609999999999996,60.8225,3.504583333333333,2
TNP_0009,2022-04-03,6.97288,7.232489999999999,0.9641050316004586,30.129583333333333,38.79,23.65,15.14,60.86333333333334,3.5904166666666666,2
TNP_0009,2022-04-04,6.86274,6.97301,0.9841861692439848,30.0575,38.94,23.51,15.429999999999996,61.20375000000001,3.5091666666666668,2
TNP_0009,2022-04-05,6.8933800000000005,7.10501,0.9702139757720256,29.975416666666664,39.26,22.68,16.58,55.93416666666667,3.160833333333333,2
TNP_0009,2022-04-06,7.137980000000001,7.232270000000001,0.986962599571089,29.79208333333333,38.45,22.59,15.860000000000005,59.352916666666665,3.0070833333333336,2
TNP_0009,2022-04-07,6.86855,7.121519999999999,0.9644780889473036,30.229166666666668,38.63,23.22,15.410000000000004,57.41458333333333,2.94625,2
TNP_0009,2022-04-08,6.6756,7.241689999999999,0.9218290205739268,30.286666666666665,37.63,24.04,13.590000000000003,58.92083333333333,2.86875,2
TNP_0009,2022-04-09,6.57832,7.33758,0.8965244671949062,29.3875,36.26,23.13,13.13,62.585,2.6695833333333336,2
TNP_0009,2022-04-10,6.08617,7.32413,0.8309751465361757,30.028333333333336,38.07,22.81,15.260000000000002,59.03333333333333,3.0575,2
TNP_0009,2022-04-11,5.63516,7.20059,0.782596981636227,29.79083333333333,36.74,23.5,13.240000000000002,61.22625,2.6766666666666663,2
TNP_0009,2022-04-12,5.53991,7.31513,0.7573221528530594,29.952916666666667,36.4,23.74,12.66,62.86541666666667,2.8487500000000003,2
TNP_0009,2022-04-13,4.58037,7.21701,0.63466310840639,29.0625,34.16,24.33,9.829999999999998,68.815,2.44375,2
TNP_0009,2022-04-14,6.645689999999999,7.32735,0.9069704599889454,30.70583333333333,38.11,24.26,13.849999999999998,55.305416666666666,3.17375,2
TNP_0009,2022-04-15,7.05953,7.30902,0.9658654648639624,32.503750000000004,41.04,25.05,15.989999999999998,52.15416666666667,3.5483333333333333,2
TNP_0009,2022-04-16,6.96571,7.08826,0.9827108486426852,32.84708333333334,41.82,25.86,15.96,54.70666666666667,2.935416666666667,2
TNP_0009,2022-04-17,6.27043,6.7512,0.9287874748192916,32.135,40.69,26.26,14.429999999999996,57.645833333333336,2.3816666666666664,2
TNP_0009,2022-04-18,6.33233,6.58011,0.9623440945516109,30.54833333333333,37.19,25.0,12.189999999999998,61.14791666666667,3.0883333333333334,2
TNP_0009,2022-04-19,6.243609999999999,6.696809999999999,0.9323259880450544,31.11708333333333,39.38,24.94,14.44,58.52333333333333,2.4970833333333333,2
TNP_0009,2022-04-20,6.64625,6.90339,0.9627516336176865,31.64583333333333,39.83,24.86,14.97,58.2075,3.4604166666666667,2
TNP_0009,2022-04-21,7.04832,7.20635,0.9780707292873644,30.1925,37.12,25.33,11.79,64.58583333333333,3.817916666666666,2
TNP_0009,2022-04-22,7.29177,7.43938,0.980158292760956,31.203333333333333,38.98,25.26,13.719999999999995,57.99208333333333,3.70625,2
TNP_0009,2022-04-23,6.69508,7.31729,0.9149671531400286,29.847916666666663,35.62,24.85,10.769999999999996,60.64666666666667,3.094583333333333,2
TNP_0009,2022-04-24,7.221850000000001,7.34979,0.9825926999274812,32.287083333333335,41.5,24.6,16.9,49.41333333333333,3.3166666666666664,2
TNP_0009,2022-04-25,7.154019999999999,7.18009,0.9963691262922888,31.91,40.94,24.46,16.479999999999997,53.09583333333333,3.545,2
TNP_0009,2022-04-26,7.12787,7.17246,0.9937831650507636,31.949166666666667,40.57,24.65,15.920000000000002,55.849583333333335,3.904166666666667,2
TNP_0009,2022-04-27,7.30606,7.33433,0.9961455238583484,31.78708333333333,40.75,24.69,16.06,56.255833333333335,3.724583333333333,2
TNP_0009,2022-04-28,7.37518,7.40438,0.9960563882458762,32.14791666666667,40.86,24.67,16.189999999999998,57.51916666666667,3.789583333333333,2
TNP_0009,2022-04-29,7.07415,7.11408,0.994387187099386,32.63583333333333,41.27,25.84,15.430000000000003,54.67416666666667,3.825833333333333,2
TNP_0009,2022-04-30,6.81821,6.891100000000001,0.9894225885562536,33.505833333333335,42.23,26.48,15.749999999999996,50.71666666666667,3.0504166666666666,2
TNP_0009,2022-05-01,6.35141,6.63333,0.95749947613039,32.93,41.33,26.63,14.7,54.68875,3.206666666666667,2
TNP_0009,2022-05-02,6.72226,6.89904,0.9743761450868528,32.68541666666667,40.66,26.86,13.799999999999995,54.307500000000005,2.7983333333333333,2
TNP_0009,2022-05-03,6.10912,6.503229999999999,0.939397806935938,31.39625,36.79,26.77,10.02,61.259166666666665,2.4683333333333333,2
TNP_0009,2022-05-04,5.175350000000001,6.34758,0.8153264708755149,30.663750000000004,36.46,25.58,10.880000000000004,64.85375,2.72125,2
TNP_0009,2022-05-05,5.46975,6.03737,0.905982240611392,31.55958333333333,38.49,25.56,12.930000000000003,57.134166666666665,2.739583333333333,2
TNP_0009,2022-05-06,5.969069999999999,6.50911,0.917033204232222,31.03875,38.1,24.96,13.14,57.12416666666667,2.9579166666666663,2
TNP_0009,2022-05-07,6.26796,6.44633,0.9723299924142884,30.916666666666668,39.02,24.85,14.170000000000002,62.535,2.4795833333333333,2
TNP_0009,2022-05-08,4.605770000000001,6.16561,0.747009622729949,31.64125,39.95,25.58,14.370000000000005,59.29958333333334,3.200833333333333,2
TNP_0009,2022-05-09,3.63081,6.40529,0.5668455292422357,30.36708333333333,35.6,25.84,9.760000000000002,61.4475,2.544583333333333,2
TNP_0009,2022-05-10,1.68326,6.50447,0.2587851123919397,29.09208333333333,34.72,25.12,9.599999999999998,62.587916666666665,5.0095833333333335,2
TNP_0009,2022-05-11,2.87114,6.59692,0.4352243168023866,29.757916666666663,35.89,25.22,10.670000000000002,62.94708333333333,6.578333333333333,2
TNP_0009,2022-05-12,1.84131,6.1457,0.2996094830531917,28.86125,34.02,25.02,9.000000000000004,70.89625,5.463333333333334,2
TNP_0009,2022-05-13,4.81886,6.61057,0.7289628579683749,27.86458333333333,32.09,24.86,7.230000000000004,74.23083333333334,2.9375,2
TNP_0009,2022-05-14,5.009399999999999,6.42964,0.7791104945222438,30.204166666666666,36.3,25.29,11.009999999999998,68.63291666666667,3.3154166666666662,2
TNP_0009,2022-05-15,6.14408,6.65484,0.92324984522543,27.402916666666663,30.13,25.12,5.009999999999998,84.17625,2.747083333333333,2
TNP_0009,2022-05-16,4.33472,6.37541,0.67991235073509,28.599166666666665,32.82,24.91,7.91,79.31125,2.148333333333333,2
TNP_0009,2022-05-17,5.55815,6.48138,0.8575565697428633,28.307916666666667,32.7,24.79,7.910000000000004,77.72125,1.9479166666666667,2
TNP_0009,2022-05-18,5.3982,6.85081,0.787965218711364,28.348333333333333,32.75,25.02,7.73,77.94333333333334,2.245416666666667,2
TNP_0009,2022-05-19,5.395449999999999,6.64899,0.8114691103460826,27.668333333333333,31.15,23.54,7.609999999999999,74.04583333333333,4.1675,2
TNP_0009,2022-05-20,6.080979999999999,6.7098,0.9062833467465496,26.655,31.1,22.84,8.260000000000002,71.92291666666667,4.962916666666667,2
TNP_0009,2022-05-21,6.339189999999999,6.80097,0.9321008620829088,29.752916666666668,36.58,22.72,13.86,60.709583333333335,5.57375,2
TNP_0009,2022-05-22,4.67508,6.55051,0.713697101447063,30.4475,37.26,24.1,13.159999999999997,59.7425,5.703749999999999,2
TNP_0009,2022-05-23,7.05425,7.12985,0.9893966913749938,31.674166666666668,39.53,23.87,15.66,58.965,3.803333333333333,2
TNP_0009,2022-05-24,6.97294,7.15001,0.9752349996713292,32.614583333333336,39.85,25.48,14.37,56.18416666666667,2.4691666666666667,2
TNP_0009,2022-05-25,5.9191400000000005,6.920439999999999,0.8553126679806488,30.90875,36.29,25.97,10.32,62.84041666666667,2.4229166666666666,2
TNP_0009,2022-05-26,6.334359999999999,6.71477,0.9433472777176284,30.30458333333333,35.86,25.55,10.31,66.23875,2.7579166666666666,2
TNP_0009,2022-05-27,6.761909999999999,6.9638800000000005,0.9709974899050527,29.579166666666666,35.1,24.64,10.46,62.776250000000005,3.730833333333333,2
TNP_0009,2022-05-28,6.85513,7.03886,0.973897761853482,30.137916666666666,37.3,24.35,12.949999999999996,58.02041666666667,4.4225,2
TNP_0009,2022-05-29,7.02392,7.21957,0.9729000480638044,30.537916666666664,37.05,24.2,12.849999999999998,56.80083333333334,3.4066666666666667,2
TNP_0009,2022-05-30,6.587890000000001,7.08016,0.9304719102393167,31.19541666666667,38.41,24.5,13.909999999999997,55.6025,3.45125,2
TNP_0009,2022-05-31,6.65421,7.05363,0.943373837300794,29.85083333333333,35.56,24.75,10.810000000000002,61.004583333333336,3.834583333333333,2
TNP_0009,2022-06-01,6.39709,6.77146,0.9447135477430274,29.87,35.68,24.72,10.96,62.07041666666667,4.314583333333333,2
TNP_0009,2022-06-02,5.81108,6.5146,0.892008718877598,30.985,36.99,24.92,12.07,59.49458333333333,2.245,2
TNP_0009,2022-06-03,6.2654,6.37686,0.9825211781346932,30.870416666666667,36.96,26.0,10.96,58.08083333333334,2.517916666666667,2
TNP_0009,2022-06-04,6.30462,6.42978,0.9805343262133386,28.75333333333333,32.08,26.11,5.969999999999999,57.66041666666666,2.4125,2
TNP_0009,2022-06-05,6.13469,6.36734,0.9634619794136956,30.039166666666663,36.12,25.22,10.9,58.45541666666667,2.231666666666667,2
TNP_0009,2022-06-06,5.66895,6.35565,0.8919544027754832,27.77958333333333,31.45,24.47,6.98,73.71958333333333,2.4345833333333333,2
TNP_0009,2022-06-07,4.87702,6.26036,0.7790318767610809,29.348333333333333,34.99,24.54,10.450000000000005,66.49458333333332,3.90875,2
TNP_0009,2022-06-08,6.50605,6.55443,0.992618732673932,30.615,36.84,24.76,12.080000000000002,59.32708333333334,3.484583333333333,2
TNP_0009,2022-06-09,6.57924,6.714519999999999,0.9798526179086516,29.7775,36.19,24.82,11.369999999999996,61.7175,3.4341666666666666,2
TNP_0009,2022-06-10,5.86212,6.79809,0.8623186806882521,30.6525,37.69,24.78,12.909999999999997,57.20875,3.67875,2
TNP_0009,2022-06-11,5.2463500000000005,6.88329,0.7621863963308245,30.189166666666665,35.87,24.94,10.929999999999996,56.88458333333333,2.3833333333333333,2
TNP_0009,2022-06-12,6.86362,7.05728,0.9725588328647864,29.785416666666663,36.0,24.82,11.18,59.677083333333336,2.36125,2
TNP_0009,2022-06-13,6.55531,7.134390000000001,0.9188325841452456,29.826666666666668,35.86,24.7,11.16,63.02,2.5504166666666666,2
TNP_0009,2022-06-14,6.81269,7.15266,0.95246943095296,29.594583333333333,35.08,25.0,10.079999999999998,67.60916666666667,2.70375,2
TNP_0009,2022-06-15,6.45098,7.082859999999999,0.9107874502672648,28.565,33.7,24.81,8.890000000000004,70.55,2.8495833333333334,2
TNP_0009,2022-06-16,6.36756,6.83873,0.9311027047419624,27.926666666666662,31.76,24.6,7.16,77.10791666666667,2.0245833333333336,2
TNP_0009,2022-06-17,5.2982,6.466279999999999,0.8193582709069203,27.865,32.83,24.03,8.799999999999997,75.89708333333333,2.810833333333333,2
TNP_0009,2022-06-18,5.76384,6.73805,0.8554166264720505,27.969166666666663,33.08,24.05,9.029999999999998,74.48541666666667,2.55625,2
TNP_0009,2022-06-19,6.30398,6.81264,0.9253358463092136,27.883333333333336,31.99,24.22,7.77,77.68583333333333,2.299166666666667,2
TNP_0009,2022-06-20,6.04212,7.01747,0.8610111621424815,27.594583333333333,31.92,23.58,8.340000000000003,75.47208333333333,2.83,2
TNP_0009,2022-06-21,5.48868,6.99542,0.7846105023000763,27.35458333333333,31.96,23.09,8.870000000000001,77.13583333333334,3.1225,2
TNP_0009,2022-06-22,4.9993,6.96467,0.7178085968179396,27.20208333333333,32.07,23.0,9.07,76.27374999999999,2.3154166666666667,2
TNP_0009,2022-06-23,4.18785,6.7058,0.6245116168093292,28.18125,33.06,23.99,9.070000000000004,73.1725,2.5829166666666663,2
TNP_0009,2022-06-24,6.61887,7.01438,0.9436144035538424,27.215416666666663,31.88,23.19,8.689999999999998,75.40333333333334,3.835833333333333,2
TNP_0009,2022-06-25,4.54242,6.775060000000001,0.670461959008481,27.285833333333333,33.12,23.14,9.979999999999997,72.12375,4.3220833333333335,2
TNP_0009,2022-06-26,6.09422,6.80691,0.8952990417090868,27.639166666666668,33.09,23.02,10.070000000000004,72.84291666666667,3.5966666666666662,2
TNP_0009,2022-06-27,5.31226,6.89981,0.7699139541523607,28.4725,34.05,23.04,11.009999999999998,68.78333333333333,2.9729166666666664,2
TNP_0009,2022-06-28,5.69414,6.8699,0.8288534039796795,29.361666666666668,35.79,23.53,12.259999999999998,65.06625,3.1333333333333333,2
TNP_0009,2022-06-29,6.365279999999999,6.99407,0.9100966962012104,29.905,35.94,24.09,11.849999999999998,67.46833333333333,2.9745833333333334,2
TNP_0009,2022-06-30,6.29215,6.97253,0.902419925048727,28.611666666666665,33.52,24.46,9.060000000000002,72.83916666666667,3.9416666666666655,2
TNP_0009,2022-07-01,6.52473,6.97348,0.935649059006407,28.692083333333333,34.07,24.35,9.72,71.65958333333333,4.251666666666666,2
TNP_0009,2022-07-02,5.95582,6.68087,0.8914737152496607,28.480416666666667,33.94,24.42,9.519999999999996,71.42791666666666,4.447916666666667,2
TNP_0009,2022-07-03,5.20032,6.88017,0.7558417887930095,28.4975,33.93,23.93,10.0,71.86625,3.7125,2
TNP_0009,2022-07-04,4.57736,6.829359999999999,0.670247285250741,28.285833333333333,33.82,23.78,10.04,67.94125,5.152083333333334,2
TNP_0009,2022-07-05,3.85845,6.38045,0.6047300738976091,27.456666666666667,32.84,23.19,9.650000000000002,73.81541666666666,4.2025,2
TNP_0009,2022-07-06,3.49242,6.47716,0.5391900153771098,27.530416666666667,32.7,23.25,9.450000000000005,71.86208333333333,4.0425,2
TNP_0009,2022-07-07,3.93117,6.54311,0.6008106236942372,27.24875,32.63,23.41,9.220000000000002,73.93541666666667,4.5,2
TNP_0009,2022-07-08,4.20126,6.699350000000001,0.6271145708165717,27.720416666666665,33.27,23.47,9.800000000000004,69.46583333333334,5.232916666666667,2
TNP_0009,2022-07-09,4.038320000000001,6.78724,0.5949870639611979,27.86,33.38,23.34,10.040000000000004,69.99875,5.172083333333333,2
TNP_0009,2022-07-10,3.41127,6.13707,0.5558466825374324,27.84708333333333,33.41,23.38,10.029999999999998,69.24166666666666,5.27125,2
TNP_0009,2022-07-11,3.04895,6.08009,0.5014646164777166,27.85875,33.93,23.25,10.68,67.57625,6.04375,2
TNP_0009,2022-07-12,5.49143,6.57552,0.8351324305910407,28.182916666666667,33.91,23.28,10.629999999999995,65.11916666666666,6.96625,2
TNP_0009,2022-07-13,4.99122,6.556649999999999,0.7612454530896114,28.15625,33.94,23.59,10.349999999999998,63.85041666666667,7.31375,2
TNP_0009,2022-07-14,5.1364600000000005,6.908399999999999,0.7435093509350936,28.415000000000003,34.57,23.15,11.420000000000002,61.66708333333333,7.62875,2
TNP_0009,2022-07-15,5.55986,6.84661,0.812060275085042,29.0475,35.49,23.24,12.250000000000004,62.45583333333334,5.640416666666667,2
TNP_0009,2022-07-16,4.61613,6.74121,0.6847628244780982,28.77916666666667,34.99,24.07,10.920000000000002,71.83375,4.326666666666667,2
TNP_0009,2022-07-17,4.5741700000000005,6.4271400000000005,0.7116960265374646,28.17708333333333,34.09,24.02,10.070000000000004,73.13666666666667,4.067916666666666,2
TNP_0009,2022-07-18,4.236140000000001,6.83032,0.620196418323007,27.24083333333333,31.5,23.84,7.66,75.19083333333333,3.2416666666666667,2
TNP_0009,2022-07-19,6.63419,7.12355,0.9313039144808418,28.7725,34.19,23.79,10.4,71.72958333333334,2.4095833333333334,2
TNP_0009,2022-07-20,5.9993,6.85077,0.8757117813034155,27.9075,31.78,24.88,6.900000000000002,78.66833333333334,2.0841666666666665,2
TNP_0009,2022-07-21,6.22819,6.97999,0.8922921093010161,27.18041666666667,30.3,24.4,5.900000000000002,79.82583333333334,2.1283333333333334,2
TNP_0009,2022-07-22,4.64838,6.56189,0.7083904180045688,25.897916666666664,28.61,23.58,5.030000000000001,85.04708333333333,2.169583333333333,2
TNP_0009,2022-07-23,5.93747,6.77448,0.87644660549592,27.87,33.34,23.56,9.780000000000005,73.24583333333334,2.984583333333333,2
TNP_0009,2022-07-24,4.86562,6.741779999999999,0.7217114767909959,27.48166666666667,32.61,23.49,9.12,72.44916666666667,3.40375,2
TNP_0009,2022-07-25,6.47842,7.00609,0.924684096264821,27.75,32.42,23.36,9.060000000000002,72.465,2.4533333333333336,2
TNP_0009,2022-07-26,4.41144,6.70262,0.6581665080222361,25.631666666666664,29.18,23.18,6.0,83.07958333333333,2.747083333333333,2
TNP_0009,2022-07-27,6.46006,6.97597,0.926044693426147,26.792916666666667,30.68,23.25,7.43,81.52333333333333,2.0541666666666667,2
TNP_0009,2022-07-28,6.7561800000000005,7.110399999999999,0.9501828307830784,27.030416666666667,31.41,23.66,7.75,79.49708333333334,1.5804166666666666,2
TNP_0009,2022-07-29,5.82192,7.06918,0.823563694799114,27.141666666666666,31.19,23.66,7.530000000000001,79.335,1.7075000000000002,2
TNP_0009,2022-07-30,5.9244200000000005,6.86569,0.862902344848078,28.27083333333333,33.67,23.64,10.03,75.55791666666667,2.1179166666666664,2
TNP_0009,2022-07-31,6.1077,6.58458,0.9275762463209498,27.764166666666668,32.18,24.17,8.009999999999998,79.64666666666666,1.7666666666666666,2
TNP_0009,2022-08-01,6.344390000000001,6.69762,0.9472603701016185,28.419583333333332,33.47,24.44,9.029999999999998,76.73375,1.7204166666666667,2
TNP_0009,2022-08-02,3.8256,6.68255,0.5724760757495267,28.01,33.27,24.13,9.140000000000004,77.32291666666667,2.276666666666667,2
TNP_0009,2022-08-03,2.3865,6.66965,0.3578148778421656,26.237916666666667,29.41,22.98,6.43,82.19208333333334,1.4720833333333332,2
TNP_0009,2022-08-04,3.43296,6.62607,0.5180989636390803,26.28458333333333,30.3,22.96,7.34,80.8775,2.066666666666667,2
TNP_0009,2022-08-05,3.42789,6.895899999999999,0.4970910251018721,26.56875,31.92,22.24,9.680000000000003,78.84333333333333,5.0062500000000005,2
TNP_0009,2022-08-06,3.85547,6.89882,0.5588593411626916,26.7525,32.17,22.12,10.05,79.72625000000001,4.704166666666667,2
TNP_0009,2022-08-07,4.430809999999999,6.90936,0.641276471337432,26.76833333333333,31.84,22.87,8.969999999999999,78.1575,5.0320833333333335,2
TNP_0009,2022-08-08,5.16566,6.74354,0.7660160687116855,26.901666666666667,31.24,22.64,8.599999999999998,76.32958333333333,5.66,2
TNP_0009,2022-08-09,6.0874,6.83782,0.8902544963160773,26.99458333333333,32.65,21.83,10.82,72.03791666666667,5.896249999999999,2
TNP_0009,2022-08-10,6.15832,7.001180000000001,0.8796117225953338,27.37333333333333,34.11,21.67,12.439999999999998,70.62708333333333,5.54375,2
TNP_0009,2022-08-11,6.34924,7.03128,0.902999169425766,27.85625,33.88,22.59,11.290000000000004,71.18666666666667,4.8533333333333335,2
TNP_0009,2022-08-12,6.05602,7.0489,0.8591439799117594,28.43625,35.32,22.71,12.61,69.89791666666666,4.607916666666667,2
TNP_0009,2022-08-13,6.552239999999999,7.09126,0.9239881205878784,27.701666666666668,33.5,23.0,10.5,70.69375000000001,4.2491666666666665,2
TNP_0009,2022-08-14,5.45433,6.92318,0.7878359366649429,28.83791666666667,35.8,22.79,13.009999999999998,66.67958333333333,3.322083333333333,2
TNP_0009,2022-08-15,5.77021,6.90355,0.8358322891845499,28.50208333333333,34.4,23.5,10.9,69.90958333333334,2.7783333333333338,2
TNP_0009,2022-08-16,5.77177,6.65153,0.867735693892984,27.85083333333333,32.51,24.31,8.2,77.8875,2.405416666666667,2
TNP_0009,2022-08-17,5.82546,6.67087,0.8732684042711071,26.49291666666667,29.71,24.43,5.280000000000001,84.22125,2.2879166666666664,2
TNP_0009,2022-08-18,6.36414,6.82811,0.9320500109107792,27.062916666666663,31.19,23.89,7.300000000000001,78.55333333333333,2.3520833333333333,2
TNP_0009,2022-08-19,4.47058,6.79149,0.6582620308650974,26.66333333333333,30.37,23.66,6.710000000000001,78.79375,3.2841666666666662,2
TNP_0009,2022-08-20,4.847569999999999,6.77141,0.7158878283843394,28.015833333333333,33.43,23.51,9.919999999999998,72.40833333333333,4.109166666666667,2
TNP_0009,2022-08-21,5.93745,6.7554300000000005,0.878915183785488,28.061666666666667,34.06,23.49,10.570000000000004,75.38708333333334,3.95875,2
TNP_0009,2022-08-22,6.28789,6.95109,0.90459050307218,27.61791666666667,33.11,23.24,9.87,76.97333333333334,4.360416666666667,2
TNP_0009,2022-08-23,6.19808,6.91791,0.8959468972565413,28.322916666666668,33.9,23.05,10.849999999999998,73.73541666666667,3.65625,2
TNP_0009,2022-08-24,4.94289,6.62732,0.7458354206526923,26.675,30.68,23.67,7.009999999999998,79.65291666666667,2.790833333333333,2
TNP_0009,2022-08-25,5.1688,6.77988,0.7623733753399765,26.8375,30.49,23.18,7.309999999999999,80.16541666666667,2.8191666666666664,2
TNP_0009,2022-08-26,5.82734,6.82496,0.8538277147411854,26.03,29.83,23.05,6.779999999999998,86.21499999999999,1.9508333333333332,2
TNP_0009,2022-08-27,5.1475,6.61579,0.778062786152523,26.8925,31.05,23.23,7.82,82.65458333333333,1.9183333333333328,2
TNP_0009,2022-08-28,6.03908,6.89842,0.8754294461630345,27.035833333333333,31.07,23.03,8.04,80.66,1.9175,2
TNP_0009,2022-08-29,5.00239,6.65325,0.7518716416788788,26.336250000000003,29.45,23.47,5.98,84.82125,1.21375,2
TNP_0009,2022-08-30,5.19012,6.82493,0.7604649424975788,26.826666666666668,31.2,23.5,7.699999999999999,82.76416666666667,1.8495833333333331,2
TNP_0009,2022-08-31,2.1781,6.9828,0.311923583662714,25.64916666666667,28.22,22.68,5.539999999999999,84.29625,1.3925,2
TNP_0009,2022-09-01,2.10375,7.02908,0.2992923682757914,26.078333333333333,30.6,22.5,8.100000000000001,83.63291666666667,1.5145833333333334,2
TNP_0009,2022-09-02,6.2530600000000005,7.002269999999999,0.893004697048243,26.08666666666667,30.25,22.74,7.510000000000002,84.21375,1.6016666666666666,2
TNP_0009,2022-09-03,6.29325,6.8694,0.9161280461175648,27.0475,32.08,22.64,9.439999999999998,82.07041666666667,1.575,2
TNP_0009,2022-09-04,6.22754,6.83772,0.9107626518781116,26.955,31.01,23.5,7.510000000000002,85.74916666666667,1.5458333333333334,2
TNP_0009,2022-09-05,6.5749,6.84422,0.9606500083281952,27.405416666666667,32.0,23.77,8.23,83.08375,1.86875,2
TNP_0009,2022-09-06,5.67555,6.79082,0.8357679926724608,27.1575,31.57,23.84,7.73,83.13541666666667,1.7670833333333331,2
TNP_0009,2022-09-07,3.87443,6.80169,0.5696275484475182,26.245833333333334,30.0,23.05,6.949999999999999,82.16458333333334,1.955,2
TNP_0009,2022-09-08,2.70425,6.875640000000001,0.393308841067886,25.79875,29.44,22.95,6.490000000000002,85.53166666666668,2.30875,2
TNP_0009,2022-09-09,5.08593,6.83128,0.7445061540443373,26.83083333333333,30.79,23.43,7.359999999999999,83.41041666666666,2.9720833333333334,2
TNP_0009,2022-09-10,3.96469,6.88532,0.5758178269129104,26.69375,31.6,23.0,8.600000000000001,82.27166666666666,4.0720833333333335,2
TNP_0009,2022-09-11,4.61341,6.89137,0.6694474393335432,26.2025,30.44,22.37,8.07,81.66666666666667,4.316666666666666,2
TNP_0009,2022-09-12,6.14744,6.911569999999999,0.8894419068315882,26.313333333333333,31.57,22.17,9.4,80.48541666666667,4.248333333333333,2
TNP_0009,2022-09-13,6.29257,6.95899,0.9042361032276236,27.25916666666667,32.14,22.26,9.88,79.31375,3.247916666666667,2
TNP_0009,2022-09-14,6.340949999999999,6.84486,0.9263812554237778,27.241666666666664,31.41,23.39,8.02,80.4825,2.1595833333333334,2
TNP_0009,2022-09-15,5.06991,6.78045,0.747724708537044,25.615,28.93,23.25,5.68,83.32458333333334,2.53625,2
TNP_0009,2022-09-16,6.75177,6.92148,0.9754806775429532,27.084166666666665,31.31,23.05,8.259999999999998,80.12458333333333,2.6925000000000003,2
TNP_0009,2022-09-17,6.05297,6.8629,0.881984292354544,27.464166666666667,32.28,23.47,8.810000000000002,77.97458333333334,2.6395833333333334,2
TNP_0009,2022-09-18,5.2283100000000005,6.78284,0.770814290179335,27.621666666666663,31.81,23.59,8.219999999999999,76.60625,2.8441666666666667,2
TNP_0009,2022-09-19,4.99763,6.36275,0.7854512592825429,26.2825,30.31,22.24,8.07,80.83,2.874166666666667,2
TNP_0009,2022-09-20,4.91779,6.8394,0.7190382197268766,25.714166666666667,31.57,20.94,10.63,73.00375,3.985416666666667,2
TNP_0009,2022-09-21,6.83514,7.02603,0.9728310297564912,26.896666666666665,32.59,20.73,11.860000000000005,72.42666666666666,3.3395833333333336,2
TNP_0009,2022-09-22,6.07929,6.71431,0.9054228952788894,27.105833333333333,32.67,22.59,10.080000000000002,70.72666666666667,3.1329166666666666,2
TNP_0009,2022-09-23,6.51137,6.86446,0.9485625963295,26.75583333333333,32.06,22.42,9.64,70.00708333333334,3.519166666666667,2
TNP_0009,2022-09-24,5.95653,6.970230000000001,0.8545672094034199,27.52583333333333,33.6,22.37,11.23,72.36291666666666,3.334583333333333,2
TNP_0009,2022-09-25,6.1843900000000005,6.86761,0.9005156087780175,27.824583333333333,33.3,22.1,11.199999999999996,75.35125000000001,2.0966666666666667,2
TNP_0009,2022-09-26,4.471760000000001,6.38351,0.7005174269328317,27.94833333333333,32.62,23.54,9.079999999999998,78.74458333333332,1.25125,2
TNP_0009,2022-09-27,4.98134,6.41097,0.7770025440767935,26.98958333333333,30.9,23.86,7.039999999999999,81.10208333333334,1.9,2
TNP_0009,2022-09-28,3.08033,6.278689999999999,0.4906007463340283,25.29625,27.62,23.08,4.540000000000003,86.98375,3.2904166666666668,2
TNP_0009,2022-09-29,3.05341,6.31884,0.4832231865342373,26.391666666666666,30.35,22.98,7.370000000000001,81.66958333333334,2.4516666666666667,2
TNP_0009,2022-09-30,3.11827,6.2358400000000005,0.5000561271616975,25.22833333333333,28.46,22.71,5.75,84.41583333333334,3.8129166666666663,2
TNP_0009,2022-10-01,3.65878,6.25501,0.5849359153702393,24.390416666666667,27.99,21.97,6.02,83.47875,4.58625,2
TNP_0009,2022-10-02,3.72326,6.23217,0.5974259367122526,25.679166666666664,30.23,22.08,8.150000000000002,77.60833333333333,4.5925,2
TNP_0009,2022-10-03,4.11696,6.28708,0.6548286326879887,26.72958333333333,30.92,22.93,7.990000000000002,77.60708333333334,4.118333333333333,2
TNP_0009,2022-10-04,3.17169,5.505310000000001,0.5761146965384328,26.005,29.72,23.37,6.349999999999998,83.59958333333333,2.872916666666667,2
TNP_0009,2022-10-05,1.64972,5.44515,0.3029705334104662,24.707916666666662,26.8,22.8,4.0,90.15833333333336,2.1325,2
TNP_0009,2022-10-06,3.47387,5.5295,0.628243059951171,25.59875,29.33,22.62,6.709999999999997,84.89666666666666,1.5329166666666667,2
TNP_0009,2022-10-07,4.2141,6.0391,0.6978026527131526,26.16416666666667,30.02,22.7,7.32,81.19625,1.1966666666666663,2
TNP_0009,2022-10-08,3.77528,6.12937,0.6159327957033105,25.98125,30.4,23.17,7.229999999999997,85.57458333333334,1.9108333333333332,2
TNP_0009,2022-10-09,4.090990000000001,6.28822,0.6505799733469886,25.614166666666662,29.39,23.2,6.190000000000001,88.93291666666666,2.845416666666667,2
TNP_0009,2022-10-10,3.84456,6.03543,0.6369985237174485,26.043333333333333,29.55,23.47,6.080000000000002,87.85291666666666,2.5616666666666665,2
TNP_0009,2022-10-11,4.83235,6.1937,0.7802040783376657,25.825833333333332,29.44,23.14,6.300000000000001,89.26375,3.401666666666667,2
TNP_0009,2022-10-12,5.88025,6.256069999999999,0.9399271427589526,26.050833333333333,29.66,23.06,6.600000000000001,86.88541666666667,1.9754166666666664,2
TNP_0009,2022-10-13,5.54794,6.39573,0.8674443730426394,26.005416666666665,30.16,22.93,7.23,85.61333333333333,1.71,2
TNP_0009,2022-10-14,4.87739,6.36804,0.7659169854460713,26.499583333333334,31.88,22.87,9.009999999999998,82.42791666666666,1.72875,2
TNP_0009,2022-10-15,5.50196,6.2268,0.8835934990685426,25.9675,30.52,22.66,7.859999999999999,86.68333333333334,2.620416666666667,2
TNP_0009,2022-10-16,5.3644300000000005,6.29556,0.8520973511490638,26.12833333333333,29.7,23.21,6.489999999999998,87.31374999999998,2.279583333333333,2
TNP_0009,2022-10-17,4.65688,6.35493,0.7327980009221188,26.249166666666667,30.16,23.41,6.75,86.05291666666666,2.0866666666666664,2
TNP_0009,2022-10-18,5.57984,6.4033500000000005,0.8713938797660599,26.51875,30.39,23.21,7.18,83.41208333333334,1.3125,2
TNP_0009,2022-10-19,6.04224,6.2485,0.9669904777146514,25.953333333333333,30.28,22.75,7.530000000000001,84.38916666666667,1.93125,2
TNP_0009,2022-10-20,4.55992,6.093190000000001,0.7483633367743332,25.36583333333333,28.61,22.73,5.879999999999999,90.09416666666664,2.2245833333333334,2
TNP_0009,2022-10-21,4.358020000000001,6.167820000000001,0.7065737975492151,25.557916666666667,29.6,22.92,6.68,88.90750000000001,2.689166666666667,2
TNP_0009,2022-10-22,4.95427,5.936310000000001,0.8345706339460034,25.260416666666668,28.46,22.08,6.380000000000003,89.21416666666666,3.8625,2
TNP_0009,2022-10-23,4.91356,6.13145,0.8013699858924073,24.777083333333334,30.59,19.05,11.54,76.72583333333334,3.37875,2
TNP_0009,2022-10-24,5.95079,6.27001,0.9490878004979256,23.047916666666666,30.55,17.05,13.5,66.78708333333333,3.8883333333333336,2
TNP_0009,2022-10-25,6.43266,6.4523,0.9969561241727756,24.3275,30.76,16.89,13.87,65.54958333333333,2.2425,2
TNP_0009,2022-10-26,6.13953,6.25893,0.9809232568506118,23.69833333333333,30.22,18.66,11.56,71.33041666666666,2.5175,2
TNP_0009,2022-10-27,3.83733,6.169029999999999,0.6220313404214277,24.569166666666664,30.17,18.46,11.71,80.30375,3.0108333333333337,2
TNP_0009,2022-10-28,5.33371,5.896730000000001,0.9045199627590206,24.361666666666665,28.09,21.61,6.48,88.87416666666667,3.843333333333333,2
TNP_0009,2022-10-29,1.84277,5.60991,0.3284847707004212,24.975416666666664,29.66,21.75,7.91,84.94916666666667,3.807083333333333,2
TNP_0009,2022-10-30,4.11978,5.5385,0.7438440010833257,25.04375,29.87,21.69,8.18,84.16708333333334,3.6225,2
TNP_0009,2022-10-31,3.0,5.66734,0.529348865605381,23.92375,26.34,22.01,4.329999999999998,90.90291666666668,3.8241666666666663,2
TNP_0009,2022-11-01,0.93241,5.61035,0.1661946224388852,23.34208333333333,25.65,21.18,4.469999999999999,91.77458333333334,2.7258333333333336,2
TNP_0009,2022-11-02,1.66882,5.78984,0.2882324900169953,23.771666666666665,27.91,20.82,7.09,89.61083333333333,3.59,2
TNP_0009,2022-11-03,3.37299,5.73808,0.587825544432981,23.82333333333333,27.85,20.82,7.030000000000001,88.71041666666667,3.263333333333333,2
TNP_0009,2022-11-04,4.745640000000001,5.89696,0.8047604189277188,23.9275,27.38,21.19,6.189999999999998,86.07208333333334,2.766666666666667,2
TNP_0009,2022-11-05,3.82546,5.977729999999999,0.639951955006332,24.714166666666667,29.24,21.19,8.049999999999997,87.40541666666667,2.95375,2
TNP_0009,2022-11-06,4.65598,5.68146,0.8195041415410826,24.13625,28.94,20.69,8.25,86.00083333333333,3.720833333333333,2
TNP_0009,2022-11-07,4.39694,5.71871,0.7688692030195621,24.399583333333336,28.85,20.64,8.21,86.56291666666665,3.7745833333333336,2
TNP_0009,2022-11-08,3.59826,5.4099200000000005,0.6651225896131551,24.519583333333333,28.75,21.73,7.02,87.96291666666667,3.849583333333333,2
TNP_0009,2022-11-09,4.76658,5.6931400000000005,0.8372497426727605,24.504166666666663,29.32,21.12,8.2,86.36874999999999,3.7304166666666663,2
TNP_0009,2022-11-10,4.04116,5.662100000000001,0.7137210575581496,24.55958333333333,28.91,21.32,7.59,86.57208333333334,4.744583333333334,2
TNP_0009,2022-11-11,0.6598999999999999,5.480779999999999,0.1204025704370545,24.256666666666664,25.51,22.0,3.5100000000000016,93.27166666666666,5.805833333333333,2
TNP_0009,2022-11-12,1.6861,5.77429,0.2920012676883218,24.15625,26.77,21.75,5.02,92.02958333333332,3.266666666666667,2
TNP_0009,2022-11-13,2.6226700000000003,5.75588,0.4556505695045762,24.17708333333333,27.37,21.82,5.550000000000001,91.56958333333334,2.5170833333333333,2
TNP_0009,2022-11-14,3.9464,5.59507,0.7053352326244355,24.526666666666667,28.63,21.69,6.939999999999998,90.17708333333331,3.065,2
TNP_0009,2022-11-15,4.415109999999999,5.184399999999999,0.8516144587608981,24.192916666666665,28.73,20.19,8.54,87.20333333333333,2.9566666666666666,2
TNP_0009,2022-11-16,4.57988,5.02709,0.9110399853593232,22.2375,27.29,17.34,9.95,87.07375,3.1154166666666665,2
TNP_0009,2022-11-17,5.42452,5.77879,0.9386947786647378,21.282083333333333,27.87,17.03,10.84,80.13250000000001,3.7470833333333338,2
TNP_0009,2022-11-18,4.67014,5.82233,0.8021084342522667,21.90041666666667,27.74,17.15,10.59,81.685,3.8191666666666655,2
TNP_0009,2022-11-19,4.506,5.69886,0.7906844526800098,21.16958333333333,27.01,16.3,10.71,80.85125000000001,3.9483333333333337,2
TNP_0009,2022-11-20,3.96233,5.55807,0.7128967429341481,21.08708333333333,25.87,16.3,9.57,76.51291666666667,4.492083333333333,2
TNP_0009,2022-11-21,2.66442,5.23387,0.5090726365003335,21.267916666666668,23.52,19.24,4.280000000000001,90.43833333333332,4.510833333333333,2
TNP_0009,2022-11-22,2.47601,5.503430000000001,0.4499030604550252,23.95958333333333,27.42,20.91,6.510000000000002,92.35708333333334,3.3516666666666666,2
TNP_0009,2022-11-23,2.06604,5.25494,0.3931614823385234,24.92333333333333,28.84,21.91,6.93,90.42333333333332,2.4320833333333334,2
TNP_0009,2022-11-24,2.7152,5.013529999999999,0.5415744994046111,24.192916666666665,28.16,21.33,6.830000000000002,89.23375,2.1875,2
TNP_0009,2022-11-25,3.62528,5.37545,0.6744142350872949,24.187916666666663,28.57,21.28,7.289999999999999,88.63333333333333,2.1891666666666665,2
TNP_0009,2022-11-26,4.4765,5.07686,0.8817458035084678,24.62125,29.38,21.35,8.029999999999998,86.27458333333334,1.7641666666666669,2
TNP_0009,2022-11-27,4.298649999999999,4.960940000000001,0.8664990908980956,24.86375,29.81,21.51,8.299999999999997,86.30375,1.5875,2
TNP_0009,2022-11-28,3.73251,4.358230000000001,0.8564279535499503,24.11791666666667,29.15,19.79,9.36,86.18958333333335,2.0933333333333333,2
TNP_0009,2022-11-29,4.52553,4.76404,0.9499353489895132,22.250833333333333,28.13,16.87,11.259999999999998,84.04458333333334,2.96875,2
TNP_0009,2022-11-30,4.710100000000001,5.19489,0.906679448458004,23.203333333333333,28.02,16.65,11.37,86.77125000000001,2.6625,2
TNP_0009,2022-12-01,3.12849,5.15754,0.6065856978326877,24.36125,28.64,20.75,7.890000000000001,89.82666666666667,2.87875,2
TNP_0009,2022-12-02,4.92137,5.643770000000001,0.8720004535975064,24.417916666666667,29.0,21.12,7.879999999999999,88.56791666666668,2.44375,2
TNP_0009,2022-12-03,4.31285,5.5245,0.7806769843424745,24.70875,28.85,21.08,7.770000000000003,88.29958333333333,3.283333333333333,2
TNP_0009,2022-12-04,3.0965,5.380850000000001,0.5754667013575921,23.55541666666667,26.72,20.78,5.939999999999998,90.895,3.29625,2
TNP_0009,2022-12-05,3.71838,4.68874,0.793044613264971,24.079166666666666,29.03,20.49,8.540000000000003,87.355,3.355833333333333,2
TNP_0009,2022-12-06,3.1693800000000003,4.47455,0.7083125677442426,23.09,28.49,18.17,10.319999999999997,85.77375,3.64375,2
TNP_0009,2022-12-07,3.75727,5.30977,0.707614454110065,21.091666666666665,25.96,17.53,8.43,84.62541666666667,4.097083333333333,2
TNP_0009,2022-12-08,1.80398,5.181,0.3481914688284115,20.35,24.75,17.45,7.300000000000001,78.41458333333334,6.3812500000000005,2
TNP_0009,2022-12-09,1.61789,5.31691,0.3042914023370717,22.273750000000003,24.57,18.09,6.48,89.36208333333333,8.0825,2
TNP_0009,2022-12-10,1.27647,5.40005,0.2363811446190312,22.942916666666665,24.8,21.58,3.2200000000000024,93.67333333333332,5.2370833333333335,2
TNP_0009,2022-12-11,2.69596,4.96016,0.5435227895874326,23.849166666666665,27.68,21.8,5.879999999999999,91.01583333333332,4.259166666666666,2
TNP_0009,2022-12-12,1.4191299999999998,4.86512,0.291694757786036,23.572916666666668,25.45,21.84,3.61,95.76083333333334,3.744166666666666,2
TNP_0009,2022-12-13,3.15025,5.23961,0.6012374966839136,23.835416666666664,27.72,20.44,7.279999999999998,90.32708333333332,2.615,2
TNP_0009,2022-12-14,4.338100000000001,5.42441,0.799736745563112,23.576666666666668,28.0,19.13,8.870000000000001,90.21916666666668,2.564583333333333,2
TNP_0009,2022-12-15,5.43354,5.66622,0.9589355866874212,22.095,27.85,17.03,10.82,87.27708333333334,2.4841666666666664,2
TNP_0009,2022-12-16,5.52979,5.55642,0.9952073457370032,22.44083333333333,28.22,16.81,11.41,85.46875,2.615,2
TNP_0009,2022-12-17,4.59964,5.08348,0.904821106800853,23.474166666666665,28.14,18.41,9.73,88.59708333333333,2.9304166666666664,2
TNP_0009,2022-12-18,3.29129,4.83943,0.6800986893084516,22.425833333333333,27.22,18.34,8.879999999999999,88.26875,4.034166666666667,2
TNP_0009,2022-12-19,4.63326,5.3564300000000005,0.864990301376103,21.76375,26.33,18.23,8.099999999999998,85.96458333333334,4.0441666666666665,2
TNP_0009,2022-12-20,4.08388,5.17419,0.7892790948921473,21.77875,27.47,18.18,9.29,85.48041666666667,3.891666666666667,2
TNP_0009,2022-12-21,3.65331,5.22021,0.6998396616228083,21.64583333333333,25.99,18.19,7.799999999999997,88.99583333333334,4.099166666666666,2
TNP_0009,2022-12-22,4.74315,5.22594,0.907616620167855,21.7925,25.45,18.67,6.779999999999998,87.74833333333333,4.21125,2
TNP_0009,2022-12-23,4.94629,5.0953,0.9707554020371716,23.03875,27.67,19.46,8.21,89.55708333333332,4.33125,2
TNP_0009,2022-12-24,4.07623,5.06242,0.8051939586205805,23.91125,28.05,20.04,8.010000000000002,87.9225,4.736666666666667,2
TNP_0009,2022-12-25,2.3899,5.50505,0.4341286636815288,24.230416666666667,28.37,21.27,7.100000000000001,90.91708333333334,4.142916666666667,2
TNP_0009,2022-12-26,3.30323,5.40716,0.6108992521027674,23.97458333333333,28.37,20.52,7.850000000000001,89.74916666666667,3.154166666666667,2
TNP_0009,2022-12-27,3.26727,5.40154,0.6048774978987475,23.8175,28.07,20.4,7.670000000000002,89.8525,2.630416666666666,2
TNP_0009,2022-12-28,5.32595,5.66151,0.9407295933417056,23.918333333333333,28.82,19.94,8.879999999999999,87.17541666666666,2.0766666666666667,2
TNP_0009,2022-12-29,5.53329,5.69912,0.970902525302152,23.520416666666662,28.91,19.65,9.260000000000002,85.49291666666666,1.81,2
TNP_0009,2022-12-30,5.65865,5.75717,0.9828874255927824,22.9275,28.82,17.57,11.25,82.01666666666667,1.7395833333333333,2
TNP_0009,2022-12-31,5.25182,5.60291,0.9373379190456388,22.57375,28.95,16.92,12.029999999999998,80.75541666666666,1.655,2
TNP_0009,2023-01-01,5.4845500000000005,5.584359999999999,0.9821268686116228,22.2125,27.89,18.01,9.88,81.95291666666667,1.9229166666666664,2
TNP_0009,2023-01-02,5.228479999999999,5.5314,0.9452362873775174,22.40875,27.53,19.04,8.490000000000002,83.27541666666667,2.3529166666666668,2
TNP_0009,2023-01-03,4.2385,5.3681,0.7895717292896929,22.25625,27.16,18.8,8.36,83.6925,2.7125,2
TNP_0009,2023-01-04,4.59639,5.32382,0.8633631490170594,22.036666666666665,27.22,17.86,9.36,83.81458333333333,3.047916666666667,2
TNP_0009,2023-01-05,4.05738,5.37498,0.754864204145876,22.21625,27.31,18.22,9.09,81.46791666666667,3.754583333333333,2
TNP_0009,2023-01-06,3.07378,4.931430000000001,0.6233039909316365,22.13958333333333,27.05,18.62,8.43,84.1975,4.29375,2
TNP_0009,2023-01-07,3.56027,5.15141,0.6911253423819886,22.092916666666667,27.02,18.66,8.36,87.02083333333333,3.520833333333333,2
TNP_0009,2023-01-08,4.21201,4.85825,0.8669809087634437,21.424166666666665,26.98,15.68,11.3,85.41833333333334,3.231666666666667,2
TNP_0009,2023-01-09,5.64142,5.82916,0.967792958162068,20.037916666666664,26.31,15.08,11.23,78.80375,3.205833333333333,2
TNP_0009,2023-01-10,5.37526,5.861350000000001,0.9170685934127802,20.140416666666667,26.49,14.77,11.72,83.25125,3.247916666666667,2
TNP_0009,2023-01-11,5.7399700000000005,5.77318,0.9942475377521576,20.61458333333333,27.42,14.54,12.880000000000004,80.74125,2.34,2
TNP_0009,2023-01-12,5.956600000000001,5.98016,0.9960603060787672,20.96583333333333,28.21,14.96,13.25,77.54041666666667,1.74375,2
TNP_0009,2023-01-13,5.43252,5.96542,0.9106684860412176,20.6775,27.98,15.69,12.29,79.97666666666667,1.83125,2
TNP_0009,2023-01-14,5.73976,6.04537,0.9494472629466848,20.30666666666667,27.71,14.88,12.83,77.13416666666667,1.893333333333333,2
TNP_0009,2023-01-15,5.97415,6.08427,0.981900868962094,20.07166666666667,27.0,14.09,12.91,79.98083333333334,2.0108333333333333,2
TNP_0009,2023-01-16,6.03524,6.10336,0.9888389346196196,20.06958333333333,27.08,13.43,13.65,80.55583333333334,2.48,2
TNP_0009,2023-01-17,5.79216,6.03725,0.9594037020166466,20.7525,27.49,15.37,12.12,79.67208333333333,2.2975,2
TNP_0009,2023-01-18,5.143050000000001,5.80036,0.886677723451648,21.11916666666667,27.59,15.87,11.72,78.43541666666667,2.4779166666666668,2
TNP_0009,2023-01-19,5.83452,6.04212,0.9656411987845328,21.17083333333333,27.7,16.85,10.849999999999998,79.0925,2.58875,2
TNP_0009,2023-01-20,3.72032,5.62281,0.6616478237749452,22.118333333333336,27.7,17.49,10.21,82.79208333333334,2.7983333333333333,2
TNP_0009,2023-01-21,4.92241,5.87,0.8385706984667802,22.07208333333333,28.46,17.08,11.380000000000004,81.09041666666667,3.3425,2
TNP_0009,2023-01-22,4.6021,5.77412,0.7970218838541631,21.88083333333333,27.69,17.0,10.69,80.66125,3.067916666666666,2
TNP_0009,2023-01-23,2.82028,5.5028500000000005,0.5125126071035917,22.70583333333333,27.88,18.84,9.04,83.48416666666667,3.1179166666666664,2
TNP_0009,2023-01-24,5.141109999999999,5.8023,0.8860469124312772,22.425833333333333,29.14,16.79,12.35,79.12,2.7125,2
TNP_0009,2023-01-25,5.649520000000001,5.86352,0.9635031516904522,21.64375,28.42,16.67,11.75,78.56541666666666,2.64625,2
TNP_0009,2023-01-26,5.11717,5.724729999999999,0.8938709773212012,21.812083333333334,28.68,16.27,12.41,79.63875,2.872083333333333,2
TNP_0009,2023-01-27,5.70454,5.93163,0.9617154138069972,21.30125,28.74,15.53,13.21,79.21083333333333,3.060416666666667,2
TNP_0009,2023-01-28,5.55371,5.85958,0.9478000129702128,21.738333333333333,29.1,15.5,13.6,79.68875,3.26,2
TNP_0009,2023-01-29,4.617310000000001,5.5716,0.8287224495656546,23.274583333333336,28.89,16.94,11.95,81.59708333333333,3.5204166666666663,2
TNP_0009,2023-01-30,3.1335300000000004,5.57054,0.5625181759757583,23.84208333333333,28.79,20.19,8.599999999999998,84.46208333333333,3.6054166666666663,2
TNP_0009,2023-01-31,4.43616,5.88983,0.7531898204192651,23.285416666666663,28.4,19.61,8.79,82.83541666666666,3.748333333333333,2
TNP_0009,2023-02-01,4.4442,5.868,0.7573619631901839,23.936666666666667,30.07,19.85,10.22,76.80708333333334,4.287916666666667,2
TNP_0009,2023-02-02,3.37787,5.89775,0.5727387563053706,24.08125,29.52,20.15,9.37,77.67333333333333,3.954583333333333,2
TNP_0009,2023-02-03,2.5246500000000003,5.77599,0.4370939007858394,24.45875,30.68,20.02,10.66,78.71249999999999,3.842083333333333,2
TNP_0009,2023-02-04,5.95776,6.09025,0.9782455564221502,23.598333333333333,31.21,17.73,13.48,74.96375,3.650416666666666,2
TNP_0009,2023-02-05,6.16986,6.3584700000000005,0.970337203761282,23.78875,31.86,17.58,14.28,72.1475,3.01625,2
TNP_0009,2023-02-06,5.98454,6.37757,0.9383730794017158,23.656666666666663,32.06,17.48,14.580000000000002,71.27583333333332,2.5625,2
TNP_0009,2023-02-07,6.239739999999999,6.31415,0.9882153575699024,23.484583333333333,30.95,17.68,13.27,71.44791666666667,1.7675,2
TNP_0009,2023-02-08,6.02188,6.1962,0.9718666279332494,23.82208333333333,32.24,17.67,14.57,71.20875,2.5466666666666664,2
TNP_0009,2023-02-09,5.845440000000001,6.22903,0.9384189833730132,23.99708333333333,32.15,17.24,14.91,70.60375,2.410416666666667,2
TNP_0009,2023-02-10,6.22907,6.34904,0.9811042299308242,24.06875,32.8,17.05,15.749999999999996,69.53625,2.5175,2
TNP_0009,2023-02-11,4.60325,6.36929,0.7227257669222158,24.10333333333333,32.88,17.17,15.71,64.6775,2.32375,2
TNP_0009,2023-02-12,6.57076,6.586399999999999,0.997625409935625,24.194166666666664,33.84,16.79,17.050000000000004,60.48333333333333,2.6758333333333333,2
TNP_0009,2023-02-13,6.55389,6.56387,0.9984795555061268,24.287916666666664,33.85,16.44,17.41,61.11958333333333,2.7291666666666665,2
TNP_0009,2023-02-14,6.587890000000001,6.60972,0.9966972882361128,23.870833333333334,33.1,15.96,17.14,66.85416666666667,2.6787500000000004,2
TNP_0009,2023-02-15,6.62347,6.63295,0.9985707716777604,23.99416666666667,32.99,16.21,16.78,67.51916666666666,2.697083333333333,2
TNP_0009,2023-02-16,6.52361,6.56919,0.9930615494452132,23.56125,32.6,17.11,15.490000000000002,71.19125,2.6475,2
TNP_0009,2023-02-17,6.45787,6.663279999999999,0.9691728398026198,23.63125,32.39,16.96,15.43,71.42583333333333,2.449583333333333,2
TNP_0009,2023-02-18,6.70215,6.80252,0.9852451738473388,24.1775,32.96,17.55,15.41,69.36583333333333,2.4745833333333334,2
TNP_0009,2023-02-19,6.40869,6.83878,0.9371101278298176,24.4375,33.5,17.3,16.2,66.21458333333334,2.372916666666667,2
TNP_0009,2023-02-20,6.83856,6.9019200000000005,0.9908199457542248,24.63125,34.06,16.82,17.240000000000002,62.32875000000001,2.3816666666666664,2
TNP_0009,2023-02-21,6.55025,6.55713,0.9989507604699008,24.772916666666664,33.99,16.85,17.14,63.1225,2.7079166666666663,2
TNP_0009,2023-02-22,6.52431,6.53025,0.9990903870449064,24.39333333333333,33.92,17.18,16.740000000000002,65.04291666666667,2.8541666666666665,2
TNP_0009,2023-02-23,6.98441,7.05354,0.9901992474700646,23.845,33.59,16.89,16.700000000000003,66.19500000000001,2.595833333333333,2
TNP_0009,2023-02-24,6.98787,7.13889,0.978845450763354,24.38958333333333,34.98,16.55,18.43,59.77,2.44375,2
TNP_0009,2023-02-25,7.03789,7.054180000000001,0.997690730885801,24.77875,34.91,16.18,18.73,58.134166666666665,2.9466666666666668,2
TNP_0009,2023-02-26,6.824979999999999,6.8502,0.9963183556684476,24.567083333333333,33.65,16.71,16.939999999999998,62.46333333333333,3.15375,2
TNP_0009,2023-02-27,7.0073,7.02847,0.9969879646637176,23.93583333333333,33.59,17.04,16.550000000000004,59.41583333333333,2.981666666666667,2
TNP_0009,2023-02-28,5.41926,6.47237,0.8372914403842797,25.513333333333332,33.35,17.01,16.34,69.56458333333333,3.1466666666666665,2
TNP_0009,2023-03-01,6.4775,6.83755,0.9473422497824512,25.195,34.32,17.98,16.34,68.58875,3.5970833333333334,2
TNP_0009,2023-03-02,7.17664,7.2098,0.9954007045965212,24.61,33.96,17.71,16.25,61.9875,3.489583333333333,2
TNP_0009,2023-03-03,7.09265,7.09952,0.9990323289461822,24.72875,34.61,17.27,17.34,64.42708333333333,3.675833333333333,2
TNP_0009,2023-03-04,6.92668,6.94612,0.9972013152666526,25.23166666666667,35.19,17.73,17.459999999999997,61.05583333333333,3.6045833333333337,2
TNP_0009,2023-03-05,6.89233,7.0347100000000005,0.9797603597021056,25.50375,35.1,17.72,17.380000000000003,61.184583333333336,3.613333333333333,2
TNP_0009,2023-03-06,7.088520000000001,7.140569999999999,0.992710665955239,25.416666666666668,35.01,18.66,16.349999999999998,61.13,3.2591666666666668,2
TNP_0009,2023-03-07,6.58338,7.0601400000000005,0.93247159404771,25.51083333333333,33.79,19.24,14.55,63.19458333333333,3.052083333333333,2
TNP_0009,2023-03-08,6.83208,6.93951,0.9845190798773976,25.73166666666667,34.53,19.2,15.330000000000002,61.9125,3.68875,2
TNP_0009,2023-03-09,5.4771,6.67635,0.8203734076254241,26.29041666666667,34.7,19.4,15.300000000000004,61.42666666666667,3.43125,2
TNP_0009,2023-03-10,5.64953,6.77469,0.8339171238831592,26.082916666666662,34.32,19.65,14.670000000000002,65.10291666666667,3.549583333333333,2
TNP_0009,2023-03-11,6.5181700000000005,6.81237,0.9568138547964952,26.043333333333333,34.92,19.82,15.1,65.51,3.617083333333333,2
TNP_0009,2023-03-12,6.82885,6.95491,0.9818746755889004,27.03833333333333,35.52,19.5,16.020000000000003,64.64833333333333,3.46625,2
TNP_0009,2023-03-13,6.786569999999999,6.81323,0.9960870248032136,27.47958333333333,36.63,20.24,16.390000000000004,58.58041666666667,3.127083333333333,2
TNP_0009,2023-03-14,6.35525,6.3904700000000005,0.9944886682826144,27.817916666666665,36.96,20.25,16.71,60.20083333333333,3.1054166666666667,2
TNP_0009,2023-03-15,6.002479999999999,6.326239999999999,0.9488226814031716,28.352500000000003,37.28,21.63,15.650000000000002,63.78416666666666,3.4416666666666664,2
TNP_0009,2023-03-16,5.3203000000000005,6.229010000000001,0.8541164647351666,28.55208333333333,36.34,22.44,13.900000000000002,63.97291666666666,3.49625,2
TNP_0009,2023-03-17,5.32416,6.62499,0.8036480055064235,27.34375,34.47,22.7,11.77,72.78416666666666,2.9033333333333338,2
TNP_0009,2023-03-18,5.67248,6.899760000000001,0.8221271464514708,27.16416666666667,33.61,22.53,11.079999999999998,75.64708333333333,3.5420833333333337,2
TNP_0009,2023-03-19,4.76042,6.5922600000000005,0.7221226104552915,26.56083333333333,32.42,22.53,9.89,78.385,2.5904166666666666,2
TNP_0009,2023-03-20,5.19537,6.57134,0.7906104386624341,26.989166666666662,33.89,22.03,11.86,75.29041666666667,2.55625,2
TNP_0009,2023-03-21,6.41068,6.89871,0.9292577887750028,28.390833333333333,36.32,21.95,14.37,68.88416666666667,2.2741666666666664,2
TNP_0009,2023-03-22,5.52691,6.52196,0.8474308336757662,29.016666666666666,36.31,22.99,13.320000000000004,67.73125,3.2104166666666667,2
TNP_0009,2023-03-23,4.55496,6.57183,0.6931037473580418,28.725416666666664,35.65,23.45,12.2,69.54416666666667,3.1008333333333336,2
TNP_0009,2023-03-24,6.16709,6.5568800000000005,0.940552518880931,28.53625,35.53,23.26,12.27,69.06458333333333,3.361666666666667,2
TNP_0009,2023-03-25,5.699349999999999,6.6188400000000005,0.8610798871101278,28.82625,35.82,23.35,12.47,68.70958333333333,2.8941666666666666,2
TNP_0009,2023-03-26,5.57961,6.38425,0.873964835336962,28.88208333333333,35.18,23.91,11.27,68.70291666666667,2.6666666666666665,2
TNP_0009,2023-03-27,6.00737,6.238899999999999,0.9628892913814936,29.51083333333333,36.73,23.75,12.979999999999997,67.32708333333333,2.3466666666666667,2
TNP_0009,2023-03-28,6.13552,6.69209,0.9168316624552268,29.223333333333333,36.75,22.94,13.81,67.895,3.079166666666667,2
TNP_0009,2023-03-29,6.96382,7.029389999999999,0.9906720213275976,28.874166666666667,37.73,22.28,15.449999999999996,65.31708333333334,3.2383333333333333,2
TNP_0009,2023-03-30,6.21838,6.824520000000001,0.9111820318498588,28.92708333333333,37.64,22.06,15.580000000000002,62.62166666666667,3.0420833333333337,2
TNP_0009,2023-03-31,6.36898,6.92189,0.9201215275018816,29.59583333333333,38.59,22.59,16.000000000000004,60.96083333333333,3.435,2
TNP_0009,2023-04-01,5.20644,6.42636,0.8101693649282019,29.96333333333333,37.57,23.67,13.9,61.45166666666666,3.5500000000000003,2
TNP_0009,2023-04-02,5.45272,6.446,0.8459075395594168,29.24875,35.88,24.59,11.290000000000004,67.7725,3.0795833333333333,2
TNP_0009,2023-04-03,6.27322,6.91518,0.907166552425244,29.314166666666665,36.13,24.31,11.820000000000004,67.14333333333333,3.6775,2
TNP_0009,2023-04-04,6.67805,7.03067,0.9498454628079545,29.22208333333333,35.03,24.18,10.85,66.51625,2.77125,2
TNP_0009,2023-04-05,6.67351,6.801159999999999,0.981231142922678,28.377916666666668,34.66,23.53,11.129999999999995,69.78458333333333,2.92375,2
TNP_0009,2023-04-06,6.51309,6.9351400000000005,0.9391432617077664,29.32375,38.03,23.14,14.89,63.9975,2.63125,2
TNP_0009,2023-04-07,6.66481,7.17946,0.9283163357689854,29.47125,37.82,23.08,14.740000000000002,61.43333333333334,2.99375,2
TNP_0009,2023-04-08,6.7832,7.37368,0.9199205823957644,28.894166666666667,37.13,22.66,14.470000000000002,58.98541666666667,3.046666666666667,2
TNP_0009,2023-04-09,6.56711,7.43775,0.8829430943497697,28.85,37.63,22.36,15.270000000000003,61.95041666666666,3.1637500000000003,2
TNP_0009,2023-04-10,6.81764,7.471430000000001,0.9124946630029324,29.086250000000003,38.54,20.87,17.669999999999998,57.861250000000005,2.8883333333333336,2
TNP_0009,2023-04-11,7.43391,7.576569999999999,0.9811708992327663,29.493333333333336,39.68,20.68,19.0,50.08208333333334,2.630416666666666,2
TNP_0009,2023-04-12,7.51673,7.523410000000001,0.9991121047503724,30.26,40.15,20.96,19.19,40.98583333333333,2.9408333333333334,2
TNP_0009,2023-04-13,7.48532,7.48661,0.9998276923734508,31.260416666666668,41.17,22.62,18.55,41.63791666666666,3.045,2
TNP_0009,2023-04-14,7.36626,7.373189999999999,0.999060108311328,31.4075,40.82,22.7,18.12,40.79875,3.280416666666667,2
TNP_0009,2023-04-15,6.466399999999999,7.152190000000001,0.9041146837542066,31.540000000000003,41.2,23.41,17.790000000000003,42.20041666666666,3.127083333333333,2
TNP_0009,2023-04-16,7.12814,7.14149,0.998130642204918,30.364166666666662,38.9,23.52,15.38,46.9575,2.828333333333333,2
TNP_0009,2023-04-17,7.34682,7.36913,0.996972505573928,31.26833333333333,41.28,22.52,18.76,44.90708333333333,3.469583333333333,2
TNP_0009,2023-04-18,7.31666,7.32542,0.9988041641298382,31.079166666666666,41.39,22.31,19.08,48.89166666666667,3.06,2
TNP_0009,2023-04-19,7.251279999999999,7.26345,0.9983244876745898,31.48583333333333,41.76,22.19,19.57,50.928333333333335,2.995,2
TNP_0009,2023-04-20,7.08092,7.1711100000000005,0.9874231464863876,32.69083333333334,42.08,23.52,18.56,53.490833333333335,3.7504166666666663,2
TNP_0009,2023-04-21,6.3626700000000005,6.82314,0.9325134762001072,33.358333333333334,42.4,25.07,17.33,51.465,3.1820833333333334,2
TNP_0009,2023-04-22,5.67666,6.50249,0.8729978823496846,32.8175,40.81,25.74,15.070000000000004,52.53875,3.5375,2
TNP_0009,2023-04-23,5.58257,6.5524,0.8519885843355106,31.987916666666667,39.73,26.01,13.719999999999995,57.76,3.93625,2
TNP_0009,2023-04-24,6.04779,7.07814,0.8544320965677423,30.359166666666667,37.58,25.23,12.349999999999998,64.65916666666666,4.1258333333333335,2
TNP_0009,2023-04-25,5.90942,7.044219999999999,0.8389033846188791,29.77125,36.3,25.15,11.15,65.91291666666667,3.317916666666666,2
TNP_0009,2023-04-26,6.13678,6.86024,0.8945430480566278,30.36791666666667,37.27,24.97,12.300000000000004,57.905,2.955833333333333,2
TNP_0009,2023-04-27,5.99573,6.929810000000001,0.865208425627831,30.63,37.62,24.93,12.689999999999998,59.61541666666667,3.204166666666667,2
TNP_0009,2023-04-28,6.795850000000001,7.33699,0.9262449587637438,30.88458333333333,38.5,24.91,13.59,58.8,3.462916666666666,2
TNP_0009,2023-04-29,4.9478,6.96701,0.7101755272347822,30.37333333333333,37.34,24.66,12.680000000000003,63.406666666666666,3.2675,2
TNP_0009,2023-04-30,5.91388,7.13919,0.8283684843798805,30.59958333333333,37.77,24.68,13.090000000000003,58.92083333333333,3.609166666666667,2
TNP_0009,2023-05-01,4.495430000000001,6.8099,0.660131573150854,28.285416666666663,33.95,24.68,9.270000000000003,73.28916666666667,2.369166666666666,2
TNP_0009,2023-05-02,4.101730000000001,6.795730000000001,0.6035745975781852,27.805000000000003,32.3,24.7,7.599999999999998,78.03125,2.1266666666666665,2
TNP_0009,2023-05-03,4.84621,6.971100000000001,0.6951858386768228,26.144166666666667,28.29,24.35,3.9399999999999977,86.13833333333334,2.310416666666667,2
TNP_0009,2023-05-04,5.63057,6.83175,0.8241768214586306,28.937916666666663,35.32,24.42,10.9,71.34875,2.23125,2
TNP_0009,2023-05-05,4.90733,6.63859,0.739212694261884,27.505,31.83,24.2,7.629999999999999,77.05375,1.5233333333333334,2
TNP_0009,2023-05-06,5.0612200000000005,6.87578,0.7360939413419278,28.52958333333333,34.68,24.08,10.6,71.89708333333333,2.0695833333333336,2
TNP_0009,2023-05-07,4.50926,6.83633,0.6596024475120423,28.25916666666667,32.93,24.15,8.780000000000001,76.12166666666667,2.362083333333333,2
TNP_0009,2023-05-08,6.4161,6.90179,0.9296284007482116,28.114166666666662,32.79,24.01,8.779999999999998,75.30499999999999,2.02125,2
TNP_0009,2023-05-09,6.528,6.83164,0.9555538640794888,29.48125,35.4,24.08,11.32,69.75791666666667,2.5379166666666664,2
TNP_0009,2023-05-10,5.51398,6.82601,0.8077896164816635,29.195,34.9,24.88,10.02,69.52583333333332,2.24,2
TNP_0009,2023-05-11,4.47832,6.45216,0.6940807419530823,29.910833333333333,37.17,24.78,12.39,64.18583333333333,2.72,2
TNP_0009,2023-05-12,5.153440000000001,6.3525,0.8112459661550572,32.16416666666667,39.52,25.01,14.510000000000002,58.00208333333333,2.2425,2
TNP_0009,2023-05-13,4.32505,6.51545,0.6638144717555964,32.77375,40.33,26.18,14.15,53.16333333333333,4.3254166666666665,2
TNP_0009,2023-05-14,6.38564,6.8593,0.9309463064744216,33.757083333333334,41.94,26.85,15.089999999999996,51.614583333333336,4.4245833333333335,2
TNP_0009,2023-05-15,6.59976,6.8245,0.967068649717928,33.84083333333333,40.83,26.74,14.09,54.61666666666667,2.91625,2
TNP_0009,2023-05-16,7.088010000000001,7.14192,0.9924516096511864,33.97625,42.23,26.68,15.549999999999995,52.899166666666666,2.768333333333333,2
TNP_0009,2023-05-17,6.99771,7.04045,0.993929365310456,33.52708333333333,41.92,27.16,14.760000000000002,55.72875,3.5429166666666667,2
TNP_0009,2023-05-18,6.504059999999999,6.75293,0.9631463675767408,32.43416666666666,39.58,27.11,12.47,59.87791666666666,2.3520833333333333,2
TNP_0009,2023-05-19,6.66908,6.68874,0.997060731916624,31.545,38.36,26.23,12.13,61.18958333333333,3.1333333333333333,2
TNP_0009,2023-05-20,6.76968,6.79582,0.9961535178977666,32.06,39.13,26.27,12.860000000000005,60.64458333333334,2.7458333333333336,2
TNP_0009,2023-05-21,5.500970000000001,6.68819,0.8224900907420395,30.7825,36.61,25.94,10.669999999999998,66.11958333333332,2.544583333333333,2
TNP_0009,2023-05-22,6.03857,6.50018,0.9289850434911032,30.989166666666662,37.07,26.04,11.03,64.80041666666666,3.04625,2
TNP_0009,2023-05-23,6.69137,6.88363,0.9720699688972244,31.62333333333333,38.91,26.16,12.749999999999996,59.33208333333334,3.17,2
TNP_0009,2023-05-24,6.539899999999999,6.77655,0.9650781002132351,33.223333333333336,40.49,26.17,14.32,50.72583333333333,3.454166666666667,2
TNP_0009,2023-05-25,6.3301300000000005,6.60188,0.9588374826564554,32.129583333333336,39.15,26.7,12.45,50.66291666666667,3.73875,2
TNP_0009,2023-05-26,6.393689999999999,6.732810000000001,0.949631728802684,33.110416666666666,40.19,26.69,13.499999999999996,52.83791666666667,2.685416666666667,2
TNP_0009,2023-05-27,6.64883,6.8840200000000005,0.9658353694498272,33.0275,41.14,26.11,15.03,53.40583333333333,3.4758333333333336,2
TNP_0009,2023-05-28,5.60461,6.86555,0.8163380938162275,32.25875,38.86,26.12,12.739999999999998,56.303333333333335,2.7270833333333333,2
TNP_0009,2023-05-29,6.69025,6.83166,0.9793007848751254,33.11416666666667,40.4,27.27,13.13,55.4625,3.2875,2
TNP_0009,2023-05-30,5.90993,6.32762,0.9339893988577064,31.183333333333334,37.33,26.77,10.56,64.77416666666666,2.21625,2
TNP_0009,2023-05-31,6.4342,6.47135,0.9942593121991546,30.3325,34.04,25.84,8.2,65.25291666666666,1.6783333333333337,2
TNP_0009,2023-06-01,6.23013,6.56846,0.9484917316996678,32.735,40.51,25.83,14.68,56.91666666666666,2.58625,2
TNP_0009,2023-06-02,6.445819999999999,6.47972,0.9947682924570812,32.50333333333334,38.45,26.28,12.170000000000002,53.17583333333334,3.21375,2
TNP_0009,2023-06-03,5.98309,6.460349999999999,0.9261247455633208,33.74041666666667,41.36,26.48,14.88,50.70374999999999,4.2725,2
TNP_0009,2023-06-04,5.8945,6.34021,0.9297010666839112,32.850833333333334,40.41,26.7,13.709999999999996,53.248333333333335,3.9804166666666663,2
TNP_0009,2023-06-05,5.56746,6.57766,0.8464195473770307,31.111666666666665,37.0,26.6,10.4,60.86166666666667,4.443333333333333,2
TNP_0009,2023-06-06,6.74436,7.02297,0.960328749802434,31.715,38.84,26.05,12.790000000000004,57.7125,3.5050000000000003,2
TNP_0009,2023-06-07,4.88899,6.6883,0.7309764813181227,28.304166666666664,32.02,26.01,6.010000000000002,73.4525,4.346666666666667,2
TNP_0009,2023-06-08,5.9898,6.66875,0.8981893158388004,31.250416666666663,37.88,26.36,11.520000000000003,58.717083333333335,3.7079166666666654,2
TNP_0009,2023-06-09,6.17109,6.85465,0.900277913533149,29.867500000000003,36.08,24.77,11.31,64.98208333333334,3.172083333333333,2
TNP_0009,2023-06-10,7.03034,7.200699999999999,0.9763411890510644,31.086250000000003,39.28,24.89,14.39,58.80458333333333,4.32875,2
TNP_0009,2023-06-11,6.57826,7.25583,0.906617161647944,32.00083333333333,39.78,25.45,14.330000000000002,52.62416666666667,4.5325,2
TNP_0009,2023-06-12,6.96567,7.25025,0.9607489396917348,30.98875,37.0,25.79,11.21,62.38833333333333,4.3758333333333335,2
TNP_0009,2023-06-13,6.80269,7.08131,0.9606541727448734,31.59208333333333,38.31,25.67,12.64,60.06958333333333,3.2433333333333336,2
TNP_0009,2023-06-14,6.31755,7.06783,0.8938457772753448,30.469166666666663,35.12,26.37,8.749999999999996,62.87375,3.306666666666666,2
TNP_0009,2023-06-15,6.85454,7.10864,0.964254766031196,31.08833333333333,37.17,25.96,11.21,58.579583333333325,3.02625,2
TNP_0009,2023-06-16,7.05477,7.18253,0.9822123959106333,32.39083333333333,38.42,25.91,12.510000000000002,57.00125,3.1275,2
TNP_0009,2023-06-17,4.18285,6.91943,0.604507885765157,28.06083333333333,32.45,25.23,7.220000000000002,71.39708333333333,4.075,2
TNP_0009,2023-06-18,1.58037,6.699520000000001,0.2358930192013756,27.598333333333333,32.49,24.82,7.670000000000002,72.65083333333332,4.841666666666667,2
TNP_0009,2023-06-19,2.18062,6.56133,0.332344204604859,28.885416666666668,33.46,24.96,8.5,72.39791666666666,4.130833333333333,2
TNP_0009,2023-06-20,2.55904,6.35555,0.4026465058098827,28.67833333333333,34.18,24.79,9.39,73.50708333333334,3.6045833333333337,2
TNP_0009,2023-06-21,3.02542,6.34925,0.4765003740599283,27.405416666666667,31.97,24.77,7.199999999999999,77.97916666666667,2.0125,2
TNP_0009,2023-06-22,4.93609,6.6304,0.7444633807915059,27.973333333333333,32.75,24.51,8.239999999999998,75.46249999999999,2.084583333333333,2
TNP_0009,2023-06-23,5.09534,6.6225,0.7693982634956588,29.01625,34.32,23.94,10.38,68.515,2.455416666666667,2
TNP_0009,2023-06-24,5.17691,6.8499300000000005,0.7557610077767216,28.25625,33.25,23.88,9.37,73.27416666666666,3.299166666666667,2
TNP_0009,2023-06-25,5.178730000000001,6.74994,0.7672260790466288,27.635,31.69,24.23,7.460000000000001,76.49125,2.678333333333333,2
TNP_0009,2023-06-26,4.954359999999999,6.807600000000001,0.7277689640989481,29.2075,35.71,24.06,11.650000000000002,63.835,3.210833333333333,2
TNP_0009,2023-06-27,5.45971,6.77276,0.806127782469776,29.520416666666662,36.17,23.51,12.66,61.035,3.408333333333333,2
TNP_0009,2023-06-28,6.1348,7.00041,0.8763486710064126,29.64,36.32,23.43,12.89,59.395,3.293333333333333,2
TNP_0009,2023-06-29,6.2331,7.00152,0.8902495458129093,28.996666666666663,35.33,23.54,11.79,65.85000000000001,3.650416666666666,2
TNP_0009,2023-06-30,6.67796,7.05284,0.9468469439261348,30.15833333333333,37.26,23.32,13.939999999999998,60.53416666666666,3.9575,2
TNP_0009,2023-07-01,5.53585,6.8205100000000005,0.8116475160948374,29.126666666666665,34.75,24.49,10.260000000000002,67.3925,3.2916666666666665,2
TNP_0009,2023-07-02,2.30194,6.7831,0.3393640076071413,26.29958333333333,30.17,23.44,6.73,77.65958333333333,3.8191666666666655,2
TNP_0009,2023-07-03,3.5175,6.58932,0.5338183606199123,27.47666666666667,32.22,23.62,8.599999999999998,77.84708333333333,3.192916666666666,2
TNP_0009,2023-07-04,5.08443,6.756,0.7525799289520426,26.992083333333337,31.2,23.47,7.73,78.0175,3.5516666666666663,2
TNP_0009,2023-07-05,4.77658,6.80003,0.7024351363155751,28.229166666666668,34.51,23.47,11.04,65.11416666666666,5.215833333333333,2
TNP_0009,2023-07-06,4.30585,6.81705,0.6316295171665164,27.97583333333333,33.72,23.3,10.419999999999998,65.86166666666666,4.819166666666667,2
TNP_0009,2023-07-07,4.81322,6.970890000000001,0.6904742436044752,28.52583333333333,34.1,23.27,10.830000000000002,67.31083333333333,3.7783333333333338,2
TNP_0009,2023-07-08,5.4847,7.012149999999999,0.7821709461434796,28.530833333333334,33.59,23.83,9.760000000000003,67.57625,3.775416666666666,2
TNP_0009,2023-07-09,6.20043,7.06196,0.8780041235011243,29.28916666666667,35.3,23.77,11.529999999999998,68.38250000000001,2.7120833333333336,2
TNP_0009,2023-07-10,3.38596,6.71729,0.5040663720041861,28.47791666666667,34.4,24.04,10.36,71.69,2.83375,2
TNP_0009,2023-07-11,4.00579,6.15567,0.6507480095586671,27.602083333333336,32.78,23.11,9.670000000000002,71.95875,3.859166666666667,2
TNP_0009,2023-07-12,4.536269999999999,6.38914,0.7099969635976046,28.02333333333333,34.38,22.32,12.060000000000002,69.04583333333333,3.0354166666666664,2
TNP_0009,2023-07-13,5.6272,6.83795,0.8229366988644258,28.775,36.05,22.36,13.689999999999998,68.04666666666667,3.925,2
TNP_0009,2023-07-14,5.84959,7.02751,0.8323844434230616,28.999166666666667,35.39,23.61,11.78,66.87625,4.236666666666666,2
TNP_0009,2023-07-15,6.44753,6.965199999999999,0.9256776546258544,28.682916666666667,34.2,23.68,10.520000000000003,66.41666666666667,4.180000000000001,2
TNP_0009,2023-07-16,3.88726,7.01274,0.5543140056525695,29.48333333333333,35.94,24.41,11.529999999999998,67.33291666666666,3.311666666666667,2
TNP_0009,2023-07-17,6.19708,6.88421,0.9001875305953768,29.39375,35.03,24.35,10.68,65.94208333333333,4.693333333333333,2
TNP_0009,2023-07-18,5.84167,6.884480000000001,0.8485274123826344,29.49791666666667,35.52,24.7,10.820000000000004,62.98208333333333,5.457916666666667,2
TNP_0009,2023-07-19,5.30075,6.71742,0.7891050433053166,29.110416666666666,34.97,24.7,10.27,63.57041666666667,5.71125,2
TNP_0009,2023-07-20,5.35642,6.51685,0.8219339097877042,28.879583333333333,34.45,24.14,10.310000000000002,63.08208333333334,6.1241666666666665,2
TNP_0009,2023-07-21,4.9167,6.61134,0.7436767735436386,29.142916666666668,35.1,24.3,10.8,65.9325,5.819583333333334,2
TNP_0009,2023-07-22,3.54152,6.5085,0.5441376661289083,28.8425,34.59,24.06,10.530000000000005,67.03,5.2575,2
TNP_0009,2023-07-23,2.9137600000000003,6.62623,0.4397311895300949,28.313333333333333,33.88,23.98,9.900000000000002,71.29041666666667,4.380416666666666,2
TNP_0009,2023-07-24,2.6117600000000003,6.57991,0.3969294412841513,26.93166666666667,31.73,23.45,8.280000000000001,78.00708333333334,4.450833333333333,2
TNP_0009,2023-07-25,2.56719,6.62994,0.3872116489741988,26.252916666666668,30.66,23.04,7.620000000000001,78.23,4.211666666666667,2
TNP_0009,2023-07-26,3.78893,6.706180000000001,0.5649907995311787,27.63875,32.98,23.03,9.949999999999996,72.09125,6.177083333333333,2
TNP_0009,2023-07-27,5.54659,6.94675,0.7984438766329579,27.861666666666665,33.59,22.88,10.710000000000004,65.72708333333334,6.198333333333333,2
TNP_0009,2023-07-28,5.93411,6.9703800000000005,0.8513323520381959,29.80666666666667,37.16,22.78,14.379999999999995,61.32541666666666,5.671250000000001,2
TNP_0009,2023-07-29,6.13894,7.00176,0.8767709832956285,30.4275,37.79,23.96,13.829999999999998,58.31916666666667,6.404583333333334,2
TNP_0009,2023-07-30,6.30228,6.94467,0.9074988444375326,30.839583333333334,38.26,24.22,14.04,60.16625,5.1625000000000005,2
TNP_0009,2023-07-31,6.2746900000000005,6.81583,0.920605414160858,30.704166666666666,37.02,25.05,11.970000000000002,62.52291666666667,3.94875,2
TNP_0009,2023-08-01,5.471940000000001,6.88238,0.7950650792313125,30.849166666666665,38.28,24.53,13.75,57.13833333333333,5.795833333333333,2
TNP_0009,2023-08-02,6.179900000000001,7.1418,0.8653140664818394,30.48333333333333,37.87,24.24,13.63,57.7175,5.309166666666667,2
TNP_0009,2023-08-03,6.18333,6.82046,0.9065854795717592,30.620416666666667,37.45,24.13,13.320000000000004,61.07958333333334,4.32875,2
TNP_0009,2023-08-04,5.7396400000000005,6.8833400000000005,0.833845197244361,30.5075,37.31,24.22,13.090000000000003,63.092083333333335,3.6033333333333335,2
TNP_0009,2023-08-05,6.49014,7.02907,0.923328406176066,31.075,38.04,24.52,13.52,59.64958333333333,3.306666666666666,2
TNP_0009,2023-08-06,6.39708,6.98247,0.9161629051037812,30.645,37.25,25.35,11.9,62.53208333333333,3.2466666666666666,2
TNP_0009,2023-08-07,6.364599999999999,6.963220000000001,0.914031152254273,30.598333333333333,37.65,25.11,12.54,61.17083333333333,2.7816666666666667,2
TNP_0009,2023-08-08,5.494940000000001,6.8270100000000005,0.8048823716385358,30.61583333333333,37.17,25.09,12.080000000000002,60.48208333333333,2.1245833333333333,2
TNP_0009,2023-08-09,5.77311,6.69721,0.8620171683432355,29.844166666666663,35.65,25.5,10.15,66.56791666666668,2.59625,2
TNP_0009,2023-08-10,5.05947,6.69438,0.7557787278284173,28.686666666666667,34.06,24.4,9.660000000000004,72.13458333333334,2.01375,2
TNP_0009,2023-08-11,5.06408,6.69457,0.7564458957035328,28.80208333333333,34.14,24.39,9.75,71.35000000000001,2.29875,2
TNP_0009,2023-08-12,4.74742,6.65356,0.7135157720077673,29.96166666666667,35.48,24.35,11.129999999999995,66.7675,2.3233333333333333,2
TNP_0009,2023-08-13,6.024430000000001,6.48302,0.929262905250948,29.06583333333333,33.97,24.68,9.29,69.68333333333334,2.3895833333333334,2
TNP_0009,2023-08-14,4.99443,6.460649999999999,0.7730537948967983,28.49875,33.96,24.04,9.920000000000002,73.895,2.0970833333333334,2
TNP_0009,2023-08-15,6.615069999999999,6.77641,0.976190932957126,28.609583333333333,34.18,23.76,10.419999999999998,71.34208333333333,2.2604166666666665,2
TNP_0009,2023-08-16,6.62541,6.94576,0.9538783372877842,29.377916666666664,35.3,24.47,10.829999999999998,70.27708333333334,2.1166666666666667,2
TNP_0009,2023-08-17,6.3365,6.896439999999999,0.918807384679632,28.613333333333333,33.97,24.27,9.7,74.41208333333333,2.654166666666667,2
TNP_0009,2023-08-18,5.56507,6.78413,0.8203070990679717,29.543333333333333,35.69,24.04,11.65,63.43625,3.658333333333333,2
TNP_0009,2023-08-19,6.0458,6.80466,0.8884793656112134,29.41708333333333,35.91,23.65,12.259999999999998,65.33,3.6833333333333336,2
TNP_0009,2023-08-20,5.994680000000001,6.933050000000001,0.864652642055084,30.46708333333333,37.56,23.45,14.110000000000005,63.57041666666667,2.66,2
TNP_0009,2023-08-21,6.36857,6.99463,0.9104941934026533,30.137083333333333,36.74,24.97,11.770000000000003,66.81541666666666,2.5625,2
TNP_0009,2023-08-22,4.99022,6.65304,0.7500661351803085,29.16958333333333,33.8,25.17,8.629999999999995,71.80916666666667,1.9945833333333327,2
TNP_0009,2023-08-23,5.27903,6.8186,0.7742102484380957,27.758333333333336,31.89,24.8,7.09,77.27125,2.4891666666666667,2
TNP_0009,2023-08-24,5.31867,6.81108,0.7808849697845276,27.6475,31.76,24.71,7.050000000000001,78.84041666666667,2.3716666666666666,2
TNP_0009,2023-08-25,6.26346,6.81713,0.9187825375194548,27.955416666666668,32.27,24.68,7.590000000000003,76.01125,2.11375,2
TNP_0009,2023-08-26,5.99055,6.74868,0.8876624762175713,28.36375,32.91,24.56,8.349999999999998,76.20291666666667,1.8883333333333332,2
TNP_0009,2023-08-27,3.72606,6.83793,0.5449105211664933,28.30625,32.85,24.35,8.5,74.54166666666667,2.0229166666666667,2
TNP_0009,2023-08-28,5.2100100000000005,7.11796,0.7319526943112915,28.47208333333333,34.73,24.65,10.079999999999998,72.00208333333333,2.5141666666666667,2
TNP_0009,2023-08-29,5.69772,6.9805600000000005,0.8162267783673516,27.83375,33.16,24.11,9.049999999999995,75.41208333333333,2.7583333333333333,2
TNP_0009,2023-08-30,6.03526,6.91378,0.8729320284996052,28.18041666666667,33.7,24.15,9.550000000000004,78.71541666666667,2.129583333333333,2
TNP_0009,2023-08-31,5.526890000000001,6.8344,0.8086869366732999,27.49291666666667,31.64,23.93,7.710000000000001,81.07833333333333,2.1279166666666667,2
TNP_0009,2023-09-01,6.45041,6.7788900000000005,0.9515436893060664,28.81833333333333,34.7,23.91,10.790000000000004,75.22500000000001,2.655,2
TNP_0009,2023-09-02,6.1816,6.82316,0.9059731854448672,26.496666666666663,30.46,23.84,6.620000000000001,84.81041666666667,2.9287500000000004,2
TNP_0009,2023-09-03,6.001060000000001,6.73288,0.8913065434108436,26.814166666666665,30.28,23.39,6.890000000000001,81.28041666666667,2.2062500000000003,2
TNP_0009,2023-09-04,2.75298,6.34908,0.4336029786992761,26.29208333333333,31.35,22.49,8.860000000000003,75.56041666666667,4.765416666666667,2
TNP_0009,2023-09-05,1.97641,6.36073,0.310720624833942,27.388333333333332,32.8,22.33,10.47,75.63625,4.499583333333333,2
TNP_0009,2023-09-06,5.50297,6.76782,0.8131082091426782,27.27875,33.17,23.18,9.990000000000002,77.17083333333333,3.5308333333333333,2
TNP_0009,2023-09-07,5.58928,6.93148,0.8063617005314883,27.46166666666667,34.69,22.55,12.139999999999995,74.18666666666667,4.135,2
TNP_0009,2023-09-08,5.94435,6.88904,0.8628705886451523,27.47875,33.21,22.35,10.86,72.87041666666666,3.9783333333333335,2
TNP_0009,2023-09-09,6.15875,6.992640000000001,0.8807474716273109,27.45875,32.03,22.66,9.37,73.79541666666667,3.4579166666666663,2
TNP_0009,2023-09-10,4.54878,6.60229,0.6889700391833742,26.330416666666665,30.95,23.65,7.300000000000001,79.4525,2.8783333333333334,2
TNP_0009,2023-09-11,5.867109999999999,6.80122,0.8626555235678304,27.86083333333333,33.09,23.22,9.870000000000005,72.85875,2.831666666666667,2
TNP_0009,2023-09-12,5.65859,6.87525,0.8230377077197193,28.54125,35.47,22.89,12.579999999999998,72.67875,2.958333333333333,2
TNP_0009,2023-09-13,6.1455,6.925520000000001,0.8873701902528618,28.527916666666663,34.74,22.99,11.750000000000004,70.67708333333333,2.7104166666666667,2
TNP_0009,2023-09-14,5.33988,6.78504,0.787007887941707,28.97458333333333,36.18,22.77,13.41,70.11208333333333,3.4225,2
TNP_0009,2023-09-15,5.77788,6.921819999999999,0.8347342173012301,28.24083333333333,34.26,23.8,10.459999999999996,70.15666666666667,3.8441666666666663,2
TNP_0009,2023-09-16,5.57538,6.7208000000000006,0.8295708844185216,27.41625,32.14,23.67,8.469999999999999,79.93875,2.772083333333333,2
TNP_0009,2023-09-17,5.36088,6.777519999999999,0.79097959135495,27.97208333333333,33.17,23.41,9.760000000000002,78.88541666666667,2.2829166666666665,2
TNP_0009,2023-09-18,6.0186,6.687390000000001,0.8999923737063338,27.68375,32.76,23.85,8.909999999999997,78.83,2.5420833333333333,2
TNP_0009,2023-09-19,5.89264,6.72496,0.876234208084509,27.324166666666667,32.02,24.16,7.860000000000003,79.26791666666666,2.55,2
TNP_0009,2023-09-20,5.991650000000001,6.5247,0.9183027572148912,26.993333333333336,31.58,23.75,7.829999999999998,81.39791666666666,2.129583333333333,2
TNP_0009,2023-09-21,4.14521,6.49838,0.6378835956038273,25.83458333333333,29.27,22.84,6.43,85.39791666666667,2.33625,2
TNP_0009,2023-09-22,6.11179,6.52384,0.9368393461519596,27.52083333333333,32.1,22.74,9.360000000000005,80.81625000000001,2.395833333333333,2
TNP_0009,2023-09-23,6.3380600000000005,6.575069999999999,0.963953235478862,27.824583333333333,31.98,23.91,8.07,83.75208333333333,1.8391666666666664,2
TNP_0009,2023-09-24,6.35048,6.724819999999999,0.9443345695498172,26.9875,30.36,24.29,6.07,84.55583333333333,2.723333333333333,2
TNP_0009,2023-09-25,5.35116,6.71168,0.7972906932392486,25.672083333333333,28.82,23.17,5.649999999999999,88.11458333333333,2.396666666666667,2
TNP_0009,2023-09-26,5.73291,6.50007,0.8819766556360161,26.50625,30.22,23.07,7.149999999999999,85.58416666666666,2.5416666666666665,2
TNP_0009,2023-09-27,6.16286,6.67583,0.9231601164199807,26.88291666666667,30.82,23.52,7.300000000000001,80.86375,2.0820833333333333,2
TNP_0009,2023-09-28,5.90111,6.73864,0.8757123099022948,26.866666666666664,31.54,23.37,8.169999999999998,81.31291666666667,3.137916666666667,2
TNP_0009,2023-09-29,5.92838,6.68525,0.8867850865711828,26.370416666666667,30.96,22.93,8.030000000000001,84.88041666666668,3.31375,2
TNP_0009,2023-09-30,5.881060000000001,6.61008,0.889710865829158,26.14333333333333,31.14,22.25,8.89,79.57083333333334,3.0404166666666668,2
TNP_0009,2023-10-01,5.62793,6.72337,0.8370698027923497,26.417916666666667,32.18,22.15,10.03,80.87333333333333,4.284583333333333,2
TNP_0009,2023-10-02,6.42164,6.57787,0.976249150560896,26.687083333333334,32.29,22.03,10.259999999999998,79.58041666666666,4.1120833333333335,2
TNP_0009,2023-10-03,6.48883,6.61187,0.981391043683557,28.12291666666667,33.2,22.5,10.700000000000005,74.45541666666666,2.4691666666666667,2
TNP_0009,2023-10-04,5.87093,6.23321,0.9418790639173076,28.205,32.46,23.82,8.64,76.74041666666666,2.053333333333333,2
TNP_0009,2023-10-05,5.5136,5.85308,0.941999767643702,28.105,32.76,23.99,8.77,79.1025,1.9166666666666667,2
TNP_0009,2023-10-06,3.3238600000000003,5.65267,0.5880159287557916,27.590416666666663,32.14,24.02,8.120000000000001,81.20041666666667,1.735,2
TNP_0009,2023-10-07,5.310359999999999,5.698,0.9319691119691118,27.96291666666667,33.12,23.84,9.279999999999998,79.82541666666667,2.044166666666667,2
TNP_0009,2023-10-08,5.2645,5.738239999999999,0.9174415848761992,27.261666666666667,31.18,24.09,7.09,84.70916666666666,2.02125,2
TNP_0009,2023-10-09,5.35734,5.836110000000001,0.9179641919017976,27.170416666666668,31.35,23.95,7.400000000000002,85.09958333333334,1.5254166666666666,2
TNP_0009,2023-10-10,5.43041,5.83484,0.9306870454031302,27.29125,31.37,23.88,7.490000000000002,84.51208333333334,1.5941666666666665,2
TNP_0009,2023-10-11,5.5743,5.894729999999999,0.9456412761907672,26.430833333333336,30.82,22.45,8.370000000000001,83.79166666666667,1.6708333333333334,2
TNP_0009,2023-10-12,5.32096,6.18207,0.8607084681991631,25.585,31.6,19.88,11.720000000000002,82.00916666666667,2.361666666666667,2
TNP_0009,2023-10-13,5.36694,6.26174,0.8571004225662515,25.346666666666668,30.15,19.57,10.579999999999998,80.8025,2.19,2
TNP_0009,2023-10-14,3.81315,5.96635,0.6391093382051003,26.112916666666667,30.48,21.87,8.61,83.34166666666667,1.9458333333333333,2
TNP_0009,2023-10-15,4.83688,5.874,0.8234388832141641,26.370833333333334,30.89,22.79,8.100000000000001,83.7475,1.7829166666666667,2
TNP_0009,2023-10-16,4.353350000000001,5.659980000000001,0.7691458273704147,26.18958333333333,30.49,23.09,7.399999999999999,85.46458333333334,2.39,2
TNP_0009,2023-10-17,5.21487,5.7685200000000005,0.9040221755320254,26.074583333333333,31.31,21.79,9.52,82.71416666666667,2.585833333333333,2
TNP_0009,2023-10-18,5.22076,5.7767,0.903761663233334,25.760416666666668,30.87,21.18,9.69,79.96124999999999,2.57875,2
TNP_0009,2023-10-19,5.367520000000001,5.691,0.9431593744508876,25.85875,31.32,20.94,10.38,80.59333333333333,2.6408333333333336,2
TNP_0009,2023-10-20,5.55723,5.67374,0.979465044221272,25.971666666666668,31.34,21.6,9.739999999999998,82.19125,2.535,2
TNP_0009,2023-10-21,4.46987,5.3569,0.8344135600813904,26.429166666666664,32.2,22.04,10.160000000000004,83.22875,3.11125,2
TNP_0009,2023-10-22,5.33708,5.6195900000000005,0.9497276491701352,26.49208333333333,31.88,22.12,9.759999999999998,80.30708333333332,3.025,2
TNP_0009,2023-10-23,4.97018,5.063440000000001,0.9815816914982698,25.80208333333333,32.32,20.3,12.02,64.78916666666667,2.31625,2
TNP_0009,2023-10-24,5.51667,5.59942,0.9852216836743806,25.36791666666667,31.4,19.79,11.61,73.23583333333333,1.8241666666666667,2
TNP_0009,2023-10-25,5.4924,5.69583,0.964284397532932,26.000416666666663,32.65,20.28,12.369999999999996,74.30208333333333,1.8729166666666668,2
TNP_0009,2023-10-26,5.48653,5.659590000000001,0.9694218132408884,25.99458333333333,32.23,20.03,12.199999999999996,77.64583333333333,2.5187500000000003,2
TNP_0009,2023-10-27,4.46932,5.91478,0.7556189748393008,26.21333333333333,31.87,21.0,10.87,80.01291666666667,2.7504166666666667,2
TNP_0009,2023-10-28,5.48596,6.07128,0.9035919937805538,26.557916666666667,31.98,22.94,9.04,80.04708333333333,2.36375,2
TNP_0009,2023-10-29,4.6213,5.96868,0.7742582949663912,26.02583333333333,30.47,22.87,7.599999999999998,84.69791666666667,2.4779166666666668,2
TNP_0009,2023-10-30,3.0344,5.75196,0.5275419161468439,24.995833333333334,28.24,22.74,5.5,87.73416666666667,2.245416666666667,2
TNP_0009,2023-10-31,3.70371,5.18625,0.7141402747650036,25.38208333333333,29.21,22.63,6.580000000000002,84.90791666666667,2.96625,2
TNP_0009,2023-11-01,4.39679,5.46025,0.8052360239915755,26.409166666666668,30.96,22.8,8.16,84.80541666666666,3.64625,2
TNP_0009,2023-11-02,4.12927,5.91046,0.6986376694876542,26.7175,31.76,23.28,8.48,81.965,2.549166666666667,2
TNP_0009,2023-11-03,3.98633,5.89703,0.6759894387513714,25.245416666666667,28.24,23.1,5.139999999999997,90.79083333333334,2.28,2
TNP_0009,2023-11-04,3.75623,5.91118,0.6354450380465491,25.59875,29.4,23.07,6.329999999999998,88.11500000000001,2.4858333333333333,2
TNP_0009,2023-11-05,4.14142,5.94439,0.6966938575699104,25.567083333333333,29.41,23.24,6.170000000000002,86.27708333333334,1.5795833333333331,2
TNP_0009,2023-11-06,4.62839,5.72968,0.8077920581952222,26.02,30.66,23.01,7.649999999999999,85.12125,1.6425,2
TNP_0009,2023-11-07,4.00635,5.74633,0.6972015181863904,25.74416666666667,29.8,22.88,6.920000000000002,87.22958333333332,2.61625,2
TNP_0009,2023-11-08,3.79919,5.80929,0.6539852546524618,25.38875,29.28,22.47,6.810000000000002,88.06375000000001,2.393333333333333,2
TNP_0009,2023-11-09,4.35076,5.7865,0.7518811025663181,25.168333333333333,29.09,22.33,6.760000000000002,87.22083333333335,2.1633333333333336,2
TNP_0009,2023-11-10,4.01084,5.36634,0.7474069850214485,25.01125,29.36,20.98,8.379999999999999,86.04583333333333,3.0454166666666667,2
TNP_0009,2023-11-11,5.19829,5.42137,0.958851729359922,24.79208333333333,29.81,20.75,9.06,80.96416666666667,3.5225000000000004,2
TNP_0009,2023-11-12,5.04,5.57889,0.9034055161510622,24.905,29.97,21.26,8.709999999999997,79.97041666666667,3.90625,2
TNP_0009,2023-11-13,4.106019999999999,5.25129,0.7819069219182333,25.48625,30.03,21.77,8.260000000000002,83.40375,4.51125,2
TNP_0009,2023-11-14,0.87703,5.47878,0.1600776085186848,24.18041666666667,26.64,22.4,4.240000000000002,89.97833333333334,4.27625,2
TNP_0009,2023-11-15,2.25304,5.196350000000001,0.4335812637716858,24.05708333333333,27.15,21.41,5.739999999999998,88.47375,4.242500000000001,2
TNP_0009,2023-11-16,4.44695,5.20907,0.8536936535696392,25.314166666666665,30.75,21.2,9.55,83.68958333333333,2.875,2
TNP_0009,2023-11-17,3.99298,5.56372,0.7176816949810558,25.30958333333333,30.64,21.16,9.48,83.78208333333333,3.1254166666666667,2
TNP_0009,2023-11-18,5.24455,5.80585,0.9033216497153732,25.361666666666665,30.74,22.07,8.669999999999998,85.59125,3.875833333333333,2
TNP_0009,2023-11-19,4.81171,5.64018,0.8531128439163289,25.593333333333334,30.21,22.53,7.68,85.61,4.004583333333334,2
TNP_0009,2023-11-20,2.86004,5.54195,0.5160710580210937,24.97208333333333,27.84,23.3,4.539999999999999,89.17166666666667,4.1975,2
TNP_0009,2023-11-21,3.25863,5.58964,0.5829767212199712,25.909166666666668,30.07,23.05,7.02,87.09916666666668,3.0537500000000004,2
TNP_0009,2023-11-22,2.12724,5.65591,0.3761092379475628,25.227083333333336,28.7,22.91,5.789999999999999,88.69166666666666,2.2879166666666664,2
TNP_0009,2023-11-23,3.81301,5.58336,0.6829239024530032,25.73625,29.9,22.72,7.18,87.36708333333333,1.7591666666666663,2
TNP_0009,2023-11-24,3.26049,5.62371,0.5797756285441461,25.465,28.36,23.14,5.219999999999999,90.4975,3.119166666666666,2
TNP_0009,2023-11-25,2.87969,5.49771,0.5237980904776717,25.09166666666667,28.92,22.19,6.73,88.71083333333333,3.8425,2
TNP_0009,2023-11-26,3.5842,5.222779999999999,0.686262871497555,24.97625,29.04,22.08,6.960000000000001,88.85625,3.807916666666667,2
TNP_0009,2023-11-27,3.65242,5.50293,0.663722780409709,25.04833333333333,29.04,22.57,6.469999999999999,89.09791666666666,3.177083333333333,2
TNP_0009,2023-11-28,3.95199,5.43055,0.7277329183968475,25.3375,29.49,22.62,6.869999999999997,88.82166666666667,3.3941666666666666,2
TNP_0009,2023-11-29,2.77829,5.14731,0.5397557170638645,24.5825,28.46,21.79,6.670000000000002,90.12875,3.00875,2
TNP_0009,2023-11-30,3.52088,5.34985,0.658126863370001,24.58083333333333,28.72,21.73,6.989999999999998,89.72625,3.0979166666666664,2
TNP_0009,2023-12-01,3.97808,5.402909999999999,0.7362847058344485,24.69708333333333,28.74,22.0,6.739999999999998,88.73208333333334,4.180833333333333,2
TNP_0009,2023-12-02,2.68743,5.42801,0.495104098923915,24.68875,27.99,21.92,6.069999999999997,90.97125,5.482916666666667,2
TNP_0009,2023-12-03,1.79484,5.43655,0.330143197432195,24.640416666666667,27.27,22.92,4.349999999999998,92.58208333333332,7.225,2
TNP_0009,2023-12-04,0.42381,5.39049,0.0786217950501717,23.63416666666667,26.47,21.97,4.5,87.11375,9.54875,2
TNP_0009,2023-12-05,3.63132,5.37558,0.6755215251191499,25.640416666666667,31.05,21.88,9.170000000000002,84.26791666666666,3.181666666666666,2
TNP_0009,2023-12-06,3.9442,5.19271,0.7595648514937287,26.187083333333334,30.86,22.2,8.66,86.51333333333334,1.7766666666666666,2
TNP_0009,2023-12-07,3.96107,5.16751,0.766533591613756,25.88125,29.75,23.28,6.469999999999999,89.14291666666666,2.5170833333333333,2
TNP_0009,2023-12-08,3.64013,4.996,0.7286088871096877,25.133333333333336,28.92,22.38,6.540000000000003,88.86125,3.1012500000000003,2
TNP_0009,2023-12-09,3.64351,4.98893,0.7303189261023907,24.084166666666665,28.34,20.94,7.399999999999999,88.8175,3.5516666666666663,2
TNP_0009,2023-12-10,3.10917,4.97865,0.6245006176373114,23.332083333333333,28.28,19.34,8.940000000000001,87.27125000000001,3.179583333333333,2
TNP_0009,2023-12-11,3.52679,4.86332,0.7251815632119623,23.01708333333333,28.04,19.05,8.989999999999998,86.14791666666667,3.26625,2
TNP_0009,2023-12-12,4.17965,5.033180000000001,0.8304193372778241,21.925833333333333,27.13,17.32,9.81,86.52999999999999,3.2258333333333336,2
TNP_0009,2023-12-13,4.07562,5.03483,0.8094851266080483,21.71875,26.93,17.21,9.72,83.99583333333334,3.68625,2
TNP_0009,2023-12-14,3.68667,5.21171,0.7073820300822571,22.337083333333336,26.81,17.9,8.91,85.24708333333334,3.87375,2
TNP_0009,2023-12-15,1.63558,5.14864,0.3176722396594051,23.827916666666667,27.5,20.09,7.41,90.4675,4.574583333333333,2
TNP_0009,2023-12-16,2.46698,5.250859999999999,0.4698239907367555,24.29041666666667,28.6,21.82,6.780000000000001,90.11,4.585416666666666,2
TNP_0009,2023-12-17,3.10894,5.31334,0.5851197175411323,23.469583333333333,27.15,21.14,6.009999999999998,88.21499999999999,4.105833333333334,2
TNP_0009,2023-12-18,2.82916,4.371779999999999,0.6471414389562147,23.2475,26.93,20.69,6.239999999999998,86.11416666666666,4.437916666666667,2
TNP_0009,2023-12-19,3.93404,4.94071,0.7962499316899797,22.58458333333333,26.83,19.17,7.659999999999997,86.7075,4.265416666666667,2
TNP_0009,2023-12-20,3.12633,4.98092,0.6276611549673554,22.484583333333333,27.28,19.22,8.060000000000002,88.26916666666666,3.8875,2
TNP_0009,2023-12-21,3.12178,4.89754,0.637417969021182,22.71666666666667,27.34,18.77,8.57,88.62,3.3341666666666665,2
TNP_0009,2023-12-22,3.48175,4.87394,0.7143604558119303,21.594166666666663,27.45,16.43,11.02,86.47625,2.9279166666666665,2
TNP_0009,2023-12-23,4.21362,5.28843,0.7967619879624009,20.75208333333333,25.78,16.18,9.6,86.13666666666666,2.76125,2
TNP_0009,2023-12-24,3.61706,5.07307,0.7129923300880927,22.912916666666664,27.7,17.61,10.09,87.83833333333332,4.050833333333333,2
TNP_0009,2023-12-25,3.5511,5.41778,0.6554529715123169,22.75625,28.33,17.73,10.599999999999998,88.68833333333333,3.923333333333333,2
TNP_0009,2023-12-26,5.452859999999999,5.72033,0.9532422080544304,22.129166666666663,27.85,17.63,10.220000000000002,87.19208333333334,3.543333333333333,2
TNP_0009,2023-12-27,5.54995,5.75835,0.9638090772530326,22.20625,27.38,18.23,9.15,85.12833333333333,3.911666666666666,2
TNP_0009,2023-12-28,4.28581,5.38845,0.7953697259879928,23.18541666666667,28.29,19.47,8.82,87.96916666666668,3.9933333333333336,2
TNP_0009,2023-12-29,3.78925,5.45122,0.6951196245977964,23.24083333333333,28.51,19.06,9.450000000000005,87.23708333333333,3.89625,2
TNP_0009,2023-12-30,4.511550000000001,5.58268,0.8081333696360888,22.020416666666662,27.49,17.61,9.88,85.00625000000001,3.217916666666667,2
TNP_0009,2023-12-31,4.50745,5.38895,0.8364245353918667,22.15125,27.58,17.18,10.4,82.8125,2.90625,2
TNP_0009,2024-01-01,4.68308,5.334320000000001,0.8779150857091438,21.972916666666663,27.71,17.51,10.2,83.74,2.796666666666667,2
TNP_0009,2024-01-02,3.6599,5.02268,0.7286747314182866,22.136666666666667,27.17,17.34,9.830000000000002,83.68291666666666,3.02875,2
TNP_0009,2024-01-03,3.91629,4.99844,0.7835024527652628,22.714583333333334,27.82,19.33,8.490000000000002,85.02875,3.2375000000000003,2
TNP_0009,2024-01-04,3.8188,5.22437,0.7309589481602567,23.300416666666667,27.34,19.44,7.899999999999999,85.28375,2.924166666666667,2
TNP_0009,2024-01-05,2.88411,5.222720000000001,0.5522237454812817,23.245416666666667,28.25,20.32,7.93,82.60833333333333,3.47,2
TNP_0009,2024-01-06,2.55836,5.480569999999999,0.4668054600160203,23.376666666666665,28.41,20.14,8.27,82.71708333333333,3.97875,2
TNP_0009,2024-01-07,2.52834,5.23949,0.4825545997797495,23.00333333333333,27.09,20.59,6.5,89.26916666666666,5.2325,2
TNP_0009,2024-01-08,0.87321,5.23252,0.166881349712949,23.6,28.06,20.55,7.509999999999998,87.44,4.674166666666666,2
TNP_0009,2024-01-09,3.94339,5.10981,0.7717292815192739,23.251666666666665,27.59,20.09,7.5,84.4825,4.201666666666667,2
TNP_0009,2024-01-10,4.42717,5.12445,0.8639307633014276,22.51458333333333,26.75,19.05,7.699999999999999,85.14375,3.15375,2
TNP_0009,2024-01-11,5.36034,5.585640000000001,0.9596644252046318,22.585416666666664,27.7,18.94,8.759999999999998,85.57375,3.4279166666666665,2
TNP_0009,2024-01-12,4.911029999999999,5.31663,0.9237110726155476,23.219166666666663,28.38,19.12,9.259999999999998,85.67583333333333,3.18125,2
TNP_0009,2024-01-13,4.282109999999999,4.98574,0.8588715015223416,23.12291666666667,28.4,18.92,9.479999999999997,86.53541666666666,2.7724999999999995,2
TNP_0009,2024-01-14,4.56402,4.886609999999999,0.9339849097840836,22.672916666666666,28.64,18.68,9.96,82.88791666666667,2.730833333333333,2
TNP_0009,2024-01-15,4.96708,5.21008,0.9533596413106902,22.691666666666663,28.97,18.61,10.36,82.00125,2.2266666666666666,2
TNP_0009,2024-01-16,5.25823,5.364,0.9802815063385534,22.392916666666668,28.56,18.17,10.389999999999995,77.95375,2.02625,2
TNP_0009,2024-01-17,5.672070000000001,5.67608,0.9992935265183016,22.61958333333333,28.84,17.68,11.16,79.37666666666667,1.8708333333333331,2
TNP_0009,2024-01-18,5.50341,5.72288,0.961650427756654,23.08458333333333,29.32,18.31,11.010000000000002,79.03041666666667,1.97875,2
TNP_0009,2024-01-19,5.2536700000000005,5.66345,0.927644810142228,23.84875,30.03,18.38,11.650000000000002,81.34041666666667,2.71125,2
TNP_0009,2024-01-20,3.91787,5.55806,0.7048988316067116,23.249583333333334,29.43,18.47,10.96,81.63958333333333,3.0537499999999995,2
TNP_0009,2024-01-21,5.765140000000001,5.79433,0.9949623166095132,23.43166666666667,29.83,18.38,11.45,78.69375000000001,2.0766666666666667,2
TNP_0009,2024-01-22,5.58149,5.810029999999999,0.9606645748817132,23.625416666666663,30.13,19.3,10.829999999999998,79.28416666666666,2.19875,2
TNP_0009,2024-01-23,4.885020000000001,5.68254,0.8596543095165191,23.535416666666663,29.56,19.12,10.439999999999998,81.08708333333333,2.598333333333333,2
TNP_0009,2024-01-24,5.57897,5.68171,0.981917415707595,23.675,30.38,18.89,11.489999999999998,78.95166666666667,2.7841666666666662,2
TNP_0009,2024-01-25,5.50938,5.68358,0.9693503038577798,23.547083333333333,30.29,18.72,11.57,78.31333333333333,2.5466666666666664,2
TNP_0009,2024-01-26,5.28218,5.902520000000001,0.8949025162134139,23.10291666666667,29.43,18.7,10.73,81.01375,3.0537499999999995,2
TNP_0009,2024-01-27,5.34299,6.00863,0.8892193395166618,23.56625,29.4,18.81,10.59,81.2375,3.6183333333333336,2
TNP_0009,2024-01-28,4.73252,5.73884,0.8246474897366018,22.87,29.31,17.28,12.029999999999998,80.93041666666666,3.5070833333333336,2
TNP_0009,2024-01-29,5.52399,5.93045,0.9314621993272012,22.177916666666665,29.63,16.06,13.57,75.36874999999999,3.6975,2
TNP_0009,2024-01-30,5.73599,6.0127,0.9539790776190398,22.80541666666667,30.16,15.82,14.34,76.18124999999999,2.637083333333333,2
TNP_0009,2024-01-31,5.807720000000001,5.98128,0.9709827996682986,24.37291666666667,31.2,17.74,13.46,77.17083333333333,2.367083333333333,2
TNP_0009,2024-02-01,4.78802,5.71895,0.8372201190778029,25.58,31.8,21.06,10.740000000000002,79.20166666666667,2.115,2
TNP_0009,2024-02-02,4.7094700000000005,5.5023,0.8559093470003454,25.70458333333333,31.79,21.33,10.46,78.58375,2.5575,2
TNP_0009,2024-02-03,5.603800000000001,5.844,0.9588980150581794,25.219583333333333,32.41,20.03,12.379999999999995,76.03541666666666,2.686666666666667,2
TNP_0009,2024-02-04,6.09253,6.17459,0.9867100487643714,24.27208333333333,31.55,19.26,12.29,75.61874999999999,2.7216666666666662,2
TNP_0009,2024-02-05,6.0827,6.14758,0.9894462536477768,24.41541666666667,32.11,19.45,12.66,75.50958333333334,2.65625,2
TNP_0009,2024-02-06,6.16108,6.2184800000000005,0.9907694484825872,24.145,32.2,17.77,14.430000000000003,75.40208333333334,2.6779166666666665,2
TNP_0009,2024-02-07,6.48558,6.505979999999999,0.9968644231922016,24.346666666666668,33.04,17.37,15.669999999999998,71.72125,2.54,2
TNP_0009,2024-02-08,5.87172,6.34776,0.9250066165072404,24.905416666666667,34.25,17.21,17.04,71.735,2.5625,2
TNP_0009,2024-02-09,5.88995,6.23558,0.9445713149378244,25.082916666666662,32.86,19.03,13.829999999999998,75.69500000000001,2.745,2
TNP_0009,2024-02-10,5.13572,5.9329600000000005,0.8656252528248968,25.2375,32.06,20.37,11.69,76.49541666666667,3.30625,2
TNP_0009,2024-02-11,5.58124,6.33865,0.8805092567029258,24.09708333333333,31.52,18.34,13.18,76.00666666666667,3.66875,2
TNP_0009,2024-02-12,5.99675,6.66813,0.8993151003354763,24.070833333333336,32.32,18.18,14.14,72.87625,3.5620833333333333,2
TNP_0009,2024-02-13,5.48223,6.28199,0.8726900233843099,24.97833333333333,31.94,19.22,12.720000000000002,77.59,3.4570833333333333,2
TNP_0009,2024-02-14,5.9525500000000005,6.49846,0.9159939431803844,24.515,32.34,18.36,13.980000000000004,73.73583333333333,3.523333333333333,2
TNP_0009,2024-02-15,5.89156,6.46587,0.9111782327822862,24.08583333333333,32.26,18.16,14.099999999999998,73.16291666666667,3.5691666666666664,2
TNP_0009,2024-02-16,6.150390000000001,6.54809,0.939264732158538,24.226250000000004,32.38,18.02,14.360000000000005,74.17333333333333,3.8625,2
TNP_0009,2024-02-17,6.699529999999999,6.74107,0.9938377735285348,24.42,33.11,18.21,14.9,70.83875,3.390833333333333,2
TNP_0009,2024-02-18,6.7007200000000005,6.78967,0.9868992160149168,25.098333333333333,33.65,18.45,15.2,66.45625,2.8041666666666667,2
TNP_0009,2024-02-19,5.995340000000001,6.61731,0.9060086349286948,25.98583333333333,34.16,20.59,13.569999999999997,68.27833333333334,2.7183333333333333,2
TNP_0009,2024-02-20,6.40406,6.45499,0.992109980030953,26.187916666666663,34.76,19.38,15.38,66.23208333333334,2.6529166666666666,2
TNP_0009,2024-02-21,6.27513,6.29485,0.9968672803958792,27.21875,35.37,19.18,16.189999999999998,64.4725,3.200416666666667,2
TNP_0009,2024-02-22,5.67427,5.83231,0.9729026749264014,27.99833333333333,35.69,21.73,13.959999999999996,68.01583333333333,3.641666666666667,2
TNP_0009,2024-02-23,5.7855,6.06921,0.9532542126570016,28.82208333333333,36.52,23.11,13.410000000000004,69.80375,3.650833333333333,2
TNP_0009,2024-02-24,5.04038,5.68373,0.8868084866804018,27.712083333333336,34.46,23.12,11.34,71.31958333333334,3.4829166666666667,2
TNP_0009,2024-02-25,5.9873400000000006,6.34103,0.9442219954802296,26.82041666666667,34.49,21.8,12.69,69.59916666666668,3.3520833333333333,2
TNP_0009,2024-02-26,5.50827,6.59184,0.8356194931915824,26.78833333333333,34.2,21.73,12.470000000000002,68.80666666666666,4.2425,2
TNP_0009,2024-02-27,5.70109,6.71688,0.8487705601410178,26.11083333333333,34.23,19.34,14.889999999999995,69.63166666666667,3.79125,2
TNP_0009,2024-02-28,6.59821,6.88513,0.9583275842286202,25.6375,35.0,18.13,16.87,63.17250000000001,3.3579166666666667,2
TNP_0009,2024-02-29,6.77112,6.87676,0.9846381144608798,26.328333333333333,35.35,17.81,17.540000000000003,63.13333333333333,2.9308333333333336,2
TNP_0009,2024-03-01,6.53821,6.843310000000001,0.9554163116971172,26.7975,35.36,19.89,15.47,60.63999999999999,2.995416666666667,2
TNP_0009,2024-03-02,5.625850000000001,6.79025,0.8285188321490373,27.236666666666665,36.44,20.83,15.61,57.86875,2.714166666666667,2
TNP_0009,2024-03-03,6.620979999999999,6.75224,0.9805605250998188,27.04833333333333,36.66,19.7,16.959999999999997,60.375,2.6941666666666664,2
TNP_0009,2024-03-04,6.62762,6.79555,0.9752882400982996,27.15458333333333,36.61,19.12,17.49,62.06833333333333,3.0675000000000003,2
TNP_0009,2024-03-05,6.36773,6.61488,0.962637266284498,27.475,36.88,19.75,17.130000000000003,59.48,3.089166666666667,2
TNP_0009,2024-03-06,5.83344,6.475890000000001,0.9007935588776216,27.937083333333334,37.42,19.88,17.540000000000003,55.26541666666666,3.171666666666667,2
TNP_0009,2024-03-07,6.41814,6.68674,0.9598309490125234,27.80458333333333,37.26,20.2,17.06,55.295,3.29,2
TNP_0009,2024-03-08,6.62217,6.63513,0.998046760199122,28.099166666666665,36.93,20.12,16.81,58.26916666666667,3.9166666666666665,2
TNP_0009,2024-03-09,6.37011,6.41323,0.993276398944058,28.879166666666663,38.38,21.54,16.840000000000003,58.505833333333335,3.40125,2
TNP_0009,2024-03-10,6.37191,6.508100000000001,0.979073769610178,28.739166666666662,37.5,22.31,15.19,61.03791666666667,3.2091666666666665,2
TNP_0009,2024-03-11,6.049720000000001,6.32542,0.9564139614444576,28.86583333333333,37.83,21.92,15.909999999999997,60.90916666666666,3.245,2
TNP_0009,2024-03-12,6.42017,6.489850000000001,0.9892632341271368,29.186666666666667,38.57,21.49,17.080000000000002,57.82458333333333,3.185,2
TNP_0009,2024-03-13,6.299510000000001,6.38596,0.9864624895865306,30.011666666666667,39.38,21.32,18.06,52.427083333333336,3.9141666666666666,2
TNP_0009,2024-03-14,6.35843,6.399559999999999,0.9935729956434508,30.20583333333333,39.57,22.83,16.740000000000002,50.34333333333333,3.3929166666666664,2
TNP_0009,2024-03-15,6.38743,6.52774,0.9785055777344074,29.59208333333333,38.86,22.43,16.43,54.88,3.8866666666666663,2
TNP_0009,2024-03-16,6.35223,6.72465,0.9446186790390578,29.06125,38.01,22.16,15.849999999999998,61.434583333333336,3.87125,2
TNP_0009,2024-03-17,6.59101,6.97362,0.9451346646361576,28.964583333333334,38.13,21.04,17.090000000000003,57.25875,3.648333333333333,2
TNP_0009,2024-03-18,6.82239,6.93324,0.984011804005054,29.11708333333333,38.56,20.83,17.730000000000004,54.31583333333333,3.168333333333333,2
TNP_0009,2024-03-19,6.66866,6.81042,0.9791848373521752,28.92708333333333,38.45,21.32,17.130000000000003,57.048750000000005,3.53375,2
TNP_0009,2024-03-20,6.7799,7.1147,0.9529424993323682,29.07958333333333,37.9,21.13,16.77,59.4925,3.88,2
TNP_0009,2024-03-21,5.98181,6.86686,0.8711128521624149,29.359583333333333,36.76,23.57,13.189999999999998,61.41041666666666,3.900833333333333,2
TNP_0009,2024-03-22,6.46841,6.90265,0.9370908274358398,29.630416666666665,38.27,22.66,15.610000000000005,59.10041666666667,3.22,2
TNP_0009,2024-03-23,6.91242,7.03651,0.9823648371138534,29.43583333333333,39.01,22.04,16.97,57.2625,3.296666666666667,2
TNP_0009,2024-03-24,6.47356,7.1459,0.9059124812829734,29.53125,39.46,21.98,17.48,55.9625,3.58625,2
TNP_0009,2024-03-25,6.67528,6.94318,0.961415374511391,29.120416666666667,38.72,21.01,17.709999999999997,55.057500000000005,3.4454166666666666,2
TNP_0009,2024-03-26,7.0156,7.34785,0.9547826915356192,28.895,39.41,20.36,19.05,48.59458333333333,3.5883333333333334,2
TNP_0009,2024-03-27,7.1339,7.53113,0.9472549272154376,29.041666666666668,39.74,19.77,19.97,48.06458333333333,3.334583333333333,2
TNP_0009,2024-03-28,7.27387,7.39433,0.983709139299977,29.95083333333333,40.14,20.14,20.0,49.181666666666665,3.0400000000000005,2
TNP_0009,2024-03-29,7.09586,7.1398,0.9938457659878428,30.3825,40.0,22.01,17.99,53.024166666666666,3.622083333333333,2
TNP_0009,2024-03-30,7.44895,7.45509,0.9991764016262714,29.82958333333333,40.3,21.17,19.129999999999995,52.79583333333333,3.502083333333333,2
TNP_0009,2024-03-31,7.086600000000001,7.50021,0.9448535441007652,30.157916666666665,39.99,20.99,19.000000000000004,55.21208333333333,3.057916666666667,2
TNP_0009,2024-04-01,6.83626,7.324289999999999,0.933368285526652,31.11375,40.58,23.2,17.38,56.5375,2.93125,2
TNP_0009,2024-04-02,7.3692,7.43142,0.9916274413234616,30.87833333333333,41.32,22.47,18.85,54.53708333333333,3.310833333333333,2
TNP_0009,2024-04-03,7.24766,7.44761,0.9731524609908412,30.88958333333333,41.05,22.47,18.58,56.1925,3.71625,2
TNP_0009,2024-04-04,7.03982,7.53483,0.9343037600052024,30.89,41.22,22.5,18.72,48.9475,3.5700000000000003,2
TNP_0009,2024-04-05,7.023650000000001,7.44272,0.943693972096223,31.955416666666665,41.75,22.46,19.29,39.12916666666667,3.355833333333333,2
TNP_0009,2024-04-06,7.13615,7.253970000000001,0.9837578594893552,32.80375,42.04,23.78,18.26,43.29791666666667,3.34625,2
TNP_0009,2024-04-07,7.31423,7.33492,0.9971792466720836,31.58375,42.0,22.42,19.58,47.40875,4.016666666666667,2
TNP_0009,2024-04-08,7.38129,7.45143,0.990587041681932,31.320416666666663,41.42,22.4,19.020000000000003,56.91708333333333,4.432083333333334,2
TNP_0009,2024-04-09,7.0444,7.16587,0.983048813333203,30.97958333333333,39.99,24.25,15.740000000000002,55.35708333333333,3.6670833333333337,2
TNP_0009,2024-04-10,6.68886,7.31089,0.9149173356458652,30.899583333333336,39.38,24.29,15.090000000000003,57.28625,3.438333333333333,2
TNP_0009,2024-04-11,6.99529,7.37454,0.9485730635402344,31.67833333333333,40.34,24.23,16.110000000000003,54.180416666666666,3.619166666666666,2
TNP_0009,2024-04-12,6.53868,7.25737,0.900971012915147,31.32,40.11,24.21,15.9,55.20625,3.8708333333333336,2
TNP_0009,2024-04-13,6.39108,7.01314,0.9113007868087618,31.209166666666665,39.58,24.01,15.569999999999997,52.32625,3.4375,2
TNP_0009,2024-04-14,6.913099999999999,7.2663,0.9513920427177516,30.89333333333333,39.5,23.78,15.72,52.9025,3.40125,2
TNP_0009,2024-04-15,7.058470000000001,7.3804,0.9563804129857462,31.24375,40.45,23.19,17.26,55.067083333333336,3.5629166666666663,2
TNP_0009,2024-04-16,7.384510000000001,7.40445,0.9973070248296634,32.025,41.08,23.05,18.03,50.66458333333333,3.837916666666666,2
TNP_0009,2024-04-17,6.42192,6.94949,0.924085076746639,33.13333333333333,42.25,24.97,17.28,48.86208333333334,3.970416666666667,2
TNP_0009,2024-04-18,5.93935,6.60677,0.8989793802417823,33.99875,43.61,26.2,17.41,51.060833333333335,3.95375,2
TNP_0009,2024-04-19,6.878150000000001,6.92457,0.9932963346460504,33.75125,43.17,26.16,17.01,53.178333333333335,4.059166666666667,2
TNP_0009,2024-04-20,6.24251,7.001390000000001,0.891610094566936,33.39541666666667,43.38,26.0,17.380000000000003,53.82208333333333,3.87875,2
TNP_0009,2024-04-21,7.06209,7.29455,0.9681323727988704,32.846666666666664,42.01,24.86,17.15,55.36625,3.6125,2
TNP_0009,2024-04-22,7.41494,7.45605,0.9944863567170285,33.00666666666667,42.44,24.81,17.63,52.32541666666666,3.556666666666666,2
TNP_0009,2024-04-23,7.58138,7.602729999999999,0.9971917982093276,32.093333333333334,41.66,23.7,17.959999999999997,49.69125,3.861666666666667,2
TNP_0009,2024-04-24,7.15398,7.26099,0.9852623402593862,33.32416666666666,42.25,23.73,18.52,46.375,3.6566666666666663,2
TNP_0009,2024-04-25,6.742030000000001,6.9636000000000005,0.9681816876328336,33.35541666666666,42.08,25.69,16.389999999999997,46.53375,3.4633333333333334,2
TNP_0009,2024-04-26,7.14743,7.19168,0.9938470565987364,32.67875,42.01,24.17,17.839999999999996,48.031666666666666,3.704166666666667,2
TNP_0009,2024-04-27,7.53497,7.543909999999999,0.9988149381421572,32.525416666666665,42.3,24.04,18.26,47.62458333333333,3.3666666666666667,2
TNP_0009,2024-04-28,7.29726,7.57109,0.96383215626812,32.98458333333333,43.12,24.09,19.03,48.45,3.389583333333333,2
TNP_0009,2024-04-29,7.54435,7.63792,0.9877492825271802,32.66625,42.97,23.62,19.35,48.51666666666667,3.297083333333333,2
TNP_0009,2024-04-30,7.17062,7.523560000000001,0.9530886973719886,33.32041666666667,43.22,23.59,19.63,47.19291666666666,4.060416666666667,2
TNP_0009,2024-05-01,7.21072,7.276590000000001,0.9909476829119134,35.75333333333334,44.52,26.6,17.92,47.62291666666667,4.4525,2
TNP_0009,2024-05-02,6.54412,6.8940600000000005,0.9492403605422638,35.86208333333334,43.25,29.72,13.53,44.69083333333333,4.58125,2
TNP_0009,2024-05-03,5.9248,6.579020000000001,0.9005596578213776,35.312083333333334,42.69,28.65,14.04,44.79125,4.34625,2
TNP_0009,2024-05-04,5.96963,6.45499,0.9248085589598126,34.880833333333335,42.91,28.57,14.339999999999996,49.59125,4.317083333333334,2
TNP_0009,2024-05-05,6.6946900000000005,6.73618,0.993840722783536,35.444583333333334,43.72,28.91,14.81,46.76125,5.384583333333333,2
TNP_0009,2024-05-06,6.50841,6.70779,0.970276350332971,34.83083333333333,43.81,28.61,15.200000000000005,51.51708333333334,4.22875,2
TNP_0009,2024-05-07,6.21158,6.88461,0.9022413760547074,33.25333333333334,40.84,27.15,13.690000000000005,57.46125,4.609583333333333,2
TNP_0009,2024-05-08,4.24364,6.78885,0.6250896690897575,30.866666666666664,37.15,26.22,10.93,65.89833333333333,1.9,2
TNP_0009,2024-05-09,5.90242,6.5149300000000006,0.9059836406530845,31.05708333333333,37.57,26.06,11.510000000000002,63.5525,3.1254166666666667,2
TNP_0009,2024-05-10,6.51996,7.16574,0.9098795100017584,31.602083333333336,38.56,26.18,12.380000000000004,60.98708333333334,3.4875000000000003,2
TNP_0009,2024-05-11,6.28729,7.11761,0.8833428636859845,30.9425,37.19,26.08,11.11,63.91625,2.873333333333333,2
TNP_0009,2024-05-12,6.52333,7.09597,0.919300673480863,30.964166666666667,36.92,26.1,10.82,63.84833333333333,2.9483333333333337,2
TNP_0009,2024-05-13,6.29697,7.042949999999999,0.8940813153579111,31.102500000000003,37.57,26.2,11.37,62.0725,2.8154166666666662,2
TNP_0009,2024-05-14,5.28625,6.862550000000001,0.7703040415006083,30.37125,36.06,25.82,10.240000000000002,63.61958333333333,2.51375,2
TNP_0009,2024-05-15,5.34262,6.96522,0.7670425341913105,31.325416666666666,38.31,25.79,12.520000000000003,59.36083333333334,3.17375,2
TNP_0009,2024-05-16,2.43684,6.776260000000001,0.3596143005138527,27.703333333333333,31.53,24.67,6.859999999999999,72.59291666666667,1.83125,2
TNP_0009,2024-05-17,4.240600000000001,6.440729999999999,0.6584036281601621,29.7475,36.31,24.72,11.590000000000003,66.44375000000001,2.3508333333333336,2
TNP_0009,2024-05-18,6.04917,7.07771,0.8546789851519772,29.82,35.62,25.01,10.609999999999996,69.50958333333334,2.6841666666666666,2
TNP_0009,2024-05-19,5.06587,7.03086,0.7205192536901603,30.139166666666668,36.34,25.85,10.490000000000002,67.6825,2.143333333333333,2
TNP_0009,2024-05-20,4.47345,6.9581800000000005,0.6429051849765312,29.12,33.56,25.87,7.690000000000001,73.34458333333333,2.3466666666666667,2
TNP_0009,2024-05-21,4.01338,7.02736,0.5711077844311377,29.264166666666668,34.21,25.56,8.650000000000002,73.97958333333334,2.333333333333333,2
TNP_0009,2024-05-22,4.72512,7.1193800000000005,0.6636982433863622,30.837083333333336,37.23,25.69,11.539999999999996,66.68916666666667,2.952083333333333,2
TNP_0009,2024-05-23,5.6891300000000005,6.91376,0.8228706232209392,31.260416666666668,38.01,26.22,11.79,64.71291666666667,2.6579166666666665,2
TNP_0009,2024-05-24,5.558809999999999,6.74033,0.8247088792388502,32.233333333333334,38.73,26.69,12.039999999999996,57.42666666666667,2.749166666666667,2
TNP_0009,2024-05-25,3.6592,5.94557,0.6154498223046738,30.30666666666667,35.95,26.39,9.560000000000002,59.12708333333333,5.585,2
TNP_0009,2024-05-26,4.64171,5.93543,0.782034326072416,33.295833333333334,40.69,26.37,14.319999999999997,50.05166666666667,5.41,2
TNP_0009,2024-05-27,5.2868900000000005,5.61737,0.941168197928924,34.07458333333333,40.78,27.5,13.28,49.44875,5.357916666666667,2
TNP_0009,2024-05-28,5.84532,6.40664,0.9123846509246656,33.3425,39.62,28.02,11.599999999999998,47.15833333333333,4.700833333333333,2
TNP_0009,2024-05-29,5.52176,6.65038,0.830292404343812,34.799166666666665,42.37,27.86,14.509999999999998,43.1575,4.78375,2
TNP_0009,2024-05-30,6.48263,6.66811,0.9721840221592026,34.43875,41.34,28.68,12.660000000000004,50.07708333333333,3.3037500000000004,2
TNP_0009,2024-05-31,6.63562,6.68823,0.992133942762136,34.53041666666667,40.36,29.07,11.29,50.97333333333333,3.225,2
TNP_0009,2024-06-01,6.08157,6.3706700000000005,0.9546201576914202,32.58166666666667,37.14,27.39,9.75,62.65208333333334,2.556666666666666,2
TNP_0009,2024-06-02,5.933979999999999,6.283399999999999,0.9443899799471625,27.80625,30.85,24.91,5.940000000000001,76.96916666666667,2.38125,2
TNP_0009,2024-06-03,4.15184,6.04529,0.6867892193757454,29.49083333333333,35.28,24.99,10.290000000000004,68.15125,2.455416666666667,2
TNP_0009,2024-06-04,5.94372,6.49987,0.914436750273467,30.20875,35.15,25.65,9.5,69.93708333333333,1.3320833333333333,2
TNP_0009,2024-06-05,4.8935,6.6084,0.7404969432843049,28.633750000000003,32.39,25.58,6.810000000000002,80.76916666666666,1.8533333333333333,2
TNP_0009,2024-06-06,4.74283,6.51375,0.7281258875455766,27.71,30.7,24.84,5.859999999999999,80.03833333333334,1.3158333333333334,2
TNP_0009,2024-06-07,4.52893,6.66863,0.679139493419188,27.8225,31.71,24.7,7.010000000000002,77.14583333333333,2.959583333333333,2
TNP_0009,2024-06-08,5.804,7.01833,0.8269773578614856,29.60083333333333,36.25,24.63,11.62,68.81625,4.219166666666667,2
TNP_0009,2024-06-09,6.18695,7.07552,0.8744162973180769,28.854166666666668,34.45,23.97,10.480000000000004,67.85041666666667,4.51,2
TNP_0009,2024-06-10,6.41122,7.0414200000000005,0.9105010068991766,29.28833333333333,35.13,23.9,11.230000000000004,63.33875,5.654166666666666,2
TNP_0009,2024-06-11,5.396850000000001,6.92207,0.7796583969824057,27.96,33.19,24.14,9.049999999999995,62.97458333333333,5.222083333333333,2
TNP_0009,2024-06-12,4.55318,6.6802,0.6815933654680998,28.107916666666668,33.88,23.53,10.35,67.49041666666666,4.869166666666667,2
TNP_0009,2024-06-13,5.38241,6.93766,0.775824989982213,29.172916666666666,36.22,23.33,12.89,57.87375,4.98125,2
TNP_0009,2024-06-14,5.38274,7.03303,0.765351491462428,28.052916666666665,32.83,23.04,9.79,57.689166666666665,5.215416666666667,2
TNP_0009,2024-06-15,4.92533,7.05625,0.6980095659875996,29.82375,36.15,23.01,13.139999999999995,62.33208333333334,3.515,2
TNP_0009,2024-06-16,6.72284,7.101310000000001,0.9467041996476704,30.06875,36.5,24.6,11.9,64.79375,3.1575,2
TNP_0009,2024-06-17,6.45816,7.12128,0.9068819088703154,29.28875,35.12,24.54,10.579999999999998,64.06208333333333,3.317916666666666,2
TNP_0009,2024-06-18,5.33503,7.0271300000000005,0.7592046824236921,27.98625,32.15,23.76,8.389999999999997,74.41958333333334,3.690833333333333,2
TNP_0009,2024-06-19,5.213730000000001,6.94449,0.7507721949344014,27.59583333333333,32.45,23.64,8.810000000000002,73.69333333333334,3.50125,2
TNP_0009,2024-06-20,5.84558,6.755979999999999,0.8652453086006768,28.715833333333336,35.38,23.85,11.53,68.62791666666666,4.844166666666667,2
TNP_0009,2024-06-21,6.205730000000001,6.864389999999999,0.904046827176195,28.227500000000003,34.55,23.21,11.339999999999996,68.66125,5.4745833333333325,2
TNP_0009,2024-06-22,6.13875,6.86597,0.8940834288527331,29.30666666666667,35.79,23.1,12.689999999999998,65.28208333333333,4.735,2
TNP_0009,2024-06-23,6.16304,6.94918,0.8868729835750404,28.0325,33.24,23.82,9.420000000000002,72.40791666666667,3.83875,2
TNP_0009,2024-06-24,5.42773,6.87036,0.7900211924848188,28.64708333333333,34.65,23.74,10.91,68.82458333333334,4.87125,2
TNP_0009,2024-06-25,5.00132,6.887110000000001,0.7261855843742875,28.046666666666667,33.95,23.57,10.380000000000004,64.65583333333333,5.665833333333333,2
TNP_0009,2024-06-26,3.76243,6.80337,0.553024456997047,27.542916666666667,32.86,22.96,9.9,62.36875,5.359583333333333,2
TNP_0009,2024-06-27,3.52961,7.06699,0.4994502610022088,26.34083333333333,32.15,21.98,10.169999999999998,66.56833333333334,4.7195833333333335,2
TNP_0009,2024-06-28,5.89042,7.04679,0.8359011691848345,28.2525,34.47,22.22,12.25,59.31333333333333,4.7025,2
TNP_0009,2024-06-29,6.200889999999999,7.12857,0.8698645029788582,29.59875,36.02,22.48,13.540000000000004,60.33083333333334,4.160416666666666,2
TNP_0009,2024-06-30,3.97023,6.95809,0.5705919296818524,28.68625,34.98,24.1,10.879999999999995,68.19541666666667,3.5362500000000003,2
TNP_0009,2024-07-01,3.62146,6.91121,0.5239979685178138,28.175416666666667,33.74,23.79,9.950000000000005,66.435,5.01,2
TNP_0009,2024-07-02,6.054060000000001,6.88952,0.8787346578571512,29.96291666666667,37.65,22.73,14.919999999999998,56.74416666666667,4.937083333333333,2
TNP_0009,2024-07-03,6.13179,6.95214,0.8820003624783159,29.481666666666666,37.05,22.81,14.239999999999998,67.61666666666666,4.25375,2
TNP_0009,2024-07-04,4.43576,6.46368,0.6862592207535027,29.955416666666668,36.56,24.34,12.220000000000002,67.88916666666667,2.7433333333333336,2
TNP_0009,2024-07-05,6.03418,6.924930000000001,0.8713705409296555,27.98708333333333,34.75,23.74,11.010000000000002,72.55,3.644583333333333,2
TNP_0009,2024-07-06,3.05006,6.63148,0.4599365450849584,27.34875,31.88,23.72,8.16,73.93041666666666,4.205,2
TNP_0009,2024-07-07,5.79527,6.65613,0.8706665885431926,28.589166666666667,34.85,23.86,10.990000000000002,69.64333333333333,3.12625,2
TNP_0009,2024-07-08,3.90725,6.495220000000001,0.6015577609380436,28.69333333333333,34.9,23.78,11.119999999999996,69.47625000000001,3.6012500000000003,2
TNP_0009,2024-07-09,4.62545,6.60887,0.6998851543455992,27.94458333333333,32.93,23.84,9.09,72.91916666666667,2.8545833333333337,2
TNP_0009,2024-07-10,6.22034,6.88954,0.9028672451281218,27.859166666666667,31.98,24.35,7.629999999999999,74.37125,3.4483333333333337,2
TNP_0009,2024-07-11,4.35734,6.80341,0.6404641201985475,28.321250000000003,33.23,24.14,9.089999999999996,70.38333333333334,3.244166666666666,2
TNP_0009,2024-07-12,6.17774,6.8388,0.9033368427209452,27.565416666666668,32.98,22.91,10.069999999999997,71.95083333333334,3.85625,2
TNP_0009,2024-07-13,4.260800000000001,6.68953,0.6369356292594548,28.044583333333332,34.17,22.87,11.3,68.7525,5.05875,2
TNP_0009,2024-07-14,2.99014,6.251060000000001,0.4783412733200448,27.71,34.08,23.54,10.54,70.72583333333334,5.970416666666666,2
TNP_0009,2024-07-15,2.07339,6.465949999999999,0.3206628569661071,27.20625,31.67,23.58,8.090000000000003,76.72458333333334,5.3741666666666665,2
TNP_0009,2024-07-16,3.56354,6.52026,0.546533420446424,27.6975,33.24,23.57,9.670000000000002,75.10916666666667,6.072500000000001,2
TNP_0009,2024-07-17,4.823770000000001,6.72995,0.716761640131056,27.969166666666663,33.85,23.55,10.3,70.90791666666667,6.2825,2
TNP_0009,2024-07-18,3.83747,6.43433,0.5964055309566031,27.7825,33.53,23.89,9.64,71.27333333333333,6.347916666666666,2
TNP_0009,2024-07-19,3.29902,6.60532,0.4994489290450727,27.758333333333336,32.56,23.73,8.830000000000002,70.26916666666666,7.015000000000001,2
TNP_0009,2024-07-20,4.496309999999999,6.68099,0.6730005583004913,28.40833333333333,34.8,23.61,11.189999999999998,68.99958333333333,5.850833333333334,2
TNP_0009,2024-07-21,5.05887,6.83483,0.7401603258603359,29.44375,36.55,23.5,13.049999999999995,65.73583333333333,5.967083333333334,2
TNP_0009,2024-07-22,4.472729999999999,6.83471,0.6544140131768574,29.20875,35.65,23.41,12.239999999999998,62.96083333333333,5.89875,2
TNP_0009,2024-07-23,5.21729,6.953810000000001,0.7502779052059231,29.19083333333333,36.12,23.41,12.709999999999996,62.432500000000005,5.785833333333333,2
TNP_0009,2024-07-24,5.96135,6.84105,0.8714086287923638,28.49791666666667,34.82,23.87,10.95,65.46041666666666,5.412916666666667,2
TNP_0009,2024-07-25,4.80174,6.87179,0.6987611670321706,29.09166666666667,35.38,23.78,11.6,63.28041666666667,6.354583333333333,2
TNP_0009,2024-07-26,4.734430000000001,6.7292700000000005,0.7035577410328312,29.08,34.73,24.15,10.579999999999998,62.31041666666667,6.285,2
TNP_0009,2024-07-27,4.81711,6.55713,0.7346369524471834,30.02916666666667,37.41,24.22,13.189999999999998,59.19958333333333,6.805416666666667,2
TNP_0009,2024-07-28,4.70975,6.16797,0.763581859185437,29.551666666666662,36.52,24.17,12.35,61.305,6.1433333333333335,2
TNP_0009,2024-07-29,5.04171,6.2962,0.8007544233029447,29.695833333333336,36.68,24.08,12.6,66.3775,5.05875,2
TNP_0009,2024-07-30,5.26457,6.68701,0.7872831056032517,28.70208333333333,34.48,24.71,9.769999999999996,68.11083333333333,4.335833333333333,2
TNP_0009,2024-07-31,5.55019,6.78724,0.8177388747119595,29.141666666666666,34.73,24.95,9.779999999999998,70.34666666666666,4.123333333333333,2
TNP_0009,2024-08-01,5.548400000000001,6.64521,0.8349472778136434,29.810416666666665,36.04,24.81,11.23,65.37958333333333,4.051666666666667,2
TNP_0009,2024-08-02,4.68602,6.73581,0.6956876752758763,28.842916666666667,34.52,24.34,10.180000000000003,65.67166666666667,4.796666666666667,2
TNP_0009,2024-08-03,5.535220000000001,6.671930000000001,0.8296280086871415,28.848333333333333,34.77,24.18,10.590000000000003,68.19083333333333,3.587916666666666,2
TNP_0009,2024-08-04,5.86233,6.903899999999999,0.849133098683353,27.69458333333333,32.07,23.58,8.490000000000002,74.93124999999999,2.9154166666666668,2
TNP_0009,2024-08-05,4.97911,6.7567,0.7369144700815486,28.672083333333333,34.83,23.44,11.389999999999995,71.89083333333333,2.12,2
TNP_0009,2024-08-06,5.82077,6.718649999999999,0.866360057452018,26.877916666666668,30.13,24.38,5.75,83.58666666666666,2.216666666666667,2
TNP_0009,2024-08-07,4.07773,6.81547,0.5983050325216015,26.885416666666668,30.39,24.01,6.379999999999999,82.13125000000001,1.7345833333333334,2
TNP_0009,2024-08-08,5.125349999999999,6.488219999999999,0.7899470116611336,27.962083333333336,32.52,23.85,8.670000000000002,76.61166666666666,2.6325,2
TNP_0009,2024-08-09,6.4484,6.8466700000000005,0.9418301159541792,28.289583333333336,33.43,23.78,9.65,78.17708333333333,2.3833333333333333,2
TNP_0009,2024-08-10,6.205970000000001,6.86434,0.904088375575802,27.846666666666668,31.47,24.67,6.799999999999997,80.72625000000001,2.112083333333333,2
TNP_0009,2024-08-11,5.9547300000000005,6.791720000000001,0.8767631763382472,28.285416666666663,31.95,24.59,7.359999999999999,81.03541666666666,1.4158333333333333,2
TNP_0009,2024-08-12,6.52567,6.68832,0.9756814865317448,28.034166666666668,31.31,25.16,6.149999999999999,84.05875,1.9516666666666664,2
TNP_0009,2024-08-13,6.409800000000001,6.71273,0.9548723097756056,28.05375,32.02,24.75,7.270000000000003,84.05375,1.7533333333333332,2
TNP_0009,2024-08-14,6.10644,7.10767,0.8591338652469798,27.68583333333333,31.43,24.33,7.100000000000001,85.16916666666667,2.1425,2
TNP_0009,2024-08-15,5.41995,7.06764,0.7668684313292697,27.760416666666668,32.18,24.38,7.800000000000001,83.2075,2.3433333333333333,2
TNP_0009,2024-08-16,5.9679400000000005,6.93366,0.8607200237681111,27.864166666666662,31.97,24.85,7.119999999999997,84.28,2.655416666666667,2
TNP_0009,2024-08-17,5.8891800000000005,6.844939999999999,0.8603698498452873,27.3375,30.32,24.9,5.420000000000002,88.01583333333333,1.690416666666667,2
TNP_0009,2024-08-18,6.7439800000000005,7.061109999999999,0.955087797810826,27.418333333333333,30.98,24.74,6.240000000000002,86.7275,1.79625,2
TNP_0009,2024-08-19,5.68303,6.79385,0.8364962429255871,27.41958333333333,31.29,24.11,7.18,85.44541666666667,2.3454166666666665,2
TNP_0009,2024-08-20,5.94879,6.92308,0.8592692847692068,27.41875,31.02,24.1,6.919999999999998,84.99583333333332,2.9112500000000003,2
TNP_0009,2024-08-21,5.186229999999999,6.8708,0.754821854805845,26.817916666666665,30.81,23.22,7.59,82.72833333333334,5.005833333333333,2
TNP_0009,2024-08-22,5.72448,6.967980000000001,0.8215408195775532,26.6825,30.4,23.16,7.239999999999998,83.47875,3.12875,2
TNP_0009,2024-08-23,6.53611,6.9789200000000005,0.936550354496111,27.526666666666667,32.21,23.65,8.560000000000002,77.95208333333333,3.1375,2
TNP_0009,2024-08-24,5.6734,6.84475,0.8288688410825815,27.1575,32.35,23.58,8.770000000000003,77.41583333333334,4.14625,2
TNP_0009,2024-08-25,6.047020000000001,7.01757,0.8616971401781529,27.51875,33.08,23.43,9.65,77.35416666666667,4.135416666666667,2
TNP_0009,2024-08-26,5.62235,7.043279999999999,0.7982573460092458,27.709166666666665,33.32,23.35,9.97,75.61375,4.490833333333334,2
TNP_0009,2024-08-27,4.9231300000000005,6.9275,0.7106647419704079,27.2325,31.55,23.21,8.34,78.375,3.1679166666666667,2
TNP_0009,2024-08-28,3.43031,7.079680000000001,0.4845289617609835,27.004166666666663,31.81,23.04,8.77,77.02166666666666,3.1791666666666667,2
TNP_0009,2024-08-29,4.14,6.99394,0.5919410232286808,27.03458333333333,31.99,22.93,9.06,80.29333333333334,3.5241666666666664,2
TNP_0009,2024-08-30,3.2793400000000004,6.84135,0.479341065725332,26.725416666666664,31.18,23.11,8.07,82.325,3.654166666666667,2
TNP_0009,2024-08-31,4.58299,6.7426900000000005,0.6796975687744801,25.960416666666664,30.87,23.07,7.800000000000001,75.52541666666667,5.441666666666666,2
TNP_0009,2024-09-01,5.47666,6.88788,0.7951154782022916,27.02,32.78,21.93,10.85,74.45125,4.5095833333333335,2
TNP_0009,2024-09-02,5.69539,6.78618,0.8392630316319343,27.48333333333333,33.79,21.74,12.05,76.82541666666667,3.5716666666666668,2
TNP_0009,2024-09-03,4.8013,6.799930000000001,0.7060807978905665,27.544583333333332,32.63,22.31,10.320000000000004,78.62708333333333,2.750833333333333,2
TNP_0009,2024-09-04,4.297359999999999,6.77322,0.6344633719264987,27.442083333333333,32.99,23.72,9.270000000000003,78.89666666666666,3.974166666666666,2
TNP_0009,2024-09-05,6.36592,6.84062,0.9306057053308034,27.547916666666666,32.42,23.76,8.66,79.82416666666667,3.7379166666666666,2
TNP_0009,2024-09-06,3.81125,6.67694,0.5708078850491393,27.0425,32.02,23.77,8.250000000000004,80.69125,3.9466666666666663,2
TNP_0009,2024-09-07,4.50819,6.58348,0.6847730987259019,27.105,31.99,23.71,8.279999999999998,78.27916666666667,4.0825000000000005,2
TNP_0009,2024-09-08,4.65739,6.774019999999999,0.6875370902359309,27.65083333333333,33.65,23.58,10.07,74.37416666666667,4.520833333333333,2
TNP_0009,2024-09-09,4.67656,6.74152,0.6936951904021645,27.30541666666667,32.65,23.33,9.32,76.21666666666667,4.34875,2
TNP_0009,2024-09-10,6.48349,6.834269999999999,0.9486733769663768,27.76708333333333,33.52,23.18,10.340000000000003,75.77166666666666,4.463333333333334,2
TNP_0009,2024-09-11,5.22999,6.80926,0.7680702455186026,27.69875,33.51,22.96,10.549999999999995,72.73791666666666,3.962916666666666,2
TNP_0009,2024-09-12,6.43947,6.90026,0.9332213568764076,28.13,33.64,22.9,10.740000000000002,72.53125,3.3512500000000003,2
TNP_0009,2024-09-13,6.3295,6.90099,0.917187244149028,28.590416666666663,34.45,23.59,10.860000000000005,68.1775,3.00125,2
TNP_0009,2024-09-14,6.2602,6.8451,0.914552015310222,28.475416666666664,35.4,23.42,11.979999999999997,66.85583333333334,3.6341666666666663,2
TNP_0009,2024-09-15,6.4367600000000005,6.920649999999999,0.9300802670269412,28.59958333333333,35.66,23.07,12.589999999999996,66.04,4.28125,2
TNP_0009,2024-09-16,6.80136,6.9566,0.9776845010493632,28.62833333333333,35.89,22.89,13.0,64.96124999999999,4.716666666666667,2
TNP_0009,2024-09-17,6.36633,6.9778400000000005,0.9123639980280428,29.344583333333333,36.3,23.8,12.499999999999996,66.23833333333333,3.33,2
TNP_0009,2024-09-18,6.45416,6.89093,0.9366166830892202,28.734583333333333,33.97,23.54,10.43,69.77833333333334,2.685833333333333,2
TNP_0009,2024-09-19,6.42854,6.81396,0.943436709343759,28.875416666666663,33.94,23.54,10.4,66.51333333333334,2.3208333333333333,2
TNP_0009,2024-09-20,5.924600000000001,6.564940000000001,0.9024606470127678,28.11375,33.78,24.12,9.66,73.99249999999999,2.63625,2
TNP_0009,2024-09-21,3.85999,6.517390000000001,0.5922600918465827,28.41583333333333,34.67,23.44,11.23,69.38250000000001,2.6641666666666666,2
TNP_0009,2024-09-22,3.62828,6.44828,0.5626740774283996,28.552916666666665,35.33,23.29,12.04,71.22708333333334,3.867083333333333,2
TNP_0009,2024-09-23,5.19318,6.25721,0.8299513681017578,28.13,33.19,23.46,9.729999999999997,77.11916666666666,2.65375,2
TNP_0009,2024-09-24,5.432360000000001,6.57195,0.8265978895152886,27.671666666666667,31.69,24.36,7.330000000000002,80.8725,2.3529166666666668,2
TNP_0009,2024-09-25,5.709059999999999,6.560779999999999,0.8701800700526461,27.46875,32.57,24.15,8.420000000000002,81.67166666666667,2.1075,2
TNP_0009,2024-09-26,4.16711,6.63029,0.6284958878118454,27.81458333333333,32.66,23.92,8.739999999999995,75.51875,2.085833333333333,2
TNP_0009,2024-09-27,4.18388,6.32906,0.6610586722198873,27.169166666666666,32.01,23.69,8.319999999999997,75.68625,1.5941666666666665,2
TNP_0009,2024-09-28,4.384810000000001,6.46067,0.6786927671588242,26.81041666666667,31.64,23.33,8.310000000000002,82.24291666666666,1.7491666666666663,2
TNP_0009,2024-09-29,6.33579,6.8141300000000005,0.9298017501867444,27.041666666666668,32.74,23.19,9.55,81.27958333333333,2.545,2
TNP_0009,2024-09-30,5.8263,6.93268,0.8404109233370067,27.53,33.14,23.4,9.740000000000002,78.20875,2.42625,2
TNP_0009,2024-10-01,6.72674,6.85042,0.98194563253056,28.169166666666666,34.36,23.36,11.0,75.55,2.8466666666666662,2
TNP_0009,2024-10-02,6.49202,6.64946,0.9763228893774832,28.87708333333333,34.65,23.53,11.119999999999996,74.39375,2.985416666666667,2
TNP_0009,2024-10-03,6.03403,6.49599,0.9288853585057858,28.15083333333333,32.47,24.19,8.279999999999998,81.14625,2.4925,2
TNP_0009,2024-10-04,5.85657,6.240819999999999,0.9384295653455796,27.118333333333336,31.26,24.25,7.010000000000002,82.02041666666666,1.865,2
TNP_0009,2024-10-05,4.75039,6.2138100000000005,0.764489097671155,27.10291666666667,30.84,23.71,7.129999999999999,82.37333333333333,2.0970833333333334,2
TNP_0009,2024-10-06,4.40547,5.8876800000000005,0.7482522827327572,26.11875,30.25,22.52,7.73,81.47500000000001,1.63125,2
TNP_0009,2024-10-07,3.94917,6.18519,0.6384880658476134,26.53916666666667,31.36,22.48,8.879999999999999,81.1875,1.9425,2
TNP_0009,2024-10-08,5.648230000000001,6.3848400000000005,0.8846314081480507,26.60166666666667,30.86,23.13,7.73,83.05041666666666,1.8420833333333333,2
TNP_0009,2024-10-09,4.805,6.39246,0.7516668074575359,26.594583333333333,31.25,23.1,8.149999999999999,84.30708333333334,2.067916666666666,2
TNP_0009,2024-10-10,4.1238,6.312819999999999,0.6532421326760466,26.37333333333333,30.56,23.33,7.23,84.64708333333333,1.775,2
TNP_0009,2024-10-11,4.964899999999999,6.55618,0.7572854924666497,26.563333333333333,30.82,23.39,7.43,85.20041666666667,2.2175,2
TNP_0009,2024-10-12,4.21102,6.47926,0.6499229850322414,25.85875,28.66,23.98,4.68,89.79166666666667,1.9625,2
TNP_0009,2024-10-13,5.28715,6.35528,0.8319303004745661,25.92,29.01,23.23,5.780000000000001,88.25875,2.1679166666666667,2
TNP_0009,2024-10-14,2.29771,6.4127,0.3583061736865907,25.504583333333333,28.26,23.23,5.030000000000001,90.68458333333332,3.6725,2
TNP_0009,2024-10-15,1.2762,6.42006,0.1987831889421594,24.937916666666663,27.93,23.09,4.84,91.73708333333332,2.6779166666666665,2
TNP_0009,2024-10-16,3.4468400000000003,6.32385,0.5450540414462709,25.157083333333333,27.93,23.25,4.68,92.39208333333332,1.9691666666666665,2
TNP_0009,2024-10-17,5.22843,6.12918,0.8530390688477089,26.317083333333333,29.75,23.21,6.539999999999999,89.04666666666667,3.212916666666666,2
TNP_0009,2024-10-18,3.10995,5.89866,0.5272299132345313,26.32958333333333,29.88,23.17,6.709999999999997,80.30125,1.7016666666666669,2
TNP_0009,2024-10-19,3.92603,6.221310000000001,0.6310616252847069,26.03625,28.96,23.0,5.960000000000001,86.67708333333333,1.5083333333333335,2
TNP_0009,2024-10-20,4.9287,6.10079,0.8078789796075591,26.047916666666666,29.51,23.52,5.990000000000002,88.6725,1.5287499999999998,2
TNP_0009,2024-10-21,5.324199999999999,6.07185,0.8768661939935932,26.59875,30.77,23.52,7.25,85.51416666666667,1.6050000000000002,2
TNP_0009,2024-10-22,5.60298,6.2111,0.902091416979279,26.625,30.83,23.18,7.649999999999999,85.82041666666667,1.54375,2
TNP_0009,2024-10-23,5.91485,6.1020900000000005,0.9693154312702696,26.889166666666668,31.61,22.88,8.73,80.18083333333333,1.6970833333333333,2
TNP_0009,2024-10-24,3.48716,5.57224,0.6258093693021118,26.7125,31.11,22.83,8.280000000000001,81.13250000000001,1.5291666666666668,2
TNP_0009,2024-10-25,4.63399,5.584359999999999,0.8298157711895365,26.765416666666667,32.28,21.51,10.77,74.4675,1.9395833333333328,2
TNP_0009,2024-10-26,5.050809999999999,5.21328,0.968835358929503,26.6225,31.9,21.2,10.7,73.60708333333334,2.660833333333333,2
TNP_0009,2024-10-27,4.764819999999999,5.35792,0.8893040582912771,27.326666666666668,32.28,22.51,9.77,72.69,1.3504166666666668,2
TNP_0009,2024-10-28,5.021019999999999,5.14591,0.9757302401324546,27.65041666666667,31.7,23.36,8.34,73.03583333333333,0.8745833333333333,2
TNP_0009,2024-10-29,4.4637,5.61652,0.7947447885879513,27.17125,32.32,23.15,9.170000000000002,78.15249999999999,1.7225,2
TNP_0009,2024-10-30,3.35589,5.03357,0.6667017643541264,26.365,30.71,22.99,7.720000000000002,86.11,2.067916666666666,2
TNP_0009,2024-10-31,4.1765,4.96359,0.8414272734049347,26.422083333333333,30.75,23.39,7.359999999999999,84.83791666666667,1.5820833333333333,2
TNP_0009,2024-11-01,4.76513,5.58346,0.8534367578526577,25.82333333333333,29.96,22.92,7.039999999999999,87.61,2.083333333333333,2
TNP_0009,2024-11-02,4.44397,5.87696,0.7561681549644714,25.45,29.77,22.07,7.699999999999999,86.35041666666666,2.20125,2
TNP_0009,2024-11-03,4.79645,5.9563500000000005,0.8052666481989809,25.084166666666665,29.32,21.77,7.550000000000001,87.60958333333333,2.553333333333333,2
TNP_0009,2024-11-04,4.63612,5.97654,0.77571973081415,25.102083333333336,30.31,20.82,9.489999999999998,84.07375,2.6841666666666666,2
TNP_0009,2024-11-05,5.47241,5.67954,0.9635304971881524,24.71166666666667,30.06,20.58,9.48,83.62166666666667,3.0695833333333336,2
TNP_0009,2024-11-06,4.755019999999999,5.61109,0.8474324952905762,25.502916666666668,29.98,20.57,9.41,85.66000000000001,3.9291666666666663,2
TNP_0009,2024-11-07,2.99356,5.8329,0.513219839188054,25.59875,30.24,22.44,7.799999999999997,88.79916666666666,3.8816666666666655,2
TNP_0009,2024-11-08,4.99669,6.12431,0.8158780336070512,25.397916666666664,30.14,21.93,8.21,86.34499999999998,3.5370833333333334,2
TNP_0009,2024-11-09,4.92588,6.02887,0.8170486343211913,24.78458333333333,29.25,21.06,8.190000000000001,84.705,3.6045833333333337,2
TNP_0009,2024-11-10,5.54513,6.11996,0.9060729155092516,24.65875,29.63,20.67,8.959999999999997,84.11375,3.5716666666666668,2
TNP_0009,2024-11-11,4.824109999999999,5.47609,0.8809405981274959,24.758750000000003,29.61,20.88,8.73,80.85958333333333,4.1525,2
TNP_0009,2024-11-12,2.55817,5.52908,0.4626755264890362,24.84166666666667,28.55,21.2,7.350000000000001,88.86916666666667,3.544583333333333,2
TNP_0009,2024-11-13,2.15736,5.69017,0.3791380573866861,25.076666666666668,28.01,23.14,4.870000000000001,92.53291666666668,3.3575,2
TNP_0009,2024-11-14,3.42737,5.78906,0.5920425768604921,25.57333333333333,28.87,23.07,5.800000000000001,90.6025,2.5554166666666664,2
TNP_0009,2024-11-15,3.33218,5.785489999999999,0.5759546728107732,25.1975,28.0,23.52,4.48,91.2275,2.710833333333333,2
TNP_0009,2024-11-16,3.50403,5.68527,0.616334844255418,25.15,28.39,22.98,5.41,91.98625,3.19875,2
TNP_0009,2024-11-17,4.08194,4.93399,0.827310148581574,24.68625,29.03,21.37,7.66,87.51083333333334,3.701666666666666,2
TNP_0009,2024-11-18,4.20719,4.89029,0.8603150324418387,24.631666666666664,29.26,21.32,7.940000000000001,85.82333333333332,3.73,2
TNP_0009,2024-11-19,4.67196,5.2988100000000005,0.8816998533633024,23.792916666666667,28.64,19.72,8.920000000000002,86.45416666666667,3.955833333333333,2
TNP_0009,2024-11-20,3.71789,5.47565,0.6789860564499192,22.907916666666665,28.1,18.8,9.3,86.74166666666667,3.405,2
TNP_0009,2024-11-21,4.20589,5.21872,0.805923674770825,23.0875,28.59,18.54,10.05,84.415,3.20125,2
TNP_0009,2024-11-22,5.291930000000001,5.3288400000000005,0.9930735394569924,22.776666666666667,28.24,18.89,9.349999999999998,85.85166666666667,3.469583333333333,2
TNP_0009,2024-11-23,4.32097,5.54148,0.7797501750434902,23.982916666666668,28.94,19.44,9.5,87.01041666666667,3.3408333333333338,2
TNP_0009,2024-11-24,3.86361,5.461399999999999,0.7074394843812942,23.595416666666665,28.4,19.84,8.559999999999999,87.19625,3.37875,2
TNP_0009,2024-11-25,3.3367,5.12653,0.6508691063936035,23.67458333333333,27.47,19.7,7.77,86.46708333333333,4.525416666666667,2
TNP_0009,2024-11-26,0.96527,5.06637,0.1905249715279381,23.812916666666663,25.07,22.54,2.530000000000001,94.23541666666668,5.1275,2
TNP_0009,2024-11-27,1.90169,5.05156,0.3764559858736707,22.947916666666668,26.13,19.98,6.149999999999999,86.34625,6.084583333333334,2
TNP_0009,2024-11-28,3.58103,5.26361,0.6803372590294494,23.527083333333334,26.48,19.86,6.620000000000001,86.86541666666666,6.789583333333333,2
TNP_0009,2024-11-29,2.27264,4.97448,0.4568598124829128,25.1425,28.14,22.64,5.5,91.21875,7.00875,2
TNP_0009,2024-11-30,0.29574,5.233029999999999,0.0565141036837167,25.14208333333333,25.83,24.42,1.4099999999999966,93.04375,10.984583333333331,2
TNP_0009,2024-12-01,0.50715,5.269480000000001,0.096242893036884,25.297916666666666,26.28,24.69,1.59,95.22416666666668,8.80625,2
TNP_0009,2024-12-02,1.7562,4.71277,0.3726470844110788,25.405833333333334,27.92,23.9,4.020000000000003,93.11083333333332,5.87,2
TNP_0009,2024-12-03,4.03724,4.95812,0.814268311376086,25.094166666666663,29.4,22.34,7.059999999999999,90.88625,3.231666666666667,2
TNP_0009,2024-12-04,3.7524,5.38341,0.6970303209304141,24.99833333333333,28.54,22.32,6.219999999999999,91.89875,2.400416666666666,2
TNP_0009,2024-12-05,4.62762,5.48933,0.8430209151207889,25.22625,29.72,22.18,7.539999999999999,87.71833333333335,1.81,2
TNP_0009,2024-12-06,5.06,5.56579,0.9091252095389872,25.102083333333336,29.55,22.11,7.440000000000001,88.075,1.825,2
TNP_0009,2024-12-07,4.390890000000001,5.55854,0.7899358464632801,24.572916666666668,29.16,21.23,7.93,86.95958333333333,2.015,2
TNP_0009,2024-12-08,5.099349999999999,5.27175,0.9672973870156968,24.4525,29.17,21.41,7.760000000000002,86.35708333333334,1.6504166666666666,2
TNP_0009,2024-12-09,4.31051,4.83927,0.8907355861524568,24.78833333333333,29.66,21.39,8.27,87.09958333333333,2.066666666666667,2
TNP_0009,2024-12-10,3.87496,4.9757,0.7787768555178166,24.63625,28.85,21.23,7.620000000000001,88.4825,3.57375,2
TNP_0009,2024-12-11,1.61419,4.91911,0.3281467582550502,24.442083333333333,27.26,22.39,4.870000000000001,90.66333333333334,4.502916666666667,2
TNP_0009,2024-12-12,1.0876199999999998,5.111560000000001,0.2127765300612728,24.051666666666662,26.34,21.83,4.510000000000002,94.90333333333332,4.327916666666667,2
TNP_0009,2024-12-13,2.49885,4.59222,0.5441485817317114,23.34083333333333,27.31,19.92,7.389999999999997,88.89125,3.862083333333333,2
TNP_0009,2024-12-14,4.8244,5.11887,0.942473631875785,21.985,26.65,17.9,8.75,88.76583333333333,3.80875,2
TNP_0009,2024-12-15,4.46496,5.341279999999999,0.8359344576580895,21.13583333333333,26.1,16.92,9.18,86.62374999999999,3.9975,2
TNP_0009,2024-12-16,4.83114,5.37554,0.8987264535283898,21.09375,25.98,16.53,9.45,84.22791666666667,3.999583333333333,2
TNP_0009,2024-12-17,2.63644,5.10979,0.5159585814681229,20.8875,24.75,18.69,6.059999999999999,85.42583333333333,5.0720833333333335,2
TNP_0009,2024-12-18,3.51192,5.27242,0.6660926102245268,23.62208333333333,27.85,19.18,8.670000000000002,90.64958333333334,3.88625,2
TNP_0009,2024-12-19,3.40046,5.28194,0.6437899711091001,24.58333333333333,28.45,21.93,6.52,90.95166666666668,3.225,2
TNP_0009,2024-12-20,3.77656,5.275180000000001,0.7159111158292227,25.255,29.96,21.81,8.150000000000002,86.71749999999999,3.04,2
TNP_0009,2024-12-21,4.43604,5.24796,0.8452884549424919,25.27208333333333,30.12,21.46,8.66,88.78166666666668,2.9141666666666666,2
TNP_0009,2024-12-22,4.15325,5.12775,0.8099556335624787,23.3425,28.15,18.63,9.52,89.45166666666667,3.3183333333333334,2
TNP_0009,2024-12-23,5.10191,5.12681,0.9951431787017658,23.346666666666668,28.86,18.51,10.349999999999998,87.8675,3.753333333333333,2
TNP_0009,2024-12-24,2.9155900000000003,5.336099999999999,0.5463896853507244,23.20125,27.1,20.09,7.010000000000002,87.83666666666666,5.152916666666667,2
TNP_0009,2024-12-25,2.83723,5.35117,0.5302074125845376,24.1625,28.68,19.91,8.77,88.78458333333333,3.57375,2
TNP_0009,2024-12-26,2.51215,5.43154,0.462511552892918,24.51458333333333,28.71,21.96,6.75,90.94666666666666,4.0008333333333335,2
TNP_0009,2024-12-27,3.02712,5.512,0.5491872278664732,23.56041666666667,27.58,20.67,6.909999999999997,89.50625000000001,4.176666666666667,2
TNP_0009,2024-12-28,4.56725,5.2897300000000005,0.8634183597272449,23.15875,27.77,20.07,7.699999999999999,87.72250000000001,3.2175,2
TNP_0009,2024-12-29,4.11841,5.26475,0.7822612659670449,23.345,27.9,19.93,7.969999999999999,87.98375,4.085416666666666,2
TNP_0009,2024-12-30,3.3430500000000003,5.20912,0.6417686672604971,23.479166666666668,28.16,20.2,7.960000000000001,88.32833333333333,4.265833333333333,2
TNP_0009,2024-12-31,5.09671,5.46311,0.9329319746444792,22.85833333333333,27.57,19.38,8.190000000000001,88.52083333333333,3.681666666666666,2
TNP_0009,2025-01-01,4.83313,5.42548,0.8908207200100267,22.360416666666666,27.14,18.31,8.830000000000002,88.43291666666666,3.3295833333333333,2
TNP_0009,2025-01-02,4.9234800000000005,5.422149999999999,0.9080309471335174,21.9725,27.14,17.83,9.310000000000002,88.13333333333333,3.0170833333333333,2
TNP_0009,2025-01-03,4.79575,5.51958,0.8688613988745522,21.00125,26.38,16.68,9.7,85.77708333333334,3.317916666666666,2
TNP_0009,2025-01-04,4.85768,5.66224,0.8579078244652294,21.210833333333333,26.38,16.47,9.91,84.85333333333334,2.5587500000000003,2
TNP_0009,2025-01-05,5.00121,5.60916,0.8916147872408703,21.140833333333333,26.6,16.5,10.1,81.58375,2.330833333333333,2
TNP_0009,2025-01-06,4.80576,5.484019999999999,0.8763206552857212,21.417916666666667,27.22,16.73,10.489999999999998,81.37541666666667,2.364583333333333,2
TNP_0009,2025-01-07,4.94101,5.582520000000001,0.8850859468483767,21.030833333333334,27.09,15.76,11.33,82.00333333333333,2.5966666666666667,2
TNP_0009,2025-01-08,5.25479,5.3968,0.9736862585235696,20.630416666666665,26.29,15.51,10.78,83.96875,3.234166666666667,2
TNP_0009,2025-01-09,3.33451,5.16862,0.6451451257782541,20.98333333333333,26.11,16.28,9.829999999999998,85.75791666666667,3.4416666666666664,2
TNP_0009,2025-01-10,2.96472,5.36256,0.5528553526673827,22.078333333333333,27.29,17.64,9.65,87.62291666666665,3.762916666666667,2
TNP_0009,2025-01-11,2.83297,5.49967,0.5151163615271461,21.891666666666666,27.31,18.21,9.099999999999998,86.17541666666666,3.885,2
TNP_0009,2025-01-12,3.11569,5.59258,0.5571113868733214,23.292916666666667,27.72,18.24,9.48,87.98833333333333,3.8366666666666656,2
TNP_0009,2025-01-13,2.73405,5.3445,0.5115632893628964,23.559166666666663,28.46,20.07,8.39,89.98458333333333,4.156666666666667,2
TNP_0009,2025-01-14,3.74285,5.84857,0.6399598534342583,22.699166666666667,27.56,19.24,8.32,86.33458333333334,3.8304166666666655,2
TNP_0009,2025-01-15,4.13261,5.678100000000001,0.7278156425564888,22.5675,26.85,19.31,7.540000000000003,84.56833333333334,4.116666666666666,2
TNP_0009,2025-01-16,4.26253,5.47216,0.778948349463466,22.144166666666667,27.05,18.26,8.79,85.56458333333335,3.620416666666667,2
TNP_0009,2025-01-17,4.42997,5.31741,0.8331067192486568,21.787916666666664,26.6,18.57,8.030000000000001,85.78916666666667,3.798333333333333,2
TNP_0009,2025-01-18,2.66732,5.35836,0.4977866362095865,22.40083333333333,26.59,18.35,8.239999999999998,86.95791666666666,4.594166666666667,2
TNP_0009,2025-01-19,2.68677,5.43236,0.4945861467207622,22.19541666666667,26.96,17.49,9.470000000000002,91.72041666666668,4.2025,2
TNP_0009,2025-01-20,5.09205,5.54929,0.9176038736487012,21.30375,27.2,16.67,10.529999999999998,87.32416666666667,3.387916666666667,2
TNP_0009,2025-01-21,5.21575,5.83434,0.8939742970070308,21.14958333333333,26.92,16.58,10.340000000000003,85.72333333333334,2.9104166666666664,2
TNP_0009,2025-01-22,3.51477,5.833489999999999,0.6025158181465984,21.894583333333333,27.51,17.28,10.23,86.87416666666667,2.929583333333333,2
TNP_0009,2025-01-23,4.83024,6.12733,0.7883107324071007,21.414583333333336,27.71,16.98,10.73,85.59708333333333,2.8520833333333333,2
TNP_0009,2025-01-24,5.09237,6.190849999999999,0.8225639451771567,20.951666666666664,26.37,15.62,10.750000000000002,85.38208333333334,2.68125,2
TNP_0009,2025-01-25,5.421,6.1580200000000005,0.8803154260622732,20.29208333333333,27.08,15.23,11.849999999999998,84.82666666666667,2.860416666666667,2
TNP_0009,2025-01-26,5.71361,6.24354,0.9151234716202666,21.15375,27.57,15.05,12.52,84.85083333333334,2.7304166666666667,2
TNP_0009,2025-01-27,5.41015,6.04094,0.8955808202034783,21.719166666666663,28.06,16.49,11.57,82.11125,2.26125,2
TNP_0009,2025-01-28,4.53533,6.00183,0.7556578576867389,21.46708333333333,27.89,16.69,11.2,81.67791666666666,2.181666666666666,2
TNP_0009,2025-01-29,5.1878400000000005,6.24658,0.8305088544451524,20.7325,27.68,14.97,12.71,82.24875,3.0325,2
TNP_0009,2025-01-30,4.97711,6.18057,0.8052833314726635,22.76,29.69,14.73,14.96,81.04125,1.775,2
TNP_0009,2025-01-31,4.76296,6.149430000000001,0.7745368269904689,24.07041666666667,30.34,18.9,11.44,85.28083333333333,2.092916666666667,2
TNP_0009,2025-02-01,5.587470000000001,6.2511,0.8938378845323224,23.84583333333333,30.53,19.56,10.970000000000002,81.48166666666667,2.04625,2
TNP_0009,2025-02-02,6.27891,6.4158100000000005,0.9786620863149,22.78625,30.2,16.21,13.989999999999998,77.28750000000001,1.90625,2
TNP_0009,2025-02-03,6.40244,6.5165,0.9824967390470344,22.340416666666663,29.5,15.73,13.77,69.24375,1.8775,2
TNP_0009,2025-02-04,6.15535,6.16826,0.9979070272653876,23.5875,30.49,16.13,14.36,64.37541666666667,2.01125,2
TNP_0009,2025-02-05,6.08358,6.09648,0.9978840248799308,23.28125,30.45,18.09,12.36,71.52374999999999,2.208333333333333,2
TNP_0009,2025-02-06,6.2105,6.42141,0.9671551886579428,23.155,30.37,17.71,12.66,79.66916666666667,2.1479166666666667,2
TNP_0009,2025-02-07,6.15725,6.3752200000000006,0.9658098073478248,23.235416666666666,30.61,17.21,13.4,74.19458333333334,2.210833333333333,2
TNP_0009,2025-02-08,5.22085,5.50459,0.948453926632138,23.65833333333333,30.42,16.9,13.520000000000003,74.86083333333333,2.34625,2
TNP_0009,2025-02-09,5.25307,5.71335,0.9194378079410503,23.46625,29.9,17.67,12.229999999999997,80.05499999999999,2.518333333333333,2
TNP_0009,2025-02-10,5.57467,6.13978,0.90795924283932,23.29958333333333,30.42,18.59,11.830000000000002,80.24083333333333,2.3875,2
TNP_0009,2025-02-11,6.61155,6.67868,0.9899486126000948,22.97125,30.61,17.33,13.28,75.20125,1.7879166666666666,2
TNP_0009,2025-02-12,6.72745,6.77238,0.9933657000936156,23.032916666666665,31.97,15.22,16.75,70.1025,2.165,2
TNP_0009,2025-02-13,6.52929,6.69346,0.9754730737167324,23.005416666666665,32.28,14.97,17.310000000000002,68.18291666666666,2.4054166666666665,2
TNP_0009,2025-02-14,6.52963,6.54325,0.9979184655943149,23.218333333333334,32.52,15.08,17.440000000000005,70.36708333333333,2.475416666666667,2
TNP_0009,2025-02-15,6.28287,6.30238,0.9969043440731914,23.859166666666667,32.55,16.16,16.389999999999997,72.34291666666667,2.549583333333333,2
TNP_0009,2025-02-16,6.45605,6.46629,0.998416402604894,24.07041666666667,32.26,17.43,14.829999999999998,74.50416666666666,2.4091666666666667,2
TNP_0009,2025-02-17,6.27288,6.51966,0.9621483328885247,24.387083333333333,32.53,19.19,13.34,75.67958333333333,2.365833333333333,2
TNP_0009,2025-02-18,6.4036800000000005,6.41898,0.9976164437340512,24.2,32.66,17.82,14.839999999999996,73.14874999999999,2.392916666666667,2
TNP_0009,2025-02-19,6.47268,6.496519999999999,0.996330343014414,24.49708333333333,33.4,17.33,16.07,72.9975,2.5308333333333333,2
TNP_0009,2025-02-20,6.37931,6.42234,0.9932999498625112,24.686666666666667,33.22,18.1,15.119999999999996,74.49208333333333,2.5070833333333336,2
TNP_0009,2025-02-21,6.22875,6.39436,0.9741006136657928,25.194166666666664,33.25,19.86,13.39,74.11,2.319166666666667,2
TNP_0009,2025-02-22,6.42155,6.45466,0.994870372722963,25.24125,34.0,18.21,15.79,69.91041666666666,2.575,2
TNP_0009,2025-02-23,6.43898,6.530930000000001,0.985920841289066,25.315416666666664,34.25,18.02,16.23,66.94458333333334,2.8216666666666668,2
TNP_0009,2025-02-24,6.52416,6.648140000000001,0.9813511749150888,24.890833333333333,33.41,18.55,14.859999999999996,71.0425,3.27875,2
TNP_0009,2025-02-25,6.284979999999999,6.53368,0.9619356932081154,25.39333333333333,33.14,19.28,13.86,72.43625,3.734166666666667,2
TNP_0009,2025-02-26,6.30897,6.64034,0.9500974347699064,24.96291666666667,33.36,18.3,15.06,72.79083333333334,4.230416666666667,2
TNP_0009,2025-02-27,6.4819700000000005,6.895359999999999,0.9400480903100056,24.9,33.64,18.15,15.490000000000002,71.78125,3.7366666666666655,2
TNP_0009,2025-02-28,5.9847,7.05722,0.8480251430449951,25.42458333333333,33.39,17.77,15.62,66.19333333333334,3.520833333333333,2
TNP_0009,2025-03-01,5.272600000000001,6.73399,0.7829830457128687,26.10333333333333,34.34,20.44,13.900000000000002,73.56791666666668,2.9445833333333336,2
TNP_0009,2025-03-02,6.42135,6.961480000000001,0.9224116136223904,26.547916666666666,34.97,20.0,14.97,70.20791666666666,2.3816666666666664,2
TNP_0009,2025-03-03,6.66053,6.99494,0.9521925849256748,26.49791666666667,36.1,19.71,16.39,64.38583333333334,2.9375,2
TNP_0009,2025-03-04,5.66492,6.5852200000000005,0.8602476454848889,27.26875,36.95,20.22,16.730000000000004,59.2425,3.075416666666667,2
TNP_0009,2025-03-05,5.54113,6.61781,0.8373056947842261,27.3375,36.52,20.48,16.040000000000003,57.29958333333334,2.5395833333333333,2
TNP_0009,2025-03-06,6.4379,6.480230000000001,0.9934678244445028,27.09958333333333,37.52,17.06,20.460000000000004,52.26583333333334,3.19125,2
TNP_0009,2025-03-07,7.02874,7.0367,0.9988687879261586,26.106666666666666,36.9,16.76,20.14,53.58583333333333,2.797083333333333,2
TNP_0009,2025-03-08,6.69339,6.70717,0.9979454822227556,26.30625,36.91,18.14,18.77,61.65083333333333,2.91,2
TNP_0009,2025-03-09,6.81789,6.84646,0.9958270405435802,25.60375,34.86,17.91,16.95,65.95041666666667,3.1645833333333333,2
TNP_0009,2025-03-10,6.83979,7.10993,0.9620052518097928,26.32958333333333,35.1,19.27,15.830000000000002,69.2625,3.609166666666667,2
TNP_0009,2025-03-11,3.4696700000000003,6.88095,0.5042428734404407,26.74625,33.33,21.03,12.299999999999995,77.82916666666667,4.017083333333333,2
TNP_0009,2025-03-12,5.20991,7.05489,0.7384821024849431,27.451666666666668,34.27,22.3,11.970000000000002,75.82125,2.6941666666666664,2
TNP_0009,2025-03-13,7.14052,7.21083,0.990249388766619,27.809166666666663,37.49,20.24,17.250000000000004,66.40541666666667,2.59125,2
TNP_0009,2025-03-14,7.1213500000000005,7.14181,0.9971351800173904,27.525,37.68,19.92,17.759999999999998,64.80875,3.057916666666667,2
TNP_0009,2025-03-15,7.4031,7.44178,0.994802318800072,27.435,37.2,20.15,17.050000000000004,64.43625,2.829166666666667,2
TNP_0009,2025-03-16,7.12646,7.3096,0.974945277443362,28.33083333333333,37.35,20.43,16.92,65.53541666666668,2.8354166666666667,2
TNP_0009,2025-03-17,6.72261,6.93303,0.9696496337099364,28.682916666666667,36.8,21.81,14.989999999999998,69.59958333333334,3.105833333333333,2
TNP_0009,2025-03-18,7.00211,7.18136,0.975039546826785,28.11916666666667,35.45,22.22,13.230000000000004,71.65291666666667,3.28,2
TNP_0009,2025-03-19,6.93719,7.23957,0.9582323259530608,28.504166666666663,36.71,22.6,14.11,68.54083333333334,3.865833333333333,2
TNP_0009,2025-03-20,7.27467,7.317819999999999,0.9941034351760498,28.67875,37.19,22.5,14.689999999999998,65.10375,3.703333333333333,2
TNP_0009,2025-03-21,6.97717,7.12072,0.979840521744992,29.039166666666663,37.25,23.0,14.25,65.95041666666667,3.79625,2
TNP_0009,2025-03-22,5.7270900000000005,6.62292,0.8647379101665128,29.18583333333333,36.09,23.7,12.390000000000004,67.55875,3.65875,2
TNP_0009,2025-03-23,5.307270000000001,6.68989,0.7933269455850546,28.95375,35.51,24.08,11.43,66.80916666666667,3.228333333333333,2
TNP_0009,2025-03-24,6.63224,6.88871,0.9627695170793952,28.487916666666667,37.0,21.64,15.36,63.10166666666667,2.9058333333333333,2
TNP_0009,2025-03-25,6.87521,6.95719,0.988216506951801,28.7075,37.99,21.17,16.82,57.8625,2.889583333333334,2
TNP_0009,2025-03-26,6.92272,6.96307,0.9942051422720152,29.536666666666665,38.57,21.16,17.41,54.515416666666674,3.267916666666667,2
TNP_0009,2025-03-27,6.7610600000000005,6.87577,0.9833167776118166,29.965416666666663,39.59,21.49,18.100000000000005,48.92625,2.954166666666667,2
TNP_0009,2025-03-28,6.50262,6.80599,0.955426029130222,30.1925,40.4,21.29,19.11,49.327916666666674,3.1375,2
TNP_0009,2025-03-29,6.83375,6.8403,0.9990424396590794,29.896666666666665,40.38,20.96,19.42,46.53,3.3083333333333336,2
TNP_0009,2025-03-30,6.43223,6.66673,0.9648253341593254,29.386666666666667,39.2,20.79,18.410000000000004,53.77125,3.33875,2
TNP_0009,2025-03-31,6.740060000000001,6.964770000000001,0.9677361922935,28.504583333333333,37.5,21.36,16.14,59.548750000000005,3.4258333333333333,2
TNP_0009,2025-04-01,5.89606,6.930980000000001,0.8506820103362006,27.722916666666663,35.94,21.3,14.639999999999995,59.805416666666666,3.2091666666666665,2
TNP_0009,2025-04-02,6.34467,6.73612,0.9418879117355392,29.25791666666667,36.93,21.53,15.4,60.35125,3.486666666666667,2
TNP_0009,2025-04-03,3.26438,6.62257,0.4929174021565646,28.61375,36.44,21.82,14.619999999999996,61.25833333333333,3.1333333333333333,2
TNP_0009,2025-04-04,6.08357,7.14216,0.8517829340143598,29.815416666666668,38.53,21.71,16.82,54.96,3.5104166666666665,2
TNP_0009,2025-04-05,6.42576,7.09313,0.9059131864212272,29.91583333333333,37.78,22.9,14.880000000000004,60.01416666666666,2.877083333333333,2
TNP_0009,2025-04-06,6.27751,6.94888,0.9033844302966808,30.52083333333333,39.11,23.68,15.43,58.18375,3.01375,2
TNP_0009,2025-04-07,6.81833,7.07802,0.9633103608071184,30.14625,38.85,23.38,15.470000000000002,60.28208333333333,3.080833333333333,2
TNP_0009,2025-04-08,6.8061300000000005,7.06435,0.9634474509332068,29.61791666666667,38.43,22.65,15.78,58.24666666666667,3.228333333333333,2
TNP_0009,2025-04-09,7.08649,7.249099999999999,0.9775682498517058,30.48375,38.63,22.63,16.000000000000004,57.88875,3.71875,2
TNP_0009,2025-04-10,6.17134,6.58883,0.936636701812006,32.02625,39.41,24.56,14.849999999999998,52.88791666666666,1.94125,2
TNP_0009,2025-04-11,6.02265,6.5046,0.9259062817083294,31.297083333333333,39.5,25.26,14.239999999999998,58.85541666666666,3.177083333333333,2
TNP_0009,2025-04-12,6.568110000000001,6.8742600000000005,0.9554642972479948,31.365416666666665,40.11,24.92,15.189999999999998,56.65083333333333,2.733333333333333,2
TNP_0009,2025-04-13,5.4529700000000005,6.64016,0.8212106334787115,31.030416666666667,38.97,24.61,14.36,58.540416666666665,2.1104166666666666,2
TNP_0009,2025-04-14,6.19589,6.69564,0.9253618772813352,30.08,38.55,23.26,15.289999999999996,60.520833333333336,2.6804166666666664,2
TNP_0009,2025-04-15,6.2896,6.75035,0.931744279926226,29.825,37.98,23.18,14.799999999999995,63.18083333333334,3.0995833333333334,2
TNP_0009,2025-04-16,5.68341,6.46467,0.879149283722139,29.29375,36.52,24.07,12.450000000000005,69.10291666666667,2.7533333333333334,2
TNP_0009,2025-04-17,6.1922,6.4887,0.9543051766917872,30.24375,38.16,24.0,14.159999999999997,65.8325,3.098333333333333,2
TNP_0009,2025-04-18,5.86299,6.3276,0.926574056514318,30.516666666666666,37.33,24.99,12.34,66.0825,3.1779166666666665,2
TNP_0009,2025-04-19,6.503639999999999,6.73159,0.9661372721749244,31.527916666666663,39.63,25.35,14.28,62.29583333333333,2.78,2
TNP_0009,2025-04-20,6.45332,6.67647,0.9665766490375902,31.337083333333336,39.86,25.18,14.68,61.41416666666667,2.9058333333333333,2
TNP_0009,2025-04-21,6.72937,7.00712,0.9603617463380106,29.4325,35.26,23.77,11.489999999999998,65.93291666666667,2.2775000000000003,2
TNP_0009,2025-04-22,6.86868,7.10481,0.966764769219726,31.17125,39.32,23.69,15.63,56.02125,3.12125,2
TNP_0009,2025-04-23,7.31442,7.34265,0.996155339012482,31.238333333333333,39.87,24.56,15.31,53.55666666666667,3.0941666666666667,2
TNP_0009,2025-04-24,7.306520000000001,7.34963,0.9941343986023788,30.844166666666663,38.19,24.53,13.659999999999997,60.147083333333335,3.064583333333333,2
TNP_0009,2025-04-25,7.1188400000000005,7.192159999999999,0.989805566060822,31.050416666666667,39.17,24.5,14.670000000000002,62.9275,3.329166666666667,2
TNP_0009,2025-04-26,6.66021,7.35223,0.905876176343776,31.155,38.88,24.72,14.160000000000004,62.44583333333333,4.04125,2
TNP_0009,2025-04-27,6.84491,7.32692,0.9342138306409786,30.813333333333333,38.4,25.64,12.759999999999998,62.56666666666667,3.769583333333333,2
TNP_0009,2025-04-28,5.93553,7.31969,0.810899095453496,30.7725,37.59,25.42,12.170000000000002,59.38916666666666,3.306666666666666,2
TNP_0009,2025-04-29,6.88834,7.36288,0.9355496762136556,31.66125,39.69,25.0,14.689999999999998,57.0675,3.057916666666667,2
TNP_0009,2025-04-30,6.58932,7.1288100000000005,0.9243225727716126,32.16583333333333,40.2,24.99,15.210000000000004,56.57333333333333,3.865833333333333,2
TNP_0009,2025-05-01,5.88217,6.7254,0.8746200969459067,32.785833333333336,40.48,26.49,13.989999999999998,53.13875,3.4825,2
TNP_0009,2025-05-02,5.944439999999999,6.67718,0.8902620567365264,32.405,40.24,26.45,13.790000000000004,55.58125,3.703333333333333,2
TNP_0009,2025-05-03,6.93759,6.98488,0.9932296617837384,32.83625,40.67,26.63,14.040000000000004,53.12458333333333,3.4829166666666667,2
TNP_0009,2025-05-04,6.61298,6.9369700000000005,0.9532951706580828,31.9075,39.48,25.81,13.669999999999998,55.86625,2.8070833333333334,2
TNP_0009,2025-05-05,5.22813,6.82131,0.7664407569806974,30.8325,37.69,25.83,11.86,61.1175,3.5370833333333334,2
TNP_0009,2025-05-06,6.45423,6.74528,0.9568513093600264,30.541666666666668,37.29,25.76,11.529999999999998,64.72166666666666,3.2604166666666665,2
TNP_0009,2025-05-07,5.772480000000001,6.41949,0.8992116196146425,29.43041666666667,35.12,25.17,9.949999999999996,69.40875,2.6183333333333336,2
TNP_0009,2025-05-08,6.19287,6.674510000000001,0.9278388975370476,29.615416666666665,35.48,25.05,10.429999999999996,68.65958333333333,2.1341666666666668,2
TNP_0009,2025-05-09,6.97919,7.07628,0.9862795140949764,29.58875,36.63,24.71,11.920000000000002,67.60625,2.29625,2
TNP_0009,2025-05-10,6.386010000000001,6.7318,0.9486333521494996,30.62375,37.38,24.77,12.610000000000005,64.88541666666667,2.405,2
TNP_0009,2025-05-11,6.528230000000001,6.82536,0.956466765123012,30.17333333333333,35.95,25.81,10.140000000000004,65.67125,2.22,2
TNP_0009,2025-05-12,6.34345,6.67082,0.9509250736790978,31.63416666666667,38.42,25.85,12.57,58.37291666666667,2.605833333333333,2
TNP_0009,2025-05-13,6.200279999999999,6.6781,0.9284497087494944,31.504583333333333,39.31,25.45,13.860000000000005,57.28625,2.56875,2
TNP_0009,2025-05-14,6.03937,6.498189999999999,0.9293926462599588,31.116666666666664,36.87,25.48,11.389999999999995,62.15166666666667,1.6104166666666666,2
TNP_0009,2025-05-15,6.05002,6.623279999999999,0.9134477177470982,31.531666666666663,37.76,26.74,11.02,62.970416666666665,1.3145833333333334,2
TNP_0009,2025-05-16,5.6884,6.18867,0.9191635682626476,28.544166666666666,31.8,24.53,7.27,69.40208333333334,2.1325,2
TNP_0009,2025-05-17,3.29737,5.91132,0.5578060399369346,30.3025,37.59,24.62,12.970000000000002,65.12166666666667,2.6670833333333337,2
TNP_0009,2025-05-18,4.89812,6.18921,0.7913966402820392,28.87333333333333,33.93,25.46,8.469999999999999,76.26125,2.240833333333333,2
TNP_0009,2025-05-19,3.92366,6.58494,0.5958535689011594,29.17375,34.23,25.22,9.009999999999998,74.06166666666667,2.51875,2
TNP_0009,2025-05-20,3.73033,6.39097,0.5836876092361566,28.47625,32.53,24.84,7.690000000000001,78.32791666666667,2.5145833333333334,2
TNP_0009,2025-05-21,5.23873,6.29795,0.831815114442001,28.727083333333336,34.01,24.56,9.45,74.27499999999999,2.5970833333333334,2
TNP_0009,2025-05-22,5.695429999999999,6.646979999999999,0.8568447625839103,29.0,34.7,23.79,10.910000000000004,68.71583333333334,3.49375,2
TNP_0009,2025-05-23,6.7207,7.07174,0.9503601659563276,30.130416666666665,36.62,23.92,12.699999999999996,67.73083333333334,3.789583333333333,2
TNP_0009,2025-05-24,4.02772,7.09696,0.5675275047344216,29.16625,34.71,24.69,10.02,68.85041666666667,5.333333333333333,2
TNP_0009,2025-05-25,3.31187,6.563809999999999,0.5045651839404249,28.74416666666667,33.79,24.66,9.13,70.74208333333333,5.707083333333333,2
TNP_0009,2025-05-26,3.7073,6.793270000000001,0.5457312899384242,28.210416666666664,34.0,24.17,9.829999999999998,68.62291666666667,6.154583333333334,2
TNP_0009,2025-05-27,3.98255,6.7658000000000005,0.5886295781725738,29.85166666666667,36.94,24.12,12.819999999999997,59.56625,5.861666666666667,2
TNP_0009,2025-05-28,4.50374,6.66727,0.6754998672620127,29.38416666666667,35.17,24.48,10.69,63.57375,5.861666666666667,2
TNP_0009,2025-05-29,4.54189,6.5181,0.6968119544038908,29.1125,35.63,24.23,11.400000000000002,64.15916666666666,5.177083333333333,2
TNP_0009,2025-05-30,2.72242,5.68489,0.4788870145244674,28.067916666666665,33.43,24.2,9.23,70.81916666666667,4.715833333333333,2
TNP_0009,2025-05-31,6.02392,6.42504,0.9375692602691968,29.15333333333333,36.37,24.12,12.249999999999996,58.46791666666667,4.1975,2
TNP_0009,2025-06-01,6.896059999999999,6.93354,0.9945943918979336,30.11083333333333,37.73,23.49,14.239999999999998,55.06791666666667,4.380833333333333,2
TNP_0009,2025-06-02,6.80122,7.14078,0.952447771812043,31.040000000000003,38.75,23.07,15.68,54.04,4.467083333333334,2
TNP_0009,2025-06-03,6.37757,7.00641,0.9102479015644248,30.02,37.23,23.88,13.349999999999998,57.552083333333336,4.87375,2
TNP_0009,2025-06-04,6.65589,7.02463,0.9475075555580864,30.73166666666667,37.63,23.8,13.830000000000002,58.00666666666667,2.64875,2
TNP_0009,2025-06-05,6.83755,6.953969999999999,0.9832584840026634,30.81041666666667,38.09,24.15,13.940000000000005,56.54416666666666,2.5383333333333336,2
TNP_0009,2025-06-06,6.39994,6.80927,0.939886360799322,31.05958333333333,38.42,23.98,14.44,58.10916666666666,2.230833333333333,2
TNP_0009,2025-06-07,5.43512,6.65381,0.8168432822698574,31.445833333333336,37.31,25.68,11.630000000000004,61.00708333333333,1.7425,2
TNP_0009,2025-06-08,6.20921,6.8453,0.9070763881787504,30.023333333333337,34.61,25.88,8.73,65.97541666666667,3.4333333333333336,2
TNP_0009,2025-06-09,5.83015,6.60617,0.8825310278118789,28.988333333333333,32.71,25.28,7.43,70.76208333333334,3.5875,2
TNP_0009,2025-06-10,5.91279,6.45524,0.915967493075393,28.52875,34.52,25.24,9.280000000000005,73.75875,3.9475,2
TNP_0009,2025-06-11,4.40041,5.61942,0.7830719184542178,28.84083333333333,33.58,25.49,8.09,75.31583333333333,2.2841666666666667,2
TNP_0009,2025-06-12,5.64776,6.36478,0.887345674163129,28.82958333333333,34.89,24.63,10.260000000000002,69.79291666666667,3.905833333333333,2
TNP_0009,2025-06-13,5.922809999999999,6.84056,0.8658370074964622,29.019166666666667,34.84,24.48,10.360000000000005,72.17875,4.360833333333333,2
TNP_0009,2025-06-14,5.9041,6.69482,0.8818907752560935,27.317916666666665,30.83,24.14,6.689999999999998,79.6675,3.6454166666666654,2
TNP_0009,2025-06-15,5.19667,6.9320900000000005,0.7496541447096041,27.606666666666666,31.95,23.92,8.029999999999998,67.45041666666667,5.790416666666666,2
TNP_0009,2025-06-16,4.71356,6.723199999999999,0.7010887672536888,28.155833333333334,34.09,23.29,10.800000000000004,61.6225,6.1433333333333335,2
TNP_0009,2025-06-17,5.153989999999999,6.57995,0.7832871070448862,29.387083333333333,36.66,23.3,13.359999999999996,60.14416666666667,4.952083333333333,2
TNP_0009,2025-06-18,6.40066,6.8953500000000005,0.928257448860464,29.925416666666667,36.35,24.34,12.010000000000002,60.959583333333335,4.34,2
TNP_0009,2025-06-19,5.84796,6.87543,0.8505591650267692,30.350416666666664,36.79,24.73,12.06,60.16083333333333,4.578333333333333,2
TNP_0009,2025-06-20,6.71889,6.9315,0.9693269855009738,30.44875,37.47,24.76,12.709999999999996,61.12458333333333,3.8366666666666656,2
TNP_0009,2025-06-21,4.99189,6.84108,0.7296932648061417,30.32208333333333,36.73,24.66,12.069999999999997,60.07666666666666,4.273750000000001,2
TNP_0009,2025-06-22,4.99273,6.76036,0.7385301966167482,29.54041666666667,36.35,24.14,12.21,63.93625,4.77875,2
TNP_0009,2025-06-23,3.98407,6.93087,0.5748297111329458,29.582916666666662,37.02,23.51,13.510000000000002,56.10333333333333,5.998333333333334,2
TNP_0009,2025-06-24,5.37099,6.74251,0.7965861378032809,28.707083333333333,35.16,23.56,11.599999999999998,53.53375,5.97125,2
TNP_0009,2025-06-25,3.79761,6.63462,0.5723929931179178,28.084166666666665,33.3,23.72,9.579999999999998,64.65625,4.41,2
TNP_0009,2025-06-26,4.62746,6.38979,0.72419594384166,29.276666666666667,36.18,23.77,12.41,60.955000000000005,4.1466666666666665,2
TNP_0009,2025-06-27,6.04329,6.67673,0.9051272104757868,29.332916666666662,36.16,23.95,12.209999999999996,59.95,4.265,2
TNP_0009,2025-06-28,5.76489,6.57,0.8774566210045662,29.4,35.0,24.69,10.31,63.00625,3.96,2
TNP_0009,2025-06-29,5.812180000000001,6.47771,0.8972584447281524,30.530833333333334,37.83,24.78,13.049999999999995,56.69166666666666,5.19,2
TNP_0009,2025-06-30,4.792809999999999,6.64629,0.7211256204589327,29.37125,35.59,24.4,11.190000000000005,60.20291666666666,4.70125,2
TNP_0009,2025-07-01,5.27192,6.65493,0.7921826375333775,29.262083333333333,34.81,24.32,10.490000000000002,61.9125,3.702083333333333,2
TNP_0009,2025-07-02,4.94422,6.84165,0.7226648542383781,29.56041666666667,36.1,24.16,11.94,58.340833333333336,4.54875,2
TNP_0009,2025-07-03,3.3605,6.91387,0.48605195064414,29.102083333333336,35.89,23.98,11.91,58.16333333333333,4.985833333333333,2
TNP_0009,2025-07-04,4.82808,6.78772,0.7112962821094565,30.88416666666667,38.85,23.99,14.860000000000005,52.47833333333333,5.62125,2
TNP_0009,2025-07-05,6.07567,6.84325,0.8878339970043473,31.48208333333333,39.39,24.61,14.78,50.840833333333336,6.2075,2
TNP_0009,2025-07-06,5.6066400000000005,6.82505,0.8214796961194424,30.691666666666663,37.77,25.38,12.390000000000004,55.23583333333334,5.608333333333333,2
TNP_0009,2025-07-07,5.2847100000000005,6.406140000000001,0.8249445063642068,30.697916666666668,37.0,25.32,11.68,54.41458333333333,5.46625,2
TNP_0009,2025-07-08,5.89808,6.4288,0.9174464907914386,31.47833333333333,39.39,25.12,14.27,55.535833333333336,4.65375,2
TNP_0009,2025-07-09,6.15441,6.55766,0.9385070284217236,31.01,38.03,25.0,13.03,55.50791666666667,4.064583333333333,2
TNP_0009,2025-07-10,6.24693,6.74089,0.9267218423679958,31.620416666666667,38.72,25.2,13.52,53.83375,3.554583333333333,2
TNP_0009,2025-07-11,6.5778,6.84329,0.96120433300357,31.368333333333336,37.49,26.22,11.270000000000003,53.82749999999999,3.784583333333333,2
TNP_0009,2025-07-12,6.1351,6.84583,0.8961805946101495,30.58791666666667,37.33,25.75,11.579999999999998,58.48374999999999,4.52375,2
TNP_0009,2025-07-13,5.20757,6.59752,0.7893223514290217,30.23583333333333,36.69,24.81,11.88,59.43375,4.45,2
TNP_0009,2025-07-14,5.78518,6.65814,0.868888308146119,29.364166666666662,35.59,24.57,11.020000000000003,64.11166666666666,4.362916666666667,2
TNP_0009,2025-07-15,6.09724,6.92989,0.8798465776513047,30.05666666666667,35.84,24.53,11.310000000000002,60.19416666666667,3.860416666666667,2
TNP_0009,2025-07-16,6.18037,6.8144,0.9069573256633012,29.90333333333333,35.98,25.19,10.789999999999996,66.95,2.8341666666666665,2
TNP_0009,2025-07-17,5.9002,6.90455,0.8545379496129363,29.08,34.4,24.78,9.619999999999996,71.70958333333333,2.5145833333333334,2
TNP_0009,2025-07-18,5.26279,6.746770000000001,0.7800458589814088,27.59625,31.74,24.02,7.719999999999999,75.69666666666667,2.1008333333333336,2
TNP_0009,2025-07-19,4.18789,6.4764800000000005,0.6466305771036117,28.04083333333333,33.74,23.87,9.87,72.00875,2.922083333333333,2
TNP_0009,2025-07-20,3.41388,6.78859,0.5028849878988126,27.811666666666667,32.7,22.56,10.140000000000004,68.43833333333333,5.0925,2
TNP_0009,2025-07-21,3.83033,6.78681,0.5643785519264574,26.46625,31.75,22.45,9.3,70.32291666666667,5.02625,2
TNP_0009,2025-07-22,3.82804,6.619800000000001,0.5782712468654642,27.76458333333333,34.34,22.48,11.860000000000005,59.63,5.5225,2
TNP_0009,2025-07-23,3.96753,6.825690000000001,0.581264311739912,27.44083333333333,33.11,23.22,9.89,70.26458333333333,4.483333333333333,2
TNP_0009,2025-07-24,4.12362,6.41974,0.6423344247586351,28.027083333333334,33.5,23.28,10.22,67.60166666666667,4.6066666666666665,2
TNP_0009,2025-07-25,3.44067,6.16983,0.5576604217620258,28.1925,33.92,23.63,10.290000000000004,63.74125,5.482916666666667,2
TNP_0009,2025-07-26,4.385479999999999,6.30929,0.695082964961192,28.10458333333333,33.34,23.64,9.700000000000005,64.3,5.6275,2
TNP_0009,2025-07-27,4.52253,6.63417,0.6817024586346144,28.43625,34.33,22.88,11.45,62.239583333333336,5.1925,2
TNP_0009,2025-07-28,5.12608,6.78785,0.755184631363392,29.2375,36.53,22.81,13.720000000000002,58.51083333333333,5.522916666666667,2
TNP_0009,2025-07-29,6.47598,7.08495,0.9140473821269028,29.726250000000004,37.57,22.72,14.85,58.20208333333333,5.40125,2
TNP_0009,2025-07-30,6.23698,6.78532,0.9191873043570532,30.47666666666667,38.14,22.81,15.330000000000002,58.3475,4.333333333333333,2
TNP_0009,2025-07-31,5.42978,6.40632,0.8475661534234943,30.23958333333333,36.83,24.2,12.63,63.22541666666667,2.9683333333333333,2
TNP_0009,2025-08-01,5.71391,6.32385,0.9035492619211398,30.615,37.11,24.94,12.169999999999998,61.85791666666666,2.515,2
TNP_0009,2025-08-02,5.63889,6.41254,0.8793535790809882,29.11708333333333,34.3,24.93,9.369999999999996,70.20166666666667,3.1125000000000003,2
TNP_0009,2025-08-03,3.48899,6.2172,0.561183490960561,28.2875,32.43,24.53,7.899999999999999,75.10875,2.333333333333333,2
TNP_0009,2025-08-04,5.39762,6.67658,0.8084408484583425,27.735416666666666,32.36,24.06,8.3,76.98791666666666,1.8383333333333327,2
TNP_0009,2025-08-05,6.12818,6.90046,0.8880828234639431,28.118333333333336,33.3,24.06,9.239999999999998,76.58458333333333,1.75125,2
TNP_0009,2025-08-06,6.57139,6.96325,0.943724553908017,28.444166666666664,33.19,23.92,9.269999999999996,75.87958333333333,1.2658333333333334,2
TNP_0009,2025-08-07,6.60381,6.99203,0.9444767828513322,28.47625,33.72,23.77,9.95,76.03458333333333,2.804583333333333,2
TNP_0009,2025-08-08,4.03204,6.56797,0.6138943996394625,26.300416666666667,29.59,23.59,6.0,86.80333333333334,1.6545833333333333,2
TNP_0009,2025-08-09,3.86878,6.80387,0.5686146266757007,26.775,31.16,23.49,7.670000000000002,78.22166666666666,2.6029166666666668,2
TNP_0009,2025-08-10,4.2512300000000005,6.31148,0.6735710166236762,25.68583333333333,28.77,23.38,5.390000000000001,84.25125,2.178333333333333,2
TNP_0009,2025-08-11,3.4231700000000003,6.61932,0.5171482871352344,25.77,30.05,22.76,7.289999999999999,81.94958333333334,3.4375,2
TNP_0009,2025-08-12,2.33684,6.87812,0.3397498153565218,26.19333333333333,31.52,22.53,8.989999999999998,76.60875,3.704166666666667,2
TNP_0009,2025-08-13,2.73096,6.84264,0.3991091157798744,26.098333333333333,30.68,22.34,8.34,74.43875,3.6354166666666665,2
TNP_0009,2025-08-14,4.76863,6.61749,0.7206100802570159,27.137916666666666,32.85,22.4,10.450000000000005,74.13291666666667,3.9425,2
TNP_0009,2025-08-15,4.78996,6.81032,0.70333846280351,26.90375,32.67,22.35,10.32,75.16833333333334,4.107916666666667,2
TNP_0009,2025-08-16,4.16647,6.46326,0.6446390830633458,26.5375,31.08,22.84,8.239999999999998,78.55958333333334,3.702083333333333,2
TNP_0009,2025-08-17,3.33437,6.5808800000000005,0.5066753990347794,25.92875,30.92,22.8,8.120000000000001,82.91208333333334,3.775416666666666,2
TNP_0009,2025-08-18,3.82201,6.39789,0.5973860132012273,26.183333333333334,31.17,22.07,9.1,77.38958333333333,4.680000000000001,2
TNP_0009,2025-08-19,5.36695,6.978260000000001,0.7690957344667582,27.049166666666668,33.5,21.5,12.0,71.20416666666667,4.892916666666667,2
TNP_0009,2025-08-20,6.89614,7.10016,0.9712654362718588,27.48,33.55,21.35,12.199999999999996,72.15958333333333,3.2237500000000003,2
TNP_0009,2025-08-21,6.79609,7.07796,0.960176378504541,27.699583333333333,32.45,22.79,9.660000000000004,74.70666666666666,2.1183333333333336,2
TNP_0009,2025-08-22,4.950810000000001,6.71717,0.737038068114995,26.85833333333333,29.88,24.02,5.859999999999999,81.67583333333333,2.3091666666666666,2
TNP_0009,2025-08-23,4.846220000000001,6.7743,0.7153831392173362,25.945,29.73,23.6,6.129999999999999,83.98041666666667,2.3191666666666664,2
TNP_0009,2025-08-24,7.06733,7.16266,0.9866906987069052,28.20625,33.9,22.97,10.93,72.00208333333333,2.4995833333333333,2
TNP_0009,2025-08-25,6.00545,7.2942,0.8233185270488881,27.405833333333334,32.33,22.77,9.56,71.33749999999999,2.80875,2
TNP_0009,2025-08-26,5.63605,6.99396,0.8058453293985095,28.026666666666667,32.4,23.19,9.209999999999996,72.30333333333333,2.4345833333333333,2
TNP_0009,2025-08-27,4.20268,6.84687,0.6138103980358909,27.49375,32.17,23.72,8.450000000000003,77.57541666666667,2.4366666666666665,2
TNP_0009,2025-08-28,5.055140000000001,6.9047,0.7321302880646517,27.5825,33.13,22.97,10.160000000000004,76.095,3.0841666666666665,2
TNP_0009,2025-08-29,5.959689999999999,6.92119,0.8610788029226186,27.34583333333333,33.03,22.73,10.3,73.13041666666666,3.637083333333333,2
TNP_0009,2025-08-30,6.45268,6.86467,0.9399840050577812,28.11958333333333,34.04,22.79,11.25,74.64541666666666,3.078333333333333,2
TNP_0009,2025-08-31,4.4678,6.527139999999999,0.6844958128675042,28.2425,33.73,23.06,10.669999999999998,75.40375,2.643333333333333,2
TNP_0009,2025-09-01,3.93357,6.66024,0.5906048430687183,27.32625,32.35,23.63,8.720000000000002,76.11291666666666,3.875833333333333,2
TNP_0009,2025-09-02,5.07112,6.52699,0.7769461880591206,27.401666666666667,32.71,23.44,9.27,77.30666666666666,3.749166666666667,2
TNP_0009,2025-09-03,3.39708,6.372310000000001,0.533100241513674,27.829166666666666,33.37,23.24,10.13,76.42333333333333,3.47875,2
TNP_0009,2025-09-04,5.402609999999999,6.67469,0.8094173661997784,28.09583333333333,32.87,23.51,9.359999999999996,74.75666666666666,3.02875,2
TNP_0009,2025-09-05,6.19463,6.86918,0.901800506028376,28.03,33.19,23.51,9.679999999999996,73.51291666666667,2.112083333333333,2
TNP_0009,2025-09-06,6.45953,6.81052,0.94846355344379,28.883333333333336,34.4,23.98,10.419999999999998,72.15583333333333,1.7695833333333333,2
TNP_0009,2025-09-07,5.746440000000001,6.6421,0.8651540928320863,28.340416666666663,33.04,23.65,9.39,73.2075,2.364583333333333,2
TNP_0009,2025-09-08,6.04248,6.82672,0.8851219912344436,28.12625,33.33,23.36,9.97,74.01958333333333,2.2041666666666666,2
TNP_0009,2025-09-09,5.7483900000000006,6.572,0.8746789409616555,27.91708333333333,33.0,23.92,9.079999999999998,75.33458333333333,1.9241666666666664,2
TNP_0009,2025-09-10,5.98525,6.46462,0.9258471495617684,27.766666666666666,32.48,24.01,8.469999999999995,78.34,2.3979166666666667,2
TNP_0009,2025-09-11,5.26932,6.66908,0.7901119794634341,26.94083333333333,30.61,23.87,6.739999999999998,79.95083333333334,1.8033333333333332,2
TNP_0009,2025-09-12,5.31417,6.54755,0.8116272498873623,27.451666666666668,31.88,23.59,8.29,77.47,1.5287499999999998,2
TNP_0009,2025-09-13,3.00504,6.144150000000001,0.4890896218354044,26.80333333333333,30.42,23.86,6.560000000000002,81.73458333333333,1.4087500000000002,2
TNP_0009,2025-09-14,5.59338,6.36782,0.8783822407040399,27.352500000000003,32.39,23.66,8.73,77.56208333333333,2.4795833333333333,2
TNP_0009,2025-09-15,5.76554,6.554819999999999,0.879587845280267,27.647916666666664,31.87,23.51,8.36,77.20833333333333,2.0791666666666666,2
TNP_0009,2025-09-16,3.84892,6.56074,0.5866594317104473,27.469166666666663,31.6,23.93,7.670000000000002,81.89041666666667,1.497083333333333,2
TNP_0009,2025-09-17,5.223,6.514,0.8018114829597789,25.53375,27.66,23.72,3.940000000000001,90.75291666666668,2.1750000000000003,2
TNP_0009,2025-09-18,6.13881,6.5869800000000005,0.9319612326134284,26.110416666666666,30.01,23.55,6.460000000000001,87.12208333333332,1.925,2
TNP_0009,2025-09-19,4.16025,6.66907,0.6238126155520934,25.92958333333333,29.12,23.3,5.82,85.30916666666667,2.7870833333333334,2
TNP_0009,2025-09-20,4.82526,6.468430000000001,0.745970815174625,26.88208333333333,30.99,23.08,7.91,81.66041666666666,2.35,2
TNP_0009,2025-09-21,4.86136,6.56578,0.7404086033951793,26.77208333333333,30.08,23.27,6.809999999999999,82.00291666666666,2.23875,2
TNP_0009,2025-09-22,4.89458,6.61659,0.7397435839306953,26.95625,31.33,23.16,8.169999999999998,82.325,2.859583333333333,2
TNP_0009,2025-09-23,5.19784,6.72129,0.7733396416461722,26.32,30.87,23.09,7.780000000000001,80.87458333333333,3.1591666666666662,2
TNP_0009,2025-09-24,5.271439999999999,6.696140000000001,0.7872356312741369,26.20583333333333,31.06,22.72,8.34,77.70708333333333,4.0525,2
TNP_0009,2025-09-25,6.0397,6.70611,0.9006264436461675,27.026666666666667,32.35,22.51,9.84,77.6875,3.86125,2
TNP_0009,2025-09-26,5.76985,6.64651,0.8681022070229338,26.7,32.27,22.31,9.960000000000004,77.85083333333334,3.9470833333333335,2
TNP_0009,2025-09-27,6.21109,6.73637,0.9220232855380568,25.813333333333333,31.69,22.05,9.64,78.17916666666666,4.6066666666666665,2
TNP_0009,2025-09-28,5.4860500000000005,6.525390000000001,0.840723696208196,26.86916666666667,32.54,22.15,10.39,79.80875,3.41875,2
TNP_0009,2025-09-29,5.41478,6.485720000000001,0.8348772379936228,27.339166666666667,32.77,22.12,10.650000000000002,76.375,3.43375,2
TNP_0009,2025-09-30,4.36355,6.613980000000001,0.659746476403013,26.91708333333333,31.79,21.76,10.029999999999998,74.63,3.141666666666666,2
TNP_0009,2025-10-01,4.27082,6.667050000000001,0.6405861662954379,27.11083333333333,32.18,23.16,9.02,76.40958333333333,3.016666666666666,2
TNP_0009,2025-10-02,5.30134,6.65437,0.7966704586610002,28.05666666666667,33.26,23.24,10.02,74.45875,2.0641666666666665,2
TNP_0009,2025-10-03,4.66015,6.56117,0.7102620416785421,26.969166666666663,30.49,23.79,6.699999999999999,80.19500000000001,1.7341666666666666,2
TNP_0009,2025-10-04,5.11059,6.68204,0.7648248139789645,26.960833333333337,31.05,22.88,8.170000000000002,78.71833333333333,2.1629166666666664,2
TNP_0009,2025-10-05,6.05764,6.56171,0.9231800856788857,27.29625,31.32,22.62,8.7,79.27875,1.6137499999999998,2
TNP_0009,2025-10-06,5.97131,6.487010000000001,0.9205026660973236,26.936666666666667,30.79,23.6,7.189999999999998,79.99125,1.3225,2
TNP_0009,2025-10-07,5.30513,6.100129999999999,0.8696749085675225,27.0275,31.29,23.1,8.189999999999998,78.61708333333333,1.4608333333333334,2
TNP_0009,2025-10-08,4.630739999999999,5.77296,0.8021430947035835,26.604166666666668,31.47,22.68,8.79,82.28125,1.77375,2
TNP_0009,2025-10-09,5.03578,6.19938,0.8123038110262639,26.417916666666667,30.65,22.52,8.129999999999999,84.34041666666667,1.7329166666666664,2
TNP_0009,2025-10-10,5.50146,6.270059999999999,0.8774174409814262,25.575833333333332,29.88,21.78,8.099999999999998,83.44375000000001,1.6137499999999998,2
TNP_0009,2025-10-11,5.66677,6.359019999999999,0.891138886180575,26.51375,31.41,21.62,9.79,82.58458333333333,1.7945833333333334,2
TNP_0009,2025-10-12,5.239019999999999,6.05773,0.8648487139572082,26.22458333333333,30.59,22.85,7.739999999999998,85.68124999999999,2.197083333333333,2
TNP_0009,2025-10-13,4.96838,5.96589,0.8327977887624478,26.0175,30.5,22.57,7.93,85.58625,2.2879166666666664,2
TNP_0009,2025-10-14,4.6642,6.57433,0.7094563248270166,25.865416666666665,30.24,22.63,7.609999999999999,86.31875000000001,2.5141666666666667,2
TNP_0009,2025-10-15,3.70399,6.48056,0.5715540015060427,25.82625,29.67,22.66,7.010000000000002,86.81374999999998,3.05875,2
TNP_0009,2025-10-16,4.22073,6.4324,0.6561672159691562,25.60166666666667,29.01,23.46,5.550000000000001,90.79625,2.77875,2
TNP_0009,2025-10-17,3.44769,6.38539,0.5399341308831567,25.54041666666667,28.81,22.99,5.82,90.43791666666668,2.6633333333333336,2
TNP_0009,2025-10-18,2.53131,6.53284,0.3874746664544057,25.04041666666667,28.36,22.35,6.009999999999998,89.51375,2.0466666666666664,2
TNP_0009,2025-10-19,4.20722,6.3208,0.6656151120111379,25.141666666666666,28.14,22.31,5.830000000000002,88.86625,2.254583333333333,2
TNP_0009,2025-10-20,3.4627,6.43624,0.5380004474662226,24.861666666666665,27.5,23.1,4.399999999999999,91.44625,2.6954166666666666,2
TNP_0009,2025-10-21,0.93579,6.34288,0.1475339278056655,25.06958333333333,28.26,23.25,5.010000000000002,91.3825,4.08875,2
TNP_0009,2025-10-22,3.30365,6.289,0.52530608999841,24.719583333333333,26.46,23.37,3.09,94.81416666666668,2.8891666666666667,2
TNP_0009,2025-10-23,4.54242,6.141859999999999,0.7395837742963859,25.605416666666667,28.55,22.94,5.609999999999999,89.60541666666667,1.2616666666666667,2
TNP_0009,2025-10-24,2.50882,6.05893,0.4140698110062337,25.005,27.63,22.81,4.82,88.80916666666667,1.52375,2
TNP_0009,2025-10-25,4.58188,6.08692,0.7527419450230987,25.27416666666667,29.38,22.56,6.82,87.42791666666666,1.9233333333333336,2
TNP_0009,2025-10-26,4.119269999999999,6.05772,0.6800033676036528,25.124166666666667,28.3,22.45,5.850000000000001,89.50999999999999,1.915,2
TNP_0009,2025-10-27,1.22832,6.02564,0.2038488857615124,24.332083333333333,27.29,22.02,5.27,89.25291666666668,3.5795833333333333,2
TNP_0009,2025-10-28,0.86138,6.22865,0.1382932096040073,24.090416666666663,28.75,20.13,8.620000000000001,85.78541666666666,4.5475,2
TNP_0009,2025-10-29,5.455559999999999,6.16963,0.8842604823952165,25.243333333333336,31.42,19.84,11.580000000000002,81.75,3.394166666666667,2
TNP_0009,2025-10-30,6.11007,6.24846,0.977852142767978,26.362916666666667,31.63,20.14,11.489999999999998,82.00375,2.247916666666667,2
TNP_0009,2025-10-31,6.2773,6.28702,0.9984539575188244,26.363333333333333,31.78,21.93,9.85,79.92958333333333,1.6195833333333332,2
TNP_0009,2025-11-01,5.9364300000000005,6.10873,0.9717944646432238,26.46583333333333,31.2,21.9,9.3,82.2625,1.7366666666666666,2
TNP_0009,2025-11-02,5.53112,5.824350000000001,0.949654467880536,26.01875,28.96,22.71,6.25,84.02291666666666,2.200833333333333,2
TNP_0009,2025-11-03,4.58645,5.6413,0.8130129580061334,26.30958333333333,31.11,22.71,8.399999999999999,81.51666666666667,2.99875,2
TNP_0009,2025-11-04,3.08542,5.51738,0.5592183246395934,25.825,30.14,22.39,7.75,82.77875,2.73125,2
TNP_0009,2025-11-05,4.83959,5.495760000000001,0.8806043204215613,26.129583333333333,30.38,22.6,7.779999999999998,84.90041666666666,1.72,2
TNP_0009,2025-11-06,2.74543,5.33502,0.5146053810482435,25.37333333333333,29.13,22.21,6.919999999999998,87.15083333333332,1.065416666666667,2
TNP_0009,2025-11-07,4.089840000000001,5.59522,0.7309524915910367,24.89375,29.62,20.68,8.940000000000001,83.30624999999999,2.71625,2
TNP_0009,2025-11-08,4.937060000000001,5.51162,0.8957547871587666,23.04375,29.17,17.89,11.28,79.13875,3.518333333333333,2
TNP_0009,2025-11-09,4.68659,5.12593,0.9142906750579892,23.002916666666668,27.9,17.67,10.229999999999997,81.36,3.0075,2
TNP_0009,2025-11-10,5.11598,5.26582,0.9715447926438808,23.80333333333333,28.87,19.39,9.48,83.12791666666666,2.942083333333333,2
TNP_0009,2025-11-11,4.84612,5.47861,0.8845528336567122,24.30208333333333,29.24,19.75,9.489999999999998,84.8025,2.967916666666667,2
TNP_0009,2025-11-12,4.16418,5.313,0.7837718802936194,24.60458333333333,29.1,20.86,8.240000000000002,86.40041666666667,3.0404166666666668,2
TNP_0009,2025-11-13,3.86932,5.24237,0.7380860183466638,24.903333333333336,29.62,21.36,8.260000000000002,86.21458333333334,3.7616666666666663,2
TNP_0009,2025-11-14,3.77455,5.43637,0.6943144046486902,22.39583333333333,27.86,18.34,9.52,81.25541666666666,3.8475,2
TNP_0009,2025-11-15,3.66486,5.0006,0.7328840539135303,23.041666666666668,27.77,18.26,9.509999999999998,83.3475,3.93125,2
TNP_0009,2025-11-16,2.99962,4.93277,0.6081005195863581,22.83791666666667,26.91,19.63,7.280000000000001,86.40666666666668,4.69125,2
TNP_0009,2025-11-17,1.83695,5.62725,0.3264383135634635,21.86458333333333,25.07,19.41,5.66,85.71416666666666,5.0825000000000005,2
TNP_0009,2025-11-18,3.04168,5.52852,0.5501797949541649,22.59166666666667,25.88,19.78,6.099999999999998,92.8075,3.016666666666667,2
TNP_0009,2025-11-19,4.66226,5.73343,0.8131711732767296,23.06458333333333,28.68,18.39,10.29,85.39041666666667,3.6966666666666663,2
TNP_0009,2025-11-20,4.46895,5.543810000000001,0.806115288943885,23.53,27.94,18.15,9.790000000000004,85.31166666666667,3.783333333333333,2
TNP_0009,2025-11-21,3.6983,5.71521,0.647097831925686,24.85,28.65,21.59,7.059999999999999,90.29125,3.2429166666666664,2
TNP_0009,2025-11-22,3.74493,5.65699,0.6620004631438273,24.640416666666667,27.84,22.58,5.260000000000002,91.29083333333334,3.6220833333333338,2
TNP_0009,2025-11-23,2.62183,5.589300000000001,0.4690802068237525,24.449166666666667,27.14,22.62,4.52,92.15833333333336,3.290833333333333,2
TNP_0009,2025-11-24,2.29429,5.40961,0.4241137531171379,23.706666666666667,27.24,20.53,6.709999999999997,89.71583333333332,3.758333333333333,2
TNP_0009,2025-11-25,3.98223,5.05459,0.7878443157605265,22.84708333333333,27.27,19.81,7.460000000000001,85.96541666666667,3.6316666666666655,2
TNP_0009,2025-11-26,4.437860000000001,5.21505,0.8509717068867989,22.63625,26.44,20.11,6.330000000000002,84.95666666666666,4.148333333333333,2
TNP_0009,2025-11-27,4.22704,5.29941,0.7976435112588005,22.74083333333333,26.91,19.91,7.0,83.4575,4.600833333333333,2
TNP_0009,2025-11-28,3.37028,5.09358,0.661672144150087,22.23125,25.83,19.94,5.889999999999997,84.34583333333333,4.888333333333333,2
TNP_0009,2025-11-29,1.3098,5.4883500000000005,0.2386509606712399,23.042916666666667,25.9,20.49,5.41,91.02833333333332,6.109166666666667,2
TNP_0009,2025-11-30,2.32204,5.68217,0.4086537361606569,23.457083333333333,25.98,21.95,4.030000000000001,91.61875,7.944166666666667,2
TNP_0009,2025-12-01,1.74192,5.426069999999999,0.3210279262891928,23.26083333333333,26.56,20.84,5.719999999999999,86.83916666666666,7.692916666666666,2
TNP_0009,2025-12-02,2.38237,5.13495,0.4639519372145785,23.5925,25.61,20.46,5.149999999999999,91.39208333333332,6.417916666666667,2
TNP_0009,2025-12-03,1.93176,5.35099,0.3610098318255126,24.084166666666665,26.38,21.94,4.439999999999998,94.44333333333331,3.658333333333333,2
TNP_0009,2025-12-04,3.93483,5.46331,0.7202282132992636,24.39,28.75,21.82,6.93,89.76375,3.387916666666667,2
TNP_0009,2025-12-05,2.89195,4.76125,0.6073930165397742,23.74291666666667,27.39,21.13,6.260000000000002,88.55458333333333,4.67875,2
TNP_0009,2025-12-06,4.23603,4.90547,0.863531934758545,23.13125,27.75,20.38,7.370000000000001,88.74916666666667,3.766666666666667,2
TNP_0009,2025-12-07,3.65528,4.8891,0.7476386246957518,21.78916666666667,26.41,17.78,8.629999999999999,89.2525,3.540833333333333,2
TNP_0009,2025-12-08,4.93607,5.25687,0.9389750935442572,21.542916666666667,26.44,17.66,8.780000000000001,86.17833333333333,4.1066666666666665,2
TNP_0009,2025-12-09,3.80064,5.05008,0.7525900579792795,21.92833333333333,26.7,17.84,8.86,88.30916666666667,4.12,2
TNP_0009,2025-12-10,4.64876,5.207140000000001,0.8927664706537561,21.576666666666668,26.48,17.58,8.900000000000002,84.94208333333333,4.239166666666667,2
TNP_0009,2025-12-11,4.71183,4.91444,0.958772515281497,21.605416666666667,26.82,17.51,9.31,86.44625,3.965,2
TNP_0009,2025-12-12,5.08007,5.2980100000000006,0.9588637998040772,20.348333333333333,26.25,14.76,11.49,83.97666666666667,3.6225,2
TNP_0009,2025-12-13,5.75793,5.77206,0.9975520004989552,19.64125,25.82,14.44,11.38,82.1925,3.2691666666666666,2
TNP_0009,2025-12-14,5.27806,5.60846,0.9410889976927712,19.949166666666667,25.97,15.32,10.65,82.92541666666666,3.2270833333333333,2
TNP_0009,2025-12-15,5.16659,5.42413,0.9525195745677189,21.01833333333333,26.61,15.19,11.42,84.7975,3.4866666666666664,2
TNP_0009,2025-12-16,2.19012,5.27453,0.4152256219985477,23.537916666666664,28.16,18.52,9.64,89.59249999999999,4.66625,2
TNP_0009,2025-12-17,5.14784,5.78754,0.8894694464314719,21.476666666666663,26.82,16.57,10.25,88.21875,4.067083333333334,2
TNP_0009,2025-12-18,4.658720000000001,5.472090000000001,0.8513602663698879,20.56083333333333,26.24,15.62,10.62,86.94,3.5041666666666664,2
TNP_0009,2025-12-19,4.33293,5.19757,0.8336453381099245,20.1275,25.89,15.14,10.75,81.94583333333334,2.7775,2
TNP_0009,2025-12-20,4.52632,4.93087,0.9179556548844322,19.810416666666665,25.49,14.67,10.82,83.28125,2.5716666666666668,2
TNP_0009,2025-12-21,4.23832,4.9529,0.8557249288295746,20.3075,26.27,15.47,10.8,83.55458333333333,2.959583333333333,2
TNP_0009,2025-12-22,4.02558,5.33861,0.754050211571926,21.0325,27.01,15.38,11.63,84.58958333333334,3.2391666666666663,2
TNP_0009,2025-12-23,5.20229,5.35924,0.9707141311081422,20.70958333333333,26.53,15.71,10.82,82.01916666666666,2.7570833333333336,2
TNP_0009,2025-12-24,3.99673,4.94275,0.8086045217743159,20.3575,26.47,15.56,10.909999999999998,79.86791666666666,2.901666666666667,2
TNP_0009,2025-12-25,4.2730500000000005,5.15807,0.8284203200034121,21.25708333333333,26.96,15.39,11.57,84.61083333333333,3.08625,2
TNP_0009,2025-12-26,4.30779,5.41621,0.7953513619302057,21.207083333333333,26.79,17.01,9.779999999999998,78.5575,3.1475000000000004,2
TNP_0009,2025-12-27,5.05597,5.41719,0.9333196731146592,21.161666666666665,26.97,16.34,10.63,79.51666666666667,3.057916666666667,2
TNP_0009,2025-12-28,5.173520000000001,5.22502,0.9901435783977862,21.285,27.18,16.17,11.009999999999998,79.345,2.98875,2
TNP_0009,2025-12-29,4.557600000000001,5.07237,0.8985148954039237,21.1125,27.35,15.86,11.490000000000002,83.30041666666666,3.24,2
TNP_0009,2025-12-30,4.82597,4.98109,0.968858221794828,22.329166666666666,27.92,15.64,12.28,86.43874999999998,2.5716666666666668,2
TNP_0009,2025-12-31,3.46037,4.99183,0.6932066997473871,23.51,28.77,18.77,10.0,86.99374999999999,2.7275,2
