timestamp_utc,GHI_Wm2,GHI_clearsky_Wm2,T_amb_C,RH_pct,wind_ms,point_id,cluster_id,year
2016-01-01 00:00:00+00:00,0.0,0.0,14.95,100.0,2.36,TNP_0005,1,2016
2016-01-01 01:00:00+00:00,41.58,42.8,16.05,100.0,2.58,TNP_0005,1,2016
2016-01-01 02:00:00+00:00,241.8,259.62,19.34,83.96,3.28,TNP_0005,1,2016
2016-01-01 03:00:00+00:00,459.0,492.12,23.01,66.86,4.32,TNP_0005,1,2016
2016-01-01 04:00:00+00:00,622.25,683.45,25.19,56.77,5.09,TNP_0005,1,2016
2016-01-01 05:00:00+00:00,716.47,815.7,26.84,50.23,5.59,TNP_0005,1,2016
2016-01-01 06:00:00+00:00,783.75,839.45,28.04,46.12,5.88,TNP_0005,1,2016
2016-01-01 07:00:00+00:00,713.97,827.83,28.73,44.3,6.04,TNP_0005,1,2016
2016-01-01 08:00:00+00:00,603.1,741.35,28.88,43.91,6.1,TNP_0005,1,2016
2016-01-01 09:00:00+00:00,469.52,588.6,28.53,45.22,6.02,TNP_0005,1,2016
2016-01-01 10:00:00+00:00,311.3,385.1,27.63,48.25,5.85,TNP_0005,1,2016
2016-01-01 11:00:00+00:00,129.85,162.6,26.06,54.64,5.08,TNP_0005,1,2016
2016-01-01 12:00:00+00:00,9.95,11.0,22.81,71.08,3.05,TNP_0005,1,2016
2016-01-01 13:00:00+00:00,0.0,0.0,21.19,79.77,2.78,TNP_0005,1,2016
2016-01-01 14:00:00+00:00,0.0,0.0,20.35,84.09,2.69,TNP_0005,1,2016
2016-01-01 15:00:00+00:00,0.0,0.0,19.6,87.74,2.62,TNP_0005,1,2016
2016-01-01 16:00:00+00:00,0.0,0.0,18.91,91.03,2.56,TNP_0005,1,2016
2016-01-01 17:00:00+00:00,0.0,0.0,18.23,94.72,2.52,TNP_0005,1,2016
2016-01-01 18:00:00+00:00,0.0,0.0,17.58,98.3,2.47,TNP_0005,1,2016
2016-01-01 19:00:00+00:00,0.0,0.0,16.96,100.0,2.43,TNP_0005,1,2016
2016-01-01 20:00:00+00:00,0.0,0.0,16.43,100.0,2.41,TNP_0005,1,2016
2016-01-01 21:00:00+00:00,0.0,0.0,16.07,100.0,2.45,TNP_0005,1,2016
2016-01-01 22:00:00+00:00,0.0,0.0,15.73,100.0,2.49,TNP_0005,1,2016
2016-01-01 23:00:00+00:00,0.0,0.0,15.37,100.0,2.5,TNP_0005,1,2016
2016-01-02 00:00:00+00:00,0.0,0.0,15.02,100.0,2.53,TNP_0005,1,2016
2016-01-02 01:00:00+00:00,42.6,46.45,15.98,100.0,2.98,TNP_0005,1,2016
2016-01-02 02:00:00+00:00,242.48,263.12,18.9,84.46,3.58,TNP_0005,1,2016
2016-01-02 03:00:00+00:00,467.62,492.42,22.92,65.54,4.39,TNP_0005,1,2016
2016-01-02 04:00:00+00:00,661.42,683.85,25.48,52.71,5.08,TNP_0005,1,2016
2016-01-02 05:00:00+00:00,803.7,816.05,27.24,45.05,5.01,TNP_0005,1,2016
2016-01-02 06:00:00+00:00,829.7,852.3,28.53,40.05,4.89,TNP_0005,1,2016
2016-01-02 07:00:00+00:00,751.58,831.6,29.33,36.96,4.82,TNP_0005,1,2016
2016-01-02 08:00:00+00:00,697.38,746.2,29.58,35.74,4.85,TNP_0005,1,2016
2016-01-02 09:00:00+00:00,566.9,593.65,29.26,36.3,5.01,TNP_0005,1,2016
2016-01-02 10:00:00+00:00,365.65,390.05,28.24,39.32,5.21,TNP_0005,1,2016
2016-01-02 11:00:00+00:00,159.35,166.25,26.32,47.11,4.53,TNP_0005,1,2016
2016-01-02 12:00:00+00:00,11.12,11.5,22.37,66.47,2.99,TNP_0005,1,2016
2016-01-02 13:00:00+00:00,0.0,0.0,20.72,74.94,2.94,TNP_0005,1,2016
2016-01-02 14:00:00+00:00,0.0,0.0,19.83,80.2,2.84,TNP_0005,1,2016
2016-01-02 15:00:00+00:00,0.0,0.0,19.0,85.0,2.69,TNP_0005,1,2016
2016-01-02 16:00:00+00:00,0.0,0.0,18.23,89.21,2.59,TNP_0005,1,2016
2016-01-02 17:00:00+00:00,0.0,0.0,17.51,93.25,2.53,TNP_0005,1,2016
2016-01-02 18:00:00+00:00,0.0,0.0,16.81,97.2,2.5,TNP_0005,1,2016
2016-01-02 19:00:00+00:00,0.0,0.0,16.14,100.0,2.43,TNP_0005,1,2016
2016-01-02 20:00:00+00:00,0.0,0.0,15.52,100.0,2.37,TNP_0005,1,2016
2016-01-02 21:00:00+00:00,0.0,0.0,14.97,100.0,2.36,TNP_0005,1,2016
2016-01-02 22:00:00+00:00,0.0,0.0,14.5,100.0,2.35,TNP_0005,1,2016
2016-01-02 23:00:00+00:00,0.0,0.0,14.12,100.0,2.38,TNP_0005,1,2016
2016-01-03 00:00:00+00:00,0.0,0.0,13.8,100.0,2.42,TNP_0005,1,2016
2016-01-03 01:00:00+00:00,38.15,38.4,14.92,100.0,2.37,TNP_0005,1,2016
2016-01-03 02:00:00+00:00,244.7,245.82,18.47,85.77,2.96,TNP_0005,1,2016
2016-01-03 03:00:00+00:00,478.67,480.62,22.64,62.14,2.96,TNP_0005,1,2016
2016-01-03 04:00:00+00:00,673.97,675.42,25.71,44.36,3.82,TNP_0005,1,2016
2016-01-03 05:00:00+00:00,812.55,812.55,27.87,35.29,4.35,TNP_0005,1,2016
2016-01-03 06:00:00+00:00,863.72,864.95,29.34,30.87,4.72,TNP_0005,1,2016
2016-01-03 07:00:00+00:00,846.78,854.4,30.17,29.25,4.98,TNP_0005,1,2016
2016-01-03 08:00:00+00:00,768.22,768.22,30.33,29.67,5.16,TNP_0005,1,2016
2016-01-03 09:00:00+00:00,608.4,613.2,29.84,32.01,5.25,TNP_0005,1,2016
2016-01-03 10:00:00+00:00,399.23,405.7,28.72,36.23,5.21,TNP_0005,1,2016
2016-01-03 11:00:00+00:00,174.3,177.57,26.69,45.42,4.38,TNP_0005,1,2016
2016-01-03 12:00:00+00:00,12.27,12.4,22.54,65.81,3.01,TNP_0005,1,2016
2016-01-03 13:00:00+00:00,0.0,0.0,20.93,74.11,3.14,TNP_0005,1,2016
2016-01-03 14:00:00+00:00,0.0,0.0,20.05,80.01,3.09,TNP_0005,1,2016
2016-01-03 15:00:00+00:00,0.0,0.0,19.1,86.09,2.88,TNP_0005,1,2016
2016-01-03 16:00:00+00:00,0.0,0.0,18.21,91.71,2.68,TNP_0005,1,2016
2016-01-03 17:00:00+00:00,0.0,0.0,17.43,97.1,2.56,TNP_0005,1,2016
2016-01-03 18:00:00+00:00,0.0,0.0,16.74,100.0,2.48,TNP_0005,1,2016
2016-01-03 19:00:00+00:00,0.0,0.0,16.15,100.0,2.42,TNP_0005,1,2016
2016-01-03 20:00:00+00:00,0.0,0.0,15.65,100.0,2.35,TNP_0005,1,2016
2016-01-03 21:00:00+00:00,0.0,0.0,15.34,100.0,2.25,TNP_0005,1,2016
2016-01-03 22:00:00+00:00,0.0,0.0,15.08,100.0,2.21,TNP_0005,1,2016
2016-01-03 23:00:00+00:00,0.0,0.0,14.78,100.0,2.32,TNP_0005,1,2016
2016-01-04 00:00:00+00:00,0.0,0.0,14.47,100.0,2.45,TNP_0005,1,2016
2016-01-04 01:00:00+00:00,37.0,42.75,15.54,100.0,2.37,TNP_0005,1,2016
2016-01-04 02:00:00+00:00,239.3,255.0,19.06,85.49,2.87,TNP_0005,1,2016
2016-01-04 03:00:00+00:00,479.33,486.7,22.84,66.36,3.63,TNP_0005,1,2016
2016-01-04 04:00:00+00:00,675.92,679.78,25.52,50.06,4.24,TNP_0005,1,2016
2016-01-04 05:00:00+00:00,796.55,813.35,27.48,40.45,4.44,TNP_0005,1,2016
2016-01-04 06:00:00+00:00,852.35,858.72,28.89,34.91,4.51,TNP_0005,1,2016
2016-01-04 07:00:00+00:00,831.1,847.17,29.71,32.09,4.52,TNP_0005,1,2016
2016-01-04 08:00:00+00:00,748.85,759.58,29.95,31.21,4.49,TNP_0005,1,2016
2016-01-04 09:00:00+00:00,590.17,604.35,29.53,32.39,4.49,TNP_0005,1,2016
2016-01-04 10:00:00+00:00,375.25,397.85,28.44,35.78,4.56,TNP_0005,1,2016
2016-01-04 11:00:00+00:00,160.5,171.12,26.34,45.74,3.76,TNP_0005,1,2016
2016-01-04 12:00:00+00:00,11.8,12.4,22.4,65.35,2.91,TNP_0005,1,2016
2016-01-04 13:00:00+00:00,0.0,0.0,21.04,72.28,3.17,TNP_0005,1,2016
2016-01-04 14:00:00+00:00,0.0,0.0,20.3,77.63,3.18,TNP_0005,1,2016
2016-01-04 15:00:00+00:00,0.0,0.0,19.48,82.77,2.93,TNP_0005,1,2016
2016-01-04 16:00:00+00:00,0.0,0.0,18.7,86.92,2.7,TNP_0005,1,2016
2016-01-04 17:00:00+00:00,0.0,0.0,17.96,90.41,2.6,TNP_0005,1,2016
2016-01-04 18:00:00+00:00,0.0,0.0,17.26,93.73,2.56,TNP_0005,1,2016
2016-01-04 19:00:00+00:00,0.0,0.0,16.63,97.08,2.56,TNP_0005,1,2016
2016-01-04 20:00:00+00:00,0.0,0.0,16.11,100.0,2.63,TNP_0005,1,2016
2016-01-04 21:00:00+00:00,0.0,0.0,15.71,100.0,2.72,TNP_0005,1,2016
2016-01-04 22:00:00+00:00,0.0,0.0,15.34,100.0,2.75,TNP_0005,1,2016
2016-01-04 23:00:00+00:00,0.0,0.0,15.01,100.0,2.71,TNP_0005,1,2016
2016-01-05 00:00:00+00:00,0.0,0.0,14.72,100.0,2.68,TNP_0005,1,2016
2016-01-05 01:00:00+00:00,34.53,37.2,15.85,100.0,2.9,TNP_0005,1,2016
2016-01-05 02:00:00+00:00,223.2,240.32,19.21,83.34,3.46,TNP_0005,1,2016
2016-01-05 03:00:00+00:00,447.55,470.98,23.22,62.56,3.96,TNP_0005,1,2016
2016-01-05 04:00:00+00:00,638.95,664.35,25.89,48.74,3.73,TNP_0005,1,2016
2016-01-05 05:00:00+00:00,782.28,799.85,27.93,42.32,3.3,TNP_0005,1,2016
2016-01-05 06:00:00+00:00,822.72,835.38,29.32,40.47,3.05,TNP_0005,1,2016
2016-01-05 07:00:00+00:00,793.12,823.42,30.13,39.3,3.03,TNP_0005,1,2016
2016-01-05 08:00:00+00:00,676.7,735.58,30.39,38.96,3.16,TNP_0005,1,2016
2016-01-05 09:00:00+00:00,538.8,581.1,30.14,39.86,3.44,TNP_0005,1,2016
2016-01-05 10:00:00+00:00,339.05,377.08,29.3,42.22,3.72,TNP_0005,1,2016
2016-01-05 11:00:00+00:00,142.12,157.93,27.61,48.9,3.49,TNP_0005,1,2016
2016-01-05 12:00:00+00:00,10.62,11.82,23.79,68.32,2.58,TNP_0005,1,2016
2016-01-05 13:00:00+00:00,0.0,0.0,22.19,74.65,2.77,TNP_0005,1,2016
2016-01-05 14:00:00+00:00,0.0,0.0,21.32,78.5,2.82,TNP_0005,1,2016
2016-01-05 15:00:00+00:00,0.0,0.0,20.51,82.23,2.8,TNP_0005,1,2016
2016-01-05 16:00:00+00:00,0.0,0.0,19.71,85.93,2.66,TNP_0005,1,2016
2016-01-05 17:00:00+00:00,0.0,0.0,18.99,89.13,2.52,TNP_0005,1,2016
2016-01-05 18:00:00+00:00,0.0,0.0,18.39,91.83,2.47,TNP_0005,1,2016
2016-01-05 19:00:00+00:00,0.0,0.0,17.91,94.05,2.55,TNP_0005,1,2016
2016-01-05 20:00:00+00:00,0.0,0.0,17.52,95.83,2.69,TNP_0005,1,2016
2016-01-05 21:00:00+00:00,0.0,0.0,17.33,96.12,2.9,TNP_0005,1,2016
2016-01-05 22:00:00+00:00,0.0,0.0,17.02,97.01,2.86,TNP_0005,1,2016
2016-01-05 23:00:00+00:00,0.0,0.0,16.58,98.51,2.71,TNP_0005,1,2016
2016-01-06 00:00:00+00:00,0.0,0.0,16.22,99.42,2.7,TNP_0005,1,2016
2016-01-06 01:00:00+00:00,33.12,35.4,16.93,94.37,3.28,TNP_0005,1,2016
2016-01-06 02:00:00+00:00,203.77,228.48,19.34,81.78,3.47,TNP_0005,1,2016
2016-01-06 03:00:00+00:00,393.48,449.67,23.21,62.18,3.72,TNP_0005,1,2016
2016-01-06 04:00:00+00:00,590.33,640.17,26.43,47.05,3.35,TNP_0005,1,2016
2016-01-06 05:00:00+00:00,670.0,773.45,28.59,42.03,2.64,TNP_0005,1,2016
2016-01-06 06:00:00+00:00,666.62,797.83,29.74,40.32,2.35,TNP_0005,1,2016
2016-01-06 07:00:00+00:00,623.28,788.28,30.51,39.13,2.48,TNP_0005,1,2016
2016-01-06 08:00:00+00:00,453.45,702.83,30.84,38.73,2.84,TNP_0005,1,2016
2016-01-06 09:00:00+00:00,399.95,551.5,30.77,38.96,3.25,TNP_0005,1,2016
2016-01-06 10:00:00+00:00,233.07,353.05,29.95,40.8,3.75,TNP_0005,1,2016
2016-01-06 11:00:00+00:00,96.38,143.52,28.09,47.54,3.94,TNP_0005,1,2016
2016-01-06 12:00:00+00:00,8.48,11.1,24.55,63.96,3.34,TNP_0005,1,2016
2016-01-06 13:00:00+00:00,0.0,0.0,23.1,70.91,4.09,TNP_0005,1,2016
2016-01-06 14:00:00+00:00,0.0,0.0,22.18,76.47,4.37,TNP_0005,1,2016
2016-01-06 15:00:00+00:00,0.0,0.0,21.3,81.79,3.94,TNP_0005,1,2016
2016-01-06 16:00:00+00:00,0.0,0.0,20.4,87.3,3.13,TNP_0005,1,2016
2016-01-06 17:00:00+00:00,0.0,0.0,19.64,91.48,2.55,TNP_0005,1,2016
2016-01-06 18:00:00+00:00,0.0,0.0,18.98,94.92,2.25,TNP_0005,1,2016
2016-01-06 19:00:00+00:00,0.0,0.0,18.39,97.71,2.1,TNP_0005,1,2016
2016-01-06 20:00:00+00:00,0.0,0.0,17.94,99.18,2.1,TNP_0005,1,2016
2016-01-06 21:00:00+00:00,0.0,0.0,17.55,100.0,2.14,TNP_0005,1,2016
2016-01-06 22:00:00+00:00,0.0,0.0,17.15,100.0,2.17,TNP_0005,1,2016
2016-01-06 23:00:00+00:00,0.0,0.0,16.73,100.0,2.18,TNP_0005,1,2016
2016-01-07 00:00:00+00:00,0.0,0.0,16.35,100.0,2.23,TNP_0005,1,2016
2016-01-07 01:00:00+00:00,28.45,32.45,17.14,96.92,2.86,TNP_0005,1,2016
2016-01-07 02:00:00+00:00,191.85,216.0,19.97,81.59,3.6,TNP_0005,1,2016
2016-01-07 03:00:00+00:00,391.73,435.08,23.44,64.16,4.45,TNP_0005,1,2016
2016-01-07 04:00:00+00:00,576.05,627.45,25.82,53.04,4.24,TNP_0005,1,2016
2016-01-07 05:00:00+00:00,683.8,764.62,27.73,46.04,4.05,TNP_0005,1,2016
2016-01-07 06:00:00+00:00,566.05,775.08,29.12,41.96,3.93,TNP_0005,1,2016
2016-01-07 07:00:00+00:00,581.1,771.75,29.96,39.96,3.78,TNP_0005,1,2016
2016-01-07 08:00:00+00:00,510.65,694.67,30.24,39.39,3.67,TNP_0005,1,2016
2016-01-07 09:00:00+00:00,434.5,546.95,29.86,40.09,3.71,TNP_0005,1,2016
2016-01-07 10:00:00+00:00,253.95,353.48,28.97,42.08,3.89,TNP_0005,1,2016
2016-01-07 11:00:00+00:00,110.6,148.8,27.23,48.47,3.69,TNP_0005,1,2016
2016-01-07 12:00:00+00:00,9.6,11.85,23.82,65.48,2.81,TNP_0005,1,2016
2016-01-07 13:00:00+00:00,0.0,0.0,22.29,71.89,3.2,TNP_0005,1,2016
2016-01-07 14:00:00+00:00,0.0,0.0,21.35,76.76,3.28,TNP_0005,1,2016
2016-01-07 15:00:00+00:00,0.0,0.0,20.47,81.66,3.07,TNP_0005,1,2016
2016-01-07 16:00:00+00:00,0.0,0.0,19.69,85.91,2.72,TNP_0005,1,2016
2016-01-07 17:00:00+00:00,0.0,0.0,19.09,88.93,2.56,TNP_0005,1,2016
2016-01-07 18:00:00+00:00,0.0,0.0,18.9,89.88,2.6,TNP_0005,1,2016
2016-01-07 19:00:00+00:00,0.0,0.0,18.63,91.37,2.43,TNP_0005,1,2016
2016-01-07 20:00:00+00:00,0.0,0.0,18.3,92.88,2.37,TNP_0005,1,2016
2016-01-07 21:00:00+00:00,0.0,0.0,17.95,94.18,2.18,TNP_0005,1,2016
2016-01-07 22:00:00+00:00,0.0,0.0,17.52,95.86,1.89,TNP_0005,1,2016
2016-01-07 23:00:00+00:00,0.0,0.0,16.96,98.1,1.85,TNP_0005,1,2016
2016-01-08 00:00:00+00:00,0.0,0.0,16.37,100.0,1.97,TNP_0005,1,2016
2016-01-08 01:00:00+00:00,28.85,31.9,17.14,95.15,2.45,TNP_0005,1,2016
2016-01-08 02:00:00+00:00,202.62,216.82,19.89,79.75,2.98,TNP_0005,1,2016
2016-01-08 03:00:00+00:00,404.02,436.85,23.36,61.54,3.54,TNP_0005,1,2016
2016-01-08 04:00:00+00:00,607.6,633.6,25.65,50.95,3.5,TNP_0005,1,2016
2016-01-08 05:00:00+00:00,729.78,772.05,27.56,43.25,3.48,TNP_0005,1,2016
2016-01-08 06:00:00+00:00,721.53,807.03,28.83,39.17,3.59,TNP_0005,1,2016
2016-01-08 07:00:00+00:00,671.58,802.83,29.44,37.61,3.71,TNP_0005,1,2016
2016-01-08 08:00:00+00:00,595.15,721.58,29.21,37.95,3.78,TNP_0005,1,2016
2016-01-08 09:00:00+00:00,480.27,573.7,28.61,39.39,3.81,TNP_0005,1,2016
2016-01-08 10:00:00+00:00,282.15,375.73,27.68,42.54,3.81,TNP_0005,1,2016
2016-01-08 11:00:00+00:00,123.88,161.07,25.75,53.3,2.9,TNP_0005,1,2016
2016-01-08 12:00:00+00:00,10.88,12.95,23.19,66.7,2.57,TNP_0005,1,2016
2016-01-08 13:00:00+00:00,0.0,0.0,22.16,72.01,2.7,TNP_0005,1,2016
2016-01-08 14:00:00+00:00,0.0,0.0,21.57,76.46,2.78,TNP_0005,1,2016
2016-01-08 15:00:00+00:00,0.0,0.0,20.96,81.24,2.67,TNP_0005,1,2016
2016-01-08 16:00:00+00:00,0.0,0.0,20.09,86.7,2.43,TNP_0005,1,2016
2016-01-08 17:00:00+00:00,0.0,0.0,19.72,89.35,2.34,TNP_0005,1,2016
2016-01-08 18:00:00+00:00,0.0,0.0,19.37,91.47,2.18,TNP_0005,1,2016
2016-01-08 19:00:00+00:00,0.0,0.0,18.96,93.35,2.09,TNP_0005,1,2016
2016-01-08 20:00:00+00:00,0.0,0.0,18.59,94.57,2.04,TNP_0005,1,2016
2016-01-08 21:00:00+00:00,0.0,0.0,18.22,95.54,1.97,TNP_0005,1,2016
2016-01-08 22:00:00+00:00,0.0,0.0,17.82,96.44,1.87,TNP_0005,1,2016
2016-01-08 23:00:00+00:00,0.0,0.0,17.45,97.35,1.82,TNP_0005,1,2016
2016-01-09 00:00:00+00:00,0.0,0.0,17.12,98.12,1.8,TNP_0005,1,2016
2016-01-09 01:00:00+00:00,29.6,35.6,17.58,94.53,2.33,TNP_0005,1,2016
2016-01-09 02:00:00+00:00,197.48,236.9,19.98,80.71,2.83,TNP_0005,1,2016
2016-01-09 03:00:00+00:00,387.6,464.35,23.43,59.75,3.11,TNP_0005,1,2016
2016-01-09 04:00:00+00:00,597.7,657.67,26.05,44.76,3.21,TNP_0005,1,2016
2016-01-09 05:00:00+00:00,703.0,794.1,27.96,36.35,3.4,TNP_0005,1,2016
2016-01-09 06:00:00+00:00,801.88,841.4,29.17,32.53,3.47,TNP_0005,1,2016
2016-01-09 07:00:00+00:00,785.1,835.17,29.8,31.14,3.55,TNP_0005,1,2016
2016-01-09 08:00:00+00:00,709.67,753.33,30.13,30.73,3.73,TNP_0005,1,2016
2016-01-09 09:00:00+00:00,579.6,603.42,29.99,31.1,3.99,TNP_0005,1,2016
2016-01-09 10:00:00+00:00,370.27,401.2,29.13,32.99,4.39,TNP_0005,1,2016
2016-01-09 11:00:00+00:00,167.12,176.85,27.05,40.17,4.18,TNP_0005,1,2016
2016-01-09 12:00:00+00:00,14.02,14.57,23.21,57.41,3.25,TNP_0005,1,2016
2016-01-09 13:00:00+00:00,0.0,0.0,21.8,64.51,3.69,TNP_0005,1,2016
2016-01-09 14:00:00+00:00,0.0,0.0,20.92,71.23,3.63,TNP_0005,1,2016
2016-01-09 15:00:00+00:00,0.0,0.0,19.94,78.81,2.98,TNP_0005,1,2016
2016-01-09 16:00:00+00:00,0.0,0.0,19.01,84.87,2.48,TNP_0005,1,2016
2016-01-09 17:00:00+00:00,0.0,0.0,18.28,88.6,2.33,TNP_0005,1,2016
2016-01-09 18:00:00+00:00,0.0,0.0,17.67,91.27,2.28,TNP_0005,1,2016
2016-01-09 19:00:00+00:00,0.0,0.0,17.08,93.58,2.21,TNP_0005,1,2016
2016-01-09 20:00:00+00:00,0.0,0.0,16.52,95.43,2.13,TNP_0005,1,2016
2016-01-09 21:00:00+00:00,0.0,0.0,16.02,97.14,2.08,TNP_0005,1,2016
2016-01-09 22:00:00+00:00,0.0,0.0,15.55,98.88,2.14,TNP_0005,1,2016
2016-01-09 23:00:00+00:00,0.0,0.0,15.13,100.0,2.24,TNP_0005,1,2016
2016-01-10 00:00:00+00:00,0.0,0.0,14.73,100.0,2.33,TNP_0005,1,2016
2016-01-10 01:00:00+00:00,32.0,36.12,15.7,95.06,2.6,TNP_0005,1,2016
2016-01-10 02:00:00+00:00,230.5,244.23,18.82,78.76,3.03,TNP_0005,1,2016
2016-01-10 03:00:00+00:00,445.48,474.6,22.85,57.47,3.39,TNP_0005,1,2016
2016-01-10 04:00:00+00:00,648.3,670.15,25.48,44.82,3.24,TNP_0005,1,2016
2016-01-10 05:00:00+00:00,766.5,807.47,27.6,37.03,3.06,TNP_0005,1,2016
2016-01-10 06:00:00+00:00,835.3,863.58,29.22,32.93,3.02,TNP_0005,1,2016
2016-01-10 07:00:00+00:00,816.42,855.75,30.25,31.32,3.09,TNP_0005,1,2016
2016-01-10 08:00:00+00:00,727.83,772.3,30.67,31.02,3.26,TNP_0005,1,2016
2016-01-10 09:00:00+00:00,595.67,621.55,30.44,31.87,3.57,TNP_0005,1,2016
2016-01-10 10:00:00+00:00,399.35,418.23,29.56,33.94,3.98,TNP_0005,1,2016
2016-01-10 11:00:00+00:00,182.1,189.48,27.65,40.45,3.99,TNP_0005,1,2016
2016-01-10 12:00:00+00:00,15.82,16.08,23.49,59.08,3.15,TNP_0005,1,2016
2016-01-10 13:00:00+00:00,0.0,0.0,21.95,65.7,3.89,TNP_0005,1,2016
2016-01-10 14:00:00+00:00,0.0,0.0,21.02,71.33,4.15,TNP_0005,1,2016
2016-01-10 15:00:00+00:00,0.0,0.0,20.01,77.45,3.66,TNP_0005,1,2016
2016-01-10 16:00:00+00:00,0.0,0.0,19.03,83.4,2.84,TNP_0005,1,2016
2016-01-10 17:00:00+00:00,0.0,0.0,18.22,87.88,2.45,TNP_0005,1,2016
2016-01-10 18:00:00+00:00,0.0,0.0,17.6,90.79,2.38,TNP_0005,1,2016
2016-01-10 19:00:00+00:00,0.0,0.0,16.98,93.69,2.35,TNP_0005,1,2016
2016-01-10 20:00:00+00:00,0.0,0.0,16.38,96.33,2.37,TNP_0005,1,2016
2016-01-10 21:00:00+00:00,0.0,0.0,15.83,98.26,2.38,TNP_0005,1,2016
2016-01-10 22:00:00+00:00,0.0,0.0,15.29,99.95,2.41,TNP_0005,1,2016
2016-01-10 23:00:00+00:00,0.0,0.0,14.8,100.0,2.43,TNP_0005,1,2016
2016-01-11 00:00:00+00:00,0.0,0.0,14.35,100.0,2.43,TNP_0005,1,2016
2016-01-11 01:00:00+00:00,32.95,34.72,15.36,95.09,2.66,TNP_0005,1,2016
2016-01-11 02:00:00+00:00,230.1,235.68,18.5,78.64,2.95,TNP_0005,1,2016
2016-01-11 03:00:00+00:00,450.3,465.7,22.86,56.9,3.75,TNP_0005,1,2016
2016-01-11 04:00:00+00:00,646.72,661.0,25.64,44.98,4.07,TNP_0005,1,2016
2016-01-11 05:00:00+00:00,786.55,798.72,27.72,38.0,4.03,TNP_0005,1,2016
2016-01-11 06:00:00+00:00,830.72,843.55,29.19,34.51,4.03,TNP_0005,1,2016
2016-01-11 07:00:00+00:00,810.88,837.03,30.08,33.17,4.06,TNP_0005,1,2016
2016-01-11 08:00:00+00:00,723.65,755.1,30.37,33.23,4.1,TNP_0005,1,2016
2016-01-11 09:00:00+00:00,585.5,605.28,30.04,34.35,4.23,TNP_0005,1,2016
2016-01-11 10:00:00+00:00,384.25,402.88,29.05,37.02,4.41,TNP_0005,1,2016
2016-01-11 11:00:00+00:00,172.62,179.02,27.17,43.68,4.12,TNP_0005,1,2016
2016-01-11 12:00:00+00:00,15.02,15.4,23.27,62.3,2.97,TNP_0005,1,2016
2016-01-11 13:00:00+00:00,0.0,0.0,21.72,69.65,3.36,TNP_0005,1,2016
2016-01-11 14:00:00+00:00,0.0,0.0,20.86,74.76,3.51,TNP_0005,1,2016
2016-01-11 15:00:00+00:00,0.0,0.0,20.01,79.99,3.19,TNP_0005,1,2016
2016-01-11 16:00:00+00:00,0.0,0.0,19.19,84.9,2.66,TNP_0005,1,2016
2016-01-11 17:00:00+00:00,0.0,0.0,18.5,88.55,2.36,TNP_0005,1,2016
2016-01-11 18:00:00+00:00,0.0,0.0,17.89,91.5,2.18,TNP_0005,1,2016
2016-01-11 19:00:00+00:00,0.0,0.0,17.32,93.91,2.1,TNP_0005,1,2016
2016-01-11 20:00:00+00:00,0.0,0.0,16.77,96.34,2.07,TNP_0005,1,2016
2016-01-11 21:00:00+00:00,0.0,0.0,16.21,98.94,2.11,TNP_0005,1,2016
2016-01-11 22:00:00+00:00,0.0,0.0,15.7,100.0,2.17,TNP_0005,1,2016
2016-01-11 23:00:00+00:00,0.0,0.0,15.27,100.0,2.19,TNP_0005,1,2016
2016-01-12 00:00:00+00:00,0.0,0.0,14.9,100.0,2.18,TNP_0005,1,2016
2016-01-12 01:00:00+00:00,29.05,29.55,15.88,97.12,2.24,TNP_0005,1,2016
2016-01-12 02:00:00+00:00,226.23,229.82,18.86,80.87,2.48,TNP_0005,1,2016
2016-01-12 03:00:00+00:00,443.0,445.8,22.77,59.33,2.77,TNP_0005,1,2016
2016-01-12 04:00:00+00:00,645.72,646.58,25.34,46.78,2.79,TNP_0005,1,2016
2016-01-12 05:00:00+00:00,789.9,790.33,27.51,38.49,2.89,TNP_0005,1,2016
2016-01-12 06:00:00+00:00,846.22,846.72,29.2,33.92,3.14,TNP_0005,1,2016
2016-01-12 07:00:00+00:00,835.0,841.83,30.26,31.75,3.41,TNP_0005,1,2016
2016-01-12 08:00:00+00:00,759.03,759.03,30.74,30.88,3.7,TNP_0005,1,2016
2016-01-12 09:00:00+00:00,602.67,608.25,30.62,31.0,3.95,TNP_0005,1,2016
2016-01-12 10:00:00+00:00,397.67,404.88,29.79,32.62,4.24,TNP_0005,1,2016
2016-01-12 11:00:00+00:00,179.6,180.15,27.81,39.37,4.08,TNP_0005,1,2016
2016-01-12 12:00:00+00:00,15.77,15.95,23.69,57.02,3.48,TNP_0005,1,2016
2016-01-12 13:00:00+00:00,0.0,0.0,22.29,63.74,4.48,TNP_0005,1,2016
2016-01-12 14:00:00+00:00,0.0,0.0,21.31,70.69,4.67,TNP_0005,1,2016
2016-01-12 15:00:00+00:00,0.0,0.0,20.37,77.31,4.12,TNP_0005,1,2016
2016-01-12 16:00:00+00:00,0.0,0.0,19.53,82.84,3.27,TNP_0005,1,2016
2016-01-12 17:00:00+00:00,0.0,0.0,18.64,88.49,2.37,TNP_0005,1,2016
2016-01-12 18:00:00+00:00,0.0,0.0,18.0,92.24,2.02,TNP_0005,1,2016
2016-01-12 19:00:00+00:00,0.0,0.0,17.5,94.76,1.81,TNP_0005,1,2016
2016-01-12 20:00:00+00:00,0.0,0.0,17.16,96.03,1.64,TNP_0005,1,2016
2016-01-12 21:00:00+00:00,0.0,0.0,16.9,96.94,1.57,TNP_0005,1,2016
2016-01-12 22:00:00+00:00,0.0,0.0,16.61,97.99,1.58,TNP_0005,1,2016
2016-01-12 23:00:00+00:00,0.0,0.0,16.33,98.97,1.6,TNP_0005,1,2016
2016-01-13 00:00:00+00:00,0.0,0.0,16.14,99.33,1.6,TNP_0005,1,2016
2016-01-13 01:00:00+00:00,27.9,29.33,16.9,94.89,1.71,TNP_0005,1,2016
2016-01-13 02:00:00+00:00,181.12,211.15,19.29,81.67,1.86,TNP_0005,1,2016
2016-01-13 03:00:00+00:00,358.0,438.9,22.64,63.62,1.67,TNP_0005,1,2016
2016-01-13 04:00:00+00:00,519.1,636.15,25.06,51.71,2.02,TNP_0005,1,2016
2016-01-13 05:00:00+00:00,587.03,777.45,26.97,44.18,2.31,TNP_0005,1,2016
2016-01-13 06:00:00+00:00,603.83,785.85,28.14,40.3,2.41,TNP_0005,1,2016
2016-01-13 07:00:00+00:00,606.97,782.1,28.82,38.45,2.39,TNP_0005,1,2016
2016-01-13 08:00:00+00:00,538.47,700.33,28.95,38.08,2.46,TNP_0005,1,2016
2016-01-13 09:00:00+00:00,423.12,552.08,28.86,38.14,2.74,TNP_0005,1,2016
2016-01-13 10:00:00+00:00,264.52,351.5,28.24,39.62,3.03,TNP_0005,1,2016
2016-01-13 11:00:00+00:00,132.43,149.5,26.59,49.07,2.39,TNP_0005,1,2016
2016-01-13 12:00:00+00:00,13.7,13.93,23.23,66.25,2.49,TNP_0005,1,2016
2016-01-13 13:00:00+00:00,0.0,0.0,21.82,69.99,2.89,TNP_0005,1,2016
2016-01-13 14:00:00+00:00,0.0,0.0,21.32,72.85,3.22,TNP_0005,1,2016
2016-01-13 15:00:00+00:00,0.0,0.0,20.74,77.44,3.49,TNP_0005,1,2016
2016-01-13 16:00:00+00:00,0.0,0.0,19.83,83.8,3.12,TNP_0005,1,2016
2016-01-13 17:00:00+00:00,0.0,0.0,18.87,89.6,2.43,TNP_0005,1,2016
2016-01-13 18:00:00+00:00,0.0,0.0,18.07,93.89,2.0,TNP_0005,1,2016
2016-01-13 19:00:00+00:00,0.0,0.0,17.44,96.88,1.87,TNP_0005,1,2016
2016-01-13 20:00:00+00:00,0.0,0.0,16.92,99.29,1.84,TNP_0005,1,2016
2016-01-13 21:00:00+00:00,0.0,0.0,16.44,100.0,1.9,TNP_0005,1,2016
2016-01-13 22:00:00+00:00,0.0,0.0,15.96,100.0,1.99,TNP_0005,1,2016
2016-01-13 23:00:00+00:00,0.0,0.0,15.51,100.0,2.07,TNP_0005,1,2016
2016-01-14 00:00:00+00:00,0.0,0.0,15.09,100.0,2.11,TNP_0005,1,2016
2016-01-14 01:00:00+00:00,26.95,27.2,15.93,97.39,2.1,TNP_0005,1,2016
2016-01-14 02:00:00+00:00,215.65,217.57,18.82,81.13,2.47,TNP_0005,1,2016
2016-01-14 03:00:00+00:00,417.0,418.25,22.5,58.48,2.4,TNP_0005,1,2016
2016-01-14 04:00:00+00:00,612.25,612.25,24.94,44.46,2.81,TNP_0005,1,2016
2016-01-14 05:00:00+00:00,757.38,758.17,26.72,37.0,3.01,TNP_0005,1,2016
2016-01-14 06:00:00+00:00,828.35,828.92,28.09,32.83,3.16,TNP_0005,1,2016
2016-01-14 07:00:00+00:00,824.62,825.22,28.99,30.8,3.28,TNP_0005,1,2016
2016-01-14 08:00:00+00:00,734.4,743.6,29.45,29.95,3.38,TNP_0005,1,2016
2016-01-14 09:00:00+00:00,584.5,593.78,29.3,30.34,3.53,TNP_0005,1,2016
2016-01-14 10:00:00+00:00,379.35,392.27,28.43,32.98,3.76,TNP_0005,1,2016
2016-01-14 11:00:00+00:00,170.48,173.43,26.28,43.22,3.34,TNP_0005,1,2016
2016-01-14 12:00:00+00:00,15.62,16.12,22.93,58.88,3.26,TNP_0005,1,2016
2016-01-14 13:00:00+00:00,0.0,0.0,21.87,64.87,3.98,TNP_0005,1,2016
2016-01-14 14:00:00+00:00,0.0,0.0,21.11,71.06,4.15,TNP_0005,1,2016
2016-01-14 15:00:00+00:00,0.0,0.0,20.23,77.29,3.58,TNP_0005,1,2016
2016-01-14 16:00:00+00:00,0.0,0.0,19.04,84.57,2.57,TNP_0005,1,2016
2016-01-14 17:00:00+00:00,0.0,0.0,18.17,89.44,2.23,TNP_0005,1,2016
2016-01-14 18:00:00+00:00,0.0,0.0,17.43,93.27,2.13,TNP_0005,1,2016
2016-01-14 19:00:00+00:00,0.0,0.0,16.83,96.42,2.07,TNP_0005,1,2016
2016-01-14 20:00:00+00:00,0.0,0.0,16.34,99.25,1.99,TNP_0005,1,2016
2016-01-14 21:00:00+00:00,0.0,0.0,16.08,100.0,1.84,TNP_0005,1,2016
2016-01-14 22:00:00+00:00,0.0,0.0,15.81,100.0,1.72,TNP_0005,1,2016
2016-01-14 23:00:00+00:00,0.0,0.0,15.38,100.0,1.68,TNP_0005,1,2016
2016-01-15 00:00:00+00:00,0.0,0.0,15.1,100.0,1.68,TNP_0005,1,2016
2016-01-15 01:00:00+00:00,30.45,30.65,15.99,99.33,1.81,TNP_0005,1,2016
2016-01-15 02:00:00+00:00,226.3,228.77,19.03,82.48,2.14,TNP_0005,1,2016
2016-01-15 03:00:00+00:00,447.38,451.1,22.53,64.14,2.56,TNP_0005,1,2016
2016-01-15 04:00:00+00:00,649.22,651.55,24.93,52.45,2.49,TNP_0005,1,2016
2016-01-15 05:00:00+00:00,793.97,794.25,27.07,44.22,2.38,TNP_0005,1,2016
2016-01-15 06:00:00+00:00,850.5,853.67,28.8,39.49,2.36,TNP_0005,1,2016
2016-01-15 07:00:00+00:00,839.1,847.28,29.75,37.62,2.38,TNP_0005,1,2016
2016-01-15 08:00:00+00:00,759.47,764.7,29.71,37.99,2.47,TNP_0005,1,2016
2016-01-15 09:00:00+00:00,595.62,611.75,29.07,39.58,2.85,TNP_0005,1,2016
2016-01-15 10:00:00+00:00,393.15,407.38,28.02,42.67,3.37,TNP_0005,1,2016
2016-01-15 11:00:00+00:00,177.45,182.73,26.18,52.23,2.97,TNP_0005,1,2016
2016-01-15 12:00:00+00:00,17.1,17.38,23.44,65.35,2.86,TNP_0005,1,2016
2016-01-15 13:00:00+00:00,0.0,0.0,22.08,70.87,3.29,TNP_0005,1,2016
2016-01-15 14:00:00+00:00,0.0,0.0,21.19,75.6,3.54,TNP_0005,1,2016
2016-01-15 15:00:00+00:00,0.0,0.0,20.35,80.26,3.48,TNP_0005,1,2016
2016-01-15 16:00:00+00:00,0.0,0.0,19.48,84.99,2.97,TNP_0005,1,2016
2016-01-15 17:00:00+00:00,0.0,0.0,18.67,89.38,2.45,TNP_0005,1,2016
2016-01-15 18:00:00+00:00,0.0,0.0,17.96,93.34,2.09,TNP_0005,1,2016
2016-01-15 19:00:00+00:00,0.0,0.0,17.42,96.35,2.0,TNP_0005,1,2016
2016-01-15 20:00:00+00:00,0.0,0.0,16.96,98.96,1.94,TNP_0005,1,2016
2016-01-15 21:00:00+00:00,0.0,0.0,16.57,100.0,1.89,TNP_0005,1,2016
2016-01-15 22:00:00+00:00,0.0,0.0,16.32,100.0,1.8,TNP_0005,1,2016
2016-01-15 23:00:00+00:00,0.0,0.0,16.12,100.0,1.73,TNP_0005,1,2016
2016-01-16 00:00:00+00:00,0.0,0.0,15.94,100.0,1.69,TNP_0005,1,2016
2016-01-16 01:00:00+00:00,31.23,31.45,16.89,97.04,1.76,TNP_0005,1,2016
2016-01-16 02:00:00+00:00,221.95,224.43,19.83,81.89,1.81,TNP_0005,1,2016
2016-01-16 03:00:00+00:00,439.4,443.48,23.09,66.11,1.76,TNP_0005,1,2016
2016-01-16 04:00:00+00:00,629.78,640.05,25.81,55.09,1.82,TNP_0005,1,2016
2016-01-16 05:00:00+00:00,764.05,781.35,27.92,47.88,1.84,TNP_0005,1,2016
2016-01-16 06:00:00+00:00,812.35,829.58,29.45,42.96,1.72,TNP_0005,1,2016
2016-01-16 07:00:00+00:00,769.72,825.42,30.48,39.8,1.46,TNP_0005,1,2016
2016-01-16 08:00:00+00:00,696.4,743.38,30.96,38.05,1.14,TNP_0005,1,2016
2016-01-16 09:00:00+00:00,537.65,592.5,30.85,37.6,0.88,TNP_0005,1,2016
2016-01-16 10:00:00+00:00,354.38,390.52,30.27,38.42,1.17,TNP_0005,1,2016
2016-01-16 11:00:00+00:00,163.05,172.7,28.73,45.29,1.75,TNP_0005,1,2016
2016-01-16 12:00:00+00:00,16.65,16.88,25.32,61.75,2.56,TNP_0005,1,2016
2016-01-16 13:00:00+00:00,0.0,0.0,24.05,63.44,3.73,TNP_0005,1,2016
2016-01-16 14:00:00+00:00,0.0,0.0,22.81,70.01,4.22,TNP_0005,1,2016
2016-01-16 15:00:00+00:00,0.0,0.0,21.49,78.01,4.14,TNP_0005,1,2016
2016-01-16 16:00:00+00:00,0.0,0.0,20.6,83.35,3.8,TNP_0005,1,2016
2016-01-16 17:00:00+00:00,0.0,0.0,19.86,87.73,2.9,TNP_0005,1,2016
2016-01-16 18:00:00+00:00,0.0,0.0,19.27,91.0,2.07,TNP_0005,1,2016
2016-01-16 19:00:00+00:00,0.0,0.0,18.88,92.84,1.69,TNP_0005,1,2016
2016-01-16 20:00:00+00:00,0.0,0.0,18.69,93.32,1.52,TNP_0005,1,2016
2016-01-16 21:00:00+00:00,0.0,0.0,18.63,93.06,1.49,TNP_0005,1,2016
2016-01-16 22:00:00+00:00,0.0,0.0,18.43,93.36,1.5,TNP_0005,1,2016
2016-01-16 23:00:00+00:00,0.0,0.0,18.11,93.93,1.49,TNP_0005,1,2016
2016-01-17 00:00:00+00:00,0.0,0.0,17.72,94.94,1.53,TNP_0005,1,2016
2016-01-17 01:00:00+00:00,23.0,28.33,18.25,91.31,1.88,TNP_0005,1,2016
2016-01-17 02:00:00+00:00,167.88,204.02,20.49,78.02,2.17,TNP_0005,1,2016
2016-01-17 03:00:00+00:00,344.92,420.35,23.37,63.87,1.85,TNP_0005,1,2016
2016-01-17 04:00:00+00:00,546.1,616.35,25.43,56.78,1.52,TNP_0005,1,2016
2016-01-17 05:00:00+00:00,699.35,753.3,27.07,51.67,1.34,TNP_0005,1,2016
2016-01-17 06:00:00+00:00,721.47,791.62,28.34,47.59,1.3,TNP_0005,1,2016
2016-01-17 07:00:00+00:00,691.0,778.53,29.19,44.71,1.39,TNP_0005,1,2016
2016-01-17 08:00:00+00:00,575.62,696.15,29.54,43.04,1.62,TNP_0005,1,2016
2016-01-17 09:00:00+00:00,443.25,549.45,29.23,43.1,1.93,TNP_0005,1,2016
2016-01-17 10:00:00+00:00,290.98,355.3,28.42,44.92,2.56,TNP_0005,1,2016
2016-01-17 11:00:00+00:00,138.65,155.8,26.8,52.23,2.91,TNP_0005,1,2016
2016-01-17 12:00:00+00:00,15.27,15.9,24.38,63.05,3.26,TNP_0005,1,2016
2016-01-17 13:00:00+00:00,0.0,0.0,23.09,67.17,4.18,TNP_0005,1,2016
2016-01-17 14:00:00+00:00,0.0,0.0,21.93,71.98,4.38,TNP_0005,1,2016
2016-01-17 15:00:00+00:00,0.0,0.0,20.79,77.07,3.91,TNP_0005,1,2016
2016-01-17 16:00:00+00:00,0.0,0.0,19.87,81.74,2.95,TNP_0005,1,2016
2016-01-17 17:00:00+00:00,0.0,0.0,19.04,86.42,2.03,TNP_0005,1,2016
2016-01-17 18:00:00+00:00,0.0,0.0,18.49,89.2,1.69,TNP_0005,1,2016
2016-01-17 19:00:00+00:00,0.0,0.0,18.08,90.88,1.56,TNP_0005,1,2016
2016-01-17 20:00:00+00:00,0.0,0.0,17.96,91.43,1.49,TNP_0005,1,2016
2016-01-17 21:00:00+00:00,0.0,0.0,17.87,91.91,1.46,TNP_0005,1,2016
2016-01-17 22:00:00+00:00,0.0,0.0,17.61,92.73,1.54,TNP_0005,1,2016
2016-01-17 23:00:00+00:00,0.0,0.0,17.23,94.06,1.69,TNP_0005,1,2016
2016-01-18 00:00:00+00:00,0.0,0.0,16.88,95.74,1.84,TNP_0005,1,2016
2016-01-18 01:00:00+00:00,23.15,23.98,17.81,91.19,2.07,TNP_0005,1,2016
2016-01-18 02:00:00+00:00,170.8,175.7,20.8,76.09,2.46,TNP_0005,1,2016
2016-01-18 03:00:00+00:00,352.67,378.27,24.08,60.88,1.94,TNP_0005,1,2016
2016-01-18 04:00:00+00:00,557.85,576.38,26.76,51.42,1.49,TNP_0005,1,2016
2016-01-18 05:00:00+00:00,695.2,720.38,28.84,45.74,1.31,TNP_0005,1,2016
2016-01-18 06:00:00+00:00,780.15,835.38,30.24,42.04,1.33,TNP_0005,1,2016
2016-01-18 07:00:00+00:00,722.75,819.03,31.13,39.75,1.58,TNP_0005,1,2016
2016-01-18 08:00:00+00:00,649.45,732.97,31.5,38.77,2.0,TNP_0005,1,2016
2016-01-18 09:00:00+00:00,504.65,579.65,31.31,38.98,2.53,TNP_0005,1,2016
2016-01-18 10:00:00+00:00,311.52,376.58,30.52,40.74,3.21,TNP_0005,1,2016
2016-01-18 11:00:00+00:00,138.57,163.7,28.81,46.64,3.79,TNP_0005,1,2016
2016-01-18 12:00:00+00:00,13.88,16.17,26.08,59.55,3.68,TNP_0005,1,2016
2016-01-18 13:00:00+00:00,0.0,0.0,24.72,66.36,4.98,TNP_0005,1,2016
2016-01-18 14:00:00+00:00,0.0,0.0,23.45,73.69,5.07,TNP_0005,1,2016
2016-01-18 15:00:00+00:00,0.0,0.0,22.51,79.0,4.23,TNP_0005,1,2016
2016-01-18 16:00:00+00:00,0.0,0.0,21.83,82.91,3.26,TNP_0005,1,2016
2016-01-18 17:00:00+00:00,0.0,0.0,21.27,85.91,2.51,TNP_0005,1,2016
2016-01-18 18:00:00+00:00,0.0,0.0,20.83,88.3,2.04,TNP_0005,1,2016
2016-01-18 19:00:00+00:00,0.0,0.0,20.51,89.93,1.6,TNP_0005,1,2016
2016-01-18 20:00:00+00:00,0.0,0.0,20.21,91.41,1.32,TNP_0005,1,2016
2016-01-18 21:00:00+00:00,0.0,0.0,19.79,93.57,1.21,TNP_0005,1,2016
2016-01-18 22:00:00+00:00,0.0,0.0,19.41,94.84,1.4,TNP_0005,1,2016
2016-01-18 23:00:00+00:00,0.0,0.0,19.05,95.97,1.56,TNP_0005,1,2016
2016-01-19 00:00:00+00:00,0.0,0.0,18.72,97.32,1.66,TNP_0005,1,2016
2016-01-19 01:00:00+00:00,19.0,27.05,19.58,92.53,1.98,TNP_0005,1,2016
2016-01-19 02:00:00+00:00,139.0,199.88,22.45,77.07,2.25,TNP_0005,1,2016
2016-01-19 03:00:00+00:00,301.35,418.4,25.39,63.29,2.61,TNP_0005,1,2016
2016-01-19 04:00:00+00:00,432.75,618.12,27.57,54.8,2.54,TNP_0005,1,2016
2016-01-19 05:00:00+00:00,533.3,761.2,29.48,48.63,2.44,TNP_0005,1,2016
2016-01-19 06:00:00+00:00,606.67,791.88,30.86,44.87,2.42,TNP_0005,1,2016
2016-01-19 07:00:00+00:00,594.95,790.53,31.73,42.71,2.47,TNP_0005,1,2016
2016-01-19 08:00:00+00:00,536.28,711.75,32.05,41.76,2.58,TNP_0005,1,2016
2016-01-19 09:00:00+00:00,407.88,566.03,31.84,41.91,2.71,TNP_0005,1,2016
2016-01-19 10:00:00+00:00,265.3,371.5,31.05,43.56,2.96,TNP_0005,1,2016
2016-01-19 11:00:00+00:00,118.5,163.1,29.55,48.47,3.23,TNP_0005,1,2016
2016-01-19 12:00:00+00:00,14.9,17.0,26.76,63.46,2.57,TNP_0005,1,2016
2016-01-19 13:00:00+00:00,0.0,0.0,25.46,68.98,3.42,TNP_0005,1,2016
2016-01-19 14:00:00+00:00,0.0,0.0,24.56,73.92,4.05,TNP_0005,1,2016
2016-01-19 15:00:00+00:00,0.0,0.0,23.58,79.57,3.97,TNP_0005,1,2016
2016-01-19 16:00:00+00:00,0.0,0.0,22.68,84.72,3.26,TNP_0005,1,2016
2016-01-19 17:00:00+00:00,0.0,0.0,21.91,89.18,2.33,TNP_0005,1,2016
2016-01-19 18:00:00+00:00,0.0,0.0,21.31,92.42,1.71,TNP_0005,1,2016
2016-01-19 19:00:00+00:00,0.0,0.0,20.85,94.7,1.37,TNP_0005,1,2016
2016-01-19 20:00:00+00:00,0.0,0.0,20.71,95.08,1.31,TNP_0005,1,2016
2016-01-19 21:00:00+00:00,0.0,0.0,20.63,94.83,1.38,TNP_0005,1,2016
2016-01-19 22:00:00+00:00,0.0,0.0,20.53,94.6,1.51,TNP_0005,1,2016
2016-01-19 23:00:00+00:00,0.0,0.0,20.4,94.71,1.62,TNP_0005,1,2016
2016-01-20 00:00:00+00:00,0.0,0.0,20.34,94.69,1.75,TNP_0005,1,2016
2016-01-20 01:00:00+00:00,21.4,25.98,20.92,91.22,2.49,TNP_0005,1,2016
2016-01-20 02:00:00+00:00,139.68,193.1,22.83,79.87,3.41,TNP_0005,1,2016
2016-01-20 03:00:00+00:00,295.95,406.02,24.83,69.38,3.7,TNP_0005,1,2016
2016-01-20 04:00:00+00:00,391.3,594.72,26.69,61.64,3.38,TNP_0005,1,2016
2016-01-20 05:00:00+00:00,473.58,703.83,28.67,54.54,2.94,TNP_0005,1,2016
2016-01-20 06:00:00+00:00,462.1,670.3,30.35,49.12,2.47,TNP_0005,1,2016
2016-01-20 07:00:00+00:00,452.38,670.62,31.54,45.32,2.16,TNP_0005,1,2016
2016-01-20 08:00:00+00:00,423.15,589.5,32.03,43.5,2.09,TNP_0005,1,2016
2016-01-20 09:00:00+00:00,340.85,447.25,31.98,43.1,2.1,TNP_0005,1,2016
2016-01-20 10:00:00+00:00,224.95,275.15,31.37,44.24,2.19,TNP_0005,1,2016
2016-01-20 11:00:00+00:00,98.65,113.32,29.93,48.94,2.38,TNP_0005,1,2016
2016-01-20 12:00:00+00:00,11.43,12.9,27.26,65.73,2.06,TNP_0005,1,2016
2016-01-20 13:00:00+00:00,0.0,0.0,26.03,69.75,2.68,TNP_0005,1,2016
2016-01-20 14:00:00+00:00,0.0,0.0,25.29,73.03,3.3,TNP_0005,1,2016
2016-01-20 15:00:00+00:00,0.0,0.0,24.4,78.1,3.32,TNP_0005,1,2016
2016-01-20 16:00:00+00:00,0.0,0.0,23.63,82.31,2.93,TNP_0005,1,2016
2016-01-20 17:00:00+00:00,0.0,0.0,23.01,85.54,2.53,TNP_0005,1,2016
2016-01-20 18:00:00+00:00,0.0,0.0,22.5,88.18,2.22,TNP_0005,1,2016
2016-01-20 19:00:00+00:00,0.0,0.0,22.1,90.06,2.04,TNP_0005,1,2016
2016-01-20 20:00:00+00:00,0.0,0.0,21.8,91.01,2.03,TNP_0005,1,2016
2016-01-20 21:00:00+00:00,0.0,0.0,21.5,92.26,1.77,TNP_0005,1,2016
2016-01-20 22:00:00+00:00,0.0,0.0,21.25,93.29,1.52,TNP_0005,1,2016
2016-01-20 23:00:00+00:00,0.0,0.0,21.05,94.01,1.41,TNP_0005,1,2016
2016-01-21 00:00:00+00:00,0.0,0.0,20.88,94.53,1.39,TNP_0005,1,2016
2016-01-21 01:00:00+00:00,16.45,21.05,21.47,91.27,1.84,TNP_0005,1,2016
2016-01-21 02:00:00+00:00,108.43,149.88,23.59,79.2,2.43,TNP_0005,1,2016
2016-01-21 03:00:00+00:00,219.73,329.73,26.0,67.38,2.65,TNP_0005,1,2016
2016-01-21 04:00:00+00:00,326.1,487.52,28.01,59.81,2.58,TNP_0005,1,2016
2016-01-21 05:00:00+00:00,414.85,639.58,29.86,53.67,2.37,TNP_0005,1,2016
2016-01-21 06:00:00+00:00,497.48,748.75,31.29,49.11,2.16,TNP_0005,1,2016
2016-01-21 07:00:00+00:00,482.2,738.0,32.26,45.99,2.06,TNP_0005,1,2016
2016-01-21 08:00:00+00:00,424.9,672.67,32.65,44.46,2.1,TNP_0005,1,2016
2016-01-21 09:00:00+00:00,422.88,538.1,32.52,44.28,2.41,TNP_0005,1,2016
2016-01-21 10:00:00+00:00,250.8,341.55,31.71,46.12,3.17,TNP_0005,1,2016
2016-01-21 11:00:00+00:00,119.1,148.05,30.22,51.27,4.04,TNP_0005,1,2016
2016-01-21 12:00:00+00:00,14.8,16.77,27.76,62.8,3.83,TNP_0005,1,2016
2016-01-21 13:00:00+00:00,0.0,0.0,26.29,69.8,4.85,TNP_0005,1,2016
2016-01-21 14:00:00+00:00,0.0,0.0,25.01,76.77,4.78,TNP_0005,1,2016
2016-01-21 15:00:00+00:00,0.0,0.0,23.96,82.53,4.12,TNP_0005,1,2016
2016-01-21 16:00:00+00:00,0.0,0.0,23.24,86.36,3.37,TNP_0005,1,2016
2016-01-21 17:00:00+00:00,0.0,0.0,22.65,89.35,2.71,TNP_0005,1,2016
2016-01-21 18:00:00+00:00,0.0,0.0,22.16,91.43,2.38,TNP_0005,1,2016
2016-01-21 19:00:00+00:00,0.0,0.0,21.76,92.4,2.23,TNP_0005,1,2016
2016-01-21 20:00:00+00:00,0.0,0.0,21.44,93.39,1.92,TNP_0005,1,2016
2016-01-21 21:00:00+00:00,0.0,0.0,21.16,94.13,1.76,TNP_0005,1,2016
2016-01-21 22:00:00+00:00,0.0,0.0,20.9,94.5,1.75,TNP_0005,1,2016
2016-01-21 23:00:00+00:00,0.0,0.0,20.63,95.27,1.57,TNP_0005,1,2016
2016-01-22 00:00:00+00:00,0.0,0.0,20.42,95.64,1.56,TNP_0005,1,2016
2016-01-22 01:00:00+00:00,17.33,21.55,20.79,93.53,1.99,TNP_0005,1,2016
2016-01-22 02:00:00+00:00,135.7,154.32,22.02,87.24,2.82,TNP_0005,1,2016
2016-01-22 03:00:00+00:00,313.23,368.15,24.03,74.97,3.38,TNP_0005,1,2016
2016-01-22 04:00:00+00:00,505.67,563.5,26.53,57.82,3.56,TNP_0005,1,2016
2016-01-22 05:00:00+00:00,553.2,707.65,28.69,46.04,3.52,TNP_0005,1,2016
2016-01-22 06:00:00+00:00,638.15,710.7,30.23,39.95,3.42,TNP_0005,1,2016
2016-01-22 07:00:00+00:00,580.75,710.53,31.35,37.56,3.34,TNP_0005,1,2016
2016-01-22 08:00:00+00:00,544.55,625.4,31.82,37.37,3.4,TNP_0005,1,2016
2016-01-22 09:00:00+00:00,401.1,487.15,31.51,38.8,3.71,TNP_0005,1,2016
2016-01-22 10:00:00+00:00,289.4,339.98,30.71,41.37,4.18,TNP_0005,1,2016
2016-01-22 11:00:00+00:00,122.6,151.45,29.25,46.71,4.38,TNP_0005,1,2016
2016-01-22 12:00:00+00:00,13.43,17.8,26.35,60.59,3.4,TNP_0005,1,2016
2016-01-22 13:00:00+00:00,0.0,0.0,24.86,68.33,3.91,TNP_0005,1,2016
2016-01-22 14:00:00+00:00,0.0,0.0,23.92,74.77,4.08,TNP_0005,1,2016
2016-01-22 15:00:00+00:00,0.0,0.0,23.05,81.18,3.77,TNP_0005,1,2016
2016-01-22 16:00:00+00:00,0.0,0.0,22.36,86.1,3.29,TNP_0005,1,2016
2016-01-22 17:00:00+00:00,0.0,0.0,21.76,89.88,2.76,TNP_0005,1,2016
2016-01-22 18:00:00+00:00,0.0,0.0,21.32,92.29,2.41,TNP_0005,1,2016
2016-01-22 19:00:00+00:00,0.0,0.0,20.94,93.96,2.21,TNP_0005,1,2016
2016-01-22 20:00:00+00:00,0.0,0.0,20.55,95.42,2.01,TNP_0005,1,2016
2016-01-22 21:00:00+00:00,0.0,0.0,20.16,96.71,1.92,TNP_0005,1,2016
2016-01-22 22:00:00+00:00,0.0,0.0,19.79,98.02,1.9,TNP_0005,1,2016
2016-01-22 23:00:00+00:00,0.0,0.0,19.5,99.11,1.89,TNP_0005,1,2016
2016-01-23 00:00:00+00:00,0.0,0.0,19.28,99.93,1.86,TNP_0005,1,2016
2016-01-23 01:00:00+00:00,20.52,23.38,20.22,94.93,2.28,TNP_0005,1,2016
2016-01-23 02:00:00+00:00,137.38,177.48,22.87,83.23,3.25,TNP_0005,1,2016
2016-01-23 03:00:00+00:00,285.9,389.75,25.93,68.14,4.14,TNP_0005,1,2016
2016-01-23 04:00:00+00:00,389.05,567.5,28.35,57.23,4.2,TNP_0005,1,2016
2016-01-23 05:00:00+00:00,439.05,699.4,30.34,50.22,4.16,TNP_0005,1,2016
2016-01-23 06:00:00+00:00,562.0,835.35,31.84,45.6,4.12,TNP_0005,1,2016
2016-01-23 07:00:00+00:00,633.45,826.42,32.8,42.86,4.12,TNP_0005,1,2016
2016-01-23 08:00:00+00:00,518.97,740.28,33.15,41.79,4.19,TNP_0005,1,2016
2016-01-23 09:00:00+00:00,444.77,590.9,32.63,43.09,4.51,TNP_0005,1,2016
2016-01-23 10:00:00+00:00,294.55,389.1,31.36,47.3,4.89,TNP_0005,1,2016
2016-01-23 11:00:00+00:00,144.07,172.05,29.56,54.58,5.14,TNP_0005,1,2016
2016-01-23 12:00:00+00:00,19.33,20.45,27.28,65.77,4.53,TNP_0005,1,2016
2016-01-23 13:00:00+00:00,0.0,0.0,25.79,74.41,4.82,TNP_0005,1,2016
2016-01-23 14:00:00+00:00,0.0,0.0,24.75,80.73,4.99,TNP_0005,1,2016
2016-01-23 15:00:00+00:00,0.0,0.0,23.99,84.88,4.76,TNP_0005,1,2016
2016-01-23 16:00:00+00:00,0.0,0.0,23.44,87.12,4.2,TNP_0005,1,2016
2016-01-23 17:00:00+00:00,0.0,0.0,23.0,88.25,3.85,TNP_0005,1,2016
2016-01-23 18:00:00+00:00,0.0,0.0,22.62,88.97,3.56,TNP_0005,1,2016
2016-01-23 19:00:00+00:00,0.0,0.0,22.28,89.55,3.32,TNP_0005,1,2016
2016-01-23 20:00:00+00:00,0.0,0.0,21.87,90.81,2.85,TNP_0005,1,2016
2016-01-23 21:00:00+00:00,0.0,0.0,21.37,92.68,2.25,TNP_0005,1,2016
2016-01-23 22:00:00+00:00,0.0,0.0,21.0,93.7,2.14,TNP_0005,1,2016
2016-01-23 23:00:00+00:00,0.0,0.0,20.77,93.68,2.12,TNP_0005,1,2016
2016-01-24 00:00:00+00:00,0.0,0.0,20.56,93.77,2.02,TNP_0005,1,2016
2016-01-24 01:00:00+00:00,25.05,26.8,21.25,89.28,2.75,TNP_0005,1,2016
2016-01-24 02:00:00+00:00,179.85,210.43,23.69,77.53,3.97,TNP_0005,1,2016
2016-01-24 03:00:00+00:00,359.9,439.08,26.28,66.21,4.48,TNP_0005,1,2016
2016-01-24 04:00:00+00:00,492.1,640.1,28.55,57.24,4.22,TNP_0005,1,2016
2016-01-24 05:00:00+00:00,575.88,779.92,30.44,50.43,3.92,TNP_0005,1,2016
2016-01-24 06:00:00+00:00,537.45,820.97,31.69,46.11,3.69,TNP_0005,1,2016
2016-01-24 07:00:00+00:00,521.03,820.15,32.43,43.55,3.55,TNP_0005,1,2016
2016-01-24 08:00:00+00:00,499.92,735.58,32.67,42.6,3.48,TNP_0005,1,2016
2016-01-24 09:00:00+00:00,386.48,588.03,32.47,42.98,3.42,TNP_0005,1,2016
2016-01-24 10:00:00+00:00,238.32,381.12,31.87,44.46,3.4,TNP_0005,1,2016
2016-01-24 11:00:00+00:00,111.57,167.07,30.39,49.08,3.62,TNP_0005,1,2016
2016-01-24 12:00:00+00:00,14.05,19.5,27.76,61.92,2.91,TNP_0005,1,2016
2016-01-24 13:00:00+00:00,0.0,0.0,26.48,67.89,4.0,TNP_0005,1,2016
2016-01-24 14:00:00+00:00,0.0,0.0,25.44,74.18,4.61,TNP_0005,1,2016
2016-01-24 15:00:00+00:00,0.0,0.0,24.33,81.44,4.24,TNP_0005,1,2016
2016-01-24 16:00:00+00:00,0.0,0.0,23.45,86.62,3.72,TNP_0005,1,2016
2016-01-24 17:00:00+00:00,0.0,0.0,22.82,89.72,3.05,TNP_0005,1,2016
2016-01-24 18:00:00+00:00,0.0,0.0,22.34,91.8,2.46,TNP_0005,1,2016
2016-01-24 19:00:00+00:00,0.0,0.0,21.93,93.24,2.12,TNP_0005,1,2016
2016-01-24 20:00:00+00:00,0.0,0.0,21.72,92.84,2.58,TNP_0005,1,2016
2016-01-24 21:00:00+00:00,0.0,0.0,21.62,91.76,2.92,TNP_0005,1,2016
2016-01-24 22:00:00+00:00,0.0,0.0,21.42,91.93,2.63,TNP_0005,1,2016
2016-01-24 23:00:00+00:00,0.0,0.0,21.18,92.49,2.26,TNP_0005,1,2016
2016-01-25 00:00:00+00:00,0.0,0.0,20.91,93.37,1.93,TNP_0005,1,2016
2016-01-25 01:00:00+00:00,26.35,29.38,21.55,89.32,2.54,TNP_0005,1,2016
2016-01-25 02:00:00+00:00,191.7,218.48,23.7,76.46,3.19,TNP_0005,1,2016
2016-01-25 03:00:00+00:00,397.12,445.85,26.07,64.81,3.15,TNP_0005,1,2016
2016-01-25 04:00:00+00:00,575.47,644.95,28.52,55.44,3.06,TNP_0005,1,2016
2016-01-25 05:00:00+00:00,684.12,786.5,30.43,49.01,2.84,TNP_0005,1,2016
2016-01-25 06:00:00+00:00,728.78,847.4,31.75,44.89,2.65,TNP_0005,1,2016
2016-01-25 07:00:00+00:00,707.7,840.75,32.66,42.07,2.56,TNP_0005,1,2016
2016-01-25 08:00:00+00:00,559.05,757.42,33.04,40.69,2.59,TNP_0005,1,2016
2016-01-25 09:00:00+00:00,436.35,603.1,32.83,40.8,2.8,TNP_0005,1,2016
2016-01-25 10:00:00+00:00,276.35,393.58,32.05,42.53,3.35,TNP_0005,1,2016
2016-01-25 11:00:00+00:00,140.5,178.15,30.56,46.82,4.04,TNP_0005,1,2016
2016-01-25 12:00:00+00:00,19.12,20.83,28.05,57.22,3.68,TNP_0005,1,2016
2016-01-25 13:00:00+00:00,0.0,0.0,26.56,63.76,4.76,TNP_0005,1,2016
2016-01-25 14:00:00+00:00,0.0,0.0,25.28,70.83,4.65,TNP_0005,1,2016
2016-01-25 15:00:00+00:00,0.0,0.0,24.22,77.05,3.95,TNP_0005,1,2016
2016-01-25 16:00:00+00:00,0.0,0.0,23.53,81.08,3.27,TNP_0005,1,2016
2016-01-25 17:00:00+00:00,0.0,0.0,23.01,83.75,2.89,TNP_0005,1,2016
2016-01-25 18:00:00+00:00,0.0,0.0,22.7,85.41,2.61,TNP_0005,1,2016
2016-01-25 19:00:00+00:00,0.0,0.0,22.53,85.72,2.54,TNP_0005,1,2016
2016-01-25 20:00:00+00:00,0.0,0.0,22.33,86.42,2.2,TNP_0005,1,2016
2016-01-25 21:00:00+00:00,0.0,0.0,22.14,87.27,1.96,TNP_0005,1,2016
2016-01-25 22:00:00+00:00,0.0,0.0,21.98,88.14,1.75,TNP_0005,1,2016
2016-01-25 23:00:00+00:00,0.0,0.0,21.87,88.9,1.58,TNP_0005,1,2016
2016-01-26 00:00:00+00:00,0.0,0.0,21.78,89.59,1.45,TNP_0005,1,2016
2016-01-26 01:00:00+00:00,22.42,24.33,22.01,88.08,1.81,TNP_0005,1,2016
2016-01-26 02:00:00+00:00,156.43,166.88,23.26,79.12,2.49,TNP_0005,1,2016
2016-01-26 03:00:00+00:00,370.73,372.9,25.36,64.92,2.72,TNP_0005,1,2016
2016-01-26 04:00:00+00:00,515.9,544.67,28.05,51.1,2.68,TNP_0005,1,2016
2016-01-26 05:00:00+00:00,646.58,673.95,30.47,43.04,2.52,TNP_0005,1,2016
2016-01-26 06:00:00+00:00,766.97,849.25,31.85,39.53,2.34,TNP_0005,1,2016
2016-01-26 07:00:00+00:00,730.05,845.08,32.61,37.91,2.26,TNP_0005,1,2016
2016-01-26 08:00:00+00:00,637.72,756.88,33.07,36.99,2.21,TNP_0005,1,2016
2016-01-26 09:00:00+00:00,504.17,618.58,32.68,37.81,2.26,TNP_0005,1,2016
2016-01-26 10:00:00+00:00,334.4,420.12,32.19,38.93,2.63,TNP_0005,1,2016
2016-01-26 11:00:00+00:00,166.27,198.38,30.73,43.12,3.09,TNP_0005,1,2016
2016-01-26 12:00:00+00:00,21.95,23.6,27.88,56.34,2.77,TNP_0005,1,2016
2016-01-26 13:00:00+00:00,0.0,0.0,26.38,61.31,4.05,TNP_0005,1,2016
2016-01-26 14:00:00+00:00,0.0,0.0,25.13,67.88,4.74,TNP_0005,1,2016
2016-01-26 15:00:00+00:00,0.0,0.0,23.9,75.63,4.26,TNP_0005,1,2016
2016-01-26 16:00:00+00:00,0.0,0.0,23.0,81.49,3.72,TNP_0005,1,2016
2016-01-26 17:00:00+00:00,0.0,0.0,22.32,85.74,2.95,TNP_0005,1,2016
2016-01-26 18:00:00+00:00,0.0,0.0,21.81,88.3,2.58,TNP_0005,1,2016
2016-01-26 19:00:00+00:00,0.0,0.0,21.52,89.1,2.35,TNP_0005,1,2016
2016-01-26 20:00:00+00:00,0.0,0.0,21.19,90.19,1.97,TNP_0005,1,2016
2016-01-26 21:00:00+00:00,0.0,0.0,20.79,92.28,1.61,TNP_0005,1,2016
2016-01-26 22:00:00+00:00,0.0,0.0,20.45,93.84,1.47,TNP_0005,1,2016
2016-01-26 23:00:00+00:00,0.0,0.0,20.12,95.29,1.44,TNP_0005,1,2016
2016-01-27 00:00:00+00:00,0.0,0.0,19.81,96.41,1.51,TNP_0005,1,2016
2016-01-27 01:00:00+00:00,22.75,26.73,20.6,91.32,1.97,TNP_0005,1,2016
2016-01-27 02:00:00+00:00,168.2,198.35,23.07,75.75,2.37,TNP_0005,1,2016
2016-01-27 03:00:00+00:00,362.67,419.27,25.91,61.26,2.14,TNP_0005,1,2016
2016-01-27 04:00:00+00:00,522.38,616.78,28.58,51.57,2.03,TNP_0005,1,2016
2016-01-27 05:00:00+00:00,615.1,754.38,30.65,45.21,2.07,TNP_0005,1,2016
2016-01-27 06:00:00+00:00,759.88,854.92,32.03,40.7,2.27,TNP_0005,1,2016
2016-01-27 07:00:00+00:00,765.65,868.65,32.95,37.33,2.47,TNP_0005,1,2016
2016-01-27 08:00:00+00:00,695.6,802.88,33.39,35.46,2.66,TNP_0005,1,2016
2016-01-27 09:00:00+00:00,579.35,657.0,33.24,34.91,2.87,TNP_0005,1,2016
2016-01-27 10:00:00+00:00,382.55,454.23,32.68,35.23,3.18,TNP_0005,1,2016
2016-01-27 11:00:00+00:00,183.48,222.18,31.26,38.84,3.48,TNP_0005,1,2016
2016-01-27 12:00:00+00:00,23.35,27.67,27.94,52.01,3.19,TNP_0005,1,2016
2016-01-27 13:00:00+00:00,0.0,0.0,26.52,56.85,4.63,TNP_0005,1,2016
2016-01-27 14:00:00+00:00,0.0,0.0,25.09,64.52,5.08,TNP_0005,1,2016
2016-01-27 15:00:00+00:00,0.0,0.0,23.77,72.0,4.69,TNP_0005,1,2016
2016-01-27 16:00:00+00:00,0.0,0.0,22.82,77.3,3.98,TNP_0005,1,2016
2016-01-27 17:00:00+00:00,0.0,0.0,22.06,81.61,3.07,TNP_0005,1,2016
2016-01-27 18:00:00+00:00,0.0,0.0,21.43,85.16,2.28,TNP_0005,1,2016
2016-01-27 19:00:00+00:00,0.0,0.0,20.89,87.98,1.62,TNP_0005,1,2016
2016-01-27 20:00:00+00:00,0.0,0.0,20.42,90.25,1.29,TNP_0005,1,2016
2016-01-27 21:00:00+00:00,0.0,0.0,20.05,91.89,1.29,TNP_0005,1,2016
2016-01-27 22:00:00+00:00,0.0,0.0,19.68,93.61,1.43,TNP_0005,1,2016
2016-01-27 23:00:00+00:00,0.0,0.0,19.33,95.37,1.54,TNP_0005,1,2016
2016-01-28 00:00:00+00:00,0.0,0.0,19.03,96.83,1.55,TNP_0005,1,2016
2016-01-28 01:00:00+00:00,28.5,29.98,19.87,91.87,1.7,TNP_0005,1,2016
2016-01-28 02:00:00+00:00,212.07,221.15,22.82,74.35,1.63,TNP_0005,1,2016
2016-01-28 03:00:00+00:00,433.58,451.83,26.1,57.19,1.96,TNP_0005,1,2016
2016-01-28 04:00:00+00:00,645.65,655.6,28.84,45.39,2.39,TNP_0005,1,2016
2016-01-28 05:00:00+00:00,804.08,804.25,30.96,37.79,2.67,TNP_0005,1,2016
2016-01-28 06:00:00+00:00,876.55,877.6,32.57,32.55,2.87,TNP_0005,1,2016
2016-01-28 07:00:00+00:00,877.75,879.65,33.57,29.18,3.07,TNP_0005,1,2016
2016-01-28 08:00:00+00:00,802.25,802.5,34.01,27.15,3.29,TNP_0005,1,2016
2016-01-28 09:00:00+00:00,646.62,654.4,33.81,26.46,3.43,TNP_0005,1,2016
2016-01-28 10:00:00+00:00,442.95,450.2,32.99,26.99,3.58,TNP_0005,1,2016
2016-01-28 11:00:00+00:00,216.15,218.52,31.28,30.62,3.5,TNP_0005,1,2016
2016-01-28 12:00:00+00:00,26.9,27.38,26.89,46.93,2.77,TNP_0005,1,2016
2016-01-28 13:00:00+00:00,0.0,0.0,25.03,51.82,3.35,TNP_0005,1,2016
2016-01-28 14:00:00+00:00,0.0,0.0,24.09,56.85,3.9,TNP_0005,1,2016
2016-01-28 15:00:00+00:00,0.0,0.0,22.95,64.89,3.83,TNP_0005,1,2016
2016-01-28 16:00:00+00:00,0.0,0.0,21.8,73.6,2.98,TNP_0005,1,2016
2016-01-28 17:00:00+00:00,0.0,0.0,20.84,80.7,2.25,TNP_0005,1,2016
2016-01-28 18:00:00+00:00,0.0,0.0,20.1,85.82,1.82,TNP_0005,1,2016
2016-01-28 19:00:00+00:00,0.0,0.0,19.63,88.99,1.52,TNP_0005,1,2016
2016-01-28 20:00:00+00:00,0.0,0.0,19.33,90.96,1.24,TNP_0005,1,2016
2016-01-28 21:00:00+00:00,0.0,0.0,18.92,93.14,1.26,TNP_0005,1,2016
2016-01-28 22:00:00+00:00,0.0,0.0,18.5,94.97,1.42,TNP_0005,1,2016
2016-01-28 23:00:00+00:00,0.0,0.0,18.15,96.31,1.51,TNP_0005,1,2016
2016-01-29 00:00:00+00:00,0.0,0.0,17.83,97.45,1.56,TNP_0005,1,2016
2016-01-29 01:00:00+00:00,29.9,30.55,18.78,91.31,1.68,TNP_0005,1,2016
2016-01-29 02:00:00+00:00,219.12,223.75,22.2,73.31,1.33,TNP_0005,1,2016
2016-01-29 03:00:00+00:00,444.75,457.38,26.13,52.67,1.7,TNP_0005,1,2016
2016-01-29 04:00:00+00:00,659.3,663.72,29.12,39.28,2.7,TNP_0005,1,2016
2016-01-29 05:00:00+00:00,812.67,812.7,31.41,31.07,3.66,TNP_0005,1,2016
2016-01-29 06:00:00+00:00,878.35,879.9,33.05,25.94,4.39,TNP_0005,1,2016
2016-01-29 07:00:00+00:00,871.97,881.38,34.11,22.81,4.93,TNP_0005,1,2016
2016-01-29 08:00:00+00:00,794.28,803.45,34.42,21.57,5.37,TNP_0005,1,2016
2016-01-29 09:00:00+00:00,641.83,654.47,33.94,21.96,5.64,TNP_0005,1,2016
2016-01-29 10:00:00+00:00,447.8,449.0,32.72,24.2,5.82,TNP_0005,1,2016
2016-01-29 11:00:00+00:00,222.65,223.93,30.62,29.43,5.59,TNP_0005,1,2016
2016-01-29 12:00:00+00:00,28.42,28.55,26.67,42.86,4.02,TNP_0005,1,2016
2016-01-29 13:00:00+00:00,0.0,0.0,24.59,52.71,4.08,TNP_0005,1,2016
2016-01-29 14:00:00+00:00,0.0,0.0,23.37,60.94,3.87,TNP_0005,1,2016
2016-01-29 15:00:00+00:00,0.0,0.0,22.24,69.41,3.26,TNP_0005,1,2016
2016-01-29 16:00:00+00:00,0.0,0.0,21.28,76.92,2.72,TNP_0005,1,2016
2016-01-29 17:00:00+00:00,0.0,0.0,20.41,83.8,2.27,TNP_0005,1,2016
2016-01-29 18:00:00+00:00,0.0,0.0,19.64,90.02,1.97,TNP_0005,1,2016
2016-01-29 19:00:00+00:00,0.0,0.0,19.03,95.07,1.78,TNP_0005,1,2016
2016-01-29 20:00:00+00:00,0.0,0.0,18.61,98.33,1.64,TNP_0005,1,2016
2016-01-29 21:00:00+00:00,0.0,0.0,18.25,100.0,1.69,TNP_0005,1,2016
2016-01-29 22:00:00+00:00,0.0,0.0,17.93,100.0,1.8,TNP_0005,1,2016
2016-01-29 23:00:00+00:00,0.0,0.0,17.7,100.0,1.82,TNP_0005,1,2016
2016-01-30 00:00:00+00:00,0.0,0.0,17.56,100.0,1.74,TNP_0005,1,2016
2016-01-30 01:00:00+00:00,30.5,30.58,18.86,95.5,1.75,TNP_0005,1,2016
2016-01-30 02:00:00+00:00,231.3,234.65,21.78,78.86,2.1,TNP_0005,1,2016
2016-01-30 03:00:00+00:00,467.08,478.5,24.88,58.18,2.61,TNP_0005,1,2016
2016-01-30 04:00:00+00:00,686.15,688.0,27.91,41.57,3.27,TNP_0005,1,2016
2016-01-30 05:00:00+00:00,837.25,838.62,30.18,33.3,3.71,TNP_0005,1,2016
2016-01-30 06:00:00+00:00,883.0,883.15,31.89,28.55,4.03,TNP_0005,1,2016
2016-01-30 07:00:00+00:00,884.85,886.0,33.05,25.78,4.29,TNP_0005,1,2016
2016-01-30 08:00:00+00:00,787.72,809.55,33.55,24.59,4.49,TNP_0005,1,2016
2016-01-30 09:00:00+00:00,654.47,660.5,33.41,24.52,4.68,TNP_0005,1,2016
2016-01-30 10:00:00+00:00,454.48,454.88,32.52,25.94,4.91,TNP_0005,1,2016
2016-01-30 11:00:00+00:00,218.0,222.38,30.59,30.54,4.65,TNP_0005,1,2016
2016-01-30 12:00:00+00:00,28.25,28.85,26.34,45.92,3.11,TNP_0005,1,2016
2016-01-30 13:00:00+00:00,0.0,0.0,24.27,54.76,3.36,TNP_0005,1,2016
2016-01-30 14:00:00+00:00,0.0,0.0,23.17,61.64,3.45,TNP_0005,1,2016
2016-01-30 15:00:00+00:00,0.0,0.0,21.96,69.74,2.9,TNP_0005,1,2016
2016-01-30 16:00:00+00:00,0.0,0.0,20.98,76.51,2.46,TNP_0005,1,2016
2016-01-30 17:00:00+00:00,0.0,0.0,20.2,82.09,2.19,TNP_0005,1,2016
2016-01-30 18:00:00+00:00,0.0,0.0,19.52,87.35,2.01,TNP_0005,1,2016
2016-01-30 19:00:00+00:00,0.0,0.0,18.94,92.06,1.85,TNP_0005,1,2016
2016-01-30 20:00:00+00:00,0.0,0.0,18.52,95.31,1.67,TNP_0005,1,2016
2016-01-30 21:00:00+00:00,0.0,0.0,18.13,97.91,1.62,TNP_0005,1,2016
2016-01-30 22:00:00+00:00,0.0,0.0,17.65,100.0,1.68,TNP_0005,1,2016
2016-01-30 23:00:00+00:00,0.0,0.0,17.32,100.0,1.77,TNP_0005,1,2016
2016-01-31 00:00:00+00:00,0.0,0.0,17.1,100.0,1.85,TNP_0005,1,2016
2016-01-31 01:00:00+00:00,30.42,31.8,18.4,94.87,2.24,TNP_0005,1,2016
2016-01-31 02:00:00+00:00,224.23,240.7,21.55,79.69,2.73,TNP_0005,1,2016
2016-01-31 03:00:00+00:00,457.77,488.27,25.09,59.65,3.44,TNP_0005,1,2016
2016-01-31 04:00:00+00:00,681.7,700.88,28.21,43.3,4.14,TNP_0005,1,2016
2016-01-31 05:00:00+00:00,836.6,852.33,30.71,33.33,4.73,TNP_0005,1,2016
2016-01-31 06:00:00+00:00,900.28,902.38,32.5,27.81,5.19,TNP_0005,1,2016
2016-01-31 07:00:00+00:00,893.15,905.03,33.5,25.2,5.52,TNP_0005,1,2016
2016-01-31 08:00:00+00:00,815.62,827.75,33.72,24.45,5.82,TNP_0005,1,2016
2016-01-31 09:00:00+00:00,643.67,677.22,33.29,24.91,6.13,TNP_0005,1,2016
2016-01-31 10:00:00+00:00,437.9,469.75,32.08,27.22,6.29,TNP_0005,1,2016
2016-01-31 11:00:00+00:00,212.75,232.88,30.02,32.34,5.83,TNP_0005,1,2016
2016-01-31 12:00:00+00:00,28.6,31.15,26.39,45.04,3.85,TNP_0005,1,2016
2016-01-31 13:00:00+00:00,0.0,0.0,24.26,55.6,3.35,TNP_0005,1,2016
2016-01-31 14:00:00+00:00,0.0,0.0,23.0,63.65,2.96,TNP_0005,1,2016
2016-01-31 15:00:00+00:00,0.0,0.0,21.71,71.7,2.59,TNP_0005,1,2016
2016-01-31 16:00:00+00:00,0.0,0.0,20.55,79.05,2.4,TNP_0005,1,2016
2016-01-31 17:00:00+00:00,0.0,0.0,19.58,85.89,2.27,TNP_0005,1,2016
2016-01-31 18:00:00+00:00,0.0,0.0,18.76,92.28,2.17,TNP_0005,1,2016
2016-01-31 19:00:00+00:00,0.0,0.0,18.07,97.4,2.04,TNP_0005,1,2016
2016-01-31 20:00:00+00:00,0.0,0.0,17.5,100.0,1.97,TNP_0005,1,2016
2016-01-31 21:00:00+00:00,0.0,0.0,17.05,100.0,1.84,TNP_0005,1,2016
2016-01-31 22:00:00+00:00,0.0,0.0,16.71,100.0,1.71,TNP_0005,1,2016
2016-01-31 23:00:00+00:00,0.0,0.0,16.43,100.0,1.66,TNP_0005,1,2016
2016-02-01 00:00:00+00:00,0.0,0.0,16.11,100.0,1.72,TNP_0005,1,2016
2016-02-01 01:00:00+00:00,33.15,39.17,17.22,96.75,1.99,TNP_0005,1,2016
2016-02-01 02:00:00+00:00,227.2,265.55,20.54,78.3,1.77,TNP_0005,1,2016
2016-02-01 03:00:00+00:00,454.98,512.88,24.69,52.45,1.65,TNP_0005,1,2016
2016-02-01 04:00:00+00:00,623.45,723.17,27.87,36.16,2.48,TNP_0005,1,2016
2016-02-01 05:00:00+00:00,794.17,874.25,30.6,25.58,3.21,TNP_0005,1,2016
2016-02-01 06:00:00+00:00,859.45,927.85,32.57,20.11,3.83,TNP_0005,1,2016
2016-02-01 07:00:00+00:00,874.62,930.53,33.76,17.54,4.32,TNP_0005,1,2016
2016-02-01 08:00:00+00:00,777.9,851.62,34.13,16.73,4.72,TNP_0005,1,2016
2016-02-01 09:00:00+00:00,567.2,700.97,33.75,17.16,4.97,TNP_0005,1,2016
2016-02-01 10:00:00+00:00,347.83,492.73,32.64,18.89,5.09,TNP_0005,1,2016
2016-02-01 11:00:00+00:00,198.93,250.15,30.57,23.88,4.42,TNP_0005,1,2016
2016-02-01 12:00:00+00:00,32.0,35.38,25.8,39.31,3.1,TNP_0005,1,2016
2016-02-01 13:00:00+00:00,0.0,0.0,23.57,48.06,3.26,TNP_0005,1,2016
2016-02-01 14:00:00+00:00,0.0,0.0,22.44,55.6,3.19,TNP_0005,1,2016
2016-02-01 15:00:00+00:00,0.0,0.0,21.28,64.28,2.9,TNP_0005,1,2016
2016-02-01 16:00:00+00:00,0.0,0.0,20.25,72.19,2.59,TNP_0005,1,2016
2016-02-01 17:00:00+00:00,0.0,0.0,19.33,79.06,2.36,TNP_0005,1,2016
2016-02-01 18:00:00+00:00,0.0,0.0,18.58,84.99,2.14,TNP_0005,1,2016
2016-02-01 19:00:00+00:00,0.0,0.0,18.03,89.56,1.89,TNP_0005,1,2016
2016-02-01 20:00:00+00:00,0.0,0.0,17.59,92.63,1.74,TNP_0005,1,2016
2016-02-01 21:00:00+00:00,0.0,0.0,17.08,95.22,1.79,TNP_0005,1,2016
2016-02-01 22:00:00+00:00,0.0,0.0,16.52,97.34,1.94,TNP_0005,1,2016
2016-02-01 23:00:00+00:00,0.0,0.0,16.03,98.96,2.03,TNP_0005,1,2016
2016-02-02 00:00:00+00:00,0.0,0.0,15.61,100.0,2.09,TNP_0005,1,2016
2016-02-02 01:00:00+00:00,37.9,41.15,16.88,91.8,2.24,TNP_0005,1,2016
2016-02-02 02:00:00+00:00,247.3,269.95,20.73,73.55,2.59,TNP_0005,1,2016
2016-02-02 03:00:00+00:00,479.7,517.83,24.7,52.99,2.98,TNP_0005,1,2016
2016-02-02 04:00:00+00:00,677.85,728.62,28.0,36.76,3.75,TNP_0005,1,2016
2016-02-02 05:00:00+00:00,852.55,879.25,30.9,26.06,4.5,TNP_0005,1,2016
2016-02-02 06:00:00+00:00,906.2,931.45,32.93,20.47,5.02,TNP_0005,1,2016
2016-02-02 07:00:00+00:00,894.35,931.2,34.06,18.19,5.3,TNP_0005,1,2016
2016-02-02 08:00:00+00:00,794.0,850.47,34.42,17.58,5.44,TNP_0005,1,2016
2016-02-02 09:00:00+00:00,664.3,698.1,34.02,18.2,5.6,TNP_0005,1,2016
2016-02-02 10:00:00+00:00,474.65,487.75,32.89,19.88,5.69,TNP_0005,1,2016
2016-02-02 11:00:00+00:00,233.55,245.27,30.81,23.95,5.16,TNP_0005,1,2016
2016-02-02 12:00:00+00:00,32.2,34.22,25.98,38.63,3.24,TNP_0005,1,2016
2016-02-02 13:00:00+00:00,0.0,0.0,23.64,47.97,3.16,TNP_0005,1,2016
2016-02-02 14:00:00+00:00,0.0,0.0,22.39,55.36,2.91,TNP_0005,1,2016
2016-02-02 15:00:00+00:00,0.0,0.0,21.28,62.54,2.62,TNP_0005,1,2016
2016-02-02 16:00:00+00:00,0.0,0.0,20.33,68.73,2.36,TNP_0005,1,2016
2016-02-02 17:00:00+00:00,0.0,0.0,19.63,73.32,2.02,TNP_0005,1,2016
2016-02-02 18:00:00+00:00,0.0,0.0,19.3,75.77,1.59,TNP_0005,1,2016
2016-02-02 19:00:00+00:00,0.0,0.0,19.07,77.65,1.11,TNP_0005,1,2016
2016-02-02 20:00:00+00:00,0.0,0.0,18.7,79.26,0.79,TNP_0005,1,2016
2016-02-02 21:00:00+00:00,0.0,0.0,18.16,80.91,0.88,TNP_0005,1,2016
2016-02-02 22:00:00+00:00,0.0,0.0,17.49,82.69,1.17,TNP_0005,1,2016
2016-02-02 23:00:00+00:00,0.0,0.0,16.99,83.32,1.32,TNP_0005,1,2016
2016-02-03 00:00:00+00:00,0.0,0.0,16.77,82.52,1.34,TNP_0005,1,2016
2016-02-03 01:00:00+00:00,32.1,36.9,17.57,78.14,1.3,TNP_0005,1,2016
2016-02-03 02:00:00+00:00,217.85,258.02,20.52,68.21,0.91,TNP_0005,1,2016
2016-02-03 03:00:00+00:00,428.17,504.95,24.23,53.13,1.57,TNP_0005,1,2016
2016-02-03 04:00:00+00:00,621.72,716.3,27.13,40.87,2.12,TNP_0005,1,2016
2016-02-03 05:00:00+00:00,780.83,867.53,29.94,29.39,2.88,TNP_0005,1,2016
2016-02-03 06:00:00+00:00,736.2,907.4,31.71,24.33,3.31,TNP_0005,1,2016
2016-02-03 07:00:00+00:00,850.7,898.9,32.81,21.8,3.63,TNP_0005,1,2016
2016-02-03 08:00:00+00:00,767.55,820.7,33.31,20.63,3.98,TNP_0005,1,2016
2016-02-03 09:00:00+00:00,645.58,670.47,33.18,20.55,4.36,TNP_0005,1,2016
2016-02-03 10:00:00+00:00,458.1,463.6,32.34,21.87,4.72,TNP_0005,1,2016
2016-02-03 11:00:00+00:00,224.93,227.48,30.46,26.8,4.3,TNP_0005,1,2016
2016-02-03 12:00:00+00:00,31.38,31.5,26.33,40.16,3.2,TNP_0005,1,2016
2016-02-03 13:00:00+00:00,0.0,0.0,24.56,47.27,3.63,TNP_0005,1,2016
2016-02-03 14:00:00+00:00,0.0,0.0,23.57,54.27,3.99,TNP_0005,1,2016
2016-02-03 15:00:00+00:00,0.0,0.0,22.27,63.49,3.6,TNP_0005,1,2016
2016-02-03 16:00:00+00:00,0.0,0.0,21.08,72.22,2.99,TNP_0005,1,2016
2016-02-03 17:00:00+00:00,0.0,0.0,19.97,80.39,2.44,TNP_0005,1,2016
2016-02-03 18:00:00+00:00,0.0,0.0,19.06,87.64,2.15,TNP_0005,1,2016
2016-02-03 19:00:00+00:00,0.0,0.0,18.41,93.33,1.97,TNP_0005,1,2016
2016-02-03 20:00:00+00:00,0.0,0.0,18.0,97.13,1.77,TNP_0005,1,2016
2016-02-03 21:00:00+00:00,0.0,0.0,17.71,99.57,1.54,TNP_0005,1,2016
2016-02-03 22:00:00+00:00,0.0,0.0,17.41,100.0,1.4,TNP_0005,1,2016
2016-02-03 23:00:00+00:00,0.0,0.0,17.11,100.0,1.43,TNP_0005,1,2016
2016-02-04 00:00:00+00:00,0.0,0.0,16.82,100.0,1.55,TNP_0005,1,2016
2016-02-04 01:00:00+00:00,33.4,35.78,17.82,96.39,1.78,TNP_0005,1,2016
2016-02-04 02:00:00+00:00,224.02,256.55,20.97,79.25,1.97,TNP_0005,1,2016
2016-02-04 03:00:00+00:00,435.67,502.77,24.51,59.17,2.55,TNP_0005,1,2016
2016-02-04 04:00:00+00:00,657.4,714.17,27.97,40.43,3.83,TNP_0005,1,2016
2016-02-04 05:00:00+00:00,854.6,866.3,30.64,29.78,4.8,TNP_0005,1,2016
2016-02-04 06:00:00+00:00,894.42,912.08,32.35,24.93,5.33,TNP_0005,1,2016
2016-02-04 07:00:00+00:00,892.9,912.2,33.43,22.41,5.67,TNP_0005,1,2016
2016-02-04 08:00:00+00:00,806.45,831.78,33.78,21.45,5.97,TNP_0005,1,2016
2016-02-04 09:00:00+00:00,653.45,679.95,33.46,21.7,6.15,TNP_0005,1,2016
2016-02-04 10:00:00+00:00,450.48,471.7,32.37,23.52,6.19,TNP_0005,1,2016
2016-02-04 11:00:00+00:00,211.12,233.93,30.46,27.76,5.83,TNP_0005,1,2016
2016-02-04 12:00:00+00:00,32.05,33.05,26.4,40.49,3.77,TNP_0005,1,2016
2016-02-04 13:00:00+00:00,0.0,0.0,24.2,50.57,3.7,TNP_0005,1,2016
2016-02-04 14:00:00+00:00,0.0,0.0,23.19,58.19,3.73,TNP_0005,1,2016
2016-02-04 15:00:00+00:00,0.0,0.0,22.15,66.52,3.32,TNP_0005,1,2016
2016-02-04 16:00:00+00:00,0.0,0.0,21.18,74.43,2.76,TNP_0005,1,2016
2016-02-04 17:00:00+00:00,0.0,0.0,20.27,81.79,2.3,TNP_0005,1,2016
2016-02-04 18:00:00+00:00,0.0,0.0,19.59,87.72,2.04,TNP_0005,1,2016
2016-02-04 19:00:00+00:00,0.0,0.0,19.15,91.83,1.79,TNP_0005,1,2016
2016-02-04 20:00:00+00:00,0.0,0.0,18.86,94.29,1.68,TNP_0005,1,2016
2016-02-04 21:00:00+00:00,0.0,0.0,18.63,95.82,1.76,TNP_0005,1,2016
2016-02-04 22:00:00+00:00,0.0,0.0,18.38,97.61,1.86,TNP_0005,1,2016
2016-02-04 23:00:00+00:00,0.0,0.0,18.13,99.41,1.91,TNP_0005,1,2016
2016-02-05 00:00:00+00:00,0.0,0.0,17.78,100.0,1.96,TNP_0005,1,2016
2016-02-05 01:00:00+00:00,33.62,37.03,18.89,95.07,2.06,TNP_0005,1,2016
2016-02-05 02:00:00+00:00,217.23,256.92,22.44,76.96,2.51,TNP_0005,1,2016
2016-02-05 03:00:00+00:00,412.75,485.95,25.96,57.43,3.33,TNP_0005,1,2016
2016-02-05 04:00:00+00:00,592.67,699.33,28.53,43.38,3.23,TNP_0005,1,2016
2016-02-05 05:00:00+00:00,710.92,842.78,30.67,34.05,2.97,TNP_0005,1,2016
2016-02-05 06:00:00+00:00,833.0,893.25,32.32,28.65,2.83,TNP_0005,1,2016
2016-02-05 07:00:00+00:00,798.33,889.25,33.35,26.04,2.9,TNP_0005,1,2016
2016-02-05 08:00:00+00:00,701.33,801.25,33.62,25.14,3.21,TNP_0005,1,2016
2016-02-05 09:00:00+00:00,569.83,632.08,33.27,25.5,3.64,TNP_0005,1,2016
2016-02-05 10:00:00+00:00,397.9,430.33,32.35,27.08,4.05,TNP_0005,1,2016
2016-02-05 11:00:00+00:00,199.38,205.55,30.88,30.52,4.25,TNP_0005,1,2016
2016-02-05 12:00:00+00:00,28.42,28.8,27.15,43.02,3.17,TNP_0005,1,2016
2016-02-05 13:00:00+00:00,0.0,0.0,25.42,50.14,4.11,TNP_0005,1,2016
2016-02-05 14:00:00+00:00,0.0,0.0,24.4,57.0,4.98,TNP_0005,1,2016
2016-02-05 15:00:00+00:00,0.0,0.0,23.06,65.96,4.4,TNP_0005,1,2016
2016-02-05 16:00:00+00:00,0.0,0.0,21.98,73.56,3.5,TNP_0005,1,2016
2016-02-05 17:00:00+00:00,0.0,0.0,21.23,78.95,2.68,TNP_0005,1,2016
2016-02-05 18:00:00+00:00,0.0,0.0,20.54,83.6,1.95,TNP_0005,1,2016
2016-02-05 19:00:00+00:00,0.0,0.0,19.85,88.16,1.61,TNP_0005,1,2016
2016-02-05 20:00:00+00:00,0.0,0.0,19.3,91.83,1.49,TNP_0005,1,2016
2016-02-05 21:00:00+00:00,0.0,0.0,18.88,94.57,1.44,TNP_0005,1,2016
2016-02-05 22:00:00+00:00,0.0,0.0,18.56,96.42,1.42,TNP_0005,1,2016
2016-02-05 23:00:00+00:00,0.0,0.0,18.28,97.87,1.45,TNP_0005,1,2016
2016-02-06 00:00:00+00:00,0.0,0.0,17.96,99.56,1.5,TNP_0005,1,2016
2016-02-06 01:00:00+00:00,26.95,30.62,18.92,93.48,1.73,TNP_0005,1,2016
2016-02-06 02:00:00+00:00,194.5,215.98,22.25,74.28,1.99,TNP_0005,1,2016
2016-02-06 03:00:00+00:00,381.83,438.25,25.46,55.71,2.75,TNP_0005,1,2016
2016-02-06 04:00:00+00:00,554.22,630.08,28.15,42.71,2.89,TNP_0005,1,2016
2016-02-06 05:00:00+00:00,677.08,788.62,30.33,35.36,2.92,TNP_0005,1,2016
2016-02-06 06:00:00+00:00,801.45,881.35,31.93,31.17,2.91,TNP_0005,1,2016
2016-02-06 07:00:00+00:00,801.28,878.67,33.06,28.66,2.86,TNP_0005,1,2016
2016-02-06 08:00:00+00:00,673.95,791.0,33.67,27.4,2.81,TNP_0005,1,2016
2016-02-06 09:00:00+00:00,572.0,637.05,33.7,27.27,2.99,TNP_0005,1,2016
2016-02-06 10:00:00+00:00,375.62,419.9,33.0,28.67,3.41,TNP_0005,1,2016
2016-02-06 11:00:00+00:00,182.65,197.88,31.46,32.52,3.81,TNP_0005,1,2016
2016-02-06 12:00:00+00:00,26.52,28.17,28.09,44.68,3.2,TNP_0005,1,2016
2016-02-06 13:00:00+00:00,0.0,0.0,26.68,52.03,4.49,TNP_0005,1,2016
2016-02-06 14:00:00+00:00,0.0,0.0,25.67,60.17,5.21,TNP_0005,1,2016
2016-02-06 15:00:00+00:00,0.0,0.0,24.47,68.77,4.31,TNP_0005,1,2016
2016-02-06 16:00:00+00:00,0.0,0.0,23.51,75.38,3.33,TNP_0005,1,2016
2016-02-06 17:00:00+00:00,0.0,0.0,22.73,80.51,2.53,TNP_0005,1,2016
2016-02-06 18:00:00+00:00,0.0,0.0,22.04,84.9,1.86,TNP_0005,1,2016
2016-02-06 19:00:00+00:00,0.0,0.0,21.43,88.79,1.32,TNP_0005,1,2016
2016-02-06 20:00:00+00:00,0.0,0.0,21.12,90.87,0.87,TNP_0005,1,2016
2016-02-06 21:00:00+00:00,0.0,0.0,20.99,91.69,0.61,TNP_0005,1,2016
2016-02-06 22:00:00+00:00,0.0,0.0,20.63,93.58,0.88,TNP_0005,1,2016
2016-02-06 23:00:00+00:00,0.0,0.0,20.39,94.79,1.16,TNP_0005,1,2016
2016-02-07 00:00:00+00:00,0.0,0.0,20.2,95.55,1.39,TNP_0005,1,2016
2016-02-07 01:00:00+00:00,25.35,28.67,21.13,89.84,1.94,TNP_0005,1,2016
2016-02-07 02:00:00+00:00,180.82,201.38,23.7,74.01,1.59,TNP_0005,1,2016
2016-02-07 03:00:00+00:00,379.15,412.17,26.42,58.29,1.45,TNP_0005,1,2016
2016-02-07 04:00:00+00:00,560.92,620.95,28.9,48.0,1.72,TNP_0005,1,2016
2016-02-07 05:00:00+00:00,686.22,763.65,30.96,41.42,1.86,TNP_0005,1,2016
2016-02-07 06:00:00+00:00,830.33,879.17,32.43,37.17,1.83,TNP_0005,1,2016
2016-02-07 07:00:00+00:00,843.33,878.6,33.57,34.34,1.85,TNP_0005,1,2016
2016-02-07 08:00:00+00:00,771.4,796.65,34.26,32.64,2.06,TNP_0005,1,2016
2016-02-07 09:00:00+00:00,617.2,644.45,34.47,31.89,2.3,TNP_0005,1,2016
2016-02-07 10:00:00+00:00,421.48,439.65,33.89,32.52,2.6,TNP_0005,1,2016
2016-02-07 11:00:00+00:00,210.15,220.35,32.56,35.31,2.95,TNP_0005,1,2016
2016-02-07 12:00:00+00:00,31.25,32.03,29.64,45.47,2.6,TNP_0005,1,2016
2016-02-07 13:00:00+00:00,0.0,0.0,28.17,49.16,3.95,TNP_0005,1,2016
2016-02-07 14:00:00+00:00,0.0,0.0,27.08,54.74,5.22,TNP_0005,1,2016
2016-02-07 15:00:00+00:00,0.0,0.0,25.66,64.04,4.98,TNP_0005,1,2016
2016-02-07 16:00:00+00:00,0.0,0.0,24.51,72.77,3.84,TNP_0005,1,2016
2016-02-07 17:00:00+00:00,0.0,0.0,23.72,79.14,3.01,TNP_0005,1,2016
2016-02-07 18:00:00+00:00,0.0,0.0,23.06,83.86,2.15,TNP_0005,1,2016
2016-02-07 19:00:00+00:00,0.0,0.0,22.47,87.72,1.58,TNP_0005,1,2016
2016-02-07 20:00:00+00:00,0.0,0.0,21.99,90.61,1.35,TNP_0005,1,2016
2016-02-07 21:00:00+00:00,0.0,0.0,21.62,92.76,1.34,TNP_0005,1,2016
2016-02-07 22:00:00+00:00,0.0,0.0,21.32,94.33,1.32,TNP_0005,1,2016
2016-02-07 23:00:00+00:00,0.0,0.0,21.07,95.46,1.39,TNP_0005,1,2016
2016-02-08 00:00:00+00:00,0.0,0.0,20.87,96.35,1.48,TNP_0005,1,2016
2016-02-08 01:00:00+00:00,31.67,35.15,21.89,90.19,1.95,TNP_0005,1,2016
2016-02-08 02:00:00+00:00,183.98,240.0,24.32,75.18,2.59,TNP_0005,1,2016
2016-02-08 03:00:00+00:00,386.12,478.33,27.2,59.25,2.71,TNP_0005,1,2016
2016-02-08 04:00:00+00:00,486.23,683.12,30.0,48.35,2.88,TNP_0005,1,2016
2016-02-08 05:00:00+00:00,691.42,832.65,32.22,41.72,3.2,TNP_0005,1,2016
2016-02-08 06:00:00+00:00,780.9,850.45,33.86,37.38,3.53,TNP_0005,1,2016
2016-02-08 07:00:00+00:00,762.58,860.35,34.92,34.63,3.83,TNP_0005,1,2016
2016-02-08 08:00:00+00:00,718.28,788.2,35.38,33.18,4.13,TNP_0005,1,2016
2016-02-08 09:00:00+00:00,580.35,636.65,35.16,33.1,4.58,TNP_0005,1,2016
2016-02-08 10:00:00+00:00,393.52,433.62,34.06,34.84,5.13,TNP_0005,1,2016
2016-02-08 11:00:00+00:00,207.68,215.85,32.37,38.36,5.54,TNP_0005,1,2016
2016-02-08 12:00:00+00:00,30.98,31.7,30.08,44.8,5.18,TNP_0005,1,2016
2016-02-08 13:00:00+00:00,0.0,0.0,28.02,52.04,4.99,TNP_0005,1,2016
2016-02-08 14:00:00+00:00,0.0,0.0,26.51,58.63,5.01,TNP_0005,1,2016
2016-02-08 15:00:00+00:00,0.0,0.0,25.26,65.24,4.5,TNP_0005,1,2016
2016-02-08 16:00:00+00:00,0.0,0.0,24.28,71.17,3.39,TNP_0005,1,2016
2016-02-08 17:00:00+00:00,0.0,0.0,23.49,76.32,2.46,TNP_0005,1,2016
2016-02-08 18:00:00+00:00,0.0,0.0,22.84,80.45,1.83,TNP_0005,1,2016
2016-02-08 19:00:00+00:00,0.0,0.0,22.25,84.08,1.51,TNP_0005,1,2016
2016-02-08 20:00:00+00:00,0.0,0.0,21.74,87.11,1.44,TNP_0005,1,2016
2016-02-08 21:00:00+00:00,0.0,0.0,21.27,89.74,1.39,TNP_0005,1,2016
2016-02-08 22:00:00+00:00,0.0,0.0,20.84,92.08,1.3,TNP_0005,1,2016
2016-02-08 23:00:00+00:00,0.0,0.0,20.51,93.81,1.2,TNP_0005,1,2016
2016-02-09 00:00:00+00:00,0.0,0.0,20.29,94.99,1.18,TNP_0005,1,2016
2016-02-09 01:00:00+00:00,31.62,34.15,21.21,89.48,1.58,TNP_0005,1,2016
2016-02-09 02:00:00+00:00,207.12,233.93,23.51,75.53,2.26,TNP_0005,1,2016
2016-02-09 03:00:00+00:00,431.75,472.45,26.02,61.28,2.49,TNP_0005,1,2016
2016-02-09 04:00:00+00:00,645.67,681.33,28.69,47.36,2.6,TNP_0005,1,2016
2016-02-09 05:00:00+00:00,799.55,833.12,31.24,35.86,2.7,TNP_0005,1,2016
2016-02-09 06:00:00+00:00,879.4,885.85,33.07,29.77,2.84,TNP_0005,1,2016
2016-02-09 07:00:00+00:00,877.53,887.8,34.31,26.62,3.08,TNP_0005,1,2016
2016-02-09 08:00:00+00:00,807.55,810.55,34.93,25.02,3.38,TNP_0005,1,2016
2016-02-09 09:00:00+00:00,656.65,658.33,34.93,24.42,3.68,TNP_0005,1,2016
2016-02-09 10:00:00+00:00,445.4,447.77,34.25,24.73,4.09,TNP_0005,1,2016
2016-02-09 11:00:00+00:00,237.77,239.93,32.76,26.84,4.39,TNP_0005,1,2016
2016-02-09 12:00:00+00:00,31.88,32.17,29.07,36.27,3.41,TNP_0005,1,2016
2016-02-09 13:00:00+00:00,0.0,0.0,27.2,42.0,4.33,TNP_0005,1,2016
2016-02-09 14:00:00+00:00,0.0,0.0,26.07,48.33,4.9,TNP_0005,1,2016
2016-02-09 15:00:00+00:00,0.0,0.0,24.71,57.66,4.2,TNP_0005,1,2016
2016-02-09 16:00:00+00:00,0.0,0.0,23.5,67.36,3.09,TNP_0005,1,2016
2016-02-09 17:00:00+00:00,0.0,0.0,22.55,75.77,2.36,TNP_0005,1,2016
2016-02-09 18:00:00+00:00,0.0,0.0,21.77,82.54,1.84,TNP_0005,1,2016
2016-02-09 19:00:00+00:00,0.0,0.0,21.08,87.89,1.57,TNP_0005,1,2016
2016-02-09 20:00:00+00:00,0.0,0.0,20.53,91.69,1.5,TNP_0005,1,2016
2016-02-09 21:00:00+00:00,0.0,0.0,20.06,94.31,1.58,TNP_0005,1,2016
2016-02-09 22:00:00+00:00,0.0,0.0,19.62,96.4,1.67,TNP_0005,1,2016
2016-02-09 23:00:00+00:00,0.0,0.0,19.22,98.07,1.7,TNP_0005,1,2016
2016-02-10 00:00:00+00:00,0.0,0.0,18.87,99.65,1.67,TNP_0005,1,2016
2016-02-10 01:00:00+00:00,31.42,33.08,19.99,92.65,1.77,TNP_0005,1,2016
2016-02-10 02:00:00+00:00,205.38,227.62,23.19,73.13,1.81,TNP_0005,1,2016
2016-02-10 03:00:00+00:00,430.08,465.2,26.66,50.53,2.05,TNP_0005,1,2016
2016-02-10 04:00:00+00:00,653.15,674.67,29.78,35.61,2.14,TNP_0005,1,2016
2016-02-10 05:00:00+00:00,823.55,827.08,32.07,28.94,1.95,TNP_0005,1,2016
2016-02-10 06:00:00+00:00,897.78,900.97,33.63,26.17,1.74,TNP_0005,1,2016
2016-02-10 07:00:00+00:00,880.67,900.9,34.71,24.71,1.62,TNP_0005,1,2016
2016-02-10 08:00:00+00:00,806.65,820.38,35.27,23.97,1.57,TNP_0005,1,2016
2016-02-10 09:00:00+00:00,658.92,667.72,35.25,23.79,1.77,TNP_0005,1,2016
2016-02-10 10:00:00+00:00,459.92,460.02,34.66,24.24,2.21,TNP_0005,1,2016
2016-02-10 11:00:00+00:00,225.55,226.0,33.27,26.6,2.81,TNP_0005,1,2016
2016-02-10 12:00:00+00:00,34.4,34.47,29.34,38.01,2.69,TNP_0005,1,2016
2016-02-10 13:00:00+00:00,0.0,0.0,27.59,42.55,3.85,TNP_0005,1,2016
2016-02-10 14:00:00+00:00,0.0,0.0,26.56,48.99,5.2,TNP_0005,1,2016
2016-02-10 15:00:00+00:00,0.0,0.0,24.96,59.98,5.4,TNP_0005,1,2016
2016-02-10 16:00:00+00:00,0.0,0.0,23.71,70.47,4.82,TNP_0005,1,2016
2016-02-10 17:00:00+00:00,0.0,0.0,22.83,78.42,3.89,TNP_0005,1,2016
2016-02-10 18:00:00+00:00,0.0,0.0,22.19,83.57,2.88,TNP_0005,1,2016
2016-02-10 19:00:00+00:00,0.0,0.0,21.64,87.27,1.86,TNP_0005,1,2016
2016-02-10 20:00:00+00:00,0.0,0.0,21.12,90.3,1.14,TNP_0005,1,2016
2016-02-10 21:00:00+00:00,0.0,0.0,20.79,91.93,0.87,TNP_0005,1,2016
2016-02-10 22:00:00+00:00,0.0,0.0,20.59,92.81,0.7,TNP_0005,1,2016
2016-02-10 23:00:00+00:00,0.0,0.0,20.33,94.04,0.75,TNP_0005,1,2016
2016-02-11 00:00:00+00:00,0.0,0.0,20.06,95.3,0.83,TNP_0005,1,2016
2016-02-11 01:00:00+00:00,30.4,31.9,20.77,90.65,0.92,TNP_0005,1,2016
2016-02-11 02:00:00+00:00,202.62,219.98,24.07,65.46,1.03,TNP_0005,1,2016
2016-02-11 03:00:00+00:00,425.4,457.62,27.63,44.66,1.86,TNP_0005,1,2016
2016-02-11 04:00:00+00:00,638.3,669.88,30.26,36.33,1.98,TNP_0005,1,2016
2016-02-11 05:00:00+00:00,821.6,825.95,32.29,31.98,1.89,TNP_0005,1,2016
2016-02-11 06:00:00+00:00,887.53,888.7,33.98,28.87,1.81,TNP_0005,1,2016
2016-02-11 07:00:00+00:00,886.42,889.0,35.13,26.7,1.86,TNP_0005,1,2016
2016-02-11 08:00:00+00:00,804.55,808.22,35.69,25.4,2.06,TNP_0005,1,2016
2016-02-11 09:00:00+00:00,651.62,656.92,35.62,24.92,2.33,TNP_0005,1,2016
2016-02-11 10:00:00+00:00,448.95,450.48,34.92,25.44,2.66,TNP_0005,1,2016
2016-02-11 11:00:00+00:00,217.93,218.77,33.49,27.58,3.15,TNP_0005,1,2016
2016-02-11 12:00:00+00:00,32.95,33.03,30.15,36.49,2.9,TNP_0005,1,2016
2016-02-11 13:00:00+00:00,0.0,0.0,28.47,40.91,4.54,TNP_0005,1,2016
2016-02-11 14:00:00+00:00,0.0,0.0,26.94,47.71,5.55,TNP_0005,1,2016
2016-02-11 15:00:00+00:00,0.0,0.0,25.27,56.89,5.37,TNP_0005,1,2016
2016-02-11 16:00:00+00:00,0.0,0.0,24.04,65.08,4.63,TNP_0005,1,2016
2016-02-11 17:00:00+00:00,0.0,0.0,23.16,71.52,3.64,TNP_0005,1,2016
2016-02-11 18:00:00+00:00,0.0,0.0,22.48,76.44,2.63,TNP_0005,1,2016
2016-02-11 19:00:00+00:00,0.0,0.0,21.89,80.32,1.62,TNP_0005,1,2016
2016-02-11 20:00:00+00:00,0.0,0.0,21.31,83.73,0.93,TNP_0005,1,2016
2016-02-11 21:00:00+00:00,0.0,0.0,20.82,86.33,0.8,TNP_0005,1,2016
2016-02-11 22:00:00+00:00,0.0,0.0,20.47,87.88,0.83,TNP_0005,1,2016
2016-02-11 23:00:00+00:00,0.0,0.0,20.15,89.08,0.93,TNP_0005,1,2016
2016-02-12 00:00:00+00:00,0.0,0.0,19.88,90.06,1.0,TNP_0005,1,2016
2016-02-12 01:00:00+00:00,33.78,34.42,20.74,84.78,1.05,TNP_0005,1,2016
2016-02-12 02:00:00+00:00,217.9,233.12,24.05,61.93,1.3,TNP_0005,1,2016
2016-02-12 03:00:00+00:00,449.0,474.88,27.65,42.31,2.1,TNP_0005,1,2016
2016-02-12 04:00:00+00:00,658.3,687.72,30.75,31.44,2.57,TNP_0005,1,2016
2016-02-12 05:00:00+00:00,822.15,843.35,32.84,27.59,2.79,TNP_0005,1,2016
2016-02-12 06:00:00+00:00,859.03,863.33,34.3,25.5,2.93,TNP_0005,1,2016
2016-02-12 07:00:00+00:00,864.35,869.58,35.26,24.17,3.1,TNP_0005,1,2016
2016-02-12 08:00:00+00:00,775.3,794.28,35.66,23.54,3.35,TNP_0005,1,2016
2016-02-12 09:00:00+00:00,625.8,646.25,35.44,23.67,3.67,TNP_0005,1,2016
2016-02-12 10:00:00+00:00,426.45,441.83,34.57,24.8,4.09,TNP_0005,1,2016
2016-02-12 11:00:00+00:00,204.82,213.98,32.96,27.61,4.45,TNP_0005,1,2016
2016-02-12 12:00:00+00:00,32.4,32.72,29.6,36.36,3.52,TNP_0005,1,2016
2016-02-12 13:00:00+00:00,0.0,0.0,27.78,43.05,4.7,TNP_0005,1,2016
2016-02-12 14:00:00+00:00,0.0,0.0,26.5,50.08,5.33,TNP_0005,1,2016
2016-02-12 15:00:00+00:00,0.0,0.0,25.2,57.71,5.04,TNP_0005,1,2016
2016-02-12 16:00:00+00:00,0.0,0.0,24.15,64.3,4.41,TNP_0005,1,2016
2016-02-12 17:00:00+00:00,0.0,0.0,23.27,69.69,3.68,TNP_0005,1,2016
2016-02-12 18:00:00+00:00,0.0,0.0,22.45,74.51,2.9,TNP_0005,1,2016
2016-02-12 19:00:00+00:00,0.0,0.0,21.67,79.29,2.14,TNP_0005,1,2016
2016-02-12 20:00:00+00:00,0.0,0.0,20.98,83.98,1.53,TNP_0005,1,2016
2016-02-12 21:00:00+00:00,0.0,0.0,20.53,87.22,1.24,TNP_0005,1,2016
2016-02-12 22:00:00+00:00,0.0,0.0,20.43,88.22,0.79,TNP_0005,1,2016
2016-02-12 23:00:00+00:00,0.0,0.0,20.33,88.82,0.33,TNP_0005,1,2016
2016-02-13 00:00:00+00:00,0.0,0.0,20.05,90.12,0.55,TNP_0005,1,2016
2016-02-13 01:00:00+00:00,34.03,35.95,20.77,85.78,0.79,TNP_0005,1,2016
2016-02-13 02:00:00+00:00,217.6,238.35,24.08,66.42,0.65,TNP_0005,1,2016
2016-02-13 03:00:00+00:00,436.08,479.55,27.74,46.76,1.98,TNP_0005,1,2016
2016-02-13 04:00:00+00:00,663.17,691.08,30.4,37.38,2.35,TNP_0005,1,2016
2016-02-13 05:00:00+00:00,832.72,845.65,32.45,32.41,2.43,TNP_0005,1,2016
2016-02-13 06:00:00+00:00,881.15,882.03,34.08,29.16,2.56,TNP_0005,1,2016
2016-02-13 07:00:00+00:00,876.9,881.83,35.14,27.13,2.68,TNP_0005,1,2016
2016-02-13 08:00:00+00:00,795.58,798.1,35.6,25.98,2.75,TNP_0005,1,2016
2016-02-13 09:00:00+00:00,622.08,645.85,35.55,25.42,2.95,TNP_0005,1,2016
2016-02-13 10:00:00+00:00,421.02,438.52,34.87,25.98,3.39,TNP_0005,1,2016
2016-02-13 11:00:00+00:00,214.3,215.9,33.42,28.44,3.85,TNP_0005,1,2016
2016-02-13 12:00:00+00:00,31.75,32.28,29.99,37.67,3.0,TNP_0005,1,2016
2016-02-13 13:00:00+00:00,0.0,0.0,28.26,44.13,4.25,TNP_0005,1,2016
2016-02-13 14:00:00+00:00,0.0,0.0,27.17,51.21,5.48,TNP_0005,1,2016
2016-02-13 15:00:00+00:00,0.0,0.0,25.73,60.47,4.87,TNP_0005,1,2016
2016-02-13 16:00:00+00:00,0.0,0.0,24.68,68.32,4.17,TNP_0005,1,2016
2016-02-13 17:00:00+00:00,0.0,0.0,23.86,74.68,3.33,TNP_0005,1,2016
2016-02-13 18:00:00+00:00,0.0,0.0,23.15,79.53,2.48,TNP_0005,1,2016
2016-02-13 19:00:00+00:00,0.0,0.0,22.32,84.44,1.68,TNP_0005,1,2016
2016-02-13 20:00:00+00:00,0.0,0.0,21.55,88.99,1.49,TNP_0005,1,2016
2016-02-13 21:00:00+00:00,0.0,0.0,20.98,92.33,1.47,TNP_0005,1,2016
2016-02-13 22:00:00+00:00,0.0,0.0,20.48,95.29,1.46,TNP_0005,1,2016
2016-02-13 23:00:00+00:00,0.0,0.0,20.04,97.82,1.5,TNP_0005,1,2016
2016-02-14 00:00:00+00:00,0.0,0.0,19.63,100.0,1.56,TNP_0005,1,2016
2016-02-14 01:00:00+00:00,35.45,38.08,20.81,92.74,1.77,TNP_0005,1,2016
2016-02-14 02:00:00+00:00,217.07,250.95,23.67,73.56,2.63,TNP_0005,1,2016
2016-02-14 03:00:00+00:00,446.83,499.0,26.72,53.22,3.47,TNP_0005,1,2016
2016-02-14 04:00:00+00:00,680.47,714.9,29.53,39.79,4.04,TNP_0005,1,2016
2016-02-14 05:00:00+00:00,818.47,871.28,31.86,31.61,4.42,TNP_0005,1,2016
2016-02-14 06:00:00+00:00,922.92,930.55,33.53,26.37,4.79,TNP_0005,1,2016
2016-02-14 07:00:00+00:00,917.9,933.05,34.59,23.21,5.13,TNP_0005,1,2016
2016-02-14 08:00:00+00:00,834.67,854.55,34.94,21.71,5.49,TNP_0005,1,2016
2016-02-14 09:00:00+00:00,692.22,703.58,34.6,21.58,5.62,TNP_0005,1,2016
2016-02-14 10:00:00+00:00,493.17,494.7,33.53,22.84,5.53,TNP_0005,1,2016
2016-02-14 11:00:00+00:00,252.55,253.68,31.74,25.91,5.34,TNP_0005,1,2016
2016-02-14 12:00:00+00:00,40.42,40.55,28.43,34.16,3.89,TNP_0005,1,2016
2016-02-14 13:00:00+00:00,0.0,0.0,26.28,42.25,4.35,TNP_0005,1,2016
2016-02-14 14:00:00+00:00,0.0,0.0,25.11,49.77,4.86,TNP_0005,1,2016
2016-02-14 15:00:00+00:00,0.0,0.0,23.85,58.49,4.23,TNP_0005,1,2016
2016-02-14 16:00:00+00:00,0.0,0.0,22.75,66.44,3.55,TNP_0005,1,2016
2016-02-14 17:00:00+00:00,0.0,0.0,21.77,73.65,3.05,TNP_0005,1,2016
2016-02-14 18:00:00+00:00,0.0,0.0,20.83,80.31,2.53,TNP_0005,1,2016
2016-02-14 19:00:00+00:00,0.0,0.0,19.97,86.08,2.08,TNP_0005,1,2016
2016-02-14 20:00:00+00:00,0.0,0.0,19.21,91.02,1.86,TNP_0005,1,2016
2016-02-14 21:00:00+00:00,0.0,0.0,18.59,95.03,1.76,TNP_0005,1,2016
2016-02-14 22:00:00+00:00,0.0,0.0,18.09,98.3,1.7,TNP_0005,1,2016
2016-02-14 23:00:00+00:00,0.0,0.0,17.74,100.0,1.67,TNP_0005,1,2016
2016-02-15 00:00:00+00:00,0.0,0.0,17.47,100.0,1.71,TNP_0005,1,2016
2016-02-15 01:00:00+00:00,40.75,42.97,19.0,92.45,2.16,TNP_0005,1,2016
2016-02-15 02:00:00+00:00,243.98,265.85,23.04,69.81,2.38,TNP_0005,1,2016
2016-02-15 03:00:00+00:00,478.75,511.77,26.65,51.2,3.16,TNP_0005,1,2016
2016-02-15 04:00:00+00:00,644.88,723.15,29.29,40.92,3.46,TNP_0005,1,2016
2016-02-15 05:00:00+00:00,767.12,875.9,31.52,33.83,3.58,TNP_0005,1,2016
2016-02-15 06:00:00+00:00,812.33,937.92,33.28,29.2,3.68,TNP_0005,1,2016
2016-02-15 07:00:00+00:00,840.95,937.42,34.49,26.61,4.06,TNP_0005,1,2016
2016-02-15 08:00:00+00:00,752.08,854.53,35.0,26.0,4.54,TNP_0005,1,2016
2016-02-15 09:00:00+00:00,611.75,700.25,34.81,26.9,4.85,TNP_0005,1,2016
2016-02-15 10:00:00+00:00,432.05,490.42,33.94,29.33,5.09,TNP_0005,1,2016
2016-02-15 11:00:00+00:00,211.48,249.43,32.33,33.71,5.29,TNP_0005,1,2016
2016-02-15 12:00:00+00:00,35.22,39.12,29.69,41.96,4.54,TNP_0005,1,2016
2016-02-15 13:00:00+00:00,0.0,0.0,27.7,50.91,4.8,TNP_0005,1,2016
2016-02-15 14:00:00+00:00,0.0,0.0,26.3,58.91,4.96,TNP_0005,1,2016
2016-02-15 15:00:00+00:00,0.0,0.0,24.95,66.83,5.04,TNP_0005,1,2016
2016-02-15 16:00:00+00:00,0.0,0.0,23.8,73.61,4.49,TNP_0005,1,2016
2016-02-15 17:00:00+00:00,0.0,0.0,22.88,79.12,3.74,TNP_0005,1,2016
2016-02-15 18:00:00+00:00,0.0,0.0,22.09,83.94,2.95,TNP_0005,1,2016
2016-02-15 19:00:00+00:00,0.0,0.0,21.34,88.41,2.31,TNP_0005,1,2016
2016-02-15 20:00:00+00:00,0.0,0.0,20.63,92.66,1.87,TNP_0005,1,2016
2016-02-15 21:00:00+00:00,0.0,0.0,20.07,96.09,1.66,TNP_0005,1,2016
2016-02-15 22:00:00+00:00,0.0,0.0,19.74,98.09,1.56,TNP_0005,1,2016
2016-02-15 23:00:00+00:00,0.0,0.0,19.53,99.23,1.5,TNP_0005,1,2016
2016-02-16 00:00:00+00:00,0.0,0.0,19.52,99.11,1.46,TNP_0005,1,2016
2016-02-16 01:00:00+00:00,33.83,34.75,20.94,90.56,2.0,TNP_0005,1,2016
2016-02-16 02:00:00+00:00,228.98,232.77,23.78,73.32,2.68,TNP_0005,1,2016
2016-02-16 03:00:00+00:00,450.1,463.73,26.88,56.89,2.88,TNP_0005,1,2016
2016-02-16 04:00:00+00:00,671.05,686.42,29.94,44.87,3.3,TNP_0005,1,2016
2016-02-16 05:00:00+00:00,818.08,848.38,32.34,37.86,3.77,TNP_0005,1,2016
2016-02-16 06:00:00+00:00,901.47,951.42,34.08,33.65,4.21,TNP_0005,1,2016
2016-02-16 07:00:00+00:00,876.83,950.45,35.15,30.96,4.58,TNP_0005,1,2016
2016-02-16 08:00:00+00:00,824.85,867.45,35.54,29.53,4.89,TNP_0005,1,2016
2016-02-16 09:00:00+00:00,663.85,714.22,35.26,29.37,5.22,TNP_0005,1,2016
2016-02-16 10:00:00+00:00,471.9,501.9,34.34,30.5,5.69,TNP_0005,1,2016
2016-02-16 11:00:00+00:00,235.48,257.2,32.63,33.77,6.2,TNP_0005,1,2016
2016-02-16 12:00:00+00:00,40.72,43.65,30.0,40.28,5.87,TNP_0005,1,2016
2016-02-16 13:00:00+00:00,0.0,0.0,27.78,47.99,5.59,TNP_0005,1,2016
2016-02-16 14:00:00+00:00,0.0,0.0,26.15,55.81,5.54,TNP_0005,1,2016
2016-02-16 15:00:00+00:00,0.0,0.0,24.75,64.33,5.07,TNP_0005,1,2016
2016-02-16 16:00:00+00:00,0.0,0.0,23.71,71.7,3.95,TNP_0005,1,2016
2016-02-16 17:00:00+00:00,0.0,0.0,22.88,77.86,3.1,TNP_0005,1,2016
2016-02-16 18:00:00+00:00,0.0,0.0,22.08,83.32,2.33,TNP_0005,1,2016
2016-02-16 19:00:00+00:00,0.0,0.0,21.4,87.75,2.01,TNP_0005,1,2016
2016-02-16 20:00:00+00:00,0.0,0.0,20.82,91.25,1.91,TNP_0005,1,2016
2016-02-16 21:00:00+00:00,0.0,0.0,20.36,93.58,1.83,TNP_0005,1,2016
2016-02-16 22:00:00+00:00,0.0,0.0,19.95,95.32,1.74,TNP_0005,1,2016
2016-02-16 23:00:00+00:00,0.0,0.0,19.67,96.09,1.67,TNP_0005,1,2016
2016-02-17 00:00:00+00:00,0.0,0.0,19.45,96.33,1.64,TNP_0005,1,2016
2016-02-17 01:00:00+00:00,31.0,38.35,20.52,89.15,2.66,TNP_0005,1,2016
2016-02-17 02:00:00+00:00,174.1,243.02,23.78,69.68,3.75,TNP_0005,1,2016
2016-02-17 03:00:00+00:00,378.25,494.9,26.85,52.43,4.1,TNP_0005,1,2016
2016-02-17 04:00:00+00:00,577.85,700.88,29.38,41.34,4.13,TNP_0005,1,2016
2016-02-17 05:00:00+00:00,810.17,857.78,31.48,34.4,4.2,TNP_0005,1,2016
2016-02-17 06:00:00+00:00,809.92,889.5,33.14,31.04,4.34,TNP_0005,1,2016
2016-02-17 07:00:00+00:00,719.95,883.7,34.3,29.88,4.56,TNP_0005,1,2016
2016-02-17 08:00:00+00:00,640.92,809.03,34.72,30.43,4.82,TNP_0005,1,2016
2016-02-17 09:00:00+00:00,555.17,665.12,34.44,32.07,5.36,TNP_0005,1,2016
2016-02-17 10:00:00+00:00,397.62,462.25,33.53,34.91,6.25,TNP_0005,1,2016
2016-02-17 11:00:00+00:00,198.85,232.15,31.87,39.63,7.0,TNP_0005,1,2016
2016-02-17 12:00:00+00:00,35.7,38.45,29.68,46.47,7.09,TNP_0005,1,2016
2016-02-17 13:00:00+00:00,0.0,0.0,27.75,54.03,6.99,TNP_0005,1,2016
2016-02-17 14:00:00+00:00,0.0,0.0,26.12,62.05,6.9,TNP_0005,1,2016
2016-02-17 15:00:00+00:00,0.0,0.0,24.91,69.57,5.95,TNP_0005,1,2016
2016-02-17 16:00:00+00:00,0.0,0.0,24.18,75.24,4.74,TNP_0005,1,2016
2016-02-17 17:00:00+00:00,0.0,0.0,23.63,79.59,3.62,TNP_0005,1,2016
2016-02-17 18:00:00+00:00,0.0,0.0,23.16,83.02,2.74,TNP_0005,1,2016
2016-02-17 19:00:00+00:00,0.0,0.0,22.64,86.39,1.99,TNP_0005,1,2016
2016-02-17 20:00:00+00:00,0.0,0.0,22.21,89.01,1.73,TNP_0005,1,2016
2016-02-17 21:00:00+00:00,0.0,0.0,21.86,90.97,1.68,TNP_0005,1,2016
2016-02-17 22:00:00+00:00,0.0,0.0,21.6,92.33,1.66,TNP_0005,1,2016
2016-02-17 23:00:00+00:00,0.0,0.0,21.39,93.28,1.77,TNP_0005,1,2016
2016-02-18 00:00:00+00:00,0.0,0.0,21.25,93.91,1.94,TNP_0005,1,2016
2016-02-18 01:00:00+00:00,33.38,42.28,22.33,88.05,3.17,TNP_0005,1,2016
2016-02-18 02:00:00+00:00,179.7,258.02,25.11,72.69,4.73,TNP_0005,1,2016
2016-02-18 03:00:00+00:00,345.08,490.98,27.66,59.23,5.6,TNP_0005,1,2016
2016-02-18 04:00:00+00:00,587.65,708.72,30.04,49.89,5.89,TNP_0005,1,2016
2016-02-18 05:00:00+00:00,639.47,860.0,32.16,42.57,6.13,TNP_0005,1,2016
2016-02-18 06:00:00+00:00,829.9,923.15,33.75,37.5,6.3,TNP_0005,1,2016
2016-02-18 07:00:00+00:00,808.35,914.2,34.64,34.24,6.46,TNP_0005,1,2016
2016-02-18 08:00:00+00:00,739.28,836.75,34.73,33.0,6.56,TNP_0005,1,2016
2016-02-18 09:00:00+00:00,626.95,690.15,33.99,33.53,6.86,TNP_0005,1,2016
2016-02-18 10:00:00+00:00,456.02,487.85,32.71,35.18,7.06,TNP_0005,1,2016
2016-02-18 11:00:00+00:00,232.55,253.05,31.07,38.18,6.9,TNP_0005,1,2016
2016-02-18 12:00:00+00:00,40.83,42.72,28.96,43.63,5.86,TNP_0005,1,2016
2016-02-18 13:00:00+00:00,0.0,0.0,27.19,49.92,4.76,TNP_0005,1,2016
2016-02-18 14:00:00+00:00,0.0,0.0,25.92,55.76,4.1,TNP_0005,1,2016
2016-02-18 15:00:00+00:00,0.0,0.0,24.75,62.16,3.47,TNP_0005,1,2016
2016-02-18 16:00:00+00:00,0.0,0.0,23.65,68.91,2.75,TNP_0005,1,2016
2016-02-18 17:00:00+00:00,0.0,0.0,22.58,75.78,2.07,TNP_0005,1,2016
2016-02-18 18:00:00+00:00,0.0,0.0,21.68,81.87,1.81,TNP_0005,1,2016
2016-02-18 19:00:00+00:00,0.0,0.0,20.97,86.64,1.73,TNP_0005,1,2016
2016-02-18 20:00:00+00:00,0.0,0.0,20.5,89.66,1.68,TNP_0005,1,2016
2016-02-18 21:00:00+00:00,0.0,0.0,20.14,91.65,1.63,TNP_0005,1,2016
2016-02-18 22:00:00+00:00,0.0,0.0,19.79,93.19,1.63,TNP_0005,1,2016
2016-02-18 23:00:00+00:00,0.0,0.0,19.47,94.49,1.67,TNP_0005,1,2016
2016-02-19 00:00:00+00:00,0.0,0.0,19.21,95.13,1.74,TNP_0005,1,2016
2016-02-19 01:00:00+00:00,34.55,34.92,20.39,87.59,2.61,TNP_0005,1,2016
2016-02-19 02:00:00+00:00,214.88,217.23,23.53,69.49,3.25,TNP_0005,1,2016
2016-02-19 03:00:00+00:00,436.88,440.25,26.66,54.63,3.74,TNP_0005,1,2016
2016-02-19 04:00:00+00:00,656.12,665.92,29.15,47.09,3.97,TNP_0005,1,2016
2016-02-19 05:00:00+00:00,812.15,819.5,31.39,40.98,4.17,TNP_0005,1,2016
2016-02-19 06:00:00+00:00,904.62,907.33,33.25,36.28,4.33,TNP_0005,1,2016
2016-02-19 07:00:00+00:00,902.25,921.15,34.58,33.21,4.49,TNP_0005,1,2016
2016-02-19 08:00:00+00:00,786.62,844.2,35.24,31.74,4.7,TNP_0005,1,2016
2016-02-19 09:00:00+00:00,624.58,705.17,35.14,31.65,5.08,TNP_0005,1,2016
2016-02-19 10:00:00+00:00,444.25,507.15,34.38,33.04,5.68,TNP_0005,1,2016
2016-02-19 11:00:00+00:00,226.5,268.23,32.81,36.52,6.13,TNP_0005,1,2016
2016-02-19 12:00:00+00:00,41.65,46.03,30.37,43.33,5.56,TNP_0005,1,2016
2016-02-19 13:00:00+00:00,0.0,0.0,28.27,51.18,5.01,TNP_0005,1,2016
2016-02-19 14:00:00+00:00,0.0,0.0,26.76,58.49,4.65,TNP_0005,1,2016
2016-02-19 15:00:00+00:00,0.0,0.0,25.36,66.34,3.92,TNP_0005,1,2016
2016-02-19 16:00:00+00:00,0.0,0.0,24.22,73.51,3.05,TNP_0005,1,2016
2016-02-19 17:00:00+00:00,0.0,0.0,23.36,79.51,2.39,TNP_0005,1,2016
2016-02-19 18:00:00+00:00,0.0,0.0,22.65,84.48,1.81,TNP_0005,1,2016
2016-02-19 19:00:00+00:00,0.0,0.0,22.04,88.84,1.49,TNP_0005,1,2016
2016-02-19 20:00:00+00:00,0.0,0.0,21.68,91.4,1.37,TNP_0005,1,2016
2016-02-19 21:00:00+00:00,0.0,0.0,21.8,91.06,1.35,TNP_0005,1,2016
2016-02-19 22:00:00+00:00,0.0,0.0,21.38,93.66,1.34,TNP_0005,1,2016
2016-02-19 23:00:00+00:00,0.0,0.0,20.89,96.6,1.46,TNP_0005,1,2016
2016-02-20 00:00:00+00:00,0.0,0.0,20.48,99.08,1.56,TNP_0005,1,2016
2016-02-20 01:00:00+00:00,47.08,47.5,21.83,91.09,2.01,TNP_0005,1,2016
2016-02-20 02:00:00+00:00,273.95,277.05,25.31,70.26,2.3,TNP_0005,1,2016
2016-02-20 03:00:00+00:00,521.5,523.78,28.74,52.9,2.08,TNP_0005,1,2016
2016-02-20 04:00:00+00:00,733.15,734.5,31.54,42.74,2.14,TNP_0005,1,2016
2016-02-20 05:00:00+00:00,882.9,887.35,33.97,34.68,2.4,TNP_0005,1,2016
2016-02-20 06:00:00+00:00,933.3,951.03,35.88,29.0,2.73,TNP_0005,1,2016
2016-02-20 07:00:00+00:00,887.33,950.53,37.14,25.78,3.08,TNP_0005,1,2016
2016-02-20 08:00:00+00:00,800.75,871.08,37.73,24.46,3.4,TNP_0005,1,2016
2016-02-20 09:00:00+00:00,656.5,718.7,37.6,24.56,3.8,TNP_0005,1,2016
2016-02-20 10:00:00+00:00,475.0,507.98,36.77,25.73,4.28,TNP_0005,1,2016
2016-02-20 11:00:00+00:00,241.88,263.7,35.21,28.42,4.75,TNP_0005,1,2016
2016-02-20 12:00:00+00:00,42.38,44.22,32.26,35.29,3.99,TNP_0005,1,2016
2016-02-20 13:00:00+00:00,0.0,0.0,30.14,42.91,4.96,TNP_0005,1,2016
2016-02-20 14:00:00+00:00,0.0,0.0,28.67,51.29,5.44,TNP_0005,1,2016
2016-02-20 15:00:00+00:00,0.0,0.0,27.17,60.98,4.78,TNP_0005,1,2016
2016-02-20 16:00:00+00:00,0.0,0.0,25.99,70.31,4.18,TNP_0005,1,2016
2016-02-20 17:00:00+00:00,0.0,0.0,25.1,77.75,3.35,TNP_0005,1,2016
2016-02-20 18:00:00+00:00,0.0,0.0,24.41,83.1,2.85,TNP_0005,1,2016
2016-02-20 19:00:00+00:00,0.0,0.0,24.05,86.24,2.89,TNP_0005,1,2016
2016-02-20 20:00:00+00:00,0.0,0.0,23.74,88.39,2.21,TNP_0005,1,2016
2016-02-20 21:00:00+00:00,0.0,0.0,23.49,89.92,1.44,TNP_0005,1,2016
2016-02-20 22:00:00+00:00,0.0,0.0,23.22,91.45,0.67,TNP_0005,1,2016
2016-02-20 23:00:00+00:00,0.0,0.0,22.91,93.12,0.6,TNP_0005,1,2016
2016-02-21 00:00:00+00:00,0.0,0.0,22.71,94.26,0.58,TNP_0005,1,2016
2016-02-21 01:00:00+00:00,37.95,46.2,23.55,88.61,0.74,TNP_0005,1,2016
2016-02-21 02:00:00+00:00,213.3,270.15,25.9,72.72,0.68,TNP_0005,1,2016
2016-02-21 03:00:00+00:00,459.1,517.9,28.79,57.24,0.64,TNP_0005,1,2016
2016-02-21 04:00:00+00:00,664.05,730.8,32.49,40.06,1.2,TNP_0005,1,2016
2016-02-21 05:00:00+00:00,850.8,884.33,35.18,31.17,1.65,TNP_0005,1,2016
2016-02-21 06:00:00+00:00,926.17,945.83,37.0,26.29,1.94,TNP_0005,1,2016
2016-02-21 07:00:00+00:00,915.6,945.25,38.2,23.09,2.24,TNP_0005,1,2016
2016-02-21 08:00:00+00:00,846.58,863.42,38.78,21.25,2.59,TNP_0005,1,2016
2016-02-21 09:00:00+00:00,700.03,708.72,38.69,20.47,2.99,TNP_0005,1,2016
2016-02-21 10:00:00+00:00,497.1,497.52,37.92,20.72,3.49,TNP_0005,1,2016
2016-02-21 11:00:00+00:00,253.32,255.12,36.41,22.35,4.07,TNP_0005,1,2016
2016-02-21 12:00:00+00:00,43.1,43.53,32.85,28.89,3.29,TNP_0005,1,2016
2016-02-21 13:00:00+00:00,0.0,0.0,30.72,34.67,4.6,TNP_0005,1,2016
2016-02-21 14:00:00+00:00,0.0,0.0,29.3,41.77,5.73,TNP_0005,1,2016
2016-02-21 15:00:00+00:00,0.0,0.0,27.56,52.5,5.71,TNP_0005,1,2016
2016-02-21 16:00:00+00:00,0.0,0.0,26.09,64.06,4.81,TNP_0005,1,2016
2016-02-21 17:00:00+00:00,0.0,0.0,25.01,73.78,3.49,TNP_0005,1,2016
2016-02-21 18:00:00+00:00,0.0,0.0,24.17,81.3,2.38,TNP_0005,1,2016
2016-02-21 19:00:00+00:00,0.0,0.0,23.53,86.52,1.57,TNP_0005,1,2016
2016-02-21 20:00:00+00:00,0.0,0.0,23.07,90.1,0.96,TNP_0005,1,2016
2016-02-21 21:00:00+00:00,0.0,0.0,22.97,90.9,0.67,TNP_0005,1,2016
2016-02-21 22:00:00+00:00,0.0,0.0,22.96,90.73,0.44,TNP_0005,1,2016
2016-02-21 23:00:00+00:00,0.0,0.0,22.83,91.39,0.37,TNP_0005,1,2016
2016-02-22 00:00:00+00:00,0.0,0.0,22.66,92.18,0.41,TNP_0005,1,2016
2016-02-22 01:00:00+00:00,48.15,48.47,23.6,86.7,0.66,TNP_0005,1,2016
2016-02-22 02:00:00+00:00,269.85,274.08,26.07,71.73,1.03,TNP_0005,1,2016
2016-02-22 03:00:00+00:00,516.8,522.58,29.59,51.45,1.39,TNP_0005,1,2016
2016-02-22 04:00:00+00:00,735.42,735.83,32.74,37.16,1.79,TNP_0005,1,2016
2016-02-22 05:00:00+00:00,889.3,889.95,35.12,28.91,2.29,TNP_0005,1,2016
2016-02-22 06:00:00+00:00,975.55,976.8,36.91,23.41,2.76,TNP_0005,1,2016
2016-02-22 07:00:00+00:00,967.5,976.17,38.13,19.83,3.2,TNP_0005,1,2016
2016-02-22 08:00:00+00:00,889.5,895.7,38.69,17.75,3.62,TNP_0005,1,2016
2016-02-22 09:00:00+00:00,733.08,740.97,38.66,16.52,3.99,TNP_0005,1,2016
2016-02-22 10:00:00+00:00,526.38,526.92,37.91,16.25,4.48,TNP_0005,1,2016
2016-02-22 11:00:00+00:00,275.58,276.67,36.3,17.44,4.99,TNP_0005,1,2016
2016-02-22 12:00:00+00:00,48.95,49.33,32.38,23.4,3.87,TNP_0005,1,2016
2016-02-22 13:00:00+00:00,0.0,0.0,29.96,29.53,5.09,TNP_0005,1,2016
2016-02-22 14:00:00+00:00,0.0,0.0,28.35,37.69,5.85,TNP_0005,1,2016
2016-02-22 15:00:00+00:00,0.0,0.0,26.56,49.0,5.15,TNP_0005,1,2016
2016-02-22 16:00:00+00:00,0.0,0.0,25.07,60.17,4.03,TNP_0005,1,2016
2016-02-22 17:00:00+00:00,0.0,0.0,23.84,70.32,3.11,TNP_0005,1,2016
2016-02-22 18:00:00+00:00,0.0,0.0,22.82,78.82,2.44,TNP_0005,1,2016
2016-02-22 19:00:00+00:00,0.0,0.0,21.9,85.88,1.92,TNP_0005,1,2016
2016-02-22 20:00:00+00:00,0.0,0.0,21.12,91.67,1.64,TNP_0005,1,2016
2016-02-22 21:00:00+00:00,0.0,0.0,20.54,95.92,1.45,TNP_0005,1,2016
2016-02-22 22:00:00+00:00,0.0,0.0,20.31,97.88,1.16,TNP_0005,1,2016
2016-02-22 23:00:00+00:00,0.0,0.0,20.4,97.37,0.86,TNP_0005,1,2016
2016-02-23 00:00:00+00:00,0.0,0.0,20.49,96.7,0.79,TNP_0005,1,2016
2016-02-23 01:00:00+00:00,54.7,57.65,21.69,89.32,1.05,TNP_0005,1,2016
2016-02-23 02:00:00+00:00,271.65,302.15,24.25,72.38,1.74,TNP_0005,1,2016
2016-02-23 03:00:00+00:00,500.85,556.55,27.14,56.06,1.76,TNP_0005,1,2016
2016-02-23 04:00:00+00:00,751.7,772.0,30.12,41.46,1.83,TNP_0005,1,2016
2016-02-23 05:00:00+00:00,923.33,924.67,32.98,29.35,1.82,TNP_0005,1,2016
2016-02-23 06:00:00+00:00,991.42,992.3,35.17,22.33,1.73,TNP_0005,1,2016
2016-02-23 07:00:00+00:00,988.9,991.1,36.64,18.49,1.85,TNP_0005,1,2016
2016-02-23 08:00:00+00:00,909.45,909.45,37.43,16.36,2.22,TNP_0005,1,2016
2016-02-23 09:00:00+00:00,749.9,752.12,37.51,15.45,2.71,TNP_0005,1,2016
2016-02-23 10:00:00+00:00,533.55,534.03,36.85,15.61,3.37,TNP_0005,1,2016
2016-02-23 11:00:00+00:00,278.62,280.6,35.34,17.19,4.06,TNP_0005,1,2016
2016-02-23 12:00:00+00:00,48.7,49.35,31.27,24.09,3.18,TNP_0005,1,2016
2016-02-23 13:00:00+00:00,0.0,0.0,28.8,30.68,3.93,TNP_0005,1,2016
2016-02-23 14:00:00+00:00,0.0,0.0,27.9,37.24,5.0,TNP_0005,1,2016
2016-02-23 15:00:00+00:00,0.0,0.0,26.33,47.38,5.1,TNP_0005,1,2016
2016-02-23 16:00:00+00:00,0.0,0.0,24.8,58.35,4.61,TNP_0005,1,2016
2016-02-23 17:00:00+00:00,0.0,0.0,23.46,68.7,3.64,TNP_0005,1,2016
2016-02-23 18:00:00+00:00,0.0,0.0,22.41,76.67,2.78,TNP_0005,1,2016
2016-02-23 19:00:00+00:00,0.0,0.0,21.57,82.69,2.0,TNP_0005,1,2016
2016-02-23 20:00:00+00:00,0.0,0.0,20.89,87.36,1.31,TNP_0005,1,2016
2016-02-23 21:00:00+00:00,0.0,0.0,20.5,90.05,0.94,TNP_0005,1,2016
2016-02-23 22:00:00+00:00,0.0,0.0,20.29,91.29,0.58,TNP_0005,1,2016
2016-02-23 23:00:00+00:00,0.0,0.0,20.08,92.31,0.64,TNP_0005,1,2016
2016-02-24 00:00:00+00:00,0.0,0.0,19.8,93.66,0.94,TNP_0005,1,2016
2016-02-24 01:00:00+00:00,52.45,53.25,21.08,86.06,1.18,TNP_0005,1,2016
2016-02-24 02:00:00+00:00,281.35,287.1,24.55,66.07,1.08,TNP_0005,1,2016
2016-02-24 03:00:00+00:00,530.55,539.03,27.77,50.74,1.45,TNP_0005,1,2016
2016-02-24 04:00:00+00:00,751.25,754.5,30.61,40.41,1.53,TNP_0005,1,2016
2016-02-24 05:00:00+00:00,906.4,909.72,33.28,30.92,1.57,TNP_0005,1,2016
2016-02-24 06:00:00+00:00,994.35,996.55,35.47,23.65,1.82,TNP_0005,1,2016
2016-02-24 07:00:00+00:00,995.03,995.25,36.98,19.22,2.21,TNP_0005,1,2016
2016-02-24 08:00:00+00:00,895.03,914.0,37.78,16.6,2.59,TNP_0005,1,2016
2016-02-24 09:00:00+00:00,754.17,758.47,37.8,15.41,2.89,TNP_0005,1,2016
2016-02-24 10:00:00+00:00,541.45,542.0,37.12,15.15,3.16,TNP_0005,1,2016
2016-02-24 11:00:00+00:00,286.33,288.35,35.69,16.02,3.5,TNP_0005,1,2016
2016-02-24 12:00:00+00:00,51.35,51.9,31.3,22.76,2.76,TNP_0005,1,2016
2016-02-24 13:00:00+00:00,0.0,0.0,28.54,27.77,3.31,TNP_0005,1,2016
2016-02-24 14:00:00+00:00,0.0,0.0,27.61,32.91,4.07,TNP_0005,1,2016
2016-02-24 15:00:00+00:00,0.0,0.0,26.26,42.38,4.8,TNP_0005,1,2016
2016-02-24 16:00:00+00:00,0.0,0.0,24.77,54.22,4.66,TNP_0005,1,2016
2016-02-24 17:00:00+00:00,0.0,0.0,23.57,65.2,3.87,TNP_0005,1,2016
2016-02-24 18:00:00+00:00,0.0,0.0,22.59,74.19,2.67,TNP_0005,1,2016
2016-02-24 19:00:00+00:00,0.0,0.0,21.85,80.88,1.58,TNP_0005,1,2016
2016-02-24 20:00:00+00:00,0.0,0.0,21.48,84.86,1.0,TNP_0005,1,2016
2016-02-24 21:00:00+00:00,0.0,0.0,21.33,86.91,0.56,TNP_0005,1,2016
2016-02-24 22:00:00+00:00,0.0,0.0,21.03,89.16,0.59,TNP_0005,1,2016
2016-02-24 23:00:00+00:00,0.0,0.0,20.76,91.14,0.8,TNP_0005,1,2016
2016-02-25 00:00:00+00:00,0.0,0.0,20.58,92.55,0.99,TNP_0005,1,2016
2016-02-25 01:00:00+00:00,49.97,52.47,21.92,85.69,1.29,TNP_0005,1,2016
2016-02-25 02:00:00+00:00,259.75,281.85,25.56,66.37,0.75,TNP_0005,1,2016
2016-02-25 03:00:00+00:00,501.27,530.5,28.97,49.21,1.54,TNP_0005,1,2016
2016-02-25 04:00:00+00:00,695.42,742.42,31.75,39.28,1.74,TNP_0005,1,2016
2016-02-25 05:00:00+00:00,856.7,892.58,34.09,32.44,1.76,TNP_0005,1,2016
2016-02-25 06:00:00+00:00,927.25,961.22,36.06,27.26,1.97,TNP_0005,1,2016
2016-02-25 07:00:00+00:00,919.78,960.05,37.44,24.04,2.51,TNP_0005,1,2016
2016-02-25 08:00:00+00:00,834.47,877.15,38.09,22.48,3.18,TNP_0005,1,2016
2016-02-25 09:00:00+00:00,682.78,717.2,38.1,21.94,3.9,TNP_0005,1,2016
2016-02-25 10:00:00+00:00,481.67,499.98,37.36,22.55,4.62,TNP_0005,1,2016
2016-02-25 11:00:00+00:00,240.07,256.27,35.82,24.78,5.25,TNP_0005,1,2016
2016-02-25 12:00:00+00:00,42.4,43.58,33.01,30.43,4.65,TNP_0005,1,2016
2016-02-25 13:00:00+00:00,0.0,0.0,30.76,37.82,5.1,TNP_0005,1,2016
2016-02-25 14:00:00+00:00,0.0,0.0,29.21,46.35,5.4,TNP_0005,1,2016
2016-02-25 15:00:00+00:00,0.0,0.0,27.67,57.61,5.53,TNP_0005,1,2016
2016-02-25 16:00:00+00:00,0.0,0.0,26.43,68.08,4.94,TNP_0005,1,2016
2016-02-25 17:00:00+00:00,0.0,0.0,25.5,75.87,4.07,TNP_0005,1,2016
2016-02-25 18:00:00+00:00,0.0,0.0,24.8,81.06,3.07,TNP_0005,1,2016
2016-02-25 19:00:00+00:00,0.0,0.0,24.3,84.51,2.22,TNP_0005,1,2016
2016-02-25 20:00:00+00:00,0.0,0.0,23.97,86.73,1.95,TNP_0005,1,2016
2016-02-25 21:00:00+00:00,0.0,0.0,23.79,87.86,2.15,TNP_0005,1,2016
2016-02-25 22:00:00+00:00,0.0,0.0,23.56,88.98,2.03,TNP_0005,1,2016
2016-02-25 23:00:00+00:00,0.0,0.0,23.29,90.32,1.89,TNP_0005,1,2016
2016-02-26 00:00:00+00:00,0.0,0.0,23.02,91.61,1.8,TNP_0005,1,2016
2016-02-26 01:00:00+00:00,47.2,52.25,24.03,84.99,2.97,TNP_0005,1,2016
2016-02-26 02:00:00+00:00,231.5,281.58,26.4,68.89,3.73,TNP_0005,1,2016
2016-02-26 03:00:00+00:00,452.98,531.47,28.97,55.56,3.87,TNP_0005,1,2016
2016-02-26 04:00:00+00:00,651.38,745.97,31.49,45.33,4.1,TNP_0005,1,2016
2016-02-26 05:00:00+00:00,798.9,901.1,33.72,36.8,4.32,TNP_0005,1,2016
2016-02-26 06:00:00+00:00,873.08,975.17,35.47,30.58,4.5,TNP_0005,1,2016
2016-02-26 07:00:00+00:00,867.22,974.1,36.62,26.73,4.65,TNP_0005,1,2016
2016-02-26 08:00:00+00:00,726.6,893.22,37.11,25.07,4.84,TNP_0005,1,2016
2016-02-26 09:00:00+00:00,623.85,739.45,36.81,25.44,5.18,TNP_0005,1,2016
2016-02-26 10:00:00+00:00,386.5,526.45,35.85,27.46,5.76,TNP_0005,1,2016
2016-02-26 11:00:00+00:00,212.85,279.25,34.1,31.75,6.35,TNP_0005,1,2016
2016-02-26 12:00:00+00:00,42.7,50.22,31.6,38.61,6.23,TNP_0005,1,2016
2016-02-26 13:00:00+00:00,0.0,0.0,29.46,45.96,5.69,TNP_0005,1,2016
2016-02-26 14:00:00+00:00,0.0,0.0,27.78,52.73,5.86,TNP_0005,1,2016
2016-02-26 15:00:00+00:00,0.0,0.0,26.25,59.38,5.23,TNP_0005,1,2016
2016-02-26 16:00:00+00:00,0.0,0.0,25.06,65.3,4.03,TNP_0005,1,2016
2016-02-26 17:00:00+00:00,0.0,0.0,24.1,70.65,3.0,TNP_0005,1,2016
2016-02-26 18:00:00+00:00,0.0,0.0,23.17,76.22,2.17,TNP_0005,1,2016
2016-02-26 19:00:00+00:00,0.0,0.0,22.36,81.42,1.83,TNP_0005,1,2016
2016-02-26 20:00:00+00:00,0.0,0.0,21.68,85.89,1.71,TNP_0005,1,2016
2016-02-26 21:00:00+00:00,0.0,0.0,21.1,89.78,1.74,TNP_0005,1,2016
2016-02-26 22:00:00+00:00,0.0,0.0,20.56,93.26,1.78,TNP_0005,1,2016
2016-02-26 23:00:00+00:00,0.0,0.0,20.15,95.89,1.8,TNP_0005,1,2016
2016-02-27 00:00:00+00:00,0.0,0.0,19.86,97.5,1.81,TNP_0005,1,2016
2016-02-27 01:00:00+00:00,38.3,53.72,21.36,88.49,2.73,TNP_0005,1,2016
2016-02-27 02:00:00+00:00,210.2,283.38,24.68,67.75,3.06,TNP_0005,1,2016
2016-02-27 03:00:00+00:00,445.92,530.1,27.73,53.47,3.19,TNP_0005,1,2016
2016-02-27 04:00:00+00:00,653.28,741.15,30.38,45.47,3.73,TNP_0005,1,2016
2016-02-27 05:00:00+00:00,798.72,891.6,32.65,39.49,4.28,TNP_0005,1,2016
2016-02-27 06:00:00+00:00,838.4,946.72,34.52,34.87,4.77,TNP_0005,1,2016
2016-02-27 07:00:00+00:00,738.67,947.67,35.8,31.65,5.14,TNP_0005,1,2016
2016-02-27 08:00:00+00:00,698.5,867.67,36.26,30.23,5.5,TNP_0005,1,2016
2016-02-27 09:00:00+00:00,590.17,713.8,35.81,30.55,5.85,TNP_0005,1,2016
2016-02-27 10:00:00+00:00,393.48,505.58,34.84,32.17,6.14,TNP_0005,1,2016
2016-02-27 11:00:00+00:00,204.18,263.48,33.21,35.61,6.38,TNP_0005,1,2016
2016-02-27 12:00:00+00:00,41.1,46.53,31.15,41.35,6.22,TNP_0005,1,2016
2016-02-27 13:00:00+00:00,0.0,0.0,29.38,48.31,6.03,TNP_0005,1,2016
2016-02-27 14:00:00+00:00,0.0,0.0,27.9,56.09,6.4,TNP_0005,1,2016
2016-02-27 15:00:00+00:00,0.0,0.0,26.53,64.81,6.43,TNP_0005,1,2016
2016-02-27 16:00:00+00:00,0.0,0.0,25.55,72.29,5.5,TNP_0005,1,2016
2016-02-27 17:00:00+00:00,0.0,0.0,24.89,78.14,4.5,TNP_0005,1,2016
2016-02-27 18:00:00+00:00,0.0,0.0,24.42,82.65,3.68,TNP_0005,1,2016
2016-02-27 19:00:00+00:00,0.0,0.0,24.04,86.13,2.88,TNP_0005,1,2016
2016-02-27 20:00:00+00:00,0.0,0.0,23.81,88.22,2.36,TNP_0005,1,2016
2016-02-27 21:00:00+00:00,0.0,0.0,23.68,89.05,1.95,TNP_0005,1,2016
2016-02-27 22:00:00+00:00,0.0,0.0,23.53,89.7,1.54,TNP_0005,1,2016
2016-02-27 23:00:00+00:00,0.0,0.0,23.28,90.94,1.2,TNP_0005,1,2016
2016-02-28 00:00:00+00:00,0.0,0.0,23.07,91.9,1.23,TNP_0005,1,2016
2016-02-28 01:00:00+00:00,46.22,53.85,24.0,86.21,2.11,TNP_0005,1,2016
2016-02-28 02:00:00+00:00,215.43,283.95,26.4,70.41,2.55,TNP_0005,1,2016
2016-02-28 03:00:00+00:00,414.9,531.1,29.44,53.42,2.83,TNP_0005,1,2016
2016-02-28 04:00:00+00:00,564.78,740.72,31.97,42.99,3.24,TNP_0005,1,2016
2016-02-28 05:00:00+00:00,684.53,890.28,34.05,36.21,3.69,TNP_0005,1,2016
2016-02-28 06:00:00+00:00,829.45,965.08,35.71,31.65,4.19,TNP_0005,1,2016
2016-02-28 07:00:00+00:00,817.5,963.65,36.79,28.86,4.75,TNP_0005,1,2016
2016-02-28 08:00:00+00:00,741.35,881.9,37.22,27.54,5.34,TNP_0005,1,2016
2016-02-28 09:00:00+00:00,633.1,726.55,37.05,27.38,5.79,TNP_0005,1,2016
2016-02-28 10:00:00+00:00,435.75,513.08,36.04,28.86,6.24,TNP_0005,1,2016
2016-02-28 11:00:00+00:00,218.55,265.35,34.19,32.53,6.65,TNP_0005,1,2016
2016-02-28 12:00:00+00:00,40.85,46.38,31.65,38.86,6.25,TNP_0005,1,2016
2016-02-28 13:00:00+00:00,0.0,0.0,29.57,46.12,5.6,TNP_0005,1,2016
2016-02-28 14:00:00+00:00,0.0,0.0,28.07,53.28,5.72,TNP_0005,1,2016
2016-02-28 15:00:00+00:00,0.0,0.0,26.7,61.51,6.02,TNP_0005,1,2016
2016-02-28 16:00:00+00:00,0.0,0.0,25.65,69.09,5.33,TNP_0005,1,2016
2016-02-28 17:00:00+00:00,0.0,0.0,24.82,75.63,4.49,TNP_0005,1,2016
2016-02-28 18:00:00+00:00,0.0,0.0,24.1,81.14,3.6,TNP_0005,1,2016
2016-02-28 19:00:00+00:00,0.0,0.0,23.66,84.24,2.97,TNP_0005,1,2016
2016-02-28 20:00:00+00:00,0.0,0.0,23.39,85.98,2.43,TNP_0005,1,2016
2016-02-28 21:00:00+00:00,0.0,0.0,23.24,86.46,2.27,TNP_0005,1,2016
2016-02-28 22:00:00+00:00,0.0,0.0,23.16,86.21,2.25,TNP_0005,1,2016
2016-02-28 23:00:00+00:00,0.0,0.0,22.98,86.57,2.0,TNP_0005,1,2016
2016-02-29 00:00:00+00:00,0.0,0.0,22.78,86.57,1.82,TNP_0005,1,2016
2016-02-29 01:00:00+00:00,41.95,53.3,23.46,81.93,2.79,TNP_0005,1,2016
2016-02-29 02:00:00+00:00,216.02,279.08,25.03,72.1,3.27,TNP_0005,1,2016
2016-02-29 03:00:00+00:00,440.6,524.75,27.14,59.82,3.36,TNP_0005,1,2016
2016-02-29 04:00:00+00:00,607.33,735.92,29.17,48.78,3.51,TNP_0005,1,2016
2016-02-29 05:00:00+00:00,735.7,886.67,30.94,40.29,3.6,TNP_0005,1,2016
2016-02-29 06:00:00+00:00,721.65,903.12,32.71,33.64,3.76,TNP_0005,1,2016
2016-02-29 07:00:00+00:00,680.97,902.62,34.11,29.12,4.13,TNP_0005,1,2016
2016-02-29 08:00:00+00:00,530.25,821.15,34.77,26.87,4.63,TNP_0005,1,2016
2016-02-29 09:00:00+00:00,499.15,667.4,34.64,26.59,5.28,TNP_0005,1,2016
2016-02-29 10:00:00+00:00,315.75,457.0,33.86,27.96,5.93,TNP_0005,1,2016
2016-02-29 11:00:00+00:00,170.1,227.62,32.08,32.05,6.14,TNP_0005,1,2016
2016-02-29 12:00:00+00:00,34.88,38.67,29.83,39.17,5.53,TNP_0005,1,2016
2016-02-29 13:00:00+00:00,0.0,0.0,28.02,47.65,4.91,TNP_0005,1,2016
2016-02-29 14:00:00+00:00,0.0,0.0,26.74,56.41,5.21,TNP_0005,1,2016
2016-02-29 15:00:00+00:00,0.0,0.0,25.63,65.37,5.21,TNP_0005,1,2016
2016-02-29 16:00:00+00:00,0.0,0.0,24.78,72.63,4.57,TNP_0005,1,2016
2016-02-29 17:00:00+00:00,0.0,0.0,24.1,78.55,3.78,TNP_0005,1,2016
2016-02-29 18:00:00+00:00,0.0,0.0,23.54,83.15,3.0,TNP_0005,1,2016
2016-02-29 19:00:00+00:00,0.0,0.0,23.03,87.14,2.38,TNP_0005,1,2016
2016-02-29 20:00:00+00:00,0.0,0.0,22.56,90.37,1.82,TNP_0005,1,2016
2016-02-29 21:00:00+00:00,0.0,0.0,22.29,92.05,1.62,TNP_0005,1,2016
2016-02-29 22:00:00+00:00,0.0,0.0,22.05,93.23,1.53,TNP_0005,1,2016
2016-02-29 23:00:00+00:00,0.0,0.0,21.71,94.86,1.35,TNP_0005,1,2016
2016-03-01 00:00:00+00:00,0.0,0.0,21.57,95.32,1.27,TNP_0005,1,2016
2016-03-01 01:00:00+00:00,41.72,45.83,22.45,89.72,2.35,TNP_0005,1,2016
2016-03-01 02:00:00+00:00,186.82,243.12,24.22,78.03,3.05,TNP_0005,1,2016
2016-03-01 03:00:00+00:00,379.45,481.27,27.33,61.79,2.72,TNP_0005,1,2016
2016-03-01 04:00:00+00:00,540.95,693.75,30.33,48.5,2.75,TNP_0005,1,2016
2016-03-01 05:00:00+00:00,710.2,849.05,32.82,39.09,3.23,TNP_0005,1,2016
2016-03-01 06:00:00+00:00,777.33,898.2,34.72,33.06,3.74,TNP_0005,1,2016
2016-03-01 07:00:00+00:00,785.58,900.6,35.99,29.58,4.02,TNP_0005,1,2016
2016-03-01 08:00:00+00:00,732.28,820.67,36.33,28.36,4.34,TNP_0005,1,2016
2016-03-01 09:00:00+00:00,572.08,671.28,36.06,28.41,5.04,TNP_0005,1,2016
2016-03-01 10:00:00+00:00,297.58,465.0,35.17,29.64,5.76,TNP_0005,1,2016
2016-03-01 11:00:00+00:00,155.0,230.48,33.78,32.36,5.75,TNP_0005,1,2016
2016-03-01 12:00:00+00:00,35.15,39.92,31.7,37.63,5.05,TNP_0005,1,2016
2016-03-01 13:00:00+00:00,0.0,0.0,29.9,44.06,5.15,TNP_0005,1,2016
2016-03-01 14:00:00+00:00,0.0,0.0,28.51,50.83,5.31,TNP_0005,1,2016
2016-03-01 15:00:00+00:00,0.0,0.0,27.03,59.62,6.19,TNP_0005,1,2016
2016-03-01 16:00:00+00:00,0.0,0.0,25.83,67.26,5.57,TNP_0005,1,2016
2016-03-01 17:00:00+00:00,0.0,0.0,24.95,73.19,4.74,TNP_0005,1,2016
2016-03-01 18:00:00+00:00,0.0,0.0,24.28,77.77,3.85,TNP_0005,1,2016
2016-03-01 19:00:00+00:00,0.0,0.0,23.75,81.29,2.95,TNP_0005,1,2016
2016-03-01 20:00:00+00:00,0.0,0.0,23.44,83.26,2.54,TNP_0005,1,2016
2016-03-01 21:00:00+00:00,0.0,0.0,23.16,84.61,2.32,TNP_0005,1,2016
2016-03-01 22:00:00+00:00,0.0,0.0,22.89,85.63,2.26,TNP_0005,1,2016
2016-03-01 23:00:00+00:00,0.0,0.0,22.6,86.62,2.12,TNP_0005,1,2016
2016-03-02 00:00:00+00:00,0.0,0.0,22.34,87.57,1.87,TNP_0005,1,2016
2016-03-02 01:00:00+00:00,48.75,53.15,23.1,82.82,2.86,TNP_0005,1,2016
2016-03-02 02:00:00+00:00,212.82,270.08,25.17,70.0,3.69,TNP_0005,1,2016
2016-03-02 03:00:00+00:00,431.17,513.85,27.78,55.56,3.95,TNP_0005,1,2016
2016-03-02 04:00:00+00:00,591.88,726.47,30.46,43.42,4.0,TNP_0005,1,2016
2016-03-02 05:00:00+00:00,786.42,877.1,32.76,35.27,3.82,TNP_0005,1,2016
2016-03-02 06:00:00+00:00,801.17,866.45,34.61,30.13,3.79,TNP_0005,1,2016
2016-03-02 07:00:00+00:00,706.72,865.47,35.88,26.98,3.98,TNP_0005,1,2016
2016-03-02 08:00:00+00:00,706.95,790.8,36.19,25.95,4.19,TNP_0005,1,2016
2016-03-02 09:00:00+00:00,594.35,644.38,35.81,26.24,4.46,TNP_0005,1,2016
2016-03-02 10:00:00+00:00,404.73,436.88,34.75,27.79,4.93,TNP_0005,1,2016
2016-03-02 11:00:00+00:00,211.48,219.5,33.2,30.74,5.42,TNP_0005,1,2016
2016-03-02 12:00:00+00:00,36.08,36.92,31.28,35.54,5.17,TNP_0005,1,2016
2016-03-02 13:00:00+00:00,0.0,0.0,29.58,41.4,4.87,TNP_0005,1,2016
2016-03-02 14:00:00+00:00,0.0,0.0,27.89,48.58,4.3,TNP_0005,1,2016
2016-03-02 15:00:00+00:00,0.0,0.0,26.5,56.69,4.98,TNP_0005,1,2016
2016-03-02 16:00:00+00:00,0.0,0.0,25.35,64.68,4.38,TNP_0005,1,2016
2016-03-02 17:00:00+00:00,0.0,0.0,24.49,71.5,3.57,TNP_0005,1,2016
2016-03-02 18:00:00+00:00,0.0,0.0,23.8,77.52,3.04,TNP_0005,1,2016
2016-03-02 19:00:00+00:00,0.0,0.0,23.07,83.52,2.3,TNP_0005,1,2016
2016-03-02 20:00:00+00:00,0.0,0.0,22.48,88.43,1.75,TNP_0005,1,2016
2016-03-02 21:00:00+00:00,0.0,0.0,22.5,89.61,1.98,TNP_0005,1,2016
2016-03-02 22:00:00+00:00,0.0,0.0,22.41,90.57,1.84,TNP_0005,1,2016
2016-03-02 23:00:00+00:00,0.0,0.0,22.31,91.1,1.7,TNP_0005,1,2016
2016-03-03 00:00:00+00:00,0.0,0.0,22.14,91.6,1.5,TNP_0005,1,2016
2016-03-03 01:00:00+00:00,50.22,51.22,22.82,86.7,2.44,TNP_0005,1,2016
2016-03-03 02:00:00+00:00,244.68,260.38,24.6,74.05,3.02,TNP_0005,1,2016
2016-03-03 03:00:00+00:00,470.23,503.02,27.55,54.18,3.64,TNP_0005,1,2016
2016-03-03 04:00:00+00:00,686.47,715.83,30.81,37.11,4.62,TNP_0005,1,2016
2016-03-03 05:00:00+00:00,837.53,870.15,33.16,28.87,5.35,TNP_0005,1,2016
2016-03-03 06:00:00+00:00,917.67,962.2,34.78,24.83,5.74,TNP_0005,1,2016
2016-03-03 07:00:00+00:00,888.22,960.78,35.62,23.14,5.92,TNP_0005,1,2016
2016-03-03 08:00:00+00:00,829.25,878.0,35.84,22.93,5.99,TNP_0005,1,2016
2016-03-03 09:00:00+00:00,683.17,721.53,35.48,23.97,6.03,TNP_0005,1,2016
2016-03-03 10:00:00+00:00,500.35,506.95,34.48,26.26,6.24,TNP_0005,1,2016
2016-03-03 11:00:00+00:00,246.1,261.25,32.78,30.3,6.43,TNP_0005,1,2016
2016-03-03 12:00:00+00:00,42.58,45.7,30.46,36.71,5.58,TNP_0005,1,2016
2016-03-03 13:00:00+00:00,0.0,0.0,28.56,43.86,4.66,TNP_0005,1,2016
2016-03-03 14:00:00+00:00,0.0,0.0,27.32,49.89,4.23,TNP_0005,1,2016
2016-03-03 15:00:00+00:00,0.0,0.0,26.29,55.68,3.67,TNP_0005,1,2016
2016-03-03 16:00:00+00:00,0.0,0.0,25.39,61.41,3.23,TNP_0005,1,2016
2016-03-03 17:00:00+00:00,0.0,0.0,24.62,66.34,2.52,TNP_0005,1,2016
2016-03-03 18:00:00+00:00,0.0,0.0,23.93,70.77,1.88,TNP_0005,1,2016
2016-03-03 19:00:00+00:00,0.0,0.0,23.34,74.82,1.6,TNP_0005,1,2016
2016-03-03 20:00:00+00:00,0.0,0.0,22.8,78.47,1.42,TNP_0005,1,2016
2016-03-03 21:00:00+00:00,0.0,0.0,22.31,81.66,1.33,TNP_0005,1,2016
2016-03-03 22:00:00+00:00,0.0,0.0,21.83,84.78,1.39,TNP_0005,1,2016
2016-03-03 23:00:00+00:00,0.0,0.0,21.39,87.71,1.45,TNP_0005,1,2016
2016-03-04 00:00:00+00:00,0.0,0.0,21.17,89.33,1.42,TNP_0005,1,2016
2016-03-04 01:00:00+00:00,52.72,56.95,22.03,85.12,1.86,TNP_0005,1,2016
2016-03-04 02:00:00+00:00,246.68,279.88,23.79,76.25,2.46,TNP_0005,1,2016
2016-03-04 03:00:00+00:00,485.45,527.53,26.0,60.46,2.68,TNP_0005,1,2016
2016-03-04 04:00:00+00:00,692.5,740.65,28.38,44.52,3.03,TNP_0005,1,2016
2016-03-04 05:00:00+00:00,867.3,893.95,30.28,35.04,3.23,TNP_0005,1,2016
2016-03-04 06:00:00+00:00,906.9,953.4,31.81,29.45,3.34,TNP_0005,1,2016
2016-03-04 07:00:00+00:00,788.75,949.5,32.91,25.75,3.59,TNP_0005,1,2016
2016-03-04 08:00:00+00:00,762.28,861.62,33.53,23.35,3.97,TNP_0005,1,2016
2016-03-04 09:00:00+00:00,583.28,698.67,33.59,22.05,4.33,TNP_0005,1,2016
2016-03-04 10:00:00+00:00,408.4,475.2,33.06,22.03,4.64,TNP_0005,1,2016
2016-03-04 11:00:00+00:00,214.7,235.65,31.88,23.72,4.73,TNP_0005,1,2016
2016-03-04 12:00:00+00:00,38.03,39.55,29.18,29.7,3.2,TNP_0005,1,2016
2016-03-04 13:00:00+00:00,0.0,0.0,27.14,36.45,3.03,TNP_0005,1,2016
2016-03-04 14:00:00+00:00,0.0,0.0,26.35,42.21,3.3,TNP_0005,1,2016
2016-03-04 15:00:00+00:00,0.0,0.0,25.39,49.56,3.21,TNP_0005,1,2016
2016-03-04 16:00:00+00:00,0.0,0.0,24.29,58.35,2.92,TNP_0005,1,2016
2016-03-04 17:00:00+00:00,0.0,0.0,23.2,67.86,2.57,TNP_0005,1,2016
2016-03-04 18:00:00+00:00,0.0,0.0,22.18,77.25,2.23,TNP_0005,1,2016
2016-03-04 19:00:00+00:00,0.0,0.0,21.46,84.7,1.93,TNP_0005,1,2016
2016-03-04 20:00:00+00:00,0.0,0.0,21.01,89.67,1.72,TNP_0005,1,2016
2016-03-04 21:00:00+00:00,0.0,0.0,20.59,93.52,1.57,TNP_0005,1,2016
2016-03-04 22:00:00+00:00,0.0,0.0,20.32,95.92,1.49,TNP_0005,1,2016
2016-03-04 23:00:00+00:00,0.0,0.0,20.3,96.53,1.4,TNP_0005,1,2016
2016-03-05 00:00:00+00:00,0.0,0.0,20.46,95.84,1.22,TNP_0005,1,2016
2016-03-05 01:00:00+00:00,50.3,53.9,21.75,88.97,1.22,TNP_0005,1,2016
2016-03-05 02:00:00+00:00,237.95,265.83,24.16,76.48,1.52,TNP_0005,1,2016
2016-03-05 03:00:00+00:00,481.75,508.85,26.87,58.67,1.74,TNP_0005,1,2016
2016-03-05 04:00:00+00:00,690.6,721.05,29.51,44.19,1.89,TNP_0005,1,2016
2016-03-05 05:00:00+00:00,846.17,875.8,31.85,35.1,1.97,TNP_0005,1,2016
2016-03-05 06:00:00+00:00,981.22,990.42,33.98,28.8,2.33,TNP_0005,1,2016
2016-03-05 07:00:00+00:00,976.47,987.15,35.75,24.51,2.8,TNP_0005,1,2016
2016-03-05 08:00:00+00:00,895.85,902.28,36.75,21.92,3.24,TNP_0005,1,2016
2016-03-05 09:00:00+00:00,728.3,743.33,36.94,20.66,3.72,TNP_0005,1,2016
2016-03-05 10:00:00+00:00,491.73,525.42,36.37,20.55,4.21,TNP_0005,1,2016
2016-03-05 11:00:00+00:00,246.7,273.8,35.05,21.86,4.57,TNP_0005,1,2016
2016-03-05 12:00:00+00:00,45.65,48.58,31.73,27.51,3.39,TNP_0005,1,2016
2016-03-05 13:00:00+00:00,0.0,0.0,29.28,34.22,3.86,TNP_0005,1,2016
2016-03-05 14:00:00+00:00,0.0,0.0,28.5,40.54,5.19,TNP_0005,1,2016
2016-03-05 15:00:00+00:00,0.0,0.0,26.89,50.97,4.85,TNP_0005,1,2016
2016-03-05 16:00:00+00:00,0.0,0.0,25.43,62.72,4.38,TNP_0005,1,2016
2016-03-05 17:00:00+00:00,0.0,0.0,24.33,73.47,4.06,TNP_0005,1,2016
2016-03-05 18:00:00+00:00,0.0,0.0,23.48,80.97,3.3,TNP_0005,1,2016
2016-03-05 19:00:00+00:00,0.0,0.0,22.89,86.07,2.63,TNP_0005,1,2016
2016-03-05 20:00:00+00:00,0.0,0.0,22.42,89.48,1.86,TNP_0005,1,2016
2016-03-05 21:00:00+00:00,0.0,0.0,22.25,90.39,1.4,TNP_0005,1,2016
2016-03-05 22:00:00+00:00,0.0,0.0,21.98,91.66,1.11,TNP_0005,1,2016
2016-03-05 23:00:00+00:00,0.0,0.0,21.81,92.31,0.99,TNP_0005,1,2016
2016-03-06 00:00:00+00:00,0.0,0.0,21.69,92.46,0.88,TNP_0005,1,2016
2016-03-06 01:00:00+00:00,59.67,60.7,22.77,85.03,1.01,TNP_0005,1,2016
2016-03-06 02:00:00+00:00,285.02,292.98,24.79,69.38,1.05,TNP_0005,1,2016
2016-03-06 03:00:00+00:00,533.72,546.75,27.8,50.07,1.01,TNP_0005,1,2016
2016-03-06 04:00:00+00:00,759.65,762.67,30.98,34.67,1.27,TNP_0005,1,2016
2016-03-06 05:00:00+00:00,916.83,917.72,33.42,26.56,1.51,TNP_0005,1,2016
2016-03-06 06:00:00+00:00,1003.6,1004.95,35.47,21.54,1.89,TNP_0005,1,2016
2016-03-06 07:00:00+00:00,990.6,994.35,36.9,18.5,2.37,TNP_0005,1,2016
2016-03-06 08:00:00+00:00,907.78,908.9,37.62,17.02,2.93,TNP_0005,1,2016
2016-03-06 09:00:00+00:00,747.58,751.3,37.64,16.55,3.41,TNP_0005,1,2016
2016-03-06 10:00:00+00:00,533.8,534.5,37.01,16.9,4.01,TNP_0005,1,2016
2016-03-06 11:00:00+00:00,279.8,282.73,35.56,18.67,4.58,TNP_0005,1,2016
2016-03-06 12:00:00+00:00,50.62,51.38,32.14,24.42,3.53,TNP_0005,1,2016
2016-03-06 13:00:00+00:00,0.0,0.0,29.7,31.62,4.27,TNP_0005,1,2016
2016-03-06 14:00:00+00:00,0.0,0.0,28.76,38.72,5.54,TNP_0005,1,2016
2016-03-06 15:00:00+00:00,0.0,0.0,27.12,48.91,5.05,TNP_0005,1,2016
2016-03-06 16:00:00+00:00,0.0,0.0,25.71,59.96,4.53,TNP_0005,1,2016
2016-03-06 17:00:00+00:00,0.0,0.0,24.56,69.91,3.61,TNP_0005,1,2016
2016-03-06 18:00:00+00:00,0.0,0.0,23.8,76.76,2.7,TNP_0005,1,2016
2016-03-06 19:00:00+00:00,0.0,0.0,23.32,81.07,1.92,TNP_0005,1,2016
2016-03-06 20:00:00+00:00,0.0,0.0,23.07,83.83,1.68,TNP_0005,1,2016
2016-03-06 21:00:00+00:00,0.0,0.0,22.96,85.91,1.81,TNP_0005,1,2016
2016-03-06 22:00:00+00:00,0.0,0.0,22.85,87.1,1.52,TNP_0005,1,2016
2016-03-06 23:00:00+00:00,0.0,0.0,22.68,88.34,1.34,TNP_0005,1,2016
2016-03-07 00:00:00+00:00,0.0,0.0,22.42,89.7,1.14,TNP_0005,1,2016
2016-03-07 01:00:00+00:00,59.78,68.43,23.42,83.07,1.92,TNP_0005,1,2016
2016-03-07 02:00:00+00:00,252.77,308.48,25.43,69.87,2.26,TNP_0005,1,2016
2016-03-07 03:00:00+00:00,503.02,559.75,27.96,56.46,2.19,TNP_0005,1,2016
2016-03-07 04:00:00+00:00,725.67,773.4,30.76,43.68,2.16,TNP_0005,1,2016
2016-03-07 05:00:00+00:00,844.67,925.2,33.39,33.3,2.25,TNP_0005,1,2016
2016-03-07 06:00:00+00:00,959.83,987.28,35.47,26.54,2.52,TNP_0005,1,2016
2016-03-07 07:00:00+00:00,933.15,983.05,36.8,22.83,2.89,TNP_0005,1,2016
2016-03-07 08:00:00+00:00,852.0,898.15,37.37,20.94,3.3,TNP_0005,1,2016
2016-03-07 09:00:00+00:00,698.22,739.33,37.22,20.46,3.72,TNP_0005,1,2016
2016-03-07 10:00:00+00:00,488.4,521.95,36.6,20.68,4.22,TNP_0005,1,2016
2016-03-07 11:00:00+00:00,250.57,272.12,35.3,22.19,4.76,TNP_0005,1,2016
2016-03-07 12:00:00+00:00,46.7,48.53,32.39,27.17,3.92,TNP_0005,1,2016
2016-03-07 13:00:00+00:00,0.0,0.0,29.92,33.79,4.59,TNP_0005,1,2016
2016-03-07 14:00:00+00:00,0.0,0.0,28.64,40.33,5.52,TNP_0005,1,2016
2016-03-07 15:00:00+00:00,0.0,0.0,26.89,49.7,4.85,TNP_0005,1,2016
2016-03-07 16:00:00+00:00,0.0,0.0,25.45,59.69,4.28,TNP_0005,1,2016
2016-03-07 17:00:00+00:00,0.0,0.0,24.26,68.76,3.29,TNP_0005,1,2016
2016-03-07 18:00:00+00:00,0.0,0.0,23.29,76.09,2.41,TNP_0005,1,2016
2016-03-07 19:00:00+00:00,0.0,0.0,22.44,82.34,1.69,TNP_0005,1,2016
2016-03-07 20:00:00+00:00,0.0,0.0,21.79,87.04,1.42,TNP_0005,1,2016
2016-03-07 21:00:00+00:00,0.0,0.0,21.69,88.69,1.19,TNP_0005,1,2016
2016-03-07 22:00:00+00:00,0.0,0.0,21.61,90.03,1.03,TNP_0005,1,2016
2016-03-07 23:00:00+00:00,0.0,0.0,21.55,90.76,0.92,TNP_0005,1,2016
2016-03-08 00:00:00+00:00,0.0,0.0,21.45,91.33,0.84,TNP_0005,1,2016
2016-03-08 01:00:00+00:00,67.32,69.38,22.51,84.67,1.05,TNP_0005,1,2016
2016-03-08 02:00:00+00:00,287.3,308.88,24.7,70.2,1.07,TNP_0005,1,2016
2016-03-08 03:00:00+00:00,533.2,560.22,27.46,54.93,1.23,TNP_0005,1,2016
2016-03-08 04:00:00+00:00,757.0,774.62,30.38,41.56,1.44,TNP_0005,1,2016
2016-03-08 05:00:00+00:00,916.03,926.55,33.2,30.56,1.62,TNP_0005,1,2016
2016-03-08 06:00:00+00:00,992.22,994.47,35.5,23.72,1.81,TNP_0005,1,2016
2016-03-08 07:00:00+00:00,984.58,989.08,37.04,20.18,2.08,TNP_0005,1,2016
2016-03-08 08:00:00+00:00,898.4,903.58,37.88,18.44,2.44,TNP_0005,1,2016
2016-03-08 09:00:00+00:00,733.25,742.75,38.0,17.72,2.83,TNP_0005,1,2016
2016-03-08 10:00:00+00:00,517.88,524.1,37.4,18.05,3.46,TNP_0005,1,2016
2016-03-08 11:00:00+00:00,265.23,272.73,36.0,19.8,4.22,TNP_0005,1,2016
2016-03-08 12:00:00+00:00,47.17,48.6,32.87,25.32,3.61,TNP_0005,1,2016
2016-03-08 13:00:00+00:00,0.0,0.0,30.56,32.74,4.47,TNP_0005,1,2016
2016-03-08 14:00:00+00:00,0.0,0.0,29.64,40.46,5.53,TNP_0005,1,2016
2016-03-08 15:00:00+00:00,0.0,0.0,28.14,51.03,5.96,TNP_0005,1,2016
2016-03-08 16:00:00+00:00,0.0,0.0,26.61,61.41,5.99,TNP_0005,1,2016
2016-03-08 17:00:00+00:00,0.0,0.0,25.64,67.34,4.76,TNP_0005,1,2016
2016-03-08 18:00:00+00:00,0.0,0.0,25.01,71.01,3.36,TNP_0005,1,2016
2016-03-08 19:00:00+00:00,0.0,0.0,24.19,75.42,1.53,TNP_0005,1,2016
2016-03-08 20:00:00+00:00,0.0,0.0,23.42,79.72,0.96,TNP_0005,1,2016
2016-03-08 21:00:00+00:00,0.0,0.0,23.1,81.75,0.68,TNP_0005,1,2016
2016-03-08 22:00:00+00:00,0.0,0.0,22.82,83.45,0.38,TNP_0005,1,2016
2016-03-08 23:00:00+00:00,0.0,0.0,22.51,85.23,0.26,TNP_0005,1,2016
2016-03-09 00:00:00+00:00,0.0,0.0,22.14,87.23,0.5,TNP_0005,1,2016
2016-03-09 01:00:00+00:00,56.85,68.1,23.33,80.84,0.57,TNP_0005,1,2016
2016-03-09 02:00:00+00:00,225.93,301.83,26.25,63.98,0.5,TNP_0005,1,2016
2016-03-09 03:00:00+00:00,435.02,550.95,29.63,45.85,0.7,TNP_0005,1,2016
2016-03-09 04:00:00+00:00,634.7,761.97,32.6,34.12,1.11,TNP_0005,1,2016
2016-03-09 05:00:00+00:00,833.97,912.03,35.0,27.01,1.3,TNP_0005,1,2016
2016-03-09 06:00:00+00:00,762.28,982.75,36.93,22.25,1.55,TNP_0005,1,2016
2016-03-09 07:00:00+00:00,941.1,978.05,38.27,19.28,1.92,TNP_0005,1,2016
2016-03-09 08:00:00+00:00,852.47,892.33,38.35,18.14,2.35,TNP_0005,1,2016
2016-03-09 09:00:00+00:00,705.3,732.08,38.26,17.5,2.92,TNP_0005,1,2016
2016-03-09 10:00:00+00:00,505.92,514.28,37.81,17.43,3.45,TNP_0005,1,2016
2016-03-09 11:00:00+00:00,252.88,266.15,36.68,18.41,4.02,TNP_0005,1,2016
2016-03-09 12:00:00+00:00,44.92,47.1,33.52,22.87,3.36,TNP_0005,1,2016
2016-03-09 13:00:00+00:00,0.0,0.0,31.28,28.09,4.71,TNP_0005,1,2016
2016-03-09 14:00:00+00:00,0.0,0.0,29.96,34.69,6.01,TNP_0005,1,2016
2016-03-09 15:00:00+00:00,0.0,0.0,28.26,44.2,5.36,TNP_0005,1,2016
2016-03-09 16:00:00+00:00,0.0,0.0,26.98,53.66,4.43,TNP_0005,1,2016
2016-03-09 17:00:00+00:00,0.0,0.0,26.07,62.24,3.79,TNP_0005,1,2016
2016-03-09 18:00:00+00:00,0.0,0.0,25.36,69.52,3.17,TNP_0005,1,2016
2016-03-09 19:00:00+00:00,0.0,0.0,24.81,75.53,2.81,TNP_0005,1,2016
2016-03-09 20:00:00+00:00,0.0,0.0,24.38,79.58,2.24,TNP_0005,1,2016
2016-03-09 21:00:00+00:00,0.0,0.0,24.01,82.39,1.49,TNP_0005,1,2016
2016-03-09 22:00:00+00:00,0.0,0.0,23.69,84.48,1.16,TNP_0005,1,2016
2016-03-09 23:00:00+00:00,0.0,0.0,23.63,85.08,1.11,TNP_0005,1,2016
2016-03-10 00:00:00+00:00,0.0,0.0,23.55,85.55,1.11,TNP_0005,1,2016
2016-03-10 01:00:00+00:00,48.75,68.1,24.25,81.69,1.78,TNP_0005,1,2016
2016-03-10 02:00:00+00:00,205.52,299.8,26.05,71.37,2.11,TNP_0005,1,2016
2016-03-10 03:00:00+00:00,403.15,548.05,28.7,56.97,2.24,TNP_0005,1,2016
2016-03-10 04:00:00+00:00,592.75,760.2,31.3,44.53,2.35,TNP_0005,1,2016
2016-03-10 05:00:00+00:00,776.47,911.33,33.46,35.67,2.68,TNP_0005,1,2016
2016-03-10 06:00:00+00:00,934.5,983.67,35.08,29.9,3.08,TNP_0005,1,2016
2016-03-10 07:00:00+00:00,955.0,978.6,36.09,26.49,3.6,TNP_0005,1,2016
2016-03-10 08:00:00+00:00,874.55,892.55,36.43,24.6,4.1,TNP_0005,1,2016
2016-03-10 09:00:00+00:00,703.4,731.4,36.13,24.02,4.48,TNP_0005,1,2016
2016-03-10 10:00:00+00:00,497.55,511.77,35.3,24.49,4.8,TNP_0005,1,2016
2016-03-10 11:00:00+00:00,250.57,262.7,33.89,26.39,5.06,TNP_0005,1,2016
2016-03-10 12:00:00+00:00,44.85,46.33,31.65,30.99,4.29,TNP_0005,1,2016
2016-03-10 13:00:00+00:00,0.0,0.0,29.58,36.49,3.58,TNP_0005,1,2016
2016-03-10 14:00:00+00:00,0.0,0.0,28.62,40.82,3.5,TNP_0005,1,2016
2016-03-10 15:00:00+00:00,0.0,0.0,27.78,46.26,3.46,TNP_0005,1,2016
2016-03-10 16:00:00+00:00,0.0,0.0,26.99,52.89,3.58,TNP_0005,1,2016
2016-03-10 17:00:00+00:00,0.0,0.0,26.15,60.35,3.42,TNP_0005,1,2016
2016-03-10 18:00:00+00:00,0.0,0.0,25.38,67.8,3.02,TNP_0005,1,2016
2016-03-10 19:00:00+00:00,0.0,0.0,24.77,73.87,2.22,TNP_0005,1,2016
2016-03-10 20:00:00+00:00,0.0,0.0,24.29,78.41,1.52,TNP_0005,1,2016
2016-03-10 21:00:00+00:00,0.0,0.0,23.88,81.96,1.05,TNP_0005,1,2016
2016-03-10 22:00:00+00:00,0.0,0.0,23.78,83.47,0.85,TNP_0005,1,2016
2016-03-10 23:00:00+00:00,0.0,0.0,23.67,84.64,0.53,TNP_0005,1,2016
2016-03-11 00:00:00+00:00,0.0,0.0,23.47,86.0,0.42,TNP_0005,1,2016
2016-03-11 01:00:00+00:00,58.15,62.3,24.44,82.1,0.26,TNP_0005,1,2016
2016-03-11 02:00:00+00:00,236.93,274.65,26.78,70.28,1.0,TNP_0005,1,2016
2016-03-11 03:00:00+00:00,449.52,512.33,29.62,56.58,1.3,TNP_0005,1,2016
2016-03-11 04:00:00+00:00,672.97,717.17,32.59,43.18,1.0,TNP_0005,1,2016
2016-03-11 05:00:00+00:00,836.5,866.65,35.54,31.03,0.56,TNP_0005,1,2016
2016-03-11 06:00:00+00:00,921.1,979.53,37.72,24.16,0.87,TNP_0005,1,2016
2016-03-11 07:00:00+00:00,955.65,969.15,39.03,20.64,1.05,TNP_0005,1,2016
2016-03-11 08:00:00+00:00,869.4,878.72,39.67,18.68,1.15,TNP_0005,1,2016
2016-03-11 09:00:00+00:00,701.7,714.03,39.69,17.55,1.35,TNP_0005,1,2016
2016-03-11 10:00:00+00:00,483.75,494.17,39.15,17.19,1.86,TNP_0005,1,2016
2016-03-11 11:00:00+00:00,234.57,249.18,37.93,17.84,2.55,TNP_0005,1,2016
2016-03-11 12:00:00+00:00,42.0,44.55,34.52,22.46,2.35,TNP_0005,1,2016
2016-03-11 13:00:00+00:00,0.0,0.0,31.87,27.1,3.15,TNP_0005,1,2016
2016-03-11 14:00:00+00:00,0.0,0.0,31.05,31.55,4.15,TNP_0005,1,2016
2016-03-11 15:00:00+00:00,0.0,0.0,29.85,39.68,5.15,TNP_0005,1,2016
2016-03-11 16:00:00+00:00,0.0,0.0,28.16,51.09,4.56,TNP_0005,1,2016
2016-03-11 17:00:00+00:00,0.0,0.0,26.85,62.59,3.69,TNP_0005,1,2016
2016-03-11 18:00:00+00:00,0.0,0.0,25.85,73.59,3.09,TNP_0005,1,2016
2016-03-11 19:00:00+00:00,0.0,0.0,25.18,80.33,2.46,TNP_0005,1,2016
2016-03-11 20:00:00+00:00,0.0,0.0,24.85,83.15,2.04,TNP_0005,1,2016
2016-03-11 21:00:00+00:00,0.0,0.0,24.7,84.42,1.68,TNP_0005,1,2016
2016-03-11 22:00:00+00:00,0.0,0.0,24.66,84.78,1.48,TNP_0005,1,2016
2016-03-11 23:00:00+00:00,0.0,0.0,24.6,85.26,1.33,TNP_0005,1,2016
2016-03-12 00:00:00+00:00,0.0,0.0,24.46,86.4,1.15,TNP_0005,1,2016
2016-03-12 01:00:00+00:00,66.75,70.65,25.29,81.82,1.93,TNP_0005,1,2016
2016-03-12 02:00:00+00:00,269.73,302.83,27.45,69.25,2.56,TNP_0005,1,2016
2016-03-12 03:00:00+00:00,523.58,550.28,30.17,55.29,2.73,TNP_0005,1,2016
2016-03-12 04:00:00+00:00,737.33,761.38,32.7,44.83,2.52,TNP_0005,1,2016
2016-03-12 05:00:00+00:00,870.3,911.97,34.92,36.92,2.06,TNP_0005,1,2016
2016-03-12 06:00:00+00:00,942.2,979.53,36.79,30.76,1.69,TNP_0005,1,2016
2016-03-12 07:00:00+00:00,934.2,972.95,38.11,26.55,1.66,TNP_0005,1,2016
2016-03-12 08:00:00+00:00,846.17,884.62,38.76,24.1,1.96,TNP_0005,1,2016
2016-03-12 09:00:00+00:00,691.6,721.85,38.7,23.15,2.4,TNP_0005,1,2016
2016-03-12 10:00:00+00:00,475.25,500.38,38.06,23.22,2.78,TNP_0005,1,2016
2016-03-12 11:00:00+00:00,219.55,250.3,36.93,24.25,3.16,TNP_0005,1,2016
2016-03-12 12:00:00+00:00,37.6,44.6,34.7,27.57,2.68,TNP_0005,1,2016
2016-03-12 13:00:00+00:00,0.0,0.0,32.55,31.56,3.04,TNP_0005,1,2016
2016-03-12 14:00:00+00:00,0.0,0.0,31.74,34.3,4.36,TNP_0005,1,2016
2016-03-12 15:00:00+00:00,0.0,0.0,30.38,39.75,4.93,TNP_0005,1,2016
2016-03-12 16:00:00+00:00,0.0,0.0,28.78,48.39,5.63,TNP_0005,1,2016
2016-03-12 17:00:00+00:00,0.0,0.0,27.45,56.47,5.23,TNP_0005,1,2016
2016-03-12 18:00:00+00:00,0.0,0.0,26.59,61.46,4.22,TNP_0005,1,2016
2016-03-12 19:00:00+00:00,0.0,0.0,25.98,64.67,3.16,TNP_0005,1,2016
2016-03-12 20:00:00+00:00,0.0,0.0,25.54,66.9,2.44,TNP_0005,1,2016
2016-03-12 21:00:00+00:00,0.0,0.0,25.29,68.2,2.18,TNP_0005,1,2016
2016-03-12 22:00:00+00:00,0.0,0.0,25.07,69.44,1.96,TNP_0005,1,2016
2016-03-12 23:00:00+00:00,0.0,0.0,24.88,70.7,1.79,TNP_0005,1,2016
2016-03-13 00:00:00+00:00,0.0,0.0,24.68,71.99,1.6,TNP_0005,1,2016
2016-03-13 01:00:00+00:00,61.35,77.38,25.41,69.37,1.72,TNP_0005,1,2016
2016-03-13 02:00:00+00:00,257.85,315.3,28.21,59.89,0.68,TNP_0005,1,2016
2016-03-13 03:00:00+00:00,516.65,561.55,31.44,49.47,0.65,TNP_0005,1,2016
2016-03-13 04:00:00+00:00,691.85,770.88,33.74,42.07,0.36,TNP_0005,1,2016
2016-03-13 05:00:00+00:00,829.92,918.78,35.64,36.28,0.19,TNP_0005,1,2016
2016-03-13 06:00:00+00:00,959.9,980.85,37.08,31.72,0.63,TNP_0005,1,2016
2016-03-13 07:00:00+00:00,919.1,974.83,38.11,28.43,1.19,TNP_0005,1,2016
2016-03-13 08:00:00+00:00,846.53,888.72,38.65,26.52,1.78,TNP_0005,1,2016
2016-03-13 09:00:00+00:00,658.75,730.2,38.56,25.86,2.24,TNP_0005,1,2016
2016-03-13 10:00:00+00:00,381.35,514.83,38.03,25.95,2.73,TNP_0005,1,2016
2016-03-13 11:00:00+00:00,201.88,269.65,36.95,27.1,3.31,TNP_0005,1,2016
2016-03-13 12:00:00+00:00,37.33,48.55,34.89,30.48,2.98,TNP_0005,1,2016
2016-03-13 13:00:00+00:00,0.0,0.0,33.11,33.99,3.37,TNP_0005,1,2016
2016-03-13 14:00:00+00:00,0.0,0.0,32.26,36.11,4.51,TNP_0005,1,2016
2016-03-13 15:00:00+00:00,0.0,0.0,30.95,39.59,4.82,TNP_0005,1,2016
2016-03-13 16:00:00+00:00,0.0,0.0,29.54,44.26,4.33,TNP_0005,1,2016
2016-03-13 17:00:00+00:00,0.0,0.0,28.37,49.29,4.01,TNP_0005,1,2016
2016-03-13 18:00:00+00:00,0.0,0.0,27.41,54.62,3.63,TNP_0005,1,2016
2016-03-13 19:00:00+00:00,0.0,0.0,26.64,59.99,3.3,TNP_0005,1,2016
2016-03-13 20:00:00+00:00,0.0,0.0,26.02,65.9,3.32,TNP_0005,1,2016
2016-03-13 21:00:00+00:00,0.0,0.0,25.57,71.19,3.08,TNP_0005,1,2016
2016-03-13 22:00:00+00:00,0.0,0.0,25.19,75.31,2.65,TNP_0005,1,2016
2016-03-13 23:00:00+00:00,0.0,0.0,24.86,78.6,2.19,TNP_0005,1,2016
2016-03-14 00:00:00+00:00,0.0,0.0,24.55,81.48,1.74,TNP_0005,1,2016
2016-03-14 01:00:00+00:00,61.62,66.22,25.27,78.89,2.08,TNP_0005,1,2016
2016-03-14 02:00:00+00:00,249.12,289.33,27.71,65.64,2.32,TNP_0005,1,2016
2016-03-14 03:00:00+00:00,502.7,538.08,30.55,51.93,2.19,TNP_0005,1,2016
2016-03-14 04:00:00+00:00,727.88,750.42,33.05,43.11,1.89,TNP_0005,1,2016
2016-03-14 05:00:00+00:00,881.78,903.08,34.92,37.9,1.61,TNP_0005,1,2016
2016-03-14 06:00:00+00:00,871.17,950.7,36.29,34.41,1.45,TNP_0005,1,2016
2016-03-14 07:00:00+00:00,827.88,947.7,37.27,31.87,1.51,TNP_0005,1,2016
2016-03-14 08:00:00+00:00,712.22,863.53,37.82,30.11,1.68,TNP_0005,1,2016
2016-03-14 09:00:00+00:00,645.85,707.05,37.81,29.09,1.87,TNP_0005,1,2016
2016-03-14 10:00:00+00:00,453.45,494.48,37.55,28.56,2.12,TNP_0005,1,2016
2016-03-14 11:00:00+00:00,229.73,253.52,36.67,29.1,2.44,TNP_0005,1,2016
2016-03-14 12:00:00+00:00,42.67,44.97,34.83,31.58,2.22,TNP_0005,1,2016
2016-03-14 13:00:00+00:00,0.0,0.0,33.0,34.35,2.67,TNP_0005,1,2016
2016-03-14 14:00:00+00:00,0.0,0.0,32.19,35.64,4.13,TNP_0005,1,2016
2016-03-14 15:00:00+00:00,0.0,0.0,30.75,39.45,5.5,TNP_0005,1,2016
2016-03-14 16:00:00+00:00,0.0,0.0,28.84,47.72,5.92,TNP_0005,1,2016
2016-03-14 17:00:00+00:00,0.0,0.0,27.3,58.43,5.32,TNP_0005,1,2016
2016-03-14 18:00:00+00:00,0.0,0.0,26.31,66.88,4.26,TNP_0005,1,2016
2016-03-14 19:00:00+00:00,0.0,0.0,25.64,72.17,3.33,TNP_0005,1,2016
2016-03-14 20:00:00+00:00,0.0,0.0,25.11,75.93,2.71,TNP_0005,1,2016
2016-03-14 21:00:00+00:00,0.0,0.0,24.65,78.96,2.32,TNP_0005,1,2016
2016-03-14 22:00:00+00:00,0.0,0.0,24.23,81.47,2.02,TNP_0005,1,2016
2016-03-14 23:00:00+00:00,0.0,0.0,23.86,83.59,1.83,TNP_0005,1,2016
2016-03-15 00:00:00+00:00,0.0,0.0,23.57,85.27,1.74,TNP_0005,1,2016
2016-03-15 01:00:00+00:00,63.67,71.12,24.62,79.94,1.92,TNP_0005,1,2016
2016-03-15 02:00:00+00:00,225.65,297.6,27.5,65.92,1.97,TNP_0005,1,2016
2016-03-15 03:00:00+00:00,452.2,543.28,30.7,53.0,2.31,TNP_0005,1,2016
2016-03-15 04:00:00+00:00,645.42,751.47,33.29,44.24,2.29,TNP_0005,1,2016
2016-03-15 05:00:00+00:00,833.22,900.2,35.39,37.72,2.06,TNP_0005,1,2016
2016-03-15 06:00:00+00:00,921.62,958.85,36.89,33.34,1.8,TNP_0005,1,2016
2016-03-15 07:00:00+00:00,861.35,950.8,37.86,30.48,1.63,TNP_0005,1,2016
2016-03-15 08:00:00+00:00,759.28,862.92,38.53,28.41,1.59,TNP_0005,1,2016
2016-03-15 09:00:00+00:00,600.1,702.83,38.42,27.65,1.77,TNP_0005,1,2016
2016-03-15 10:00:00+00:00,428.33,487.2,37.84,27.63,2.08,TNP_0005,1,2016
2016-03-15 11:00:00+00:00,195.8,245.8,36.65,28.83,2.42,TNP_0005,1,2016
2016-03-15 12:00:00+00:00,38.17,43.17,34.75,32.72,2.02,TNP_0005,1,2016
2016-03-15 13:00:00+00:00,0.0,0.0,32.95,38.04,2.35,TNP_0005,1,2016
2016-03-15 14:00:00+00:00,0.0,0.0,31.85,40.87,2.97,TNP_0005,1,2016
2016-03-15 15:00:00+00:00,0.0,0.0,30.66,43.25,3.99,TNP_0005,1,2016
2016-03-15 16:00:00+00:00,0.0,0.0,29.45,46.95,4.61,TNP_0005,1,2016
2016-03-15 17:00:00+00:00,0.0,0.0,28.21,52.65,4.23,TNP_0005,1,2016
2016-03-15 18:00:00+00:00,0.0,0.0,27.19,58.34,3.63,TNP_0005,1,2016
2016-03-15 19:00:00+00:00,0.0,0.0,26.3,64.01,2.99,TNP_0005,1,2016
2016-03-15 20:00:00+00:00,0.0,0.0,25.58,69.1,2.58,TNP_0005,1,2016
2016-03-15 21:00:00+00:00,0.0,0.0,24.99,73.93,2.09,TNP_0005,1,2016
2016-03-15 22:00:00+00:00,0.0,0.0,24.51,77.89,1.61,TNP_0005,1,2016
2016-03-15 23:00:00+00:00,0.0,0.0,24.13,80.94,1.43,TNP_0005,1,2016
2016-03-16 00:00:00+00:00,0.0,0.0,23.85,83.26,1.46,TNP_0005,1,2016
2016-03-16 01:00:00+00:00,71.53,75.95,24.85,79.17,1.8,TNP_0005,1,2016
2016-03-16 02:00:00+00:00,271.3,303.4,27.68,64.29,1.4,TNP_0005,1,2016
2016-03-16 03:00:00+00:00,505.83,545.72,31.15,48.3,1.27,TNP_0005,1,2016
2016-03-16 04:00:00+00:00,732.97,753.12,34.06,38.35,1.34,TNP_0005,1,2016
2016-03-16 05:00:00+00:00,882.03,899.72,36.33,32.58,1.42,TNP_0005,1,2016
2016-03-16 06:00:00+00:00,890.72,930.15,37.93,29.16,1.57,TNP_0005,1,2016
2016-03-16 07:00:00+00:00,890.35,922.7,38.93,26.99,1.7,TNP_0005,1,2016
2016-03-16 08:00:00+00:00,783.8,834.38,39.39,25.76,1.8,TNP_0005,1,2016
2016-03-16 09:00:00+00:00,648.5,674.0,39.26,25.29,2.13,TNP_0005,1,2016
2016-03-16 10:00:00+00:00,433.42,460.0,38.63,25.52,2.76,TNP_0005,1,2016
2016-03-16 11:00:00+00:00,222.48,232.18,37.17,27.36,3.52,TNP_0005,1,2016
2016-03-16 12:00:00+00:00,37.4,39.5,35.38,30.74,3.65,TNP_0005,1,2016
2016-03-16 13:00:00+00:00,0.0,0.0,33.67,35.07,4.09,TNP_0005,1,2016
2016-03-16 14:00:00+00:00,0.0,0.0,32.38,38.89,4.87,TNP_0005,1,2016
2016-03-16 15:00:00+00:00,0.0,0.0,30.89,44.85,5.22,TNP_0005,1,2016
2016-03-16 16:00:00+00:00,0.0,0.0,29.3,53.6,5.91,TNP_0005,1,2016
2016-03-16 17:00:00+00:00,0.0,0.0,28.05,61.5,5.1,TNP_0005,1,2016
2016-03-16 18:00:00+00:00,0.0,0.0,27.19,67.51,4.1,TNP_0005,1,2016
2016-03-16 19:00:00+00:00,0.0,0.0,26.62,71.67,3.3,TNP_0005,1,2016
2016-03-16 20:00:00+00:00,0.0,0.0,26.22,74.47,2.74,TNP_0005,1,2016
2016-03-16 21:00:00+00:00,0.0,0.0,25.85,77.21,2.1,TNP_0005,1,2016
2016-03-16 22:00:00+00:00,0.0,0.0,25.52,80.05,1.5,TNP_0005,1,2016
2016-03-16 23:00:00+00:00,0.0,0.0,25.27,82.58,1.14,TNP_0005,1,2016
2016-03-17 00:00:00+00:00,0.0,0.0,24.94,84.76,0.99,TNP_0005,1,2016
2016-03-17 01:00:00+00:00,67.05,71.93,25.71,80.71,1.44,TNP_0005,1,2016
2016-03-17 02:00:00+00:00,252.5,295.98,28.05,66.58,0.83,TNP_0005,1,2016
2016-03-17 03:00:00+00:00,487.8,543.05,31.6,46.29,0.91,TNP_0005,1,2016
2016-03-17 04:00:00+00:00,700.0,751.5,34.59,34.5,1.64,TNP_0005,1,2016
2016-03-17 05:00:00+00:00,775.58,902.03,36.71,29.08,1.94,TNP_0005,1,2016
2016-03-17 06:00:00+00:00,871.75,907.38,38.29,25.85,2.1,TNP_0005,1,2016
2016-03-17 07:00:00+00:00,861.3,900.9,39.2,24.07,2.25,TNP_0005,1,2016
2016-03-17 08:00:00+00:00,785.47,812.7,39.6,23.17,2.39,TNP_0005,1,2016
2016-03-17 09:00:00+00:00,613.42,651.0,39.49,22.96,2.6,TNP_0005,1,2016
2016-03-17 10:00:00+00:00,410.55,441.23,38.78,23.46,3.07,TNP_0005,1,2016
2016-03-17 11:00:00+00:00,205.48,219.88,37.26,25.36,3.7,TNP_0005,1,2016
2016-03-17 12:00:00+00:00,35.75,36.8,35.23,29.96,3.59,TNP_0005,1,2016
2016-03-17 13:00:00+00:00,0.0,0.0,33.51,33.81,4.18,TNP_0005,1,2016
2016-03-17 14:00:00+00:00,0.0,0.0,32.34,36.21,4.94,TNP_0005,1,2016
2016-03-17 15:00:00+00:00,0.0,0.0,30.68,41.98,5.78,TNP_0005,1,2016
2016-03-17 16:00:00+00:00,0.0,0.0,28.98,49.44,5.54,TNP_0005,1,2016
2016-03-17 17:00:00+00:00,0.0,0.0,27.69,55.96,4.08,TNP_0005,1,2016
2016-03-17 18:00:00+00:00,0.0,0.0,26.75,61.12,2.73,TNP_0005,1,2016
2016-03-17 19:00:00+00:00,0.0,0.0,25.96,65.64,1.92,TNP_0005,1,2016
2016-03-17 20:00:00+00:00,0.0,0.0,25.26,69.44,1.38,TNP_0005,1,2016
2016-03-17 21:00:00+00:00,0.0,0.0,24.7,72.37,1.03,TNP_0005,1,2016
2016-03-17 22:00:00+00:00,0.0,0.0,24.32,74.35,0.9,TNP_0005,1,2016
2016-03-17 23:00:00+00:00,0.0,0.0,24.0,75.98,0.86,TNP_0005,1,2016
2016-03-18 00:00:00+00:00,0.0,0.0,23.68,77.71,0.87,TNP_0005,1,2016
2016-03-18 01:00:00+00:00,59.53,66.43,24.9,72.49,1.05,TNP_0005,1,2016
2016-03-18 02:00:00+00:00,209.8,269.1,28.18,53.08,1.09,TNP_0005,1,2016
2016-03-18 03:00:00+00:00,438.98,507.7,32.0,34.45,2.19,TNP_0005,1,2016
2016-03-18 04:00:00+00:00,673.22,719.4,34.86,26.9,2.89,TNP_0005,1,2016
2016-03-18 05:00:00+00:00,856.72,873.22,36.98,23.82,3.16,TNP_0005,1,2016
2016-03-18 06:00:00+00:00,938.17,946.92,38.55,21.92,3.34,TNP_0005,1,2016
2016-03-18 07:00:00+00:00,935.65,943.78,39.54,20.62,3.5,TNP_0005,1,2016
2016-03-18 08:00:00+00:00,848.28,858.0,40.01,19.83,3.69,TNP_0005,1,2016
2016-03-18 09:00:00+00:00,677.4,698.4,39.83,19.73,3.92,TNP_0005,1,2016
2016-03-18 10:00:00+00:00,465.48,483.58,39.1,20.2,4.35,TNP_0005,1,2016
2016-03-18 11:00:00+00:00,232.52,243.0,37.7,21.7,4.83,TNP_0005,1,2016
2016-03-18 12:00:00+00:00,41.83,42.65,35.2,25.85,4.39,TNP_0005,1,2016
2016-03-18 13:00:00+00:00,0.0,0.0,33.03,30.49,5.08,TNP_0005,1,2016
2016-03-18 14:00:00+00:00,0.0,0.0,31.69,34.05,5.55,TNP_0005,1,2016
2016-03-18 15:00:00+00:00,0.0,0.0,29.96,39.59,5.65,TNP_0005,1,2016
2016-03-18 16:00:00+00:00,0.0,0.0,28.39,45.54,4.59,TNP_0005,1,2016
2016-03-18 17:00:00+00:00,0.0,0.0,27.07,51.47,3.19,TNP_0005,1,2016
2016-03-18 18:00:00+00:00,0.0,0.0,26.04,56.9,2.1,TNP_0005,1,2016
2016-03-18 19:00:00+00:00,0.0,0.0,25.27,61.11,1.09,TNP_0005,1,2016
2016-03-18 20:00:00+00:00,0.0,0.0,24.75,63.84,0.76,TNP_0005,1,2016
2016-03-18 21:00:00+00:00,0.0,0.0,24.34,65.83,0.55,TNP_0005,1,2016
2016-03-18 22:00:00+00:00,0.0,0.0,23.96,67.51,0.32,TNP_0005,1,2016
2016-03-18 23:00:00+00:00,0.0,0.0,23.57,69.36,0.21,TNP_0005,1,2016
2016-03-19 00:00:00+00:00,0.0,0.0,23.23,71.17,0.33,TNP_0005,1,2016
2016-03-19 01:00:00+00:00,82.78,84.88,24.87,65.14,0.37,TNP_0005,1,2016
2016-03-19 02:00:00+00:00,308.17,318.85,28.64,49.07,1.26,TNP_0005,1,2016
2016-03-19 03:00:00+00:00,554.75,566.28,32.31,33.84,1.76,TNP_0005,1,2016
2016-03-19 04:00:00+00:00,774.12,775.35,35.15,26.09,1.66,TNP_0005,1,2016
2016-03-19 05:00:00+00:00,923.55,923.55,37.28,22.32,1.35,TNP_0005,1,2016
2016-03-19 06:00:00+00:00,1001.62,1001.7,38.9,19.93,1.11,TNP_0005,1,2016
2016-03-19 07:00:00+00:00,993.15,993.17,39.95,18.2,1.12,TNP_0005,1,2016
2016-03-19 08:00:00+00:00,902.62,902.62,40.47,17.01,1.25,TNP_0005,1,2016
2016-03-19 09:00:00+00:00,737.67,739.15,40.44,16.34,1.31,TNP_0005,1,2016
2016-03-19 10:00:00+00:00,515.65,515.8,39.86,16.11,1.62,TNP_0005,1,2016
2016-03-19 11:00:00+00:00,262.4,263.1,38.68,16.56,2.03,TNP_0005,1,2016
2016-03-19 12:00:00+00:00,48.05,48.3,35.46,22.94,1.81,TNP_0005,1,2016
2016-03-19 13:00:00+00:00,0.0,0.0,32.5,26.66,2.58,TNP_0005,1,2016
2016-03-19 14:00:00+00:00,0.0,0.0,31.22,28.15,3.22,TNP_0005,1,2016
2016-03-19 15:00:00+00:00,0.0,0.0,30.19,31.37,4.35,TNP_0005,1,2016
2016-03-19 16:00:00+00:00,0.0,0.0,28.78,38.52,4.91,TNP_0005,1,2016
2016-03-19 17:00:00+00:00,0.0,0.0,27.43,46.64,4.44,TNP_0005,1,2016
2016-03-19 18:00:00+00:00,0.0,0.0,26.44,52.6,3.68,TNP_0005,1,2016
2016-03-19 19:00:00+00:00,0.0,0.0,25.65,56.97,3.05,TNP_0005,1,2016
2016-03-19 20:00:00+00:00,0.0,0.0,24.97,60.23,2.44,TNP_0005,1,2016
2016-03-19 21:00:00+00:00,0.0,0.0,24.32,62.96,1.89,TNP_0005,1,2016
2016-03-19 22:00:00+00:00,0.0,0.0,23.75,65.42,1.72,TNP_0005,1,2016
2016-03-19 23:00:00+00:00,0.0,0.0,23.36,67.17,1.53,TNP_0005,1,2016
2016-03-20 00:00:00+00:00,0.0,0.0,23.18,68.11,1.24,TNP_0005,1,2016
2016-03-20 01:00:00+00:00,80.12,83.2,24.95,61.4,1.17,TNP_0005,1,2016
2016-03-20 02:00:00+00:00,294.95,311.6,28.76,45.31,1.65,TNP_0005,1,2016
2016-03-20 03:00:00+00:00,543.65,559.0,32.32,32.11,2.12,TNP_0005,1,2016
2016-03-20 04:00:00+00:00,770.25,770.25,35.23,24.61,2.54,TNP_0005,1,2016
2016-03-20 05:00:00+00:00,921.38,921.6,37.57,20.34,2.85,TNP_0005,1,2016
2016-03-20 06:00:00+00:00,984.65,984.75,39.26,18.26,2.99,TNP_0005,1,2016
2016-03-20 07:00:00+00:00,977.42,977.42,40.32,17.39,3.03,TNP_0005,1,2016
2016-03-20 08:00:00+00:00,887.85,888.22,40.79,17.02,3.09,TNP_0005,1,2016
2016-03-20 09:00:00+00:00,724.35,725.35,40.67,17.07,3.21,TNP_0005,1,2016
2016-03-20 10:00:00+00:00,501.9,502.17,40.02,17.5,3.59,TNP_0005,1,2016
2016-03-20 11:00:00+00:00,251.98,253.35,38.71,18.8,4.12,TNP_0005,1,2016
2016-03-20 12:00:00+00:00,44.95,45.33,35.83,23.24,3.45,TNP_0005,1,2016
2016-03-20 13:00:00+00:00,0.0,0.0,33.33,27.93,4.15,TNP_0005,1,2016
2016-03-20 14:00:00+00:00,0.0,0.0,32.51,29.91,5.41,TNP_0005,1,2016
2016-03-20 15:00:00+00:00,0.0,0.0,30.98,33.35,4.82,TNP_0005,1,2016
2016-03-20 16:00:00+00:00,0.0,0.0,29.47,36.87,3.8,TNP_0005,1,2016
2016-03-20 17:00:00+00:00,0.0,0.0,28.12,40.32,2.93,TNP_0005,1,2016
2016-03-20 18:00:00+00:00,0.0,0.0,26.88,43.91,2.15,TNP_0005,1,2016
2016-03-20 19:00:00+00:00,0.0,0.0,25.85,47.24,1.69,TNP_0005,1,2016
2016-03-20 20:00:00+00:00,0.0,0.0,25.15,49.75,1.38,TNP_0005,1,2016
2016-03-20 21:00:00+00:00,0.0,0.0,24.91,50.8,0.87,TNP_0005,1,2016
2016-03-20 22:00:00+00:00,0.0,0.0,24.65,51.7,0.34,TNP_0005,1,2016
2016-03-20 23:00:00+00:00,0.0,0.0,24.28,52.98,0.24,TNP_0005,1,2016
2016-03-21 00:00:00+00:00,0.0,0.0,24.05,53.81,0.42,TNP_0005,1,2016
2016-03-21 01:00:00+00:00,75.5,83.03,25.4,50.3,0.63,TNP_0005,1,2016
2016-03-21 02:00:00+00:00,272.4,309.02,29.29,39.09,0.72,TNP_0005,1,2016
2016-03-21 03:00:00+00:00,504.7,554.65,32.87,28.85,1.51,TNP_0005,1,2016
2016-03-21 04:00:00+00:00,714.22,764.83,35.74,22.84,1.85,TNP_0005,1,2016
2016-03-21 05:00:00+00:00,899.6,914.1,38.0,19.54,2.04,TNP_0005,1,2016
2016-03-21 06:00:00+00:00,956.08,964.67,39.64,17.71,2.01,TNP_0005,1,2016
2016-03-21 07:00:00+00:00,947.95,955.08,40.61,16.81,1.91,TNP_0005,1,2016
2016-03-21 08:00:00+00:00,852.35,862.47,41.03,16.38,1.85,TNP_0005,1,2016
2016-03-21 09:00:00+00:00,680.08,696.0,40.91,16.33,1.93,TNP_0005,1,2016
2016-03-21 10:00:00+00:00,456.25,475.83,40.22,16.68,2.24,TNP_0005,1,2016
2016-03-21 11:00:00+00:00,218.27,232.77,38.94,17.71,2.71,TNP_0005,1,2016
2016-03-21 12:00:00+00:00,39.28,39.9,35.96,22.4,2.44,TNP_0005,1,2016
2016-03-21 13:00:00+00:00,0.0,0.0,33.38,26.92,3.13,TNP_0005,1,2016
2016-03-21 14:00:00+00:00,0.0,0.0,32.69,29.38,4.35,TNP_0005,1,2016
2016-03-21 15:00:00+00:00,0.0,0.0,31.6,33.5,5.17,TNP_0005,1,2016
2016-03-21 16:00:00+00:00,0.0,0.0,30.32,38.45,4.92,TNP_0005,1,2016
2016-03-21 17:00:00+00:00,0.0,0.0,29.1,43.51,4.07,TNP_0005,1,2016
2016-03-21 18:00:00+00:00,0.0,0.0,28.24,47.45,3.17,TNP_0005,1,2016
2016-03-21 19:00:00+00:00,0.0,0.0,27.64,50.18,2.27,TNP_0005,1,2016
2016-03-21 20:00:00+00:00,0.0,0.0,27.05,52.73,1.78,TNP_0005,1,2016
2016-03-21 21:00:00+00:00,0.0,0.0,26.63,54.86,1.69,TNP_0005,1,2016
2016-03-21 22:00:00+00:00,0.0,0.0,26.18,57.52,1.7,TNP_0005,1,2016
2016-03-21 23:00:00+00:00,0.0,0.0,25.89,60.12,1.71,TNP_0005,1,2016
2016-03-22 00:00:00+00:00,0.0,0.0,25.68,63.02,1.72,TNP_0005,1,2016
2016-03-22 01:00:00+00:00,67.72,74.18,27.59,58.91,2.52,TNP_0005,1,2016
2016-03-22 02:00:00+00:00,234.88,273.23,30.69,50.65,3.38,TNP_0005,1,2016
2016-03-22 03:00:00+00:00,457.2,496.92,33.8,40.54,3.3,TNP_0005,1,2016
2016-03-22 04:00:00+00:00,650.03,666.92,36.3,33.46,2.9,TNP_0005,1,2016
2016-03-22 05:00:00+00:00,785.7,790.35,38.32,28.94,2.48,TNP_0005,1,2016
2016-03-22 06:00:00+00:00,953.28,975.88,39.83,25.96,2.11,TNP_0005,1,2016
2016-03-22 07:00:00+00:00,927.5,927.5,40.74,23.91,1.82,TNP_0005,1,2016
2016-03-22 08:00:00+00:00,785.1,812.7,41.02,22.8,1.64,TNP_0005,1,2016
2016-03-22 09:00:00+00:00,604.75,643.45,40.91,22.16,1.64,TNP_0005,1,2016
2016-03-22 10:00:00+00:00,393.48,424.85,40.17,22.36,1.72,TNP_0005,1,2016
2016-03-22 11:00:00+00:00,185.27,200.5,38.69,23.9,2.01,TNP_0005,1,2016
2016-03-22 12:00:00+00:00,36.12,37.78,37.07,26.89,1.73,TNP_0005,1,2016
2016-03-22 13:00:00+00:00,0.0,0.0,35.65,29.44,2.05,TNP_0005,1,2016
2016-03-22 14:00:00+00:00,0.0,0.0,35.11,30.39,2.73,TNP_0005,1,2016
2016-03-22 15:00:00+00:00,0.0,0.0,34.46,32.66,4.25,TNP_0005,1,2016
2016-03-22 16:00:00+00:00,0.0,0.0,33.38,36.87,5.08,TNP_0005,1,2016
2016-03-22 17:00:00+00:00,0.0,0.0,32.28,42.26,5.45,TNP_0005,1,2016
2016-03-22 18:00:00+00:00,0.0,0.0,31.25,47.51,4.84,TNP_0005,1,2016
2016-03-22 19:00:00+00:00,0.0,0.0,30.24,52.72,3.96,TNP_0005,1,2016
2016-03-22 20:00:00+00:00,0.0,0.0,29.28,57.64,2.93,TNP_0005,1,2016
2016-03-22 21:00:00+00:00,0.0,0.0,28.52,61.68,2.14,TNP_0005,1,2016
2016-03-22 22:00:00+00:00,0.0,0.0,27.91,65.15,1.6,TNP_0005,1,2016
2016-03-22 23:00:00+00:00,0.0,0.0,27.38,68.16,1.3,TNP_0005,1,2016
2016-03-23 00:00:00+00:00,0.0,0.0,26.92,70.72,1.16,TNP_0005,1,2016
2016-03-23 01:00:00+00:00,64.05,70.82,28.26,65.85,1.89,TNP_0005,1,2016
2016-03-23 02:00:00+00:00,247.05,270.48,31.17,53.69,2.5,TNP_0005,1,2016
2016-03-23 03:00:00+00:00,454.77,488.62,34.13,41.97,2.34,TNP_0005,1,2016
2016-03-23 04:00:00+00:00,684.92,696.25,36.53,33.33,2.32,TNP_0005,1,2016
2016-03-23 05:00:00+00:00,843.72,843.72,38.42,27.6,2.22,TNP_0005,1,2016
2016-03-23 06:00:00+00:00,979.45,982.22,39.82,24.24,2.06,TNP_0005,1,2016
2016-03-23 07:00:00+00:00,960.25,969.15,40.68,22.18,2.01,TNP_0005,1,2016
2016-03-23 08:00:00+00:00,832.7,872.85,41.0,21.08,2.15,TNP_0005,1,2016
2016-03-23 09:00:00+00:00,671.12,708.17,41.01,20.31,2.43,TNP_0005,1,2016
2016-03-23 10:00:00+00:00,457.38,494.0,40.45,20.1,3.0,TNP_0005,1,2016
2016-03-23 11:00:00+00:00,229.43,249.38,39.26,20.82,3.78,TNP_0005,1,2016
2016-03-23 12:00:00+00:00,41.78,44.0,37.36,22.96,4.0,TNP_0005,1,2016
2016-03-23 13:00:00+00:00,0.0,0.0,35.64,25.71,4.48,TNP_0005,1,2016
2016-03-23 14:00:00+00:00,0.0,0.0,34.35,28.95,6.13,TNP_0005,1,2016
2016-03-23 15:00:00+00:00,0.0,0.0,32.16,37.7,7.42,TNP_0005,1,2016
2016-03-23 16:00:00+00:00,0.0,0.0,30.45,47.26,6.31,TNP_0005,1,2016
2016-03-23 17:00:00+00:00,0.0,0.0,29.27,54.56,4.82,TNP_0005,1,2016
2016-03-23 18:00:00+00:00,0.0,0.0,28.35,60.24,3.7,TNP_0005,1,2016
2016-03-23 19:00:00+00:00,0.0,0.0,27.57,65.02,2.79,TNP_0005,1,2016
2016-03-23 20:00:00+00:00,0.0,0.0,26.85,69.32,1.98,TNP_0005,1,2016
2016-03-23 21:00:00+00:00,0.0,0.0,26.19,73.49,1.65,TNP_0005,1,2016
2016-03-23 22:00:00+00:00,0.0,0.0,25.64,77.47,1.75,TNP_0005,1,2016
2016-03-23 23:00:00+00:00,0.0,0.0,25.2,81.04,1.86,TNP_0005,1,2016
2016-03-24 00:00:00+00:00,0.0,0.0,24.88,84.04,1.9,TNP_0005,1,2016
2016-03-24 01:00:00+00:00,83.7,91.7,26.12,79.16,2.55,TNP_0005,1,2016
2016-03-24 02:00:00+00:00,268.35,318.4,29.0,62.23,2.59,TNP_0005,1,2016
2016-03-24 03:00:00+00:00,507.48,560.88,32.13,46.14,2.86,TNP_0005,1,2016
2016-03-24 04:00:00+00:00,734.8,768.15,34.74,36.02,3.12,TNP_0005,1,2016
2016-03-24 05:00:00+00:00,884.0,911.35,36.93,29.21,3.29,TNP_0005,1,2016
2016-03-24 06:00:00+00:00,960.9,966.6,38.58,25.18,3.33,TNP_0005,1,2016
2016-03-24 07:00:00+00:00,951.92,956.75,39.7,22.55,3.35,TNP_0005,1,2016
2016-03-24 08:00:00+00:00,849.8,862.92,40.27,20.61,3.42,TNP_0005,1,2016
2016-03-24 09:00:00+00:00,677.0,692.85,40.25,19.38,3.64,TNP_0005,1,2016
2016-03-24 10:00:00+00:00,460.05,465.65,39.58,18.94,4.19,TNP_0005,1,2016
2016-03-24 11:00:00+00:00,224.55,226.7,38.24,19.33,4.86,TNP_0005,1,2016
2016-03-24 12:00:00+00:00,38.45,38.83,36.07,21.0,4.67,TNP_0005,1,2016
2016-03-24 13:00:00+00:00,0.0,0.0,33.96,23.22,5.12,TNP_0005,1,2016
2016-03-24 14:00:00+00:00,0.0,0.0,32.51,25.44,5.57,TNP_0005,1,2016
2016-03-24 15:00:00+00:00,0.0,0.0,30.79,29.9,5.8,TNP_0005,1,2016
2016-03-24 16:00:00+00:00,0.0,0.0,29.14,36.7,4.85,TNP_0005,1,2016
2016-03-24 17:00:00+00:00,0.0,0.0,27.75,44.62,3.45,TNP_0005,1,2016
2016-03-24 18:00:00+00:00,0.0,0.0,26.54,52.61,2.2,TNP_0005,1,2016
2016-03-24 19:00:00+00:00,0.0,0.0,25.58,59.53,1.5,TNP_0005,1,2016
2016-03-24 20:00:00+00:00,0.0,0.0,24.94,64.82,1.21,TNP_0005,1,2016
2016-03-24 21:00:00+00:00,0.0,0.0,24.48,69.28,1.09,TNP_0005,1,2016
2016-03-24 22:00:00+00:00,0.0,0.0,24.1,73.73,1.08,TNP_0005,1,2016
2016-03-24 23:00:00+00:00,0.0,0.0,23.73,79.22,1.09,TNP_0005,1,2016
2016-03-25 00:00:00+00:00,0.0,0.0,23.38,83.49,1.05,TNP_0005,1,2016
2016-03-25 01:00:00+00:00,78.15,89.9,24.54,78.88,1.57,TNP_0005,1,2016
2016-03-25 02:00:00+00:00,229.73,313.48,27.14,60.79,1.9,TNP_0005,1,2016
2016-03-25 03:00:00+00:00,518.75,564.72,30.33,42.4,2.18,TNP_0005,1,2016
2016-03-25 04:00:00+00:00,771.62,774.42,33.31,31.31,2.21,TNP_0005,1,2016
2016-03-25 05:00:00+00:00,917.83,925.85,35.84,24.44,2.21,TNP_0005,1,2016
2016-03-25 06:00:00+00:00,971.22,978.53,37.81,19.72,2.28,TNP_0005,1,2016
2016-03-25 07:00:00+00:00,959.42,970.12,39.12,16.49,2.36,TNP_0005,1,2016
2016-03-25 08:00:00+00:00,857.7,877.5,39.78,14.75,2.46,TNP_0005,1,2016
2016-03-25 09:00:00+00:00,707.95,710.85,39.73,13.99,2.72,TNP_0005,1,2016
2016-03-25 10:00:00+00:00,481.55,481.73,39.06,13.98,3.29,TNP_0005,1,2016
2016-03-25 11:00:00+00:00,236.2,236.57,37.67,15.0,3.97,TNP_0005,1,2016
2016-03-25 12:00:00+00:00,43.62,43.65,34.62,18.79,3.34,TNP_0005,1,2016
2016-03-25 13:00:00+00:00,0.0,0.0,31.9,24.36,3.91,TNP_0005,1,2016
2016-03-25 14:00:00+00:00,0.0,0.0,31.06,29.79,5.05,TNP_0005,1,2016
2016-03-25 15:00:00+00:00,0.0,0.0,29.43,39.16,5.2,TNP_0005,1,2016
2016-03-25 16:00:00+00:00,0.0,0.0,27.75,51.56,5.21,TNP_0005,1,2016
2016-03-25 17:00:00+00:00,0.0,0.0,26.3,62.85,4.61,TNP_0005,1,2016
2016-03-25 18:00:00+00:00,0.0,0.0,25.23,70.16,3.18,TNP_0005,1,2016
2016-03-25 19:00:00+00:00,0.0,0.0,24.39,75.79,2.16,TNP_0005,1,2016
2016-03-25 20:00:00+00:00,0.0,0.0,23.74,80.08,1.35,TNP_0005,1,2016
2016-03-25 21:00:00+00:00,0.0,0.0,23.22,83.48,0.8,TNP_0005,1,2016
2016-03-25 22:00:00+00:00,0.0,0.0,22.84,85.98,0.55,TNP_0005,1,2016
2016-03-25 23:00:00+00:00,0.0,0.0,22.5,88.22,0.56,TNP_0005,1,2016
2016-03-26 00:00:00+00:00,0.0,0.0,22.17,90.14,0.76,TNP_0005,1,2016
2016-03-26 01:00:00+00:00,91.07,95.2,23.41,82.46,1.17,TNP_0005,1,2016
2016-03-26 02:00:00+00:00,297.08,325.6,26.37,61.15,0.97,TNP_0005,1,2016
2016-03-26 03:00:00+00:00,529.42,576.55,29.99,40.81,1.46,TNP_0005,1,2016
2016-03-26 04:00:00+00:00,775.92,791.25,33.59,25.68,2.51,TNP_0005,1,2016
2016-03-26 05:00:00+00:00,943.97,943.97,36.12,18.76,3.0,TNP_0005,1,2016
2016-03-26 06:00:00+00:00,992.47,993.03,38.0,14.84,3.26,TNP_0005,1,2016
2016-03-26 07:00:00+00:00,983.67,984.05,39.29,12.51,3.49,TNP_0005,1,2016
2016-03-26 08:00:00+00:00,892.67,892.7,39.94,11.22,3.74,TNP_0005,1,2016
2016-03-26 09:00:00+00:00,723.45,726.9,39.92,10.65,3.98,TNP_0005,1,2016
2016-03-26 10:00:00+00:00,503.75,505.1,39.19,10.72,4.33,TNP_0005,1,2016
2016-03-26 11:00:00+00:00,254.25,255.88,37.74,11.61,4.66,TNP_0005,1,2016
2016-03-26 12:00:00+00:00,45.12,45.28,34.14,15.23,3.43,TNP_0005,1,2016
2016-03-26 13:00:00+00:00,0.0,0.0,30.9,20.53,3.75,TNP_0005,1,2016
2016-03-26 14:00:00+00:00,0.0,0.0,30.18,25.33,5.02,TNP_0005,1,2016
2016-03-26 15:00:00+00:00,0.0,0.0,28.75,33.69,5.03,TNP_0005,1,2016
2016-03-26 16:00:00+00:00,0.0,0.0,27.2,43.91,4.17,TNP_0005,1,2016
2016-03-26 17:00:00+00:00,0.0,0.0,25.92,54.49,3.33,TNP_0005,1,2016
2016-03-26 18:00:00+00:00,0.0,0.0,24.78,63.88,2.42,TNP_0005,1,2016
2016-03-26 19:00:00+00:00,0.0,0.0,23.82,71.4,1.79,TNP_0005,1,2016
2016-03-26 20:00:00+00:00,0.0,0.0,23.14,76.81,1.43,TNP_0005,1,2016
2016-03-26 21:00:00+00:00,0.0,0.0,22.74,80.29,1.1,TNP_0005,1,2016
2016-03-26 22:00:00+00:00,0.0,0.0,22.46,82.72,0.77,TNP_0005,1,2016
2016-03-26 23:00:00+00:00,0.0,0.0,22.13,85.19,0.62,TNP_0005,1,2016
2016-03-27 00:00:00+00:00,0.0,0.0,21.81,87.46,0.68,TNP_0005,1,2016
2016-03-27 01:00:00+00:00,101.22,108.53,23.23,80.72,1.23,TNP_0005,1,2016
2016-03-27 02:00:00+00:00,304.95,350.8,26.21,63.11,2.29,TNP_0005,1,2016
2016-03-27 03:00:00+00:00,536.62,601.35,29.45,45.28,2.34,TNP_0005,1,2016
2016-03-27 04:00:00+00:00,797.83,810.6,32.4,33.95,1.96,TNP_0005,1,2016
2016-03-27 05:00:00+00:00,955.42,956.5,34.91,26.71,1.66,TNP_0005,1,2016
2016-03-27 06:00:00+00:00,993.6,994.83,36.95,21.82,1.55,TNP_0005,1,2016
2016-03-27 07:00:00+00:00,984.1,984.6,38.4,18.67,1.57,TNP_0005,1,2016
2016-03-27 08:00:00+00:00,888.5,891.47,39.18,17.02,1.68,TNP_0005,1,2016
2016-03-27 09:00:00+00:00,723.33,725.65,39.28,16.15,1.82,TNP_0005,1,2016
2016-03-27 10:00:00+00:00,499.67,500.2,38.7,15.98,2.08,TNP_0005,1,2016
2016-03-27 11:00:00+00:00,249.77,250.25,37.5,16.65,2.47,TNP_0005,1,2016
2016-03-27 12:00:00+00:00,46.28,46.38,34.46,20.53,2.14,TNP_0005,1,2016
2016-03-27 13:00:00+00:00,0.0,0.0,31.41,25.33,2.83,TNP_0005,1,2016
2016-03-27 14:00:00+00:00,0.0,0.0,30.51,28.79,3.47,TNP_0005,1,2016
2016-03-27 15:00:00+00:00,0.0,0.0,29.85,34.69,4.55,TNP_0005,1,2016
2016-03-27 16:00:00+00:00,0.0,0.0,28.59,44.86,5.14,TNP_0005,1,2016
2016-03-27 17:00:00+00:00,0.0,0.0,27.03,57.78,4.85,TNP_0005,1,2016
2016-03-27 18:00:00+00:00,0.0,0.0,25.81,68.25,3.92,TNP_0005,1,2016
2016-03-27 19:00:00+00:00,0.0,0.0,24.97,74.45,2.33,TNP_0005,1,2016
2016-03-27 20:00:00+00:00,0.0,0.0,24.38,78.46,1.33,TNP_0005,1,2016
2016-03-27 21:00:00+00:00,0.0,0.0,23.99,81.13,0.81,TNP_0005,1,2016
2016-03-27 22:00:00+00:00,0.0,0.0,23.73,83.1,0.69,TNP_0005,1,2016
2016-03-27 23:00:00+00:00,0.0,0.0,23.46,85.2,0.81,TNP_0005,1,2016
2016-03-28 00:00:00+00:00,0.0,0.0,23.22,86.98,0.98,TNP_0005,1,2016
2016-03-28 01:00:00+00:00,96.68,106.07,24.67,79.68,1.7,TNP_0005,1,2016
2016-03-28 02:00:00+00:00,301.23,343.9,27.6,62.46,1.34,TNP_0005,1,2016
2016-03-28 03:00:00+00:00,544.22,590.38,30.87,46.6,0.66,TNP_0005,1,2016
2016-03-28 04:00:00+00:00,785.97,799.55,33.93,35.49,0.49,TNP_0005,1,2016
2016-03-28 05:00:00+00:00,940.7,944.97,36.44,27.99,0.78,TNP_0005,1,2016
2016-03-28 06:00:00+00:00,992.38,997.5,38.35,22.97,1.18,TNP_0005,1,2016
2016-03-28 07:00:00+00:00,980.3,987.03,39.65,19.93,1.66,TNP_0005,1,2016
2016-03-28 08:00:00+00:00,890.25,897.12,40.25,18.47,2.29,TNP_0005,1,2016
2016-03-28 09:00:00+00:00,724.72,732.95,40.34,17.76,2.96,TNP_0005,1,2016
2016-03-28 10:00:00+00:00,499.7,513.6,39.7,18.01,3.58,TNP_0005,1,2016
2016-03-28 11:00:00+00:00,255.25,265.12,38.41,19.35,4.33,TNP_0005,1,2016
2016-03-28 12:00:00+00:00,45.85,47.35,36.04,22.99,4.56,TNP_0005,1,2016
2016-03-28 13:00:00+00:00,0.0,0.0,33.73,29.4,5.77,TNP_0005,1,2016
2016-03-28 14:00:00+00:00,0.0,0.0,32.06,38.79,7.01,TNP_0005,1,2016
2016-03-28 15:00:00+00:00,0.0,0.0,29.74,54.81,8.3,TNP_0005,1,2016
2016-03-28 16:00:00+00:00,0.0,0.0,27.96,68.28,7.45,TNP_0005,1,2016
2016-03-28 17:00:00+00:00,0.0,0.0,27.13,73.96,6.1,TNP_0005,1,2016
2016-03-28 18:00:00+00:00,0.0,0.0,26.72,76.09,5.15,TNP_0005,1,2016
2016-03-28 19:00:00+00:00,0.0,0.0,26.47,76.83,4.42,TNP_0005,1,2016
2016-03-28 20:00:00+00:00,0.0,0.0,26.19,78.13,3.56,TNP_0005,1,2016
2016-03-28 21:00:00+00:00,0.0,0.0,25.95,79.42,2.84,TNP_0005,1,2016
2016-03-28 22:00:00+00:00,0.0,0.0,25.73,80.66,2.28,TNP_0005,1,2016
2016-03-28 23:00:00+00:00,0.0,0.0,25.52,81.87,1.53,TNP_0005,1,2016
2016-03-29 00:00:00+00:00,0.0,0.0,25.29,83.2,0.86,TNP_0005,1,2016
2016-03-29 01:00:00+00:00,87.03,114.75,26.22,77.58,1.48,TNP_0005,1,2016
2016-03-29 02:00:00+00:00,240.02,355.67,28.45,64.2,1.94,TNP_0005,1,2016
2016-03-29 03:00:00+00:00,510.52,600.22,31.24,51.15,2.07,TNP_0005,1,2016
2016-03-29 04:00:00+00:00,732.05,804.65,33.91,39.82,2.31,TNP_0005,1,2016
2016-03-29 05:00:00+00:00,827.85,948.03,36.18,32.07,2.45,TNP_0005,1,2016
2016-03-29 06:00:00+00:00,835.9,1012.38,37.98,27.11,2.57,TNP_0005,1,2016
2016-03-29 07:00:00+00:00,956.25,1002.12,39.22,24.19,2.7,TNP_0005,1,2016
2016-03-29 08:00:00+00:00,877.75,912.25,39.79,22.68,2.87,TNP_0005,1,2016
2016-03-29 09:00:00+00:00,715.72,750.6,39.72,22.19,3.15,TNP_0005,1,2016
2016-03-29 10:00:00+00:00,504.4,532.45,39.03,22.76,3.71,TNP_0005,1,2016
2016-03-29 11:00:00+00:00,256.12,281.88,37.67,24.8,4.5,TNP_0005,1,2016
2016-03-29 12:00:00+00:00,49.25,52.47,35.63,29.16,5.12,TNP_0005,1,2016
2016-03-29 13:00:00+00:00,0.0,0.0,33.91,35.17,5.93,TNP_0005,1,2016
2016-03-29 14:00:00+00:00,0.0,0.0,32.47,42.3,6.86,TNP_0005,1,2016
2016-03-29 15:00:00+00:00,0.0,0.0,30.88,50.28,6.94,TNP_0005,1,2016
2016-03-29 16:00:00+00:00,0.0,0.0,29.69,56.23,5.8,TNP_0005,1,2016
2016-03-29 17:00:00+00:00,0.0,0.0,28.74,61.08,4.5,TNP_0005,1,2016
2016-03-29 18:00:00+00:00,0.0,0.0,27.78,66.13,3.5,TNP_0005,1,2016
2016-03-29 19:00:00+00:00,0.0,0.0,26.84,71.44,2.63,TNP_0005,1,2016
2016-03-29 20:00:00+00:00,0.0,0.0,25.89,76.95,1.89,TNP_0005,1,2016
2016-03-29 21:00:00+00:00,0.0,0.0,25.11,81.73,1.38,TNP_0005,1,2016
2016-03-29 22:00:00+00:00,0.0,0.0,24.55,85.32,1.14,TNP_0005,1,2016
2016-03-29 23:00:00+00:00,0.0,0.0,24.19,88.05,1.0,TNP_0005,1,2016
2016-03-30 00:00:00+00:00,0.0,0.0,24.2,88.92,0.81,TNP_0005,1,2016
2016-03-30 01:00:00+00:00,102.03,110.85,25.3,83.14,1.2,TNP_0005,1,2016
2016-03-30 02:00:00+00:00,303.0,345.5,27.58,68.26,1.45,TNP_0005,1,2016
2016-03-30 03:00:00+00:00,537.42,594.85,30.72,50.43,1.98,TNP_0005,1,2016
2016-03-30 04:00:00+00:00,749.6,803.9,33.67,37.88,2.53,TNP_0005,1,2016
2016-03-30 05:00:00+00:00,895.35,950.8,36.25,29.5,2.83,TNP_0005,1,2016
2016-03-30 06:00:00+00:00,1005.15,1015.28,38.19,24.36,2.93,TNP_0005,1,2016
2016-03-30 07:00:00+00:00,993.3,1002.33,39.45,21.19,3.01,TNP_0005,1,2016
2016-03-30 08:00:00+00:00,889.85,909.75,40.03,19.47,3.18,TNP_0005,1,2016
2016-03-30 09:00:00+00:00,735.83,744.92,40.01,18.78,3.41,TNP_0005,1,2016
2016-03-30 10:00:00+00:00,516.7,524.05,39.35,19.01,3.82,TNP_0005,1,2016
2016-03-30 11:00:00+00:00,266.88,272.98,38.04,20.43,4.35,TNP_0005,1,2016
2016-03-30 12:00:00+00:00,48.75,49.7,35.78,23.98,4.32,TNP_0005,1,2016
2016-03-30 13:00:00+00:00,0.0,0.0,33.67,29.26,4.79,TNP_0005,1,2016
2016-03-30 14:00:00+00:00,0.0,0.0,32.54,34.69,5.7,TNP_0005,1,2016
2016-03-30 15:00:00+00:00,0.0,0.0,30.82,44.05,6.82,TNP_0005,1,2016
2016-03-30 16:00:00+00:00,0.0,0.0,29.1,54.29,6.39,TNP_0005,1,2016
2016-03-30 17:00:00+00:00,0.0,0.0,27.87,61.85,4.79,TNP_0005,1,2016
2016-03-30 18:00:00+00:00,0.0,0.0,26.86,68.16,3.54,TNP_0005,1,2016
2016-03-30 19:00:00+00:00,0.0,0.0,25.95,74.13,2.4,TNP_0005,1,2016
2016-03-30 20:00:00+00:00,0.0,0.0,25.22,79.05,1.5,TNP_0005,1,2016
2016-03-30 21:00:00+00:00,0.0,0.0,24.7,82.81,1.06,TNP_0005,1,2016
2016-03-30 22:00:00+00:00,0.0,0.0,24.37,85.43,0.92,TNP_0005,1,2016
2016-03-30 23:00:00+00:00,0.0,0.0,24.37,86.63,1.16,TNP_0005,1,2016
2016-03-31 00:00:00+00:00,0.0,0.0,24.3,87.86,0.96,TNP_0005,1,2016
2016-03-31 01:00:00+00:00,91.62,110.93,25.3,81.92,1.36,TNP_0005,1,2016
2016-03-31 02:00:00+00:00,286.55,340.3,27.53,68.09,1.84,TNP_0005,1,2016
2016-03-31 03:00:00+00:00,523.28,582.2,30.04,53.85,1.96,TNP_0005,1,2016
2016-03-31 04:00:00+00:00,756.4,786.2,32.16,43.24,1.81,TNP_0005,1,2016
2016-03-31 05:00:00+00:00,922.65,930.3,34.04,35.49,1.66,TNP_0005,1,2016
2016-03-31 06:00:00+00:00,983.17,988.3,35.72,29.74,1.56,TNP_0005,1,2016
2016-03-31 07:00:00+00:00,968.97,974.72,36.96,25.86,1.61,TNP_0005,1,2016
2016-03-31 08:00:00+00:00,868.15,881.53,37.71,23.49,1.72,TNP_0005,1,2016
2016-03-31 09:00:00+00:00,701.42,717.35,38.08,22.07,1.89,TNP_0005,1,2016
2016-03-31 10:00:00+00:00,463.2,499.17,37.79,21.68,2.21,TNP_0005,1,2016
2016-03-31 11:00:00+00:00,239.25,255.23,36.84,22.29,2.68,TNP_0005,1,2016
2016-03-31 12:00:00+00:00,44.92,45.8,34.71,24.93,2.39,TNP_0005,1,2016
2016-03-31 13:00:00+00:00,0.0,0.0,32.06,29.13,2.56,TNP_0005,1,2016
2016-03-31 14:00:00+00:00,0.0,0.0,31.06,31.61,3.06,TNP_0005,1,2016
2016-03-31 15:00:00+00:00,0.0,0.0,30.29,35.31,3.66,TNP_0005,1,2016
2016-03-31 16:00:00+00:00,0.0,0.0,29.39,42.07,4.24,TNP_0005,1,2016
2016-03-31 17:00:00+00:00,0.0,0.0,28.04,52.71,4.1,TNP_0005,1,2016
2016-03-31 18:00:00+00:00,0.0,0.0,26.85,64.55,3.83,TNP_0005,1,2016
2016-03-31 19:00:00+00:00,0.0,0.0,25.94,72.98,2.95,TNP_0005,1,2016
2016-03-31 20:00:00+00:00,0.0,0.0,25.3,78.38,2.18,TNP_0005,1,2016
2016-03-31 21:00:00+00:00,0.0,0.0,24.8,82.11,1.68,TNP_0005,1,2016
2016-03-31 22:00:00+00:00,0.0,0.0,24.37,85.12,1.25,TNP_0005,1,2016
2016-03-31 23:00:00+00:00,0.0,0.0,24.11,87.12,0.95,TNP_0005,1,2016
2016-04-01 00:00:00+00:00,0.0,0.0,23.98,88.33,0.83,TNP_0005,1,2016
2016-04-01 01:00:00+00:00,118.22,129.9,25.25,81.07,1.89,TNP_0005,1,2016
2016-04-01 02:00:00+00:00,317.83,372.8,27.76,66.34,2.42,TNP_0005,1,2016
2016-04-01 03:00:00+00:00,540.92,617.38,30.66,51.58,2.18,TNP_0005,1,2016
2016-04-01 04:00:00+00:00,802.3,820.8,33.45,39.31,1.98,TNP_0005,1,2016
2016-04-01 05:00:00+00:00,862.2,961.7,35.98,29.85,1.98,TNP_0005,1,2016
2016-04-01 06:00:00+00:00,995.15,1000.1,37.97,23.85,2.1,TNP_0005,1,2016
2016-04-01 07:00:00+00:00,983.67,987.78,39.3,20.41,2.28,TNP_0005,1,2016
2016-04-01 08:00:00+00:00,861.83,895.5,39.96,18.57,2.42,TNP_0005,1,2016
2016-04-01 09:00:00+00:00,724.7,731.55,40.02,17.68,2.79,TNP_0005,1,2016
2016-04-01 10:00:00+00:00,506.58,512.15,39.41,17.52,3.43,TNP_0005,1,2016
2016-04-01 11:00:00+00:00,256.2,264.6,38.17,18.2,4.05,TNP_0005,1,2016
2016-04-01 12:00:00+00:00,46.15,47.72,35.72,20.74,3.55,TNP_0005,1,2016
2016-04-01 13:00:00+00:00,0.0,0.0,32.69,25.26,3.28,TNP_0005,1,2016
2016-04-01 14:00:00+00:00,0.0,0.0,31.97,28.01,4.14,TNP_0005,1,2016
2016-04-01 15:00:00+00:00,0.0,0.0,30.89,33.7,4.54,TNP_0005,1,2016
2016-04-01 16:00:00+00:00,0.0,0.0,29.57,42.06,4.06,TNP_0005,1,2016
2016-04-01 17:00:00+00:00,0.0,0.0,28.34,51.38,3.44,TNP_0005,1,2016
2016-04-01 18:00:00+00:00,0.0,0.0,27.26,59.69,2.78,TNP_0005,1,2016
2016-04-01 19:00:00+00:00,0.0,0.0,26.39,66.28,2.25,TNP_0005,1,2016
2016-04-01 20:00:00+00:00,0.0,0.0,25.66,71.27,1.84,TNP_0005,1,2016
2016-04-01 21:00:00+00:00,0.0,0.0,25.06,74.99,1.48,TNP_0005,1,2016
2016-04-01 22:00:00+00:00,0.0,0.0,24.55,78.35,1.25,TNP_0005,1,2016
2016-04-01 23:00:00+00:00,0.0,0.0,24.21,81.07,1.08,TNP_0005,1,2016
2016-04-02 00:00:00+00:00,0.0,0.0,23.94,83.38,1.12,TNP_0005,1,2016
2016-04-02 01:00:00+00:00,123.15,126.68,25.44,76.35,1.65,TNP_0005,1,2016
2016-04-02 02:00:00+00:00,347.02,364.85,28.44,61.17,1.61,TNP_0005,1,2016
2016-04-02 03:00:00+00:00,580.53,608.5,31.42,48.39,1.73,TNP_0005,1,2016
2016-04-02 04:00:00+00:00,796.5,811.92,34.34,37.38,2.03,TNP_0005,1,2016
2016-04-02 05:00:00+00:00,920.75,952.78,36.88,29.43,2.39,TNP_0005,1,2016
2016-04-02 06:00:00+00:00,995.45,996.78,38.83,24.3,2.75,TNP_0005,1,2016
2016-04-02 07:00:00+00:00,983.72,984.92,40.15,21.24,3.09,TNP_0005,1,2016
2016-04-02 08:00:00+00:00,883.28,890.97,40.81,19.7,3.45,TNP_0005,1,2016
2016-04-02 09:00:00+00:00,718.0,725.8,40.82,18.97,3.88,TNP_0005,1,2016
2016-04-02 10:00:00+00:00,493.35,505.85,40.18,18.85,4.36,TNP_0005,1,2016
2016-04-02 11:00:00+00:00,250.3,258.6,38.92,19.64,4.8,TNP_0005,1,2016
2016-04-02 12:00:00+00:00,45.35,45.92,36.58,22.26,4.14,TNP_0005,1,2016
2016-04-02 13:00:00+00:00,0.0,0.0,33.73,26.98,3.75,TNP_0005,1,2016
2016-04-02 14:00:00+00:00,0.0,0.0,32.9,29.87,4.86,TNP_0005,1,2016
2016-04-02 15:00:00+00:00,0.0,0.0,31.42,34.73,4.49,TNP_0005,1,2016
2016-04-02 16:00:00+00:00,0.0,0.0,29.97,40.43,3.9,TNP_0005,1,2016
2016-04-02 17:00:00+00:00,0.0,0.0,28.66,46.57,3.24,TNP_0005,1,2016
2016-04-02 18:00:00+00:00,0.0,0.0,27.48,52.73,2.6,TNP_0005,1,2016
2016-04-02 19:00:00+00:00,0.0,0.0,26.51,58.38,2.17,TNP_0005,1,2016
2016-04-02 20:00:00+00:00,0.0,0.0,25.75,63.42,1.97,TNP_0005,1,2016
2016-04-02 21:00:00+00:00,0.0,0.0,25.16,67.69,1.83,TNP_0005,1,2016
2016-04-02 22:00:00+00:00,0.0,0.0,24.66,71.4,1.67,TNP_0005,1,2016
2016-04-02 23:00:00+00:00,0.0,0.0,24.28,74.55,1.56,TNP_0005,1,2016
2016-04-03 00:00:00+00:00,0.0,0.0,24.0,77.22,1.46,TNP_0005,1,2016
2016-04-03 01:00:00+00:00,113.68,120.03,25.51,72.13,1.95,TNP_0005,1,2016
2016-04-03 02:00:00+00:00,321.55,350.75,28.95,59.09,1.93,TNP_0005,1,2016
2016-04-03 03:00:00+00:00,555.22,592.9,32.18,46.12,1.59,TNP_0005,1,2016
2016-04-03 04:00:00+00:00,758.83,795.75,35.05,34.7,1.44,TNP_0005,1,2016
2016-04-03 05:00:00+00:00,933.85,936.55,37.54,26.6,1.89,TNP_0005,1,2016
2016-04-03 06:00:00+00:00,983.65,988.0,39.25,22.24,2.22,TNP_0005,1,2016
2016-04-03 07:00:00+00:00,952.53,974.88,40.36,19.63,2.42,TNP_0005,1,2016
2016-04-03 08:00:00+00:00,864.55,882.08,40.87,18.22,2.6,TNP_0005,1,2016
2016-04-03 09:00:00+00:00,686.78,718.15,40.83,17.46,2.83,TNP_0005,1,2016
2016-04-03 10:00:00+00:00,459.3,499.83,40.23,17.21,3.26,TNP_0005,1,2016
2016-04-03 11:00:00+00:00,226.3,255.38,39.03,17.76,3.75,TNP_0005,1,2016
2016-04-03 12:00:00+00:00,41.12,45.8,36.54,20.19,3.18,TNP_0005,1,2016
2016-04-03 13:00:00+00:00,0.0,0.0,33.56,24.25,3.25,TNP_0005,1,2016
2016-04-03 14:00:00+00:00,0.0,0.0,32.89,26.19,4.43,TNP_0005,1,2016
2016-04-03 15:00:00+00:00,0.0,0.0,31.71,30.41,4.94,TNP_0005,1,2016
2016-04-03 16:00:00+00:00,0.0,0.0,30.08,37.25,4.22,TNP_0005,1,2016
2016-04-03 17:00:00+00:00,0.0,0.0,28.67,45.18,3.29,TNP_0005,1,2016
2016-04-03 18:00:00+00:00,0.0,0.0,27.46,52.81,2.34,TNP_0005,1,2016
2016-04-03 19:00:00+00:00,0.0,0.0,26.48,59.17,1.8,TNP_0005,1,2016
2016-04-03 20:00:00+00:00,0.0,0.0,25.73,64.29,1.58,TNP_0005,1,2016
2016-04-03 21:00:00+00:00,0.0,0.0,25.14,68.55,1.38,TNP_0005,1,2016
2016-04-03 22:00:00+00:00,0.0,0.0,24.71,71.97,1.2,TNP_0005,1,2016
2016-04-03 23:00:00+00:00,0.0,0.0,24.36,74.92,1.13,TNP_0005,1,2016
2016-04-04 00:00:00+00:00,0.0,0.0,24.08,77.57,1.13,TNP_0005,1,2016
2016-04-04 01:00:00+00:00,127.7,128.27,25.74,71.51,1.81,TNP_0005,1,2016
2016-04-04 02:00:00+00:00,354.5,355.3,29.1,55.68,2.04,TNP_0005,1,2016
2016-04-04 03:00:00+00:00,601.7,601.97,32.43,39.24,2.16,TNP_0005,1,2016
2016-04-04 04:00:00+00:00,805.4,805.6,35.17,29.46,2.3,TNP_0005,1,2016
2016-04-04 05:00:00+00:00,946.05,947.88,37.43,23.48,2.57,TNP_0005,1,2016
2016-04-04 06:00:00+00:00,1007.95,1008.47,39.19,19.65,2.86,TNP_0005,1,2016
2016-04-04 07:00:00+00:00,987.0,993.6,40.35,17.33,3.18,TNP_0005,1,2016
2016-04-04 08:00:00+00:00,894.1,899.85,40.89,16.02,3.53,TNP_0005,1,2016
2016-04-04 09:00:00+00:00,719.47,734.05,40.87,15.38,3.87,TNP_0005,1,2016
2016-04-04 10:00:00+00:00,502.23,513.67,40.19,15.51,4.35,TNP_0005,1,2016
2016-04-04 11:00:00+00:00,253.25,265.42,38.83,16.57,4.82,TNP_0005,1,2016
2016-04-04 12:00:00+00:00,47.0,48.33,36.27,19.41,4.03,TNP_0005,1,2016
2016-04-04 13:00:00+00:00,0.0,0.0,33.09,24.58,3.58,TNP_0005,1,2016
2016-04-04 14:00:00+00:00,0.0,0.0,32.33,27.92,4.59,TNP_0005,1,2016
2016-04-04 15:00:00+00:00,0.0,0.0,31.04,33.2,4.55,TNP_0005,1,2016
2016-04-04 16:00:00+00:00,0.0,0.0,29.48,39.75,3.66,TNP_0005,1,2016
2016-04-04 17:00:00+00:00,0.0,0.0,28.12,46.3,2.84,TNP_0005,1,2016
2016-04-04 18:00:00+00:00,0.0,0.0,26.86,52.66,2.19,TNP_0005,1,2016
2016-04-04 19:00:00+00:00,0.0,0.0,25.88,58.07,1.9,TNP_0005,1,2016
2016-04-04 20:00:00+00:00,0.0,0.0,25.14,62.53,1.72,TNP_0005,1,2016
2016-04-04 21:00:00+00:00,0.0,0.0,24.62,65.93,1.54,TNP_0005,1,2016
2016-04-04 22:00:00+00:00,0.0,0.0,24.29,68.27,1.32,TNP_0005,1,2016
2016-04-04 23:00:00+00:00,0.0,0.0,24.05,70.06,1.14,TNP_0005,1,2016
2016-04-05 00:00:00+00:00,0.0,0.0,23.83,71.73,1.09,TNP_0005,1,2016
2016-04-05 01:00:00+00:00,140.82,142.12,25.67,65.72,1.45,TNP_0005,1,2016
2016-04-05 02:00:00+00:00,381.65,382.98,29.5,51.86,1.15,TNP_0005,1,2016
2016-04-05 03:00:00+00:00,631.62,631.65,32.75,37.82,1.46,TNP_0005,1,2016
2016-04-05 04:00:00+00:00,833.72,836.92,35.28,28.83,1.64,TNP_0005,1,2016
2016-04-05 05:00:00+00:00,975.95,976.83,37.36,23.16,1.74,TNP_0005,1,2016
2016-04-05 06:00:00+00:00,1025.97,1028.53,38.93,19.8,1.7,TNP_0005,1,2016
2016-04-05 07:00:00+00:00,965.85,1014.08,40.0,17.81,1.66,TNP_0005,1,2016
2016-04-05 08:00:00+00:00,911.95,919.88,40.49,16.76,1.7,TNP_0005,1,2016
2016-04-05 09:00:00+00:00,732.75,753.28,40.47,16.19,1.89,TNP_0005,1,2016
2016-04-05 10:00:00+00:00,522.8,530.53,39.85,16.01,2.22,TNP_0005,1,2016
2016-04-05 11:00:00+00:00,267.1,277.52,38.64,16.59,2.57,TNP_0005,1,2016
2016-04-05 12:00:00+00:00,49.12,51.0,36.07,19.19,2.23,TNP_0005,1,2016
2016-04-05 13:00:00+00:00,0.0,0.0,32.8,24.0,2.64,TNP_0005,1,2016
2016-04-05 14:00:00+00:00,0.0,0.0,31.83,27.51,3.26,TNP_0005,1,2016
2016-04-05 15:00:00+00:00,0.0,0.0,31.15,33.47,4.25,TNP_0005,1,2016
2016-04-05 16:00:00+00:00,0.0,0.0,30.22,42.78,5.32,TNP_0005,1,2016
2016-04-05 17:00:00+00:00,0.0,0.0,29.1,53.58,5.4,TNP_0005,1,2016
2016-04-05 18:00:00+00:00,0.0,0.0,28.19,63.0,5.05,TNP_0005,1,2016
2016-04-05 19:00:00+00:00,0.0,0.0,27.51,67.61,4.05,TNP_0005,1,2016
2016-04-05 20:00:00+00:00,0.0,0.0,26.99,70.48,3.09,TNP_0005,1,2016
2016-04-05 21:00:00+00:00,0.0,0.0,26.49,73.01,2.12,TNP_0005,1,2016
2016-04-05 22:00:00+00:00,0.0,0.0,26.02,75.48,1.38,TNP_0005,1,2016
2016-04-05 23:00:00+00:00,0.0,0.0,25.64,77.56,1.24,TNP_0005,1,2016
2016-04-06 00:00:00+00:00,3.2,3.22,25.39,79.16,1.21,TNP_0005,1,2016
2016-04-06 01:00:00+00:00,125.35,126.78,27.05,71.95,1.82,TNP_0005,1,2016
2016-04-06 02:00:00+00:00,358.38,360.62,29.76,59.34,1.48,TNP_0005,1,2016
2016-04-06 03:00:00+00:00,598.83,600.17,32.7,46.79,1.53,TNP_0005,1,2016
2016-04-06 04:00:00+00:00,796.92,797.28,35.17,38.13,1.2,TNP_0005,1,2016
2016-04-06 05:00:00+00:00,909.12,939.5,37.3,31.29,0.77,TNP_0005,1,2016
2016-04-06 06:00:00+00:00,986.42,1001.17,38.98,26.35,0.85,TNP_0005,1,2016
2016-04-06 07:00:00+00:00,943.85,981.45,40.09,23.23,1.28,TNP_0005,1,2016
2016-04-06 08:00:00+00:00,816.17,875.2,40.67,21.47,1.73,TNP_0005,1,2016
2016-04-06 09:00:00+00:00,654.88,720.65,40.67,20.64,2.08,TNP_0005,1,2016
2016-04-06 10:00:00+00:00,455.73,501.85,40.14,20.42,2.33,TNP_0005,1,2016
2016-04-06 11:00:00+00:00,238.68,255.95,39.06,21.02,2.59,TNP_0005,1,2016
2016-04-06 12:00:00+00:00,43.15,45.45,37.13,23.2,2.53,TNP_0005,1,2016
2016-04-06 13:00:00+00:00,0.0,0.0,35.22,26.57,2.8,TNP_0005,1,2016
2016-04-06 14:00:00+00:00,0.0,0.0,34.77,29.22,5.07,TNP_0005,1,2016
2016-04-06 15:00:00+00:00,0.0,0.0,33.5,35.75,6.73,TNP_0005,1,2016
2016-04-06 16:00:00+00:00,0.0,0.0,31.79,46.0,7.7,TNP_0005,1,2016
2016-04-06 17:00:00+00:00,0.0,0.0,30.26,55.17,7.13,TNP_0005,1,2016
2016-04-06 18:00:00+00:00,0.0,0.0,29.29,60.76,5.92,TNP_0005,1,2016
2016-04-06 19:00:00+00:00,0.0,0.0,28.65,64.37,4.77,TNP_0005,1,2016
2016-04-06 20:00:00+00:00,0.0,0.0,28.14,67.47,3.52,TNP_0005,1,2016
2016-04-06 21:00:00+00:00,0.0,0.0,27.78,69.87,2.3,TNP_0005,1,2016
2016-04-06 22:00:00+00:00,0.0,0.0,27.52,71.28,1.39,TNP_0005,1,2016
2016-04-06 23:00:00+00:00,0.0,0.0,27.23,72.54,0.97,TNP_0005,1,2016
2016-04-07 00:00:00+00:00,3.2,3.33,26.96,73.7,0.93,TNP_0005,1,2016
2016-04-07 01:00:00+00:00,111.22,116.68,28.23,67.99,1.36,TNP_0005,1,2016
2016-04-07 02:00:00+00:00,323.3,346.83,30.49,57.59,0.95,TNP_0005,1,2016
2016-04-07 03:00:00+00:00,557.9,573.85,33.22,45.8,0.96,TNP_0005,1,2016
2016-04-07 04:00:00+00:00,753.45,761.75,35.66,37.68,0.95,TNP_0005,1,2016
2016-04-07 05:00:00+00:00,904.67,913.8,37.71,31.8,0.89,TNP_0005,1,2016
2016-04-07 06:00:00+00:00,929.47,977.42,39.17,27.77,0.99,TNP_0005,1,2016
2016-04-07 07:00:00+00:00,845.22,946.75,40.05,25.33,1.28,TNP_0005,1,2016
2016-04-07 08:00:00+00:00,787.0,848.85,40.45,24.05,1.72,TNP_0005,1,2016
2016-04-07 09:00:00+00:00,621.58,684.5,40.32,23.58,2.2,TNP_0005,1,2016
2016-04-07 10:00:00+00:00,406.55,472.15,39.75,23.8,2.61,TNP_0005,1,2016
2016-04-07 11:00:00+00:00,198.48,237.9,38.6,25.04,3.2,TNP_0005,1,2016
2016-04-07 12:00:00+00:00,36.88,42.53,37.09,27.39,3.78,TNP_0005,1,2016
2016-04-07 13:00:00+00:00,0.0,0.0,35.61,30.89,4.57,TNP_0005,1,2016
2016-04-07 14:00:00+00:00,0.0,0.0,34.38,35.88,6.32,TNP_0005,1,2016
2016-04-07 15:00:00+00:00,0.0,0.0,32.54,45.09,7.69,TNP_0005,1,2016
2016-04-07 16:00:00+00:00,0.0,0.0,30.75,55.61,7.57,TNP_0005,1,2016
2016-04-07 17:00:00+00:00,0.0,0.0,29.68,62.53,6.45,TNP_0005,1,2016
2016-04-07 18:00:00+00:00,0.0,0.0,29.07,66.05,5.41,TNP_0005,1,2016
2016-04-07 19:00:00+00:00,0.0,0.0,28.6,68.42,4.62,TNP_0005,1,2016
2016-04-07 20:00:00+00:00,0.0,0.0,28.2,70.31,3.98,TNP_0005,1,2016
2016-04-07 21:00:00+00:00,0.0,0.0,27.86,71.91,3.36,TNP_0005,1,2016
2016-04-07 22:00:00+00:00,0.0,0.0,27.54,73.45,2.66,TNP_0005,1,2016
2016-04-07 23:00:00+00:00,0.0,0.0,27.21,75.26,1.78,TNP_0005,1,2016
2016-04-08 00:00:00+00:00,2.65,3.1,26.88,77.13,1.17,TNP_0005,1,2016
2016-04-08 01:00:00+00:00,87.05,101.43,27.71,72.89,1.8,TNP_0005,1,2016
2016-04-08 02:00:00+00:00,255.52,318.7,29.74,61.02,1.76,TNP_0005,1,2016
2016-04-08 03:00:00+00:00,499.7,555.25,32.4,47.9,1.81,TNP_0005,1,2016
2016-04-08 04:00:00+00:00,720.17,754.55,34.9,37.89,1.83,TNP_0005,1,2016
2016-04-08 05:00:00+00:00,826.95,895.05,37.06,31.49,1.83,TNP_0005,1,2016
2016-04-08 06:00:00+00:00,927.2,984.6,38.75,27.76,1.86,TNP_0005,1,2016
2016-04-08 07:00:00+00:00,824.97,961.72,39.88,25.48,1.92,TNP_0005,1,2016
2016-04-08 08:00:00+00:00,692.75,859.25,40.41,24.21,1.92,TNP_0005,1,2016
2016-04-08 09:00:00+00:00,548.6,687.3,40.35,23.8,2.0,TNP_0005,1,2016
2016-04-08 10:00:00+00:00,356.25,484.08,39.79,24.11,2.45,TNP_0005,1,2016
2016-04-08 11:00:00+00:00,159.85,244.85,38.47,25.84,3.11,TNP_0005,1,2016
2016-04-08 12:00:00+00:00,30.02,43.55,36.92,28.62,3.67,TNP_0005,1,2016
2016-04-08 13:00:00+00:00,0.0,0.0,35.43,32.43,4.33,TNP_0005,1,2016
2016-04-08 14:00:00+00:00,0.0,0.0,34.19,36.95,5.5,TNP_0005,1,2016
2016-04-08 15:00:00+00:00,0.0,0.0,32.74,43.05,5.83,TNP_0005,1,2016
2016-04-08 16:00:00+00:00,0.0,0.0,31.27,50.0,6.36,TNP_0005,1,2016
2016-04-08 17:00:00+00:00,0.0,0.0,30.01,56.39,6.06,TNP_0005,1,2016
2016-04-08 18:00:00+00:00,0.0,0.0,29.13,61.25,5.11,TNP_0005,1,2016
2016-04-08 19:00:00+00:00,0.0,0.0,28.49,65.03,4.29,TNP_0005,1,2016
2016-04-08 20:00:00+00:00,0.0,0.0,28.01,68.04,3.62,TNP_0005,1,2016
2016-04-08 21:00:00+00:00,0.0,0.0,27.56,71.07,3.01,TNP_0005,1,2016
2016-04-08 22:00:00+00:00,0.0,0.0,27.16,73.96,2.55,TNP_0005,1,2016
2016-04-08 23:00:00+00:00,0.0,0.0,26.83,76.58,2.35,TNP_0005,1,2016
2016-04-09 00:00:00+00:00,2.7,3.6,26.55,78.92,2.32,TNP_0005,1,2016
2016-04-09 01:00:00+00:00,76.0,111.05,26.98,77.53,2.78,TNP_0005,1,2016
2016-04-09 02:00:00+00:00,224.05,342.45,28.36,70.47,2.93,TNP_0005,1,2016
2016-04-09 03:00:00+00:00,445.12,577.5,29.91,62.47,2.78,TNP_0005,1,2016
2016-04-09 04:00:00+00:00,657.78,770.3,31.47,55.44,2.53,TNP_0005,1,2016
2016-04-09 05:00:00+00:00,693.8,905.95,32.63,50.27,2.26,TNP_0005,1,2016
2016-04-09 06:00:00+00:00,912.85,1003.9,33.6,46.08,2.03,TNP_0005,1,2016
2016-04-09 07:00:00+00:00,769.15,985.72,34.1,43.35,1.87,TNP_0005,1,2016
2016-04-09 08:00:00+00:00,635.03,893.3,34.27,41.65,1.72,TNP_0005,1,2016
2016-04-09 09:00:00+00:00,501.25,732.85,34.22,40.83,1.51,TNP_0005,1,2016
2016-04-09 10:00:00+00:00,297.73,515.12,33.92,40.87,1.42,TNP_0005,1,2016
2016-04-09 11:00:00+00:00,155.55,268.55,33.36,41.79,1.33,TNP_0005,1,2016
2016-04-09 12:00:00+00:00,29.73,49.33,32.5,45.05,0.98,TNP_0005,1,2016
2016-04-09 13:00:00+00:00,0.0,0.0,31.37,50.78,0.95,TNP_0005,1,2016
2016-04-09 14:00:00+00:00,0.0,0.0,30.67,52.65,1.29,TNP_0005,1,2016
2016-04-09 15:00:00+00:00,0.0,0.0,30.06,54.13,1.65,TNP_0005,1,2016
2016-04-09 16:00:00+00:00,0.0,0.0,29.54,56.02,1.9,TNP_0005,1,2016
2016-04-09 17:00:00+00:00,0.0,0.0,29.01,59.11,1.99,TNP_0005,1,2016
2016-04-09 18:00:00+00:00,0.0,0.0,28.47,62.91,2.14,TNP_0005,1,2016
2016-04-09 19:00:00+00:00,0.0,0.0,27.93,67.08,2.42,TNP_0005,1,2016
2016-04-09 20:00:00+00:00,0.0,0.0,27.39,71.46,2.63,TNP_0005,1,2016
2016-04-09 21:00:00+00:00,0.0,0.0,26.87,75.74,2.23,TNP_0005,1,2016
2016-04-09 22:00:00+00:00,0.0,0.0,26.39,79.43,1.65,TNP_0005,1,2016
2016-04-09 23:00:00+00:00,0.0,0.0,26.07,82.08,1.18,TNP_0005,1,2016
2016-04-10 00:00:00+00:00,4.25,4.38,25.84,84.1,0.9,TNP_0005,1,2016
2016-04-10 01:00:00+00:00,122.35,133.7,26.53,80.68,1.21,TNP_0005,1,2016
2016-04-10 02:00:00+00:00,332.58,375.38,27.86,72.6,1.21,TNP_0005,1,2016
2016-04-10 03:00:00+00:00,567.97,613.83,29.39,64.11,1.29,TNP_0005,1,2016
2016-04-10 04:00:00+00:00,715.92,812.25,30.92,56.58,1.6,TNP_0005,1,2016
2016-04-10 05:00:00+00:00,910.78,949.12,32.35,50.18,1.94,TNP_0005,1,2016
2016-04-10 06:00:00+00:00,969.85,1024.97,33.43,45.43,2.12,TNP_0005,1,2016
2016-04-10 07:00:00+00:00,900.28,1000.78,34.17,41.96,2.2,TNP_0005,1,2016
2016-04-10 08:00:00+00:00,783.78,901.92,34.57,39.62,2.21,TNP_0005,1,2016
2016-04-10 09:00:00+00:00,668.17,737.03,34.63,37.92,2.22,TNP_0005,1,2016
2016-04-10 10:00:00+00:00,463.38,514.17,34.42,36.77,2.16,TNP_0005,1,2016
2016-04-10 11:00:00+00:00,230.02,267.45,33.83,36.83,2.05,TNP_0005,1,2016
2016-04-10 12:00:00+00:00,46.42,50.45,32.61,41.05,1.53,TNP_0005,1,2016
2016-04-10 13:00:00+00:00,0.0,0.0,31.14,44.29,1.0,TNP_0005,1,2016
2016-04-10 14:00:00+00:00,0.0,0.0,30.65,45.16,1.0,TNP_0005,1,2016
2016-04-10 15:00:00+00:00,0.0,0.0,30.04,47.62,1.4,TNP_0005,1,2016
2016-04-10 16:00:00+00:00,0.0,0.0,29.0,51.63,1.97,TNP_0005,1,2016
2016-04-10 17:00:00+00:00,0.0,0.0,28.17,55.43,2.34,TNP_0005,1,2016
2016-04-10 18:00:00+00:00,0.0,0.0,27.66,58.91,2.37,TNP_0005,1,2016
2016-04-10 19:00:00+00:00,0.0,0.0,27.24,62.93,2.37,TNP_0005,1,2016
2016-04-10 20:00:00+00:00,0.0,0.0,26.87,66.88,2.34,TNP_0005,1,2016
2016-04-10 21:00:00+00:00,0.0,0.0,26.48,70.64,1.88,TNP_0005,1,2016
2016-04-10 22:00:00+00:00,0.0,0.0,26.24,73.27,1.35,TNP_0005,1,2016
2016-04-10 23:00:00+00:00,0.0,0.0,25.96,75.67,0.98,TNP_0005,1,2016
2016-04-11 00:00:00+00:00,3.53,4.05,25.68,77.87,0.89,TNP_0005,1,2016
2016-04-11 01:00:00+00:00,106.38,116.22,26.73,73.93,1.53,TNP_0005,1,2016
2016-04-11 02:00:00+00:00,327.4,365.1,28.93,63.95,1.67,TNP_0005,1,2016
2016-04-11 03:00:00+00:00,598.08,610.62,31.65,52.4,1.33,TNP_0005,1,2016
2016-04-11 04:00:00+00:00,778.8,810.6,34.24,43.12,0.98,TNP_0005,1,2016
2016-04-11 05:00:00+00:00,897.75,945.92,36.46,36.03,1.18,TNP_0005,1,2016
2016-04-11 06:00:00+00:00,967.88,1011.72,38.11,31.35,1.47,TNP_0005,1,2016
2016-04-11 07:00:00+00:00,907.2,989.35,39.14,28.65,1.58,TNP_0005,1,2016
2016-04-11 08:00:00+00:00,696.7,889.2,39.59,27.21,1.64,TNP_0005,1,2016
2016-04-11 09:00:00+00:00,655.4,720.92,39.61,26.54,1.95,TNP_0005,1,2016
2016-04-11 10:00:00+00:00,459.27,503.42,39.18,26.49,2.58,TNP_0005,1,2016
2016-04-11 11:00:00+00:00,229.77,259.27,38.13,27.67,3.35,TNP_0005,1,2016
2016-04-11 12:00:00+00:00,44.97,47.62,36.4,30.54,3.64,TNP_0005,1,2016
2016-04-11 13:00:00+00:00,0.0,0.0,34.43,35.06,3.46,TNP_0005,1,2016
2016-04-11 14:00:00+00:00,0.0,0.0,33.65,36.68,4.15,TNP_0005,1,2016
2016-04-11 15:00:00+00:00,0.0,0.0,32.68,39.39,4.42,TNP_0005,1,2016
2016-04-11 16:00:00+00:00,0.0,0.0,31.48,43.76,4.44,TNP_0005,1,2016
2016-04-11 17:00:00+00:00,0.0,0.0,30.27,49.48,4.45,TNP_0005,1,2016
2016-04-11 18:00:00+00:00,0.0,0.0,29.14,56.02,4.4,TNP_0005,1,2016
2016-04-11 19:00:00+00:00,0.0,0.0,28.22,62.62,3.91,TNP_0005,1,2016
2016-04-11 20:00:00+00:00,0.0,0.0,27.6,67.33,3.15,TNP_0005,1,2016
2016-04-11 21:00:00+00:00,0.0,0.0,27.16,70.71,2.25,TNP_0005,1,2016
2016-04-11 22:00:00+00:00,0.0,0.0,26.75,73.3,1.4,TNP_0005,1,2016
2016-04-11 23:00:00+00:00,0.0,0.0,26.37,75.57,0.99,TNP_0005,1,2016
2016-04-12 00:00:00+00:00,4.65,4.65,26.08,77.34,0.89,TNP_0005,1,2016
2016-04-12 01:00:00+00:00,128.9,129.05,27.54,71.61,1.23,TNP_0005,1,2016
2016-04-12 02:00:00+00:00,361.08,361.4,30.42,58.96,2.04,TNP_0005,1,2016
2016-04-12 03:00:00+00:00,604.83,605.17,33.26,47.6,2.16,TNP_0005,1,2016
2016-04-12 04:00:00+00:00,805.83,807.2,35.72,39.38,2.0,TNP_0005,1,2016
2016-04-12 05:00:00+00:00,941.22,942.12,37.82,33.09,1.83,TNP_0005,1,2016
2016-04-12 06:00:00+00:00,994.53,995.95,39.49,28.19,1.81,TNP_0005,1,2016
2016-04-12 07:00:00+00:00,914.12,977.12,40.64,24.79,1.91,TNP_0005,1,2016
2016-04-12 08:00:00+00:00,851.67,879.83,41.24,22.63,2.14,TNP_0005,1,2016
2016-04-12 09:00:00+00:00,695.35,713.05,41.26,21.54,2.4,TNP_0005,1,2016
2016-04-12 10:00:00+00:00,486.05,493.52,40.54,21.68,2.7,TNP_0005,1,2016
2016-04-12 11:00:00+00:00,245.82,250.15,39.3,22.82,3.13,TNP_0005,1,2016
2016-04-12 12:00:00+00:00,44.45,45.08,37.35,25.95,2.88,TNP_0005,1,2016
2016-04-12 13:00:00+00:00,0.0,0.0,35.0,31.04,2.68,TNP_0005,1,2016
2016-04-12 14:00:00+00:00,0.0,0.0,34.17,33.34,3.01,TNP_0005,1,2016
2016-04-12 15:00:00+00:00,0.0,0.0,33.1,37.44,3.06,TNP_0005,1,2016
2016-04-12 16:00:00+00:00,0.0,0.0,31.95,43.35,3.58,TNP_0005,1,2016
2016-04-12 17:00:00+00:00,0.0,0.0,30.88,50.2,3.5,TNP_0005,1,2016
2016-04-12 18:00:00+00:00,0.0,0.0,30.11,56.22,3.4,TNP_0005,1,2016
2016-04-12 19:00:00+00:00,0.0,0.0,29.42,60.78,3.1,TNP_0005,1,2016
2016-04-12 20:00:00+00:00,0.0,0.0,28.84,64.27,3.06,TNP_0005,1,2016
2016-04-12 21:00:00+00:00,0.0,0.0,28.32,67.16,2.81,TNP_0005,1,2016
2016-04-12 22:00:00+00:00,0.0,0.0,27.89,69.55,2.37,TNP_0005,1,2016
2016-04-12 23:00:00+00:00,0.0,0.0,27.56,71.45,1.96,TNP_0005,1,2016
2016-04-13 00:00:00+00:00,4.32,4.32,27.28,73.06,1.67,TNP_0005,1,2016
2016-04-13 01:00:00+00:00,118.82,119.25,28.4,68.71,3.04,TNP_0005,1,2016
2016-04-13 02:00:00+00:00,323.33,324.33,30.83,58.17,3.82,TNP_0005,1,2016
2016-04-13 03:00:00+00:00,570.17,571.45,33.65,46.95,3.62,TNP_0005,1,2016
2016-04-13 04:00:00+00:00,769.83,770.97,36.29,38.6,3.09,TNP_0005,1,2016
2016-04-13 05:00:00+00:00,905.78,906.65,38.58,32.44,2.29,TNP_0005,1,2016
2016-04-13 06:00:00+00:00,960.83,967.42,40.35,28.01,1.47,TNP_0005,1,2016
2016-04-13 07:00:00+00:00,937.2,950.33,41.43,25.16,0.88,TNP_0005,1,2016
2016-04-13 08:00:00+00:00,814.12,849.9,42.0,23.4,0.48,TNP_0005,1,2016
2016-04-13 09:00:00+00:00,619.47,655.35,41.92,22.68,0.29,TNP_0005,1,2016
2016-04-13 10:00:00+00:00,365.88,402.62,41.48,22.47,0.23,TNP_0005,1,2016
2016-04-13 11:00:00+00:00,185.73,201.48,40.21,23.61,0.76,TNP_0005,1,2016
2016-04-13 12:00:00+00:00,34.78,37.72,38.66,26.72,1.12,TNP_0005,1,2016
2016-04-13 13:00:00+00:00,0.0,0.0,36.99,30.37,1.56,TNP_0005,1,2016
2016-04-13 14:00:00+00:00,0.0,0.0,36.4,31.07,2.17,TNP_0005,1,2016
2016-04-13 15:00:00+00:00,0.0,0.0,35.61,34.14,3.16,TNP_0005,1,2016
2016-04-13 16:00:00+00:00,0.0,0.0,34.42,39.8,4.19,TNP_0005,1,2016
2016-04-13 17:00:00+00:00,0.0,0.0,33.18,45.78,4.83,TNP_0005,1,2016
2016-04-13 18:00:00+00:00,0.0,0.0,32.21,50.72,5.04,TNP_0005,1,2016
2016-04-13 19:00:00+00:00,0.0,0.0,31.5,54.16,4.86,TNP_0005,1,2016
2016-04-13 20:00:00+00:00,0.0,0.0,30.95,56.9,4.53,TNP_0005,1,2016
2016-04-13 21:00:00+00:00,0.0,0.0,30.43,59.41,4.05,TNP_0005,1,2016
2016-04-13 22:00:00+00:00,0.0,0.0,29.96,61.7,3.55,TNP_0005,1,2016
2016-04-13 23:00:00+00:00,0.0,0.0,29.58,63.61,3.07,TNP_0005,1,2016
2016-04-14 00:00:00+00:00,4.25,4.72,29.25,65.3,2.61,TNP_0005,1,2016
2016-04-14 01:00:00+00:00,107.53,115.47,29.79,63.64,2.83,TNP_0005,1,2016
2016-04-14 02:00:00+00:00,315.35,333.4,31.48,56.84,2.93,TNP_0005,1,2016
2016-04-14 03:00:00+00:00,550.62,551.15,33.78,47.87,2.7,TNP_0005,1,2016
2016-04-14 04:00:00+00:00,741.08,741.15,35.9,40.59,2.4,TNP_0005,1,2016
2016-04-14 05:00:00+00:00,866.88,867.3,37.78,35.01,2.36,TNP_0005,1,2016
2016-04-14 06:00:00+00:00,942.0,943.97,39.16,31.23,2.25,TNP_0005,1,2016
2016-04-14 07:00:00+00:00,869.65,908.35,40.18,28.52,2.16,TNP_0005,1,2016
2016-04-14 08:00:00+00:00,766.75,803.5,40.62,27.05,2.3,TNP_0005,1,2016
2016-04-14 09:00:00+00:00,586.78,641.55,40.61,26.3,2.67,TNP_0005,1,2016
2016-04-14 10:00:00+00:00,361.05,420.02,40.08,26.51,3.25,TNP_0005,1,2016
2016-04-14 11:00:00+00:00,187.9,206.2,38.88,28.1,3.99,TNP_0005,1,2016
2016-04-14 12:00:00+00:00,35.42,37.55,37.41,30.73,4.54,TNP_0005,1,2016
2016-04-14 13:00:00+00:00,0.0,0.0,36.01,34.11,4.87,TNP_0005,1,2016
2016-04-14 14:00:00+00:00,0.0,0.0,34.93,37.77,5.73,TNP_0005,1,2016
2016-04-14 15:00:00+00:00,0.0,0.0,33.58,43.36,6.54,TNP_0005,1,2016
2016-04-14 16:00:00+00:00,0.0,0.0,32.17,50.26,6.75,TNP_0005,1,2016
2016-04-14 17:00:00+00:00,0.0,0.0,30.97,56.48,6.16,TNP_0005,1,2016
2016-04-14 18:00:00+00:00,0.0,0.0,30.06,61.43,5.17,TNP_0005,1,2016
2016-04-14 19:00:00+00:00,0.0,0.0,29.41,65.01,4.06,TNP_0005,1,2016
2016-04-14 20:00:00+00:00,0.0,0.0,28.93,67.82,3.06,TNP_0005,1,2016
2016-04-14 21:00:00+00:00,0.0,0.0,28.54,70.14,2.28,TNP_0005,1,2016
2016-04-14 22:00:00+00:00,0.0,0.0,28.21,72.15,1.71,TNP_0005,1,2016
2016-04-14 23:00:00+00:00,0.0,0.0,27.89,74.11,1.43,TNP_0005,1,2016
2016-04-15 00:00:00+00:00,3.8,4.8,27.69,75.49,1.59,TNP_0005,1,2016
2016-04-15 01:00:00+00:00,91.85,111.35,28.49,72.19,2.01,TNP_0005,1,2016
2016-04-15 02:00:00+00:00,286.1,330.15,30.15,64.14,1.48,TNP_0005,1,2016
2016-04-15 03:00:00+00:00,517.05,549.3,31.96,55.53,1.4,TNP_0005,1,2016
2016-04-15 04:00:00+00:00,739.9,745.65,33.9,47.09,1.63,TNP_0005,1,2016
2016-04-15 05:00:00+00:00,806.4,880.2,35.89,39.35,1.99,TNP_0005,1,2016
2016-04-15 06:00:00+00:00,975.35,979.4,37.77,33.13,2.32,TNP_0005,1,2016
2016-04-15 07:00:00+00:00,952.72,958.97,39.22,28.9,2.62,TNP_0005,1,2016
2016-04-15 08:00:00+00:00,828.5,864.85,40.18,26.31,2.95,TNP_0005,1,2016
2016-04-15 09:00:00+00:00,674.83,700.08,40.55,24.86,3.36,TNP_0005,1,2016
2016-04-15 10:00:00+00:00,457.85,482.95,40.26,24.46,3.85,TNP_0005,1,2016
2016-04-15 11:00:00+00:00,229.65,244.23,39.22,25.38,4.33,TNP_0005,1,2016
2016-04-15 12:00:00+00:00,42.47,44.53,37.43,28.14,4.28,TNP_0005,1,2016
2016-04-15 13:00:00+00:00,0.0,0.0,35.26,32.98,3.91,TNP_0005,1,2016
2016-04-15 14:00:00+00:00,0.0,0.0,34.51,36.16,5.28,TNP_0005,1,2016
2016-04-15 15:00:00+00:00,0.0,0.0,33.22,42.43,6.21,TNP_0005,1,2016
2016-04-15 16:00:00+00:00,0.0,0.0,31.62,51.83,6.8,TNP_0005,1,2016
2016-04-15 17:00:00+00:00,0.0,0.0,30.21,61.32,6.51,TNP_0005,1,2016
2016-04-15 18:00:00+00:00,0.0,0.0,29.38,66.13,5.31,TNP_0005,1,2016
2016-04-15 19:00:00+00:00,0.0,0.0,28.88,68.34,4.27,TNP_0005,1,2016
2016-04-15 20:00:00+00:00,0.0,0.0,28.55,69.66,3.34,TNP_0005,1,2016
2016-04-15 21:00:00+00:00,0.0,0.0,28.26,70.82,2.59,TNP_0005,1,2016
2016-04-15 22:00:00+00:00,0.0,0.0,28.0,71.99,2.18,TNP_0005,1,2016
2016-04-15 23:00:00+00:00,0.0,0.0,27.75,73.2,1.99,TNP_0005,1,2016
2016-04-16 00:00:00+00:00,5.45,5.5,27.51,74.4,1.9,TNP_0005,1,2016
2016-04-16 01:00:00+00:00,125.88,127.0,28.35,71.16,2.34,TNP_0005,1,2016
2016-04-16 02:00:00+00:00,339.38,351.4,30.43,62.28,2.03,TNP_0005,1,2016
2016-04-16 03:00:00+00:00,577.33,581.7,32.9,51.91,1.84,TNP_0005,1,2016
2016-04-16 04:00:00+00:00,766.5,776.7,35.26,42.95,1.59,TNP_0005,1,2016
2016-04-16 05:00:00+00:00,857.65,910.83,37.41,35.31,1.5,TNP_0005,1,2016
2016-04-16 06:00:00+00:00,974.05,987.83,39.02,29.87,1.61,TNP_0005,1,2016
2016-04-16 07:00:00+00:00,958.28,969.95,40.25,26.17,1.77,TNP_0005,1,2016
2016-04-16 08:00:00+00:00,831.5,873.88,40.91,24.08,1.93,TNP_0005,1,2016
2016-04-16 09:00:00+00:00,661.83,708.58,41.06,23.1,2.18,TNP_0005,1,2016
2016-04-16 10:00:00+00:00,457.02,492.12,40.57,23.1,2.72,TNP_0005,1,2016
2016-04-16 11:00:00+00:00,228.32,250.7,39.44,24.3,3.39,TNP_0005,1,2016
2016-04-16 12:00:00+00:00,43.0,44.3,37.67,27.17,3.6,TNP_0005,1,2016
2016-04-16 13:00:00+00:00,0.0,0.0,35.55,32.15,3.78,TNP_0005,1,2016
2016-04-16 14:00:00+00:00,0.0,0.0,34.7,35.73,4.83,TNP_0005,1,2016
2016-04-16 15:00:00+00:00,0.0,0.0,33.62,40.67,5.4,TNP_0005,1,2016
2016-04-16 16:00:00+00:00,0.0,0.0,32.37,46.6,5.46,TNP_0005,1,2016
2016-04-16 17:00:00+00:00,0.0,0.0,31.25,51.78,4.71,TNP_0005,1,2016
2016-04-16 18:00:00+00:00,0.0,0.0,30.34,57.0,4.3,TNP_0005,1,2016
2016-04-16 19:00:00+00:00,0.0,0.0,29.65,61.25,3.7,TNP_0005,1,2016
2016-04-16 20:00:00+00:00,0.0,0.0,29.16,64.06,3.06,TNP_0005,1,2016
2016-04-16 21:00:00+00:00,0.0,0.0,28.73,66.26,2.33,TNP_0005,1,2016
2016-04-16 22:00:00+00:00,0.0,0.0,28.27,68.46,1.67,TNP_0005,1,2016
2016-04-16 23:00:00+00:00,0.0,0.0,27.83,70.59,1.32,TNP_0005,1,2016
2016-04-17 00:00:00+00:00,5.2,5.22,27.47,72.59,1.32,TNP_0005,1,2016
2016-04-17 01:00:00+00:00,114.95,117.4,28.75,67.27,1.99,TNP_0005,1,2016
2016-04-17 02:00:00+00:00,336.8,342.92,31.11,56.65,1.05,TNP_0005,1,2016
2016-04-17 03:00:00+00:00,593.92,604.55,33.61,46.68,0.7,TNP_0005,1,2016
2016-04-17 04:00:00+00:00,779.12,803.08,35.9,37.96,1.27,TNP_0005,1,2016
2016-04-17 05:00:00+00:00,888.45,937.7,37.91,30.99,1.99,TNP_0005,1,2016
2016-04-17 06:00:00+00:00,969.72,989.2,39.28,26.65,2.58,TNP_0005,1,2016
2016-04-17 07:00:00+00:00,950.9,971.03,40.14,24.18,3.05,TNP_0005,1,2016
2016-04-17 08:00:00+00:00,795.47,874.08,40.44,22.89,3.52,TNP_0005,1,2016
2016-04-17 09:00:00+00:00,677.9,708.03,40.33,22.49,4.07,TNP_0005,1,2016
2016-04-17 10:00:00+00:00,465.75,491.05,39.77,23.05,4.78,TNP_0005,1,2016
2016-04-17 11:00:00+00:00,228.57,251.2,38.55,24.91,5.49,TNP_0005,1,2016
2016-04-17 12:00:00+00:00,44.55,46.97,36.65,28.58,5.78,TNP_0005,1,2016
2016-04-17 13:00:00+00:00,0.0,0.0,34.72,33.65,5.45,TNP_0005,1,2016
2016-04-17 14:00:00+00:00,0.0,0.0,33.43,38.41,5.35,TNP_0005,1,2016
2016-04-17 15:00:00+00:00,0.0,0.0,32.33,43.6,4.99,TNP_0005,1,2016
2016-04-17 16:00:00+00:00,0.0,0.0,31.32,49.64,4.58,TNP_0005,1,2016
2016-04-17 17:00:00+00:00,0.0,0.0,30.5,54.56,3.65,TNP_0005,1,2016
2016-04-17 18:00:00+00:00,0.0,0.0,29.8,58.9,3.15,TNP_0005,1,2016
2016-04-17 19:00:00+00:00,0.0,0.0,29.18,62.86,2.8,TNP_0005,1,2016
2016-04-17 20:00:00+00:00,0.0,0.0,28.6,66.89,2.62,TNP_0005,1,2016
2016-04-17 21:00:00+00:00,0.0,0.0,28.12,70.11,2.44,TNP_0005,1,2016
2016-04-17 22:00:00+00:00,0.0,0.0,27.68,72.6,2.15,TNP_0005,1,2016
2016-04-17 23:00:00+00:00,0.0,0.0,27.25,75.12,1.99,TNP_0005,1,2016
2016-04-18 00:00:00+00:00,6.72,6.95,26.93,77.24,1.93,TNP_0005,1,2016
2016-04-18 01:00:00+00:00,148.65,155.23,27.99,73.17,2.87,TNP_0005,1,2016
2016-04-18 02:00:00+00:00,377.88,404.52,30.09,63.55,2.87,TNP_0005,1,2016
2016-04-18 03:00:00+00:00,634.3,643.95,32.34,53.25,2.78,TNP_0005,1,2016
2016-04-18 04:00:00+00:00,828.1,840.08,34.68,43.64,2.84,TNP_0005,1,2016
2016-04-18 05:00:00+00:00,938.45,973.83,36.98,34.88,3.05,TNP_0005,1,2016
2016-04-18 06:00:00+00:00,1019.47,1027.88,38.93,28.21,3.39,TNP_0005,1,2016
2016-04-18 07:00:00+00:00,984.92,1008.12,40.23,24.04,3.73,TNP_0005,1,2016
2016-04-18 08:00:00+00:00,872.47,911.25,40.86,21.64,4.06,TNP_0005,1,2016
2016-04-18 09:00:00+00:00,725.12,745.78,40.8,20.55,4.23,TNP_0005,1,2016
2016-04-18 10:00:00+00:00,508.9,526.05,40.14,20.52,4.39,TNP_0005,1,2016
2016-04-18 11:00:00+00:00,262.17,277.48,38.87,21.83,4.64,TNP_0005,1,2016
2016-04-18 12:00:00+00:00,50.88,52.62,36.83,25.21,4.32,TNP_0005,1,2016
2016-04-18 13:00:00+00:00,0.0,0.0,34.07,32.06,3.58,TNP_0005,1,2016
2016-04-18 14:00:00+00:00,0.0,0.0,33.11,38.36,4.47,TNP_0005,1,2016
2016-04-18 15:00:00+00:00,0.0,0.0,31.87,46.72,4.82,TNP_0005,1,2016
2016-04-18 16:00:00+00:00,0.0,0.0,30.7,55.6,6.05,TNP_0005,1,2016
2016-04-18 17:00:00+00:00,0.0,0.0,29.62,62.61,5.93,TNP_0005,1,2016
2016-04-18 18:00:00+00:00,0.0,0.0,28.83,67.18,5.11,TNP_0005,1,2016
2016-04-18 19:00:00+00:00,0.0,0.0,28.22,70.82,4.44,TNP_0005,1,2016
2016-04-18 20:00:00+00:00,0.0,0.0,27.77,73.7,3.82,TNP_0005,1,2016
2016-04-18 21:00:00+00:00,0.0,0.0,27.47,75.87,3.31,TNP_0005,1,2016
2016-04-18 22:00:00+00:00,0.0,0.0,27.22,77.64,2.79,TNP_0005,1,2016
2016-04-18 23:00:00+00:00,0.0,0.0,27.06,78.71,2.37,TNP_0005,1,2016
2016-04-19 00:00:00+00:00,6.8,6.95,26.92,79.58,2.05,TNP_0005,1,2016
2016-04-19 01:00:00+00:00,142.05,150.98,27.73,75.15,2.16,TNP_0005,1,2016
2016-04-19 02:00:00+00:00,372.42,395.38,29.7,64.66,2.11,TNP_0005,1,2016
2016-04-19 03:00:00+00:00,599.47,630.42,32.12,53.86,2.0,TNP_0005,1,2016
2016-04-19 04:00:00+00:00,756.58,821.88,34.63,44.45,1.9,TNP_0005,1,2016
2016-04-19 05:00:00+00:00,936.22,952.75,36.89,36.25,1.87,TNP_0005,1,2016
2016-04-19 06:00:00+00:00,987.1,1009.83,38.76,29.96,1.97,TNP_0005,1,2016
2016-04-19 07:00:00+00:00,911.83,991.75,40.1,25.73,2.17,TNP_0005,1,2016
2016-04-19 08:00:00+00:00,849.2,897.15,40.83,23.33,2.48,TNP_0005,1,2016
2016-04-19 09:00:00+00:00,682.47,733.62,41.06,21.9,2.9,TNP_0005,1,2016
2016-04-19 10:00:00+00:00,478.9,516.8,40.55,21.72,3.46,TNP_0005,1,2016
2016-04-19 11:00:00+00:00,238.32,271.92,39.36,22.98,4.09,TNP_0005,1,2016
2016-04-19 12:00:00+00:00,47.72,51.28,37.54,26.1,4.34,TNP_0005,1,2016
2016-04-19 13:00:00+00:00,0.0,0.0,35.24,32.12,4.26,TNP_0005,1,2016
2016-04-19 14:00:00+00:00,0.0,0.0,34.11,38.6,5.83,TNP_0005,1,2016
2016-04-19 15:00:00+00:00,0.0,0.0,32.61,47.53,6.97,TNP_0005,1,2016
2016-04-19 16:00:00+00:00,0.0,0.0,31.15,55.68,7.14,TNP_0005,1,2016
2016-04-19 17:00:00+00:00,0.0,0.0,30.1,60.92,6.41,TNP_0005,1,2016
2016-04-19 18:00:00+00:00,0.0,0.0,29.3,64.92,5.68,TNP_0005,1,2016
2016-04-19 19:00:00+00:00,0.0,0.0,28.66,68.36,4.87,TNP_0005,1,2016
2016-04-19 20:00:00+00:00,0.0,0.0,28.17,71.3,4.04,TNP_0005,1,2016
2016-04-19 21:00:00+00:00,0.0,0.0,27.8,73.65,3.4,TNP_0005,1,2016
2016-04-19 22:00:00+00:00,0.0,0.0,27.48,75.71,2.9,TNP_0005,1,2016
2016-04-19 23:00:00+00:00,0.0,0.0,27.19,77.73,2.39,TNP_0005,1,2016
2016-04-20 00:00:00+00:00,6.78,7.1,26.95,79.45,2.09,TNP_0005,1,2016
2016-04-20 01:00:00+00:00,132.77,148.35,27.77,75.67,2.41,TNP_0005,1,2016
2016-04-20 02:00:00+00:00,336.35,389.67,29.76,65.4,2.35,TNP_0005,1,2016
2016-04-20 03:00:00+00:00,569.0,625.1,31.88,55.63,2.37,TNP_0005,1,2016
2016-04-20 04:00:00+00:00,763.22,817.28,34.21,47.14,2.27,TNP_0005,1,2016
2016-04-20 05:00:00+00:00,871.45,948.12,36.33,39.69,2.04,TNP_0005,1,2016
2016-04-20 06:00:00+00:00,991.7,1009.58,38.25,33.08,1.82,TNP_0005,1,2016
2016-04-20 07:00:00+00:00,973.88,989.47,39.66,28.18,1.82,TNP_0005,1,2016
2016-04-20 08:00:00+00:00,872.03,893.4,40.39,25.37,1.93,TNP_0005,1,2016
2016-04-20 09:00:00+00:00,701.7,727.03,40.45,23.92,2.08,TNP_0005,1,2016
2016-04-20 10:00:00+00:00,480.33,510.7,39.88,23.6,2.25,TNP_0005,1,2016
2016-04-20 11:00:00+00:00,243.73,266.62,38.85,24.21,2.49,TNP_0005,1,2016
2016-04-20 12:00:00+00:00,46.47,50.15,37.25,26.14,2.4,TNP_0005,1,2016
2016-04-20 13:00:00+00:00,0.0,0.0,34.99,30.44,2.41,TNP_0005,1,2016
2016-04-20 14:00:00+00:00,0.0,0.0,34.27,32.79,3.29,TNP_0005,1,2016
2016-04-20 15:00:00+00:00,0.0,0.0,33.25,37.55,4.54,TNP_0005,1,2016
2016-04-20 16:00:00+00:00,0.0,0.0,31.83,45.52,5.39,TNP_0005,1,2016
2016-04-20 17:00:00+00:00,0.0,0.0,30.58,54.58,5.64,TNP_0005,1,2016
2016-04-20 18:00:00+00:00,0.0,0.0,29.46,63.05,5.7,TNP_0005,1,2016
2016-04-20 19:00:00+00:00,0.0,0.0,28.71,67.8,5.0,TNP_0005,1,2016
2016-04-20 20:00:00+00:00,0.0,0.0,28.27,69.99,4.09,TNP_0005,1,2016
2016-04-20 21:00:00+00:00,0.0,0.0,27.98,71.11,3.1,TNP_0005,1,2016
2016-04-20 22:00:00+00:00,0.0,0.0,27.68,72.23,2.3,TNP_0005,1,2016
2016-04-20 23:00:00+00:00,0.0,0.0,27.33,73.79,1.7,TNP_0005,1,2016
2016-04-21 00:00:00+00:00,6.8,7.15,27.05,75.14,1.48,TNP_0005,1,2016
2016-04-21 01:00:00+00:00,131.95,145.9,28.36,68.93,1.99,TNP_0005,1,2016
2016-04-21 02:00:00+00:00,343.75,385.75,30.94,57.16,1.93,TNP_0005,1,2016
2016-04-21 03:00:00+00:00,605.78,620.22,33.68,46.69,1.95,TNP_0005,1,2016
2016-04-21 04:00:00+00:00,763.55,812.1,36.15,38.79,1.77,TNP_0005,1,2016
2016-04-21 05:00:00+00:00,921.97,941.1,38.31,32.59,1.71,TNP_0005,1,2016
2016-04-21 06:00:00+00:00,981.22,997.4,39.93,28.33,1.97,TNP_0005,1,2016
2016-04-21 07:00:00+00:00,925.85,977.72,40.95,25.69,2.3,TNP_0005,1,2016
2016-04-21 08:00:00+00:00,811.65,882.25,41.37,24.26,2.58,TNP_0005,1,2016
2016-04-21 09:00:00+00:00,651.78,718.7,41.22,23.63,2.87,TNP_0005,1,2016
2016-04-21 10:00:00+00:00,439.52,500.4,40.54,23.6,3.1,TNP_0005,1,2016
2016-04-21 11:00:00+00:00,208.5,249.8,39.34,24.58,3.38,TNP_0005,1,2016
2016-04-21 12:00:00+00:00,43.03,48.4,37.58,26.95,3.39,TNP_0005,1,2016
2016-04-21 13:00:00+00:00,0.0,0.0,35.18,32.33,2.82,TNP_0005,1,2016
2016-04-21 14:00:00+00:00,0.0,0.0,34.15,34.95,3.5,TNP_0005,1,2016
2016-04-21 15:00:00+00:00,0.0,0.0,33.3,37.22,3.82,TNP_0005,1,2016
2016-04-21 16:00:00+00:00,0.0,0.0,32.34,41.98,4.18,TNP_0005,1,2016
2016-04-21 17:00:00+00:00,0.0,0.0,31.27,48.8,4.17,TNP_0005,1,2016
2016-04-21 18:00:00+00:00,0.0,0.0,30.24,55.53,3.64,TNP_0005,1,2016
2016-04-21 19:00:00+00:00,0.0,0.0,29.43,61.09,3.29,TNP_0005,1,2016
2016-04-21 20:00:00+00:00,0.0,0.0,28.77,65.48,2.92,TNP_0005,1,2016
2016-04-21 21:00:00+00:00,0.0,0.0,28.23,68.78,2.42,TNP_0005,1,2016
2016-04-21 22:00:00+00:00,0.0,0.0,27.76,71.61,2.07,TNP_0005,1,2016
2016-04-21 23:00:00+00:00,0.0,0.0,27.35,74.06,1.74,TNP_0005,1,2016
2016-04-22 00:00:00+00:00,6.53,7.38,27.05,75.85,1.56,TNP_0005,1,2016
2016-04-22 01:00:00+00:00,124.82,143.38,28.22,70.49,2.77,TNP_0005,1,2016
2016-04-22 02:00:00+00:00,330.55,381.73,30.83,57.56,3.34,TNP_0005,1,2016
2016-04-22 03:00:00+00:00,599.92,619.25,34.13,43.56,3.24,TNP_0005,1,2016
2016-04-22 04:00:00+00:00,801.1,813.62,36.97,35.05,2.71,TNP_0005,1,2016
2016-04-22 05:00:00+00:00,919.58,949.35,39.14,29.83,1.94,TNP_0005,1,2016
2016-04-22 06:00:00+00:00,986.08,994.88,40.78,26.06,1.19,TNP_0005,1,2016
2016-04-22 07:00:00+00:00,958.9,972.92,41.87,23.39,0.64,TNP_0005,1,2016
2016-04-22 08:00:00+00:00,838.4,873.12,42.44,21.59,0.51,TNP_0005,1,2016
2016-04-22 09:00:00+00:00,645.65,705.78,42.49,20.64,0.87,TNP_0005,1,2016
2016-04-22 10:00:00+00:00,456.35,485.33,41.96,20.42,1.37,TNP_0005,1,2016
2016-04-22 11:00:00+00:00,223.52,240.45,40.92,20.94,1.93,TNP_0005,1,2016
2016-04-22 12:00:00+00:00,42.03,43.65,39.12,23.43,2.09,TNP_0005,1,2016
2016-04-22 13:00:00+00:00,0.0,0.0,36.91,28.42,2.12,TNP_0005,1,2016
2016-04-22 14:00:00+00:00,0.0,0.0,36.14,30.34,2.53,TNP_0005,1,2016
2016-04-22 15:00:00+00:00,0.0,0.0,35.27,33.07,2.64,TNP_0005,1,2016
2016-04-22 16:00:00+00:00,0.0,0.0,34.47,35.52,3.16,TNP_0005,1,2016
2016-04-22 17:00:00+00:00,0.0,0.0,33.48,38.97,3.51,TNP_0005,1,2016
2016-04-22 18:00:00+00:00,0.0,0.0,32.3,43.24,3.35,TNP_0005,1,2016
2016-04-22 19:00:00+00:00,0.0,0.0,31.15,47.84,3.19,TNP_0005,1,2016
2016-04-22 20:00:00+00:00,0.0,0.0,30.21,52.29,3.07,TNP_0005,1,2016
2016-04-22 21:00:00+00:00,0.0,0.0,29.47,56.4,2.85,TNP_0005,1,2016
2016-04-22 22:00:00+00:00,0.0,0.0,28.85,60.03,2.62,TNP_0005,1,2016
2016-04-22 23:00:00+00:00,0.0,0.0,28.29,63.15,2.43,TNP_0005,1,2016
2016-04-23 00:00:00+00:00,6.75,6.75,27.87,65.45,2.29,TNP_0005,1,2016
2016-04-23 01:00:00+00:00,129.15,129.18,29.27,60.05,3.29,TNP_0005,1,2016
2016-04-23 02:00:00+00:00,332.92,333.0,32.74,46.13,3.86,TNP_0005,1,2016
2016-04-23 03:00:00+00:00,573.9,574.0,36.31,33.94,3.34,TNP_0005,1,2016
2016-04-23 04:00:00+00:00,772.22,772.3,39.09,26.91,2.57,TNP_0005,1,2016
2016-04-23 05:00:00+00:00,905.25,905.33,41.13,22.96,1.78,TNP_0005,1,2016
2016-04-23 06:00:00+00:00,953.28,953.28,42.49,20.73,1.07,TNP_0005,1,2016
2016-04-23 07:00:00+00:00,919.78,923.62,43.34,19.31,0.51,TNP_0005,1,2016
2016-04-23 08:00:00+00:00,805.95,831.95,43.63,18.55,0.16,TNP_0005,1,2016
2016-04-23 09:00:00+00:00,638.75,667.92,43.39,18.32,0.4,TNP_0005,1,2016
2016-04-23 10:00:00+00:00,397.0,452.98,42.24,18.99,0.91,TNP_0005,1,2016
2016-04-23 11:00:00+00:00,183.02,221.15,40.95,20.29,1.33,TNP_0005,1,2016
2016-04-23 12:00:00+00:00,34.25,39.88,39.47,23.49,1.3,TNP_0005,1,2016
2016-04-23 13:00:00+00:00,0.0,0.0,37.77,27.95,1.54,TNP_0005,1,2016
2016-04-23 14:00:00+00:00,0.0,0.0,36.91,29.02,2.3,TNP_0005,1,2016
2016-04-23 15:00:00+00:00,0.0,0.0,36.09,31.78,4.26,TNP_0005,1,2016
2016-04-23 16:00:00+00:00,0.0,0.0,34.84,37.28,5.28,TNP_0005,1,2016
2016-04-23 17:00:00+00:00,0.0,0.0,33.49,43.42,5.41,TNP_0005,1,2016
2016-04-23 18:00:00+00:00,0.0,0.0,32.13,49.34,5.16,TNP_0005,1,2016
2016-04-23 19:00:00+00:00,0.0,0.0,31.0,54.4,4.82,TNP_0005,1,2016
2016-04-23 20:00:00+00:00,0.0,0.0,30.11,58.42,4.57,TNP_0005,1,2016
2016-04-23 21:00:00+00:00,0.0,0.0,29.46,61.1,4.09,TNP_0005,1,2016
2016-04-23 22:00:00+00:00,0.0,0.0,28.98,62.83,3.67,TNP_0005,1,2016
2016-04-23 23:00:00+00:00,0.0,0.0,28.62,64.04,3.23,TNP_0005,1,2016
2016-04-24 00:00:00+00:00,6.68,7.47,28.29,65.25,2.68,TNP_0005,1,2016
2016-04-24 01:00:00+00:00,125.07,136.2,29.4,60.08,3.65,TNP_0005,1,2016
2016-04-24 02:00:00+00:00,342.42,364.95,32.24,47.52,3.83,TNP_0005,1,2016
2016-04-24 03:00:00+00:00,594.65,595.05,35.7,35.89,3.02,TNP_0005,1,2016
2016-04-24 04:00:00+00:00,787.45,788.05,38.55,29.1,1.9,TNP_0005,1,2016
2016-04-24 05:00:00+00:00,913.28,916.2,40.67,24.97,0.91,TNP_0005,1,2016
2016-04-24 06:00:00+00:00,959.05,964.95,42.28,22.1,0.71,TNP_0005,1,2016
2016-04-24 07:00:00+00:00,893.03,933.67,43.31,20.25,1.13,TNP_0005,1,2016
2016-04-24 08:00:00+00:00,761.55,844.17,43.74,19.28,1.56,TNP_0005,1,2016
2016-04-24 09:00:00+00:00,478.1,678.05,43.67,18.81,2.1,TNP_0005,1,2016
2016-04-24 10:00:00+00:00,208.95,455.05,42.9,19.18,2.74,TNP_0005,1,2016
2016-04-24 11:00:00+00:00,132.12,204.38,41.38,20.84,3.63,TNP_0005,1,2016
2016-04-24 12:00:00+00:00,25.27,34.0,39.8,23.35,4.24,TNP_0005,1,2016
2016-04-24 13:00:00+00:00,0.0,0.0,38.28,26.75,4.66,TNP_0005,1,2016
2016-04-24 14:00:00+00:00,0.0,0.0,37.34,29.81,6.07,TNP_0005,1,2016
2016-04-24 15:00:00+00:00,0.0,0.0,36.03,34.33,6.8,TNP_0005,1,2016
2016-04-24 16:00:00+00:00,0.0,0.0,34.22,41.51,7.74,TNP_0005,1,2016
2016-04-24 17:00:00+00:00,0.0,0.0,32.77,47.69,7.07,TNP_0005,1,2016
2016-04-24 18:00:00+00:00,0.0,0.0,31.91,51.75,6.1,TNP_0005,1,2016
2016-04-24 19:00:00+00:00,0.0,0.0,31.34,54.58,5.17,TNP_0005,1,2016
2016-04-24 20:00:00+00:00,0.0,0.0,30.93,56.45,4.29,TNP_0005,1,2016
2016-04-24 21:00:00+00:00,0.0,0.0,30.55,58.23,3.37,TNP_0005,1,2016
2016-04-24 22:00:00+00:00,0.0,0.0,30.17,59.98,2.58,TNP_0005,1,2016
2016-04-24 23:00:00+00:00,0.0,0.0,29.79,61.64,1.98,TNP_0005,1,2016
2016-04-25 00:00:00+00:00,6.95,7.75,29.5,62.92,1.59,TNP_0005,1,2016
2016-04-25 01:00:00+00:00,125.65,135.07,30.39,59.41,2.26,TNP_0005,1,2016
2016-04-25 02:00:00+00:00,342.73,357.75,32.4,51.31,2.26,TNP_0005,1,2016
2016-04-25 03:00:00+00:00,577.35,580.47,34.68,42.89,2.14,TNP_0005,1,2016
2016-04-25 04:00:00+00:00,766.22,767.5,36.6,36.28,2.22,TNP_0005,1,2016
2016-04-25 05:00:00+00:00,885.8,894.83,38.45,31.28,2.23,TNP_0005,1,2016
2016-04-25 06:00:00+00:00,955.65,959.4,39.75,28.27,2.3,TNP_0005,1,2016
2016-04-25 07:00:00+00:00,911.42,938.83,40.72,26.22,2.4,TNP_0005,1,2016
2016-04-25 08:00:00+00:00,786.42,837.58,41.23,24.94,2.48,TNP_0005,1,2016
2016-04-25 09:00:00+00:00,632.72,677.45,41.3,24.31,2.62,TNP_0005,1,2016
2016-04-25 10:00:00+00:00,433.6,469.0,40.75,24.48,2.99,TNP_0005,1,2016
2016-04-25 11:00:00+00:00,212.3,237.23,39.57,25.79,3.61,TNP_0005,1,2016
2016-04-25 12:00:00+00:00,41.35,43.9,38.06,28.22,4.21,TNP_0005,1,2016
2016-04-25 13:00:00+00:00,0.0,0.0,36.62,31.43,4.57,TNP_0005,1,2016
2016-04-25 14:00:00+00:00,0.0,0.0,35.49,35.0,5.66,TNP_0005,1,2016
2016-04-25 15:00:00+00:00,0.0,0.0,33.93,40.52,7.02,TNP_0005,1,2016
2016-04-25 16:00:00+00:00,0.0,0.0,32.34,46.59,7.18,TNP_0005,1,2016
2016-04-25 17:00:00+00:00,0.0,0.0,31.19,51.39,6.23,TNP_0005,1,2016
2016-04-25 18:00:00+00:00,0.0,0.0,30.46,54.78,5.05,TNP_0005,1,2016
2016-04-25 19:00:00+00:00,0.0,0.0,29.94,57.53,3.79,TNP_0005,1,2016
2016-04-25 20:00:00+00:00,0.0,0.0,29.45,60.18,2.82,TNP_0005,1,2016
2016-04-25 21:00:00+00:00,0.0,0.0,29.0,62.83,2.19,TNP_0005,1,2016
2016-04-25 22:00:00+00:00,0.0,0.0,28.61,65.42,1.96,TNP_0005,1,2016
2016-04-25 23:00:00+00:00,0.0,0.0,28.26,68.12,2.14,TNP_0005,1,2016
2016-04-26 00:00:00+00:00,7.75,8.12,27.96,70.72,2.39,TNP_0005,1,2016
2016-04-26 01:00:00+00:00,130.05,137.8,28.88,67.9,3.0,TNP_0005,1,2016
2016-04-26 02:00:00+00:00,328.85,360.75,30.96,58.9,2.84,TNP_0005,1,2016
2016-04-26 03:00:00+00:00,552.9,590.7,33.04,49.89,3.18,TNP_0005,1,2016
2016-04-26 04:00:00+00:00,632.53,777.25,34.82,43.3,3.74,TNP_0005,1,2016
2016-04-26 05:00:00+00:00,869.92,907.47,36.21,38.84,4.27,TNP_0005,1,2016
2016-04-26 06:00:00+00:00,938.22,966.9,36.97,36.54,4.64,TNP_0005,1,2016
2016-04-26 07:00:00+00:00,915.53,937.97,37.47,35.06,4.85,TNP_0005,1,2016
2016-04-26 08:00:00+00:00,786.9,836.65,37.53,34.74,4.94,TNP_0005,1,2016
2016-04-26 09:00:00+00:00,655.15,672.97,37.43,34.48,4.94,TNP_0005,1,2016
2016-04-26 10:00:00+00:00,454.5,463.4,37.04,34.17,4.89,TNP_0005,1,2016
2016-04-26 11:00:00+00:00,227.45,234.93,36.2,34.73,4.79,TNP_0005,1,2016
2016-04-26 12:00:00+00:00,44.15,44.53,34.78,36.73,4.38,TNP_0005,1,2016
2016-04-26 13:00:00+00:00,0.0,0.0,32.74,41.16,2.72,TNP_0005,1,2016
2016-04-26 14:00:00+00:00,0.0,0.0,31.83,43.89,2.76,TNP_0005,1,2016
2016-04-26 15:00:00+00:00,0.0,0.0,31.09,47.24,3.09,TNP_0005,1,2016
2016-04-26 16:00:00+00:00,0.0,0.0,30.41,51.71,3.53,TNP_0005,1,2016
2016-04-26 17:00:00+00:00,0.0,0.0,29.6,57.66,3.71,TNP_0005,1,2016
2016-04-26 18:00:00+00:00,0.0,0.0,28.76,63.92,3.54,TNP_0005,1,2016
2016-04-26 19:00:00+00:00,0.0,0.0,27.99,69.16,3.18,TNP_0005,1,2016
2016-04-26 20:00:00+00:00,0.0,0.0,27.38,73.26,2.66,TNP_0005,1,2016
2016-04-26 21:00:00+00:00,0.0,0.0,26.88,76.58,2.09,TNP_0005,1,2016
2016-04-26 22:00:00+00:00,0.0,0.0,26.44,79.4,1.69,TNP_0005,1,2016
2016-04-26 23:00:00+00:00,0.0,0.0,26.04,81.96,1.41,TNP_0005,1,2016
2016-04-27 00:00:00+00:00,8.27,9.4,25.73,84.04,1.29,TNP_0005,1,2016
2016-04-27 01:00:00+00:00,141.9,159.12,27.11,77.26,1.74,TNP_0005,1,2016
2016-04-27 02:00:00+00:00,367.38,401.25,29.72,62.55,1.67,TNP_0005,1,2016
2016-04-27 03:00:00+00:00,616.42,636.12,32.58,47.63,1.86,TNP_0005,1,2016
2016-04-27 04:00:00+00:00,814.7,828.62,35.19,36.5,2.44,TNP_0005,1,2016
2016-04-27 05:00:00+00:00,931.65,958.92,37.43,29.24,2.94,TNP_0005,1,2016
2016-04-27 06:00:00+00:00,1011.65,1016.42,39.07,25.0,3.37,TNP_0005,1,2016
2016-04-27 07:00:00+00:00,990.17,994.58,40.01,22.83,3.74,TNP_0005,1,2016
2016-04-27 08:00:00+00:00,869.22,896.7,40.3,22.25,4.16,TNP_0005,1,2016
2016-04-27 09:00:00+00:00,719.78,732.0,40.01,22.78,4.77,TNP_0005,1,2016
2016-04-27 10:00:00+00:00,474.88,515.0,38.97,24.74,5.53,TNP_0005,1,2016
2016-04-27 11:00:00+00:00,223.15,271.2,37.31,28.51,6.17,TNP_0005,1,2016
2016-04-27 12:00:00+00:00,47.85,52.7,35.29,34.13,6.34,TNP_0005,1,2016
2016-04-27 13:00:00+00:00,0.0,0.0,33.53,40.28,5.69,TNP_0005,1,2016
2016-04-27 14:00:00+00:00,0.0,0.0,32.51,44.7,5.06,TNP_0005,1,2016
2016-04-27 15:00:00+00:00,0.0,0.0,31.6,48.64,4.36,TNP_0005,1,2016
2016-04-27 16:00:00+00:00,0.0,0.0,30.72,52.49,3.48,TNP_0005,1,2016
2016-04-27 17:00:00+00:00,0.0,0.0,29.89,56.22,2.81,TNP_0005,1,2016
2016-04-27 18:00:00+00:00,0.0,0.0,29.18,59.73,2.43,TNP_0005,1,2016
2016-04-27 19:00:00+00:00,0.0,0.0,28.56,63.34,2.37,TNP_0005,1,2016
2016-04-27 20:00:00+00:00,0.0,0.0,28.0,67.11,2.36,TNP_0005,1,2016
2016-04-27 21:00:00+00:00,0.0,0.0,27.45,70.95,2.54,TNP_0005,1,2016
2016-04-27 22:00:00+00:00,0.0,0.0,26.95,74.75,2.8,TNP_0005,1,2016
2016-04-27 23:00:00+00:00,0.0,0.0,26.53,78.29,2.9,TNP_0005,1,2016
2016-04-28 00:00:00+00:00,9.62,9.68,26.19,81.5,2.99,TNP_0005,1,2016
2016-04-28 01:00:00+00:00,152.27,157.65,26.98,78.41,3.31,TNP_0005,1,2016
2016-04-28 02:00:00+00:00,371.5,396.17,29.34,65.98,3.17,TNP_0005,1,2016
2016-04-28 03:00:00+00:00,608.03,629.0,32.06,52.13,2.67,TNP_0005,1,2016
2016-04-28 04:00:00+00:00,789.92,820.53,34.78,39.11,2.33,TNP_0005,1,2016
2016-04-28 05:00:00+00:00,950.45,951.75,37.28,28.9,2.27,TNP_0005,1,2016
2016-04-28 06:00:00+00:00,1029.9,1031.2,39.2,22.4,2.37,TNP_0005,1,2016
2016-04-28 07:00:00+00:00,997.88,1009.92,40.49,18.71,2.56,TNP_0005,1,2016
2016-04-28 08:00:00+00:00,906.62,913.15,41.1,16.91,2.82,TNP_0005,1,2016
2016-04-28 09:00:00+00:00,745.83,748.9,41.14,16.13,3.04,TNP_0005,1,2016
2016-04-28 10:00:00+00:00,527.47,531.45,40.61,16.14,3.41,TNP_0005,1,2016
2016-04-28 11:00:00+00:00,279.17,282.8,39.44,17.25,3.94,TNP_0005,1,2016
2016-04-28 12:00:00+00:00,55.88,56.58,37.27,20.4,3.7,TNP_0005,1,2016
2016-04-28 13:00:00+00:00,0.0,0.0,34.01,27.36,3.35,TNP_0005,1,2016
2016-04-28 14:00:00+00:00,0.0,0.0,33.28,32.12,4.6,TNP_0005,1,2016
2016-04-28 15:00:00+00:00,0.0,0.0,32.02,38.82,5.08,TNP_0005,1,2016
2016-04-28 16:00:00+00:00,0.0,0.0,30.85,45.87,5.08,TNP_0005,1,2016
2016-04-28 17:00:00+00:00,0.0,0.0,29.69,53.01,4.71,TNP_0005,1,2016
2016-04-28 18:00:00+00:00,0.0,0.0,28.64,59.48,3.64,TNP_0005,1,2016
2016-04-28 19:00:00+00:00,0.0,0.0,27.78,65.5,2.78,TNP_0005,1,2016
2016-04-28 20:00:00+00:00,0.0,0.0,27.06,70.94,2.05,TNP_0005,1,2016
2016-04-28 21:00:00+00:00,0.0,0.0,26.46,75.46,1.41,TNP_0005,1,2016
2016-04-28 22:00:00+00:00,0.0,0.0,25.97,79.29,1.31,TNP_0005,1,2016
2016-04-28 23:00:00+00:00,0.0,0.0,25.56,82.63,1.48,TNP_0005,1,2016
2016-04-29 00:00:00+00:00,9.82,10.2,25.27,85.23,1.68,TNP_0005,1,2016
2016-04-29 01:00:00+00:00,155.85,162.98,26.67,78.86,2.09,TNP_0005,1,2016
2016-04-29 02:00:00+00:00,387.85,402.83,29.62,62.69,2.34,TNP_0005,1,2016
2016-04-29 03:00:00+00:00,631.25,634.15,32.44,46.82,2.65,TNP_0005,1,2016
2016-04-29 04:00:00+00:00,825.15,826.38,35.09,34.62,2.99,TNP_0005,1,2016
2016-04-29 05:00:00+00:00,937.2,954.8,37.38,27.15,3.38,TNP_0005,1,2016
2016-04-29 06:00:00+00:00,1010.78,1013.8,38.97,23.12,3.73,TNP_0005,1,2016
2016-04-29 07:00:00+00:00,987.67,990.75,39.92,21.0,3.95,TNP_0005,1,2016
2016-04-29 08:00:00+00:00,878.47,892.4,40.28,20.17,4.08,TNP_0005,1,2016
2016-04-29 09:00:00+00:00,715.4,728.03,40.12,19.91,4.27,TNP_0005,1,2016
2016-04-29 10:00:00+00:00,507.73,512.33,39.34,20.39,4.5,TNP_0005,1,2016
2016-04-29 11:00:00+00:00,257.12,269.55,38.02,21.83,4.71,TNP_0005,1,2016
2016-04-29 12:00:00+00:00,49.12,52.38,36.18,24.51,4.36,TNP_0005,1,2016
2016-04-29 13:00:00+00:00,0.0,0.0,33.56,29.7,3.13,TNP_0005,1,2016
2016-04-29 14:00:00+00:00,0.0,0.0,32.67,32.62,3.64,TNP_0005,1,2016
2016-04-29 15:00:00+00:00,0.0,0.0,31.75,36.33,3.93,TNP_0005,1,2016
2016-04-29 16:00:00+00:00,0.0,0.0,30.74,41.35,3.89,TNP_0005,1,2016
2016-04-29 17:00:00+00:00,0.0,0.0,29.61,47.73,3.53,TNP_0005,1,2016
2016-04-29 18:00:00+00:00,0.0,0.0,28.57,54.33,3.0,TNP_0005,1,2016
2016-04-29 19:00:00+00:00,0.0,0.0,27.8,60.29,2.64,TNP_0005,1,2016
2016-04-29 20:00:00+00:00,0.0,0.0,27.2,65.56,2.37,TNP_0005,1,2016
2016-04-29 21:00:00+00:00,0.0,0.0,26.72,69.83,1.96,TNP_0005,1,2016
2016-04-29 22:00:00+00:00,0.0,0.0,26.26,73.42,1.46,TNP_0005,1,2016
2016-04-29 23:00:00+00:00,0.0,0.0,25.8,76.64,1.16,TNP_0005,1,2016
2016-04-30 00:00:00+00:00,10.0,10.0,25.5,78.95,1.19,TNP_0005,1,2016
2016-04-30 01:00:00+00:00,153.7,154.75,27.17,70.73,1.94,TNP_0005,1,2016
2016-04-30 02:00:00+00:00,384.88,387.4,30.3,54.32,2.14,TNP_0005,1,2016
2016-04-30 03:00:00+00:00,613.95,616.6,33.19,41.31,2.11,TNP_0005,1,2016
2016-04-30 04:00:00+00:00,804.2,806.5,35.8,31.13,2.38,TNP_0005,1,2016
2016-04-30 05:00:00+00:00,934.83,935.3,37.98,24.19,2.72,TNP_0005,1,2016
2016-04-30 06:00:00+00:00,1011.72,1014.47,39.63,20.17,2.9,TNP_0005,1,2016
2016-04-30 07:00:00+00:00,957.8,990.65,40.78,17.89,2.95,TNP_0005,1,2016
2016-04-30 08:00:00+00:00,886.35,892.58,41.39,16.83,3.05,TNP_0005,1,2016
2016-04-30 09:00:00+00:00,707.08,729.47,41.36,16.61,3.19,TNP_0005,1,2016
2016-04-30 10:00:00+00:00,482.0,513.1,40.76,17.08,3.46,TNP_0005,1,2016
2016-04-30 11:00:00+00:00,251.93,269.52,39.58,18.58,3.87,TNP_0005,1,2016
2016-04-30 12:00:00+00:00,51.4,52.17,37.51,22.05,3.73,TNP_0005,1,2016
2016-04-30 13:00:00+00:00,0.0,0.0,34.92,28.58,3.89,TNP_0005,1,2016
2016-04-30 14:00:00+00:00,0.0,0.0,33.94,34.37,5.36,TNP_0005,1,2016
2016-04-30 15:00:00+00:00,0.0,0.0,32.5,42.3,6.82,TNP_0005,1,2016
2016-04-30 16:00:00+00:00,0.0,0.0,31.11,49.51,6.91,TNP_0005,1,2016
2016-04-30 17:00:00+00:00,0.0,0.0,30.08,54.44,5.75,TNP_0005,1,2016
2016-04-30 18:00:00+00:00,0.0,0.0,29.29,58.7,4.78,TNP_0005,1,2016
2016-04-30 19:00:00+00:00,0.0,0.0,28.63,62.72,4.04,TNP_0005,1,2016
2016-04-30 20:00:00+00:00,0.0,0.0,28.14,65.98,3.34,TNP_0005,1,2016
2016-04-30 21:00:00+00:00,0.0,0.0,27.77,68.22,2.58,TNP_0005,1,2016
2016-04-30 22:00:00+00:00,0.0,0.0,27.34,70.42,1.53,TNP_0005,1,2016
2016-04-30 23:00:00+00:00,0.0,0.0,26.89,72.62,1.03,TNP_0005,1,2016
2016-05-01 00:00:00+00:00,9.32,9.32,26.57,74.22,1.03,TNP_0005,1,2016
2016-05-01 01:00:00+00:00,149.8,150.02,28.27,66.84,1.61,TNP_0005,1,2016
2016-05-01 02:00:00+00:00,384.33,384.7,30.91,55.35,2.46,TNP_0005,1,2016
2016-05-01 03:00:00+00:00,629.08,629.45,33.39,45.01,2.39,TNP_0005,1,2016
2016-05-01 04:00:00+00:00,824.5,825.0,35.68,36.78,2.01,TNP_0005,1,2016
2016-05-01 05:00:00+00:00,956.88,957.7,37.68,30.27,1.78,TNP_0005,1,2016
2016-05-01 06:00:00+00:00,1030.38,1030.9,39.39,24.96,1.76,TNP_0005,1,2016
2016-05-01 07:00:00+00:00,1009.17,1009.5,40.56,21.29,1.87,TNP_0005,1,2016
2016-05-01 08:00:00+00:00,907.0,911.7,41.16,19.07,2.02,TNP_0005,1,2016
2016-05-01 09:00:00+00:00,741.38,746.55,41.18,17.85,2.14,TNP_0005,1,2016
2016-05-01 10:00:00+00:00,523.0,529.58,40.62,17.42,2.32,TNP_0005,1,2016
2016-05-01 11:00:00+00:00,278.98,283.33,39.62,17.6,2.65,TNP_0005,1,2016
2016-05-01 12:00:00+00:00,56.4,56.95,37.61,19.65,2.42,TNP_0005,1,2016
2016-05-01 13:00:00+00:00,0.0,0.0,34.31,24.52,2.76,TNP_0005,1,2016
2016-05-01 14:00:00+00:00,0.0,0.0,33.42,27.38,3.61,TNP_0005,1,2016
2016-05-01 15:00:00+00:00,0.0,0.0,32.48,34.22,5.04,TNP_0005,1,2016
2016-05-01 16:00:00+00:00,0.0,0.0,31.07,45.95,6.02,TNP_0005,1,2016
2016-05-01 17:00:00+00:00,0.0,0.0,29.83,57.32,6.41,TNP_0005,1,2016
2016-05-01 18:00:00+00:00,0.0,0.0,29.06,62.45,5.18,TNP_0005,1,2016
2016-05-01 19:00:00+00:00,0.0,0.0,28.62,64.9,3.78,TNP_0005,1,2016
2016-05-01 20:00:00+00:00,0.0,0.0,28.22,66.86,2.38,TNP_0005,1,2016
2016-05-01 21:00:00+00:00,0.0,0.0,27.81,68.75,1.41,TNP_0005,1,2016
2016-05-01 22:00:00+00:00,0.0,0.0,27.43,70.37,1.07,TNP_0005,1,2016
2016-05-01 23:00:00+00:00,0.0,0.0,27.12,71.83,1.01,TNP_0005,1,2016
2016-05-02 00:00:00+00:00,10.8,10.82,27.03,72.33,0.88,TNP_0005,1,2016
2016-05-02 01:00:00+00:00,173.4,174.02,28.72,65.47,1.58,TNP_0005,1,2016
2016-05-02 02:00:00+00:00,417.4,418.05,31.59,53.23,2.74,TNP_0005,1,2016
2016-05-02 03:00:00+00:00,647.47,647.53,34.41,42.67,2.65,TNP_0005,1,2016
2016-05-02 04:00:00+00:00,834.15,834.5,36.8,34.92,2.23,TNP_0005,1,2016
2016-05-02 05:00:00+00:00,960.2,963.45,38.94,28.44,1.66,TNP_0005,1,2016
2016-05-02 06:00:00+00:00,1009.38,1011.47,40.69,23.75,1.11,TNP_0005,1,2016
2016-05-02 07:00:00+00:00,981.88,989.58,41.93,20.72,0.98,TNP_0005,1,2016
2016-05-02 08:00:00+00:00,871.53,892.9,42.59,19.1,1.34,TNP_0005,1,2016
2016-05-02 09:00:00+00:00,696.4,729.55,42.6,18.38,1.99,TNP_0005,1,2016
2016-05-02 10:00:00+00:00,473.1,515.25,42.02,18.32,2.83,TNP_0005,1,2016
2016-05-02 11:00:00+00:00,231.35,273.8,40.79,19.02,3.72,TNP_0005,1,2016
2016-05-02 12:00:00+00:00,43.12,54.3,38.99,20.66,3.96,TNP_0005,1,2016
2016-05-02 13:00:00+00:00,0.0,0.0,36.46,24.12,3.77,TNP_0005,1,2016
2016-05-02 14:00:00+00:00,0.0,0.0,35.49,26.42,5.1,TNP_0005,1,2016
2016-05-02 15:00:00+00:00,0.0,0.0,33.85,32.59,5.75,TNP_0005,1,2016
2016-05-02 16:00:00+00:00,0.0,0.0,32.13,42.97,5.76,TNP_0005,1,2016
2016-05-02 17:00:00+00:00,0.0,0.0,30.64,54.84,5.9,TNP_0005,1,2016
2016-05-02 18:00:00+00:00,0.0,0.0,29.82,60.93,4.91,TNP_0005,1,2016
2016-05-02 19:00:00+00:00,0.0,0.0,29.36,63.94,3.76,TNP_0005,1,2016
2016-05-02 20:00:00+00:00,0.0,0.0,28.98,65.93,2.65,TNP_0005,1,2016
2016-05-02 21:00:00+00:00,0.0,0.0,28.57,67.88,1.83,TNP_0005,1,2016
2016-05-02 22:00:00+00:00,0.0,0.0,28.09,70.33,1.44,TNP_0005,1,2016
2016-05-02 23:00:00+00:00,0.0,0.0,27.6,73.1,1.25,TNP_0005,1,2016
2016-05-03 00:00:00+00:00,9.85,9.9,27.27,75.18,1.35,TNP_0005,1,2016
2016-05-03 01:00:00+00:00,162.65,164.07,28.65,68.6,2.05,TNP_0005,1,2016
2016-05-03 02:00:00+00:00,399.8,403.73,31.35,55.62,2.07,TNP_0005,1,2016
2016-05-03 03:00:00+00:00,629.4,636.15,33.96,44.69,2.35,TNP_0005,1,2016
2016-05-03 04:00:00+00:00,814.4,823.7,36.24,35.71,2.58,TNP_0005,1,2016
2016-05-03 05:00:00+00:00,945.83,951.1,38.25,28.99,2.73,TNP_0005,1,2016
2016-05-03 06:00:00+00:00,1006.8,1007.62,39.84,24.48,2.77,TNP_0005,1,2016
2016-05-03 07:00:00+00:00,984.12,985.45,40.92,21.62,2.78,TNP_0005,1,2016
2016-05-03 08:00:00+00:00,878.25,889.22,41.46,19.94,2.8,TNP_0005,1,2016
2016-05-03 09:00:00+00:00,693.85,727.15,41.5,19.13,2.9,TNP_0005,1,2016
2016-05-03 10:00:00+00:00,468.12,514.03,40.98,19.16,3.18,TNP_0005,1,2016
2016-05-03 11:00:00+00:00,230.75,273.45,39.91,20.08,3.66,TNP_0005,1,2016
2016-05-03 12:00:00+00:00,45.35,54.53,38.18,22.16,3.88,TNP_0005,1,2016
2016-05-03 13:00:00+00:00,0.0,0.0,35.88,26.06,3.6,TNP_0005,1,2016
2016-05-03 14:00:00+00:00,0.0,0.0,34.92,28.88,4.83,TNP_0005,1,2016
2016-05-03 15:00:00+00:00,0.0,0.0,33.29,35.27,5.96,TNP_0005,1,2016
2016-05-03 16:00:00+00:00,0.0,0.0,31.7,45.08,6.8,TNP_0005,1,2016
2016-05-03 17:00:00+00:00,0.0,0.0,30.44,53.71,6.0,TNP_0005,1,2016
2016-05-03 18:00:00+00:00,0.0,0.0,29.54,60.39,5.36,TNP_0005,1,2016
2016-05-03 19:00:00+00:00,0.0,0.0,28.91,65.55,4.59,TNP_0005,1,2016
2016-05-03 20:00:00+00:00,0.0,0.0,28.46,69.41,3.86,TNP_0005,1,2016
2016-05-03 21:00:00+00:00,0.0,0.0,28.11,72.3,2.95,TNP_0005,1,2016
2016-05-03 22:00:00+00:00,0.0,0.0,27.83,74.36,2.2,TNP_0005,1,2016
2016-05-03 23:00:00+00:00,0.0,0.0,27.56,76.2,1.75,TNP_0005,1,2016
2016-05-04 00:00:00+00:00,10.07,10.15,27.32,77.75,1.68,TNP_0005,1,2016
2016-05-04 01:00:00+00:00,157.43,158.5,28.13,73.69,1.88,TNP_0005,1,2016
2016-05-04 02:00:00+00:00,382.12,383.6,29.98,63.2,1.36,TNP_0005,1,2016
2016-05-04 03:00:00+00:00,617.08,617.83,32.3,51.67,1.51,TNP_0005,1,2016
2016-05-04 04:00:00+00:00,805.45,807.5,34.65,41.42,1.87,TNP_0005,1,2016
2016-05-04 05:00:00+00:00,905.03,935.3,36.76,33.8,2.26,TNP_0005,1,2016
2016-05-04 06:00:00+00:00,969.08,983.55,38.4,28.76,2.53,TNP_0005,1,2016
2016-05-04 07:00:00+00:00,932.5,961.5,39.57,25.52,2.69,TNP_0005,1,2016
2016-05-04 08:00:00+00:00,843.75,864.97,40.14,23.88,2.76,TNP_0005,1,2016
2016-05-04 09:00:00+00:00,655.85,702.5,40.16,23.24,2.76,TNP_0005,1,2016
2016-05-04 10:00:00+00:00,450.33,489.98,39.66,23.26,2.83,TNP_0005,1,2016
2016-05-04 11:00:00+00:00,218.3,254.18,38.68,24.18,3.08,TNP_0005,1,2016
2016-05-04 12:00:00+00:00,42.92,49.28,37.27,26.14,3.12,TNP_0005,1,2016
2016-05-04 13:00:00+00:00,0.0,0.0,35.33,30.06,2.52,TNP_0005,1,2016
2016-05-04 14:00:00+00:00,0.0,0.0,34.77,32.28,3.67,TNP_0005,1,2016
2016-05-04 15:00:00+00:00,0.0,0.0,33.9,36.62,5.22,TNP_0005,1,2016
2016-05-04 16:00:00+00:00,0.0,0.0,32.39,44.79,6.39,TNP_0005,1,2016
2016-05-04 17:00:00+00:00,0.0,0.0,30.72,54.61,6.5,TNP_0005,1,2016
2016-05-04 18:00:00+00:00,0.0,0.0,29.6,61.14,5.6,TNP_0005,1,2016
2016-05-04 19:00:00+00:00,0.0,0.0,28.92,65.28,4.78,TNP_0005,1,2016
2016-05-04 20:00:00+00:00,0.0,0.0,28.44,68.35,4.1,TNP_0005,1,2016
2016-05-04 21:00:00+00:00,0.0,0.0,28.06,71.02,3.34,TNP_0005,1,2016
2016-05-04 22:00:00+00:00,0.0,0.0,27.75,73.39,2.74,TNP_0005,1,2016
2016-05-04 23:00:00+00:00,0.0,0.0,27.47,75.65,2.31,TNP_0005,1,2016
2016-05-05 00:00:00+00:00,8.5,9.43,27.26,77.54,2.05,TNP_0005,1,2016
2016-05-05 01:00:00+00:00,136.23,143.18,27.9,74.77,2.18,TNP_0005,1,2016
2016-05-05 02:00:00+00:00,339.15,373.23,29.54,64.75,2.22,TNP_0005,1,2016
2016-05-05 03:00:00+00:00,593.22,605.1,31.51,53.82,2.36,TNP_0005,1,2016
2016-05-05 04:00:00+00:00,707.75,795.12,33.42,44.94,2.33,TNP_0005,1,2016
2016-05-05 05:00:00+00:00,898.1,921.75,35.36,37.38,2.13,TNP_0005,1,2016
2016-05-05 06:00:00+00:00,915.0,960.12,36.93,31.84,1.85,TNP_0005,1,2016
2016-05-05 07:00:00+00:00,738.2,937.97,38.02,28.09,1.54,TNP_0005,1,2016
2016-05-05 08:00:00+00:00,740.47,841.42,38.69,25.67,1.25,TNP_0005,1,2016
2016-05-05 09:00:00+00:00,547.97,680.03,38.94,24.29,1.12,TNP_0005,1,2016
2016-05-05 10:00:00+00:00,433.05,470.12,38.71,23.78,1.32,TNP_0005,1,2016
2016-05-05 11:00:00+00:00,197.2,238.77,37.97,24.26,1.72,TNP_0005,1,2016
2016-05-05 12:00:00+00:00,37.42,45.88,36.63,26.58,1.92,TNP_0005,1,2016
2016-05-05 13:00:00+00:00,0.0,0.0,34.69,31.89,2.23,TNP_0005,1,2016
2016-05-05 14:00:00+00:00,0.0,0.0,33.75,35.97,3.3,TNP_0005,1,2016
2016-05-05 15:00:00+00:00,0.0,0.0,32.75,40.81,5.06,TNP_0005,1,2016
2016-05-05 16:00:00+00:00,0.0,0.0,31.54,47.76,6.32,TNP_0005,1,2016
2016-05-05 17:00:00+00:00,0.0,0.0,30.24,55.46,6.2,TNP_0005,1,2016
2016-05-05 18:00:00+00:00,0.0,0.0,29.31,60.75,5.15,TNP_0005,1,2016
2016-05-05 19:00:00+00:00,0.0,0.0,28.66,64.05,4.03,TNP_0005,1,2016
2016-05-05 20:00:00+00:00,0.0,0.0,28.16,66.71,3.14,TNP_0005,1,2016
2016-05-05 21:00:00+00:00,0.0,0.0,27.73,69.29,2.33,TNP_0005,1,2016
2016-05-05 22:00:00+00:00,0.0,0.0,27.37,71.68,1.69,TNP_0005,1,2016
2016-05-05 23:00:00+00:00,0.0,0.0,27.08,73.87,1.3,TNP_0005,1,2016
2016-05-06 00:00:00+00:00,9.0,9.75,26.93,75.3,1.25,TNP_0005,1,2016
2016-05-06 01:00:00+00:00,125.35,134.12,27.73,72.44,1.97,TNP_0005,1,2016
2016-05-06 02:00:00+00:00,332.05,377.33,29.49,63.51,2.24,TNP_0005,1,2016
2016-05-06 03:00:00+00:00,594.6,604.5,31.52,53.89,2.23,TNP_0005,1,2016
2016-05-06 04:00:00+00:00,777.6,790.17,33.34,46.65,1.76,TNP_0005,1,2016
2016-05-06 05:00:00+00:00,867.17,914.35,34.91,40.97,1.07,TNP_0005,1,2016
2016-05-06 06:00:00+00:00,914.17,939.75,36.25,35.87,0.44,TNP_0005,1,2016
2016-05-06 07:00:00+00:00,840.17,913.65,37.3,31.86,0.47,TNP_0005,1,2016
2016-05-06 08:00:00+00:00,658.22,810.25,37.89,29.58,0.77,TNP_0005,1,2016
2016-05-06 09:00:00+00:00,497.58,646.67,37.86,28.95,1.0,TNP_0005,1,2016
2016-05-06 10:00:00+00:00,353.02,436.45,37.16,29.92,1.27,TNP_0005,1,2016
2016-05-06 11:00:00+00:00,175.0,220.57,36.18,31.85,1.5,TNP_0005,1,2016
2016-05-06 12:00:00+00:00,33.83,42.85,34.89,37.32,1.48,TNP_0005,1,2016
2016-05-06 13:00:00+00:00,0.0,0.0,33.33,51.67,1.4,TNP_0005,1,2016
2016-05-06 14:00:00+00:00,0.0,0.0,32.48,55.24,1.88,TNP_0005,1,2016
2016-05-06 15:00:00+00:00,0.0,0.0,31.51,56.38,2.68,TNP_0005,1,2016
2016-05-06 16:00:00+00:00,0.0,0.0,30.41,59.04,3.57,TNP_0005,1,2016
2016-05-06 17:00:00+00:00,0.0,0.0,29.41,64.08,3.75,TNP_0005,1,2016
2016-05-06 18:00:00+00:00,0.0,0.0,28.58,69.52,3.52,TNP_0005,1,2016
2016-05-06 19:00:00+00:00,0.0,0.0,27.9,74.89,3.07,TNP_0005,1,2016
2016-05-06 20:00:00+00:00,0.0,0.0,27.34,79.78,2.66,TNP_0005,1,2016
2016-05-06 21:00:00+00:00,0.0,0.0,26.94,83.36,2.26,TNP_0005,1,2016
2016-05-06 22:00:00+00:00,0.0,0.0,26.65,85.98,1.97,TNP_0005,1,2016
2016-05-06 23:00:00+00:00,0.0,0.0,26.43,87.93,1.76,TNP_0005,1,2016
2016-05-07 00:00:00+00:00,7.72,10.18,26.27,89.62,1.53,TNP_0005,1,2016
2016-05-07 01:00:00+00:00,115.68,134.75,26.81,86.61,1.78,TNP_0005,1,2016
2016-05-07 02:00:00+00:00,320.17,349.42,27.64,81.74,1.87,TNP_0005,1,2016
2016-05-07 03:00:00+00:00,539.65,564.67,28.88,74.34,1.88,TNP_0005,1,2016
2016-05-07 04:00:00+00:00,711.3,758.08,30.33,65.16,1.92,TNP_0005,1,2016
2016-05-07 05:00:00+00:00,867.75,896.22,31.56,58.74,1.81,TNP_0005,1,2016
2016-05-07 06:00:00+00:00,918.8,943.92,32.35,54.58,1.6,TNP_0005,1,2016
2016-05-07 07:00:00+00:00,822.75,922.9,32.61,52.56,1.51,TNP_0005,1,2016
2016-05-07 08:00:00+00:00,727.95,829.03,32.64,51.62,1.49,TNP_0005,1,2016
2016-05-07 09:00:00+00:00,605.4,666.05,32.92,49.9,1.63,TNP_0005,1,2016
2016-05-07 10:00:00+00:00,381.67,452.5,32.77,49.35,1.83,TNP_0005,1,2016
2016-05-07 11:00:00+00:00,207.8,232.68,32.2,51.21,1.92,TNP_0005,1,2016
2016-05-07 12:00:00+00:00,42.67,44.8,31.07,59.82,1.6,TNP_0005,1,2016
2016-05-07 13:00:00+00:00,0.0,0.0,29.39,75.8,1.49,TNP_0005,1,2016
2016-05-07 14:00:00+00:00,0.0,0.0,28.76,75.5,1.83,TNP_0005,1,2016
2016-05-07 15:00:00+00:00,0.0,0.0,28.2,74.13,2.33,TNP_0005,1,2016
2016-05-07 16:00:00+00:00,0.0,0.0,27.69,73.89,2.95,TNP_0005,1,2016
2016-05-07 17:00:00+00:00,0.0,0.0,27.19,76.57,3.42,TNP_0005,1,2016
2016-05-07 18:00:00+00:00,0.0,0.0,26.7,81.21,3.36,TNP_0005,1,2016
2016-05-07 19:00:00+00:00,0.0,0.0,26.3,85.27,3.0,TNP_0005,1,2016
2016-05-07 20:00:00+00:00,0.0,0.0,26.13,87.88,2.54,TNP_0005,1,2016
2016-05-07 21:00:00+00:00,0.0,0.0,25.96,89.81,1.93,TNP_0005,1,2016
2016-05-07 22:00:00+00:00,0.0,0.0,25.8,91.18,1.46,TNP_0005,1,2016
2016-05-07 23:00:00+00:00,0.0,0.0,25.7,91.85,1.26,TNP_0005,1,2016
2016-05-08 00:00:00+00:00,10.62,10.8,25.66,92.17,1.14,TNP_0005,1,2016
2016-05-08 01:00:00+00:00,146.68,149.57,26.33,87.13,1.32,TNP_0005,1,2016
2016-05-08 02:00:00+00:00,374.25,383.23,27.34,79.26,0.97,TNP_0005,1,2016
2016-05-08 03:00:00+00:00,605.12,605.65,28.89,69.02,0.69,TNP_0005,1,2016
2016-05-08 04:00:00+00:00,783.97,791.0,30.47,61.47,0.66,TNP_0005,1,2016
2016-05-08 05:00:00+00:00,871.78,917.7,31.67,56.3,0.54,TNP_0005,1,2016
2016-05-08 06:00:00+00:00,909.4,954.05,32.73,51.69,0.86,TNP_0005,1,2016
2016-05-08 07:00:00+00:00,825.1,930.2,33.37,48.83,1.32,TNP_0005,1,2016
2016-05-08 08:00:00+00:00,706.85,831.2,33.58,47.65,1.63,TNP_0005,1,2016
2016-05-08 09:00:00+00:00,434.95,669.25,33.44,47.55,1.75,TNP_0005,1,2016
2016-05-08 10:00:00+00:00,282.73,462.52,33.16,47.9,1.68,TNP_0005,1,2016
2016-05-08 11:00:00+00:00,133.0,237.02,32.57,50.46,1.38,TNP_0005,1,2016
2016-05-08 12:00:00+00:00,31.12,46.75,31.61,58.05,0.98,TNP_0005,1,2016
2016-05-08 13:00:00+00:00,0.0,0.0,30.47,70.5,0.7,TNP_0005,1,2016
2016-05-08 14:00:00+00:00,0.0,0.0,30.16,68.96,0.69,TNP_0005,1,2016
2016-05-08 15:00:00+00:00,0.0,0.0,29.66,69.5,0.91,TNP_0005,1,2016
2016-05-08 16:00:00+00:00,0.0,0.0,28.87,73.27,1.27,TNP_0005,1,2016
2016-05-08 17:00:00+00:00,0.0,0.0,27.95,78.59,1.55,TNP_0005,1,2016
2016-05-08 18:00:00+00:00,0.0,0.0,27.28,81.23,1.69,TNP_0005,1,2016
2016-05-08 19:00:00+00:00,0.0,0.0,26.87,82.99,1.63,TNP_0005,1,2016
2016-05-08 20:00:00+00:00,0.0,0.0,26.53,85.28,1.46,TNP_0005,1,2016
2016-05-08 21:00:00+00:00,0.0,0.0,26.23,87.19,1.35,TNP_0005,1,2016
2016-05-08 22:00:00+00:00,0.0,0.0,25.95,88.79,1.28,TNP_0005,1,2016
2016-05-08 23:00:00+00:00,0.0,0.0,25.71,90.09,1.24,TNP_0005,1,2016
2016-05-09 00:00:00+00:00,8.85,10.8,25.58,91.06,1.19,TNP_0005,1,2016
2016-05-09 01:00:00+00:00,128.77,141.07,26.47,83.92,1.78,TNP_0005,1,2016
2016-05-09 02:00:00+00:00,315.2,352.1,27.96,76.05,2.01,TNP_0005,1,2016
2016-05-09 03:00:00+00:00,568.03,573.17,29.87,65.67,2.13,TNP_0005,1,2016
2016-05-09 04:00:00+00:00,762.28,765.78,31.66,57.03,2.19,TNP_0005,1,2016
2016-05-09 05:00:00+00:00,875.15,890.9,33.14,50.35,2.25,TNP_0005,1,2016
2016-05-09 06:00:00+00:00,868.35,960.4,34.08,45.6,2.35,TNP_0005,1,2016
2016-05-09 07:00:00+00:00,743.05,926.42,34.61,42.33,2.38,TNP_0005,1,2016
2016-05-09 08:00:00+00:00,703.58,827.25,34.82,40.2,2.39,TNP_0005,1,2016
2016-05-09 09:00:00+00:00,551.6,670.22,34.75,39.08,2.49,TNP_0005,1,2016
2016-05-09 10:00:00+00:00,338.95,461.85,34.43,38.92,2.62,TNP_0005,1,2016
2016-05-09 11:00:00+00:00,173.05,238.02,33.78,40.21,2.64,TNP_0005,1,2016
2016-05-09 12:00:00+00:00,41.15,48.7,31.97,52.49,1.9,TNP_0005,1,2016
2016-05-09 13:00:00+00:00,0.0,0.0,29.73,65.34,2.11,TNP_0005,1,2016
2016-05-09 14:00:00+00:00,0.0,0.0,29.02,64.92,2.51,TNP_0005,1,2016
2016-05-09 15:00:00+00:00,0.0,0.0,28.45,63.87,3.24,TNP_0005,1,2016
2016-05-09 16:00:00+00:00,0.0,0.0,27.96,65.19,4.33,TNP_0005,1,2016
2016-05-09 17:00:00+00:00,0.0,0.0,27.22,71.45,4.58,TNP_0005,1,2016
2016-05-09 18:00:00+00:00,0.0,0.0,26.54,78.93,3.52,TNP_0005,1,2016
2016-05-09 19:00:00+00:00,0.0,0.0,26.08,84.31,2.47,TNP_0005,1,2016
2016-05-09 20:00:00+00:00,0.0,0.0,25.75,88.0,1.76,TNP_0005,1,2016
2016-05-09 21:00:00+00:00,0.0,0.0,25.49,90.6,1.29,TNP_0005,1,2016
2016-05-09 22:00:00+00:00,0.0,0.0,25.28,92.14,1.0,TNP_0005,1,2016
2016-05-09 23:00:00+00:00,0.0,0.0,25.33,90.87,0.55,TNP_0005,1,2016
2016-05-10 00:00:00+00:00,11.0,11.0,25.34,90.77,0.08,TNP_0005,1,2016
2016-05-10 01:00:00+00:00,144.0,145.9,26.43,83.84,0.19,TNP_0005,1,2016
2016-05-10 02:00:00+00:00,371.27,383.42,28.38,69.05,1.0,TNP_0005,1,2016
2016-05-10 03:00:00+00:00,592.75,613.97,30.73,53.52,1.61,TNP_0005,1,2016
2016-05-10 04:00:00+00:00,775.67,796.8,32.87,43.61,2.1,TNP_0005,1,2016
2016-05-10 05:00:00+00:00,824.85,919.25,34.57,37.96,2.49,TNP_0005,1,2016
2016-05-10 06:00:00+00:00,900.92,980.28,35.58,34.91,2.72,TNP_0005,1,2016
2016-05-10 07:00:00+00:00,856.7,958.55,36.19,33.05,2.87,TNP_0005,1,2016
2016-05-10 08:00:00+00:00,691.03,864.72,36.35,32.35,3.04,TNP_0005,1,2016
2016-05-10 09:00:00+00:00,471.83,706.62,36.02,32.83,3.1,TNP_0005,1,2016
2016-05-10 10:00:00+00:00,182.07,499.17,35.3,34.45,3.24,TNP_0005,1,2016
2016-05-10 11:00:00+00:00,76.8,263.85,33.66,41.82,2.83,TNP_0005,1,2016
2016-05-10 12:00:00+00:00,15.4,53.35,31.42,57.0,2.59,TNP_0005,1,2016
2016-05-10 13:00:00+00:00,0.0,0.0,29.3,69.1,2.77,TNP_0005,1,2016
2016-05-10 14:00:00+00:00,0.0,0.0,28.29,70.58,3.48,TNP_0005,1,2016
2016-05-10 15:00:00+00:00,0.0,0.0,27.31,73.58,4.18,TNP_0005,1,2016
2016-05-10 16:00:00+00:00,0.0,0.0,26.41,78.87,3.87,TNP_0005,1,2016
2016-05-10 17:00:00+00:00,0.0,0.0,25.81,84.0,2.91,TNP_0005,1,2016
2016-05-10 18:00:00+00:00,0.0,0.0,25.42,87.92,2.08,TNP_0005,1,2016
2016-05-10 19:00:00+00:00,0.0,0.0,25.02,90.88,1.62,TNP_0005,1,2016
2016-05-10 20:00:00+00:00,0.0,0.0,24.57,92.94,1.39,TNP_0005,1,2016
2016-05-10 21:00:00+00:00,0.0,0.0,24.49,91.51,0.83,TNP_0005,1,2016
2016-05-10 22:00:00+00:00,0.0,0.0,24.44,90.08,0.19,TNP_0005,1,2016
2016-05-10 23:00:00+00:00,0.0,0.0,23.91,93.43,0.85,TNP_0005,1,2016
2016-05-11 00:00:00+00:00,7.68,11.3,23.68,95.03,1.23,TNP_0005,1,2016
2016-05-11 01:00:00+00:00,117.22,168.12,25.2,86.69,1.75,TNP_0005,1,2016
2016-05-11 02:00:00+00:00,298.3,400.58,27.55,73.53,0.41,TNP_0005,1,2016
2016-05-11 03:00:00+00:00,589.58,626.03,30.03,57.91,1.2,TNP_0005,1,2016
2016-05-11 04:00:00+00:00,786.15,808.6,31.96,48.31,1.67,TNP_0005,1,2016
2016-05-11 05:00:00+00:00,865.92,930.9,33.49,42.37,1.82,TNP_0005,1,2016
2016-05-11 06:00:00+00:00,886.92,963.9,34.55,38.53,1.98,TNP_0005,1,2016
2016-05-11 07:00:00+00:00,798.72,941.83,35.35,35.82,2.18,TNP_0005,1,2016
2016-05-11 08:00:00+00:00,552.3,845.72,35.67,34.34,2.45,TNP_0005,1,2016
2016-05-11 09:00:00+00:00,249.62,681.03,35.54,33.86,2.65,TNP_0005,1,2016
2016-05-11 10:00:00+00:00,148.4,464.27,34.92,34.62,2.77,TNP_0005,1,2016
2016-05-11 11:00:00+00:00,52.35,232.2,33.77,37.51,2.95,TNP_0005,1,2016
2016-05-11 12:00:00+00:00,12.48,47.53,31.61,48.85,2.78,TNP_0005,1,2016
2016-05-11 13:00:00+00:00,0.0,0.0,29.17,63.22,3.31,TNP_0005,1,2016
2016-05-11 14:00:00+00:00,0.0,0.0,27.81,69.53,3.77,TNP_0005,1,2016
2016-05-11 15:00:00+00:00,0.0,0.0,26.86,75.03,3.44,TNP_0005,1,2016
2016-05-11 16:00:00+00:00,0.0,0.0,26.24,78.97,2.86,TNP_0005,1,2016
2016-05-11 17:00:00+00:00,0.0,0.0,25.76,82.25,2.36,TNP_0005,1,2016
2016-05-11 18:00:00+00:00,0.0,0.0,25.43,84.8,1.93,TNP_0005,1,2016
2016-05-11 19:00:00+00:00,0.0,0.0,25.22,86.27,1.69,TNP_0005,1,2016
2016-05-11 20:00:00+00:00,0.0,0.0,25.01,87.9,1.44,TNP_0005,1,2016
2016-05-11 21:00:00+00:00,0.0,0.0,24.75,88.88,1.42,TNP_0005,1,2016
2016-05-11 22:00:00+00:00,0.0,0.0,24.53,88.96,1.53,TNP_0005,1,2016
2016-05-11 23:00:00+00:00,0.0,0.0,24.36,88.74,1.59,TNP_0005,1,2016
2016-05-12 00:00:00+00:00,10.93,11.9,24.3,88.04,1.61,TNP_0005,1,2016
2016-05-12 01:00:00+00:00,124.75,155.65,25.61,78.13,2.34,TNP_0005,1,2016
2016-05-12 02:00:00+00:00,291.6,380.52,28.43,62.19,2.29,TNP_0005,1,2016
2016-05-12 03:00:00+00:00,537.15,604.1,31.07,50.08,1.73,TNP_0005,1,2016
2016-05-12 04:00:00+00:00,744.65,787.38,32.89,43.06,1.04,TNP_0005,1,2016
2016-05-12 05:00:00+00:00,884.97,911.4,34.37,37.84,0.57,TNP_0005,1,2016
2016-05-12 06:00:00+00:00,901.33,962.88,35.55,34.12,0.59,TNP_0005,1,2016
2016-05-12 07:00:00+00:00,846.03,939.53,36.36,31.74,0.99,TNP_0005,1,2016
2016-05-12 08:00:00+00:00,717.5,845.58,36.63,30.79,1.64,TNP_0005,1,2016
2016-05-12 09:00:00+00:00,605.85,687.67,36.2,31.39,2.46,TNP_0005,1,2016
2016-05-12 10:00:00+00:00,394.0,483.85,35.25,33.45,3.33,TNP_0005,1,2016
2016-05-12 11:00:00+00:00,180.9,255.02,33.98,37.29,3.83,TNP_0005,1,2016
2016-05-12 12:00:00+00:00,43.1,52.35,31.91,48.35,2.85,TNP_0005,1,2016
2016-05-12 13:00:00+00:00,0.0,0.0,29.65,60.72,2.47,TNP_0005,1,2016
2016-05-12 14:00:00+00:00,0.0,0.0,28.78,64.78,2.44,TNP_0005,1,2016
2016-05-12 15:00:00+00:00,0.0,0.0,28.07,67.87,2.46,TNP_0005,1,2016
2016-05-12 16:00:00+00:00,0.0,0.0,27.44,70.65,2.49,TNP_0005,1,2016
2016-05-12 17:00:00+00:00,0.0,0.0,26.81,73.49,2.54,TNP_0005,1,2016
2016-05-12 18:00:00+00:00,0.0,0.0,26.24,76.59,2.54,TNP_0005,1,2016
2016-05-12 19:00:00+00:00,0.0,0.0,25.8,79.81,2.52,TNP_0005,1,2016
2016-05-12 20:00:00+00:00,0.0,0.0,25.5,83.1,2.49,TNP_0005,1,2016
2016-05-12 21:00:00+00:00,0.0,0.0,25.29,86.3,2.17,TNP_0005,1,2016
2016-05-12 22:00:00+00:00,0.0,0.0,25.11,89.0,1.66,TNP_0005,1,2016
2016-05-12 23:00:00+00:00,0.0,0.0,24.93,90.52,1.41,TNP_0005,1,2016
2016-05-13 00:00:00+00:00,11.38,12.43,24.89,91.08,1.31,TNP_0005,1,2016
2016-05-13 01:00:00+00:00,151.73,163.27,26.09,84.07,1.93,TNP_0005,1,2016
2016-05-13 02:00:00+00:00,357.55,392.35,28.36,72.0,2.24,TNP_0005,1,2016
2016-05-13 03:00:00+00:00,608.83,614.45,31.22,57.27,1.79,TNP_0005,1,2016
2016-05-13 04:00:00+00:00,785.35,795.42,33.43,48.38,0.98,TNP_0005,1,2016
2016-05-13 05:00:00+00:00,884.15,919.0,35.24,41.43,0.46,TNP_0005,1,2016
2016-05-13 06:00:00+00:00,926.53,940.72,36.71,35.9,0.63,TNP_0005,1,2016
2016-05-13 07:00:00+00:00,871.62,918.47,37.71,32.31,0.94,TNP_0005,1,2016
2016-05-13 08:00:00+00:00,767.78,828.22,38.25,30.27,1.17,TNP_0005,1,2016
2016-05-13 09:00:00+00:00,611.2,668.92,38.26,29.5,1.4,TNP_0005,1,2016
2016-05-13 10:00:00+00:00,417.58,462.9,37.77,29.58,1.66,TNP_0005,1,2016
2016-05-13 11:00:00+00:00,206.32,236.25,36.76,31.06,1.89,TNP_0005,1,2016
2016-05-13 12:00:00+00:00,42.08,48.0,34.68,41.72,1.74,TNP_0005,1,2016
2016-05-13 13:00:00+00:00,0.0,0.0,31.84,58.48,2.04,TNP_0005,1,2016
2016-05-13 14:00:00+00:00,0.0,0.0,30.86,58.87,2.31,TNP_0005,1,2016
2016-05-13 15:00:00+00:00,0.0,0.0,29.98,60.59,2.47,TNP_0005,1,2016
2016-05-13 16:00:00+00:00,0.0,0.0,29.07,63.57,2.57,TNP_0005,1,2016
2016-05-13 17:00:00+00:00,0.0,0.0,28.22,67.55,2.45,TNP_0005,1,2016
2016-05-13 18:00:00+00:00,0.0,0.0,27.43,71.71,2.28,TNP_0005,1,2016
2016-05-13 19:00:00+00:00,0.0,0.0,26.77,75.51,2.11,TNP_0005,1,2016
2016-05-13 20:00:00+00:00,0.0,0.0,26.23,79.13,1.95,TNP_0005,1,2016
2016-05-13 21:00:00+00:00,0.0,0.0,25.79,82.54,1.73,TNP_0005,1,2016
2016-05-13 22:00:00+00:00,0.0,0.0,25.43,85.49,1.47,TNP_0005,1,2016
2016-05-13 23:00:00+00:00,0.0,0.0,25.15,87.65,1.24,TNP_0005,1,2016
2016-05-14 00:00:00+00:00,11.88,12.18,25.12,88.02,1.02,TNP_0005,1,2016
2016-05-14 01:00:00+00:00,147.93,153.5,26.86,77.49,1.03,TNP_0005,1,2016
2016-05-14 02:00:00+00:00,342.75,373.35,29.31,65.66,0.95,TNP_0005,1,2016
2016-05-14 03:00:00+00:00,570.47,592.15,31.65,55.65,0.71,TNP_0005,1,2016
2016-05-14 04:00:00+00:00,724.1,774.4,33.83,48.14,1.12,TNP_0005,1,2016
2016-05-14 05:00:00+00:00,859.05,895.78,35.51,42.87,1.86,TNP_0005,1,2016
2016-05-14 06:00:00+00:00,884.08,950.78,36.34,39.81,2.39,TNP_0005,1,2016
2016-05-14 07:00:00+00:00,731.45,931.88,37.02,37.12,2.78,TNP_0005,1,2016
2016-05-14 08:00:00+00:00,728.97,840.35,37.35,35.44,3.1,TNP_0005,1,2016
2016-05-14 09:00:00+00:00,581.55,686.33,37.3,34.69,3.42,TNP_0005,1,2016
2016-05-14 10:00:00+00:00,341.7,483.3,36.38,35.89,3.91,TNP_0005,1,2016
2016-05-14 11:00:00+00:00,166.0,255.4,35.23,38.57,4.42,TNP_0005,1,2016
2016-05-14 12:00:00+00:00,35.65,52.75,33.02,48.06,3.89,TNP_0005,1,2016
2016-05-14 13:00:00+00:00,0.0,0.0,31.03,56.08,4.4,TNP_0005,1,2016
2016-05-14 14:00:00+00:00,0.0,0.0,29.72,61.81,4.41,TNP_0005,1,2016
2016-05-14 15:00:00+00:00,0.0,0.0,28.66,67.49,3.78,TNP_0005,1,2016
2016-05-14 16:00:00+00:00,0.0,0.0,27.86,72.64,2.94,TNP_0005,1,2016
2016-05-14 17:00:00+00:00,0.0,0.0,27.21,77.38,2.28,TNP_0005,1,2016
2016-05-14 18:00:00+00:00,0.0,0.0,26.55,81.95,1.88,TNP_0005,1,2016
2016-05-14 19:00:00+00:00,0.0,0.0,26.03,85.84,1.49,TNP_0005,1,2016
2016-05-14 20:00:00+00:00,0.0,0.0,25.64,89.08,1.06,TNP_0005,1,2016
2016-05-14 21:00:00+00:00,0.0,0.0,25.45,88.92,0.58,TNP_0005,1,2016
2016-05-14 22:00:00+00:00,0.0,0.0,25.19,89.11,0.46,TNP_0005,1,2016
2016-05-14 23:00:00+00:00,0.0,0.0,24.77,91.6,0.75,TNP_0005,1,2016
2016-05-15 00:00:00+00:00,12.43,12.48,24.56,91.96,1.12,TNP_0005,1,2016
2016-05-15 01:00:00+00:00,151.52,164.75,25.89,84.16,1.71,TNP_0005,1,2016
2016-05-15 02:00:00+00:00,352.02,397.48,27.87,72.08,1.04,TNP_0005,1,2016
2016-05-15 03:00:00+00:00,506.48,625.6,30.32,57.05,1.8,TNP_0005,1,2016
2016-05-15 04:00:00+00:00,697.42,810.67,32.42,47.19,2.96,TNP_0005,1,2016
2016-05-15 05:00:00+00:00,782.78,932.08,34.0,40.65,3.98,TNP_0005,1,2016
2016-05-15 06:00:00+00:00,803.03,969.08,34.77,36.84,4.61,TNP_0005,1,2016
2016-05-15 07:00:00+00:00,754.62,949.65,34.98,34.71,4.6,TNP_0005,1,2016
2016-05-15 08:00:00+00:00,565.2,857.5,35.1,32.62,4.3,TNP_0005,1,2016
2016-05-15 09:00:00+00:00,493.83,701.4,34.9,30.92,4.17,TNP_0005,1,2016
2016-05-15 10:00:00+00:00,223.1,495.7,34.24,30.78,4.48,TNP_0005,1,2016
2016-05-15 11:00:00+00:00,116.12,264.75,32.77,35.41,4.17,TNP_0005,1,2016
2016-05-15 12:00:00+00:00,23.92,56.4,30.34,47.07,3.45,TNP_0005,1,2016
2016-05-15 13:00:00+00:00,0.0,0.0,28.48,55.69,3.63,TNP_0005,1,2016
2016-05-15 14:00:00+00:00,0.0,0.0,27.59,62.72,3.27,TNP_0005,1,2016
2016-05-15 15:00:00+00:00,0.0,0.0,26.85,71.28,2.34,TNP_0005,1,2016
2016-05-15 16:00:00+00:00,0.0,0.0,26.35,78.01,1.54,TNP_0005,1,2016
2016-05-15 17:00:00+00:00,0.0,0.0,26.06,82.14,0.93,TNP_0005,1,2016
2016-05-15 18:00:00+00:00,0.0,0.0,25.86,80.92,0.57,TNP_0005,1,2016
2016-05-15 19:00:00+00:00,0.0,0.0,25.43,81.3,1.02,TNP_0005,1,2016
2016-05-15 20:00:00+00:00,0.0,0.0,24.86,84.35,1.54,TNP_0005,1,2016
2016-05-15 21:00:00+00:00,0.0,0.0,24.59,85.1,1.69,TNP_0005,1,2016
2016-05-15 22:00:00+00:00,0.0,0.0,24.53,85.16,1.58,TNP_0005,1,2016
2016-05-15 23:00:00+00:00,0.0,0.0,24.53,85.3,1.41,TNP_0005,1,2016
2016-05-16 00:00:00+00:00,3.28,13.23,24.45,85.54,1.49,TNP_0005,1,2016
2016-05-16 01:00:00+00:00,23.85,169.48,25.26,78.43,2.35,TNP_0005,1,2016
2016-05-16 02:00:00+00:00,45.03,405.33,26.77,69.66,2.54,TNP_0005,1,2016
2016-05-16 03:00:00+00:00,58.22,625.62,28.64,57.86,2.55,TNP_0005,1,2016
2016-05-16 04:00:00+00:00,43.08,802.9,30.42,47.98,2.62,TNP_0005,1,2016
2016-05-16 05:00:00+00:00,51.38,920.6,31.8,41.85,2.78,TNP_0005,1,2016
2016-05-16 06:00:00+00:00,95.95,969.03,32.62,39.17,2.91,TNP_0005,1,2016
2016-05-16 07:00:00+00:00,126.88,946.7,33.08,38.55,3.09,TNP_0005,1,2016
2016-05-16 08:00:00+00:00,273.45,853.83,33.12,39.58,2.98,TNP_0005,1,2016
2016-05-16 09:00:00+00:00,269.17,698.75,32.75,42.12,2.8,TNP_0005,1,2016
2016-05-16 10:00:00+00:00,127.55,494.4,31.97,46.46,2.58,TNP_0005,1,2016
2016-05-16 11:00:00+00:00,82.7,264.6,30.62,55.29,2.21,TNP_0005,1,2016
2016-05-16 12:00:00+00:00,20.8,55.83,28.85,68.58,1.92,TNP_0005,1,2016
2016-05-16 13:00:00+00:00,0.0,0.0,27.37,82.17,1.44,TNP_0005,1,2016
2016-05-16 14:00:00+00:00,0.0,0.0,26.96,84.87,1.15,TNP_0005,1,2016
2016-05-16 15:00:00+00:00,0.0,0.0,26.75,84.72,0.93,TNP_0005,1,2016
2016-05-16 16:00:00+00:00,0.0,0.0,26.61,81.86,0.76,TNP_0005,1,2016
2016-05-16 17:00:00+00:00,0.0,0.0,26.28,84.23,0.79,TNP_0005,1,2016
2016-05-16 18:00:00+00:00,0.0,0.0,25.69,90.04,0.99,TNP_0005,1,2016
2016-05-16 19:00:00+00:00,0.0,0.0,25.32,89.97,1.4,TNP_0005,1,2016
2016-05-16 20:00:00+00:00,0.0,0.0,25.02,89.21,2.0,TNP_0005,1,2016
2016-05-16 21:00:00+00:00,0.0,0.0,24.76,88.78,2.54,TNP_0005,1,2016
2016-05-16 22:00:00+00:00,0.0,0.0,24.49,85.96,3.01,TNP_0005,1,2016
2016-05-16 23:00:00+00:00,0.0,0.0,24.07,82.01,3.31,TNP_0005,1,2016
2016-05-17 00:00:00+00:00,2.65,13.55,23.6,80.52,3.42,TNP_0005,1,2016
2016-05-17 01:00:00+00:00,20.25,171.38,24.05,75.08,4.2,TNP_0005,1,2016
2016-05-17 02:00:00+00:00,39.75,400.98,24.99,68.68,4.89,TNP_0005,1,2016
2016-05-17 03:00:00+00:00,56.53,618.5,27.12,56.51,5.87,TNP_0005,1,2016
2016-05-17 04:00:00+00:00,88.4,794.15,29.5,47.19,7.26,TNP_0005,1,2016
2016-05-17 05:00:00+00:00,117.6,910.12,31.39,41.4,7.67,TNP_0005,1,2016
2016-05-17 06:00:00+00:00,243.77,962.08,32.53,37.98,7.33,TNP_0005,1,2016
2016-05-17 07:00:00+00:00,278.48,942.8,33.15,35.89,6.54,TNP_0005,1,2016
2016-05-17 08:00:00+00:00,266.98,850.97,33.19,35.48,5.58,TNP_0005,1,2016
2016-05-17 09:00:00+00:00,293.5,695.95,33.07,35.81,4.58,TNP_0005,1,2016
2016-05-17 10:00:00+00:00,202.95,492.88,32.69,38.73,3.12,TNP_0005,1,2016
2016-05-17 11:00:00+00:00,109.32,263.58,31.55,44.82,2.17,TNP_0005,1,2016
2016-05-17 12:00:00+00:00,25.3,57.2,29.79,64.08,1.03,TNP_0005,1,2016
2016-05-17 13:00:00+00:00,0.0,0.0,28.81,64.56,0.77,TNP_0005,1,2016
2016-05-17 14:00:00+00:00,0.0,0.0,27.86,66.46,1.47,TNP_0005,1,2016
2016-05-17 15:00:00+00:00,0.0,0.0,26.69,71.9,2.05,TNP_0005,1,2016
2016-05-17 16:00:00+00:00,0.0,0.0,25.69,76.37,2.55,TNP_0005,1,2016
2016-05-17 17:00:00+00:00,0.0,0.0,24.93,80.0,3.25,TNP_0005,1,2016
2016-05-17 18:00:00+00:00,0.0,0.0,24.5,84.62,3.99,TNP_0005,1,2016
2016-05-17 19:00:00+00:00,0.0,0.0,24.31,88.56,4.76,TNP_0005,1,2016
2016-05-17 20:00:00+00:00,0.0,0.0,24.28,91.37,4.58,TNP_0005,1,2016
2016-05-17 21:00:00+00:00,0.0,0.0,24.28,93.25,3.73,TNP_0005,1,2016
2016-05-17 22:00:00+00:00,0.0,0.0,24.18,94.46,3.09,TNP_0005,1,2016
2016-05-17 23:00:00+00:00,0.0,0.0,24.0,95.31,2.72,TNP_0005,1,2016
2016-05-18 00:00:00+00:00,4.07,12.27,23.91,95.56,2.63,TNP_0005,1,2016
2016-05-18 01:00:00+00:00,45.33,146.77,24.84,91.35,3.22,TNP_0005,1,2016
2016-05-18 02:00:00+00:00,117.95,367.12,27.01,80.39,3.55,TNP_0005,1,2016
2016-05-18 03:00:00+00:00,266.75,585.38,29.78,66.04,4.37,TNP_0005,1,2016
2016-05-18 04:00:00+00:00,330.35,762.78,31.76,56.8,4.47,TNP_0005,1,2016
2016-05-18 05:00:00+00:00,407.23,880.45,32.94,51.45,4.43,TNP_0005,1,2016
2016-05-18 06:00:00+00:00,473.45,922.25,34.05,47.09,4.61,TNP_0005,1,2016
2016-05-18 07:00:00+00:00,370.77,889.0,34.5,44.68,5.2,TNP_0005,1,2016
2016-05-18 08:00:00+00:00,297.12,774.88,34.42,44.16,5.8,TNP_0005,1,2016
2016-05-18 09:00:00+00:00,239.55,604.78,34.11,44.48,6.05,TNP_0005,1,2016
2016-05-18 10:00:00+00:00,142.15,419.48,33.55,45.66,6.08,TNP_0005,1,2016
2016-05-18 11:00:00+00:00,78.93,208.73,32.43,49.23,5.56,TNP_0005,1,2016
2016-05-18 12:00:00+00:00,19.58,42.83,30.3,59.55,4.0,TNP_0005,1,2016
2016-05-18 13:00:00+00:00,0.0,0.0,28.28,70.86,3.54,TNP_0005,1,2016
2016-05-18 14:00:00+00:00,0.0,0.0,27.44,76.21,3.89,TNP_0005,1,2016
2016-05-18 15:00:00+00:00,0.0,0.0,26.62,81.53,3.96,TNP_0005,1,2016
2016-05-18 16:00:00+00:00,0.0,0.0,25.99,85.83,3.76,TNP_0005,1,2016
2016-05-18 17:00:00+00:00,0.0,0.0,25.51,88.57,3.76,TNP_0005,1,2016
2016-05-18 18:00:00+00:00,0.0,0.0,25.13,90.34,3.7,TNP_0005,1,2016
2016-05-18 19:00:00+00:00,0.0,0.0,24.86,91.29,3.47,TNP_0005,1,2016
2016-05-18 20:00:00+00:00,0.0,0.0,24.75,91.51,3.04,TNP_0005,1,2016
2016-05-18 21:00:00+00:00,0.0,0.0,24.71,91.82,2.28,TNP_0005,1,2016
2016-05-18 22:00:00+00:00,0.0,0.0,24.75,92.29,1.47,TNP_0005,1,2016
2016-05-18 23:00:00+00:00,0.0,0.0,24.79,92.67,1.45,TNP_0005,1,2016
2016-05-19 00:00:00+00:00,8.15,11.73,24.82,93.38,1.18,TNP_0005,1,2016
2016-05-19 01:00:00+00:00,58.47,141.45,25.54,87.53,1.64,TNP_0005,1,2016
2016-05-19 02:00:00+00:00,173.5,352.95,26.74,80.77,3.64,TNP_0005,1,2016
2016-05-19 03:00:00+00:00,305.7,575.55,28.45,70.73,5.32,TNP_0005,1,2016
2016-05-19 04:00:00+00:00,327.83,757.38,30.34,60.62,5.64,TNP_0005,1,2016
2016-05-19 05:00:00+00:00,414.95,876.6,32.28,52.78,5.43,TNP_0005,1,2016
2016-05-19 06:00:00+00:00,403.45,922.88,33.86,47.13,5.08,TNP_0005,1,2016
2016-05-19 07:00:00+00:00,349.95,895.28,34.91,43.57,4.82,TNP_0005,1,2016
2016-05-19 08:00:00+00:00,366.88,799.92,35.28,42.19,4.76,TNP_0005,1,2016
2016-05-19 09:00:00+00:00,553.92,642.6,34.67,44.19,5.04,TNP_0005,1,2016
2016-05-19 10:00:00+00:00,312.25,441.35,33.08,50.43,5.34,TNP_0005,1,2016
2016-05-19 11:00:00+00:00,147.6,223.65,31.05,60.8,4.78,TNP_0005,1,2016
2016-05-19 12:00:00+00:00,28.05,46.22,29.05,72.47,3.55,TNP_0005,1,2016
2016-05-19 13:00:00+00:00,0.0,0.0,27.76,80.72,2.75,TNP_0005,1,2016
2016-05-19 14:00:00+00:00,0.0,0.0,27.21,83.71,2.46,TNP_0005,1,2016
2016-05-19 15:00:00+00:00,0.0,0.0,26.78,85.18,2.48,TNP_0005,1,2016
2016-05-19 16:00:00+00:00,0.0,0.0,26.29,86.8,2.63,TNP_0005,1,2016
2016-05-19 17:00:00+00:00,0.0,0.0,25.85,88.81,2.72,TNP_0005,1,2016
2016-05-19 18:00:00+00:00,0.0,0.0,25.41,91.26,2.53,TNP_0005,1,2016
2016-05-19 19:00:00+00:00,0.0,0.0,25.05,93.43,2.19,TNP_0005,1,2016
2016-05-19 20:00:00+00:00,0.0,0.0,24.73,95.18,1.89,TNP_0005,1,2016
2016-05-19 21:00:00+00:00,0.0,0.0,24.51,96.22,1.66,TNP_0005,1,2016
2016-05-19 22:00:00+00:00,0.0,0.0,24.37,96.64,1.62,TNP_0005,1,2016
2016-05-19 23:00:00+00:00,0.0,0.0,24.27,96.76,1.7,TNP_0005,1,2016
2016-05-20 00:00:00+00:00,8.05,11.98,24.3,96.24,1.93,TNP_0005,1,2016
2016-05-20 01:00:00+00:00,86.25,144.75,25.02,92.07,3.24,TNP_0005,1,2016
2016-05-20 02:00:00+00:00,232.77,361.58,26.24,84.17,4.58,TNP_0005,1,2016
2016-05-20 03:00:00+00:00,472.58,580.2,28.34,69.93,6.26,TNP_0005,1,2016
2016-05-20 04:00:00+00:00,656.03,758.65,30.61,56.74,6.94,TNP_0005,1,2016
2016-05-20 05:00:00+00:00,668.83,886.08,32.75,47.67,6.86,TNP_0005,1,2016
2016-05-20 06:00:00+00:00,755.17,896.8,34.44,42.07,6.54,TNP_0005,1,2016
2016-05-20 07:00:00+00:00,760.9,880.33,35.51,39.15,6.29,TNP_0005,1,2016
2016-05-20 08:00:00+00:00,611.78,786.5,35.93,37.96,6.19,TNP_0005,1,2016
2016-05-20 09:00:00+00:00,558.53,624.88,35.63,38.59,6.24,TNP_0005,1,2016
2016-05-20 10:00:00+00:00,370.8,430.45,34.9,40.25,6.21,TNP_0005,1,2016
2016-05-20 11:00:00+00:00,171.45,216.2,33.82,43.45,5.7,TNP_0005,1,2016
2016-05-20 12:00:00+00:00,36.75,44.28,31.77,52.07,4.41,TNP_0005,1,2016
2016-05-20 13:00:00+00:00,0.0,0.0,29.58,61.37,3.94,TNP_0005,1,2016
2016-05-20 14:00:00+00:00,0.0,0.0,28.49,65.68,3.96,TNP_0005,1,2016
2016-05-20 15:00:00+00:00,0.0,0.0,27.56,69.86,3.75,TNP_0005,1,2016
2016-05-20 16:00:00+00:00,0.0,0.0,26.83,73.35,3.66,TNP_0005,1,2016
2016-05-20 17:00:00+00:00,0.0,0.0,26.26,75.86,3.75,TNP_0005,1,2016
2016-05-20 18:00:00+00:00,0.0,0.0,25.72,77.81,3.91,TNP_0005,1,2016
2016-05-20 19:00:00+00:00,0.0,0.0,25.18,79.57,3.77,TNP_0005,1,2016
2016-05-20 20:00:00+00:00,0.0,0.0,24.65,81.14,3.42,TNP_0005,1,2016
2016-05-20 21:00:00+00:00,0.0,0.0,24.16,82.77,2.87,TNP_0005,1,2016
2016-05-20 22:00:00+00:00,0.0,0.0,23.74,84.36,2.44,TNP_0005,1,2016
2016-05-20 23:00:00+00:00,0.0,0.0,23.51,85.35,2.25,TNP_0005,1,2016
2016-05-21 00:00:00+00:00,11.9,12.25,23.57,85.41,2.19,TNP_0005,1,2016
2016-05-21 01:00:00+00:00,130.1,148.5,25.15,77.33,3.33,TNP_0005,1,2016
2016-05-21 02:00:00+00:00,310.27,366.73,27.74,68.73,5.28,TNP_0005,1,2016
2016-05-21 03:00:00+00:00,535.33,588.62,30.59,58.04,6.28,TNP_0005,1,2016
2016-05-21 04:00:00+00:00,691.4,774.65,33.16,48.2,6.29,TNP_0005,1,2016
2016-05-21 05:00:00+00:00,837.15,896.92,35.36,40.84,5.88,TNP_0005,1,2016
2016-05-21 06:00:00+00:00,893.05,951.25,37.01,36.06,5.42,TNP_0005,1,2016
2016-05-21 07:00:00+00:00,805.28,931.53,38.08,33.0,5.05,TNP_0005,1,2016
2016-05-21 08:00:00+00:00,785.28,836.22,38.6,31.07,4.73,TNP_0005,1,2016
2016-05-21 09:00:00+00:00,643.58,678.2,38.67,30.2,4.22,TNP_0005,1,2016
2016-05-21 10:00:00+00:00,436.6,472.23,38.15,30.7,3.75,TNP_0005,1,2016
2016-05-21 11:00:00+00:00,230.93,245.6,36.75,34.33,3.16,TNP_0005,1,2016
2016-05-21 12:00:00+00:00,51.75,52.55,33.97,47.23,2.13,TNP_0005,1,2016
2016-05-21 13:00:00+00:00,0.0,0.0,31.57,56.64,2.21,TNP_0005,1,2016
2016-05-21 14:00:00+00:00,0.0,0.0,30.63,60.49,2.69,TNP_0005,1,2016
2016-05-21 15:00:00+00:00,0.0,0.0,29.7,64.74,2.99,TNP_0005,1,2016
2016-05-21 16:00:00+00:00,0.0,0.0,28.96,67.48,3.34,TNP_0005,1,2016
2016-05-21 17:00:00+00:00,0.0,0.0,28.43,68.74,3.75,TNP_0005,1,2016
2016-05-21 18:00:00+00:00,0.0,0.0,27.88,71.69,3.51,TNP_0005,1,2016
2016-05-21 19:00:00+00:00,0.0,0.0,27.47,74.0,3.57,TNP_0005,1,2016
2016-05-21 20:00:00+00:00,0.0,0.0,27.07,76.82,3.44,TNP_0005,1,2016
2016-05-21 21:00:00+00:00,0.0,0.0,26.61,80.01,3.09,TNP_0005,1,2016
2016-05-21 22:00:00+00:00,0.0,0.0,26.08,83.03,2.82,TNP_0005,1,2016
2016-05-21 23:00:00+00:00,0.0,0.0,25.77,84.92,2.63,TNP_0005,1,2016
2016-05-22 00:00:00+00:00,13.23,13.2,25.61,86.4,2.39,TNP_0005,1,2016
2016-05-22 01:00:00+00:00,157.45,157.48,26.96,79.32,3.85,TNP_0005,1,2016
2016-05-22 02:00:00+00:00,365.73,365.77,29.16,68.05,5.49,TNP_0005,1,2016
2016-05-22 03:00:00+00:00,592.55,592.6,31.59,54.92,5.88,TNP_0005,1,2016
2016-05-22 04:00:00+00:00,776.75,776.95,34.13,43.06,5.64,TNP_0005,1,2016
2016-05-22 05:00:00+00:00,900.53,901.1,36.33,35.22,5.13,TNP_0005,1,2016
2016-05-22 06:00:00+00:00,953.58,954.67,37.88,30.97,4.74,TNP_0005,1,2016
2016-05-22 07:00:00+00:00,931.7,934.45,38.72,28.92,4.64,TNP_0005,1,2016
2016-05-22 08:00:00+00:00,829.53,841.33,38.95,28.36,4.73,TNP_0005,1,2016
2016-05-22 09:00:00+00:00,669.25,683.85,38.71,28.64,4.95,TNP_0005,1,2016
2016-05-22 10:00:00+00:00,475.08,479.12,38.04,29.89,5.31,TNP_0005,1,2016
2016-05-22 11:00:00+00:00,247.45,251.95,36.61,33.91,5.53,TNP_0005,1,2016
2016-05-22 12:00:00+00:00,54.0,54.83,34.03,45.56,5.04,TNP_0005,1,2016
2016-05-22 13:00:00+00:00,0.0,0.0,31.62,55.7,4.73,TNP_0005,1,2016
2016-05-22 14:00:00+00:00,0.0,0.0,30.48,61.1,4.54,TNP_0005,1,2016
2016-05-22 15:00:00+00:00,0.0,0.0,29.56,65.86,4.21,TNP_0005,1,2016
2016-05-22 16:00:00+00:00,0.0,0.0,28.75,70.29,3.81,TNP_0005,1,2016
2016-05-22 17:00:00+00:00,0.0,0.0,28.09,73.57,3.56,TNP_0005,1,2016
2016-05-22 18:00:00+00:00,0.0,0.0,27.54,75.89,3.51,TNP_0005,1,2016
2016-05-22 19:00:00+00:00,0.0,0.0,27.06,77.7,3.56,TNP_0005,1,2016
2016-05-22 20:00:00+00:00,0.0,0.0,26.59,79.73,3.67,TNP_0005,1,2016
2016-05-22 21:00:00+00:00,0.0,0.0,26.11,82.13,3.51,TNP_0005,1,2016
2016-05-22 22:00:00+00:00,0.0,0.0,25.69,84.24,3.36,TNP_0005,1,2016
2016-05-22 23:00:00+00:00,0.0,0.0,25.31,85.99,3.25,TNP_0005,1,2016
2016-05-23 00:00:00+00:00,13.95,14.5,25.11,86.79,3.3,TNP_0005,1,2016
2016-05-23 01:00:00+00:00,166.02,174.93,26.23,80.87,4.37,TNP_0005,1,2016
2016-05-23 02:00:00+00:00,381.1,404.17,28.41,69.84,5.85,TNP_0005,1,2016
2016-05-23 03:00:00+00:00,622.97,623.72,31.15,56.27,6.39,TNP_0005,1,2016
2016-05-23 04:00:00+00:00,763.1,802.17,33.79,44.26,6.37,TNP_0005,1,2016
2016-05-23 05:00:00+00:00,911.65,923.2,35.96,36.14,5.99,TNP_0005,1,2016
2016-05-23 06:00:00+00:00,923.92,945.53,37.48,31.66,5.44,TNP_0005,1,2016
2016-05-23 07:00:00+00:00,828.95,928.25,38.39,29.36,4.92,TNP_0005,1,2016
2016-05-23 08:00:00+00:00,822.95,836.3,38.76,28.44,4.51,TNP_0005,1,2016
2016-05-23 09:00:00+00:00,675.92,681.4,38.63,28.6,4.23,TNP_0005,1,2016
2016-05-23 10:00:00+00:00,457.0,479.25,38.0,29.97,4.02,TNP_0005,1,2016
2016-05-23 11:00:00+00:00,234.55,253.02,36.75,34.56,3.64,TNP_0005,1,2016
2016-05-23 12:00:00+00:00,52.17,55.55,34.24,46.89,3.41,TNP_0005,1,2016
2016-05-23 13:00:00+00:00,0.0,0.0,32.22,53.56,4.15,TNP_0005,1,2016
2016-05-23 14:00:00+00:00,0.0,0.0,31.1,57.56,4.72,TNP_0005,1,2016
2016-05-23 15:00:00+00:00,0.0,0.0,30.13,62.03,4.91,TNP_0005,1,2016
2016-05-23 16:00:00+00:00,0.0,0.0,29.28,66.82,4.5,TNP_0005,1,2016
2016-05-23 17:00:00+00:00,0.0,0.0,28.54,71.26,4.1,TNP_0005,1,2016
2016-05-23 18:00:00+00:00,0.0,0.0,27.95,74.57,3.95,TNP_0005,1,2016
2016-05-23 19:00:00+00:00,0.0,0.0,27.47,76.55,4.05,TNP_0005,1,2016
2016-05-23 20:00:00+00:00,0.0,0.0,26.98,78.88,3.81,TNP_0005,1,2016
2016-05-23 21:00:00+00:00,0.0,0.0,26.49,81.75,3.18,TNP_0005,1,2016
2016-05-23 22:00:00+00:00,0.0,0.0,26.08,84.05,2.7,TNP_0005,1,2016
2016-05-23 23:00:00+00:00,0.0,0.0,25.67,86.16,2.31,TNP_0005,1,2016
2016-05-24 00:00:00+00:00,14.9,14.93,25.47,87.24,2.11,TNP_0005,1,2016
2016-05-24 01:00:00+00:00,175.82,179.12,27.13,77.84,3.82,TNP_0005,1,2016
2016-05-24 02:00:00+00:00,407.62,410.6,29.6,64.25,5.32,TNP_0005,1,2016
2016-05-24 03:00:00+00:00,629.75,630.38,32.42,49.94,5.57,TNP_0005,1,2016
2016-05-24 04:00:00+00:00,807.17,807.28,35.11,39.09,5.17,TNP_0005,1,2016
2016-05-24 05:00:00+00:00,929.55,929.6,37.33,32.57,4.51,TNP_0005,1,2016
2016-05-24 06:00:00+00:00,982.17,982.42,38.88,29.16,3.9,TNP_0005,1,2016
2016-05-24 07:00:00+00:00,965.33,965.78,39.69,27.61,3.52,TNP_0005,1,2016
2016-05-24 08:00:00+00:00,871.1,875.12,39.87,27.13,3.44,TNP_0005,1,2016
2016-05-24 09:00:00+00:00,718.85,719.35,39.31,27.67,3.56,TNP_0005,1,2016
2016-05-24 10:00:00+00:00,514.2,514.88,38.49,29.09,3.91,TNP_0005,1,2016
2016-05-24 11:00:00+00:00,278.1,283.7,36.93,33.89,4.11,TNP_0005,1,2016
2016-05-24 12:00:00+00:00,65.15,66.65,34.54,44.52,4.33,TNP_0005,1,2016
2016-05-24 13:00:00+00:00,0.0,0.0,32.62,50.92,5.12,TNP_0005,1,2016
2016-05-24 14:00:00+00:00,0.0,0.0,31.29,55.98,5.81,TNP_0005,1,2016
2016-05-24 15:00:00+00:00,0.0,0.0,30.04,62.13,6.38,TNP_0005,1,2016
2016-05-24 16:00:00+00:00,0.0,0.0,29.14,67.66,5.96,TNP_0005,1,2016
2016-05-24 17:00:00+00:00,0.0,0.0,28.51,71.53,5.82,TNP_0005,1,2016
2016-05-24 18:00:00+00:00,0.0,0.0,28.05,74.03,5.83,TNP_0005,1,2016
2016-05-24 19:00:00+00:00,0.0,0.0,27.66,75.58,5.74,TNP_0005,1,2016
2016-05-24 20:00:00+00:00,0.0,0.0,27.31,76.56,5.42,TNP_0005,1,2016
2016-05-24 21:00:00+00:00,0.0,0.0,27.04,77.13,4.54,TNP_0005,1,2016
2016-05-24 22:00:00+00:00,0.0,0.0,26.78,77.82,3.59,TNP_0005,1,2016
2016-05-24 23:00:00+00:00,0.0,0.0,26.55,78.43,2.93,TNP_0005,1,2016
2016-05-25 00:00:00+00:00,15.55,15.7,26.39,78.77,2.56,TNP_0005,1,2016
2016-05-25 01:00:00+00:00,184.15,185.62,27.45,71.47,3.75,TNP_0005,1,2016
2016-05-25 02:00:00+00:00,414.12,415.85,29.14,62.05,4.8,TNP_0005,1,2016
2016-05-25 03:00:00+00:00,634.35,635.38,31.81,49.87,5.52,TNP_0005,1,2016
2016-05-25 04:00:00+00:00,814.03,814.1,34.64,40.4,5.64,TNP_0005,1,2016
2016-05-25 05:00:00+00:00,934.97,935.17,36.86,34.72,5.3,TNP_0005,1,2016
2016-05-25 06:00:00+00:00,976.03,978.42,38.42,31.25,4.78,TNP_0005,1,2016
2016-05-25 07:00:00+00:00,950.88,951.42,39.43,28.96,4.23,TNP_0005,1,2016
2016-05-25 08:00:00+00:00,849.33,853.53,39.91,27.72,3.74,TNP_0005,1,2016
2016-05-25 09:00:00+00:00,687.35,699.12,39.76,27.58,3.63,TNP_0005,1,2016
2016-05-25 10:00:00+00:00,454.23,496.15,38.89,28.84,3.93,TNP_0005,1,2016
2016-05-25 11:00:00+00:00,231.3,267.92,36.85,33.85,4.55,TNP_0005,1,2016
2016-05-25 12:00:00+00:00,51.58,61.25,34.26,45.13,4.8,TNP_0005,1,2016
2016-05-25 13:00:00+00:00,0.0,0.0,32.17,53.3,4.87,TNP_0005,1,2016
2016-05-25 14:00:00+00:00,0.0,0.0,31.07,56.95,4.9,TNP_0005,1,2016
2016-05-25 15:00:00+00:00,0.0,0.0,30.19,60.8,4.89,TNP_0005,1,2016
2016-05-25 16:00:00+00:00,0.0,0.0,29.33,65.52,4.7,TNP_0005,1,2016
2016-05-25 17:00:00+00:00,0.0,0.0,28.57,70.31,4.32,TNP_0005,1,2016
2016-05-25 18:00:00+00:00,0.0,0.0,27.98,74.34,4.06,TNP_0005,1,2016
2016-05-25 19:00:00+00:00,0.0,0.0,27.52,77.23,3.89,TNP_0005,1,2016
2016-05-25 20:00:00+00:00,0.0,0.0,27.16,79.08,3.95,TNP_0005,1,2016
2016-05-25 21:00:00+00:00,0.0,0.0,26.83,81.0,3.32,TNP_0005,1,2016
2016-05-25 22:00:00+00:00,0.0,0.0,26.43,83.51,2.71,TNP_0005,1,2016
2016-05-25 23:00:00+00:00,0.0,0.0,26.07,85.43,2.44,TNP_0005,1,2016
2016-05-26 00:00:00+00:00,14.07,14.8,25.95,86.05,2.38,TNP_0005,1,2016
2016-05-26 01:00:00+00:00,156.95,174.73,27.36,78.1,3.89,TNP_0005,1,2016
2016-05-26 02:00:00+00:00,360.15,401.48,29.54,67.24,5.46,TNP_0005,1,2016
2016-05-26 03:00:00+00:00,607.4,618.28,31.82,56.36,6.01,TNP_0005,1,2016
2016-05-26 04:00:00+00:00,789.3,795.12,33.91,47.36,6.0,TNP_0005,1,2016
2016-05-26 05:00:00+00:00,903.47,914.55,35.55,41.4,5.79,TNP_0005,1,2016
2016-05-26 06:00:00+00:00,969.33,969.9,36.38,38.36,5.54,TNP_0005,1,2016
2016-05-26 07:00:00+00:00,949.6,950.2,36.79,36.91,5.51,TNP_0005,1,2016
2016-05-26 08:00:00+00:00,838.78,859.22,36.49,37.01,5.66,TNP_0005,1,2016
2016-05-26 09:00:00+00:00,694.95,705.0,35.93,38.06,5.73,TNP_0005,1,2016
2016-05-26 10:00:00+00:00,486.5,501.8,35.22,39.78,5.63,TNP_0005,1,2016
2016-05-26 11:00:00+00:00,251.77,272.2,34.27,42.17,5.42,TNP_0005,1,2016
2016-05-26 12:00:00+00:00,59.58,62.92,32.56,48.62,4.24,TNP_0005,1,2016
2016-05-26 13:00:00+00:00,0.0,0.0,30.65,56.34,3.62,TNP_0005,1,2016
2016-05-26 14:00:00+00:00,0.0,0.0,29.9,58.45,3.79,TNP_0005,1,2016
2016-05-26 15:00:00+00:00,0.0,0.0,29.24,60.76,3.93,TNP_0005,1,2016
2016-05-26 16:00:00+00:00,0.0,0.0,28.63,63.71,3.75,TNP_0005,1,2016
2016-05-26 17:00:00+00:00,0.0,0.0,28.06,67.56,3.26,TNP_0005,1,2016
2016-05-26 18:00:00+00:00,0.0,0.0,27.58,70.72,2.88,TNP_0005,1,2016
2016-05-26 19:00:00+00:00,0.0,0.0,27.18,73.24,2.57,TNP_0005,1,2016
2016-05-26 20:00:00+00:00,0.0,0.0,26.85,75.02,2.47,TNP_0005,1,2016
2016-05-26 21:00:00+00:00,0.0,0.0,26.54,76.68,2.31,TNP_0005,1,2016
2016-05-26 22:00:00+00:00,0.0,0.0,26.25,78.66,1.92,TNP_0005,1,2016
2016-05-26 23:00:00+00:00,0.0,0.0,26.0,80.53,1.47,TNP_0005,1,2016
2016-05-27 00:00:00+00:00,13.5,14.62,25.86,81.1,1.41,TNP_0005,1,2016
2016-05-27 01:00:00+00:00,157.85,172.57,26.25,77.05,1.65,TNP_0005,1,2016
2016-05-27 02:00:00+00:00,361.08,398.12,27.27,69.74,2.07,TNP_0005,1,2016
2016-05-27 03:00:00+00:00,606.3,614.6,28.6,60.86,1.87,TNP_0005,1,2016
2016-05-27 04:00:00+00:00,787.42,790.9,29.84,54.79,1.37,TNP_0005,1,2016
2016-05-27 05:00:00+00:00,807.5,910.7,30.93,50.78,0.99,TNP_0005,1,2016
2016-05-27 06:00:00+00:00,887.8,927.65,31.8,48.52,0.85,TNP_0005,1,2016
2016-05-27 07:00:00+00:00,833.42,906.38,32.49,47.13,1.03,TNP_0005,1,2016
2016-05-27 08:00:00+00:00,635.28,815.62,32.83,46.63,1.36,TNP_0005,1,2016
2016-05-27 09:00:00+00:00,491.25,659.95,32.96,46.51,1.7,TNP_0005,1,2016
2016-05-27 10:00:00+00:00,279.9,457.1,32.61,47.61,1.98,TNP_0005,1,2016
2016-05-27 11:00:00+00:00,132.18,235.57,31.87,50.4,2.22,TNP_0005,1,2016
2016-05-27 12:00:00+00:00,31.15,51.47,30.48,59.94,2.05,TNP_0005,1,2016
2016-05-27 13:00:00+00:00,0.0,0.0,28.66,76.27,1.74,TNP_0005,1,2016
2016-05-27 14:00:00+00:00,0.0,0.0,28.03,78.06,1.79,TNP_0005,1,2016
2016-05-27 15:00:00+00:00,0.0,0.0,27.4,78.76,2.01,TNP_0005,1,2016
2016-05-27 16:00:00+00:00,0.0,0.0,26.83,78.95,2.64,TNP_0005,1,2016
2016-05-27 17:00:00+00:00,0.0,0.0,26.48,80.11,3.44,TNP_0005,1,2016
2016-05-27 18:00:00+00:00,0.0,0.0,26.05,83.69,3.49,TNP_0005,1,2016
2016-05-27 19:00:00+00:00,0.0,0.0,25.73,86.87,3.19,TNP_0005,1,2016
2016-05-27 20:00:00+00:00,0.0,0.0,25.52,88.93,3.03,TNP_0005,1,2016
2016-05-27 21:00:00+00:00,0.0,0.0,25.29,90.54,2.87,TNP_0005,1,2016
2016-05-27 22:00:00+00:00,0.0,0.0,25.11,91.26,3.06,TNP_0005,1,2016
2016-05-27 23:00:00+00:00,0.0,0.0,24.99,91.62,2.72,TNP_0005,1,2016
2016-05-28 00:00:00+00:00,12.25,12.95,24.97,92.0,1.97,TNP_0005,1,2016
2016-05-28 01:00:00+00:00,132.15,148.77,25.77,86.15,2.69,TNP_0005,1,2016
2016-05-28 02:00:00+00:00,306.35,362.92,27.19,76.63,4.38,TNP_0005,1,2016
2016-05-28 03:00:00+00:00,531.35,581.1,29.16,64.41,5.78,TNP_0005,1,2016
2016-05-28 04:00:00+00:00,744.9,763.75,31.09,54.62,5.92,TNP_0005,1,2016
2016-05-28 05:00:00+00:00,875.78,889.17,32.69,48.42,5.2,TNP_0005,1,2016
2016-05-28 06:00:00+00:00,937.3,945.9,34.06,44.08,4.24,TNP_0005,1,2016
2016-05-28 07:00:00+00:00,922.7,927.55,34.92,41.44,3.33,TNP_0005,1,2016
2016-05-28 08:00:00+00:00,815.28,835.65,35.33,40.0,2.66,TNP_0005,1,2016
2016-05-28 09:00:00+00:00,614.7,680.03,35.18,39.8,2.19,TNP_0005,1,2016
2016-05-28 10:00:00+00:00,386.67,475.62,34.44,41.42,1.79,TNP_0005,1,2016
2016-05-28 11:00:00+00:00,177.6,248.38,33.23,46.72,1.37,TNP_0005,1,2016
2016-05-28 12:00:00+00:00,41.47,56.3,31.26,60.89,0.85,TNP_0005,1,2016
2016-05-28 13:00:00+00:00,0.0,0.0,29.53,71.84,0.76,TNP_0005,1,2016
2016-05-28 14:00:00+00:00,0.0,0.0,28.77,75.9,0.76,TNP_0005,1,2016
2016-05-28 15:00:00+00:00,0.0,0.0,28.05,80.39,0.76,TNP_0005,1,2016
2016-05-28 16:00:00+00:00,0.0,0.0,27.49,84.38,0.78,TNP_0005,1,2016
2016-05-28 17:00:00+00:00,0.0,0.0,27.03,87.11,0.99,TNP_0005,1,2016
2016-05-28 18:00:00+00:00,0.0,0.0,26.67,87.46,1.28,TNP_0005,1,2016
2016-05-28 19:00:00+00:00,0.0,0.0,26.25,90.58,1.48,TNP_0005,1,2016
2016-05-28 20:00:00+00:00,0.0,0.0,25.92,91.81,1.58,TNP_0005,1,2016
2016-05-28 21:00:00+00:00,0.0,0.0,25.73,91.94,1.68,TNP_0005,1,2016
2016-05-28 22:00:00+00:00,0.0,0.0,25.59,91.88,1.81,TNP_0005,1,2016
2016-05-28 23:00:00+00:00,0.0,0.0,25.43,91.84,1.89,TNP_0005,1,2016
2016-05-29 00:00:00+00:00,11.82,13.05,25.31,91.78,1.96,TNP_0005,1,2016
2016-05-29 01:00:00+00:00,123.65,151.65,25.99,86.89,2.89,TNP_0005,1,2016
2016-05-29 02:00:00+00:00,292.05,367.1,27.04,80.45,4.07,TNP_0005,1,2016
2016-05-29 03:00:00+00:00,498.73,583.28,28.82,69.05,4.89,TNP_0005,1,2016
2016-05-29 04:00:00+00:00,618.95,763.83,31.01,57.34,4.89,TNP_0005,1,2016
2016-05-29 05:00:00+00:00,637.53,884.38,32.83,50.17,4.29,TNP_0005,1,2016
2016-05-29 06:00:00+00:00,805.3,938.72,33.83,46.61,3.56,TNP_0005,1,2016
2016-05-29 07:00:00+00:00,827.3,919.0,34.36,44.43,2.91,TNP_0005,1,2016
2016-05-29 08:00:00+00:00,699.4,829.1,34.43,43.35,2.6,TNP_0005,1,2016
2016-05-29 09:00:00+00:00,615.05,675.9,34.24,43.06,2.77,TNP_0005,1,2016
2016-05-29 10:00:00+00:00,440.4,473.9,33.73,43.97,3.13,TNP_0005,1,2016
2016-05-29 11:00:00+00:00,217.45,249.15,32.81,47.44,3.32,TNP_0005,1,2016
2016-05-29 12:00:00+00:00,51.42,56.78,31.04,56.99,2.9,TNP_0005,1,2016
2016-05-29 13:00:00+00:00,0.0,0.0,28.95,69.26,2.86,TNP_0005,1,2016
2016-05-29 14:00:00+00:00,0.0,0.0,28.08,71.2,3.23,TNP_0005,1,2016
2016-05-29 15:00:00+00:00,0.0,0.0,27.28,73.88,3.35,TNP_0005,1,2016
2016-05-29 16:00:00+00:00,0.0,0.0,26.59,76.28,3.38,TNP_0005,1,2016
2016-05-29 17:00:00+00:00,0.0,0.0,26.05,78.1,3.36,TNP_0005,1,2016
2016-05-29 18:00:00+00:00,0.0,0.0,25.7,78.49,3.48,TNP_0005,1,2016
2016-05-29 19:00:00+00:00,0.0,0.0,25.57,77.74,3.79,TNP_0005,1,2016
2016-05-29 20:00:00+00:00,0.0,0.0,25.28,79.38,3.34,TNP_0005,1,2016
2016-05-29 21:00:00+00:00,0.0,0.0,25.04,81.57,2.86,TNP_0005,1,2016
2016-05-29 22:00:00+00:00,0.0,0.0,24.79,84.13,2.16,TNP_0005,1,2016
2016-05-29 23:00:00+00:00,0.0,0.0,24.54,86.18,1.8,TNP_0005,1,2016
2016-05-30 00:00:00+00:00,13.38,13.8,24.42,87.1,1.64,TNP_0005,1,2016
2016-05-30 01:00:00+00:00,158.1,163.43,25.66,78.46,2.72,TNP_0005,1,2016
2016-05-30 02:00:00+00:00,366.73,384.83,27.38,70.1,3.81,TNP_0005,1,2016
2016-05-30 03:00:00+00:00,598.67,599.97,29.36,61.19,4.03,TNP_0005,1,2016
2016-05-30 04:00:00+00:00,754.05,775.72,31.21,53.79,3.8,TNP_0005,1,2016
2016-05-30 05:00:00+00:00,877.47,894.62,32.62,48.9,3.43,TNP_0005,1,2016
2016-05-30 06:00:00+00:00,912.25,928.8,33.45,46.41,3.16,TNP_0005,1,2016
2016-05-30 07:00:00+00:00,867.58,908.72,33.56,46.14,3.1,TNP_0005,1,2016
2016-05-30 08:00:00+00:00,755.55,817.35,33.22,47.28,3.15,TNP_0005,1,2016
2016-05-30 09:00:00+00:00,547.88,664.3,32.76,48.83,3.28,TNP_0005,1,2016
2016-05-30 10:00:00+00:00,350.8,464.3,32.16,50.88,3.39,TNP_0005,1,2016
2016-05-30 11:00:00+00:00,171.48,243.05,31.19,56.13,2.94,TNP_0005,1,2016
2016-05-30 12:00:00+00:00,44.08,55.65,29.57,67.58,2.24,TNP_0005,1,2016
2016-05-30 13:00:00+00:00,0.0,0.0,28.17,75.21,2.37,TNP_0005,1,2016
2016-05-30 14:00:00+00:00,0.0,0.0,27.49,77.6,2.63,TNP_0005,1,2016
2016-05-30 15:00:00+00:00,0.0,0.0,26.72,80.37,2.8,TNP_0005,1,2016
2016-05-30 16:00:00+00:00,0.0,0.0,25.94,83.42,2.81,TNP_0005,1,2016
2016-05-30 17:00:00+00:00,0.0,0.0,25.35,86.44,2.59,TNP_0005,1,2016
2016-05-30 18:00:00+00:00,0.0,0.0,25.06,87.92,2.72,TNP_0005,1,2016
2016-05-30 19:00:00+00:00,0.0,0.0,24.84,89.37,2.85,TNP_0005,1,2016
2016-05-30 20:00:00+00:00,0.0,0.0,24.68,90.05,3.21,TNP_0005,1,2016
2016-05-30 21:00:00+00:00,0.0,0.0,24.62,89.63,3.58,TNP_0005,1,2016
2016-05-30 22:00:00+00:00,0.0,0.0,24.55,88.18,4.08,TNP_0005,1,2016
2016-05-30 23:00:00+00:00,0.0,0.0,24.41,87.09,4.04,TNP_0005,1,2016
2016-05-31 00:00:00+00:00,11.35,13.6,24.33,86.14,3.67,TNP_0005,1,2016
2016-05-31 01:00:00+00:00,146.48,160.35,25.41,78.92,4.63,TNP_0005,1,2016
2016-05-31 02:00:00+00:00,343.92,380.77,27.5,66.13,5.35,TNP_0005,1,2016
2016-05-31 03:00:00+00:00,589.12,596.38,30.32,51.68,5.6,TNP_0005,1,2016
2016-05-31 04:00:00+00:00,771.42,772.97,32.75,42.44,5.0,TNP_0005,1,2016
2016-05-31 05:00:00+00:00,886.28,892.2,34.56,37.22,4.14,TNP_0005,1,2016
2016-05-31 06:00:00+00:00,902.67,907.53,35.85,33.88,3.26,TNP_0005,1,2016
2016-05-31 07:00:00+00:00,824.6,886.22,36.73,31.51,2.41,TNP_0005,1,2016
2016-05-31 08:00:00+00:00,534.42,794.38,37.15,30.06,1.81,TNP_0005,1,2016
2016-05-31 09:00:00+00:00,431.95,632.75,37.01,29.61,1.75,TNP_0005,1,2016
2016-05-31 10:00:00+00:00,240.7,430.75,36.24,30.47,2.09,TNP_0005,1,2016
2016-05-31 11:00:00+00:00,131.55,223.6,34.81,35.45,2.38,TNP_0005,1,2016
2016-05-31 12:00:00+00:00,32.58,50.38,32.22,49.67,2.31,TNP_0005,1,2016
2016-05-31 13:00:00+00:00,0.0,0.0,29.81,65.27,2.64,TNP_0005,1,2016
2016-05-31 14:00:00+00:00,0.0,0.0,28.77,70.12,3.08,TNP_0005,1,2016
2016-05-31 15:00:00+00:00,0.0,0.0,27.9,75.2,3.01,TNP_0005,1,2016
2016-05-31 16:00:00+00:00,0.0,0.0,27.31,77.83,2.99,TNP_0005,1,2016
2016-05-31 17:00:00+00:00,0.0,0.0,26.78,79.76,3.13,TNP_0005,1,2016
2016-05-31 18:00:00+00:00,0.0,0.0,26.22,81.85,2.99,TNP_0005,1,2016
2016-05-31 19:00:00+00:00,0.0,0.0,25.76,83.82,2.89,TNP_0005,1,2016
2016-05-31 20:00:00+00:00,0.0,0.0,25.42,85.86,2.75,TNP_0005,1,2016
2016-05-31 21:00:00+00:00,0.0,0.0,25.18,87.92,2.44,TNP_0005,1,2016
2016-05-31 22:00:00+00:00,0.0,0.0,24.95,90.04,2.15,TNP_0005,1,2016
2016-05-31 23:00:00+00:00,0.0,0.0,24.74,91.69,2.02,TNP_0005,1,2016
2016-06-01 00:00:00+00:00,12.45,12.8,24.68,92.35,2.0,TNP_0005,1,2016
2016-06-01 01:00:00+00:00,131.5,151.1,25.58,87.75,2.8,TNP_0005,1,2016
2016-06-01 02:00:00+00:00,309.67,366.77,27.0,81.01,3.73,TNP_0005,1,2016
2016-06-01 03:00:00+00:00,534.4,582.05,28.93,69.74,4.45,TNP_0005,1,2016
2016-06-01 04:00:00+00:00,720.7,760.05,30.54,60.38,4.36,TNP_0005,1,2016
2016-06-01 05:00:00+00:00,857.05,881.6,31.82,54.16,4.06,TNP_0005,1,2016
2016-06-01 06:00:00+00:00,907.2,923.53,32.55,50.72,3.8,TNP_0005,1,2016
2016-06-01 07:00:00+00:00,850.8,905.47,32.76,49.31,3.65,TNP_0005,1,2016
2016-06-01 08:00:00+00:00,759.17,814.62,32.53,49.52,3.47,TNP_0005,1,2016
2016-06-01 09:00:00+00:00,510.42,662.97,32.01,50.8,3.17,TNP_0005,1,2016
2016-06-01 10:00:00+00:00,354.45,463.55,31.43,52.86,2.79,TNP_0005,1,2016
2016-06-01 11:00:00+00:00,186.57,242.68,30.64,57.6,2.23,TNP_0005,1,2016
2016-06-01 12:00:00+00:00,48.88,56.1,29.28,68.88,1.69,TNP_0005,1,2016
2016-06-01 13:00:00+00:00,0.0,0.0,27.88,80.58,1.55,TNP_0005,1,2016
2016-06-01 14:00:00+00:00,0.0,0.0,27.33,82.97,1.62,TNP_0005,1,2016
2016-06-01 15:00:00+00:00,0.0,0.0,26.82,84.31,1.79,TNP_0005,1,2016
2016-06-01 16:00:00+00:00,0.0,0.0,26.25,86.1,2.14,TNP_0005,1,2016
2016-06-01 17:00:00+00:00,0.0,0.0,25.71,88.33,2.52,TNP_0005,1,2016
2016-06-01 18:00:00+00:00,0.0,0.0,25.25,90.63,2.86,TNP_0005,1,2016
2016-06-01 19:00:00+00:00,0.0,0.0,24.89,92.63,3.09,TNP_0005,1,2016
2016-06-01 20:00:00+00:00,0.0,0.0,24.63,94.08,3.14,TNP_0005,1,2016
2016-06-01 21:00:00+00:00,0.0,0.0,24.45,94.87,2.9,TNP_0005,1,2016
2016-06-01 22:00:00+00:00,0.0,0.0,24.28,95.29,2.56,TNP_0005,1,2016
2016-06-01 23:00:00+00:00,0.0,0.0,24.12,95.57,2.27,TNP_0005,1,2016
2016-06-02 00:00:00+00:00,11.85,12.95,24.07,95.5,2.11,TNP_0005,1,2016
2016-06-02 01:00:00+00:00,126.18,150.43,24.84,91.26,2.56,TNP_0005,1,2016
2016-06-02 02:00:00+00:00,302.48,363.48,26.23,83.58,3.36,TNP_0005,1,2016
2016-06-02 03:00:00+00:00,538.17,577.6,27.8,74.24,3.74,TNP_0005,1,2016
2016-06-02 04:00:00+00:00,695.83,754.3,29.2,66.22,3.68,TNP_0005,1,2016
2016-06-02 05:00:00+00:00,773.15,876.0,30.23,61.14,3.58,TNP_0005,1,2016
2016-06-02 06:00:00+00:00,838.62,898.53,30.82,58.42,3.39,TNP_0005,1,2016
2016-06-02 07:00:00+00:00,793.05,885.17,30.97,57.61,3.16,TNP_0005,1,2016
2016-06-02 08:00:00+00:00,613.2,797.28,30.84,57.79,2.85,TNP_0005,1,2016
2016-06-02 09:00:00+00:00,476.12,646.95,30.62,58.32,2.46,TNP_0005,1,2016
2016-06-02 10:00:00+00:00,254.82,450.02,30.36,59.0,1.94,TNP_0005,1,2016
2016-06-02 11:00:00+00:00,137.8,234.4,29.93,61.49,1.19,TNP_0005,1,2016
2016-06-02 12:00:00+00:00,35.97,53.78,29.33,67.18,0.63,TNP_0005,1,2016
2016-06-02 13:00:00+00:00,0.0,0.0,28.54,73.53,0.47,TNP_0005,1,2016
2016-06-02 14:00:00+00:00,0.0,0.0,28.2,72.71,0.5,TNP_0005,1,2016
2016-06-02 15:00:00+00:00,0.0,0.0,27.43,77.41,1.11,TNP_0005,1,2016
2016-06-02 16:00:00+00:00,0.0,0.0,26.56,80.96,1.85,TNP_0005,1,2016
2016-06-02 17:00:00+00:00,0.0,0.0,25.92,83.34,2.47,TNP_0005,1,2016
2016-06-02 18:00:00+00:00,0.0,0.0,25.51,85.25,2.82,TNP_0005,1,2016
2016-06-02 19:00:00+00:00,0.0,0.0,25.19,87.11,2.82,TNP_0005,1,2016
2016-06-02 20:00:00+00:00,0.0,0.0,24.89,88.88,2.67,TNP_0005,1,2016
2016-06-02 21:00:00+00:00,0.0,0.0,24.63,90.54,2.24,TNP_0005,1,2016
2016-06-02 22:00:00+00:00,0.0,0.0,24.41,91.79,1.8,TNP_0005,1,2016
2016-06-02 23:00:00+00:00,0.0,0.0,24.22,92.52,1.55,TNP_0005,1,2016
2016-06-03 00:00:00+00:00,11.3,12.35,24.17,92.54,1.5,TNP_0005,1,2016
2016-06-03 01:00:00+00:00,121.9,143.0,25.16,85.99,2.33,TNP_0005,1,2016
2016-06-03 02:00:00+00:00,307.75,355.35,26.88,76.72,3.43,TNP_0005,1,2016
2016-06-03 03:00:00+00:00,530.12,568.75,28.74,67.97,4.03,TNP_0005,1,2016
2016-06-03 04:00:00+00:00,691.12,744.6,30.34,61.42,3.99,TNP_0005,1,2016
2016-06-03 05:00:00+00:00,717.97,869.08,31.6,56.14,3.71,TNP_0005,1,2016
2016-06-03 06:00:00+00:00,754.47,909.7,32.45,52.07,3.33,TNP_0005,1,2016
2016-06-03 07:00:00+00:00,789.85,890.3,32.91,49.11,2.97,TNP_0005,1,2016
2016-06-03 08:00:00+00:00,697.38,798.85,33.11,47.23,2.66,TNP_0005,1,2016
2016-06-03 09:00:00+00:00,546.08,644.3,32.98,46.66,2.4,TNP_0005,1,2016
2016-06-03 10:00:00+00:00,294.35,440.02,32.64,47.26,2.29,TNP_0005,1,2016
2016-06-03 11:00:00+00:00,157.98,227.12,31.88,50.93,2.25,TNP_0005,1,2016
2016-06-03 12:00:00+00:00,43.67,52.2,30.06,63.48,1.92,TNP_0005,1,2016
2016-06-03 13:00:00+00:00,0.0,0.0,28.32,70.71,2.39,TNP_0005,1,2016
2016-06-03 14:00:00+00:00,0.0,0.0,27.67,72.47,3.35,TNP_0005,1,2016
2016-06-03 15:00:00+00:00,0.0,0.0,26.87,76.82,4.47,TNP_0005,1,2016
2016-06-03 16:00:00+00:00,0.0,0.0,26.1,81.76,4.95,TNP_0005,1,2016
2016-06-03 17:00:00+00:00,0.0,0.0,25.53,85.06,5.02,TNP_0005,1,2016
2016-06-03 18:00:00+00:00,0.0,0.0,25.12,86.53,4.89,TNP_0005,1,2016
2016-06-03 19:00:00+00:00,0.0,0.0,24.8,87.05,4.55,TNP_0005,1,2016
2016-06-03 20:00:00+00:00,0.0,0.0,24.45,88.13,3.97,TNP_0005,1,2016
2016-06-03 21:00:00+00:00,0.0,0.0,24.08,89.77,2.93,TNP_0005,1,2016
2016-06-03 22:00:00+00:00,0.0,0.0,23.75,91.26,2.14,TNP_0005,1,2016
2016-06-03 23:00:00+00:00,0.0,0.0,23.55,91.77,1.85,TNP_0005,1,2016
2016-06-04 00:00:00+00:00,12.4,12.12,23.72,90.71,1.8,TNP_0005,1,2016
2016-06-04 01:00:00+00:00,132.12,136.9,25.36,81.14,3.05,TNP_0005,1,2016
2016-06-04 02:00:00+00:00,318.67,337.33,27.59,68.83,4.33,TNP_0005,1,2016
2016-06-04 03:00:00+00:00,531.67,547.15,30.12,56.12,4.42,TNP_0005,1,2016
2016-06-04 04:00:00+00:00,718.12,722.97,32.42,47.02,3.86,TNP_0005,1,2016
2016-06-04 05:00:00+00:00,830.17,843.0,34.29,41.77,3.4,TNP_0005,1,2016
2016-06-04 06:00:00+00:00,876.53,878.12,35.36,39.41,3.17,TNP_0005,1,2016
2016-06-04 07:00:00+00:00,834.25,857.5,35.92,38.2,3.13,TNP_0005,1,2016
2016-06-04 08:00:00+00:00,734.05,769.78,35.82,38.3,3.19,TNP_0005,1,2016
2016-06-04 09:00:00+00:00,446.25,606.55,34.98,40.15,3.33,TNP_0005,1,2016
2016-06-04 10:00:00+00:00,136.57,416.4,34.05,42.97,3.55,TNP_0005,1,2016
2016-06-04 11:00:00+00:00,49.17,210.05,32.86,47.97,3.41,TNP_0005,1,2016
2016-06-04 12:00:00+00:00,9.02,48.33,31.08,57.53,2.92,TNP_0005,1,2016
2016-06-04 13:00:00+00:00,0.0,0.0,29.42,66.07,2.86,TNP_0005,1,2016
2016-06-04 14:00:00+00:00,0.0,0.0,28.43,70.18,2.9,TNP_0005,1,2016
2016-06-04 15:00:00+00:00,0.0,0.0,27.58,75.17,2.84,TNP_0005,1,2016
2016-06-04 16:00:00+00:00,0.0,0.0,26.95,79.66,2.79,TNP_0005,1,2016
2016-06-04 17:00:00+00:00,0.0,0.0,26.43,82.93,2.82,TNP_0005,1,2016
2016-06-04 18:00:00+00:00,0.0,0.0,26.1,84.2,3.28,TNP_0005,1,2016
2016-06-04 19:00:00+00:00,0.0,0.0,25.88,84.87,3.7,TNP_0005,1,2016
2016-06-04 20:00:00+00:00,0.0,0.0,25.65,85.88,3.68,TNP_0005,1,2016
2016-06-04 21:00:00+00:00,0.0,0.0,25.3,88.49,2.74,TNP_0005,1,2016
2016-06-04 22:00:00+00:00,0.0,0.0,24.92,91.23,2.08,TNP_0005,1,2016
2016-06-04 23:00:00+00:00,0.0,0.0,24.59,92.82,1.91,TNP_0005,1,2016
2016-06-05 00:00:00+00:00,9.52,10.55,24.4,93.72,1.77,TNP_0005,1,2016
2016-06-05 01:00:00+00:00,110.5,112.72,25.13,89.41,2.22,TNP_0005,1,2016
2016-06-05 02:00:00+00:00,285.83,293.62,26.53,81.24,2.89,TNP_0005,1,2016
2016-06-05 03:00:00+00:00,473.73,477.4,28.77,66.13,3.71,TNP_0005,1,2016
2016-06-05 04:00:00+00:00,636.83,648.5,31.3,50.42,4.32,TNP_0005,1,2016
2016-06-05 05:00:00+00:00,747.53,767.85,33.45,41.64,4.45,TNP_0005,1,2016
2016-06-05 06:00:00+00:00,860.83,880.17,35.19,36.6,4.49,TNP_0005,1,2016
2016-06-05 07:00:00+00:00,771.15,848.6,36.29,33.66,4.71,TNP_0005,1,2016
2016-06-05 08:00:00+00:00,640.85,744.95,36.68,32.3,5.0,TNP_0005,1,2016
2016-06-05 09:00:00+00:00,377.95,567.28,36.46,32.37,5.29,TNP_0005,1,2016
2016-06-05 10:00:00+00:00,249.65,390.33,35.57,34.19,5.57,TNP_0005,1,2016
2016-06-05 11:00:00+00:00,127.4,197.62,33.85,39.98,5.4,TNP_0005,1,2016
2016-06-05 12:00:00+00:00,38.3,48.65,31.33,52.0,4.79,TNP_0005,1,2016
2016-06-05 13:00:00+00:00,0.0,0.0,29.21,61.59,4.67,TNP_0005,1,2016
2016-06-05 14:00:00+00:00,0.0,0.0,28.18,67.31,4.67,TNP_0005,1,2016
2016-06-05 15:00:00+00:00,0.0,0.0,27.41,71.51,4.77,TNP_0005,1,2016
2016-06-05 16:00:00+00:00,0.0,0.0,26.78,74.96,4.67,TNP_0005,1,2016
2016-06-05 17:00:00+00:00,0.0,0.0,26.21,78.29,4.16,TNP_0005,1,2016
2016-06-05 18:00:00+00:00,0.0,0.0,25.7,81.41,3.61,TNP_0005,1,2016
2016-06-05 19:00:00+00:00,0.0,0.0,25.28,83.64,3.26,TNP_0005,1,2016
2016-06-05 20:00:00+00:00,0.0,0.0,24.91,85.31,3.05,TNP_0005,1,2016
2016-06-05 21:00:00+00:00,0.0,0.0,24.57,87.03,2.56,TNP_0005,1,2016
2016-06-05 22:00:00+00:00,0.0,0.0,24.34,88.19,2.19,TNP_0005,1,2016
2016-06-05 23:00:00+00:00,0.0,0.0,24.23,88.06,2.25,TNP_0005,1,2016
2016-06-06 00:00:00+00:00,10.82,13.65,24.23,87.92,2.21,TNP_0005,1,2016
2016-06-06 01:00:00+00:00,121.45,161.25,25.11,82.72,3.14,TNP_0005,1,2016
2016-06-06 02:00:00+00:00,305.3,381.95,26.56,75.21,4.11,TNP_0005,1,2016
2016-06-06 03:00:00+00:00,567.9,596.35,28.4,65.5,4.91,TNP_0005,1,2016
2016-06-06 04:00:00+00:00,757.67,771.62,30.22,56.56,4.99,TNP_0005,1,2016
2016-06-06 05:00:00+00:00,886.65,889.25,31.92,49.37,4.77,TNP_0005,1,2016
2016-06-06 06:00:00+00:00,929.72,936.9,33.48,43.6,4.53,TNP_0005,1,2016
2016-06-06 07:00:00+00:00,869.6,915.92,34.8,39.5,4.46,TNP_0005,1,2016
2016-06-06 08:00:00+00:00,741.95,821.88,35.52,37.39,4.57,TNP_0005,1,2016
2016-06-06 09:00:00+00:00,589.47,663.53,35.45,37.3,4.81,TNP_0005,1,2016
2016-06-06 10:00:00+00:00,408.38,460.08,34.49,39.78,5.1,TNP_0005,1,2016
2016-06-06 11:00:00+00:00,217.98,249.8,33.13,44.83,5.1,TNP_0005,1,2016
2016-06-06 12:00:00+00:00,49.62,59.7,31.23,54.42,4.38,TNP_0005,1,2016
2016-06-06 13:00:00+00:00,0.0,0.0,29.37,62.84,3.96,TNP_0005,1,2016
2016-06-06 14:00:00+00:00,0.0,0.0,28.43,67.13,4.1,TNP_0005,1,2016
2016-06-06 15:00:00+00:00,0.0,0.0,27.68,70.97,4.26,TNP_0005,1,2016
2016-06-06 16:00:00+00:00,0.0,0.0,27.03,75.09,4.08,TNP_0005,1,2016
2016-06-06 17:00:00+00:00,0.0,0.0,26.44,79.42,3.55,TNP_0005,1,2016
2016-06-06 18:00:00+00:00,0.0,0.0,25.94,82.89,3.23,TNP_0005,1,2016
2016-06-06 19:00:00+00:00,0.0,0.0,25.47,85.92,2.8,TNP_0005,1,2016
2016-06-06 20:00:00+00:00,0.0,0.0,25.09,88.4,2.34,TNP_0005,1,2016
2016-06-06 21:00:00+00:00,0.0,0.0,24.79,90.51,1.77,TNP_0005,1,2016
2016-06-06 22:00:00+00:00,0.0,0.0,24.56,91.96,1.45,TNP_0005,1,2016
2016-06-06 23:00:00+00:00,0.0,0.0,24.4,92.82,1.29,TNP_0005,1,2016
2016-06-07 00:00:00+00:00,9.1,13.15,24.45,92.83,1.14,TNP_0005,1,2016
2016-06-07 01:00:00+00:00,96.7,153.95,25.37,87.28,1.38,TNP_0005,1,2016
2016-06-07 02:00:00+00:00,255.2,372.42,27.01,79.09,2.29,TNP_0005,1,2016
2016-06-07 03:00:00+00:00,487.73,587.33,28.76,70.52,3.28,TNP_0005,1,2016
2016-06-07 04:00:00+00:00,690.35,764.08,30.18,63.8,3.82,TNP_0005,1,2016
2016-06-07 05:00:00+00:00,763.92,885.6,31.09,59.56,4.14,TNP_0005,1,2016
2016-06-07 06:00:00+00:00,849.97,915.2,31.76,56.75,4.42,TNP_0005,1,2016
2016-06-07 07:00:00+00:00,804.85,898.88,32.29,54.52,4.71,TNP_0005,1,2016
2016-06-07 08:00:00+00:00,687.08,814.17,32.46,53.45,4.91,TNP_0005,1,2016
2016-06-07 09:00:00+00:00,572.4,665.4,32.49,53.06,4.81,TNP_0005,1,2016
2016-06-07 10:00:00+00:00,302.9,469.1,32.23,53.93,4.34,TNP_0005,1,2016
2016-06-07 11:00:00+00:00,174.73,251.07,31.56,57.7,3.27,TNP_0005,1,2016
2016-06-07 12:00:00+00:00,47.28,61.03,29.99,70.52,1.91,TNP_0005,1,2016
2016-06-07 13:00:00+00:00,0.0,0.0,28.71,76.86,1.98,TNP_0005,1,2016
2016-06-07 14:00:00+00:00,0.0,0.0,28.18,78.16,2.19,TNP_0005,1,2016
2016-06-07 15:00:00+00:00,0.0,0.0,27.66,79.71,2.48,TNP_0005,1,2016
2016-06-07 16:00:00+00:00,0.0,0.0,27.14,82.04,2.6,TNP_0005,1,2016
2016-06-07 17:00:00+00:00,0.0,0.0,26.62,84.68,2.56,TNP_0005,1,2016
2016-06-07 18:00:00+00:00,0.0,0.0,26.12,86.96,2.52,TNP_0005,1,2016
2016-06-07 19:00:00+00:00,0.0,0.0,25.69,88.74,2.5,TNP_0005,1,2016
2016-06-07 20:00:00+00:00,0.0,0.0,25.34,90.27,2.34,TNP_0005,1,2016
2016-06-07 21:00:00+00:00,0.0,0.0,25.02,91.79,1.96,TNP_0005,1,2016
2016-06-07 22:00:00+00:00,0.0,0.0,24.76,92.89,1.67,TNP_0005,1,2016
2016-06-07 23:00:00+00:00,0.0,0.0,24.59,93.46,1.47,TNP_0005,1,2016
2016-06-08 00:00:00+00:00,11.5,12.85,24.58,93.47,1.38,TNP_0005,1,2016
2016-06-08 01:00:00+00:00,122.18,151.68,25.72,86.76,2.07,TNP_0005,1,2016
2016-06-08 02:00:00+00:00,299.67,367.4,27.42,77.5,3.05,TNP_0005,1,2016
2016-06-08 03:00:00+00:00,477.6,580.28,29.17,68.28,4.33,TNP_0005,1,2016
2016-06-08 04:00:00+00:00,577.05,754.88,30.73,60.7,5.25,TNP_0005,1,2016
2016-06-08 05:00:00+00:00,641.58,872.17,31.89,54.49,5.86,TNP_0005,1,2016
2016-06-08 06:00:00+00:00,767.42,919.83,32.88,48.75,6.2,TNP_0005,1,2016
2016-06-08 07:00:00+00:00,692.33,896.53,33.59,44.62,6.35,TNP_0005,1,2016
2016-06-08 08:00:00+00:00,706.35,802.7,33.88,42.65,6.42,TNP_0005,1,2016
2016-06-08 09:00:00+00:00,556.38,648.1,33.78,42.14,6.3,TNP_0005,1,2016
2016-06-08 10:00:00+00:00,265.77,455.73,33.06,43.72,6.15,TNP_0005,1,2016
2016-06-08 11:00:00+00:00,128.25,238.88,31.7,48.56,5.75,TNP_0005,1,2016
2016-06-08 12:00:00+00:00,30.2,58.7,29.57,58.87,4.75,TNP_0005,1,2016
2016-06-08 13:00:00+00:00,0.0,0.0,27.64,67.62,4.22,TNP_0005,1,2016
2016-06-08 14:00:00+00:00,0.0,0.0,26.74,71.91,3.9,TNP_0005,1,2016
2016-06-08 15:00:00+00:00,0.0,0.0,26.07,75.17,3.49,TNP_0005,1,2016
2016-06-08 16:00:00+00:00,0.0,0.0,25.46,78.68,2.89,TNP_0005,1,2016
2016-06-08 17:00:00+00:00,0.0,0.0,24.89,82.79,2.23,TNP_0005,1,2016
2016-06-08 18:00:00+00:00,0.0,0.0,24.45,85.96,1.94,TNP_0005,1,2016
2016-06-08 19:00:00+00:00,0.0,0.0,24.06,88.1,1.94,TNP_0005,1,2016
2016-06-08 20:00:00+00:00,0.0,0.0,23.64,89.96,1.99,TNP_0005,1,2016
2016-06-08 21:00:00+00:00,0.0,0.0,23.22,91.84,1.87,TNP_0005,1,2016
2016-06-08 22:00:00+00:00,0.0,0.0,22.78,93.9,1.79,TNP_0005,1,2016
2016-06-08 23:00:00+00:00,0.0,0.0,22.43,95.51,1.75,TNP_0005,1,2016
2016-06-09 00:00:00+00:00,6.85,11.85,22.4,95.68,1.73,TNP_0005,1,2016
2016-06-09 01:00:00+00:00,78.45,139.12,24.15,86.46,2.8,TNP_0005,1,2016
2016-06-09 02:00:00+00:00,206.18,346.95,26.76,71.2,4.26,TNP_0005,1,2016
2016-06-09 03:00:00+00:00,393.77,556.28,29.73,56.83,5.42,TNP_0005,1,2016
2016-06-09 04:00:00+00:00,489.5,730.9,32.27,48.54,5.96,TNP_0005,1,2016
2016-06-09 05:00:00+00:00,658.15,849.1,34.25,43.33,6.38,TNP_0005,1,2016
2016-06-09 06:00:00+00:00,743.17,922.22,35.51,40.23,6.81,TNP_0005,1,2016
2016-06-09 07:00:00+00:00,808.8,904.4,35.84,39.18,7.27,TNP_0005,1,2016
2016-06-09 08:00:00+00:00,672.08,816.22,35.51,39.8,7.58,TNP_0005,1,2016
2016-06-09 09:00:00+00:00,535.12,661.62,34.5,42.38,7.5,TNP_0005,1,2016
2016-06-09 10:00:00+00:00,317.62,451.35,33.07,46.63,7.18,TNP_0005,1,2016
2016-06-09 11:00:00+00:00,182.38,238.57,31.6,51.49,6.78,TNP_0005,1,2016
2016-06-09 12:00:00+00:00,51.42,58.42,30.08,57.42,5.75,TNP_0005,1,2016
2016-06-09 13:00:00+00:00,0.0,0.0,28.54,65.01,4.36,TNP_0005,1,2016
2016-06-09 14:00:00+00:00,0.0,0.0,27.64,70.54,3.57,TNP_0005,1,2016
2016-06-09 15:00:00+00:00,0.0,0.0,26.98,75.3,3.17,TNP_0005,1,2016
2016-06-09 16:00:00+00:00,0.0,0.0,26.45,79.15,3.03,TNP_0005,1,2016
2016-06-09 17:00:00+00:00,0.0,0.0,26.03,82.23,2.8,TNP_0005,1,2016
2016-06-09 18:00:00+00:00,0.0,0.0,25.65,84.5,2.62,TNP_0005,1,2016
2016-06-09 19:00:00+00:00,0.0,0.0,25.32,85.82,2.65,TNP_0005,1,2016
2016-06-09 20:00:00+00:00,0.0,0.0,24.94,86.61,2.79,TNP_0005,1,2016
2016-06-09 21:00:00+00:00,0.0,0.0,24.52,86.86,2.67,TNP_0005,1,2016
2016-06-09 22:00:00+00:00,0.0,0.0,24.06,86.55,2.47,TNP_0005,1,2016
2016-06-09 23:00:00+00:00,0.0,0.0,23.61,86.46,2.21,TNP_0005,1,2016
2016-06-10 00:00:00+00:00,10.6,12.98,23.45,85.72,2.11,TNP_0005,1,2016
2016-06-10 01:00:00+00:00,113.85,156.52,24.76,75.87,3.33,TNP_0005,1,2016
2016-06-10 02:00:00+00:00,266.48,372.1,26.61,65.34,5.31,TNP_0005,1,2016
2016-06-10 03:00:00+00:00,491.08,582.88,28.73,57.04,6.68,TNP_0005,1,2016
2016-06-10 04:00:00+00:00,630.67,754.88,30.8,49.8,7.58,TNP_0005,1,2016
2016-06-10 05:00:00+00:00,741.62,872.95,32.62,44.21,8.1,TNP_0005,1,2016
2016-06-10 06:00:00+00:00,725.67,947.1,33.97,40.75,8.22,TNP_0005,1,2016
2016-06-10 07:00:00+00:00,784.58,916.92,34.8,38.9,8.09,TNP_0005,1,2016
2016-06-10 08:00:00+00:00,585.05,818.95,35.0,38.71,7.96,TNP_0005,1,2016
2016-06-10 09:00:00+00:00,522.03,668.45,34.37,40.55,7.89,TNP_0005,1,2016
2016-06-10 10:00:00+00:00,390.33,466.12,33.24,43.82,8.04,TNP_0005,1,2016
2016-06-10 11:00:00+00:00,231.73,253.62,31.84,48.26,7.97,TNP_0005,1,2016
2016-06-10 12:00:00+00:00,59.33,62.88,30.16,54.26,7.12,TNP_0005,1,2016
2016-06-10 13:00:00+00:00,0.0,0.0,28.44,61.21,5.97,TNP_0005,1,2016
2016-06-10 14:00:00+00:00,0.0,0.0,27.38,66.43,5.26,TNP_0005,1,2016
2016-06-10 15:00:00+00:00,0.0,0.0,26.53,71.36,4.92,TNP_0005,1,2016
2016-06-10 16:00:00+00:00,0.0,0.0,25.81,76.09,4.64,TNP_0005,1,2016
2016-06-10 17:00:00+00:00,0.0,0.0,25.23,79.98,4.13,TNP_0005,1,2016
2016-06-10 18:00:00+00:00,0.0,0.0,24.74,83.15,3.46,TNP_0005,1,2016
2016-06-10 19:00:00+00:00,0.0,0.0,24.25,86.0,2.85,TNP_0005,1,2016
2016-06-10 20:00:00+00:00,0.0,0.0,23.85,87.92,2.66,TNP_0005,1,2016
2016-06-10 21:00:00+00:00,0.0,0.0,23.47,89.66,2.68,TNP_0005,1,2016
2016-06-10 22:00:00+00:00,0.0,0.0,23.11,91.37,2.9,TNP_0005,1,2016
2016-06-10 23:00:00+00:00,0.0,0.0,22.77,92.78,2.85,TNP_0005,1,2016
2016-06-11 00:00:00+00:00,9.68,13.12,22.68,93.05,2.76,TNP_0005,1,2016
2016-06-11 01:00:00+00:00,110.43,161.6,24.12,85.34,3.94,TNP_0005,1,2016
2016-06-11 02:00:00+00:00,275.23,381.6,26.33,72.64,5.61,TNP_0005,1,2016
2016-06-11 03:00:00+00:00,526.47,593.7,28.76,60.08,6.63,TNP_0005,1,2016
2016-06-11 04:00:00+00:00,722.05,768.55,30.93,51.09,6.99,TNP_0005,1,2016
2016-06-11 05:00:00+00:00,768.42,890.75,33.09,44.02,7.18,TNP_0005,1,2016
2016-06-11 06:00:00+00:00,875.72,942.97,35.04,38.88,7.27,TNP_0005,1,2016
2016-06-11 07:00:00+00:00,783.17,925.85,36.39,35.91,7.33,TNP_0005,1,2016
2016-06-11 08:00:00+00:00,619.35,839.22,36.73,35.29,7.5,TNP_0005,1,2016
2016-06-11 09:00:00+00:00,492.75,690.03,36.23,36.13,7.67,TNP_0005,1,2016
2016-06-11 10:00:00+00:00,323.5,492.67,35.11,38.08,7.54,TNP_0005,1,2016
2016-06-11 11:00:00+00:00,172.38,270.52,33.88,40.38,6.95,TNP_0005,1,2016
2016-06-11 12:00:00+00:00,48.3,70.3,31.81,47.19,5.24,TNP_0005,1,2016
2016-06-11 13:00:00+00:00,0.0,0.0,29.13,58.32,4.2,TNP_0005,1,2016
2016-06-11 14:00:00+00:00,0.0,0.0,27.96,63.73,4.09,TNP_0005,1,2016
2016-06-11 15:00:00+00:00,0.0,0.0,26.95,69.42,3.98,TNP_0005,1,2016
2016-06-11 16:00:00+00:00,0.0,0.0,26.1,75.0,3.9,TNP_0005,1,2016
2016-06-11 17:00:00+00:00,0.0,0.0,25.33,80.01,3.85,TNP_0005,1,2016
2016-06-11 18:00:00+00:00,0.0,0.0,24.74,83.67,3.84,TNP_0005,1,2016
2016-06-11 19:00:00+00:00,0.0,0.0,24.24,86.44,3.78,TNP_0005,1,2016
2016-06-11 20:00:00+00:00,0.0,0.0,23.83,88.49,3.64,TNP_0005,1,2016
2016-06-11 21:00:00+00:00,0.0,0.0,23.46,90.03,3.14,TNP_0005,1,2016
2016-06-11 22:00:00+00:00,0.0,0.0,23.16,91.13,2.67,TNP_0005,1,2016
2016-06-11 23:00:00+00:00,0.0,0.0,22.89,92.11,2.3,TNP_0005,1,2016
2016-06-12 00:00:00+00:00,11.8,13.15,22.82,92.35,1.99,TNP_0005,1,2016
2016-06-12 01:00:00+00:00,150.43,163.38,24.19,84.81,2.92,TNP_0005,1,2016
2016-06-12 02:00:00+00:00,366.15,385.05,26.26,72.84,4.49,TNP_0005,1,2016
2016-06-12 03:00:00+00:00,595.6,599.2,28.85,59.14,5.66,TNP_0005,1,2016
2016-06-12 04:00:00+00:00,749.22,774.12,31.44,47.57,6.69,TNP_0005,1,2016
2016-06-12 05:00:00+00:00,751.1,893.42,33.66,39.91,7.32,TNP_0005,1,2016
2016-06-12 06:00:00+00:00,809.03,940.7,35.33,34.97,7.62,TNP_0005,1,2016
2016-06-12 07:00:00+00:00,734.65,924.22,36.55,31.73,7.73,TNP_0005,1,2016
2016-06-12 08:00:00+00:00,661.7,838.55,37.17,30.25,7.93,TNP_0005,1,2016
2016-06-12 09:00:00+00:00,536.33,690.65,37.03,30.48,8.13,TNP_0005,1,2016
2016-06-12 10:00:00+00:00,371.62,492.83,35.79,33.01,8.08,TNP_0005,1,2016
2016-06-12 11:00:00+00:00,194.93,271.12,34.16,36.75,7.7,TNP_0005,1,2016
2016-06-12 12:00:00+00:00,52.97,70.62,32.12,42.49,6.3,TNP_0005,1,2016
2016-06-12 13:00:00+00:00,0.0,0.0,29.69,51.77,4.71,TNP_0005,1,2016
2016-06-12 14:00:00+00:00,0.0,0.0,28.36,57.93,4.21,TNP_0005,1,2016
2016-06-12 15:00:00+00:00,0.0,0.0,27.35,62.84,4.23,TNP_0005,1,2016
2016-06-12 16:00:00+00:00,0.0,0.0,26.54,67.44,4.13,TNP_0005,1,2016
2016-06-12 17:00:00+00:00,0.0,0.0,25.92,71.52,4.1,TNP_0005,1,2016
2016-06-12 18:00:00+00:00,0.0,0.0,25.46,74.69,4.28,TNP_0005,1,2016
2016-06-12 19:00:00+00:00,0.0,0.0,25.07,77.0,4.62,TNP_0005,1,2016
2016-06-12 20:00:00+00:00,0.0,0.0,24.69,78.51,4.81,TNP_0005,1,2016
2016-06-12 21:00:00+00:00,0.0,0.0,24.28,79.32,4.22,TNP_0005,1,2016
2016-06-12 22:00:00+00:00,0.0,0.0,23.85,80.88,3.3,TNP_0005,1,2016
2016-06-12 23:00:00+00:00,0.0,0.0,23.52,82.9,2.55,TNP_0005,1,2016
2016-06-13 00:00:00+00:00,11.52,12.95,23.45,84.68,2.11,TNP_0005,1,2016
2016-06-13 01:00:00+00:00,141.15,159.2,25.15,76.67,2.99,TNP_0005,1,2016
2016-06-13 02:00:00+00:00,335.77,380.48,27.51,67.5,4.72,TNP_0005,1,2016
2016-06-13 03:00:00+00:00,576.5,596.85,29.8,57.65,6.4,TNP_0005,1,2016
2016-06-13 04:00:00+00:00,734.88,774.88,31.34,49.7,7.23,TNP_0005,1,2016
2016-06-13 05:00:00+00:00,829.15,897.35,32.53,44.27,7.51,TNP_0005,1,2016
2016-06-13 06:00:00+00:00,781.15,935.0,33.51,40.67,7.6,TNP_0005,1,2016
2016-06-13 07:00:00+00:00,792.5,918.88,34.3,38.09,7.52,TNP_0005,1,2016
2016-06-13 08:00:00+00:00,683.15,832.03,34.89,36.6,7.44,TNP_0005,1,2016
2016-06-13 09:00:00+00:00,620.72,682.75,34.48,37.62,7.29,TNP_0005,1,2016
2016-06-13 10:00:00+00:00,388.8,487.2,33.32,40.83,7.1,TNP_0005,1,2016
2016-06-13 11:00:00+00:00,207.43,267.52,32.15,44.14,6.8,TNP_0005,1,2016
2016-06-13 12:00:00+00:00,60.08,70.55,30.69,48.97,5.38,TNP_0005,1,2016
2016-06-13 13:00:00+00:00,0.0,0.0,28.56,57.72,3.64,TNP_0005,1,2016
2016-06-13 14:00:00+00:00,0.0,0.0,27.5,61.35,3.32,TNP_0005,1,2016
2016-06-13 15:00:00+00:00,0.0,0.0,26.64,63.34,3.34,TNP_0005,1,2016
2016-06-13 16:00:00+00:00,0.0,0.0,25.57,66.84,3.12,TNP_0005,1,2016
2016-06-13 17:00:00+00:00,0.0,0.0,24.51,71.39,2.84,TNP_0005,1,2016
2016-06-13 18:00:00+00:00,0.0,0.0,23.72,75.03,2.78,TNP_0005,1,2016
2016-06-13 19:00:00+00:00,0.0,0.0,23.07,79.12,2.69,TNP_0005,1,2016
2016-06-13 20:00:00+00:00,0.0,0.0,22.59,82.64,2.75,TNP_0005,1,2016
2016-06-13 21:00:00+00:00,0.0,0.0,22.19,85.8,2.71,TNP_0005,1,2016
2016-06-13 22:00:00+00:00,0.0,0.0,21.94,87.86,2.61,TNP_0005,1,2016
2016-06-13 23:00:00+00:00,0.0,0.0,21.73,89.7,2.39,TNP_0005,1,2016
2016-06-14 00:00:00+00:00,12.7,12.77,21.71,90.56,2.31,TNP_0005,1,2016
2016-06-14 01:00:00+00:00,165.6,166.88,23.4,82.62,3.61,TNP_0005,1,2016
2016-06-14 02:00:00+00:00,376.15,377.5,26.41,67.15,5.66,TNP_0005,1,2016
2016-06-14 03:00:00+00:00,591.45,591.6,29.64,49.44,6.98,TNP_0005,1,2016
2016-06-14 04:00:00+00:00,768.0,768.83,32.34,37.93,7.46,TNP_0005,1,2016
2016-06-14 05:00:00+00:00,788.85,891.12,34.46,31.88,7.26,TNP_0005,1,2016
2016-06-14 06:00:00+00:00,894.5,945.2,36.14,28.52,6.82,TNP_0005,1,2016
2016-06-14 07:00:00+00:00,803.58,925.5,37.22,26.81,6.42,TNP_0005,1,2016
2016-06-14 08:00:00+00:00,517.65,834.67,37.52,26.47,6.11,TNP_0005,1,2016
2016-06-14 09:00:00+00:00,519.33,683.62,37.17,27.19,5.93,TNP_0005,1,2016
2016-06-14 10:00:00+00:00,345.42,479.95,36.33,28.92,5.83,TNP_0005,1,2016
2016-06-14 11:00:00+00:00,180.4,253.88,35.02,32.42,5.54,TNP_0005,1,2016
2016-06-14 12:00:00+00:00,53.53,65.2,32.73,41.72,4.27,TNP_0005,1,2016
2016-06-14 13:00:00+00:00,0.0,0.0,30.46,50.92,3.96,TNP_0005,1,2016
2016-06-14 14:00:00+00:00,0.0,0.0,29.51,54.9,4.4,TNP_0005,1,2016
2016-06-14 15:00:00+00:00,0.0,0.0,28.61,59.25,4.48,TNP_0005,1,2016
2016-06-14 16:00:00+00:00,0.0,0.0,27.82,63.29,4.49,TNP_0005,1,2016
2016-06-14 17:00:00+00:00,0.0,0.0,27.12,66.84,4.57,TNP_0005,1,2016
2016-06-14 18:00:00+00:00,0.0,0.0,26.47,70.38,4.63,TNP_0005,1,2016
2016-06-14 19:00:00+00:00,0.0,0.0,25.85,73.79,4.74,TNP_0005,1,2016
2016-06-14 20:00:00+00:00,0.0,0.0,25.21,76.93,4.76,TNP_0005,1,2016
2016-06-14 21:00:00+00:00,0.0,0.0,24.59,79.7,4.49,TNP_0005,1,2016
2016-06-14 22:00:00+00:00,0.0,0.0,24.01,81.93,4.12,TNP_0005,1,2016
2016-06-14 23:00:00+00:00,0.0,0.0,23.39,84.31,3.72,TNP_0005,1,2016
2016-06-15 00:00:00+00:00,10.77,12.05,23.1,85.34,3.54,TNP_0005,1,2016
2016-06-15 01:00:00+00:00,138.15,147.85,24.76,76.9,4.95,TNP_0005,1,2016
2016-06-15 02:00:00+00:00,329.35,361.48,27.37,64.67,6.85,TNP_0005,1,2016
2016-06-15 03:00:00+00:00,570.65,576.72,30.18,52.14,7.96,TNP_0005,1,2016
2016-06-15 04:00:00+00:00,747.45,755.38,32.73,41.5,8.44,TNP_0005,1,2016
2016-06-15 05:00:00+00:00,876.3,878.12,34.9,33.7,8.48,TNP_0005,1,2016
2016-06-15 06:00:00+00:00,958.25,958.65,36.51,28.95,8.33,TNP_0005,1,2016
2016-06-15 07:00:00+00:00,941.12,942.8,37.52,26.66,8.21,TNP_0005,1,2016
2016-06-15 08:00:00+00:00,844.33,852.62,37.88,26.07,8.12,TNP_0005,1,2016
2016-06-15 09:00:00+00:00,677.15,701.75,37.6,26.92,8.02,TNP_0005,1,2016
2016-06-15 10:00:00+00:00,467.73,502.42,36.72,28.88,7.75,TNP_0005,1,2016
2016-06-15 11:00:00+00:00,244.9,277.73,35.35,31.86,7.28,TNP_0005,1,2016
2016-06-15 12:00:00+00:00,68.62,74.35,33.04,38.69,5.8,TNP_0005,1,2016
2016-06-15 13:00:00+00:00,0.0,0.0,30.19,49.27,4.95,TNP_0005,1,2016
2016-06-15 14:00:00+00:00,0.0,0.0,28.82,55.0,5.1,TNP_0005,1,2016
2016-06-15 15:00:00+00:00,0.0,0.0,27.61,61.03,5.09,TNP_0005,1,2016
2016-06-15 16:00:00+00:00,0.0,0.0,26.65,66.53,5.11,TNP_0005,1,2016
2016-06-15 17:00:00+00:00,0.0,0.0,25.86,71.56,4.9,TNP_0005,1,2016
2016-06-15 18:00:00+00:00,0.0,0.0,25.24,75.64,4.63,TNP_0005,1,2016
2016-06-15 19:00:00+00:00,0.0,0.0,24.67,79.34,4.36,TNP_0005,1,2016
2016-06-15 20:00:00+00:00,0.0,0.0,24.19,82.3,4.14,TNP_0005,1,2016
2016-06-15 21:00:00+00:00,0.0,0.0,23.82,84.42,3.78,TNP_0005,1,2016
2016-06-15 22:00:00+00:00,0.0,0.0,23.49,86.25,3.39,TNP_0005,1,2016
2016-06-15 23:00:00+00:00,0.0,0.0,23.26,87.57,2.97,TNP_0005,1,2016
2016-06-16 00:00:00+00:00,10.95,12.48,23.17,88.36,2.58,TNP_0005,1,2016
2016-06-16 01:00:00+00:00,104.25,155.25,24.79,80.18,4.28,TNP_0005,1,2016
2016-06-16 02:00:00+00:00,242.7,376.7,27.45,66.32,6.76,TNP_0005,1,2016
2016-06-16 03:00:00+00:00,414.33,592.6,30.27,52.32,7.77,TNP_0005,1,2016
2016-06-16 04:00:00+00:00,641.92,770.8,32.75,42.75,7.61,TNP_0005,1,2016
2016-06-16 05:00:00+00:00,762.62,892.28,34.74,36.99,6.96,TNP_0005,1,2016
2016-06-16 06:00:00+00:00,834.55,902.58,36.22,33.47,6.32,TNP_0005,1,2016
2016-06-16 07:00:00+00:00,796.83,885.95,37.05,31.64,5.84,TNP_0005,1,2016
2016-06-16 08:00:00+00:00,642.17,801.9,37.2,31.25,5.44,TNP_0005,1,2016
2016-06-16 09:00:00+00:00,584.12,652.45,36.77,31.92,5.11,TNP_0005,1,2016
2016-06-16 10:00:00+00:00,344.08,451.42,35.99,33.56,4.95,TNP_0005,1,2016
2016-06-16 11:00:00+00:00,198.85,244.48,34.62,37.04,4.68,TNP_0005,1,2016
2016-06-16 12:00:00+00:00,56.25,63.35,32.86,45.21,3.64,TNP_0005,1,2016
2016-06-16 13:00:00+00:00,0.0,0.0,30.66,56.65,2.93,TNP_0005,1,2016
2016-06-16 14:00:00+00:00,0.0,0.0,29.58,61.01,3.3,TNP_0005,1,2016
2016-06-16 15:00:00+00:00,0.0,0.0,28.65,65.52,3.62,TNP_0005,1,2016
2016-06-16 16:00:00+00:00,0.0,0.0,27.85,70.18,3.77,TNP_0005,1,2016
2016-06-16 17:00:00+00:00,0.0,0.0,27.2,72.96,4.04,TNP_0005,1,2016
2016-06-16 18:00:00+00:00,0.0,0.0,26.4,77.64,4.42,TNP_0005,1,2016
2016-06-16 19:00:00+00:00,0.0,0.0,25.8,82.28,4.77,TNP_0005,1,2016
2016-06-16 20:00:00+00:00,0.0,0.0,25.5,84.51,4.82,TNP_0005,1,2016
2016-06-16 21:00:00+00:00,0.0,0.0,25.42,84.29,4.31,TNP_0005,1,2016
2016-06-16 22:00:00+00:00,0.0,0.0,25.31,83.05,3.35,TNP_0005,1,2016
2016-06-16 23:00:00+00:00,0.0,0.0,24.94,83.7,2.25,TNP_0005,1,2016
2016-06-17 00:00:00+00:00,11.52,11.82,24.68,83.9,1.98,TNP_0005,1,2016
2016-06-17 01:00:00+00:00,132.3,148.8,25.39,78.73,2.69,TNP_0005,1,2016
2016-06-17 02:00:00+00:00,327.65,367.48,26.82,70.07,3.77,TNP_0005,1,2016
2016-06-17 03:00:00+00:00,527.15,581.17,28.5,60.83,4.47,TNP_0005,1,2016
2016-06-17 04:00:00+00:00,677.58,760.05,29.99,54.05,4.62,TNP_0005,1,2016
2016-06-17 05:00:00+00:00,848.7,883.12,31.13,49.23,4.66,TNP_0005,1,2016
2016-06-17 06:00:00+00:00,929.3,937.62,31.73,46.76,4.82,TNP_0005,1,2016
2016-06-17 07:00:00+00:00,803.95,921.97,31.91,45.85,5.12,TNP_0005,1,2016
2016-06-17 08:00:00+00:00,738.53,836.2,31.8,45.87,5.33,TNP_0005,1,2016
2016-06-17 09:00:00+00:00,515.9,688.4,31.69,46.1,5.19,TNP_0005,1,2016
2016-06-17 10:00:00+00:00,283.0,490.9,31.4,46.89,4.75,TNP_0005,1,2016
2016-06-17 11:00:00+00:00,151.0,268.33,30.73,50.31,3.88,TNP_0005,1,2016
2016-06-17 12:00:00+00:00,41.55,71.03,29.05,64.25,2.47,TNP_0005,1,2016
2016-06-17 13:00:00+00:00,0.0,0.0,27.01,75.86,2.59,TNP_0005,1,2016
2016-06-17 14:00:00+00:00,0.0,0.0,26.24,77.66,3.35,TNP_0005,1,2016
2016-06-17 15:00:00+00:00,0.0,0.0,25.45,80.73,4.22,TNP_0005,1,2016
2016-06-17 16:00:00+00:00,0.0,0.0,24.79,83.74,4.63,TNP_0005,1,2016
2016-06-17 17:00:00+00:00,0.0,0.0,24.23,86.93,4.23,TNP_0005,1,2016
2016-06-17 18:00:00+00:00,0.0,0.0,23.86,88.99,3.96,TNP_0005,1,2016
2016-06-17 19:00:00+00:00,0.0,0.0,23.63,90.05,3.88,TNP_0005,1,2016
2016-06-17 20:00:00+00:00,0.0,0.0,23.45,90.88,3.73,TNP_0005,1,2016
2016-06-17 21:00:00+00:00,0.0,0.0,23.26,91.73,3.28,TNP_0005,1,2016
2016-06-17 22:00:00+00:00,0.0,0.0,23.06,92.43,2.87,TNP_0005,1,2016
2016-06-17 23:00:00+00:00,0.0,0.0,22.85,92.96,2.6,TNP_0005,1,2016
2016-06-18 00:00:00+00:00,11.38,11.8,22.77,92.77,2.6,TNP_0005,1,2016
2016-06-18 01:00:00+00:00,134.82,151.05,24.13,84.33,4.22,TNP_0005,1,2016
2016-06-18 02:00:00+00:00,315.38,367.62,26.11,73.01,5.3,TNP_0005,1,2016
2016-06-18 03:00:00+00:00,483.8,582.42,28.23,61.5,6.6,TNP_0005,1,2016
2016-06-18 04:00:00+00:00,597.85,760.78,29.73,54.23,6.99,TNP_0005,1,2016
2016-06-18 05:00:00+00:00,618.6,882.25,30.82,49.21,6.77,TNP_0005,1,2016
2016-06-18 06:00:00+00:00,772.9,859.33,31.71,45.28,6.22,TNP_0005,1,2016
2016-06-18 07:00:00+00:00,733.33,837.58,32.61,41.84,5.67,TNP_0005,1,2016
2016-06-18 08:00:00+00:00,629.17,755.38,33.43,39.21,5.23,TNP_0005,1,2016
2016-06-18 09:00:00+00:00,471.65,598.05,33.74,38.04,4.82,TNP_0005,1,2016
2016-06-18 10:00:00+00:00,260.62,397.4,33.55,38.38,4.25,TNP_0005,1,2016
2016-06-18 11:00:00+00:00,136.2,199.2,32.51,41.91,3.62,TNP_0005,1,2016
2016-06-18 12:00:00+00:00,35.78,50.78,30.34,54.71,2.65,TNP_0005,1,2016
2016-06-18 13:00:00+00:00,0.0,0.0,28.31,66.01,3.01,TNP_0005,1,2016
2016-06-18 14:00:00+00:00,0.0,0.0,27.39,69.03,3.6,TNP_0005,1,2016
2016-06-18 15:00:00+00:00,0.0,0.0,26.52,72.16,3.98,TNP_0005,1,2016
2016-06-18 16:00:00+00:00,0.0,0.0,25.71,76.0,3.77,TNP_0005,1,2016
2016-06-18 17:00:00+00:00,0.0,0.0,25.28,76.82,4.58,TNP_0005,1,2016
2016-06-18 18:00:00+00:00,0.0,0.0,24.78,77.9,5.13,TNP_0005,1,2016
2016-06-18 19:00:00+00:00,0.0,0.0,24.18,78.31,5.18,TNP_0005,1,2016
2016-06-18 20:00:00+00:00,0.0,0.0,23.63,78.13,4.79,TNP_0005,1,2016
2016-06-18 21:00:00+00:00,0.0,0.0,23.14,79.2,3.71,TNP_0005,1,2016
2016-06-18 22:00:00+00:00,0.0,0.0,22.91,80.35,3.1,TNP_0005,1,2016
2016-06-18 23:00:00+00:00,0.0,0.0,22.71,82.62,2.61,TNP_0005,1,2016
2016-06-19 00:00:00+00:00,10.25,10.77,22.77,83.19,2.44,TNP_0005,1,2016
2016-06-19 01:00:00+00:00,122.88,132.05,23.72,78.56,2.59,TNP_0005,1,2016
2016-06-19 02:00:00+00:00,298.85,331.4,25.33,71.2,3.82,TNP_0005,1,2016
2016-06-19 03:00:00+00:00,532.88,541.67,27.76,60.41,5.15,TNP_0005,1,2016
2016-06-19 04:00:00+00:00,709.12,720.03,29.82,52.59,5.24,TNP_0005,1,2016
2016-06-19 05:00:00+00:00,814.8,841.25,31.26,47.8,4.7,TNP_0005,1,2016
2016-06-19 06:00:00+00:00,794.03,930.33,32.11,44.99,4.1,TNP_0005,1,2016
2016-06-19 07:00:00+00:00,790.3,912.45,32.3,43.99,3.59,TNP_0005,1,2016
2016-06-19 08:00:00+00:00,730.62,822.53,32.41,43.43,3.24,TNP_0005,1,2016
2016-06-19 09:00:00+00:00,523.1,666.83,32.27,43.68,2.84,TNP_0005,1,2016
2016-06-19 10:00:00+00:00,284.35,460.98,31.97,44.42,2.3,TNP_0005,1,2016
2016-06-19 11:00:00+00:00,163.15,243.32,31.53,46.29,1.57,TNP_0005,1,2016
2016-06-19 12:00:00+00:00,43.9,63.4,30.21,56.8,1.1,TNP_0005,1,2016
2016-06-19 13:00:00+00:00,0.0,0.0,28.66,65.5,1.42,TNP_0005,1,2016
2016-06-19 14:00:00+00:00,0.0,0.0,27.9,68.37,1.68,TNP_0005,1,2016
2016-06-19 15:00:00+00:00,0.0,0.0,27.02,74.43,2.11,TNP_0005,1,2016
2016-06-19 16:00:00+00:00,0.0,0.0,26.2,78.77,2.46,TNP_0005,1,2016
2016-06-19 17:00:00+00:00,0.0,0.0,25.6,81.52,2.52,TNP_0005,1,2016
2016-06-19 18:00:00+00:00,0.0,0.0,25.13,82.8,2.63,TNP_0005,1,2016
2016-06-19 19:00:00+00:00,0.0,0.0,24.88,81.27,3.5,TNP_0005,1,2016
2016-06-19 20:00:00+00:00,0.0,0.0,24.59,81.14,3.68,TNP_0005,1,2016
2016-06-19 21:00:00+00:00,0.0,0.0,24.28,82.23,3.06,TNP_0005,1,2016
2016-06-19 22:00:00+00:00,0.0,0.0,24.03,83.93,2.3,TNP_0005,1,2016
2016-06-19 23:00:00+00:00,0.0,0.0,23.84,85.11,2.01,TNP_0005,1,2016
2016-06-20 00:00:00+00:00,10.25,10.73,23.79,85.56,1.97,TNP_0005,1,2016
2016-06-20 01:00:00+00:00,133.23,138.0,24.65,79.79,2.79,TNP_0005,1,2016
2016-06-20 02:00:00+00:00,335.3,346.92,25.91,72.62,3.49,TNP_0005,1,2016
2016-06-20 03:00:00+00:00,561.28,561.97,27.23,65.43,3.92,TNP_0005,1,2016
2016-06-20 04:00:00+00:00,738.58,743.22,28.52,59.55,3.78,TNP_0005,1,2016
2016-06-20 05:00:00+00:00,848.7,867.75,29.85,54.58,3.31,TNP_0005,1,2016
2016-06-20 06:00:00+00:00,836.9,899.92,31.1,50.57,2.76,TNP_0005,1,2016
2016-06-20 07:00:00+00:00,703.6,884.12,31.58,48.96,2.21,TNP_0005,1,2016
2016-06-20 08:00:00+00:00,571.67,796.0,31.51,48.98,1.71,TNP_0005,1,2016
2016-06-20 09:00:00+00:00,407.2,640.4,31.21,49.99,1.4,TNP_0005,1,2016
2016-06-20 10:00:00+00:00,172.15,432.33,30.65,52.13,1.5,TNP_0005,1,2016
2016-06-20 11:00:00+00:00,80.65,213.12,29.78,55.79,1.88,TNP_0005,1,2016
2016-06-20 12:00:00+00:00,14.15,55.75,28.56,63.69,1.88,TNP_0005,1,2016
2016-06-20 13:00:00+00:00,0.0,0.0,27.35,72.7,1.81,TNP_0005,1,2016
2016-06-20 14:00:00+00:00,0.0,0.0,26.77,74.96,2.22,TNP_0005,1,2016
2016-06-20 15:00:00+00:00,0.0,0.0,26.18,77.4,2.68,TNP_0005,1,2016
2016-06-20 16:00:00+00:00,0.0,0.0,25.63,79.82,2.93,TNP_0005,1,2016
2016-06-20 17:00:00+00:00,0.0,0.0,25.15,81.99,2.92,TNP_0005,1,2016
2016-06-20 18:00:00+00:00,0.0,0.0,24.75,83.75,2.82,TNP_0005,1,2016
2016-06-20 19:00:00+00:00,0.0,0.0,24.41,85.07,2.77,TNP_0005,1,2016
2016-06-20 20:00:00+00:00,0.0,0.0,24.11,86.32,2.67,TNP_0005,1,2016
2016-06-20 21:00:00+00:00,0.0,0.0,23.89,87.45,2.17,TNP_0005,1,2016
2016-06-20 22:00:00+00:00,0.0,0.0,23.71,88.61,1.64,TNP_0005,1,2016
2016-06-20 23:00:00+00:00,0.0,0.0,23.57,89.59,1.35,TNP_0005,1,2016
2016-06-21 00:00:00+00:00,8.88,10.6,23.5,90.02,1.27,TNP_0005,1,2016
2016-06-21 01:00:00+00:00,102.2,135.8,24.3,84.39,2.0,TNP_0005,1,2016
2016-06-21 02:00:00+00:00,250.5,341.52,25.75,75.8,2.98,TNP_0005,1,2016
2016-06-21 03:00:00+00:00,484.73,555.4,27.37,66.85,3.6,TNP_0005,1,2016
2016-06-21 04:00:00+00:00,642.97,733.85,28.82,59.97,3.8,TNP_0005,1,2016
2016-06-21 05:00:00+00:00,681.97,859.28,29.98,55.16,3.81,TNP_0005,1,2016
2016-06-21 06:00:00+00:00,765.0,912.08,30.89,51.91,3.84,TNP_0005,1,2016
2016-06-21 07:00:00+00:00,650.03,897.88,31.2,50.82,3.82,TNP_0005,1,2016
2016-06-21 08:00:00+00:00,438.48,810.0,31.05,51.45,3.67,TNP_0005,1,2016
2016-06-21 09:00:00+00:00,329.88,653.15,30.47,53.79,3.43,TNP_0005,1,2016
2016-06-21 10:00:00+00:00,206.5,455.12,29.71,57.17,3.2,TNP_0005,1,2016
2016-06-21 11:00:00+00:00,136.12,229.52,28.84,61.57,2.87,TNP_0005,1,2016
2016-06-21 12:00:00+00:00,43.12,60.83,27.63,70.16,2.04,TNP_0005,1,2016
2016-06-21 13:00:00+00:00,0.0,0.0,26.59,76.74,1.89,TNP_0005,1,2016
2016-06-21 14:00:00+00:00,0.0,0.0,26.0,79.49,2.18,TNP_0005,1,2016
2016-06-21 15:00:00+00:00,0.0,0.0,25.5,81.89,2.37,TNP_0005,1,2016
2016-06-21 16:00:00+00:00,0.0,0.0,25.08,84.18,2.26,TNP_0005,1,2016
2016-06-21 17:00:00+00:00,0.0,0.0,24.7,85.42,2.2,TNP_0005,1,2016
2016-06-21 18:00:00+00:00,0.0,0.0,24.35,85.43,2.34,TNP_0005,1,2016
2016-06-21 19:00:00+00:00,0.0,0.0,23.94,82.83,3.12,TNP_0005,1,2016
2016-06-21 20:00:00+00:00,0.0,0.0,23.48,82.16,3.33,TNP_0005,1,2016
2016-06-21 21:00:00+00:00,0.0,0.0,23.03,82.44,2.97,TNP_0005,1,2016
2016-06-21 22:00:00+00:00,0.0,0.0,22.61,83.45,2.34,TNP_0005,1,2016
2016-06-21 23:00:00+00:00,0.0,0.0,22.16,85.17,1.9,TNP_0005,1,2016
2016-06-22 00:00:00+00:00,6.85,10.95,22.07,84.93,1.86,TNP_0005,1,2016
2016-06-22 01:00:00+00:00,88.95,144.3,23.4,74.78,3.2,TNP_0005,1,2016
2016-06-22 02:00:00+00:00,227.2,357.7,25.14,64.28,4.59,TNP_0005,1,2016
2016-06-22 03:00:00+00:00,525.58,572.8,27.17,54.38,5.65,TNP_0005,1,2016
2016-06-22 04:00:00+00:00,692.75,752.78,29.26,47.47,6.16,TNP_0005,1,2016
2016-06-22 05:00:00+00:00,833.83,877.05,31.42,42.79,6.36,TNP_0005,1,2016
2016-06-22 06:00:00+00:00,762.42,923.28,33.06,39.89,6.32,TNP_0005,1,2016
2016-06-22 07:00:00+00:00,571.1,909.03,34.04,38.41,6.15,TNP_0005,1,2016
2016-06-22 08:00:00+00:00,476.88,822.35,34.11,38.78,5.95,TNP_0005,1,2016
2016-06-22 09:00:00+00:00,431.5,671.67,32.95,42.06,5.51,TNP_0005,1,2016
2016-06-22 10:00:00+00:00,229.9,476.25,31.63,46.43,4.99,TNP_0005,1,2016
2016-06-22 11:00:00+00:00,91.18,251.18,30.41,51.74,4.11,TNP_0005,1,2016
2016-06-22 12:00:00+00:00,19.65,68.12,28.72,63.24,2.55,TNP_0005,1,2016
2016-06-22 13:00:00+00:00,0.0,0.0,27.22,72.96,2.28,TNP_0005,1,2016
2016-06-22 14:00:00+00:00,0.0,0.0,26.44,76.18,2.6,TNP_0005,1,2016
2016-06-22 15:00:00+00:00,0.0,0.0,25.58,79.9,3.08,TNP_0005,1,2016
2016-06-22 16:00:00+00:00,0.0,0.0,24.86,84.26,3.18,TNP_0005,1,2016
2016-06-22 17:00:00+00:00,0.0,0.0,24.38,87.35,3.25,TNP_0005,1,2016
2016-06-22 18:00:00+00:00,0.0,0.0,24.09,89.21,3.25,TNP_0005,1,2016
2016-06-22 19:00:00+00:00,0.0,0.0,23.8,91.33,2.8,TNP_0005,1,2016
2016-06-22 20:00:00+00:00,0.0,0.0,23.51,92.89,2.4,TNP_0005,1,2016
2016-06-22 21:00:00+00:00,0.0,0.0,23.2,93.93,1.98,TNP_0005,1,2016
2016-06-22 22:00:00+00:00,0.0,0.0,22.89,94.36,1.8,TNP_0005,1,2016
2016-06-22 23:00:00+00:00,0.0,0.0,22.59,93.9,1.94,TNP_0005,1,2016
2016-06-23 00:00:00+00:00,8.27,10.85,22.36,92.02,2.49,TNP_0005,1,2016
2016-06-23 01:00:00+00:00,90.2,143.45,22.7,87.24,3.29,TNP_0005,1,2016
2016-06-23 02:00:00+00:00,103.12,359.52,23.78,80.51,4.2,TNP_0005,1,2016
2016-06-23 03:00:00+00:00,178.27,572.0,26.09,70.75,5.95,TNP_0005,1,2016
2016-06-23 04:00:00+00:00,339.42,748.35,28.65,60.18,7.56,TNP_0005,1,2016
2016-06-23 05:00:00+00:00,344.17,869.95,30.2,52.68,8.05,TNP_0005,1,2016
2016-06-23 06:00:00+00:00,350.35,912.2,31.18,47.37,8.16,TNP_0005,1,2016
2016-06-23 07:00:00+00:00,314.23,906.33,31.7,44.28,7.94,TNP_0005,1,2016
2016-06-23 08:00:00+00:00,253.85,822.03,31.72,43.61,7.43,TNP_0005,1,2016
2016-06-23 09:00:00+00:00,161.48,670.25,31.21,45.21,6.83,TNP_0005,1,2016
2016-06-23 10:00:00+00:00,114.38,466.12,30.04,49.24,6.59,TNP_0005,1,2016
2016-06-23 11:00:00+00:00,89.43,256.65,28.86,54.15,6.32,TNP_0005,1,2016
2016-06-23 12:00:00+00:00,30.02,71.32,27.35,61.39,5.13,TNP_0005,1,2016
2016-06-23 13:00:00+00:00,0.0,0.0,25.89,68.67,4.31,TNP_0005,1,2016
2016-06-23 14:00:00+00:00,0.0,0.0,25.16,70.77,4.44,TNP_0005,1,2016
2016-06-23 15:00:00+00:00,0.0,0.0,24.48,71.62,4.54,TNP_0005,1,2016
2016-06-23 16:00:00+00:00,0.0,0.0,23.71,73.15,4.36,TNP_0005,1,2016
2016-06-23 17:00:00+00:00,0.0,0.0,23.03,74.96,4.29,TNP_0005,1,2016
2016-06-23 18:00:00+00:00,0.0,0.0,22.6,75.97,4.46,TNP_0005,1,2016
2016-06-23 19:00:00+00:00,0.0,0.0,22.34,76.65,4.53,TNP_0005,1,2016
2016-06-23 20:00:00+00:00,0.0,0.0,22.23,76.87,4.36,TNP_0005,1,2016
2016-06-23 21:00:00+00:00,0.0,0.0,22.07,78.16,3.79,TNP_0005,1,2016
2016-06-23 22:00:00+00:00,0.0,0.0,21.93,79.56,3.41,TNP_0005,1,2016
2016-06-23 23:00:00+00:00,0.0,0.0,21.83,81.34,3.01,TNP_0005,1,2016
2016-06-24 00:00:00+00:00,7.0,11.48,21.84,83.43,2.42,TNP_0005,1,2016
2016-06-24 01:00:00+00:00,80.62,157.5,22.97,78.15,3.24,TNP_0005,1,2016
2016-06-24 02:00:00+00:00,209.35,378.25,24.98,71.76,5.18,TNP_0005,1,2016
2016-06-24 03:00:00+00:00,340.23,591.12,27.43,62.48,6.59,TNP_0005,1,2016
2016-06-24 04:00:00+00:00,422.9,765.67,29.67,52.01,7.3,TNP_0005,1,2016
2016-06-24 05:00:00+00:00,465.55,885.97,31.38,43.77,7.5,TNP_0005,1,2016
2016-06-24 06:00:00+00:00,487.52,956.35,32.56,38.85,7.31,TNP_0005,1,2016
2016-06-24 07:00:00+00:00,376.8,939.17,33.32,36.36,6.89,TNP_0005,1,2016
2016-06-24 08:00:00+00:00,395.67,851.88,33.32,36.24,6.46,TNP_0005,1,2016
2016-06-24 09:00:00+00:00,299.5,700.7,32.8,37.7,6.03,TNP_0005,1,2016
2016-06-24 10:00:00+00:00,205.15,501.1,31.88,40.65,5.57,TNP_0005,1,2016
2016-06-24 11:00:00+00:00,125.57,274.5,30.62,45.65,4.67,TNP_0005,1,2016
2016-06-24 12:00:00+00:00,34.67,76.22,28.7,56.16,3.03,TNP_0005,1,2016
2016-06-24 13:00:00+00:00,0.0,0.0,27.07,64.87,2.54,TNP_0005,1,2016
2016-06-24 14:00:00+00:00,0.0,0.0,26.39,67.45,2.51,TNP_0005,1,2016
2016-06-24 15:00:00+00:00,0.0,0.0,25.8,69.02,2.65,TNP_0005,1,2016
2016-06-24 16:00:00+00:00,0.0,0.0,25.28,69.62,2.99,TNP_0005,1,2016
2016-06-24 17:00:00+00:00,0.0,0.0,24.72,70.33,3.28,TNP_0005,1,2016
2016-06-24 18:00:00+00:00,0.0,0.0,24.14,71.18,3.45,TNP_0005,1,2016
2016-06-24 19:00:00+00:00,0.0,0.0,23.57,72.34,3.31,TNP_0005,1,2016
2016-06-24 20:00:00+00:00,0.0,0.0,23.15,73.28,3.05,TNP_0005,1,2016
2016-06-24 21:00:00+00:00,0.0,0.0,22.9,74.76,2.51,TNP_0005,1,2016
2016-06-24 22:00:00+00:00,0.0,0.0,22.63,77.01,2.09,TNP_0005,1,2016
2016-06-24 23:00:00+00:00,0.0,0.0,22.45,78.5,1.91,TNP_0005,1,2016
2016-06-25 00:00:00+00:00,6.4,10.7,22.42,78.9,1.91,TNP_0005,1,2016
2016-06-25 01:00:00+00:00,79.43,153.88,23.92,68.75,3.36,TNP_0005,1,2016
2016-06-25 02:00:00+00:00,211.8,376.95,25.86,59.94,4.96,TNP_0005,1,2016
2016-06-25 03:00:00+00:00,451.52,591.33,28.1,50.99,6.31,TNP_0005,1,2016
2016-06-25 04:00:00+00:00,591.42,767.25,30.41,43.77,7.37,TNP_0005,1,2016
2016-06-25 05:00:00+00:00,684.97,887.42,32.29,39.15,7.93,TNP_0005,1,2016
2016-06-25 06:00:00+00:00,718.8,941.65,33.52,36.42,8.14,TNP_0005,1,2016
2016-06-25 07:00:00+00:00,697.3,924.25,34.08,35.1,8.17,TNP_0005,1,2016
2016-06-25 08:00:00+00:00,508.12,836.95,34.08,34.87,8.11,TNP_0005,1,2016
2016-06-25 09:00:00+00:00,291.6,685.3,33.55,35.89,7.87,TNP_0005,1,2016
2016-06-25 10:00:00+00:00,132.88,485.9,32.32,38.88,7.39,TNP_0005,1,2016
2016-06-25 11:00:00+00:00,97.43,264.88,30.76,43.86,6.43,TNP_0005,1,2016
2016-06-25 12:00:00+00:00,28.1,73.03,28.95,51.36,4.92,TNP_0005,1,2016
2016-06-25 13:00:00+00:00,0.0,0.0,27.2,59.51,3.88,TNP_0005,1,2016
2016-06-25 14:00:00+00:00,0.0,0.0,26.38,63.92,3.49,TNP_0005,1,2016
2016-06-25 15:00:00+00:00,0.0,0.0,25.78,67.7,3.12,TNP_0005,1,2016
2016-06-25 16:00:00+00:00,0.0,0.0,25.36,70.47,3.07,TNP_0005,1,2016
2016-06-25 17:00:00+00:00,0.0,0.0,25.01,72.97,2.99,TNP_0005,1,2016
2016-06-25 18:00:00+00:00,0.0,0.0,24.59,75.91,2.7,TNP_0005,1,2016
2016-06-25 19:00:00+00:00,0.0,0.0,24.16,78.95,2.38,TNP_0005,1,2016
2016-06-25 20:00:00+00:00,0.0,0.0,23.74,81.37,2.23,TNP_0005,1,2016
2016-06-25 21:00:00+00:00,0.0,0.0,23.39,82.85,2.27,TNP_0005,1,2016
2016-06-25 22:00:00+00:00,0.0,0.0,23.06,84.7,2.25,TNP_0005,1,2016
2016-06-25 23:00:00+00:00,0.0,0.0,22.75,86.66,2.23,TNP_0005,1,2016
2016-06-26 00:00:00+00:00,5.57,9.45,22.64,87.74,2.36,TNP_0005,1,2016
2016-06-26 01:00:00+00:00,65.57,129.02,24.12,80.46,3.5,TNP_0005,1,2016
2016-06-26 02:00:00+00:00,179.8,335.48,26.3,69.02,4.63,TNP_0005,1,2016
2016-06-26 03:00:00+00:00,301.92,547.1,28.71,56.99,5.58,TNP_0005,1,2016
2016-06-26 04:00:00+00:00,409.0,725.55,30.89,48.23,6.11,TNP_0005,1,2016
2016-06-26 05:00:00+00:00,555.45,848.88,32.51,43.02,6.17,TNP_0005,1,2016
2016-06-26 06:00:00+00:00,568.95,902.75,33.64,39.87,5.99,TNP_0005,1,2016
2016-06-26 07:00:00+00:00,659.05,875.97,34.34,38.11,5.76,TNP_0005,1,2016
2016-06-26 08:00:00+00:00,664.88,782.88,34.61,37.53,5.63,TNP_0005,1,2016
2016-06-26 09:00:00+00:00,522.25,623.4,34.28,38.52,5.67,TNP_0005,1,2016
2016-06-26 10:00:00+00:00,313.9,431.08,33.58,40.49,5.8,TNP_0005,1,2016
2016-06-26 11:00:00+00:00,166.5,229.27,32.46,44.13,5.41,TNP_0005,1,2016
2016-06-26 12:00:00+00:00,54.97,63.2,30.65,52.63,3.85,TNP_0005,1,2016
2016-06-26 13:00:00+00:00,0.0,0.0,28.57,62.79,3.07,TNP_0005,1,2016
2016-06-26 14:00:00+00:00,0.0,0.0,27.76,66.67,3.27,TNP_0005,1,2016
2016-06-26 15:00:00+00:00,0.0,0.0,27.0,70.6,3.51,TNP_0005,1,2016
2016-06-26 16:00:00+00:00,0.0,0.0,26.28,74.49,3.61,TNP_0005,1,2016
2016-06-26 17:00:00+00:00,0.0,0.0,25.67,77.78,3.35,TNP_0005,1,2016
2016-06-26 18:00:00+00:00,0.0,0.0,25.16,80.13,3.15,TNP_0005,1,2016
2016-06-26 19:00:00+00:00,0.0,0.0,24.72,81.8,3.07,TNP_0005,1,2016
2016-06-26 20:00:00+00:00,0.0,0.0,24.31,83.47,2.89,TNP_0005,1,2016
2016-06-26 21:00:00+00:00,0.0,0.0,23.95,84.9,2.74,TNP_0005,1,2016
2016-06-26 22:00:00+00:00,0.0,0.0,23.64,86.12,2.63,TNP_0005,1,2016
2016-06-26 23:00:00+00:00,0.0,0.0,23.38,87.29,2.49,TNP_0005,1,2016
2016-06-27 00:00:00+00:00,7.38,9.32,23.31,87.58,2.44,TNP_0005,1,2016
2016-06-27 01:00:00+00:00,87.18,128.23,24.57,80.15,3.59,TNP_0005,1,2016
2016-06-27 02:00:00+00:00,229.38,336.75,26.72,69.11,5.23,TNP_0005,1,2016
2016-06-27 03:00:00+00:00,408.75,549.8,29.24,58.67,6.33,TNP_0005,1,2016
2016-06-27 04:00:00+00:00,387.6,727.95,31.64,49.98,6.93,TNP_0005,1,2016
2016-06-27 05:00:00+00:00,421.62,851.3,33.33,44.18,7.54,TNP_0005,1,2016
2016-06-27 06:00:00+00:00,478.45,874.58,34.29,40.31,8.26,TNP_0005,1,2016
2016-06-27 07:00:00+00:00,412.2,864.38,34.58,37.68,8.76,TNP_0005,1,2016
2016-06-27 08:00:00+00:00,399.95,782.65,34.11,36.93,8.97,TNP_0005,1,2016
2016-06-27 09:00:00+00:00,304.9,640.67,32.97,37.82,8.67,TNP_0005,1,2016
2016-06-27 10:00:00+00:00,159.7,451.73,31.92,39.54,7.92,TNP_0005,1,2016
2016-06-27 11:00:00+00:00,89.15,245.23,30.9,42.75,6.68,TNP_0005,1,2016
2016-06-27 12:00:00+00:00,27.38,68.45,29.34,49.79,4.63,TNP_0005,1,2016
2016-06-27 13:00:00+00:00,0.0,0.0,27.46,60.69,3.08,TNP_0005,1,2016
2016-06-27 14:00:00+00:00,0.0,0.0,26.76,65.84,2.85,TNP_0005,1,2016
2016-06-27 15:00:00+00:00,0.0,0.0,26.14,70.17,2.71,TNP_0005,1,2016
2016-06-27 16:00:00+00:00,0.0,0.0,25.54,74.83,2.38,TNP_0005,1,2016
2016-06-27 17:00:00+00:00,0.0,0.0,25.04,78.2,2.57,TNP_0005,1,2016
2016-06-27 18:00:00+00:00,0.0,0.0,24.56,81.33,3.01,TNP_0005,1,2016
2016-06-27 19:00:00+00:00,0.0,0.0,24.11,84.16,3.39,TNP_0005,1,2016
2016-06-27 20:00:00+00:00,0.0,0.0,23.73,86.32,3.71,TNP_0005,1,2016
2016-06-27 21:00:00+00:00,0.0,0.0,23.42,87.81,3.85,TNP_0005,1,2016
2016-06-27 22:00:00+00:00,0.0,0.0,23.21,88.5,3.88,TNP_0005,1,2016
2016-06-27 23:00:00+00:00,0.0,0.0,23.04,88.79,3.8,TNP_0005,1,2016
2016-06-28 00:00:00+00:00,6.8,9.4,23.01,88.58,3.71,TNP_0005,1,2016
2016-06-28 01:00:00+00:00,82.12,131.23,24.16,82.11,4.76,TNP_0005,1,2016
2016-06-28 02:00:00+00:00,169.93,343.15,25.91,72.33,6.15,TNP_0005,1,2016
2016-06-28 03:00:00+00:00,286.42,558.67,27.68,63.53,6.6,TNP_0005,1,2016
2016-06-28 04:00:00+00:00,378.65,739.33,29.12,57.35,6.69,TNP_0005,1,2016
2016-06-28 05:00:00+00:00,418.55,864.38,30.19,53.05,7.1,TNP_0005,1,2016
2016-06-28 06:00:00+00:00,490.7,921.38,31.15,49.42,7.76,TNP_0005,1,2016
2016-06-28 07:00:00+00:00,523.85,908.35,32.02,46.64,8.02,TNP_0005,1,2016
2016-06-28 08:00:00+00:00,364.35,824.2,32.24,45.83,7.94,TNP_0005,1,2016
2016-06-28 09:00:00+00:00,321.1,674.72,31.95,46.6,7.85,TNP_0005,1,2016
2016-06-28 10:00:00+00:00,262.3,475.05,31.39,48.56,7.78,TNP_0005,1,2016
2016-06-28 11:00:00+00:00,137.77,252.85,30.46,52.04,7.3,TNP_0005,1,2016
2016-06-28 12:00:00+00:00,42.88,69.55,29.0,58.33,5.98,TNP_0005,1,2016
2016-06-28 13:00:00+00:00,0.0,0.0,27.45,65.8,4.96,TNP_0005,1,2016
2016-06-28 14:00:00+00:00,0.0,0.0,26.61,70.53,4.91,TNP_0005,1,2016
2016-06-28 15:00:00+00:00,0.0,0.0,25.87,75.64,4.71,TNP_0005,1,2016
2016-06-28 16:00:00+00:00,0.0,0.0,25.14,81.2,3.72,TNP_0005,1,2016
2016-06-28 17:00:00+00:00,0.0,0.0,24.56,85.32,3.0,TNP_0005,1,2016
2016-06-28 18:00:00+00:00,0.0,0.0,24.15,88.07,2.35,TNP_0005,1,2016
2016-06-28 19:00:00+00:00,0.0,0.0,23.93,89.48,2.04,TNP_0005,1,2016
2016-06-28 20:00:00+00:00,0.0,0.0,23.7,90.25,2.18,TNP_0005,1,2016
2016-06-28 21:00:00+00:00,0.0,0.0,23.43,91.36,2.09,TNP_0005,1,2016
2016-06-28 22:00:00+00:00,0.0,0.0,23.17,92.75,1.78,TNP_0005,1,2016
2016-06-28 23:00:00+00:00,0.0,0.0,22.97,93.57,1.7,TNP_0005,1,2016
2016-06-29 00:00:00+00:00,4.65,9.23,22.96,93.68,1.68,TNP_0005,1,2016
2016-06-29 01:00:00+00:00,60.62,134.5,23.83,89.11,2.44,TNP_0005,1,2016
2016-06-29 02:00:00+00:00,170.77,348.35,24.96,82.26,3.74,TNP_0005,1,2016
2016-06-29 03:00:00+00:00,339.62,562.92,26.85,69.76,5.88,TNP_0005,1,2016
2016-06-29 04:00:00+00:00,516.85,740.25,29.11,58.26,7.11,TNP_0005,1,2016
2016-06-29 05:00:00+00:00,520.75,863.33,31.27,50.41,7.95,TNP_0005,1,2016
2016-06-29 06:00:00+00:00,469.38,919.95,32.56,46.24,8.5,TNP_0005,1,2016
2016-06-29 07:00:00+00:00,470.4,905.85,32.97,44.76,8.89,TNP_0005,1,2016
2016-06-29 08:00:00+00:00,377.83,818.95,32.68,45.71,9.02,TNP_0005,1,2016
2016-06-29 09:00:00+00:00,295.85,669.42,31.88,48.64,8.86,TNP_0005,1,2016
2016-06-29 10:00:00+00:00,141.52,480.7,30.86,52.63,8.38,TNP_0005,1,2016
2016-06-29 11:00:00+00:00,68.97,267.67,29.94,56.57,7.66,TNP_0005,1,2016
2016-06-29 12:00:00+00:00,30.08,75.57,28.77,61.75,6.17,TNP_0005,1,2016
2016-06-29 13:00:00+00:00,0.0,0.0,27.44,68.18,4.71,TNP_0005,1,2016
2016-06-29 14:00:00+00:00,0.0,0.0,26.65,72.13,4.12,TNP_0005,1,2016
2016-06-29 15:00:00+00:00,0.0,0.0,26.01,75.18,4.0,TNP_0005,1,2016
2016-06-29 16:00:00+00:00,0.0,0.0,25.47,77.75,4.0,TNP_0005,1,2016
2016-06-29 17:00:00+00:00,0.0,0.0,25.03,79.86,4.21,TNP_0005,1,2016
2016-06-29 18:00:00+00:00,0.0,0.0,24.6,81.68,4.56,TNP_0005,1,2016
2016-06-29 19:00:00+00:00,0.0,0.0,24.16,83.4,4.41,TNP_0005,1,2016
2016-06-29 20:00:00+00:00,0.0,0.0,23.79,84.63,3.95,TNP_0005,1,2016
2016-06-29 21:00:00+00:00,0.0,0.0,23.53,85.39,3.64,TNP_0005,1,2016
2016-06-29 22:00:00+00:00,0.0,0.0,23.4,85.58,3.41,TNP_0005,1,2016
2016-06-29 23:00:00+00:00,0.0,0.0,23.29,86.11,3.18,TNP_0005,1,2016
2016-06-30 00:00:00+00:00,6.72,9.02,23.34,86.14,3.17,TNP_0005,1,2016
2016-06-30 01:00:00+00:00,86.3,130.15,24.5,81.14,4.1,TNP_0005,1,2016
2016-06-30 02:00:00+00:00,230.95,339.27,26.06,73.21,5.58,TNP_0005,1,2016
2016-06-30 03:00:00+00:00,407.88,552.7,28.01,63.52,7.43,TNP_0005,1,2016
2016-06-30 04:00:00+00:00,594.42,727.78,30.04,54.96,8.74,TNP_0005,1,2016
2016-06-30 05:00:00+00:00,610.78,854.05,31.76,47.47,9.62,TNP_0005,1,2016
2016-06-30 06:00:00+00:00,634.8,922.65,33.11,41.51,10.08,TNP_0005,1,2016
2016-06-30 07:00:00+00:00,713.42,907.5,33.85,38.58,9.98,TNP_0005,1,2016
2016-06-30 08:00:00+00:00,544.6,827.42,33.87,37.93,9.53,TNP_0005,1,2016
2016-06-30 09:00:00+00:00,525.78,682.75,33.59,38.43,9.08,TNP_0005,1,2016
2016-06-30 10:00:00+00:00,295.33,484.95,32.94,40.07,8.45,TNP_0005,1,2016
2016-06-30 11:00:00+00:00,170.48,269.5,31.94,43.02,7.57,TNP_0005,1,2016
2016-06-30 12:00:00+00:00,53.72,75.93,30.48,48.11,6.39,TNP_0005,1,2016
2016-06-30 13:00:00+00:00,0.0,0.0,28.49,56.24,5.19,TNP_0005,1,2016
2016-06-30 14:00:00+00:00,0.0,0.0,27.48,61.22,5.06,TNP_0005,1,2016
2016-06-30 15:00:00+00:00,0.0,0.0,26.48,66.81,4.61,TNP_0005,1,2016
2016-06-30 16:00:00+00:00,0.0,0.0,25.64,72.13,4.15,TNP_0005,1,2016
2016-06-30 17:00:00+00:00,0.0,0.0,25.05,76.34,4.01,TNP_0005,1,2016
2016-06-30 18:00:00+00:00,0.0,0.0,24.66,78.89,4.34,TNP_0005,1,2016
2016-06-30 19:00:00+00:00,0.0,0.0,24.36,80.76,4.66,TNP_0005,1,2016
2016-06-30 20:00:00+00:00,0.0,0.0,24.11,81.91,4.72,TNP_0005,1,2016
2016-06-30 21:00:00+00:00,0.0,0.0,23.88,82.65,4.44,TNP_0005,1,2016
2016-06-30 22:00:00+00:00,0.0,0.0,23.66,83.28,3.87,TNP_0005,1,2016
2016-06-30 23:00:00+00:00,0.0,0.0,23.54,83.45,3.49,TNP_0005,1,2016
2016-07-01 00:00:00+00:00,8.68,9.32,23.74,82.34,3.5,TNP_0005,1,2016
2016-07-01 01:00:00+00:00,116.32,138.85,25.51,73.96,4.78,TNP_0005,1,2016
2016-07-01 02:00:00+00:00,288.4,354.58,27.63,63.99,6.53,TNP_0005,1,2016
2016-07-01 03:00:00+00:00,494.67,571.85,29.55,55.33,7.85,TNP_0005,1,2016
2016-07-01 04:00:00+00:00,652.4,752.5,31.44,48.21,8.83,TNP_0005,1,2016
2016-07-01 05:00:00+00:00,714.62,878.9,33.24,42.38,9.5,TNP_0005,1,2016
2016-07-01 06:00:00+00:00,791.95,922.0,34.68,38.35,9.88,TNP_0005,1,2016
2016-07-01 07:00:00+00:00,687.9,910.2,35.61,36.03,10.25,TNP_0005,1,2016
2016-07-01 08:00:00+00:00,579.25,828.22,35.72,35.31,10.57,TNP_0005,1,2016
2016-07-01 09:00:00+00:00,492.2,678.12,35.1,36.14,10.51,TNP_0005,1,2016
2016-07-01 10:00:00+00:00,349.2,486.23,34.11,37.87,10.04,TNP_0005,1,2016
2016-07-01 11:00:00+00:00,176.95,268.6,32.73,40.85,9.2,TNP_0005,1,2016
2016-07-01 12:00:00+00:00,49.33,75.93,30.99,45.29,7.7,TNP_0005,1,2016
2016-07-01 13:00:00+00:00,0.0,0.0,28.92,52.29,5.68,TNP_0005,1,2016
2016-07-01 14:00:00+00:00,0.0,0.0,27.63,58.08,4.73,TNP_0005,1,2016
2016-07-01 15:00:00+00:00,0.0,0.0,26.62,63.71,4.23,TNP_0005,1,2016
2016-07-01 16:00:00+00:00,0.0,0.0,25.88,68.71,4.08,TNP_0005,1,2016
2016-07-01 17:00:00+00:00,0.0,0.0,25.35,72.45,4.41,TNP_0005,1,2016
2016-07-01 18:00:00+00:00,0.0,0.0,25.03,74.72,5.05,TNP_0005,1,2016
2016-07-01 19:00:00+00:00,0.0,0.0,24.83,75.88,5.55,TNP_0005,1,2016
2016-07-01 20:00:00+00:00,0.0,0.0,24.7,76.27,5.79,TNP_0005,1,2016
2016-07-01 21:00:00+00:00,0.0,0.0,24.62,75.86,5.92,TNP_0005,1,2016
2016-07-01 22:00:00+00:00,0.0,0.0,24.55,74.78,5.94,TNP_0005,1,2016
2016-07-01 23:00:00+00:00,0.0,0.0,24.4,73.95,5.7,TNP_0005,1,2016
2016-07-02 00:00:00+00:00,6.72,9.0,24.27,73.37,5.31,TNP_0005,1,2016
2016-07-02 01:00:00+00:00,112.82,134.25,25.4,67.71,5.81,TNP_0005,1,2016
2016-07-02 02:00:00+00:00,300.58,346.25,27.37,58.06,7.28,TNP_0005,1,2016
2016-07-02 03:00:00+00:00,543.25,563.55,29.53,48.93,8.23,TNP_0005,1,2016
2016-07-02 04:00:00+00:00,668.15,746.3,31.66,41.97,8.67,TNP_0005,1,2016
2016-07-02 05:00:00+00:00,742.1,875.92,33.57,36.9,8.89,TNP_0005,1,2016
2016-07-02 06:00:00+00:00,843.53,906.0,35.06,33.42,9.11,TNP_0005,1,2016
2016-07-02 07:00:00+00:00,800.42,895.62,35.85,31.83,9.33,TNP_0005,1,2016
2016-07-02 08:00:00+00:00,710.12,815.55,35.91,32.27,9.49,TNP_0005,1,2016
2016-07-02 09:00:00+00:00,603.88,664.88,35.17,34.86,9.37,TNP_0005,1,2016
2016-07-02 10:00:00+00:00,364.65,470.62,33.92,38.67,8.86,TNP_0005,1,2016
2016-07-02 11:00:00+00:00,201.82,259.45,32.69,42.57,8.08,TNP_0005,1,2016
2016-07-02 12:00:00+00:00,59.33,72.88,31.12,47.9,6.67,TNP_0005,1,2016
2016-07-02 13:00:00+00:00,0.0,0.0,29.21,56.12,5.09,TNP_0005,1,2016
2016-07-02 14:00:00+00:00,0.0,0.0,28.25,61.07,4.62,TNP_0005,1,2016
2016-07-02 15:00:00+00:00,0.0,0.0,27.42,65.42,4.5,TNP_0005,1,2016
2016-07-02 16:00:00+00:00,0.0,0.0,26.67,69.36,4.6,TNP_0005,1,2016
2016-07-02 17:00:00+00:00,0.0,0.0,26.01,72.79,4.48,TNP_0005,1,2016
2016-07-02 18:00:00+00:00,0.0,0.0,25.51,75.07,4.52,TNP_0005,1,2016
2016-07-02 19:00:00+00:00,0.0,0.0,25.12,76.53,4.58,TNP_0005,1,2016
2016-07-02 20:00:00+00:00,0.0,0.0,24.77,77.8,4.49,TNP_0005,1,2016
2016-07-02 21:00:00+00:00,0.0,0.0,24.5,78.7,4.11,TNP_0005,1,2016
2016-07-02 22:00:00+00:00,0.0,0.0,24.22,79.74,3.8,TNP_0005,1,2016
2016-07-02 23:00:00+00:00,0.0,0.0,23.99,80.52,3.63,TNP_0005,1,2016
2016-07-03 00:00:00+00:00,9.02,8.98,23.99,80.25,3.77,TNP_0005,1,2016
2016-07-03 01:00:00+00:00,126.6,134.25,25.5,72.4,5.09,TNP_0005,1,2016
2016-07-03 02:00:00+00:00,321.92,346.77,27.69,61.95,6.59,TNP_0005,1,2016
2016-07-03 03:00:00+00:00,542.22,564.1,29.87,53.26,7.67,TNP_0005,1,2016
2016-07-03 04:00:00+00:00,735.15,746.65,31.99,46.7,8.56,TNP_0005,1,2016
2016-07-03 05:00:00+00:00,847.7,872.9,33.75,41.71,9.0,TNP_0005,1,2016
2016-07-03 06:00:00+00:00,900.83,932.53,35.42,37.34,8.91,TNP_0005,1,2016
2016-07-03 07:00:00+00:00,755.78,921.97,36.52,34.48,8.56,TNP_0005,1,2016
2016-07-03 08:00:00+00:00,708.8,841.53,36.96,33.26,8.33,TNP_0005,1,2016
2016-07-03 09:00:00+00:00,540.4,697.1,36.76,33.43,8.09,TNP_0005,1,2016
2016-07-03 10:00:00+00:00,359.0,500.08,35.78,35.53,7.64,TNP_0005,1,2016
2016-07-03 11:00:00+00:00,213.55,280.45,34.13,39.72,6.95,TNP_0005,1,2016
2016-07-03 12:00:00+00:00,61.2,80.2,32.18,45.96,5.64,TNP_0005,1,2016
2016-07-03 13:00:00+00:00,0.0,0.0,30.26,53.71,4.33,TNP_0005,1,2016
2016-07-03 14:00:00+00:00,0.0,0.0,29.25,57.98,3.97,TNP_0005,1,2016
2016-07-03 15:00:00+00:00,0.0,0.0,28.38,61.28,3.87,TNP_0005,1,2016
2016-07-03 16:00:00+00:00,0.0,0.0,27.52,64.18,4.06,TNP_0005,1,2016
2016-07-03 17:00:00+00:00,0.0,0.0,26.75,66.44,4.54,TNP_0005,1,2016
2016-07-03 18:00:00+00:00,0.0,0.0,26.08,68.3,4.92,TNP_0005,1,2016
2016-07-03 19:00:00+00:00,0.0,0.0,25.47,69.85,4.94,TNP_0005,1,2016
2016-07-03 20:00:00+00:00,0.0,0.0,24.96,71.08,4.56,TNP_0005,1,2016
2016-07-03 21:00:00+00:00,0.0,0.0,24.49,72.5,3.75,TNP_0005,1,2016
2016-07-03 22:00:00+00:00,0.0,0.0,24.04,74.18,3.31,TNP_0005,1,2016
2016-07-03 23:00:00+00:00,0.0,0.0,23.75,75.24,3.23,TNP_0005,1,2016
2016-07-04 00:00:00+00:00,8.8,9.4,23.67,75.86,3.13,TNP_0005,1,2016
2016-07-04 01:00:00+00:00,136.1,147.35,25.25,68.88,4.66,TNP_0005,1,2016
2016-07-04 02:00:00+00:00,344.65,368.15,27.49,60.81,6.12,TNP_0005,1,2016
2016-07-04 03:00:00+00:00,568.28,585.15,29.85,53.12,6.61,TNP_0005,1,2016
2016-07-04 04:00:00+00:00,746.0,764.9,32.16,46.62,6.8,TNP_0005,1,2016
2016-07-04 05:00:00+00:00,804.8,889.25,33.98,41.62,6.86,TNP_0005,1,2016
2016-07-04 06:00:00+00:00,822.08,911.85,34.99,38.82,6.86,TNP_0005,1,2016
2016-07-04 07:00:00+00:00,722.33,901.75,35.72,37.06,6.98,TNP_0005,1,2016
2016-07-04 08:00:00+00:00,641.65,823.5,35.45,37.55,7.19,TNP_0005,1,2016
2016-07-04 09:00:00+00:00,515.28,681.08,34.48,39.66,7.19,TNP_0005,1,2016
2016-07-04 10:00:00+00:00,373.95,485.65,33.5,42.06,6.86,TNP_0005,1,2016
2016-07-04 11:00:00+00:00,194.43,268.4,32.57,44.43,6.35,TNP_0005,1,2016
2016-07-04 12:00:00+00:00,58.15,77.2,31.09,49.67,5.2,TNP_0005,1,2016
2016-07-04 13:00:00+00:00,0.0,0.0,29.26,57.52,4.24,TNP_0005,1,2016
2016-07-04 14:00:00+00:00,0.0,0.0,28.13,62.5,3.99,TNP_0005,1,2016
2016-07-04 15:00:00+00:00,0.0,0.0,27.16,66.89,4.15,TNP_0005,1,2016
2016-07-04 16:00:00+00:00,0.0,0.0,26.3,71.52,4.23,TNP_0005,1,2016
2016-07-04 17:00:00+00:00,0.0,0.0,25.59,75.77,4.09,TNP_0005,1,2016
2016-07-04 18:00:00+00:00,0.0,0.0,25.05,79.16,3.9,TNP_0005,1,2016
2016-07-04 19:00:00+00:00,0.0,0.0,24.67,81.7,3.73,TNP_0005,1,2016
2016-07-04 20:00:00+00:00,0.0,0.0,24.37,83.72,3.67,TNP_0005,1,2016
2016-07-04 21:00:00+00:00,0.0,0.0,24.16,85.23,3.26,TNP_0005,1,2016
2016-07-04 22:00:00+00:00,0.0,0.0,24.0,86.7,2.67,TNP_0005,1,2016
2016-07-04 23:00:00+00:00,0.0,0.0,23.89,87.79,2.31,TNP_0005,1,2016
2016-07-05 00:00:00+00:00,7.15,8.98,23.87,88.28,2.1,TNP_0005,1,2016
2016-07-05 01:00:00+00:00,98.78,143.3,24.74,83.51,2.63,TNP_0005,1,2016
2016-07-05 02:00:00+00:00,272.4,362.67,26.51,74.71,3.91,TNP_0005,1,2016
2016-07-05 03:00:00+00:00,503.62,577.03,28.32,65.05,4.76,TNP_0005,1,2016
2016-07-05 04:00:00+00:00,692.58,755.42,29.88,56.92,5.25,TNP_0005,1,2016
2016-07-05 05:00:00+00:00,813.75,880.92,31.73,48.86,5.53,TNP_0005,1,2016
2016-07-05 06:00:00+00:00,766.1,932.95,33.39,42.58,5.53,TNP_0005,1,2016
2016-07-05 07:00:00+00:00,763.65,922.53,34.48,38.76,5.53,TNP_0005,1,2016
2016-07-05 08:00:00+00:00,604.65,841.42,34.97,37.05,5.71,TNP_0005,1,2016
2016-07-05 09:00:00+00:00,494.0,695.78,34.97,36.76,5.95,TNP_0005,1,2016
2016-07-05 10:00:00+00:00,306.45,502.42,34.29,38.44,6.13,TNP_0005,1,2016
2016-07-05 11:00:00+00:00,167.45,282.12,33.17,42.15,6.08,TNP_0005,1,2016
2016-07-05 12:00:00+00:00,52.05,81.28,31.32,49.97,5.26,TNP_0005,1,2016
2016-07-05 13:00:00+00:00,0.0,0.0,29.45,58.73,4.44,TNP_0005,1,2016
2016-07-05 14:00:00+00:00,0.0,0.0,28.53,64.33,3.95,TNP_0005,1,2016
2016-07-05 15:00:00+00:00,0.0,0.0,27.8,69.09,3.98,TNP_0005,1,2016
2016-07-05 16:00:00+00:00,0.0,0.0,27.14,73.06,4.26,TNP_0005,1,2016
2016-07-05 17:00:00+00:00,0.0,0.0,26.57,76.38,4.25,TNP_0005,1,2016
2016-07-05 18:00:00+00:00,0.0,0.0,26.09,78.72,4.14,TNP_0005,1,2016
2016-07-05 19:00:00+00:00,0.0,0.0,25.67,80.6,3.92,TNP_0005,1,2016
2016-07-05 20:00:00+00:00,0.0,0.0,25.26,82.38,3.61,TNP_0005,1,2016
2016-07-05 21:00:00+00:00,0.0,0.0,24.86,84.47,2.78,TNP_0005,1,2016
2016-07-05 22:00:00+00:00,0.0,0.0,24.42,87.01,1.99,TNP_0005,1,2016
2016-07-05 23:00:00+00:00,0.0,0.0,24.06,89.09,1.65,TNP_0005,1,2016
2016-07-06 00:00:00+00:00,8.07,8.32,23.99,89.98,1.84,TNP_0005,1,2016
2016-07-06 01:00:00+00:00,107.5,130.75,25.4,82.52,3.13,TNP_0005,1,2016
2016-07-06 02:00:00+00:00,263.58,337.52,27.54,71.08,4.31,TNP_0005,1,2016
2016-07-06 03:00:00+00:00,477.52,548.65,29.47,61.59,5.14,TNP_0005,1,2016
2016-07-06 04:00:00+00:00,620.58,723.78,31.0,54.92,5.75,TNP_0005,1,2016
2016-07-06 05:00:00+00:00,665.08,852.17,32.39,49.59,6.21,TNP_0005,1,2016
2016-07-06 06:00:00+00:00,668.6,924.35,33.2,46.35,6.51,TNP_0005,1,2016
2016-07-06 07:00:00+00:00,579.8,905.3,33.55,44.73,6.69,TNP_0005,1,2016
2016-07-06 08:00:00+00:00,533.35,814.8,33.36,45.07,6.74,TNP_0005,1,2016
2016-07-06 09:00:00+00:00,403.27,667.62,32.62,47.37,6.53,TNP_0005,1,2016
2016-07-06 10:00:00+00:00,233.18,471.55,31.94,49.77,6.24,TNP_0005,1,2016
2016-07-06 11:00:00+00:00,136.8,255.9,31.22,52.5,5.62,TNP_0005,1,2016
2016-07-06 12:00:00+00:00,42.45,71.6,30.04,58.39,4.2,TNP_0005,1,2016
2016-07-06 13:00:00+00:00,0.0,0.0,28.65,65.3,3.14,TNP_0005,1,2016
2016-07-06 14:00:00+00:00,0.0,0.0,28.04,68.74,2.91,TNP_0005,1,2016
2016-07-06 15:00:00+00:00,0.0,0.0,27.57,71.5,3.36,TNP_0005,1,2016
2016-07-06 16:00:00+00:00,0.0,0.0,27.04,74.31,3.72,TNP_0005,1,2016
2016-07-06 17:00:00+00:00,0.0,0.0,26.39,78.0,3.58,TNP_0005,1,2016
2016-07-06 18:00:00+00:00,0.0,0.0,25.76,81.61,3.43,TNP_0005,1,2016
2016-07-06 19:00:00+00:00,0.0,0.0,25.29,83.96,3.36,TNP_0005,1,2016
2016-07-06 20:00:00+00:00,0.0,0.0,24.94,85.43,3.43,TNP_0005,1,2016
2016-07-06 21:00:00+00:00,0.0,0.0,24.62,86.75,3.1,TNP_0005,1,2016
2016-07-06 22:00:00+00:00,0.0,0.0,24.34,87.85,2.79,TNP_0005,1,2016
2016-07-06 23:00:00+00:00,0.0,0.0,24.03,88.95,2.51,TNP_0005,1,2016
2016-07-07 00:00:00+00:00,5.4,7.68,23.87,89.44,2.3,TNP_0005,1,2016
2016-07-07 01:00:00+00:00,72.05,120.93,25.27,80.77,3.32,TNP_0005,1,2016
2016-07-07 02:00:00+00:00,194.48,326.38,27.54,67.43,4.73,TNP_0005,1,2016
2016-07-07 03:00:00+00:00,355.7,539.22,30.2,54.67,5.95,TNP_0005,1,2016
2016-07-07 04:00:00+00:00,464.77,720.47,32.29,46.83,6.68,TNP_0005,1,2016
2016-07-07 05:00:00+00:00,561.83,847.92,33.31,43.09,7.32,TNP_0005,1,2016
2016-07-07 06:00:00+00:00,657.53,943.72,33.73,41.15,7.76,TNP_0005,1,2016
2016-07-07 07:00:00+00:00,660.55,926.17,33.61,40.16,8.15,TNP_0005,1,2016
2016-07-07 08:00:00+00:00,576.95,840.22,33.27,38.95,8.53,TNP_0005,1,2016
2016-07-07 09:00:00+00:00,433.3,692.38,32.75,38.08,8.71,TNP_0005,1,2016
2016-07-07 10:00:00+00:00,242.1,496.17,31.95,38.51,8.5,TNP_0005,1,2016
2016-07-07 11:00:00+00:00,124.85,274.83,30.85,40.63,7.58,TNP_0005,1,2016
2016-07-07 12:00:00+00:00,31.58,77.88,29.26,45.64,5.67,TNP_0005,1,2016
2016-07-07 13:00:00+00:00,0.0,0.0,27.46,53.36,4.03,TNP_0005,1,2016
2016-07-07 14:00:00+00:00,0.0,0.0,26.58,57.44,3.49,TNP_0005,1,2016
2016-07-07 15:00:00+00:00,0.0,0.0,25.84,61.17,3.28,TNP_0005,1,2016
2016-07-07 16:00:00+00:00,0.0,0.0,25.18,64.6,3.49,TNP_0005,1,2016
2016-07-07 17:00:00+00:00,0.0,0.0,24.61,68.67,3.42,TNP_0005,1,2016
2016-07-07 18:00:00+00:00,0.0,0.0,24.23,71.93,3.52,TNP_0005,1,2016
2016-07-07 19:00:00+00:00,0.0,0.0,24.0,74.2,3.88,TNP_0005,1,2016
2016-07-07 20:00:00+00:00,0.0,0.0,23.79,76.94,4.09,TNP_0005,1,2016
2016-07-07 21:00:00+00:00,0.0,0.0,23.56,80.25,3.62,TNP_0005,1,2016
2016-07-07 22:00:00+00:00,0.0,0.0,23.42,82.67,3.41,TNP_0005,1,2016
2016-07-07 23:00:00+00:00,0.0,0.0,23.25,84.33,3.37,TNP_0005,1,2016
2016-07-08 00:00:00+00:00,7.3,7.53,23.19,84.77,3.43,TNP_0005,1,2016
2016-07-08 01:00:00+00:00,111.78,119.32,24.7,76.62,4.73,TNP_0005,1,2016
2016-07-08 02:00:00+00:00,286.73,317.02,27.38,64.63,6.47,TNP_0005,1,2016
2016-07-08 03:00:00+00:00,512.65,527.3,29.97,54.84,7.47,TNP_0005,1,2016
2016-07-08 04:00:00+00:00,670.7,709.78,31.85,47.66,8.27,TNP_0005,1,2016
2016-07-08 05:00:00+00:00,692.62,831.42,33.12,43.01,8.78,TNP_0005,1,2016
2016-07-08 06:00:00+00:00,645.15,905.83,33.86,40.68,9.01,TNP_0005,1,2016
2016-07-08 07:00:00+00:00,530.08,895.53,34.07,40.09,9.15,TNP_0005,1,2016
2016-07-08 08:00:00+00:00,499.2,811.55,33.81,41.04,9.08,TNP_0005,1,2016
2016-07-08 09:00:00+00:00,429.92,662.38,33.11,43.39,8.95,TNP_0005,1,2016
2016-07-08 10:00:00+00:00,318.15,465.05,31.95,47.19,8.74,TNP_0005,1,2016
2016-07-08 11:00:00+00:00,162.23,248.57,30.72,51.4,8.31,TNP_0005,1,2016
2016-07-08 12:00:00+00:00,47.62,69.07,29.42,56.32,7.24,TNP_0005,1,2016
2016-07-08 13:00:00+00:00,0.0,0.0,27.85,63.62,5.74,TNP_0005,1,2016
2016-07-08 14:00:00+00:00,0.0,0.0,26.86,69.0,5.34,TNP_0005,1,2016
2016-07-08 15:00:00+00:00,0.0,0.0,26.11,72.77,5.26,TNP_0005,1,2016
2016-07-08 16:00:00+00:00,0.0,0.0,25.51,75.33,5.17,TNP_0005,1,2016
2016-07-08 17:00:00+00:00,0.0,0.0,25.01,77.14,5.07,TNP_0005,1,2016
2016-07-08 18:00:00+00:00,0.0,0.0,24.6,78.28,4.87,TNP_0005,1,2016
2016-07-08 19:00:00+00:00,0.0,0.0,24.29,78.85,4.77,TNP_0005,1,2016
2016-07-08 20:00:00+00:00,0.0,0.0,24.03,79.51,4.47,TNP_0005,1,2016
2016-07-08 21:00:00+00:00,0.0,0.0,23.81,80.77,3.96,TNP_0005,1,2016
2016-07-08 22:00:00+00:00,0.0,0.0,23.69,82.17,3.69,TNP_0005,1,2016
2016-07-08 23:00:00+00:00,0.0,0.0,23.55,83.96,3.46,TNP_0005,1,2016
2016-07-09 00:00:00+00:00,5.38,6.43,23.57,84.9,3.44,TNP_0005,1,2016
2016-07-09 01:00:00+00:00,80.97,92.0,25.02,78.0,4.66,TNP_0005,1,2016
2016-07-09 02:00:00+00:00,224.77,246.93,27.5,66.79,6.73,TNP_0005,1,2016
2016-07-09 03:00:00+00:00,395.12,413.92,30.1,55.16,8.64,TNP_0005,1,2016
2016-07-09 04:00:00+00:00,546.85,579.35,32.03,46.16,10.14,TNP_0005,1,2016
2016-07-09 05:00:00+00:00,611.5,697.78,33.4,40.42,11.13,TNP_0005,1,2016
2016-07-09 06:00:00+00:00,824.7,923.33,34.11,37.7,11.71,TNP_0005,1,2016
2016-07-09 07:00:00+00:00,847.5,914.75,34.31,37.13,11.86,TNP_0005,1,2016
2016-07-09 08:00:00+00:00,778.4,838.53,34.1,37.77,11.64,TNP_0005,1,2016
2016-07-09 09:00:00+00:00,640.05,700.72,33.47,39.38,11.03,TNP_0005,1,2016
2016-07-09 10:00:00+00:00,360.35,507.45,32.65,41.94,10.26,TNP_0005,1,2016
2016-07-09 11:00:00+00:00,210.82,286.98,31.53,45.69,9.41,TNP_0005,1,2016
2016-07-09 12:00:00+00:00,67.53,84.78,30.1,50.97,8.12,TNP_0005,1,2016
2016-07-09 13:00:00+00:00,0.0,0.0,28.52,58.2,6.17,TNP_0005,1,2016
2016-07-09 14:00:00+00:00,0.0,0.0,27.54,64.44,5.11,TNP_0005,1,2016
2016-07-09 15:00:00+00:00,0.0,0.0,26.79,69.74,4.4,TNP_0005,1,2016
2016-07-09 16:00:00+00:00,0.0,0.0,26.17,74.17,3.77,TNP_0005,1,2016
2016-07-09 17:00:00+00:00,0.0,0.0,25.67,77.61,3.3,TNP_0005,1,2016
2016-07-09 18:00:00+00:00,0.0,0.0,25.23,80.05,3.19,TNP_0005,1,2016
2016-07-09 19:00:00+00:00,0.0,0.0,24.84,82.01,3.22,TNP_0005,1,2016
2016-07-09 20:00:00+00:00,0.0,0.0,24.52,83.53,3.27,TNP_0005,1,2016
2016-07-09 21:00:00+00:00,0.0,0.0,24.23,84.96,3.21,TNP_0005,1,2016
2016-07-09 22:00:00+00:00,0.0,0.0,23.99,85.98,3.13,TNP_0005,1,2016
2016-07-09 23:00:00+00:00,0.0,0.0,23.82,86.6,3.14,TNP_0005,1,2016
2016-07-10 00:00:00+00:00,6.4,7.12,23.89,86.07,3.18,TNP_0005,1,2016
2016-07-10 01:00:00+00:00,79.93,110.47,25.81,76.35,4.74,TNP_0005,1,2016
2016-07-10 02:00:00+00:00,207.98,304.27,28.34,63.63,7.17,TNP_0005,1,2016
2016-07-10 03:00:00+00:00,348.23,512.2,30.47,53.79,8.7,TNP_0005,1,2016
2016-07-10 04:00:00+00:00,552.58,693.05,32.23,46.43,9.8,TNP_0005,1,2016
2016-07-10 05:00:00+00:00,698.25,821.55,33.5,41.54,10.45,TNP_0005,1,2016
2016-07-10 06:00:00+00:00,741.1,896.53,34.35,38.9,10.71,TNP_0005,1,2016
2016-07-10 07:00:00+00:00,694.75,879.12,34.41,38.51,10.74,TNP_0005,1,2016
2016-07-10 08:00:00+00:00,576.15,794.3,34.23,38.83,10.72,TNP_0005,1,2016
2016-07-10 09:00:00+00:00,472.23,647.35,33.82,39.78,10.54,TNP_0005,1,2016
2016-07-10 10:00:00+00:00,293.95,454.92,33.16,41.27,10.09,TNP_0005,1,2016
2016-07-10 11:00:00+00:00,156.32,244.85,32.25,43.58,9.42,TNP_0005,1,2016
2016-07-10 12:00:00+00:00,45.0,69.12,30.84,48.0,8.19,TNP_0005,1,2016
2016-07-10 13:00:00+00:00,0.0,0.0,29.16,54.68,6.8,TNP_0005,1,2016
2016-07-10 14:00:00+00:00,0.0,0.0,28.12,60.38,5.99,TNP_0005,1,2016
2016-07-10 15:00:00+00:00,0.0,0.0,27.26,65.45,5.31,TNP_0005,1,2016
2016-07-10 16:00:00+00:00,0.0,0.0,26.58,69.39,4.82,TNP_0005,1,2016
2016-07-10 17:00:00+00:00,0.0,0.0,26.04,72.42,4.28,TNP_0005,1,2016
2016-07-10 18:00:00+00:00,0.0,0.0,25.5,75.31,3.76,TNP_0005,1,2016
2016-07-10 19:00:00+00:00,0.0,0.0,25.1,77.46,3.82,TNP_0005,1,2016
2016-07-10 20:00:00+00:00,0.0,0.0,24.81,78.89,4.14,TNP_0005,1,2016
2016-07-10 21:00:00+00:00,0.0,0.0,24.55,80.22,3.91,TNP_0005,1,2016
2016-07-10 22:00:00+00:00,0.0,0.0,24.25,81.77,3.51,TNP_0005,1,2016
2016-07-10 23:00:00+00:00,0.0,0.0,24.0,82.83,3.34,TNP_0005,1,2016
2016-07-11 00:00:00+00:00,5.03,7.15,23.97,82.81,3.44,TNP_0005,1,2016
2016-07-11 01:00:00+00:00,78.0,116.53,25.6,74.66,4.87,TNP_0005,1,2016
2016-07-11 02:00:00+00:00,216.45,319.95,27.9,64.27,6.52,TNP_0005,1,2016
2016-07-11 03:00:00+00:00,473.23,534.05,30.21,54.9,7.74,TNP_0005,1,2016
2016-07-11 04:00:00+00:00,656.92,713.17,32.09,47.61,8.7,TNP_0005,1,2016
2016-07-11 05:00:00+00:00,731.88,845.35,33.52,42.3,9.34,TNP_0005,1,2016
2016-07-11 06:00:00+00:00,693.25,895.55,34.61,38.44,9.76,TNP_0005,1,2016
2016-07-11 07:00:00+00:00,615.45,885.9,35.17,36.34,10.06,TNP_0005,1,2016
2016-07-11 08:00:00+00:00,569.62,804.05,35.14,36.09,10.24,TNP_0005,1,2016
2016-07-11 09:00:00+00:00,434.92,653.33,34.57,37.4,10.25,TNP_0005,1,2016
2016-07-11 10:00:00+00:00,283.73,466.2,33.58,39.58,10.09,TNP_0005,1,2016
2016-07-11 11:00:00+00:00,158.73,255.32,32.32,42.43,9.52,TNP_0005,1,2016
2016-07-11 12:00:00+00:00,46.15,71.85,30.8,46.45,8.28,TNP_0005,1,2016
2016-07-11 13:00:00+00:00,0.0,0.0,29.19,52.1,6.51,TNP_0005,1,2016
2016-07-11 14:00:00+00:00,0.0,0.0,28.17,57.13,5.52,TNP_0005,1,2016
2016-07-11 15:00:00+00:00,0.0,0.0,27.36,61.75,5.13,TNP_0005,1,2016
2016-07-11 16:00:00+00:00,0.0,0.0,26.61,66.27,4.67,TNP_0005,1,2016
2016-07-11 17:00:00+00:00,0.0,0.0,25.98,70.07,4.38,TNP_0005,1,2016
2016-07-11 18:00:00+00:00,0.0,0.0,25.49,72.7,4.3,TNP_0005,1,2016
2016-07-11 19:00:00+00:00,0.0,0.0,25.13,74.4,4.42,TNP_0005,1,2016
2016-07-11 20:00:00+00:00,0.0,0.0,24.82,75.78,4.42,TNP_0005,1,2016
2016-07-11 21:00:00+00:00,0.0,0.0,24.58,76.85,4.1,TNP_0005,1,2016
2016-07-11 22:00:00+00:00,0.0,0.0,24.33,77.87,3.6,TNP_0005,1,2016
2016-07-11 23:00:00+00:00,0.0,0.0,24.1,78.95,3.26,TNP_0005,1,2016
2016-07-12 00:00:00+00:00,4.72,6.57,24.05,79.23,3.39,TNP_0005,1,2016
2016-07-12 01:00:00+00:00,74.57,106.78,25.62,71.65,5.04,TNP_0005,1,2016
2016-07-12 02:00:00+00:00,206.25,301.83,27.51,62.59,6.68,TNP_0005,1,2016
2016-07-12 03:00:00+00:00,346.88,500.85,29.37,54.24,7.71,TNP_0005,1,2016
2016-07-12 04:00:00+00:00,612.0,687.05,31.41,46.39,8.29,TNP_0005,1,2016
2016-07-12 05:00:00+00:00,691.0,818.15,33.2,40.44,8.39,TNP_0005,1,2016
2016-07-12 06:00:00+00:00,755.65,921.75,33.94,37.93,8.18,TNP_0005,1,2016
2016-07-12 07:00:00+00:00,782.1,900.67,34.55,36.3,7.96,TNP_0005,1,2016
2016-07-12 08:00:00+00:00,674.1,820.3,34.88,35.5,7.8,TNP_0005,1,2016
2016-07-12 09:00:00+00:00,545.28,675.58,34.75,35.82,7.72,TNP_0005,1,2016
2016-07-12 10:00:00+00:00,381.75,481.38,33.74,38.27,7.74,TNP_0005,1,2016
2016-07-12 11:00:00+00:00,191.95,261.52,32.49,41.75,7.52,TNP_0005,1,2016
2016-07-12 12:00:00+00:00,60.78,74.9,31.07,46.34,6.52,TNP_0005,1,2016
2016-07-12 13:00:00+00:00,0.0,0.0,29.25,54.01,4.84,TNP_0005,1,2016
2016-07-12 14:00:00+00:00,0.0,0.0,28.22,59.55,4.12,TNP_0005,1,2016
2016-07-12 15:00:00+00:00,0.0,0.0,27.29,64.78,3.81,TNP_0005,1,2016
2016-07-12 16:00:00+00:00,0.0,0.0,26.42,69.77,3.72,TNP_0005,1,2016
2016-07-12 17:00:00+00:00,0.0,0.0,25.64,74.4,3.59,TNP_0005,1,2016
2016-07-12 18:00:00+00:00,0.0,0.0,25.03,77.89,3.41,TNP_0005,1,2016
2016-07-12 19:00:00+00:00,0.0,0.0,24.58,80.37,3.24,TNP_0005,1,2016
2016-07-12 20:00:00+00:00,0.0,0.0,24.22,82.07,3.21,TNP_0005,1,2016
2016-07-12 21:00:00+00:00,0.0,0.0,23.91,83.37,3.21,TNP_0005,1,2016
2016-07-12 22:00:00+00:00,0.0,0.0,23.67,84.47,3.12,TNP_0005,1,2016
2016-07-12 23:00:00+00:00,0.0,0.0,23.41,85.78,2.9,TNP_0005,1,2016
2016-07-13 00:00:00+00:00,6.12,7.28,23.32,86.3,2.71,TNP_0005,1,2016
2016-07-13 01:00:00+00:00,112.12,123.68,24.79,78.08,3.86,TNP_0005,1,2016
2016-07-13 02:00:00+00:00,305.45,330.33,26.99,66.47,5.36,TNP_0005,1,2016
2016-07-13 03:00:00+00:00,542.0,545.72,29.67,53.87,6.46,TNP_0005,1,2016
2016-07-13 04:00:00+00:00,716.62,729.0,32.23,43.9,7.16,TNP_0005,1,2016
2016-07-13 05:00:00+00:00,800.0,858.7,34.36,37.45,7.35,TNP_0005,1,2016
2016-07-13 06:00:00+00:00,833.15,918.65,36.09,33.28,7.3,TNP_0005,1,2016
2016-07-13 07:00:00+00:00,752.97,912.33,37.14,31.15,7.3,TNP_0005,1,2016
2016-07-13 08:00:00+00:00,523.5,832.65,37.33,30.92,7.41,TNP_0005,1,2016
2016-07-13 09:00:00+00:00,486.6,689.8,36.7,32.4,7.39,TNP_0005,1,2016
2016-07-13 10:00:00+00:00,369.2,491.85,35.28,35.61,7.24,TNP_0005,1,2016
2016-07-13 11:00:00+00:00,200.5,272.42,33.93,38.91,6.97,TNP_0005,1,2016
2016-07-13 12:00:00+00:00,67.75,78.68,32.32,43.84,5.99,TNP_0005,1,2016
2016-07-13 13:00:00+00:00,0.0,0.0,30.64,50.02,5.06,TNP_0005,1,2016
2016-07-13 14:00:00+00:00,0.0,0.0,29.71,53.49,4.96,TNP_0005,1,2016
2016-07-13 15:00:00+00:00,0.0,0.0,28.86,57.34,4.87,TNP_0005,1,2016
2016-07-13 16:00:00+00:00,0.0,0.0,28.0,61.78,4.7,TNP_0005,1,2016
2016-07-13 17:00:00+00:00,0.0,0.0,27.21,65.42,4.61,TNP_0005,1,2016
2016-07-13 18:00:00+00:00,0.0,0.0,26.48,68.57,4.42,TNP_0005,1,2016
2016-07-13 19:00:00+00:00,0.0,0.0,25.85,71.31,4.19,TNP_0005,1,2016
2016-07-13 20:00:00+00:00,0.0,0.0,25.26,74.04,3.77,TNP_0005,1,2016
2016-07-13 21:00:00+00:00,0.0,0.0,24.72,76.72,3.08,TNP_0005,1,2016
2016-07-13 22:00:00+00:00,0.0,0.0,24.28,78.92,2.54,TNP_0005,1,2016
2016-07-13 23:00:00+00:00,0.0,0.0,23.86,81.32,1.9,TNP_0005,1,2016
2016-07-14 00:00:00+00:00,6.9,7.28,23.75,82.06,1.88,TNP_0005,1,2016
2016-07-14 01:00:00+00:00,125.62,128.3,25.19,73.84,3.48,TNP_0005,1,2016
2016-07-14 02:00:00+00:00,328.08,341.2,27.29,63.44,4.8,TNP_0005,1,2016
2016-07-14 03:00:00+00:00,556.9,556.97,29.78,52.71,5.39,TNP_0005,1,2016
2016-07-14 04:00:00+00:00,742.12,742.2,32.36,43.5,5.36,TNP_0005,1,2016
2016-07-14 05:00:00+00:00,863.5,871.3,34.68,36.84,5.05,TNP_0005,1,2016
2016-07-14 06:00:00+00:00,931.33,945.92,36.45,32.68,4.69,TNP_0005,1,2016
2016-07-14 07:00:00+00:00,872.9,933.6,37.55,30.31,4.54,TNP_0005,1,2016
2016-07-14 08:00:00+00:00,697.65,848.88,37.94,29.49,4.67,TNP_0005,1,2016
2016-07-14 09:00:00+00:00,617.35,699.53,37.55,30.22,4.82,TNP_0005,1,2016
2016-07-14 10:00:00+00:00,443.3,499.05,36.1,33.39,5.02,TNP_0005,1,2016
2016-07-14 11:00:00+00:00,219.35,274.9,34.6,37.62,5.17,TNP_0005,1,2016
2016-07-14 12:00:00+00:00,60.75,78.6,32.74,45.39,4.67,TNP_0005,1,2016
2016-07-14 13:00:00+00:00,0.0,0.0,30.87,53.88,4.23,TNP_0005,1,2016
2016-07-14 14:00:00+00:00,0.0,0.0,29.82,58.1,3.95,TNP_0005,1,2016
2016-07-14 15:00:00+00:00,0.0,0.0,28.88,62.0,4.02,TNP_0005,1,2016
2016-07-14 16:00:00+00:00,0.0,0.0,28.05,65.9,4.21,TNP_0005,1,2016
2016-07-14 17:00:00+00:00,0.0,0.0,27.37,69.42,4.11,TNP_0005,1,2016
2016-07-14 18:00:00+00:00,0.0,0.0,26.87,71.77,4.11,TNP_0005,1,2016
2016-07-14 19:00:00+00:00,0.0,0.0,26.49,73.17,4.22,TNP_0005,1,2016
2016-07-14 20:00:00+00:00,0.0,0.0,26.18,74.25,4.14,TNP_0005,1,2016
2016-07-14 21:00:00+00:00,0.0,0.0,25.85,75.05,3.68,TNP_0005,1,2016
2016-07-14 22:00:00+00:00,0.0,0.0,25.51,75.78,2.8,TNP_0005,1,2016
2016-07-14 23:00:00+00:00,0.0,0.0,25.14,77.02,1.9,TNP_0005,1,2016
2016-07-15 00:00:00+00:00,4.9,7.12,24.92,77.97,1.7,TNP_0005,1,2016
2016-07-15 01:00:00+00:00,108.57,126.5,25.89,72.17,3.0,TNP_0005,1,2016
2016-07-15 02:00:00+00:00,306.2,339.1,27.8,62.08,3.73,TNP_0005,1,2016
2016-07-15 03:00:00+00:00,553.25,555.92,30.33,51.42,3.8,TNP_0005,1,2016
2016-07-15 04:00:00+00:00,708.38,741.45,32.71,44.05,3.39,TNP_0005,1,2016
2016-07-15 05:00:00+00:00,815.33,869.42,34.57,39.53,2.81,TNP_0005,1,2016
2016-07-15 06:00:00+00:00,815.0,901.38,35.61,37.32,2.59,TNP_0005,1,2016
2016-07-15 07:00:00+00:00,750.9,889.22,36.19,36.31,2.84,TNP_0005,1,2016
2016-07-15 08:00:00+00:00,687.2,807.53,36.06,36.79,3.45,TNP_0005,1,2016
2016-07-15 09:00:00+00:00,453.38,651.12,35.38,38.2,3.98,TNP_0005,1,2016
2016-07-15 10:00:00+00:00,275.3,455.35,34.33,40.71,4.45,TNP_0005,1,2016
2016-07-15 11:00:00+00:00,149.1,234.68,33.15,44.37,4.71,TNP_0005,1,2016
2016-07-15 12:00:00+00:00,42.5,65.57,31.57,51.26,4.17,TNP_0005,1,2016
2016-07-15 13:00:00+00:00,0.0,0.0,29.92,59.62,3.74,TNP_0005,1,2016
2016-07-15 14:00:00+00:00,0.0,0.0,28.74,66.08,4.1,TNP_0005,1,2016
2016-07-15 15:00:00+00:00,0.0,0.0,27.68,72.75,4.33,TNP_0005,1,2016
2016-07-15 16:00:00+00:00,0.0,0.0,26.84,78.16,4.24,TNP_0005,1,2016
2016-07-15 17:00:00+00:00,0.0,0.0,26.17,82.08,4.21,TNP_0005,1,2016
2016-07-15 18:00:00+00:00,0.0,0.0,25.69,84.28,4.4,TNP_0005,1,2016
2016-07-15 19:00:00+00:00,0.0,0.0,25.3,85.21,4.68,TNP_0005,1,2016
2016-07-15 20:00:00+00:00,0.0,0.0,24.89,86.25,4.13,TNP_0005,1,2016
2016-07-15 21:00:00+00:00,0.0,0.0,24.5,88.2,2.84,TNP_0005,1,2016
2016-07-15 22:00:00+00:00,0.0,0.0,24.26,89.92,2.16,TNP_0005,1,2016
2016-07-15 23:00:00+00:00,0.0,0.0,24.16,90.91,1.72,TNP_0005,1,2016
2016-07-16 00:00:00+00:00,4.55,6.4,24.15,91.36,1.42,TNP_0005,1,2016
2016-07-16 01:00:00+00:00,86.53,114.07,24.76,86.28,1.86,TNP_0005,1,2016
2016-07-16 02:00:00+00:00,254.45,320.2,26.06,77.54,2.03,TNP_0005,1,2016
2016-07-16 03:00:00+00:00,484.65,535.78,27.75,67.04,2.34,TNP_0005,1,2016
2016-07-16 04:00:00+00:00,649.83,712.97,29.11,59.75,2.38,TNP_0005,1,2016
2016-07-16 05:00:00+00:00,770.6,840.2,30.45,54.51,1.98,TNP_0005,1,2016
2016-07-16 06:00:00+00:00,896.78,937.78,31.23,51.68,1.79,TNP_0005,1,2016
2016-07-16 07:00:00+00:00,822.85,920.45,31.51,50.43,2.17,TNP_0005,1,2016
2016-07-16 08:00:00+00:00,728.12,827.17,31.5,49.83,2.39,TNP_0005,1,2016
2016-07-16 09:00:00+00:00,457.95,670.97,31.26,49.59,2.57,TNP_0005,1,2016
2016-07-16 10:00:00+00:00,243.82,474.35,30.68,50.72,2.57,TNP_0005,1,2016
2016-07-16 11:00:00+00:00,156.4,261.95,29.75,54.02,2.41,TNP_0005,1,2016
2016-07-16 12:00:00+00:00,46.9,73.5,28.59,63.35,1.74,TNP_0005,1,2016
2016-07-16 13:00:00+00:00,0.0,0.0,27.25,77.55,1.45,TNP_0005,1,2016
2016-07-16 14:00:00+00:00,0.0,0.0,26.76,79.23,1.56,TNP_0005,1,2016
2016-07-16 15:00:00+00:00,0.0,0.0,26.27,80.39,1.69,TNP_0005,1,2016
2016-07-16 16:00:00+00:00,0.0,0.0,25.8,82.33,1.77,TNP_0005,1,2016
2016-07-16 17:00:00+00:00,0.0,0.0,25.36,84.71,1.76,TNP_0005,1,2016
2016-07-16 18:00:00+00:00,0.0,0.0,24.86,87.57,1.85,TNP_0005,1,2016
2016-07-16 19:00:00+00:00,0.0,0.0,24.48,89.77,1.78,TNP_0005,1,2016
2016-07-16 20:00:00+00:00,0.0,0.0,24.18,91.3,1.64,TNP_0005,1,2016
2016-07-16 21:00:00+00:00,0.0,0.0,23.94,92.34,1.45,TNP_0005,1,2016
2016-07-16 22:00:00+00:00,0.0,0.0,23.77,92.84,1.4,TNP_0005,1,2016
2016-07-16 23:00:00+00:00,0.0,0.0,23.64,92.98,1.4,TNP_0005,1,2016
2016-07-17 00:00:00+00:00,4.62,6.4,23.61,92.67,1.46,TNP_0005,1,2016
2016-07-17 01:00:00+00:00,76.3,115.3,24.25,87.47,2.26,TNP_0005,1,2016
2016-07-17 02:00:00+00:00,228.93,318.92,25.29,80.32,2.84,TNP_0005,1,2016
2016-07-17 03:00:00+00:00,370.3,534.38,26.84,69.67,2.8,TNP_0005,1,2016
2016-07-17 04:00:00+00:00,413.12,714.25,28.46,60.53,1.99,TNP_0005,1,2016
2016-07-17 05:00:00+00:00,574.0,839.72,29.51,55.24,1.22,TNP_0005,1,2016
2016-07-17 06:00:00+00:00,788.22,920.3,30.05,52.75,0.9,TNP_0005,1,2016
2016-07-17 07:00:00+00:00,627.45,907.5,30.57,50.92,0.9,TNP_0005,1,2016
2016-07-17 08:00:00+00:00,559.0,820.88,31.01,49.4,1.02,TNP_0005,1,2016
2016-07-17 09:00:00+00:00,488.75,670.12,31.01,49.3,1.15,TNP_0005,1,2016
2016-07-17 10:00:00+00:00,346.35,462.23,30.56,50.64,1.37,TNP_0005,1,2016
2016-07-17 11:00:00+00:00,211.73,253.1,29.7,54.13,1.65,TNP_0005,1,2016
2016-07-17 12:00:00+00:00,64.32,69.85,28.43,63.43,1.63,TNP_0005,1,2016
2016-07-17 13:00:00+00:00,0.0,0.0,26.87,78.42,1.49,TNP_0005,1,2016
2016-07-17 14:00:00+00:00,0.0,0.0,26.09,82.51,1.56,TNP_0005,1,2016
2016-07-17 15:00:00+00:00,0.0,0.0,25.49,84.52,1.73,TNP_0005,1,2016
2016-07-17 16:00:00+00:00,0.0,0.0,24.96,86.33,2.12,TNP_0005,1,2016
2016-07-17 17:00:00+00:00,0.0,0.0,24.53,88.62,2.53,TNP_0005,1,2016
2016-07-17 18:00:00+00:00,0.0,0.0,24.17,90.91,2.84,TNP_0005,1,2016
2016-07-17 19:00:00+00:00,0.0,0.0,23.91,91.92,3.19,TNP_0005,1,2016
2016-07-17 20:00:00+00:00,0.0,0.0,23.75,92.01,3.4,TNP_0005,1,2016
2016-07-17 21:00:00+00:00,0.0,0.0,23.62,92.37,2.96,TNP_0005,1,2016
2016-07-17 22:00:00+00:00,0.0,0.0,23.51,92.66,2.52,TNP_0005,1,2016
2016-07-17 23:00:00+00:00,0.0,0.0,23.4,93.09,2.09,TNP_0005,1,2016
2016-07-18 00:00:00+00:00,6.1,6.3,23.37,93.79,1.59,TNP_0005,1,2016
2016-07-18 01:00:00+00:00,106.72,118.62,24.11,88.55,2.26,TNP_0005,1,2016
2016-07-18 02:00:00+00:00,281.6,324.6,25.12,80.91,3.11,TNP_0005,1,2016
2016-07-18 03:00:00+00:00,518.17,542.75,26.4,71.69,3.68,TNP_0005,1,2016
2016-07-18 04:00:00+00:00,722.85,729.85,27.53,64.66,3.63,TNP_0005,1,2016
2016-07-18 05:00:00+00:00,825.1,862.58,28.55,59.48,3.28,TNP_0005,1,2016
2016-07-18 06:00:00+00:00,897.85,931.12,29.43,55.39,2.79,TNP_0005,1,2016
2016-07-18 07:00:00+00:00,806.8,922.42,29.75,53.85,2.25,TNP_0005,1,2016
2016-07-18 08:00:00+00:00,594.0,843.28,29.69,53.8,1.88,TNP_0005,1,2016
2016-07-18 09:00:00+00:00,277.65,698.6,29.6,54.04,1.46,TNP_0005,1,2016
2016-07-18 10:00:00+00:00,123.8,500.65,29.38,55.18,1.1,TNP_0005,1,2016
2016-07-18 11:00:00+00:00,66.3,273.7,28.63,59.24,1.4,TNP_0005,1,2016
2016-07-18 12:00:00+00:00,23.1,73.3,27.4,69.45,1.55,TNP_0005,1,2016
2016-07-18 13:00:00+00:00,0.0,0.0,26.17,79.68,1.61,TNP_0005,1,2016
2016-07-18 14:00:00+00:00,0.0,0.0,25.5,82.18,1.82,TNP_0005,1,2016
2016-07-18 15:00:00+00:00,0.0,0.0,24.93,84.83,1.98,TNP_0005,1,2016
2016-07-18 16:00:00+00:00,0.0,0.0,24.41,87.23,2.35,TNP_0005,1,2016
2016-07-18 17:00:00+00:00,0.0,0.0,23.94,89.67,2.71,TNP_0005,1,2016
2016-07-18 18:00:00+00:00,0.0,0.0,23.58,91.32,2.97,TNP_0005,1,2016
2016-07-18 19:00:00+00:00,0.0,0.0,23.28,92.39,3.09,TNP_0005,1,2016
2016-07-18 20:00:00+00:00,0.0,0.0,23.05,92.66,3.12,TNP_0005,1,2016
2016-07-18 21:00:00+00:00,0.0,0.0,22.83,92.46,2.73,TNP_0005,1,2016
2016-07-18 22:00:00+00:00,0.0,0.0,22.53,91.15,2.65,TNP_0005,1,2016
2016-07-18 23:00:00+00:00,0.0,0.0,22.23,90.64,2.37,TNP_0005,1,2016
2016-07-19 00:00:00+00:00,3.5,6.68,22.06,90.93,2.03,TNP_0005,1,2016
2016-07-19 01:00:00+00:00,60.85,132.25,22.45,87.02,2.38,TNP_0005,1,2016
2016-07-19 02:00:00+00:00,167.8,355.9,23.49,80.0,3.34,TNP_0005,1,2016
2016-07-19 03:00:00+00:00,336.92,576.1,25.34,69.17,4.46,TNP_0005,1,2016
2016-07-19 04:00:00+00:00,526.8,759.42,27.27,59.88,4.98,TNP_0005,1,2016
2016-07-19 05:00:00+00:00,746.45,886.15,28.93,53.56,4.9,TNP_0005,1,2016
2016-07-19 06:00:00+00:00,847.3,946.6,30.57,48.31,4.62,TNP_0005,1,2016
2016-07-19 07:00:00+00:00,685.28,937.85,31.91,44.43,4.34,TNP_0005,1,2016
2016-07-19 08:00:00+00:00,725.88,856.38,32.64,42.27,4.09,TNP_0005,1,2016
2016-07-19 09:00:00+00:00,587.15,709.0,32.72,41.71,3.82,TNP_0005,1,2016
2016-07-19 10:00:00+00:00,382.65,510.52,32.18,42.89,3.47,TNP_0005,1,2016
2016-07-19 11:00:00+00:00,200.98,284.98,31.2,46.1,3.05,TNP_0005,1,2016
2016-07-19 12:00:00+00:00,58.72,82.97,29.48,59.2,1.9,TNP_0005,1,2016
2016-07-19 13:00:00+00:00,0.0,0.0,27.71,70.39,1.98,TNP_0005,1,2016
2016-07-19 14:00:00+00:00,0.0,0.0,27.08,71.08,2.31,TNP_0005,1,2016
2016-07-19 15:00:00+00:00,0.0,0.0,26.45,72.89,2.74,TNP_0005,1,2016
2016-07-19 16:00:00+00:00,0.0,0.0,25.75,76.37,3.08,TNP_0005,1,2016
2016-07-19 17:00:00+00:00,0.0,0.0,25.12,80.44,3.03,TNP_0005,1,2016
2016-07-19 18:00:00+00:00,0.0,0.0,24.63,83.68,2.92,TNP_0005,1,2016
2016-07-19 19:00:00+00:00,0.0,0.0,24.28,85.89,2.92,TNP_0005,1,2016
2016-07-19 20:00:00+00:00,0.0,0.0,23.98,87.56,2.87,TNP_0005,1,2016
2016-07-19 21:00:00+00:00,0.0,0.0,23.72,88.74,2.38,TNP_0005,1,2016
2016-07-19 22:00:00+00:00,0.0,0.0,23.42,90.08,1.78,TNP_0005,1,2016
2016-07-19 23:00:00+00:00,0.0,0.0,23.17,91.11,1.41,TNP_0005,1,2016
2016-07-20 00:00:00+00:00,1.9,6.5,23.1,90.99,1.42,TNP_0005,1,2016
2016-07-20 01:00:00+00:00,51.5,125.78,24.42,81.9,2.67,TNP_0005,1,2016
2016-07-20 02:00:00+00:00,157.95,341.42,26.77,67.53,4.01,TNP_0005,1,2016
2016-07-20 03:00:00+00:00,347.83,559.03,29.33,54.58,4.68,TNP_0005,1,2016
2016-07-20 04:00:00+00:00,511.08,742.33,31.47,46.58,4.53,TNP_0005,1,2016
2016-07-20 05:00:00+00:00,621.03,869.47,33.23,41.54,4.04,TNP_0005,1,2016
2016-07-20 06:00:00+00:00,789.45,926.83,34.46,38.49,3.64,TNP_0005,1,2016
2016-07-20 07:00:00+00:00,686.75,914.4,34.59,37.94,3.38,TNP_0005,1,2016
2016-07-20 08:00:00+00:00,549.9,826.88,34.17,39.0,3.17,TNP_0005,1,2016
2016-07-20 09:00:00+00:00,522.6,674.88,33.61,40.66,3.23,TNP_0005,1,2016
2016-07-20 10:00:00+00:00,388.9,476.4,32.76,43.1,3.51,TNP_0005,1,2016
2016-07-20 11:00:00+00:00,205.38,259.73,31.53,47.05,3.58,TNP_0005,1,2016
2016-07-20 12:00:00+00:00,58.42,71.9,29.89,55.63,2.53,TNP_0005,1,2016
2016-07-20 13:00:00+00:00,0.0,0.0,28.43,66.31,1.66,TNP_0005,1,2016
2016-07-20 14:00:00+00:00,0.0,0.0,27.73,68.8,1.52,TNP_0005,1,2016
2016-07-20 15:00:00+00:00,0.0,0.0,27.08,71.47,1.71,TNP_0005,1,2016
2016-07-20 16:00:00+00:00,0.0,0.0,26.49,74.28,1.95,TNP_0005,1,2016
2016-07-20 17:00:00+00:00,0.0,0.0,25.96,76.86,2.15,TNP_0005,1,2016
2016-07-20 18:00:00+00:00,0.0,0.0,25.41,79.35,2.28,TNP_0005,1,2016
2016-07-20 19:00:00+00:00,0.0,0.0,24.87,81.96,2.17,TNP_0005,1,2016
2016-07-20 20:00:00+00:00,0.0,0.0,24.26,84.48,2.12,TNP_0005,1,2016
2016-07-20 21:00:00+00:00,0.0,0.0,23.71,86.45,1.99,TNP_0005,1,2016
2016-07-20 22:00:00+00:00,0.0,0.0,23.27,88.02,1.8,TNP_0005,1,2016
2016-07-20 23:00:00+00:00,0.0,0.0,22.94,89.0,1.78,TNP_0005,1,2016
2016-07-21 00:00:00+00:00,4.4,5.82,22.8,89.31,1.87,TNP_0005,1,2016
2016-07-21 01:00:00+00:00,70.93,111.28,24.0,81.65,3.29,TNP_0005,1,2016
2016-07-21 02:00:00+00:00,199.4,317.7,25.97,70.24,4.7,TNP_0005,1,2016
2016-07-21 03:00:00+00:00,346.48,535.97,28.28,58.81,5.37,TNP_0005,1,2016
2016-07-21 04:00:00+00:00,535.67,723.58,30.45,49.38,5.64,TNP_0005,1,2016
2016-07-21 05:00:00+00:00,617.95,855.47,32.15,43.12,5.59,TNP_0005,1,2016
2016-07-21 06:00:00+00:00,627.2,909.2,33.35,39.6,5.63,TNP_0005,1,2016
2016-07-21 07:00:00+00:00,676.92,901.3,33.82,38.42,5.8,TNP_0005,1,2016
2016-07-21 08:00:00+00:00,526.2,817.85,33.26,39.88,5.9,TNP_0005,1,2016
2016-07-21 09:00:00+00:00,474.2,670.7,32.23,42.98,5.78,TNP_0005,1,2016
2016-07-21 10:00:00+00:00,254.32,470.62,31.41,45.89,5.6,TNP_0005,1,2016
2016-07-21 11:00:00+00:00,141.2,238.7,30.61,48.99,5.24,TNP_0005,1,2016
2016-07-21 12:00:00+00:00,40.5,66.65,29.24,55.56,3.99,TNP_0005,1,2016
2016-07-21 13:00:00+00:00,0.0,0.0,27.61,63.9,3.35,TNP_0005,1,2016
2016-07-21 14:00:00+00:00,0.0,0.0,26.94,66.59,3.67,TNP_0005,1,2016
2016-07-21 15:00:00+00:00,0.0,0.0,26.31,69.28,4.08,TNP_0005,1,2016
2016-07-21 16:00:00+00:00,0.0,0.0,25.58,72.77,4.09,TNP_0005,1,2016
2016-07-21 17:00:00+00:00,0.0,0.0,24.92,75.86,4.01,TNP_0005,1,2016
2016-07-21 18:00:00+00:00,0.0,0.0,24.38,78.05,3.97,TNP_0005,1,2016
2016-07-21 19:00:00+00:00,0.0,0.0,23.97,79.41,4.23,TNP_0005,1,2016
2016-07-21 20:00:00+00:00,0.0,0.0,23.6,80.55,4.03,TNP_0005,1,2016
2016-07-21 21:00:00+00:00,0.0,0.0,23.28,81.88,3.31,TNP_0005,1,2016
2016-07-21 22:00:00+00:00,0.0,0.0,23.04,83.21,2.66,TNP_0005,1,2016
2016-07-21 23:00:00+00:00,0.0,0.0,22.83,84.27,2.46,TNP_0005,1,2016
2016-07-22 00:00:00+00:00,4.12,5.8,22.74,84.4,2.53,TNP_0005,1,2016
2016-07-22 01:00:00+00:00,55.35,113.43,23.82,77.3,3.81,TNP_0005,1,2016
2016-07-22 02:00:00+00:00,177.35,321.27,25.88,65.72,5.42,TNP_0005,1,2016
2016-07-22 03:00:00+00:00,327.75,539.05,28.48,54.07,6.56,TNP_0005,1,2016
2016-07-22 04:00:00+00:00,471.73,724.12,30.83,45.8,6.99,TNP_0005,1,2016
2016-07-22 05:00:00+00:00,541.55,854.42,32.72,40.44,6.98,TNP_0005,1,2016
2016-07-22 06:00:00+00:00,566.17,916.55,34.04,37.24,6.84,TNP_0005,1,2016
2016-07-22 07:00:00+00:00,549.03,907.75,34.71,35.56,6.87,TNP_0005,1,2016
2016-07-22 08:00:00+00:00,537.7,825.72,34.77,35.19,6.94,TNP_0005,1,2016
2016-07-22 09:00:00+00:00,392.4,675.58,34.23,36.13,6.81,TNP_0005,1,2016
2016-07-22 10:00:00+00:00,262.2,473.38,33.24,38.18,6.47,TNP_0005,1,2016
2016-07-22 11:00:00+00:00,150.5,246.25,32.02,41.34,5.84,TNP_0005,1,2016
2016-07-22 12:00:00+00:00,44.8,69.07,30.17,49.12,4.09,TNP_0005,1,2016
2016-07-22 13:00:00+00:00,0.0,0.0,28.21,60.27,3.12,TNP_0005,1,2016
2016-07-22 14:00:00+00:00,0.0,0.0,27.21,65.36,3.4,TNP_0005,1,2016
2016-07-22 15:00:00+00:00,0.0,0.0,26.31,70.02,3.76,TNP_0005,1,2016
2016-07-22 16:00:00+00:00,0.0,0.0,25.59,75.21,3.5,TNP_0005,1,2016
2016-07-22 17:00:00+00:00,0.0,0.0,25.1,78.55,3.42,TNP_0005,1,2016
2016-07-22 18:00:00+00:00,0.0,0.0,24.74,80.16,3.6,TNP_0005,1,2016
2016-07-22 19:00:00+00:00,0.0,0.0,24.41,81.86,3.51,TNP_0005,1,2016
2016-07-22 20:00:00+00:00,0.0,0.0,24.11,83.23,3.25,TNP_0005,1,2016
2016-07-22 21:00:00+00:00,0.0,0.0,23.84,84.39,2.77,TNP_0005,1,2016
2016-07-22 22:00:00+00:00,0.0,0.0,23.47,86.01,2.3,TNP_0005,1,2016
2016-07-22 23:00:00+00:00,0.0,0.0,23.14,87.32,2.1,TNP_0005,1,2016
2016-07-23 00:00:00+00:00,3.83,5.93,22.98,87.97,2.17,TNP_0005,1,2016
2016-07-23 01:00:00+00:00,72.38,120.68,24.32,80.03,3.59,TNP_0005,1,2016
2016-07-23 02:00:00+00:00,217.93,338.02,26.49,67.69,5.06,TNP_0005,1,2016
2016-07-23 03:00:00+00:00,437.7,559.7,28.9,55.23,5.78,TNP_0005,1,2016
2016-07-23 04:00:00+00:00,636.42,746.97,31.14,46.12,5.94,TNP_0005,1,2016
2016-07-23 05:00:00+00:00,676.78,877.9,32.98,40.35,5.67,TNP_0005,1,2016
2016-07-23 06:00:00+00:00,780.78,940.08,34.31,36.86,5.22,TNP_0005,1,2016
2016-07-23 07:00:00+00:00,646.28,929.08,35.0,35.17,4.83,TNP_0005,1,2016
2016-07-23 08:00:00+00:00,478.0,843.92,34.93,35.33,4.65,TNP_0005,1,2016
2016-07-23 09:00:00+00:00,400.58,687.45,34.14,37.29,4.43,TNP_0005,1,2016
2016-07-23 10:00:00+00:00,230.65,474.7,33.1,40.38,4.29,TNP_0005,1,2016
2016-07-23 11:00:00+00:00,142.05,245.15,31.75,44.87,4.37,TNP_0005,1,2016
2016-07-23 12:00:00+00:00,40.85,66.85,30.05,52.86,4.17,TNP_0005,1,2016
2016-07-23 13:00:00+00:00,0.0,0.0,28.29,63.02,3.93,TNP_0005,1,2016
2016-07-23 14:00:00+00:00,0.0,0.0,27.25,68.42,3.74,TNP_0005,1,2016
2016-07-23 15:00:00+00:00,0.0,0.0,26.4,73.23,3.59,TNP_0005,1,2016
2016-07-23 16:00:00+00:00,0.0,0.0,25.68,76.88,3.73,TNP_0005,1,2016
2016-07-23 17:00:00+00:00,0.0,0.0,25.12,80.63,3.76,TNP_0005,1,2016
2016-07-23 18:00:00+00:00,0.0,0.0,24.82,83.21,3.57,TNP_0005,1,2016
2016-07-23 19:00:00+00:00,0.0,0.0,24.66,84.78,3.15,TNP_0005,1,2016
2016-07-23 20:00:00+00:00,0.0,0.0,24.49,85.78,2.88,TNP_0005,1,2016
2016-07-23 21:00:00+00:00,0.0,0.0,24.22,86.92,2.47,TNP_0005,1,2016
2016-07-23 22:00:00+00:00,0.0,0.0,23.95,88.15,2.03,TNP_0005,1,2016
2016-07-23 23:00:00+00:00,0.0,0.0,23.72,89.1,1.64,TNP_0005,1,2016
2016-07-24 00:00:00+00:00,5.72,6.07,23.6,89.22,1.63,TNP_0005,1,2016
2016-07-24 01:00:00+00:00,110.38,124.75,24.85,81.38,2.85,TNP_0005,1,2016
2016-07-24 02:00:00+00:00,285.98,339.98,26.95,69.07,4.07,TNP_0005,1,2016
2016-07-24 03:00:00+00:00,525.58,559.72,29.17,57.3,4.59,TNP_0005,1,2016
2016-07-24 04:00:00+00:00,732.08,745.03,30.95,49.36,4.62,TNP_0005,1,2016
2016-07-24 05:00:00+00:00,870.85,874.83,32.46,43.87,4.55,TNP_0005,1,2016
2016-07-24 06:00:00+00:00,935.78,954.2,33.84,39.84,4.48,TNP_0005,1,2016
2016-07-24 07:00:00+00:00,777.35,940.9,34.75,37.49,4.56,TNP_0005,1,2016
2016-07-24 08:00:00+00:00,705.58,851.4,34.99,36.96,4.46,TNP_0005,1,2016
2016-07-24 09:00:00+00:00,500.17,684.38,34.48,38.48,4.03,TNP_0005,1,2016
2016-07-24 10:00:00+00:00,286.02,472.3,32.71,43.65,3.61,TNP_0005,1,2016
2016-07-24 11:00:00+00:00,160.88,256.77,30.8,51.26,3.23,TNP_0005,1,2016
2016-07-24 12:00:00+00:00,49.6,71.95,28.95,61.35,2.32,TNP_0005,1,2016
2016-07-24 13:00:00+00:00,0.0,0.0,27.57,69.99,1.72,TNP_0005,1,2016
2016-07-24 14:00:00+00:00,0.0,0.0,26.68,75.13,1.45,TNP_0005,1,2016
2016-07-24 15:00:00+00:00,0.0,0.0,25.97,79.54,1.37,TNP_0005,1,2016
2016-07-24 16:00:00+00:00,0.0,0.0,25.52,82.47,1.37,TNP_0005,1,2016
2016-07-24 17:00:00+00:00,0.0,0.0,25.26,83.89,1.29,TNP_0005,1,2016
2016-07-24 18:00:00+00:00,0.0,0.0,24.98,85.59,1.18,TNP_0005,1,2016
2016-07-24 19:00:00+00:00,0.0,0.0,24.71,87.74,1.19,TNP_0005,1,2016
2016-07-24 20:00:00+00:00,0.0,0.0,24.44,89.85,1.23,TNP_0005,1,2016
2016-07-24 21:00:00+00:00,0.0,0.0,24.21,91.17,1.14,TNP_0005,1,2016
2016-07-24 22:00:00+00:00,0.0,0.0,24.01,92.18,0.98,TNP_0005,1,2016
2016-07-24 23:00:00+00:00,0.0,0.0,23.79,93.13,0.94,TNP_0005,1,2016
2016-07-25 00:00:00+00:00,5.5,6.07,23.61,93.65,0.98,TNP_0005,1,2016
2016-07-25 01:00:00+00:00,109.38,127.43,24.0,89.69,1.46,TNP_0005,1,2016
2016-07-25 02:00:00+00:00,298.05,346.25,25.19,81.06,1.82,TNP_0005,1,2016
2016-07-25 03:00:00+00:00,561.42,566.75,27.12,68.08,2.1,TNP_0005,1,2016
2016-07-25 04:00:00+00:00,749.78,751.47,29.36,56.73,2.09,TNP_0005,1,2016
2016-07-25 05:00:00+00:00,868.92,879.85,31.13,49.73,2.11,TNP_0005,1,2016
2016-07-25 06:00:00+00:00,927.78,945.05,32.55,44.92,2.08,TNP_0005,1,2016
2016-07-25 07:00:00+00:00,880.92,932.8,33.85,41.08,2.08,TNP_0005,1,2016
2016-07-25 08:00:00+00:00,714.9,846.12,34.39,39.23,2.34,TNP_0005,1,2016
2016-07-25 09:00:00+00:00,528.75,693.28,34.2,39.36,2.59,TNP_0005,1,2016
2016-07-25 10:00:00+00:00,287.7,490.27,33.21,41.89,2.86,TNP_0005,1,2016
2016-07-25 11:00:00+00:00,155.23,266.2,31.75,47.26,2.99,TNP_0005,1,2016
2016-07-25 12:00:00+00:00,50.92,74.05,29.62,60.72,2.34,TNP_0005,1,2016
2016-07-25 13:00:00+00:00,0.0,0.0,27.83,73.54,2.0,TNP_0005,1,2016
2016-07-25 14:00:00+00:00,0.0,0.0,26.95,78.21,1.79,TNP_0005,1,2016
2016-07-25 15:00:00+00:00,0.0,0.0,26.17,83.09,1.75,TNP_0005,1,2016
2016-07-25 16:00:00+00:00,0.0,0.0,25.5,86.99,1.85,TNP_0005,1,2016
2016-07-25 17:00:00+00:00,0.0,0.0,25.02,89.88,1.88,TNP_0005,1,2016
2016-07-25 18:00:00+00:00,0.0,0.0,24.69,91.71,1.87,TNP_0005,1,2016
2016-07-25 19:00:00+00:00,0.0,0.0,24.45,92.96,1.85,TNP_0005,1,2016
2016-07-25 20:00:00+00:00,0.0,0.0,24.28,93.83,1.82,TNP_0005,1,2016
2016-07-25 21:00:00+00:00,0.0,0.0,24.16,94.31,1.77,TNP_0005,1,2016
2016-07-25 22:00:00+00:00,0.0,0.0,24.06,94.63,1.66,TNP_0005,1,2016
2016-07-25 23:00:00+00:00,0.0,0.0,23.94,94.87,1.79,TNP_0005,1,2016
2016-07-26 00:00:00+00:00,4.7,5.95,23.8,94.99,1.99,TNP_0005,1,2016
2016-07-26 01:00:00+00:00,87.82,129.43,24.19,91.88,2.57,TNP_0005,1,2016
2016-07-26 02:00:00+00:00,256.38,352.55,25.07,84.92,2.61,TNP_0005,1,2016
2016-07-26 03:00:00+00:00,472.15,571.15,26.28,73.92,2.67,TNP_0005,1,2016
2016-07-26 04:00:00+00:00,690.62,756.45,27.49,64.89,2.52,TNP_0005,1,2016
2016-07-26 05:00:00+00:00,874.17,886.6,28.69,58.24,2.29,TNP_0005,1,2016
2016-07-26 06:00:00+00:00,887.17,949.78,29.78,53.3,1.97,TNP_0005,1,2016
2016-07-26 07:00:00+00:00,689.78,937.65,30.34,50.77,1.67,TNP_0005,1,2016
2016-07-26 08:00:00+00:00,721.8,852.1,30.34,50.41,1.83,TNP_0005,1,2016
2016-07-26 09:00:00+00:00,555.2,702.15,30.11,51.05,2.05,TNP_0005,1,2016
2016-07-26 10:00:00+00:00,342.62,496.45,29.89,52.34,1.89,TNP_0005,1,2016
2016-07-26 11:00:00+00:00,211.3,264.75,29.25,56.96,1.89,TNP_0005,1,2016
2016-07-26 12:00:00+00:00,59.05,71.15,27.87,67.74,1.93,TNP_0005,1,2016
2016-07-26 13:00:00+00:00,0.0,0.0,26.19,81.47,1.8,TNP_0005,1,2016
2016-07-26 14:00:00+00:00,0.0,0.0,25.51,82.91,1.96,TNP_0005,1,2016
2016-07-26 15:00:00+00:00,0.0,0.0,24.84,84.46,2.25,TNP_0005,1,2016
2016-07-26 16:00:00+00:00,0.0,0.0,24.18,86.87,2.54,TNP_0005,1,2016
2016-07-26 17:00:00+00:00,0.0,0.0,23.64,90.2,2.47,TNP_0005,1,2016
2016-07-26 18:00:00+00:00,0.0,0.0,23.26,92.93,2.3,TNP_0005,1,2016
2016-07-26 19:00:00+00:00,0.0,0.0,23.03,94.95,2.06,TNP_0005,1,2016
2016-07-26 20:00:00+00:00,0.0,0.0,22.94,96.17,1.76,TNP_0005,1,2016
2016-07-26 21:00:00+00:00,0.0,0.0,22.94,96.85,1.37,TNP_0005,1,2016
2016-07-26 22:00:00+00:00,0.0,0.0,22.91,97.41,1.08,TNP_0005,1,2016
2016-07-26 23:00:00+00:00,0.0,0.0,22.95,97.05,0.87,TNP_0005,1,2016
2016-07-27 00:00:00+00:00,5.38,5.45,23.06,96.5,0.67,TNP_0005,1,2016
2016-07-27 01:00:00+00:00,114.05,117.43,23.78,91.89,0.74,TNP_0005,1,2016
2016-07-27 02:00:00+00:00,308.95,332.12,24.96,84.66,1.29,TNP_0005,1,2016
2016-07-27 03:00:00+00:00,545.47,556.2,26.58,73.59,1.52,TNP_0005,1,2016
2016-07-27 04:00:00+00:00,713.4,742.6,28.17,64.92,1.12,TNP_0005,1,2016
2016-07-27 05:00:00+00:00,774.6,873.9,29.07,60.68,0.9,TNP_0005,1,2016
2016-07-27 06:00:00+00:00,838.62,939.58,29.63,58.38,1.06,TNP_0005,1,2016
2016-07-27 07:00:00+00:00,769.3,927.05,30.0,56.93,1.37,TNP_0005,1,2016
2016-07-27 08:00:00+00:00,648.22,841.58,30.24,56.15,1.68,TNP_0005,1,2016
2016-07-27 09:00:00+00:00,534.03,690.92,30.07,56.97,2.04,TNP_0005,1,2016
2016-07-27 10:00:00+00:00,360.8,487.9,29.62,59.13,2.43,TNP_0005,1,2016
2016-07-27 11:00:00+00:00,175.32,266.58,28.82,63.13,2.69,TNP_0005,1,2016
2016-07-27 12:00:00+00:00,52.05,73.15,27.46,73.54,2.17,TNP_0005,1,2016
2016-07-27 13:00:00+00:00,0.0,0.0,26.04,83.81,1.93,TNP_0005,1,2016
2016-07-27 14:00:00+00:00,0.0,0.0,25.47,85.59,2.13,TNP_0005,1,2016
2016-07-27 15:00:00+00:00,0.0,0.0,24.97,87.74,2.19,TNP_0005,1,2016
2016-07-27 16:00:00+00:00,0.0,0.0,24.52,90.16,2.04,TNP_0005,1,2016
2016-07-27 17:00:00+00:00,0.0,0.0,24.16,92.56,1.74,TNP_0005,1,2016
2016-07-27 18:00:00+00:00,0.0,0.0,23.85,94.36,1.44,TNP_0005,1,2016
2016-07-27 19:00:00+00:00,0.0,0.0,23.56,95.54,1.24,TNP_0005,1,2016
2016-07-27 20:00:00+00:00,0.0,0.0,23.31,96.33,1.22,TNP_0005,1,2016
2016-07-27 21:00:00+00:00,0.0,0.0,23.09,97.09,1.14,TNP_0005,1,2016
2016-07-27 22:00:00+00:00,0.0,0.0,22.96,97.36,1.03,TNP_0005,1,2016
2016-07-27 23:00:00+00:00,0.0,0.0,22.82,97.51,1.06,TNP_0005,1,2016
2016-07-28 00:00:00+00:00,5.18,5.57,22.83,97.33,1.28,TNP_0005,1,2016
2016-07-28 01:00:00+00:00,118.05,125.2,23.93,91.61,2.45,TNP_0005,1,2016
2016-07-28 02:00:00+00:00,333.42,347.67,25.66,80.36,3.47,TNP_0005,1,2016
2016-07-28 03:00:00+00:00,566.05,571.38,28.08,65.21,3.56,TNP_0005,1,2016
2016-07-28 04:00:00+00:00,730.67,758.28,30.02,56.94,2.9,TNP_0005,1,2016
2016-07-28 05:00:00+00:00,865.17,888.6,31.09,53.28,2.11,TNP_0005,1,2016
2016-07-28 06:00:00+00:00,899.33,965.55,31.36,52.57,1.23,TNP_0005,1,2016
2016-07-28 07:00:00+00:00,815.88,943.6,30.96,54.29,0.5,TNP_0005,1,2016
2016-07-28 08:00:00+00:00,610.72,858.5,30.43,56.61,0.19,TNP_0005,1,2016
2016-07-28 09:00:00+00:00,410.9,706.42,30.07,58.37,0.55,TNP_0005,1,2016
2016-07-28 10:00:00+00:00,85.12,506.42,29.61,60.99,0.69,TNP_0005,1,2016
2016-07-28 11:00:00+00:00,43.08,282.05,29.11,65.68,0.75,TNP_0005,1,2016
2016-07-28 12:00:00+00:00,11.68,76.15,28.31,70.89,0.95,TNP_0005,1,2016
2016-07-28 13:00:00+00:00,0.0,0.0,27.21,81.42,1.0,TNP_0005,1,2016
2016-07-28 14:00:00+00:00,0.0,0.0,26.7,83.73,1.08,TNP_0005,1,2016
2016-07-28 15:00:00+00:00,0.0,0.0,26.18,86.38,1.2,TNP_0005,1,2016
2016-07-28 16:00:00+00:00,0.0,0.0,25.64,88.46,1.35,TNP_0005,1,2016
2016-07-28 17:00:00+00:00,0.0,0.0,25.14,90.3,1.45,TNP_0005,1,2016
2016-07-28 18:00:00+00:00,0.0,0.0,24.72,91.99,1.53,TNP_0005,1,2016
2016-07-28 19:00:00+00:00,0.0,0.0,24.36,93.43,1.62,TNP_0005,1,2016
2016-07-28 20:00:00+00:00,0.0,0.0,24.08,93.81,2.02,TNP_0005,1,2016
2016-07-28 21:00:00+00:00,0.0,0.0,23.88,93.85,2.58,TNP_0005,1,2016
2016-07-28 22:00:00+00:00,0.0,0.0,23.68,94.22,2.73,TNP_0005,1,2016
2016-07-28 23:00:00+00:00,0.0,0.0,23.41,95.06,2.31,TNP_0005,1,2016
2016-07-29 00:00:00+00:00,2.83,5.7,23.15,95.46,2.08,TNP_0005,1,2016
2016-07-29 01:00:00+00:00,56.78,129.5,23.57,91.87,2.87,TNP_0005,1,2016
2016-07-29 02:00:00+00:00,158.0,355.85,24.63,83.64,3.63,TNP_0005,1,2016
2016-07-29 03:00:00+00:00,255.5,579.17,26.3,72.64,4.2,TNP_0005,1,2016
2016-07-29 04:00:00+00:00,380.73,765.38,28.04,63.37,4.25,TNP_0005,1,2016
2016-07-29 05:00:00+00:00,509.62,894.42,29.43,57.25,4.1,TNP_0005,1,2016
2016-07-29 06:00:00+00:00,658.65,950.8,30.58,52.63,4.04,TNP_0005,1,2016
2016-07-29 07:00:00+00:00,741.97,935.5,31.36,49.46,3.95,TNP_0005,1,2016
2016-07-29 08:00:00+00:00,587.4,848.78,31.87,47.25,3.82,TNP_0005,1,2016
2016-07-29 09:00:00+00:00,531.33,698.0,32.04,46.44,3.67,TNP_0005,1,2016
2016-07-29 10:00:00+00:00,373.73,497.33,31.84,47.35,3.31,TNP_0005,1,2016
2016-07-29 11:00:00+00:00,194.82,271.77,31.14,51.92,2.57,TNP_0005,1,2016
2016-07-29 12:00:00+00:00,54.33,72.3,29.39,66.93,1.64,TNP_0005,1,2016
2016-07-29 13:00:00+00:00,0.0,0.0,27.92,73.92,1.53,TNP_0005,1,2016
2016-07-29 14:00:00+00:00,0.0,0.0,27.26,75.47,1.54,TNP_0005,1,2016
2016-07-29 15:00:00+00:00,0.0,0.0,26.54,78.35,1.62,TNP_0005,1,2016
2016-07-29 16:00:00+00:00,0.0,0.0,25.93,81.22,1.56,TNP_0005,1,2016
2016-07-29 17:00:00+00:00,0.0,0.0,25.35,84.1,1.56,TNP_0005,1,2016
2016-07-29 18:00:00+00:00,0.0,0.0,24.81,86.37,1.75,TNP_0005,1,2016
2016-07-29 19:00:00+00:00,0.0,0.0,24.37,87.76,1.94,TNP_0005,1,2016
2016-07-29 20:00:00+00:00,0.0,0.0,24.01,88.61,2.26,TNP_0005,1,2016
2016-07-29 21:00:00+00:00,0.0,0.0,23.63,90.0,2.07,TNP_0005,1,2016
2016-07-29 22:00:00+00:00,0.0,0.0,23.23,91.28,1.89,TNP_0005,1,2016
2016-07-29 23:00:00+00:00,0.0,0.0,22.86,92.17,1.9,TNP_0005,1,2016
2016-07-30 00:00:00+00:00,4.38,5.07,22.62,92.67,2.03,TNP_0005,1,2016
2016-07-30 01:00:00+00:00,70.15,110.28,23.37,87.07,2.9,TNP_0005,1,2016
2016-07-30 02:00:00+00:00,200.43,324.55,24.83,76.65,3.86,TNP_0005,1,2016
2016-07-30 03:00:00+00:00,384.12,547.38,26.81,64.41,4.52,TNP_0005,1,2016
2016-07-30 04:00:00+00:00,558.95,736.03,28.9,54.17,4.83,TNP_0005,1,2016
2016-07-30 05:00:00+00:00,533.85,870.1,30.59,47.45,4.97,TNP_0005,1,2016
2016-07-30 06:00:00+00:00,571.4,933.8,31.76,43.61,4.98,TNP_0005,1,2016
2016-07-30 07:00:00+00:00,551.15,923.42,32.41,41.52,5.0,TNP_0005,1,2016
2016-07-30 08:00:00+00:00,518.65,838.58,32.55,40.84,5.01,TNP_0005,1,2016
2016-07-30 09:00:00+00:00,451.5,687.65,32.22,41.62,4.95,TNP_0005,1,2016
2016-07-30 10:00:00+00:00,292.42,487.95,31.55,44.01,4.77,TNP_0005,1,2016
2016-07-30 11:00:00+00:00,152.93,265.4,30.41,50.13,3.93,TNP_0005,1,2016
2016-07-30 12:00:00+00:00,42.35,70.65,28.43,63.3,2.79,TNP_0005,1,2016
2016-07-30 13:00:00+00:00,0.0,0.0,26.7,71.9,2.64,TNP_0005,1,2016
2016-07-30 14:00:00+00:00,0.0,0.0,26.03,74.65,2.81,TNP_0005,1,2016
2016-07-30 15:00:00+00:00,0.0,0.0,25.38,77.64,2.89,TNP_0005,1,2016
2016-07-30 16:00:00+00:00,0.0,0.0,24.75,80.94,2.83,TNP_0005,1,2016
2016-07-30 17:00:00+00:00,0.0,0.0,24.12,83.99,2.87,TNP_0005,1,2016
2016-07-30 18:00:00+00:00,0.0,0.0,23.46,87.13,2.91,TNP_0005,1,2016
2016-07-30 19:00:00+00:00,0.0,0.0,22.82,90.06,2.84,TNP_0005,1,2016
2016-07-30 20:00:00+00:00,0.0,0.0,22.15,93.16,2.63,TNP_0005,1,2016
2016-07-30 21:00:00+00:00,0.0,0.0,21.58,95.52,2.57,TNP_0005,1,2016
2016-07-30 22:00:00+00:00,0.0,0.0,21.15,97.13,2.6,TNP_0005,1,2016
2016-07-30 23:00:00+00:00,0.0,0.0,20.64,98.79,2.37,TNP_0005,1,2016
2016-07-31 00:00:00+00:00,4.97,5.3,20.33,99.22,2.22,TNP_0005,1,2016
2016-07-31 01:00:00+00:00,103.12,123.0,22.06,88.97,3.62,TNP_0005,1,2016
2016-07-31 02:00:00+00:00,281.42,346.88,24.6,73.11,5.33,TNP_0005,1,2016
2016-07-31 03:00:00+00:00,509.33,574.08,27.65,57.38,6.31,TNP_0005,1,2016
2016-07-31 04:00:00+00:00,709.08,763.53,30.51,47.79,6.51,TNP_0005,1,2016
2016-07-31 05:00:00+00:00,870.72,895.1,32.87,41.64,6.61,TNP_0005,1,2016
2016-07-31 06:00:00+00:00,934.0,960.88,34.57,37.46,6.74,TNP_0005,1,2016
2016-07-31 07:00:00+00:00,916.83,948.85,35.66,34.73,6.81,TNP_0005,1,2016
2016-07-31 08:00:00+00:00,822.8,864.12,36.13,33.47,6.81,TNP_0005,1,2016
2016-07-31 09:00:00+00:00,650.85,713.28,35.93,33.51,6.9,TNP_0005,1,2016
2016-07-31 10:00:00+00:00,450.42,511.58,35.12,34.84,6.95,TNP_0005,1,2016
2016-07-31 11:00:00+00:00,249.02,282.9,33.67,38.13,6.59,TNP_0005,1,2016
2016-07-31 12:00:00+00:00,70.53,77.75,31.14,46.65,4.9,TNP_0005,1,2016
2016-07-31 13:00:00+00:00,0.0,0.0,28.41,57.38,3.74,TNP_0005,1,2016
2016-07-31 14:00:00+00:00,0.0,0.0,27.42,61.58,3.79,TNP_0005,1,2016
2016-07-31 15:00:00+00:00,0.0,0.0,26.43,67.6,3.36,TNP_0005,1,2016
2016-07-31 16:00:00+00:00,0.0,0.0,25.59,73.14,3.2,TNP_0005,1,2016
2016-07-31 17:00:00+00:00,0.0,0.0,24.81,78.12,3.31,TNP_0005,1,2016
2016-07-31 18:00:00+00:00,0.0,0.0,24.1,82.78,3.28,TNP_0005,1,2016
2016-07-31 19:00:00+00:00,0.0,0.0,23.46,86.54,3.1,TNP_0005,1,2016
2016-07-31 20:00:00+00:00,0.0,0.0,22.89,89.61,2.81,TNP_0005,1,2016
2016-07-31 21:00:00+00:00,0.0,0.0,22.36,92.17,2.31,TNP_0005,1,2016
2016-07-31 22:00:00+00:00,0.0,0.0,21.92,93.92,1.97,TNP_0005,1,2016
2016-07-31 23:00:00+00:00,0.0,0.0,21.58,95.16,1.82,TNP_0005,1,2016
2016-08-01 00:00:00+00:00,5.1,5.2,21.51,95.2,1.82,TNP_0005,1,2016
2016-08-01 01:00:00+00:00,108.38,124.6,23.23,85.6,3.36,TNP_0005,1,2016
2016-08-01 02:00:00+00:00,307.15,351.9,25.67,72.52,5.38,TNP_0005,1,2016
2016-08-01 03:00:00+00:00,496.9,575.7,28.24,60.52,6.53,TNP_0005,1,2016
2016-08-01 04:00:00+00:00,658.6,765.42,30.52,50.94,7.22,TNP_0005,1,2016
2016-08-01 05:00:00+00:00,725.0,896.95,32.3,44.29,7.57,TNP_0005,1,2016
2016-08-01 06:00:00+00:00,897.22,955.5,33.49,39.91,7.76,TNP_0005,1,2016
2016-08-01 07:00:00+00:00,882.35,943.3,34.21,37.16,7.84,TNP_0005,1,2016
2016-08-01 08:00:00+00:00,665.78,857.08,34.36,36.42,7.82,TNP_0005,1,2016
2016-08-01 09:00:00+00:00,575.12,708.55,33.78,38.21,7.74,TNP_0005,1,2016
2016-08-01 10:00:00+00:00,378.35,508.6,32.64,41.97,7.59,TNP_0005,1,2016
2016-08-01 11:00:00+00:00,201.6,279.25,31.25,46.94,6.93,TNP_0005,1,2016
2016-08-01 12:00:00+00:00,59.17,74.15,29.48,54.22,5.5,TNP_0005,1,2016
2016-08-01 13:00:00+00:00,0.0,0.0,27.73,62.5,4.41,TNP_0005,1,2016
2016-08-01 14:00:00+00:00,0.0,0.0,26.84,67.56,4.27,TNP_0005,1,2016
2016-08-01 15:00:00+00:00,0.0,0.0,26.09,71.98,4.43,TNP_0005,1,2016
2016-08-01 16:00:00+00:00,0.0,0.0,25.42,75.63,4.37,TNP_0005,1,2016
2016-08-01 17:00:00+00:00,0.0,0.0,24.77,78.68,4.13,TNP_0005,1,2016
2016-08-01 18:00:00+00:00,0.0,0.0,24.19,81.0,3.91,TNP_0005,1,2016
2016-08-01 19:00:00+00:00,0.0,0.0,23.67,82.82,3.74,TNP_0005,1,2016
2016-08-01 20:00:00+00:00,0.0,0.0,23.25,84.08,3.62,TNP_0005,1,2016
2016-08-01 21:00:00+00:00,0.0,0.0,22.84,85.6,3.42,TNP_0005,1,2016
2016-08-01 22:00:00+00:00,0.0,0.0,22.37,87.66,3.14,TNP_0005,1,2016
2016-08-01 23:00:00+00:00,0.0,0.0,21.99,89.37,3.13,TNP_0005,1,2016
2016-08-02 00:00:00+00:00,4.8,5.47,21.82,90.21,3.35,TNP_0005,1,2016
2016-08-02 01:00:00+00:00,91.97,135.02,23.15,83.47,4.54,TNP_0005,1,2016
2016-08-02 02:00:00+00:00,259.52,367.7,25.46,72.3,6.22,TNP_0005,1,2016
2016-08-02 03:00:00+00:00,442.17,595.7,27.89,61.2,7.26,TNP_0005,1,2016
2016-08-02 04:00:00+00:00,560.47,785.65,29.94,52.64,7.89,TNP_0005,1,2016
2016-08-02 05:00:00+00:00,797.67,918.97,31.56,46.41,8.11,TNP_0005,1,2016
2016-08-02 06:00:00+00:00,813.17,947.92,32.71,42.3,8.15,TNP_0005,1,2016
2016-08-02 07:00:00+00:00,641.33,942.8,33.3,40.02,8.18,TNP_0005,1,2016
2016-08-02 08:00:00+00:00,736.28,864.25,33.37,39.53,8.29,TNP_0005,1,2016
2016-08-02 09:00:00+00:00,610.5,720.6,32.99,40.71,8.48,TNP_0005,1,2016
2016-08-02 10:00:00+00:00,405.55,522.75,32.07,43.13,8.51,TNP_0005,1,2016
2016-08-02 11:00:00+00:00,220.82,294.55,30.64,47.22,7.98,TNP_0005,1,2016
2016-08-02 12:00:00+00:00,62.75,80.47,28.74,53.91,6.58,TNP_0005,1,2016
2016-08-02 13:00:00+00:00,0.0,0.0,26.79,62.33,5.2,TNP_0005,1,2016
2016-08-02 14:00:00+00:00,0.0,0.0,25.78,67.51,4.74,TNP_0005,1,2016
2016-08-02 15:00:00+00:00,0.0,0.0,24.95,72.38,4.3,TNP_0005,1,2016
2016-08-02 16:00:00+00:00,0.0,0.0,24.25,76.86,3.94,TNP_0005,1,2016
2016-08-02 17:00:00+00:00,0.0,0.0,23.61,80.83,3.66,TNP_0005,1,2016
2016-08-02 18:00:00+00:00,0.0,0.0,23.17,83.44,3.85,TNP_0005,1,2016
2016-08-02 19:00:00+00:00,0.0,0.0,22.83,85.37,4.01,TNP_0005,1,2016
2016-08-02 20:00:00+00:00,0.0,0.0,22.53,87.22,3.95,TNP_0005,1,2016
2016-08-02 21:00:00+00:00,0.0,0.0,22.26,88.85,3.75,TNP_0005,1,2016
2016-08-02 22:00:00+00:00,0.0,0.0,22.01,90.27,3.53,TNP_0005,1,2016
2016-08-02 23:00:00+00:00,0.0,0.0,21.85,91.12,3.46,TNP_0005,1,2016
2016-08-03 00:00:00+00:00,5.07,5.2,21.81,91.33,3.48,TNP_0005,1,2016
2016-08-03 01:00:00+00:00,109.82,123.25,23.4,83.2,4.61,TNP_0005,1,2016
2016-08-03 02:00:00+00:00,312.38,347.27,25.93,70.95,6.34,TNP_0005,1,2016
2016-08-03 03:00:00+00:00,560.55,575.17,28.44,59.76,7.77,TNP_0005,1,2016
2016-08-03 04:00:00+00:00,763.65,766.95,30.76,50.54,8.67,TNP_0005,1,2016
2016-08-03 05:00:00+00:00,878.95,902.0,32.71,43.79,9.26,TNP_0005,1,2016
2016-08-03 06:00:00+00:00,885.65,950.67,34.04,39.63,9.53,TNP_0005,1,2016
2016-08-03 07:00:00+00:00,813.95,948.22,34.75,37.41,9.65,TNP_0005,1,2016
2016-08-03 08:00:00+00:00,657.12,868.95,34.74,37.45,9.75,TNP_0005,1,2016
2016-08-03 09:00:00+00:00,600.33,723.15,34.16,38.92,9.57,TNP_0005,1,2016
2016-08-03 10:00:00+00:00,428.92,521.72,33.16,41.33,9.03,TNP_0005,1,2016
2016-08-03 11:00:00+00:00,212.57,289.08,31.76,45.2,8.16,TNP_0005,1,2016
2016-08-03 12:00:00+00:00,54.6,77.1,29.87,51.81,6.48,TNP_0005,1,2016
2016-08-03 13:00:00+00:00,0.0,0.0,27.76,60.94,4.78,TNP_0005,1,2016
2016-08-03 14:00:00+00:00,0.0,0.0,26.57,67.54,3.91,TNP_0005,1,2016
2016-08-03 15:00:00+00:00,0.0,0.0,25.63,73.01,3.6,TNP_0005,1,2016
2016-08-03 16:00:00+00:00,0.0,0.0,24.83,77.84,3.28,TNP_0005,1,2016
2016-08-03 17:00:00+00:00,0.0,0.0,24.18,81.61,3.11,TNP_0005,1,2016
2016-08-03 18:00:00+00:00,0.0,0.0,23.67,84.32,3.11,TNP_0005,1,2016
2016-08-03 19:00:00+00:00,0.0,0.0,23.26,86.36,3.14,TNP_0005,1,2016
2016-08-03 20:00:00+00:00,0.0,0.0,22.93,87.98,3.14,TNP_0005,1,2016
2016-08-03 21:00:00+00:00,0.0,0.0,22.65,89.28,3.12,TNP_0005,1,2016
2016-08-03 22:00:00+00:00,0.0,0.0,22.5,90.04,3.13,TNP_0005,1,2016
2016-08-03 23:00:00+00:00,0.0,0.0,22.39,90.61,2.9,TNP_0005,1,2016
2016-08-04 00:00:00+00:00,4.28,5.2,22.28,91.32,2.42,TNP_0005,1,2016
2016-08-04 01:00:00+00:00,97.9,124.78,23.64,84.22,3.26,TNP_0005,1,2016
2016-08-04 02:00:00+00:00,284.92,347.92,25.9,72.59,5.21,TNP_0005,1,2016
2016-08-04 03:00:00+00:00,558.05,573.4,28.03,62.3,6.55,TNP_0005,1,2016
2016-08-04 04:00:00+00:00,681.28,761.65,29.78,54.68,7.12,TNP_0005,1,2016
2016-08-04 05:00:00+00:00,660.22,892.45,31.42,48.33,7.4,TNP_0005,1,2016
2016-08-04 06:00:00+00:00,733.8,948.95,32.69,43.61,7.61,TNP_0005,1,2016
2016-08-04 07:00:00+00:00,551.45,935.78,33.24,41.06,7.91,TNP_0005,1,2016
2016-08-04 08:00:00+00:00,518.7,850.65,33.42,39.9,8.1,TNP_0005,1,2016
2016-08-04 09:00:00+00:00,438.92,699.9,33.18,40.33,8.03,TNP_0005,1,2016
2016-08-04 10:00:00+00:00,306.88,497.3,32.42,42.57,7.57,TNP_0005,1,2016
2016-08-04 11:00:00+00:00,167.27,268.9,31.22,46.6,6.86,TNP_0005,1,2016
2016-08-04 12:00:00+00:00,44.05,69.15,29.44,53.46,5.56,TNP_0005,1,2016
2016-08-04 13:00:00+00:00,0.0,0.0,27.65,60.97,4.62,TNP_0005,1,2016
2016-08-04 14:00:00+00:00,0.0,0.0,26.66,65.95,4.04,TNP_0005,1,2016
2016-08-04 15:00:00+00:00,0.0,0.0,25.77,71.0,3.76,TNP_0005,1,2016
2016-08-04 16:00:00+00:00,0.0,0.0,25.0,75.53,3.57,TNP_0005,1,2016
2016-08-04 17:00:00+00:00,0.0,0.0,24.35,79.33,3.36,TNP_0005,1,2016
2016-08-04 18:00:00+00:00,0.0,0.0,23.86,81.97,3.36,TNP_0005,1,2016
2016-08-04 19:00:00+00:00,0.0,0.0,23.52,83.59,3.57,TNP_0005,1,2016
2016-08-04 20:00:00+00:00,0.0,0.0,23.24,84.89,3.71,TNP_0005,1,2016
2016-08-04 21:00:00+00:00,0.0,0.0,22.98,86.35,3.32,TNP_0005,1,2016
2016-08-04 22:00:00+00:00,0.0,0.0,22.72,87.89,2.75,TNP_0005,1,2016
2016-08-04 23:00:00+00:00,0.0,0.0,22.47,89.27,2.38,TNP_0005,1,2016
2016-08-05 00:00:00+00:00,3.7,5.18,22.43,89.77,2.14,TNP_0005,1,2016
2016-08-05 01:00:00+00:00,80.22,130.48,23.91,82.16,3.1,TNP_0005,1,2016
2016-08-05 02:00:00+00:00,236.02,360.95,25.94,71.08,4.61,TNP_0005,1,2016
2016-08-05 03:00:00+00:00,404.12,587.95,27.98,60.56,5.99,TNP_0005,1,2016
2016-08-05 04:00:00+00:00,521.33,776.15,29.84,52.21,6.91,TNP_0005,1,2016
2016-08-05 05:00:00+00:00,603.22,907.15,30.96,47.71,7.46,TNP_0005,1,2016
2016-08-05 06:00:00+00:00,656.1,936.92,31.73,45.14,7.56,TNP_0005,1,2016
2016-08-05 07:00:00+00:00,710.55,928.55,32.71,42.76,7.45,TNP_0005,1,2016
2016-08-05 08:00:00+00:00,523.45,846.28,33.47,41.33,7.49,TNP_0005,1,2016
2016-08-05 09:00:00+00:00,418.75,698.9,33.18,42.13,7.78,TNP_0005,1,2016
2016-08-05 10:00:00+00:00,271.25,497.9,32.19,44.44,7.87,TNP_0005,1,2016
2016-08-05 11:00:00+00:00,138.38,261.1,31.12,47.38,7.07,TNP_0005,1,2016
2016-08-05 12:00:00+00:00,36.6,67.53,29.68,52.72,5.42,TNP_0005,1,2016
2016-08-05 13:00:00+00:00,0.0,0.0,27.77,60.59,4.47,TNP_0005,1,2016
2016-08-05 14:00:00+00:00,0.0,0.0,26.79,65.1,4.34,TNP_0005,1,2016
2016-08-05 15:00:00+00:00,0.0,0.0,25.86,70.39,3.95,TNP_0005,1,2016
2016-08-05 16:00:00+00:00,0.0,0.0,24.93,75.9,3.43,TNP_0005,1,2016
2016-08-05 17:00:00+00:00,0.0,0.0,24.32,79.61,3.34,TNP_0005,1,2016
2016-08-05 18:00:00+00:00,0.0,0.0,23.8,82.44,3.42,TNP_0005,1,2016
2016-08-05 19:00:00+00:00,0.0,0.0,23.35,84.69,3.45,TNP_0005,1,2016
2016-08-05 20:00:00+00:00,0.0,0.0,22.94,86.59,3.38,TNP_0005,1,2016
2016-08-05 21:00:00+00:00,0.0,0.0,22.62,88.02,3.1,TNP_0005,1,2016
2016-08-05 22:00:00+00:00,0.0,0.0,22.35,89.31,2.78,TNP_0005,1,2016
2016-08-05 23:00:00+00:00,0.0,0.0,22.14,90.39,2.56,TNP_0005,1,2016
2016-08-06 00:00:00+00:00,4.03,5.07,22.15,90.37,2.59,TNP_0005,1,2016
2016-08-06 01:00:00+00:00,86.95,129.1,23.85,81.53,3.98,TNP_0005,1,2016
2016-08-06 02:00:00+00:00,257.48,359.15,26.18,69.85,5.57,TNP_0005,1,2016
2016-08-06 03:00:00+00:00,470.8,585.92,28.53,58.83,6.53,TNP_0005,1,2016
2016-08-06 04:00:00+00:00,690.45,776.33,30.59,50.17,7.01,TNP_0005,1,2016
2016-08-06 05:00:00+00:00,858.78,909.2,32.23,44.15,7.13,TNP_0005,1,2016
2016-08-06 06:00:00+00:00,940.65,961.58,33.5,40.04,6.9,TNP_0005,1,2016
2016-08-06 07:00:00+00:00,904.55,952.05,34.14,37.79,6.7,TNP_0005,1,2016
2016-08-06 08:00:00+00:00,798.6,869.03,34.4,36.81,6.53,TNP_0005,1,2016
2016-08-06 09:00:00+00:00,640.58,717.8,34.2,37.32,6.61,TNP_0005,1,2016
2016-08-06 10:00:00+00:00,443.7,512.42,33.37,39.62,6.78,TNP_0005,1,2016
2016-08-06 11:00:00+00:00,220.95,270.38,32.12,43.64,6.35,TNP_0005,1,2016
2016-08-06 12:00:00+00:00,60.12,66.75,30.17,51.46,4.75,TNP_0005,1,2016
2016-08-06 13:00:00+00:00,0.0,0.0,27.87,62.11,3.42,TNP_0005,1,2016
2016-08-06 14:00:00+00:00,0.0,0.0,26.87,67.41,3.13,TNP_0005,1,2016
2016-08-06 15:00:00+00:00,0.0,0.0,25.93,72.97,2.75,TNP_0005,1,2016
2016-08-06 16:00:00+00:00,0.0,0.0,25.25,76.93,2.79,TNP_0005,1,2016
2016-08-06 17:00:00+00:00,0.0,0.0,24.72,79.68,3.09,TNP_0005,1,2016
2016-08-06 18:00:00+00:00,0.0,0.0,24.22,82.6,3.08,TNP_0005,1,2016
2016-08-06 19:00:00+00:00,0.0,0.0,23.71,85.31,2.74,TNP_0005,1,2016
2016-08-06 20:00:00+00:00,0.0,0.0,23.25,87.65,2.18,TNP_0005,1,2016
2016-08-06 21:00:00+00:00,0.0,0.0,22.88,89.35,1.86,TNP_0005,1,2016
2016-08-06 22:00:00+00:00,0.0,0.0,22.53,90.78,1.77,TNP_0005,1,2016
2016-08-06 23:00:00+00:00,0.0,0.0,22.27,91.76,1.86,TNP_0005,1,2016
2016-08-07 00:00:00+00:00,4.97,5.2,22.22,91.85,2.11,TNP_0005,1,2016
2016-08-07 01:00:00+00:00,127.62,134.05,23.53,84.62,3.45,TNP_0005,1,2016
2016-08-07 02:00:00+00:00,354.58,365.95,25.62,73.51,4.99,TNP_0005,1,2016
2016-08-07 03:00:00+00:00,593.42,593.62,28.03,62.44,5.77,TNP_0005,1,2016
2016-08-07 04:00:00+00:00,783.45,783.8,30.58,52.42,5.96,TNP_0005,1,2016
2016-08-07 05:00:00+00:00,916.53,918.0,32.85,44.92,5.93,TNP_0005,1,2016
2016-08-07 06:00:00+00:00,938.05,960.03,34.43,40.33,5.87,TNP_0005,1,2016
2016-08-07 07:00:00+00:00,848.75,951.75,35.29,37.79,6.02,TNP_0005,1,2016
2016-08-07 08:00:00+00:00,707.3,868.92,35.94,35.98,6.27,TNP_0005,1,2016
2016-08-07 09:00:00+00:00,591.17,719.85,35.8,35.97,6.45,TNP_0005,1,2016
2016-08-07 10:00:00+00:00,441.95,517.2,34.71,38.34,6.39,TNP_0005,1,2016
2016-08-07 11:00:00+00:00,219.3,283.95,33.23,42.25,6.03,TNP_0005,1,2016
2016-08-07 12:00:00+00:00,58.58,71.95,31.21,49.67,4.5,TNP_0005,1,2016
2016-08-07 13:00:00+00:00,0.0,0.0,29.11,59.44,3.33,TNP_0005,1,2016
2016-08-07 14:00:00+00:00,0.0,0.0,28.11,63.47,3.28,TNP_0005,1,2016
2016-08-07 15:00:00+00:00,0.0,0.0,27.25,67.0,3.37,TNP_0005,1,2016
2016-08-07 16:00:00+00:00,0.0,0.0,26.37,70.98,3.48,TNP_0005,1,2016
2016-08-07 17:00:00+00:00,0.0,0.0,25.61,74.62,3.43,TNP_0005,1,2016
2016-08-07 18:00:00+00:00,0.0,0.0,24.95,77.76,3.3,TNP_0005,1,2016
2016-08-07 19:00:00+00:00,0.0,0.0,24.37,80.44,3.25,TNP_0005,1,2016
2016-08-07 20:00:00+00:00,0.0,0.0,23.9,82.68,3.19,TNP_0005,1,2016
2016-08-07 21:00:00+00:00,0.0,0.0,23.45,85.35,2.55,TNP_0005,1,2016
2016-08-07 22:00:00+00:00,0.0,0.0,23.15,87.02,2.24,TNP_0005,1,2016
2016-08-07 23:00:00+00:00,0.0,0.0,22.94,87.91,2.2,TNP_0005,1,2016
2016-08-08 00:00:00+00:00,4.9,5.05,22.76,88.64,2.22,TNP_0005,1,2016
2016-08-08 01:00:00+00:00,125.75,128.93,23.81,82.16,3.54,TNP_0005,1,2016
2016-08-08 02:00:00+00:00,352.02,357.55,25.75,70.77,5.06,TNP_0005,1,2016
2016-08-08 03:00:00+00:00,585.2,585.45,28.01,59.09,5.98,TNP_0005,1,2016
2016-08-08 04:00:00+00:00,776.55,776.58,30.13,49.7,6.38,TNP_0005,1,2016
2016-08-08 05:00:00+00:00,907.9,912.12,31.71,44.1,6.22,TNP_0005,1,2016
2016-08-08 06:00:00+00:00,967.95,975.7,32.88,40.81,5.69,TNP_0005,1,2016
2016-08-08 07:00:00+00:00,957.65,964.47,33.87,38.56,5.17,TNP_0005,1,2016
2016-08-08 08:00:00+00:00,806.35,880.45,34.3,37.65,4.94,TNP_0005,1,2016
2016-08-08 09:00:00+00:00,674.97,728.88,33.97,38.47,4.83,TNP_0005,1,2016
2016-08-08 10:00:00+00:00,477.55,522.75,33.36,40.36,4.66,TNP_0005,1,2016
2016-08-08 11:00:00+00:00,250.9,285.65,32.37,44.67,3.92,TNP_0005,1,2016
2016-08-08 12:00:00+00:00,63.55,70.93,30.3,56.52,2.73,TNP_0005,1,2016
2016-08-08 13:00:00+00:00,0.0,0.0,28.47,63.97,2.84,TNP_0005,1,2016
2016-08-08 14:00:00+00:00,0.0,0.0,27.62,66.83,3.13,TNP_0005,1,2016
2016-08-08 15:00:00+00:00,0.0,0.0,26.9,70.24,3.36,TNP_0005,1,2016
2016-08-08 16:00:00+00:00,0.0,0.0,26.14,74.27,3.51,TNP_0005,1,2016
2016-08-08 17:00:00+00:00,0.0,0.0,25.44,77.92,3.53,TNP_0005,1,2016
2016-08-08 18:00:00+00:00,0.0,0.0,24.85,80.91,3.4,TNP_0005,1,2016
2016-08-08 19:00:00+00:00,0.0,0.0,24.37,83.2,3.25,TNP_0005,1,2016
2016-08-08 20:00:00+00:00,0.0,0.0,24.14,84.15,3.21,TNP_0005,1,2016
2016-08-08 21:00:00+00:00,0.0,0.0,23.93,85.04,2.94,TNP_0005,1,2016
2016-08-08 22:00:00+00:00,0.0,0.0,23.67,86.29,2.41,TNP_0005,1,2016
2016-08-08 23:00:00+00:00,0.0,0.0,23.4,87.36,2.22,TNP_0005,1,2016
2016-08-09 00:00:00+00:00,4.75,4.9,23.21,87.63,2.49,TNP_0005,1,2016
2016-08-09 01:00:00+00:00,118.53,129.57,24.19,80.97,3.78,TNP_0005,1,2016
2016-08-09 02:00:00+00:00,330.0,359.27,26.49,67.74,5.38,TNP_0005,1,2016
2016-08-09 03:00:00+00:00,558.97,587.0,29.15,55.76,6.04,TNP_0005,1,2016
2016-08-09 04:00:00+00:00,712.42,776.62,31.49,47.29,5.88,TNP_0005,1,2016
2016-08-09 05:00:00+00:00,884.17,908.75,33.44,41.56,5.41,TNP_0005,1,2016
2016-08-09 06:00:00+00:00,939.4,965.38,35.01,37.5,5.0,TNP_0005,1,2016
2016-08-09 07:00:00+00:00,789.4,955.25,36.1,34.58,4.74,TNP_0005,1,2016
2016-08-09 08:00:00+00:00,814.58,871.05,36.53,33.04,4.61,TNP_0005,1,2016
2016-08-09 09:00:00+00:00,616.65,719.85,36.35,32.81,4.76,TNP_0005,1,2016
2016-08-09 10:00:00+00:00,398.67,515.67,35.52,34.29,4.97,TNP_0005,1,2016
2016-08-09 11:00:00+00:00,208.27,281.45,33.95,38.84,4.91,TNP_0005,1,2016
2016-08-09 12:00:00+00:00,54.92,69.65,31.73,49.27,4.12,TNP_0005,1,2016
2016-08-09 13:00:00+00:00,0.0,0.0,29.64,58.31,3.98,TNP_0005,1,2016
2016-08-09 14:00:00+00:00,0.0,0.0,28.65,61.99,4.37,TNP_0005,1,2016
2016-08-09 15:00:00+00:00,0.0,0.0,27.67,66.46,4.18,TNP_0005,1,2016
2016-08-09 16:00:00+00:00,0.0,0.0,26.81,71.07,3.93,TNP_0005,1,2016
2016-08-09 17:00:00+00:00,0.0,0.0,26.08,74.52,4.03,TNP_0005,1,2016
2016-08-09 18:00:00+00:00,0.0,0.0,25.41,77.46,4.08,TNP_0005,1,2016
2016-08-09 19:00:00+00:00,0.0,0.0,24.82,80.09,3.92,TNP_0005,1,2016
2016-08-09 20:00:00+00:00,0.0,0.0,24.31,82.38,3.78,TNP_0005,1,2016
2016-08-09 21:00:00+00:00,0.0,0.0,23.9,84.09,3.45,TNP_0005,1,2016
2016-08-09 22:00:00+00:00,0.0,0.0,23.55,85.46,3.02,TNP_0005,1,2016
2016-08-09 23:00:00+00:00,0.0,0.0,23.24,86.45,2.7,TNP_0005,1,2016
2016-08-10 00:00:00+00:00,4.88,5.0,23.05,86.89,2.5,TNP_0005,1,2016
2016-08-10 01:00:00+00:00,128.0,131.15,24.16,79.79,3.52,TNP_0005,1,2016
2016-08-10 02:00:00+00:00,355.48,361.85,26.52,67.1,5.13,TNP_0005,1,2016
2016-08-10 03:00:00+00:00,590.12,590.5,29.19,55.68,5.93,TNP_0005,1,2016
2016-08-10 04:00:00+00:00,778.03,780.67,31.6,47.63,5.88,TNP_0005,1,2016
2016-08-10 05:00:00+00:00,906.88,913.1,33.68,41.84,5.46,TNP_0005,1,2016
2016-08-10 06:00:00+00:00,963.53,977.25,35.25,37.78,5.05,TNP_0005,1,2016
2016-08-10 07:00:00+00:00,888.22,963.75,36.15,35.35,4.77,TNP_0005,1,2016
2016-08-10 08:00:00+00:00,746.47,877.47,36.39,34.27,4.57,TNP_0005,1,2016
2016-08-10 09:00:00+00:00,644.47,725.17,36.1,34.41,4.49,TNP_0005,1,2016
2016-08-10 10:00:00+00:00,465.6,518.9,35.0,36.54,4.39,TNP_0005,1,2016
2016-08-10 11:00:00+00:00,235.25,280.52,33.86,39.64,4.19,TNP_0005,1,2016
2016-08-10 12:00:00+00:00,59.05,67.9,31.76,49.64,3.04,TNP_0005,1,2016
2016-08-10 13:00:00+00:00,0.0,0.0,29.83,58.9,2.76,TNP_0005,1,2016
2016-08-10 14:00:00+00:00,0.0,0.0,29.01,61.96,2.91,TNP_0005,1,2016
2016-08-10 15:00:00+00:00,0.0,0.0,28.14,65.5,2.99,TNP_0005,1,2016
2016-08-10 16:00:00+00:00,0.0,0.0,27.29,69.08,3.02,TNP_0005,1,2016
2016-08-10 17:00:00+00:00,0.0,0.0,26.5,72.86,2.94,TNP_0005,1,2016
2016-08-10 18:00:00+00:00,0.0,0.0,25.84,75.97,2.92,TNP_0005,1,2016
2016-08-10 19:00:00+00:00,0.0,0.0,25.22,78.6,2.93,TNP_0005,1,2016
2016-08-10 20:00:00+00:00,0.0,0.0,24.63,80.99,2.98,TNP_0005,1,2016
2016-08-10 21:00:00+00:00,0.0,0.0,24.06,83.53,2.78,TNP_0005,1,2016
2016-08-10 22:00:00+00:00,0.0,0.0,23.48,86.07,2.57,TNP_0005,1,2016
2016-08-10 23:00:00+00:00,0.0,0.0,23.0,88.01,2.36,TNP_0005,1,2016
2016-08-11 00:00:00+00:00,4.03,4.93,22.69,89.17,2.2,TNP_0005,1,2016
2016-08-11 01:00:00+00:00,108.18,129.9,23.93,81.39,3.45,TNP_0005,1,2016
2016-08-11 02:00:00+00:00,314.65,361.77,26.32,68.27,4.91,TNP_0005,1,2016
2016-08-11 03:00:00+00:00,572.15,591.9,28.98,56.39,5.31,TNP_0005,1,2016
2016-08-11 04:00:00+00:00,760.17,783.2,31.16,48.05,4.99,TNP_0005,1,2016
2016-08-11 05:00:00+00:00,911.08,917.03,32.87,42.73,4.37,TNP_0005,1,2016
2016-08-11 06:00:00+00:00,961.95,964.47,34.53,38.4,3.94,TNP_0005,1,2016
2016-08-11 07:00:00+00:00,921.5,952.5,35.81,35.24,3.66,TNP_0005,1,2016
2016-08-11 08:00:00+00:00,795.9,865.3,36.2,33.89,3.53,TNP_0005,1,2016
2016-08-11 09:00:00+00:00,640.08,710.8,35.8,34.37,3.66,TNP_0005,1,2016
2016-08-11 10:00:00+00:00,442.0,503.45,34.81,36.59,3.78,TNP_0005,1,2016
2016-08-11 11:00:00+00:00,229.07,269.62,33.56,40.51,3.7,TNP_0005,1,2016
2016-08-11 12:00:00+00:00,57.9,63.6,31.57,51.36,2.78,TNP_0005,1,2016
2016-08-11 13:00:00+00:00,0.0,0.0,29.7,61.35,2.69,TNP_0005,1,2016
2016-08-11 14:00:00+00:00,0.0,0.0,28.9,64.35,3.0,TNP_0005,1,2016
2016-08-11 15:00:00+00:00,0.0,0.0,28.13,67.49,3.18,TNP_0005,1,2016
2016-08-11 16:00:00+00:00,0.0,0.0,27.42,70.16,3.56,TNP_0005,1,2016
2016-08-11 17:00:00+00:00,0.0,0.0,26.8,72.42,3.72,TNP_0005,1,2016
2016-08-11 18:00:00+00:00,0.0,0.0,26.23,74.42,4.13,TNP_0005,1,2016
2016-08-11 19:00:00+00:00,0.0,0.0,25.63,76.8,4.34,TNP_0005,1,2016
2016-08-11 20:00:00+00:00,0.0,0.0,25.05,79.32,4.12,TNP_0005,1,2016
2016-08-11 21:00:00+00:00,0.0,0.0,24.6,80.97,4.04,TNP_0005,1,2016
2016-08-11 22:00:00+00:00,0.0,0.0,24.23,81.76,3.75,TNP_0005,1,2016
2016-08-11 23:00:00+00:00,0.0,0.0,23.81,83.55,3.12,TNP_0005,1,2016
2016-08-12 00:00:00+00:00,4.75,4.95,23.49,84.78,2.84,TNP_0005,1,2016
2016-08-12 01:00:00+00:00,127.15,131.5,24.57,77.97,3.97,TNP_0005,1,2016
2016-08-12 02:00:00+00:00,353.45,365.95,26.95,65.39,5.27,TNP_0005,1,2016
2016-08-12 03:00:00+00:00,591.17,597.35,29.75,53.31,5.69,TNP_0005,1,2016
2016-08-12 04:00:00+00:00,787.25,789.22,32.23,45.09,5.42,TNP_0005,1,2016
2016-08-12 05:00:00+00:00,918.08,922.45,34.06,40.23,4.81,TNP_0005,1,2016
2016-08-12 06:00:00+00:00,964.62,965.83,34.55,38.86,4.18,TNP_0005,1,2016
2016-08-12 07:00:00+00:00,900.62,951.75,34.68,38.45,3.72,TNP_0005,1,2016
2016-08-12 08:00:00+00:00,789.9,861.7,34.53,38.82,3.53,TNP_0005,1,2016
2016-08-12 09:00:00+00:00,637.97,699.97,34.0,40.27,3.55,TNP_0005,1,2016
2016-08-12 10:00:00+00:00,410.92,476.5,33.3,42.56,3.63,TNP_0005,1,2016
2016-08-12 11:00:00+00:00,193.07,248.65,32.44,46.9,3.45,TNP_0005,1,2016
2016-08-12 12:00:00+00:00,48.92,58.9,30.74,57.59,3.01,TNP_0005,1,2016
2016-08-12 13:00:00+00:00,0.0,0.0,28.97,66.83,3.29,TNP_0005,1,2016
2016-08-12 14:00:00+00:00,0.0,0.0,28.13,70.4,3.77,TNP_0005,1,2016
2016-08-12 15:00:00+00:00,0.0,0.0,27.34,74.45,3.86,TNP_0005,1,2016
2016-08-12 16:00:00+00:00,0.0,0.0,26.65,78.27,3.57,TNP_0005,1,2016
2016-08-12 17:00:00+00:00,0.0,0.0,26.06,81.4,3.35,TNP_0005,1,2016
2016-08-12 18:00:00+00:00,0.0,0.0,25.56,83.8,3.17,TNP_0005,1,2016
2016-08-12 19:00:00+00:00,0.0,0.0,25.06,85.92,3.03,TNP_0005,1,2016
2016-08-12 20:00:00+00:00,0.0,0.0,24.5,87.92,2.91,TNP_0005,1,2016
2016-08-12 21:00:00+00:00,0.0,0.0,24.01,89.65,2.57,TNP_0005,1,2016
2016-08-12 22:00:00+00:00,0.0,0.0,23.62,90.68,2.37,TNP_0005,1,2016
2016-08-12 23:00:00+00:00,0.0,0.0,23.35,91.38,2.2,TNP_0005,1,2016
2016-08-13 00:00:00+00:00,3.88,4.75,23.15,91.89,2.08,TNP_0005,1,2016
2016-08-13 01:00:00+00:00,103.8,123.95,24.07,85.36,3.1,TNP_0005,1,2016
2016-08-13 02:00:00+00:00,306.2,350.88,26.15,73.16,4.64,TNP_0005,1,2016
2016-08-13 03:00:00+00:00,557.75,579.4,28.91,59.85,5.59,TNP_0005,1,2016
2016-08-13 04:00:00+00:00,758.33,769.75,31.33,50.8,5.7,TNP_0005,1,2016
2016-08-13 05:00:00+00:00,893.9,902.72,33.17,45.24,5.38,TNP_0005,1,2016
2016-08-13 06:00:00+00:00,898.25,960.78,34.65,41.22,4.99,TNP_0005,1,2016
2016-08-13 07:00:00+00:00,836.55,936.33,35.56,38.71,4.72,TNP_0005,1,2016
2016-08-13 08:00:00+00:00,758.78,847.3,35.77,37.83,4.66,TNP_0005,1,2016
2016-08-13 09:00:00+00:00,625.8,689.53,35.36,38.35,4.53,TNP_0005,1,2016
2016-08-13 10:00:00+00:00,399.4,480.5,34.48,40.29,4.19,TNP_0005,1,2016
2016-08-13 11:00:00+00:00,193.27,241.2,33.24,44.19,3.55,TNP_0005,1,2016
2016-08-13 12:00:00+00:00,44.22,54.72,31.25,55.79,2.35,TNP_0005,1,2016
2016-08-13 13:00:00+00:00,0.0,0.0,29.6,65.25,2.49,TNP_0005,1,2016
2016-08-13 14:00:00+00:00,0.0,0.0,28.75,67.62,2.98,TNP_0005,1,2016
2016-08-13 15:00:00+00:00,0.0,0.0,27.91,71.09,3.08,TNP_0005,1,2016
2016-08-13 16:00:00+00:00,0.0,0.0,27.19,73.87,3.27,TNP_0005,1,2016
2016-08-13 17:00:00+00:00,0.0,0.0,26.62,74.84,3.85,TNP_0005,1,2016
2016-08-13 18:00:00+00:00,0.0,0.0,25.92,77.12,3.9,TNP_0005,1,2016
2016-08-13 19:00:00+00:00,0.0,0.0,25.25,79.68,3.77,TNP_0005,1,2016
2016-08-13 20:00:00+00:00,0.0,0.0,24.69,81.95,3.6,TNP_0005,1,2016
2016-08-13 21:00:00+00:00,0.0,0.0,24.26,83.58,3.42,TNP_0005,1,2016
2016-08-13 22:00:00+00:00,0.0,0.0,23.91,84.86,3.2,TNP_0005,1,2016
2016-08-13 23:00:00+00:00,0.0,0.0,23.57,86.22,2.88,TNP_0005,1,2016
2016-08-14 00:00:00+00:00,2.75,4.55,23.31,87.36,2.65,TNP_0005,1,2016
2016-08-14 01:00:00+00:00,70.1,118.9,24.42,80.53,3.93,TNP_0005,1,2016
2016-08-14 02:00:00+00:00,227.05,344.95,26.68,68.1,5.81,TNP_0005,1,2016
2016-08-14 03:00:00+00:00,525.58,574.55,29.38,56.22,6.51,TNP_0005,1,2016
2016-08-14 04:00:00+00:00,749.78,766.62,31.83,47.36,6.55,TNP_0005,1,2016
2016-08-14 05:00:00+00:00,859.97,901.78,33.36,42.52,6.21,TNP_0005,1,2016
2016-08-14 06:00:00+00:00,848.28,936.75,34.34,39.48,5.75,TNP_0005,1,2016
2016-08-14 07:00:00+00:00,780.8,924.12,34.84,37.62,5.39,TNP_0005,1,2016
2016-08-14 08:00:00+00:00,648.7,835.83,34.83,36.97,5.27,TNP_0005,1,2016
2016-08-14 09:00:00+00:00,546.0,678.53,34.42,37.77,5.18,TNP_0005,1,2016
2016-08-14 10:00:00+00:00,367.83,469.35,33.86,39.36,5.18,TNP_0005,1,2016
2016-08-14 11:00:00+00:00,189.55,239.82,32.89,42.28,5.07,TNP_0005,1,2016
2016-08-14 12:00:00+00:00,43.05,55.12,31.0,50.53,3.74,TNP_0005,1,2016
2016-08-14 13:00:00+00:00,0.0,0.0,28.91,61.02,3.16,TNP_0005,1,2016
2016-08-14 14:00:00+00:00,0.0,0.0,28.03,65.01,3.33,TNP_0005,1,2016
2016-08-14 15:00:00+00:00,0.0,0.0,27.16,69.25,3.42,TNP_0005,1,2016
2016-08-14 16:00:00+00:00,0.0,0.0,26.31,73.73,3.23,TNP_0005,1,2016
2016-08-14 17:00:00+00:00,0.0,0.0,25.56,77.44,3.05,TNP_0005,1,2016
2016-08-14 18:00:00+00:00,0.0,0.0,24.95,79.95,3.19,TNP_0005,1,2016
2016-08-14 19:00:00+00:00,0.0,0.0,24.39,82.1,3.31,TNP_0005,1,2016
2016-08-14 20:00:00+00:00,0.0,0.0,23.91,84.08,3.06,TNP_0005,1,2016
2016-08-14 21:00:00+00:00,0.0,0.0,23.46,85.95,2.63,TNP_0005,1,2016
2016-08-14 22:00:00+00:00,0.0,0.0,23.09,87.15,2.35,TNP_0005,1,2016
2016-08-14 23:00:00+00:00,0.0,0.0,22.8,87.9,2.25,TNP_0005,1,2016
2016-08-15 00:00:00+00:00,4.45,4.57,22.66,87.97,2.29,TNP_0005,1,2016
2016-08-15 01:00:00+00:00,116.53,119.93,23.85,80.53,3.84,TNP_0005,1,2016
2016-08-15 02:00:00+00:00,333.1,344.3,26.35,67.78,5.67,TNP_0005,1,2016
2016-08-15 03:00:00+00:00,570.15,575.08,29.27,55.89,6.6,TNP_0005,1,2016
2016-08-15 04:00:00+00:00,739.22,768.5,31.84,47.13,7.04,TNP_0005,1,2016
2016-08-15 05:00:00+00:00,728.0,904.53,33.87,41.14,7.21,TNP_0005,1,2016
2016-08-15 06:00:00+00:00,868.3,974.88,35.41,36.96,7.18,TNP_0005,1,2016
2016-08-15 07:00:00+00:00,821.75,960.65,36.37,34.39,7.22,TNP_0005,1,2016
2016-08-15 08:00:00+00:00,602.88,871.0,36.64,33.4,7.34,TNP_0005,1,2016
2016-08-15 09:00:00+00:00,588.67,713.9,36.16,34.32,7.32,TNP_0005,1,2016
2016-08-15 10:00:00+00:00,409.0,504.62,34.75,37.64,6.89,TNP_0005,1,2016
2016-08-15 11:00:00+00:00,193.95,266.88,33.11,42.93,5.95,TNP_0005,1,2016
2016-08-15 12:00:00+00:00,47.45,60.33,30.88,53.03,4.44,TNP_0005,1,2016
2016-08-15 13:00:00+00:00,0.0,0.0,28.95,60.9,4.36,TNP_0005,1,2016
2016-08-15 14:00:00+00:00,0.0,0.0,27.92,64.73,4.53,TNP_0005,1,2016
2016-08-15 15:00:00+00:00,0.0,0.0,26.9,69.51,4.32,TNP_0005,1,2016
2016-08-15 16:00:00+00:00,0.0,0.0,26.1,72.77,4.49,TNP_0005,1,2016
2016-08-15 17:00:00+00:00,0.0,0.0,25.41,75.31,4.82,TNP_0005,1,2016
2016-08-15 18:00:00+00:00,0.0,0.0,24.73,78.27,4.66,TNP_0005,1,2016
2016-08-15 19:00:00+00:00,0.0,0.0,24.13,81.12,4.1,TNP_0005,1,2016
2016-08-15 20:00:00+00:00,0.0,0.0,23.64,83.45,3.54,TNP_0005,1,2016
2016-08-15 21:00:00+00:00,0.0,0.0,23.22,85.47,3.06,TNP_0005,1,2016
2016-08-15 22:00:00+00:00,0.0,0.0,22.95,86.55,2.99,TNP_0005,1,2016
2016-08-15 23:00:00+00:00,0.0,0.0,22.7,87.67,2.74,TNP_0005,1,2016
2016-08-16 00:00:00+00:00,3.45,4.82,22.57,88.42,2.57,TNP_0005,1,2016
2016-08-16 01:00:00+00:00,101.8,129.7,23.73,82.17,3.82,TNP_0005,1,2016
2016-08-16 02:00:00+00:00,294.8,362.73,26.06,70.36,5.64,TNP_0005,1,2016
2016-08-16 03:00:00+00:00,559.28,594.62,29.03,57.35,6.96,TNP_0005,1,2016
2016-08-16 04:00:00+00:00,733.95,787.05,31.69,47.19,7.55,TNP_0005,1,2016
2016-08-16 05:00:00+00:00,864.15,921.38,33.8,40.29,7.84,TNP_0005,1,2016
2016-08-16 06:00:00+00:00,844.45,949.03,35.27,36.17,7.88,TNP_0005,1,2016
2016-08-16 07:00:00+00:00,624.03,936.83,36.0,34.08,7.83,TNP_0005,1,2016
2016-08-16 08:00:00+00:00,576.0,847.42,36.11,33.51,7.75,TNP_0005,1,2016
2016-08-16 09:00:00+00:00,502.98,691.25,35.61,34.67,7.75,TNP_0005,1,2016
2016-08-16 10:00:00+00:00,326.1,488.88,34.67,37.15,7.72,TNP_0005,1,2016
2016-08-16 11:00:00+00:00,166.1,261.55,33.4,40.74,7.26,TNP_0005,1,2016
2016-08-16 12:00:00+00:00,37.5,59.72,31.5,46.72,5.98,TNP_0005,1,2016
2016-08-16 13:00:00+00:00,0.0,0.0,29.47,54.39,4.92,TNP_0005,1,2016
2016-08-16 14:00:00+00:00,0.0,0.0,28.31,59.31,4.78,TNP_0005,1,2016
2016-08-16 15:00:00+00:00,0.0,0.0,27.17,65.05,4.43,TNP_0005,1,2016
2016-08-16 16:00:00+00:00,0.0,0.0,26.18,70.72,4.29,TNP_0005,1,2016
2016-08-16 17:00:00+00:00,0.0,0.0,25.35,75.28,4.33,TNP_0005,1,2016
2016-08-16 18:00:00+00:00,0.0,0.0,24.69,78.54,4.47,TNP_0005,1,2016
2016-08-16 19:00:00+00:00,0.0,0.0,24.09,81.39,4.36,TNP_0005,1,2016
2016-08-16 20:00:00+00:00,0.0,0.0,23.6,83.64,4.18,TNP_0005,1,2016
2016-08-16 21:00:00+00:00,0.0,0.0,23.19,85.3,3.84,TNP_0005,1,2016
2016-08-16 22:00:00+00:00,0.0,0.0,22.85,86.35,3.51,TNP_0005,1,2016
2016-08-16 23:00:00+00:00,0.0,0.0,22.56,87.13,3.2,TNP_0005,1,2016
2016-08-17 00:00:00+00:00,4.5,4.75,22.41,87.36,3.01,TNP_0005,1,2016
2016-08-17 01:00:00+00:00,120.05,125.65,24.03,78.97,4.33,TNP_0005,1,2016
2016-08-17 02:00:00+00:00,332.6,355.0,26.33,67.49,6.03,TNP_0005,1,2016
2016-08-17 03:00:00+00:00,573.75,587.33,28.8,57.24,6.87,TNP_0005,1,2016
2016-08-17 04:00:00+00:00,726.2,781.2,31.17,49.2,7.11,TNP_0005,1,2016
2016-08-17 05:00:00+00:00,839.03,916.75,33.11,43.27,6.97,TNP_0005,1,2016
2016-08-17 06:00:00+00:00,825.83,958.0,34.11,39.93,6.57,TNP_0005,1,2016
2016-08-17 07:00:00+00:00,726.9,941.58,34.48,38.29,6.15,TNP_0005,1,2016
2016-08-17 08:00:00+00:00,604.72,852.95,34.64,37.41,5.81,TNP_0005,1,2016
2016-08-17 09:00:00+00:00,588.25,693.72,34.62,37.29,5.7,TNP_0005,1,2016
2016-08-17 10:00:00+00:00,410.35,483.8,34.11,38.53,5.8,TNP_0005,1,2016
2016-08-17 11:00:00+00:00,199.07,250.68,33.03,41.88,5.51,TNP_0005,1,2016
2016-08-17 12:00:00+00:00,47.9,55.53,31.07,49.98,4.33,TNP_0005,1,2016
2016-08-17 13:00:00+00:00,0.0,0.0,28.99,58.05,3.83,TNP_0005,1,2016
2016-08-17 14:00:00+00:00,0.0,0.0,27.94,62.0,4.0,TNP_0005,1,2016
2016-08-17 15:00:00+00:00,0.0,0.0,26.88,67.06,4.01,TNP_0005,1,2016
2016-08-17 16:00:00+00:00,0.0,0.0,26.02,72.13,3.89,TNP_0005,1,2016
2016-08-17 17:00:00+00:00,0.0,0.0,25.3,76.36,3.76,TNP_0005,1,2016
2016-08-17 18:00:00+00:00,0.0,0.0,24.71,79.5,3.57,TNP_0005,1,2016
2016-08-17 19:00:00+00:00,0.0,0.0,24.29,81.73,3.35,TNP_0005,1,2016
2016-08-17 20:00:00+00:00,0.0,0.0,24.09,82.78,3.17,TNP_0005,1,2016
2016-08-17 21:00:00+00:00,0.0,0.0,23.92,83.41,3.14,TNP_0005,1,2016
2016-08-17 22:00:00+00:00,0.0,0.0,23.62,84.47,3.04,TNP_0005,1,2016
2016-08-17 23:00:00+00:00,0.0,0.0,23.23,85.93,3.02,TNP_0005,1,2016
2016-08-18 00:00:00+00:00,4.2,4.6,22.96,87.03,2.6,TNP_0005,1,2016
2016-08-18 01:00:00+00:00,114.5,120.72,24.2,80.24,3.53,TNP_0005,1,2016
2016-08-18 02:00:00+00:00,325.38,346.67,26.6,67.69,5.4,TNP_0005,1,2016
2016-08-18 03:00:00+00:00,575.92,578.55,29.32,55.4,6.28,TNP_0005,1,2016
2016-08-18 04:00:00+00:00,758.47,773.2,31.67,46.83,6.46,TNP_0005,1,2016
2016-08-18 05:00:00+00:00,887.17,908.1,33.65,41.24,6.12,TNP_0005,1,2016
2016-08-18 06:00:00+00:00,898.1,976.22,35.06,37.65,5.71,TNP_0005,1,2016
2016-08-18 07:00:00+00:00,872.3,962.1,35.68,35.89,5.24,TNP_0005,1,2016
2016-08-18 08:00:00+00:00,786.25,870.5,35.78,35.26,4.74,TNP_0005,1,2016
2016-08-18 09:00:00+00:00,657.58,709.5,35.43,35.55,4.46,TNP_0005,1,2016
2016-08-18 10:00:00+00:00,451.75,494.8,34.71,37.02,4.46,TNP_0005,1,2016
2016-08-18 11:00:00+00:00,218.15,259.02,33.75,39.82,4.37,TNP_0005,1,2016
2016-08-18 12:00:00+00:00,47.62,56.42,31.79,49.85,3.06,TNP_0005,1,2016
2016-08-18 13:00:00+00:00,0.0,0.0,29.7,58.8,3.08,TNP_0005,1,2016
2016-08-18 14:00:00+00:00,0.0,0.0,28.81,61.49,3.97,TNP_0005,1,2016
2016-08-18 15:00:00+00:00,0.0,0.0,27.74,65.87,4.29,TNP_0005,1,2016
2016-08-18 16:00:00+00:00,0.0,0.0,26.75,70.73,4.0,TNP_0005,1,2016
2016-08-18 17:00:00+00:00,0.0,0.0,26.01,74.31,3.85,TNP_0005,1,2016
2016-08-18 18:00:00+00:00,0.0,0.0,25.48,76.2,4.3,TNP_0005,1,2016
2016-08-18 19:00:00+00:00,0.0,0.0,24.98,78.31,4.49,TNP_0005,1,2016
2016-08-18 20:00:00+00:00,0.0,0.0,24.5,80.49,4.35,TNP_0005,1,2016
2016-08-18 21:00:00+00:00,0.0,0.0,24.06,82.2,3.98,TNP_0005,1,2016
2016-08-18 22:00:00+00:00,0.0,0.0,23.66,83.57,3.53,TNP_0005,1,2016
2016-08-18 23:00:00+00:00,0.0,0.0,23.27,84.89,3.1,TNP_0005,1,2016
2016-08-19 00:00:00+00:00,3.78,4.7,23.05,85.25,3.07,TNP_0005,1,2016
2016-08-19 01:00:00+00:00,117.2,127.45,24.47,76.98,4.55,TNP_0005,1,2016
2016-08-19 02:00:00+00:00,325.62,359.33,27.09,63.36,6.0,TNP_0005,1,2016
2016-08-19 03:00:00+00:00,578.03,591.97,30.17,50.37,6.5,TNP_0005,1,2016
2016-08-19 04:00:00+00:00,775.15,785.88,32.84,41.73,6.26,TNP_0005,1,2016
2016-08-19 05:00:00+00:00,882.83,920.03,34.97,36.33,5.54,TNP_0005,1,2016
2016-08-19 06:00:00+00:00,970.75,982.25,36.52,32.85,4.73,TNP_0005,1,2016
2016-08-19 07:00:00+00:00,907.15,969.85,37.37,30.89,4.18,TNP_0005,1,2016
2016-08-19 08:00:00+00:00,728.33,881.72,37.43,30.35,3.96,TNP_0005,1,2016
2016-08-19 09:00:00+00:00,614.6,722.88,36.75,31.45,3.71,TNP_0005,1,2016
2016-08-19 10:00:00+00:00,408.2,508.5,35.46,34.36,3.57,TNP_0005,1,2016
2016-08-19 11:00:00+00:00,222.95,260.67,34.21,38.28,3.55,TNP_0005,1,2016
2016-08-19 12:00:00+00:00,46.72,54.75,32.39,47.18,3.11,TNP_0005,1,2016
2016-08-19 13:00:00+00:00,0.0,0.0,30.42,58.58,3.1,TNP_0005,1,2016
2016-08-19 14:00:00+00:00,0.0,0.0,29.3,63.14,3.32,TNP_0005,1,2016
2016-08-19 15:00:00+00:00,0.0,0.0,28.3,67.46,3.41,TNP_0005,1,2016
2016-08-19 16:00:00+00:00,0.0,0.0,27.42,70.96,3.49,TNP_0005,1,2016
2016-08-19 17:00:00+00:00,0.0,0.0,26.83,72.8,3.91,TNP_0005,1,2016
2016-08-19 18:00:00+00:00,0.0,0.0,26.24,75.21,3.78,TNP_0005,1,2016
2016-08-19 19:00:00+00:00,0.0,0.0,25.64,77.66,3.46,TNP_0005,1,2016
2016-08-19 20:00:00+00:00,0.0,0.0,25.02,80.38,3.22,TNP_0005,1,2016
2016-08-19 21:00:00+00:00,0.0,0.0,24.47,82.86,2.73,TNP_0005,1,2016
2016-08-19 22:00:00+00:00,0.0,0.0,23.95,85.19,2.22,TNP_0005,1,2016
2016-08-19 23:00:00+00:00,0.0,0.0,23.51,87.03,1.95,TNP_0005,1,2016
2016-08-20 00:00:00+00:00,4.03,4.6,23.33,87.38,2.13,TNP_0005,1,2016
2016-08-20 01:00:00+00:00,114.78,125.8,24.54,79.52,3.52,TNP_0005,1,2016
2016-08-20 02:00:00+00:00,338.88,355.92,26.85,66.61,4.65,TNP_0005,1,2016
2016-08-20 03:00:00+00:00,586.67,587.92,29.59,53.99,4.77,TNP_0005,1,2016
2016-08-20 04:00:00+00:00,780.42,781.2,32.08,45.07,4.21,TNP_0005,1,2016
2016-08-20 05:00:00+00:00,915.25,916.35,34.07,39.3,3.52,TNP_0005,1,2016
2016-08-20 06:00:00+00:00,968.03,979.3,35.67,35.35,3.06,TNP_0005,1,2016
2016-08-20 07:00:00+00:00,921.65,964.7,36.88,32.45,2.89,TNP_0005,1,2016
2016-08-20 08:00:00+00:00,781.45,874.22,37.42,30.93,2.78,TNP_0005,1,2016
2016-08-20 09:00:00+00:00,615.92,714.45,37.16,30.99,2.65,TNP_0005,1,2016
2016-08-20 10:00:00+00:00,425.88,502.83,36.44,32.02,2.55,TNP_0005,1,2016
2016-08-20 11:00:00+00:00,204.5,265.42,35.19,34.69,2.5,TNP_0005,1,2016
2016-08-20 12:00:00+00:00,43.4,56.0,33.4,42.74,1.99,TNP_0005,1,2016
2016-08-20 13:00:00+00:00,0.0,0.0,31.45,54.81,2.1,TNP_0005,1,2016
2016-08-20 14:00:00+00:00,0.0,0.0,30.5,58.27,2.8,TNP_0005,1,2016
2016-08-20 15:00:00+00:00,0.0,0.0,29.37,63.4,2.78,TNP_0005,1,2016
2016-08-20 16:00:00+00:00,0.0,0.0,28.42,68.33,2.63,TNP_0005,1,2016
2016-08-20 17:00:00+00:00,0.0,0.0,27.69,71.77,2.55,TNP_0005,1,2016
2016-08-20 18:00:00+00:00,0.0,0.0,27.12,73.21,2.54,TNP_0005,1,2016
2016-08-20 19:00:00+00:00,0.0,0.0,26.62,74.21,2.6,TNP_0005,1,2016
2016-08-20 20:00:00+00:00,0.0,0.0,26.23,75.9,2.77,TNP_0005,1,2016
2016-08-20 21:00:00+00:00,0.0,0.0,25.92,77.23,2.56,TNP_0005,1,2016
2016-08-20 22:00:00+00:00,0.0,0.0,25.63,78.62,2.16,TNP_0005,1,2016
2016-08-20 23:00:00+00:00,0.0,0.0,25.29,80.06,1.94,TNP_0005,1,2016
2016-08-21 00:00:00+00:00,2.55,4.55,25.0,81.06,1.84,TNP_0005,1,2016
2016-08-21 01:00:00+00:00,64.22,122.07,25.65,76.05,3.0,TNP_0005,1,2016
2016-08-21 02:00:00+00:00,202.3,352.7,27.41,65.29,3.93,TNP_0005,1,2016
2016-08-21 03:00:00+00:00,415.55,584.83,30.01,52.7,3.99,TNP_0005,1,2016
2016-08-21 04:00:00+00:00,651.97,776.92,32.5,44.1,3.61,TNP_0005,1,2016
2016-08-21 05:00:00+00:00,738.1,912.08,34.36,38.9,3.23,TNP_0005,1,2016
2016-08-21 06:00:00+00:00,876.5,921.1,35.7,35.3,2.85,TNP_0005,1,2016
2016-08-21 07:00:00+00:00,816.47,908.25,36.58,32.72,2.57,TNP_0005,1,2016
2016-08-21 08:00:00+00:00,716.75,817.35,36.94,31.19,2.36,TNP_0005,1,2016
2016-08-21 09:00:00+00:00,576.17,657.08,36.82,30.49,2.07,TNP_0005,1,2016
2016-08-21 10:00:00+00:00,380.85,445.42,36.19,30.83,1.64,TNP_0005,1,2016
2016-08-21 11:00:00+00:00,204.88,227.27,35.22,32.58,1.26,TNP_0005,1,2016
2016-08-21 12:00:00+00:00,37.97,45.25,33.62,40.69,0.82,TNP_0005,1,2016
2016-08-21 13:00:00+00:00,0.0,0.0,31.89,47.87,1.4,TNP_0005,1,2016
2016-08-21 14:00:00+00:00,0.0,0.0,30.83,53.82,2.55,TNP_0005,1,2016
2016-08-21 15:00:00+00:00,0.0,0.0,29.48,60.99,3.19,TNP_0005,1,2016
2016-08-21 16:00:00+00:00,0.0,0.0,28.26,67.12,3.58,TNP_0005,1,2016
2016-08-21 17:00:00+00:00,0.0,0.0,27.52,70.03,3.59,TNP_0005,1,2016
2016-08-21 18:00:00+00:00,0.0,0.0,27.05,71.92,3.53,TNP_0005,1,2016
2016-08-21 19:00:00+00:00,0.0,0.0,26.81,72.95,3.32,TNP_0005,1,2016
2016-08-21 20:00:00+00:00,0.0,0.0,26.5,74.31,2.92,TNP_0005,1,2016
2016-08-21 21:00:00+00:00,0.0,0.0,26.14,76.19,2.76,TNP_0005,1,2016
2016-08-21 22:00:00+00:00,0.0,0.0,25.78,77.88,2.51,TNP_0005,1,2016
2016-08-21 23:00:00+00:00,0.0,0.0,25.47,78.98,2.99,TNP_0005,1,2016
2016-08-22 00:00:00+00:00,3.75,4.35,25.18,80.36,2.69,TNP_0005,1,2016
2016-08-22 01:00:00+00:00,94.1,115.1,25.97,75.42,3.78,TNP_0005,1,2016
2016-08-22 02:00:00+00:00,271.65,337.05,27.75,64.56,4.91,TNP_0005,1,2016
2016-08-22 03:00:00+00:00,505.83,568.95,30.24,52.65,5.1,TNP_0005,1,2016
2016-08-22 04:00:00+00:00,705.33,763.38,32.74,43.58,4.62,TNP_0005,1,2016
2016-08-22 05:00:00+00:00,857.2,900.65,34.7,37.79,3.96,TNP_0005,1,2016
2016-08-22 06:00:00+00:00,928.2,954.33,36.19,33.8,3.48,TNP_0005,1,2016
2016-08-22 07:00:00+00:00,850.85,938.6,37.16,31.26,3.07,TNP_0005,1,2016
2016-08-22 08:00:00+00:00,732.9,845.05,37.51,30.06,2.78,TNP_0005,1,2016
2016-08-22 09:00:00+00:00,536.35,683.38,36.73,31.15,2.52,TNP_0005,1,2016
2016-08-22 10:00:00+00:00,369.67,471.65,35.67,33.3,2.4,TNP_0005,1,2016
2016-08-22 11:00:00+00:00,186.6,246.32,34.49,36.59,2.48,TNP_0005,1,2016
2016-08-22 12:00:00+00:00,38.72,48.4,32.92,43.44,2.4,TNP_0005,1,2016
2016-08-22 13:00:00+00:00,0.0,0.0,31.21,54.56,2.56,TNP_0005,1,2016
2016-08-22 14:00:00+00:00,0.0,0.0,30.16,58.78,2.82,TNP_0005,1,2016
2016-08-22 15:00:00+00:00,0.0,0.0,29.21,63.33,3.09,TNP_0005,1,2016
2016-08-22 16:00:00+00:00,0.0,0.0,28.39,67.11,3.02,TNP_0005,1,2016
2016-08-22 17:00:00+00:00,0.0,0.0,27.77,69.99,2.92,TNP_0005,1,2016
2016-08-22 18:00:00+00:00,0.0,0.0,27.2,72.28,2.99,TNP_0005,1,2016
2016-08-22 19:00:00+00:00,0.0,0.0,26.73,73.9,3.27,TNP_0005,1,2016
2016-08-22 20:00:00+00:00,0.0,0.0,26.32,75.44,3.4,TNP_0005,1,2016
2016-08-22 21:00:00+00:00,0.0,0.0,25.97,77.01,3.11,TNP_0005,1,2016
2016-08-22 22:00:00+00:00,0.0,0.0,25.7,78.18,2.83,TNP_0005,1,2016
2016-08-22 23:00:00+00:00,0.0,0.0,25.47,79.0,2.72,TNP_0005,1,2016
2016-08-23 00:00:00+00:00,3.17,4.15,25.25,79.65,2.68,TNP_0005,1,2016
2016-08-23 01:00:00+00:00,83.4,108.6,25.74,75.9,3.52,TNP_0005,1,2016
2016-08-23 02:00:00+00:00,234.82,322.65,27.0,67.64,4.32,TNP_0005,1,2016
2016-08-23 03:00:00+00:00,452.35,553.83,28.71,58.28,4.47,TNP_0005,1,2016
2016-08-23 04:00:00+00:00,597.0,749.9,30.36,50.89,4.29,TNP_0005,1,2016
2016-08-23 05:00:00+00:00,577.15,887.12,31.66,45.78,3.88,TNP_0005,1,2016
2016-08-23 06:00:00+00:00,882.95,921.65,32.66,42.25,3.43,TNP_0005,1,2016
2016-08-23 07:00:00+00:00,839.62,907.05,33.32,40.09,3.26,TNP_0005,1,2016
2016-08-23 08:00:00+00:00,759.35,816.5,33.5,39.47,3.36,TNP_0005,1,2016
2016-08-23 09:00:00+00:00,593.75,657.5,33.27,40.31,3.53,TNP_0005,1,2016
2016-08-23 10:00:00+00:00,396.4,446.77,32.69,42.58,3.68,TNP_0005,1,2016
2016-08-23 11:00:00+00:00,208.32,228.6,31.73,47.94,3.53,TNP_0005,1,2016
2016-08-23 12:00:00+00:00,40.0,44.42,30.04,58.68,3.19,TNP_0005,1,2016
2016-08-23 13:00:00+00:00,0.0,0.0,28.6,65.73,3.5,TNP_0005,1,2016
2016-08-23 14:00:00+00:00,0.0,0.0,27.77,69.65,3.89,TNP_0005,1,2016
2016-08-23 15:00:00+00:00,0.0,0.0,26.97,73.97,3.75,TNP_0005,1,2016
2016-08-23 16:00:00+00:00,0.0,0.0,26.29,77.52,3.63,TNP_0005,1,2016
2016-08-23 17:00:00+00:00,0.0,0.0,25.73,80.26,3.55,TNP_0005,1,2016
2016-08-23 18:00:00+00:00,0.0,0.0,25.23,82.31,3.41,TNP_0005,1,2016
2016-08-23 19:00:00+00:00,0.0,0.0,24.8,83.92,3.22,TNP_0005,1,2016
2016-08-23 20:00:00+00:00,0.0,0.0,24.4,85.25,3.02,TNP_0005,1,2016
2016-08-23 21:00:00+00:00,0.0,0.0,24.03,86.53,2.57,TNP_0005,1,2016
2016-08-23 22:00:00+00:00,0.0,0.0,23.73,87.55,2.14,TNP_0005,1,2016
2016-08-23 23:00:00+00:00,0.0,0.0,23.49,88.28,2.04,TNP_0005,1,2016
2016-08-24 00:00:00+00:00,3.42,4.43,23.41,88.22,2.21,TNP_0005,1,2016
2016-08-24 01:00:00+00:00,99.25,117.88,24.57,81.54,3.35,TNP_0005,1,2016
2016-08-24 02:00:00+00:00,289.58,342.27,26.67,70.06,4.74,TNP_0005,1,2016
2016-08-24 03:00:00+00:00,559.28,573.97,28.99,58.63,5.39,TNP_0005,1,2016
2016-08-24 04:00:00+00:00,755.0,767.83,31.1,49.82,5.24,TNP_0005,1,2016
2016-08-24 05:00:00+00:00,863.42,901.85,32.89,43.73,4.77,TNP_0005,1,2016
2016-08-24 06:00:00+00:00,968.62,980.9,34.07,40.2,4.28,TNP_0005,1,2016
2016-08-24 07:00:00+00:00,878.58,963.35,34.68,38.39,3.92,TNP_0005,1,2016
2016-08-24 08:00:00+00:00,750.6,871.67,34.6,38.41,3.82,TNP_0005,1,2016
2016-08-24 09:00:00+00:00,629.55,711.1,33.83,40.45,3.72,TNP_0005,1,2016
2016-08-24 10:00:00+00:00,395.4,499.33,33.1,42.8,3.67,TNP_0005,1,2016
2016-08-24 11:00:00+00:00,188.32,259.73,32.24,46.68,3.49,TNP_0005,1,2016
2016-08-24 12:00:00+00:00,38.65,50.6,30.73,55.67,2.81,TNP_0005,1,2016
2016-08-24 13:00:00+00:00,0.0,0.0,29.27,63.85,2.65,TNP_0005,1,2016
2016-08-24 14:00:00+00:00,0.0,0.0,28.65,65.93,3.26,TNP_0005,1,2016
2016-08-24 15:00:00+00:00,0.0,0.0,27.95,69.61,3.18,TNP_0005,1,2016
2016-08-24 16:00:00+00:00,0.0,0.0,27.29,73.34,3.04,TNP_0005,1,2016
2016-08-24 17:00:00+00:00,0.0,0.0,26.73,76.14,3.08,TNP_0005,1,2016
2016-08-24 18:00:00+00:00,0.0,0.0,26.3,77.2,3.58,TNP_0005,1,2016
2016-08-24 19:00:00+00:00,0.0,0.0,25.92,78.46,3.64,TNP_0005,1,2016
2016-08-24 20:00:00+00:00,0.0,0.0,25.59,79.37,3.63,TNP_0005,1,2016
2016-08-24 21:00:00+00:00,0.0,0.0,25.26,80.31,3.35,TNP_0005,1,2016
2016-08-24 22:00:00+00:00,0.0,0.0,24.95,81.09,3.0,TNP_0005,1,2016
2016-08-24 23:00:00+00:00,0.0,0.0,24.62,82.14,2.67,TNP_0005,1,2016
2016-08-25 00:00:00+00:00,1.48,4.6,24.33,83.22,2.47,TNP_0005,1,2016
2016-08-25 01:00:00+00:00,57.3,125.72,25.02,79.2,3.18,TNP_0005,1,2016
2016-08-25 02:00:00+00:00,192.25,358.85,26.46,71.46,4.06,TNP_0005,1,2016
2016-08-25 03:00:00+00:00,450.17,589.85,28.14,63.28,4.19,TNP_0005,1,2016
2016-08-25 04:00:00+00:00,687.8,778.6,29.69,56.65,3.71,TNP_0005,1,2016
2016-08-25 05:00:00+00:00,896.1,909.8,30.77,52.28,3.56,TNP_0005,1,2016
2016-08-25 06:00:00+00:00,898.83,936.0,31.4,49.72,3.6,TNP_0005,1,2016
2016-08-25 07:00:00+00:00,706.25,924.75,31.78,48.43,3.56,TNP_0005,1,2016
2016-08-25 08:00:00+00:00,699.75,828.97,31.74,48.89,3.6,TNP_0005,1,2016
2016-08-25 09:00:00+00:00,496.4,666.5,31.31,50.77,3.84,TNP_0005,1,2016
2016-08-25 10:00:00+00:00,310.85,451.35,30.67,53.41,4.06,TNP_0005,1,2016
2016-08-25 11:00:00+00:00,164.85,225.02,29.87,56.94,3.96,TNP_0005,1,2016
2016-08-25 12:00:00+00:00,33.75,42.83,28.75,63.29,2.99,TNP_0005,1,2016
2016-08-25 13:00:00+00:00,0.0,0.0,27.74,71.14,2.12,TNP_0005,1,2016
2016-08-25 14:00:00+00:00,0.0,0.0,27.21,73.81,2.12,TNP_0005,1,2016
2016-08-25 15:00:00+00:00,0.0,0.0,26.64,75.63,2.24,TNP_0005,1,2016
2016-08-25 16:00:00+00:00,0.0,0.0,26.08,77.88,2.43,TNP_0005,1,2016
2016-08-25 17:00:00+00:00,0.0,0.0,25.56,81.42,2.57,TNP_0005,1,2016
2016-08-25 18:00:00+00:00,0.0,0.0,25.14,84.0,2.7,TNP_0005,1,2016
2016-08-25 19:00:00+00:00,0.0,0.0,24.87,84.58,3.1,TNP_0005,1,2016
2016-08-25 20:00:00+00:00,0.0,0.0,24.67,84.81,3.14,TNP_0005,1,2016
2016-08-25 21:00:00+00:00,0.0,0.0,24.34,86.27,2.6,TNP_0005,1,2016
2016-08-25 22:00:00+00:00,0.0,0.0,24.03,87.49,2.33,TNP_0005,1,2016
2016-08-25 23:00:00+00:00,0.0,0.0,23.74,88.48,2.16,TNP_0005,1,2016
2016-08-26 00:00:00+00:00,4.12,4.55,23.51,89.06,2.15,TNP_0005,1,2016
2016-08-26 01:00:00+00:00,109.38,122.18,24.18,84.58,3.01,TNP_0005,1,2016
2016-08-26 02:00:00+00:00,307.02,348.45,25.66,75.04,3.88,TNP_0005,1,2016
2016-08-26 03:00:00+00:00,492.6,578.05,27.62,64.3,4.21,TNP_0005,1,2016
2016-08-26 04:00:00+00:00,603.22,771.1,29.73,54.56,4.39,TNP_0005,1,2016
2016-08-26 05:00:00+00:00,627.45,901.95,31.44,47.69,4.31,TNP_0005,1,2016
2016-08-26 06:00:00+00:00,733.58,960.88,32.44,43.87,3.96,TNP_0005,1,2016
2016-08-26 07:00:00+00:00,655.3,943.33,32.98,41.84,3.52,TNP_0005,1,2016
2016-08-26 08:00:00+00:00,502.55,848.83,33.07,41.35,2.82,TNP_0005,1,2016
2016-08-26 09:00:00+00:00,411.05,686.33,32.81,42.24,1.94,TNP_0005,1,2016
2016-08-26 10:00:00+00:00,237.7,472.33,32.31,44.64,1.24,TNP_0005,1,2016
2016-08-26 11:00:00+00:00,117.82,236.93,31.47,51.03,0.75,TNP_0005,1,2016
2016-08-26 12:00:00+00:00,23.4,44.0,30.0,62.94,0.75,TNP_0005,1,2016
2016-08-26 13:00:00+00:00,0.0,0.0,28.5,76.4,0.75,TNP_0005,1,2016
2016-08-26 14:00:00+00:00,0.0,0.0,27.62,79.84,0.9,TNP_0005,1,2016
2016-08-26 15:00:00+00:00,0.0,0.0,26.82,79.71,1.15,TNP_0005,1,2016
2016-08-26 16:00:00+00:00,0.0,0.0,26.22,82.45,1.18,TNP_0005,1,2016
2016-08-26 17:00:00+00:00,0.0,0.0,25.76,84.62,1.2,TNP_0005,1,2016
2016-08-26 18:00:00+00:00,0.0,0.0,25.21,90.09,1.34,TNP_0005,1,2016
2016-08-26 19:00:00+00:00,0.0,0.0,24.76,92.22,1.66,TNP_0005,1,2016
2016-08-26 20:00:00+00:00,0.0,0.0,24.34,93.36,1.71,TNP_0005,1,2016
2016-08-26 21:00:00+00:00,0.0,0.0,23.96,94.4,1.64,TNP_0005,1,2016
2016-08-26 22:00:00+00:00,0.0,0.0,23.63,95.0,1.65,TNP_0005,1,2016
2016-08-26 23:00:00+00:00,0.0,0.0,23.34,95.28,1.71,TNP_0005,1,2016
2016-08-27 00:00:00+00:00,3.22,4.32,23.15,95.26,1.76,TNP_0005,1,2016
2016-08-27 01:00:00+00:00,58.97,112.88,23.73,91.28,2.66,TNP_0005,1,2016
2016-08-27 02:00:00+00:00,171.88,332.75,24.74,84.71,3.69,TNP_0005,1,2016
2016-08-27 03:00:00+00:00,314.9,559.2,26.62,72.67,4.57,TNP_0005,1,2016
2016-08-27 04:00:00+00:00,491.52,750.35,28.68,61.26,4.74,TNP_0005,1,2016
2016-08-27 05:00:00+00:00,740.95,883.03,30.1,54.83,4.57,TNP_0005,1,2016
2016-08-27 06:00:00+00:00,818.28,939.9,31.15,50.68,4.3,TNP_0005,1,2016
2016-08-27 07:00:00+00:00,682.1,924.55,31.71,48.52,4.04,TNP_0005,1,2016
2016-08-27 08:00:00+00:00,624.15,829.15,31.82,47.79,3.96,TNP_0005,1,2016
2016-08-27 09:00:00+00:00,527.8,661.03,31.57,48.45,3.75,TNP_0005,1,2016
2016-08-27 10:00:00+00:00,318.15,452.55,30.99,50.72,3.4,TNP_0005,1,2016
2016-08-27 11:00:00+00:00,144.25,219.15,30.03,56.13,2.8,TNP_0005,1,2016
2016-08-27 12:00:00+00:00,27.38,39.7,28.31,67.47,2.25,TNP_0005,1,2016
2016-08-27 13:00:00+00:00,0.0,0.0,26.78,77.62,2.24,TNP_0005,1,2016
2016-08-27 14:00:00+00:00,0.0,0.0,26.01,79.52,2.72,TNP_0005,1,2016
2016-08-27 15:00:00+00:00,0.0,0.0,25.32,82.86,3.01,TNP_0005,1,2016
2016-08-27 16:00:00+00:00,0.0,0.0,24.78,86.65,2.89,TNP_0005,1,2016
2016-08-27 17:00:00+00:00,0.0,0.0,24.36,89.79,2.76,TNP_0005,1,2016
2016-08-27 18:00:00+00:00,0.0,0.0,24.1,91.54,2.9,TNP_0005,1,2016
2016-08-27 19:00:00+00:00,0.0,0.0,23.93,92.61,2.9,TNP_0005,1,2016
2016-08-27 20:00:00+00:00,0.0,0.0,23.84,92.97,2.68,TNP_0005,1,2016
2016-08-27 21:00:00+00:00,0.0,0.0,23.77,93.11,2.14,TNP_0005,1,2016
2016-08-27 22:00:00+00:00,0.0,0.0,23.66,93.35,1.67,TNP_0005,1,2016
2016-08-27 23:00:00+00:00,0.0,0.0,23.48,93.92,1.37,TNP_0005,1,2016
2016-08-28 00:00:00+00:00,4.1,4.25,23.23,94.04,1.29,TNP_0005,1,2016
2016-08-28 01:00:00+00:00,92.4,110.65,24.01,87.66,2.07,TNP_0005,1,2016
2016-08-28 02:00:00+00:00,230.35,325.6,25.71,75.96,3.55,TNP_0005,1,2016
2016-08-28 03:00:00+00:00,433.2,560.97,28.05,61.97,4.54,TNP_0005,1,2016
2016-08-28 04:00:00+00:00,707.83,749.88,30.35,50.91,4.77,TNP_0005,1,2016
2016-08-28 05:00:00+00:00,810.47,882.97,32.41,42.79,4.62,TNP_0005,1,2016
2016-08-28 06:00:00+00:00,973.38,974.83,34.03,37.54,4.42,TNP_0005,1,2016
2016-08-28 07:00:00+00:00,923.72,958.6,35.19,34.05,4.16,TNP_0005,1,2016
2016-08-28 08:00:00+00:00,728.22,864.8,35.74,32.23,3.88,TNP_0005,1,2016
2016-08-28 09:00:00+00:00,634.97,704.42,35.63,31.93,3.71,TNP_0005,1,2016
2016-08-28 10:00:00+00:00,403.67,488.58,34.59,33.95,3.65,TNP_0005,1,2016
2016-08-28 11:00:00+00:00,186.57,245.93,33.21,38.78,3.35,TNP_0005,1,2016
2016-08-28 12:00:00+00:00,36.15,45.03,30.72,53.24,2.43,TNP_0005,1,2016
2016-08-28 13:00:00+00:00,0.0,0.0,28.81,63.65,2.31,TNP_0005,1,2016
2016-08-28 14:00:00+00:00,0.0,0.0,28.0,68.05,2.17,TNP_0005,1,2016
2016-08-28 15:00:00+00:00,0.0,0.0,27.25,71.84,2.14,TNP_0005,1,2016
2016-08-28 16:00:00+00:00,0.0,0.0,26.57,75.12,2.2,TNP_0005,1,2016
2016-08-28 17:00:00+00:00,0.0,0.0,25.97,77.59,2.27,TNP_0005,1,2016
2016-08-28 18:00:00+00:00,0.0,0.0,25.46,79.46,2.36,TNP_0005,1,2016
2016-08-28 19:00:00+00:00,0.0,0.0,25.01,80.99,2.46,TNP_0005,1,2016
2016-08-28 20:00:00+00:00,0.0,0.0,24.59,82.7,2.44,TNP_0005,1,2016
2016-08-28 21:00:00+00:00,0.0,0.0,24.23,84.68,2.16,TNP_0005,1,2016
2016-08-28 22:00:00+00:00,0.0,0.0,23.96,86.06,2.01,TNP_0005,1,2016
2016-08-28 23:00:00+00:00,0.0,0.0,23.67,87.6,1.74,TNP_0005,1,2016
2016-08-29 00:00:00+00:00,3.72,4.5,23.39,88.87,1.57,TNP_0005,1,2016
2016-08-29 01:00:00+00:00,110.8,121.9,24.23,82.56,2.59,TNP_0005,1,2016
2016-08-29 02:00:00+00:00,321.12,351.55,26.24,69.97,4.03,TNP_0005,1,2016
2016-08-29 03:00:00+00:00,556.55,585.67,28.92,55.37,5.0,TNP_0005,1,2016
2016-08-29 04:00:00+00:00,713.25,780.45,31.29,44.89,5.09,TNP_0005,1,2016
2016-08-29 05:00:00+00:00,833.05,913.72,33.1,38.89,4.73,TNP_0005,1,2016
2016-08-29 06:00:00+00:00,854.25,983.25,34.39,35.24,4.48,TNP_0005,1,2016
2016-08-29 07:00:00+00:00,819.4,955.9,35.13,32.94,4.41,TNP_0005,1,2016
2016-08-29 08:00:00+00:00,618.3,862.72,35.21,32.11,4.32,TNP_0005,1,2016
2016-08-29 09:00:00+00:00,443.55,698.92,34.8,32.63,4.11,TNP_0005,1,2016
2016-08-29 10:00:00+00:00,330.15,478.75,33.86,34.96,3.84,TNP_0005,1,2016
2016-08-29 11:00:00+00:00,182.73,243.27,32.42,40.78,3.19,TNP_0005,1,2016
2016-08-29 12:00:00+00:00,31.88,42.12,30.18,53.67,2.54,TNP_0005,1,2016
2016-08-29 13:00:00+00:00,0.0,0.0,28.49,64.18,2.6,TNP_0005,1,2016
2016-08-29 14:00:00+00:00,0.0,0.0,27.53,68.77,2.87,TNP_0005,1,2016
2016-08-29 15:00:00+00:00,0.0,0.0,26.52,74.05,3.05,TNP_0005,1,2016
2016-08-29 16:00:00+00:00,0.0,0.0,25.7,78.5,3.09,TNP_0005,1,2016
2016-08-29 17:00:00+00:00,0.0,0.0,25.12,81.62,2.98,TNP_0005,1,2016
2016-08-29 18:00:00+00:00,0.0,0.0,24.64,83.89,2.92,TNP_0005,1,2016
2016-08-29 19:00:00+00:00,0.0,0.0,24.27,86.06,2.84,TNP_0005,1,2016
2016-08-29 20:00:00+00:00,0.0,0.0,23.97,87.98,2.63,TNP_0005,1,2016
2016-08-29 21:00:00+00:00,0.0,0.0,23.78,89.49,2.02,TNP_0005,1,2016
2016-08-29 22:00:00+00:00,0.0,0.0,23.69,90.26,1.74,TNP_0005,1,2016
2016-08-29 23:00:00+00:00,0.0,0.0,23.57,91.22,1.69,TNP_0005,1,2016
2016-08-30 00:00:00+00:00,2.7,4.57,23.45,91.99,1.76,TNP_0005,1,2016
2016-08-30 01:00:00+00:00,86.75,123.15,23.65,90.46,2.36,TNP_0005,1,2016
2016-08-30 02:00:00+00:00,263.67,352.6,24.46,86.07,2.77,TNP_0005,1,2016
2016-08-30 03:00:00+00:00,417.3,578.67,26.13,75.05,3.59,TNP_0005,1,2016
2016-08-30 04:00:00+00:00,579.42,771.67,28.46,61.59,4.44,TNP_0005,1,2016
2016-08-30 05:00:00+00:00,608.53,902.08,30.58,52.51,4.71,TNP_0005,1,2016
2016-08-30 06:00:00+00:00,517.67,930.45,32.1,47.6,4.42,TNP_0005,1,2016
2016-08-30 07:00:00+00:00,509.8,913.08,32.89,45.39,4.08,TNP_0005,1,2016
2016-08-30 08:00:00+00:00,475.92,816.97,32.82,45.71,3.74,TNP_0005,1,2016
2016-08-30 09:00:00+00:00,501.62,643.78,32.2,47.98,3.31,TNP_0005,1,2016
2016-08-30 10:00:00+00:00,313.5,435.9,31.3,51.56,2.89,TNP_0005,1,2016
2016-08-30 11:00:00+00:00,152.12,200.73,30.01,57.47,2.77,TNP_0005,1,2016
2016-08-30 12:00:00+00:00,26.05,34.25,28.26,68.05,2.5,TNP_0005,1,2016
2016-08-30 13:00:00+00:00,0.0,0.0,26.76,76.75,2.63,TNP_0005,1,2016
2016-08-30 14:00:00+00:00,0.0,0.0,25.8,81.97,3.05,TNP_0005,1,2016
2016-08-30 15:00:00+00:00,0.0,0.0,25.07,86.09,3.49,TNP_0005,1,2016
2016-08-30 16:00:00+00:00,0.0,0.0,24.5,89.45,3.65,TNP_0005,1,2016
2016-08-30 17:00:00+00:00,0.0,0.0,24.09,91.27,3.74,TNP_0005,1,2016
2016-08-30 18:00:00+00:00,0.0,0.0,23.7,92.15,3.86,TNP_0005,1,2016
2016-08-30 19:00:00+00:00,0.0,0.0,23.28,92.57,4.11,TNP_0005,1,2016
2016-08-30 20:00:00+00:00,0.0,0.0,22.88,92.49,4.3,TNP_0005,1,2016
2016-08-30 21:00:00+00:00,0.0,0.0,22.52,92.08,4.41,TNP_0005,1,2016
2016-08-30 22:00:00+00:00,0.0,0.0,22.18,91.8,4.11,TNP_0005,1,2016
2016-08-30 23:00:00+00:00,0.0,0.0,21.93,91.79,3.12,TNP_0005,1,2016
2016-08-31 00:00:00+00:00,2.4,4.15,21.79,92.09,2.26,TNP_0005,1,2016
2016-08-31 01:00:00+00:00,57.38,108.97,22.49,86.97,2.7,TNP_0005,1,2016
2016-08-31 02:00:00+00:00,183.7,332.3,24.31,75.42,3.77,TNP_0005,1,2016
2016-08-31 03:00:00+00:00,382.33,563.25,27.09,61.13,4.61,TNP_0005,1,2016
2016-08-31 04:00:00+00:00,574.55,755.65,29.76,51.02,4.62,TNP_0005,1,2016
2016-08-31 05:00:00+00:00,601.35,887.12,31.82,44.85,4.28,TNP_0005,1,2016
2016-08-31 06:00:00+00:00,672.55,945.9,33.22,41.38,3.86,TNP_0005,1,2016
2016-08-31 07:00:00+00:00,668.75,928.67,33.76,40.16,3.52,TNP_0005,1,2016
2016-08-31 08:00:00+00:00,564.22,834.8,33.24,41.46,3.4,TNP_0005,1,2016
2016-08-31 09:00:00+00:00,337.75,672.12,32.34,44.11,3.42,TNP_0005,1,2016
2016-08-31 10:00:00+00:00,176.93,459.65,31.5,47.06,3.37,TNP_0005,1,2016
2016-08-31 11:00:00+00:00,98.55,226.4,30.43,52.05,3.17,TNP_0005,1,2016
2016-08-31 12:00:00+00:00,18.15,38.45,28.69,63.31,2.47,TNP_0005,1,2016
2016-08-31 13:00:00+00:00,0.0,0.0,27.0,74.78,2.31,TNP_0005,1,2016
2016-08-31 14:00:00+00:00,0.0,0.0,26.16,77.93,2.6,TNP_0005,1,2016
2016-08-31 15:00:00+00:00,0.0,0.0,25.4,80.47,2.92,TNP_0005,1,2016
2016-08-31 16:00:00+00:00,0.0,0.0,24.82,82.32,3.25,TNP_0005,1,2016
2016-08-31 17:00:00+00:00,0.0,0.0,24.33,83.3,3.67,TNP_0005,1,2016
2016-08-31 18:00:00+00:00,0.0,0.0,23.72,84.74,3.98,TNP_0005,1,2016
2016-08-31 19:00:00+00:00,0.0,0.0,23.11,86.54,3.91,TNP_0005,1,2016
2016-08-31 20:00:00+00:00,0.0,0.0,22.55,88.29,3.44,TNP_0005,1,2016
2016-08-31 21:00:00+00:00,0.0,0.0,22.07,89.48,2.9,TNP_0005,1,2016
2016-08-31 22:00:00+00:00,0.0,0.0,21.66,90.75,2.38,TNP_0005,1,2016
2016-08-31 23:00:00+00:00,0.0,0.0,21.4,90.98,2.23,TNP_0005,1,2016
2016-09-01 00:00:00+00:00,4.18,4.38,21.34,90.05,2.33,TNP_0005,1,2016
2016-09-01 01:00:00+00:00,93.38,118.47,22.06,84.39,3.04,TNP_0005,1,2016
2016-09-01 02:00:00+00:00,242.73,346.17,23.85,70.95,4.44,TNP_0005,1,2016
2016-09-01 03:00:00+00:00,465.33,580.6,26.16,57.86,5.56,TNP_0005,1,2016
2016-09-01 04:00:00+00:00,688.3,775.92,28.26,49.23,5.88,TNP_0005,1,2016
2016-09-01 05:00:00+00:00,718.83,910.22,29.81,44.36,5.71,TNP_0005,1,2016
2016-09-01 06:00:00+00:00,746.12,938.75,31.05,41.46,5.31,TNP_0005,1,2016
2016-09-01 07:00:00+00:00,653.38,921.55,31.98,39.64,4.84,TNP_0005,1,2016
2016-09-01 08:00:00+00:00,487.33,826.85,32.38,39.03,4.51,TNP_0005,1,2016
2016-09-01 09:00:00+00:00,411.33,664.08,32.35,39.47,4.55,TNP_0005,1,2016
2016-09-01 10:00:00+00:00,254.07,451.0,31.9,41.19,4.67,TNP_0005,1,2016
2016-09-01 11:00:00+00:00,129.7,219.75,30.61,47.17,4.18,TNP_0005,1,2016
2016-09-01 12:00:00+00:00,22.88,36.58,28.43,59.9,3.26,TNP_0005,1,2016
2016-09-01 13:00:00+00:00,0.0,0.0,26.95,67.25,3.22,TNP_0005,1,2016
2016-09-01 14:00:00+00:00,0.0,0.0,26.15,70.95,3.46,TNP_0005,1,2016
2016-09-01 15:00:00+00:00,0.0,0.0,25.32,74.6,3.61,TNP_0005,1,2016
2016-09-01 16:00:00+00:00,0.0,0.0,24.58,78.0,3.56,TNP_0005,1,2016
2016-09-01 17:00:00+00:00,0.0,0.0,23.95,80.63,3.46,TNP_0005,1,2016
2016-09-01 18:00:00+00:00,0.0,0.0,23.4,82.8,3.22,TNP_0005,1,2016
2016-09-01 19:00:00+00:00,0.0,0.0,22.94,84.45,2.87,TNP_0005,1,2016
2016-09-01 20:00:00+00:00,0.0,0.0,22.5,86.28,2.44,TNP_0005,1,2016
2016-09-01 21:00:00+00:00,0.0,0.0,22.15,87.87,2.08,TNP_0005,1,2016
2016-09-01 22:00:00+00:00,0.0,0.0,21.85,89.33,1.94,TNP_0005,1,2016
2016-09-01 23:00:00+00:00,0.0,0.0,21.6,90.62,1.92,TNP_0005,1,2016
2016-09-02 00:00:00+00:00,3.9,4.53,21.49,91.36,1.95,TNP_0005,1,2016
2016-09-02 01:00:00+00:00,96.28,123.57,22.05,88.0,2.53,TNP_0005,1,2016
2016-09-02 02:00:00+00:00,289.88,358.15,23.62,79.34,3.36,TNP_0005,1,2016
2016-09-02 03:00:00+00:00,514.1,591.97,26.23,63.51,4.51,TNP_0005,1,2016
2016-09-02 04:00:00+00:00,575.92,785.25,28.76,49.51,5.1,TNP_0005,1,2016
2016-09-02 05:00:00+00:00,615.78,917.05,30.64,41.88,5.33,TNP_0005,1,2016
2016-09-02 06:00:00+00:00,759.67,963.45,32.0,37.97,5.47,TNP_0005,1,2016
2016-09-02 07:00:00+00:00,744.45,945.3,32.99,35.74,5.55,TNP_0005,1,2016
2016-09-02 08:00:00+00:00,627.05,848.25,33.39,35.06,5.49,TNP_0005,1,2016
2016-09-02 09:00:00+00:00,507.67,683.08,33.14,35.86,5.45,TNP_0005,1,2016
2016-09-02 10:00:00+00:00,331.7,467.55,32.55,37.75,5.45,TNP_0005,1,2016
2016-09-02 11:00:00+00:00,153.4,231.0,31.44,42.01,5.1,TNP_0005,1,2016
2016-09-02 12:00:00+00:00,23.98,37.5,29.21,53.11,4.04,TNP_0005,1,2016
2016-09-02 13:00:00+00:00,0.0,0.0,27.29,60.93,3.97,TNP_0005,1,2016
2016-09-02 14:00:00+00:00,0.0,0.0,26.38,64.88,4.05,TNP_0005,1,2016
2016-09-02 15:00:00+00:00,0.0,0.0,25.67,68.32,4.0,TNP_0005,1,2016
2016-09-02 16:00:00+00:00,0.0,0.0,25.09,70.94,4.03,TNP_0005,1,2016
2016-09-02 17:00:00+00:00,0.0,0.0,24.49,74.02,3.65,TNP_0005,1,2016
2016-09-02 18:00:00+00:00,0.0,0.0,23.92,77.38,3.1,TNP_0005,1,2016
2016-09-02 19:00:00+00:00,0.0,0.0,23.41,80.06,2.76,TNP_0005,1,2016
2016-09-02 20:00:00+00:00,0.0,0.0,22.98,82.1,2.71,TNP_0005,1,2016
2016-09-02 21:00:00+00:00,0.0,0.0,22.61,83.87,2.7,TNP_0005,1,2016
2016-09-02 22:00:00+00:00,0.0,0.0,22.22,85.8,2.47,TNP_0005,1,2016
2016-09-02 23:00:00+00:00,0.0,0.0,21.9,87.51,2.14,TNP_0005,1,2016
2016-09-03 00:00:00+00:00,3.97,4.6,21.68,88.5,2.03,TNP_0005,1,2016
2016-09-03 01:00:00+00:00,94.38,127.72,22.39,84.06,2.98,TNP_0005,1,2016
2016-09-03 02:00:00+00:00,273.45,363.92,23.91,75.45,4.02,TNP_0005,1,2016
2016-09-03 03:00:00+00:00,482.73,597.0,26.34,62.05,4.61,TNP_0005,1,2016
2016-09-03 04:00:00+00:00,635.9,789.15,28.42,52.28,4.73,TNP_0005,1,2016
2016-09-03 05:00:00+00:00,822.7,919.62,29.84,47.31,4.58,TNP_0005,1,2016
2016-09-03 06:00:00+00:00,908.7,984.1,31.17,43.61,4.23,TNP_0005,1,2016
2016-09-03 07:00:00+00:00,793.92,961.38,32.39,40.48,3.97,TNP_0005,1,2016
2016-09-03 08:00:00+00:00,709.5,863.03,33.19,38.4,3.77,TNP_0005,1,2016
2016-09-03 09:00:00+00:00,582.22,698.58,33.31,37.96,3.66,TNP_0005,1,2016
2016-09-03 10:00:00+00:00,355.5,477.77,33.0,38.65,3.55,TNP_0005,1,2016
2016-09-03 11:00:00+00:00,164.1,234.82,32.26,41.02,3.2,TNP_0005,1,2016
2016-09-03 12:00:00+00:00,28.15,37.03,29.96,56.54,1.9,TNP_0005,1,2016
2016-09-03 13:00:00+00:00,0.0,0.0,28.07,65.84,2.03,TNP_0005,1,2016
2016-09-03 14:00:00+00:00,0.0,0.0,27.46,67.25,2.32,TNP_0005,1,2016
2016-09-03 15:00:00+00:00,0.0,0.0,26.84,69.27,2.86,TNP_0005,1,2016
2016-09-03 16:00:00+00:00,0.0,0.0,26.04,73.0,3.05,TNP_0005,1,2016
2016-09-03 17:00:00+00:00,0.0,0.0,25.26,76.93,2.98,TNP_0005,1,2016
2016-09-03 18:00:00+00:00,0.0,0.0,24.63,79.98,2.85,TNP_0005,1,2016
2016-09-03 19:00:00+00:00,0.0,0.0,24.12,82.47,2.67,TNP_0005,1,2016
2016-09-03 20:00:00+00:00,0.0,0.0,23.66,84.84,2.47,TNP_0005,1,2016
2016-09-03 21:00:00+00:00,0.0,0.0,23.28,86.74,2.28,TNP_0005,1,2016
2016-09-03 22:00:00+00:00,0.0,0.0,22.94,88.35,2.21,TNP_0005,1,2016
2016-09-03 23:00:00+00:00,0.0,0.0,22.62,89.78,2.2,TNP_0005,1,2016
2016-09-04 00:00:00+00:00,3.1,4.55,22.32,91.08,2.06,TNP_0005,1,2016
2016-09-04 01:00:00+00:00,58.9,123.72,23.53,84.39,3.01,TNP_0005,1,2016
2016-09-04 02:00:00+00:00,197.8,357.5,25.81,70.79,3.98,TNP_0005,1,2016
2016-09-04 03:00:00+00:00,285.12,591.33,28.32,55.41,4.45,TNP_0005,1,2016
2016-09-04 04:00:00+00:00,472.8,785.22,30.2,46.37,4.62,TNP_0005,1,2016
2016-09-04 05:00:00+00:00,597.28,917.72,31.51,41.87,4.56,TNP_0005,1,2016
2016-09-04 06:00:00+00:00,692.9,919.78,32.61,38.81,4.39,TNP_0005,1,2016
2016-09-04 07:00:00+00:00,757.33,904.6,33.56,36.4,4.37,TNP_0005,1,2016
2016-09-04 08:00:00+00:00,609.45,811.8,34.23,34.8,4.39,TNP_0005,1,2016
2016-09-04 09:00:00+00:00,529.4,649.6,34.32,34.66,4.49,TNP_0005,1,2016
2016-09-04 10:00:00+00:00,392.27,432.95,33.71,36.18,4.58,TNP_0005,1,2016
2016-09-04 11:00:00+00:00,198.62,212.73,32.62,39.79,4.23,TNP_0005,1,2016
2016-09-04 12:00:00+00:00,32.6,33.08,30.15,52.68,2.83,TNP_0005,1,2016
2016-09-04 13:00:00+00:00,0.0,0.0,28.12,60.86,2.81,TNP_0005,1,2016
2016-09-04 14:00:00+00:00,0.0,0.0,27.36,63.61,2.92,TNP_0005,1,2016
2016-09-04 15:00:00+00:00,0.0,0.0,26.67,66.82,2.93,TNP_0005,1,2016
2016-09-04 16:00:00+00:00,0.0,0.0,25.98,69.9,3.07,TNP_0005,1,2016
2016-09-04 17:00:00+00:00,0.0,0.0,25.31,73.49,2.99,TNP_0005,1,2016
2016-09-04 18:00:00+00:00,0.0,0.0,24.71,76.97,2.92,TNP_0005,1,2016
2016-09-04 19:00:00+00:00,0.0,0.0,24.17,80.0,3.03,TNP_0005,1,2016
2016-09-04 20:00:00+00:00,0.0,0.0,23.6,83.17,3.02,TNP_0005,1,2016
2016-09-04 21:00:00+00:00,0.0,0.0,23.06,86.32,2.73,TNP_0005,1,2016
2016-09-04 22:00:00+00:00,0.0,0.0,22.6,88.81,2.41,TNP_0005,1,2016
2016-09-04 23:00:00+00:00,0.0,0.0,22.17,90.96,2.17,TNP_0005,1,2016
2016-09-05 00:00:00+00:00,2.83,4.6,21.79,92.81,1.92,TNP_0005,1,2016
2016-09-05 01:00:00+00:00,76.0,127.12,22.98,86.29,3.01,TNP_0005,1,2016
2016-09-05 02:00:00+00:00,238.1,363.58,24.92,74.47,4.23,TNP_0005,1,2016
2016-09-05 03:00:00+00:00,514.75,597.95,27.3,60.69,4.8,TNP_0005,1,2016
2016-09-05 04:00:00+00:00,761.53,792.38,29.63,49.71,4.98,TNP_0005,1,2016
2016-09-05 05:00:00+00:00,911.03,925.28,31.68,41.82,4.9,TNP_0005,1,2016
2016-09-05 06:00:00+00:00,957.22,979.38,33.34,36.46,4.69,TNP_0005,1,2016
2016-09-05 07:00:00+00:00,863.38,956.2,34.47,33.03,4.54,TNP_0005,1,2016
2016-09-05 08:00:00+00:00,697.33,857.42,34.75,31.68,4.5,TNP_0005,1,2016
2016-09-05 09:00:00+00:00,533.03,691.08,34.52,31.67,4.55,TNP_0005,1,2016
2016-09-05 10:00:00+00:00,363.1,473.38,33.95,32.83,4.51,TNP_0005,1,2016
2016-09-05 11:00:00+00:00,182.93,232.45,32.7,37.15,3.87,TNP_0005,1,2016
2016-09-05 12:00:00+00:00,33.17,35.9,30.15,49.88,2.63,TNP_0005,1,2016
2016-09-05 13:00:00+00:00,0.0,0.0,28.41,55.77,2.8,TNP_0005,1,2016
2016-09-05 14:00:00+00:00,0.0,0.0,27.55,58.86,2.82,TNP_0005,1,2016
2016-09-05 15:00:00+00:00,0.0,0.0,26.77,62.6,2.89,TNP_0005,1,2016
2016-09-05 16:00:00+00:00,0.0,0.0,26.05,66.78,3.14,TNP_0005,1,2016
2016-09-05 17:00:00+00:00,0.0,0.0,25.3,71.49,3.29,TNP_0005,1,2016
2016-09-05 18:00:00+00:00,0.0,0.0,24.62,75.79,3.33,TNP_0005,1,2016
2016-09-05 19:00:00+00:00,0.0,0.0,24.02,79.59,3.25,TNP_0005,1,2016
2016-09-05 20:00:00+00:00,0.0,0.0,23.48,82.75,3.21,TNP_0005,1,2016
2016-09-05 21:00:00+00:00,0.0,0.0,22.93,85.73,3.17,TNP_0005,1,2016
2016-09-05 22:00:00+00:00,0.0,0.0,22.49,88.0,2.9,TNP_0005,1,2016
2016-09-05 23:00:00+00:00,0.0,0.0,22.13,89.71,2.57,TNP_0005,1,2016
2016-09-06 00:00:00+00:00,4.57,4.8,21.85,90.85,2.27,TNP_0005,1,2016
2016-09-06 01:00:00+00:00,110.2,131.68,23.08,83.4,3.35,TNP_0005,1,2016
2016-09-06 02:00:00+00:00,308.02,369.3,25.39,69.78,4.78,TNP_0005,1,2016
2016-09-06 03:00:00+00:00,544.33,604.67,27.91,56.61,5.31,TNP_0005,1,2016
2016-09-06 04:00:00+00:00,756.67,798.6,30.1,47.07,5.41,TNP_0005,1,2016
2016-09-06 05:00:00+00:00,843.53,930.35,31.63,41.51,5.33,TNP_0005,1,2016
2016-09-06 06:00:00+00:00,880.95,938.08,33.03,37.52,5.1,TNP_0005,1,2016
2016-09-06 07:00:00+00:00,832.15,922.62,34.3,34.56,4.92,TNP_0005,1,2016
2016-09-06 08:00:00+00:00,698.92,827.25,34.8,33.47,5.01,TNP_0005,1,2016
2016-09-06 09:00:00+00:00,541.67,664.15,34.19,34.85,5.19,TNP_0005,1,2016
2016-09-06 10:00:00+00:00,344.85,446.92,33.36,37.04,5.21,TNP_0005,1,2016
2016-09-06 11:00:00+00:00,166.5,214.57,32.0,41.39,4.67,TNP_0005,1,2016
2016-09-06 12:00:00+00:00,31.12,32.65,29.73,53.21,3.17,TNP_0005,1,2016
2016-09-06 13:00:00+00:00,0.0,0.0,28.0,62.08,2.9,TNP_0005,1,2016
2016-09-06 14:00:00+00:00,0.0,0.0,27.2,65.68,3.14,TNP_0005,1,2016
2016-09-06 15:00:00+00:00,0.0,0.0,26.36,69.74,3.3,TNP_0005,1,2016
2016-09-06 16:00:00+00:00,0.0,0.0,25.49,74.07,3.35,TNP_0005,1,2016
2016-09-06 17:00:00+00:00,0.0,0.0,24.7,77.63,3.44,TNP_0005,1,2016
2016-09-06 18:00:00+00:00,0.0,0.0,24.04,80.6,3.51,TNP_0005,1,2016
2016-09-06 19:00:00+00:00,0.0,0.0,23.49,82.88,3.58,TNP_0005,1,2016
2016-09-06 20:00:00+00:00,0.0,0.0,23.01,84.82,3.53,TNP_0005,1,2016
2016-09-06 21:00:00+00:00,0.0,0.0,22.61,86.48,3.09,TNP_0005,1,2016
2016-09-06 22:00:00+00:00,0.0,0.0,22.17,88.37,2.53,TNP_0005,1,2016
2016-09-06 23:00:00+00:00,0.0,0.0,21.77,89.88,2.19,TNP_0005,1,2016
2016-09-07 00:00:00+00:00,4.78,4.9,21.43,91.09,2.16,TNP_0005,1,2016
2016-09-07 01:00:00+00:00,130.32,134.1,22.31,86.09,3.35,TNP_0005,1,2016
2016-09-07 02:00:00+00:00,364.05,374.42,24.15,74.74,4.92,TNP_0005,1,2016
2016-09-07 03:00:00+00:00,608.4,612.03,26.7,61.05,5.73,TNP_0005,1,2016
2016-09-07 04:00:00+00:00,804.72,807.17,29.11,50.4,5.67,TNP_0005,1,2016
2016-09-07 05:00:00+00:00,904.95,939.47,31.04,43.21,5.12,TNP_0005,1,2016
2016-09-07 06:00:00+00:00,1002.25,1009.62,32.34,38.76,4.53,TNP_0005,1,2016
2016-09-07 07:00:00+00:00,957.4,985.2,33.22,35.87,4.11,TNP_0005,1,2016
2016-09-07 08:00:00+00:00,802.05,883.85,33.82,33.83,3.84,TNP_0005,1,2016
2016-09-07 09:00:00+00:00,636.53,714.85,34.11,32.49,3.63,TNP_0005,1,2016
2016-09-07 10:00:00+00:00,451.12,493.33,33.76,32.42,3.49,TNP_0005,1,2016
2016-09-07 11:00:00+00:00,215.7,245.98,32.77,35.11,3.22,TNP_0005,1,2016
2016-09-07 12:00:00+00:00,33.72,36.88,30.13,48.58,2.28,TNP_0005,1,2016
2016-09-07 13:00:00+00:00,0.0,0.0,27.78,56.93,2.48,TNP_0005,1,2016
2016-09-07 14:00:00+00:00,0.0,0.0,27.1,57.97,3.08,TNP_0005,1,2016
2016-09-07 15:00:00+00:00,0.0,0.0,26.34,61.62,3.91,TNP_0005,1,2016
2016-09-07 16:00:00+00:00,0.0,0.0,25.5,67.2,4.24,TNP_0005,1,2016
2016-09-07 17:00:00+00:00,0.0,0.0,24.82,71.93,4.07,TNP_0005,1,2016
2016-09-07 18:00:00+00:00,0.0,0.0,24.2,75.88,3.62,TNP_0005,1,2016
2016-09-07 19:00:00+00:00,0.0,0.0,23.69,78.61,3.57,TNP_0005,1,2016
2016-09-07 20:00:00+00:00,0.0,0.0,23.27,80.84,3.56,TNP_0005,1,2016
2016-09-07 21:00:00+00:00,0.0,0.0,22.82,83.42,3.24,TNP_0005,1,2016
2016-09-07 22:00:00+00:00,0.0,0.0,22.45,85.48,2.89,TNP_0005,1,2016
2016-09-07 23:00:00+00:00,0.0,0.0,22.06,87.51,2.53,TNP_0005,1,2016
2016-09-08 00:00:00+00:00,4.9,4.95,21.59,89.65,2.1,TNP_0005,1,2016
2016-09-08 01:00:00+00:00,135.02,136.93,22.96,82.11,3.28,TNP_0005,1,2016
2016-09-08 02:00:00+00:00,375.6,377.67,25.87,65.67,4.81,TNP_0005,1,2016
2016-09-08 03:00:00+00:00,610.7,613.62,29.14,50.83,5.18,TNP_0005,1,2016
2016-09-08 04:00:00+00:00,805.83,806.92,31.88,41.19,4.89,TNP_0005,1,2016
2016-09-08 05:00:00+00:00,937.72,939.67,33.98,35.22,4.34,TNP_0005,1,2016
2016-09-08 06:00:00+00:00,991.92,993.4,35.32,31.85,3.78,TNP_0005,1,2016
2016-09-08 07:00:00+00:00,955.58,972.88,35.9,30.34,3.38,TNP_0005,1,2016
2016-09-08 08:00:00+00:00,856.17,874.17,35.85,30.18,3.12,TNP_0005,1,2016
2016-09-08 09:00:00+00:00,606.67,705.92,35.2,31.54,3.21,TNP_0005,1,2016
2016-09-08 10:00:00+00:00,372.15,484.27,34.18,33.91,3.55,TNP_0005,1,2016
2016-09-08 11:00:00+00:00,167.27,238.1,32.96,37.45,3.71,TNP_0005,1,2016
2016-09-08 12:00:00+00:00,25.67,34.15,31.03,46.69,3.27,TNP_0005,1,2016
2016-09-08 13:00:00+00:00,0.0,0.0,29.25,56.74,3.18,TNP_0005,1,2016
2016-09-08 14:00:00+00:00,0.0,0.0,28.21,59.51,3.53,TNP_0005,1,2016
2016-09-08 15:00:00+00:00,0.0,0.0,27.18,63.46,3.62,TNP_0005,1,2016
2016-09-08 16:00:00+00:00,0.0,0.0,26.32,67.54,3.58,TNP_0005,1,2016
2016-09-08 17:00:00+00:00,0.0,0.0,25.62,71.0,3.41,TNP_0005,1,2016
2016-09-08 18:00:00+00:00,0.0,0.0,25.08,73.86,3.13,TNP_0005,1,2016
2016-09-08 19:00:00+00:00,0.0,0.0,24.71,75.67,3.06,TNP_0005,1,2016
2016-09-08 20:00:00+00:00,0.0,0.0,24.4,77.06,3.01,TNP_0005,1,2016
2016-09-08 21:00:00+00:00,0.0,0.0,23.99,79.27,2.77,TNP_0005,1,2016
2016-09-08 22:00:00+00:00,0.0,0.0,23.4,82.41,2.35,TNP_0005,1,2016
2016-09-08 23:00:00+00:00,0.0,0.0,22.95,84.82,2.23,TNP_0005,1,2016
2016-09-09 00:00:00+00:00,4.22,4.55,22.59,86.8,2.18,TNP_0005,1,2016
2016-09-09 01:00:00+00:00,114.25,120.7,24.19,78.67,3.67,TNP_0005,1,2016
2016-09-09 02:00:00+00:00,336.02,349.6,27.28,62.03,4.44,TNP_0005,1,2016
2016-09-09 03:00:00+00:00,582.75,585.8,30.55,47.31,3.85,TNP_0005,1,2016
2016-09-09 04:00:00+00:00,780.15,782.97,33.12,39.09,3.16,TNP_0005,1,2016
2016-09-09 05:00:00+00:00,871.4,918.4,34.9,34.77,2.76,TNP_0005,1,2016
2016-09-09 06:00:00+00:00,904.17,965.38,36.05,32.25,2.62,TNP_0005,1,2016
2016-09-09 07:00:00+00:00,809.22,942.28,36.7,30.53,2.61,TNP_0005,1,2016
2016-09-09 08:00:00+00:00,638.85,840.83,36.83,29.73,2.66,TNP_0005,1,2016
2016-09-09 09:00:00+00:00,471.9,667.75,35.65,31.36,2.46,TNP_0005,1,2016
2016-09-09 10:00:00+00:00,318.58,438.77,34.46,33.86,1.84,TNP_0005,1,2016
2016-09-09 11:00:00+00:00,163.93,209.1,33.34,37.71,1.18,TNP_0005,1,2016
2016-09-09 12:00:00+00:00,21.62,28.67,32.08,44.4,0.61,TNP_0005,1,2016
2016-09-09 13:00:00+00:00,0.0,0.0,30.8,52.66,0.71,TNP_0005,1,2016
2016-09-09 14:00:00+00:00,0.0,0.0,29.64,60.14,1.21,TNP_0005,1,2016
2016-09-09 15:00:00+00:00,0.0,0.0,28.76,62.4,1.47,TNP_0005,1,2016
2016-09-09 16:00:00+00:00,0.0,0.0,27.96,64.91,1.59,TNP_0005,1,2016
2016-09-09 17:00:00+00:00,0.0,0.0,27.12,68.03,1.8,TNP_0005,1,2016
2016-09-09 18:00:00+00:00,0.0,0.0,26.24,71.46,2.05,TNP_0005,1,2016
2016-09-09 19:00:00+00:00,0.0,0.0,25.48,74.63,2.27,TNP_0005,1,2016
2016-09-09 20:00:00+00:00,0.0,0.0,24.79,77.27,2.17,TNP_0005,1,2016
2016-09-09 21:00:00+00:00,0.0,0.0,24.29,79.1,1.94,TNP_0005,1,2016
2016-09-09 22:00:00+00:00,0.0,0.0,23.88,80.42,1.79,TNP_0005,1,2016
2016-09-09 23:00:00+00:00,0.0,0.0,23.52,81.34,1.81,TNP_0005,1,2016
2016-09-10 00:00:00+00:00,3.97,4.53,23.22,82.35,1.97,TNP_0005,1,2016
2016-09-10 01:00:00+00:00,87.28,118.0,24.36,77.0,3.33,TNP_0005,1,2016
2016-09-10 02:00:00+00:00,238.82,344.33,26.75,66.38,4.48,TNP_0005,1,2016
2016-09-10 03:00:00+00:00,411.7,581.55,29.45,53.78,4.14,TNP_0005,1,2016
2016-09-10 04:00:00+00:00,565.85,775.38,31.56,45.66,3.13,TNP_0005,1,2016
2016-09-10 05:00:00+00:00,688.72,907.2,32.95,41.29,2.49,TNP_0005,1,2016
2016-09-10 06:00:00+00:00,761.58,928.83,33.79,38.73,2.22,TNP_0005,1,2016
2016-09-10 07:00:00+00:00,633.42,907.42,34.15,37.42,2.26,TNP_0005,1,2016
2016-09-10 08:00:00+00:00,569.45,805.9,34.14,37.17,2.48,TNP_0005,1,2016
2016-09-10 09:00:00+00:00,421.92,635.88,34.04,37.27,2.79,TNP_0005,1,2016
2016-09-10 10:00:00+00:00,274.38,417.95,33.96,37.34,2.97,TNP_0005,1,2016
2016-09-10 11:00:00+00:00,131.32,188.32,33.14,39.35,3.06,TNP_0005,1,2016
2016-09-10 12:00:00+00:00,18.8,25.52,31.17,50.22,2.21,TNP_0005,1,2016
2016-09-10 13:00:00+00:00,0.0,0.0,29.35,58.83,2.21,TNP_0005,1,2016
2016-09-10 14:00:00+00:00,0.0,0.0,28.81,60.05,2.64,TNP_0005,1,2016
2016-09-10 15:00:00+00:00,0.0,0.0,28.11,62.7,3.26,TNP_0005,1,2016
2016-09-10 16:00:00+00:00,0.0,0.0,27.29,66.86,3.55,TNP_0005,1,2016
2016-09-10 17:00:00+00:00,0.0,0.0,26.52,70.48,3.52,TNP_0005,1,2016
2016-09-10 18:00:00+00:00,0.0,0.0,25.99,72.0,3.84,TNP_0005,1,2016
2016-09-10 19:00:00+00:00,0.0,0.0,25.5,73.66,3.85,TNP_0005,1,2016
2016-09-10 20:00:00+00:00,0.0,0.0,24.96,76.12,3.6,TNP_0005,1,2016
2016-09-10 21:00:00+00:00,0.0,0.0,24.36,78.82,3.4,TNP_0005,1,2016
2016-09-10 22:00:00+00:00,0.0,0.0,23.84,81.09,3.03,TNP_0005,1,2016
2016-09-10 23:00:00+00:00,0.0,0.0,23.54,82.78,2.6,TNP_0005,1,2016
2016-09-11 00:00:00+00:00,2.4,4.68,23.28,84.02,2.55,TNP_0005,1,2016
2016-09-11 01:00:00+00:00,66.07,124.45,23.83,80.98,3.21,TNP_0005,1,2016
2016-09-11 02:00:00+00:00,202.07,360.6,25.4,71.83,4.28,TNP_0005,1,2016
2016-09-11 03:00:00+00:00,421.08,596.78,27.77,58.54,4.49,TNP_0005,1,2016
2016-09-11 04:00:00+00:00,553.08,791.28,30.11,46.64,4.15,TNP_0005,1,2016
2016-09-11 05:00:00+00:00,664.35,922.6,31.98,38.75,3.8,TNP_0005,1,2016
2016-09-11 06:00:00+00:00,771.53,978.75,33.15,34.38,3.66,TNP_0005,1,2016
2016-09-11 07:00:00+00:00,777.9,954.78,33.68,32.01,3.67,TNP_0005,1,2016
2016-09-11 08:00:00+00:00,650.25,853.1,33.93,30.45,3.58,TNP_0005,1,2016
2016-09-11 09:00:00+00:00,481.48,682.47,33.97,29.61,3.37,TNP_0005,1,2016
2016-09-11 10:00:00+00:00,303.8,460.55,33.74,29.58,3.2,TNP_0005,1,2016
2016-09-11 11:00:00+00:00,129.8,218.12,32.87,31.86,2.77,TNP_0005,1,2016
2016-09-11 12:00:00+00:00,19.9,28.62,30.2,48.11,1.73,TNP_0005,1,2016
2016-09-11 13:00:00+00:00,0.0,0.0,28.6,53.43,1.88,TNP_0005,1,2016
2016-09-11 14:00:00+00:00,0.0,0.0,27.97,55.15,1.91,TNP_0005,1,2016
2016-09-11 15:00:00+00:00,0.0,0.0,27.38,58.34,1.94,TNP_0005,1,2016
2016-09-11 16:00:00+00:00,0.0,0.0,26.75,62.56,1.96,TNP_0005,1,2016
2016-09-11 17:00:00+00:00,0.0,0.0,26.12,66.57,2.09,TNP_0005,1,2016
2016-09-11 18:00:00+00:00,0.0,0.0,25.51,70.07,2.22,TNP_0005,1,2016
2016-09-11 19:00:00+00:00,0.0,0.0,25.02,72.53,2.34,TNP_0005,1,2016
2016-09-11 20:00:00+00:00,0.0,0.0,24.6,74.52,2.4,TNP_0005,1,2016
2016-09-11 21:00:00+00:00,0.0,0.0,24.25,76.47,2.39,TNP_0005,1,2016
2016-09-11 22:00:00+00:00,0.0,0.0,23.92,78.52,2.25,TNP_0005,1,2016
2016-09-11 23:00:00+00:00,0.0,0.0,23.62,80.46,1.96,TNP_0005,1,2016
2016-09-12 00:00:00+00:00,4.5,4.6,23.26,82.75,1.6,TNP_0005,1,2016
2016-09-12 01:00:00+00:00,101.1,118.22,24.33,77.16,2.77,TNP_0005,1,2016
2016-09-12 02:00:00+00:00,267.52,341.42,26.46,66.05,3.93,TNP_0005,1,2016
2016-09-12 03:00:00+00:00,433.1,573.4,28.74,55.11,4.14,TNP_0005,1,2016
2016-09-12 04:00:00+00:00,579.55,767.05,30.57,47.6,3.99,TNP_0005,1,2016
2016-09-12 05:00:00+00:00,659.42,899.72,31.75,42.94,3.89,TNP_0005,1,2016
2016-09-12 06:00:00+00:00,710.05,956.55,32.52,39.78,3.77,TNP_0005,1,2016
2016-09-12 07:00:00+00:00,427.38,933.2,33.08,37.41,3.67,TNP_0005,1,2016
2016-09-12 08:00:00+00:00,460.83,831.8,33.52,35.48,3.6,TNP_0005,1,2016
2016-09-12 09:00:00+00:00,360.8,661.7,33.61,34.55,3.5,TNP_0005,1,2016
2016-09-12 10:00:00+00:00,206.85,441.27,33.21,34.75,3.39,TNP_0005,1,2016
2016-09-12 11:00:00+00:00,91.35,203.18,32.51,36.38,2.96,TNP_0005,1,2016
2016-09-12 12:00:00+00:00,12.52,26.12,30.38,49.93,1.56,TNP_0005,1,2016
2016-09-12 13:00:00+00:00,0.0,0.0,28.53,56.74,1.39,TNP_0005,1,2016
2016-09-12 14:00:00+00:00,0.0,0.0,27.61,59.08,1.23,TNP_0005,1,2016
2016-09-12 15:00:00+00:00,0.0,0.0,26.92,61.31,1.28,TNP_0005,1,2016
2016-09-12 16:00:00+00:00,0.0,0.0,26.32,64.36,1.47,TNP_0005,1,2016
2016-09-12 17:00:00+00:00,0.0,0.0,25.72,68.54,2.02,TNP_0005,1,2016
2016-09-12 18:00:00+00:00,0.0,0.0,25.1,72.32,2.24,TNP_0005,1,2016
2016-09-12 19:00:00+00:00,0.0,0.0,24.47,75.78,1.95,TNP_0005,1,2016
2016-09-12 20:00:00+00:00,0.0,0.0,23.94,78.36,2.06,TNP_0005,1,2016
2016-09-12 21:00:00+00:00,0.0,0.0,23.52,80.43,2.22,TNP_0005,1,2016
2016-09-12 22:00:00+00:00,0.0,0.0,23.11,82.72,2.02,TNP_0005,1,2016
2016-09-12 23:00:00+00:00,0.0,0.0,22.78,84.87,1.87,TNP_0005,1,2016
2016-09-13 00:00:00+00:00,3.2,4.7,22.63,86.1,1.94,TNP_0005,1,2016
2016-09-13 01:00:00+00:00,79.28,124.5,23.79,80.65,3.08,TNP_0005,1,2016
2016-09-13 02:00:00+00:00,230.12,358.67,26.09,69.06,4.32,TNP_0005,1,2016
2016-09-13 03:00:00+00:00,445.4,592.0,29.03,53.89,4.77,TNP_0005,1,2016
2016-09-13 04:00:00+00:00,626.45,784.7,31.47,43.48,4.51,TNP_0005,1,2016
2016-09-13 05:00:00+00:00,731.72,914.25,33.42,37.2,4.29,TNP_0005,1,2016
2016-09-13 06:00:00+00:00,820.75,918.92,34.9,33.07,4.25,TNP_0005,1,2016
2016-09-13 07:00:00+00:00,727.47,896.42,35.69,30.78,4.35,TNP_0005,1,2016
2016-09-13 08:00:00+00:00,590.97,792.28,35.98,29.64,4.5,TNP_0005,1,2016
2016-09-13 09:00:00+00:00,512.1,615.97,35.67,29.68,4.46,TNP_0005,1,2016
2016-09-13 10:00:00+00:00,272.33,395.3,34.85,30.8,4.24,TNP_0005,1,2016
2016-09-13 11:00:00+00:00,128.35,177.45,33.78,33.29,3.79,TNP_0005,1,2016
2016-09-13 12:00:00+00:00,16.0,23.05,31.38,45.19,2.24,TNP_0005,1,2016
2016-09-13 13:00:00+00:00,0.0,0.0,29.65,52.99,2.29,TNP_0005,1,2016
2016-09-13 14:00:00+00:00,0.0,0.0,28.82,56.22,2.56,TNP_0005,1,2016
2016-09-13 15:00:00+00:00,0.0,0.0,27.82,60.7,3.02,TNP_0005,1,2016
2016-09-13 16:00:00+00:00,0.0,0.0,26.78,67.02,3.19,TNP_0005,1,2016
2016-09-13 17:00:00+00:00,0.0,0.0,25.9,73.4,2.96,TNP_0005,1,2016
2016-09-13 18:00:00+00:00,0.0,0.0,25.25,78.16,2.84,TNP_0005,1,2016
2016-09-13 19:00:00+00:00,0.0,0.0,24.72,81.69,2.76,TNP_0005,1,2016
2016-09-13 20:00:00+00:00,0.0,0.0,24.32,84.38,2.59,TNP_0005,1,2016
2016-09-13 21:00:00+00:00,0.0,0.0,24.04,86.36,2.36,TNP_0005,1,2016
2016-09-13 22:00:00+00:00,0.0,0.0,23.8,87.94,2.19,TNP_0005,1,2016
2016-09-13 23:00:00+00:00,0.0,0.0,23.52,89.27,1.98,TNP_0005,1,2016
2016-09-14 00:00:00+00:00,4.7,4.7,23.21,90.58,1.8,TNP_0005,1,2016
2016-09-14 01:00:00+00:00,110.0,122.03,24.35,84.08,2.9,TNP_0005,1,2016
2016-09-14 02:00:00+00:00,292.7,350.62,26.69,70.11,4.22,TNP_0005,1,2016
2016-09-14 03:00:00+00:00,506.02,587.38,29.54,54.71,4.71,TNP_0005,1,2016
2016-09-14 04:00:00+00:00,606.85,780.2,32.09,43.39,4.62,TNP_0005,1,2016
2016-09-14 05:00:00+00:00,555.15,910.17,34.19,36.48,4.31,TNP_0005,1,2016
2016-09-14 06:00:00+00:00,545.2,965.28,35.77,32.55,4.07,TNP_0005,1,2016
2016-09-14 07:00:00+00:00,550.38,933.17,36.69,30.55,3.86,TNP_0005,1,2016
2016-09-14 08:00:00+00:00,502.73,833.5,36.89,30.11,3.71,TNP_0005,1,2016
2016-09-14 09:00:00+00:00,383.9,666.42,36.52,30.75,3.56,TNP_0005,1,2016
2016-09-14 10:00:00+00:00,237.7,448.33,35.4,33.18,3.41,TNP_0005,1,2016
2016-09-14 11:00:00+00:00,110.82,209.0,33.97,38.42,3.19,TNP_0005,1,2016
2016-09-14 12:00:00+00:00,15.88,25.75,31.85,50.56,2.96,TNP_0005,1,2016
2016-09-14 13:00:00+00:00,0.0,0.0,30.3,57.79,3.35,TNP_0005,1,2016
2016-09-14 14:00:00+00:00,0.0,0.0,29.16,62.29,3.56,TNP_0005,1,2016
2016-09-14 15:00:00+00:00,0.0,0.0,28.12,66.73,3.69,TNP_0005,1,2016
2016-09-14 16:00:00+00:00,0.0,0.0,27.31,70.58,3.51,TNP_0005,1,2016
2016-09-14 17:00:00+00:00,0.0,0.0,26.7,73.38,3.24,TNP_0005,1,2016
2016-09-14 18:00:00+00:00,0.0,0.0,26.21,74.93,3.18,TNP_0005,1,2016
2016-09-14 19:00:00+00:00,0.0,0.0,25.73,76.17,3.39,TNP_0005,1,2016
2016-09-14 20:00:00+00:00,0.0,0.0,25.21,77.76,3.62,TNP_0005,1,2016
2016-09-14 21:00:00+00:00,0.0,0.0,24.64,80.06,3.24,TNP_0005,1,2016
2016-09-14 22:00:00+00:00,0.0,0.0,24.13,82.04,2.66,TNP_0005,1,2016
2016-09-14 23:00:00+00:00,0.0,0.0,23.65,83.81,2.11,TNP_0005,1,2016
2016-09-15 00:00:00+00:00,4.8,4.95,23.26,85.27,1.78,TNP_0005,1,2016
2016-09-15 01:00:00+00:00,123.65,132.3,24.21,79.66,3.09,TNP_0005,1,2016
2016-09-15 02:00:00+00:00,339.52,368.2,26.05,67.74,4.37,TNP_0005,1,2016
2016-09-15 03:00:00+00:00,555.67,601.83,28.75,53.57,5.03,TNP_0005,1,2016
2016-09-15 04:00:00+00:00,743.72,793.97,31.84,42.3,4.88,TNP_0005,1,2016
2016-09-15 05:00:00+00:00,822.55,924.03,34.26,35.39,4.41,TNP_0005,1,2016
2016-09-15 06:00:00+00:00,863.72,952.1,35.77,31.63,4.4,TNP_0005,1,2016
2016-09-15 07:00:00+00:00,814.08,927.58,36.47,29.96,4.5,TNP_0005,1,2016
2016-09-15 08:00:00+00:00,644.65,823.0,36.75,29.5,4.64,TNP_0005,1,2016
2016-09-15 09:00:00+00:00,564.15,650.58,36.33,30.49,4.93,TNP_0005,1,2016
2016-09-15 10:00:00+00:00,358.55,429.1,35.49,32.45,4.92,TNP_0005,1,2016
2016-09-15 11:00:00+00:00,168.82,198.0,34.23,36.41,4.37,TNP_0005,1,2016
2016-09-15 12:00:00+00:00,20.0,23.5,32.21,46.76,3.38,TNP_0005,1,2016
2016-09-15 13:00:00+00:00,0.0,0.0,30.5,53.7,3.2,TNP_0005,1,2016
2016-09-15 14:00:00+00:00,0.0,0.0,29.43,57.2,3.74,TNP_0005,1,2016
2016-09-15 15:00:00+00:00,0.0,0.0,28.4,62.12,3.69,TNP_0005,1,2016
2016-09-15 16:00:00+00:00,0.0,0.0,27.5,67.63,3.43,TNP_0005,1,2016
2016-09-15 17:00:00+00:00,0.0,0.0,26.77,71.23,3.5,TNP_0005,1,2016
2016-09-15 18:00:00+00:00,0.0,0.0,26.06,74.37,3.56,TNP_0005,1,2016
2016-09-15 19:00:00+00:00,0.0,0.0,25.39,77.56,3.45,TNP_0005,1,2016
2016-09-15 20:00:00+00:00,0.0,0.0,24.77,80.62,3.21,TNP_0005,1,2016
2016-09-15 21:00:00+00:00,0.0,0.0,24.26,83.18,2.79,TNP_0005,1,2016
2016-09-15 22:00:00+00:00,0.0,0.0,23.81,85.37,2.36,TNP_0005,1,2016
2016-09-15 23:00:00+00:00,0.0,0.0,23.39,87.37,2.2,TNP_0005,1,2016
2016-09-16 00:00:00+00:00,4.75,4.93,23.06,89.07,2.06,TNP_0005,1,2016
2016-09-16 01:00:00+00:00,125.07,131.45,23.97,84.94,2.81,TNP_0005,1,2016
2016-09-16 02:00:00+00:00,350.83,368.8,26.01,74.08,4.11,TNP_0005,1,2016
2016-09-16 03:00:00+00:00,594.38,603.8,28.49,60.92,4.79,TNP_0005,1,2016
2016-09-16 04:00:00+00:00,778.5,795.72,30.86,49.33,4.99,TNP_0005,1,2016
2016-09-16 05:00:00+00:00,915.0,924.1,32.6,41.48,5.01,TNP_0005,1,2016
2016-09-16 06:00:00+00:00,983.12,998.53,33.7,37.0,4.98,TNP_0005,1,2016
2016-09-16 07:00:00+00:00,876.8,972.62,34.48,34.24,4.89,TNP_0005,1,2016
2016-09-16 08:00:00+00:00,657.28,870.5,34.96,32.76,4.74,TNP_0005,1,2016
2016-09-16 09:00:00+00:00,590.1,700.47,35.1,32.46,4.83,TNP_0005,1,2016
2016-09-16 10:00:00+00:00,328.02,477.83,34.77,33.44,5.25,TNP_0005,1,2016
2016-09-16 11:00:00+00:00,149.75,226.43,33.6,37.76,5.07,TNP_0005,1,2016
2016-09-16 12:00:00+00:00,17.8,26.33,31.13,48.44,4.61,TNP_0005,1,2016
2016-09-16 13:00:00+00:00,0.0,0.0,29.23,55.32,4.76,TNP_0005,1,2016
2016-09-16 14:00:00+00:00,0.0,0.0,28.12,60.48,4.56,TNP_0005,1,2016
2016-09-16 15:00:00+00:00,0.0,0.0,27.12,65.97,4.0,TNP_0005,1,2016
2016-09-16 16:00:00+00:00,0.0,0.0,26.29,70.74,3.5,TNP_0005,1,2016
2016-09-16 17:00:00+00:00,0.0,0.0,25.58,74.61,3.39,TNP_0005,1,2016
2016-09-16 18:00:00+00:00,0.0,0.0,24.93,78.17,3.36,TNP_0005,1,2016
2016-09-16 19:00:00+00:00,0.0,0.0,24.38,81.03,3.25,TNP_0005,1,2016
2016-09-16 20:00:00+00:00,0.0,0.0,23.98,83.11,3.07,TNP_0005,1,2016
2016-09-16 21:00:00+00:00,0.0,0.0,23.65,84.64,2.88,TNP_0005,1,2016
2016-09-16 22:00:00+00:00,0.0,0.0,23.38,85.73,2.69,TNP_0005,1,2016
2016-09-16 23:00:00+00:00,0.0,0.0,23.1,86.58,2.44,TNP_0005,1,2016
2016-09-17 00:00:00+00:00,3.72,5.0,22.82,87.3,2.08,TNP_0005,1,2016
2016-09-17 01:00:00+00:00,78.12,134.82,23.72,81.39,2.99,TNP_0005,1,2016
2016-09-17 02:00:00+00:00,225.07,375.42,25.71,68.71,4.45,TNP_0005,1,2016
2016-09-17 03:00:00+00:00,420.95,610.03,28.34,55.08,5.18,TNP_0005,1,2016
2016-09-17 04:00:00+00:00,559.05,801.62,30.79,45.08,5.23,TNP_0005,1,2016
2016-09-17 05:00:00+00:00,736.15,928.88,32.69,38.73,4.91,TNP_0005,1,2016
2016-09-17 06:00:00+00:00,769.72,934.22,33.95,34.84,4.5,TNP_0005,1,2016
2016-09-17 07:00:00+00:00,791.2,904.8,34.69,32.56,4.15,TNP_0005,1,2016
2016-09-17 08:00:00+00:00,549.8,795.7,35.03,31.48,3.85,TNP_0005,1,2016
2016-09-17 09:00:00+00:00,528.28,615.38,34.9,31.56,3.75,TNP_0005,1,2016
2016-09-17 10:00:00+00:00,310.52,389.2,34.4,32.64,3.85,TNP_0005,1,2016
2016-09-17 11:00:00+00:00,131.4,158.68,33.27,37.15,3.66,TNP_0005,1,2016
2016-09-17 12:00:00+00:00,17.23,18.42,31.3,48.16,3.43,TNP_0005,1,2016
2016-09-17 13:00:00+00:00,0.0,0.0,29.79,52.48,3.99,TNP_0005,1,2016
2016-09-17 14:00:00+00:00,0.0,0.0,28.71,56.23,4.4,TNP_0005,1,2016
2016-09-17 15:00:00+00:00,0.0,0.0,27.7,60.52,4.53,TNP_0005,1,2016
2016-09-17 16:00:00+00:00,0.0,0.0,26.97,63.94,4.49,TNP_0005,1,2016
2016-09-17 17:00:00+00:00,0.0,0.0,26.44,66.05,4.93,TNP_0005,1,2016
2016-09-17 18:00:00+00:00,0.0,0.0,25.68,70.11,4.48,TNP_0005,1,2016
2016-09-17 19:00:00+00:00,0.0,0.0,24.94,74.18,4.08,TNP_0005,1,2016
2016-09-17 20:00:00+00:00,0.0,0.0,24.4,76.6,4.34,TNP_0005,1,2016
2016-09-17 21:00:00+00:00,0.0,0.0,23.81,79.64,3.64,TNP_0005,1,2016
2016-09-17 22:00:00+00:00,0.0,0.0,23.16,83.65,2.59,TNP_0005,1,2016
2016-09-17 23:00:00+00:00,0.0,0.0,22.72,86.07,2.12,TNP_0005,1,2016
2016-09-18 00:00:00+00:00,4.4,4.32,22.44,87.45,1.91,TNP_0005,1,2016
2016-09-18 01:00:00+00:00,108.38,111.12,23.63,80.81,3.02,TNP_0005,1,2016
2016-09-18 02:00:00+00:00,311.85,330.25,26.17,67.02,4.7,TNP_0005,1,2016
2016-09-18 03:00:00+00:00,556.4,570.0,29.06,53.69,5.59,TNP_0005,1,2016
2016-09-18 04:00:00+00:00,768.08,772.72,31.71,43.72,5.84,TNP_0005,1,2016
2016-09-18 05:00:00+00:00,908.55,911.67,33.77,37.21,5.63,TNP_0005,1,2016
2016-09-18 06:00:00+00:00,974.47,979.55,35.11,33.2,5.36,TNP_0005,1,2016
2016-09-18 07:00:00+00:00,916.55,956.58,35.64,31.09,5.07,TNP_0005,1,2016
2016-09-18 08:00:00+00:00,730.65,855.0,35.71,30.23,4.86,TNP_0005,1,2016
2016-09-18 09:00:00+00:00,613.55,684.65,35.49,30.18,4.71,TNP_0005,1,2016
2016-09-18 10:00:00+00:00,398.6,459.5,34.94,31.14,4.64,TNP_0005,1,2016
2016-09-18 11:00:00+00:00,178.2,214.57,33.79,35.46,4.32,TNP_0005,1,2016
2016-09-18 12:00:00+00:00,20.48,23.67,31.58,45.67,3.98,TNP_0005,1,2016
2016-09-18 13:00:00+00:00,0.0,0.0,29.84,51.18,4.27,TNP_0005,1,2016
2016-09-18 14:00:00+00:00,0.0,0.0,28.78,55.01,4.5,TNP_0005,1,2016
2016-09-18 15:00:00+00:00,0.0,0.0,27.75,59.48,4.26,TNP_0005,1,2016
2016-09-18 16:00:00+00:00,0.0,0.0,26.88,63.0,4.24,TNP_0005,1,2016
2016-09-18 17:00:00+00:00,0.0,0.0,26.19,66.03,4.23,TNP_0005,1,2016
2016-09-18 18:00:00+00:00,0.0,0.0,25.51,69.46,4.06,TNP_0005,1,2016
2016-09-18 19:00:00+00:00,0.0,0.0,24.86,73.27,3.81,TNP_0005,1,2016
2016-09-18 20:00:00+00:00,0.0,0.0,24.34,76.35,3.54,TNP_0005,1,2016
2016-09-18 21:00:00+00:00,0.0,0.0,23.9,78.89,3.27,TNP_0005,1,2016
2016-09-18 22:00:00+00:00,0.0,0.0,23.52,80.86,2.96,TNP_0005,1,2016
2016-09-18 23:00:00+00:00,0.0,0.0,23.15,82.81,2.54,TNP_0005,1,2016
2016-09-19 00:00:00+00:00,5.12,5.28,22.85,84.32,2.4,TNP_0005,1,2016
2016-09-19 01:00:00+00:00,135.0,142.18,23.85,78.91,3.68,TNP_0005,1,2016
2016-09-19 02:00:00+00:00,374.52,386.95,26.13,67.06,5.06,TNP_0005,1,2016
2016-09-19 03:00:00+00:00,622.67,623.3,28.73,54.7,5.19,TNP_0005,1,2016
2016-09-19 04:00:00+00:00,810.75,814.78,31.02,45.25,4.65,TNP_0005,1,2016
2016-09-19 05:00:00+00:00,938.45,942.35,32.99,38.62,3.99,TNP_0005,1,2016
2016-09-19 06:00:00+00:00,980.75,997.25,35.17,32.86,3.59,TNP_0005,1,2016
2016-09-19 07:00:00+00:00,886.05,967.5,36.86,28.8,3.45,TNP_0005,1,2016
2016-09-19 08:00:00+00:00,798.0,862.45,37.65,26.55,3.44,TNP_0005,1,2016
2016-09-19 09:00:00+00:00,605.12,689.95,37.74,25.63,3.44,TNP_0005,1,2016
2016-09-19 10:00:00+00:00,368.67,463.83,37.19,25.86,3.43,TNP_0005,1,2016
2016-09-19 11:00:00+00:00,167.18,212.57,35.95,27.61,3.34,TNP_0005,1,2016
2016-09-19 12:00:00+00:00,19.92,21.98,33.1,38.67,2.0,TNP_0005,1,2016
2016-09-19 13:00:00+00:00,0.0,0.0,31.43,44.7,1.88,TNP_0005,1,2016
2016-09-19 14:00:00+00:00,0.0,0.0,30.75,46.76,2.58,TNP_0005,1,2016
2016-09-19 15:00:00+00:00,0.0,0.0,29.8,51.15,3.38,TNP_0005,1,2016
2016-09-19 16:00:00+00:00,0.0,0.0,29.0,54.63,3.65,TNP_0005,1,2016
2016-09-19 17:00:00+00:00,0.0,0.0,28.23,58.26,3.38,TNP_0005,1,2016
2016-09-19 18:00:00+00:00,0.0,0.0,27.51,61.53,3.77,TNP_0005,1,2016
2016-09-19 19:00:00+00:00,0.0,0.0,26.74,64.82,4.04,TNP_0005,1,2016
2016-09-19 20:00:00+00:00,0.0,0.0,25.91,68.66,4.05,TNP_0005,1,2016
2016-09-19 21:00:00+00:00,0.0,0.0,25.17,71.99,3.83,TNP_0005,1,2016
2016-09-19 22:00:00+00:00,0.0,0.0,24.52,75.04,3.26,TNP_0005,1,2016
2016-09-19 23:00:00+00:00,0.0,0.0,23.92,77.96,2.72,TNP_0005,1,2016
2016-09-20 00:00:00+00:00,5.05,5.35,23.51,79.86,2.49,TNP_0005,1,2016
2016-09-20 01:00:00+00:00,121.57,143.98,24.17,76.25,3.43,TNP_0005,1,2016
2016-09-20 02:00:00+00:00,332.7,388.2,26.16,65.66,4.94,TNP_0005,1,2016
2016-09-20 03:00:00+00:00,529.75,623.0,28.55,54.03,5.49,TNP_0005,1,2016
2016-09-20 04:00:00+00:00,775.28,812.97,30.72,44.82,5.39,TNP_0005,1,2016
2016-09-20 05:00:00+00:00,745.7,938.58,32.61,38.17,5.01,TNP_0005,1,2016
2016-09-20 06:00:00+00:00,897.15,971.9,34.36,32.98,4.66,TNP_0005,1,2016
2016-09-20 07:00:00+00:00,835.22,942.42,35.84,28.99,4.49,TNP_0005,1,2016
2016-09-20 08:00:00+00:00,632.85,835.47,36.77,26.4,4.34,TNP_0005,1,2016
2016-09-20 09:00:00+00:00,429.55,659.83,36.73,25.68,4.13,TNP_0005,1,2016
2016-09-20 10:00:00+00:00,264.92,431.6,35.9,26.48,3.88,TNP_0005,1,2016
2016-09-20 11:00:00+00:00,120.0,187.35,34.66,29.08,3.2,TNP_0005,1,2016
2016-09-20 12:00:00+00:00,13.73,19.3,32.25,39.63,1.8,TNP_0005,1,2016
2016-09-20 13:00:00+00:00,0.0,0.0,30.73,44.35,1.76,TNP_0005,1,2016
2016-09-20 14:00:00+00:00,0.0,0.0,30.12,46.73,2.4,TNP_0005,1,2016
2016-09-20 15:00:00+00:00,0.0,0.0,29.11,52.43,3.11,TNP_0005,1,2016
2016-09-20 16:00:00+00:00,0.0,0.0,28.1,57.7,2.96,TNP_0005,1,2016
2016-09-20 17:00:00+00:00,0.0,0.0,27.32,61.28,2.86,TNP_0005,1,2016
2016-09-20 18:00:00+00:00,0.0,0.0,26.63,64.23,3.01,TNP_0005,1,2016
2016-09-20 19:00:00+00:00,0.0,0.0,25.97,67.33,3.46,TNP_0005,1,2016
2016-09-20 20:00:00+00:00,0.0,0.0,25.31,71.08,3.57,TNP_0005,1,2016
2016-09-20 21:00:00+00:00,0.0,0.0,24.78,74.37,3.25,TNP_0005,1,2016
2016-09-20 22:00:00+00:00,0.0,0.0,24.34,76.98,2.64,TNP_0005,1,2016
2016-09-20 23:00:00+00:00,0.0,0.0,23.89,79.45,2.04,TNP_0005,1,2016
2016-09-21 00:00:00+00:00,3.62,4.7,23.54,81.21,1.73,TNP_0005,1,2016
2016-09-21 01:00:00+00:00,79.75,114.43,24.74,75.16,3.07,TNP_0005,1,2016
2016-09-21 02:00:00+00:00,231.3,334.27,27.06,63.11,4.72,TNP_0005,1,2016
2016-09-21 03:00:00+00:00,423.27,562.45,29.85,50.46,5.5,TNP_0005,1,2016
2016-09-21 04:00:00+00:00,554.95,751.9,32.39,41.5,5.68,TNP_0005,1,2016
2016-09-21 05:00:00+00:00,624.0,878.45,34.53,35.52,5.53,TNP_0005,1,2016
2016-09-21 06:00:00+00:00,564.92,928.9,36.19,31.47,5.3,TNP_0005,1,2016
2016-09-21 07:00:00+00:00,484.62,898.28,37.13,29.12,5.1,TNP_0005,1,2016
2016-09-21 08:00:00+00:00,469.95,787.83,37.35,28.26,4.98,TNP_0005,1,2016
2016-09-21 09:00:00+00:00,365.25,609.5,36.93,28.62,4.92,TNP_0005,1,2016
2016-09-21 10:00:00+00:00,208.23,384.62,35.91,30.24,4.78,TNP_0005,1,2016
2016-09-21 11:00:00+00:00,101.6,160.75,34.45,33.42,4.55,TNP_0005,1,2016
2016-09-21 12:00:00+00:00,9.12,17.3,32.57,39.03,3.49,TNP_0005,1,2016
2016-09-21 13:00:00+00:00,0.0,0.0,30.74,45.67,2.58,TNP_0005,1,2016
2016-09-21 14:00:00+00:00,0.0,0.0,29.75,49.97,2.5,TNP_0005,1,2016
2016-09-21 15:00:00+00:00,0.0,0.0,28.79,54.8,2.45,TNP_0005,1,2016
2016-09-21 16:00:00+00:00,0.0,0.0,27.93,59.36,2.3,TNP_0005,1,2016
2016-09-21 17:00:00+00:00,0.0,0.0,27.02,63.67,2.49,TNP_0005,1,2016
2016-09-21 18:00:00+00:00,0.0,0.0,26.16,67.62,2.91,TNP_0005,1,2016
2016-09-21 19:00:00+00:00,0.0,0.0,25.37,71.56,2.97,TNP_0005,1,2016
2016-09-21 20:00:00+00:00,0.0,0.0,24.66,75.35,2.79,TNP_0005,1,2016
2016-09-21 21:00:00+00:00,0.0,0.0,24.07,78.35,2.57,TNP_0005,1,2016
2016-09-21 22:00:00+00:00,0.0,0.0,23.59,80.77,2.57,TNP_0005,1,2016
2016-09-21 23:00:00+00:00,0.0,0.0,23.16,82.95,2.53,TNP_0005,1,2016
2016-09-22 00:00:00+00:00,3.8,4.9,22.8,84.75,2.5,TNP_0005,1,2016
2016-09-22 01:00:00+00:00,104.12,126.8,23.92,77.77,3.95,TNP_0005,1,2016
2016-09-22 02:00:00+00:00,288.77,358.58,26.46,61.78,6.0,TNP_0005,1,2016
2016-09-22 03:00:00+00:00,478.27,591.55,29.56,47.08,6.79,TNP_0005,1,2016
2016-09-22 04:00:00+00:00,570.65,783.33,32.3,38.66,6.79,TNP_0005,1,2016
2016-09-22 05:00:00+00:00,681.83,911.17,34.52,33.49,6.54,TNP_0005,1,2016
2016-09-22 06:00:00+00:00,815.7,970.28,36.27,30.11,6.34,TNP_0005,1,2016
2016-09-22 07:00:00+00:00,797.08,939.67,37.55,27.96,6.14,TNP_0005,1,2016
2016-09-22 08:00:00+00:00,621.9,830.75,38.17,26.95,5.92,TNP_0005,1,2016
2016-09-22 09:00:00+00:00,526.83,652.28,37.97,27.18,5.8,TNP_0005,1,2016
2016-09-22 10:00:00+00:00,345.12,422.62,36.67,29.14,5.66,TNP_0005,1,2016
2016-09-22 11:00:00+00:00,154.57,183.98,35.23,31.77,5.47,TNP_0005,1,2016
2016-09-22 12:00:00+00:00,16.1,17.83,33.23,37.04,4.47,TNP_0005,1,2016
2016-09-22 13:00:00+00:00,0.0,0.0,31.49,42.43,4.06,TNP_0005,1,2016
2016-09-22 14:00:00+00:00,0.0,0.0,30.5,45.32,4.29,TNP_0005,1,2016
2016-09-22 15:00:00+00:00,0.0,0.0,29.44,48.55,4.31,TNP_0005,1,2016
2016-09-22 16:00:00+00:00,0.0,0.0,28.42,51.54,4.42,TNP_0005,1,2016
2016-09-22 17:00:00+00:00,0.0,0.0,27.45,54.37,4.91,TNP_0005,1,2016
2016-09-22 18:00:00+00:00,0.0,0.0,26.36,58.69,4.89,TNP_0005,1,2016
2016-09-22 19:00:00+00:00,0.0,0.0,25.34,64.05,4.1,TNP_0005,1,2016
2016-09-22 20:00:00+00:00,0.0,0.0,24.52,69.13,3.42,TNP_0005,1,2016
2016-09-22 21:00:00+00:00,0.0,0.0,23.9,73.4,2.86,TNP_0005,1,2016
2016-09-22 22:00:00+00:00,0.0,0.0,23.45,76.37,2.57,TNP_0005,1,2016
2016-09-22 23:00:00+00:00,0.0,0.0,23.09,78.6,2.47,TNP_0005,1,2016
2016-09-23 00:00:00+00:00,4.68,4.97,22.81,80.35,2.36,TNP_0005,1,2016
2016-09-23 01:00:00+00:00,126.18,131.73,23.97,74.86,3.8,TNP_0005,1,2016
2016-09-23 02:00:00+00:00,346.4,367.7,26.46,62.76,5.44,TNP_0005,1,2016
2016-09-23 03:00:00+00:00,584.65,600.88,29.57,50.04,6.14,TNP_0005,1,2016
2016-09-23 04:00:00+00:00,763.62,790.05,32.4,41.12,6.29,TNP_0005,1,2016
2016-09-23 05:00:00+00:00,835.3,915.33,34.71,35.38,6.15,TNP_0005,1,2016
2016-09-23 06:00:00+00:00,899.65,976.95,36.39,31.77,5.91,TNP_0005,1,2016
2016-09-23 07:00:00+00:00,665.8,939.62,37.53,29.48,5.71,TNP_0005,1,2016
2016-09-23 08:00:00+00:00,442.58,824.25,37.98,28.64,5.71,TNP_0005,1,2016
2016-09-23 09:00:00+00:00,344.62,636.45,37.62,29.29,5.74,TNP_0005,1,2016
2016-09-23 10:00:00+00:00,210.02,395.58,36.55,31.42,5.81,TNP_0005,1,2016
2016-09-23 11:00:00+00:00,95.28,157.18,35.08,34.68,5.78,TNP_0005,1,2016
2016-09-23 12:00:00+00:00,10.9,15.77,33.08,40.32,4.96,TNP_0005,1,2016
2016-09-23 13:00:00+00:00,0.0,0.0,31.39,46.24,4.39,TNP_0005,1,2016
2016-09-23 14:00:00+00:00,0.0,0.0,30.46,49.34,4.55,TNP_0005,1,2016
2016-09-23 15:00:00+00:00,0.0,0.0,29.6,52.47,4.64,TNP_0005,1,2016
2016-09-23 16:00:00+00:00,0.0,0.0,28.75,55.72,4.82,TNP_0005,1,2016
2016-09-23 17:00:00+00:00,0.0,0.0,27.8,59.29,5.24,TNP_0005,1,2016
2016-09-23 18:00:00+00:00,0.0,0.0,26.72,63.65,5.32,TNP_0005,1,2016
2016-09-23 19:00:00+00:00,0.0,0.0,25.76,67.74,5.05,TNP_0005,1,2016
2016-09-23 20:00:00+00:00,0.0,0.0,25.08,70.74,4.6,TNP_0005,1,2016
2016-09-23 21:00:00+00:00,0.0,0.0,24.67,72.47,4.26,TNP_0005,1,2016
2016-09-23 22:00:00+00:00,0.0,0.0,24.31,73.96,3.73,TNP_0005,1,2016
2016-09-23 23:00:00+00:00,0.0,0.0,23.98,75.43,3.13,TNP_0005,1,2016
2016-09-24 00:00:00+00:00,3.72,4.8,23.67,76.85,2.95,TNP_0005,1,2016
2016-09-24 01:00:00+00:00,97.4,122.95,24.59,72.47,4.21,TNP_0005,1,2016
2016-09-24 02:00:00+00:00,270.6,351.12,26.77,62.24,5.88,TNP_0005,1,2016
2016-09-24 03:00:00+00:00,501.42,583.8,29.68,50.23,7.02,TNP_0005,1,2016
2016-09-24 04:00:00+00:00,698.67,773.83,32.54,40.87,7.67,TNP_0005,1,2016
2016-09-24 05:00:00+00:00,691.53,900.1,34.87,34.88,7.91,TNP_0005,1,2016
2016-09-24 06:00:00+00:00,739.03,970.15,36.7,30.85,8.02,TNP_0005,1,2016
2016-09-24 07:00:00+00:00,746.1,936.58,37.89,28.35,8.17,TNP_0005,1,2016
2016-09-24 08:00:00+00:00,568.78,824.75,38.28,27.41,8.36,TNP_0005,1,2016
2016-09-24 09:00:00+00:00,474.67,643.0,37.49,28.45,8.32,TNP_0005,1,2016
2016-09-24 10:00:00+00:00,244.5,412.83,36.25,30.49,7.99,TNP_0005,1,2016
2016-09-24 11:00:00+00:00,116.82,176.5,34.63,33.76,7.48,TNP_0005,1,2016
2016-09-24 12:00:00+00:00,11.2,16.33,32.51,39.05,6.37,TNP_0005,1,2016
2016-09-24 13:00:00+00:00,0.0,0.0,30.65,44.99,5.42,TNP_0005,1,2016
2016-09-24 14:00:00+00:00,0.0,0.0,29.51,49.42,5.24,TNP_0005,1,2016
2016-09-24 15:00:00+00:00,0.0,0.0,28.46,53.98,4.89,TNP_0005,1,2016
2016-09-24 16:00:00+00:00,0.0,0.0,27.49,58.61,4.21,TNP_0005,1,2016
2016-09-24 17:00:00+00:00,0.0,0.0,26.63,62.96,3.9,TNP_0005,1,2016
2016-09-24 18:00:00+00:00,0.0,0.0,25.86,66.96,3.84,TNP_0005,1,2016
2016-09-24 19:00:00+00:00,0.0,0.0,25.15,70.75,4.03,TNP_0005,1,2016
2016-09-24 20:00:00+00:00,0.0,0.0,24.54,74.03,3.96,TNP_0005,1,2016
2016-09-24 21:00:00+00:00,0.0,0.0,24.05,76.68,3.71,TNP_0005,1,2016
2016-09-24 22:00:00+00:00,0.0,0.0,23.64,78.75,3.47,TNP_0005,1,2016
2016-09-24 23:00:00+00:00,0.0,0.0,23.27,80.41,3.23,TNP_0005,1,2016
2016-09-25 00:00:00+00:00,4.78,4.93,22.92,81.81,3.0,TNP_0005,1,2016
2016-09-25 01:00:00+00:00,119.43,123.62,24.02,76.0,4.15,TNP_0005,1,2016
2016-09-25 02:00:00+00:00,324.12,348.35,26.75,62.74,5.88,TNP_0005,1,2016
2016-09-25 03:00:00+00:00,521.33,576.9,29.83,50.73,6.59,TNP_0005,1,2016
2016-09-25 04:00:00+00:00,725.58,764.08,32.55,41.89,6.5,TNP_0005,1,2016
2016-09-25 05:00:00+00:00,702.08,887.3,34.84,35.76,6.04,TNP_0005,1,2016
2016-09-25 06:00:00+00:00,678.38,981.97,36.61,31.75,5.67,TNP_0005,1,2016
2016-09-25 07:00:00+00:00,714.25,946.0,37.39,30.08,5.5,TNP_0005,1,2016
2016-09-25 08:00:00+00:00,551.17,832.12,37.63,29.7,5.52,TNP_0005,1,2016
2016-09-25 09:00:00+00:00,504.3,648.0,37.31,30.48,5.67,TNP_0005,1,2016
2016-09-25 10:00:00+00:00,279.45,408.83,36.18,32.8,5.8,TNP_0005,1,2016
2016-09-25 11:00:00+00:00,112.4,177.77,34.76,35.96,5.68,TNP_0005,1,2016
2016-09-25 12:00:00+00:00,11.27,16.45,32.87,41.43,4.76,TNP_0005,1,2016
2016-09-25 13:00:00+00:00,0.0,0.0,31.31,46.94,4.15,TNP_0005,1,2016
2016-09-25 14:00:00+00:00,0.0,0.0,30.3,50.74,4.1,TNP_0005,1,2016
2016-09-25 15:00:00+00:00,0.0,0.0,29.26,54.85,4.07,TNP_0005,1,2016
2016-09-25 16:00:00+00:00,0.0,0.0,28.26,59.06,3.91,TNP_0005,1,2016
2016-09-25 17:00:00+00:00,0.0,0.0,27.44,62.55,3.79,TNP_0005,1,2016
2016-09-25 18:00:00+00:00,0.0,0.0,26.8,65.19,3.97,TNP_0005,1,2016
2016-09-25 19:00:00+00:00,0.0,0.0,26.2,67.69,4.05,TNP_0005,1,2016
2016-09-25 20:00:00+00:00,0.0,0.0,25.58,70.3,3.87,TNP_0005,1,2016
2016-09-25 21:00:00+00:00,0.0,0.0,25.0,72.66,3.54,TNP_0005,1,2016
2016-09-25 22:00:00+00:00,0.0,0.0,24.51,74.63,3.2,TNP_0005,1,2016
2016-09-25 23:00:00+00:00,0.0,0.0,24.1,76.28,2.76,TNP_0005,1,2016
2016-09-26 00:00:00+00:00,3.33,5.03,23.68,77.97,2.29,TNP_0005,1,2016
2016-09-26 01:00:00+00:00,79.38,126.93,24.61,72.8,3.48,TNP_0005,1,2016
2016-09-26 02:00:00+00:00,217.85,360.12,27.33,59.43,4.73,TNP_0005,1,2016
2016-09-26 03:00:00+00:00,430.42,591.15,30.58,47.12,4.83,TNP_0005,1,2016
2016-09-26 04:00:00+00:00,707.05,777.5,33.32,39.23,4.49,TNP_0005,1,2016
2016-09-26 05:00:00+00:00,706.8,901.35,35.38,34.33,4.14,TNP_0005,1,2016
2016-09-26 06:00:00+00:00,699.8,955.75,36.72,31.51,3.73,TNP_0005,1,2016
2016-09-26 07:00:00+00:00,677.97,920.0,37.29,30.23,3.4,TNP_0005,1,2016
2016-09-26 08:00:00+00:00,545.9,805.3,37.49,29.63,3.18,TNP_0005,1,2016
2016-09-26 09:00:00+00:00,366.1,624.03,36.85,30.59,2.93,TNP_0005,1,2016
2016-09-26 10:00:00+00:00,235.7,399.98,36.41,31.52,2.9,TNP_0005,1,2016
2016-09-26 11:00:00+00:00,102.05,165.07,35.45,33.56,3.07,TNP_0005,1,2016
2016-09-26 12:00:00+00:00,10.7,14.4,33.67,39.78,2.86,TNP_0005,1,2016
2016-09-26 13:00:00+00:00,0.0,0.0,31.97,46.79,3.07,TNP_0005,1,2016
2016-09-26 14:00:00+00:00,0.0,0.0,30.76,51.28,3.31,TNP_0005,1,2016
2016-09-26 15:00:00+00:00,0.0,0.0,29.54,56.83,3.51,TNP_0005,1,2016
2016-09-26 16:00:00+00:00,0.0,0.0,28.69,61.04,3.2,TNP_0005,1,2016
2016-09-26 17:00:00+00:00,0.0,0.0,28.08,63.98,3.08,TNP_0005,1,2016
2016-09-26 18:00:00+00:00,0.0,0.0,27.52,66.75,3.14,TNP_0005,1,2016
2016-09-26 19:00:00+00:00,0.0,0.0,26.99,69.49,3.32,TNP_0005,1,2016
2016-09-26 20:00:00+00:00,0.0,0.0,26.47,72.19,3.44,TNP_0005,1,2016
2016-09-26 21:00:00+00:00,0.0,0.0,25.97,74.59,3.35,TNP_0005,1,2016
2016-09-26 22:00:00+00:00,0.0,0.0,25.52,76.86,3.21,TNP_0005,1,2016
2016-09-26 23:00:00+00:00,0.0,0.0,25.12,78.79,3.14,TNP_0005,1,2016
2016-09-27 00:00:00+00:00,3.12,4.72,24.75,80.46,3.07,TNP_0005,1,2016
2016-09-27 01:00:00+00:00,68.0,114.6,24.7,80.33,3.17,TNP_0005,1,2016
2016-09-27 02:00:00+00:00,202.4,335.45,25.24,76.7,3.6,TNP_0005,1,2016
2016-09-27 03:00:00+00:00,339.17,562.15,26.29,71.08,3.79,TNP_0005,1,2016
2016-09-27 04:00:00+00:00,419.88,748.12,27.5,65.65,3.82,TNP_0005,1,2016
2016-09-27 05:00:00+00:00,539.0,869.42,28.76,60.82,3.53,TNP_0005,1,2016
2016-09-27 06:00:00+00:00,736.08,908.12,29.6,57.63,3.04,TNP_0005,1,2016
2016-09-27 07:00:00+00:00,739.15,876.78,29.98,56.02,2.45,TNP_0005,1,2016
2016-09-27 08:00:00+00:00,604.83,766.62,29.68,56.58,2.51,TNP_0005,1,2016
2016-09-27 09:00:00+00:00,495.9,583.4,29.39,57.37,3.03,TNP_0005,1,2016
2016-09-27 10:00:00+00:00,314.42,362.17,29.17,58.25,2.93,TNP_0005,1,2016
2016-09-27 11:00:00+00:00,132.77,148.8,28.7,60.26,2.53,TNP_0005,1,2016
2016-09-27 12:00:00+00:00,12.65,13.18,27.69,65.48,1.85,TNP_0005,1,2016
2016-09-27 13:00:00+00:00,0.0,0.0,26.76,70.67,1.49,TNP_0005,1,2016
2016-09-27 14:00:00+00:00,0.0,0.0,26.36,72.88,1.8,TNP_0005,1,2016
2016-09-27 15:00:00+00:00,0.0,0.0,26.06,74.8,1.95,TNP_0005,1,2016
2016-09-27 16:00:00+00:00,0.0,0.0,25.68,77.15,1.75,TNP_0005,1,2016
2016-09-27 17:00:00+00:00,0.0,0.0,25.36,79.19,1.76,TNP_0005,1,2016
2016-09-27 18:00:00+00:00,0.0,0.0,25.18,80.76,1.98,TNP_0005,1,2016
2016-09-27 19:00:00+00:00,0.0,0.0,24.9,82.54,2.0,TNP_0005,1,2016
2016-09-27 20:00:00+00:00,0.0,0.0,24.63,84.22,1.79,TNP_0005,1,2016
2016-09-27 21:00:00+00:00,0.0,0.0,24.4,85.67,1.56,TNP_0005,1,2016
2016-09-27 22:00:00+00:00,0.0,0.0,24.37,85.98,1.73,TNP_0005,1,2016
2016-09-27 23:00:00+00:00,0.0,0.0,24.35,86.41,1.83,TNP_0005,1,2016
2016-09-28 00:00:00+00:00,1.33,4.55,24.29,87.16,1.84,TNP_0005,1,2016
2016-09-28 01:00:00+00:00,40.53,113.8,24.48,86.57,1.92,TNP_0005,1,2016
2016-09-28 02:00:00+00:00,115.82,338.6,25.17,83.28,2.21,TNP_0005,1,2016
2016-09-28 03:00:00+00:00,269.98,568.17,26.03,78.59,2.43,TNP_0005,1,2016
2016-09-28 04:00:00+00:00,456.75,754.72,26.88,73.98,2.34,TNP_0005,1,2016
2016-09-28 05:00:00+00:00,624.85,878.95,27.89,68.39,2.17,TNP_0005,1,2016
2016-09-28 06:00:00+00:00,685.55,924.92,28.7,63.78,1.97,TNP_0005,1,2016
2016-09-28 07:00:00+00:00,583.12,894.25,29.36,60.01,1.76,TNP_0005,1,2016
2016-09-28 08:00:00+00:00,592.15,786.03,29.89,57.06,1.46,TNP_0005,1,2016
2016-09-28 09:00:00+00:00,475.38,610.55,30.31,54.42,1.26,TNP_0005,1,2016
2016-09-28 10:00:00+00:00,262.88,382.73,30.58,52.56,1.24,TNP_0005,1,2016
2016-09-28 11:00:00+00:00,118.75,158.43,30.47,52.89,1.16,TNP_0005,1,2016
2016-09-28 12:00:00+00:00,11.95,13.18,29.25,59.31,0.98,TNP_0005,1,2016
2016-09-28 13:00:00+00:00,0.0,0.0,28.41,62.3,1.26,TNP_0005,1,2016
2016-09-28 14:00:00+00:00,0.0,0.0,28.03,65.41,1.48,TNP_0005,1,2016
2016-09-28 15:00:00+00:00,0.0,0.0,27.64,66.34,1.54,TNP_0005,1,2016
2016-09-28 16:00:00+00:00,0.0,0.0,27.03,70.61,1.77,TNP_0005,1,2016
2016-09-28 17:00:00+00:00,0.0,0.0,26.44,75.24,2.07,TNP_0005,1,2016
2016-09-28 18:00:00+00:00,0.0,0.0,25.83,79.06,2.37,TNP_0005,1,2016
2016-09-28 19:00:00+00:00,0.0,0.0,25.32,82.53,2.32,TNP_0005,1,2016
2016-09-28 20:00:00+00:00,0.0,0.0,24.99,85.48,2.19,TNP_0005,1,2016
2016-09-28 21:00:00+00:00,0.0,0.0,24.69,88.37,1.92,TNP_0005,1,2016
2016-09-28 22:00:00+00:00,0.0,0.0,24.48,90.59,1.73,TNP_0005,1,2016
2016-09-28 23:00:00+00:00,0.0,0.0,24.33,92.19,1.5,TNP_0005,1,2016
2016-09-29 00:00:00+00:00,1.92,4.85,24.23,92.97,1.23,TNP_0005,1,2016
2016-09-29 01:00:00+00:00,55.65,123.05,24.43,91.89,1.28,TNP_0005,1,2016
2016-09-29 02:00:00+00:00,165.75,354.92,25.0,88.51,1.85,TNP_0005,1,2016
2016-09-29 03:00:00+00:00,389.75,585.8,26.04,82.11,2.38,TNP_0005,1,2016
2016-09-29 04:00:00+00:00,548.38,773.88,27.6,71.97,2.56,TNP_0005,1,2016
2016-09-29 05:00:00+00:00,656.65,898.47,29.24,61.49,2.55,TNP_0005,1,2016
2016-09-29 06:00:00+00:00,745.55,889.85,30.5,54.49,2.5,TNP_0005,1,2016
2016-09-29 07:00:00+00:00,691.35,855.1,31.44,50.06,2.38,TNP_0005,1,2016
2016-09-29 08:00:00+00:00,548.42,742.3,31.85,47.76,2.23,TNP_0005,1,2016
2016-09-29 09:00:00+00:00,315.83,561.55,31.85,47.18,1.94,TNP_0005,1,2016
2016-09-29 10:00:00+00:00,203.25,339.67,31.51,48.23,1.46,TNP_0005,1,2016
2016-09-29 11:00:00+00:00,77.25,129.75,30.94,51.89,1.03,TNP_0005,1,2016
2016-09-29 12:00:00+00:00,7.85,10.98,29.51,62.02,1.14,TNP_0005,1,2016
2016-09-29 13:00:00+00:00,0.0,0.0,28.25,68.4,1.57,TNP_0005,1,2016
2016-09-29 14:00:00+00:00,0.0,0.0,27.71,70.84,1.62,TNP_0005,1,2016
2016-09-29 15:00:00+00:00,0.0,0.0,27.27,73.2,1.54,TNP_0005,1,2016
2016-09-29 16:00:00+00:00,0.0,0.0,26.83,75.58,1.58,TNP_0005,1,2016
2016-09-29 17:00:00+00:00,0.0,0.0,26.25,78.82,1.77,TNP_0005,1,2016
2016-09-29 18:00:00+00:00,0.0,0.0,25.66,82.09,1.92,TNP_0005,1,2016
2016-09-29 19:00:00+00:00,0.0,0.0,25.19,84.12,2.14,TNP_0005,1,2016
2016-09-29 20:00:00+00:00,0.0,0.0,24.78,85.46,2.53,TNP_0005,1,2016
2016-09-29 21:00:00+00:00,0.0,0.0,24.5,86.12,2.55,TNP_0005,1,2016
2016-09-29 22:00:00+00:00,0.0,0.0,24.3,86.35,2.65,TNP_0005,1,2016
2016-09-29 23:00:00+00:00,0.0,0.0,24.04,86.82,2.72,TNP_0005,1,2016
2016-09-30 00:00:00+00:00,3.53,4.68,23.73,87.89,2.58,TNP_0005,1,2016
2016-09-30 01:00:00+00:00,81.82,119.6,24.09,86.12,2.83,TNP_0005,1,2016
2016-09-30 02:00:00+00:00,233.5,350.05,25.31,78.77,3.7,TNP_0005,1,2016
2016-09-30 03:00:00+00:00,427.02,581.97,27.4,66.14,3.98,TNP_0005,1,2016
2016-09-30 04:00:00+00:00,672.65,770.17,29.7,54.5,3.72,TNP_0005,1,2016
2016-09-30 05:00:00+00:00,859.78,896.83,31.65,46.24,3.51,TNP_0005,1,2016
2016-09-30 06:00:00+00:00,784.33,917.88,33.18,40.22,3.4,TNP_0005,1,2016
2016-09-30 07:00:00+00:00,737.5,879.88,34.29,35.85,3.29,TNP_0005,1,2016
2016-09-30 08:00:00+00:00,662.95,768.92,34.93,33.14,3.2,TNP_0005,1,2016
2016-09-30 09:00:00+00:00,467.45,592.92,35.12,31.9,3.26,TNP_0005,1,2016
2016-09-30 10:00:00+00:00,272.4,372.12,34.57,32.77,3.51,TNP_0005,1,2016
2016-09-30 11:00:00+00:00,119.82,151.52,33.42,37.15,3.57,TNP_0005,1,2016
2016-09-30 12:00:00+00:00,9.75,11.82,31.22,48.58,3.53,TNP_0005,1,2016
2016-09-30 13:00:00+00:00,0.0,0.0,29.69,53.85,3.73,TNP_0005,1,2016
2016-09-30 14:00:00+00:00,0.0,0.0,28.66,58.1,3.76,TNP_0005,1,2016
2016-09-30 15:00:00+00:00,0.0,0.0,27.7,62.48,3.48,TNP_0005,1,2016
2016-09-30 16:00:00+00:00,0.0,0.0,26.89,66.02,3.25,TNP_0005,1,2016
2016-09-30 17:00:00+00:00,0.0,0.0,26.27,68.34,3.05,TNP_0005,1,2016
2016-09-30 18:00:00+00:00,0.0,0.0,25.76,70.13,2.89,TNP_0005,1,2016
2016-09-30 19:00:00+00:00,0.0,0.0,25.31,72.12,2.73,TNP_0005,1,2016
2016-09-30 20:00:00+00:00,0.0,0.0,24.9,74.15,2.66,TNP_0005,1,2016
2016-09-30 21:00:00+00:00,0.0,0.0,24.48,76.62,2.47,TNP_0005,1,2016
2016-09-30 22:00:00+00:00,0.0,0.0,24.06,79.3,2.3,TNP_0005,1,2016
2016-09-30 23:00:00+00:00,0.0,0.0,23.75,81.2,2.33,TNP_0005,1,2016
2016-10-01 00:00:00+00:00,4.8,4.8,23.46,82.91,2.36,TNP_0005,1,2016
2016-10-01 01:00:00+00:00,114.35,120.57,24.06,79.73,3.29,TNP_0005,1,2016
2016-10-01 02:00:00+00:00,317.02,345.5,25.53,71.53,4.4,TNP_0005,1,2016
2016-10-01 03:00:00+00:00,550.9,577.47,27.41,61.7,4.36,TNP_0005,1,2016
2016-10-01 04:00:00+00:00,747.58,767.35,29.37,52.59,3.79,TNP_0005,1,2016
2016-10-01 05:00:00+00:00,847.08,892.0,31.22,45.11,3.22,TNP_0005,1,2016
2016-10-01 06:00:00+00:00,867.83,925.62,32.84,39.43,2.93,TNP_0005,1,2016
2016-10-01 07:00:00+00:00,785.8,892.22,34.14,35.05,2.98,TNP_0005,1,2016
2016-10-01 08:00:00+00:00,669.72,779.6,35.12,31.56,3.18,TNP_0005,1,2016
2016-10-01 09:00:00+00:00,547.72,599.92,35.66,29.19,3.4,TNP_0005,1,2016
2016-10-01 10:00:00+00:00,323.88,375.38,35.42,28.46,3.54,TNP_0005,1,2016
2016-10-01 11:00:00+00:00,143.0,151.62,34.33,29.61,3.49,TNP_0005,1,2016
2016-10-01 12:00:00+00:00,10.7,11.5,31.25,41.4,2.44,TNP_0005,1,2016
2016-10-01 13:00:00+00:00,0.0,0.0,29.06,46.99,2.52,TNP_0005,1,2016
2016-10-01 14:00:00+00:00,0.0,0.0,28.23,49.28,3.11,TNP_0005,1,2016
2016-10-01 15:00:00+00:00,0.0,0.0,27.19,53.66,3.31,TNP_0005,1,2016
2016-10-01 16:00:00+00:00,0.0,0.0,26.09,58.92,2.91,TNP_0005,1,2016
2016-10-01 17:00:00+00:00,0.0,0.0,25.2,63.46,2.52,TNP_0005,1,2016
2016-10-01 18:00:00+00:00,0.0,0.0,24.44,67.54,2.13,TNP_0005,1,2016
2016-10-01 19:00:00+00:00,0.0,0.0,23.75,71.36,1.91,TNP_0005,1,2016
2016-10-01 20:00:00+00:00,0.0,0.0,23.15,74.82,1.96,TNP_0005,1,2016
2016-10-01 21:00:00+00:00,0.0,0.0,22.64,78.5,2.01,TNP_0005,1,2016
2016-10-01 22:00:00+00:00,0.0,0.0,22.24,82.06,1.93,TNP_0005,1,2016
2016-10-01 23:00:00+00:00,0.0,0.0,21.97,84.94,1.84,TNP_0005,1,2016
2016-10-02 00:00:00+00:00,3.65,4.03,21.69,87.5,1.71,TNP_0005,1,2016
2016-10-02 01:00:00+00:00,92.35,97.47,23.0,81.53,2.84,TNP_0005,1,2016
2016-10-02 02:00:00+00:00,300.27,312.08,26.19,66.02,3.68,TNP_0005,1,2016
2016-10-02 03:00:00+00:00,518.95,535.92,29.58,51.52,2.86,TNP_0005,1,2016
2016-10-02 04:00:00+00:00,735.75,736.97,32.4,41.16,1.93,TNP_0005,1,2016
2016-10-02 05:00:00+00:00,852.7,865.1,34.45,35.13,1.65,TNP_0005,1,2016
2016-10-02 06:00:00+00:00,943.15,965.47,35.5,31.72,1.72,TNP_0005,1,2016
2016-10-02 07:00:00+00:00,860.15,911.28,35.77,29.95,1.64,TNP_0005,1,2016
2016-10-02 08:00:00+00:00,723.25,765.78,36.19,28.08,1.48,TNP_0005,1,2016
2016-10-02 09:00:00+00:00,552.22,597.78,36.67,26.32,1.22,TNP_0005,1,2016
2016-10-02 10:00:00+00:00,375.58,386.98,36.41,25.82,0.99,TNP_0005,1,2016
2016-10-02 11:00:00+00:00,151.15,158.93,35.39,26.89,0.7,TNP_0005,1,2016
2016-10-02 12:00:00+00:00,11.32,11.93,32.65,39.47,0.39,TNP_0005,1,2016
2016-10-02 13:00:00+00:00,0.0,0.0,30.58,43.96,0.57,TNP_0005,1,2016
2016-10-02 14:00:00+00:00,0.0,0.0,29.4,46.07,0.74,TNP_0005,1,2016
2016-10-02 15:00:00+00:00,0.0,0.0,28.45,49.56,1.32,TNP_0005,1,2016
2016-10-02 16:00:00+00:00,0.0,0.0,27.72,53.19,1.96,TNP_0005,1,2016
2016-10-02 17:00:00+00:00,0.0,0.0,27.15,57.05,2.25,TNP_0005,1,2016
2016-10-02 18:00:00+00:00,0.0,0.0,26.29,62.79,2.07,TNP_0005,1,2016
2016-10-02 19:00:00+00:00,0.0,0.0,25.44,68.17,1.76,TNP_0005,1,2016
2016-10-02 20:00:00+00:00,0.0,0.0,24.79,72.19,1.51,TNP_0005,1,2016
2016-10-02 21:00:00+00:00,0.0,0.0,24.33,74.95,1.25,TNP_0005,1,2016
2016-10-02 22:00:00+00:00,0.0,0.0,24.1,76.52,0.97,TNP_0005,1,2016
2016-10-02 23:00:00+00:00,0.0,0.0,23.9,77.75,0.71,TNP_0005,1,2016
2016-10-03 00:00:00+00:00,4.88,4.93,23.5,79.55,0.76,TNP_0005,1,2016
2016-10-03 01:00:00+00:00,132.82,134.95,24.55,74.8,1.44,TNP_0005,1,2016
2016-10-03 02:00:00+00:00,336.77,340.83,26.9,64.55,2.25,TNP_0005,1,2016
2016-10-03 03:00:00+00:00,561.0,566.4,29.34,54.66,1.51,TNP_0005,1,2016
2016-10-03 04:00:00+00:00,687.6,764.55,31.47,46.71,0.4,TNP_0005,1,2016
2016-10-03 05:00:00+00:00,857.0,902.2,33.23,40.38,0.72,TNP_0005,1,2016
2016-10-03 06:00:00+00:00,858.38,934.05,34.42,36.36,1.3,TNP_0005,1,2016
2016-10-03 07:00:00+00:00,753.85,881.2,34.82,34.68,1.6,TNP_0005,1,2016
2016-10-03 08:00:00+00:00,627.4,754.75,34.84,33.89,1.75,TNP_0005,1,2016
2016-10-03 09:00:00+00:00,440.05,573.7,34.8,33.3,1.67,TNP_0005,1,2016
2016-10-03 10:00:00+00:00,299.55,359.3,34.53,33.27,1.62,TNP_0005,1,2016
2016-10-03 11:00:00+00:00,112.03,132.05,34.05,33.86,1.58,TNP_0005,1,2016
2016-10-03 12:00:00+00:00,8.4,9.7,31.91,43.05,1.15,TNP_0005,1,2016
2016-10-03 13:00:00+00:00,0.0,0.0,30.18,47.4,1.3,TNP_0005,1,2016
2016-10-03 14:00:00+00:00,0.0,0.0,29.33,48.99,1.49,TNP_0005,1,2016
2016-10-03 15:00:00+00:00,0.0,0.0,28.55,51.45,1.72,TNP_0005,1,2016
2016-10-03 16:00:00+00:00,0.0,0.0,27.96,54.56,1.85,TNP_0005,1,2016
2016-10-03 17:00:00+00:00,0.0,0.0,27.35,59.47,1.96,TNP_0005,1,2016
2016-10-03 18:00:00+00:00,0.0,0.0,26.67,64.64,2.08,TNP_0005,1,2016
2016-10-03 19:00:00+00:00,0.0,0.0,25.99,68.94,1.95,TNP_0005,1,2016
2016-10-03 20:00:00+00:00,0.0,0.0,25.43,72.04,1.82,TNP_0005,1,2016
2016-10-03 21:00:00+00:00,0.0,0.0,24.86,75.29,1.89,TNP_0005,1,2016
2016-10-03 22:00:00+00:00,0.0,0.0,24.26,78.66,1.79,TNP_0005,1,2016
2016-10-03 23:00:00+00:00,0.0,0.0,23.77,81.62,1.62,TNP_0005,1,2016
2016-10-04 00:00:00+00:00,3.7,4.43,23.37,84.1,1.58,TNP_0005,1,2016
2016-10-04 01:00:00+00:00,92.05,108.97,24.6,78.96,2.51,TNP_0005,1,2016
2016-10-04 02:00:00+00:00,280.45,329.92,27.36,65.84,3.78,TNP_0005,1,2016
2016-10-04 03:00:00+00:00,489.23,548.95,30.47,52.99,3.53,TNP_0005,1,2016
2016-10-04 04:00:00+00:00,700.92,740.7,33.07,44.02,2.82,TNP_0005,1,2016
2016-10-04 05:00:00+00:00,791.4,864.0,35.13,37.64,2.41,TNP_0005,1,2016
2016-10-04 06:00:00+00:00,808.55,916.78,36.53,33.57,2.16,TNP_0005,1,2016
2016-10-04 07:00:00+00:00,715.7,870.47,37.28,31.21,1.96,TNP_0005,1,2016
2016-10-04 08:00:00+00:00,607.12,750.55,37.64,29.68,1.79,TNP_0005,1,2016
2016-10-04 09:00:00+00:00,456.88,570.97,37.22,29.74,1.78,TNP_0005,1,2016
2016-10-04 10:00:00+00:00,291.65,367.25,36.28,31.0,1.68,TNP_0005,1,2016
2016-10-04 11:00:00+00:00,111.6,141.88,35.12,33.26,1.35,TNP_0005,1,2016
2016-10-04 12:00:00+00:00,6.1,10.07,33.21,40.45,0.73,TNP_0005,1,2016
2016-10-04 13:00:00+00:00,0.0,0.0,31.59,46.26,0.72,TNP_0005,1,2016
2016-10-04 14:00:00+00:00,0.0,0.0,30.78,48.26,1.0,TNP_0005,1,2016
2016-10-04 15:00:00+00:00,0.0,0.0,29.87,52.58,1.26,TNP_0005,1,2016
2016-10-04 16:00:00+00:00,0.0,0.0,28.94,57.05,1.28,TNP_0005,1,2016
2016-10-04 17:00:00+00:00,0.0,0.0,28.05,61.87,1.19,TNP_0005,1,2016
2016-10-04 18:00:00+00:00,0.0,0.0,27.32,65.97,0.78,TNP_0005,1,2016
2016-10-04 19:00:00+00:00,0.0,0.0,26.83,68.72,0.74,TNP_0005,1,2016
2016-10-04 20:00:00+00:00,0.0,0.0,26.49,70.55,1.71,TNP_0005,1,2016
2016-10-04 21:00:00+00:00,0.0,0.0,26.2,71.96,2.32,TNP_0005,1,2016
2016-10-04 22:00:00+00:00,0.0,0.0,25.94,73.16,2.48,TNP_0005,1,2016
2016-10-04 23:00:00+00:00,0.0,0.0,25.68,74.24,2.58,TNP_0005,1,2016
2016-10-05 00:00:00+00:00,3.12,4.93,25.41,75.34,2.6,TNP_0005,1,2016
2016-10-05 01:00:00+00:00,88.65,126.28,25.37,75.25,2.62,TNP_0005,1,2016
2016-10-05 02:00:00+00:00,248.6,360.85,26.16,70.4,2.81,TNP_0005,1,2016
2016-10-05 03:00:00+00:00,499.58,596.7,27.98,61.07,2.7,TNP_0005,1,2016
2016-10-05 04:00:00+00:00,673.83,787.42,29.79,53.23,2.09,TNP_0005,1,2016
2016-10-05 05:00:00+00:00,901.72,913.7,31.22,47.55,1.58,TNP_0005,1,2016
2016-10-05 06:00:00+00:00,934.92,948.65,32.51,42.66,1.46,TNP_0005,1,2016
2016-10-05 07:00:00+00:00,839.92,917.72,33.69,38.07,1.44,TNP_0005,1,2016
2016-10-05 08:00:00+00:00,750.1,809.65,34.65,34.4,1.41,TNP_0005,1,2016
2016-10-05 09:00:00+00:00,591.03,634.72,35.39,31.7,1.69,TNP_0005,1,2016
2016-10-05 10:00:00+00:00,371.98,411.05,35.18,31.09,2.05,TNP_0005,1,2016
2016-10-05 11:00:00+00:00,156.95,171.8,34.18,32.92,2.21,TNP_0005,1,2016
2016-10-05 12:00:00+00:00,10.25,11.12,31.78,43.7,1.76,TNP_0005,1,2016
2016-10-05 13:00:00+00:00,0.0,0.0,30.3,47.49,2.4,TNP_0005,1,2016
2016-10-05 14:00:00+00:00,0.0,0.0,29.68,49.28,3.19,TNP_0005,1,2016
2016-10-05 15:00:00+00:00,0.0,0.0,28.85,53.77,3.29,TNP_0005,1,2016
2016-10-05 16:00:00+00:00,0.0,0.0,27.8,60.11,3.02,TNP_0005,1,2016
2016-10-05 17:00:00+00:00,0.0,0.0,26.77,66.59,2.71,TNP_0005,1,2016
2016-10-05 18:00:00+00:00,0.0,0.0,26.03,71.45,2.46,TNP_0005,1,2016
2016-10-05 19:00:00+00:00,0.0,0.0,25.46,74.9,2.35,TNP_0005,1,2016
2016-10-05 20:00:00+00:00,0.0,0.0,24.98,77.11,2.28,TNP_0005,1,2016
2016-10-05 21:00:00+00:00,0.0,0.0,24.57,78.45,2.16,TNP_0005,1,2016
2016-10-05 22:00:00+00:00,0.0,0.0,24.23,79.33,2.0,TNP_0005,1,2016
2016-10-05 23:00:00+00:00,0.0,0.0,23.9,80.24,1.89,TNP_0005,1,2016
2016-10-06 00:00:00+00:00,3.97,5.28,23.5,81.78,1.81,TNP_0005,1,2016
2016-10-06 01:00:00+00:00,114.88,136.8,24.32,77.55,2.99,TNP_0005,1,2016
2016-10-06 02:00:00+00:00,320.73,374.5,26.47,65.13,4.14,TNP_0005,1,2016
2016-10-06 03:00:00+00:00,592.92,605.62,29.57,50.63,3.71,TNP_0005,1,2016
2016-10-06 04:00:00+00:00,786.95,791.1,32.39,41.06,2.89,TNP_0005,1,2016
2016-10-06 05:00:00+00:00,853.42,911.6,34.45,35.4,2.28,TNP_0005,1,2016
2016-10-06 06:00:00+00:00,896.67,953.83,35.42,32.78,1.72,TNP_0005,1,2016
2016-10-06 07:00:00+00:00,819.5,920.53,35.13,32.73,1.09,TNP_0005,1,2016
2016-10-06 08:00:00+00:00,680.92,810.62,35.0,32.55,0.36,TNP_0005,1,2016
2016-10-06 09:00:00+00:00,548.12,634.83,34.86,32.45,0.33,TNP_0005,1,2016
2016-10-06 10:00:00+00:00,339.62,410.98,34.24,33.41,0.73,TNP_0005,1,2016
2016-10-06 11:00:00+00:00,142.93,171.48,33.46,35.65,1.03,TNP_0005,1,2016
2016-10-06 12:00:00+00:00,9.5,10.82,31.75,45.66,1.05,TNP_0005,1,2016
2016-10-06 13:00:00+00:00,0.0,0.0,30.6,48.02,1.46,TNP_0005,1,2016
2016-10-06 14:00:00+00:00,0.0,0.0,29.82,50.3,1.56,TNP_0005,1,2016
2016-10-06 15:00:00+00:00,0.0,0.0,29.19,51.74,2.16,TNP_0005,1,2016
2016-10-06 16:00:00+00:00,0.0,0.0,28.37,54.31,2.84,TNP_0005,1,2016
2016-10-06 17:00:00+00:00,0.0,0.0,27.42,58.17,3.04,TNP_0005,1,2016
2016-10-06 18:00:00+00:00,0.0,0.0,26.64,61.62,2.92,TNP_0005,1,2016
2016-10-06 19:00:00+00:00,0.0,0.0,25.88,64.69,2.57,TNP_0005,1,2016
2016-10-06 20:00:00+00:00,0.0,0.0,25.22,67.21,2.34,TNP_0005,1,2016
2016-10-06 21:00:00+00:00,0.0,0.0,24.71,69.18,2.05,TNP_0005,1,2016
2016-10-06 22:00:00+00:00,0.0,0.0,24.36,70.53,1.87,TNP_0005,1,2016
2016-10-06 23:00:00+00:00,0.0,0.0,24.04,71.36,1.92,TNP_0005,1,2016
2016-10-07 00:00:00+00:00,4.7,5.62,23.7,72.89,1.96,TNP_0005,1,2016
2016-10-07 01:00:00+00:00,123.85,149.18,24.21,70.79,3.05,TNP_0005,1,2016
2016-10-07 02:00:00+00:00,341.27,393.85,25.45,64.51,3.75,TNP_0005,1,2016
2016-10-07 03:00:00+00:00,590.97,625.28,27.44,54.22,3.47,TNP_0005,1,2016
2016-10-07 04:00:00+00:00,789.38,809.55,29.87,44.02,2.77,TNP_0005,1,2016
2016-10-07 05:00:00+00:00,858.03,928.75,31.62,38.93,2.29,TNP_0005,1,2016
2016-10-07 06:00:00+00:00,866.58,956.47,32.69,36.57,2.05,TNP_0005,1,2016
2016-10-07 07:00:00+00:00,695.12,919.42,33.33,35.3,1.81,TNP_0005,1,2016
2016-10-07 08:00:00+00:00,644.95,805.47,33.64,34.81,1.66,TNP_0005,1,2016
2016-10-07 09:00:00+00:00,535.3,624.62,33.65,34.68,1.84,TNP_0005,1,2016
2016-10-07 10:00:00+00:00,317.2,395.77,33.51,34.44,2.06,TNP_0005,1,2016
2016-10-07 11:00:00+00:00,121.93,155.6,32.86,35.36,2.1,TNP_0005,1,2016
2016-10-07 12:00:00+00:00,8.0,9.5,30.66,44.27,1.62,TNP_0005,1,2016
2016-10-07 13:00:00+00:00,0.0,0.0,29.14,46.79,2.06,TNP_0005,1,2016
2016-10-07 14:00:00+00:00,0.0,0.0,28.44,46.98,2.43,TNP_0005,1,2016
2016-10-07 15:00:00+00:00,0.0,0.0,27.71,48.14,3.03,TNP_0005,1,2016
2016-10-07 16:00:00+00:00,0.0,0.0,26.64,51.64,3.08,TNP_0005,1,2016
2016-10-07 17:00:00+00:00,0.0,0.0,25.66,56.03,3.04,TNP_0005,1,2016
2016-10-07 18:00:00+00:00,0.0,0.0,24.91,60.68,2.96,TNP_0005,1,2016
2016-10-07 19:00:00+00:00,0.0,0.0,24.29,64.86,2.84,TNP_0005,1,2016
2016-10-07 20:00:00+00:00,0.0,0.0,23.79,68.63,2.53,TNP_0005,1,2016
2016-10-07 21:00:00+00:00,0.0,0.0,23.23,72.75,2.08,TNP_0005,1,2016
2016-10-07 22:00:00+00:00,0.0,0.0,22.62,77.47,1.69,TNP_0005,1,2016
2016-10-07 23:00:00+00:00,0.0,0.0,22.22,81.04,1.67,TNP_0005,1,2016
2016-10-08 00:00:00+00:00,5.07,5.05,22.04,83.22,1.62,TNP_0005,1,2016
2016-10-08 01:00:00+00:00,128.07,132.5,23.23,78.25,2.62,TNP_0005,1,2016
2016-10-08 02:00:00+00:00,359.95,370.52,25.98,65.83,3.77,TNP_0005,1,2016
2016-10-08 03:00:00+00:00,603.35,605.45,29.25,50.4,3.71,TNP_0005,1,2016
2016-10-08 04:00:00+00:00,793.62,794.12,32.36,37.83,3.41,TNP_0005,1,2016
2016-10-08 05:00:00+00:00,913.1,919.1,34.63,30.76,3.26,TNP_0005,1,2016
2016-10-08 06:00:00+00:00,942.62,955.55,36.03,27.42,3.38,TNP_0005,1,2016
2016-10-08 07:00:00+00:00,870.55,920.42,36.57,25.96,3.67,TNP_0005,1,2016
2016-10-08 08:00:00+00:00,725.0,808.05,36.08,25.89,3.94,TNP_0005,1,2016
2016-10-08 09:00:00+00:00,542.85,629.28,35.52,26.01,3.98,TNP_0005,1,2016
2016-10-08 10:00:00+00:00,285.92,402.58,35.0,26.52,3.99,TNP_0005,1,2016
2016-10-08 11:00:00+00:00,114.62,162.75,34.26,28.19,3.93,TNP_0005,1,2016
2016-10-08 12:00:00+00:00,6.45,9.52,32.07,35.66,3.37,TNP_0005,1,2016
2016-10-08 13:00:00+00:00,0.0,0.0,30.65,40.89,4.17,TNP_0005,1,2016
2016-10-08 14:00:00+00:00,0.0,0.0,29.62,46.76,4.51,TNP_0005,1,2016
2016-10-08 15:00:00+00:00,0.0,0.0,28.73,52.86,4.59,TNP_0005,1,2016
2016-10-08 16:00:00+00:00,0.0,0.0,28.01,57.56,4.69,TNP_0005,1,2016
2016-10-08 17:00:00+00:00,0.0,0.0,27.35,61.61,4.15,TNP_0005,1,2016
2016-10-08 18:00:00+00:00,0.0,0.0,26.8,65.07,3.98,TNP_0005,1,2016
2016-10-08 19:00:00+00:00,0.0,0.0,26.27,68.23,4.14,TNP_0005,1,2016
2016-10-08 20:00:00+00:00,0.0,0.0,25.75,70.73,4.01,TNP_0005,1,2016
2016-10-08 21:00:00+00:00,0.0,0.0,25.3,72.67,3.65,TNP_0005,1,2016
2016-10-08 22:00:00+00:00,0.0,0.0,24.95,74.16,3.16,TNP_0005,1,2016
2016-10-08 23:00:00+00:00,0.0,0.0,24.54,75.99,2.65,TNP_0005,1,2016
2016-10-09 00:00:00+00:00,5.07,5.32,24.23,77.41,2.35,TNP_0005,1,2016
2016-10-09 01:00:00+00:00,133.38,143.57,24.97,73.54,3.13,TNP_0005,1,2016
2016-10-09 02:00:00+00:00,366.58,385.4,26.84,63.22,4.03,TNP_0005,1,2016
2016-10-09 03:00:00+00:00,602.5,615.42,29.44,51.24,4.08,TNP_0005,1,2016
2016-10-09 04:00:00+00:00,779.42,798.97,32.19,41.57,3.72,TNP_0005,1,2016
2016-10-09 05:00:00+00:00,895.5,917.5,34.39,35.41,3.32,TNP_0005,1,2016
2016-10-09 06:00:00+00:00,939.5,960.88,36.08,31.31,3.12,TNP_0005,1,2016
2016-10-09 07:00:00+00:00,859.78,926.03,36.73,29.42,3.1,TNP_0005,1,2016
2016-10-09 08:00:00+00:00,763.65,814.7,36.8,28.65,3.26,TNP_0005,1,2016
2016-10-09 09:00:00+00:00,551.15,637.67,36.38,28.86,3.51,TNP_0005,1,2016
2016-10-09 10:00:00+00:00,301.25,412.08,35.64,29.91,3.8,TNP_0005,1,2016
2016-10-09 11:00:00+00:00,128.32,169.12,34.44,32.29,3.87,TNP_0005,1,2016
2016-10-09 12:00:00+00:00,7.45,9.62,32.67,38.01,3.14,TNP_0005,1,2016
2016-10-09 13:00:00+00:00,0.0,0.0,31.31,42.13,3.15,TNP_0005,1,2016
2016-10-09 14:00:00+00:00,0.0,0.0,30.39,44.52,3.3,TNP_0005,1,2016
2016-10-09 15:00:00+00:00,0.0,0.0,29.39,47.87,2.86,TNP_0005,1,2016
2016-10-09 16:00:00+00:00,0.0,0.0,28.45,51.41,2.64,TNP_0005,1,2016
2016-10-09 17:00:00+00:00,0.0,0.0,27.69,54.49,3.06,TNP_0005,1,2016
2016-10-09 18:00:00+00:00,0.0,0.0,27.0,57.59,3.47,TNP_0005,1,2016
2016-10-09 19:00:00+00:00,0.0,0.0,26.29,61.05,3.53,TNP_0005,1,2016
2016-10-09 20:00:00+00:00,0.0,0.0,25.68,64.38,3.54,TNP_0005,1,2016
2016-10-09 21:00:00+00:00,0.0,0.0,25.12,67.6,3.59,TNP_0005,1,2016
2016-10-09 22:00:00+00:00,0.0,0.0,24.67,70.13,3.29,TNP_0005,1,2016
2016-10-09 23:00:00+00:00,0.0,0.0,24.23,72.43,3.01,TNP_0005,1,2016
2016-10-10 00:00:00+00:00,5.38,5.45,23.78,74.77,2.7,TNP_0005,1,2016
2016-10-10 01:00:00+00:00,144.45,146.48,24.37,71.75,3.68,TNP_0005,1,2016
2016-10-10 02:00:00+00:00,382.75,385.67,26.77,59.25,5.09,TNP_0005,1,2016
2016-10-10 03:00:00+00:00,615.58,617.67,29.89,46.22,5.28,TNP_0005,1,2016
2016-10-10 04:00:00+00:00,801.6,802.53,32.8,37.62,4.82,TNP_0005,1,2016
2016-10-10 05:00:00+00:00,922.3,922.35,34.96,32.22,4.28,TNP_0005,1,2016
2016-10-10 06:00:00+00:00,961.83,964.05,36.41,28.64,3.85,TNP_0005,1,2016
2016-10-10 07:00:00+00:00,873.03,927.12,37.52,26.02,3.63,TNP_0005,1,2016
2016-10-10 08:00:00+00:00,729.33,814.4,38.29,24.19,3.54,TNP_0005,1,2016
2016-10-10 09:00:00+00:00,391.77,635.9,38.21,23.72,3.4,TNP_0005,1,2016
2016-10-10 10:00:00+00:00,236.68,409.3,37.26,24.66,3.13,TNP_0005,1,2016
2016-10-10 11:00:00+00:00,102.97,166.25,35.99,26.51,2.8,TNP_0005,1,2016
2016-10-10 12:00:00+00:00,6.03,9.15,33.68,33.83,1.62,TNP_0005,1,2016
2016-10-10 13:00:00+00:00,0.0,0.0,32.12,38.45,1.22,TNP_0005,1,2016
2016-10-10 14:00:00+00:00,0.0,0.0,31.31,40.6,1.51,TNP_0005,1,2016
2016-10-10 15:00:00+00:00,0.0,0.0,30.33,43.63,2.18,TNP_0005,1,2016
2016-10-10 16:00:00+00:00,0.0,0.0,29.34,46.39,2.68,TNP_0005,1,2016
2016-10-10 17:00:00+00:00,0.0,0.0,28.51,48.35,3.13,TNP_0005,1,2016
2016-10-10 18:00:00+00:00,0.0,0.0,27.65,50.98,3.65,TNP_0005,1,2016
2016-10-10 19:00:00+00:00,0.0,0.0,26.76,54.56,3.62,TNP_0005,1,2016
2016-10-10 20:00:00+00:00,0.0,0.0,26.07,58.4,3.63,TNP_0005,1,2016
2016-10-10 21:00:00+00:00,0.0,0.0,25.52,62.06,3.3,TNP_0005,1,2016
2016-10-10 22:00:00+00:00,0.0,0.0,25.1,65.19,2.87,TNP_0005,1,2016
2016-10-10 23:00:00+00:00,0.0,0.0,24.85,67.43,2.63,TNP_0005,1,2016
2016-10-11 00:00:00+00:00,3.88,5.35,24.69,69.18,2.57,TNP_0005,1,2016
2016-10-11 01:00:00+00:00,90.4,144.05,24.95,69.15,2.93,TNP_0005,1,2016
2016-10-11 02:00:00+00:00,271.38,387.5,25.99,65.32,3.54,TNP_0005,1,2016
2016-10-11 03:00:00+00:00,489.92,618.58,27.41,59.73,3.44,TNP_0005,1,2016
2016-10-11 04:00:00+00:00,658.1,801.97,29.08,53.89,3.04,TNP_0005,1,2016
2016-10-11 05:00:00+00:00,738.72,919.45,31.03,46.67,2.57,TNP_0005,1,2016
2016-10-11 06:00:00+00:00,787.33,925.5,32.62,40.41,2.28,TNP_0005,1,2016
2016-10-11 07:00:00+00:00,741.47,890.92,33.69,36.23,2.44,TNP_0005,1,2016
2016-10-11 08:00:00+00:00,628.12,778.97,34.22,34.02,2.8,TNP_0005,1,2016
2016-10-11 09:00:00+00:00,469.1,602.6,34.31,33.23,3.0,TNP_0005,1,2016
2016-10-11 10:00:00+00:00,278.05,379.35,33.92,33.87,3.02,TNP_0005,1,2016
2016-10-11 11:00:00+00:00,103.1,146.35,32.88,37.94,2.65,TNP_0005,1,2016
2016-10-11 12:00:00+00:00,6.9,7.88,30.46,52.94,1.76,TNP_0005,1,2016
2016-10-11 13:00:00+00:00,0.0,0.0,28.87,60.44,2.0,TNP_0005,1,2016
2016-10-11 14:00:00+00:00,0.0,0.0,27.79,65.35,2.46,TNP_0005,1,2016
2016-10-11 15:00:00+00:00,0.0,0.0,26.69,70.34,3.39,TNP_0005,1,2016
2016-10-11 16:00:00+00:00,0.0,0.0,25.79,73.53,3.69,TNP_0005,1,2016
2016-10-11 17:00:00+00:00,0.0,0.0,25.19,75.54,3.55,TNP_0005,1,2016
2016-10-11 18:00:00+00:00,0.0,0.0,24.69,77.84,3.2,TNP_0005,1,2016
2016-10-11 19:00:00+00:00,0.0,0.0,24.18,80.88,2.67,TNP_0005,1,2016
2016-10-11 20:00:00+00:00,0.0,0.0,23.71,84.2,2.24,TNP_0005,1,2016
2016-10-11 21:00:00+00:00,0.0,0.0,23.39,86.94,1.65,TNP_0005,1,2016
2016-10-11 22:00:00+00:00,0.0,0.0,23.24,88.91,1.12,TNP_0005,1,2016
2016-10-11 23:00:00+00:00,0.0,0.0,23.17,90.31,0.8,TNP_0005,1,2016
2016-10-12 00:00:00+00:00,3.42,4.95,23.09,91.04,0.82,TNP_0005,1,2016
2016-10-12 01:00:00+00:00,77.68,125.95,23.47,89.01,1.15,TNP_0005,1,2016
2016-10-12 02:00:00+00:00,223.05,353.52,24.67,83.63,2.13,TNP_0005,1,2016
2016-10-12 03:00:00+00:00,438.77,575.15,26.3,74.19,2.6,TNP_0005,1,2016
2016-10-12 04:00:00+00:00,652.97,755.47,28.38,63.19,2.78,TNP_0005,1,2016
2016-10-12 05:00:00+00:00,839.88,870.5,29.96,56.36,2.74,TNP_0005,1,2016
2016-10-12 06:00:00+00:00,822.97,890.72,30.64,53.55,2.73,TNP_0005,1,2016
2016-10-12 07:00:00+00:00,736.28,850.88,30.73,52.83,2.83,TNP_0005,1,2016
2016-10-12 08:00:00+00:00,523.15,683.92,30.48,53.41,2.85,TNP_0005,1,2016
2016-10-12 09:00:00+00:00,309.25,509.85,30.07,54.91,2.57,TNP_0005,1,2016
2016-10-12 10:00:00+00:00,180.02,301.1,29.54,57.38,1.99,TNP_0005,1,2016
2016-10-12 11:00:00+00:00,59.33,111.45,28.71,64.34,1.19,TNP_0005,1,2016
2016-10-12 12:00:00+00:00,4.9,6.55,27.62,74.35,0.76,TNP_0005,1,2016
2016-10-12 13:00:00+00:00,0.0,0.0,26.94,79.32,0.5,TNP_0005,1,2016
2016-10-12 14:00:00+00:00,0.0,0.0,26.68,78.8,0.5,TNP_0005,1,2016
2016-10-12 15:00:00+00:00,0.0,0.0,26.4,79.14,0.56,TNP_0005,1,2016
2016-10-12 16:00:00+00:00,0.0,0.0,26.18,78.69,0.48,TNP_0005,1,2016
2016-10-12 17:00:00+00:00,0.0,0.0,25.82,80.14,0.39,TNP_0005,1,2016
2016-10-12 18:00:00+00:00,0.0,0.0,25.36,82.85,0.5,TNP_0005,1,2016
2016-10-12 19:00:00+00:00,0.0,0.0,24.79,87.52,0.74,TNP_0005,1,2016
2016-10-12 20:00:00+00:00,0.0,0.0,24.36,90.94,0.78,TNP_0005,1,2016
2016-10-12 21:00:00+00:00,0.0,0.0,24.09,92.62,0.68,TNP_0005,1,2016
2016-10-12 22:00:00+00:00,0.0,0.0,23.85,93.84,0.56,TNP_0005,1,2016
2016-10-12 23:00:00+00:00,0.0,0.0,23.63,93.32,0.57,TNP_0005,1,2016
2016-10-13 00:00:00+00:00,3.58,4.45,23.42,94.33,0.81,TNP_0005,1,2016
2016-10-13 01:00:00+00:00,67.8,106.53,23.62,92.18,1.36,TNP_0005,1,2016
2016-10-13 02:00:00+00:00,174.52,317.6,24.81,87.11,1.74,TNP_0005,1,2016
2016-10-13 03:00:00+00:00,300.25,538.42,26.56,76.25,1.75,TNP_0005,1,2016
2016-10-13 04:00:00+00:00,440.58,720.85,28.21,66.33,1.49,TNP_0005,1,2016
2016-10-13 05:00:00+00:00,596.8,834.2,29.91,57.59,0.99,TNP_0005,1,2016
2016-10-13 06:00:00+00:00,683.9,872.72,31.11,51.91,0.69,TNP_0005,1,2016
2016-10-13 07:00:00+00:00,670.75,839.42,31.76,49.11,0.81,TNP_0005,1,2016
2016-10-13 08:00:00+00:00,571.2,731.17,31.9,48.35,0.94,TNP_0005,1,2016
2016-10-13 09:00:00+00:00,444.67,552.22,31.61,49.16,0.93,TNP_0005,1,2016
2016-10-13 10:00:00+00:00,270.4,331.33,30.9,51.53,0.85,TNP_0005,1,2016
2016-10-13 11:00:00+00:00,96.18,118.6,29.96,56.5,0.8,TNP_0005,1,2016
2016-10-13 12:00:00+00:00,5.75,6.5,28.78,67.25,0.79,TNP_0005,1,2016
2016-10-13 13:00:00+00:00,0.0,0.0,27.51,81.82,0.91,TNP_0005,1,2016
2016-10-13 14:00:00+00:00,0.0,0.0,26.84,84.0,1.15,TNP_0005,1,2016
2016-10-13 15:00:00+00:00,0.0,0.0,26.23,85.57,1.33,TNP_0005,1,2016
2016-10-13 16:00:00+00:00,0.0,0.0,25.66,87.09,1.39,TNP_0005,1,2016
2016-10-13 17:00:00+00:00,0.0,0.0,25.09,88.72,1.37,TNP_0005,1,2016
2016-10-13 18:00:00+00:00,0.0,0.0,24.47,90.33,1.26,TNP_0005,1,2016
2016-10-13 19:00:00+00:00,0.0,0.0,23.98,91.27,1.09,TNP_0005,1,2016
2016-10-13 20:00:00+00:00,0.0,0.0,23.64,92.12,0.89,TNP_0005,1,2016
2016-10-13 21:00:00+00:00,0.0,0.0,23.45,93.06,0.75,TNP_0005,1,2016
2016-10-13 22:00:00+00:00,0.0,0.0,23.32,93.65,0.66,TNP_0005,1,2016
2016-10-13 23:00:00+00:00,0.0,0.0,23.22,93.61,0.63,TNP_0005,1,2016
2016-10-14 00:00:00+00:00,4.03,4.53,23.0,95.27,0.77,TNP_0005,1,2016
2016-10-14 01:00:00+00:00,86.43,114.1,23.63,91.97,1.03,TNP_0005,1,2016
2016-10-14 02:00:00+00:00,218.27,330.52,25.44,81.08,0.67,TNP_0005,1,2016
2016-10-14 03:00:00+00:00,460.67,557.4,27.6,65.84,0.55,TNP_0005,1,2016
2016-10-14 04:00:00+00:00,672.12,741.6,30.08,52.63,1.46,TNP_0005,1,2016
2016-10-14 05:00:00+00:00,708.33,863.1,31.59,46.88,1.59,TNP_0005,1,2016
2016-10-14 06:00:00+00:00,732.33,873.8,32.55,43.72,1.46,TNP_0005,1,2016
2016-10-14 07:00:00+00:00,552.28,840.72,33.35,41.41,1.34,TNP_0005,1,2016
2016-10-14 08:00:00+00:00,518.55,729.95,33.39,40.94,1.25,TNP_0005,1,2016
2016-10-14 09:00:00+00:00,354.62,550.33,33.08,41.52,1.17,TNP_0005,1,2016
2016-10-14 10:00:00+00:00,222.7,332.05,32.34,43.28,1.19,TNP_0005,1,2016
2016-10-14 11:00:00+00:00,92.07,120.9,31.22,47.22,1.27,TNP_0005,1,2016
2016-10-14 12:00:00+00:00,5.53,6.28,29.49,61.66,1.26,TNP_0005,1,2016
2016-10-14 13:00:00+00:00,0.0,0.0,28.12,71.64,1.48,TNP_0005,1,2016
2016-10-14 14:00:00+00:00,0.0,0.0,27.37,71.82,1.7,TNP_0005,1,2016
2016-10-14 15:00:00+00:00,0.0,0.0,26.61,73.48,1.83,TNP_0005,1,2016
2016-10-14 16:00:00+00:00,0.0,0.0,25.92,76.11,1.88,TNP_0005,1,2016
2016-10-14 17:00:00+00:00,0.0,0.0,25.27,79.28,1.8,TNP_0005,1,2016
2016-10-14 18:00:00+00:00,0.0,0.0,24.61,83.16,1.59,TNP_0005,1,2016
2016-10-14 19:00:00+00:00,0.0,0.0,24.18,85.83,1.38,TNP_0005,1,2016
2016-10-14 20:00:00+00:00,0.0,0.0,23.98,87.53,1.11,TNP_0005,1,2016
2016-10-14 21:00:00+00:00,0.0,0.0,23.82,88.97,0.79,TNP_0005,1,2016
2016-10-14 22:00:00+00:00,0.0,0.0,23.66,90.07,0.45,TNP_0005,1,2016
2016-10-14 23:00:00+00:00,0.0,0.0,23.51,90.78,0.19,TNP_0005,1,2016
2016-10-15 00:00:00+00:00,4.53,4.55,23.43,91.08,0.3,TNP_0005,1,2016
2016-10-15 01:00:00+00:00,111.62,115.1,24.06,84.64,1.12,TNP_0005,1,2016
2016-10-15 02:00:00+00:00,311.7,326.42,25.66,74.27,1.85,TNP_0005,1,2016
2016-10-15 03:00:00+00:00,532.17,544.95,27.5,65.24,2.48,TNP_0005,1,2016
2016-10-15 04:00:00+00:00,728.62,731.55,29.38,56.68,2.89,TNP_0005,1,2016
2016-10-15 05:00:00+00:00,820.97,861.25,30.91,49.88,2.88,TNP_0005,1,2016
2016-10-15 06:00:00+00:00,830.03,900.08,31.99,45.17,2.83,TNP_0005,1,2016
2016-10-15 07:00:00+00:00,767.65,864.72,32.88,41.53,2.78,TNP_0005,1,2016
2016-10-15 08:00:00+00:00,649.3,751.92,33.32,39.06,2.65,TNP_0005,1,2016
2016-10-15 09:00:00+00:00,522.12,573.17,33.45,37.21,2.4,TNP_0005,1,2016
2016-10-15 10:00:00+00:00,319.2,350.52,33.21,36.14,2.13,TNP_0005,1,2016
2016-10-15 11:00:00+00:00,122.2,128.45,32.3,37.77,1.89,TNP_0005,1,2016
2016-10-15 12:00:00+00:00,6.15,6.22,29.3,58.87,1.54,TNP_0005,1,2016
2016-10-15 13:00:00+00:00,0.0,0.0,27.23,63.62,2.14,TNP_0005,1,2016
2016-10-15 14:00:00+00:00,0.0,0.0,26.16,65.51,2.42,TNP_0005,1,2016
2016-10-15 15:00:00+00:00,0.0,0.0,25.27,68.92,2.52,TNP_0005,1,2016
2016-10-15 16:00:00+00:00,0.0,0.0,24.47,73.57,2.55,TNP_0005,1,2016
2016-10-15 17:00:00+00:00,0.0,0.0,23.74,78.96,2.4,TNP_0005,1,2016
2016-10-15 18:00:00+00:00,0.0,0.0,23.11,83.96,2.02,TNP_0005,1,2016
2016-10-15 19:00:00+00:00,0.0,0.0,22.69,87.31,1.61,TNP_0005,1,2016
2016-10-15 20:00:00+00:00,0.0,0.0,22.42,89.0,1.22,TNP_0005,1,2016
2016-10-15 21:00:00+00:00,0.0,0.0,22.25,89.91,0.9,TNP_0005,1,2016
2016-10-15 22:00:00+00:00,0.0,0.0,22.15,90.54,0.74,TNP_0005,1,2016
2016-10-15 23:00:00+00:00,0.0,0.0,21.91,91.51,0.95,TNP_0005,1,2016
2016-10-16 00:00:00+00:00,4.2,4.72,21.48,92.99,1.26,TNP_0005,1,2016
2016-10-16 01:00:00+00:00,109.35,123.7,22.49,87.05,2.06,TNP_0005,1,2016
2016-10-16 02:00:00+00:00,302.05,340.83,25.35,72.11,1.91,TNP_0005,1,2016
2016-10-16 03:00:00+00:00,524.35,551.78,27.97,59.73,1.98,TNP_0005,1,2016
2016-10-16 04:00:00+00:00,711.03,729.08,30.23,50.36,2.13,TNP_0005,1,2016
2016-10-16 05:00:00+00:00,845.45,875.42,32.17,43.26,2.16,TNP_0005,1,2016
2016-10-16 06:00:00+00:00,809.22,914.55,33.59,38.46,2.2,TNP_0005,1,2016
2016-10-16 07:00:00+00:00,736.85,867.67,34.63,34.94,2.25,TNP_0005,1,2016
2016-10-16 08:00:00+00:00,685.92,752.62,35.15,32.75,2.35,TNP_0005,1,2016
2016-10-16 09:00:00+00:00,526.03,567.92,35.08,31.65,2.4,TNP_0005,1,2016
2016-10-16 10:00:00+00:00,311.73,338.23,34.25,32.14,2.49,TNP_0005,1,2016
2016-10-16 11:00:00+00:00,114.57,118.85,32.77,36.63,2.25,TNP_0005,1,2016
2016-10-16 12:00:00+00:00,5.5,5.6,29.75,55.64,1.94,TNP_0005,1,2016
2016-10-16 13:00:00+00:00,0.0,0.0,28.02,59.93,2.33,TNP_0005,1,2016
2016-10-16 14:00:00+00:00,0.0,0.0,26.86,61.63,2.5,TNP_0005,1,2016
2016-10-16 15:00:00+00:00,0.0,0.0,25.89,64.57,2.51,TNP_0005,1,2016
2016-10-16 16:00:00+00:00,0.0,0.0,25.01,68.69,2.48,TNP_0005,1,2016
2016-10-16 17:00:00+00:00,0.0,0.0,24.25,73.05,2.44,TNP_0005,1,2016
2016-10-16 18:00:00+00:00,0.0,0.0,23.59,77.36,2.33,TNP_0005,1,2016
2016-10-16 19:00:00+00:00,0.0,0.0,22.99,81.28,2.09,TNP_0005,1,2016
2016-10-16 20:00:00+00:00,0.0,0.0,22.43,84.84,1.75,TNP_0005,1,2016
2016-10-16 21:00:00+00:00,0.0,0.0,22.06,86.92,1.44,TNP_0005,1,2016
2016-10-16 22:00:00+00:00,0.0,0.0,21.84,87.85,1.27,TNP_0005,1,2016
2016-10-16 23:00:00+00:00,0.0,0.0,21.51,88.95,1.29,TNP_0005,1,2016
2016-10-17 00:00:00+00:00,4.38,4.35,21.3,89.43,1.38,TNP_0005,1,2016
2016-10-17 01:00:00+00:00,109.07,110.45,22.28,83.5,2.07,TNP_0005,1,2016
2016-10-17 02:00:00+00:00,313.98,316.9,25.2,67.88,1.78,TNP_0005,1,2016
2016-10-17 03:00:00+00:00,524.85,538.67,28.06,55.14,1.63,TNP_0005,1,2016
2016-10-17 04:00:00+00:00,708.45,727.4,30.36,46.71,1.38,TNP_0005,1,2016
2016-10-17 05:00:00+00:00,804.03,855.88,32.17,40.85,0.96,TNP_0005,1,2016
2016-10-17 06:00:00+00:00,819.08,893.03,33.65,36.39,0.51,TNP_0005,1,2016
2016-10-17 07:00:00+00:00,759.97,846.12,34.74,33.23,0.21,TNP_0005,1,2016
2016-10-17 08:00:00+00:00,604.97,715.83,35.32,31.31,0.16,TNP_0005,1,2016
2016-10-17 09:00:00+00:00,473.42,511.02,35.26,30.69,0.22,TNP_0005,1,2016
2016-10-17 10:00:00+00:00,269.42,281.5,34.73,31.07,0.26,TNP_0005,1,2016
2016-10-17 11:00:00+00:00,92.68,96.6,33.56,33.49,0.39,TNP_0005,1,2016
2016-10-17 12:00:00+00:00,4.78,4.82,31.04,49.99,0.75,TNP_0005,1,2016
2016-10-17 13:00:00+00:00,0.0,0.0,29.01,56.56,1.49,TNP_0005,1,2016
2016-10-17 14:00:00+00:00,0.0,0.0,27.87,60.82,1.89,TNP_0005,1,2016
2016-10-17 15:00:00+00:00,0.0,0.0,26.99,66.55,2.3,TNP_0005,1,2016
2016-10-17 16:00:00+00:00,0.0,0.0,26.27,71.58,2.44,TNP_0005,1,2016
2016-10-17 17:00:00+00:00,0.0,0.0,25.6,76.02,2.36,TNP_0005,1,2016
2016-10-17 18:00:00+00:00,0.0,0.0,25.02,79.97,2.24,TNP_0005,1,2016
2016-10-17 19:00:00+00:00,0.0,0.0,24.57,83.29,1.93,TNP_0005,1,2016
2016-10-17 20:00:00+00:00,0.0,0.0,24.11,86.12,1.52,TNP_0005,1,2016
2016-10-17 21:00:00+00:00,0.0,0.0,23.96,87.22,1.01,TNP_0005,1,2016
2016-10-17 22:00:00+00:00,0.0,0.0,23.74,88.27,0.5,TNP_0005,1,2016
2016-10-17 23:00:00+00:00,0.0,0.0,23.55,89.1,0.07,TNP_0005,1,2016
2016-10-18 00:00:00+00:00,4.0,4.28,23.47,88.48,0.46,TNP_0005,1,2016
2016-10-18 01:00:00+00:00,97.25,113.3,24.06,83.61,1.28,TNP_0005,1,2016
2016-10-18 02:00:00+00:00,242.25,322.85,26.35,71.83,1.56,TNP_0005,1,2016
2016-10-18 03:00:00+00:00,474.65,535.9,28.84,59.84,1.59,TNP_0005,1,2016
2016-10-18 04:00:00+00:00,658.35,715.05,30.92,50.54,1.68,TNP_0005,1,2016
2016-10-18 05:00:00+00:00,714.72,827.38,32.7,43.61,1.69,TNP_0005,1,2016
2016-10-18 06:00:00+00:00,739.47,825.2,33.93,39.21,1.56,TNP_0005,1,2016
2016-10-18 07:00:00+00:00,553.45,778.8,34.76,36.31,1.29,TNP_0005,1,2016
2016-10-18 08:00:00+00:00,610.47,683.6,35.19,34.44,1.04,TNP_0005,1,2016
2016-10-18 09:00:00+00:00,474.23,522.83,35.09,33.68,1.0,TNP_0005,1,2016
2016-10-18 10:00:00+00:00,306.83,324.4,34.62,33.7,1.18,TNP_0005,1,2016
2016-10-18 11:00:00+00:00,107.97,115.62,33.38,36.42,1.41,TNP_0005,1,2016
2016-10-18 12:00:00+00:00,5.07,5.25,30.85,54.08,1.52,TNP_0005,1,2016
2016-10-18 13:00:00+00:00,0.0,0.0,29.35,58.51,2.16,TNP_0005,1,2016
2016-10-18 14:00:00+00:00,0.0,0.0,28.62,58.48,2.7,TNP_0005,1,2016
2016-10-18 15:00:00+00:00,0.0,0.0,27.79,61.13,3.04,TNP_0005,1,2016
2016-10-18 16:00:00+00:00,0.0,0.0,26.93,64.88,3.09,TNP_0005,1,2016
2016-10-18 17:00:00+00:00,0.0,0.0,26.21,68.37,2.85,TNP_0005,1,2016
2016-10-18 18:00:00+00:00,0.0,0.0,25.37,73.02,2.19,TNP_0005,1,2016
2016-10-18 19:00:00+00:00,0.0,0.0,24.68,77.27,1.61,TNP_0005,1,2016
2016-10-18 20:00:00+00:00,0.0,0.0,24.04,81.11,1.14,TNP_0005,1,2016
2016-10-18 21:00:00+00:00,0.0,0.0,23.65,83.11,0.75,TNP_0005,1,2016
2016-10-18 22:00:00+00:00,0.0,0.0,23.4,83.89,0.47,TNP_0005,1,2016
2016-10-18 23:00:00+00:00,0.0,0.0,23.2,84.08,0.33,TNP_0005,1,2016
2016-10-19 00:00:00+00:00,3.5,4.28,23.11,85.15,0.33,TNP_0005,1,2016
2016-10-19 01:00:00+00:00,94.75,110.65,23.91,79.25,0.54,TNP_0005,1,2016
2016-10-19 02:00:00+00:00,292.92,320.15,26.52,64.49,0.43,TNP_0005,1,2016
2016-10-19 03:00:00+00:00,454.4,488.27,29.27,53.37,0.87,TNP_0005,1,2016
2016-10-19 04:00:00+00:00,625.17,669.83,31.28,47.18,0.9,TNP_0005,1,2016
2016-10-19 05:00:00+00:00,686.12,796.72,32.66,42.76,0.66,TNP_0005,1,2016
2016-10-19 06:00:00+00:00,770.58,880.42,33.38,40.02,0.52,TNP_0005,1,2016
2016-10-19 07:00:00+00:00,736.72,841.6,33.86,38.26,0.44,TNP_0005,1,2016
2016-10-19 08:00:00+00:00,576.58,737.9,34.19,37.07,0.42,TNP_0005,1,2016
2016-10-19 09:00:00+00:00,481.23,564.3,34.34,36.25,0.42,TNP_0005,1,2016
2016-10-19 10:00:00+00:00,262.12,341.6,33.93,36.62,0.53,TNP_0005,1,2016
2016-10-19 11:00:00+00:00,96.32,117.53,32.9,39.76,0.97,TNP_0005,1,2016
2016-10-19 12:00:00+00:00,4.03,4.8,30.85,55.65,1.23,TNP_0005,1,2016
2016-10-19 13:00:00+00:00,0.0,0.0,29.49,61.29,1.69,TNP_0005,1,2016
2016-10-19 14:00:00+00:00,0.0,0.0,28.69,62.37,1.85,TNP_0005,1,2016
2016-10-19 15:00:00+00:00,0.0,0.0,28.06,62.88,2.01,TNP_0005,1,2016
2016-10-19 16:00:00+00:00,0.0,0.0,27.42,64.2,2.4,TNP_0005,1,2016
2016-10-19 17:00:00+00:00,0.0,0.0,26.64,68.13,2.59,TNP_0005,1,2016
2016-10-19 18:00:00+00:00,0.0,0.0,25.95,72.63,2.45,TNP_0005,1,2016
2016-10-19 19:00:00+00:00,0.0,0.0,25.36,77.21,2.05,TNP_0005,1,2016
2016-10-19 20:00:00+00:00,0.0,0.0,24.86,81.15,1.69,TNP_0005,1,2016
2016-10-19 21:00:00+00:00,0.0,0.0,24.45,84.72,1.31,TNP_0005,1,2016
2016-10-19 22:00:00+00:00,0.0,0.0,24.14,87.92,0.94,TNP_0005,1,2016
2016-10-19 23:00:00+00:00,0.0,0.0,23.76,90.13,0.77,TNP_0005,1,2016
2016-10-20 00:00:00+00:00,3.55,4.18,23.48,91.09,0.57,TNP_0005,1,2016
2016-10-20 01:00:00+00:00,84.8,106.78,24.09,87.89,0.3,TNP_0005,1,2016
2016-10-20 02:00:00+00:00,239.35,314.08,25.81,77.23,0.45,TNP_0005,1,2016
2016-10-20 03:00:00+00:00,436.35,508.92,28.34,63.38,0.8,TNP_0005,1,2016
2016-10-20 04:00:00+00:00,586.42,656.4,30.8,52.56,1.03,TNP_0005,1,2016
2016-10-20 05:00:00+00:00,657.03,743.35,32.63,45.44,1.11,TNP_0005,1,2016
2016-10-20 06:00:00+00:00,698.35,843.1,33.77,40.62,1.03,TNP_0005,1,2016
2016-10-20 07:00:00+00:00,629.5,802.15,34.48,37.84,0.85,TNP_0005,1,2016
2016-10-20 08:00:00+00:00,479.6,684.58,34.72,36.61,0.57,TNP_0005,1,2016
2016-10-20 09:00:00+00:00,359.1,514.9,34.58,36.37,0.47,TNP_0005,1,2016
2016-10-20 10:00:00+00:00,238.18,319.33,33.56,38.31,0.95,TNP_0005,1,2016
2016-10-20 11:00:00+00:00,82.25,111.03,32.33,41.89,1.85,TNP_0005,1,2016
2016-10-20 12:00:00+00:00,3.78,4.65,30.24,53.23,2.25,TNP_0005,1,2016
2016-10-20 13:00:00+00:00,0.0,0.0,28.84,58.93,3.45,TNP_0005,1,2016
2016-10-20 14:00:00+00:00,0.0,0.0,27.89,63.38,4.24,TNP_0005,1,2016
2016-10-20 15:00:00+00:00,0.0,0.0,27.0,68.9,4.12,TNP_0005,1,2016
2016-10-20 16:00:00+00:00,0.0,0.0,26.24,73.63,4.1,TNP_0005,1,2016
2016-10-20 17:00:00+00:00,0.0,0.0,25.51,78.17,3.22,TNP_0005,1,2016
2016-10-20 18:00:00+00:00,0.0,0.0,24.94,81.78,2.46,TNP_0005,1,2016
2016-10-20 19:00:00+00:00,0.0,0.0,24.48,84.59,1.92,TNP_0005,1,2016
2016-10-20 20:00:00+00:00,0.0,0.0,24.08,86.85,1.56,TNP_0005,1,2016
2016-10-20 21:00:00+00:00,0.0,0.0,23.8,88.72,1.16,TNP_0005,1,2016
2016-10-20 22:00:00+00:00,0.0,0.0,23.58,89.98,0.99,TNP_0005,1,2016
2016-10-20 23:00:00+00:00,0.0,0.0,23.4,90.64,0.93,TNP_0005,1,2016
2016-10-21 00:00:00+00:00,2.15,4.15,23.4,90.34,0.81,TNP_0005,1,2016
2016-10-21 01:00:00+00:00,47.0,111.75,23.97,87.16,0.99,TNP_0005,1,2016
2016-10-21 02:00:00+00:00,121.43,330.25,25.58,77.22,1.21,TNP_0005,1,2016
2016-10-21 03:00:00+00:00,215.98,550.08,27.45,66.09,1.61,TNP_0005,1,2016
2016-10-21 04:00:00+00:00,270.1,725.78,29.06,57.37,1.97,TNP_0005,1,2016
2016-10-21 05:00:00+00:00,277.73,837.55,30.49,50.24,2.02,TNP_0005,1,2016
2016-10-21 06:00:00+00:00,349.75,810.35,31.51,45.36,1.79,TNP_0005,1,2016
2016-10-21 07:00:00+00:00,363.05,758.65,32.09,42.44,1.71,TNP_0005,1,2016
2016-10-21 08:00:00+00:00,376.25,616.38,32.09,41.86,2.02,TNP_0005,1,2016
2016-10-21 09:00:00+00:00,296.2,408.3,31.59,42.97,2.48,TNP_0005,1,2016
2016-10-21 10:00:00+00:00,173.85,228.65,30.66,46.08,3.12,TNP_0005,1,2016
2016-10-21 11:00:00+00:00,60.95,75.7,29.36,51.82,3.5,TNP_0005,1,2016
2016-10-21 12:00:00+00:00,3.08,3.33,27.47,62.71,2.82,TNP_0005,1,2016
2016-10-21 13:00:00+00:00,0.0,0.0,26.27,70.23,2.6,TNP_0005,1,2016
2016-10-21 14:00:00+00:00,0.0,0.0,25.61,74.77,2.21,TNP_0005,1,2016
2016-10-21 15:00:00+00:00,0.0,0.0,25.19,78.14,1.78,TNP_0005,1,2016
2016-10-21 16:00:00+00:00,0.0,0.0,24.79,81.16,1.47,TNP_0005,1,2016
2016-10-21 17:00:00+00:00,0.0,0.0,24.42,83.76,1.27,TNP_0005,1,2016
2016-10-21 18:00:00+00:00,0.0,0.0,24.1,86.07,1.11,TNP_0005,1,2016
2016-10-21 19:00:00+00:00,0.0,0.0,23.79,88.06,0.93,TNP_0005,1,2016
2016-10-21 20:00:00+00:00,0.0,0.0,23.57,89.4,0.7,TNP_0005,1,2016
2016-10-21 21:00:00+00:00,0.0,0.0,23.24,90.74,0.62,TNP_0005,1,2016
2016-10-21 22:00:00+00:00,0.0,0.0,22.95,91.54,0.63,TNP_0005,1,2016
2016-10-21 23:00:00+00:00,0.0,0.0,22.8,91.69,0.57,TNP_0005,1,2016
2016-10-22 00:00:00+00:00,2.67,3.22,22.65,92.26,0.48,TNP_0005,1,2016
2016-10-22 01:00:00+00:00,69.85,84.4,23.19,90.39,0.48,TNP_0005,1,2016
2016-10-22 02:00:00+00:00,215.3,265.35,25.03,80.75,0.91,TNP_0005,1,2016
2016-10-22 03:00:00+00:00,423.52,470.17,27.45,66.99,0.83,TNP_0005,1,2016
2016-10-22 04:00:00+00:00,569.35,644.28,29.62,55.28,0.58,TNP_0005,1,2016
2016-10-22 05:00:00+00:00,680.08,756.53,30.94,48.78,0.28,TNP_0005,1,2016
2016-10-22 06:00:00+00:00,652.8,819.47,31.79,44.43,0.26,TNP_0005,1,2016
2016-10-22 07:00:00+00:00,535.3,776.58,32.35,41.57,0.9,TNP_0005,1,2016
2016-10-22 08:00:00+00:00,418.42,665.53,32.48,40.26,1.48,TNP_0005,1,2016
2016-10-22 09:00:00+00:00,271.17,488.0,31.71,41.74,2.23,TNP_0005,1,2016
2016-10-22 10:00:00+00:00,153.12,262.08,30.94,43.95,3.13,TNP_0005,1,2016
2016-10-22 11:00:00+00:00,39.88,86.43,29.88,48.12,3.73,TNP_0005,1,2016
2016-10-22 12:00:00+00:00,2.9,3.78,28.04,56.89,3.34,TNP_0005,1,2016
2016-10-22 13:00:00+00:00,0.0,0.0,26.92,62.05,3.47,TNP_0005,1,2016
2016-10-22 14:00:00+00:00,0.0,0.0,26.22,66.03,3.09,TNP_0005,1,2016
2016-10-22 15:00:00+00:00,0.0,0.0,25.53,70.86,2.36,TNP_0005,1,2016
2016-10-22 16:00:00+00:00,0.0,0.0,24.99,74.89,1.94,TNP_0005,1,2016
2016-10-22 17:00:00+00:00,0.0,0.0,24.5,78.1,1.73,TNP_0005,1,2016
2016-10-22 18:00:00+00:00,0.0,0.0,24.05,80.86,1.58,TNP_0005,1,2016
2016-10-22 19:00:00+00:00,0.0,0.0,23.58,83.59,1.45,TNP_0005,1,2016
2016-10-22 20:00:00+00:00,0.0,0.0,23.21,85.69,1.42,TNP_0005,1,2016
2016-10-22 21:00:00+00:00,0.0,0.0,22.94,87.14,1.4,TNP_0005,1,2016
2016-10-22 22:00:00+00:00,0.0,0.0,22.72,88.04,1.28,TNP_0005,1,2016
2016-10-22 23:00:00+00:00,0.0,0.0,22.53,88.72,1.04,TNP_0005,1,2016
2016-10-23 00:00:00+00:00,3.1,3.67,22.25,90.49,0.85,TNP_0005,1,2016
2016-10-23 01:00:00+00:00,85.12,99.57,22.85,87.17,1.2,TNP_0005,1,2016
2016-10-23 02:00:00+00:00,242.65,302.27,25.11,73.93,1.7,TNP_0005,1,2016
2016-10-23 03:00:00+00:00,408.17,518.3,27.85,59.64,1.91,TNP_0005,1,2016
2016-10-23 04:00:00+00:00,575.7,695.28,30.25,49.82,1.79,TNP_0005,1,2016
2016-10-23 05:00:00+00:00,720.03,807.78,32.15,43.27,1.59,TNP_0005,1,2016
2016-10-23 06:00:00+00:00,725.45,845.65,33.45,38.79,1.33,TNP_0005,1,2016
2016-10-23 07:00:00+00:00,584.65,801.97,34.29,35.71,1.09,TNP_0005,1,2016
2016-10-23 08:00:00+00:00,448.62,657.25,34.68,33.88,0.89,TNP_0005,1,2016
2016-10-23 09:00:00+00:00,363.27,469.2,34.4,33.39,0.62,TNP_0005,1,2016
2016-10-23 10:00:00+00:00,214.93,269.45,33.77,33.85,0.29,TNP_0005,1,2016
2016-10-23 11:00:00+00:00,80.12,89.97,32.67,37.29,0.73,TNP_0005,1,2016
2016-10-23 12:00:00+00:00,3.22,3.55,30.34,55.15,1.35,TNP_0005,1,2016
2016-10-23 13:00:00+00:00,0.0,0.0,28.94,58.19,1.96,TNP_0005,1,2016
2016-10-23 14:00:00+00:00,0.0,0.0,28.3,58.58,2.06,TNP_0005,1,2016
2016-10-23 15:00:00+00:00,0.0,0.0,27.62,61.0,2.1,TNP_0005,1,2016
2016-10-23 16:00:00+00:00,0.0,0.0,26.82,65.44,2.27,TNP_0005,1,2016
2016-10-23 17:00:00+00:00,0.0,0.0,26.03,70.93,2.38,TNP_0005,1,2016
2016-10-23 18:00:00+00:00,0.0,0.0,25.31,76.48,2.22,TNP_0005,1,2016
2016-10-23 19:00:00+00:00,0.0,0.0,24.86,79.23,1.68,TNP_0005,1,2016
2016-10-23 20:00:00+00:00,0.0,0.0,24.35,80.86,1.4,TNP_0005,1,2016
2016-10-23 21:00:00+00:00,0.0,0.0,23.6,84.49,1.37,TNP_0005,1,2016
2016-10-23 22:00:00+00:00,0.0,0.0,23.02,85.81,1.54,TNP_0005,1,2016
2016-10-23 23:00:00+00:00,0.0,0.0,22.55,85.59,1.75,TNP_0005,1,2016
2016-10-24 00:00:00+00:00,3.45,3.83,22.05,84.42,2.02,TNP_0005,1,2016
2016-10-24 01:00:00+00:00,93.95,102.8,22.48,77.73,2.96,TNP_0005,1,2016
2016-10-24 02:00:00+00:00,260.27,308.23,24.5,61.24,3.79,TNP_0005,1,2016
2016-10-24 03:00:00+00:00,479.48,530.78,27.4,44.02,4.15,TNP_0005,1,2016
2016-10-24 04:00:00+00:00,637.55,713.62,29.87,34.32,4.02,TNP_0005,1,2016
2016-10-24 05:00:00+00:00,684.95,827.17,31.59,29.69,3.86,TNP_0005,1,2016
2016-10-24 06:00:00+00:00,727.78,855.45,32.68,27.29,3.66,TNP_0005,1,2016
2016-10-24 07:00:00+00:00,662.15,805.5,33.33,26.13,3.45,TNP_0005,1,2016
2016-10-24 08:00:00+00:00,508.6,672.12,33.55,25.9,3.31,TNP_0005,1,2016
2016-10-24 09:00:00+00:00,339.33,466.3,33.22,26.45,3.24,TNP_0005,1,2016
2016-10-24 10:00:00+00:00,208.15,263.42,32.59,27.37,3.09,TNP_0005,1,2016
2016-10-24 11:00:00+00:00,71.88,87.57,31.39,30.68,2.55,TNP_0005,1,2016
2016-10-24 12:00:00+00:00,3.42,3.53,27.96,47.58,1.53,TNP_0005,1,2016
2016-10-24 13:00:00+00:00,0.0,0.0,26.37,52.71,1.48,TNP_0005,1,2016
2016-10-24 14:00:00+00:00,0.0,0.0,25.88,55.28,1.29,TNP_0005,1,2016
2016-10-24 15:00:00+00:00,0.0,0.0,25.72,55.8,1.02,TNP_0005,1,2016
2016-10-24 16:00:00+00:00,0.0,0.0,25.81,54.07,0.66,TNP_0005,1,2016
2016-10-24 17:00:00+00:00,0.0,0.0,25.41,57.22,0.22,TNP_0005,1,2016
2016-10-24 18:00:00+00:00,0.0,0.0,24.54,61.59,0.4,TNP_0005,1,2016
2016-10-24 19:00:00+00:00,0.0,0.0,23.83,65.38,0.75,TNP_0005,1,2016
2016-10-24 20:00:00+00:00,0.0,0.0,23.23,68.83,0.86,TNP_0005,1,2016
2016-10-24 21:00:00+00:00,0.0,0.0,22.75,71.05,0.81,TNP_0005,1,2016
2016-10-24 22:00:00+00:00,0.0,0.0,22.49,71.96,0.65,TNP_0005,1,2016
2016-10-24 23:00:00+00:00,0.0,0.0,22.25,72.99,0.52,TNP_0005,1,2016
2016-10-25 00:00:00+00:00,3.33,3.5,21.83,74.7,0.75,TNP_0005,1,2016
2016-10-25 01:00:00+00:00,88.07,93.43,22.42,72.8,1.09,TNP_0005,1,2016
2016-10-25 02:00:00+00:00,286.4,309.65,25.14,61.77,0.89,TNP_0005,1,2016
2016-10-25 03:00:00+00:00,498.23,532.47,28.16,50.43,0.75,TNP_0005,1,2016
2016-10-25 04:00:00+00:00,699.22,722.05,30.53,41.48,1.19,TNP_0005,1,2016
2016-10-25 05:00:00+00:00,740.88,838.08,32.29,35.68,1.35,TNP_0005,1,2016
2016-10-25 06:00:00+00:00,848.9,891.17,33.5,31.98,1.22,TNP_0005,1,2016
2016-10-25 07:00:00+00:00,755.33,830.85,34.45,29.32,1.01,TNP_0005,1,2016
2016-10-25 08:00:00+00:00,615.08,693.2,34.96,27.72,0.83,TNP_0005,1,2016
2016-10-25 09:00:00+00:00,463.17,513.1,34.79,27.18,0.83,TNP_0005,1,2016
2016-10-25 10:00:00+00:00,292.17,309.45,34.25,27.2,0.84,TNP_0005,1,2016
2016-10-25 11:00:00+00:00,93.7,101.85,33.04,29.76,0.67,TNP_0005,1,2016
2016-10-25 12:00:00+00:00,3.58,3.88,30.59,43.95,0.88,TNP_0005,1,2016
2016-10-25 13:00:00+00:00,0.0,0.0,28.51,49.99,1.48,TNP_0005,1,2016
2016-10-25 14:00:00+00:00,0.0,0.0,27.35,52.4,1.83,TNP_0005,1,2016
2016-10-25 15:00:00+00:00,0.0,0.0,26.53,55.65,1.95,TNP_0005,1,2016
2016-10-25 16:00:00+00:00,0.0,0.0,25.87,60.41,2.36,TNP_0005,1,2016
2016-10-25 17:00:00+00:00,0.0,0.0,25.26,66.28,2.84,TNP_0005,1,2016
2016-10-25 18:00:00+00:00,0.0,0.0,24.64,72.15,2.96,TNP_0005,1,2016
2016-10-25 19:00:00+00:00,0.0,0.0,23.96,77.7,2.49,TNP_0005,1,2016
2016-10-25 20:00:00+00:00,0.0,0.0,23.6,81.16,2.3,TNP_0005,1,2016
2016-10-25 21:00:00+00:00,0.0,0.0,23.46,83.15,1.85,TNP_0005,1,2016
2016-10-25 22:00:00+00:00,0.0,0.0,23.32,84.67,1.39,TNP_0005,1,2016
2016-10-25 23:00:00+00:00,0.0,0.0,23.08,86.32,0.94,TNP_0005,1,2016
2016-10-26 00:00:00+00:00,3.53,3.62,22.91,87.22,0.74,TNP_0005,1,2016
2016-10-26 01:00:00+00:00,94.57,97.88,23.63,83.47,0.77,TNP_0005,1,2016
2016-10-26 02:00:00+00:00,308.08,319.42,25.89,72.43,0.95,TNP_0005,1,2016
2016-10-26 03:00:00+00:00,498.17,529.15,28.4,59.92,0.56,TNP_0005,1,2016
2016-10-26 04:00:00+00:00,693.4,709.1,30.67,49.19,0.92,TNP_0005,1,2016
2016-10-26 05:00:00+00:00,779.45,818.17,32.54,41.21,1.28,TNP_0005,1,2016
2016-10-26 06:00:00+00:00,832.47,873.83,33.67,36.81,1.41,TNP_0005,1,2016
2016-10-26 07:00:00+00:00,777.7,830.35,34.53,33.86,1.42,TNP_0005,1,2016
2016-10-26 08:00:00+00:00,637.4,710.33,35.17,31.56,1.44,TNP_0005,1,2016
2016-10-26 09:00:00+00:00,486.67,528.42,35.24,30.45,1.55,TNP_0005,1,2016
2016-10-26 10:00:00+00:00,303.83,321.23,34.79,30.25,1.79,TNP_0005,1,2016
2016-10-26 11:00:00+00:00,101.85,108.47,33.6,32.03,2.03,TNP_0005,1,2016
2016-10-26 12:00:00+00:00,3.62,3.83,30.76,46.62,1.7,TNP_0005,1,2016
2016-10-26 13:00:00+00:00,0.0,0.0,29.24,49.7,2.13,TNP_0005,1,2016
2016-10-26 14:00:00+00:00,0.0,0.0,28.44,50.76,2.42,TNP_0005,1,2016
2016-10-26 15:00:00+00:00,0.0,0.0,27.66,53.66,2.83,TNP_0005,1,2016
2016-10-26 16:00:00+00:00,0.0,0.0,26.82,58.01,3.15,TNP_0005,1,2016
2016-10-26 17:00:00+00:00,0.0,0.0,26.02,62.7,3.01,TNP_0005,1,2016
2016-10-26 18:00:00+00:00,0.0,0.0,25.32,67.16,2.72,TNP_0005,1,2016
2016-10-26 19:00:00+00:00,0.0,0.0,24.67,71.58,2.21,TNP_0005,1,2016
2016-10-26 20:00:00+00:00,0.0,0.0,24.05,75.54,1.61,TNP_0005,1,2016
2016-10-26 21:00:00+00:00,0.0,0.0,23.76,77.59,1.39,TNP_0005,1,2016
2016-10-26 22:00:00+00:00,0.0,0.0,23.51,79.16,1.19,TNP_0005,1,2016
2016-10-26 23:00:00+00:00,0.0,0.0,23.26,80.68,1.06,TNP_0005,1,2016
2016-10-27 00:00:00+00:00,3.2,3.92,22.96,82.22,1.01,TNP_0005,1,2016
2016-10-27 01:00:00+00:00,90.7,110.18,23.62,79.13,1.34,TNP_0005,1,2016
2016-10-27 02:00:00+00:00,247.02,316.4,25.94,67.38,1.54,TNP_0005,1,2016
2016-10-27 03:00:00+00:00,442.88,532.67,28.35,55.84,1.63,TNP_0005,1,2016
2016-10-27 04:00:00+00:00,591.47,723.58,30.48,46.61,1.58,TNP_0005,1,2016
2016-10-27 05:00:00+00:00,677.6,839.2,32.36,39.43,1.4,TNP_0005,1,2016
2016-10-27 06:00:00+00:00,658.83,816.28,33.87,34.25,1.31,TNP_0005,1,2016
2016-10-27 07:00:00+00:00,663.62,774.3,34.87,30.78,1.24,TNP_0005,1,2016
2016-10-27 08:00:00+00:00,601.8,660.58,35.39,28.53,1.18,TNP_0005,1,2016
2016-10-27 09:00:00+00:00,402.95,483.3,35.3,27.39,1.1,TNP_0005,1,2016
2016-10-27 10:00:00+00:00,270.27,290.45,34.77,27.16,0.95,TNP_0005,1,2016
2016-10-27 11:00:00+00:00,86.15,94.22,33.72,28.92,0.55,TNP_0005,1,2016
2016-10-27 12:00:00+00:00,2.72,3.33,31.51,41.39,0.66,TNP_0005,1,2016
2016-10-27 13:00:00+00:00,0.0,0.0,29.62,46.58,1.48,TNP_0005,1,2016
2016-10-27 14:00:00+00:00,0.0,0.0,28.75,47.48,1.78,TNP_0005,1,2016
2016-10-27 15:00:00+00:00,0.0,0.0,28.26,49.7,1.67,TNP_0005,1,2016
2016-10-27 16:00:00+00:00,0.0,0.0,27.56,52.82,1.56,TNP_0005,1,2016
2016-10-27 17:00:00+00:00,0.0,0.0,26.85,56.41,1.59,TNP_0005,1,2016
2016-10-27 18:00:00+00:00,0.0,0.0,26.22,60.42,1.79,TNP_0005,1,2016
2016-10-27 19:00:00+00:00,0.0,0.0,25.57,64.73,2.04,TNP_0005,1,2016
2016-10-27 20:00:00+00:00,0.0,0.0,24.9,68.79,1.87,TNP_0005,1,2016
2016-10-27 21:00:00+00:00,0.0,0.0,24.29,71.58,1.36,TNP_0005,1,2016
2016-10-27 22:00:00+00:00,0.0,0.0,23.67,74.59,1.02,TNP_0005,1,2016
2016-10-27 23:00:00+00:00,0.0,0.0,23.18,75.52,1.17,TNP_0005,1,2016
2016-10-28 00:00:00+00:00,3.3,3.5,22.9,75.0,1.31,TNP_0005,1,2016
2016-10-28 01:00:00+00:00,96.5,101.9,23.79,68.2,1.68,TNP_0005,1,2016
2016-10-28 02:00:00+00:00,279.38,306.12,26.15,54.05,2.63,TNP_0005,1,2016
2016-10-28 03:00:00+00:00,511.48,523.83,29.15,41.8,2.39,TNP_0005,1,2016
2016-10-28 04:00:00+00:00,684.5,704.88,31.86,34.5,1.75,TNP_0005,1,2016
2016-10-28 05:00:00+00:00,809.58,822.97,33.98,29.03,1.28,TNP_0005,1,2016
2016-10-28 06:00:00+00:00,800.45,835.35,35.42,25.5,0.93,TNP_0005,1,2016
2016-10-28 07:00:00+00:00,708.7,792.42,36.42,23.34,0.61,TNP_0005,1,2016
2016-10-28 08:00:00+00:00,634.17,671.53,36.91,22.3,0.38,TNP_0005,1,2016
2016-10-28 09:00:00+00:00,448.73,489.02,36.9,21.95,0.31,TNP_0005,1,2016
2016-10-28 10:00:00+00:00,252.25,285.25,36.24,22.5,0.44,TNP_0005,1,2016
2016-10-28 11:00:00+00:00,78.97,88.53,35.06,24.4,0.73,TNP_0005,1,2016
2016-10-28 12:00:00+00:00,2.5,3.0,32.69,37.65,1.09,TNP_0005,1,2016
2016-10-28 13:00:00+00:00,0.0,0.0,31.06,41.53,1.66,TNP_0005,1,2016
2016-10-28 14:00:00+00:00,0.0,0.0,30.17,42.84,1.87,TNP_0005,1,2016
2016-10-28 15:00:00+00:00,0.0,0.0,29.52,45.1,1.74,TNP_0005,1,2016
2016-10-28 16:00:00+00:00,0.0,0.0,28.91,48.17,1.84,TNP_0005,1,2016
2016-10-28 17:00:00+00:00,0.0,0.0,28.25,52.9,2.3,TNP_0005,1,2016
2016-10-28 18:00:00+00:00,0.0,0.0,27.36,59.43,2.24,TNP_0005,1,2016
2016-10-28 19:00:00+00:00,0.0,0.0,26.36,65.89,1.85,TNP_0005,1,2016
2016-10-28 20:00:00+00:00,0.0,0.0,25.7,70.0,1.46,TNP_0005,1,2016
2016-10-28 21:00:00+00:00,0.0,0.0,25.08,73.56,1.04,TNP_0005,1,2016
2016-10-28 22:00:00+00:00,0.0,0.0,24.49,76.45,0.91,TNP_0005,1,2016
2016-10-28 23:00:00+00:00,0.0,0.0,23.94,78.94,0.8,TNP_0005,1,2016
2016-10-29 00:00:00+00:00,2.8,3.22,23.43,81.47,0.89,TNP_0005,1,2016
2016-10-29 01:00:00+00:00,87.3,95.35,24.2,77.8,1.7,TNP_0005,1,2016
2016-10-29 02:00:00+00:00,286.33,304.48,26.75,64.77,2.7,TNP_0005,1,2016
2016-10-29 03:00:00+00:00,469.45,511.85,29.81,50.31,2.71,TNP_0005,1,2016
2016-10-29 04:00:00+00:00,650.2,687.7,32.52,39.68,2.46,TNP_0005,1,2016
2016-10-29 05:00:00+00:00,728.1,802.08,34.7,32.62,2.32,TNP_0005,1,2016
2016-10-29 06:00:00+00:00,747.17,792.35,36.41,27.95,2.24,TNP_0005,1,2016
2016-10-29 07:00:00+00:00,673.92,747.83,37.48,25.25,2.18,TNP_0005,1,2016
2016-10-29 08:00:00+00:00,515.35,631.53,37.98,23.89,2.1,TNP_0005,1,2016
2016-10-29 09:00:00+00:00,365.3,454.6,37.85,23.6,1.96,TNP_0005,1,2016
2016-10-29 10:00:00+00:00,219.95,252.93,36.96,24.39,1.7,TNP_0005,1,2016
2016-10-29 11:00:00+00:00,63.38,66.3,35.71,26.26,1.32,TNP_0005,1,2016
2016-10-29 12:00:00+00:00,2.38,2.4,33.44,37.05,0.83,TNP_0005,1,2016
2016-10-29 13:00:00+00:00,0.0,0.0,31.91,40.49,1.26,TNP_0005,1,2016
2016-10-29 14:00:00+00:00,0.0,0.0,30.91,43.91,1.6,TNP_0005,1,2016
2016-10-29 15:00:00+00:00,0.0,0.0,30.03,48.4,2.08,TNP_0005,1,2016
2016-10-29 16:00:00+00:00,0.0,0.0,28.91,56.1,2.34,TNP_0005,1,2016
2016-10-29 17:00:00+00:00,0.0,0.0,27.65,65.9,2.19,TNP_0005,1,2016
2016-10-29 18:00:00+00:00,0.0,0.0,26.55,74.74,2.09,TNP_0005,1,2016
2016-10-29 19:00:00+00:00,0.0,0.0,25.71,81.75,2.06,TNP_0005,1,2016
2016-10-29 20:00:00+00:00,0.0,0.0,25.25,85.68,1.82,TNP_0005,1,2016
2016-10-29 21:00:00+00:00,0.0,0.0,24.83,86.9,1.73,TNP_0005,1,2016
2016-10-29 22:00:00+00:00,0.0,0.0,24.45,89.25,1.56,TNP_0005,1,2016
2016-10-29 23:00:00+00:00,0.0,0.0,24.1,91.96,1.27,TNP_0005,1,2016
2016-10-30 00:00:00+00:00,2.15,3.4,23.82,92.98,1.27,TNP_0005,1,2016
2016-10-30 01:00:00+00:00,70.95,100.65,24.21,90.15,1.93,TNP_0005,1,2016
2016-10-30 02:00:00+00:00,212.43,308.5,25.65,78.97,2.78,TNP_0005,1,2016
2016-10-30 03:00:00+00:00,393.6,522.45,28.14,60.7,3.26,TNP_0005,1,2016
2016-10-30 04:00:00+00:00,456.7,697.03,30.56,47.39,3.32,TNP_0005,1,2016
2016-10-30 05:00:00+00:00,559.9,809.45,32.35,40.22,2.98,TNP_0005,1,2016
2016-10-30 06:00:00+00:00,608.8,838.28,33.65,35.8,2.47,TNP_0005,1,2016
2016-10-30 07:00:00+00:00,523.38,787.2,34.53,33.03,2.03,TNP_0005,1,2016
2016-10-30 08:00:00+00:00,489.5,682.83,34.91,31.62,1.81,TNP_0005,1,2016
2016-10-30 09:00:00+00:00,367.5,510.2,34.68,31.7,2.12,TNP_0005,1,2016
2016-10-30 10:00:00+00:00,200.88,297.98,33.81,33.56,3.07,TNP_0005,1,2016
2016-10-30 11:00:00+00:00,65.62,98.28,32.21,38.66,3.86,TNP_0005,1,2016
2016-10-30 12:00:00+00:00,2.17,3.25,29.89,48.51,3.78,TNP_0005,1,2016
2016-10-30 13:00:00+00:00,0.0,0.0,28.48,57.19,4.46,TNP_0005,1,2016
2016-10-30 14:00:00+00:00,0.0,0.0,27.25,68.03,4.45,TNP_0005,1,2016
2016-10-30 15:00:00+00:00,0.0,0.0,26.05,80.31,4.67,TNP_0005,1,2016
2016-10-30 16:00:00+00:00,0.0,0.0,25.24,87.78,4.59,TNP_0005,1,2016
2016-10-30 17:00:00+00:00,0.0,0.0,24.79,90.01,4.08,TNP_0005,1,2016
2016-10-30 18:00:00+00:00,0.0,0.0,24.44,91.05,3.41,TNP_0005,1,2016
2016-10-30 19:00:00+00:00,0.0,0.0,24.11,91.95,2.89,TNP_0005,1,2016
2016-10-30 20:00:00+00:00,0.0,0.0,23.78,93.15,2.6,TNP_0005,1,2016
2016-10-30 21:00:00+00:00,0.0,0.0,23.46,94.24,2.49,TNP_0005,1,2016
2016-10-30 22:00:00+00:00,0.0,0.0,23.2,94.83,2.47,TNP_0005,1,2016
2016-10-30 23:00:00+00:00,0.0,0.0,23.01,94.85,2.6,TNP_0005,1,2016
2016-10-31 00:00:00+00:00,2.47,3.33,22.85,94.09,2.97,TNP_0005,1,2016
2016-10-31 01:00:00+00:00,53.78,98.25,22.92,93.41,3.29,TNP_0005,1,2016
2016-10-31 02:00:00+00:00,149.48,304.27,23.53,90.9,3.84,TNP_0005,1,2016
2016-10-31 03:00:00+00:00,150.6,523.2,24.78,83.45,4.61,TNP_0005,1,2016
2016-10-31 04:00:00+00:00,249.27,700.58,26.67,70.36,4.96,TNP_0005,1,2016
2016-10-31 05:00:00+00:00,306.6,811.8,28.38,60.23,4.78,TNP_0005,1,2016
2016-10-31 06:00:00+00:00,492.9,862.88,29.8,53.46,4.37,TNP_0005,1,2016
2016-10-31 07:00:00+00:00,485.55,825.1,30.76,49.43,3.7,TNP_0005,1,2016
2016-10-31 08:00:00+00:00,440.2,715.33,31.25,47.42,3.01,TNP_0005,1,2016
2016-10-31 09:00:00+00:00,398.35,536.85,31.38,46.94,2.74,TNP_0005,1,2016
2016-10-31 10:00:00+00:00,225.27,321.02,30.91,48.66,2.95,TNP_0005,1,2016
2016-10-31 11:00:00+00:00,80.88,109.88,29.86,54.4,2.82,TNP_0005,1,2016
2016-10-31 12:00:00+00:00,3.0,3.38,27.68,68.8,2.1,TNP_0005,1,2016
2016-10-31 13:00:00+00:00,0.0,0.0,26.56,73.72,2.13,TNP_0005,1,2016
2016-10-31 14:00:00+00:00,0.0,0.0,26.03,75.54,2.23,TNP_0005,1,2016
2016-10-31 15:00:00+00:00,0.0,0.0,25.52,77.91,2.17,TNP_0005,1,2016
2016-10-31 16:00:00+00:00,0.0,0.0,25.0,81.5,1.88,TNP_0005,1,2016
2016-10-31 17:00:00+00:00,0.0,0.0,24.58,84.15,1.69,TNP_0005,1,2016
2016-10-31 18:00:00+00:00,0.0,0.0,24.14,86.51,1.57,TNP_0005,1,2016
2016-10-31 19:00:00+00:00,0.0,0.0,23.66,88.87,1.47,TNP_0005,1,2016
2016-10-31 20:00:00+00:00,0.0,0.0,23.25,90.6,1.45,TNP_0005,1,2016
2016-10-31 21:00:00+00:00,0.0,0.0,22.99,91.31,1.44,TNP_0005,1,2016
2016-10-31 22:00:00+00:00,0.0,0.0,22.78,91.54,1.41,TNP_0005,1,2016
2016-10-31 23:00:00+00:00,0.0,0.0,22.46,92.13,1.48,TNP_0005,1,2016
2016-11-01 00:00:00+00:00,3.65,3.8,22.08,93.14,1.61,TNP_0005,1,2016
2016-11-01 01:00:00+00:00,114.7,126.43,22.95,87.41,2.29,TNP_0005,1,2016
2016-11-01 02:00:00+00:00,328.88,360.92,25.04,73.36,3.35,TNP_0005,1,2016
2016-11-01 03:00:00+00:00,544.22,586.65,27.46,56.44,3.86,TNP_0005,1,2016
2016-11-01 04:00:00+00:00,714.47,766.3,30.05,41.26,4.37,TNP_0005,1,2016
2016-11-01 05:00:00+00:00,805.4,881.67,32.22,32.48,4.57,TNP_0005,1,2016
2016-11-01 06:00:00+00:00,798.58,912.85,33.89,28.53,4.64,TNP_0005,1,2016
2016-11-01 07:00:00+00:00,745.03,861.67,34.94,27.68,4.66,TNP_0005,1,2016
2016-11-01 08:00:00+00:00,649.35,746.53,35.35,28.67,4.67,TNP_0005,1,2016
2016-11-01 09:00:00+00:00,515.47,567.05,34.97,31.21,4.69,TNP_0005,1,2016
2016-11-01 10:00:00+00:00,294.52,343.35,34.07,34.54,4.84,TNP_0005,1,2016
2016-11-01 11:00:00+00:00,98.4,116.45,32.45,39.68,4.91,TNP_0005,1,2016
2016-11-01 12:00:00+00:00,2.88,3.33,29.76,50.37,3.59,TNP_0005,1,2016
2016-11-01 13:00:00+00:00,0.0,0.0,28.2,57.52,3.49,TNP_0005,1,2016
2016-11-01 14:00:00+00:00,0.0,0.0,27.14,62.88,3.4,TNP_0005,1,2016
2016-11-01 15:00:00+00:00,0.0,0.0,26.11,68.69,3.02,TNP_0005,1,2016
2016-11-01 16:00:00+00:00,0.0,0.0,25.25,73.84,2.63,TNP_0005,1,2016
2016-11-01 17:00:00+00:00,0.0,0.0,24.5,78.89,2.2,TNP_0005,1,2016
2016-11-01 18:00:00+00:00,0.0,0.0,23.86,83.55,1.83,TNP_0005,1,2016
2016-11-01 19:00:00+00:00,0.0,0.0,23.34,87.05,1.55,TNP_0005,1,2016
2016-11-01 20:00:00+00:00,0.0,0.0,22.9,89.95,1.37,TNP_0005,1,2016
2016-11-01 21:00:00+00:00,0.0,0.0,22.52,92.07,1.34,TNP_0005,1,2016
2016-11-01 22:00:00+00:00,0.0,0.0,22.19,93.53,1.38,TNP_0005,1,2016
2016-11-01 23:00:00+00:00,0.0,0.0,21.89,94.59,1.46,TNP_0005,1,2016
2016-11-02 00:00:00+00:00,3.3,3.58,21.65,95.4,1.52,TNP_0005,1,2016
2016-11-02 01:00:00+00:00,93.62,119.32,22.33,92.39,2.19,TNP_0005,1,2016
2016-11-02 02:00:00+00:00,278.2,347.23,24.0,83.68,2.99,TNP_0005,1,2016
2016-11-02 03:00:00+00:00,487.48,570.35,26.95,64.01,3.77,TNP_0005,1,2016
2016-11-02 04:00:00+00:00,543.58,747.4,29.66,50.96,4.16,TNP_0005,1,2016
2016-11-02 05:00:00+00:00,621.2,861.45,31.37,45.63,4.26,TNP_0005,1,2016
2016-11-02 06:00:00+00:00,610.92,898.15,31.94,44.16,4.32,TNP_0005,1,2016
2016-11-02 07:00:00+00:00,532.67,855.97,31.7,45.04,4.48,TNP_0005,1,2016
2016-11-02 08:00:00+00:00,346.88,740.5,31.13,47.03,4.63,TNP_0005,1,2016
2016-11-02 09:00:00+00:00,180.48,561.83,30.33,50.24,4.55,TNP_0005,1,2016
2016-11-02 10:00:00+00:00,96.7,340.8,29.41,54.48,4.24,TNP_0005,1,2016
2016-11-02 11:00:00+00:00,15.55,114.2,28.43,59.63,3.71,TNP_0005,1,2016
2016-11-02 12:00:00+00:00,1.55,3.15,26.85,70.36,2.15,TNP_0005,1,2016
2016-11-02 13:00:00+00:00,0.0,0.0,25.88,77.67,1.9,TNP_0005,1,2016
2016-11-02 14:00:00+00:00,0.0,0.0,25.33,81.56,1.87,TNP_0005,1,2016
2016-11-02 15:00:00+00:00,0.0,0.0,24.82,85.05,1.85,TNP_0005,1,2016
2016-11-02 16:00:00+00:00,0.0,0.0,24.31,88.24,1.8,TNP_0005,1,2016
2016-11-02 17:00:00+00:00,0.0,0.0,23.9,90.46,1.83,TNP_0005,1,2016
2016-11-02 18:00:00+00:00,0.0,0.0,23.55,92.49,1.67,TNP_0005,1,2016
2016-11-02 19:00:00+00:00,0.0,0.0,23.25,94.21,1.46,TNP_0005,1,2016
2016-11-02 20:00:00+00:00,0.0,0.0,22.99,95.36,1.34,TNP_0005,1,2016
2016-11-02 21:00:00+00:00,0.0,0.0,22.74,96.17,1.22,TNP_0005,1,2016
2016-11-02 22:00:00+00:00,0.0,0.0,22.51,96.69,1.21,TNP_0005,1,2016
2016-11-02 23:00:00+00:00,0.0,0.0,22.28,96.95,1.32,TNP_0005,1,2016
2016-11-03 00:00:00+00:00,2.28,3.42,22.1,97.18,1.41,TNP_0005,1,2016
2016-11-03 01:00:00+00:00,90.38,117.3,22.54,95.56,1.74,TNP_0005,1,2016
2016-11-03 02:00:00+00:00,276.33,349.1,23.54,90.4,2.46,TNP_0005,1,2016
2016-11-03 03:00:00+00:00,501.05,571.85,25.61,76.07,3.07,TNP_0005,1,2016
2016-11-03 04:00:00+00:00,633.95,749.0,29.05,53.85,3.66,TNP_0005,1,2016
2016-11-03 05:00:00+00:00,760.0,862.4,31.54,43.45,3.81,TNP_0005,1,2016
2016-11-03 06:00:00+00:00,801.08,900.12,33.23,38.5,3.74,TNP_0005,1,2016
2016-11-03 07:00:00+00:00,648.62,859.28,34.34,35.76,3.61,TNP_0005,1,2016
2016-11-03 08:00:00+00:00,562.0,746.3,34.74,34.71,3.39,TNP_0005,1,2016
2016-11-03 09:00:00+00:00,433.25,569.15,34.36,35.23,3.31,TNP_0005,1,2016
2016-11-03 10:00:00+00:00,255.32,347.12,33.25,37.6,3.55,TNP_0005,1,2016
2016-11-03 11:00:00+00:00,92.53,126.55,31.69,43.19,3.41,TNP_0005,1,2016
2016-11-03 12:00:00+00:00,0.0,0.0,29.25,54.78,2.79,TNP_0005,1,2016
2016-11-03 13:00:00+00:00,0.0,0.0,28.06,60.17,3.22,TNP_0005,1,2016
2016-11-03 14:00:00+00:00,0.0,0.0,27.2,65.56,2.92,TNP_0005,1,2016
2016-11-03 15:00:00+00:00,0.0,0.0,26.45,71.15,2.26,TNP_0005,1,2016
2016-11-03 16:00:00+00:00,0.0,0.0,25.88,75.86,1.66,TNP_0005,1,2016
2016-11-03 17:00:00+00:00,0.0,0.0,25.44,79.32,1.23,TNP_0005,1,2016
2016-11-03 18:00:00+00:00,0.0,0.0,25.05,81.43,1.03,TNP_0005,1,2016
2016-11-03 19:00:00+00:00,0.0,0.0,24.67,83.24,1.03,TNP_0005,1,2016
2016-11-03 20:00:00+00:00,0.0,0.0,24.33,84.78,1.05,TNP_0005,1,2016
2016-11-03 21:00:00+00:00,0.0,0.0,24.1,86.07,0.9,TNP_0005,1,2016
2016-11-03 22:00:00+00:00,0.0,0.0,23.89,87.0,0.87,TNP_0005,1,2016
2016-11-03 23:00:00+00:00,0.0,0.0,23.64,87.71,0.96,TNP_0005,1,2016
2016-11-04 00:00:00+00:00,2.9,3.08,23.37,88.08,1.05,TNP_0005,1,2016
2016-11-04 01:00:00+00:00,94.85,103.78,24.06,84.56,1.33,TNP_0005,1,2016
2016-11-04 02:00:00+00:00,275.62,314.48,26.65,69.9,1.4,TNP_0005,1,2016
2016-11-04 03:00:00+00:00,483.8,528.0,29.27,57.11,1.56,TNP_0005,1,2016
2016-11-04 04:00:00+00:00,616.55,700.5,31.38,48.42,1.64,TNP_0005,1,2016
2016-11-04 05:00:00+00:00,724.38,811.58,33.15,42.14,1.49,TNP_0005,1,2016
2016-11-04 06:00:00+00:00,621.6,847.62,34.54,37.76,1.2,TNP_0005,1,2016
2016-11-04 07:00:00+00:00,647.5,803.17,35.5,34.91,1.05,TNP_0005,1,2016
2016-11-04 08:00:00+00:00,493.92,681.55,35.89,33.42,1.31,TNP_0005,1,2016
2016-11-04 09:00:00+00:00,432.2,497.77,35.49,33.64,1.54,TNP_0005,1,2016
2016-11-04 10:00:00+00:00,226.8,284.55,34.46,35.65,1.93,TNP_0005,1,2016
2016-11-04 11:00:00+00:00,82.28,99.28,33.13,39.57,2.55,TNP_0005,1,2016
2016-11-04 12:00:00+00:00,0.0,0.0,30.74,51.92,2.42,TNP_0005,1,2016
2016-11-04 13:00:00+00:00,0.0,0.0,29.52,56.33,3.04,TNP_0005,1,2016
2016-11-04 14:00:00+00:00,0.0,0.0,28.74,60.58,3.43,TNP_0005,1,2016
2016-11-04 15:00:00+00:00,0.0,0.0,27.92,66.05,3.63,TNP_0005,1,2016
2016-11-04 16:00:00+00:00,0.0,0.0,27.15,71.13,3.96,TNP_0005,1,2016
2016-11-04 17:00:00+00:00,0.0,0.0,26.35,76.14,3.35,TNP_0005,1,2016
2016-11-04 18:00:00+00:00,0.0,0.0,25.76,79.61,2.69,TNP_0005,1,2016
2016-11-04 19:00:00+00:00,0.0,0.0,25.33,81.77,2.45,TNP_0005,1,2016
2016-11-04 20:00:00+00:00,0.0,0.0,24.92,83.59,2.19,TNP_0005,1,2016
2016-11-04 21:00:00+00:00,0.0,0.0,24.55,84.93,2.07,TNP_0005,1,2016
2016-11-04 22:00:00+00:00,0.0,0.0,24.25,85.51,2.0,TNP_0005,1,2016
2016-11-04 23:00:00+00:00,0.0,0.0,23.97,85.33,1.96,TNP_0005,1,2016
2016-11-05 00:00:00+00:00,2.92,2.92,23.67,84.37,1.88,TNP_0005,1,2016
2016-11-05 01:00:00+00:00,110.95,111.43,23.96,79.22,2.53,TNP_0005,1,2016
2016-11-05 02:00:00+00:00,307.7,308.75,25.79,63.16,3.53,TNP_0005,1,2016
2016-11-05 03:00:00+00:00,516.08,517.33,28.91,42.85,4.21,TNP_0005,1,2016
2016-11-05 04:00:00+00:00,677.15,677.47,31.88,31.41,4.05,TNP_0005,1,2016
2016-11-05 05:00:00+00:00,753.38,768.12,33.99,26.95,3.53,TNP_0005,1,2016
2016-11-05 06:00:00+00:00,833.58,866.15,35.47,24.85,2.98,TNP_0005,1,2016
2016-11-05 07:00:00+00:00,751.62,823.5,36.4,23.68,2.55,TNP_0005,1,2016
2016-11-05 08:00:00+00:00,633.42,701.47,36.79,23.3,2.22,TNP_0005,1,2016
2016-11-05 09:00:00+00:00,458.58,521.72,36.29,23.88,1.93,TNP_0005,1,2016
2016-11-05 10:00:00+00:00,241.32,304.67,35.49,24.79,1.52,TNP_0005,1,2016
2016-11-05 11:00:00+00:00,87.47,106.2,33.98,29.1,1.29,TNP_0005,1,2016
2016-11-05 12:00:00+00:00,0.0,0.0,30.98,45.34,1.64,TNP_0005,1,2016
2016-11-05 13:00:00+00:00,0.0,0.0,29.29,46.68,2.26,TNP_0005,1,2016
2016-11-05 14:00:00+00:00,0.0,0.0,28.54,46.59,2.54,TNP_0005,1,2016
2016-11-05 15:00:00+00:00,0.0,0.0,27.7,49.76,2.84,TNP_0005,1,2016
2016-11-05 16:00:00+00:00,0.0,0.0,26.95,55.23,2.9,TNP_0005,1,2016
2016-11-05 17:00:00+00:00,0.0,0.0,26.3,61.17,2.64,TNP_0005,1,2016
2016-11-05 18:00:00+00:00,0.0,0.0,25.74,66.65,2.14,TNP_0005,1,2016
2016-11-05 19:00:00+00:00,0.0,0.0,25.28,71.09,1.52,TNP_0005,1,2016
2016-11-05 20:00:00+00:00,0.0,0.0,24.86,74.64,1.09,TNP_0005,1,2016
2016-11-05 21:00:00+00:00,0.0,0.0,24.57,76.47,1.09,TNP_0005,1,2016
2016-11-05 22:00:00+00:00,0.0,0.0,24.28,77.6,1.12,TNP_0005,1,2016
2016-11-05 23:00:00+00:00,0.0,0.0,24.05,77.74,1.17,TNP_0005,1,2016
2016-11-06 00:00:00+00:00,0.0,0.0,23.8,77.41,1.22,TNP_0005,1,2016
2016-11-06 01:00:00+00:00,114.57,121.97,24.49,72.48,1.61,TNP_0005,1,2016
2016-11-06 02:00:00+00:00,308.08,339.52,26.89,59.32,2.24,TNP_0005,1,2016
2016-11-06 03:00:00+00:00,528.83,557.45,29.34,50.3,1.97,TNP_0005,1,2016
2016-11-06 04:00:00+00:00,681.55,737.8,31.32,44.5,1.5,TNP_0005,1,2016
2016-11-06 05:00:00+00:00,818.85,854.85,32.86,40.11,1.02,TNP_0005,1,2016
2016-11-06 06:00:00+00:00,744.55,839.67,34.28,36.13,0.63,TNP_0005,1,2016
2016-11-06 07:00:00+00:00,635.25,797.42,35.33,32.73,0.61,TNP_0005,1,2016
2016-11-06 08:00:00+00:00,475.23,674.83,35.79,30.57,0.83,TNP_0005,1,2016
2016-11-06 09:00:00+00:00,359.55,492.58,35.53,30.09,1.2,TNP_0005,1,2016
2016-11-06 10:00:00+00:00,217.82,280.33,34.65,31.31,1.8,TNP_0005,1,2016
2016-11-06 11:00:00+00:00,76.2,91.75,33.35,34.1,2.46,TNP_0005,1,2016
2016-11-06 12:00:00+00:00,0.0,0.0,30.94,44.47,2.19,TNP_0005,1,2016
2016-11-06 13:00:00+00:00,0.0,0.0,29.69,48.74,2.94,TNP_0005,1,2016
2016-11-06 14:00:00+00:00,0.0,0.0,28.78,52.88,2.98,TNP_0005,1,2016
2016-11-06 15:00:00+00:00,0.0,0.0,27.87,56.64,2.79,TNP_0005,1,2016
2016-11-06 16:00:00+00:00,0.0,0.0,26.61,61.51,2.63,TNP_0005,1,2016
2016-11-06 17:00:00+00:00,0.0,0.0,25.54,65.91,2.21,TNP_0005,1,2016
2016-11-06 18:00:00+00:00,0.0,0.0,24.69,69.41,1.89,TNP_0005,1,2016
2016-11-06 19:00:00+00:00,0.0,0.0,23.92,72.28,1.58,TNP_0005,1,2016
2016-11-06 20:00:00+00:00,0.0,0.0,23.18,74.77,1.44,TNP_0005,1,2016
2016-11-06 21:00:00+00:00,0.0,0.0,22.48,76.97,1.41,TNP_0005,1,2016
2016-11-06 22:00:00+00:00,0.0,0.0,21.87,78.95,1.36,TNP_0005,1,2016
2016-11-06 23:00:00+00:00,0.0,0.0,21.31,80.63,1.29,TNP_0005,1,2016
2016-11-07 00:00:00+00:00,0.0,0.0,20.83,82.1,1.17,TNP_0005,1,2016
2016-11-07 01:00:00+00:00,85.5,102.35,21.51,78.09,1.2,TNP_0005,1,2016
2016-11-07 02:00:00+00:00,219.65,295.27,24.5,60.78,1.02,TNP_0005,1,2016
2016-11-07 03:00:00+00:00,388.58,468.7,28.02,44.86,0.24,TNP_0005,1,2016
2016-11-07 04:00:00+00:00,575.42,641.85,30.81,36.62,0.7,TNP_0005,1,2016
2016-11-07 05:00:00+00:00,636.83,756.3,32.88,31.86,1.3,TNP_0005,1,2016
2016-11-07 06:00:00+00:00,731.7,794.55,34.35,28.62,1.68,TNP_0005,1,2016
2016-11-07 07:00:00+00:00,678.25,754.2,35.19,26.63,1.93,TNP_0005,1,2016
2016-11-07 08:00:00+00:00,518.55,635.65,35.59,25.46,2.17,TNP_0005,1,2016
2016-11-07 09:00:00+00:00,428.77,460.5,35.15,25.85,2.49,TNP_0005,1,2016
2016-11-07 10:00:00+00:00,253.52,269.58,34.26,27.23,2.97,TNP_0005,1,2016
2016-11-07 11:00:00+00:00,83.82,88.45,32.84,30.11,3.44,TNP_0005,1,2016
2016-11-07 12:00:00+00:00,0.0,0.0,30.46,38.0,2.7,TNP_0005,1,2016
2016-11-07 13:00:00+00:00,0.0,0.0,29.36,41.88,3.7,TNP_0005,1,2016
2016-11-07 14:00:00+00:00,0.0,0.0,28.47,46.3,4.59,TNP_0005,1,2016
2016-11-07 15:00:00+00:00,0.0,0.0,27.37,52.46,4.76,TNP_0005,1,2016
2016-11-07 16:00:00+00:00,0.0,0.0,26.29,58.95,4.27,TNP_0005,1,2016
2016-11-07 17:00:00+00:00,0.0,0.0,25.45,64.41,3.85,TNP_0005,1,2016
2016-11-07 18:00:00+00:00,0.0,0.0,24.69,69.51,3.02,TNP_0005,1,2016
2016-11-07 19:00:00+00:00,0.0,0.0,24.02,74.12,2.31,TNP_0005,1,2016
2016-11-07 20:00:00+00:00,0.0,0.0,23.41,78.24,1.39,TNP_0005,1,2016
2016-11-07 21:00:00+00:00,0.0,0.0,22.88,81.65,0.93,TNP_0005,1,2016
2016-11-07 22:00:00+00:00,0.0,0.0,22.53,83.99,0.79,TNP_0005,1,2016
2016-11-07 23:00:00+00:00,0.0,0.0,22.22,86.03,0.88,TNP_0005,1,2016
2016-11-08 00:00:00+00:00,0.0,0.0,21.88,88.3,1.09,TNP_0005,1,2016
2016-11-08 01:00:00+00:00,82.12,115.35,22.58,84.85,1.66,TNP_0005,1,2016
2016-11-08 02:00:00+00:00,219.57,327.2,25.2,70.07,2.71,TNP_0005,1,2016
2016-11-08 03:00:00+00:00,410.27,549.65,27.72,56.1,3.3,TNP_0005,1,2016
2016-11-08 04:00:00+00:00,609.33,732.6,29.87,47.06,3.34,TNP_0005,1,2016
2016-11-08 05:00:00+00:00,798.33,847.6,31.67,40.25,3.21,TNP_0005,1,2016
2016-11-08 06:00:00+00:00,698.62,830.03,32.9,35.41,2.93,TNP_0005,1,2016
2016-11-08 07:00:00+00:00,637.58,790.95,33.7,32.33,2.68,TNP_0005,1,2016
2016-11-08 08:00:00+00:00,575.03,675.05,34.14,30.59,2.54,TNP_0005,1,2016
2016-11-08 09:00:00+00:00,420.58,496.7,34.07,29.91,2.52,TNP_0005,1,2016
2016-11-08 10:00:00+00:00,232.77,281.75,33.28,30.8,2.62,TNP_0005,1,2016
2016-11-08 11:00:00+00:00,79.85,92.15,31.99,33.24,2.8,TNP_0005,1,2016
2016-11-08 12:00:00+00:00,0.0,0.0,29.68,41.47,2.09,TNP_0005,1,2016
2016-11-08 13:00:00+00:00,0.0,0.0,28.45,45.09,2.76,TNP_0005,1,2016
2016-11-08 14:00:00+00:00,0.0,0.0,27.84,48.06,3.95,TNP_0005,1,2016
2016-11-08 15:00:00+00:00,0.0,0.0,26.77,54.39,4.23,TNP_0005,1,2016
2016-11-08 16:00:00+00:00,0.0,0.0,25.72,61.32,4.24,TNP_0005,1,2016
2016-11-08 17:00:00+00:00,0.0,0.0,24.83,67.27,3.94,TNP_0005,1,2016
2016-11-08 18:00:00+00:00,0.0,0.0,24.03,72.31,3.18,TNP_0005,1,2016
2016-11-08 19:00:00+00:00,0.0,0.0,23.19,77.33,2.6,TNP_0005,1,2016
2016-11-08 20:00:00+00:00,0.0,0.0,22.37,82.19,2.16,TNP_0005,1,2016
2016-11-08 21:00:00+00:00,0.0,0.0,21.79,85.12,2.12,TNP_0005,1,2016
2016-11-08 22:00:00+00:00,0.0,0.0,21.27,87.45,2.12,TNP_0005,1,2016
2016-11-08 23:00:00+00:00,0.0,0.0,20.75,89.69,2.04,TNP_0005,1,2016
2016-11-09 00:00:00+00:00,0.0,0.0,20.26,91.39,1.97,TNP_0005,1,2016
2016-11-09 01:00:00+00:00,93.85,98.57,20.67,88.42,2.7,TNP_0005,1,2016
2016-11-09 02:00:00+00:00,266.02,295.4,23.21,71.22,3.8,TNP_0005,1,2016
2016-11-09 03:00:00+00:00,478.62,513.62,26.38,50.67,4.45,TNP_0005,1,2016
2016-11-09 04:00:00+00:00,660.62,695.55,29.04,38.04,4.33,TNP_0005,1,2016
2016-11-09 05:00:00+00:00,750.55,812.8,31.23,30.41,4.1,TNP_0005,1,2016
2016-11-09 06:00:00+00:00,802.47,869.72,32.69,26.14,3.91,TNP_0005,1,2016
2016-11-09 07:00:00+00:00,745.15,831.88,33.61,23.3,3.89,TNP_0005,1,2016
2016-11-09 08:00:00+00:00,614.53,717.38,34.2,21.11,3.93,TNP_0005,1,2016
2016-11-09 09:00:00+00:00,465.5,537.38,34.0,19.94,3.89,TNP_0005,1,2016
2016-11-09 10:00:00+00:00,250.4,314.5,33.26,19.5,3.86,TNP_0005,1,2016
2016-11-09 11:00:00+00:00,89.65,105.43,31.7,20.77,3.49,TNP_0005,1,2016
2016-11-09 12:00:00+00:00,0.0,0.0,27.29,30.75,2.71,TNP_0005,1,2016
2016-11-09 13:00:00+00:00,0.0,0.0,25.43,32.96,3.19,TNP_0005,1,2016
2016-11-09 14:00:00+00:00,0.0,0.0,24.49,34.59,3.66,TNP_0005,1,2016
2016-11-09 15:00:00+00:00,0.0,0.0,23.42,38.76,3.99,TNP_0005,1,2016
2016-11-09 16:00:00+00:00,0.0,0.0,22.32,44.96,3.74,TNP_0005,1,2016
2016-11-09 17:00:00+00:00,0.0,0.0,21.44,51.82,3.25,TNP_0005,1,2016
2016-11-09 18:00:00+00:00,0.0,0.0,20.64,59.78,2.61,TNP_0005,1,2016
2016-11-09 19:00:00+00:00,0.0,0.0,19.9,66.82,2.04,TNP_0005,1,2016
2016-11-09 20:00:00+00:00,0.0,0.0,19.38,71.31,1.89,TNP_0005,1,2016
2016-11-09 21:00:00+00:00,0.0,0.0,18.94,74.11,1.84,TNP_0005,1,2016
2016-11-09 22:00:00+00:00,0.0,0.0,18.54,75.64,1.84,TNP_0005,1,2016
2016-11-09 23:00:00+00:00,0.0,0.0,18.2,76.28,1.86,TNP_0005,1,2016
2016-11-10 00:00:00+00:00,0.0,0.0,17.89,76.56,1.9,TNP_0005,1,2016
2016-11-10 01:00:00+00:00,109.15,110.38,19.02,70.4,2.19,TNP_0005,1,2016
2016-11-10 02:00:00+00:00,296.15,298.35,22.4,56.56,2.38,TNP_0005,1,2016
2016-11-10 03:00:00+00:00,516.78,518.03,26.21,41.97,2.58,TNP_0005,1,2016
2016-11-10 04:00:00+00:00,697.2,697.42,29.08,32.73,2.66,TNP_0005,1,2016
2016-11-10 05:00:00+00:00,818.3,820.2,31.34,27.36,2.62,TNP_0005,1,2016
2016-11-10 06:00:00+00:00,859.08,859.15,32.94,24.15,2.53,TNP_0005,1,2016
2016-11-10 07:00:00+00:00,815.78,816.58,34.11,22.04,2.5,TNP_0005,1,2016
2016-11-10 08:00:00+00:00,692.53,693.03,34.73,20.87,2.57,TNP_0005,1,2016
2016-11-10 09:00:00+00:00,501.95,502.0,34.63,20.69,2.63,TNP_0005,1,2016
2016-11-10 10:00:00+00:00,313.02,313.52,33.98,21.15,2.73,TNP_0005,1,2016
2016-11-10 11:00:00+00:00,103.65,103.95,32.52,23.35,2.7,TNP_0005,1,2016
2016-11-10 12:00:00+00:00,0.0,0.0,28.27,34.4,2.53,TNP_0005,1,2016
2016-11-10 13:00:00+00:00,0.0,0.0,26.57,37.59,3.07,TNP_0005,1,2016
2016-11-10 14:00:00+00:00,0.0,0.0,25.67,41.57,3.51,TNP_0005,1,2016
2016-11-10 15:00:00+00:00,0.0,0.0,24.58,48.46,4.0,TNP_0005,1,2016
2016-11-10 16:00:00+00:00,0.0,0.0,23.38,57.49,3.97,TNP_0005,1,2016
2016-11-10 17:00:00+00:00,0.0,0.0,22.41,66.8,3.4,TNP_0005,1,2016
2016-11-10 18:00:00+00:00,0.0,0.0,21.67,75.0,2.51,TNP_0005,1,2016
2016-11-10 19:00:00+00:00,0.0,0.0,21.12,81.78,1.9,TNP_0005,1,2016
2016-11-10 20:00:00+00:00,0.0,0.0,20.61,87.14,1.5,TNP_0005,1,2016
2016-11-10 21:00:00+00:00,0.0,0.0,20.16,90.75,1.29,TNP_0005,1,2016
2016-11-10 22:00:00+00:00,0.0,0.0,19.79,93.07,1.22,TNP_0005,1,2016
2016-11-10 23:00:00+00:00,0.0,0.0,19.5,94.53,1.23,TNP_0005,1,2016
2016-11-11 00:00:00+00:00,0.0,0.0,19.25,95.46,1.32,TNP_0005,1,2016
2016-11-11 01:00:00+00:00,104.45,105.1,20.03,89.96,1.79,TNP_0005,1,2016
2016-11-11 02:00:00+00:00,283.52,284.27,22.95,72.02,1.43,TNP_0005,1,2016
2016-11-11 03:00:00+00:00,495.35,495.38,26.16,53.35,1.2,TNP_0005,1,2016
2016-11-11 04:00:00+00:00,671.38,671.45,29.03,40.97,1.25,TNP_0005,1,2016
2016-11-11 05:00:00+00:00,786.97,787.08,31.33,33.73,1.41,TNP_0005,1,2016
2016-11-11 06:00:00+00:00,825.72,836.55,33.04,29.29,1.64,TNP_0005,1,2016
2016-11-11 07:00:00+00:00,769.33,781.75,34.25,26.39,1.9,TNP_0005,1,2016
2016-11-11 08:00:00+00:00,623.4,633.25,34.87,24.83,2.18,TNP_0005,1,2016
2016-11-11 09:00:00+00:00,427.85,435.8,34.78,24.41,2.4,TNP_0005,1,2016
2016-11-11 10:00:00+00:00,246.05,251.4,34.14,25.0,2.62,TNP_0005,1,2016
2016-11-11 11:00:00+00:00,78.88,79.62,32.81,27.03,2.83,TNP_0005,1,2016
2016-11-11 12:00:00+00:00,0.0,0.0,29.12,37.18,2.41,TNP_0005,1,2016
2016-11-11 13:00:00+00:00,0.0,0.0,27.51,41.2,2.98,TNP_0005,1,2016
2016-11-11 14:00:00+00:00,0.0,0.0,26.8,45.11,3.69,TNP_0005,1,2016
2016-11-11 15:00:00+00:00,0.0,0.0,25.84,52.1,4.41,TNP_0005,1,2016
2016-11-11 16:00:00+00:00,0.0,0.0,24.69,61.44,4.28,TNP_0005,1,2016
2016-11-11 17:00:00+00:00,0.0,0.0,23.64,70.58,3.35,TNP_0005,1,2016
2016-11-11 18:00:00+00:00,0.0,0.0,22.9,78.17,2.58,TNP_0005,1,2016
2016-11-11 19:00:00+00:00,0.0,0.0,22.28,84.47,1.84,TNP_0005,1,2016
2016-11-11 20:00:00+00:00,0.0,0.0,21.9,88.23,1.44,TNP_0005,1,2016
2016-11-11 21:00:00+00:00,0.0,0.0,21.67,90.06,1.36,TNP_0005,1,2016
2016-11-11 22:00:00+00:00,0.0,0.0,21.48,90.89,1.17,TNP_0005,1,2016
2016-11-11 23:00:00+00:00,0.0,0.0,21.45,90.25,1.16,TNP_0005,1,2016
2016-11-12 00:00:00+00:00,0.0,0.0,21.33,90.19,1.22,TNP_0005,1,2016
2016-11-12 01:00:00+00:00,102.5,103.2,22.11,84.95,1.69,TNP_0005,1,2016
2016-11-12 02:00:00+00:00,281.15,282.65,24.33,71.44,2.11,TNP_0005,1,2016
2016-11-12 03:00:00+00:00,491.35,494.33,27.1,55.63,2.06,TNP_0005,1,2016
2016-11-12 04:00:00+00:00,671.15,671.35,29.91,42.4,2.13,TNP_0005,1,2016
2016-11-12 05:00:00+00:00,772.83,775.35,32.22,34.14,2.26,TNP_0005,1,2016
2016-11-12 06:00:00+00:00,808.38,820.62,33.81,29.51,2.41,TNP_0005,1,2016
2016-11-12 07:00:00+00:00,763.22,778.88,34.97,26.64,2.68,TNP_0005,1,2016
2016-11-12 08:00:00+00:00,654.92,666.25,35.53,25.15,3.05,TNP_0005,1,2016
2016-11-12 09:00:00+00:00,469.0,488.0,35.42,24.78,3.35,TNP_0005,1,2016
2016-11-12 10:00:00+00:00,265.5,274.85,34.72,25.5,3.62,TNP_0005,1,2016
2016-11-12 11:00:00+00:00,88.53,89.82,33.36,27.79,3.78,TNP_0005,1,2016
2016-11-12 12:00:00+00:00,0.0,0.0,29.97,36.27,2.71,TNP_0005,1,2016
2016-11-12 13:00:00+00:00,0.0,0.0,28.47,41.22,3.36,TNP_0005,1,2016
2016-11-12 14:00:00+00:00,0.0,0.0,27.79,46.37,4.33,TNP_0005,1,2016
2016-11-12 15:00:00+00:00,0.0,0.0,26.71,54.91,4.45,TNP_0005,1,2016
2016-11-12 16:00:00+00:00,0.0,0.0,25.58,65.22,4.14,TNP_0005,1,2016
2016-11-12 17:00:00+00:00,0.0,0.0,24.69,75.12,3.67,TNP_0005,1,2016
2016-11-12 18:00:00+00:00,0.0,0.0,24.04,82.36,3.01,TNP_0005,1,2016
2016-11-12 19:00:00+00:00,0.0,0.0,23.67,86.4,3.13,TNP_0005,1,2016
2016-11-12 20:00:00+00:00,0.0,0.0,23.52,87.57,2.86,TNP_0005,1,2016
2016-11-12 21:00:00+00:00,0.0,0.0,23.34,88.41,2.08,TNP_0005,1,2016
2016-11-12 22:00:00+00:00,0.0,0.0,23.11,89.3,1.48,TNP_0005,1,2016
2016-11-12 23:00:00+00:00,0.0,0.0,22.87,89.71,1.34,TNP_0005,1,2016
2016-11-13 00:00:00+00:00,0.0,0.0,22.63,90.15,1.33,TNP_0005,1,2016
2016-11-13 01:00:00+00:00,65.88,85.62,23.2,86.13,2.02,TNP_0005,1,2016
2016-11-13 02:00:00+00:00,177.88,267.55,25.23,73.23,2.84,TNP_0005,1,2016
2016-11-13 03:00:00+00:00,366.73,477.92,28.04,57.88,2.93,TNP_0005,1,2016
2016-11-13 04:00:00+00:00,497.48,651.72,30.76,46.39,2.81,TNP_0005,1,2016
2016-11-13 05:00:00+00:00,529.65,762.33,32.96,39.1,2.81,TNP_0005,1,2016
2016-11-13 06:00:00+00:00,496.92,860.3,34.4,35.46,3.03,TNP_0005,1,2016
2016-11-13 07:00:00+00:00,512.22,822.95,35.24,33.82,3.49,TNP_0005,1,2016
2016-11-13 08:00:00+00:00,466.62,707.33,35.4,33.76,4.0,TNP_0005,1,2016
2016-11-13 09:00:00+00:00,362.62,541.08,34.75,35.39,4.45,TNP_0005,1,2016
2016-11-13 10:00:00+00:00,218.2,329.08,33.44,38.84,4.93,TNP_0005,1,2016
2016-11-13 11:00:00+00:00,81.0,114.28,31.8,44.03,5.27,TNP_0005,1,2016
2016-11-13 12:00:00+00:00,0.0,0.0,29.7,52.42,4.58,TNP_0005,1,2016
2016-11-13 13:00:00+00:00,0.0,0.0,27.88,62.5,4.04,TNP_0005,1,2016
2016-11-13 14:00:00+00:00,0.0,0.0,26.68,70.51,3.97,TNP_0005,1,2016
2016-11-13 15:00:00+00:00,0.0,0.0,25.79,76.87,3.62,TNP_0005,1,2016
2016-11-13 16:00:00+00:00,0.0,0.0,25.08,82.13,3.14,TNP_0005,1,2016
2016-11-13 17:00:00+00:00,0.0,0.0,24.48,86.66,2.63,TNP_0005,1,2016
2016-11-13 18:00:00+00:00,0.0,0.0,23.98,90.25,2.34,TNP_0005,1,2016
2016-11-13 19:00:00+00:00,0.0,0.0,23.57,92.66,2.23,TNP_0005,1,2016
2016-11-13 20:00:00+00:00,0.0,0.0,23.27,94.03,2.31,TNP_0005,1,2016
2016-11-13 21:00:00+00:00,0.0,0.0,23.04,95.25,2.06,TNP_0005,1,2016
2016-11-13 22:00:00+00:00,0.0,0.0,22.79,96.38,1.73,TNP_0005,1,2016
2016-11-13 23:00:00+00:00,0.0,0.0,22.58,97.09,1.5,TNP_0005,1,2016
2016-11-14 00:00:00+00:00,0.0,0.0,22.35,97.73,1.44,TNP_0005,1,2016
2016-11-14 01:00:00+00:00,71.5,107.6,22.99,95.23,1.94,TNP_0005,1,2016
2016-11-14 02:00:00+00:00,206.88,321.65,24.53,87.5,3.07,TNP_0005,1,2016
2016-11-14 03:00:00+00:00,390.35,539.97,26.98,72.41,3.44,TNP_0005,1,2016
2016-11-14 04:00:00+00:00,496.9,708.88,30.26,54.58,3.57,TNP_0005,1,2016
2016-11-14 05:00:00+00:00,531.62,821.45,32.66,44.62,3.66,TNP_0005,1,2016
2016-11-14 06:00:00+00:00,618.75,873.67,34.29,38.88,3.76,TNP_0005,1,2016
2016-11-14 07:00:00+00:00,546.5,834.25,35.25,35.79,3.97,TNP_0005,1,2016
2016-11-14 08:00:00+00:00,435.6,722.25,35.53,34.51,4.23,TNP_0005,1,2016
2016-11-14 09:00:00+00:00,305.2,547.12,35.02,35.29,4.47,TNP_0005,1,2016
2016-11-14 10:00:00+00:00,183.68,331.83,33.89,37.78,4.71,TNP_0005,1,2016
2016-11-14 11:00:00+00:00,63.15,117.32,32.17,42.5,4.82,TNP_0005,1,2016
2016-11-14 12:00:00+00:00,0.0,0.0,29.95,50.45,3.77,TNP_0005,1,2016
2016-11-14 13:00:00+00:00,0.0,0.0,28.27,58.3,3.31,TNP_0005,1,2016
2016-11-14 14:00:00+00:00,0.0,0.0,27.23,64.32,3.27,TNP_0005,1,2016
2016-11-14 15:00:00+00:00,0.0,0.0,26.41,69.19,3.59,TNP_0005,1,2016
2016-11-14 16:00:00+00:00,0.0,0.0,25.63,74.07,3.4,TNP_0005,1,2016
2016-11-14 17:00:00+00:00,0.0,0.0,24.9,79.0,3.03,TNP_0005,1,2016
2016-11-14 18:00:00+00:00,0.0,0.0,24.26,83.63,2.63,TNP_0005,1,2016
2016-11-14 19:00:00+00:00,0.0,0.0,23.66,88.29,2.22,TNP_0005,1,2016
2016-11-14 20:00:00+00:00,0.0,0.0,23.29,91.09,2.06,TNP_0005,1,2016
2016-11-14 21:00:00+00:00,0.0,0.0,22.97,93.55,1.61,TNP_0005,1,2016
2016-11-14 22:00:00+00:00,0.0,0.0,22.64,95.67,1.29,TNP_0005,1,2016
2016-11-14 23:00:00+00:00,0.0,0.0,22.35,96.28,1.34,TNP_0005,1,2016
2016-11-15 00:00:00+00:00,0.0,0.0,22.1,96.61,1.42,TNP_0005,1,2016
2016-11-15 01:00:00+00:00,93.93,113.05,22.63,94.67,1.88,TNP_0005,1,2016
2016-11-15 02:00:00+00:00,272.08,330.0,23.71,89.65,2.84,TNP_0005,1,2016
2016-11-15 03:00:00+00:00,490.7,545.17,25.44,78.73,3.48,TNP_0005,1,2016
2016-11-15 04:00:00+00:00,585.53,721.5,28.07,61.5,3.88,TNP_0005,1,2016
2016-11-15 05:00:00+00:00,724.75,836.38,30.11,50.42,4.11,TNP_0005,1,2016
2016-11-15 06:00:00+00:00,804.75,876.45,31.46,43.88,4.33,TNP_0005,1,2016
2016-11-15 07:00:00+00:00,747.45,838.78,32.27,39.91,4.51,TNP_0005,1,2016
2016-11-15 08:00:00+00:00,646.08,725.15,32.5,38.15,4.63,TNP_0005,1,2016
2016-11-15 09:00:00+00:00,487.9,546.88,32.22,38.03,4.56,TNP_0005,1,2016
2016-11-15 10:00:00+00:00,276.15,328.15,31.54,39.15,4.41,TNP_0005,1,2016
2016-11-15 11:00:00+00:00,97.43,113.45,30.33,42.54,3.9,TNP_0005,1,2016
2016-11-15 12:00:00+00:00,0.0,0.0,27.26,57.25,2.4,TNP_0005,1,2016
2016-11-15 13:00:00+00:00,0.0,0.0,25.73,63.51,2.47,TNP_0005,1,2016
2016-11-15 14:00:00+00:00,0.0,0.0,24.93,66.88,2.47,TNP_0005,1,2016
2016-11-15 15:00:00+00:00,0.0,0.0,24.09,71.0,2.48,TNP_0005,1,2016
2016-11-15 16:00:00+00:00,0.0,0.0,23.29,75.76,2.42,TNP_0005,1,2016
2016-11-15 17:00:00+00:00,0.0,0.0,22.53,81.13,2.23,TNP_0005,1,2016
2016-11-15 18:00:00+00:00,0.0,0.0,21.9,86.15,2.03,TNP_0005,1,2016
2016-11-15 19:00:00+00:00,0.0,0.0,21.44,90.18,1.89,TNP_0005,1,2016
2016-11-15 20:00:00+00:00,0.0,0.0,21.12,93.45,1.83,TNP_0005,1,2016
2016-11-15 21:00:00+00:00,0.0,0.0,20.9,95.68,1.77,TNP_0005,1,2016
2016-11-15 22:00:00+00:00,0.0,0.0,20.74,97.2,1.73,TNP_0005,1,2016
2016-11-15 23:00:00+00:00,0.0,0.0,20.69,97.92,1.73,TNP_0005,1,2016
2016-11-16 00:00:00+00:00,0.0,0.0,20.78,97.7,1.72,TNP_0005,1,2016
2016-11-16 01:00:00+00:00,94.15,98.75,22.03,90.79,2.41,TNP_0005,1,2016
2016-11-16 02:00:00+00:00,274.88,306.73,24.9,75.57,3.66,TNP_0005,1,2016
2016-11-16 03:00:00+00:00,469.0,522.62,27.75,60.36,4.37,TNP_0005,1,2016
2016-11-16 04:00:00+00:00,620.17,701.03,30.4,48.36,4.9,TNP_0005,1,2016
2016-11-16 05:00:00+00:00,687.67,813.38,32.52,40.84,5.2,TNP_0005,1,2016
2016-11-16 06:00:00+00:00,727.88,847.55,34.11,36.41,5.42,TNP_0005,1,2016
2016-11-16 07:00:00+00:00,709.45,803.8,35.03,34.41,5.68,TNP_0005,1,2016
2016-11-16 08:00:00+00:00,599.62,706.75,35.18,34.14,6.06,TNP_0005,1,2016
2016-11-16 09:00:00+00:00,474.77,535.38,34.63,35.14,6.33,TNP_0005,1,2016
2016-11-16 10:00:00+00:00,263.55,320.33,33.47,37.61,6.55,TNP_0005,1,2016
2016-11-16 11:00:00+00:00,87.38,109.12,31.84,41.71,6.45,TNP_0005,1,2016
2016-11-16 12:00:00+00:00,0.0,0.0,29.62,49.0,5.08,TNP_0005,1,2016
2016-11-16 13:00:00+00:00,0.0,0.0,27.88,56.56,4.07,TNP_0005,1,2016
2016-11-16 14:00:00+00:00,0.0,0.0,26.77,62.45,3.51,TNP_0005,1,2016
2016-11-16 15:00:00+00:00,0.0,0.0,25.81,68.08,2.98,TNP_0005,1,2016
2016-11-16 16:00:00+00:00,0.0,0.0,25.04,72.75,2.79,TNP_0005,1,2016
2016-11-16 17:00:00+00:00,0.0,0.0,24.31,77.15,2.7,TNP_0005,1,2016
2016-11-16 18:00:00+00:00,0.0,0.0,23.71,80.76,2.81,TNP_0005,1,2016
2016-11-16 19:00:00+00:00,0.0,0.0,23.12,84.24,2.84,TNP_0005,1,2016
2016-11-16 20:00:00+00:00,0.0,0.0,22.75,86.33,3.09,TNP_0005,1,2016
2016-11-16 21:00:00+00:00,0.0,0.0,22.43,87.82,3.0,TNP_0005,1,2016
2016-11-16 22:00:00+00:00,0.0,0.0,22.14,89.15,2.71,TNP_0005,1,2016
2016-11-16 23:00:00+00:00,0.0,0.0,21.89,90.44,2.42,TNP_0005,1,2016
2016-11-17 00:00:00+00:00,0.0,0.0,21.9,90.44,2.36,TNP_0005,1,2016
2016-11-17 01:00:00+00:00,70.2,91.47,22.62,86.89,2.95,TNP_0005,1,2016
2016-11-17 02:00:00+00:00,194.7,290.48,24.46,77.67,4.33,TNP_0005,1,2016
2016-11-17 03:00:00+00:00,378.95,509.1,26.58,66.48,5.49,TNP_0005,1,2016
2016-11-17 04:00:00+00:00,558.53,691.42,28.62,56.12,5.97,TNP_0005,1,2016
2016-11-17 05:00:00+00:00,714.55,812.42,30.7,46.88,6.15,TNP_0005,1,2016
2016-11-17 06:00:00+00:00,646.8,809.7,32.49,40.22,6.23,TNP_0005,1,2016
2016-11-17 07:00:00+00:00,623.62,755.78,33.56,36.64,6.23,TNP_0005,1,2016
2016-11-17 08:00:00+00:00,495.1,639.15,33.95,35.11,6.2,TNP_0005,1,2016
2016-11-17 09:00:00+00:00,410.95,462.27,33.61,35.37,6.18,TNP_0005,1,2016
2016-11-17 10:00:00+00:00,235.98,266.6,32.69,37.09,6.2,TNP_0005,1,2016
2016-11-17 11:00:00+00:00,77.15,84.2,31.32,40.43,5.87,TNP_0005,1,2016
2016-11-17 12:00:00+00:00,0.0,0.0,29.02,47.79,4.3,TNP_0005,1,2016
2016-11-17 13:00:00+00:00,0.0,0.0,27.38,54.36,3.94,TNP_0005,1,2016
2016-11-17 14:00:00+00:00,0.0,0.0,26.27,59.49,3.81,TNP_0005,1,2016
2016-11-17 15:00:00+00:00,0.0,0.0,25.28,64.58,3.86,TNP_0005,1,2016
2016-11-17 16:00:00+00:00,0.0,0.0,24.53,68.95,3.78,TNP_0005,1,2016
2016-11-17 17:00:00+00:00,0.0,0.0,23.82,73.09,3.35,TNP_0005,1,2016
2016-11-17 18:00:00+00:00,0.0,0.0,23.15,76.77,2.93,TNP_0005,1,2016
2016-11-17 19:00:00+00:00,0.0,0.0,22.56,79.91,2.54,TNP_0005,1,2016
2016-11-17 20:00:00+00:00,0.0,0.0,22.08,82.51,2.47,TNP_0005,1,2016
2016-11-17 21:00:00+00:00,0.0,0.0,21.6,85.21,2.35,TNP_0005,1,2016
2016-11-17 22:00:00+00:00,0.0,0.0,21.12,87.92,2.23,TNP_0005,1,2016
2016-11-17 23:00:00+00:00,0.0,0.0,20.73,90.15,2.13,TNP_0005,1,2016
2016-11-18 00:00:00+00:00,0.0,0.0,20.44,91.71,2.02,TNP_0005,1,2016
2016-11-18 01:00:00+00:00,78.8,88.72,20.91,88.86,2.61,TNP_0005,1,2016
2016-11-18 02:00:00+00:00,248.95,296.08,22.92,76.3,3.96,TNP_0005,1,2016
2016-11-18 03:00:00+00:00,447.9,512.28,25.67,60.72,5.02,TNP_0005,1,2016
2016-11-18 04:00:00+00:00,632.58,701.47,28.21,50.07,5.39,TNP_0005,1,2016
2016-11-18 05:00:00+00:00,682.95,818.1,30.67,41.37,5.63,TNP_0005,1,2016
2016-11-18 06:00:00+00:00,766.45,825.88,32.53,35.32,5.7,TNP_0005,1,2016
2016-11-18 07:00:00+00:00,714.03,781.3,33.79,31.48,5.67,TNP_0005,1,2016
2016-11-18 08:00:00+00:00,583.8,662.55,34.43,29.35,5.6,TNP_0005,1,2016
2016-11-18 09:00:00+00:00,424.42,485.55,34.36,28.76,5.51,TNP_0005,1,2016
2016-11-18 10:00:00+00:00,229.07,275.52,33.63,29.47,5.44,TNP_0005,1,2016
2016-11-18 11:00:00+00:00,81.88,89.22,32.15,32.2,5.11,TNP_0005,1,2016
2016-11-18 12:00:00+00:00,0.0,0.0,28.64,42.49,3.19,TNP_0005,1,2016
2016-11-18 13:00:00+00:00,0.0,0.0,26.91,48.83,3.24,TNP_0005,1,2016
2016-11-18 14:00:00+00:00,0.0,0.0,26.27,52.4,3.82,TNP_0005,1,2016
2016-11-18 15:00:00+00:00,0.0,0.0,25.23,58.72,3.63,TNP_0005,1,2016
2016-11-18 16:00:00+00:00,0.0,0.0,24.26,65.46,3.37,TNP_0005,1,2016
2016-11-18 17:00:00+00:00,0.0,0.0,23.39,71.98,2.92,TNP_0005,1,2016
2016-11-18 18:00:00+00:00,0.0,0.0,22.48,78.3,2.36,TNP_0005,1,2016
2016-11-18 19:00:00+00:00,0.0,0.0,21.59,84.06,2.09,TNP_0005,1,2016
2016-11-18 20:00:00+00:00,0.0,0.0,20.92,88.27,1.98,TNP_0005,1,2016
2016-11-18 21:00:00+00:00,0.0,0.0,20.37,91.53,1.91,TNP_0005,1,2016
2016-11-18 22:00:00+00:00,0.0,0.0,19.81,94.67,1.85,TNP_0005,1,2016
2016-11-18 23:00:00+00:00,0.0,0.0,19.44,96.41,1.8,TNP_0005,1,2016
2016-11-19 00:00:00+00:00,0.0,0.0,19.31,96.43,1.77,TNP_0005,1,2016
2016-11-19 01:00:00+00:00,68.03,89.22,19.98,91.45,2.5,TNP_0005,1,2016
2016-11-19 02:00:00+00:00,195.07,293.52,22.27,77.79,3.41,TNP_0005,1,2016
2016-11-19 03:00:00+00:00,338.8,514.88,25.32,58.18,4.32,TNP_0005,1,2016
2016-11-19 04:00:00+00:00,442.4,695.65,27.95,42.39,4.93,TNP_0005,1,2016
2016-11-19 05:00:00+00:00,511.85,813.17,29.84,34.06,5.29,TNP_0005,1,2016
2016-11-19 06:00:00+00:00,631.35,802.28,31.11,30.37,5.44,TNP_0005,1,2016
2016-11-19 07:00:00+00:00,602.55,763.7,31.88,29.3,5.47,TNP_0005,1,2016
2016-11-19 08:00:00+00:00,463.65,654.12,32.37,29.4,5.39,TNP_0005,1,2016
2016-11-19 09:00:00+00:00,393.38,478.12,32.81,29.53,5.09,TNP_0005,1,2016
2016-11-19 10:00:00+00:00,233.95,270.73,32.51,30.56,4.75,TNP_0005,1,2016
2016-11-19 11:00:00+00:00,84.57,87.45,31.42,33.02,4.29,TNP_0005,1,2016
2016-11-19 12:00:00+00:00,0.0,0.0,27.71,44.66,2.72,TNP_0005,1,2016
2016-11-19 13:00:00+00:00,0.0,0.0,25.99,50.41,2.84,TNP_0005,1,2016
2016-11-19 14:00:00+00:00,0.0,0.0,25.19,53.78,2.88,TNP_0005,1,2016
2016-11-19 15:00:00+00:00,0.0,0.0,24.46,58.03,2.97,TNP_0005,1,2016
2016-11-19 16:00:00+00:00,0.0,0.0,23.71,63.41,2.97,TNP_0005,1,2016
2016-11-19 17:00:00+00:00,0.0,0.0,23.04,68.92,2.92,TNP_0005,1,2016
2016-11-19 18:00:00+00:00,0.0,0.0,22.45,73.96,2.61,TNP_0005,1,2016
2016-11-19 19:00:00+00:00,0.0,0.0,22.02,77.58,2.31,TNP_0005,1,2016
2016-11-19 20:00:00+00:00,0.0,0.0,21.61,80.58,2.11,TNP_0005,1,2016
2016-11-19 21:00:00+00:00,0.0,0.0,21.18,83.27,1.9,TNP_0005,1,2016
2016-11-19 22:00:00+00:00,0.0,0.0,20.74,85.69,1.73,TNP_0005,1,2016
2016-11-19 23:00:00+00:00,0.0,0.0,20.33,87.72,1.61,TNP_0005,1,2016
2016-11-20 00:00:00+00:00,0.0,0.0,19.96,89.49,1.57,TNP_0005,1,2016
2016-11-20 01:00:00+00:00,57.03,83.6,20.27,87.33,2.19,TNP_0005,1,2016
2016-11-20 02:00:00+00:00,176.4,282.45,21.88,78.81,3.3,TNP_0005,1,2016
2016-11-20 03:00:00+00:00,302.98,497.0,24.13,64.6,3.81,TNP_0005,1,2016
2016-11-20 04:00:00+00:00,377.67,674.53,26.68,48.84,4.05,TNP_0005,1,2016
2016-11-20 05:00:00+00:00,471.62,788.95,29.33,36.55,4.22,TNP_0005,1,2016
2016-11-20 06:00:00+00:00,591.33,848.42,31.5,29.06,4.37,TNP_0005,1,2016
2016-11-20 07:00:00+00:00,546.25,811.3,33.17,24.95,4.5,TNP_0005,1,2016
2016-11-20 08:00:00+00:00,424.17,700.62,34.04,23.36,4.56,TNP_0005,1,2016
2016-11-20 09:00:00+00:00,308.65,525.92,34.03,23.38,4.55,TNP_0005,1,2016
2016-11-20 10:00:00+00:00,176.07,311.35,33.33,24.64,4.52,TNP_0005,1,2016
2016-11-20 11:00:00+00:00,62.0,104.05,31.85,27.74,4.26,TNP_0005,1,2016
2016-11-20 12:00:00+00:00,0.0,0.0,27.76,39.69,2.77,TNP_0005,1,2016
2016-11-20 13:00:00+00:00,0.0,0.0,26.02,46.12,2.92,TNP_0005,1,2016
2016-11-20 14:00:00+00:00,0.0,0.0,25.27,50.73,3.02,TNP_0005,1,2016
2016-11-20 15:00:00+00:00,0.0,0.0,24.61,56.17,3.24,TNP_0005,1,2016
2016-11-20 16:00:00+00:00,0.0,0.0,23.89,62.52,3.19,TNP_0005,1,2016
2016-11-20 17:00:00+00:00,0.0,0.0,22.92,69.54,2.73,TNP_0005,1,2016
2016-11-20 18:00:00+00:00,0.0,0.0,22.1,75.43,2.45,TNP_0005,1,2016
2016-11-20 19:00:00+00:00,0.0,0.0,21.35,80.44,2.2,TNP_0005,1,2016
2016-11-20 20:00:00+00:00,0.0,0.0,20.65,84.68,2.0,TNP_0005,1,2016
2016-11-20 21:00:00+00:00,0.0,0.0,20.02,88.14,1.88,TNP_0005,1,2016
2016-11-20 22:00:00+00:00,0.0,0.0,19.38,91.18,1.87,TNP_0005,1,2016
2016-11-20 23:00:00+00:00,0.0,0.0,18.78,93.78,1.93,TNP_0005,1,2016
2016-11-21 00:00:00+00:00,0.0,0.0,18.27,95.73,1.97,TNP_0005,1,2016
2016-11-21 01:00:00+00:00,91.62,96.05,19.12,89.66,2.75,TNP_0005,1,2016
2016-11-21 02:00:00+00:00,297.23,310.17,22.5,71.8,3.68,TNP_0005,1,2016
2016-11-21 03:00:00+00:00,516.17,531.0,26.23,51.37,4.27,TNP_0005,1,2016
2016-11-21 04:00:00+00:00,702.05,710.47,28.83,40.17,4.39,TNP_0005,1,2016
2016-11-21 05:00:00+00:00,793.97,826.47,30.81,34.56,4.5,TNP_0005,1,2016
2016-11-21 06:00:00+00:00,830.92,845.28,32.18,32.1,4.59,TNP_0005,1,2016
2016-11-21 07:00:00+00:00,781.0,809.45,32.94,31.57,4.71,TNP_0005,1,2016
2016-11-21 08:00:00+00:00,666.22,699.62,33.11,32.09,4.83,TNP_0005,1,2016
2016-11-21 09:00:00+00:00,511.33,527.1,32.65,33.6,4.81,TNP_0005,1,2016
2016-11-21 10:00:00+00:00,295.1,312.95,31.83,35.62,4.76,TNP_0005,1,2016
2016-11-21 11:00:00+00:00,101.75,106.65,30.68,38.67,4.3,TNP_0005,1,2016
2016-11-21 12:00:00+00:00,0.0,0.0,28.14,46.74,2.84,TNP_0005,1,2016
2016-11-21 13:00:00+00:00,0.0,0.0,26.64,52.41,2.97,TNP_0005,1,2016
2016-11-21 14:00:00+00:00,0.0,0.0,25.74,57.19,3.16,TNP_0005,1,2016
2016-11-21 15:00:00+00:00,0.0,0.0,24.71,63.24,3.21,TNP_0005,1,2016
2016-11-21 16:00:00+00:00,0.0,0.0,23.7,69.88,2.97,TNP_0005,1,2016
2016-11-21 17:00:00+00:00,0.0,0.0,22.96,75.3,2.82,TNP_0005,1,2016
2016-11-21 18:00:00+00:00,0.0,0.0,22.27,80.08,2.51,TNP_0005,1,2016
2016-11-21 19:00:00+00:00,0.0,0.0,21.71,83.58,2.19,TNP_0005,1,2016
2016-11-21 20:00:00+00:00,0.0,0.0,21.26,85.92,1.8,TNP_0005,1,2016
2016-11-21 21:00:00+00:00,0.0,0.0,20.81,87.8,1.57,TNP_0005,1,2016
2016-11-21 22:00:00+00:00,0.0,0.0,20.35,89.49,1.51,TNP_0005,1,2016
2016-11-21 23:00:00+00:00,0.0,0.0,19.93,90.84,1.53,TNP_0005,1,2016
2016-11-22 00:00:00+00:00,0.0,0.0,19.55,91.85,1.6,TNP_0005,1,2016
2016-11-22 01:00:00+00:00,85.15,94.3,19.9,88.76,2.24,TNP_0005,1,2016
2016-11-22 02:00:00+00:00,273.45,309.1,21.57,77.52,3.14,TNP_0005,1,2016
2016-11-22 03:00:00+00:00,486.8,533.03,24.04,59.13,3.63,TNP_0005,1,2016
2016-11-22 04:00:00+00:00,676.97,713.67,26.67,42.81,3.7,TNP_0005,1,2016
2016-11-22 05:00:00+00:00,802.03,829.97,29.03,32.21,3.42,TNP_0005,1,2016
2016-11-22 06:00:00+00:00,835.08,851.67,30.87,26.34,2.96,TNP_0005,1,2016
2016-11-22 07:00:00+00:00,786.05,817.85,32.1,23.26,2.58,TNP_0005,1,2016
2016-11-22 08:00:00+00:00,686.67,709.35,32.79,21.57,2.35,TNP_0005,1,2016
2016-11-22 09:00:00+00:00,516.53,536.97,32.91,20.82,2.23,TNP_0005,1,2016
2016-11-22 10:00:00+00:00,296.42,321.2,32.52,20.99,2.28,TNP_0005,1,2016
2016-11-22 11:00:00+00:00,100.6,110.28,31.02,26.13,1.83,TNP_0005,1,2016
2016-11-22 12:00:00+00:00,0.0,0.0,27.45,36.15,2.0,TNP_0005,1,2016
2016-11-22 13:00:00+00:00,0.0,0.0,25.47,41.29,2.59,TNP_0005,1,2016
2016-11-22 14:00:00+00:00,0.0,0.0,24.13,48.53,3.1,TNP_0005,1,2016
2016-11-22 15:00:00+00:00,0.0,0.0,23.42,57.56,3.19,TNP_0005,1,2016
2016-11-22 16:00:00+00:00,0.0,0.0,22.94,68.39,3.38,TNP_0005,1,2016
2016-11-22 17:00:00+00:00,0.0,0.0,22.21,79.67,3.27,TNP_0005,1,2016
2016-11-22 18:00:00+00:00,0.0,0.0,21.44,88.42,2.9,TNP_0005,1,2016
2016-11-22 19:00:00+00:00,0.0,0.0,20.67,93.98,2.48,TNP_0005,1,2016
2016-11-22 20:00:00+00:00,0.0,0.0,20.11,96.32,2.38,TNP_0005,1,2016
2016-11-22 21:00:00+00:00,0.0,0.0,19.63,97.46,2.23,TNP_0005,1,2016
2016-11-22 22:00:00+00:00,0.0,0.0,19.09,98.79,2.1,TNP_0005,1,2016
2016-11-22 23:00:00+00:00,0.0,0.0,18.57,99.8,2.12,TNP_0005,1,2016
2016-11-23 00:00:00+00:00,0.0,0.0,17.98,100.0,2.19,TNP_0005,1,2016
2016-11-23 01:00:00+00:00,83.43,87.38,18.7,94.48,2.62,TNP_0005,1,2016
2016-11-23 02:00:00+00:00,287.98,299.58,21.65,74.47,3.5,TNP_0005,1,2016
2016-11-23 03:00:00+00:00,511.8,523.42,25.32,49.39,3.85,TNP_0005,1,2016
2016-11-23 04:00:00+00:00,693.6,705.67,28.93,31.35,4.27,TNP_0005,1,2016
2016-11-23 05:00:00+00:00,792.42,824.38,31.71,22.79,4.44,TNP_0005,1,2016
2016-11-23 06:00:00+00:00,847.17,864.62,33.68,18.44,4.6,TNP_0005,1,2016
2016-11-23 07:00:00+00:00,800.03,830.75,34.88,16.08,4.86,TNP_0005,1,2016
2016-11-23 08:00:00+00:00,638.8,721.47,35.35,15.06,5.16,TNP_0005,1,2016
2016-11-23 09:00:00+00:00,497.45,547.45,35.04,15.01,5.23,TNP_0005,1,2016
2016-11-23 10:00:00+00:00,299.73,329.17,34.05,15.92,5.09,TNP_0005,1,2016
2016-11-23 11:00:00+00:00,103.75,113.97,32.17,18.57,4.44,TNP_0005,1,2016
2016-11-23 12:00:00+00:00,0.0,0.0,27.4,28.79,3.07,TNP_0005,1,2016
2016-11-23 13:00:00+00:00,0.0,0.0,25.59,35.19,3.54,TNP_0005,1,2016
2016-11-23 14:00:00+00:00,0.0,0.0,24.71,42.31,4.09,TNP_0005,1,2016
2016-11-23 15:00:00+00:00,0.0,0.0,23.51,52.25,4.05,TNP_0005,1,2016
2016-11-23 16:00:00+00:00,0.0,0.0,22.26,62.94,3.49,TNP_0005,1,2016
2016-11-23 17:00:00+00:00,0.0,0.0,21.11,72.7,2.81,TNP_0005,1,2016
2016-11-23 18:00:00+00:00,0.0,0.0,20.15,80.72,2.37,TNP_0005,1,2016
2016-11-23 19:00:00+00:00,0.0,0.0,19.34,86.85,2.09,TNP_0005,1,2016
2016-11-23 20:00:00+00:00,0.0,0.0,18.65,91.36,1.96,TNP_0005,1,2016
2016-11-23 21:00:00+00:00,0.0,0.0,18.05,94.76,1.9,TNP_0005,1,2016
2016-11-23 22:00:00+00:00,0.0,0.0,17.52,97.3,1.91,TNP_0005,1,2016
2016-11-23 23:00:00+00:00,0.0,0.0,17.04,99.16,1.98,TNP_0005,1,2016
2016-11-24 00:00:00+00:00,0.0,0.0,16.55,100.0,2.05,TNP_0005,1,2016
2016-11-24 01:00:00+00:00,86.38,87.53,17.45,94.03,2.54,TNP_0005,1,2016
2016-11-24 02:00:00+00:00,294.42,300.38,20.76,74.58,3.35,TNP_0005,1,2016
2016-11-24 03:00:00+00:00,517.78,524.33,24.27,53.03,3.65,TNP_0005,1,2016
2016-11-24 04:00:00+00:00,702.53,706.65,27.63,35.77,3.81,TNP_0005,1,2016
2016-11-24 05:00:00+00:00,827.25,827.7,30.62,24.34,3.87,TNP_0005,1,2016
2016-11-24 06:00:00+00:00,839.28,839.72,32.84,17.88,3.94,TNP_0005,1,2016
2016-11-24 07:00:00+00:00,803.12,806.35,34.25,14.48,4.14,TNP_0005,1,2016
2016-11-24 08:00:00+00:00,697.9,698.25,34.95,12.88,4.43,TNP_0005,1,2016
2016-11-24 09:00:00+00:00,523.0,523.2,34.76,12.7,4.62,TNP_0005,1,2016
2016-11-24 10:00:00+00:00,307.17,307.92,33.87,13.67,4.77,TNP_0005,1,2016
2016-11-24 11:00:00+00:00,112.03,112.65,32.01,16.59,4.35,TNP_0005,1,2016
2016-11-24 12:00:00+00:00,0.0,0.0,26.78,27.7,3.1,TNP_0005,1,2016
2016-11-24 13:00:00+00:00,0.0,0.0,24.99,35.24,3.49,TNP_0005,1,2016
2016-11-24 14:00:00+00:00,0.0,0.0,24.27,43.39,3.95,TNP_0005,1,2016
2016-11-24 15:00:00+00:00,0.0,0.0,23.28,54.02,3.93,TNP_0005,1,2016
2016-11-24 16:00:00+00:00,0.0,0.0,22.06,64.79,3.18,TNP_0005,1,2016
2016-11-24 17:00:00+00:00,0.0,0.0,21.04,73.6,2.65,TNP_0005,1,2016
2016-11-24 18:00:00+00:00,0.0,0.0,20.15,80.86,2.35,TNP_0005,1,2016
2016-11-24 19:00:00+00:00,0.0,0.0,19.35,86.72,2.16,TNP_0005,1,2016
2016-11-24 20:00:00+00:00,0.0,0.0,18.63,91.38,2.07,TNP_0005,1,2016
2016-11-24 21:00:00+00:00,0.0,0.0,18.03,94.55,2.04,TNP_0005,1,2016
2016-11-24 22:00:00+00:00,0.0,0.0,17.45,97.07,2.06,TNP_0005,1,2016
2016-11-24 23:00:00+00:00,0.0,0.0,16.87,99.22,2.09,TNP_0005,1,2016
2016-11-25 00:00:00+00:00,0.0,0.0,16.29,100.0,2.12,TNP_0005,1,2016
2016-11-25 01:00:00+00:00,96.1,97.15,17.09,94.1,2.49,TNP_0005,1,2016
2016-11-25 02:00:00+00:00,307.25,309.85,20.37,73.86,3.47,TNP_0005,1,2016
2016-11-25 03:00:00+00:00,529.92,532.5,24.56,46.67,4.42,TNP_0005,1,2016
2016-11-25 04:00:00+00:00,709.42,714.3,28.0,30.07,4.52,TNP_0005,1,2016
2016-11-25 05:00:00+00:00,804.45,832.05,30.71,22.49,4.35,TNP_0005,1,2016
2016-11-25 06:00:00+00:00,848.28,850.65,32.82,18.96,4.24,TNP_0005,1,2016
2016-11-25 07:00:00+00:00,818.03,819.47,34.22,17.53,4.24,TNP_0005,1,2016
2016-11-25 08:00:00+00:00,711.75,712.15,34.9,17.42,4.3,TNP_0005,1,2016
2016-11-25 09:00:00+00:00,537.03,538.47,34.83,18.19,4.21,TNP_0005,1,2016
2016-11-25 10:00:00+00:00,319.23,323.9,34.05,19.78,4.07,TNP_0005,1,2016
2016-11-25 11:00:00+00:00,110.0,112.2,32.42,22.79,3.73,TNP_0005,1,2016
2016-11-25 12:00:00+00:00,0.0,0.0,27.56,34.15,2.74,TNP_0005,1,2016
2016-11-25 13:00:00+00:00,0.0,0.0,25.74,40.48,3.14,TNP_0005,1,2016
2016-11-25 14:00:00+00:00,0.0,0.0,24.93,46.7,3.45,TNP_0005,1,2016
2016-11-25 15:00:00+00:00,0.0,0.0,23.95,54.98,3.78,TNP_0005,1,2016
2016-11-25 16:00:00+00:00,0.0,0.0,22.81,64.37,3.56,TNP_0005,1,2016
2016-11-25 17:00:00+00:00,0.0,0.0,21.66,73.38,2.95,TNP_0005,1,2016
2016-11-25 18:00:00+00:00,0.0,0.0,20.65,80.9,2.34,TNP_0005,1,2016
2016-11-25 19:00:00+00:00,0.0,0.0,19.79,86.62,1.98,TNP_0005,1,2016
2016-11-25 20:00:00+00:00,0.0,0.0,19.16,90.25,1.88,TNP_0005,1,2016
2016-11-25 21:00:00+00:00,0.0,0.0,18.59,92.85,1.84,TNP_0005,1,2016
2016-11-25 22:00:00+00:00,0.0,0.0,18.07,94.45,1.87,TNP_0005,1,2016
2016-11-25 23:00:00+00:00,0.0,0.0,17.55,95.49,1.96,TNP_0005,1,2016
2016-11-26 00:00:00+00:00,0.0,0.0,17.0,96.24,2.03,TNP_0005,1,2016
2016-11-26 01:00:00+00:00,85.45,89.93,17.91,88.31,2.34,TNP_0005,1,2016
2016-11-26 02:00:00+00:00,298.0,307.08,21.2,70.94,2.51,TNP_0005,1,2016
2016-11-26 03:00:00+00:00,527.6,529.95,25.53,49.72,2.02,TNP_0005,1,2016
2016-11-26 04:00:00+00:00,710.72,711.33,29.26,33.77,2.09,TNP_0005,1,2016
2016-11-26 05:00:00+00:00,777.8,829.0,31.99,24.23,2.38,TNP_0005,1,2016
2016-11-26 06:00:00+00:00,826.1,828.4,34.0,18.16,2.69,TNP_0005,1,2016
2016-11-26 07:00:00+00:00,778.1,797.92,35.36,14.71,3.01,TNP_0005,1,2016
2016-11-26 08:00:00+00:00,649.35,692.05,36.02,12.91,3.37,TNP_0005,1,2016
2016-11-26 09:00:00+00:00,494.17,522.33,35.94,12.3,3.64,TNP_0005,1,2016
2016-11-26 10:00:00+00:00,295.83,309.85,35.07,12.74,3.91,TNP_0005,1,2016
2016-11-26 11:00:00+00:00,104.32,106.47,33.13,14.73,3.66,TNP_0005,1,2016
2016-11-26 12:00:00+00:00,0.0,0.0,27.69,23.6,3.11,TNP_0005,1,2016
2016-11-26 13:00:00+00:00,0.0,0.0,25.8,28.56,3.65,TNP_0005,1,2016
2016-11-26 14:00:00+00:00,0.0,0.0,24.86,36.09,4.16,TNP_0005,1,2016
2016-11-26 15:00:00+00:00,0.0,0.0,23.44,47.84,3.78,TNP_0005,1,2016
2016-11-26 16:00:00+00:00,0.0,0.0,21.97,60.95,2.92,TNP_0005,1,2016
2016-11-26 17:00:00+00:00,0.0,0.0,20.77,72.84,2.31,TNP_0005,1,2016
2016-11-26 18:00:00+00:00,0.0,0.0,19.78,81.68,2.0,TNP_0005,1,2016
2016-11-26 19:00:00+00:00,0.0,0.0,19.16,86.44,1.61,TNP_0005,1,2016
2016-11-26 20:00:00+00:00,0.0,0.0,18.92,87.7,1.1,TNP_0005,1,2016
2016-11-26 21:00:00+00:00,0.0,0.0,18.45,88.91,1.14,TNP_0005,1,2016
2016-11-26 22:00:00+00:00,0.0,0.0,17.76,90.06,1.51,TNP_0005,1,2016
2016-11-26 23:00:00+00:00,0.0,0.0,17.34,88.87,1.76,TNP_0005,1,2016
2016-11-27 00:00:00+00:00,0.0,0.0,16.99,86.46,1.96,TNP_0005,1,2016
2016-11-27 01:00:00+00:00,81.15,88.57,17.97,76.83,2.28,TNP_0005,1,2016
2016-11-27 02:00:00+00:00,275.95,307.7,21.45,61.88,3.19,TNP_0005,1,2016
2016-11-27 03:00:00+00:00,490.4,532.55,25.48,45.78,3.18,TNP_0005,1,2016
2016-11-27 04:00:00+00:00,673.95,716.03,29.28,31.44,3.52,TNP_0005,1,2016
2016-11-27 05:00:00+00:00,757.3,837.17,32.25,22.48,3.5,TNP_0005,1,2016
2016-11-27 06:00:00+00:00,797.17,839.38,34.59,16.61,3.34,TNP_0005,1,2016
2016-11-27 07:00:00+00:00,749.47,807.38,36.17,13.12,3.33,TNP_0005,1,2016
2016-11-27 08:00:00+00:00,620.72,699.47,36.83,11.34,3.54,TNP_0005,1,2016
2016-11-27 09:00:00+00:00,483.25,528.08,36.58,10.58,3.98,TNP_0005,1,2016
2016-11-27 10:00:00+00:00,285.6,313.67,35.44,10.78,4.41,TNP_0005,1,2016
2016-11-27 11:00:00+00:00,102.4,108.28,32.65,13.83,3.36,TNP_0005,1,2016
2016-11-27 12:00:00+00:00,0.0,0.0,28.37,19.77,3.22,TNP_0005,1,2016
2016-11-27 13:00:00+00:00,0.0,0.0,26.77,23.95,3.85,TNP_0005,1,2016
2016-11-27 14:00:00+00:00,0.0,0.0,25.02,32.2,3.97,TNP_0005,1,2016
2016-11-27 15:00:00+00:00,0.0,0.0,22.85,44.32,3.08,TNP_0005,1,2016
2016-11-27 16:00:00+00:00,0.0,0.0,21.4,56.17,2.37,TNP_0005,1,2016
2016-11-27 17:00:00+00:00,0.0,0.0,20.46,65.95,1.87,TNP_0005,1,2016
2016-11-27 18:00:00+00:00,0.0,0.0,20.09,71.27,1.4,TNP_0005,1,2016
2016-11-27 19:00:00+00:00,0.0,0.0,20.11,72.32,0.79,TNP_0005,1,2016
2016-11-27 20:00:00+00:00,0.0,0.0,19.59,73.62,0.87,TNP_0005,1,2016
2016-11-27 21:00:00+00:00,0.0,0.0,18.93,73.93,1.34,TNP_0005,1,2016
2016-11-27 22:00:00+00:00,0.0,0.0,18.51,72.42,1.6,TNP_0005,1,2016
2016-11-27 23:00:00+00:00,0.0,0.0,18.28,69.83,1.71,TNP_0005,1,2016
2016-11-28 00:00:00+00:00,0.0,0.0,18.14,67.37,1.74,TNP_0005,1,2016
2016-11-28 01:00:00+00:00,81.68,90.9,18.85,61.92,1.63,TNP_0005,1,2016
2016-11-28 02:00:00+00:00,279.55,313.45,22.05,56.02,1.81,TNP_0005,1,2016
2016-11-28 03:00:00+00:00,500.85,539.28,25.54,46.38,1.69,TNP_0005,1,2016
2016-11-28 04:00:00+00:00,709.55,721.62,29.24,31.59,2.53,TNP_0005,1,2016
2016-11-28 05:00:00+00:00,798.5,841.58,32.19,22.33,2.92,TNP_0005,1,2016
2016-11-28 06:00:00+00:00,775.83,852.38,34.45,16.54,3.06,TNP_0005,1,2016
2016-11-28 07:00:00+00:00,687.95,822.67,35.95,13.29,3.22,TNP_0005,1,2016
2016-11-28 08:00:00+00:00,598.65,717.38,36.62,11.73,3.4,TNP_0005,1,2016
2016-11-28 09:00:00+00:00,382.15,546.95,36.44,11.28,3.53,TNP_0005,1,2016
2016-11-28 10:00:00+00:00,227.1,329.48,35.39,11.76,3.77,TNP_0005,1,2016
2016-11-28 11:00:00+00:00,99.3,116.9,32.86,14.85,2.96,TNP_0005,1,2016
2016-11-28 12:00:00+00:00,0.0,0.0,28.33,22.16,3.05,TNP_0005,1,2016
2016-11-28 13:00:00+00:00,0.0,0.0,26.73,27.25,3.56,TNP_0005,1,2016
2016-11-28 14:00:00+00:00,0.0,0.0,25.08,35.66,3.71,TNP_0005,1,2016
2016-11-28 15:00:00+00:00,0.0,0.0,23.17,46.77,3.22,TNP_0005,1,2016
2016-11-28 16:00:00+00:00,0.0,0.0,21.65,57.43,2.44,TNP_0005,1,2016
2016-11-28 17:00:00+00:00,0.0,0.0,20.62,66.28,1.96,TNP_0005,1,2016
2016-11-28 18:00:00+00:00,0.0,0.0,19.98,72.45,1.66,TNP_0005,1,2016
2016-11-28 19:00:00+00:00,0.0,0.0,19.57,76.12,1.42,TNP_0005,1,2016
2016-11-28 20:00:00+00:00,0.0,0.0,19.08,78.79,1.48,TNP_0005,1,2016
2016-11-28 21:00:00+00:00,0.0,0.0,18.58,80.32,1.62,TNP_0005,1,2016
2016-11-28 22:00:00+00:00,0.0,0.0,18.17,81.01,1.75,TNP_0005,1,2016
2016-11-28 23:00:00+00:00,0.0,0.0,17.95,80.53,1.84,TNP_0005,1,2016
2016-11-29 00:00:00+00:00,0.0,0.0,17.77,79.68,1.93,TNP_0005,1,2016
2016-11-29 01:00:00+00:00,49.35,85.93,18.71,73.38,1.94,TNP_0005,1,2016
2016-11-29 02:00:00+00:00,163.85,303.65,21.49,62.25,2.49,TNP_0005,1,2016
2016-11-29 03:00:00+00:00,292.65,526.03,25.35,47.66,2.01,TNP_0005,1,2016
2016-11-29 04:00:00+00:00,387.88,706.12,29.04,33.5,2.22,TNP_0005,1,2016
2016-11-29 05:00:00+00:00,515.72,824.95,31.99,24.57,2.6,TNP_0005,1,2016
2016-11-29 06:00:00+00:00,553.42,834.47,34.11,18.91,2.7,TNP_0005,1,2016
2016-11-29 07:00:00+00:00,452.95,803.03,35.54,15.27,2.69,TNP_0005,1,2016
2016-11-29 08:00:00+00:00,483.17,697.08,36.25,13.09,2.86,TNP_0005,1,2016
2016-11-29 09:00:00+00:00,413.27,523.75,35.82,12.34,3.29,TNP_0005,1,2016
2016-11-29 10:00:00+00:00,248.23,310.62,34.75,12.47,3.84,TNP_0005,1,2016
2016-11-29 11:00:00+00:00,95.25,107.9,32.35,15.14,3.12,TNP_0005,1,2016
2016-11-29 12:00:00+00:00,0.0,0.0,28.09,21.02,3.06,TNP_0005,1,2016
2016-11-29 13:00:00+00:00,0.0,0.0,26.46,24.69,3.45,TNP_0005,1,2016
2016-11-29 14:00:00+00:00,0.0,0.0,25.36,30.09,3.52,TNP_0005,1,2016
2016-11-29 15:00:00+00:00,0.0,0.0,23.95,38.47,3.18,TNP_0005,1,2016
2016-11-29 16:00:00+00:00,0.0,0.0,22.69,48.06,2.63,TNP_0005,1,2016
2016-11-29 17:00:00+00:00,0.0,0.0,21.22,58.97,2.02,TNP_0005,1,2016
2016-11-29 18:00:00+00:00,0.0,0.0,20.56,66.84,1.71,TNP_0005,1,2016
2016-11-29 19:00:00+00:00,0.0,0.0,20.22,72.54,1.37,TNP_0005,1,2016
2016-11-29 20:00:00+00:00,0.0,0.0,20.09,75.92,0.92,TNP_0005,1,2016
2016-11-29 21:00:00+00:00,0.0,0.0,20.13,77.02,0.3,TNP_0005,1,2016
2016-11-29 22:00:00+00:00,0.0,0.0,19.63,79.25,0.7,TNP_0005,1,2016
2016-11-29 23:00:00+00:00,0.0,0.0,19.05,80.66,1.17,TNP_0005,1,2016
2016-11-30 00:00:00+00:00,0.0,0.0,18.69,80.35,1.38,TNP_0005,1,2016
2016-11-30 01:00:00+00:00,56.03,78.72,19.15,76.06,1.45,TNP_0005,1,2016
2016-11-30 02:00:00+00:00,193.12,290.67,21.1,71.13,2.12,TNP_0005,1,2016
2016-11-30 03:00:00+00:00,334.75,510.25,23.21,62.96,2.52,TNP_0005,1,2016
2016-11-30 04:00:00+00:00,477.65,692.05,25.42,49.97,3.18,TNP_0005,1,2016
2016-11-30 05:00:00+00:00,558.8,811.67,27.44,39.52,3.68,TNP_0005,1,2016
2016-11-30 06:00:00+00:00,646.55,835.88,29.06,32.07,3.8,TNP_0005,1,2016
2016-11-30 07:00:00+00:00,578.78,803.7,30.2,26.95,3.86,TNP_0005,1,2016
2016-11-30 08:00:00+00:00,532.9,698.35,30.89,23.83,4.06,TNP_0005,1,2016
2016-11-30 09:00:00+00:00,417.1,528.1,31.08,22.45,4.25,TNP_0005,1,2016
2016-11-30 10:00:00+00:00,230.4,316.17,30.67,22.76,4.21,TNP_0005,1,2016
2016-11-30 11:00:00+00:00,79.47,110.18,28.87,26.66,2.65,TNP_0005,1,2016
2016-11-30 12:00:00+00:00,0.0,0.0,25.64,34.22,2.63,TNP_0005,1,2016
2016-11-30 13:00:00+00:00,0.0,0.0,24.75,37.76,2.78,TNP_0005,1,2016
2016-11-30 14:00:00+00:00,0.0,0.0,24.28,41.54,2.78,TNP_0005,1,2016
2016-11-30 15:00:00+00:00,0.0,0.0,23.69,46.34,2.63,TNP_0005,1,2016
2016-11-30 16:00:00+00:00,0.0,0.0,22.94,51.42,2.33,TNP_0005,1,2016
2016-11-30 17:00:00+00:00,0.0,0.0,22.34,55.21,2.13,TNP_0005,1,2016
2016-11-30 18:00:00+00:00,0.0,0.0,21.87,57.55,2.01,TNP_0005,1,2016
2016-11-30 19:00:00+00:00,0.0,0.0,21.38,59.01,2.01,TNP_0005,1,2016
2016-11-30 20:00:00+00:00,0.0,0.0,20.78,60.05,2.09,TNP_0005,1,2016
2016-11-30 21:00:00+00:00,0.0,0.0,20.13,60.97,2.18,TNP_0005,1,2016
2016-11-30 22:00:00+00:00,0.0,0.0,19.62,61.36,2.28,TNP_0005,1,2016
2016-11-30 23:00:00+00:00,0.0,0.0,19.26,61.24,2.4,TNP_0005,1,2016
2016-12-01 00:00:00+00:00,0.0,0.0,18.91,61.72,2.49,TNP_0005,1,2016
2016-12-01 01:00:00+00:00,26.45,72.6,19.58,61.08,2.79,TNP_0005,1,2016
2016-12-01 02:00:00+00:00,59.42,272.05,21.94,54.56,3.74,TNP_0005,1,2016
2016-12-01 03:00:00+00:00,101.25,478.8,25.1,42.92,4.31,TNP_0005,1,2016
2016-12-01 04:00:00+00:00,120.1,641.45,27.45,32.85,5.01,TNP_0005,1,2016
2016-12-01 05:00:00+00:00,188.85,744.28,29.06,28.66,5.19,TNP_0005,1,2016
2016-12-01 06:00:00+00:00,343.08,786.83,30.08,29.78,5.26,TNP_0005,1,2016
2016-12-01 07:00:00+00:00,289.4,761.97,30.3,33.12,5.37,TNP_0005,1,2016
2016-12-01 08:00:00+00:00,212.93,664.0,30.19,36.31,5.67,TNP_0005,1,2016
2016-12-01 09:00:00+00:00,152.6,504.62,29.93,38.9,6.12,TNP_0005,1,2016
2016-12-01 10:00:00+00:00,87.57,301.65,29.07,42.12,6.39,TNP_0005,1,2016
2016-12-01 11:00:00+00:00,27.3,104.75,27.6,47.08,5.81,TNP_0005,1,2016
2016-12-01 12:00:00+00:00,0.0,0.0,25.53,55.06,3.94,TNP_0005,1,2016
2016-12-01 13:00:00+00:00,0.0,0.0,24.3,60.68,3.25,TNP_0005,1,2016
2016-12-01 14:00:00+00:00,0.0,0.0,23.64,63.41,2.9,TNP_0005,1,2016
2016-12-01 15:00:00+00:00,0.0,0.0,23.11,65.56,3.26,TNP_0005,1,2016
2016-12-01 16:00:00+00:00,0.0,0.0,22.69,66.8,4.51,TNP_0005,1,2016
2016-12-01 17:00:00+00:00,0.0,0.0,22.16,69.46,4.94,TNP_0005,1,2016
2016-12-01 18:00:00+00:00,0.0,0.0,21.46,74.2,4.66,TNP_0005,1,2016
2016-12-01 19:00:00+00:00,0.0,0.0,20.89,78.23,4.58,TNP_0005,1,2016
2016-12-01 20:00:00+00:00,0.0,0.0,20.57,81.14,4.78,TNP_0005,1,2016
2016-12-01 21:00:00+00:00,0.0,0.0,20.36,84.18,4.63,TNP_0005,1,2016
2016-12-01 22:00:00+00:00,0.0,0.0,20.33,86.8,4.56,TNP_0005,1,2016
2016-12-01 23:00:00+00:00,0.0,0.0,20.45,89.08,4.33,TNP_0005,1,2016
2016-12-02 00:00:00+00:00,0.0,0.0,20.58,91.04,4.03,TNP_0005,1,2016
2016-12-02 01:00:00+00:00,54.28,77.45,21.0,91.59,4.05,TNP_0005,1,2016
2016-12-02 02:00:00+00:00,123.22,288.35,22.44,87.87,4.82,TNP_0005,1,2016
2016-12-02 03:00:00+00:00,151.2,510.98,24.45,77.69,5.75,TNP_0005,1,2016
2016-12-02 04:00:00+00:00,210.9,686.12,26.96,63.89,6.37,TNP_0005,1,2016
2016-12-02 05:00:00+00:00,192.62,792.85,28.92,55.79,6.57,TNP_0005,1,2016
2016-12-02 06:00:00+00:00,215.05,837.38,30.33,50.98,6.69,TNP_0005,1,2016
2016-12-02 07:00:00+00:00,237.62,805.55,30.91,49.43,6.64,TNP_0005,1,2016
2016-12-02 08:00:00+00:00,189.3,701.33,30.79,50.5,6.53,TNP_0005,1,2016
2016-12-02 09:00:00+00:00,138.07,537.35,30.04,53.84,6.34,TNP_0005,1,2016
2016-12-02 10:00:00+00:00,95.5,325.55,28.6,60.25,6.07,TNP_0005,1,2016
2016-12-02 11:00:00+00:00,41.8,116.97,26.83,69.73,5.21,TNP_0005,1,2016
2016-12-02 12:00:00+00:00,0.0,0.0,25.05,81.14,3.57,TNP_0005,1,2016
2016-12-02 13:00:00+00:00,0.0,0.0,24.08,87.53,3.28,TNP_0005,1,2016
2016-12-02 14:00:00+00:00,0.0,0.0,23.51,91.05,3.09,TNP_0005,1,2016
2016-12-02 15:00:00+00:00,0.0,0.0,23.09,93.06,2.95,TNP_0005,1,2016
2016-12-02 16:00:00+00:00,0.0,0.0,22.69,94.92,2.67,TNP_0005,1,2016
2016-12-02 17:00:00+00:00,0.0,0.0,22.38,96.01,2.55,TNP_0005,1,2016
2016-12-02 18:00:00+00:00,0.0,0.0,22.19,96.63,2.44,TNP_0005,1,2016
2016-12-02 19:00:00+00:00,0.0,0.0,22.05,97.05,2.3,TNP_0005,1,2016
2016-12-02 20:00:00+00:00,0.0,0.0,21.95,97.18,2.4,TNP_0005,1,2016
2016-12-02 21:00:00+00:00,0.0,0.0,21.94,96.79,2.82,TNP_0005,1,2016
2016-12-02 22:00:00+00:00,0.0,0.0,21.89,96.8,2.9,TNP_0005,1,2016
2016-12-02 23:00:00+00:00,0.0,0.0,21.79,97.06,2.72,TNP_0005,1,2016
2016-12-03 00:00:00+00:00,0.0,0.0,21.68,97.36,2.54,TNP_0005,1,2016
2016-12-03 01:00:00+00:00,37.17,71.45,22.04,96.65,3.05,TNP_0005,1,2016
2016-12-03 02:00:00+00:00,116.65,261.6,23.1,93.91,3.97,TNP_0005,1,2016
2016-12-03 03:00:00+00:00,238.02,462.45,24.43,86.85,5.34,TNP_0005,1,2016
2016-12-03 04:00:00+00:00,319.38,622.08,26.33,74.71,6.08,TNP_0005,1,2016
2016-12-03 05:00:00+00:00,338.65,726.03,28.18,64.78,6.33,TNP_0005,1,2016
2016-12-03 06:00:00+00:00,382.48,825.92,29.48,58.86,6.3,TNP_0005,1,2016
2016-12-03 07:00:00+00:00,569.58,794.33,29.97,56.55,6.05,TNP_0005,1,2016
2016-12-03 08:00:00+00:00,543.0,694.65,30.11,55.9,5.86,TNP_0005,1,2016
2016-12-03 09:00:00+00:00,414.08,532.08,29.91,56.44,5.64,TNP_0005,1,2016
2016-12-03 10:00:00+00:00,243.02,324.95,29.23,58.71,5.31,TNP_0005,1,2016
2016-12-03 11:00:00+00:00,92.93,122.25,28.02,64.04,4.42,TNP_0005,1,2016
2016-12-03 12:00:00+00:00,0.0,0.0,25.74,77.02,2.84,TNP_0005,1,2016
2016-12-03 13:00:00+00:00,0.0,0.0,24.67,81.83,3.03,TNP_0005,1,2016
2016-12-03 14:00:00+00:00,0.0,0.0,23.96,84.65,3.37,TNP_0005,1,2016
2016-12-03 15:00:00+00:00,0.0,0.0,23.31,87.54,3.67,TNP_0005,1,2016
2016-12-03 16:00:00+00:00,0.0,0.0,22.74,90.46,3.72,TNP_0005,1,2016
2016-12-03 17:00:00+00:00,0.0,0.0,22.26,93.4,3.28,TNP_0005,1,2016
2016-12-03 18:00:00+00:00,0.0,0.0,21.82,95.89,2.82,TNP_0005,1,2016
2016-12-03 19:00:00+00:00,0.0,0.0,21.56,97.18,2.52,TNP_0005,1,2016
2016-12-03 20:00:00+00:00,0.0,0.0,21.41,97.84,2.21,TNP_0005,1,2016
2016-12-03 21:00:00+00:00,0.0,0.0,21.23,98.34,1.91,TNP_0005,1,2016
2016-12-03 22:00:00+00:00,0.0,0.0,21.07,98.71,1.77,TNP_0005,1,2016
2016-12-03 23:00:00+00:00,0.0,0.0,20.92,98.93,1.72,TNP_0005,1,2016
2016-12-04 00:00:00+00:00,0.0,0.0,20.8,98.93,1.68,TNP_0005,1,2016
2016-12-04 01:00:00+00:00,69.1,74.07,21.53,97.15,1.7,TNP_0005,1,2016
2016-12-04 02:00:00+00:00,253.23,283.17,23.18,90.0,2.52,TNP_0005,1,2016
2016-12-04 03:00:00+00:00,453.1,500.6,25.05,78.49,3.08,TNP_0005,1,2016
2016-12-04 04:00:00+00:00,605.85,679.22,27.87,61.47,3.22,TNP_0005,1,2016
2016-12-04 05:00:00+00:00,693.88,797.5,30.14,50.0,3.19,TNP_0005,1,2016
2016-12-04 06:00:00+00:00,756.53,846.5,31.75,42.6,3.19,TNP_0005,1,2016
2016-12-04 07:00:00+00:00,726.05,812.67,32.83,37.85,3.31,TNP_0005,1,2016
2016-12-04 08:00:00+00:00,604.85,704.55,33.37,35.08,3.43,TNP_0005,1,2016
2016-12-04 09:00:00+00:00,464.67,540.1,33.24,34.38,3.46,TNP_0005,1,2016
2016-12-04 10:00:00+00:00,267.98,331.7,32.53,35.46,3.53,TNP_0005,1,2016
2016-12-04 11:00:00+00:00,98.35,124.5,30.89,41.78,3.12,TNP_0005,1,2016
2016-12-04 12:00:00+00:00,0.0,0.0,27.13,62.08,2.5,TNP_0005,1,2016
2016-12-04 13:00:00+00:00,0.0,0.0,25.68,67.55,2.8,TNP_0005,1,2016
2016-12-04 14:00:00+00:00,0.0,0.0,24.96,71.84,2.91,TNP_0005,1,2016
2016-12-04 15:00:00+00:00,0.0,0.0,24.28,77.62,3.01,TNP_0005,1,2016
2016-12-04 16:00:00+00:00,0.0,0.0,23.64,83.74,2.97,TNP_0005,1,2016
2016-12-04 17:00:00+00:00,0.0,0.0,23.02,89.48,2.56,TNP_0005,1,2016
2016-12-04 18:00:00+00:00,0.0,0.0,22.49,93.71,1.99,TNP_0005,1,2016
2016-12-04 19:00:00+00:00,0.0,0.0,22.09,96.36,1.67,TNP_0005,1,2016
2016-12-04 20:00:00+00:00,0.0,0.0,21.79,97.88,1.57,TNP_0005,1,2016
2016-12-04 21:00:00+00:00,0.0,0.0,21.56,98.79,1.52,TNP_0005,1,2016
2016-12-04 22:00:00+00:00,0.0,0.0,21.36,99.33,1.51,TNP_0005,1,2016
2016-12-04 23:00:00+00:00,0.0,0.0,21.13,100.0,1.54,TNP_0005,1,2016
2016-12-05 00:00:00+00:00,0.0,0.0,20.89,100.0,1.57,TNP_0005,1,2016
2016-12-05 01:00:00+00:00,73.25,79.9,21.77,95.31,1.93,TNP_0005,1,2016
2016-12-05 02:00:00+00:00,276.73,297.6,24.22,79.95,3.35,TNP_0005,1,2016
2016-12-05 03:00:00+00:00,491.77,513.28,26.77,65.36,3.81,TNP_0005,1,2016
2016-12-05 04:00:00+00:00,637.67,687.05,29.25,53.7,4.02,TNP_0005,1,2016
2016-12-05 05:00:00+00:00,707.9,803.03,31.21,45.95,4.09,TNP_0005,1,2016
2016-12-05 06:00:00+00:00,674.67,818.35,32.7,40.69,4.0,TNP_0005,1,2016
2016-12-05 07:00:00+00:00,643.28,781.35,33.69,37.11,3.87,TNP_0005,1,2016
2016-12-05 08:00:00+00:00,542.72,671.62,34.09,34.97,3.77,TNP_0005,1,2016
2016-12-05 09:00:00+00:00,416.62,500.7,33.81,34.42,3.77,TNP_0005,1,2016
2016-12-05 10:00:00+00:00,235.75,292.0,32.97,35.58,3.96,TNP_0005,1,2016
2016-12-05 11:00:00+00:00,83.32,95.68,31.39,40.14,3.66,TNP_0005,1,2016
2016-12-05 12:00:00+00:00,2.83,2.9,28.16,55.28,2.8,TNP_0005,1,2016
2016-12-05 13:00:00+00:00,0.0,0.0,27.02,59.2,3.38,TNP_0005,1,2016
2016-12-05 14:00:00+00:00,0.0,0.0,26.24,63.14,4.03,TNP_0005,1,2016
2016-12-05 15:00:00+00:00,0.0,0.0,25.12,69.75,3.96,TNP_0005,1,2016
2016-12-05 16:00:00+00:00,0.0,0.0,24.15,75.11,3.69,TNP_0005,1,2016
2016-12-05 17:00:00+00:00,0.0,0.0,23.34,79.0,3.23,TNP_0005,1,2016
2016-12-05 18:00:00+00:00,0.0,0.0,22.65,82.34,2.64,TNP_0005,1,2016
2016-12-05 19:00:00+00:00,0.0,0.0,22.04,85.35,2.19,TNP_0005,1,2016
2016-12-05 20:00:00+00:00,0.0,0.0,21.53,87.76,2.02,TNP_0005,1,2016
2016-12-05 21:00:00+00:00,0.0,0.0,21.31,88.42,2.15,TNP_0005,1,2016
2016-12-05 22:00:00+00:00,0.0,0.0,21.05,89.86,1.89,TNP_0005,1,2016
2016-12-05 23:00:00+00:00,0.0,0.0,20.86,90.96,1.79,TNP_0005,1,2016
2016-12-06 00:00:00+00:00,0.0,0.0,20.57,92.29,1.75,TNP_0005,1,2016
2016-12-06 01:00:00+00:00,50.08,51.92,21.08,89.39,2.42,TNP_0005,1,2016
2016-12-06 02:00:00+00:00,236.27,244.27,22.82,78.51,3.82,TNP_0005,1,2016
2016-12-06 03:00:00+00:00,418.42,449.75,25.26,63.22,4.63,TNP_0005,1,2016
2016-12-06 04:00:00+00:00,562.17,630.53,27.8,49.13,5.12,TNP_0005,1,2016
2016-12-06 05:00:00+00:00,684.85,763.25,29.89,39.99,5.23,TNP_0005,1,2016
2016-12-06 06:00:00+00:00,719.97,812.75,31.47,34.21,5.24,TNP_0005,1,2016
2016-12-06 07:00:00+00:00,677.62,781.72,32.56,30.67,5.32,TNP_0005,1,2016
2016-12-06 08:00:00+00:00,546.92,676.83,33.09,28.87,5.51,TNP_0005,1,2016
2016-12-06 09:00:00+00:00,445.2,510.05,32.92,28.36,5.55,TNP_0005,1,2016
2016-12-06 10:00:00+00:00,258.9,302.6,32.08,29.09,5.6,TNP_0005,1,2016
2016-12-06 11:00:00+00:00,91.07,100.4,30.3,32.54,5.19,TNP_0005,1,2016
2016-12-06 12:00:00+00:00,2.88,3.03,26.37,45.08,3.6,TNP_0005,1,2016
2016-12-06 13:00:00+00:00,0.0,0.0,24.78,50.04,4.09,TNP_0005,1,2016
2016-12-06 14:00:00+00:00,0.0,0.0,23.85,54.02,4.42,TNP_0005,1,2016
2016-12-06 15:00:00+00:00,0.0,0.0,22.65,60.54,3.85,TNP_0005,1,2016
2016-12-06 16:00:00+00:00,0.0,0.0,21.5,67.66,3.04,TNP_0005,1,2016
2016-12-06 17:00:00+00:00,0.0,0.0,20.67,72.89,2.71,TNP_0005,1,2016
2016-12-06 18:00:00+00:00,0.0,0.0,20.01,76.95,2.55,TNP_0005,1,2016
2016-12-06 19:00:00+00:00,0.0,0.0,19.34,80.81,2.35,TNP_0005,1,2016
2016-12-06 20:00:00+00:00,0.0,0.0,18.57,84.75,2.13,TNP_0005,1,2016
2016-12-06 21:00:00+00:00,0.0,0.0,17.81,88.48,2.0,TNP_0005,1,2016
2016-12-06 22:00:00+00:00,0.0,0.0,17.08,92.19,2.06,TNP_0005,1,2016
2016-12-06 23:00:00+00:00,0.0,0.0,16.45,95.43,2.16,TNP_0005,1,2016
2016-12-07 00:00:00+00:00,0.0,0.0,15.97,97.88,2.23,TNP_0005,1,2016
2016-12-07 01:00:00+00:00,74.93,75.45,16.91,91.87,2.7,TNP_0005,1,2016
2016-12-07 02:00:00+00:00,287.25,288.62,20.21,73.53,3.39,TNP_0005,1,2016
2016-12-07 03:00:00+00:00,507.42,508.25,24.86,46.6,3.87,TNP_0005,1,2016
2016-12-07 04:00:00+00:00,677.42,688.2,28.23,36.98,3.31,TNP_0005,1,2016
2016-12-07 05:00:00+00:00,720.2,808.05,30.58,35.59,3.08,TNP_0005,1,2016
2016-12-07 06:00:00+00:00,644.9,773.53,32.13,34.45,3.09,TNP_0005,1,2016
2016-12-07 07:00:00+00:00,483.55,750.42,33.12,33.55,3.26,TNP_0005,1,2016
2016-12-07 08:00:00+00:00,422.83,656.83,33.57,33.39,3.53,TNP_0005,1,2016
2016-12-07 09:00:00+00:00,368.83,493.33,33.37,34.47,3.65,TNP_0005,1,2016
2016-12-07 10:00:00+00:00,197.48,293.33,32.47,36.94,3.73,TNP_0005,1,2016
2016-12-07 11:00:00+00:00,72.3,97.95,30.97,41.41,3.72,TNP_0005,1,2016
2016-12-07 12:00:00+00:00,2.6,3.05,28.01,54.85,2.56,TNP_0005,1,2016
2016-12-07 13:00:00+00:00,0.0,0.0,26.8,60.56,2.95,TNP_0005,1,2016
2016-12-07 14:00:00+00:00,0.0,0.0,25.95,65.67,3.28,TNP_0005,1,2016
2016-12-07 15:00:00+00:00,0.0,0.0,24.97,72.25,3.2,TNP_0005,1,2016
2016-12-07 16:00:00+00:00,0.0,0.0,24.25,77.47,3.33,TNP_0005,1,2016
2016-12-07 17:00:00+00:00,0.0,0.0,23.61,81.86,3.23,TNP_0005,1,2016
2016-12-07 18:00:00+00:00,0.0,0.0,23.09,85.03,2.92,TNP_0005,1,2016
2016-12-07 19:00:00+00:00,0.0,0.0,22.67,87.27,2.63,TNP_0005,1,2016
2016-12-07 20:00:00+00:00,0.0,0.0,22.31,88.95,2.54,TNP_0005,1,2016
2016-12-07 21:00:00+00:00,0.0,0.0,21.99,90.3,2.32,TNP_0005,1,2016
2016-12-07 22:00:00+00:00,0.0,0.0,21.55,92.34,1.85,TNP_0005,1,2016
2016-12-07 23:00:00+00:00,0.0,0.0,21.16,94.12,1.64,TNP_0005,1,2016
2016-12-08 00:00:00+00:00,0.0,0.0,20.88,95.19,1.61,TNP_0005,1,2016
2016-12-08 01:00:00+00:00,50.7,60.25,21.54,90.89,2.14,TNP_0005,1,2016
2016-12-08 02:00:00+00:00,210.02,254.57,23.83,77.35,2.98,TNP_0005,1,2016
2016-12-08 03:00:00+00:00,421.9,467.65,26.43,62.71,3.49,TNP_0005,1,2016
2016-12-08 04:00:00+00:00,582.05,648.58,28.82,51.99,3.63,TNP_0005,1,2016
2016-12-08 05:00:00+00:00,680.0,769.58,30.82,44.85,3.68,TNP_0005,1,2016
2016-12-08 06:00:00+00:00,733.12,804.12,31.91,41.23,3.78,TNP_0005,1,2016
2016-12-08 07:00:00+00:00,685.47,780.4,32.65,39.03,3.98,TNP_0005,1,2016
2016-12-08 08:00:00+00:00,581.75,682.08,32.82,38.34,4.12,TNP_0005,1,2016
2016-12-08 09:00:00+00:00,405.4,520.67,32.59,38.75,4.01,TNP_0005,1,2016
2016-12-08 10:00:00+00:00,247.0,315.7,31.76,40.61,3.68,TNP_0005,1,2016
2016-12-08 11:00:00+00:00,88.25,106.65,30.58,43.8,3.4,TNP_0005,1,2016
2016-12-08 12:00:00+00:00,3.22,3.3,27.93,55.67,2.2,TNP_0005,1,2016
2016-12-08 13:00:00+00:00,0.0,0.0,26.71,59.93,2.44,TNP_0005,1,2016
2016-12-08 14:00:00+00:00,0.0,0.0,26.01,62.33,2.73,TNP_0005,1,2016
2016-12-08 15:00:00+00:00,0.0,0.0,25.17,66.09,2.88,TNP_0005,1,2016
2016-12-08 16:00:00+00:00,0.0,0.0,24.4,70.17,2.84,TNP_0005,1,2016
2016-12-08 17:00:00+00:00,0.0,0.0,23.72,74.08,2.57,TNP_0005,1,2016
2016-12-08 18:00:00+00:00,0.0,0.0,23.13,77.61,2.18,TNP_0005,1,2016
2016-12-08 19:00:00+00:00,0.0,0.0,22.58,80.97,1.78,TNP_0005,1,2016
2016-12-08 20:00:00+00:00,0.0,0.0,22.11,83.83,1.41,TNP_0005,1,2016
2016-12-08 21:00:00+00:00,0.0,0.0,21.74,85.86,1.13,TNP_0005,1,2016
2016-12-08 22:00:00+00:00,0.0,0.0,21.38,87.82,0.94,TNP_0005,1,2016
2016-12-08 23:00:00+00:00,0.0,0.0,21.08,89.3,0.98,TNP_0005,1,2016
2016-12-09 00:00:00+00:00,0.0,0.0,20.81,90.54,1.08,TNP_0005,1,2016
2016-12-09 01:00:00+00:00,57.85,59.4,21.24,87.64,1.53,TNP_0005,1,2016
2016-12-09 02:00:00+00:00,235.6,254.07,23.57,74.01,1.88,TNP_0005,1,2016
2016-12-09 03:00:00+00:00,413.77,467.23,26.69,58.53,2.27,TNP_0005,1,2016
2016-12-09 04:00:00+00:00,621.95,646.95,29.21,48.39,2.65,TNP_0005,1,2016
2016-12-09 05:00:00+00:00,687.8,768.65,31.45,40.71,2.68,TNP_0005,1,2016
2016-12-09 06:00:00+00:00,642.42,779.38,33.27,34.63,2.43,TNP_0005,1,2016
2016-12-09 07:00:00+00:00,716.03,755.65,34.44,30.6,2.09,TNP_0005,1,2016
2016-12-09 08:00:00+00:00,596.83,657.5,35.17,28.05,1.7,TNP_0005,1,2016
2016-12-09 09:00:00+00:00,452.15,497.15,35.3,26.61,1.28,TNP_0005,1,2016
2016-12-09 10:00:00+00:00,259.27,296.27,34.74,26.21,0.84,TNP_0005,1,2016
2016-12-09 11:00:00+00:00,93.3,99.43,33.25,29.7,0.15,TNP_0005,1,2016
2016-12-09 12:00:00+00:00,3.42,3.35,29.97,44.59,1.24,TNP_0005,1,2016
2016-12-09 13:00:00+00:00,0.0,0.0,27.62,46.44,2.46,TNP_0005,1,2016
2016-12-09 14:00:00+00:00,0.0,0.0,26.81,46.14,3.1,TNP_0005,1,2016
2016-12-09 15:00:00+00:00,0.0,0.0,25.61,50.25,3.55,TNP_0005,1,2016
2016-12-09 16:00:00+00:00,0.0,0.0,24.28,56.34,3.25,TNP_0005,1,2016
2016-12-09 17:00:00+00:00,0.0,0.0,23.0,62.73,2.32,TNP_0005,1,2016
2016-12-09 18:00:00+00:00,0.0,0.0,22.18,67.08,1.84,TNP_0005,1,2016
2016-12-09 19:00:00+00:00,0.0,0.0,21.74,68.64,1.47,TNP_0005,1,2016
2016-12-09 20:00:00+00:00,0.0,0.0,21.43,69.12,1.24,TNP_0005,1,2016
2016-12-09 21:00:00+00:00,0.0,0.0,20.91,69.89,0.89,TNP_0005,1,2016
2016-12-09 22:00:00+00:00,0.0,0.0,20.46,69.85,0.76,TNP_0005,1,2016
2016-12-09 23:00:00+00:00,0.0,0.0,20.0,69.91,0.95,TNP_0005,1,2016
2016-12-10 00:00:00+00:00,0.0,0.0,19.52,69.8,1.18,TNP_0005,1,2016
2016-12-10 01:00:00+00:00,41.65,63.47,19.85,65.49,1.58,TNP_0005,1,2016
2016-12-10 02:00:00+00:00,176.0,274.48,22.76,52.59,1.89,TNP_0005,1,2016
2016-12-10 03:00:00+00:00,330.98,496.77,26.5,42.39,1.45,TNP_0005,1,2016
2016-12-10 04:00:00+00:00,443.77,682.38,29.66,31.41,2.1,TNP_0005,1,2016
2016-12-10 05:00:00+00:00,562.28,807.47,31.92,24.14,2.48,TNP_0005,1,2016
2016-12-10 06:00:00+00:00,629.42,798.15,33.67,18.82,2.52,TNP_0005,1,2016
2016-12-10 07:00:00+00:00,672.28,784.08,34.89,15.07,2.37,TNP_0005,1,2016
2016-12-10 08:00:00+00:00,629.5,684.83,35.54,12.53,2.12,TNP_0005,1,2016
2016-12-10 09:00:00+00:00,456.67,523.7,35.49,11.14,1.75,TNP_0005,1,2016
2016-12-10 10:00:00+00:00,273.02,316.45,34.65,10.79,1.27,TNP_0005,1,2016
2016-12-10 11:00:00+00:00,97.18,108.75,32.45,20.97,0.33,TNP_0005,1,2016
2016-12-10 12:00:00+00:00,3.7,3.75,29.73,25.43,0.71,TNP_0005,1,2016
2016-12-10 13:00:00+00:00,0.0,0.0,27.21,28.74,1.63,TNP_0005,1,2016
2016-12-10 14:00:00+00:00,0.0,0.0,24.85,33.97,2.25,TNP_0005,1,2016
2016-12-10 15:00:00+00:00,0.0,0.0,23.15,38.15,2.33,TNP_0005,1,2016
2016-12-10 16:00:00+00:00,0.0,0.0,21.56,43.14,2.15,TNP_0005,1,2016
2016-12-10 17:00:00+00:00,0.0,0.0,20.31,47.56,1.81,TNP_0005,1,2016
2016-12-10 18:00:00+00:00,0.0,0.0,19.8,49.08,1.28,TNP_0005,1,2016
2016-12-10 19:00:00+00:00,0.0,0.0,19.39,49.83,0.69,TNP_0005,1,2016
2016-12-10 20:00:00+00:00,0.0,0.0,19.12,49.66,0.15,TNP_0005,1,2016
2016-12-10 21:00:00+00:00,0.0,0.0,18.68,50.64,0.72,TNP_0005,1,2016
2016-12-10 22:00:00+00:00,0.0,0.0,17.89,52.6,1.5,TNP_0005,1,2016
2016-12-10 23:00:00+00:00,0.0,0.0,17.0,53.43,1.99,TNP_0005,1,2016
2016-12-11 00:00:00+00:00,0.0,0.0,16.39,52.58,2.23,TNP_0005,1,2016
2016-12-11 01:00:00+00:00,48.65,57.6,17.1,47.51,2.23,TNP_0005,1,2016
2016-12-11 02:00:00+00:00,194.4,259.23,20.51,32.62,3.04,TNP_0005,1,2016
2016-12-11 03:00:00+00:00,343.33,478.58,22.89,28.27,2.55,TNP_0005,1,2016
2016-12-11 04:00:00+00:00,583.58,659.47,26.29,23.66,2.17,TNP_0005,1,2016
2016-12-11 05:00:00+00:00,587.17,785.9,28.68,17.62,2.5,TNP_0005,1,2016
2016-12-11 06:00:00+00:00,682.67,799.95,30.15,13.59,2.78,TNP_0005,1,2016
2016-12-11 07:00:00+00:00,682.92,779.95,31.21,11.2,2.96,TNP_0005,1,2016
2016-12-11 08:00:00+00:00,564.67,683.35,32.04,9.86,2.97,TNP_0005,1,2016
2016-12-11 09:00:00+00:00,424.45,522.08,32.54,9.26,2.81,TNP_0005,1,2016
2016-12-11 10:00:00+00:00,252.9,316.95,32.3,9.29,2.63,TNP_0005,1,2016
2016-12-11 11:00:00+00:00,87.93,108.45,30.28,19.59,1.47,TNP_0005,1,2016
2016-12-11 12:00:00+00:00,3.62,3.75,28.42,21.63,0.9,TNP_0005,1,2016
2016-12-11 13:00:00+00:00,0.0,0.0,28.07,18.7,0.18,TNP_0005,1,2016
2016-12-11 14:00:00+00:00,0.0,0.0,26.47,21.78,0.65,TNP_0005,1,2016
2016-12-11 15:00:00+00:00,0.0,0.0,25.0,24.02,1.02,TNP_0005,1,2016
2016-12-11 16:00:00+00:00,0.0,0.0,23.2,30.32,1.36,TNP_0005,1,2016
2016-12-11 17:00:00+00:00,0.0,0.0,21.84,34.88,1.63,TNP_0005,1,2016
2016-12-11 18:00:00+00:00,0.0,0.0,21.1,38.4,1.69,TNP_0005,1,2016
2016-12-11 19:00:00+00:00,0.0,0.0,20.63,41.03,1.69,TNP_0005,1,2016
2016-12-11 20:00:00+00:00,0.0,0.0,20.23,43.78,1.87,TNP_0005,1,2016
2016-12-11 21:00:00+00:00,0.0,0.0,19.52,46.33,2.17,TNP_0005,1,2016
2016-12-11 22:00:00+00:00,0.0,0.0,18.99,48.92,2.33,TNP_0005,1,2016
2016-12-11 23:00:00+00:00,0.0,0.0,18.48,52.42,2.34,TNP_0005,1,2016
2016-12-12 00:00:00+00:00,0.0,0.0,18.07,55.61,2.34,TNP_0005,1,2016
2016-12-12 01:00:00+00:00,39.25,64.62,18.94,53.77,2.79,TNP_0005,1,2016
2016-12-12 02:00:00+00:00,157.6,275.4,21.89,44.45,3.29,TNP_0005,1,2016
2016-12-12 03:00:00+00:00,287.4,488.33,26.82,30.2,4.79,TNP_0005,1,2016
2016-12-12 04:00:00+00:00,386.08,662.35,30.78,22.43,5.84,TNP_0005,1,2016
2016-12-12 05:00:00+00:00,360.8,777.72,32.92,21.67,6.16,TNP_0005,1,2016
2016-12-12 06:00:00+00:00,440.58,823.83,34.21,22.49,6.28,TNP_0005,1,2016
2016-12-12 07:00:00+00:00,382.42,795.1,34.56,24.19,6.22,TNP_0005,1,2016
2016-12-12 08:00:00+00:00,258.9,694.5,34.14,26.77,6.22,TNP_0005,1,2016
2016-12-12 09:00:00+00:00,200.23,530.67,33.0,30.54,6.03,TNP_0005,1,2016
2016-12-12 10:00:00+00:00,143.52,321.7,31.69,34.72,5.59,TNP_0005,1,2016
2016-12-12 11:00:00+00:00,49.9,109.53,29.78,42.54,4.08,TNP_0005,1,2016
2016-12-12 12:00:00+00:00,2.4,3.75,27.02,55.93,2.93,TNP_0005,1,2016
2016-12-12 13:00:00+00:00,0.0,0.0,25.76,62.93,2.67,TNP_0005,1,2016
2016-12-12 14:00:00+00:00,0.0,0.0,24.9,68.6,2.49,TNP_0005,1,2016
2016-12-12 15:00:00+00:00,0.0,0.0,24.15,74.41,2.27,TNP_0005,1,2016
2016-12-12 16:00:00+00:00,0.0,0.0,23.35,78.73,2.76,TNP_0005,1,2016
2016-12-12 17:00:00+00:00,0.0,0.0,22.54,81.92,3.47,TNP_0005,1,2016
2016-12-12 18:00:00+00:00,0.0,0.0,21.94,84.86,3.69,TNP_0005,1,2016
2016-12-12 19:00:00+00:00,0.0,0.0,21.5,87.47,3.57,TNP_0005,1,2016
2016-12-12 20:00:00+00:00,0.0,0.0,21.08,89.55,3.53,TNP_0005,1,2016
2016-12-12 21:00:00+00:00,0.0,0.0,20.7,91.05,3.42,TNP_0005,1,2016
2016-12-12 22:00:00+00:00,0.0,0.0,20.35,92.41,2.99,TNP_0005,1,2016
2016-12-12 23:00:00+00:00,0.0,0.0,20.07,93.5,2.62,TNP_0005,1,2016
2016-12-13 00:00:00+00:00,0.0,0.0,19.87,93.49,2.56,TNP_0005,1,2016
2016-12-13 01:00:00+00:00,27.65,42.0,20.36,92.09,2.64,TNP_0005,1,2016
2016-12-13 02:00:00+00:00,119.18,192.77,21.82,86.35,3.25,TNP_0005,1,2016
2016-12-13 03:00:00+00:00,220.27,379.27,23.74,76.56,3.8,TNP_0005,1,2016
2016-12-13 04:00:00+00:00,349.85,550.92,26.27,62.74,3.89,TNP_0005,1,2016
2016-12-13 05:00:00+00:00,418.15,663.75,28.32,54.62,3.43,TNP_0005,1,2016
2016-12-13 06:00:00+00:00,553.72,797.9,29.61,50.86,3.03,TNP_0005,1,2016
2016-12-13 07:00:00+00:00,502.23,776.85,30.25,49.18,2.95,TNP_0005,1,2016
2016-12-13 08:00:00+00:00,418.42,684.62,30.4,49.18,3.08,TNP_0005,1,2016
2016-12-13 09:00:00+00:00,314.02,530.47,29.98,50.83,3.26,TNP_0005,1,2016
2016-12-13 10:00:00+00:00,194.55,329.55,29.12,54.03,3.41,TNP_0005,1,2016
2016-12-13 11:00:00+00:00,61.9,120.28,27.66,62.58,2.69,TNP_0005,1,2016
2016-12-13 12:00:00+00:00,2.88,4.4,25.65,79.16,1.82,TNP_0005,1,2016
2016-12-13 13:00:00+00:00,0.0,0.0,24.88,84.9,1.68,TNP_0005,1,2016
2016-12-13 14:00:00+00:00,0.0,0.0,24.24,86.95,1.94,TNP_0005,1,2016
2016-12-13 15:00:00+00:00,0.0,0.0,23.5,89.03,2.3,TNP_0005,1,2016
2016-12-13 16:00:00+00:00,0.0,0.0,22.89,91.47,2.5,TNP_0005,1,2016
2016-12-13 17:00:00+00:00,0.0,0.0,22.48,93.71,2.49,TNP_0005,1,2016
2016-12-13 18:00:00+00:00,0.0,0.0,22.2,95.44,2.33,TNP_0005,1,2016
2016-12-13 19:00:00+00:00,0.0,0.0,21.99,96.39,2.27,TNP_0005,1,2016
2016-12-13 20:00:00+00:00,0.0,0.0,21.8,96.99,2.16,TNP_0005,1,2016
2016-12-13 21:00:00+00:00,0.0,0.0,21.65,97.41,2.05,TNP_0005,1,2016
2016-12-13 22:00:00+00:00,0.0,0.0,21.56,97.35,2.32,TNP_0005,1,2016
2016-12-13 23:00:00+00:00,0.0,0.0,21.43,97.5,2.43,TNP_0005,1,2016
2016-12-14 00:00:00+00:00,0.0,0.0,21.27,97.67,2.39,TNP_0005,1,2016
2016-12-14 01:00:00+00:00,39.1,63.28,21.65,96.69,3.01,TNP_0005,1,2016
2016-12-14 02:00:00+00:00,144.45,271.6,22.97,92.95,4.03,TNP_0005,1,2016
2016-12-14 03:00:00+00:00,298.45,483.25,24.85,82.64,4.65,TNP_0005,1,2016
2016-12-14 04:00:00+00:00,455.25,657.3,27.36,66.78,4.84,TNP_0005,1,2016
2016-12-14 05:00:00+00:00,525.95,771.42,29.28,56.83,4.84,TNP_0005,1,2016
2016-12-14 06:00:00+00:00,576.92,800.17,30.39,52.06,4.78,TNP_0005,1,2016
2016-12-14 07:00:00+00:00,581.53,771.25,31.02,48.97,4.75,TNP_0005,1,2016
2016-12-14 08:00:00+00:00,452.65,682.4,31.06,47.55,4.66,TNP_0005,1,2016
2016-12-14 09:00:00+00:00,368.08,524.45,30.76,47.41,4.59,TNP_0005,1,2016
2016-12-14 10:00:00+00:00,218.55,323.75,29.96,49.12,4.46,TNP_0005,1,2016
2016-12-14 11:00:00+00:00,88.43,119.12,28.31,58.46,3.32,TNP_0005,1,2016
2016-12-14 12:00:00+00:00,3.95,4.57,25.86,73.3,2.64,TNP_0005,1,2016
2016-12-14 13:00:00+00:00,0.0,0.0,24.78,76.37,3.1,TNP_0005,1,2016
2016-12-14 14:00:00+00:00,0.0,0.0,24.03,78.12,3.61,TNP_0005,1,2016
2016-12-14 15:00:00+00:00,0.0,0.0,23.22,81.17,3.85,TNP_0005,1,2016
2016-12-14 16:00:00+00:00,0.0,0.0,22.4,86.03,3.39,TNP_0005,1,2016
2016-12-14 17:00:00+00:00,0.0,0.0,21.76,90.85,2.68,TNP_0005,1,2016
2016-12-14 18:00:00+00:00,0.0,0.0,21.41,94.0,2.48,TNP_0005,1,2016
2016-12-14 19:00:00+00:00,0.0,0.0,21.19,96.02,2.34,TNP_0005,1,2016
2016-12-14 20:00:00+00:00,0.0,0.0,21.04,97.23,2.18,TNP_0005,1,2016
2016-12-14 21:00:00+00:00,0.0,0.0,20.86,98.01,2.03,TNP_0005,1,2016
2016-12-14 22:00:00+00:00,0.0,0.0,20.67,98.41,2.0,TNP_0005,1,2016
2016-12-14 23:00:00+00:00,0.0,0.0,20.43,98.71,1.9,TNP_0005,1,2016
2016-12-15 00:00:00+00:00,0.0,0.0,20.17,98.88,1.85,TNP_0005,1,2016
2016-12-15 01:00:00+00:00,54.5,59.03,20.73,96.99,2.26,TNP_0005,1,2016
2016-12-15 02:00:00+00:00,218.65,264.85,22.27,90.87,3.49,TNP_0005,1,2016
2016-12-15 03:00:00+00:00,398.52,483.67,24.21,78.99,3.92,TNP_0005,1,2016
2016-12-15 04:00:00+00:00,550.38,664.4,27.01,61.17,3.96,TNP_0005,1,2016
2016-12-15 05:00:00+00:00,702.47,785.05,29.19,50.37,3.92,TNP_0005,1,2016
2016-12-15 06:00:00+00:00,748.95,844.58,30.66,44.34,3.84,TNP_0005,1,2016
2016-12-15 07:00:00+00:00,738.33,821.08,31.72,40.27,3.72,TNP_0005,1,2016
2016-12-15 08:00:00+00:00,615.35,726.33,32.25,37.72,3.64,TNP_0005,1,2016
2016-12-15 09:00:00+00:00,489.4,567.25,32.2,36.23,3.67,TNP_0005,1,2016
2016-12-15 10:00:00+00:00,305.5,359.9,31.54,35.97,3.84,TNP_0005,1,2016
2016-12-15 11:00:00+00:00,121.07,137.4,29.97,40.17,3.41,TNP_0005,1,2016
2016-12-15 12:00:00+00:00,5.18,5.35,25.85,59.97,2.65,TNP_0005,1,2016
2016-12-15 13:00:00+00:00,0.0,0.0,24.29,63.03,3.04,TNP_0005,1,2016
2016-12-15 14:00:00+00:00,0.0,0.0,23.44,65.19,3.3,TNP_0005,1,2016
2016-12-15 15:00:00+00:00,0.0,0.0,22.57,69.96,3.46,TNP_0005,1,2016
2016-12-15 16:00:00+00:00,0.0,0.0,21.69,76.52,3.26,TNP_0005,1,2016
2016-12-15 17:00:00+00:00,0.0,0.0,20.88,83.97,2.74,TNP_0005,1,2016
2016-12-15 18:00:00+00:00,0.0,0.0,20.26,90.12,2.41,TNP_0005,1,2016
2016-12-15 19:00:00+00:00,0.0,0.0,19.74,95.3,2.2,TNP_0005,1,2016
2016-12-15 20:00:00+00:00,0.0,0.0,19.24,99.98,2.04,TNP_0005,1,2016
2016-12-15 21:00:00+00:00,0.0,0.0,19.0,100.0,1.92,TNP_0005,1,2016
2016-12-15 22:00:00+00:00,0.0,0.0,18.84,100.0,1.87,TNP_0005,1,2016
2016-12-15 23:00:00+00:00,0.0,0.0,18.87,100.0,1.81,TNP_0005,1,2016
2016-12-16 00:00:00+00:00,0.0,0.0,18.92,100.0,1.82,TNP_0005,1,2016
2016-12-16 01:00:00+00:00,48.0,53.7,20.0,96.22,2.17,TNP_0005,1,2016
2016-12-16 02:00:00+00:00,183.25,249.0,22.77,80.85,3.38,TNP_0005,1,2016
2016-12-16 03:00:00+00:00,331.38,459.52,25.49,65.64,4.03,TNP_0005,1,2016
2016-12-16 04:00:00+00:00,372.67,632.9,27.99,53.94,4.36,TNP_0005,1,2016
2016-12-16 05:00:00+00:00,381.17,756.92,29.9,47.23,4.48,TNP_0005,1,2016
2016-12-16 06:00:00+00:00,403.77,817.8,31.19,43.44,4.48,TNP_0005,1,2016
2016-12-16 07:00:00+00:00,373.75,797.88,31.96,41.58,4.4,TNP_0005,1,2016
2016-12-16 08:00:00+00:00,344.85,703.58,32.25,41.05,4.4,TNP_0005,1,2016
2016-12-16 09:00:00+00:00,279.4,542.72,32.02,41.86,4.52,TNP_0005,1,2016
2016-12-16 10:00:00+00:00,168.9,335.02,30.82,45.65,4.84,TNP_0005,1,2016
2016-12-16 11:00:00+00:00,69.97,122.7,29.03,52.21,5.12,TNP_0005,1,2016
2016-12-16 12:00:00+00:00,3.88,4.95,26.75,62.34,4.2,TNP_0005,1,2016
2016-12-16 13:00:00+00:00,0.0,0.0,25.38,68.63,4.07,TNP_0005,1,2016
2016-12-16 14:00:00+00:00,0.0,0.0,24.45,72.52,3.72,TNP_0005,1,2016
2016-12-16 15:00:00+00:00,0.0,0.0,23.57,76.33,3.12,TNP_0005,1,2016
2016-12-16 16:00:00+00:00,0.0,0.0,22.8,79.75,2.62,TNP_0005,1,2016
2016-12-16 17:00:00+00:00,0.0,0.0,22.02,83.72,2.17,TNP_0005,1,2016
2016-12-16 18:00:00+00:00,0.0,0.0,21.35,87.37,1.94,TNP_0005,1,2016
2016-12-16 19:00:00+00:00,0.0,0.0,20.79,90.25,1.88,TNP_0005,1,2016
2016-12-16 20:00:00+00:00,0.0,0.0,20.31,92.85,1.91,TNP_0005,1,2016
2016-12-16 21:00:00+00:00,0.0,0.0,20.05,94.52,1.88,TNP_0005,1,2016
2016-12-16 22:00:00+00:00,0.0,0.0,19.74,96.23,1.8,TNP_0005,1,2016
2016-12-16 23:00:00+00:00,0.0,0.0,19.41,97.99,1.8,TNP_0005,1,2016
2016-12-17 00:00:00+00:00,0.0,0.0,19.07,99.68,1.83,TNP_0005,1,2016
2016-12-17 01:00:00+00:00,57.35,57.83,19.76,95.18,2.17,TNP_0005,1,2016
2016-12-17 02:00:00+00:00,265.55,268.02,22.37,78.68,3.21,TNP_0005,1,2016
2016-12-17 03:00:00+00:00,481.83,486.7,25.26,59.88,3.65,TNP_0005,1,2016
2016-12-17 04:00:00+00:00,634.28,667.75,28.06,45.89,4.12,TNP_0005,1,2016
2016-12-17 05:00:00+00:00,789.72,791.45,30.24,38.65,4.36,TNP_0005,1,2016
2016-12-17 06:00:00+00:00,773.7,782.1,31.78,34.72,4.33,TNP_0005,1,2016
2016-12-17 07:00:00+00:00,715.2,761.3,32.77,32.41,4.2,TNP_0005,1,2016
2016-12-17 08:00:00+00:00,603.4,666.67,33.18,31.39,4.13,TNP_0005,1,2016
2016-12-17 09:00:00+00:00,445.35,509.0,32.95,31.63,4.24,TNP_0005,1,2016
2016-12-17 10:00:00+00:00,262.38,309.55,32.08,33.21,4.45,TNP_0005,1,2016
2016-12-17 11:00:00+00:00,99.65,110.8,30.28,38.39,3.95,TNP_0005,1,2016
2016-12-17 12:00:00+00:00,4.45,4.7,26.25,56.28,2.8,TNP_0005,1,2016
2016-12-17 13:00:00+00:00,0.0,0.0,24.8,61.06,3.18,TNP_0005,1,2016
2016-12-17 14:00:00+00:00,0.0,0.0,24.03,64.69,3.55,TNP_0005,1,2016
2016-12-17 15:00:00+00:00,0.0,0.0,23.1,70.93,3.39,TNP_0005,1,2016
2016-12-17 16:00:00+00:00,0.0,0.0,22.13,78.38,2.77,TNP_0005,1,2016
2016-12-17 17:00:00+00:00,0.0,0.0,21.36,84.37,2.35,TNP_0005,1,2016
2016-12-17 18:00:00+00:00,0.0,0.0,20.74,88.8,2.05,TNP_0005,1,2016
2016-12-17 19:00:00+00:00,0.0,0.0,20.18,92.58,1.82,TNP_0005,1,2016
2016-12-17 20:00:00+00:00,0.0,0.0,19.64,96.28,1.66,TNP_0005,1,2016
2016-12-17 21:00:00+00:00,0.0,0.0,19.23,98.87,1.48,TNP_0005,1,2016
2016-12-17 22:00:00+00:00,0.0,0.0,18.99,99.88,1.31,TNP_0005,1,2016
2016-12-17 23:00:00+00:00,0.0,0.0,18.59,100.0,1.36,TNP_0005,1,2016
2016-12-18 00:00:00+00:00,0.0,0.0,18.16,100.0,1.56,TNP_0005,1,2016
2016-12-18 01:00:00+00:00,50.7,51.12,18.89,96.76,2.01,TNP_0005,1,2016
2016-12-18 02:00:00+00:00,249.0,250.35,21.5,81.67,2.53,TNP_0005,1,2016
2016-12-18 03:00:00+00:00,465.83,468.73,24.69,63.14,3.07,TNP_0005,1,2016
2016-12-18 04:00:00+00:00,647.08,651.67,27.6,48.15,3.77,TNP_0005,1,2016
2016-12-18 05:00:00+00:00,775.35,777.05,29.84,39.53,4.02,TNP_0005,1,2016
2016-12-18 06:00:00+00:00,801.83,808.0,31.57,34.47,4.07,TNP_0005,1,2016
2016-12-18 07:00:00+00:00,773.95,785.08,32.73,31.58,4.13,TNP_0005,1,2016
2016-12-18 08:00:00+00:00,661.75,688.35,33.27,30.21,4.2,TNP_0005,1,2016
2016-12-18 09:00:00+00:00,518.78,528.17,33.11,30.16,4.23,TNP_0005,1,2016
2016-12-18 10:00:00+00:00,318.17,324.5,32.29,31.4,4.32,TNP_0005,1,2016
2016-12-18 11:00:00+00:00,116.4,117.93,30.48,36.27,3.8,TNP_0005,1,2016
2016-12-18 12:00:00+00:00,5.1,5.07,26.12,54.54,2.85,TNP_0005,1,2016
2016-12-18 13:00:00+00:00,0.0,0.0,24.57,58.51,3.3,TNP_0005,1,2016
2016-12-18 14:00:00+00:00,0.0,0.0,23.73,61.6,3.66,TNP_0005,1,2016
2016-12-18 15:00:00+00:00,0.0,0.0,22.73,67.44,3.62,TNP_0005,1,2016
2016-12-18 16:00:00+00:00,0.0,0.0,21.7,74.61,3.15,TNP_0005,1,2016
2016-12-18 17:00:00+00:00,0.0,0.0,20.9,80.45,2.8,TNP_0005,1,2016
2016-12-18 18:00:00+00:00,0.0,0.0,20.24,84.92,2.6,TNP_0005,1,2016
2016-12-18 19:00:00+00:00,0.0,0.0,19.68,88.2,2.48,TNP_0005,1,2016
2016-12-18 20:00:00+00:00,0.0,0.0,19.14,90.81,2.35,TNP_0005,1,2016
2016-12-18 21:00:00+00:00,0.0,0.0,18.62,92.91,2.09,TNP_0005,1,2016
2016-12-18 22:00:00+00:00,0.0,0.0,18.1,94.9,1.87,TNP_0005,1,2016
2016-12-18 23:00:00+00:00,0.0,0.0,17.62,96.49,1.82,TNP_0005,1,2016
2016-12-19 00:00:00+00:00,0.0,0.0,17.09,98.34,1.86,TNP_0005,1,2016
2016-12-19 01:00:00+00:00,56.72,57.4,17.75,93.04,2.3,TNP_0005,1,2016
2016-12-19 02:00:00+00:00,264.77,267.33,20.73,74.93,2.94,TNP_0005,1,2016
2016-12-19 03:00:00+00:00,484.95,490.05,24.66,51.1,4.07,TNP_0005,1,2016
2016-12-19 04:00:00+00:00,673.47,674.88,27.72,38.0,4.59,TNP_0005,1,2016
2016-12-19 05:00:00+00:00,797.28,799.8,30.14,30.75,4.56,TNP_0005,1,2016
2016-12-19 06:00:00+00:00,823.42,823.55,31.91,26.55,4.47,TNP_0005,1,2016
2016-12-19 07:00:00+00:00,737.22,796.05,33.02,24.59,4.49,TNP_0005,1,2016
2016-12-19 08:00:00+00:00,697.9,704.25,33.48,24.12,4.62,TNP_0005,1,2016
2016-12-19 09:00:00+00:00,540.1,548.3,33.27,24.81,4.82,TNP_0005,1,2016
2016-12-19 10:00:00+00:00,339.27,345.58,32.36,26.88,5.06,TNP_0005,1,2016
2016-12-19 11:00:00+00:00,129.23,130.75,30.43,32.39,4.4,TNP_0005,1,2016
2016-12-19 12:00:00+00:00,5.7,5.62,26.08,49.91,3.03,TNP_0005,1,2016
2016-12-19 13:00:00+00:00,0.0,0.0,24.54,55.76,3.19,TNP_0005,1,2016
2016-12-19 14:00:00+00:00,0.0,0.0,23.67,60.39,3.13,TNP_0005,1,2016
2016-12-19 15:00:00+00:00,0.0,0.0,22.84,65.58,3.01,TNP_0005,1,2016
2016-12-19 16:00:00+00:00,0.0,0.0,22.19,70.09,2.93,TNP_0005,1,2016
2016-12-19 17:00:00+00:00,0.0,0.0,21.67,73.94,2.81,TNP_0005,1,2016
2016-12-19 18:00:00+00:00,0.0,0.0,21.16,77.55,2.66,TNP_0005,1,2016
2016-12-19 19:00:00+00:00,0.0,0.0,20.58,81.1,2.49,TNP_0005,1,2016
2016-12-19 20:00:00+00:00,0.0,0.0,19.93,84.65,2.25,TNP_0005,1,2016
2016-12-19 21:00:00+00:00,0.0,0.0,19.29,87.84,2.05,TNP_0005,1,2016
2016-12-19 22:00:00+00:00,0.0,0.0,18.73,90.11,1.95,TNP_0005,1,2016
2016-12-19 23:00:00+00:00,0.0,0.0,18.32,91.16,1.94,TNP_0005,1,2016
2016-12-20 00:00:00+00:00,0.0,0.0,17.99,91.41,2.0,TNP_0005,1,2016
2016-12-20 01:00:00+00:00,33.67,51.08,18.56,86.68,2.77,TNP_0005,1,2016
2016-12-20 02:00:00+00:00,136.55,254.68,21.13,71.81,3.43,TNP_0005,1,2016
2016-12-20 03:00:00+00:00,238.0,471.0,25.55,44.96,4.6,TNP_0005,1,2016
2016-12-20 04:00:00+00:00,328.52,648.6,28.75,37.48,5.27,TNP_0005,1,2016
2016-12-20 05:00:00+00:00,380.35,766.92,30.81,36.55,5.55,TNP_0005,1,2016
2016-12-20 06:00:00+00:00,380.73,815.05,32.14,36.47,5.76,TNP_0005,1,2016
2016-12-20 07:00:00+00:00,403.3,795.78,32.95,36.98,5.94,TNP_0005,1,2016
2016-12-20 08:00:00+00:00,373.62,701.3,32.98,38.57,6.07,TNP_0005,1,2016
2016-12-20 09:00:00+00:00,298.83,540.92,32.67,40.66,6.05,TNP_0005,1,2016
2016-12-20 10:00:00+00:00,176.85,331.8,31.63,44.28,5.98,TNP_0005,1,2016
2016-12-20 11:00:00+00:00,75.32,123.8,29.98,49.96,5.64,TNP_0005,1,2016
2016-12-20 12:00:00+00:00,4.7,5.88,27.3,61.48,4.02,TNP_0005,1,2016
2016-12-20 13:00:00+00:00,0.0,0.0,25.75,69.53,3.58,TNP_0005,1,2016
2016-12-20 14:00:00+00:00,0.0,0.0,24.82,74.95,3.43,TNP_0005,1,2016
2016-12-20 15:00:00+00:00,0.0,0.0,24.05,79.38,3.27,TNP_0005,1,2016
2016-12-20 16:00:00+00:00,0.0,0.0,23.4,82.79,3.03,TNP_0005,1,2016
2016-12-20 17:00:00+00:00,0.0,0.0,22.8,85.39,2.75,TNP_0005,1,2016
2016-12-20 18:00:00+00:00,0.0,0.0,22.24,87.26,2.5,TNP_0005,1,2016
2016-12-20 19:00:00+00:00,0.0,0.0,21.66,88.92,2.27,TNP_0005,1,2016
2016-12-20 20:00:00+00:00,0.0,0.0,21.08,90.4,2.13,TNP_0005,1,2016
2016-12-20 21:00:00+00:00,0.0,0.0,20.41,92.36,1.93,TNP_0005,1,2016
2016-12-20 22:00:00+00:00,0.0,0.0,19.79,94.04,1.84,TNP_0005,1,2016
2016-12-20 23:00:00+00:00,0.0,0.0,19.31,95.0,1.87,TNP_0005,1,2016
2016-12-21 00:00:00+00:00,0.0,0.0,18.92,95.5,1.99,TNP_0005,1,2016
2016-12-21 01:00:00+00:00,43.12,50.3,19.44,90.83,2.77,TNP_0005,1,2016
2016-12-21 02:00:00+00:00,196.65,256.95,22.29,74.97,3.61,TNP_0005,1,2016
2016-12-21 03:00:00+00:00,373.83,478.77,25.64,63.18,3.93,TNP_0005,1,2016
2016-12-21 04:00:00+00:00,523.65,663.05,28.22,54.56,3.67,TNP_0005,1,2016
2016-12-21 05:00:00+00:00,657.78,789.05,30.44,46.5,3.45,TNP_0005,1,2016
2016-12-21 06:00:00+00:00,692.25,802.83,32.12,40.31,3.34,TNP_0005,1,2016
2016-12-21 07:00:00+00:00,676.75,784.1,33.25,36.01,3.32,TNP_0005,1,2016
2016-12-21 08:00:00+00:00,617.28,687.88,33.79,33.43,3.3,TNP_0005,1,2016
2016-12-21 09:00:00+00:00,481.33,531.05,33.72,32.33,3.26,TNP_0005,1,2016
2016-12-21 10:00:00+00:00,298.65,330.12,33.02,32.76,3.3,TNP_0005,1,2016
2016-12-21 11:00:00+00:00,115.82,121.35,31.35,37.6,2.92,TNP_0005,1,2016
2016-12-21 12:00:00+00:00,5.95,5.95,27.13,56.83,2.51,TNP_0005,1,2016
2016-12-21 13:00:00+00:00,0.0,0.0,25.46,61.07,2.94,TNP_0005,1,2016
2016-12-21 14:00:00+00:00,0.0,0.0,24.51,65.01,3.24,TNP_0005,1,2016
2016-12-21 15:00:00+00:00,0.0,0.0,23.62,70.7,3.71,TNP_0005,1,2016
2016-12-21 16:00:00+00:00,0.0,0.0,22.64,78.14,3.89,TNP_0005,1,2016
2016-12-21 17:00:00+00:00,0.0,0.0,21.77,85.21,3.59,TNP_0005,1,2016
2016-12-21 18:00:00+00:00,0.0,0.0,21.01,91.22,2.97,TNP_0005,1,2016
2016-12-21 19:00:00+00:00,0.0,0.0,20.34,96.43,2.41,TNP_0005,1,2016
2016-12-21 20:00:00+00:00,0.0,0.0,19.88,99.8,2.02,TNP_0005,1,2016
2016-12-21 21:00:00+00:00,0.0,0.0,19.56,100.0,1.82,TNP_0005,1,2016
2016-12-21 22:00:00+00:00,0.0,0.0,19.31,100.0,1.69,TNP_0005,1,2016
2016-12-21 23:00:00+00:00,0.0,0.0,19.3,100.0,1.53,TNP_0005,1,2016
2016-12-22 00:00:00+00:00,0.0,0.0,19.25,100.0,1.43,TNP_0005,1,2016
2016-12-22 01:00:00+00:00,44.3,46.85,19.93,95.21,1.58,TNP_0005,1,2016
2016-12-22 02:00:00+00:00,227.35,243.2,22.31,80.56,1.82,TNP_0005,1,2016
2016-12-22 03:00:00+00:00,442.08,464.12,25.3,62.63,2.05,TNP_0005,1,2016
2016-12-22 04:00:00+00:00,611.22,651.65,28.42,46.11,2.61,TNP_0005,1,2016
2016-12-22 05:00:00+00:00,762.08,784.97,30.72,35.72,2.84,TNP_0005,1,2016
2016-12-22 06:00:00+00:00,802.58,818.45,32.49,28.17,2.93,TNP_0005,1,2016
2016-12-22 07:00:00+00:00,791.3,803.33,33.73,23.1,2.94,TNP_0005,1,2016
2016-12-22 08:00:00+00:00,709.3,711.65,34.4,19.77,2.94,TNP_0005,1,2016
2016-12-22 09:00:00+00:00,555.38,557.35,34.41,17.77,2.98,TNP_0005,1,2016
2016-12-22 10:00:00+00:00,351.3,352.92,33.71,17.05,3.07,TNP_0005,1,2016
2016-12-22 11:00:00+00:00,142.95,143.52,31.2,26.79,2.24,TNP_0005,1,2016
2016-12-22 12:00:00+00:00,6.95,6.95,25.87,42.11,2.77,TNP_0005,1,2016
2016-12-22 13:00:00+00:00,0.0,0.0,23.63,44.03,3.24,TNP_0005,1,2016
2016-12-22 14:00:00+00:00,0.0,0.0,22.26,46.79,3.29,TNP_0005,1,2016
2016-12-22 15:00:00+00:00,0.0,0.0,20.99,52.1,3.24,TNP_0005,1,2016
2016-12-22 16:00:00+00:00,0.0,0.0,19.82,59.45,3.12,TNP_0005,1,2016
2016-12-22 17:00:00+00:00,0.0,0.0,18.96,67.32,2.9,TNP_0005,1,2016
2016-12-22 18:00:00+00:00,0.0,0.0,18.19,75.02,2.54,TNP_0005,1,2016
2016-12-22 19:00:00+00:00,0.0,0.0,17.42,81.92,2.13,TNP_0005,1,2016
2016-12-22 20:00:00+00:00,0.0,0.0,16.82,86.27,1.87,TNP_0005,1,2016
2016-12-22 21:00:00+00:00,0.0,0.0,16.58,86.99,1.57,TNP_0005,1,2016
2016-12-22 22:00:00+00:00,0.0,0.0,16.33,86.2,1.49,TNP_0005,1,2016
2016-12-22 23:00:00+00:00,0.0,0.0,15.95,85.18,1.62,TNP_0005,1,2016
2016-12-23 00:00:00+00:00,0.0,0.0,15.57,83.38,1.78,TNP_0005,1,2016
2016-12-23 01:00:00+00:00,51.22,51.9,16.25,77.96,1.9,TNP_0005,1,2016
2016-12-23 02:00:00+00:00,261.77,265.4,19.61,59.47,2.3,TNP_0005,1,2016
2016-12-23 03:00:00+00:00,487.3,492.95,23.37,47.96,1.36,TNP_0005,1,2016
2016-12-23 04:00:00+00:00,681.65,682.22,26.89,34.13,1.73,TNP_0005,1,2016
2016-12-23 05:00:00+00:00,812.7,812.7,30.03,22.77,2.25,TNP_0005,1,2016
2016-12-23 06:00:00+00:00,846.6,850.25,31.92,17.75,2.37,TNP_0005,1,2016
2016-12-23 07:00:00+00:00,826.47,833.47,33.07,15.17,2.38,TNP_0005,1,2016
2016-12-23 08:00:00+00:00,741.03,741.1,33.46,13.89,2.41,TNP_0005,1,2016
2016-12-23 09:00:00+00:00,579.7,581.03,33.06,13.58,2.52,TNP_0005,1,2016
2016-12-23 10:00:00+00:00,370.2,371.62,32.08,14.35,2.7,TNP_0005,1,2016
2016-12-23 11:00:00+00:00,151.3,152.23,29.22,28.0,2.05,TNP_0005,1,2016
2016-12-23 12:00:00+00:00,7.32,7.32,24.42,38.67,2.92,TNP_0005,1,2016
2016-12-23 13:00:00+00:00,0.0,0.0,22.35,40.24,3.31,TNP_0005,1,2016
2016-12-23 14:00:00+00:00,0.0,0.0,20.99,43.77,3.36,TNP_0005,1,2016
2016-12-23 15:00:00+00:00,0.0,0.0,19.84,50.18,3.31,TNP_0005,1,2016
2016-12-23 16:00:00+00:00,0.0,0.0,18.81,58.68,3.15,TNP_0005,1,2016
2016-12-23 17:00:00+00:00,0.0,0.0,17.83,68.25,2.8,TNP_0005,1,2016
2016-12-23 18:00:00+00:00,0.0,0.0,17.06,76.26,2.44,TNP_0005,1,2016
2016-12-23 19:00:00+00:00,0.0,0.0,16.42,82.37,2.17,TNP_0005,1,2016
2016-12-23 20:00:00+00:00,0.0,0.0,16.02,85.9,1.88,TNP_0005,1,2016
2016-12-23 21:00:00+00:00,0.0,0.0,15.88,86.63,1.57,TNP_0005,1,2016
2016-12-23 22:00:00+00:00,0.0,0.0,15.64,86.77,1.46,TNP_0005,1,2016
2016-12-23 23:00:00+00:00,0.0,0.0,15.17,87.59,1.52,TNP_0005,1,2016
2016-12-24 00:00:00+00:00,0.0,0.0,14.84,87.6,1.67,TNP_0005,1,2016
2016-12-24 01:00:00+00:00,48.95,49.53,15.54,83.28,1.85,TNP_0005,1,2016
2016-12-24 02:00:00+00:00,256.23,259.65,18.87,69.28,2.07,TNP_0005,1,2016
2016-12-24 03:00:00+00:00,486.12,486.75,22.8,55.64,0.96,TNP_0005,1,2016
2016-12-24 04:00:00+00:00,677.03,677.03,25.93,42.31,1.17,TNP_0005,1,2016
2016-12-24 05:00:00+00:00,806.95,807.95,29.04,29.89,1.55,TNP_0005,1,2016
2016-12-24 06:00:00+00:00,842.75,846.05,31.17,23.34,1.66,TNP_0005,1,2016
2016-12-24 07:00:00+00:00,829.3,829.3,32.46,20.1,1.75,TNP_0005,1,2016
2016-12-24 08:00:00+00:00,726.2,735.62,33.13,18.26,1.9,TNP_0005,1,2016
2016-12-24 09:00:00+00:00,573.35,575.88,33.1,17.48,2.1,TNP_0005,1,2016
2016-12-24 10:00:00+00:00,363.77,365.95,32.35,17.76,2.47,TNP_0005,1,2016
2016-12-24 11:00:00+00:00,141.1,142.43,29.82,27.78,2.15,TNP_0005,1,2016
2016-12-24 12:00:00+00:00,7.53,7.55,24.98,40.53,2.99,TNP_0005,1,2016
2016-12-24 13:00:00+00:00,0.0,0.0,23.22,42.59,3.46,TNP_0005,1,2016
2016-12-24 14:00:00+00:00,0.0,0.0,22.27,47.37,3.65,TNP_0005,1,2016
2016-12-24 15:00:00+00:00,0.0,0.0,21.4,55.54,4.03,TNP_0005,1,2016
2016-12-24 16:00:00+00:00,0.0,0.0,20.44,66.44,3.68,TNP_0005,1,2016
2016-12-24 17:00:00+00:00,0.0,0.0,19.51,76.59,2.66,TNP_0005,1,2016
2016-12-24 18:00:00+00:00,0.0,0.0,18.68,83.88,1.95,TNP_0005,1,2016
2016-12-24 19:00:00+00:00,0.0,0.0,18.1,88.36,1.65,TNP_0005,1,2016
2016-12-24 20:00:00+00:00,0.0,0.0,17.81,90.48,1.33,TNP_0005,1,2016
2016-12-24 21:00:00+00:00,0.0,0.0,17.62,91.54,1.07,TNP_0005,1,2016
2016-12-24 22:00:00+00:00,0.0,0.0,17.31,93.22,1.06,TNP_0005,1,2016
2016-12-24 23:00:00+00:00,0.0,0.0,17.08,94.31,1.13,TNP_0005,1,2016
2016-12-25 00:00:00+00:00,0.0,0.0,16.8,95.75,1.19,TNP_0005,1,2016
2016-12-25 01:00:00+00:00,44.55,46.03,17.21,93.22,1.28,TNP_0005,1,2016
2016-12-25 02:00:00+00:00,241.35,249.2,19.59,79.67,1.17,TNP_0005,1,2016
2016-12-25 03:00:00+00:00,463.92,474.85,22.18,64.85,1.21,TNP_0005,1,2016
2016-12-25 04:00:00+00:00,663.1,665.17,24.69,52.38,1.15,TNP_0005,1,2016
2016-12-25 05:00:00+00:00,796.62,797.35,27.82,37.49,1.25,TNP_0005,1,2016
2016-12-25 06:00:00+00:00,838.25,840.22,30.04,29.61,1.29,TNP_0005,1,2016
2016-12-25 07:00:00+00:00,817.38,823.03,31.45,25.27,1.23,TNP_0005,1,2016
2016-12-25 08:00:00+00:00,730.03,730.03,32.27,22.46,1.22,TNP_0005,1,2016
2016-12-25 09:00:00+00:00,568.8,570.53,32.42,20.88,1.16,TNP_0005,1,2016
2016-12-25 10:00:00+00:00,360.6,361.7,31.88,20.51,1.04,TNP_0005,1,2016
2016-12-25 11:00:00+00:00,150.82,151.73,30.29,25.95,0.82,TNP_0005,1,2016
2016-12-25 12:00:00+00:00,7.75,7.75,26.84,37.29,1.46,TNP_0005,1,2016
2016-12-25 13:00:00+00:00,0.0,0.0,24.2,41.14,2.31,TNP_0005,1,2016
2016-12-25 14:00:00+00:00,0.0,0.0,22.08,45.87,2.91,TNP_0005,1,2016
2016-12-25 15:00:00+00:00,0.0,0.0,20.66,49.69,3.15,TNP_0005,1,2016
2016-12-25 16:00:00+00:00,0.0,0.0,19.53,55.56,3.1,TNP_0005,1,2016
2016-12-25 17:00:00+00:00,0.0,0.0,18.44,64.74,2.95,TNP_0005,1,2016
2016-12-25 18:00:00+00:00,0.0,0.0,17.42,75.71,2.62,TNP_0005,1,2016
2016-12-25 19:00:00+00:00,0.0,0.0,16.64,85.15,2.3,TNP_0005,1,2016
2016-12-25 20:00:00+00:00,0.0,0.0,16.12,91.18,2.14,TNP_0005,1,2016
2016-12-25 21:00:00+00:00,0.0,0.0,15.74,94.08,2.05,TNP_0005,1,2016
2016-12-25 22:00:00+00:00,0.0,0.0,15.45,94.72,1.99,TNP_0005,1,2016
2016-12-25 23:00:00+00:00,0.0,0.0,15.2,94.06,1.94,TNP_0005,1,2016
2016-12-26 00:00:00+00:00,0.0,0.0,14.99,92.6,1.94,TNP_0005,1,2016
2016-12-26 01:00:00+00:00,43.67,44.2,15.85,85.9,2.2,TNP_0005,1,2016
2016-12-26 02:00:00+00:00,233.65,234.4,19.07,70.64,2.48,TNP_0005,1,2016
2016-12-26 03:00:00+00:00,450.67,453.52,23.33,54.36,1.78,TNP_0005,1,2016
2016-12-26 04:00:00+00:00,638.05,640.17,27.82,33.77,2.04,TNP_0005,1,2016
2016-12-26 05:00:00+00:00,769.2,770.05,30.48,25.83,2.16,TNP_0005,1,2016
2016-12-26 06:00:00+00:00,811.3,811.97,32.39,21.1,2.15,TNP_0005,1,2016
2016-12-26 07:00:00+00:00,789.67,795.92,33.72,18.04,2.14,TNP_0005,1,2016
2016-12-26 08:00:00+00:00,697.88,705.75,34.38,16.57,2.16,TNP_0005,1,2016
2016-12-26 09:00:00+00:00,530.38,549.65,34.26,16.21,2.42,TNP_0005,1,2016
2016-12-26 10:00:00+00:00,334.45,346.45,33.6,16.6,2.91,TNP_0005,1,2016
2016-12-26 11:00:00+00:00,132.57,134.3,31.49,23.0,2.53,TNP_0005,1,2016
2016-12-26 12:00:00+00:00,7.47,7.4,26.57,36.09,2.92,TNP_0005,1,2016
2016-12-26 13:00:00+00:00,0.0,0.0,24.8,37.21,3.58,TNP_0005,1,2016
2016-12-26 14:00:00+00:00,0.0,0.0,23.98,39.96,4.08,TNP_0005,1,2016
2016-12-26 15:00:00+00:00,0.0,0.0,23.1,46.35,4.68,TNP_0005,1,2016
2016-12-26 16:00:00+00:00,0.0,0.0,21.72,56.11,3.91,TNP_0005,1,2016
2016-12-26 17:00:00+00:00,0.0,0.0,20.64,64.28,3.31,TNP_0005,1,2016
2016-12-26 18:00:00+00:00,0.0,0.0,19.78,70.58,2.96,TNP_0005,1,2016
2016-12-26 19:00:00+00:00,0.0,0.0,18.95,75.97,2.69,TNP_0005,1,2016
2016-12-26 20:00:00+00:00,0.0,0.0,18.17,80.6,2.46,TNP_0005,1,2016
2016-12-26 21:00:00+00:00,0.0,0.0,17.44,84.36,2.25,TNP_0005,1,2016
2016-12-26 22:00:00+00:00,0.0,0.0,16.81,86.99,2.17,TNP_0005,1,2016
2016-12-26 23:00:00+00:00,0.0,0.0,16.32,88.46,2.2,TNP_0005,1,2016
2016-12-27 00:00:00+00:00,0.0,0.0,15.99,88.45,2.32,TNP_0005,1,2016
2016-12-27 01:00:00+00:00,44.55,44.83,16.91,81.88,3.07,TNP_0005,1,2016
2016-12-27 02:00:00+00:00,249.35,250.7,20.08,65.59,3.35,TNP_0005,1,2016
2016-12-27 03:00:00+00:00,471.05,475.8,24.95,44.14,3.71,TNP_0005,1,2016
2016-12-27 04:00:00+00:00,663.6,665.05,29.26,29.63,4.89,TNP_0005,1,2016
2016-12-27 05:00:00+00:00,794.35,796.28,31.78,27.95,4.95,TNP_0005,1,2016
2016-12-27 06:00:00+00:00,852.42,854.75,33.55,27.29,5.18,TNP_0005,1,2016
2016-12-27 07:00:00+00:00,831.35,839.22,34.59,26.53,5.54,TNP_0005,1,2016
2016-12-27 08:00:00+00:00,722.33,749.12,34.96,26.18,5.91,TNP_0005,1,2016
2016-12-27 09:00:00+00:00,560.8,593.97,34.66,26.68,6.1,TNP_0005,1,2016
2016-12-27 10:00:00+00:00,358.62,388.48,33.66,28.63,6.26,TNP_0005,1,2016
2016-12-27 11:00:00+00:00,149.15,161.93,31.86,32.71,6.07,TNP_0005,1,2016
2016-12-27 12:00:00+00:00,8.23,9.0,28.29,43.45,4.32,TNP_0005,1,2016
2016-12-27 13:00:00+00:00,0.0,0.0,26.31,51.61,3.91,TNP_0005,1,2016
2016-12-27 14:00:00+00:00,0.0,0.0,25.2,57.85,3.66,TNP_0005,1,2016
2016-12-27 15:00:00+00:00,0.0,0.0,24.27,63.86,3.53,TNP_0005,1,2016
2016-12-27 16:00:00+00:00,0.0,0.0,23.4,69.78,3.38,TNP_0005,1,2016
2016-12-27 17:00:00+00:00,0.0,0.0,22.55,75.26,3.19,TNP_0005,1,2016
2016-12-27 18:00:00+00:00,0.0,0.0,21.74,80.04,3.02,TNP_0005,1,2016
2016-12-27 19:00:00+00:00,0.0,0.0,21.03,83.86,3.21,TNP_0005,1,2016
2016-12-27 20:00:00+00:00,0.0,0.0,20.36,87.01,3.08,TNP_0005,1,2016
2016-12-27 21:00:00+00:00,0.0,0.0,19.73,89.89,2.73,TNP_0005,1,2016
2016-12-27 22:00:00+00:00,0.0,0.0,19.2,92.15,2.48,TNP_0005,1,2016
2016-12-27 23:00:00+00:00,0.0,0.0,18.79,93.66,2.3,TNP_0005,1,2016
2016-12-28 00:00:00+00:00,0.0,0.0,18.49,94.42,2.3,TNP_0005,1,2016
2016-12-28 01:00:00+00:00,24.17,39.58,18.93,92.22,3.07,TNP_0005,1,2016
2016-12-28 02:00:00+00:00,108.2,226.35,21.0,85.05,4.13,TNP_0005,1,2016
2016-12-28 03:00:00+00:00,216.18,440.0,24.52,67.79,5.32,TNP_0005,1,2016
2016-12-28 04:00:00+00:00,366.3,616.58,27.74,56.07,5.78,TNP_0005,1,2016
2016-12-28 05:00:00+00:00,561.25,745.35,30.08,49.54,5.96,TNP_0005,1,2016
2016-12-28 06:00:00+00:00,566.58,821.55,31.78,44.28,6.04,TNP_0005,1,2016
2016-12-28 07:00:00+00:00,609.12,810.17,32.87,40.5,6.08,TNP_0005,1,2016
2016-12-28 08:00:00+00:00,575.95,724.28,33.29,38.48,6.13,TNP_0005,1,2016
2016-12-28 09:00:00+00:00,494.4,572.83,33.08,37.81,6.13,TNP_0005,1,2016
2016-12-28 10:00:00+00:00,304.7,370.75,32.18,38.78,6.13,TNP_0005,1,2016
2016-12-28 11:00:00+00:00,127.35,152.35,30.53,42.33,5.9,TNP_0005,1,2016
2016-12-28 12:00:00+00:00,8.12,9.1,27.42,53.01,4.37,TNP_0005,1,2016
2016-12-28 13:00:00+00:00,0.0,0.0,25.62,61.59,4.08,TNP_0005,1,2016
2016-12-28 14:00:00+00:00,0.0,0.0,24.39,68.74,3.75,TNP_0005,1,2016
2016-12-28 15:00:00+00:00,0.0,0.0,23.27,75.27,3.51,TNP_0005,1,2016
2016-12-28 16:00:00+00:00,0.0,0.0,22.23,80.82,3.22,TNP_0005,1,2016
2016-12-28 17:00:00+00:00,0.0,0.0,21.24,85.54,2.98,TNP_0005,1,2016
2016-12-28 18:00:00+00:00,0.0,0.0,20.36,89.37,2.84,TNP_0005,1,2016
2016-12-28 19:00:00+00:00,0.0,0.0,19.62,92.09,2.84,TNP_0005,1,2016
2016-12-28 20:00:00+00:00,0.0,0.0,18.97,94.23,2.9,TNP_0005,1,2016
2016-12-28 21:00:00+00:00,0.0,0.0,18.51,95.08,2.9,TNP_0005,1,2016
2016-12-28 22:00:00+00:00,0.0,0.0,18.14,95.18,3.0,TNP_0005,1,2016
2016-12-28 23:00:00+00:00,0.0,0.0,17.74,95.45,2.98,TNP_0005,1,2016
2016-12-29 00:00:00+00:00,0.0,0.0,17.31,95.97,2.88,TNP_0005,1,2016
2016-12-29 01:00:00+00:00,45.88,47.05,17.57,92.86,3.43,TNP_0005,1,2016
2016-12-29 02:00:00+00:00,248.8,258.65,20.32,76.77,4.29,TNP_0005,1,2016
2016-12-29 03:00:00+00:00,470.08,484.23,24.44,52.84,5.31,TNP_0005,1,2016
2016-12-29 04:00:00+00:00,661.0,672.78,27.89,38.44,5.28,TNP_0005,1,2016
2016-12-29 05:00:00+00:00,776.28,804.9,30.31,32.85,5.18,TNP_0005,1,2016
2016-12-29 06:00:00+00:00,814.42,835.3,31.96,29.01,5.26,TNP_0005,1,2016
2016-12-29 07:00:00+00:00,764.28,817.4,33.0,26.18,5.42,TNP_0005,1,2016
2016-12-29 08:00:00+00:00,644.42,726.03,33.43,24.47,5.51,TNP_0005,1,2016
2016-12-29 09:00:00+00:00,531.95,569.35,33.15,24.57,5.41,TNP_0005,1,2016
2016-12-29 10:00:00+00:00,338.6,364.48,32.16,26.34,5.3,TNP_0005,1,2016
2016-12-29 11:00:00+00:00,141.48,147.73,30.35,30.28,4.94,TNP_0005,1,2016
2016-12-29 12:00:00+00:00,8.88,8.93,26.15,43.72,3.26,TNP_0005,1,2016
2016-12-29 13:00:00+00:00,0.0,0.0,24.44,51.5,3.66,TNP_0005,1,2016
2016-12-29 14:00:00+00:00,0.0,0.0,23.53,58.36,4.11,TNP_0005,1,2016
2016-12-29 15:00:00+00:00,0.0,0.0,22.5,66.65,4.03,TNP_0005,1,2016
2016-12-29 16:00:00+00:00,0.0,0.0,21.46,74.91,3.55,TNP_0005,1,2016
2016-12-29 17:00:00+00:00,0.0,0.0,20.57,82.17,3.19,TNP_0005,1,2016
2016-12-29 18:00:00+00:00,0.0,0.0,19.78,88.45,2.96,TNP_0005,1,2016
2016-12-29 19:00:00+00:00,0.0,0.0,19.01,93.93,2.68,TNP_0005,1,2016
2016-12-29 20:00:00+00:00,0.0,0.0,18.27,98.34,2.44,TNP_0005,1,2016
2016-12-29 21:00:00+00:00,0.0,0.0,17.63,100.0,2.23,TNP_0005,1,2016
2016-12-29 22:00:00+00:00,0.0,0.0,17.14,100.0,2.12,TNP_0005,1,2016
2016-12-29 23:00:00+00:00,0.0,0.0,16.72,100.0,2.08,TNP_0005,1,2016
2016-12-30 00:00:00+00:00,0.0,0.0,16.27,100.0,2.08,TNP_0005,1,2016
2016-12-30 01:00:00+00:00,37.4,41.12,17.04,97.64,2.46,TNP_0005,1,2016
2016-12-30 02:00:00+00:00,202.93,244.3,20.37,76.37,3.63,TNP_0005,1,2016
2016-12-30 03:00:00+00:00,399.0,475.83,23.9,52.98,4.2,TNP_0005,1,2016
2016-12-30 04:00:00+00:00,574.97,669.45,26.71,38.24,3.91,TNP_0005,1,2016
2016-12-30 05:00:00+00:00,719.65,793.22,28.96,29.96,3.75,TNP_0005,1,2016
2016-12-30 06:00:00+00:00,764.08,815.85,30.69,24.98,3.78,TNP_0005,1,2016
2016-12-30 07:00:00+00:00,768.08,809.17,31.91,21.99,3.87,TNP_0005,1,2016
2016-12-30 08:00:00+00:00,683.78,723.1,32.52,20.62,3.98,TNP_0005,1,2016
2016-12-30 09:00:00+00:00,526.83,569.53,32.42,20.65,4.1,TNP_0005,1,2016
2016-12-30 10:00:00+00:00,330.7,365.85,31.62,22.14,4.3,TNP_0005,1,2016
2016-12-30 11:00:00+00:00,143.6,149.35,29.86,26.34,3.96,TNP_0005,1,2016
2016-12-30 12:00:00+00:00,10.43,9.5,25.23,41.37,2.95,TNP_0005,1,2016
2016-12-30 13:00:00+00:00,0.0,0.0,23.75,48.0,3.4,TNP_0005,1,2016
2016-12-30 14:00:00+00:00,0.0,0.0,23.12,54.04,4.03,TNP_0005,1,2016
2016-12-30 15:00:00+00:00,0.0,0.0,22.19,61.77,4.05,TNP_0005,1,2016
2016-12-30 16:00:00+00:00,0.0,0.0,21.31,68.64,3.82,TNP_0005,1,2016
2016-12-30 17:00:00+00:00,0.0,0.0,20.59,73.83,3.63,TNP_0005,1,2016
2016-12-30 18:00:00+00:00,0.0,0.0,19.91,78.23,3.4,TNP_0005,1,2016
2016-12-30 19:00:00+00:00,0.0,0.0,19.14,82.84,2.98,TNP_0005,1,2016
2016-12-30 20:00:00+00:00,0.0,0.0,18.33,87.65,2.48,TNP_0005,1,2016
2016-12-30 21:00:00+00:00,0.0,0.0,17.57,92.19,2.11,TNP_0005,1,2016
2016-12-30 22:00:00+00:00,0.0,0.0,16.93,96.17,1.92,TNP_0005,1,2016
2016-12-30 23:00:00+00:00,0.0,0.0,16.43,99.24,1.88,TNP_0005,1,2016
2016-12-31 00:00:00+00:00,0.0,0.0,16.06,100.0,1.88,TNP_0005,1,2016
2016-12-31 01:00:00+00:00,37.92,40.78,16.76,96.36,2.28,TNP_0005,1,2016
2016-12-31 02:00:00+00:00,227.85,245.32,19.54,79.22,2.64,TNP_0005,1,2016
2016-12-31 03:00:00+00:00,458.85,477.7,23.53,54.27,3.4,TNP_0005,1,2016
2016-12-31 04:00:00+00:00,671.62,675.0,26.26,40.17,3.43,TNP_0005,1,2016
2016-12-31 05:00:00+00:00,809.47,810.9,28.58,31.34,3.47,TNP_0005,1,2016
2016-12-31 06:00:00+00:00,838.85,841.22,30.39,26.01,3.56,TNP_0005,1,2016
2016-12-31 07:00:00+00:00,831.08,831.28,31.71,22.89,3.71,TNP_0005,1,2016
2016-12-31 08:00:00+00:00,735.03,742.17,32.41,21.43,3.89,TNP_0005,1,2016
2016-12-31 09:00:00+00:00,582.33,585.67,32.38,21.25,4.02,TNP_0005,1,2016
2016-12-31 10:00:00+00:00,374.2,378.7,31.64,22.32,4.16,TNP_0005,1,2016
2016-12-31 11:00:00+00:00,154.6,156.27,29.94,25.86,3.78,TNP_0005,1,2016
2016-12-31 12:00:00+00:00,10.3,10.3,25.17,40.17,2.89,TNP_0005,1,2016
2016-12-31 13:00:00+00:00,0.0,0.0,23.58,45.89,3.31,TNP_0005,1,2016
2016-12-31 14:00:00+00:00,0.0,0.0,22.87,50.8,3.85,TNP_0005,1,2016
2016-12-31 15:00:00+00:00,0.0,0.0,21.95,57.6,4.19,TNP_0005,1,2016
2016-12-31 16:00:00+00:00,0.0,0.0,20.91,65.0,3.83,TNP_0005,1,2016
2016-12-31 17:00:00+00:00,0.0,0.0,19.91,71.85,3.14,TNP_0005,1,2016
2016-12-31 18:00:00+00:00,0.0,0.0,19.03,77.81,2.73,TNP_0005,1,2016
2016-12-31 19:00:00+00:00,0.0,0.0,18.27,83.1,2.55,TNP_0005,1,2016
2016-12-31 20:00:00+00:00,0.0,0.0,17.58,87.89,2.44,TNP_0005,1,2016
2016-12-31 21:00:00+00:00,0.0,0.0,16.95,92.25,2.3,TNP_0005,1,2016
2016-12-31 22:00:00+00:00,0.0,0.0,16.38,95.84,2.2,TNP_0005,1,2016
2016-12-31 23:00:00+00:00,0.0,0.0,15.9,98.81,2.18,TNP_0005,1,2016
