point_id,date,GHI_daily_kWh,GHIcs_daily_kWh,kt_daily,Ta_mean_C,Ta_max_C,Ta_min_C,DTR_C,RH_mean_pct,wind_mean_ms,cluster_id
TNP_0007,2016-01-01,5.454020000000001,5.95129,0.9164433257327405,20.195,27.78,14.12,13.660000000000002,74.21708333333333,4.023333333333333,4
TNP_0007,2016-01-02,5.60737,5.88749,0.952421150609173,20.02208333333333,28.4,13.39,15.009999999999998,70.63583333333334,3.62125,4
TNP_0007,2016-01-03,5.90591,6.12504,0.964223907109178,20.139166666666664,29.21,13.17,16.04,67.22291666666666,3.405,4
TNP_0007,2016-01-04,5.844720000000001,6.06363,0.963897863161176,19.9825,28.51,13.43,15.080000000000002,69.78833333333334,3.460833333333333,4
TNP_0007,2016-01-05,5.73705,5.89067,0.973921472430131,21.15958333333333,29.06,13.09,15.97,72.36625,2.71375,4
TNP_0007,2016-01-06,4.98397,5.44287,0.9156878632045228,22.32333333333333,30.03,15.44,14.590000000000002,74.34833333333333,2.5004166666666667,4
TNP_0007,2016-01-07,5.05198,5.45461,0.9261853734730804,22.02416666666667,29.1,16.53,12.57,74.59791666666666,3.0383333333333336,4
TNP_0007,2016-01-08,4.82434,5.192699999999999,0.9290619523561924,21.442916666666665,27.12,16.61,10.510000000000002,74.15458333333333,2.7325,4
TNP_0007,2016-01-09,5.21871,5.59266,0.9331355741275172,21.36208333333333,29.61,15.06,14.55,72.34166666666667,3.0025,4
TNP_0007,2016-01-10,5.622269999999999,5.843649999999999,0.9621161431639472,21.0975,29.45,14.73,14.72,70.56916666666667,3.1441666666666666,4
TNP_0007,2016-01-11,5.68969,5.830979999999999,0.9757690816981024,21.0375,29.51,14.44,15.070000000000002,68.43333333333334,3.10875,4
TNP_0007,2016-01-12,5.568099999999999,5.78992,0.9616885898250752,21.44833333333333,29.97,15.15,14.82,69.44791666666667,2.6266666666666665,4
TNP_0007,2016-01-13,5.0593900000000005,5.54642,0.912190205574046,20.01125,25.79,15.91,9.88,75.12708333333333,2.3666666666666667,4
TNP_0007,2016-01-14,5.44372,5.6535,0.9628937826125408,21.245416666666667,29.78,14.94,14.840000000000002,67.82125,2.625,4
TNP_0007,2016-01-15,5.52431,5.75976,0.9591215606205814,21.12666666666667,29.73,14.73,15.0,71.21458333333334,2.4208333333333334,4
TNP_0007,2016-01-16,5.29716,5.50091,0.9629606737794292,22.5775,30.6,15.28,15.320000000000002,70.67166666666667,1.6449999999999998,4
TNP_0007,2016-01-17,5.04629,5.35139,0.9429867753985413,22.8125,30.09,17.41,12.68,72.29291666666667,1.8075,4
TNP_0007,2016-01-18,5.233689999999999,5.51233,0.9494515023592563,23.785,30.57,17.4,13.170000000000002,72.11291666666666,1.4895833333333333,4
TNP_0007,2016-01-19,4.58948,5.692810000000001,0.8061888592803904,24.54958333333333,31.14,19.19,11.95,72.53125,1.68125,4
TNP_0007,2016-01-20,2.45127,5.23592,0.4681641430732326,24.938333333333333,31.41,19.88,11.53,74.51458333333333,1.5491666666666666,4
TNP_0007,2016-01-21,4.484859999999999,4.93933,0.9079895451407376,24.886666666666667,31.29,20.32,10.97,77.05166666666666,2.064583333333333,4
TNP_0007,2016-01-22,4.61988,5.272690000000001,0.8761903316902756,23.88,30.33,19.42,10.909999999999997,74.7825,3.115,4
TNP_0007,2016-01-23,5.24385,5.63784,0.9301168532629518,24.39125,31.4,19.27,12.13,71.54125,3.265833333333333,4
TNP_0007,2016-01-24,5.528569999999999,5.90826,0.9357357326861035,24.7,31.18,20.14,11.04,73.26833333333333,2.8941666666666666,4
TNP_0007,2016-01-25,5.1546400000000006,5.54498,0.9296047956890738,25.432916666666667,32.19,20.18,12.009999999999998,72.03750000000001,2.248333333333333,4
TNP_0007,2016-01-26,5.336810000000001,5.60629,0.9519325614622148,25.44875,32.29,20.21,12.079999999999998,70.32583333333334,2.174583333333333,4
TNP_0007,2016-01-27,5.2752,5.61045,0.9402454348581664,24.8075,32.41,19.17,13.239999999999997,69.14708333333333,2.4541666666666666,4
TNP_0007,2016-01-28,5.92204,6.10397,0.970194807641584,23.91708333333333,32.2,16.87,15.330000000000002,64.21666666666667,2.4570833333333333,4
TNP_0007,2016-01-29,5.95279,6.15747,0.9667590747498568,23.63083333333333,32.78,16.46,16.32,59.43541666666667,2.9566666666666666,4
TNP_0007,2016-01-30,6.22861,6.42183,0.9699120032763248,22.72791666666667,31.66,16.05,15.61,63.4775,3.4104166666666664,4
TNP_0007,2016-01-31,5.77313,6.34469,0.9099152204441824,22.61875,31.55,15.82,15.73,65.13666666666667,3.64375,4
TNP_0007,2016-02-01,5.56469,6.300649999999999,0.8831930038964234,22.3575,31.64,15.42,16.22,57.7175,3.223333333333333,4
TNP_0007,2016-02-02,5.51657,6.679180000000001,0.8259352195928241,22.720416666666665,32.3,15.17,17.129999999999995,55.71333333333333,3.5104166666666665,4
TNP_0007,2016-02-03,5.22172,6.51356,0.8016691333157291,22.46875,31.01,14.88,16.130000000000003,55.13208333333333,3.02,4
TNP_0007,2016-02-04,5.79419,6.5221800000000005,0.8883824120156143,22.72875,31.98,15.89,16.09,57.37625,3.5383333333333336,4
TNP_0007,2016-02-05,6.11707,6.368729999999999,0.9604850574604356,23.45125,31.99,16.08,15.91,59.3,2.73,4
TNP_0007,2016-02-06,5.71894,5.9727,0.9575133524201784,25.051666666666662,32.97,17.4,15.57,59.11333333333334,1.7454166666666666,4
TNP_0007,2016-02-07,5.59403,5.99316,0.933402412083108,26.03708333333333,33.36,19.24,14.12,62.37375,1.7416666666666665,4
TNP_0007,2016-02-08,5.03965,5.45316,0.9241705726587888,26.438333333333333,33.83,20.29,13.54,62.16833333333333,2.5033333333333334,4
TNP_0007,2016-02-09,5.27588,5.78982,0.9112338552839294,26.030833333333334,33.33,20.14,13.189999999999998,60.392500000000005,2.057916666666667,4
TNP_0007,2016-02-10,5.45688,5.829479999999999,0.9360834928672884,26.4025,34.03,19.78,14.25,62.03916666666667,1.6479166666666665,4
TNP_0007,2016-02-11,5.19367,5.83305,0.8903866759242591,26.758333333333336,34.48,19.76,14.719999999999995,60.7625,1.3345833333333337,4
TNP_0007,2016-02-12,5.5928,5.930899999999999,0.9429934748520462,26.185,33.82,19.78,14.04,58.055,1.7891666666666666,4
TNP_0007,2016-02-13,5.6942,5.91456,0.9627427906725098,26.210416666666664,34.44,19.46,14.979999999999997,51.95541666666667,1.9979166666666668,4
TNP_0007,2016-02-14,6.134270000000001,6.3677,0.9633415518947188,25.125833333333333,33.58,18.46,15.119999999999996,53.78541666666666,2.9658333333333338,4
TNP_0007,2016-02-15,6.3156300000000005,6.48463,0.9739383742788718,25.460416666666664,33.69,18.16,15.529999999999998,56.12791666666666,2.7625,4
TNP_0007,2016-02-16,6.26586,6.54083,0.9579609927180496,26.313333333333333,34.13,19.77,14.360000000000005,57.78208333333333,3.546666666666667,4
TNP_0007,2016-02-17,5.3868,5.647390000000001,0.9538565602871414,26.426666666666662,33.45,19.48,13.970000000000002,56.35833333333333,4.582083333333333,4
TNP_0007,2016-02-18,5.40188,6.28087,0.8600528270765038,26.24,33.77,19.72,14.050000000000004,59.20166666666666,4.635,4
TNP_0007,2016-02-19,5.72666,6.1231100000000005,0.9352534904648128,26.49791666666667,34.19,19.28,14.909999999999997,58.01166666666666,3.7,4
TNP_0007,2016-02-20,6.2592,6.52553,0.9591864568854944,27.915000000000003,36.61,20.4,16.21,54.49125,2.3408333333333333,4
TNP_0007,2016-02-21,6.0058,6.56249,0.9151709183556852,28.37625,37.03,21.11,15.920000000000002,57.28333333333333,1.74375,4
TNP_0007,2016-02-22,6.61421,6.79138,0.9739125185161188,27.967916666666667,37.22,20.1,17.119999999999997,47.70791666666667,2.59,4
TNP_0007,2016-02-23,6.633649999999999,7.01612,0.9454869643050574,27.76125,37.32,19.57,17.75,49.36041666666667,1.7491666666666663,4
TNP_0007,2016-02-24,6.189940000000001,6.94426,0.8913750349209276,28.27833333333333,37.48,20.99,16.49,55.95041666666666,1.4475,4
TNP_0007,2016-02-25,5.83579,6.79833,0.8584152284458095,29.078333333333333,37.9,22.05,15.849999999999998,52.255,1.6891666666666667,4
TNP_0007,2016-02-26,6.27312,6.87965,0.9118370847354152,27.97208333333333,35.91,20.71,15.199999999999996,53.26,3.63625,4
TNP_0007,2016-02-27,5.88494,6.726730000000001,0.8748589582159533,27.567916666666665,34.75,20.26,14.489999999999998,55.23208333333333,4.351249999999999,4
TNP_0007,2016-02-28,5.71198,6.817159999999999,0.8378826373445833,28.03625,35.74,21.31,14.430000000000003,56.65083333333333,3.69375,4
TNP_0007,2016-02-29,5.2176,6.639609999999999,0.7858292881660219,25.891666666666666,32.01,21.07,10.939999999999998,57.65208333333334,3.805,4
TNP_0007,2016-03-01,5.84021,6.64034,0.8795046639178115,27.75583333333333,34.86,21.43,13.43,54.227916666666665,3.5525,4
TNP_0007,2016-03-02,6.24274,6.703399999999999,0.9312796491332757,26.93041666666667,33.77,21.56,12.210000000000004,54.4575,3.6925,4
TNP_0007,2016-03-03,6.69466,6.87641,0.9735690571097418,27.140833333333333,35.07,20.92,14.15,48.8825,3.6045833333333337,4
TNP_0007,2016-03-04,5.96482,6.71845,0.8878268052899105,26.04041666666667,33.54,20.41,13.13,44.90416666666667,3.1833333333333336,4
TNP_0007,2016-03-05,6.74196,6.878819999999999,0.9801041457691873,27.530416666666667,35.89,20.17,15.72,47.28041666666667,2.7429166666666664,4
TNP_0007,2016-03-06,6.61567,6.8695900000000005,0.963037095372504,27.88291666666667,36.78,20.82,15.96,46.19458333333333,2.1841666666666666,4
TNP_0007,2016-03-07,5.4907,6.85937,0.8004670982903677,27.680833333333336,36.12,21.05,15.069999999999997,48.13666666666666,2.5454166666666667,4
TNP_0007,2016-03-08,6.58233,6.9441,0.947902535965784,28.64708333333333,37.42,20.64,16.78,46.685833333333335,1.8591666666666664,4
TNP_0007,2016-03-09,5.98199,6.711609999999999,0.8912898693458053,28.51833333333333,35.65,21.92,13.729999999999997,48.005833333333335,1.2125,4
TNP_0007,2016-03-10,5.63905,6.47165,0.8713465654044951,27.93583333333333,34.4,22.49,11.91,50.40375,0.9416666666666668,4
TNP_0007,2016-03-11,5.59574,6.22554,0.8988360849018721,29.482083333333332,38.14,22.08,16.060000000000002,53.45125,1.6004166666666668,4
TNP_0007,2016-03-12,5.82934,6.863,0.8493865656418476,28.9325,35.99,23.53,12.46,61.215,2.1891666666666665,4
TNP_0007,2016-03-13,5.72638,6.91561,0.8280368615349911,29.464166666666667,36.84,23.74,13.100000000000003,58.81041666666667,2.1125000000000003,4
TNP_0007,2016-03-14,6.119140000000001,6.92515,0.8836111853172857,29.512083333333333,36.26,23.39,12.869999999999996,56.16333333333333,1.4070833333333337,4
TNP_0007,2016-03-15,5.44674,6.60758,0.8243169208696679,28.76625,36.64,22.67,13.97,56.834583333333335,2.611666666666667,4
TNP_0007,2016-03-16,6.47462,6.704140000000001,0.9657644380934765,29.497083333333336,37.52,22.26,15.260000000000002,54.437916666666666,1.7166666666666668,4
TNP_0007,2016-03-17,6.43892,6.79032,0.9482498615676436,30.155416666666667,37.44,22.97,14.47,49.84625,1.1979166666666667,4
TNP_0007,2016-03-18,6.458060000000001,6.700069999999999,0.96387948185616,30.645,38.53,23.38,15.150000000000002,46.83125,2.327916666666667,4
TNP_0007,2016-03-19,6.26403,6.94273,0.9022430657680768,30.434583333333336,38.96,23.7,15.260000000000002,52.57041666666667,1.65,4
TNP_0007,2016-03-20,6.643560000000001,7.004980000000001,0.9484052773883724,30.8225,39.66,23.53,16.129999999999995,48.4025,2.10125,4
TNP_0007,2016-03-21,6.14187,6.85221,0.8963341753974264,30.985,39.67,23.32,16.35,49.98583333333334,2.37,4
TNP_0007,2016-03-22,5.53924,6.30087,0.8791230417386805,29.5475,37.58,23.68,13.9,60.81875,3.56375,4
TNP_0007,2016-03-23,5.97222,6.59875,0.9050532297783672,30.415000000000003,37.81,23.86,13.950000000000005,56.59791666666666,2.1708333333333334,4
TNP_0007,2016-03-24,5.9876700000000005,6.7636400000000005,0.8852733143691858,30.80333333333333,38.85,23.76,15.09,46.46125,1.81,4
TNP_0007,2016-03-25,6.40915,6.86407,0.9337244521107738,29.614166666666662,38.33,22.85,15.479999999999997,44.66666666666666,1.9029166666666668,4
TNP_0007,2016-03-26,6.88287,7.084149999999999,0.9715872758199644,29.169166666666666,37.98,22.36,15.619999999999996,38.584583333333335,2.395833333333333,4
TNP_0007,2016-03-27,6.88278,7.17058,0.9598637767098336,29.49416666666667,38.32,21.72,16.6,45.405,1.4441666666666666,4
TNP_0007,2016-03-28,6.448980000000001,7.00087,0.9211683690741296,30.47958333333333,38.61,22.87,15.739999999999998,47.46416666666667,1.75875,4
TNP_0007,2016-03-29,6.360810000000001,7.1241,0.8928580452267656,30.38125,37.92,23.82,14.1,51.31166666666667,1.8083333333333331,4
TNP_0007,2016-03-30,6.6856,7.36658,0.9075581884673756,30.329166666666666,38.31,23.69,14.62,49.07125,1.6629166666666666,4
TNP_0007,2016-03-31,6.32095,6.95813,0.9084265456379804,29.3875,36.65,23.27,13.38,50.867916666666666,1.372083333333333,4
TNP_0007,2016-04-01,6.90822,7.17708,0.9625390827467438,30.05125,38.52,22.92,15.6,49.6025,2.32625,4
TNP_0007,2016-04-02,6.472189999999999,7.1189,0.9091559089185126,30.727083333333336,39.04,23.66,15.38,50.53125,2.6633333333333336,4
TNP_0007,2016-04-03,6.01851,6.80579,0.8843220258044988,30.945,39.75,23.64,16.11,48.26875,1.8445833333333332,4
TNP_0007,2016-04-04,6.2143500000000005,7.1327,0.8712479145344681,30.80708333333333,39.66,23.55,16.109999999999996,45.66125,2.1316666666666664,4
TNP_0007,2016-04-05,6.09045,6.82446,0.8924442373462516,30.446250000000003,39.24,23.32,15.920000000000002,53.6,2.4441666666666664,4
TNP_0007,2016-04-06,6.07943,6.94078,0.8759001149726688,30.345416666666665,39.06,23.82,15.240000000000002,55.812916666666666,2.6333333333333333,4
TNP_0007,2016-04-07,6.41009,6.84817,0.93602962543278,31.046666666666667,38.64,23.63,15.010000000000002,54.9875,1.8908333333333331,4
TNP_0007,2016-04-08,5.52787,6.69041,0.8262378538833943,28.973333333333333,36.05,24.22,11.829999999999998,67.12541666666667,2.212916666666666,4
TNP_0007,2016-04-09,2.93462,6.00907,0.488365088108476,26.22125,31.01,23.16,7.850000000000001,80.19041666666666,2.056666666666666,4
TNP_0007,2016-04-10,6.0623000000000005,6.69695,0.9052329791920204,28.155,35.03,22.93,12.1,68.06291666666667,1.5770833333333334,4
TNP_0007,2016-04-11,6.28226,6.95457,0.9033283150503914,29.317083333333333,36.89,22.69,14.2,64.19708333333334,2.2279166666666668,4
TNP_0007,2016-04-12,6.43115,6.979010000000001,0.921498894542349,29.17125,37.29,23.94,13.349999999999998,66.33624999999999,3.67,4
TNP_0007,2016-04-13,6.19631,7.111890000000001,0.8712606634804531,29.695833333333336,37.25,24.25,13.0,64.22083333333333,3.627916666666666,4
TNP_0007,2016-04-14,5.300979999999999,6.22039,0.8521941550288646,29.276666666666667,35.67,24.91,10.760000000000002,68.09708333333333,2.7870833333333334,4
TNP_0007,2016-04-15,5.60282,6.42108,0.8725666087324873,30.065416666666668,37.22,24.94,12.279999999999998,64.46916666666667,2.160833333333333,4
TNP_0007,2016-04-16,5.317189999999999,6.67073,0.7970926720164059,29.352500000000003,36.3,23.91,12.389999999999995,63.901250000000005,2.513333333333333,4
TNP_0007,2016-04-17,5.88524,6.69385,0.87920105768728,30.295,38.91,23.66,15.249999999999996,59.35041666666667,2.5108333333333333,4
TNP_0007,2016-04-18,6.48245,7.07167,0.9166788042994088,30.902916666666663,39.55,24.14,15.409999999999997,53.82958333333334,1.96875,4
TNP_0007,2016-04-19,6.50715,7.08814,0.9180335038529148,31.047916666666666,39.36,24.38,14.98,54.64875,1.9579166666666667,4
TNP_0007,2016-04-20,5.42224,6.96825,0.7781351128332077,30.49833333333333,38.43,24.19,14.239999999999998,57.95083333333333,2.56875,4
TNP_0007,2016-04-21,5.41757,6.82862,0.7933623484686511,30.049166666666665,38.69,23.98,14.709999999999996,62.30583333333333,3.394166666666667,4
TNP_0007,2016-04-22,6.71881,7.11554,0.9442445689294136,30.539583333333336,39.58,23.74,15.84,56.89666666666667,3.91875,4
TNP_0007,2016-04-23,6.15255,7.10796,0.8655859065048199,30.297083333333333,39.41,24.07,15.339999999999996,58.34166666666667,3.95625,4
TNP_0007,2016-04-24,6.12193,7.01376,0.8728456633816953,31.135,41.13,23.85,17.28,56.18083333333333,3.640833333333333,4
TNP_0007,2016-04-25,6.11605,6.92469,0.8832236533332178,30.676666666666662,38.68,24.76,13.919999999999998,56.5025,2.9600000000000004,4
TNP_0007,2016-04-26,6.543010000000001,6.95855,0.9402835360815114,31.0625,38.28,24.64,13.64,52.38958333333333,2.11,4
TNP_0007,2016-04-27,6.103479999999999,7.08204,0.8618251238343753,30.430833333333336,37.47,25.11,12.36,55.32833333333334,2.03625,4
TNP_0007,2016-04-28,6.29507,7.102399999999999,0.8863299729668845,30.365416666666665,38.5,24.92,13.579999999999998,56.062916666666666,1.7425,4
TNP_0007,2016-04-29,6.05837,7.19468,0.8420624683794137,31.06458333333333,38.8,24.68,14.119999999999996,50.504583333333336,2.025416666666666,4
TNP_0007,2016-04-30,6.53092,7.11536,0.9178622023341054,30.95958333333333,39.17,24.52,14.650000000000002,52.40541666666667,2.085833333333333,4
TNP_0007,2016-05-01,6.91595,7.33623,0.9427117197797776,30.49,38.41,24.61,13.799999999999995,57.39958333333333,2.8166666666666664,4
TNP_0007,2016-05-02,6.782940000000001,7.232810000000001,0.9378014907069314,31.1875,39.98,24.34,15.639999999999995,55.05291666666667,3.3508333333333336,4
TNP_0007,2016-05-03,6.99352,7.26174,0.9630639488607414,30.61125,38.69,24.22,14.47,57.02875,2.9170833333333337,4
TNP_0007,2016-05-04,6.1187,7.10433,0.8612634829744676,30.37833333333333,37.53,24.83,12.700000000000005,56.56375,2.2333333333333334,4
TNP_0007,2016-05-05,5.328900000000001,6.79122,0.7846749184977074,28.389166666666668,33.33,24.52,8.809999999999999,67.76083333333334,1.60875,4
TNP_0007,2016-05-06,5.5695,6.7998,0.8190682078884672,28.4125,34.53,24.43,10.1,70.53166666666667,1.52125,4
TNP_0007,2016-05-07,6.21324,6.82245,0.9107050986082712,27.36916666666667,31.94,24.36,7.580000000000002,76.33333333333333,1.1104166666666666,4
TNP_0007,2016-05-08,5.70887,6.88242,0.8294858494541165,26.78458333333333,30.87,23.75,7.120000000000001,79.29125,1.3741666666666668,4
TNP_0007,2016-05-09,5.92752,6.60621,0.8972648462582933,27.54958333333333,31.39,23.71,7.68,70.39291666666666,1.7420833333333334,4
TNP_0007,2016-05-10,5.198390000000001,6.79455,0.765082308614993,27.7775,33.71,23.41,10.3,69.91541666666667,1.5708333333333335,4
TNP_0007,2016-05-11,5.67028,6.85168,0.8275751348574364,26.52875,31.75,22.72,9.03,74.19708333333334,1.0533333333333337,4
TNP_0007,2016-05-12,5.3533100000000005,6.8179300000000005,0.785181132689834,26.723333333333333,32.19,22.61,9.579999999999998,74.675,2.4966666666666666,4
TNP_0007,2016-05-13,6.08272,6.97605,0.8719432916908566,28.418333333333333,35.62,23.14,12.479999999999997,70.3225,2.02125,4
TNP_0007,2016-05-14,5.18052,6.504479999999999,0.7964541362261088,28.5925,35.3,23.39,11.909999999999997,71.89375,1.4204166666666664,4
TNP_0007,2016-05-15,4.7994200000000005,6.545400000000001,0.7332508326458276,27.9575,34.36,23.63,10.73,69.85375,1.95375,4
TNP_0007,2016-05-16,1.48183,6.85808,0.2160706786739145,26.545,31.73,23.1,8.629999999999999,78.01166666666667,1.82,4
TNP_0007,2016-05-17,2.1418000000000004,6.42709,0.3332456835052878,26.2575,30.97,23.04,7.93,72.33999999999999,2.9095833333333334,4
TNP_0007,2016-05-18,3.87234,6.577,0.5887699559069485,25.675416666666667,29.42,23.5,5.920000000000002,82.74958333333333,4.884166666666666,4
TNP_0007,2016-05-19,4.28237,6.433260000000001,0.6656609557207388,26.265833333333333,30.23,23.35,6.879999999999999,80.92666666666666,4.852083333333334,4
TNP_0007,2016-05-20,4.219930000000001,6.36215,0.6632867819840779,25.544166666666666,29.97,22.45,7.52,78.4975,4.755416666666666,4
TNP_0007,2016-05-21,5.0774,6.748399999999999,0.7523857506964614,27.43458333333333,32.95,22.74,10.210000000000004,75.2775,4.540416666666666,4
TNP_0007,2016-05-22,6.53383,6.97086,0.9373061573464392,27.49708333333333,32.75,23.7,9.05,75.74791666666667,4.59125,4
TNP_0007,2016-05-23,6.274430000000001,7.02965,0.8925664862404246,28.004583333333333,34.17,23.68,10.490000000000002,73.53125,4.82875,4
TNP_0007,2016-05-24,6.41899,7.13459,0.8996999126789346,28.099166666666665,34.72,23.59,11.13,70.83166666666666,5.258333333333334,4
TNP_0007,2016-05-25,5.35968,7.22227,0.7421046291539918,27.14583333333333,31.92,23.53,8.39,76.8325,4.5841666666666665,4
TNP_0007,2016-05-26,5.68884,7.196689999999999,0.7904800679201134,26.054166666666664,30.15,22.4,7.75,79.79666666666667,3.83125,4
TNP_0007,2016-05-27,5.57349,6.92416,0.8049337392550143,26.574583333333333,32.8,22.34,10.459999999999996,77.77666666666667,2.9066666666666667,4
TNP_0007,2016-05-28,5.13922,6.871029999999999,0.7479548190009359,25.676666666666662,30.01,23.19,6.82,83.5775,3.67375,4
TNP_0007,2016-05-29,4.34466,6.99974,0.6206887684399707,24.97875,28.76,22.27,6.490000000000002,80.48041666666667,3.56625,4
TNP_0007,2016-05-30,5.1239,7.01368,0.7305579952321748,25.48125,30.2,22.25,7.949999999999999,79.9525,3.77625,4
TNP_0007,2016-05-31,4.51822,6.93275,0.6517211784645343,26.215,31.36,22.27,9.09,77.93458333333334,3.3708333333333336,4
TNP_0007,2016-06-01,4.608029999999999,6.9612300000000005,0.6619562922069805,25.293333333333333,29.69,22.45,7.240000000000002,83.67625,3.2929166666666667,4
TNP_0007,2016-06-02,4.63186,6.90099,0.6711877571189061,24.81458333333333,28.3,22.43,5.870000000000001,86.195,2.772083333333333,4
TNP_0007,2016-06-03,5.14929,6.75302,0.7625166221927374,24.55375,28.58,22.18,6.399999999999999,86.18791666666668,4.29125,4
TNP_0007,2016-06-04,3.46965,6.74691,0.514257637940924,25.69,30.43,22.22,8.21,81.75166666666667,3.950416666666667,4
TNP_0007,2016-06-05,3.83851,6.807810000000001,0.563839178825496,25.68125,31.1,22.48,8.620000000000001,79.13000000000001,4.5183333333333335,4
TNP_0007,2016-06-06,4.6443900000000005,7.08308,0.6557020392258736,26.097916666666663,31.04,22.43,8.61,79.24249999999999,4.369583333333334,4
TNP_0007,2016-06-07,3.31842,6.77535,0.4897783878323629,25.545416666666668,29.18,23.31,5.870000000000001,86.74458333333332,3.731666666666667,4
TNP_0007,2016-06-08,1.80724,6.76007,0.2673404269482416,24.50208333333333,27.97,21.66,6.309999999999999,87.03125,4.077083333333333,4
TNP_0007,2016-06-09,3.65174,6.52061,0.5600304266011923,24.9875,29.21,21.27,7.940000000000001,84.20791666666666,4.505416666666666,4
TNP_0007,2016-06-10,2.93508,6.73026,0.4361020228044682,24.460416666666664,28.82,21.4,7.420000000000002,83.95666666666666,6.076666666666667,4
TNP_0007,2016-06-11,3.71813,6.86997,0.5412148815788133,24.88208333333333,29.22,22.0,7.219999999999999,83.43333333333334,5.1433333333333335,4
TNP_0007,2016-06-12,5.02096,6.916390000000001,0.7259509657494733,25.374583333333334,30.5,21.95,8.55,80.14999999999999,5.059166666666667,4
TNP_0007,2016-06-13,4.53833,6.97393,0.6507564601308015,24.441666666666663,28.43,20.87,7.559999999999999,83.29,4.528333333333333,4
TNP_0007,2016-06-14,4.8326,6.974600000000001,0.6928856135118859,25.36791666666667,30.61,21.65,8.96,78.82083333333334,5.298333333333333,4
TNP_0007,2016-06-15,5.985480000000001,7.288270000000001,0.8212483895355139,25.24625,30.45,21.71,8.739999999999998,77.7025,5.9375,4
TNP_0007,2016-06-16,3.36565,6.8912,0.4883982470397028,25.512916666666666,30.34,22.03,8.309999999999999,80.02875,5.412083333333334,4
TNP_0007,2016-06-17,4.824439999999999,6.872,0.7020430733410942,23.892916666666665,27.6,21.05,6.550000000000001,83.69833333333334,4.031666666666667,4
TNP_0007,2016-06-18,3.0048600000000003,6.54337,0.4592220828105396,24.116666666666664,29.16,20.4,8.760000000000002,79.47375000000001,4.365833333333334,4
TNP_0007,2016-06-19,4.51392,6.81939,0.6619243070127973,24.32041666666667,30.03,20.37,9.66,80.06916666666667,4.269583333333333,4
TNP_0007,2016-06-20,3.55477,6.90829,0.5145658332235619,24.03125,28.62,21.1,7.52,82.46041666666666,4.429583333333333,4
TNP_0007,2016-06-21,3.65967,6.851430000000001,0.5341468861245025,23.387083333333333,28.44,19.49,8.950000000000003,81.42625,4.4825,4
TNP_0007,2016-06-22,3.539,6.79038,0.5211784907472041,23.670416666666668,28.53,19.63,8.900000000000002,80.12375,5.535833333333334,4
TNP_0007,2016-06-23,4.30341,6.86454,0.6269043519303551,22.647916666666664,26.24,20.05,6.189999999999998,81.57291666666667,5.71125,4
TNP_0007,2016-06-24,3.16656,6.49503,0.4875358543378553,24.021666666666665,29.29,20.35,8.939999999999998,74.52666666666666,5.83875,4
TNP_0007,2016-06-25,4.09163,6.54112,0.6255243750305758,24.67708333333333,29.67,20.41,9.260000000000002,76.5025,5.309583333333333,4
TNP_0007,2016-06-26,3.71179,6.39883,0.5800732321377502,24.7075,29.4,21.28,8.119999999999997,81.34916666666668,5.244583333333334,4
TNP_0007,2016-06-27,2.62571,6.5933,0.3982391215324648,24.19875,28.04,21.7,6.34,84.21291666666667,5.451666666666667,4
TNP_0007,2016-06-28,1.55143,6.54648,0.2369868998301377,24.22833333333333,28.57,21.84,6.73,85.105,6.0320833333333335,4
TNP_0007,2016-06-29,2.85893,6.77672,0.4218751844550166,23.925833333333333,26.67,21.93,4.740000000000002,86.10000000000001,6.751666666666666,4
TNP_0007,2016-06-30,4.09334,6.5955200000000005,0.6206243025568872,24.29833333333333,27.53,22.07,5.460000000000001,83.28916666666667,6.767916666666667,4
TNP_0007,2016-07-01,5.01499,6.96893,0.7196212331017817,24.61791666666667,28.39,22.36,6.030000000000001,80.48916666666666,7.531666666666666,4
TNP_0007,2016-07-02,5.52987,6.81971,0.8108658579323754,24.649583333333336,28.57,21.87,6.699999999999999,80.26916666666666,6.762083333333333,4
TNP_0007,2016-07-03,5.75488,6.84209,0.8410997224532271,24.70458333333333,29.71,21.5,8.21,77.57041666666667,6.392499999999999,4
TNP_0007,2016-07-04,2.95348,6.8658,0.4301727402487692,24.237916666666667,28.19,21.49,6.700000000000003,83.41208333333333,4.742500000000001,4
TNP_0007,2016-07-05,4.08146,6.87282,0.5938552151809592,24.915000000000003,29.06,21.91,7.149999999999999,84.02666666666667,4.575,4
TNP_0007,2016-07-06,2.59161,6.86455,0.3775353082139397,24.512916666666666,28.31,21.69,6.619999999999997,86.62541666666665,4.5441666666666665,4
TNP_0007,2016-07-07,4.00375,6.81449,0.5875347971748436,24.05333333333333,28.52,21.25,7.27,80.90708333333333,4.7908333333333335,4
TNP_0007,2016-07-08,2.7968800000000003,6.8528,0.4081368199859911,23.839583333333334,27.57,21.21,6.359999999999999,84.43916666666667,6.178333333333334,4
TNP_0007,2016-07-09,3.32706,6.66065,0.4995098076013602,24.174166666666665,26.76,21.9,4.860000000000003,86.20625,6.78875,4
TNP_0007,2016-07-10,3.47715,6.64269,0.5234551062897712,24.46083333333333,28.13,22.2,5.93,84.19625,7.57125,4
TNP_0007,2016-07-11,3.56063,6.621239999999999,0.537758788384049,24.33333333333333,27.94,22.16,5.780000000000001,83.91666666666667,7.209166666666667,4
TNP_0007,2016-07-12,3.70959,6.38513,0.5809732926346056,24.067083333333333,27.41,21.86,5.550000000000001,84.09375,6.135000000000001,4
TNP_0007,2016-07-13,4.52203,6.69149,0.6757882026275165,24.3,28.52,21.0,7.52,82.98458333333333,5.159166666666667,4
TNP_0007,2016-07-14,4.11991,6.85234,0.6012413277799993,24.559166666666663,29.42,20.97,8.450000000000003,82.86291666666666,4.255416666666666,4
TNP_0007,2016-07-15,4.6306,6.80267,0.6807033120818737,24.72,29.61,21.26,8.349999999999998,83.84,3.692083333333333,4
TNP_0007,2016-07-16,4.09299,6.7523800000000005,0.6061551630684292,23.535416666666663,27.02,20.6,6.419999999999998,87.47333333333334,2.671666666666667,4
TNP_0007,2016-07-17,4.41498,6.76967,0.6521706375643126,23.52541666666667,27.96,20.5,7.460000000000001,86.28625,2.91,4
TNP_0007,2016-07-18,4.45675,6.934189999999999,0.6427210676373161,22.62625,26.62,19.47,7.150000000000002,86.82125,3.554583333333333,4
TNP_0007,2016-07-19,5.63662,6.9476700000000005,0.8112964490253566,23.346666666666668,27.44,19.5,7.940000000000001,84.86541666666666,3.346666666666667,4
TNP_0007,2016-07-20,4.120610000000001,6.5388,0.6301783201810731,24.385,29.49,20.79,8.7,81.09541666666667,4.088333333333334,4
TNP_0007,2016-07-21,3.98122,6.66702,0.5971513509783981,23.694166666666664,28.07,20.76,7.309999999999999,82.91791666666667,5.147083333333334,4
TNP_0007,2016-07-22,4.584269999999999,6.84273,0.6699475209455873,23.74458333333333,27.96,20.71,7.25,83.60125000000001,5.175,4
TNP_0007,2016-07-23,3.88049,6.79492,0.5710869296474426,23.875833333333333,27.93,21.08,6.850000000000001,84.01041666666667,4.944583333333333,4
TNP_0007,2016-07-24,4.3238,6.887269999999999,0.6277959191377717,23.855416666666667,27.71,20.73,6.98,84.85625,3.8233333333333337,4
TNP_0007,2016-07-25,4.961399999999999,7.01741,0.707012986272713,23.83791666666667,28.05,20.72,7.330000000000002,86.05125,2.945,4
TNP_0007,2016-07-26,4.60568,7.01368,0.6566709630322456,23.571250000000003,27.17,20.95,6.220000000000002,87.16875,2.19875,4
TNP_0007,2016-07-27,4.609229999999999,6.83155,0.6746975430173239,23.59208333333333,28.05,20.38,7.670000000000002,84.88000000000001,2.3604166666666666,4
TNP_0007,2016-07-28,4.87766,6.96483,0.7003272154524949,24.19666666666667,29.9,20.76,9.139999999999995,84.10000000000001,2.58,4
TNP_0007,2016-07-29,4.59097,6.77011,0.6781233982904267,23.60291666666667,27.84,20.14,7.699999999999999,85.40333333333332,3.4604166666666667,4
TNP_0007,2016-07-30,4.923220000000001,6.8752200000000006,0.7160818126547224,23.28458333333333,28.09,19.92,8.169999999999998,84.40291666666667,4.059166666666667,4
TNP_0007,2016-07-31,5.24095,7.08176,0.7400632046270983,24.0125,29.05,19.97,9.080000000000002,82.96958333333333,4.756666666666667,4
TNP_0007,2016-08-01,4.62518,6.99845,0.6608863391179476,23.638333333333332,28.1,20.67,7.43,84.46625,5.623333333333334,4
TNP_0007,2016-08-02,4.71242,7.2111,0.6534953058479288,23.69083333333333,28.4,20.69,7.709999999999997,83.54958333333333,6.552499999999999,4
TNP_0007,2016-08-03,4.87331,7.15421,0.6811807313455993,23.827916666666667,27.94,21.38,6.560000000000002,84.03458333333333,6.49125,4
TNP_0007,2016-08-04,4.85766,7.02327,0.6916521791131481,23.914583333333336,27.64,21.36,6.280000000000001,82.89916666666666,6.18375,4
TNP_0007,2016-08-05,3.19028,6.799150000000001,0.4692174757138759,23.567916666666665,26.99,21.26,5.729999999999997,84.83749999999999,5.648333333333333,4
TNP_0007,2016-08-06,5.29821,7.1658,0.7393745290128109,23.887916666666666,28.28,21.04,7.240000000000002,83.65166666666667,5.15625,4
TNP_0007,2016-08-07,4.48237,7.1875,0.6236340869565217,24.22125,29.03,20.74,8.290000000000003,82.64833333333333,4.845416666666667,4
TNP_0007,2016-08-08,5.17399,7.08204,0.7305790421968811,24.12333333333333,28.45,20.69,7.759999999999998,83.65833333333333,3.869166666666666,4
TNP_0007,2016-08-09,5.26674,7.14921,0.7366883893465151,24.5225,29.88,20.8,9.079999999999998,81.49958333333333,4.584583333333334,4
TNP_0007,2016-08-10,4.97474,7.1408000000000005,0.6966642393009186,24.425,29.5,20.79,8.71,82.00958333333334,4.15625,4
TNP_0007,2016-08-11,5.6178,7.15262,0.7854184900078572,24.550833333333333,29.59,20.67,8.919999999999998,81.69625,4.090416666666667,4
TNP_0007,2016-08-12,4.8872,7.08924,0.6893827829217236,24.55875,29.64,20.68,8.96,83.02916666666667,4.203333333333333,4
TNP_0007,2016-08-13,4.94317,7.02034,0.704121167920642,24.732083333333332,29.67,21.42,8.25,81.57791666666667,4.7175,4
TNP_0007,2016-08-14,4.0853600000000005,6.85365,0.5960852976151395,24.3575,29.75,21.01,8.739999999999998,82.14083333333333,4.8975,4
TNP_0007,2016-08-15,4.90162,6.91833,0.7084975709455895,24.260416666666668,29.19,20.97,8.220000000000002,81.38958333333333,5.55875,4
TNP_0007,2016-08-16,4.68179,7.06187,0.6629674576280787,24.034166666666668,28.78,20.93,7.850000000000001,82.64833333333333,6.046666666666667,4
TNP_0007,2016-08-17,4.69728,6.927449999999999,0.6780676872442242,24.223333333333333,29.47,20.93,8.54,82.31208333333333,5.462083333333333,4
TNP_0007,2016-08-18,4.99268,7.0877300000000005,0.7044117086852912,24.42875,29.82,20.96,8.86,81.28583333333334,4.9904166666666665,4
TNP_0007,2016-08-19,5.16858,7.09512,0.7284697087575686,24.84958333333333,30.65,20.72,9.93,80.1025,4.4875,4
TNP_0007,2016-08-20,5.66583,7.04832,0.8038553868155816,24.97833333333333,30.08,20.76,9.319999999999997,80.05333333333333,3.594583333333333,4
TNP_0007,2016-08-21,5.82026,6.93046,0.8398086129924998,25.5075,31.57,20.64,10.93,77.63583333333334,3.824583333333333,4
TNP_0007,2016-08-22,5.21508,6.76661,0.7707079320368692,25.215,30.52,21.4,9.12,79.28083333333333,3.7525,4
TNP_0007,2016-08-23,4.88369,6.86624,0.7112611851610198,24.28833333333333,28.9,21.27,7.629999999999999,83.54541666666667,3.98,4
TNP_0007,2016-08-24,5.19479,6.990399999999999,0.7431320096131839,24.57375,29.03,21.22,7.810000000000002,83.26833333333333,4.148333333333333,4
TNP_0007,2016-08-25,4.81704,6.988180000000001,0.6893125248634121,24.1725,28.25,21.42,6.829999999999998,84.70583333333333,4.442083333333334,4
TNP_0007,2016-08-26,4.93809,6.943149999999999,0.7112175309477687,24.5725,30.1,21.26,8.84,82.86166666666666,4.055416666666667,4
TNP_0007,2016-08-27,4.30119,6.78029,0.6343666716320393,23.77125,27.62,21.09,6.530000000000001,85.26166666666667,4.440833333333333,4
TNP_0007,2016-08-28,4.74844,6.921270000000001,0.6860648407012007,24.189166666666665,29.0,20.61,8.39,81.64166666666667,4.166250000000001,4
TNP_0007,2016-08-29,4.94591,7.131819999999999,0.6934989946465279,24.374166666666667,30.3,20.47,9.830000000000002,78.86,4.370416666666666,4
TNP_0007,2016-08-30,2.82403,6.9988,0.4035020289192433,23.255,28.0,19.67,8.329999999999998,83.84958333333333,4.014166666666667,4
TNP_0007,2016-08-31,4.02952,6.9165600000000005,0.5825901893426789,22.396666666666665,27.68,18.15,9.53,81.63083333333334,4.009166666666666,4
TNP_0007,2016-09-01,4.33807,7.00179,0.6195658538745092,22.625416666666663,28.0,18.14,9.86,80.95833333333333,3.8791666666666655,4
TNP_0007,2016-09-02,3.41741,6.75155,0.5061667320837437,22.8075,27.66,19.33,8.330000000000002,81.26625,4.369166666666667,4
TNP_0007,2016-09-03,5.492019999999999,6.98816,0.785903585493177,23.6425,28.25,19.91,8.34,82.90833333333333,3.51125,4
TNP_0007,2016-09-04,4.787769999999999,7.10549,0.6738127841992599,23.81625,28.34,20.63,7.710000000000001,81.76875,3.5341666666666662,4
TNP_0007,2016-09-05,5.51623,7.15128,0.7713626092112181,24.01375,29.4,20.15,9.25,80.14625,3.845,4
TNP_0007,2016-09-06,5.1517,6.892390000000001,0.7474475472223713,23.6375,28.72,19.72,9.0,80.78125,4.2250000000000005,4
TNP_0007,2016-09-07,6.1953000000000005,7.23567,0.8562164941187203,23.43208333333333,28.91,19.58,9.330000000000002,79.655,3.863333333333333,4
TNP_0007,2016-09-08,5.42208,7.26276,0.7465591593278589,24.06458333333333,29.58,20.03,9.549999999999995,78.80624999999999,3.845833333333333,4
TNP_0007,2016-09-09,5.18762,7.00916,0.7401200714493605,24.88416666666667,30.78,20.54,10.240000000000002,75.20833333333333,2.8783333333333334,4
TNP_0007,2016-09-10,5.73358,6.90925,0.8298411549734052,24.3025,29.49,20.14,9.349999999999998,80.18291666666667,3.064166666666667,4
TNP_0007,2016-09-11,5.65673,7.09953,0.7967752794903324,24.558333333333334,31.19,19.82,11.37,77.18625,3.563333333333333,4
TNP_0007,2016-09-12,5.72533,7.09022,0.8074968054587868,24.287916666666664,30.01,20.51,9.5,77.07000000000001,3.4620833333333336,4
TNP_0007,2016-09-13,4.9230100000000006,6.87149,0.7164399569816736,24.95583333333333,30.53,20.51,10.02,78.175,3.61125,4
TNP_0007,2016-09-14,4.56129,6.89451,0.6615829116209853,24.93875,30.96,20.35,10.61,79.11416666666666,3.9825,4
TNP_0007,2016-09-15,4.78906,7.014729999999999,0.6827148015675586,24.502916666666668,30.53,20.15,10.380000000000004,80.21374999999999,4.147916666666666,4
TNP_0007,2016-09-16,4.79589,7.08245,0.6771512682758085,24.424166666666665,30.14,20.9,9.240000000000002,82.25166666666667,4.499583333333333,4
TNP_0007,2016-09-17,5.507680000000001,7.01857,0.7847296529065039,24.452916666666667,30.7,20.68,10.02,79.18458333333334,4.270833333333333,4
TNP_0007,2016-09-18,4.5435,6.97931,0.6509955855234973,24.192916666666665,29.98,20.37,9.61,80.21875,4.185,4
TNP_0007,2016-09-19,5.68776,7.19407,0.7906178282946927,24.989166666666662,31.27,20.08,11.19,76.68875,3.8204166666666666,4
TNP_0007,2016-09-20,5.6364600000000005,6.99682,0.8055745324304471,25.040000000000003,31.79,19.85,11.939999999999998,75.3,4.12625,4
TNP_0007,2016-09-21,5.11562,6.98233,0.7326522808288923,24.894583333333333,31.49,20.73,10.759999999999998,77.58041666666666,4.27875,4
TNP_0007,2016-09-22,5.31982,6.95793,0.7645693474927169,24.187916666666663,29.81,20.39,9.419999999999998,76.96708333333333,4.71625,4
TNP_0007,2016-09-23,5.00872,6.95117,0.7205578341487836,24.605416666666667,31.05,20.15,10.900000000000002,77.29083333333334,5.377916666666667,4
TNP_0007,2016-09-24,5.22788,6.96884,0.7501793698807836,24.223333333333333,30.56,20.46,10.099999999999998,78.83666666666666,5.511666666666667,4
TNP_0007,2016-09-25,4.23451,6.77184,0.6253115844438144,24.41625,30.51,19.8,10.71,78.86041666666667,4.909166666666667,4
TNP_0007,2016-09-26,4.24034,6.8454,0.6194437140269378,24.80958333333333,32.15,19.68,12.47,77.03750000000001,4.265833333333333,4
TNP_0007,2016-09-27,5.35507,6.7946800000000005,0.7881268875061076,24.749583333333334,30.84,20.81,10.03,80.68541666666667,3.2891666666666666,4
TNP_0007,2016-09-28,4.455979999999999,6.69546,0.665522607856667,25.01375,29.8,21.78,8.02,80.52625,3.25125,4
TNP_0007,2016-09-29,3.87672,6.30396,0.6149658310014657,24.316666666666663,28.76,21.01,7.75,82.67833333333333,3.4375,4
TNP_0007,2016-09-30,5.10654,6.6211400000000005,0.771247851578429,24.73583333333333,31.12,20.64,10.48,76.22291666666666,4.10875,4
TNP_0007,2016-10-01,6.11595,6.9031400000000005,0.8859663863111569,23.63,29.38,19.28,10.099999999999998,78.21958333333333,3.2025,4
TNP_0007,2016-10-02,6.25089,7.00309,0.8925902708661462,25.467916666666667,33.29,19.1,14.189999999999998,72.42125,2.9737500000000003,4
TNP_0007,2016-10-03,6.27021,6.87861,0.9115518978398252,25.68541666666667,32.89,20.22,12.670000000000002,73.31541666666666,2.733333333333333,4
TNP_0007,2016-10-04,5.6997,6.72313,0.8477747715721695,26.12291666666667,33.67,20.48,13.19,69.49041666666666,3.6029166666666663,4
TNP_0007,2016-10-05,6.15713,6.96066,0.8845612341358435,25.38208333333333,32.52,20.73,11.790000000000004,72.46416666666667,3.407083333333333,4
TNP_0007,2016-10-06,6.54182,7.04961,0.9279690649553664,25.4025,33.54,19.87,13.669999999999998,67.58708333333333,3.422916666666667,4
TNP_0007,2016-10-07,5.97945,7.00559,0.8535255417459486,24.25791666666667,30.64,19.52,11.12,70.28,3.0658333333333334,4
TNP_0007,2016-10-08,5.28368,6.91635,0.7639405177586444,25.207916666666662,32.06,19.71,12.35,73.14291666666666,3.89375,4
TNP_0007,2016-10-09,5.71677,6.769690000000001,0.8444655515983743,25.265416666666667,32.9,20.47,12.43,71.25791666666667,4.307083333333334,4
TNP_0007,2016-10-10,5.578729999999999,7.03241,0.7932885028034485,25.133750000000003,32.92,19.88,13.040000000000004,67.78500000000001,4.253333333333333,4
TNP_0007,2016-10-11,4.8872,6.91892,0.7063530146323415,24.79083333333333,31.71,19.69,12.02,73.585,3.867083333333333,4
TNP_0007,2016-10-12,4.93431,6.62058,0.7452987502605511,24.598333333333333,29.74,20.68,9.06,80.71666666666667,2.005,4
TNP_0007,2016-10-13,4.1488000000000005,6.03554,0.6873949969679598,24.249583333333334,28.34,21.11,7.23,86.11,1.2958333333333334,4
TNP_0007,2016-10-14,3.91052,5.74336,0.6808766993536884,25.16125,31.44,20.75,10.69,73.40291666666667,1.4429166666666668,4
TNP_0007,2016-10-15,3.9105,5.68408,0.6879741312578289,24.887916666666666,29.98,21.38,8.600000000000001,78.625,1.1020833333333333,4
TNP_0007,2016-10-16,5.31412,5.86349,0.9063066535459258,25.15375,30.5,21.44,9.06,78.24958333333333,1.3979166666666665,4
TNP_0007,2016-10-17,4.402340000000001,5.726100000000001,0.7688199647229353,24.83375,30.52,21.16,9.36,79.19833333333334,2.2133333333333334,4
TNP_0007,2016-10-18,5.4385900000000005,6.02253,0.9030407486554656,26.06833333333333,33.94,20.15,13.79,66.63916666666667,2.106666666666667,4
TNP_0007,2016-10-19,4.94016,5.723199999999999,0.863181436958345,25.846666666666668,32.91,19.89,13.019999999999996,69.76208333333334,2.83625,4
TNP_0007,2016-10-20,3.98914,5.2241,0.7636033000899677,25.55708333333333,32.48,20.57,11.909999999999997,73.22041666666667,2.42375,4
TNP_0007,2016-10-21,3.79311,4.9773000000000005,0.7620818516062925,24.09166666666667,28.98,20.22,8.760000000000002,78.15583333333333,2.09125,4
TNP_0007,2016-10-22,3.40625,5.40936,0.6296955647248473,24.788750000000004,31.43,20.23,11.2,74.05875,2.733333333333333,4
TNP_0007,2016-10-23,4.26996,5.88318,0.7257911537637808,25.27625,32.86,19.95,12.91,72.64291666666666,3.0050000000000003,4
TNP_0007,2016-10-24,4.979100000000001,5.859310000000001,0.8497758268465059,25.48125,32.36,20.22,12.14,71.23125,2.2020833333333334,4
TNP_0007,2016-10-25,4.60113,5.376060000000001,0.8558554033995156,25.18583333333333,31.79,20.63,11.16,74.07791666666667,2.431666666666666,4
TNP_0007,2016-10-26,4.8116,5.491680000000001,0.8761617574221368,25.55625,32.47,20.32,12.15,73.5275,1.7720833333333337,4
TNP_0007,2016-10-27,3.3437,5.3277,0.6276066595341329,25.72791666666667,32.39,20.75,11.64,72.5725,2.1166666666666667,4
TNP_0007,2016-10-28,5.34225,5.74875,0.9292889758643182,26.59583333333333,34.31,21.2,13.110000000000005,67.86291666666666,2.702916666666667,4
TNP_0007,2016-10-29,4.3013900000000005,5.7918,0.7426689457508893,26.27875,33.62,21.55,12.069999999999997,70.84958333333334,2.8675,4
TNP_0007,2016-10-30,4.3655,5.03167,0.867604592511035,26.078333333333333,31.53,21.78,9.75,72.71458333333334,1.6925,4
TNP_0007,2016-10-31,3.0445900000000004,5.65366,0.5385166423166587,23.005416666666665,27.45,20.53,6.919999999999998,82.01666666666667,1.7291666666666667,4
TNP_0007,2016-11-01,4.95826,5.96515,0.8312045799351233,24.700416666666666,31.19,20.33,10.860000000000005,71.43083333333333,1.9991666666666663,4
TNP_0007,2016-11-02,4.6322,6.01196,0.7704974750331007,25.35,32.05,20.17,11.879999999999995,75.28166666666667,2.1704166666666667,4
TNP_0007,2016-11-03,4.77487,5.79851,0.8234649935931816,24.74,30.44,20.93,9.510000000000002,79.07375,1.6358333333333333,4
TNP_0007,2016-11-04,3.53904,5.62993,0.6286117234139679,24.894583333333333,30.92,20.75,10.170000000000002,82.59541666666667,2.9779166666666668,4
TNP_0007,2016-11-05,4.94728,5.6673100000000005,0.8729503062299397,25.197916666666668,31.85,19.42,12.43,74.26875,2.3829166666666666,4
TNP_0007,2016-11-06,5.80694,6.09302,0.9530479138423968,24.02625,32.63,17.28,15.35,66.09,2.5145833333333334,4
TNP_0007,2016-11-07,6.03716,6.1742,0.9778044119076156,24.92833333333333,33.03,17.14,15.89,61.70708333333334,1.4441666666666668,4
TNP_0007,2016-11-08,4.867109999999999,5.21662,0.9330006786003197,24.3775,30.65,19.42,11.229999999999997,72.49833333333333,1.6224999999999998,4
TNP_0007,2016-11-09,4.52113,5.25602,0.860181277849019,23.752916666666664,30.9,17.06,13.84,65.89874999999999,2.43125,4
TNP_0007,2016-11-10,4.82406,5.141100000000001,0.9383322635233704,23.39,31.33,16.7,14.63,63.42875,1.6791666666666665,4
TNP_0007,2016-11-11,4.94113,5.22576,0.945533281283488,24.044583333333332,31.4,18.02,13.38,70.15833333333333,1.4216666666666666,4
TNP_0007,2016-11-12,4.73951,5.39913,0.8778284649563911,25.15625,31.57,19.31,12.260000000000002,67.31958333333334,1.6754166666666668,4
TNP_0007,2016-11-13,4.2753000000000005,5.16864,0.8271614970282319,25.379583333333333,31.87,20.13,11.740000000000002,75.59583333333333,2.1958333333333333,4
TNP_0007,2016-11-14,3.45881,5.61365,0.6161427947948305,25.44833333333333,31.81,21.08,10.73,77.22458333333334,2.56625,4
TNP_0007,2016-11-15,4.29126,5.85282,0.7331952802238921,23.08583333333333,28.15,18.62,9.529999999999998,77.36541666666666,2.8516666666666666,4
TNP_0007,2016-11-16,5.59284,5.85546,0.9551495527251488,25.296666666666667,32.04,18.44,13.599999999999998,70.9575,3.3662499999999995,4
TNP_0007,2016-11-17,5.21374,5.484940000000001,0.9505555211178244,24.74625,31.94,18.95,12.990000000000002,69.14166666666667,3.709583333333333,4
TNP_0007,2016-11-18,5.11846,5.38595,0.9503355953917136,24.39833333333333,32.26,18.77,13.489999999999998,64.33083333333333,3.0820833333333333,4
TNP_0007,2016-11-19,4.80323,5.534230000000001,0.867912970729442,24.51375,31.32,18.65,12.670000000000002,61.43083333333333,2.682916666666667,4
TNP_0007,2016-11-20,4.507689999999999,5.24704,0.859091983289626,24.605416666666667,32.23,19.06,13.169999999999998,62.26083333333333,2.2816666666666667,4
TNP_0007,2016-11-21,4.943020000000001,5.39989,0.9153927209628344,24.439166666666665,32.31,18.75,13.560000000000002,64.65625,2.95,4
TNP_0007,2016-11-22,5.667800000000001,5.78606,0.9795612212801112,23.96875,32.27,17.98,14.290000000000004,60.575,2.589166666666667,4
TNP_0007,2016-11-23,5.502860000000001,5.73056,0.9602656633906635,23.6975,32.4,16.68,15.72,60.26083333333333,2.7991666666666664,4
TNP_0007,2016-11-24,5.49919,5.6715100000000005,0.9696165571426304,22.81041666666667,31.98,16.12,15.86,57.64666666666667,2.7120833333333336,4
TNP_0007,2016-11-25,5.71662,5.76485,0.9916337805840568,23.578333333333333,32.52,15.78,16.740000000000002,53.986250000000005,2.2533333333333334,4
TNP_0007,2016-11-26,5.226850000000001,5.49514,0.9511768580964272,24.269583333333333,32.64,16.82,15.82,55.45916666666667,1.4799999999999998,4
TNP_0007,2016-11-27,5.52893,5.69766,0.9703860883239788,24.52083333333333,34.1,17.14,16.96,49.8125,1.7708333333333333,4
TNP_0007,2016-11-28,5.03187,5.711270000000001,0.8810422200316215,24.58666666666667,33.59,17.16,16.430000000000003,51.333333333333336,1.9370833333333333,4
TNP_0007,2016-11-29,3.62691,5.49811,0.6596648666541776,24.2825,33.11,18.08,15.03,55.35125,1.3724999999999998,4
TNP_0007,2016-11-30,4.176489999999999,5.5339,0.7547100598131515,23.61125,30.38,18.08,12.3,50.770833333333336,1.67125,4
TNP_0007,2016-12-01,2.46505,5.71785,0.4311148421172294,24.449583333333333,30.6,18.77,11.830000000000002,56.24625,1.56375,4
TNP_0007,2016-12-02,3.40171,5.48949,0.6196768734436168,23.73625,29.74,18.55,11.189999999999998,81.07458333333334,2.6958333333333333,4
TNP_0007,2016-12-03,3.86748,5.20592,0.742900390324861,23.75,29.25,19.51,9.739999999999998,85.06,2.004166666666667,4
TNP_0007,2016-12-04,5.02383,5.5995,0.8971926064827217,23.936666666666667,30.9,19.15,11.75,74.15875,2.4795833333333333,4
TNP_0007,2016-12-05,5.10718,5.52055,0.9251215911458096,25.002916666666668,31.17,19.27,11.900000000000002,72.47416666666668,2.223333333333333,4
TNP_0007,2016-12-06,4.677560000000001,5.28077,0.8857723400185958,23.309166666666663,31.64,16.77,14.87,66.60958333333333,2.765833333333333,4
TNP_0007,2016-12-07,5.48904,5.69746,0.9634187866171944,23.710833333333337,30.97,16.48,14.489999999999998,58.99375,2.148333333333333,4
TNP_0007,2016-12-08,4.77711,5.34021,0.8945547085226985,24.81625,31.34,19.19,12.15,73.51875,1.434583333333333,4
TNP_0007,2016-12-09,4.78529,5.17669,0.9243918411185524,24.81958333333333,32.56,18.24,14.320000000000004,70.65541666666667,1.7,4
TNP_0007,2016-12-10,4.35606,5.51247,0.7902192664994095,23.35458333333333,33.11,15.27,17.84,57.02625,2.045,4
TNP_0007,2016-12-11,5.05917,5.60788,0.9021537550732184,22.287916666666664,31.44,14.82,16.62,58.45125,2.0733333333333333,4
TNP_0007,2016-12-12,4.66439,5.707559999999999,0.8172301298628487,23.826666666666668,32.5,16.69,15.81,66.33791666666667,3.3158333333333334,4
TNP_0007,2016-12-13,1.75075,5.25745,0.3330036424502373,22.8225,28.41,19.09,9.32,82.14208333333333,2.7775,4
TNP_0007,2016-12-14,3.43323,5.45769,0.6290628452697021,23.332916666666662,29.67,18.42,11.25,79.865,1.87,4
TNP_0007,2016-12-15,4.68734,5.46534,0.8576483805216143,23.5225,30.02,18.22,11.8,72.53458333333333,3.309583333333333,4
TNP_0007,2016-12-16,5.52108,5.6854700000000005,0.971085943642302,23.965416666666663,30.62,17.84,12.78,70.42208333333333,3.0979166666666664,4
TNP_0007,2016-12-17,5.22401,5.496899999999999,0.9503556550055486,23.93458333333333,31.53,18.12,13.41,67.42,2.567916666666666,4
TNP_0007,2016-12-18,5.201230000000001,5.42342,0.9590313860995462,23.66875,32.05,17.23,14.819999999999997,64.84875,2.6079166666666667,4
TNP_0007,2016-12-19,5.40671,5.5408,0.9757995235345076,23.7825,32.06,16.99,15.070000000000004,60.473333333333336,2.779166666666667,4
TNP_0007,2016-12-20,4.89845,5.60438,0.8740395904631734,24.52833333333333,31.85,17.66,14.19,69.4975,3.9933333333333336,4
TNP_0007,2016-12-21,4.863020000000001,5.59873,0.8685934131490536,24.190416666666668,31.85,18.57,13.28,70.58583333333333,2.955,4
TNP_0007,2016-12-22,5.406899999999999,5.66887,0.9537879683252568,24.711666666666662,32.76,17.61,15.15,60.86166666666667,1.9075,4
TNP_0007,2016-12-23,5.24944,5.60725,0.9361879709304918,23.89583333333333,32.79,15.46,17.33,48.18208333333333,1.6308333333333334,4
TNP_0007,2016-12-24,5.46462,5.67013,0.963755681086677,23.05125,32.16,15.04,17.119999999999997,53.48333333333333,1.5912499999999998,4
TNP_0007,2016-12-25,5.25372,5.63156,0.93290669015335,22.805000000000003,31.35,15.1,16.25,59.15375,1.4525,4
TNP_0007,2016-12-26,5.25462,5.46197,0.962037506613914,23.795,32.61,15.65,16.96,48.54666666666666,1.7020833333333334,4
TNP_0007,2016-12-27,5.63841,5.73679,0.9828510369039132,24.559166666666663,33.1,16.52,16.580000000000002,55.39333333333334,3.387083333333333,4
TNP_0007,2016-12-28,4.58079,5.690980000000001,0.8049211207911466,24.120833333333334,32.01,18.09,13.919999999999998,69.48083333333334,4.160416666666666,4
TNP_0007,2016-12-29,5.51232,5.95216,0.9261041369855648,23.31083333333333,31.95,17.55,14.4,63.25208333333333,3.9175,4
TNP_0007,2016-12-30,4.89038,5.64179,0.8668135467644135,22.30333333333333,30.93,15.94,14.99,56.74041666666667,3.67875,4
TNP_0007,2016-12-31,5.661479999999999,5.8041,0.9754277148911976,21.67833333333333,30.95,14.88,16.07,55.73291666666666,3.056666666666666,4
TNP_0007,2017-01-01,5.63576,5.91496,0.952797652055128,22.547916666666666,31.17,14.69,16.480000000000004,57.14208333333334,2.5816666666666666,4
TNP_0007,2017-01-02,5.25092,5.60864,0.9362198322588008,23.510416666666668,31.45,16.24,15.21,57.7625,1.99125,4
TNP_0007,2017-01-03,5.75555,5.91479,0.9730776578712008,23.390833333333333,32.39,15.35,17.04,47.36208333333334,2.0783333333333336,4
TNP_0007,2017-01-04,5.52516,5.752890000000001,0.9604146785354836,23.375833333333333,32.13,15.11,17.020000000000003,49.1575,1.7870833333333334,4
TNP_0007,2017-01-05,5.41665,5.56694,0.9730031220023928,23.2075,31.98,15.75,16.23,53.335,2.185833333333333,4
TNP_0007,2017-01-06,5.273809999999999,5.46664,0.9647260474441336,23.464583333333334,31.54,15.62,15.92,57.805,1.88375,4
TNP_0007,2017-01-07,5.349519999999999,5.49859,0.972889413467816,23.44125,31.86,16.46,15.4,56.330000000000005,1.61625,4
TNP_0007,2017-01-08,5.4563500000000005,5.72715,0.9527164470984696,22.93166666666667,31.67,15.64,16.03,53.58375,1.9820833333333332,4
TNP_0007,2017-01-09,5.33851,5.79935,0.9205359221292042,22.94666666666667,31.01,15.44,15.570000000000002,53.18625,1.8145833333333328,4
TNP_0007,2017-01-10,5.26329,5.68737,0.9254347791685787,23.03833333333333,31.68,15.55,16.13,59.99625,1.67875,4
TNP_0007,2017-01-11,5.00082,5.446359999999999,0.9181949044866664,23.970416666666665,31.38,16.77,14.61,56.67333333333334,1.06875,4
TNP_0007,2017-01-12,4.79105,5.257230000000001,0.911325926390894,24.382916666666663,31.91,17.94,13.97,56.43375,1.1954166666666668,4
TNP_0007,2017-01-13,5.04996,5.411779999999999,0.93314214546785,24.4325,31.27,18.34,12.93,56.989583333333336,1.9608333333333332,4
TNP_0007,2017-01-14,5.06681,5.24355,0.9662938276549284,23.56125,30.72,16.88,13.84,57.32583333333333,3.605833333333333,4
TNP_0007,2017-01-15,5.78148,5.88599,0.9822442783626884,23.258750000000003,31.54,16.49,15.05,54.50833333333333,3.5970833333333334,4
TNP_0007,2017-01-16,5.30083,5.54556,0.955869199864396,23.511666666666667,31.96,16.43,15.53,54.06,2.4341666666666666,4
TNP_0007,2017-01-17,5.77666,5.93424,0.9734456307800156,22.44333333333333,32.01,15.49,16.519999999999996,48.20666666666667,3.1133333333333333,4
TNP_0007,2017-01-18,5.76797,6.0113900000000005,0.959506869459476,22.37208333333333,31.53,14.95,16.580000000000002,53.34375,4.2225,4
TNP_0007,2017-01-19,6.21068,6.34024,0.979565442317641,22.63125,30.8,14.31,16.490000000000002,57.16166666666667,3.95625,4
TNP_0007,2017-01-20,5.96447,6.12862,0.9732158299910912,24.395416666666662,32.44,15.51,16.93,56.092083333333335,3.71625,4
TNP_0007,2017-01-21,4.19192,5.83355,0.7185881667252358,23.7475,31.07,18.82,12.25,75.83791666666666,4.9695833333333335,4
TNP_0007,2017-01-22,4.69308,5.79961,0.8092061362746806,23.09375,30.73,15.7,15.03,66.42166666666667,3.782916666666667,4
TNP_0007,2017-01-23,5.83847,6.190729999999999,0.9430987944878876,22.940416666666668,31.51,15.15,16.36,57.92625,4.079166666666667,4
TNP_0007,2017-01-24,6.1415,6.27333,0.9789856423940714,23.809166666666663,32.08,15.93,16.15,57.34625,4.4591666666666665,4
TNP_0007,2017-01-25,3.3806800000000004,5.56662,0.6073128756768023,23.76458333333333,30.62,17.93,12.69,59.56375,4.037083333333333,4
TNP_0007,2017-01-26,3.66769,5.64345,0.6499020988934074,23.75125,29.32,18.8,10.52,72.23583333333333,3.405,4
TNP_0007,2017-01-27,4.174180000000001,5.34534,0.7809007471928822,24.02583333333333,30.36,20.12,10.239999999999998,79.77958333333333,3.57375,4
TNP_0007,2017-01-28,3.58489,5.890029999999999,0.6086369678932025,23.676666666666662,30.13,19.82,10.31,79.40041666666666,3.8925,4
TNP_0007,2017-01-29,4.879029999999999,6.01102,0.8116808794514074,24.243333333333336,31.44,18.67,12.77,71.78416666666666,3.630833333333333,4
TNP_0007,2017-01-30,5.40757,6.35238,0.8512667693053627,24.425,32.44,18.27,14.169999999999998,66.185,3.1133333333333333,4
TNP_0007,2017-01-31,6.31722,6.443890000000001,0.980342619132232,23.4725,32.79,15.7,17.09,62.01416666666666,2.8891666666666667,4
TNP_0007,2017-02-01,6.313140000000001,6.42405,0.9827351904172602,22.02583333333333,31.96,14.55,17.41,54.6475,3.248333333333333,4
TNP_0007,2017-02-02,6.62113,6.65388,0.99507805971854,21.984166666666667,31.51,14.28,17.230000000000004,55.79416666666666,3.327083333333334,4
TNP_0007,2017-02-03,6.44307,6.45716,0.9978179261470986,22.52916666666667,31.87,15.35,16.520000000000003,55.42041666666666,3.185416666666667,4
TNP_0007,2017-02-04,6.31554,6.39382,0.987756927783391,22.537916666666664,32.04,15.27,16.77,54.974583333333335,3.42125,4
TNP_0007,2017-02-05,6.389189999999999,6.40649,0.9972996133608262,23.15,32.33,15.13,17.199999999999996,52.57583333333333,2.28375,4
TNP_0007,2017-02-06,6.13475,6.29274,0.9748932897275272,24.41708333333333,33.37,15.45,17.919999999999998,55.80166666666667,1.4349999999999998,4
TNP_0007,2017-02-07,6.0693,6.282109999999999,0.9661244390817736,24.467916666666667,33.26,16.51,16.749999999999996,49.497083333333336,1.8275,4
TNP_0007,2017-02-08,6.47579,6.48674,0.9983119409749736,23.859166666666667,34.28,15.46,18.82,39.212916666666665,2.4825,4
TNP_0007,2017-02-09,6.5344,6.54484,0.9984048502331608,23.999583333333334,34.64,15.0,19.64,43.0925,2.5995833333333334,4
TNP_0007,2017-02-10,6.36888,6.398140000000001,0.995426795912562,23.7725,33.65,15.71,17.939999999999998,47.32208333333333,2.3429166666666665,4
TNP_0007,2017-02-11,6.51606,6.57054,0.9917084440548266,23.68041666666667,33.55,15.63,17.919999999999995,48.415416666666665,2.6779166666666665,4
TNP_0007,2017-02-12,6.7212,6.78787,0.9901780676412484,23.27875,32.2,16.36,15.840000000000003,52.95875,3.795833333333333,4
TNP_0007,2017-02-13,6.97613,7.03826,0.9911725341206492,24.0125,32.45,16.46,15.990000000000002,55.336666666666666,4.61625,4
TNP_0007,2017-02-14,5.12366,6.39975,0.8006031485604906,24.98583333333333,32.59,18.3,14.290000000000004,62.92125000000001,6.267083333333333,4
TNP_0007,2017-02-15,6.58851,6.611890000000001,0.996463946012411,24.9575,33.8,17.23,16.569999999999997,52.76208333333333,4.763333333333334,4
TNP_0007,2017-02-16,6.827310000000001,6.83776,0.9984717217334332,23.600416666666664,33.08,14.95,18.13,49.430416666666666,4.776666666666666,4
TNP_0007,2017-02-17,6.886100000000001,6.89924,0.998095442396554,22.855833333333333,32.54,14.3,18.24,45.52041666666667,4.621666666666667,4
TNP_0007,2017-02-18,7.0715,7.09239,0.9970545894966296,23.156666666666663,33.18,13.99,19.19,44.247083333333336,3.980833333333333,4
TNP_0007,2017-02-19,6.403029999999999,6.91708,0.9256839591272616,24.261666666666667,31.9,15.24,16.659999999999997,41.39375,2.2616666666666667,4
TNP_0007,2017-02-20,5.21612,6.4769,0.8053420617888187,25.95583333333333,34.99,17.69,17.3,58.98791666666667,2.29,4
TNP_0007,2017-02-21,5.47548,6.26019,0.8746507693855938,27.521666666666665,36.49,19.89,16.6,58.15375,1.4574999999999998,4
TNP_0007,2017-02-22,6.39919,6.72103,0.9521144824528384,28.098333333333333,37.52,20.02,17.500000000000004,47.80791666666667,1.5229166666666665,4
TNP_0007,2017-02-23,6.75554,6.9131,0.9772084882324862,27.3475,36.42,19.28,17.14,38.64416666666667,2.4066666666666667,4
TNP_0007,2017-02-24,6.7574,7.02517,0.9618841963966708,26.72791666666667,36.44,18.33,18.11,36.70125,3.5116666666666667,4
TNP_0007,2017-02-25,6.663279999999999,7.197550000000001,0.9257705747094496,26.6675,35.48,17.89,17.589999999999996,32.444583333333334,2.942916666666666,4
TNP_0007,2017-02-26,5.67305,6.75812,0.8394420341751848,26.207083333333333,35.04,18.93,16.11,40.46541666666667,2.772083333333333,4
TNP_0007,2017-02-27,6.4012,6.704350000000001,0.9547830885917352,26.17625,34.63,18.43,16.200000000000003,40.75,3.668333333333333,4
TNP_0007,2017-02-28,6.52288,6.73654,0.968283421459681,26.36458333333333,35.24,17.79,17.450000000000003,43.96083333333333,3.8408333333333338,4
TNP_0007,2017-03-01,6.0728800000000005,7.06212,0.8599230825870985,25.522916666666664,35.18,17.22,17.96,37.55583333333333,3.8666666666666663,4
TNP_0007,2017-03-02,5.47111,6.83041,0.8009929125777222,25.352500000000003,33.69,17.14,16.549999999999997,44.81125,3.56125,4
TNP_0007,2017-03-03,5.15618,6.64088,0.7764302321379094,27.08083333333333,35.14,18.6,16.54,57.4325,2.79,4
TNP_0007,2017-03-04,5.00637,6.34656,0.7888320602026924,26.13458333333333,32.5,21.58,10.920000000000002,73.36166666666666,1.6716666666666666,4
TNP_0007,2017-03-05,5.74066,6.57365,0.8732834878644284,26.207083333333333,32.32,22.06,10.260000000000002,74.07875,1.4941666666666666,4
TNP_0007,2017-03-06,3.80186,6.41443,0.592704262109026,24.500833333333333,28.21,22.44,5.77,84.81208333333333,1.8183333333333331,4
TNP_0007,2017-03-07,5.33104,6.54794,0.8141552915878887,26.249166666666667,32.36,22.23,10.13,73.46083333333333,1.6395833333333334,4
TNP_0007,2017-03-08,5.5029200000000005,6.76417,0.813539576917789,26.604166666666668,32.99,22.09,10.900000000000002,71.11625,1.1658333333333333,4
TNP_0007,2017-03-09,5.53895,6.51281,0.8504700735934259,25.538750000000004,31.28,21.56,9.720000000000002,73.9975,1.5033333333333332,4
TNP_0007,2017-03-10,5.502149999999999,6.61301,0.832019004961432,24.54625,29.65,19.84,9.81,76.39166666666667,1.419166666666667,4
TNP_0007,2017-03-11,6.64586,6.87591,0.9665426103599376,26.347916666666663,35.31,19.32,15.990000000000002,63.009166666666665,2.3625,4
TNP_0007,2017-03-12,6.57266,7.01205,0.9373378683837108,26.671666666666667,35.46,19.11,16.35,60.61666666666667,2.0404166666666668,4
TNP_0007,2017-03-13,6.46455,6.74953,0.95777780082465,27.27833333333333,35.11,19.82,15.29,65.6775,1.6733333333333331,4
TNP_0007,2017-03-14,5.92387,6.77198,0.8747618864792867,25.89708333333333,31.85,21.75,10.1,77.32083333333334,1.6341666666666663,4
TNP_0007,2017-03-15,4.97128,6.61156,0.7519072654562615,24.561666666666667,29.54,21.16,8.379999999999999,79.5625,2.49375,4
TNP_0007,2017-03-16,4.66748,6.73226,0.6933006152465888,24.05625,28.97,20.08,8.89,74.515,1.7041666666666666,4
TNP_0007,2017-03-17,6.343850000000001,6.92766,0.9157276771666047,26.31958333333333,33.44,19.8,13.639999999999995,68.83,1.5337500000000002,4
TNP_0007,2017-03-18,5.62613,6.56971,0.8563741778556435,26.906666666666663,34.08,20.82,13.259999999999998,69.48083333333334,1.6704166666666664,4
TNP_0007,2017-03-19,6.21147,6.64032,0.9354172690472748,27.26833333333333,35.05,20.96,14.089999999999996,66.60666666666667,1.94625,4
TNP_0007,2017-03-20,5.8355,6.49782,0.8980704297749091,26.925,34.65,21.18,13.47,67.64874999999999,2.089583333333333,4
TNP_0007,2017-03-21,5.29771,6.31292,0.8391853532121427,27.20958333333333,33.72,20.98,12.739999999999998,66.81375,0.9491666666666668,4
TNP_0007,2017-03-22,6.12724,6.65505,0.9206903028527208,26.81875,33.69,20.59,13.099999999999998,64.39041666666667,2.5625,4
TNP_0007,2017-03-23,6.266310000000001,6.80465,0.9208864526463524,26.86125,34.99,19.57,15.420000000000002,58.53458333333333,2.225,4
TNP_0007,2017-03-24,7.22631,7.29994,0.9899136157283484,26.111666666666665,35.07,18.97,16.1,52.15375,2.61375,4
TNP_0007,2017-03-25,7.31355,7.39088,0.989537105189098,26.40458333333333,35.26,18.9,16.36,49.05583333333333,2.67125,4
TNP_0007,2017-03-26,7.328819999999999,7.38897,0.9918594878582534,26.687916666666663,36.25,18.55,17.7,48.213750000000005,3.2075,4
TNP_0007,2017-03-27,7.41514,7.61221,0.9741113290358516,26.225416666666664,35.04,17.74,17.3,48.55625,3.0416666666666665,4
TNP_0007,2017-03-28,6.85854,7.389279999999999,0.9281743282160102,27.278333333333336,35.86,19.69,16.169999999999998,52.32458333333333,1.6416666666666666,4
TNP_0007,2017-03-29,6.77029,7.16125,0.9454061790888464,27.867500000000003,36.52,20.62,15.900000000000002,54.434583333333336,2.169166666666667,4
TNP_0007,2017-03-30,6.99709,7.375739999999999,0.9486627782432678,28.22458333333333,36.52,20.94,15.580000000000002,50.55458333333333,1.7816666666666665,4
TNP_0007,2017-03-31,7.195720000000001,7.4262,0.968963938488056,28.3125,35.95,21.48,14.470000000000002,57.84166666666667,2.891666666666666,4
TNP_0007,2017-04-01,6.56472,7.07922,0.9273225016315356,28.58791666666667,36.67,22.4,14.270000000000003,56.83375,2.285,4
TNP_0007,2017-04-02,6.76586,7.05681,0.958770322567846,29.197916666666668,37.79,22.16,15.63,55.61041666666667,2.09875,4
TNP_0007,2017-04-03,6.34123,6.90536,0.918305490227881,29.246666666666663,37.99,22.64,15.35,57.067083333333336,1.96,4
TNP_0007,2017-04-04,6.41608,6.926159999999999,0.9263545745405825,29.580416666666668,38.14,22.45,15.69,57.772083333333335,2.3004166666666666,4
TNP_0007,2017-04-05,6.42606,6.82164,0.942011012014706,29.719166666666663,37.97,23.39,14.579999999999998,58.41708333333333,2.2583333333333333,4
TNP_0007,2017-04-06,6.23264,6.810899999999999,0.9150978578455125,28.91333333333333,36.51,23.37,13.139999999999995,63.26791666666667,2.2687500000000003,4
TNP_0007,2017-04-07,6.4179200000000005,6.972090000000001,0.9205159428521432,29.63625,37.95,23.22,14.730000000000004,58.69708333333333,1.86,4
TNP_0007,2017-04-08,6.28165,6.55957,0.957631369129379,30.465416666666663,38.73,23.45,15.279999999999998,54.682500000000005,2.3004166666666666,4
TNP_0007,2017-04-09,6.55696,6.88211,0.9527543151736896,29.785416666666663,37.1,23.84,13.260000000000002,57.50666666666667,1.6470833333333337,4
TNP_0007,2017-04-10,6.12524,6.833019999999999,0.8964176893964895,29.05375,37.46,23.58,13.880000000000004,61.459583333333335,2.887916666666667,4
TNP_0007,2017-04-11,5.69413,6.77561,0.8403863268399452,29.230416666666667,36.83,23.43,13.4,61.625416666666666,2.5854166666666667,4
TNP_0007,2017-04-12,6.15374,6.69258,0.9194869542089896,29.8725,37.06,23.95,13.110000000000005,56.657916666666665,1.6145833333333333,4
TNP_0007,2017-04-13,5.4366900000000005,6.59873,0.8238994473178931,30.23333333333333,38.25,24.19,14.06,57.33208333333334,1.9704166666666667,4
TNP_0007,2017-04-14,4.82925,6.44223,0.7496239656143914,28.13125,35.85,22.91,12.94,64.455,2.0125,4
TNP_0007,2017-04-15,6.4261,6.77541,0.9484444483802456,29.82166666666667,39.0,22.61,16.39,58.2875,3.1054166666666667,4
TNP_0007,2017-04-16,6.07825,6.75778,0.899444788081293,29.481666666666666,37.49,23.77,13.720000000000002,60.64833333333333,3.44375,4
TNP_0007,2017-04-17,6.28086,6.68857,0.9390437716881188,29.008333333333336,35.68,23.9,11.78,58.68416666666667,3.3966666666666665,4
TNP_0007,2017-04-18,6.2543,6.83793,0.9146481464419788,27.980833333333333,34.84,23.15,11.690000000000005,64.58916666666666,3.51375,4
TNP_0007,2017-04-19,5.73773,6.78737,0.8453539441639397,29.124166666666667,37.06,23.02,14.040000000000004,61.473333333333336,4.110833333333333,4
TNP_0007,2017-04-20,5.43182,6.54728,0.829630014296013,28.00625,35.0,23.87,11.13,68.785,4.003333333333333,4
TNP_0007,2017-04-21,4.975890000000001,6.536779999999999,0.7612142369790632,26.752916666666664,32.97,23.26,9.709999999999996,76.01458333333333,3.8475,4
TNP_0007,2017-04-22,5.98387,6.78202,0.8823138239049721,27.593333333333334,34.74,22.73,12.010000000000002,69.39625,3.525,4
TNP_0007,2017-04-23,6.14887,6.92189,0.8883224090530186,28.679166666666664,37.08,22.49,14.59,63.62166666666667,3.5741666666666667,4
TNP_0007,2017-04-24,5.83711,6.93554,0.8416230026789551,28.785833333333333,36.33,23.44,12.889999999999995,63.834583333333335,3.6779166666666665,4
TNP_0007,2017-04-25,5.84868,6.78787,0.8616370083693412,28.59958333333333,35.88,23.3,12.580000000000002,65.03083333333333,3.2775,4
TNP_0007,2017-04-26,6.55995,6.87851,0.9536876445625578,27.289583333333336,31.47,23.67,7.799999999999997,71.65708333333333,1.6983333333333333,4
TNP_0007,2017-04-27,6.64479,7.082140000000001,0.9382460668667943,29.33125,37.27,23.49,13.780000000000005,61.78916666666667,2.395,4
TNP_0007,2017-04-28,6.94903,7.12518,0.9752778175428548,30.19083333333333,38.56,23.34,15.220000000000002,57.602916666666665,2.5,4
TNP_0007,2017-04-29,6.37912,6.942309999999999,0.9188757056368846,30.20458333333333,38.34,23.07,15.270000000000003,57.10875000000001,2.0116666666666667,4
TNP_0007,2017-04-30,6.62121,6.78558,0.975776573262713,30.28125,38.06,23.88,14.180000000000003,54.32666666666666,1.8570833333333332,4
TNP_0007,2017-05-01,5.89525,6.77579,0.870046149600268,27.57875,33.04,23.06,9.98,70.89041666666667,1.4491666666666667,4
TNP_0007,2017-05-02,6.72551,6.94867,0.9678845016384432,27.540000000000003,33.7,21.98,11.720000000000002,67.83916666666667,1.4354166666666668,4
TNP_0007,2017-05-03,6.32024,7.01681,0.9007283936717684,28.37708333333333,35.55,21.66,13.889999999999995,65.19458333333334,2.2358333333333333,4
TNP_0007,2017-05-04,6.71548,7.1500900000000005,0.9392161497267864,27.56041666666667,34.04,22.51,11.529999999999998,69.14291666666666,1.5650000000000002,4
TNP_0007,2017-05-05,6.082979999999999,6.9073400000000005,0.8806544921778859,28.96625,36.6,22.4,14.200000000000005,67.60916666666667,1.8525,4
TNP_0007,2017-05-06,5.78869,6.76562,0.8556037731944743,27.227083333333336,32.2,23.85,8.350000000000001,77.145,1.6129166666666668,4
TNP_0007,2017-05-07,5.63117,6.81306,0.8265258195289634,26.74083333333333,31.27,23.71,7.559999999999999,80.25750000000001,1.7654166666666666,4
TNP_0007,2017-05-08,5.98514,7.01078,0.853705293847475,26.3225,31.8,20.96,10.84,65.26375,1.5795833333333331,4
TNP_0007,2017-05-09,6.43951,6.99234,0.9209377690444116,27.98708333333333,35.11,21.17,13.939999999999998,67.93791666666667,2.5595833333333333,4
TNP_0007,2017-05-10,5.88784,6.88713,0.854904728094286,27.36375,32.48,23.45,9.029999999999998,76.36874999999999,1.5,4
TNP_0007,2017-05-11,3.51754,6.656,0.5284765625,26.289583333333336,30.59,23.06,7.530000000000001,76.0725,1.2945833333333334,4
TNP_0007,2017-05-12,5.80079,6.62626,0.8754244475767627,27.120416666666667,32.07,22.78,9.29,76.67083333333333,1.2379166666666668,4
TNP_0007,2017-05-13,5.9575,6.760800000000001,0.881182700272157,27.355833333333333,32.92,23.41,9.510000000000002,75.5825,2.2029166666666664,4
TNP_0007,2017-05-14,6.39967,6.74227,0.9491862532945136,27.4175,33.87,23.21,10.659999999999997,73.31750000000001,3.46375,4
TNP_0007,2017-05-15,5.50828,6.863020000000001,0.8026029357338315,26.14833333333333,30.58,23.01,7.569999999999997,78.72875,3.63125,4
TNP_0007,2017-05-16,5.68474,6.60034,0.861279873461064,27.31958333333333,32.8,23.05,9.749999999999996,77.69375000000001,4.1570833333333335,4
TNP_0007,2017-05-17,5.517390000000001,6.47764,0.8517592827017249,27.144166666666667,32.41,23.58,8.829999999999998,77.57208333333334,3.8941666666666666,4
TNP_0007,2017-05-18,4.37412,6.05443,0.7224660290068594,25.62833333333333,30.06,21.53,8.529999999999998,79.08624999999999,2.6841666666666666,4
TNP_0007,2017-05-19,5.7627,6.395099999999999,0.9011117887132336,26.69125,33.58,21.22,12.36,69.27625,3.2745833333333336,4
TNP_0007,2017-05-20,4.48745,6.3493900000000005,0.7067529321714369,26.061666666666667,30.43,23.12,7.309999999999999,80.75541666666668,3.1479166666666667,4
TNP_0007,2017-05-21,4.42157,6.544770000000001,0.6755882941646535,25.64333333333333,29.61,23.13,6.48,81.82875,2.380416666666666,4
TNP_0007,2017-05-22,3.85672,6.394340000000001,0.6031459071616461,24.68458333333333,27.7,22.04,5.66,86.52999999999999,2.13875,4
TNP_0007,2017-05-23,4.83924,6.58025,0.7354188670643212,26.874166666666667,33.12,22.07,11.049999999999995,76.765,2.56,4
TNP_0007,2017-05-24,5.45151,6.37416,0.8552515154938063,26.187083333333334,30.39,23.18,7.210000000000001,82.02291666666666,3.0733333333333337,4
TNP_0007,2017-05-25,4.87494,6.43743,0.7572804675157632,25.919166666666666,29.78,23.27,6.510000000000002,84.19500000000001,3.4404166666666662,4
TNP_0007,2017-05-26,5.26271,6.3949,0.8229542291513551,26.299166666666668,30.49,23.19,7.299999999999997,80.57083333333334,3.6275,4
TNP_0007,2017-05-27,4.99228,6.56761,0.7601364880070528,25.2225,27.99,23.38,4.609999999999999,88.55333333333334,3.1333333333333333,4
TNP_0007,2017-05-28,3.98089,6.35531,0.6263880125438412,25.021666666666665,28.15,22.68,5.469999999999999,87.31458333333335,3.925833333333333,4
TNP_0007,2017-05-29,3.43684,6.44617,0.5331600004343664,25.945833333333336,30.56,22.62,7.939999999999998,81.715,4.875,4
TNP_0007,2017-05-30,4.43874,6.85407,0.64760645864428,26.15041666666667,30.44,23.31,7.130000000000003,81.87208333333334,5.03875,4
TNP_0007,2017-05-31,5.37093,7.07742,0.7588824741219259,24.570833333333336,28.2,21.58,6.620000000000001,85.60374999999999,4.45625,4
TNP_0007,2017-06-01,4.33983,7.10071,0.6111825437174592,24.805833333333336,29.76,21.3,8.46,80.7075,5.075833333333334,4
TNP_0007,2017-06-02,4.86358,7.05043,0.6898274289653255,24.780416666666667,29.67,21.18,8.490000000000002,81.50750000000001,4.818333333333333,4
TNP_0007,2017-06-03,4.16732,6.834899999999999,0.6097119197062137,24.47833333333333,29.05,21.28,7.77,81.38541666666667,5.354166666666667,4
TNP_0007,2017-06-04,4.81633,6.892,0.698829077190946,25.65458333333333,30.66,22.26,8.399999999999999,80.51208333333334,4.995833333333334,4
TNP_0007,2017-06-05,3.47122,7.06505,0.4913227790319954,25.375,29.25,22.67,6.579999999999998,83.80375,4.214166666666666,4
TNP_0007,2017-06-06,4.60213,7.16675,0.642150207555726,24.508750000000003,28.38,21.12,7.259999999999998,86.42458333333333,3.5075000000000003,4
TNP_0007,2017-06-07,2.72789,6.73256,0.4051787135948287,24.875416666666663,30.98,20.76,10.22,76.24541666666667,3.58,4
TNP_0007,2017-06-08,4.9073,6.88408,0.7128476136244786,25.27333333333333,31.68,20.73,10.95,75.69583333333334,4.3812500000000005,4
TNP_0007,2017-06-09,4.40929,6.9797,0.6317305901399773,24.86208333333333,29.15,21.53,7.619999999999997,78.92999999999999,5.005416666666666,4
TNP_0007,2017-06-10,2.88772,6.89474,0.418829426490339,24.470416666666665,28.7,21.56,7.140000000000001,79.83583333333333,6.26125,4
TNP_0007,2017-06-11,3.79988,6.64328,0.5719885357835286,24.442916666666665,28.81,21.57,7.239999999999998,81.25416666666666,6.550833333333333,4
TNP_0007,2017-06-12,3.38318,6.68018,0.5064504249885482,24.76458333333333,28.68,22.3,6.379999999999999,84.70375,5.0275,4
TNP_0007,2017-06-13,3.23702,6.66734,0.4855039640996259,25.200416666666666,28.65,22.38,6.27,85.10708333333334,4.03875,4
TNP_0007,2017-06-14,4.56441,6.84276,0.6670422461112182,25.383333333333336,29.36,22.84,6.52,85.84291666666667,3.8541666666666665,4
TNP_0007,2017-06-15,5.40226,6.91487,0.7812525759703365,25.076666666666668,28.86,22.63,6.23,85.12375,3.4737500000000003,4
TNP_0007,2017-06-16,4.22032,6.81114,0.6196202104199885,24.189166666666665,27.8,21.3,6.5,87.16958333333334,4.010416666666667,4
TNP_0007,2017-06-17,5.36334,6.94175,0.7726207368458963,24.235,29.45,20.42,9.029999999999998,78.75041666666667,3.767916666666667,4
TNP_0007,2017-06-18,6.24368,7.06414,0.8838556427250875,25.075,30.55,20.36,10.19,81.0675,4.02875,4
TNP_0007,2017-06-19,5.5886700000000005,6.9488900000000005,0.8042536289968614,24.772916666666664,29.66,21.08,8.580000000000002,80.72,3.8370833333333336,4
TNP_0007,2017-06-20,4.073589999999999,6.94338,0.5866868873660953,24.97375,30.08,20.81,9.27,79.45416666666667,3.960833333333333,4
TNP_0007,2017-06-21,3.94759,6.78964,0.5814137421129839,24.374166666666667,27.6,22.17,5.43,85.88916666666667,3.775,4
TNP_0007,2017-06-22,4.55524,6.93129,0.6571994534927841,25.013333333333332,29.17,22.34,6.830000000000002,83.89375,4.40625,4
TNP_0007,2017-06-23,4.01099,6.98239,0.5744437076702963,24.96083333333333,28.36,22.71,5.649999999999999,84.92958333333333,5.2975,4
TNP_0007,2017-06-24,2.97261,6.68861,0.4444286630555527,23.792916666666667,26.94,21.87,5.07,83.17708333333333,5.2995833333333335,4
TNP_0007,2017-06-25,2.78756,6.603800000000001,0.4221145401132681,24.580416666666665,28.09,22.07,6.02,84.99249999999999,6.291250000000001,4
TNP_0007,2017-06-26,2.79327,6.68562,0.4178026869609699,24.515833333333333,28.07,22.15,5.920000000000002,85.01041666666667,6.551666666666667,4
TNP_0007,2017-06-27,2.40382,6.72388,0.3575048930082036,24.102500000000003,27.0,22.27,4.73,86.40666666666668,5.701666666666667,4
TNP_0007,2017-06-28,4.52065,6.83352,0.6615404652360716,23.67958333333333,27.33,20.76,6.569999999999997,84.47708333333334,5.20875,4
TNP_0007,2017-06-29,5.2349,6.91465,0.7570737492136261,24.115,27.7,20.73,6.969999999999999,83.73166666666667,4.815,4
TNP_0007,2017-06-30,4.819979999999999,6.80035,0.7087841067003903,24.782916666666665,29.36,21.89,7.469999999999999,83.61749999999999,3.623333333333333,4
TNP_0007,2017-07-01,4.25472,6.54541,0.6500310904893658,24.62208333333333,28.33,21.8,6.529999999999998,85.24458333333334,4.488333333333333,4
TNP_0007,2017-07-02,4.37587,6.77333,0.6460441171476955,23.532916666666665,26.4,21.64,4.759999999999998,86.34291666666667,3.8966666666666665,4
TNP_0007,2017-07-03,3.11116,6.89534,0.4511974753964271,23.54875,28.33,20.69,7.639999999999997,82.67666666666666,4.500416666666667,4
TNP_0007,2017-07-04,5.341729999999999,6.78225,0.7876044085664785,24.70583333333333,30.56,20.57,9.989999999999998,79.75875,4.16875,4
TNP_0007,2017-07-05,5.27284,6.8695,0.7675726035373753,24.080416666666665,28.11,21.02,7.09,85.0525,3.925,4
TNP_0007,2017-07-06,3.57168,6.60058,0.5411160837380957,24.56375,28.84,21.21,7.629999999999999,83.67291666666667,4.50375,4
TNP_0007,2017-07-07,3.28856,6.60228,0.4980945976238511,24.15125,27.78,21.83,5.950000000000003,85.57541666666667,4.619166666666667,4
TNP_0007,2017-07-08,4.1963,6.75862,0.6208811858042027,23.34625,26.54,20.57,5.969999999999999,83.24416666666667,3.90625,4
TNP_0007,2017-07-09,3.84217,6.77151,0.5674022485383614,22.986666666666665,26.63,20.51,6.119999999999997,84.33541666666666,3.9779166666666663,4
TNP_0007,2017-07-10,5.39216,6.93629,0.7773838752416637,23.53,27.41,20.98,6.43,85.20208333333333,4.04875,4
TNP_0007,2017-07-11,4.39445,6.98702,0.6289448148137546,23.65041666666667,27.95,20.13,7.82,84.13166666666667,3.75125,4
TNP_0007,2017-07-12,4.23549,6.84467,0.6188011985968643,24.48583333333333,29.62,20.04,9.580000000000002,80.77416666666666,3.419583333333333,4
TNP_0007,2017-07-13,3.53915,6.7945,0.5208845389653396,23.200833333333332,27.65,19.1,8.549999999999997,82.82583333333334,4.630833333333333,4
TNP_0007,2017-07-14,3.77883,6.35252,0.594855270034569,23.60625,28.61,19.1,9.509999999999998,79.97458333333333,4.430833333333333,4
TNP_0007,2017-07-15,5.114739999999999,6.63998,0.7702944888388217,24.184166666666663,28.48,20.99,7.490000000000002,83.94583333333334,4.689166666666667,4
TNP_0007,2017-07-16,4.5408800000000005,6.72228,0.6754970039926931,24.47875,29.3,20.98,8.32,80.24291666666666,5.42875,4
TNP_0007,2017-07-17,4.63434,6.83758,0.6777748852664247,24.48958333333333,28.55,21.73,6.82,82.22666666666667,5.86375,4
TNP_0007,2017-07-18,3.66287,6.88594,0.5319346378272247,24.289583333333336,27.33,22.28,5.049999999999997,85.285,6.289583333333333,4
TNP_0007,2017-07-19,3.01997,6.84495,0.4411967947172733,23.9325,27.24,21.7,5.539999999999999,86.11416666666668,6.6745833333333335,4
TNP_0007,2017-07-20,4.26512,6.931010000000001,0.6153677458263658,23.94666666666667,27.72,21.16,6.559999999999999,84.03666666666668,6.14375,4
TNP_0007,2017-07-21,4.30307,6.87671,0.6257454509496547,24.12875,28.67,21.07,7.600000000000001,83.81916666666667,5.413333333333334,4
TNP_0007,2017-07-22,5.05675,6.8469,0.7385459112883203,24.214583333333334,28.04,21.05,6.989999999999998,86.00791666666667,4.116666666666666,4
TNP_0007,2017-07-23,5.11193,6.8939,0.7415149625030825,24.750833333333333,29.35,20.98,8.370000000000001,82.41416666666667,4.442083333333334,4
TNP_0007,2017-07-24,5.17663,6.83838,0.7569965401162264,24.97125,30.4,21.0,9.4,81.19458333333334,4.482083333333333,4
TNP_0007,2017-07-25,6.04793,6.902010000000001,0.8762563369221429,25.309166666666663,31.06,20.97,10.09,80.17791666666666,4.132916666666667,4
TNP_0007,2017-07-26,5.18507,6.82823,0.7593578423691059,24.59625,29.38,21.09,8.29,82.83458333333333,4.127916666666667,4
TNP_0007,2017-07-27,4.892480000000001,6.90197,0.7088526898841927,24.795,30.07,20.94,9.13,81.82041666666667,4.747083333333333,4
TNP_0007,2017-07-28,5.633859999999999,6.884390000000001,0.8183528242879905,25.166666666666668,30.66,21.51,9.15,80.84875000000001,4.755416666666666,4
TNP_0007,2017-07-29,5.59013,7.00155,0.7984132085038314,25.32375,30.63,21.41,9.22,80.18833333333333,3.734583333333333,4
TNP_0007,2017-07-30,5.677239999999999,6.78461,0.8367820700084455,25.02833333333333,29.83,21.71,8.119999999999997,83.50875,3.080833333333333,4
TNP_0007,2017-07-31,5.973520000000001,6.98461,0.8552403069033204,24.486666666666665,29.26,21.39,7.870000000000001,84.35375,2.63125,4
TNP_0007,2017-08-01,5.37219,6.98921,0.7686405187424615,24.942916666666665,30.33,21.26,9.069999999999997,83.44041666666666,2.8720833333333338,4
TNP_0007,2017-08-02,5.27396,6.95231,0.7585910294563964,24.86875,29.99,21.47,8.52,82.30916666666667,3.985416666666666,4
TNP_0007,2017-08-03,4.15649,7.073480000000001,0.5876159966522843,24.5675,28.97,21.49,7.48,83.88250000000001,4.924166666666666,4
TNP_0007,2017-08-04,3.08596,6.69565,0.460890279509831,24.640416666666667,28.38,22.32,6.059999999999999,85.04666666666667,5.079583333333333,4
TNP_0007,2017-08-05,2.0063500000000003,6.76186,0.2967156965686956,24.152916666666663,27.58,21.96,5.619999999999997,86.19916666666666,5.235,4
TNP_0007,2017-08-06,3.91079,6.75904,0.5786013990152448,24.65625,28.94,21.85,7.09,84.43583333333333,4.615833333333334,4
TNP_0007,2017-08-07,4.91263,6.72537,0.7304624132203879,24.191666666666663,27.83,21.84,5.989999999999998,85.77625,3.9916666666666663,4
TNP_0007,2017-08-08,6.06346,6.95912,0.8712969455908219,24.209166666666665,28.0,21.58,6.420000000000002,86.58458333333333,3.622916666666667,4
TNP_0007,2017-08-09,5.44475,6.86816,0.7927523528863626,23.81583333333333,27.47,20.36,7.109999999999999,87.47583333333334,3.045,4
TNP_0007,2017-08-10,5.24439,6.72024,0.7803873075961574,24.063333333333333,28.82,20.12,8.7,83.02499999999999,2.6525,4
TNP_0007,2017-08-11,2.9191,6.84574,0.4264111695740708,22.929166666666664,26.16,20.38,5.780000000000001,87.80375,3.6629166666666655,4
TNP_0007,2017-08-12,6.34097,7.017720000000001,0.9035655455048078,23.94875,28.47,20.15,8.32,84.59333333333333,2.6954166666666666,4
TNP_0007,2017-08-13,4.61719,6.8575,0.6733051403572731,23.68625,27.33,21.27,6.059999999999999,84.95666666666666,1.85625,4
TNP_0007,2017-08-14,5.07221,6.93278,0.7316271394736311,23.594166666666663,27.68,20.77,6.91,85.50083333333333,1.405,4
TNP_0007,2017-08-15,5.0309,6.76095,0.7441114044623907,23.617500000000003,26.89,20.62,6.27,87.35416666666667,2.1283333333333334,4
TNP_0007,2017-08-16,3.8581,7.04326,0.5477719124382743,23.53333333333333,28.13,20.91,7.219999999999999,85.50833333333333,3.546666666666667,4
TNP_0007,2017-08-17,4.953390000000001,6.9289,0.7148883661187203,24.11,28.62,20.91,7.710000000000001,85.59083333333332,4.185833333333333,4
TNP_0007,2017-08-18,4.368390000000001,6.78193,0.6441219534852174,23.59,27.77,21.17,6.599999999999998,85.06791666666666,4.9783333333333335,4
TNP_0007,2017-08-19,3.59932,6.90964,0.5209128116660202,23.52208333333333,26.78,21.19,5.59,87.30958333333332,4.834583333333334,4
TNP_0007,2017-08-20,2.9801,6.8744700000000005,0.4335025100116808,23.91708333333333,28.06,20.97,7.09,84.49791666666667,4.97,4
TNP_0007,2017-08-21,3.89116,6.9288,0.5615921948966631,23.36583333333333,27.47,20.61,6.859999999999999,85.96458333333334,4.627083333333333,4
TNP_0007,2017-08-22,4.52886,6.84989,0.6611580623922427,23.89333333333333,28.26,20.44,7.82,84.43916666666667,4.090416666666667,4
TNP_0007,2017-08-23,5.51554,6.87096,0.8027320781957688,24.239166666666662,28.4,21.04,7.359999999999999,85.75875,3.225,4
TNP_0007,2017-08-24,4.76575,6.548640000000001,0.7277465244692026,24.36958333333333,29.49,20.94,8.549999999999997,84.09041666666667,2.44625,4
TNP_0007,2017-08-25,3.87736,6.93545,0.5590639396145889,24.14,28.32,20.86,7.460000000000001,84.6375,3.799166666666667,4
TNP_0007,2017-08-26,4.86574,7.05503,0.6896838142431712,24.31583333333333,28.31,21.48,6.829999999999998,85.51833333333333,4.2491666666666665,4
TNP_0007,2017-08-27,2.95804,6.93375,0.4266147467099333,24.162916666666664,28.23,21.57,6.66,85.81041666666665,4.829166666666667,4
TNP_0007,2017-08-28,2.6904,6.66827,0.4034629671563989,23.719166666666663,26.98,21.58,5.400000000000002,88.87916666666666,5.1025,4
TNP_0007,2017-08-29,1.92744,6.84091,0.2817519891359483,23.4375,26.59,21.03,5.559999999999999,88.32625,5.544583333333333,4
TNP_0007,2017-08-30,4.648230000000001,7.07501,0.6569927109643663,24.175416666666667,29.34,20.96,8.379999999999999,85.16083333333333,4.009166666666666,4
TNP_0007,2017-08-31,5.06874,6.77253,0.7484263635598514,24.267916666666665,28.22,20.85,7.369999999999997,85.2175,2.50875,4
TNP_0007,2017-09-01,6.06687,6.97287,0.87006784867637,24.874166666666667,28.63,21.34,7.289999999999999,85.50541666666668,2.0091666666666668,4
TNP_0007,2017-09-02,5.94373,6.90568,0.8607016253287149,22.96083333333333,25.99,20.17,5.819999999999997,88.64208333333333,2.3429166666666665,4
TNP_0007,2017-09-03,4.90276,6.98408,0.7019908133927446,24.8725,29.25,20.08,9.170000000000002,86.0225,1.9316666666666664,4
TNP_0007,2017-09-04,5.87287,6.88816,0.852603598058117,24.580416666666665,27.38,22.16,5.219999999999999,91.13791666666668,1.9366666666666668,4
TNP_0007,2017-09-05,5.76232,6.85575,0.8405090617364986,24.34875,27.62,22.49,5.130000000000003,90.34333333333336,2.282083333333333,4
TNP_0007,2017-09-06,4.387849999999999,6.886550000000001,0.6371622946177693,24.023333333333337,26.67,22.2,4.470000000000002,91.2575,1.77375,4
TNP_0007,2017-09-07,4.86815,6.66117,0.7308250652663121,24.521666666666665,28.31,21.43,6.879999999999999,88.45125,1.2491666666666668,4
TNP_0007,2017-09-08,5.45392,6.77383,0.8051456856756074,24.96625,28.71,21.26,7.449999999999999,85.53375,1.0220833333333337,4
TNP_0007,2017-09-09,3.76681,7.01495,0.53696890213045,24.20125,27.63,21.39,6.239999999999998,87.54166666666667,1.4083333333333332,4
TNP_0007,2017-09-10,5.5409,6.81474,0.8130757739840405,24.887083333333333,28.58,21.2,7.379999999999999,85.53500000000001,1.03625,4
TNP_0007,2017-09-11,4.32605,6.818440000000001,0.6344633083227248,25.152083333333334,28.87,21.61,7.260000000000002,87.105,1.4058333333333335,4
TNP_0007,2017-09-12,5.7730500000000005,6.96579,0.8287717545317904,25.199166666666667,29.17,21.77,7.400000000000002,86.70708333333333,2.216666666666667,4
TNP_0007,2017-09-13,5.113390000000001,6.91108,0.7398829126561985,24.888333333333332,28.42,21.56,6.860000000000003,86.67416666666666,1.87875,4
TNP_0007,2017-09-14,3.4807200000000003,6.71774,0.5181385406401559,23.660416666666663,26.94,21.31,5.630000000000003,91.52125,3.5895833333333336,4
TNP_0007,2017-09-15,5.02182,6.82712,0.735569317662499,23.64375,26.69,21.2,5.490000000000002,90.6775,3.723333333333333,4
TNP_0007,2017-09-16,3.2452400000000003,6.69939,0.484408281948058,23.308333333333334,25.61,21.24,4.370000000000001,92.76166666666668,4.140833333333333,4
TNP_0007,2017-09-17,1.95022,6.69454,0.2913150119350993,23.05625,26.01,21.22,4.790000000000003,89.95333333333333,6.013750000000001,4
TNP_0007,2017-09-18,4.4779,6.8323,0.6554015485268504,23.26125,26.02,21.37,4.649999999999999,90.40916666666668,5.4725,4
TNP_0007,2017-09-19,5.0962,6.908980000000001,0.7376197354747009,23.719583333333333,27.58,21.54,6.039999999999999,89.37916666666666,5.734583333333333,4
TNP_0007,2017-09-20,5.36173,6.87525,0.7798596414675829,23.26708333333333,27.36,20.43,6.93,88.77375,5.067083333333334,4
TNP_0007,2017-09-21,4.985189999999999,6.97641,0.7145781282923451,23.06041666666667,27.31,20.14,7.169999999999998,88.52458333333334,4.0425,4
TNP_0007,2017-09-22,6.88798,7.07111,0.9741016615496012,23.50125,28.25,20.05,8.2,86.06791666666668,2.7687500000000003,4
TNP_0007,2017-09-23,6.691050000000001,7.0439,0.9499070117406552,24.19833333333333,28.9,20.22,8.68,86.12916666666666,1.9825,4
TNP_0007,2017-09-24,5.481,6.6442,0.8249300141476777,23.74208333333333,27.09,20.99,6.100000000000001,89.63583333333334,2.487083333333333,4
TNP_0007,2017-09-25,4.81639,6.60172,0.7295659313027514,23.337083333333336,26.45,21.12,5.329999999999998,90.31041666666664,2.2687500000000003,4
TNP_0007,2017-09-26,5.1556,6.45767,0.7983684517790471,23.39208333333333,26.93,20.72,6.210000000000001,89.89208333333333,2.500833333333333,4
TNP_0007,2017-09-27,3.66612,6.51228,0.5629549098011757,22.870833333333334,25.75,20.5,5.25,90.3325,2.905416666666667,4
TNP_0007,2017-09-28,3.5805,6.53529,0.5478716323223606,22.797083333333333,26.91,19.93,6.98,88.50875,4.81625,4
TNP_0007,2017-09-29,4.43288,6.81921,0.6500577046314749,23.017916666666665,26.41,19.78,6.629999999999999,89.37833333333333,3.925833333333333,4
TNP_0007,2017-09-30,4.99368,6.62641,0.7536026294781036,24.12875,28.35,21.33,7.020000000000003,89.36416666666666,3.420833333333333,4
TNP_0007,2017-10-01,3.75056,6.50199,0.5768326312405895,23.52625,26.95,21.44,5.509999999999998,90.635,2.97125,4
TNP_0007,2017-10-02,3.95855,6.57529,0.602034282898549,24.246666666666663,27.81,21.64,6.169999999999998,91.02,2.87625,4
TNP_0007,2017-10-03,5.24086,6.851940000000001,0.7648724302898156,24.08458333333333,27.66,21.39,6.27,90.18875,2.5883333333333334,4
TNP_0007,2017-10-04,4.454899999999999,6.38038,0.6982186013999165,24.180000000000003,27.66,21.38,6.280000000000001,90.43625,2.2254166666666664,4
TNP_0007,2017-10-05,5.54701,6.44166,0.8611149920983101,24.13458333333333,27.05,21.81,5.240000000000002,91.26875,1.6779166666666665,4
TNP_0007,2017-10-06,4.43606,6.163189999999999,0.7197668739727318,22.613333333333333,24.96,20.87,4.09,93.43916666666668,2.829166666666666,4
TNP_0007,2017-10-07,4.36331,6.43593,0.6779610716710717,24.0075,28.07,20.77,7.300000000000001,89.305,1.96,4
TNP_0007,2017-10-08,5.48912,6.461069999999999,0.8495682603655432,24.011666666666667,28.15,21.37,6.779999999999998,90.11541666666666,2.5004166666666667,4
TNP_0007,2017-10-09,5.50484,6.29127,0.8749966223036048,24.3275,28.08,21.45,6.629999999999999,90.35041666666666,2.4991666666666665,4
TNP_0007,2017-10-10,5.606949999999999,6.3828000000000005,0.8784467631760354,23.65083333333333,26.4,21.57,4.829999999999998,91.73333333333332,2.084166666666667,4
TNP_0007,2017-10-11,4.75491,6.199730000000001,0.766954367367611,23.61791666666667,27.31,20.62,6.689999999999998,88.3875,1.53,4
TNP_0007,2017-10-12,4.27392,6.28419,0.6801067440672546,23.611666666666665,28.18,20.32,7.859999999999999,87.36874999999999,2.6166666666666667,4
TNP_0007,2017-10-13,3.8612,6.19514,0.6232627511242683,23.672083333333333,27.46,20.74,6.720000000000002,89.36291666666666,2.6620833333333334,4
TNP_0007,2017-10-14,3.3164900000000004,6.17237,0.5373122479695807,22.96625,26.69,20.37,6.32,89.51791666666666,3.199583333333333,4
TNP_0007,2017-10-15,3.80032,6.32856,0.6005031160327151,22.2525,25.64,20.36,5.280000000000001,86.99041666666666,3.490833333333333,4
TNP_0007,2017-10-16,4.70051,6.41803,0.7323914035926913,22.75,26.87,20.14,6.73,89.7075,2.9491666666666667,4
TNP_0007,2017-10-17,2.89004,6.18107,0.4675630594702858,22.84583333333333,26.15,20.14,6.009999999999998,89.32208333333334,2.3000000000000003,4
TNP_0007,2017-10-18,5.28496,6.09807,0.8666610911321123,23.87291666666667,27.9,20.84,7.059999999999999,88.51625,2.3641666666666667,4
TNP_0007,2017-10-19,5.7363800000000005,6.176519999999999,0.9287398081767728,24.16583333333333,28.54,20.97,7.57,88.55791666666666,1.95375,4
TNP_0007,2017-10-20,5.245,6.05553,0.8661504443046274,23.937083333333334,28.21,20.77,7.440000000000001,89.23208333333334,2.450833333333333,4
TNP_0007,2017-10-21,2.76901,6.15672,0.4497540898400446,24.256666666666664,28.09,20.81,7.280000000000001,89.34333333333335,2.93375,4
TNP_0007,2017-10-22,4.97107,5.915970000000001,0.8402797850563812,22.629166666666663,26.03,19.05,6.98,91.01541666666668,1.9058333333333333,4
TNP_0007,2017-10-23,6.207109999999999,6.40889,0.9685156087871688,22.734583333333333,28.26,18.58,9.680000000000003,83.14791666666666,2.245416666666667,4
TNP_0007,2017-10-24,6.135149999999999,6.24069,0.9830884084932916,24.17958333333333,29.3,18.4,10.900000000000002,78.77,1.0691666666666666,4
TNP_0007,2017-10-25,5.48404,5.7647,0.951314031953094,23.86875,27.46,20.78,6.68,87.72375,1.9333333333333331,4
TNP_0007,2017-10-26,4.46773,6.1686000000000005,0.7242696884220081,23.844166666666663,27.75,20.58,7.170000000000002,86.59208333333333,2.185,4
TNP_0007,2017-10-27,4.1081,6.137309999999999,0.6693649172031396,24.01291666666667,27.83,20.64,7.189999999999998,87.77583333333332,1.8233333333333333,4
TNP_0007,2017-10-28,4.64246,5.927569999999999,0.7831978365502221,22.58458333333333,25.27,20.09,5.18,89.11375,2.527083333333333,4
TNP_0007,2017-10-29,5.42937,5.97657,0.9084424678369032,23.37708333333333,27.82,19.34,8.48,81.00833333333334,2.6254166666666667,4
TNP_0007,2017-10-30,5.596769999999999,5.99184,0.934065328847232,23.645416666666662,27.97,19.07,8.899999999999999,86.0125,2.4929166666666664,4
TNP_0007,2017-10-31,5.101109999999999,6.11725,0.8338894110915851,23.10125,27.15,19.96,7.189999999999998,87.76791666666666,2.5683333333333334,4
TNP_0007,2017-11-01,4.96073,5.95637,0.8328445009292572,22.842916666666667,27.06,19.45,7.609999999999999,87.51375,2.458333333333333,4
TNP_0007,2017-11-02,4.95005,5.91332,0.837101662010512,23.23708333333333,27.51,19.31,8.200000000000003,87.03333333333335,2.2845833333333334,4
TNP_0007,2017-11-03,5.46225,5.94241,0.9191977665627246,23.197916666666668,27.38,19.89,7.489999999999998,87.34500000000001,3.0108333333333337,4
TNP_0007,2017-11-04,4.22222,6.20399,0.6805652491380547,22.66583333333333,26.27,19.73,6.539999999999999,88.79333333333334,3.3375,4
TNP_0007,2017-11-05,3.69652,6.087359999999999,0.6072451768911319,22.913750000000004,26.43,19.6,6.829999999999998,89.80083333333333,3.185833333333333,4
TNP_0007,2017-11-06,3.95626,6.19751,0.6383628263609095,22.46708333333333,26.3,19.8,6.5,91.01791666666666,3.0733333333333337,4
TNP_0007,2017-11-07,4.226019999999999,5.82263,0.7257922966082336,22.929583333333337,27.09,19.73,7.359999999999999,88.2325,2.6750000000000003,4
TNP_0007,2017-11-08,4.72688,5.8986,0.8013562540263792,22.66208333333333,26.56,19.62,6.939999999999998,90.04666666666667,2.704166666666666,4
TNP_0007,2017-11-09,4.97199,6.027610000000001,0.8248692267747911,22.91125,27.94,17.84,10.1,82.51125,1.6762499999999998,4
TNP_0007,2017-11-10,5.5283500000000005,5.98072,0.924361949731805,23.3475,28.08,17.56,10.52,80.07208333333334,1.8283333333333331,4
TNP_0007,2017-11-11,4.21353,5.54314,0.7601341477934888,23.70583333333333,27.88,19.52,8.36,78.36875,1.51375,4
TNP_0007,2017-11-12,4.75168,5.99649,0.7924102266492565,23.62125,28.49,19.19,9.299999999999995,78.355,1.3445833333333332,4
TNP_0007,2017-11-13,5.382689999999999,5.86567,0.9176598751719752,23.48958333333333,28.76,19.03,9.73,82.01375,1.6975,4
TNP_0007,2017-11-14,4.71836,5.50191,0.8575858201969861,23.367500000000003,27.53,19.0,8.530000000000001,86.54291666666666,2.06375,4
TNP_0007,2017-11-15,4.88995,5.66216,0.8636191841982565,23.35625,28.53,19.04,9.490000000000002,86.61625,2.464583333333333,4
TNP_0007,2017-11-16,5.1703,5.55293,0.9310940350409604,22.71666666666667,28.11,18.81,9.3,84.30708333333332,2.200416666666667,4
TNP_0007,2017-11-17,5.11631,5.44779,0.9391533080386726,23.926666666666662,28.75,19.26,9.489999999999998,77.13375,1.3266666666666669,4
TNP_0007,2017-11-18,4.94278,5.53442,0.8930981024208499,24.157083333333333,28.74,19.65,9.09,79.02125,1.8216666666666663,4
TNP_0007,2017-11-19,4.54908,5.54355,0.8206077333116866,24.264166666666668,28.6,20.64,7.960000000000001,85.13416666666667,1.9691666666666665,4
TNP_0007,2017-11-20,4.85493,5.64479,0.860072739641333,24.11916666666667,28.89,20.29,8.600000000000001,84.17125,2.11875,4
TNP_0007,2017-11-21,4.698300000000001,5.70192,0.823985604848893,23.291666666666668,27.18,20.13,7.050000000000001,88.61958333333332,2.43125,4
TNP_0007,2017-11-22,4.86944,5.74792,0.8471655833762475,23.58583333333333,28.47,19.27,9.2,84.39708333333333,2.6395833333333334,4
TNP_0007,2017-11-23,5.293159999999999,5.4475,0.9716677374942634,23.48125,28.64,19.01,9.63,81.1975,2.6083333333333334,4
TNP_0007,2017-11-24,4.55427,5.3211,0.8558888199808309,24.175,29.4,19.39,10.009999999999998,80.78125,1.9395833333333328,4
TNP_0007,2017-11-25,4.23304,4.7779,0.8859624521233178,23.27875,28.72,19.85,8.869999999999997,80.89208333333333,2.5245833333333336,4
TNP_0007,2017-11-26,3.64937,5.26645,0.6929468617379829,22.77416666666667,26.17,19.67,6.5,85.40166666666666,2.46625,4
TNP_0007,2017-11-27,4.02704,5.45892,0.7376990320429683,22.69458333333333,25.92,20.31,5.610000000000003,90.72208333333332,2.535,4
TNP_0007,2017-11-28,4.5404,5.56624,0.8157032395297364,23.24625,27.98,19.62,8.36,82.92083333333333,3.174583333333333,4
TNP_0007,2017-11-29,4.6397200000000005,5.62953,0.8241753752089429,23.47083333333333,28.38,19.38,9.0,81.30083333333333,4.129583333333334,4
TNP_0007,2017-11-30,1.50345,5.886850000000001,0.2553912533867857,22.39208333333333,24.16,20.1,4.059999999999999,93.33958333333334,5.922499999999999,4
TNP_0007,2017-12-01,2.98831,5.45634,0.5476766477162347,22.59,24.97,20.14,4.829999999999998,94.59208333333332,3.690833333333333,4
TNP_0007,2017-12-02,3.75759,5.3191,0.7064334191874566,22.36125,25.4,20.0,5.399999999999999,89.37541666666665,1.9329166666666664,4
TNP_0007,2017-12-03,4.988779999999999,5.69062,0.8766672172803666,22.3175,26.3,19.16,7.140000000000001,89.90416666666665,2.5504166666666666,4
TNP_0007,2017-12-04,5.29595,5.60979,0.9440549467983648,23.097916666666663,27.57,18.87,8.7,84.48625,1.502916666666667,4
TNP_0007,2017-12-05,5.19787,5.621449999999999,0.9246493342465024,23.025,27.41,19.35,8.059999999999999,87.40833333333335,1.2775,4
TNP_0007,2017-12-06,5.186109999999999,5.48534,0.9454491426237936,23.24625,27.47,20.35,7.119999999999997,87.86958333333332,0.6466666666666666,4
TNP_0007,2017-12-07,4.4832,5.20001,0.862152188168869,22.77916666666667,25.8,19.52,6.280000000000001,87.75708333333334,1.3829166666666666,4
TNP_0007,2017-12-08,5.04719,5.44792,0.9264434866884976,23.06083333333333,28.13,17.47,10.66,70.80875,1.285,4
TNP_0007,2017-12-09,5.385940000000001,5.532979999999999,0.9734248090540724,22.74,28.11,17.03,11.079999999999998,66.37625,1.1541666666666666,4
TNP_0007,2017-12-10,5.05779,5.221310000000001,0.9686821889525806,21.925,27.28,17.0,10.28,78.02416666666666,2.1341666666666668,4
TNP_0007,2017-12-11,2.22465,4.941529999999999,0.4501945753643103,23.01291666666667,27.89,17.35,10.54,79.20916666666666,1.6404166666666666,4
TNP_0007,2017-12-12,4.286020000000001,4.92143,0.8708891521366758,23.484583333333333,28.32,19.49,8.830000000000002,85.28,1.10125,4
TNP_0007,2017-12-13,3.08468,4.44966,0.6932394834661524,23.22583333333333,27.22,20.21,7.009999999999998,87.55291666666666,1.2083333333333333,4
TNP_0007,2017-12-14,4.5113,5.09714,0.8850649579960527,22.24833333333333,27.51,17.66,9.85,82.65916666666666,2.4825,4
TNP_0007,2017-12-15,5.3724,5.647309999999999,0.9513201860708904,22.36708333333333,27.8,17.67,10.13,80.78291666666667,3.032083333333333,4
TNP_0007,2017-12-16,5.26312,5.5142,0.9544666497406696,21.883333333333336,27.37,16.64,10.73,81.56375,3.87875,4
TNP_0007,2017-12-17,5.51694,5.6603,0.9746727205271803,20.717916666666667,27.15,14.84,12.31,80.88291666666667,4.1875,4
TNP_0007,2017-12-18,5.21157,5.51997,0.9441301311420172,20.085833333333333,26.61,14.62,11.99,79.02416666666666,3.875833333333333,4
TNP_0007,2017-12-19,5.61416,5.76381,0.9740362711470364,21.7225,27.23,14.77,12.46,80.62875,3.42625,4
TNP_0007,2017-12-20,4.93446,5.62699,0.8769270960140323,21.077916666666667,27.72,15.04,12.68,75.94708333333334,3.98,4
TNP_0007,2017-12-21,5.0776900000000005,5.56085,0.913114002355755,21.95208333333333,27.47,14.75,12.72,78.88333333333334,3.7566666666666655,4
TNP_0007,2017-12-22,5.5795,5.809019999999999,0.9604890325734808,21.585416666666664,27.59,17.39,10.2,79.68958333333333,3.956666666666667,4
TNP_0007,2017-12-23,5.58556,5.84383,0.9558046691981116,21.07875,28.02,15.1,12.92,77.34416666666667,3.4825,4
TNP_0007,2017-12-24,5.931730000000001,6.00318,0.9880979747400546,21.06625,27.79,14.77,13.02,76.57125,3.06,4
TNP_0007,2017-12-25,5.27146,5.61388,0.939004752506288,22.54208333333333,28.92,16.25,12.670000000000002,76.08708333333333,2.89625,4
TNP_0007,2017-12-26,5.409599999999999,5.67971,0.95244299444866,21.776666666666667,29.51,16.47,13.040000000000004,71.41083333333334,3.114583333333333,4
TNP_0007,2017-12-27,5.31649,5.34266,0.9951016909180072,21.184166666666663,28.41,16.31,12.1,73.285,3.38125,4
TNP_0007,2017-12-28,5.59219,5.7073100000000005,0.9798293767116208,19.250416666666663,25.84,14.3,11.54,72.56833333333334,3.651666666666667,4
TNP_0007,2017-12-29,5.82871,5.865,0.9938124467178177,20.313333333333333,27.55,13.94,13.61,73.97291666666666,3.2375000000000003,4
TNP_0007,2017-12-30,5.55178,5.85726,0.9478459211303578,20.87375,28.19,15.62,12.570000000000002,74.68666666666667,2.7466666666666666,4
TNP_0007,2017-12-31,5.97616,6.02166,0.992443944028723,22.32,29.41,15.31,14.1,65.85541666666667,1.7300000000000002,4
TNP_0007,2018-01-01,5.395560000000001,5.76111,0.9365486859303156,22.357083333333332,29.51,16.96,12.55,73.75833333333334,1.41625,4
TNP_0007,2018-01-02,5.20208,5.50347,0.9452363690544328,23.1475,30.26,17.03,13.23,72.27125,1.4654166666666668,4
TNP_0007,2018-01-03,5.04931,5.27783,0.9567019021074952,23.441666666666663,29.67,17.98,11.69,73.55833333333334,1.5979166666666669,4
TNP_0007,2018-01-04,5.16282,5.3813,0.9594001449463884,22.71333333333333,29.4,16.77,12.63,73.99625,2.4279166666666665,4
TNP_0007,2018-01-05,4.85379,5.0077,0.96926533138966,21.232916666666668,28.74,15.07,13.669999999999998,70.77166666666666,2.5341666666666667,4
TNP_0007,2018-01-06,4.86224,4.93274,0.9857077405255495,21.93125,28.84,14.78,14.06,66.32708333333333,1.5575,4
TNP_0007,2018-01-07,4.72727,4.936640000000001,0.9575885622609708,21.6325,28.59,15.04,13.55,71.72291666666666,1.5729166666666667,4
TNP_0007,2018-01-08,5.47916,5.5397,0.9890716103760132,20.55875,28.89,14.74,14.15,65.26,2.7875,4
TNP_0007,2018-01-09,5.26914,5.6099,0.9392573842670994,22.300416666666667,29.11,14.61,14.5,72.28625000000001,2.48,4
TNP_0007,2018-01-10,4.73471,5.52413,0.857096049513679,23.087083333333336,29.25,18.81,10.44,79.83583333333333,3.735416666666667,4
TNP_0007,2018-01-11,5.11187,5.79507,0.8821066872358746,24.1475,30.57,18.97,11.6,76.36916666666667,3.137916666666667,4
TNP_0007,2018-01-12,4.01795,5.12519,0.7839611799757668,24.102500000000003,30.84,18.94,11.9,74.34291666666667,3.1695833333333336,4
TNP_0007,2018-01-13,4.575729999999999,5.879060000000001,0.7783097978248221,22.412916666666664,29.05,16.49,12.560000000000002,73.39833333333333,3.31875,4
TNP_0007,2018-01-14,6.145239999999999,6.207140000000001,0.9900276133613868,22.23583333333333,30.88,16.1,14.779999999999998,64.23625,3.331666666666667,4
TNP_0007,2018-01-15,5.955310000000001,6.00336,0.9919961488233258,22.60333333333333,31.21,16.53,14.68,67.82333333333334,3.2275000000000005,4
TNP_0007,2018-01-16,5.16044,5.40929,0.953995810910489,24.1,31.11,17.16,13.95,70.1475,2.4883333333333333,4
TNP_0007,2018-01-17,4.32543,5.05637,0.8554417497137273,23.044583333333332,29.8,16.4,13.400000000000002,71.76333333333334,2.2645833333333334,4
TNP_0007,2018-01-18,5.92141,6.01413,0.9845829737634536,21.48375,30.61,15.1,15.51,63.742916666666666,3.2404166666666665,4
TNP_0007,2018-01-19,5.86071,5.961720000000001,0.983056903041404,20.87666666666667,29.46,14.67,14.79,66.02374999999999,3.2120833333333336,4
TNP_0007,2018-01-20,5.7378,5.8998800000000005,0.9725282548119624,21.23,30.28,14.56,15.72,66.93083333333333,2.744166666666666,4
TNP_0007,2018-01-21,5.82729,5.84403,0.9971355383185916,21.49208333333333,30.41,14.52,15.89,65.52875,2.7525,4
TNP_0007,2018-01-22,5.60802,5.71465,0.981340939515106,22.735,30.5,15.52,14.98,63.80041666666667,1.836666666666667,4
TNP_0007,2018-01-23,5.02154,5.35661,0.9374473780992084,23.109166666666667,30.01,16.62,13.39,71.35416666666667,1.5704166666666666,4
TNP_0007,2018-01-24,4.8341400000000005,5.216819999999999,0.9266449676239552,24.085416666666664,30.65,18.71,11.939999999999998,71.55583333333333,1.44375,4
TNP_0007,2018-01-25,4.9468000000000005,5.26171,0.9401506354398096,24.16875,32.32,17.48,14.84,64.51833333333333,1.6383333333333334,4
TNP_0007,2018-01-26,5.33771,5.50244,0.9700623723293668,23.11375,31.2,16.17,15.029999999999998,62.3175,2.197083333333333,4
TNP_0007,2018-01-27,5.29087,5.48023,0.9654467057039576,23.276666666666667,30.58,15.83,14.749999999999998,65.09083333333334,1.8595833333333331,4
TNP_0007,2018-01-28,4.69792,5.1708,0.9085480003094298,23.375416666666663,30.94,17.04,13.900000000000002,67.0675,2.192083333333333,4
TNP_0007,2018-01-29,5.86103,5.92175,0.98974627432769,23.1175,31.82,16.58,15.240000000000002,59.16166666666666,3.36875,4
TNP_0007,2018-01-30,6.20612,6.22738,0.9965860442112092,22.7875,32.34,15.05,17.290000000000003,57.36541666666667,3.263333333333333,4
TNP_0007,2018-01-31,6.07379,6.3293800000000005,0.9596184776392,21.865416666666665,32.1,13.88,18.22,54.14125000000001,3.2916666666666665,4
TNP_0007,2018-02-01,6.41506,6.48673,0.988951289786996,22.286666666666665,32.47,13.54,18.93,47.96875,3.0325,4
TNP_0007,2018-02-02,6.5656300000000005,6.57083,0.9992086235681034,22.13583333333333,32.64,13.68,18.96,49.90291666666667,3.0691666666666664,4
TNP_0007,2018-02-03,6.54781,6.62911,0.9877359102503956,21.515,32.18,13.38,18.8,52.53666666666667,3.29625,4
TNP_0007,2018-02-04,6.56482,6.6234,0.991155599842981,21.071666666666665,31.16,13.68,17.48,52.68708333333333,2.9779166666666668,4
TNP_0007,2018-02-05,6.45943,6.48062,0.9967302511179488,23.70583333333333,33.08,14.84,18.24,57.27375,3.185,4
TNP_0007,2018-02-06,5.8817,6.19404,0.9495741067219456,25.456666666666667,32.98,18.02,14.959999999999996,69.17833333333333,2.6908333333333334,4
TNP_0007,2018-02-07,4.65163,5.937060000000001,0.7834904818209685,23.719166666666663,29.06,20.42,8.639999999999997,82.14375,1.75875,4
TNP_0007,2018-02-08,5.01966,5.8127200000000006,0.8635647338939428,23.902083333333334,28.99,20.12,8.869999999999997,75.04583333333333,1.747083333333333,4
TNP_0007,2018-02-09,5.60087,6.12121,0.9149939309384908,24.35458333333333,28.73,19.75,8.98,72.54583333333333,1.495,4
TNP_0007,2018-02-10,6.3122,6.45246,0.9782625541266432,23.317916666666665,29.31,18.98,10.329999999999998,71.20583333333333,2.4545833333333333,4
TNP_0007,2018-02-11,6.218559999999999,6.33062,0.9822987321936872,24.16416666666667,31.43,18.62,12.81,67.42875,3.160833333333333,4
TNP_0007,2018-02-12,5.43315,6.16376,0.8814668319337547,23.311666666666667,29.61,18.93,10.68,72.1775,2.70375,4
TNP_0007,2018-02-13,5.35688,6.07861,0.881267263403969,22.422916666666666,28.21,18.17,10.04,69.11958333333332,3.111666666666667,4
TNP_0007,2018-02-14,5.99333,6.44403,0.9300592951926048,22.013333333333332,27.63,17.37,10.259999999999998,72.425,3.68125,4
TNP_0007,2018-02-15,6.23832,6.325019999999999,0.9862925334623448,23.152916666666663,31.45,17.38,14.07,66.37166666666667,3.5975,4
TNP_0007,2018-02-16,6.439100000000001,6.549510000000001,0.9831422503362848,22.75583333333333,29.84,17.27,12.57,62.58208333333334,3.217916666666667,4
TNP_0007,2018-02-17,6.40834,6.64515,0.9643634831418404,22.93166666666667,31.33,16.66,14.669999999999998,57.19166666666666,2.2466666666666666,4
TNP_0007,2018-02-18,6.50515,6.541189999999999,0.9944902991657482,24.324166666666667,33.63,16.5,17.130000000000003,53.76,2.464166666666667,4
TNP_0007,2018-02-19,6.70721,6.71977,0.998130888408383,23.888333333333332,33.2,16.79,16.410000000000004,55.69083333333333,3.0504166666666666,4
TNP_0007,2018-02-20,6.78242,6.78916,0.9990072409546984,24.55958333333333,33.85,16.78,17.07,55.7075,3.2275,4
TNP_0007,2018-02-21,6.67608,6.7115100000000005,0.994721009132073,24.314166666666665,33.72,17.12,16.599999999999998,51.225,3.2470833333333338,4
TNP_0007,2018-02-22,6.79361,6.82906,0.994808948815796,24.592916666666667,34.76,16.15,18.61,45.01416666666666,2.94875,4
TNP_0007,2018-02-23,6.97743,6.98739,0.998574575055922,24.265833333333333,34.15,15.81,18.34,48.74,3.3425,4
TNP_0007,2018-02-24,6.79253,6.92176,0.9813298929751972,24.67458333333333,33.65,16.93,16.72,55.90916666666666,3.794583333333333,4
TNP_0007,2018-02-25,6.924510000000001,7.0002200000000006,0.9891846256260518,25.17875,34.1,18.0,16.1,56.15625,3.877916666666666,4
TNP_0007,2018-02-26,6.84936,7.02891,0.9744554987899974,26.863333333333333,34.92,17.6,17.32,52.34708333333333,2.82375,4
TNP_0007,2018-02-27,6.49027,6.9294,0.9366279908794412,27.16,35.25,19.11,16.14,52.40583333333333,3.735833333333333,4
TNP_0007,2018-02-28,6.837560000000001,6.92365,0.9875658070526384,26.46375,34.99,18.38,16.610000000000003,49.47166666666666,3.3312500000000003,4
TNP_0007,2018-03-01,6.95625,7.02919,0.9896232709600964,25.81,34.82,18.42,16.4,50.47541666666667,3.6525,4
TNP_0007,2018-03-02,7.04649,7.06009,0.9980736789474356,25.537916666666664,35.56,16.77,18.790000000000003,40.265,3.717916666666667,4
TNP_0007,2018-03-03,6.901260000000001,6.94345,0.9939237698838476,26.77958333333333,36.57,16.43,20.14,36.195,2.19375,4
TNP_0007,2018-03-04,6.98558,7.00102,0.997794607071541,26.8075,36.5,19.01,17.49,34.03875,2.4425,4
TNP_0007,2018-03-05,7.05435,7.12808,0.9896564011627256,26.64916666666667,36.7,18.25,18.450000000000003,33.24875,2.56375,4
TNP_0007,2018-03-06,7.11595,7.13109,0.9978769024090286,26.830416666666668,37.19,17.75,19.44,32.7125,2.5795833333333333,4
TNP_0007,2018-03-07,7.14072,7.17725,0.9949103068724092,26.965,36.62,17.79,18.83,37.345,2.7025,4
TNP_0007,2018-03-08,6.7999,6.8678,0.9901132822737996,27.485416666666666,36.16,18.76,17.399999999999995,40.60875,3.1675,4
TNP_0007,2018-03-09,6.38978,6.83863,0.9343655088811648,26.885416666666668,35.78,18.46,17.32,40.17875,3.7,4
TNP_0007,2018-03-10,5.70472,6.24871,0.9129436315655552,27.23583333333333,35.95,18.23,17.720000000000002,39.27666666666666,3.327916666666667,4
TNP_0007,2018-03-11,6.6373,6.80905,0.9747762169465636,26.85333333333333,35.78,19.18,16.6,46.92541666666667,4.049166666666666,4
TNP_0007,2018-03-12,6.09144,6.5784400000000005,0.9259702908288284,27.58375,35.34,18.86,16.480000000000004,55.00708333333333,4.847083333333333,4
TNP_0007,2018-03-13,3.76297,6.61588,0.5687784542645876,26.045,31.6,21.67,9.93,68.54166666666667,3.6054166666666663,4
TNP_0007,2018-03-14,4.0434,6.89512,0.5864147396999617,25.570833333333336,31.06,21.51,9.549999999999995,66.20875,2.7808333333333333,4
TNP_0007,2018-03-15,5.5541,6.98212,0.7954747268737862,26.39708333333333,33.18,21.56,11.62,68.45208333333333,1.4866666666666666,4
TNP_0007,2018-03-16,5.672359999999999,6.98533,0.8120389444736325,26.828333333333333,33.49,21.95,11.540000000000004,71.84375,1.7391666666666667,4
TNP_0007,2018-03-17,5.197100000000001,6.28095,0.8274385244270375,25.292916666666667,32.26,20.25,12.009999999999998,74.38458333333334,2.3004166666666666,4
TNP_0007,2018-03-18,5.8253900000000005,6.47551,0.8996032744911212,26.1975,32.43,20.16,12.27,72.28208333333333,2.339166666666667,4
TNP_0007,2018-03-19,5.95209,6.76749,0.8795121972843699,26.320833333333336,33.99,20.03,13.96,62.09791666666666,2.865833333333333,4
TNP_0007,2018-03-20,7.144519999999999,7.19503,0.9929798763868948,27.115,35.46,19.57,15.89,55.48916666666667,2.4204166666666667,4
TNP_0007,2018-03-21,6.7263,6.9036800000000005,0.9743064568462038,27.74375,36.32,21.22,15.1,62.060833333333335,1.9766666666666663,4
TNP_0007,2018-03-22,5.78376,6.407360000000001,0.9026744244119262,27.675,35.2,21.0,14.200000000000005,63.83208333333334,2.197083333333333,4
TNP_0007,2018-03-23,5.60505,6.32931,0.8855704650269934,28.242083333333337,36.93,21.69,15.239999999999998,63.44208333333333,2.1491666666666664,4
TNP_0007,2018-03-24,5.95929,6.22635,0.9571080970391964,28.605,36.52,21.4,15.120000000000005,55.82833333333334,2.2816666666666667,4
TNP_0007,2018-03-25,6.37696,6.47091,0.9854811765269492,28.05625,36.39,20.93,15.46,48.75541666666667,3.2570833333333336,4
TNP_0007,2018-03-26,5.89637,7.0966700000000005,0.830864334962736,27.74375,36.64,20.28,16.36,41.325833333333335,3.129583333333333,4
TNP_0007,2018-03-27,6.73495,7.25578,0.9282186064075812,28.91958333333333,37.57,19.76,17.81,50.12416666666667,2.24375,4
TNP_0007,2018-03-28,5.65376,6.44182,0.8776650077152109,28.99125,36.07,23.45,12.62,59.48416666666666,1.893333333333333,4
TNP_0007,2018-03-29,5.74225,6.47646,0.8866340562591292,28.430833333333336,34.65,23.32,11.329999999999998,62.82916666666667,1.9066666666666665,4
TNP_0007,2018-03-30,6.31204,6.58472,0.9585889756891712,27.53875,32.91,23.14,9.769999999999996,66.07875,2.11375,4
TNP_0007,2018-03-31,5.50276,6.51659,0.8444232336237204,27.571250000000003,33.35,22.94,10.41,65.08958333333334,1.9358333333333333,4
TNP_0007,2018-04-01,5.77051,6.43429,0.8968371024619655,27.871666666666663,34.44,22.8,11.639999999999995,62.73208333333333,1.165,4
TNP_0007,2018-04-02,6.2167,6.58112,0.9446264465622872,27.949583333333333,34.74,22.42,12.32,62.31375,1.2641666666666669,4
TNP_0007,2018-04-03,6.09198,6.62493,0.919553866984255,28.539583333333336,34.5,23.2,11.3,59.290416666666665,0.9533333333333333,4
TNP_0007,2018-04-04,6.21986,6.61198,0.9406955253948136,29.52958333333333,37.21,23.39,13.82,52.48875,1.9983333333333333,4
TNP_0007,2018-04-05,6.263979999999999,6.9436800000000005,0.9021124245356928,28.86458333333333,35.89,23.33,12.560000000000002,54.155,2.0641666666666665,4
TNP_0007,2018-04-06,5.71853,6.82379,0.8380284270178302,28.08458333333333,34.53,22.57,11.96,54.38791666666666,1.38125,4
TNP_0007,2018-04-07,6.583729999999999,6.91864,0.951593087658846,29.36,36.86,22.34,14.52,47.97,2.5391666666666666,4
TNP_0007,2018-04-08,6.758799999999999,7.2551,0.9315929484087054,28.249583333333334,34.94,22.54,12.4,53.65875,2.904166666666667,4
TNP_0007,2018-04-09,6.65773,7.176699999999999,0.9276868198475624,28.48875,34.92,22.33,12.590000000000003,54.13875,2.6779166666666665,4
TNP_0007,2018-04-10,6.6282700000000006,7.254150000000001,0.91372111136384,28.277083333333334,34.9,23.06,11.84,60.184583333333336,2.7425,4
TNP_0007,2018-04-11,6.17199,6.9173,0.8922542032295838,27.66625,33.38,23.15,10.230000000000004,64.77333333333333,1.6729166666666666,4
TNP_0007,2018-04-12,5.989850000000001,6.89525,0.8686922156557051,28.05208333333333,33.63,23.75,9.880000000000004,66.24249999999999,1.535,4
TNP_0007,2018-04-13,5.84449,6.93489,0.842766071271498,27.705416666666665,34.29,23.33,10.96,68.55541666666666,2.310416666666667,4
TNP_0007,2018-04-14,5.80898,7.113929999999999,0.8165641213787598,28.2225,34.83,23.02,11.81,69.88000000000001,1.4754166666666668,4
TNP_0007,2018-04-15,5.30219,6.92155,0.7660408434526947,27.109583333333333,32.39,23.5,8.89,74.69541666666667,1.8516666666666663,4
TNP_0007,2018-04-16,6.38758,7.05988,0.9047717524943768,28.361666666666665,34.62,23.35,11.269999999999996,68.29875,1.7625,4
TNP_0007,2018-04-17,5.44601,7.16011,0.7606042365270924,28.407916666666665,34.63,23.81,10.820000000000004,67.33458333333333,1.95625,4
TNP_0007,2018-04-18,5.7587600000000005,6.94288,0.8294482981125989,29.032083333333333,36.39,23.57,12.82,66.29291666666667,2.015,4
TNP_0007,2018-04-19,5.72938,7.07144,0.8102140440985146,27.787916666666664,33.83,23.7,10.13,70.79666666666667,2.6441666666666666,4
TNP_0007,2018-04-20,5.70107,6.68468,0.8528560828641011,27.502916666666668,33.52,23.34,10.180000000000003,68.59333333333333,1.6854166666666668,4
TNP_0007,2018-04-21,5.86932,6.74376,0.8703334638243354,29.510416666666668,37.1,23.27,13.830000000000002,62.6525,1.59,4
TNP_0007,2018-04-22,5.345269999999999,6.91972,0.7724691172475185,27.98875,34.34,22.94,11.400000000000002,68.46666666666667,2.63,4
TNP_0007,2018-04-23,6.52304,6.9575,0.9375551563061444,30.33083333333333,38.44,22.7,15.739999999999998,58.094166666666666,2.16625,4
TNP_0007,2018-04-24,6.26552,6.9319,0.9038676264804744,29.1575,36.55,24.07,12.479999999999997,63.82791666666666,2.56,4
TNP_0007,2018-04-25,5.86095,6.829020000000001,0.8582417389317939,28.051666666666662,33.89,23.97,9.920000000000002,69.29791666666667,2.365833333333333,4
TNP_0007,2018-04-26,6.04688,6.76178,0.8942734013824762,28.437083333333334,35.16,24.02,11.139999999999995,68.25583333333333,1.1416666666666666,4
TNP_0007,2018-04-27,5.77639,6.60533,0.8745043775254226,27.45583333333333,32.0,23.89,8.11,72.92708333333333,1.1558333333333333,4
TNP_0007,2018-04-28,5.86651,6.93651,0.8457437529824076,28.787916666666664,35.2,23.51,11.69,65.37291666666667,2.4354166666666663,4
TNP_0007,2018-04-29,6.43722,6.93337,0.9284402822869686,28.51708333333333,35.23,23.84,11.389999999999995,67.59708333333333,2.3545833333333333,4
TNP_0007,2018-04-30,6.14947,6.65849,0.923553238046464,27.72458333333333,34.13,23.07,11.060000000000002,71.52374999999999,2.6754166666666666,4
TNP_0007,2018-05-01,5.171609999999999,6.55404,0.7890720837834373,26.910833333333333,32.12,22.95,9.169999999999998,77.10541666666667,2.33625,4
TNP_0007,2018-05-02,5.1066,6.478899999999999,0.7881893531309329,26.406666666666663,30.69,23.44,7.25,81.155,2.15125,4
TNP_0007,2018-05-03,5.8135900000000005,6.32479,0.9191751821009078,27.05208333333333,32.54,23.05,9.489999999999998,77.89416666666666,1.4087500000000002,4
TNP_0007,2018-05-04,5.42599,6.72232,0.8071603256018756,26.85166666666667,32.42,22.92,9.5,70.32541666666667,1.6658333333333333,4
TNP_0007,2018-05-05,5.21287,6.65565,0.7832247789472102,27.288750000000004,32.74,22.9,9.840000000000003,73.09333333333333,1.268333333333333,4
TNP_0007,2018-05-06,5.86333,6.93421,0.8455656808778504,26.6225,32.27,22.75,9.520000000000003,78.78291666666667,2.28875,4
TNP_0007,2018-05-07,6.27313,6.93606,0.9044226837714784,27.266666666666666,32.83,22.56,10.27,74.88958333333333,2.3629166666666666,4
TNP_0007,2018-05-08,5.361680000000001,6.65874,0.8052093939694298,25.334166666666665,28.28,22.82,5.460000000000001,82.45666666666666,1.7191666666666665,4
TNP_0007,2018-05-09,5.50267,6.727,0.817997621525197,25.59,29.68,22.48,7.199999999999999,79.83541666666666,1.7270833333333335,4
TNP_0007,2018-05-10,6.25295,7.146100000000001,0.8750157428527449,25.69333333333333,29.87,22.45,7.420000000000002,81.64708333333333,1.28375,4
TNP_0007,2018-05-11,6.42974,7.213,0.8914099542492722,25.58875,30.31,22.67,7.639999999999997,82.3275,2.3508333333333336,4
TNP_0007,2018-05-12,6.09934,7.12967,0.8554870000995838,25.008750000000003,29.05,22.02,7.030000000000001,84.87416666666667,2.5704166666666666,4
TNP_0007,2018-05-13,5.50119,6.878019999999999,0.7998217510271852,25.589166666666667,30.45,22.0,8.45,80.80083333333333,1.7325,4
TNP_0007,2018-05-14,4.09221,6.769520000000001,0.6045051938689892,25.718333333333334,31.11,22.12,8.989999999999998,76.22291666666666,1.5179166666666666,4
TNP_0007,2018-05-15,6.29164,6.78702,0.927010676261452,24.52333333333333,28.11,20.65,7.460000000000001,74.12166666666667,1.8858333333333333,4
TNP_0007,2018-05-16,4.5046,6.68821,0.6735135409922834,24.5425,27.89,20.49,7.400000000000002,83.57916666666667,1.8258333333333332,4
TNP_0007,2018-05-17,5.47627,6.63103,0.8258551084823925,25.99291666666667,31.12,21.91,9.21,80.04333333333334,2.0258333333333334,4
TNP_0007,2018-05-18,4.9819700000000005,6.6918500000000005,0.7444832146566346,25.787916666666664,30.83,22.15,8.68,79.38833333333334,2.2304166666666667,4
TNP_0007,2018-05-19,5.17825,6.37946,0.8117066334768147,25.70208333333333,29.74,22.27,7.469999999999999,82.875,2.6025,4
TNP_0007,2018-05-20,5.554399999999999,6.43142,0.8636350914728006,25.60666666666667,29.22,22.66,6.559999999999999,82.6125,3.327083333333333,4
TNP_0007,2018-05-21,4.71929,6.42308,0.7347394085080678,25.18458333333333,29.46,21.96,7.5,82.70708333333333,3.21375,4
TNP_0007,2018-05-22,5.4476,6.68297,0.8151465590897461,25.755,29.96,21.84,8.120000000000001,79.45958333333333,2.3375,4
TNP_0007,2018-05-23,5.040640000000001,6.42335,0.7847369363338446,26.31,30.72,22.58,8.14,81.38,2.7229166666666664,4
TNP_0007,2018-05-24,3.92547,6.434270000000001,0.6100878576746079,25.302916666666665,28.99,23.09,5.899999999999999,84.47,2.342916666666667,4
TNP_0007,2018-05-25,2.4004100000000004,6.1066400000000005,0.3930819566897672,25.50916666666667,29.54,22.64,6.899999999999999,84.42458333333333,1.9979166666666668,4
TNP_0007,2018-05-26,5.12844,6.60996,0.7758655120454587,25.49708333333333,30.2,22.61,7.59,84.39,2.385,4
TNP_0007,2018-05-27,4.4314,6.836519999999999,0.6481952806398578,24.85125,28.22,22.67,5.549999999999997,89.88833333333334,3.327083333333334,4
TNP_0007,2018-05-28,4.18894,6.929150000000001,0.6045387962448495,24.55333333333333,26.75,22.84,3.91,93.01291666666668,3.85875,4
TNP_0007,2018-05-29,3.74148,7.02776,0.5323858526756748,24.58875,27.71,22.66,5.050000000000001,90.00416666666666,4.290416666666666,4
TNP_0007,2018-05-30,4.01945,6.98243,0.5756520294510651,25.105,29.43,22.39,7.039999999999999,85.44708333333334,4.502083333333333,4
TNP_0007,2018-05-31,4.9409600000000005,6.92411,0.7135877390740472,25.406666666666663,29.85,22.31,7.540000000000003,84.89916666666666,3.669583333333333,4
TNP_0007,2018-06-01,5.07211,6.44332,0.7871889026154217,25.387083333333333,29.05,22.59,6.460000000000001,87.06791666666668,2.349166666666666,4
TNP_0007,2018-06-02,4.9558800000000005,6.50082,0.7623469039290429,25.807916666666667,29.92,22.53,7.390000000000001,84.18708333333333,2.685416666666667,4
TNP_0007,2018-06-03,3.62656,6.77448,0.5353266966615888,24.31375,26.34,22.8,3.539999999999999,91.8975,3.8016666666666654,4
TNP_0007,2018-06-04,2.92408,7.01883,0.4166050467100642,24.33583333333333,27.4,22.05,5.349999999999998,89.06916666666666,3.2904166666666668,4
TNP_0007,2018-06-05,4.34584,7.04617,0.6167662716057092,24.37208333333333,28.0,21.16,6.84,87.28125,3.681666666666666,4
TNP_0007,2018-06-06,5.70377,7.03317,0.8109813924588769,24.81083333333333,29.32,20.95,8.370000000000001,81.42791666666666,4.539583333333334,4
TNP_0007,2018-06-07,2.92449,6.89898,0.4239017941782698,24.929583333333337,28.32,22.72,5.600000000000001,85.78041666666667,6.126666666666666,4
TNP_0007,2018-06-08,3.35096,6.8645,0.4881579139048729,24.92125,27.5,23.17,4.329999999999998,85.6275,7.375833333333333,4
TNP_0007,2018-06-09,1.71549,6.82478,0.2513619486635466,24.317083333333333,26.48,22.7,3.780000000000001,86.65125,7.524166666666666,4
TNP_0007,2018-06-10,3.60025,6.67697,0.5392041599707652,25.191666666666663,28.13,23.34,4.789999999999999,87.78333333333335,7.522083333333334,4
TNP_0007,2018-06-11,4.00696,6.743939999999999,0.5941571247668278,24.92958333333333,27.97,23.07,4.899999999999999,88.12541666666668,6.989166666666667,4
TNP_0007,2018-06-12,3.39946,6.55132,0.518896955117442,24.437083333333334,27.51,22.33,5.180000000000003,88.33999999999999,6.364583333333333,4
TNP_0007,2018-06-13,3.14151,6.60991,0.4752727344245231,23.935,27.08,21.84,5.239999999999998,89.16916666666667,6.025,4
TNP_0007,2018-06-14,2.01897,6.84444,0.2949795746620615,23.22583333333333,27.38,19.61,7.77,84.77,4.6345833333333335,4
TNP_0007,2018-06-15,3.79117,6.69628,0.5661606145501682,23.79625,28.34,19.84,8.5,85.145,4.30875,4
TNP_0007,2018-06-16,5.3583,6.81689,0.7860329270385762,23.425833333333333,27.35,20.33,7.020000000000003,85.35374999999999,3.674166666666667,4
TNP_0007,2018-06-17,4.13495,6.86361,0.6024453603861525,22.82166666666667,27.12,19.16,7.960000000000001,82.0175,4.294583333333334,4
TNP_0007,2018-06-18,5.08983,6.81178,0.7472099803575571,24.16,28.4,19.84,8.559999999999999,84.73333333333333,4.741666666666666,4
TNP_0007,2018-06-19,3.73145,6.680020000000001,0.5585986269502186,24.668333333333333,28.15,22.21,5.939999999999998,86.91416666666667,6.062083333333334,4
TNP_0007,2018-06-20,2.72412,6.80415,0.4003615440576707,24.157083333333333,26.75,22.67,4.079999999999998,90.17208333333332,5.08625,4
TNP_0007,2018-06-21,2.71211,6.654929999999999,0.4075339635428172,23.66583333333333,27.15,20.81,6.34,86.16416666666667,4.963333333333334,4
TNP_0007,2018-06-22,3.55213,6.50699,0.545894491923301,23.368333333333336,27.71,20.6,7.109999999999999,85.51916666666666,4.286666666666666,4
TNP_0007,2018-06-23,4.00595,6.77059,0.5916692636830763,23.91375,28.17,20.54,7.630000000000003,83.38666666666667,4.1575,4
TNP_0007,2018-06-24,5.0346,6.714,0.7498659517426274,23.78,28.45,19.77,8.68,81.32166666666667,3.9416666666666655,4
TNP_0007,2018-06-25,4.5048,6.82784,0.6597694146318602,22.7075,27.4,19.24,8.16,82.52333333333333,4.695833333333334,4
TNP_0007,2018-06-26,4.91703,6.944649999999999,0.7080313622716767,23.94083333333333,28.0,19.4,8.600000000000001,84.29333333333334,5.905,4
TNP_0007,2018-06-27,4.4716000000000005,6.62845,0.6746071856919793,24.10833333333333,27.42,22.02,5.400000000000002,85.59208333333333,5.873333333333334,4
TNP_0007,2018-06-28,2.70208,6.73093,0.4014422969782779,23.1925,26.57,20.66,5.91,86.61916666666667,4.590833333333333,4
TNP_0007,2018-06-29,4.16064,6.86174,0.6063534905140678,22.53833333333333,26.21,18.93,7.280000000000001,86.83541666666667,3.6325,4
TNP_0007,2018-06-30,5.56216,7.000229999999999,0.7945681784741359,23.27,28.78,18.86,9.920000000000002,81.63041666666668,3.095416666666667,4
TNP_0007,2018-07-01,5.308680000000001,6.85998,0.7738623144673892,23.6825,29.37,18.92,10.45,82.66333333333334,3.140416666666667,4
TNP_0007,2018-07-02,5.2199,6.97531,0.7483395003232831,23.71625,28.53,20.29,8.240000000000002,83.76458333333333,3.5170833333333333,4
TNP_0007,2018-07-03,5.50907,6.99464,0.7876130865920189,23.821250000000003,27.84,20.58,7.260000000000002,86.20333333333333,3.2433333333333336,4
TNP_0007,2018-07-04,6.13175,6.94943,0.882338551507102,24.094166666666663,29.16,20.03,9.13,84.84916666666668,3.484583333333333,4
TNP_0007,2018-07-05,5.96561,6.97414,0.8553900552612939,24.328333333333333,29.76,20.07,9.69,83.55666666666666,3.9933333333333336,4
TNP_0007,2018-07-06,4.9358900000000006,7.0485,0.7002752358657871,24.271666666666665,28.54,20.87,7.669999999999998,83.18416666666667,5.477916666666666,4
TNP_0007,2018-07-07,3.64023,6.79332,0.5358543392626874,23.60625,26.64,21.35,5.289999999999999,83.59125,7.0475,4
TNP_0007,2018-07-08,3.4718400000000003,6.93091,0.5009212354510447,24.05,27.37,21.8,5.57,87.46291666666667,5.76125,4
TNP_0007,2018-07-09,1.49639,6.7345500000000005,0.22219598933856,23.61875,26.22,21.97,4.25,89.81625000000001,4.901666666666666,4
TNP_0007,2018-07-10,2.7814,6.60247,0.4212665865956225,23.50375,26.15,21.3,4.849999999999998,89.8925,5.603750000000001,4
TNP_0007,2018-07-11,2.00912,6.84337,0.2935863470775363,23.240416666666665,25.73,21.41,4.32,89.88458333333334,6.5754166666666665,4
TNP_0007,2018-07-12,4.38641,6.6821,0.6564418371470047,23.825833333333332,26.99,22.0,4.989999999999998,86.6875,6.670833333333333,4
TNP_0007,2018-07-13,3.8949,6.728479999999999,0.5788677383302024,24.09583333333333,27.54,22.04,5.5,87.24624999999999,6.798333333333333,4
TNP_0007,2018-07-14,4.61174,6.81555,0.6766497201253018,24.28458333333333,27.52,22.55,4.969999999999999,86.6275,6.588333333333334,4
TNP_0007,2018-07-15,1.6906100000000002,6.635560000000001,0.2547803049026759,23.89625,27.17,21.9,5.270000000000003,86.60041666666666,7.632916666666667,4
TNP_0007,2018-07-16,2.49958,6.73171,0.3713142723022828,23.201666666666668,26.28,20.54,5.740000000000002,86.46249999999999,7.321666666666666,4
TNP_0007,2018-07-17,3.99061,6.79497,0.5872888327689453,23.684166666666663,26.92,20.45,6.470000000000002,85.83375000000001,7.277083333333334,4
TNP_0007,2018-07-18,3.81753,6.791720000000001,0.5620858928224366,23.3725,26.31,21.84,4.469999999999999,87.92333333333333,5.80125,4
TNP_0007,2018-07-19,2.55714,6.67179,0.3832764520466022,23.631666666666664,26.64,21.78,4.859999999999999,88.88041666666668,6.502916666666667,4
TNP_0007,2018-07-20,3.24094,6.7279,0.4817164345486704,23.35625,26.21,21.69,4.52,89.10541666666667,6.9725,4
TNP_0007,2018-07-21,4.12208,6.706899999999999,0.6146028716694747,23.08458333333333,25.28,21.33,3.950000000000003,89.94458333333334,6.298750000000001,4
TNP_0007,2018-07-22,4.83355,6.5747,0.7351742284819079,23.86625,27.41,21.23,6.18,86.06041666666665,5.959166666666667,4
TNP_0007,2018-07-23,4.11285,6.92572,0.5938516139838168,23.6475,27.23,21.34,5.890000000000001,86.96291666666667,5.6120833333333335,4
TNP_0007,2018-07-24,3.06907,6.800179999999999,0.4513218767738501,23.786666666666665,27.99,21.13,6.859999999999999,85.89291666666666,5.609999999999999,4
TNP_0007,2018-07-25,3.99453,6.98156,0.5721543609164714,23.640833333333333,27.05,21.17,5.879999999999999,87.67625,4.690416666666667,4
TNP_0007,2018-07-26,4.232480000000001,6.71727,0.6300893071143486,23.746666666666663,27.89,21.08,6.810000000000002,86.40499999999999,5.142916666666667,4
TNP_0007,2018-07-27,4.85723,6.740270000000001,0.7206284021263243,23.905416666666667,28.3,21.03,7.27,85.47166666666668,5.126666666666667,4
TNP_0007,2018-07-28,4.106859999999999,6.4804,0.6337355718782791,23.660416666666663,27.68,21.22,6.460000000000001,87.92916666666667,4.50875,4
TNP_0007,2018-07-29,4.28223,6.27274,0.6826729626925395,23.714583333333334,27.08,21.54,5.539999999999999,89.1725,4.042916666666667,4
TNP_0007,2018-07-30,3.34182,5.9220500000000005,0.5643012132622993,23.68958333333333,26.83,21.55,5.279999999999998,89.54958333333333,4.40875,4
TNP_0007,2018-07-31,1.39703,6.38818,0.2186898302802989,23.14583333333333,25.94,21.1,4.84,90.80916666666668,4.827083333333333,4
TNP_0007,2018-08-01,4.701,6.415430000000001,0.7327646003463524,23.34958333333333,27.02,20.72,6.300000000000001,88.48125,4.7491666666666665,4
TNP_0007,2018-08-02,5.02113,6.22724,0.8063170842941657,23.87625,28.15,20.69,7.459999999999997,86.27916666666665,4.032916666666667,4
TNP_0007,2018-08-03,4.27456,6.28012,0.6806494143424011,22.60125,27.12,19.44,7.68,84.44291666666668,4.369166666666667,4
TNP_0007,2018-08-04,3.84151,6.08495,0.631313322213001,23.55666666666667,27.97,19.41,8.559999999999999,84.83166666666666,4.49,4
TNP_0007,2018-08-05,4.81983,6.3047,0.7644820530715181,23.37875,27.13,20.85,6.279999999999998,86.75666666666666,5.161666666666666,4
TNP_0007,2018-08-06,4.6823500000000005,6.87626,0.6809442923915036,23.32958333333333,27.94,20.39,7.550000000000001,85.19166666666666,5.947500000000001,4
TNP_0007,2018-08-07,3.2588600000000003,6.62755,0.4917141326734615,23.59583333333333,27.82,20.68,7.140000000000001,85.06583333333333,6.420833333333333,4
TNP_0007,2018-08-08,2.30229,6.6608,0.3456476699495556,22.7375,25.31,20.88,4.43,89.0625,5.842083333333334,4
TNP_0007,2018-08-09,3.14576,6.704899999999999,0.4691732911751108,22.9375,26.58,20.81,5.77,88.5125,5.174166666666667,4
TNP_0007,2018-08-10,3.57704,6.72057,0.5322524726325297,23.15833333333333,26.63,20.76,5.869999999999997,88.99083333333334,4.6075,4
TNP_0007,2018-08-11,3.01467,6.77044,0.445269435959849,22.91416666666667,25.99,20.83,5.16,88.59541666666667,5.5058333333333325,4
TNP_0007,2018-08-12,3.13736,6.8275,0.4595181252288539,21.715416666666663,24.83,19.3,5.529999999999998,88.78250000000001,5.651666666666666,4
TNP_0007,2018-08-13,4.205970000000001,6.62542,0.6348231508342114,23.11208333333333,26.28,20.49,5.790000000000003,87.71541666666667,6.111250000000001,4
TNP_0007,2018-08-14,1.40754,6.821940000000001,0.2063254733990624,23.49791666666667,26.58,20.93,5.649999999999999,87.87166666666667,7.76625,4
TNP_0007,2018-08-15,1.52594,6.15354,0.2479775868849475,22.780833333333334,24.42,21.17,3.25,92.755,7.870833333333334,4
TNP_0007,2018-08-16,1.36377,6.41549,0.2125745656216438,23.19875,25.57,21.42,4.149999999999999,89.23458333333333,7.983333333333333,4
TNP_0007,2018-08-17,3.33237,6.18888,0.5384447589870865,23.33666666666667,25.89,21.88,4.010000000000002,89.58875,7.344166666666666,4
TNP_0007,2018-08-18,3.30663,6.50517,0.5083080073234059,22.804166666666664,25.34,20.9,4.440000000000001,90.17583333333332,6.346666666666667,4
TNP_0007,2018-08-19,4.2642,6.37721,0.6686623147112922,22.780833333333334,26.19,20.74,5.450000000000003,89.64916666666666,5.6875,4
TNP_0007,2018-08-20,4.510680000000001,6.583939999999999,0.6851034486948546,22.95208333333333,27.02,20.48,6.539999999999999,88.65333333333332,5.557916666666666,4
TNP_0007,2018-08-21,5.35906,6.95653,0.7703639601927973,23.03,27.19,20.21,6.98,86.67166666666667,5.120416666666666,4
TNP_0007,2018-08-22,5.51886,7.19517,0.7670228778472226,22.846666666666668,26.47,20.05,6.419999999999998,86.53791666666666,3.9291666666666663,4
TNP_0007,2018-08-23,5.13674,6.98263,0.7356454516421462,23.2925,27.96,20.07,7.890000000000001,86.62958333333334,3.7066666666666666,4
TNP_0007,2018-08-24,5.706300000000001,6.89203,0.8279563495806026,23.30708333333333,27.56,19.92,7.639999999999997,86.83583333333333,3.420833333333333,4
TNP_0007,2018-08-25,5.40277,6.73521,0.802168009609203,23.822916666666668,28.87,20.1,8.77,85.56625000000001,3.625833333333333,4
TNP_0007,2018-08-26,5.2075,7.0054300000000005,0.7433519427072998,23.3975,28.19,19.93,8.260000000000002,85.05416666666666,3.977500000000001,4
TNP_0007,2018-08-27,3.1596100000000003,6.81234,0.4638068563812141,23.01458333333333,27.34,19.24,8.100000000000001,86.11083333333333,3.8925,4
TNP_0007,2018-08-28,4.42125,7.07321,0.625069805646941,23.355,28.1,19.14,8.96,86.76875,4.3775,4
TNP_0007,2018-08-29,5.20713,6.97379,0.7466714655875787,23.6925,28.27,19.96,8.309999999999999,86.06375000000001,3.907083333333333,4
TNP_0007,2018-08-30,5.32619,6.90283,0.771595128374884,23.281666666666663,27.46,20.53,6.93,87.6825,3.75125,4
TNP_0007,2018-08-31,4.20008,6.71738,0.625255680041921,23.421666666666667,27.62,20.48,7.140000000000001,88.68083333333334,3.50375,4
TNP_0007,2018-09-01,5.3196900000000005,6.75718,0.787264805732569,23.214166666666667,27.12,20.18,6.940000000000001,88.44708333333334,3.00375,4
TNP_0007,2018-09-02,5.44187,6.81313,0.7987327410455987,23.67625,28.72,19.88,8.84,85.7625,2.9754166666666664,4
TNP_0007,2018-09-03,6.83073,7.15374,0.954847394509725,23.67625,29.55,19.65,9.900000000000002,82.90791666666667,2.7775,4
TNP_0007,2018-09-04,7.17113,7.38521,0.9710123341110136,23.8575,29.71,19.54,10.170000000000002,82.44833333333334,3.125833333333333,4
TNP_0007,2018-09-05,7.02564,7.35989,0.954584919068084,23.567916666666665,28.84,19.75,9.09,83.37666666666667,3.681666666666666,4
TNP_0007,2018-09-06,6.1440600000000005,7.21796,0.8512183497830413,23.439166666666665,29.24,19.22,10.02,83.91708333333334,4.207083333333333,4
TNP_0007,2018-09-07,6.9362200000000005,7.39103,0.9384645983036196,23.32625,28.91,19.03,9.88,82.97541666666667,4.22875,4
TNP_0007,2018-09-08,7.07535,7.39289,0.9570479203667308,23.82208333333333,30.0,19.08,10.920000000000002,81.84708333333333,3.4658333333333338,4
TNP_0007,2018-09-09,7.11522,7.23081,0.984014239068652,24.05666666666667,30.61,18.9,11.71,79.07958333333333,2.5308333333333333,4
TNP_0007,2018-09-10,6.72672,7.02672,0.9573058269007446,24.351666666666663,30.73,18.97,11.760000000000002,78.55208333333333,1.7254166666666666,4
TNP_0007,2018-09-11,6.48888,6.91892,0.9378457909615951,24.68958333333333,31.11,20.21,10.9,79.79166666666667,2.306666666666666,4
TNP_0007,2018-09-12,6.79574,7.129809999999999,0.9531446139518444,24.852500000000003,31.9,20.2,11.7,78.06958333333334,2.2641666666666667,4
TNP_0007,2018-09-13,6.57003,6.99451,0.9393124035850976,24.745,30.85,20.02,10.830000000000002,78.47916666666667,2.3129166666666667,4
TNP_0007,2018-09-14,5.798979999999999,6.884729999999999,0.8422959215539316,24.38125,29.87,20.2,9.670000000000002,81.5775,2.3995833333333336,4
TNP_0007,2018-09-15,5.996180000000001,6.830190000000001,0.8778935871476489,23.688333333333333,28.37,20.93,7.440000000000001,85.16625,2.30125,4
TNP_0007,2018-09-16,3.58724,6.68135,0.5369034701070892,23.468333333333334,27.47,20.96,6.509999999999998,87.88375,3.0695833333333336,4
TNP_0007,2018-09-17,5.3155600000000005,6.561640000000001,0.810096256423699,23.5025,27.33,20.9,6.43,86.93833333333333,3.682083333333333,4
TNP_0007,2018-09-18,5.32996,7.11669,0.7489380596878604,24.01833333333333,29.21,20.73,8.48,82.56541666666666,4.505833333333333,4
TNP_0007,2018-09-19,4.77155,6.86123,0.6954365325167645,24.12,29.37,20.43,8.940000000000001,81.60291666666667,4.167916666666667,4
TNP_0007,2018-09-20,6.04348,7.1676400000000005,0.8431617659369052,23.719583333333333,30.11,20.08,10.03,77.99166666666666,4.110416666666667,4
TNP_0007,2018-09-21,6.16863,7.08745,0.8703595792562911,23.544583333333332,29.9,19.6,10.299999999999995,79.895,3.7891666666666666,4
TNP_0007,2018-09-22,6.651730000000001,7.09669,0.9373003470632084,23.834166666666665,28.81,19.6,9.209999999999996,83.33416666666666,2.54,4
TNP_0007,2018-09-23,6.02893,6.870850000000001,0.8774649424743662,24.76458333333333,29.17,20.45,8.720000000000002,82.46625,1.3708333333333331,4
TNP_0007,2018-09-24,5.2476400000000005,6.49159,0.8083751438399529,23.595,26.97,20.73,6.239999999999998,89.09666666666668,1.31625,4
TNP_0007,2018-09-25,6.00753,6.57853,0.913202493566192,24.359166666666667,28.9,20.56,8.34,85.34750000000001,1.7066666666666668,4
TNP_0007,2018-09-26,5.978470000000001,6.613300000000001,0.9040070766485718,24.938333333333333,29.71,21.26,8.45,84.07833333333333,0.9720833333333332,4
TNP_0007,2018-09-27,5.69246,6.54216,0.8701193489611994,25.60375,30.45,21.13,9.32,82.5025,1.2725,4
TNP_0007,2018-09-28,5.35229,6.62128,0.8083467245003988,23.964583333333334,27.26,21.82,5.440000000000001,88.685,1.768333333333333,4
TNP_0007,2018-09-29,4.5519,6.53684,0.6963456348939243,24.749166666666667,28.7,21.79,6.91,84.68625,1.8945833333333333,4
TNP_0007,2018-09-30,5.17265,6.556310000000001,0.7889575081105071,25.27583333333333,29.5,21.67,7.829999999999998,84.46208333333333,1.5954166666666667,4
TNP_0007,2018-10-01,5.458399999999999,6.588640000000001,0.8284562519730929,25.14833333333333,29.28,21.49,7.790000000000003,83.77083333333333,1.8695833333333327,4
TNP_0007,2018-10-02,4.7673000000000005,6.59238,0.7231530949368817,24.889166666666668,28.67,21.67,7.0,85.48333333333333,1.9054166666666663,4
TNP_0007,2018-10-03,5.26734,6.48567,0.8121504794415997,24.362916666666667,28.92,21.1,7.82,86.02916666666665,2.215,4
TNP_0007,2018-10-04,3.15249,6.603110000000001,0.477425031538169,23.385,27.31,20.69,6.619999999999997,87.58666666666666,3.21375,4
TNP_0007,2018-10-05,4.48629,6.495550000000001,0.6906713057400836,23.639166666666668,26.89,20.62,6.27,90.68041666666666,3.785,4
TNP_0007,2018-10-06,4.55186,6.44209,0.7065812492529597,23.91208333333333,27.82,21.34,6.48,88.35583333333334,3.3991666666666664,4
TNP_0007,2018-10-07,5.26628,6.58773,0.7994073831198304,24.56041666666667,28.27,21.18,7.09,84.92541666666666,1.7770833333333331,4
TNP_0007,2018-10-08,4.5184,6.61864,0.6826780124013392,23.519583333333333,26.65,20.44,6.209999999999997,90.81625,1.69375,4
TNP_0007,2018-10-09,4.22823,6.490819999999999,0.6514169242098842,23.999166666666667,28.92,20.22,8.700000000000003,85.56041666666665,1.487083333333333,4
TNP_0007,2018-10-10,5.52168,6.362760000000001,0.8678120815495162,22.997083333333336,26.96,19.2,7.760000000000002,89.57625,2.3991666666666664,4
TNP_0007,2018-10-11,5.53511,6.18505,0.8949175835280231,25.0,30.69,19.02,11.670000000000002,79.90291666666667,1.6125,4
TNP_0007,2018-10-12,5.4343,6.190840000000001,0.8777968740913995,24.954166666666666,30.02,20.85,9.169999999999998,84.0275,1.4920833333333334,4
TNP_0007,2018-10-13,4.54642,5.98141,0.7600916840678036,24.61,28.69,21.27,7.420000000000002,86.28166666666668,1.7679166666666666,4
TNP_0007,2018-10-14,4.45768,5.927350000000001,0.7520527723181522,23.91583333333333,27.77,21.38,6.390000000000001,90.23083333333334,2.0508333333333333,4
TNP_0007,2018-10-15,4.90922,5.97918,0.8210523851096638,23.99458333333333,27.48,21.33,6.150000000000002,89.62416666666667,1.1404166666666666,4
TNP_0007,2018-10-16,3.72567,6.19891,0.6010201793541123,23.532916666666665,27.41,20.35,7.059999999999999,90.44375,1.5266666666666666,4
TNP_0007,2018-10-17,5.11046,6.24216,0.8187005780050495,21.97458333333333,24.66,19.17,5.489999999999998,90.57708333333332,1.7837500000000002,4
TNP_0007,2018-10-18,5.82077,6.48081,0.8981547059703957,24.26458333333333,28.74,18.96,9.779999999999998,79.0525,0.8633333333333333,4
TNP_0007,2018-10-19,4.31436,6.20762,0.6950103260186674,23.992500000000003,27.82,20.24,7.580000000000002,86.87791666666668,1.7979166666666666,4
TNP_0007,2018-10-20,3.77954,5.73654,0.6588535946755362,23.46625,27.27,20.48,6.789999999999999,88.38166666666666,1.257083333333333,4
TNP_0007,2018-10-21,5.2921000000000005,5.97584,0.8855826126536187,23.9475,28.29,20.4,7.890000000000001,85.6275,1.51875,4
TNP_0007,2018-10-22,4.83583,6.05003,0.7993067802969572,23.92708333333333,28.17,19.6,8.57,80.57291666666667,1.6175,4
TNP_0007,2018-10-23,5.69091,6.06333,0.9385783059803772,23.50375,28.26,18.46,9.8,68.64125,1.58875,4
TNP_0007,2018-10-24,5.9556700000000005,5.99934,0.9927208659619224,23.379166666666663,28.26,18.09,10.170000000000002,70.15416666666667,2.1554166666666665,4
TNP_0007,2018-10-25,5.355300000000001,5.89438,0.9085433921803482,22.80375,28.31,18.6,9.709999999999996,78.44375000000001,3.0204166666666663,4
TNP_0007,2018-10-26,5.58785,5.634390000000001,0.9917400108973642,23.036666666666665,28.63,18.44,10.189999999999998,81.215,3.23,4
TNP_0007,2018-10-27,5.50902,5.80317,0.9493121862706072,23.662916666666664,28.68,18.6,10.079999999999998,73.90125,2.2416666666666667,4
TNP_0007,2018-10-28,5.939649999999999,6.21127,0.956269812775809,24.11583333333333,29.08,18.31,10.77,63.57916666666667,1.8204166666666663,4
TNP_0007,2018-10-29,5.06954,5.891850000000001,0.8604326315164166,22.662916666666664,27.81,17.5,10.31,74.51708333333333,1.6129166666666668,4
TNP_0007,2018-10-30,5.845680000000001,6.024649999999999,0.9702937100080504,23.30208333333333,29.57,17.25,12.32,75.51625,1.5004166666666665,4
TNP_0007,2018-10-31,5.19772,5.50497,0.9441867984748328,24.57875,29.28,19.73,9.55,81.325,1.2141666666666666,4
TNP_0007,2018-11-01,3.55866,5.90226,0.6029317583434142,23.829166666666666,27.73,21.22,6.510000000000002,87.58999999999999,2.005,4
TNP_0007,2018-11-02,4.36311,6.124899999999999,0.71235612009992,23.32625,27.3,20.68,6.620000000000001,89.38,3.0475,4
TNP_0007,2018-11-03,3.88343,6.001810000000001,0.647043141985501,23.49375,27.44,20.53,6.91,88.56083333333333,3.098333333333333,4
TNP_0007,2018-11-04,5.45086,6.105989999999999,0.89270699755486,23.88125,28.55,20.5,8.05,83.20791666666666,3.2695833333333333,4
TNP_0007,2018-11-05,5.55487,6.0584,0.9168872969760994,23.797916666666666,29.05,19.45,9.6,83.105,2.599166666666666,4
TNP_0007,2018-11-06,4.54612,6.04641,0.7518709449078048,23.61791666666667,28.91,19.18,9.73,81.65416666666667,2.6966666666666668,4
TNP_0007,2018-11-07,5.0418,5.90977,0.8531296480235272,23.24708333333333,28.34,18.02,10.32,72.57375,2.2333333333333334,4
TNP_0007,2018-11-08,4.968859999999999,5.991029999999999,0.8293832613089902,23.70208333333333,28.78,17.69,11.09,74.325,1.8783333333333327,4
TNP_0007,2018-11-09,4.35705,5.7618,0.7561959804227846,23.5725,28.71,19.24,9.470000000000002,82.145,2.49875,4
TNP_0007,2018-11-10,5.76162,5.89475,0.9774154968404088,23.88875,29.48,19.05,10.43,75.02708333333332,2.08875,4
TNP_0007,2018-11-11,5.16836,5.60617,0.9219056860566126,23.69333333333333,29.51,19.1,10.41,73.96458333333334,1.3475,4
TNP_0007,2018-11-12,5.05669,5.61161,0.9011121585427356,23.45208333333333,29.63,18.84,10.79,78.65375,1.3683333333333334,4
TNP_0007,2018-11-13,4.99023,5.54927,0.8992588214305665,23.10875,30.1,17.61,12.490000000000002,75.05458333333333,1.5175,4
TNP_0007,2018-11-14,5.40254,5.534479999999999,0.9761603619490902,23.057916666666667,30.18,17.08,13.1,70.79,1.4429166666666668,4
TNP_0007,2018-11-15,5.94779,6.03944,0.9848247519637584,24.88291666666667,31.02,17.83,13.19,71.18166666666666,1.10875,4
TNP_0007,2018-11-16,1.65335,5.67109,0.2915400743067029,23.02541666666667,26.74,20.26,6.479999999999997,89.81625000000001,3.515416666666667,4
TNP_0007,2018-11-17,5.036440000000001,5.55135,0.9072459852108048,24.000833333333333,28.9,19.97,8.93,79.35208333333334,1.93125,4
TNP_0007,2018-11-18,4.50286,5.71479,0.7879309650923306,23.683333333333334,27.88,20.36,7.52,87.305,2.1670833333333333,4
TNP_0007,2018-11-19,4.73805,5.80248,0.8165560243206353,24.067083333333333,28.78,20.33,8.450000000000003,85.01625,2.20375,4
TNP_0007,2018-11-20,4.92581,5.73129,0.8594592142432158,23.576666666666668,28.72,19.06,9.66,81.87291666666667,2.324583333333333,4
TNP_0007,2018-11-21,4.98765,5.75197,0.8671203083465316,22.54375,26.57,18.75,7.82,84.08916666666667,2.174583333333333,4
TNP_0007,2018-11-22,3.95712,5.54529,0.7136001904318802,22.629583333333333,26.3,19.51,6.789999999999999,86.8875,3.752083333333333,4
TNP_0007,2018-11-23,4.78606,5.595689999999999,0.8553118560892402,23.015,27.03,19.88,7.150000000000002,87.705,2.835833333333333,4
TNP_0007,2018-11-24,4.74824,5.655469999999999,0.8395836243495237,23.36375,28.34,19.13,9.21,85.40083333333332,2.212083333333333,4
TNP_0007,2018-11-25,4.4802100000000005,4.93989,0.9069452963527528,23.60166666666667,28.93,18.92,10.009999999999998,83.8475,2.2429166666666664,4
TNP_0007,2018-11-26,4.5915,4.89088,0.9387881117508504,22.344583333333333,28.44,16.97,11.470000000000002,81.86666666666666,2.7416666666666667,4
TNP_0007,2018-11-27,5.47108,5.594720000000001,0.9779005919867302,20.719583333333333,27.38,15.65,11.73,78.38666666666667,3.212916666666666,4
TNP_0007,2018-11-28,5.67042,5.692939999999999,0.9960442231957478,22.284166666666668,28.08,15.51,12.57,81.29,2.9658333333333338,4
TNP_0007,2018-11-29,3.30565,5.159269999999999,0.6407204895266192,22.91208333333333,27.72,18.98,8.739999999999998,86.50916666666666,3.43,4
TNP_0007,2018-11-30,4.91874,5.65229,0.8702207423893679,23.33,28.62,19.48,9.14,83.7475,3.2091666666666665,4
TNP_0007,2018-12-01,5.13546,5.50919,0.9321624413026234,22.754166666666663,28.37,18.15,10.220000000000002,81.01875,2.8629166666666666,4
TNP_0007,2018-12-02,5.43871,5.564310000000001,0.977427569635768,22.41375,28.5,17.82,10.68,78.09041666666667,2.6633333333333336,4
TNP_0007,2018-12-03,5.29749,5.57552,0.9501337991792692,23.102500000000003,29.05,17.68,11.37,79.24416666666667,2.71625,4
TNP_0007,2018-12-04,3.8459,5.27487,0.729098537025557,23.29125,27.66,20.06,7.600000000000001,86.55,2.6666666666666665,4
TNP_0007,2018-12-05,4.11679,5.48429,0.7506514061072628,24.217916666666667,29.49,20.09,9.4,80.93124999999999,2.35125,4
TNP_0007,2018-12-06,4.9418500000000005,5.418729999999999,0.9119941388480328,23.65625,28.19,19.79,8.400000000000002,82.38958333333333,2.5620833333333333,4
TNP_0007,2018-12-07,4.77601,5.36729,0.889836397884221,23.7575,29.57,19.32,10.25,79.38791666666667,3.074583333333333,4
TNP_0007,2018-12-08,4.86858,5.19505,0.9371574864534508,23.4075,29.41,18.84,10.57,78.29291666666667,3.20375,4
TNP_0007,2018-12-09,5.095260000000001,5.2247200000000005,0.975221638671546,23.43166666666667,29.93,18.69,11.239999999999998,75.67791666666666,2.855,4
TNP_0007,2018-12-10,4.53846,5.12223,0.886032060255006,23.762083333333333,29.93,18.24,11.69,73.33624999999999,1.845,4
TNP_0007,2018-12-11,4.662529999999999,4.92255,0.94717778387218,23.6075,29.83,18.14,11.689999999999998,72.03291666666667,1.6366666666666667,4
TNP_0007,2018-12-12,4.332409999999999,4.814439999999999,0.899878282832479,23.844583333333333,30.07,18.08,11.990000000000002,74.47791666666667,1.4508333333333334,4
TNP_0007,2018-12-13,3.65725,4.43234,0.8251284874355307,23.9625,29.97,18.47,11.5,74.90458333333333,1.4579166666666667,4
TNP_0007,2018-12-14,4.94979,5.15361,0.9604510236513824,23.290000000000003,30.05,17.95,12.1,70.42083333333333,2.399583333333333,4
TNP_0007,2018-12-15,4.91974,5.59494,0.8793195280020876,23.655,30.7,17.69,13.009999999999998,69.35083333333334,2.4225,4
TNP_0007,2018-12-16,4.58991,5.20976,0.8810213906206811,23.144583333333333,29.89,17.47,12.420000000000002,65.62541666666667,1.5295833333333333,4
TNP_0007,2018-12-17,4.56468,5.18688,0.880043494354988,23.231666666666666,31.19,17.27,13.920000000000002,75.22916666666667,2.29,4
TNP_0007,2018-12-18,5.44038,5.55677,0.9790543787128134,23.611666666666665,31.29,17.0,14.29,67.20625,1.3941666666666668,4
TNP_0007,2018-12-19,4.41255,4.83096,0.9133898852402008,22.93875,28.97,17.78,11.189999999999998,76.51583333333333,2.5070833333333336,4
TNP_0007,2018-12-20,4.5403400000000005,5.332730000000001,0.8514100657636895,22.8025,29.28,17.16,12.12,71.68833333333333,2.165833333333333,4
TNP_0007,2018-12-21,5.02813,5.2641800000000005,0.9551592080817904,24.10166666666667,31.0,17.03,13.97,68.26041666666667,1.4525,4
TNP_0007,2018-12-22,4.134,4.98868,0.8286761227418876,22.516666666666666,27.42,18.61,8.810000000000002,76.16791666666667,2.6320833333333336,4
TNP_0007,2018-12-23,4.73447,5.441389999999999,0.8700846658666261,23.20583333333333,28.06,19.18,8.879999999999999,82.955,3.2475,4
TNP_0007,2018-12-24,4.663399999999999,5.47431,0.8518699160259465,23.75791666666667,29.64,19.7,9.94,80.30708333333334,2.8525,4
TNP_0007,2018-12-25,4.78898,5.21264,0.9187244850977624,23.88458333333333,30.44,18.71,11.73,72.05791666666667,2.685416666666667,4
TNP_0007,2018-12-26,5.08687,5.34726,0.9513040323455376,24.383750000000003,31.59,18.48,13.11,68.9425,1.94875,4
TNP_0007,2018-12-27,4.78768,5.239,0.9138537888910098,24.30208333333333,31.15,18.3,12.849999999999998,72.22041666666667,1.555416666666667,4
TNP_0007,2018-12-28,4.18695,4.94218,0.8471868689525675,24.081666666666667,29.53,19.57,9.96,75.67,1.5991666666666668,4
TNP_0007,2018-12-29,2.45404,4.696,0.522580919931857,23.475,29.43,19.1,10.329999999999998,76.50875,3.324583333333333,4
TNP_0007,2018-12-30,4.50961,4.78313,0.9428156876355022,22.32875,29.36,17.78,11.579999999999998,69.57541666666667,3.719583333333333,4
TNP_0007,2018-12-31,5.14731,5.24734,0.980937008084096,21.60625,29.38,14.52,14.86,71.28791666666667,3.401666666666667,4
TNP_0007,2019-01-01,5.4929,5.63252,0.9752118057281643,20.0875,29.42,13.57,15.85,63.969166666666666,3.357083333333333,4
TNP_0007,2019-01-02,5.92231,5.9663,0.9926269212074486,19.942083333333333,28.95,13.26,15.69,64.84041666666667,3.7158333333333338,4
TNP_0007,2019-01-03,5.70337,5.882389999999999,0.9695667917292122,20.25875,29.47,13.91,15.56,65.63333333333334,3.63125,4
TNP_0007,2019-01-04,6.08635,6.10206,0.9974254595988896,20.2075,29.46,12.83,16.630000000000003,65.06125,3.954583333333333,4
TNP_0007,2019-01-05,5.88045,6.058260000000001,0.970649988610591,20.486666666666668,29.67,12.46,17.21,67.07291666666667,3.2758333333333334,4
TNP_0007,2019-01-06,5.66138,5.882029999999999,0.962487440560487,20.90875,29.87,14.53,15.340000000000002,67.95083333333334,2.9791666666666665,4
TNP_0007,2019-01-07,5.95992,5.97345,0.9977349772744396,21.70208333333333,30.4,14.44,15.96,65.87458333333333,2.804583333333333,4
TNP_0007,2019-01-08,5.81254,5.85818,0.9922091844224658,21.705,31.59,14.7,16.89,62.355,3.0075000000000003,4
TNP_0007,2019-01-09,6.05165,6.10855,0.990685187155708,21.185,31.2,14.32,16.88,60.78041666666667,3.1162499999999995,4
TNP_0007,2019-01-10,5.96354,6.01731,0.9910641133662716,21.4175,31.33,14.14,17.189999999999998,61.70249999999999,3.0529166666666665,4
TNP_0007,2019-01-11,5.839099999999999,5.84788,0.9984986012024868,21.88958333333333,31.64,15.02,16.62,64.58666666666666,2.7100000000000004,4
TNP_0007,2019-01-12,5.5913900000000005,5.74342,0.9735297087797864,21.811666666666667,31.27,14.8,16.47,63.727916666666665,3.178333333333333,4
TNP_0007,2019-01-13,4.77095,5.68855,0.8386935159223352,22.016666666666666,31.17,14.52,16.650000000000002,59.55291666666667,2.8470833333333334,4
TNP_0007,2019-01-14,5.16,5.53305,0.9325778729633746,21.98333333333333,30.78,15.22,15.56,64.53958333333334,3.0425,4
TNP_0007,2019-01-15,4.7909,5.75208,0.8328987079456474,21.88458333333333,32.06,14.23,17.830000000000002,55.88458333333333,3.0925,4
TNP_0007,2019-01-16,5.817639999999999,5.94262,0.9789688723155778,21.61125,31.86,13.92,17.939999999999998,56.185,3.3295833333333333,4
TNP_0007,2019-01-17,5.01169,5.50575,0.9102647232438814,21.77541666666667,31.2,14.91,16.29,61.01916666666667,3.3633333333333333,4
TNP_0007,2019-01-18,5.117859999999999,5.42656,0.9431131324448636,21.63416666666667,30.8,14.65,16.15,59.49458333333333,3.200833333333333,4
TNP_0007,2019-01-19,5.9314,5.97054,0.9934444790588456,21.65625,31.14,15.05,16.09,54.62791666666666,3.1604166666666664,4
TNP_0007,2019-01-20,4.84394,6.07433,0.7974443271932872,21.55458333333333,31.62,14.06,17.560000000000002,53.66458333333333,3.438333333333333,4
TNP_0007,2019-01-21,4.93256,5.94688,0.8294366121394747,21.644166666666667,31.65,13.64,18.009999999999998,49.23166666666666,2.8475,4
TNP_0007,2019-01-22,5.96494,5.98147,0.9972364652836176,22.659166666666668,31.93,14.47,17.46,49.403333333333336,2.0275,4
TNP_0007,2019-01-23,5.98175,6.00041,0.9968902125021456,23.354166666666668,32.29,15.74,16.549999999999997,55.17333333333334,1.9891666666666667,4
TNP_0007,2019-01-24,5.96956,6.03205,0.9896403378619208,24.99,32.81,17.26,15.55,57.3525,1.5854166666666665,4
TNP_0007,2019-01-25,3.60775,5.57695,0.6469037735679897,25.383750000000003,32.4,18.98,13.419999999999998,62.78458333333333,1.6445833333333333,4
TNP_0007,2019-01-26,5.42611,5.9233400000000005,0.916055806352497,26.234583333333333,33.49,20.43,13.060000000000002,61.16333333333333,1.4083333333333332,4
TNP_0007,2019-01-27,5.34228,5.65852,0.9441125948127778,26.381666666666664,33.53,20.62,12.91,59.95666666666667,1.7279166666666663,4
TNP_0007,2019-01-28,5.43438,5.741719999999999,0.9464724855966506,26.1825,33.6,20.31,13.290000000000004,57.88541666666666,2.0470833333333336,4
TNP_0007,2019-01-29,5.54506,5.86554,0.9453622343381854,25.464166666666667,32.32,19.62,12.7,54.38208333333333,2.87,4
TNP_0007,2019-01-30,5.76455,5.955760000000001,0.9678949453973968,24.637916666666666,32.32,18.65,13.670000000000002,56.39083333333334,3.575416666666667,4
TNP_0007,2019-01-31,5.543,6.02245,0.9203895424619548,24.46875,32.14,18.38,13.760000000000002,57.10791666666666,3.6354166666666665,4
TNP_0007,2019-02-01,5.52923,6.05731,0.912819386823524,24.51875,31.74,18.46,13.279999999999998,56.21041666666667,2.9441666666666664,4
TNP_0007,2019-02-02,5.45748,5.71497,0.954944645378716,25.321250000000003,33.0,18.69,14.31,54.73833333333334,2.270833333333333,4
TNP_0007,2019-02-03,6.196689999999999,6.27194,0.988002117367194,25.73125,34.07,18.84,15.23,53.66125,3.1316666666666664,4
TNP_0007,2019-02-04,6.1483,6.16655,0.9970404845497076,26.137916666666666,33.91,19.46,14.449999999999996,55.879583333333336,3.94375,4
TNP_0007,2019-02-05,4.09641,5.74985,0.7124377157664983,25.57708333333333,31.83,19.73,12.099999999999998,58.28833333333333,3.645,4
TNP_0007,2019-02-06,5.34371,5.8495,0.9135327805795368,26.0575,33.9,19.29,14.61,51.505833333333335,2.9333333333333336,4
TNP_0007,2019-02-07,4.93505,5.9786,0.8254524470611849,27.105833333333333,35.02,19.2,15.820000000000004,53.59166666666667,1.8370833333333332,4
TNP_0007,2019-02-08,5.628819999999999,6.11211,0.9209291063151676,27.74458333333333,34.95,21.1,13.85,56.00333333333333,1.35625,4
TNP_0007,2019-02-09,4.69946,5.48276,0.8571339982052836,27.357916666666668,34.28,22.06,12.220000000000002,63.39541666666667,1.2020833333333332,4
TNP_0007,2019-02-10,4.91177,6.02319,0.8154765165966872,26.38958333333333,32.85,21.1,11.75,65.91375000000001,1.7620833333333332,4
TNP_0007,2019-02-11,5.43597,6.26305,0.867942935151404,26.16875,33.84,20.1,13.740000000000002,58.35625,4.64375,4
TNP_0007,2019-02-12,6.25475,6.39874,0.9774971322479112,25.587083333333336,33.74,18.83,14.910000000000004,55.99416666666667,4.935833333333333,4
TNP_0007,2019-02-13,6.53632,6.54751,0.9982909533547868,25.56458333333333,34.4,18.28,16.119999999999997,52.95416666666667,4.248333333333333,4
TNP_0007,2019-02-14,6.59626,6.6199,0.9964289490777808,27.15333333333333,34.78,18.37,16.41,55.35083333333333,3.2533333333333334,4
TNP_0007,2019-02-15,5.8469,6.37054,0.917802886411513,27.95083333333333,35.32,21.48,13.84,54.821666666666665,1.92625,4
TNP_0007,2019-02-16,5.84896,6.12562,0.9548355921523046,28.807916666666667,36.49,21.51,14.98,54.26,1.8495833333333331,4
TNP_0007,2019-02-17,5.93671,6.23482,0.9521862700126066,28.15458333333333,37.69,19.93,17.759999999999998,49.876666666666665,2.552083333333333,4
TNP_0007,2019-02-18,6.36,6.45121,0.9858615670548628,28.54958333333333,37.85,19.5,18.35,43.70791666666667,1.5366666666666668,4
TNP_0007,2019-02-19,6.07359,6.25975,0.9702607931626662,28.455416666666665,35.58,21.21,14.369999999999996,54.28333333333333,2.55625,4
TNP_0007,2019-02-20,6.4445,6.60451,0.9757726159851372,27.15833333333333,35.22,20.39,14.829999999999998,53.63958333333333,3.99125,4
TNP_0007,2019-02-21,6.72688,6.775,0.9928974169741698,26.211250000000003,34.72,17.8,16.919999999999998,49.88875,3.9758333333333336,4
TNP_0007,2019-02-22,7.153519999999999,7.15923,0.9992024281940934,25.25708333333333,35.26,16.93,18.33,40.545,4.23125,4
TNP_0007,2019-02-23,7.13266,7.14629,0.9980927166403828,25.92333333333333,35.43,16.53,18.9,40.220416666666665,3.9775,4
TNP_0007,2019-02-24,7.10071,7.18918,0.987694006826926,26.430833333333336,35.95,16.87,19.08,40.67541666666667,3.3720833333333338,4
TNP_0007,2019-02-25,7.0079,7.023,0.9978499216858892,27.40958333333333,37.35,18.7,18.65,40.17166666666667,2.0904166666666666,4
TNP_0007,2019-02-26,6.61646,6.94361,0.952884738630194,28.624166666666667,37.55,19.5,18.05,50.44416666666667,2.0033333333333334,4
TNP_0007,2019-02-27,5.70259,6.55658,0.869750693196758,27.99208333333333,36.39,21.48,14.91,56.63833333333333,3.3683333333333336,4
TNP_0007,2019-02-28,6.11679,6.41325,0.9537738276225004,28.293333333333333,36.28,21.28,15.0,52.82041666666667,2.262083333333333,4
TNP_0007,2019-03-01,6.4318800000000005,6.52732,0.9853783788752506,29.43541666666667,37.59,20.88,16.710000000000004,53.395833333333336,1.5929166666666663,4
TNP_0007,2019-03-02,5.795640000000001,6.41875,0.9029234664070108,28.175,35.8,22.29,13.509999999999998,57.724583333333335,2.44,4
TNP_0007,2019-03-03,6.45854,6.749350000000001,0.9569128879077244,28.370833333333334,35.75,21.92,13.829999999999998,54.35208333333333,1.9570833333333333,4
TNP_0007,2019-03-04,5.68743,6.6147,0.8598167717356796,28.352083333333336,36.58,21.71,14.869999999999996,56.84625,1.9904166666666667,4
TNP_0007,2019-03-05,6.0535,6.67246,0.9072366113847068,29.295416666666668,37.84,21.47,16.370000000000005,54.24875,2.2245833333333334,4
TNP_0007,2019-03-06,6.01668,6.6843,0.9001211794802746,28.989166666666662,37.47,22.5,14.97,56.61875,2.64125,4
TNP_0007,2019-03-07,6.30138,6.82655,0.923069486050787,29.449583333333333,39.13,22.5,16.630000000000003,53.80458333333333,2.710833333333333,4
TNP_0007,2019-03-08,5.7878,6.52925,0.8864417812153004,28.6775,37.34,22.22,15.120000000000005,59.17416666666667,3.47,4
TNP_0007,2019-03-09,5.57364,6.26279,0.8899611834342203,28.41541666666667,35.35,22.56,12.790000000000004,60.22375,1.2754166666666666,4
TNP_0007,2019-03-10,6.28816,6.633859999999999,0.9478885596018004,29.00583333333333,36.32,23.46,12.86,57.40958333333333,1.64,4
TNP_0007,2019-03-11,5.965,6.70708,0.8893587075150439,28.90458333333333,37.03,22.12,14.91,48.36875,1.9979166666666668,4
TNP_0007,2019-03-12,6.75965,7.10236,0.9517470249325576,27.839583333333334,36.28,20.02,16.26,39.79541666666667,3.109166666666667,4
TNP_0007,2019-03-13,6.87537,6.92686,0.9925666174861336,27.55208333333333,36.23,19.43,16.799999999999997,35.78875,3.4408333333333334,4
TNP_0007,2019-03-14,7.11408,7.20143,0.9878704646160552,27.926666666666662,36.96,19.33,17.630000000000003,32.385416666666664,3.4995833333333333,4
TNP_0007,2019-03-15,7.090199999999999,7.15795,0.9905349995459594,27.9075,36.53,20.17,16.36,33.490833333333335,3.377916666666667,4
TNP_0007,2019-03-16,7.1313,7.19323,0.991390515804444,27.867500000000003,36.46,19.43,17.03,40.06333333333333,2.929583333333333,4
TNP_0007,2019-03-17,7.13974,7.17229,0.9954617005168502,28.18458333333333,36.95,20.08,16.870000000000005,41.0925,2.24625,4
TNP_0007,2019-03-18,6.94173,6.97884,0.9946824973777876,29.092916666666667,37.47,20.91,16.56,49.51166666666666,1.7291666666666667,4
TNP_0007,2019-03-19,6.6576,7.042770000000001,0.9453098709740628,29.155833333333334,36.5,22.34,14.16,53.19208333333333,1.5433333333333332,4
TNP_0007,2019-03-20,5.8609800000000005,6.64065,0.8825913125974115,29.445,36.68,23.25,13.43,50.71,1.2975,4
TNP_0007,2019-03-21,6.55849,7.17338,0.9142816914759848,29.324166666666667,37.98,22.4,15.579999999999998,44.51041666666666,1.9683333333333333,4
TNP_0007,2019-03-22,6.91859,7.0948400000000005,0.975158002153678,29.425,37.92,21.95,15.970000000000002,43.370000000000005,2.044166666666667,4
TNP_0007,2019-03-23,6.70159,7.000109999999999,0.957354955850694,30.05125,38.59,22.64,15.950000000000005,48.032916666666665,1.5,4
TNP_0007,2019-03-24,6.945819999999999,7.0535,0.9847338200893172,30.62291666666667,39.26,22.83,16.43,41.57375,2.0654166666666667,4
TNP_0007,2019-03-25,7.12787,7.15946,0.995587656052272,30.2625,38.5,23.38,15.12,39.66333333333333,2.9166666666666665,4
TNP_0007,2019-03-26,7.05618,7.22511,0.976619041094184,29.99125,37.96,23.4,14.560000000000002,37.91375,2.904166666666667,4
TNP_0007,2019-03-27,6.77583,7.23382,0.9366876698618436,29.25333333333333,37.7,22.76,14.94,40.05416666666667,2.1445833333333333,4
TNP_0007,2019-03-28,7.2037700000000005,7.31409,0.984916783906132,30.20375,39.07,22.34,16.73,42.12916666666667,2.8708333333333336,4
TNP_0007,2019-03-29,6.548970000000001,7.07066,0.9262176373917004,30.43166666666667,39.31,22.87,16.44,49.781666666666666,1.9904166666666665,4
TNP_0007,2019-03-30,6.29312,7.07865,0.8890282751654623,30.426666666666662,39.27,23.43,15.840000000000003,48.17958333333333,2.4033333333333333,4
TNP_0007,2019-03-31,6.71223,6.93342,0.9680979949289096,30.35333333333333,39.63,22.65,16.980000000000004,50.36083333333334,2.1375,4
TNP_0007,2019-04-01,7.111890000000001,7.20854,0.9865922919204166,30.49125,40.01,22.21,17.799999999999997,49.31375,2.275,4
TNP_0007,2019-04-02,6.84645,6.97872,0.9810466675837404,31.095416666666665,39.38,22.9,16.480000000000004,44.901250000000005,1.7391666666666667,4
TNP_0007,2019-04-03,6.25369,6.945,0.9004593232541396,31.07625,39.35,24.13,15.220000000000002,42.056666666666665,2.325416666666667,4
TNP_0007,2019-04-04,5.982270000000001,7.225140000000001,0.8279798038515517,30.109166666666667,38.19,23.63,14.56,45.77333333333333,2.0225,4
TNP_0007,2019-04-05,6.58809,7.301069999999999,0.9023458205441122,30.624583333333334,38.7,23.58,15.120000000000005,46.16958333333333,1.7845833333333332,4
TNP_0007,2019-04-06,6.556520000000001,7.2598,0.9031268079010442,30.54833333333333,39.16,23.46,15.699999999999996,44.28916666666667,1.9475,4
TNP_0007,2019-04-07,7.04322,7.09971,0.9920433369813696,31.17875,39.55,23.38,16.169999999999998,43.53958333333333,1.3258333333333334,4
TNP_0007,2019-04-08,6.70395,7.08252,0.9465486860608936,31.10083333333333,39.62,24.13,15.489999999999998,50.86833333333333,2.57875,4
TNP_0007,2019-04-09,5.87216,6.62101,0.8868979204079136,31.12625,38.3,24.89,13.409999999999997,50.5925,1.7395833333333333,4
TNP_0007,2019-04-10,6.50914,7.059,0.9221051140388156,31.295,39.28,24.88,14.400000000000002,46.86333333333334,2.2604166666666665,4
TNP_0007,2019-04-11,6.717689999999999,7.14411,0.9403116693331988,31.03,38.89,24.7,14.19,44.7575,1.8479166666666669,4
TNP_0007,2019-04-12,6.93212,7.27009,0.953512267385961,31.615416666666665,40.03,24.45,15.580000000000002,41.16791666666666,1.8041666666666665,4
TNP_0007,2019-04-13,6.459899999999999,7.32837,0.8814920644017701,31.188333333333333,39.41,24.38,15.029999999999998,38.281666666666666,2.410833333333333,4
TNP_0007,2019-04-14,6.64754,7.06567,0.9408223140905252,31.01458333333333,39.01,23.96,15.049999999999995,38.446666666666665,2.865,4
TNP_0007,2019-04-15,6.36033,7.32455,0.8683577830719976,30.118333333333336,38.17,24.02,14.150000000000002,48.78041666666667,1.6658333333333333,4
TNP_0007,2019-04-16,6.89603,7.30682,0.943779920676847,30.77083333333333,39.02,23.8,15.220000000000002,55.57375,2.1104166666666666,4
TNP_0007,2019-04-17,5.55456,6.96008,0.7980597924161792,27.941666666666663,33.46,23.86,9.6,70.3625,1.5920833333333333,4
TNP_0007,2019-04-18,6.55513,7.0576,0.928804409430968,29.012916666666666,36.06,23.84,12.220000000000002,67.30583333333333,2.025,4
TNP_0007,2019-04-19,6.41678,7.18226,0.8934207338637142,27.97208333333333,34.54,23.36,11.18,72.13041666666668,1.8045833333333332,4
TNP_0007,2019-04-20,6.28102,7.18423,0.8742788023211953,27.452916666666667,33.13,23.22,9.910000000000004,76.35791666666667,1.7716666666666665,4
TNP_0007,2019-04-21,5.72953,7.230069999999999,0.7924584409279578,27.2825,34.13,22.36,11.770000000000003,70.48833333333333,1.9129166666666668,4
TNP_0007,2019-04-22,6.32899,7.14043,0.8863597850549617,28.91875,36.69,22.23,14.459999999999996,66.74833333333333,1.393333333333333,4
TNP_0007,2019-04-23,6.22704,6.68511,0.9314790631717352,28.52875,34.59,23.04,11.550000000000004,67.05708333333332,1.4083333333333332,4
TNP_0007,2019-04-24,5.59069,7.05251,0.7927234417250029,28.54625,35.37,23.02,12.349999999999998,62.557500000000005,1.4920833333333334,4
TNP_0007,2019-04-25,5.85954,6.85917,0.8542637082912364,28.78333333333333,35.92,22.82,13.1,63.54958333333334,1.41375,4
TNP_0007,2019-04-26,6.71096,6.9715,0.9626278419278492,29.18125,36.31,23.01,13.3,64.21958333333333,1.8658333333333332,4
TNP_0007,2019-04-27,6.14025,6.85822,0.8953124863302723,30.15083333333333,37.91,23.6,14.309999999999995,60.93125,1.91875,4
TNP_0007,2019-04-28,5.51796,6.78279,0.81352363850274,29.7775,36.57,24.05,12.52,60.81458333333333,1.7920833333333333,4
TNP_0007,2019-04-29,5.15719,6.50983,0.7922157721476598,27.705416666666665,33.26,23.75,9.509999999999998,73.33041666666666,2.9,4
TNP_0007,2019-04-30,5.3941300000000005,6.233140000000001,0.8653952903352082,26.651666666666667,32.06,23.2,8.860000000000003,74.8725,4.633333333333334,4
TNP_0007,2019-05-01,4.569859999999999,6.45184,0.7083033677214561,27.00916666666667,33.62,22.84,10.779999999999998,73.15375,5.204166666666667,4
TNP_0007,2019-05-02,5.70235,6.733650000000001,0.8468438365522413,26.94375,34.24,22.27,11.970000000000002,69.75,4.567083333333334,4
TNP_0007,2019-05-03,6.16146,6.94237,0.8875153585879174,27.416666666666668,34.81,22.22,12.590000000000003,64.96541666666667,4.466666666666667,4
TNP_0007,2019-05-04,6.25925,6.87869,0.9099479697442392,27.62291666666667,35.65,22.11,13.54,63.69083333333333,3.5954166666666665,4
TNP_0007,2019-05-05,6.3043000000000005,6.74023,0.9353241654958362,28.72875,36.79,21.87,14.919999999999998,65.54833333333333,2.2954166666666667,4
TNP_0007,2019-05-06,6.563980000000001,6.87905,0.9541986175416663,29.5625,38.02,23.26,14.760000000000002,64.46124999999999,3.0475,4
TNP_0007,2019-05-07,5.53097,6.543399999999999,0.8452746278693035,27.355833333333333,33.47,23.27,10.2,73.85125000000001,3.869166666666666,4
TNP_0007,2019-05-08,4.62521,6.383319999999999,0.7245774925900629,25.968333333333334,30.7,22.92,7.779999999999998,74.13958333333333,3.85125,4
TNP_0007,2019-05-09,5.15833,6.50353,0.7931584846998477,27.332083333333333,34.96,21.73,13.23,68.68333333333334,3.054583333333333,4
TNP_0007,2019-05-10,6.56717,6.76244,0.9711243279053124,29.30125,37.85,21.53,16.32,64.48333333333333,2.470833333333333,4
TNP_0007,2019-05-11,5.692019999999999,6.66892,0.8535145120949118,28.26125,34.84,23.7,11.140000000000004,71.27541666666667,2.5466666666666664,4
TNP_0007,2019-05-12,5.219219999999999,6.46813,0.8069132809637405,28.08791666666667,34.98,23.38,11.599999999999998,70.50041666666667,2.9095833333333334,4
TNP_0007,2019-05-13,5.7248,6.54729,0.8743770323294064,28.45375,35.37,23.35,12.019999999999996,67.43041666666666,3.1108333333333333,4
TNP_0007,2019-05-14,5.35038,6.48084,0.8255689077341827,28.10125,35.02,23.97,11.050000000000004,69.78041666666667,3.000833333333333,4
TNP_0007,2019-05-15,4.9305900000000005,6.45434,0.763918541632452,27.215,33.12,23.82,9.299999999999995,77.27583333333334,2.59125,4
TNP_0007,2019-05-16,6.0650900000000005,6.46406,0.9382787288484328,28.238333333333333,35.18,23.75,11.43,70.78416666666666,2.5404166666666668,4
TNP_0007,2019-05-17,5.675979999999999,6.63901,0.8549437340808342,27.475416666666664,32.62,23.15,9.47,74.00791666666667,2.4133333333333336,4
TNP_0007,2019-05-18,6.3197600000000005,6.6776800000000005,0.9464005462975164,28.24083333333333,34.26,23.09,11.169999999999998,70.58,1.7191666666666665,4
TNP_0007,2019-05-19,6.514189999999999,6.84654,0.951457232412284,28.919583333333332,36.03,23.92,12.11,68.47500000000001,2.373333333333333,4
TNP_0007,2019-05-20,6.543939999999999,6.94181,0.9426849769728642,29.70875,37.3,23.97,13.329999999999998,63.47291666666666,1.8579166666666669,4
TNP_0007,2019-05-21,6.30615,6.72494,0.9377258384461422,28.39125,35.05,23.64,11.409999999999997,68.89541666666666,2.637083333333333,4
TNP_0007,2019-05-22,5.982399999999999,6.59896,0.9065670954210966,29.84208333333333,37.14,23.47,13.670000000000002,63.035833333333336,2.080416666666667,4
TNP_0007,2019-05-23,5.79849,6.53995,0.886626044541625,28.399583333333336,34.07,24.39,9.68,70.48333333333333,3.05125,4
TNP_0007,2019-05-24,5.06034,6.399430000000001,0.7907485510428272,27.429166666666664,31.96,24.15,7.810000000000002,75.58666666666666,3.150416666666666,4
TNP_0007,2019-05-25,5.227939999999999,6.20291,0.8428205471302984,26.54625,31.22,23.3,7.919999999999998,78.46083333333333,4.319583333333333,4
TNP_0007,2019-05-26,5.62516,6.81589,0.825300877801725,27.31041666666667,32.64,23.27,9.37,76.55624999999999,3.5666666666666664,4
TNP_0007,2019-05-27,6.29827,6.690300000000001,0.9414032255653706,28.96291666666667,35.32,23.5,11.82,68.19458333333334,2.59625,4
TNP_0007,2019-05-28,6.32798,6.64808,0.9518507599186532,28.50708333333333,35.16,23.89,11.269999999999996,71.56416666666667,2.7841666666666662,4
TNP_0007,2019-05-29,5.780270000000001,6.2644,0.9227172594342636,27.005,31.31,23.6,7.709999999999997,79.49833333333333,2.535,4
TNP_0007,2019-05-30,5.54685,6.32013,0.8776480863526541,26.94333333333333,32.15,22.94,9.209999999999996,74.44541666666667,2.719583333333333,4
TNP_0007,2019-05-31,4.40828,6.1311,0.7190031152647974,25.70875,30.67,22.06,8.610000000000003,75.875,3.1945833333333336,4
TNP_0007,2019-06-01,6.05021,6.61864,0.914116797408531,27.82875,34.81,22.11,12.700000000000005,72.69500000000001,3.583333333333333,4
TNP_0007,2019-06-02,5.243930000000001,6.310569999999999,0.830975648792423,27.07958333333333,32.86,23.73,9.13,77.19875,4.105833333333334,4
TNP_0007,2019-06-03,4.47073,6.23451,0.7170940458833172,26.02416666666667,30.43,22.94,7.489999999999998,80.19708333333334,3.5125,4
TNP_0007,2019-06-04,5.315150000000001,6.51083,0.8163552112403488,26.2125,31.48,22.42,9.06,79.47083333333333,3.704166666666667,4
TNP_0007,2019-06-05,5.0462,6.44424,0.7830558762553846,26.49291666666667,33.15,22.38,10.77,78.66125,2.1625,4
TNP_0007,2019-06-06,5.84219,6.60995,0.8838478354601774,27.374583333333334,32.38,23.14,9.240000000000002,78.62916666666666,1.9904166666666665,4
TNP_0007,2019-06-07,5.56051,6.42294,0.8657265987227033,26.197916666666668,30.17,23.09,7.080000000000002,81.76333333333334,3.876666666666667,4
TNP_0007,2019-06-08,5.75856,6.9384,0.8299550328606019,26.75375,32.86,22.92,9.939999999999998,76.54,3.747916666666667,4
TNP_0007,2019-06-09,3.96444,6.970560000000001,0.5687405316072166,25.670416666666668,31.23,22.1,9.13,77.25541666666668,4.4175,4
TNP_0007,2019-06-10,2.89435,6.8491800000000005,0.4225834333453055,25.637083333333333,30.59,22.14,8.45,79.74875,5.361250000000001,4
TNP_0007,2019-06-11,3.32298,6.685560000000001,0.497038393193689,25.91583333333333,30.56,22.75,7.809999999999999,79.68083333333333,6.640833333333333,4
TNP_0007,2019-06-12,2.8259900000000004,6.827529999999999,0.4139110337120453,26.02916666666667,30.53,23.24,7.290000000000003,80.61874999999999,6.267500000000001,4
TNP_0007,2019-06-13,3.50652,6.940390000000001,0.5052338557343319,25.702916666666667,30.2,22.66,7.539999999999999,81.185,5.894583333333333,4
TNP_0007,2019-06-14,4.27599,6.980479999999999,0.6125638924543871,24.809583333333336,30.23,20.83,9.400000000000002,77.59166666666667,4.8533333333333335,4
TNP_0007,2019-06-15,5.15724,6.99154,0.7376400621322341,26.19583333333333,32.04,20.83,11.21,77.96916666666667,4.464166666666666,4
TNP_0007,2019-06-16,5.738149999999999,6.91969,0.8292495762093387,26.70125,31.93,23.25,8.68,78.32958333333333,4.517083333333333,4
TNP_0007,2019-06-17,5.40951,6.896859999999999,0.7843438898281248,26.47458333333333,31.69,23.22,8.470000000000002,77.87291666666667,4.656666666666667,4
TNP_0007,2019-06-18,5.024520000000001,6.846439999999999,0.7338879768171489,26.543333333333333,32.55,23.21,9.339999999999996,77.40083333333332,4.704583333333333,4
TNP_0007,2019-06-19,5.06161,6.95615,0.7276453210468434,25.43041666666667,30.33,21.84,8.489999999999998,82.72500000000001,4.84375,4
TNP_0007,2019-06-20,5.10791,6.95536,0.7343847047456925,25.585833333333337,30.63,21.78,8.849999999999998,77.20708333333333,5.066666666666666,4
TNP_0007,2019-06-21,3.96718,6.84783,0.5793338911742844,25.120833333333334,29.79,21.51,8.279999999999998,79.44833333333334,4.712916666666667,4
TNP_0007,2019-06-22,3.00646,6.8364,0.4397723948276871,24.225,27.74,21.56,6.18,85.44291666666668,5.119583333333334,4
TNP_0007,2019-06-23,4.58234,6.80378,0.6734991431233814,25.118333333333336,29.73,21.57,8.16,80.43124999999999,5.22125,4
TNP_0007,2019-06-24,5.07798,6.90698,0.7351954110189982,26.08125,32.28,22.26,10.02,78.46541666666667,4.369583333333334,4
TNP_0007,2019-06-25,4.89348,6.75605,0.7243108029099844,25.81,30.67,22.36,8.310000000000002,81.6075,4.17,4
TNP_0007,2019-06-26,4.7669,6.71121,0.7102892026922119,25.24875,28.97,22.48,6.489999999999998,82.99208333333333,3.520833333333333,4
TNP_0007,2019-06-27,5.17115,6.77921,0.7627953699619867,26.05625,31.56,22.38,9.18,77.63208333333334,5.43875,4
TNP_0007,2019-06-28,5.78693,7.03784,0.8222593864026463,26.104166666666668,31.98,22.35,9.63,76.29708333333333,5.4175,4
TNP_0007,2019-06-29,5.71067,7.01698,0.8138358667118903,26.032916666666665,30.55,22.55,8.0,76.17958333333333,5.558333333333334,4
TNP_0007,2019-06-30,4.889600000000001,6.92524,0.7060549526081408,25.52833333333333,29.5,22.96,6.539999999999999,78.59916666666668,5.577500000000001,4
TNP_0007,2019-07-01,5.1119200000000005,6.77493,0.7545347332001955,26.361666666666665,31.75,22.84,8.91,76.82166666666667,5.335833333333333,4
TNP_0007,2019-07-02,4.52445,6.7006000000000006,0.6752305763662955,25.06375,28.25,22.97,5.280000000000001,84.09416666666667,5.50875,4
TNP_0007,2019-07-03,4.85641,6.99144,0.6946222809607177,25.32625,29.08,22.96,6.119999999999997,83.64708333333333,5.1745833333333335,4
TNP_0007,2019-07-04,3.67943,6.9907,0.526332126968687,25.017916666666665,28.44,22.96,5.48,85.40708333333333,5.285416666666666,4
TNP_0007,2019-07-05,5.01703,6.88313,0.7288878751382002,25.012916666666666,28.69,22.95,5.740000000000002,83.52291666666666,5.7508333333333335,4
TNP_0007,2019-07-06,4.32747,7.12402,0.6074477612359314,24.960416666666664,28.71,22.82,5.890000000000001,83.96666666666667,5.823333333333333,4
TNP_0007,2019-07-07,3.9509,6.95291,0.5682368964936984,25.37833333333333,29.57,22.88,6.690000000000001,82.66333333333334,5.0062500000000005,4
TNP_0007,2019-07-08,5.11089,6.88817,0.7419808163851939,25.270416666666662,29.26,21.99,7.270000000000003,83.50916666666667,5.00125,4
TNP_0007,2019-07-09,3.55485,6.82521,0.5208411169766205,24.31458333333333,28.98,20.97,8.010000000000002,84.255,4.850833333333333,4
TNP_0007,2019-07-10,4.04674,7.01659,0.5767388432272657,24.289583333333336,28.63,20.88,7.75,77.92083333333333,4.656666666666667,4
TNP_0007,2019-07-11,4.193230000000001,6.86343,0.6109525412221004,24.9325,31.79,20.41,11.38,74.345,3.5058333333333334,4
TNP_0007,2019-07-12,5.77428,6.89289,0.837715384983657,24.96333333333333,31.0,20.38,10.62,76.52791666666667,2.9345833333333338,4
TNP_0007,2019-07-13,5.05196,6.82619,0.740084878973483,25.50708333333333,30.99,21.01,9.979999999999997,79.6125,3.327916666666667,4
TNP_0007,2019-07-14,5.2827,6.895449999999999,0.7661138866933994,24.784166666666668,28.61,21.8,6.809999999999999,83.46708333333333,3.921666666666667,4
TNP_0007,2019-07-15,4.87083,7.02517,0.6933398053000852,23.92375,28.73,20.59,8.14,79.92833333333333,4.019583333333333,4
TNP_0007,2019-07-16,4.85098,7.12698,0.680650149151534,24.33833333333333,29.65,20.7,8.95,79.12666666666667,4.7004166666666665,4
TNP_0007,2019-07-17,5.01413,6.88997,0.7277433718869603,24.254166666666663,29.16,20.81,8.350000000000001,79.96833333333333,4.160416666666666,4
TNP_0007,2019-07-18,3.59793,6.78879,0.5299810422770479,23.81958333333333,28.13,21.13,7.0,81.96208333333333,3.923333333333333,4
TNP_0007,2019-07-19,2.44145,6.94025,0.3517812758906379,23.60083333333333,27.29,21.03,6.259999999999998,85.2325,5.93625,4
TNP_0007,2019-07-20,3.67063,7.0335,0.5218781545461008,23.852500000000003,27.46,21.0,6.460000000000001,85.66416666666667,5.947500000000001,4
TNP_0007,2019-07-21,3.63341,7.047560000000001,0.5155557384399707,24.08791666666667,27.51,21.85,5.66,84.26375,6.63625,4
TNP_0007,2019-07-22,2.19033,6.93073,0.3160316445742367,23.361666666666665,27.0,20.33,6.670000000000002,85.50333333333333,5.767083333333333,4
TNP_0007,2019-07-23,4.03718,6.89574,0.5854600086430173,23.852083333333336,28.98,20.24,8.740000000000002,81.27708333333334,5.216666666666667,4
TNP_0007,2019-07-24,4.04795,7.00924,0.5775162499785997,24.508333333333336,29.85,20.81,9.040000000000004,82.92708333333333,4.25375,4
TNP_0007,2019-07-25,4.66644,6.79694,0.6865501240264,23.93958333333333,29.06,21.07,7.989999999999998,82.98208333333334,4.415416666666666,4
TNP_0007,2019-07-26,3.4174900000000004,6.81946,0.5011379200112619,23.847916666666663,28.12,21.11,7.010000000000002,83.66166666666668,4.02625,4
TNP_0007,2019-07-27,4.63864,6.93315,0.6690523066715707,24.464583333333334,29.43,21.14,8.29,81.375,4.0375000000000005,4
TNP_0007,2019-07-28,5.24269,6.81257,0.7695612668934043,24.36,29.21,21.34,7.870000000000001,81.81416666666667,4.787083333333333,4
TNP_0007,2019-07-29,5.03724,6.82761,0.7377750047234684,24.501666666666665,29.23,21.53,7.699999999999999,82.74958333333333,4.827916666666667,4
TNP_0007,2019-07-30,4.924300000000001,6.88785,0.7149255573219511,24.2625,29.26,21.24,8.020000000000003,79.32041666666667,4.115833333333334,4
TNP_0007,2019-07-31,5.73999,7.07188,0.8116639422614637,24.880416666666665,29.87,21.16,8.71,78.12416666666667,3.90875,4
TNP_0007,2019-08-01,6.00037,7.26372,0.8260739676088836,25.2325,30.32,21.67,8.649999999999999,81.22333333333334,4.83125,4
TNP_0007,2019-08-02,4.57047,7.22274,0.6327889415928027,24.33875,28.16,22.21,5.949999999999999,85.21166666666667,4.982916666666667,4
TNP_0007,2019-08-03,4.2679,6.953110000000001,0.6138116612566175,24.184166666666663,27.91,21.69,6.219999999999999,85.83666666666666,4.738333333333333,4
TNP_0007,2019-08-04,3.87663,6.95698,0.5572288550491736,24.106666666666666,27.4,21.64,5.759999999999998,85.55791666666666,5.44125,4
TNP_0007,2019-08-05,2.01315,7.032649999999999,0.2862576695840117,23.64583333333333,27.17,21.65,5.520000000000003,84.24125,5.791250000000001,4
TNP_0007,2019-08-06,2.463,6.99921,0.3518968569309965,23.968333333333334,26.85,21.81,5.040000000000003,84.5175,6.662916666666667,4
TNP_0007,2019-08-07,3.038,6.53931,0.4645750086782855,23.8,26.44,22.23,4.210000000000001,87.70875000000001,7.164166666666667,4
TNP_0007,2019-08-08,0.64535,6.66443,0.0968349881385204,23.77916666666667,26.35,21.96,4.390000000000001,89.40708333333333,7.935416666666666,4
TNP_0007,2019-08-09,1.20263,6.69979,0.1795026411275577,23.470416666666665,26.14,21.11,5.030000000000001,89.00833333333333,6.759583333333333,4
TNP_0007,2019-08-10,1.47405,6.79026,0.217082998294616,23.160416666666663,26.38,20.78,5.599999999999998,87.34166666666665,5.785416666666666,4
TNP_0007,2019-08-11,3.98344,6.8427,0.5821444751340845,23.3075,27.46,20.62,6.84,85.16375000000001,5.850833333333333,4
TNP_0007,2019-08-12,3.96473,6.67369,0.5940836328927475,23.657083333333333,27.55,20.82,6.73,84.37041666666666,5.590833333333333,4
TNP_0007,2019-08-13,3.80804,6.49577,0.5862338106182947,23.940416666666668,27.19,21.26,5.93,86.91541666666666,4.420416666666667,4
TNP_0007,2019-08-14,3.59862,6.94118,0.5184449906211912,23.5275,26.5,21.0,5.5,89.59291666666667,5.240833333333334,4
TNP_0007,2019-08-15,5.26301,7.03912,0.7476801077407405,23.495833333333334,27.59,20.74,6.850000000000001,87.84875,3.8554166666666663,4
TNP_0007,2019-08-16,3.72017,6.7924,0.5476959543018668,23.397916666666664,27.34,20.75,6.59,85.9875,3.8629166666666666,4
TNP_0007,2019-08-17,3.73489,6.96272,0.5364124939678746,23.130416666666665,26.37,20.91,5.460000000000001,89.07875,3.737083333333333,4
TNP_0007,2019-08-18,4.33974,6.81667,0.6366363635030007,22.899583333333336,25.9,20.89,5.009999999999998,90.82583333333334,2.8575,4
TNP_0007,2019-08-19,4.77463,6.73991,0.7084115366525666,23.844583333333333,28.03,20.8,7.23,87.63833333333334,3.217916666666667,4
TNP_0007,2019-08-20,4.64603,6.869980000000001,0.676279989170274,23.888333333333332,27.89,21.35,6.539999999999999,88.44291666666668,3.61125,4
TNP_0007,2019-08-21,4.11351,6.67838,0.6159442858896917,23.155833333333334,26.65,20.68,5.969999999999999,89.50625000000001,3.755416666666666,4
TNP_0007,2019-08-22,3.58117,6.85703,0.522262553904533,22.66958333333333,26.33,20.46,5.869999999999997,89.33125,4.9825,4
TNP_0007,2019-08-23,4.0874500000000005,6.808479999999999,0.6003469203111416,22.24291666666667,25.71,20.17,5.539999999999999,87.88625,5.04875,4
TNP_0007,2019-08-24,4.450279999999999,6.96317,0.6391169539161042,22.82166666666667,26.67,20.19,6.48,88.18083333333334,4.72375,4
TNP_0007,2019-08-25,3.66464,6.88796,0.5320356099628918,22.754166666666663,26.33,20.67,5.659999999999997,87.20833333333333,4.705416666666667,4
TNP_0007,2019-08-26,3.73101,6.837,0.5457086441421676,23.236666666666665,27.18,20.63,6.550000000000001,87.30791666666666,5.208333333333333,4
TNP_0007,2019-08-27,4.508229999999999,7.163399999999999,0.6293422117988664,23.275,26.93,20.65,6.280000000000001,87.79041666666666,5.187083333333333,4
TNP_0007,2019-08-28,3.70044,6.9574,0.5318711012734643,23.541666666666668,27.33,20.85,6.479999999999997,86.67833333333333,4.430833333333333,4
TNP_0007,2019-08-29,4.355180000000001,7.01459,0.6208744915953749,23.121666666666663,25.88,21.01,4.869999999999997,89.39708333333334,5.222916666666667,4
TNP_0007,2019-08-30,4.47116,7.07207,0.6322279049839722,23.16625,26.12,20.89,5.23,87.21541666666667,4.775,4
TNP_0007,2019-08-31,3.73519,6.90499,0.5409406820285041,23.31,25.69,21.5,4.190000000000001,90.23208333333334,4.6691666666666665,4
TNP_0007,2019-09-01,2.6389,6.89616,0.3826622352149602,23.490416666666665,26.21,21.56,4.650000000000002,91.3425,3.87375,4
TNP_0007,2019-09-02,2.89843,6.764810000000001,0.4284569707057551,23.27916666666667,26.4,21.01,5.389999999999997,90.94541666666667,3.8083333333333336,4
TNP_0007,2019-09-03,3.4744,6.88544,0.5046010131523911,23.73958333333333,27.58,21.07,6.509999999999998,87.80250000000001,4.808333333333334,4
TNP_0007,2019-09-04,4.22442,6.77284,0.6237294842340879,23.541666666666668,26.72,21.57,5.149999999999999,88.62541666666668,4.92375,4
TNP_0007,2019-09-05,3.48367,6.92008,0.5034147004080878,23.612916666666667,26.59,21.85,4.739999999999998,88.97583333333334,5.227083333333334,4
TNP_0007,2019-09-06,4.7898000000000005,6.86911,0.6972955739535399,23.90125,27.23,21.57,5.66,89.34208333333333,4.95625,4
TNP_0007,2019-09-07,5.145989999999999,6.90244,0.7455320147657929,24.07625,27.68,21.5,6.18,88.1175,5.252083333333333,4
TNP_0007,2019-09-08,4.65341,6.91941,0.6725154312289632,22.84875,26.77,20.01,6.759999999999998,88.04958333333333,4.9075,4
TNP_0007,2019-09-09,4.302569999999999,6.9045,0.6231544644796871,23.450833333333332,27.01,20.46,6.550000000000001,88.95,3.55625,4
TNP_0007,2019-09-10,4.457949999999999,6.8935900000000006,0.6466804669265215,24.3725,28.32,21.42,6.899999999999999,88.63041666666668,3.7191666666666663,4
TNP_0007,2019-09-11,4.33105,6.80392,0.6365521640466085,24.2125,27.23,22.04,5.190000000000001,90.66208333333331,3.5975,4
TNP_0007,2019-09-12,4.79539,6.76234,0.7091317502521317,23.594583333333333,26.56,21.3,5.259999999999998,90.60166666666667,2.8383333333333334,4
TNP_0007,2019-09-13,5.4446,6.66453,0.8169518330624965,23.225416666666664,26.61,20.79,5.82,90.38666666666668,3.125833333333333,4
TNP_0007,2019-09-14,5.525180000000001,6.66263,0.8292791285123143,23.70125,28.25,20.3,7.949999999999999,87.43874999999998,2.615416666666667,4
TNP_0007,2019-09-15,4.6629700000000005,6.4907,0.7184078758839572,23.890416666666667,28.08,20.2,7.879999999999999,88.17375,2.6558333333333333,4
TNP_0007,2019-09-16,5.083270000000001,6.78688,0.7489848059785941,23.940416666666668,28.51,19.92,8.59,87.20166666666667,3.5812500000000003,4
TNP_0007,2019-09-17,5.36133,6.6982,0.8004135439371771,24.11458333333333,28.21,19.74,8.470000000000002,87.13333333333333,3.1366666666666667,4
TNP_0007,2019-09-18,4.31406,6.67425,0.6463737498595349,23.8325,28.23,21.06,7.170000000000002,87.18958333333335,3.4170833333333337,4
TNP_0007,2019-09-19,3.93769,6.71165,0.5866947769922448,22.84,26.14,19.96,6.18,89.41125,3.51375,4
TNP_0007,2019-09-20,5.0265,6.5607,0.7661530019662537,23.562916666666663,27.94,19.7,8.240000000000002,86.55833333333334,2.3629166666666666,4
TNP_0007,2019-09-21,5.83877,6.62107,0.8818468918165796,24.210416666666664,28.87,20.82,8.05,86.15750000000001,2.849166666666666,4
TNP_0007,2019-09-22,5.7029,6.60947,0.8628377161860179,24.045416666666668,27.2,21.33,5.870000000000001,89.58708333333334,1.8995833333333327,4
TNP_0007,2019-09-23,5.22973,6.61674,0.7903786456774786,24.011666666666667,27.76,21.28,6.48,89.22500000000001,2.4779166666666668,4
TNP_0007,2019-09-24,4.79932,6.56808,0.7307036455097988,24.17625,27.87,21.35,6.52,88.50875,1.705833333333333,4
TNP_0007,2019-09-25,3.36566,6.69267,0.5028874873555695,23.562916666666663,27.39,21.03,6.359999999999999,91.0675,1.9783333333333333,4
TNP_0007,2019-09-26,4.539389999999999,6.68828,0.6787081282482191,22.5175,25.6,19.5,6.100000000000001,90.06083333333333,2.5591666666666666,4
TNP_0007,2019-09-27,6.08594,6.73102,0.9041631134657154,24.34625,29.23,19.4,9.830000000000002,83.3025,1.1754166666666668,4
TNP_0007,2019-09-28,5.67162,6.5178,0.8701739850869925,24.635416666666668,28.62,20.84,7.780000000000001,83.43041666666666,1.3675,4
TNP_0007,2019-09-29,5.419599999999999,6.33959,0.8548817825758446,23.4025,26.75,20.49,6.260000000000002,87.50083333333333,2.1395833333333334,4
TNP_0007,2019-09-30,4.18642,6.444319999999999,0.6496294411202423,23.061666666666667,26.16,20.39,5.77,89.84249999999999,2.3466666666666667,4
TNP_0007,2019-10-01,5.69224,6.83321,0.8330257668065228,24.02,28.16,20.58,7.580000000000002,87.43666666666667,2.122916666666667,4
TNP_0007,2019-10-02,6.24182,6.84024,0.9125147655637814,24.92833333333333,29.37,21.23,8.14,84.93625,1.2166666666666666,4
TNP_0007,2019-10-03,5.51189,6.60364,0.8346745128444313,24.78458333333333,29.14,21.53,7.609999999999999,86.87708333333335,1.4945833333333332,4
TNP_0007,2019-10-04,5.45288,6.61092,0.8248292219539792,24.610416666666666,28.63,21.32,7.309999999999999,87.72666666666667,2.212083333333333,4
TNP_0007,2019-10-05,5.66891,6.539980000000001,0.8668084611879545,23.27125,26.53,20.93,5.600000000000001,89.34708333333333,1.9475,4
TNP_0007,2019-10-06,5.34121,6.52643,0.8183968877318841,23.559166666666663,27.71,20.51,7.199999999999999,88.11625,1.7975,4
TNP_0007,2019-10-07,5.43974,6.654769999999999,0.8174196854286474,23.04625,27.62,19.69,7.93,87.49208333333333,2.334166666666667,4
TNP_0007,2019-10-08,5.83401,6.5513900000000005,0.8904995733729788,24.422916666666666,28.93,19.59,9.34,86.20791666666668,1.765,4
TNP_0007,2019-10-09,5.52517,6.36982,0.8673981368390316,24.495833333333334,28.91,21.06,7.850000000000001,86.67625,1.76375,4
TNP_0007,2019-10-10,5.12745,6.32482,0.8106871025578594,23.410833333333333,26.39,21.25,5.140000000000001,91.46666666666664,1.5170833333333331,4
TNP_0007,2019-10-11,5.1994,6.40849,0.811329970086557,24.457083333333333,27.78,21.44,6.34,86.80958333333332,1.0683333333333334,4
TNP_0007,2019-10-12,4.80496,6.492970000000001,0.740024980863919,24.8125,28.7,21.41,7.289999999999999,84.3975,1.125,4
TNP_0007,2019-10-13,4.99783,6.48373,0.7708263607522212,24.33791666666667,27.55,21.3,6.25,87.2,1.5333333333333332,4
TNP_0007,2019-10-14,6.01221,6.5563400000000005,0.9170070496649044,24.51625,28.31,21.3,7.009999999999998,88.48,2.0525,4
TNP_0007,2019-10-15,4.44859,6.49913,0.6844900779027348,24.0375,27.31,21.31,6.0,89.30416666666667,2.1225,4
TNP_0007,2019-10-16,4.90869,6.44688,0.7614055170873353,23.390416666666667,27.13,20.29,6.84,90.35875,2.3633333333333333,4
TNP_0007,2019-10-17,4.51775,6.349489999999999,0.7115138381192821,23.51291666666667,26.55,20.12,6.43,90.67208333333332,1.91625,4
TNP_0007,2019-10-18,4.82259,6.42916,0.7501119897467166,23.732916666666668,26.85,21.1,5.75,89.76708333333333,1.53875,4
TNP_0007,2019-10-19,5.47684,6.4576400000000005,0.8481178882687793,23.655,27.25,20.9,6.350000000000001,90.52541666666669,2.1358333333333333,4
TNP_0007,2019-10-20,4.43262,6.02566,0.7356239814393776,23.396666666666665,26.29,20.62,5.669999999999998,90.91666666666669,1.4333333333333331,4
TNP_0007,2019-10-21,2.30181,6.24456,0.3686104385256928,22.446250000000003,25.32,20.29,5.030000000000001,92.26041666666669,1.6425,4
TNP_0007,2019-10-22,4.06675,6.29818,0.6457024092674392,22.874166666666667,26.2,20.41,5.789999999999999,91.19208333333334,2.9891666666666663,4
TNP_0007,2019-10-23,5.02039,6.434159999999999,0.7802712397577929,22.822916666666668,26.38,20.34,6.039999999999999,91.85833333333332,2.9204166666666667,4
TNP_0007,2019-10-24,4.777699999999999,6.25208,0.7641776816675409,22.381666666666664,25.57,20.05,5.52,91.67583333333332,3.4320833333333334,4
TNP_0007,2019-10-25,5.170319999999999,6.367,0.8120496309093763,22.424166666666665,25.77,19.78,5.989999999999998,90.66125,2.980833333333333,4
TNP_0007,2019-10-26,3.79565,6.3868,0.5942960480992047,23.03708333333333,26.69,20.07,6.620000000000001,90.47583333333334,2.6566666666666667,4
TNP_0007,2019-10-27,4.4070100000000005,6.42435,0.6859853526037654,23.140416666666667,27.0,19.84,7.16,86.22416666666668,1.159166666666667,4
TNP_0007,2019-10-28,4.1330100000000005,6.1738,0.6694434545984645,22.820833333333336,26.48,20.0,6.48,89.23166666666667,2.057916666666667,4
TNP_0007,2019-10-29,3.79299,6.1857,0.6131868664823706,21.6425,24.38,19.61,4.77,89.82666666666667,2.9995833333333333,4
TNP_0007,2019-10-30,2.84288,6.19642,0.4587939487639637,23.0025,26.32,19.55,6.77,91.04458333333334,2.397083333333333,4
TNP_0007,2019-10-31,2.1921,6.105090000000001,0.3590610457831088,22.324583333333333,25.67,19.78,5.890000000000001,93.56791666666668,2.3829166666666666,4
TNP_0007,2019-11-01,6.12071,6.2903,0.973039441680047,23.477500000000003,27.76,19.7,8.060000000000002,79.93416666666667,1.0733333333333333,4
TNP_0007,2019-11-02,5.9127,6.23196,0.9487705312614332,23.15625,26.57,19.8,6.77,90.3825,1.71,4
TNP_0007,2019-11-03,5.3181,5.82889,0.9123692504061666,23.531666666666663,26.81,20.0,6.809999999999999,87.79458333333334,1.80625,4
TNP_0007,2019-11-04,5.21417,5.77909,0.9022475856925573,24.02125,27.84,20.81,7.030000000000001,85.83791666666667,0.9145833333333332,4
TNP_0007,2019-11-05,5.66384,5.93607,0.954139691748918,24.50916666666667,28.95,20.57,8.379999999999999,84.21041666666666,1.627916666666667,4
TNP_0007,2019-11-06,5.16388,5.940729999999999,0.8692332423793037,24.682916666666667,28.25,21.66,6.59,88.64708333333334,1.5779166666666666,4
TNP_0007,2019-11-07,5.13821,5.58683,0.9197004383523394,23.86458333333333,26.55,21.77,4.780000000000001,90.45,1.15125,4
TNP_0007,2019-11-08,3.8931,5.57729,0.6980271780739392,24.245,27.75,21.69,6.059999999999999,88.89666666666666,1.5920833333333333,4
TNP_0007,2019-11-09,5.2219,5.62929,0.9276303050651148,24.504583333333333,27.84,21.58,6.260000000000002,85.44541666666667,1.2875,4
TNP_0007,2019-11-10,4.0785,5.3386700000000005,0.7639543182103408,23.718333333333334,26.59,21.73,4.859999999999999,93.02833333333332,0.8533333333333334,4
TNP_0007,2019-11-11,4.41575,5.42025,0.814676444813431,22.745,25.63,19.88,5.75,91.74375,1.85125,4
TNP_0007,2019-11-12,4.53902,5.61739,0.8080300637840705,21.86708333333333,25.34,19.74,5.600000000000001,91.37166666666668,2.75625,4
TNP_0007,2019-11-13,5.874680000000001,6.009650000000001,0.977541121363141,22.864166666666662,26.99,19.78,7.209999999999997,88.26333333333334,3.06875,4
TNP_0007,2019-11-14,5.6594,5.85344,0.9668502624097964,23.16333333333333,27.1,19.57,7.530000000000001,90.01083333333334,2.8479166666666664,4
TNP_0007,2019-11-15,5.08379,6.02294,0.8440711679013903,23.61958333333333,27.54,20.44,7.099999999999998,90.53041666666668,3.0875,4
TNP_0007,2019-11-16,4.68023,5.843319999999999,0.8009539097636276,23.459166666666665,27.17,20.54,6.630000000000003,90.12083333333334,2.57375,4
TNP_0007,2019-11-17,4.9474,5.85019,0.8456819351166373,23.0675,27.54,18.96,8.579999999999998,85.31875000000001,2.6008333333333336,4
TNP_0007,2019-11-18,5.42094,5.84104,0.9280778765425336,23.957083333333333,28.2,18.73,9.47,89.19125000000001,2.674166666666667,4
TNP_0007,2019-11-19,4.89818,5.82575,0.8407810153199159,23.36375,27.49,19.84,7.649999999999999,87.09458333333333,2.7279166666666668,4
TNP_0007,2019-11-20,4.37521,5.8426800000000005,0.7488361505336592,23.532083333333333,27.14,19.76,7.379999999999999,90.90333333333332,2.6279166666666667,4
TNP_0007,2019-11-21,4.83014,5.84851,0.825875308411886,23.31375,27.3,20.28,7.02,89.93916666666667,3.2191666666666667,4
TNP_0007,2019-11-22,4.25508,5.78171,0.7359552796663962,22.59375,26.17,19.59,6.580000000000002,90.03291666666667,3.1825,4
TNP_0007,2019-11-23,4.82601,5.85839,0.8237775224933813,22.4625,26.55,19.35,7.199999999999999,88.64375,3.4225,4
TNP_0007,2019-11-24,5.13807,5.625640000000001,0.913330749923564,22.852500000000003,26.9,19.2,7.699999999999999,88.79083333333334,3.453333333333333,4
TNP_0007,2019-11-25,4.81166,5.66822,0.848883776564777,22.80333333333333,26.74,19.58,7.16,88.33208333333333,3.6975,4
TNP_0007,2019-11-26,5.57705,5.91167,0.9433967051611474,22.3075,26.46,19.21,7.25,87.29208333333334,3.765833333333333,4
TNP_0007,2019-11-27,4.81114,5.77191,0.8335438355760918,23.177916666666665,27.46,19.45,8.010000000000002,89.64166666666667,3.635,4
TNP_0007,2019-11-28,3.42086,5.67016,0.6033092540598501,23.05666666666667,26.87,20.25,6.620000000000001,91.31125,3.592916666666667,4
TNP_0007,2019-11-29,4.245550000000001,5.62699,0.7544975199884841,23.383333333333336,26.91,20.35,6.559999999999999,91.04958333333332,3.624166666666667,4
TNP_0007,2019-11-30,3.08082,5.48907,0.5612644764960185,23.30625,27.19,19.95,7.240000000000002,91.4625,2.5675000000000003,4
TNP_0007,2019-12-01,3.12989,5.62368,0.5565554939114601,23.425,26.74,21.32,5.419999999999998,91.35125,2.1654166666666668,4
TNP_0007,2019-12-02,4.09,5.58701,0.7320552495878833,22.339583333333334,24.45,20.62,3.8299999999999983,92.98125,3.03875,4
TNP_0007,2019-12-03,4.17529,5.6502300000000005,0.7389592990019875,22.30208333333333,25.74,19.35,6.389999999999997,92.17833333333334,3.452916666666667,4
TNP_0007,2019-12-04,5.274109999999999,5.542679999999999,0.951545100925906,22.201666666666668,26.58,19.04,7.539999999999999,88.40833333333335,4.15125,4
TNP_0007,2019-12-05,4.35642,5.45144,0.7991319724696594,21.56625,25.89,17.29,8.600000000000001,87.36,4.307083333333334,4
TNP_0007,2019-12-06,4.557309999999999,5.392720000000001,0.8450855968787548,21.325416666666666,25.82,17.02,8.8,87.13083333333333,3.8125,4
TNP_0007,2019-12-07,4.50659,5.66083,0.7961005718242732,22.02875,26.75,18.29,8.46,89.71708333333333,3.83125,4
TNP_0007,2019-12-08,5.265359999999999,5.72465,0.9197697675840444,21.39333333333333,26.03,17.56,8.470000000000002,88.13958333333333,3.469583333333333,4
TNP_0007,2019-12-09,5.842479999999999,5.895020000000001,0.991087392409186,21.30125,26.07,16.97,9.1,87.04375,3.4825,4
TNP_0007,2019-12-10,5.48513,5.53533,0.99093098333794,21.2525,26.21,16.72,9.490000000000002,84.58333333333333,2.9129166666666664,4
TNP_0007,2019-12-11,5.35941,5.52454,0.9701097285927878,21.802916666666665,26.85,17.34,9.510000000000002,85.98708333333333,2.53125,4
TNP_0007,2019-12-12,5.38689,5.61146,0.9599801121276816,22.050833333333333,26.98,17.09,9.89,85.255,2.529166666666667,4
TNP_0007,2019-12-13,5.44799,5.64267,0.965498602611884,23.0325,27.45,18.73,8.719999999999999,87.76083333333334,3.2845833333333334,4
TNP_0007,2019-12-14,3.16373,5.57179,0.5678121393663437,22.367500000000003,25.89,19.6,6.289999999999999,92.38458333333334,3.965,4
TNP_0007,2019-12-15,4.2928500000000005,5.54675,0.7739396944156488,21.59958333333333,25.94,17.78,8.16,88.98291666666667,3.6129166666666666,4
TNP_0007,2019-12-16,5.39442,5.72701,0.94192606613224,22.04875,26.29,17.53,8.759999999999998,88.8125,3.1670833333333337,4
TNP_0007,2019-12-17,4.38663,5.36825,0.8171433893727007,21.75791666666667,26.55,17.53,9.02,86.69333333333333,3.832083333333333,4
TNP_0007,2019-12-18,4.94419,5.50056,0.8988521168753727,22.49125,26.92,17.58,9.340000000000003,87.09666666666668,4.217083333333334,4
TNP_0007,2019-12-19,4.80442,5.38287,0.8925387386282784,22.14708333333333,26.91,18.49,8.420000000000002,87.94291666666668,3.95375,4
TNP_0007,2019-12-20,3.94305,5.29907,0.7441022670015683,22.411666666666665,26.47,18.31,8.16,87.28375,3.3295833333333333,4
TNP_0007,2019-12-21,3.72569,4.76798,0.7813979924412435,21.18125,25.06,18.48,6.579999999999998,87.90083333333332,3.182916666666667,4
TNP_0007,2019-12-22,5.14156,5.44285,0.9446448092451564,22.17125,27.01,18.43,8.580000000000002,85.27666666666667,3.02375,4
TNP_0007,2019-12-23,3.96873,5.11362,0.7761096835509873,21.680833333333336,26.13,18.09,8.04,85.69833333333332,2.82625,4
TNP_0007,2019-12-24,4.215310000000001,5.29947,0.7954210515391162,22.977500000000003,27.56,17.87,9.689999999999998,85.94916666666667,2.8325,4
TNP_0007,2019-12-25,4.42673,5.61372,0.7885555389296225,22.834166666666665,27.44,19.67,7.77,89.46791666666667,3.251666666666667,4
TNP_0007,2019-12-26,4.95113,5.63464,0.8786950009228629,23.10166666666667,28.15,19.24,8.91,85.89083333333333,2.30375,4
TNP_0007,2019-12-27,4.96989,5.55387,0.8948516980051748,22.75,28.22,18.4,9.82,85.12875,2.5625,4
TNP_0007,2019-12-28,5.2394,5.564010000000001,0.941658983359124,22.2625,27.51,18.18,9.330000000000002,83.14666666666666,2.935,4
TNP_0007,2019-12-29,4.980569999999999,5.43322,0.916688446262069,22.53,27.59,18.46,9.13,83.86833333333333,3.192916666666666,4
TNP_0007,2019-12-30,5.15204,5.26321,0.9788779091087,22.43208333333333,27.7,18.32,9.38,83.36833333333333,2.9233333333333333,4
TNP_0007,2019-12-31,4.592689999999999,5.21538,0.8806050565826459,23.01083333333333,27.97,18.79,9.18,84.35541666666667,2.54125,4
TNP_0007,2020-01-01,4.76064,5.37955,0.8849513435138627,23.40375,28.3,19.32,8.98,84.27125,2.567916666666666,4
TNP_0007,2020-01-02,4.85417,5.29656,0.9164759768604528,23.37291666666667,27.9,19.81,8.09,84.26458333333333,2.330833333333333,4
TNP_0007,2020-01-03,5.39684,5.66799,0.9521611717734152,24.2775,29.59,19.68,9.91,81.26416666666667,2.0966666666666667,4
TNP_0007,2020-01-04,5.32876,5.64831,0.9434255556086688,24.907916666666665,29.81,19.98,9.829999999999998,79.85541666666667,1.274166666666667,4
TNP_0007,2020-01-05,5.21192,5.65568,0.9215372864094148,24.1775,29.25,20.12,9.13,81.95458333333333,2.736666666666667,4
TNP_0007,2020-01-06,5.63666,5.856059999999999,0.9625345368729148,23.38416666666667,29.01,19.15,9.860000000000005,80.93124999999999,3.6425,4
TNP_0007,2020-01-07,5.65001,5.82759,0.9695277121417258,22.93583333333333,28.91,18.47,10.44,79.62166666666667,3.282916666666667,4
TNP_0007,2020-01-08,5.503340000000001,5.70161,0.9652256117131828,22.69458333333333,29.17,17.63,11.540000000000004,77.36541666666666,2.5379166666666664,4
TNP_0007,2020-01-09,5.28183,5.56187,0.9496500277784272,22.52875,29.51,16.86,12.650000000000002,76.16250000000001,2.400416666666666,4
TNP_0007,2020-01-10,5.56315,5.78982,0.9608502509577156,22.21666666666667,28.8,16.71,12.09,77.25333333333333,3.3925,4
TNP_0007,2020-01-11,5.90508,6.0772200000000005,0.9716745485600324,21.045,28.36,15.32,13.04,73.0725,3.4758333333333336,4
TNP_0007,2020-01-12,6.10147,6.1084700000000005,0.9988540501958756,21.75208333333333,28.94,15.29,13.650000000000002,75.90333333333334,3.1758333333333333,4
TNP_0007,2020-01-13,4.92619,5.34777,0.9211671406960285,22.516666666666666,29.26,16.78,12.48,75.57666666666667,2.00125,4
TNP_0007,2020-01-14,5.57901,5.67482,0.9831166451094484,21.98375,29.65,16.02,13.63,74.10541666666667,2.2125,4
TNP_0007,2020-01-15,5.68841,5.79779,0.9811341907864892,21.077916666666667,28.96,15.09,13.87,72.60083333333334,2.677083333333333,4
TNP_0007,2020-01-16,5.69853,5.799390000000001,0.9826085157232052,21.66583333333333,29.07,14.89,14.18,70.12625,2.200833333333333,4
TNP_0007,2020-01-17,5.90804,5.97464,0.9888528848600082,23.287916666666664,30.13,16.18,13.95,74.46791666666667,2.2529166666666667,4
TNP_0007,2020-01-18,4.63868,5.83473,0.7950119371419071,24.225,30.46,19.06,11.400000000000002,78.91416666666667,3.3037499999999995,4
TNP_0007,2020-01-19,5.30191,5.84726,0.9067340942595332,23.36958333333333,29.97,18.54,11.43,79.55,3.33875,4
TNP_0007,2020-01-20,6.05909,6.118810000000001,0.9902399322744128,23.315,30.69,17.69,13.0,73.37333333333333,3.209583333333333,4
TNP_0007,2020-01-21,6.05168,6.0966700000000005,0.992620561716478,22.901666666666667,30.48,17.37,13.11,69.37458333333333,3.59125,4
TNP_0007,2020-01-22,6.250319999999999,6.25656,0.9990026468218955,23.3075,30.92,16.74,14.180000000000003,71.45916666666666,4.078333333333333,4
TNP_0007,2020-01-23,5.548310000000001,5.93525,0.9348064529716524,23.804166666666664,30.76,18.7,12.060000000000002,75.59041666666667,4.117916666666667,4
TNP_0007,2020-01-24,6.16078,6.26297,0.9836834600836344,22.115,30.92,14.96,15.96,65.29458333333334,3.68875,4
TNP_0007,2020-01-25,6.38461,6.38925,0.999273780177642,21.91708333333333,31.46,14.79,16.67,61.73291666666666,2.8325,4
TNP_0007,2020-01-26,6.22984,6.47054,0.962800631786528,23.18541666666667,31.45,15.48,15.97,62.38708333333333,2.2341666666666664,4
TNP_0007,2020-01-27,6.07771,6.197220000000001,0.9807155466483356,24.132916666666663,31.99,16.61,15.38,64.64833333333333,1.9333333333333331,4
TNP_0007,2020-01-28,5.82954,6.15584,0.9469934241305816,24.454166666666666,31.38,18.61,12.77,66.5775,1.475833333333333,4
TNP_0007,2020-01-29,6.2876,6.34351,0.9911862675395798,24.863333333333333,32.39,18.15,14.240000000000002,64.90625,1.5658333333333332,4
TNP_0007,2020-01-30,6.36929,6.3756,0.9990102892276804,25.15833333333333,33.16,18.91,14.249999999999996,64.42583333333333,1.725,4
TNP_0007,2020-01-31,6.30109,6.34726,0.9927259951538144,24.387083333333333,32.56,18.67,13.89,66.38208333333334,2.4170833333333333,4
TNP_0007,2020-02-01,6.06598,6.243390000000001,0.971584347606028,24.42833333333333,31.81,18.39,13.419999999999998,66.97958333333334,2.7691666666666666,4
TNP_0007,2020-02-02,5.392360000000001,6.28585,0.8578569326344092,23.386666666666667,31.3,17.58,13.720000000000002,65.21375,3.185416666666667,4
TNP_0007,2020-02-03,6.21876,6.250979999999999,0.9948456082086328,23.661666666666665,31.57,17.41,14.16,65.19291666666668,2.856666666666667,4
TNP_0007,2020-02-04,6.05728,6.19928,0.9770941141551922,24.368333333333336,31.79,17.54,14.25,65.89291666666666,2.81125,4
TNP_0007,2020-02-05,5.24133,5.5565500000000005,0.9432705545707316,24.19541666666667,30.88,17.85,13.029999999999998,72.26833333333333,2.330416666666667,4
TNP_0007,2020-02-06,5.598199999999999,6.03978,0.926888065459338,24.624166666666667,32.63,17.48,15.150000000000002,66.21625,2.080833333333333,4
TNP_0007,2020-02-07,4.78046,5.8852,0.8122850540338475,24.48333333333333,30.86,18.91,11.95,74.49374999999999,1.6458333333333333,4
TNP_0007,2020-02-08,5.80152,6.0734200000000005,0.9552311547694708,25.26458333333333,32.85,19.94,12.91,67.72916666666667,1.4691666666666665,4
TNP_0007,2020-02-09,5.97036,6.2425,0.9564052863436124,25.18166666666667,32.13,19.51,12.62,65.30333333333333,2.6558333333333333,4
TNP_0007,2020-02-10,5.9036800000000005,6.04371,0.9768304567889592,25.459166666666665,32.79,19.19,13.599999999999998,64.17791666666666,3.8708333333333336,4
TNP_0007,2020-02-11,6.16236,6.30187,0.9778621266386008,24.7325,32.74,18.19,14.55,61.825,4.317083333333334,4
TNP_0007,2020-02-12,6.0496,6.15854,0.9823107424811724,25.234166666666667,32.97,17.65,15.32,62.156666666666666,3.9791666666666665,4
TNP_0007,2020-02-13,5.98608,6.203390000000001,0.9649691539625914,24.62208333333333,33.68,17.5,16.18,57.03208333333333,3.3475,4
TNP_0007,2020-02-14,6.25887,6.450699999999999,0.9702621420931062,25.41625,33.92,17.29,16.630000000000003,57.55416666666667,2.0283333333333333,4
TNP_0007,2020-02-15,6.202859999999999,6.28084,0.987584463224664,25.967916666666667,34.92,18.01,16.91,56.45916666666667,2.089166666666667,4
TNP_0007,2020-02-16,6.5574,6.6239,0.9899605972312384,24.56125,34.33,16.57,17.759999999999998,49.65625,3.0683333333333334,4
TNP_0007,2020-02-17,6.86069,6.87771,0.9975253391026956,24.21666666666667,34.04,16.2,17.84,50.18416666666667,3.339166666666667,4
TNP_0007,2020-02-18,6.92188,6.94109,0.9972324231496782,24.149583333333336,33.88,16.9,16.980000000000004,52.81708333333333,3.4591666666666665,4
TNP_0007,2020-02-19,6.42491,6.76837,0.949255138238601,23.28375,31.44,17.06,14.380000000000004,61.545,3.357083333333333,4
TNP_0007,2020-02-20,6.85819,6.92613,0.9901907703147356,23.74375,33.42,16.33,17.090000000000003,56.26458333333333,3.939583333333333,4
TNP_0007,2020-02-21,6.481979999999999,6.56609,0.9871902456408608,25.495,33.92,16.01,17.91,59.57875000000001,4.049166666666667,4
TNP_0007,2020-02-22,5.89085,6.40986,0.9190294327801232,26.397916666666664,34.36,20.15,14.21,60.73041666666666,4.903333333333333,4
TNP_0007,2020-02-23,5.63756,6.64733,0.8480938963463526,25.82625,33.79,19.89,13.9,58.335,4.159166666666667,4
TNP_0007,2020-02-24,6.232069999999999,6.48988,0.960275074423564,25.970416666666665,34.16,19.86,14.299999999999995,54.66583333333333,3.5391666666666666,4
TNP_0007,2020-02-25,6.67875,6.75657,0.9884823216513704,26.883333333333336,35.54,19.93,15.61,52.31041666666667,2.375,4
TNP_0007,2020-02-26,6.483650000000001,6.53739,0.9917795939969928,27.09208333333333,35.23,20.34,14.889999999999995,50.94708333333333,2.9737500000000003,4
TNP_0007,2020-02-27,6.31313,6.42113,0.9831805305296732,27.762083333333333,35.19,20.29,14.9,52.071666666666665,3.1845833333333338,4
TNP_0007,2020-02-28,5.58799,5.73361,0.9746023883731192,27.32375,33.92,21.62,12.3,56.43708333333333,3.280416666666667,4
TNP_0007,2020-02-29,5.58567,5.95488,0.9379987506045462,27.36875,34.38,21.17,13.21,54.07458333333333,2.1420833333333333,4
TNP_0007,2020-03-01,6.03952,6.43324,0.938799112111471,27.35833333333333,34.93,21.52,13.41,61.19041666666666,2.2704166666666667,4
TNP_0007,2020-03-02,5.77838,6.373489999999999,0.9066272952495416,24.10125,28.11,21.02,7.09,76.01958333333333,1.51875,4
TNP_0007,2020-03-03,5.08662,5.759939999999999,0.8831029489890521,24.574583333333333,28.9,20.93,7.969999999999999,70.36291666666666,1.6020833333333335,4
TNP_0007,2020-03-04,5.51953,5.84272,0.9446850097214996,25.801666666666662,31.68,21.8,9.88,70.90875,1.4691666666666665,4
TNP_0007,2020-03-05,5.56926,5.95805,0.9347454284539404,26.79083333333333,33.41,22.04,11.369999999999996,66.96333333333334,2.37875,4
TNP_0007,2020-03-06,6.062819999999999,6.251810000000001,0.969770354505335,27.74458333333333,35.1,21.8,13.3,60.959583333333335,2.4254166666666666,4
TNP_0007,2020-03-07,5.86853,6.57021,0.8932028047809735,27.88416666666667,35.59,22.2,13.390000000000004,58.415416666666665,2.6154166666666665,4
TNP_0007,2020-03-08,5.59318,6.541180000000001,0.8550720206445931,28.395,35.43,22.06,13.37,59.95041666666666,1.2866666666666666,4
TNP_0007,2020-03-09,5.81351,6.64717,0.8745842215559403,28.855833333333333,36.2,22.99,13.210000000000004,57.44041666666666,1.4204166666666669,4
TNP_0007,2020-03-10,6.13641,6.883220000000001,0.891502814089917,29.08791666666667,37.7,22.16,15.540000000000004,49.29083333333333,1.8391666666666664,4
TNP_0007,2020-03-11,6.24831,7.118270000000001,0.8777849112214062,29.03833333333333,37.42,21.75,15.670000000000002,54.85,1.774166666666667,4
TNP_0007,2020-03-12,6.45173,7.04278,0.9160771740704664,28.49416666666667,36.76,21.16,15.599999999999998,51.446666666666665,1.965,4
TNP_0007,2020-03-13,6.99825,7.16314,0.9769807654185176,28.124583333333334,36.69,20.56,16.13,43.88999999999999,2.6841666666666666,4
TNP_0007,2020-03-14,7.10399,7.13384,0.9958157177621028,28.57875,37.14,20.94,16.2,46.45875,2.535,4
TNP_0007,2020-03-15,6.490399999999999,6.5602,0.989360080485351,28.695833333333336,37.11,21.57,15.54,48.961666666666666,3.013333333333333,4
TNP_0007,2020-03-16,6.825200000000001,6.99326,0.9759682894672872,28.9675,37.35,21.77,15.580000000000002,49.629583333333336,3.2716666666666665,4
TNP_0007,2020-03-17,6.85947,7.11565,0.9639976671140374,28.56041666666667,36.83,21.05,15.779999999999998,48.30833333333334,3.75125,4
TNP_0007,2020-03-18,7.2105,7.280270000000001,0.9904165642208324,28.81375,36.92,20.54,16.380000000000003,47.15,2.7675,4
TNP_0007,2020-03-19,6.65444,7.03347,0.9461105258144272,29.564166666666665,38.39,21.64,16.75,44.94,2.080833333333333,4
TNP_0007,2020-03-20,6.09369,6.83959,0.8909437554005429,29.574583333333333,37.35,22.62,14.73,54.13666666666666,1.8020833333333333,4
TNP_0007,2020-03-21,6.41778,6.68153,0.9605255083790688,28.07541666666667,35.84,22.43,13.410000000000004,62.54750000000001,1.5116666666666667,4
TNP_0007,2020-03-22,6.23832,6.84724,0.9110707379907816,29.20833333333333,36.35,22.15,14.200000000000005,55.38375,1.3891666666666669,4
TNP_0007,2020-03-23,5.335850000000001,6.63792,0.8038436739219516,29.13625,35.88,23.21,12.670000000000002,54.63999999999999,1.3554166666666667,4
TNP_0007,2020-03-24,6.02738,6.65548,0.9056266415044444,29.703333333333333,37.14,22.87,14.27,49.66916666666666,2.022083333333333,4
TNP_0007,2020-03-25,4.61565,6.50169,0.7099154219902825,29.089166666666667,35.94,22.59,13.349999999999998,50.13708333333333,1.9945833333333327,4
TNP_0007,2020-03-26,6.0932200000000005,6.86225,0.8879332580421874,29.09208333333333,36.95,22.02,14.930000000000003,45.53666666666667,3.1758333333333333,4
TNP_0007,2020-03-27,6.641520000000001,7.12061,0.9327178429937886,29.211250000000003,37.06,22.23,14.830000000000002,45.54833333333334,2.5308333333333333,4
TNP_0007,2020-03-28,7.09347,7.2815,0.9741770239648424,29.32166666666667,38.03,21.8,16.23,42.16583333333333,2.023333333333333,4
TNP_0007,2020-03-29,7.02107,7.33401,0.9573303008858728,29.440416666666664,38.28,22.17,16.11,41.88958333333333,1.8229166666666667,4
TNP_0007,2020-03-30,7.10915,7.317900000000001,0.9714740567649188,29.374583333333334,38.22,22.03,16.189999999999998,36.14458333333334,2.5458333333333334,4
TNP_0007,2020-03-31,7.15821,7.20464,0.9935555419840548,29.34958333333333,38.12,21.34,16.779999999999998,37.617916666666666,2.845,4
TNP_0007,2020-04-01,7.46878,7.51168,0.9942888940955952,29.58833333333333,37.99,21.46,16.53,39.2125,2.9654166666666666,4
TNP_0007,2020-04-02,7.18844,7.33297,0.9802903871146342,30.592916666666667,38.56,23.15,15.410000000000004,41.1,2.449583333333333,4
TNP_0007,2020-04-03,6.93287,7.26985,0.9536469115593856,30.23875,38.65,23.23,15.419999999999998,42.38875,2.0025,4
TNP_0007,2020-04-04,6.99787,7.279059999999999,0.961370012061997,30.26375,38.84,22.66,16.180000000000003,44.44625,1.3641666666666667,4
TNP_0007,2020-04-05,5.6265,6.9479,0.8098130370327725,30.473333333333333,38.27,23.42,14.85,54.2,2.2979166666666666,4
TNP_0007,2020-04-06,5.912859999999999,7.00805,0.8437240031107083,28.88791666666667,34.49,24.41,10.080000000000002,63.64208333333334,1.5962500000000002,4
TNP_0007,2020-04-07,3.28016,6.6737,0.4915054617378665,25.361666666666665,28.85,22.48,6.370000000000001,79.53791666666667,1.1204166666666666,4
TNP_0007,2020-04-08,5.995939999999999,6.87357,0.8723181694519732,28.24458333333333,34.54,22.28,12.259999999999998,60.82625,1.6445833333333333,4
TNP_0007,2020-04-09,6.1643,6.802,0.9062481623052044,28.40458333333333,35.03,22.06,12.970000000000002,65.24958333333333,1.6308333333333334,4
TNP_0007,2020-04-10,6.63809,7.24405,0.9163506601969892,28.844583333333333,36.38,21.88,14.500000000000004,56.53375,2.521666666666667,4
TNP_0007,2020-04-11,6.7830900000000005,7.13466,0.9507236504612694,28.8625,36.23,22.53,13.699999999999996,53.34958333333333,2.715,4
TNP_0007,2020-04-12,7.05233,7.21999,0.976778361188866,28.697916666666668,36.31,22.36,13.950000000000005,46.50791666666667,2.603333333333333,4
TNP_0007,2020-04-13,6.99268,7.31317,0.9561763229898936,29.269583333333333,37.12,22.84,14.279999999999998,43.63916666666666,2.4120833333333334,4
TNP_0007,2020-04-14,6.80033,7.250559999999999,0.9379041067172744,30.08333333333333,38.42,22.58,15.840000000000003,42.580416666666665,2.512916666666667,4
TNP_0007,2020-04-15,6.4896400000000005,7.292899999999999,0.8898572584294315,30.374166666666667,38.55,22.86,15.689999999999998,45.6675,1.7791666666666668,4
TNP_0007,2020-04-16,6.38388,6.95911,0.9173414416498662,30.348333333333333,38.43,23.79,14.64,51.19625,1.7220833333333332,4
TNP_0007,2020-04-17,6.255889999999999,7.01237,0.892122064294953,30.909166666666668,38.75,23.82,14.93,51.65,2.058333333333333,4
TNP_0007,2020-04-18,5.89105,6.75176,0.8725206464684764,30.949583333333333,38.66,24.36,14.299999999999995,52.145,2.1633333333333336,4
TNP_0007,2020-04-19,6.380859999999999,6.98181,0.9139263314240862,30.937916666666663,37.89,24.8,13.09,49.770833333333336,1.91,4
TNP_0007,2020-04-20,6.61112,7.28133,0.9079550027261504,30.947916666666668,38.11,24.7,13.41,49.15583333333333,2.3508333333333336,4
TNP_0007,2020-04-21,6.03148,7.22001,0.8353838845098552,30.917916666666667,39.2,24.42,14.78,51.95625,1.7179166666666668,4
TNP_0007,2020-04-22,5.94963,6.95868,0.8549940505958026,30.03458333333333,38.04,24.03,14.009999999999998,61.251666666666665,2.53375,4
TNP_0007,2020-04-23,6.31156,7.1145,0.8871403471782979,29.87375,37.18,23.86,13.32,63.14625,2.734583333333333,4
TNP_0007,2020-04-24,4.73913,6.50063,0.7290262636082965,27.89583333333333,34.99,23.64,11.35,60.435833333333335,2.7983333333333333,4
TNP_0007,2020-04-25,5.36655,6.64022,0.808188584113177,29.695,36.24,23.45,12.790000000000004,60.2925,1.6233333333333333,4
TNP_0007,2020-04-26,3.91156,6.75825,0.578782968963859,27.08375,30.78,23.93,6.850000000000001,73.39,1.8666666666666665,4
TNP_0007,2020-04-27,6.41874,7.0148,0.91502822603638,28.515,34.53,23.85,10.68,69.48416666666667,1.37375,4
TNP_0007,2020-04-28,5.698390000000001,6.494610000000001,0.8774029541419731,26.914583333333336,30.9,23.64,7.259999999999998,77.05125,1.8075,4
TNP_0007,2020-04-29,5.26471,6.78929,0.7754433821504163,24.96875,28.2,22.47,5.73,75.51041666666667,2.7091666666666665,4
TNP_0007,2020-04-30,6.18695,6.87101,0.9004425841324637,27.97833333333333,34.96,22.46,12.5,63.065,1.8333333333333333,4
TNP_0007,2020-05-01,6.537,6.92144,0.9444566448600292,28.593333333333334,36.41,22.48,13.929999999999996,67.59583333333333,1.5691666666666666,4
TNP_0007,2020-05-02,5.56862,6.78135,0.8211668768018168,28.78458333333333,36.08,23.1,12.979999999999997,67.99833333333333,1.4579166666666667,4
TNP_0007,2020-05-03,5.91454,6.61876,0.8936024270407146,30.1575,37.85,24.32,13.53,62.879583333333336,1.961666666666667,4
TNP_0007,2020-05-04,6.38668,6.98558,0.9142662456088112,29.727083333333336,36.6,24.23,12.37,63.36916666666667,1.4487500000000002,4
TNP_0007,2020-05-05,6.1864300000000005,6.99469,0.8844466302295027,29.581666666666667,36.5,24.67,11.829999999999998,64.21875,1.725,4
TNP_0007,2020-05-06,6.19292,6.89709,0.8979033186459796,27.82,33.01,24.03,8.979999999999997,74.46375,2.178333333333333,4
TNP_0007,2020-05-07,6.16034,7.01812,0.8777763845588277,27.55666666666667,32.71,23.95,8.760000000000002,76.54041666666667,2.0683333333333334,4
TNP_0007,2020-05-08,5.2730500000000005,7.0608900000000006,0.7467967919058363,26.437083333333334,30.95,22.72,8.23,80.11749999999999,1.747083333333333,4
TNP_0007,2020-05-09,6.24646,7.05761,0.8850673244908688,29.92625,37.36,22.71,14.65,63.34375,1.9045833333333333,4
TNP_0007,2020-05-10,5.93172,7.11268,0.8339641316634517,28.455,33.92,24.83,9.090000000000003,69.67916666666666,0.9195833333333332,4
TNP_0007,2020-05-11,5.36383,6.99942,0.7663249240651369,28.272916666666664,33.22,24.76,8.459999999999997,68.9875,1.5599999999999998,4
TNP_0007,2020-05-12,5.77504,6.909590000000001,0.8358006770300408,27.692083333333333,31.63,24.04,7.59,65.9225,1.3395833333333331,4
TNP_0007,2020-05-13,5.887309999999999,7.0755,0.832069818387393,29.26,36.58,23.64,12.939999999999998,59.70375000000001,2.1195833333333334,4
TNP_0007,2020-05-14,5.8282300000000005,6.90991,0.8434596109066544,27.999166666666667,32.32,24.74,7.580000000000002,71.74916666666667,1.6208333333333331,4
TNP_0007,2020-05-15,5.45833,6.6901,0.8158816759091793,27.66416666666667,32.72,24.24,8.48,74.14708333333333,2.410416666666667,4
TNP_0007,2020-05-16,4.17569,6.81908,0.6123538659173966,28.01708333333333,33.91,24.17,9.739999999999997,69.56375,3.626666666666667,4
TNP_0007,2020-05-17,5.1742,6.41176,0.8069859133841566,26.86625,31.79,22.6,9.189999999999998,75.88,4.2375,4
TNP_0007,2020-05-18,2.77343,6.43972,0.430675557322368,26.177916666666665,32.04,22.46,9.579999999999998,76.72875,5.677083333333333,4
TNP_0007,2020-05-19,4.04115,6.45654,0.6259002499790909,26.660416666666663,31.29,23.59,7.699999999999999,75.83458333333333,5.543333333333333,4
TNP_0007,2020-05-20,5.709239999999999,6.66384,0.8567492616869551,27.7,34.56,23.4,11.160000000000004,70.74,4.744166666666667,4
TNP_0007,2020-05-21,5.32985,6.82088,0.7814021064730652,25.98625,31.31,22.29,9.02,75.24374999999999,4.242916666666667,4
TNP_0007,2020-05-22,5.06852,6.741359999999999,0.751854225260185,27.826666666666668,35.06,22.09,12.970000000000002,68.01708333333333,4.1570833333333335,4
TNP_0007,2020-05-23,5.0341,6.7598,0.74471138199355,28.929166666666664,36.06,23.75,12.310000000000002,69.6725,3.91375,4
TNP_0007,2020-05-24,5.57772,6.80571,0.8195647478367429,28.13416666666667,34.02,24.44,9.580000000000002,72.82041666666667,4.465,4
TNP_0007,2020-05-25,5.4948500000000005,6.77695,0.8108145994879703,27.159166666666668,31.76,23.93,7.830000000000002,78.0425,3.749583333333333,4
TNP_0007,2020-05-26,5.8916,6.7788900000000005,0.869109839516499,27.399583333333336,31.93,23.88,8.05,75.83041666666666,3.4125,4
TNP_0007,2020-05-27,5.10457,6.35099,0.8037439832215135,27.15,31.85,23.62,8.23,77.40625,3.8220833333333335,4
TNP_0007,2020-05-28,5.00507,6.73777,0.7428377638298724,26.812916666666663,32.1,23.31,8.790000000000003,79.25791666666667,4.010416666666667,4
TNP_0007,2020-05-29,4.889270000000001,6.53301,0.7483946909617467,26.42875,32.14,22.66,9.48,74.11291666666666,2.793333333333333,4
TNP_0007,2020-05-30,4.78473,6.70843,0.7132413992543709,26.44666666666667,32.56,22.66,9.900000000000002,78.40333333333334,2.5166666666666666,4
TNP_0007,2020-05-31,5.67489,6.93071,0.8188035569227395,26.450416666666666,32.62,22.79,9.829999999999998,79.46958333333333,3.85,4
TNP_0007,2020-06-01,4.82978,6.94178,0.6957552673809887,25.795416666666668,29.96,23.37,6.59,82.51708333333333,4.460833333333333,4
TNP_0007,2020-06-02,3.36608,6.88723,0.4887422084059919,25.0925,28.63,23.07,5.559999999999999,81.6775,4.605833333333334,4
TNP_0007,2020-06-03,4.98958,6.95637,0.717267770403242,25.01833333333333,28.47,22.44,6.029999999999998,83.12458333333333,4.904166666666667,4
TNP_0007,2020-06-04,4.1778900000000005,6.84116,0.6106990627320514,25.140416666666667,28.96,22.48,6.48,81.97625000000001,5.087916666666667,4
TNP_0007,2020-06-05,4.04418,7.050269999999999,0.573620584743563,25.441666666666663,30.16,22.26,7.899999999999999,80.84333333333333,4.8475,4
TNP_0007,2020-06-06,3.92235,6.86154,0.5716428090486975,25.49291666666667,31.44,22.17,9.27,79.34208333333333,4.714166666666666,4
TNP_0007,2020-06-07,3.9617,6.87647,0.5761240869225054,25.19083333333333,30.14,22.12,8.02,81.23416666666667,4.397916666666666,4
TNP_0007,2020-06-08,5.69104,6.8688,0.8285348241323084,25.5175,31.88,21.11,10.77,73.065,3.9825,4
TNP_0007,2020-06-09,5.04533,6.8262,0.7391125369898333,25.300416666666667,31.14,20.92,10.22,75.92291666666667,4.158333333333333,4
TNP_0007,2020-06-10,4.90367,6.87471,0.7132911788279069,25.159166666666668,30.52,20.64,9.88,77.71791666666667,5.175416666666667,4
TNP_0007,2020-06-11,4.24164,6.9576,0.6096412556053812,24.95041666666667,31.23,21.58,9.650000000000002,75.80708333333334,5.497083333333333,4
TNP_0007,2020-06-12,2.93401,6.92537,0.4236611184673166,24.85291666666667,29.56,21.26,8.299999999999997,75.02291666666666,6.337916666666668,4
TNP_0007,2020-06-13,4.24131,6.8051,0.6232546178601344,25.741666666666664,31.39,21.02,10.37,74.12125,5.826249999999999,4
TNP_0007,2020-06-14,4.25189,7.06289,0.6020042787017779,25.495833333333334,30.53,22.28,8.25,77.79416666666667,5.921250000000001,4
TNP_0007,2020-06-15,5.14863,6.98237,0.7373757048108307,25.98333333333333,30.46,22.73,7.73,79.96291666666666,4.899166666666667,4
TNP_0007,2020-06-16,4.652939999999999,6.9517,0.6693240502323172,25.1875,28.57,22.7,5.870000000000001,84.91583333333334,4.66125,4
TNP_0007,2020-06-17,4.3068800000000005,7.04352,0.6114669937758395,24.6625,28.8,21.56,7.240000000000002,83.10125000000001,4.815833333333333,4
TNP_0007,2020-06-18,5.068020000000001,6.9460500000000005,0.7296261904247738,24.514166666666668,29.8,21.36,8.440000000000001,79.88416666666667,4.526666666666666,4
TNP_0007,2020-06-19,4.58535,6.97713,0.657197156997218,24.78458333333333,28.52,21.39,7.129999999999999,81.48416666666667,4.09125,4
TNP_0007,2020-06-20,5.895899999999999,6.888599999999999,0.8558923438724849,24.90458333333333,29.32,21.56,7.760000000000002,75.44791666666667,3.845,4
TNP_0007,2020-06-21,3.26181,6.74687,0.4834552911201787,24.180833333333336,28.39,21.61,6.780000000000001,81.73666666666666,4.962083333333333,4
TNP_0007,2020-06-22,4.09448,6.88258,0.5949048176701179,24.80875,29.98,21.23,8.75,77.58624999999999,4.96375,4
TNP_0007,2020-06-23,3.89935,7.07048,0.5514972109390027,24.89708333333333,29.92,21.11,8.810000000000002,75.94916666666667,3.547916666666667,4
TNP_0007,2020-06-24,5.1893400000000005,6.64265,0.7812153282199124,25.205,30.97,21.37,9.599999999999998,75.27083333333333,3.57875,4
TNP_0007,2020-06-25,5.09154,6.73771,0.7556781161551922,24.427916666666665,29.56,21.38,8.18,81.88875,2.7816666666666667,4
TNP_0007,2020-06-26,4.28401,6.95023,0.6163839182300442,24.794166666666666,30.47,21.31,9.16,81.34083333333334,3.8241666666666663,4
TNP_0007,2020-06-27,4.32076,6.88894,0.6272024433367107,24.79125,28.75,22.1,6.649999999999999,84.2525,4.085833333333333,4
TNP_0007,2020-06-28,4.40212,6.76586,0.650637169554203,25.24208333333333,29.15,22.24,6.91,85.66291666666666,4.038333333333333,4
TNP_0007,2020-06-29,4.68696,6.88094,0.6811511217944061,25.000416666666663,28.88,22.13,6.75,86.15916666666668,3.943333333333333,4
TNP_0007,2020-06-30,5.74275,6.960820000000001,0.8250105591007955,25.33083333333333,30.95,21.96,8.989999999999998,77.65625,4.6425,4
TNP_0007,2020-07-01,4.511850000000001,6.80105,0.6634049154174724,24.4125,28.66,20.91,7.75,80.08208333333333,4.08625,4
TNP_0007,2020-07-02,3.52662,6.90087,0.5110399123588765,24.166666666666668,28.35,21.04,7.310000000000002,81.8275,4.629583333333334,4
TNP_0007,2020-07-03,2.818,6.893260000000001,0.4088051226850575,22.961250000000003,27.48,20.56,6.920000000000002,84.00958333333334,4.932083333333334,4
TNP_0007,2020-07-04,3.45986,6.8718,0.5034867138158852,23.68375,27.63,21.17,6.459999999999997,83.61083333333333,6.003333333333334,4
TNP_0007,2020-07-05,3.33281,6.84333,0.487015824167474,24.234583333333333,29.11,20.89,8.219999999999999,79.88333333333334,4.57375,4
TNP_0007,2020-07-06,4.48678,6.89031,0.6511724436200983,23.4625,27.44,20.79,6.650000000000002,85.33666666666666,5.03875,4
TNP_0007,2020-07-07,4.3175,6.97088,0.6193622612926919,24.34375,29.04,21.0,8.04,83.23916666666666,4.66125,4
TNP_0007,2020-07-08,4.07989,6.83893,0.5965684690441341,24.02625,27.53,20.85,6.68,87.07083333333333,3.3441666666666667,4
TNP_0007,2020-07-09,3.93619,6.7865,0.5800029470271862,23.57208333333333,26.56,20.76,5.799999999999997,87.74041666666666,2.5704166666666666,4
TNP_0007,2020-07-10,4.301159999999999,6.80381,0.6321693286555621,23.87833333333333,27.84,21.34,6.5,85.42041666666667,2.7779166666666666,4
TNP_0007,2020-07-11,5.44234,6.8468,0.7948735175556464,24.035833333333333,28.59,21.37,7.219999999999999,84.33166666666666,3.513333333333333,4
TNP_0007,2020-07-12,5.44693,7.0694300000000005,0.7704906901970879,24.464583333333334,29.35,21.22,8.130000000000003,82.6375,4.25375,4
TNP_0007,2020-07-13,4.05644,6.74599,0.6013112975263823,24.1875,28.79,21.04,7.75,83.76625,2.84,4
TNP_0007,2020-07-14,5.79529,6.904310000000001,0.839372797571372,24.19541666666667,27.52,21.79,5.73,87.60708333333334,3.202083333333333,4
TNP_0007,2020-07-15,3.71271,6.83236,0.5434008161162468,23.6325,26.87,21.37,5.5,89.56124999999999,4.315416666666667,4
TNP_0007,2020-07-16,2.16745,6.94231,0.3122087604846225,23.942916666666665,27.95,21.01,6.939999999999998,86.17708333333333,4.49125,4
TNP_0007,2020-07-17,2.42736,6.863770000000001,0.3536482137367656,23.0875,26.28,20.55,5.73,88.09833333333334,3.61875,4
TNP_0007,2020-07-18,3.95134,6.80525,0.5806311303772822,23.827916666666667,28.32,20.55,7.77,85.73416666666667,3.4225,4
TNP_0007,2020-07-19,5.02233,6.70657,0.7488671556399172,24.2375,27.2,20.68,6.52,86.3825,1.3770833333333332,4
TNP_0007,2020-07-20,4.65037,6.62858,0.7015635324609493,23.692916666666665,27.13,20.78,6.349999999999998,90.54208333333334,2.6420833333333333,4
TNP_0007,2020-07-21,6.207140000000001,6.96808,0.8907963169194385,24.517916666666665,28.92,20.79,8.130000000000003,85.11708333333333,1.440416666666667,4
TNP_0007,2020-07-22,5.1391,6.67523,0.7698760941570553,24.959166666666665,28.6,21.7,6.900000000000002,86.23458333333333,1.37625,4
TNP_0007,2020-07-23,5.309489999999999,6.863980000000001,0.7735293517755003,24.20208333333333,27.38,21.67,5.709999999999997,89.12458333333332,2.580416666666667,4
TNP_0007,2020-07-24,4.910609999999999,6.81983,0.7200487402178646,23.629166666666663,27.79,20.53,7.259999999999998,87.21458333333334,3.5195833333333333,4
TNP_0007,2020-07-25,5.10737,6.92068,0.7379867296277244,22.97375,25.48,20.58,4.900000000000002,89.58916666666666,3.4379166666666667,4
TNP_0007,2020-07-26,5.18325,7.01293,0.7390990641572068,23.44708333333333,27.65,20.54,7.109999999999999,86.8875,3.276666666666667,4
TNP_0007,2020-07-27,6.224600000000001,7.04513,0.8835323123916805,24.12125,29.15,20.49,8.66,84.49875,3.47125,4
TNP_0007,2020-07-28,4.87425,7.12557,0.6840505391147655,23.827916666666667,27.72,21.51,6.209999999999997,87.41458333333333,4.08125,4
TNP_0007,2020-07-29,2.18764,6.86759,0.3185455159670277,23.446250000000003,27.09,21.12,5.969999999999999,89.07,4.092083333333334,4
TNP_0007,2020-07-30,4.55575,7.00251,0.6505881462504158,23.48375,26.81,21.01,5.799999999999997,88.73333333333333,4.545,4
TNP_0007,2020-07-31,4.10743,7.01315,0.5856754810605791,24.092916666666667,27.74,21.75,5.989999999999998,88.7,4.742083333333333,4
TNP_0007,2020-08-01,4.323270000000001,7.084020000000001,0.6102848382697961,23.135416666666668,26.32,21.3,5.02,87.80375,4.547083333333333,4
TNP_0007,2020-08-02,3.06971,7.08929,0.4330066903737892,23.28708333333333,26.39,21.42,4.969999999999999,87.7275,6.473333333333334,4
TNP_0007,2020-08-03,3.69491,6.71842,0.549967105361082,23.63083333333333,26.73,21.98,4.75,88.22500000000001,7.10625,4
TNP_0007,2020-08-04,3.2271300000000003,7.107270000000001,0.4540604198236453,23.542916666666667,26.32,21.96,4.359999999999999,86.58208333333333,8.165000000000001,4
TNP_0007,2020-08-05,3.32905,6.901770000000001,0.4823472819291283,23.774583333333336,25.78,22.06,3.7200000000000015,88.08958333333334,8.500416666666668,4
TNP_0007,2020-08-06,2.2632600000000003,6.8019,0.3327393816433644,24.68375,27.7,22.64,5.059999999999999,86.64166666666667,7.771249999999999,4
TNP_0007,2020-08-07,2.20702,6.76065,0.3264508590150355,23.63625,26.92,21.41,5.510000000000002,88.61416666666668,6.297916666666667,4
TNP_0007,2020-08-08,2.76798,6.76662,0.4090639048742208,23.391666666666666,27.43,21.03,6.399999999999999,88.695,5.2700000000000005,4
TNP_0007,2020-08-09,2.4120099999999995,6.39818,0.3769837672588141,22.562916666666663,25.15,21.01,4.139999999999997,90.58708333333334,4.36125,4
TNP_0007,2020-08-10,3.16576,6.621149999999999,0.4781284217998385,23.28833333333333,26.04,21.18,4.859999999999999,90.99125,5.129583333333334,4
TNP_0007,2020-08-11,4.056220000000001,6.766229999999999,0.5994800649697101,23.769583333333333,27.16,21.51,5.649999999999999,88.93291666666666,4.648333333333333,4
TNP_0007,2020-08-12,4.76484,6.65472,0.7160090882862089,23.75958333333333,27.03,21.56,5.470000000000002,89.19041666666668,4.59625,4
TNP_0007,2020-08-13,4.5135,6.95697,0.6487738196369971,23.56958333333333,26.62,21.39,5.23,90.1675,3.9466666666666663,4
TNP_0007,2020-08-14,4.379099999999999,6.85073,0.6392165506449677,22.97791666666667,26.45,20.67,5.779999999999998,90.24583333333334,4.03375,4
TNP_0007,2020-08-15,4.53777,6.89775,0.65786234641731,23.385416666666668,26.63,20.8,5.829999999999998,89.88291666666667,4.312083333333333,4
TNP_0007,2020-08-16,4.662730000000001,6.82674,0.6830097528249209,23.50333333333333,26.98,20.92,6.059999999999999,89.2025,4.236666666666666,4
TNP_0007,2020-08-17,4.69305,6.64646,0.7060976820743674,24.135,28.41,20.88,7.530000000000001,87.56166666666667,3.982083333333333,4
TNP_0007,2020-08-18,4.41086,6.78714,0.6498849294400882,24.26875,28.63,21.1,7.529999999999998,87.9875,4.0808333333333335,4
TNP_0007,2020-08-19,5.35844,6.83473,0.7840017089190063,23.749583333333334,27.36,21.35,6.009999999999998,88.9775,3.419583333333333,4
TNP_0007,2020-08-20,4.7532,6.95089,0.6838260999670545,23.41416666666667,26.58,21.0,5.579999999999998,90.80458333333333,3.2229166666666664,4
TNP_0007,2020-08-21,5.34565,6.91512,0.7730379226969308,24.51375,29.29,20.87,8.419999999999998,86.21541666666667,3.189583333333333,4
TNP_0007,2020-08-22,5.51798,6.90564,0.7990541064984563,24.59708333333333,29.15,21.0,8.149999999999999,86.925,2.848333333333333,4
TNP_0007,2020-08-23,4.13197,6.90237,0.5986306152814179,24.08458333333333,28.19,21.06,7.130000000000003,87.75291666666668,2.75625,4
TNP_0007,2020-08-24,5.8143,6.94498,0.8371946355497064,24.395,28.88,21.15,7.73,87.03625,2.3695833333333334,4
TNP_0007,2020-08-25,6.77302,7.05555,0.95995634642232,24.47458333333333,28.96,21.33,7.630000000000003,86.00999999999999,2.27,4
TNP_0007,2020-08-26,5.065300000000001,6.8441,0.740097310091904,24.379166666666663,28.66,21.18,7.48,86.66291666666666,1.9029166666666668,4
TNP_0007,2020-08-27,6.257479999999999,6.97232,0.8974745852169722,24.307916666666667,29.02,20.84,8.18,84.40333333333334,2.655,4
TNP_0007,2020-08-28,6.967770000000001,7.16896,0.97193595723787,24.700833333333332,30.42,20.61,9.810000000000002,81.92375,3.09625,4
TNP_0007,2020-08-29,6.78708,7.10758,0.9549072961542466,24.4,28.7,20.49,8.21,84.58375,3.376666666666667,4
TNP_0007,2020-08-30,6.48951,7.07621,0.9170883848839988,24.797916666666666,28.84,21.51,7.329999999999998,85.64375,2.7745833333333336,4
TNP_0007,2020-08-31,6.10738,7.04572,0.8668212758951533,24.085,27.39,21.49,5.900000000000002,88.76708333333333,2.299166666666667,4
TNP_0007,2020-09-01,5.687690000000001,6.8826,0.8263868305582194,23.41375,27.24,20.69,6.549999999999997,88.51625,3.0029166666666662,4
TNP_0007,2020-09-02,4.405819999999999,6.73992,0.6536902515163384,23.1,26.6,20.61,5.990000000000002,90.74208333333333,2.62875,4
TNP_0007,2020-09-03,5.59223,6.91338,0.8088995541978019,24.1,27.98,20.87,7.109999999999999,88.99291666666666,1.9895833333333333,4
TNP_0007,2020-09-04,4.85541,6.86113,0.7076691448784675,24.758333333333336,28.74,21.43,7.309999999999999,87.06583333333333,1.58875,4
TNP_0007,2020-09-05,5.09384,6.73313,0.756533736909877,25.315416666666668,29.31,21.94,7.369999999999997,83.6075,1.3091666666666668,4
TNP_0007,2020-09-06,3.39663,6.63633,0.5118235530782828,24.30125,28.39,21.54,6.850000000000001,87.5675,3.098333333333333,4
TNP_0007,2020-09-07,4.22023,6.89721,0.6118749465363531,23.2775,26.02,21.03,4.989999999999998,90.61291666666666,4.277916666666667,4
TNP_0007,2020-09-08,4.523140000000001,6.816230000000001,0.6635838285973331,24.102083333333336,27.58,20.95,6.629999999999999,89.50875,2.71875,4
TNP_0007,2020-09-09,3.83398,6.80188,0.5636647515098767,23.641666666666666,27.5,21.31,6.190000000000001,88.45458333333333,3.82375,4
TNP_0007,2020-09-10,2.90719,6.7498000000000005,0.4307075765207858,23.484583333333333,26.88,21.45,5.43,89.40583333333332,5.939583333333334,4
TNP_0007,2020-09-11,2.25815,7.00057,0.322566591006161,23.25625,26.25,20.68,5.57,88.24541666666666,5.11875,4
TNP_0007,2020-09-12,2.20974,6.56192,0.3367520481810202,22.29125,26.05,19.04,7.010000000000002,88.7625,4.024583333333333,4
TNP_0007,2020-09-13,1.62164,6.70141,0.2419848957159761,22.22458333333333,25.76,18.98,6.780000000000001,89.15916666666668,3.7595833333333335,4
TNP_0007,2020-09-14,3.95435,6.85968,0.5764627504490005,22.86,27.55,19.98,7.57,86.16291666666666,4.474166666666666,4
TNP_0007,2020-09-15,4.18184,6.66058,0.6278492263436518,23.837083333333336,27.93,20.24,7.690000000000001,88.15583333333332,4.636666666666667,4
TNP_0007,2020-09-16,4.51339,6.863899999999999,0.6575547429304041,23.990416666666665,27.97,21.23,6.739999999999998,87.53125,4.004583333333334,4
TNP_0007,2020-09-17,3.96074,6.79103,0.5832311151622066,24.0575,27.92,21.26,6.66,88.93958333333335,4.520416666666667,4
TNP_0007,2020-09-18,4.25249,6.99177,0.6082136569137715,23.625,27.68,20.75,6.93,87.00958333333334,5.024166666666667,4
TNP_0007,2020-09-19,2.16062,6.82046,0.3167850848769731,23.499166666666667,27.27,20.65,6.620000000000001,85.70208333333333,6.470833333333334,4
TNP_0007,2020-09-20,3.22217,6.651260000000001,0.4844450525163653,23.1975,26.4,21.39,5.009999999999998,88.44416666666666,7.263750000000001,4
TNP_0007,2020-09-21,3.50306,6.53085,0.5363865346777219,22.842916666666667,26.67,20.4,6.270000000000003,87.68583333333333,6.644166666666667,4
TNP_0007,2020-09-22,4.74445,6.64278,0.7142265738139754,22.502916666666668,25.85,19.94,5.91,86.85791666666667,4.857916666666667,4
TNP_0007,2020-09-23,4.90392,6.967,0.7038782833357257,23.133750000000003,27.03,19.81,7.220000000000002,88.33666666666666,3.7504166666666663,4
TNP_0007,2020-09-24,4.64429,6.82202,0.6807792999727353,23.37375,27.11,20.42,6.689999999999998,88.5825,2.81,4
TNP_0007,2020-09-25,3.80042,6.84279,0.5553904182358366,22.936666666666667,27.76,19.77,7.990000000000002,87.96749999999999,2.780416666666667,4
TNP_0007,2020-09-26,3.44785,6.63539,0.5196152750629578,22.05458333333333,25.53,19.76,5.77,89.57541666666667,2.5104166666666665,4
TNP_0007,2020-09-27,5.255439999999999,6.885269999999999,0.7632874237321121,23.81958333333333,28.48,19.8,8.68,86.03916666666667,2.4095833333333334,4
TNP_0007,2020-09-28,5.38351,6.735110000000001,0.7993202783621945,23.936666666666667,28.74,20.85,7.889999999999997,85.89999999999999,3.106666666666667,4
TNP_0007,2020-09-29,3.9948,6.50836,0.6137951803526541,23.668333333333333,27.64,21.09,6.550000000000001,88.61291666666666,4.045,4
TNP_0007,2020-09-30,5.041939999999999,6.63081,0.7603807076360202,22.986666666666665,26.83,20.52,6.309999999999999,88.94916666666667,3.732916666666666,4
TNP_0007,2020-10-01,6.5016300000000005,6.97738,0.9318153805583184,22.70375,26.35,19.98,6.370000000000001,89.33625,2.9166666666666665,4
TNP_0007,2020-10-02,5.90943,6.90675,0.8556021283526984,23.324583333333333,27.84,19.79,8.05,86.70625,3.1254166666666667,4
TNP_0007,2020-10-03,5.5250200000000005,7.03181,0.7857180441451064,23.572916666666668,28.17,20.17,8.0,86.00958333333334,3.530416666666667,4
TNP_0007,2020-10-04,5.962,6.98813,0.8531610030151128,23.61,28.42,19.59,8.830000000000002,84.98666666666666,3.3312500000000003,4
TNP_0007,2020-10-05,6.4480900000000005,6.90208,0.934224175900598,23.89333333333333,29.06,19.37,9.689999999999998,83.24333333333333,2.7325,4
TNP_0007,2020-10-06,5.76937,6.722980000000001,0.8581566507709378,25.055833333333336,29.94,20.45,9.490000000000002,84.13875,2.57125,4
TNP_0007,2020-10-07,5.40477,6.56475,0.8233017251228151,24.343333333333334,28.26,22.2,6.060000000000002,89.1025,2.638333333333333,4
TNP_0007,2020-10-08,3.86368,6.0831800000000005,0.6351414884977922,24.59958333333333,28.17,22.32,5.850000000000001,88.21125,1.7583333333333335,4
TNP_0007,2020-10-09,4.72774,5.7536000000000005,0.8217011957730811,23.085416666666664,25.54,20.85,4.689999999999998,93.35375,2.85375,4
TNP_0007,2020-10-10,3.59762,6.21201,0.579139441179264,23.032083333333333,26.73,20.7,6.030000000000001,90.43583333333332,2.7591666666666668,4
TNP_0007,2020-10-11,3.0365300000000004,6.1806,0.491300197391839,22.33,25.99,20.49,5.5,88.71999999999998,4.1658333333333335,4
TNP_0007,2020-10-12,3.51826,6.18163,0.5691476196407743,23.21583333333333,26.86,21.03,5.829999999999998,89.37791666666668,5.187916666666667,4
TNP_0007,2020-10-13,4.06254,5.85019,0.6944287279558443,23.1075,26.92,21.12,5.800000000000001,88.51458333333333,5.779583333333334,4
TNP_0007,2020-10-14,4.70301,6.39796,0.7350796191285972,23.2575,27.47,20.28,7.189999999999998,87.25666666666666,5.147916666666666,4
TNP_0007,2020-10-15,4.175980000000001,6.368849999999999,0.6556882325694594,23.46166666666667,27.82,20.0,7.82,87.36416666666666,4.062083333333333,4
TNP_0007,2020-10-16,3.46154,6.36232,0.5440688302380264,23.595,28.17,20.28,7.890000000000001,88.94333333333333,3.2404166666666665,4
TNP_0007,2020-10-17,5.739349999999999,6.1694700000000005,0.9302825040076372,23.6225,28.25,20.12,8.129999999999999,87.71708333333333,2.536666666666666,4
TNP_0007,2020-10-18,5.05497,6.313770000000001,0.8006262502435153,23.51083333333333,27.86,20.55,7.309999999999999,86.39833333333333,2.273333333333333,4
TNP_0007,2020-10-19,5.14575,6.42361,0.8010682466712642,23.94375,28.72,20.37,8.349999999999998,86.85374999999999,2.512916666666667,4
TNP_0007,2020-10-20,3.65336,6.35446,0.574928475433003,22.91708333333333,25.82,21.04,4.780000000000001,91.61625,2.8991666666666664,4
TNP_0007,2020-10-21,4.12615,6.20152,0.6653449476902437,23.53833333333333,27.76,20.87,6.890000000000001,88.01458333333333,3.56625,4
TNP_0007,2020-10-22,4.50662,6.16273,0.7312700702448428,23.710416666666664,27.96,20.79,7.170000000000002,88.70666666666666,3.48375,4
TNP_0007,2020-10-23,3.97052,6.357,0.6245902155104609,23.21666666666667,28.53,19.23,9.3,87.62666666666667,3.690416666666666,4
TNP_0007,2020-10-24,5.79375,6.26584,0.9246565504385684,22.410833333333333,28.3,18.0,10.3,82.44083333333333,2.6558333333333333,4
TNP_0007,2020-10-25,5.9796700000000005,6.49528,0.9206177408826102,23.236666666666665,28.64,17.87,10.77,83.2175,1.9825,4
TNP_0007,2020-10-26,5.94948,6.121269999999999,0.9719355623914648,24.8125,29.35,19.46,9.89,80.99541666666667,0.9075,4
TNP_0007,2020-10-27,5.38956,5.71708,0.9427120138252394,24.414166666666663,27.79,20.74,7.050000000000001,81.70166666666667,1.14125,4
TNP_0007,2020-10-28,5.40522,5.67434,0.9525724577660132,24.754166666666663,29.01,20.55,8.46,79.61416666666666,1.2979166666666666,4
TNP_0007,2020-10-29,5.80593,6.026260000000001,0.9634383514816818,24.394166666666667,28.74,20.64,8.099999999999998,81.91250000000001,1.27625,4
TNP_0007,2020-10-30,5.50816,5.919449999999999,0.930518882666464,24.76375,28.75,21.0,7.75,79.00166666666667,0.8654166666666666,4
TNP_0007,2020-10-31,5.59609,5.90746,0.947292067995382,24.754166666666663,28.37,21.51,6.859999999999999,78.13375,0.8995833333333333,4
TNP_0007,2020-11-01,4.77346,5.4213000000000005,0.8805009868481729,24.734166666666667,29.21,21.51,7.699999999999999,82.19291666666668,1.01375,4
TNP_0007,2020-11-02,4.4982,5.35463,0.8400580432261425,24.78625,28.7,21.2,7.5,82.58749999999999,0.71125,4
TNP_0007,2020-11-03,2.54636,5.343019999999999,0.4765769171741824,24.55708333333333,28.68,21.02,7.66,82.32916666666667,1.76625,4
TNP_0007,2020-11-04,4.511819999999999,5.31536,0.8488267963035427,24.951666666666668,29.09,21.32,7.77,83.62124999999999,1.4629166666666666,4
TNP_0007,2020-11-05,4.30115,5.67413,0.7580281029867134,24.335,28.85,20.03,8.82,84.0925,2.10625,4
TNP_0007,2020-11-06,5.218109999999999,6.07566,0.8588548404617768,23.469583333333333,27.95,19.85,8.099999999999998,86.39333333333333,2.7466666666666666,4
TNP_0007,2020-11-07,5.808560000000001,6.244350000000001,0.9302105103013124,23.8975,28.88,20.28,8.599999999999998,86.00083333333333,3.085833333333333,4
TNP_0007,2020-11-08,4.90841,6.05013,0.8112900053387282,23.800833333333333,28.51,20.25,8.260000000000002,88.65333333333332,3.10625,4
TNP_0007,2020-11-09,5.3395600000000005,5.65733,0.9438303934895084,23.990416666666665,29.47,18.98,10.489999999999998,80.47708333333334,2.10875,4
TNP_0007,2020-11-10,5.3434,5.82687,0.9170274950359284,21.683333333333334,28.06,16.18,11.88,75.88333333333334,2.879583333333333,4
TNP_0007,2020-11-11,5.80546,6.03703,0.9616417344290156,23.64,28.59,16.05,12.54,80.71333333333332,2.19625,4
TNP_0007,2020-11-12,5.0668,5.8588000000000005,0.8648187342117839,23.320833333333336,26.14,20.79,5.350000000000001,92.42666666666666,3.109166666666667,4
TNP_0007,2020-11-13,4.37395,5.97519,0.732018563426435,23.3775,26.74,20.71,6.029999999999998,88.99541666666666,2.9958333333333336,4
TNP_0007,2020-11-14,5.036239999999999,6.037529999999999,0.8341556894955388,23.864166666666662,28.4,19.89,8.509999999999998,86.89625000000001,3.609583333333333,4
TNP_0007,2020-11-15,4.39094,5.93199,0.740213655114051,24.160416666666663,28.52,19.68,8.84,89.60541666666667,3.798333333333333,4
TNP_0007,2020-11-16,4.07788,6.059609999999999,0.6729608011076622,22.939166666666665,26.17,20.9,5.270000000000003,92.23791666666666,3.787083333333333,4
TNP_0007,2020-11-17,4.40779,5.98618,0.7363276747441607,22.75625,26.23,19.64,6.59,91.2475,3.7254166666666655,4
TNP_0007,2020-11-18,3.91152,5.78692,0.6759243258935668,23.23583333333333,26.83,19.25,7.579999999999998,90.63083333333331,2.9129166666666664,4
TNP_0007,2020-11-19,4.91951,5.73718,0.8574787613426804,22.86,26.86,19.78,7.079999999999998,89.53250000000001,2.8920833333333333,4
TNP_0007,2020-11-20,5.43651,5.96197,0.911864702438959,22.3925,26.98,18.28,8.7,89.04333333333334,2.9758333333333336,4
TNP_0007,2020-11-21,6.083609999999999,6.136430000000001,0.9913923893860108,21.3325,27.29,15.47,11.82,81.68041666666666,2.495,4
TNP_0007,2020-11-22,5.9429,6.02936,0.9856601695702364,20.93875,26.61,15.3,11.31,76.68166666666666,2.31125,4
TNP_0007,2020-11-23,5.70484,5.98475,0.9532294582062742,21.707083333333333,26.73,17.04,9.69,77.73291666666667,2.2191666666666667,4
TNP_0007,2020-11-24,4.25717,5.27252,0.8074260505412972,22.88291666666667,27.89,17.14,10.75,79.7225,2.1320833333333336,4
TNP_0007,2020-11-25,4.03554,5.39104,0.7485642844423339,23.700833333333332,27.66,19.48,8.18,85.97458333333333,2.0145833333333334,4
TNP_0007,2020-11-26,3.77952,5.5482,0.6812155293608738,22.55625,26.41,19.05,7.359999999999999,90.35666666666668,3.30875,4
TNP_0007,2020-11-27,5.0663800000000005,5.60019,0.9046800197850432,22.89125,26.99,18.85,8.139999999999997,86.12833333333333,1.356666666666667,4
TNP_0007,2020-11-28,5.04345,5.47684,0.9208686030630802,21.83875,25.38,19.67,5.709999999999997,91.80458333333333,2.8783333333333334,4
TNP_0007,2020-11-29,5.1531400000000005,5.80823,0.8872134884465664,22.69125,26.65,19.69,6.959999999999997,89.20375,3.0416666666666665,4
TNP_0007,2020-11-30,5.22178,5.73371,0.9107157494885508,22.56875,26.97,18.77,8.2,87.10791666666667,3.26375,4
TNP_0007,2020-12-01,5.48926,5.98482,0.917197175520734,21.472916666666663,26.95,17.79,9.16,79.23583333333333,3.2245833333333334,4
TNP_0007,2020-12-02,4.2829,5.73379,0.7469579457915271,23.235,28.31,17.58,10.73,81.07208333333334,2.40875,4
TNP_0007,2020-12-03,1.88721,5.70122,0.331018624083968,22.23875,25.39,19.87,5.52,91.58791666666669,2.5425,4
TNP_0007,2020-12-04,3.26538,5.62507,0.580504775940566,21.89333333333333,25.58,18.86,6.719999999999999,90.97583333333334,4.2908333333333335,4
TNP_0007,2020-12-05,3.39271,5.74408,0.5906446289048899,22.297083333333333,26.0,18.69,7.309999999999999,90.52,3.2216666666666662,4
TNP_0007,2020-12-06,3.97578,5.71704,0.6954263045212208,22.916666666666668,26.9,19.75,7.149999999999999,89.51583333333333,3.4916666666666667,4
TNP_0007,2020-12-07,2.85831,5.54593,0.5153887625700287,22.73166666666667,25.57,20.42,5.149999999999999,91.93083333333334,4.015416666666667,4
TNP_0007,2020-12-08,4.56708,5.5833,0.8179893611305141,22.868333333333336,26.21,20.13,6.080000000000002,91.14541666666666,3.44375,4
TNP_0007,2020-12-09,4.88142,5.77744,0.8449105486166885,22.707083333333333,26.94,19.51,7.43,88.63041666666668,3.015833333333333,4
TNP_0007,2020-12-10,5.36401,5.67579,0.9450684398119028,21.35833333333333,26.12,18.06,8.060000000000002,86.75083333333333,2.844583333333333,4
TNP_0007,2020-12-11,5.393680000000001,5.58486,0.965768166077574,20.921666666666667,26.85,16.27,10.580000000000002,84.11041666666667,2.61375,4
TNP_0007,2020-12-12,5.14947,5.34106,0.9641288433382138,20.770416666666662,26.63,16.0,10.63,82.045,2.369166666666666,4
TNP_0007,2020-12-13,5.13902,5.40754,0.9503434093876328,20.54625,26.58,15.65,10.929999999999998,83.36583333333333,2.4579166666666667,4
TNP_0007,2020-12-14,5.35752,5.43495,0.985753318797781,20.050833333333333,26.56,14.8,11.759999999999998,82.22791666666667,2.665833333333333,4
TNP_0007,2020-12-15,5.14764,5.269,0.9769671664452456,21.17875,26.37,14.68,11.69,82.81291666666667,2.9154166666666668,4
TNP_0007,2020-12-16,4.273359999999999,5.38746,0.7932049611505235,22.287916666666664,26.35,17.92,8.43,86.71749999999999,2.8545833333333337,4
TNP_0007,2020-12-17,2.85154,5.43694,0.5244751643387641,21.919583333333332,25.42,19.13,6.290000000000003,90.68208333333332,3.3425,4
TNP_0007,2020-12-18,3.51726,5.46674,0.6433925886360061,21.80708333333333,26.96,18.13,8.830000000000002,86.24166666666667,3.345416666666667,4
TNP_0007,2020-12-19,3.83545,5.56138,0.6896579625920185,21.30125,26.1,17.69,8.41,85.51125,4.081666666666666,4
TNP_0007,2020-12-20,5.06182,5.37521,0.9416971615992678,20.77958333333333,26.6,15.48,11.12,83.98916666666666,3.86125,4
TNP_0007,2020-12-21,5.24552,5.45288,0.961972388902745,20.07333333333333,25.63,15.22,10.409999999999998,83.42999999999999,3.73,4
TNP_0007,2020-12-22,4.405600000000001,5.18236,0.8501146195941618,20.863333333333333,25.55,16.62,8.93,83.08624999999999,2.7816666666666667,4
TNP_0007,2020-12-23,4.210559999999999,5.25318,0.8015259328635225,21.925,26.78,17.65,9.130000000000004,84.45166666666667,2.4341666666666666,4
TNP_0007,2020-12-24,5.05966,5.3205,0.950974532468753,22.234166666666667,27.68,18.06,9.62,83.73958333333333,2.962916666666666,4
TNP_0007,2020-12-25,5.053109999999999,5.36045,0.9426652613120166,21.185416666666665,27.2,16.54,10.66,82.77625,3.056666666666666,4
TNP_0007,2020-12-26,5.56169,5.6216,0.9893428917034296,20.53833333333333,27.78,14.46,13.32,80.27916666666667,3.1474999999999995,4
TNP_0007,2020-12-27,5.7444,5.76989,0.9955822381362556,20.97125,28.54,14.26,14.28,77.08583333333333,2.665,4
TNP_0007,2020-12-28,3.56587,5.41456,0.658570594840578,21.109166666666667,28.05,15.96,12.09,75.01708333333333,2.4345833333333333,4
TNP_0007,2020-12-29,5.057180000000001,5.32892,0.9490065529225435,22.45625,28.18,15.81,12.37,80.25458333333334,2.904583333333333,4
TNP_0007,2020-12-30,4.7948900000000005,5.50878,0.8704086930318511,23.09625,28.12,19.1,9.02,85.09291666666667,3.639166666666666,4
TNP_0007,2020-12-31,3.09601,5.593439999999999,0.5535073228639265,22.734166666666667,27.72,18.86,8.86,87.27,4.765,4
TNP_0007,2021-01-01,4.49741,5.41228,0.8309640299467137,20.76333333333333,26.67,16.46,10.21,81.54125,3.84,4
TNP_0007,2021-01-02,5.34229,5.52236,0.967392564048704,22.21291666666667,27.64,16.18,11.46,82.82041666666667,3.617083333333333,4
TNP_0007,2021-01-03,3.98238,5.54852,0.7177373425706315,22.63208333333333,27.17,19.01,8.16,87.11874999999999,3.46875,4
TNP_0007,2021-01-04,3.91143,5.57304,0.7018485422677748,22.462083333333336,26.97,19.6,7.369999999999997,88.02125,3.872916666666667,4
TNP_0007,2021-01-05,5.09996,5.77847,0.8825796447848652,22.512916666666666,26.92,19.49,7.430000000000003,87.70958333333334,2.8675,4
TNP_0007,2021-01-06,4.21856,5.44403,0.7748965380425898,22.19875,25.18,19.55,5.629999999999999,87.86958333333332,1.755,4
TNP_0007,2021-01-07,4.7234,5.60321,0.8429810769184093,22.661666666666665,26.42,19.83,6.590000000000003,92.23916666666666,2.797083333333333,4
TNP_0007,2021-01-08,3.64704,5.28361,0.6902553367867803,23.254583333333333,26.98,20.3,6.68,90.985,1.8904166666666664,4
TNP_0007,2021-01-09,3.33339,5.52629,0.6031876720186599,22.935,27.3,20.24,7.060000000000002,90.48583333333332,3.08625,4
TNP_0007,2021-01-10,3.90502,5.336180000000001,0.7318006514023139,22.00625,25.08,19.83,5.25,90.72458333333331,2.42125,4
TNP_0007,2021-01-11,2.95005,5.13058,0.5749934705238005,21.99708333333333,25.54,19.48,6.059999999999999,89.56458333333335,3.0629166666666667,4
TNP_0007,2021-01-12,2.91642,5.61526,0.5193739915872105,21.47375,24.39,19.49,4.900000000000002,91.34041666666668,4.744583333333334,4
TNP_0007,2021-01-13,2.58004,5.68145,0.4541164667470452,21.357916666666668,24.2,18.82,5.379999999999999,91.53583333333334,4.3825,4
TNP_0007,2021-01-14,3.19772,5.63442,0.5675331267459649,22.156666666666663,25.97,18.65,7.32,89.60458333333334,4.308333333333334,4
TNP_0007,2021-01-15,4.23729,5.708819999999999,0.7422356984455633,21.855,25.61,19.1,6.509999999999998,90.065,3.3504166666666664,4
TNP_0007,2021-01-16,4.78171,5.6645900000000005,0.8441405291468579,22.261666666666667,26.83,18.39,8.439999999999998,88.69791666666667,3.2404166666666665,4
TNP_0007,2021-01-17,5.53424,5.82563,0.9499813754048916,21.309166666666663,26.97,16.64,10.329999999999998,84.05458333333333,2.921666666666667,4
TNP_0007,2021-01-18,6.06345,6.15705,0.9847979145857187,20.50916666666667,26.52,16.23,10.29,82.30583333333333,3.216666666666667,4
TNP_0007,2021-01-19,5.832859999999999,6.073510000000001,0.9603771130697074,20.702916666666667,27.38,15.72,11.659999999999998,80.54041666666667,2.7025,4
TNP_0007,2021-01-20,5.64757,5.88381,0.9598491453666926,22.65375,28.74,15.58,13.159999999999998,81.76791666666666,1.9420833333333332,4
TNP_0007,2021-01-21,4.987220000000001,5.52767,0.9022282444501936,23.16208333333333,28.26,18.85,9.41,86.54208333333334,1.9141666666666663,4
TNP_0007,2021-01-22,4.67013,5.14555,0.907605600956166,23.24833333333333,28.14,19.55,8.59,86.43041666666666,2.4679166666666665,4
TNP_0007,2021-01-23,4.8854,5.37704,0.9085667951140404,22.59375,27.92,18.46,9.46,84.76333333333334,2.5729166666666665,4
TNP_0007,2021-01-24,5.52091,5.644520000000001,0.9781008836889584,22.019583333333333,28.64,16.71,11.93,81.79625,2.5620833333333333,4
TNP_0007,2021-01-25,6.07088,6.18484,0.981574301032848,21.11875,27.08,16.45,10.63,81.88458333333334,3.1179166666666664,4
TNP_0007,2021-01-26,6.21003,6.28091,0.9887150110413936,20.44833333333333,27.36,15.03,12.33,78.42,2.9929166666666664,4
TNP_0007,2021-01-27,5.76537,6.02247,0.9573098745199228,20.004166666666663,27.39,14.7,12.69,75.00625000000001,2.8854166666666665,4
TNP_0007,2021-01-28,5.99922,6.00323,0.9993320262591971,20.805,27.54,14.79,12.75,78.44041666666666,3.1441666666666666,4
TNP_0007,2021-01-29,4.987430000000001,5.1534,0.9677940776962785,22.34208333333333,28.32,15.7,12.62,80.35416666666667,2.6991666666666667,4
TNP_0007,2021-01-30,5.409050000000001,5.81993,0.9294012127293628,22.41875,28.92,17.03,11.89,77.8325,2.8070833333333334,4
TNP_0007,2021-01-31,5.97511,6.04588,0.9882945079955274,21.90958333333333,29.17,16.67,12.5,76.29375,3.1508333333333334,4
TNP_0007,2021-02-01,6.240939999999999,6.34814,0.9831131638558694,21.58458333333333,29.18,16.36,12.82,73.53,3.333333333333333,4
TNP_0007,2021-02-02,6.20086,6.2135,0.9979657198036532,21.88291666666667,29.19,16.34,12.85,73.74833333333333,3.395833333333333,4
TNP_0007,2021-02-03,5.52129,5.808350000000001,0.9505780471218158,22.4175,28.4,17.24,11.16,77.76416666666667,3.469583333333333,4
TNP_0007,2021-02-04,5.83017,5.895239999999999,0.9889622814338348,21.712083333333336,28.98,15.76,13.22,72.13458333333334,3.24375,4
TNP_0007,2021-02-05,6.13131,6.159470000000001,0.9954281780737628,22.155416666666667,30.18,15.44,14.74,72.14041666666667,2.7741666666666664,4
TNP_0007,2021-02-06,6.04333,6.16518,0.980235775759994,21.49208333333333,29.76,14.65,15.11,70.70458333333333,3.1604166666666664,4
TNP_0007,2021-02-07,6.47371,6.4801400000000005,0.9990077374871528,21.06,30.49,14.03,16.46,63.125416666666666,3.2616666666666667,4
TNP_0007,2021-02-08,6.60703,6.61179,0.9992800739285428,21.175833333333333,30.02,13.68,16.34,66.43541666666667,3.5975,4
TNP_0007,2021-02-09,6.51454,6.539059999999999,0.9962502255675894,21.085416666666667,29.99,14.62,15.37,67.87666666666667,3.3791666666666664,4
TNP_0007,2021-02-10,6.60441,6.61475,0.9984368267886164,20.411666666666665,29.98,13.81,16.17,64.91708333333334,3.2183333333333333,4
TNP_0007,2021-02-11,6.66336,6.67646,0.9980378823508268,20.57958333333333,30.25,13.68,16.57,65.86083333333333,3.0500000000000003,4
TNP_0007,2021-02-12,6.78524,6.79579,0.9984475682738873,20.945833333333333,30.48,13.84,16.64,67.16666666666667,3.015833333333333,4
TNP_0007,2021-02-13,6.77352,6.802560000000001,0.9957310189105276,21.75916666666667,30.74,14.64,16.099999999999998,67.08916666666667,2.5591666666666666,4
TNP_0007,2021-02-14,5.99121,6.062,0.9883223358627514,23.210833333333337,31.72,14.79,16.93,62.81666666666666,1.9079166666666667,4
TNP_0007,2021-02-15,6.16625,6.21187,0.9926559956985576,24.092916666666667,32.46,15.89,16.57,66.14583333333333,1.6266666666666667,4
TNP_0007,2021-02-16,4.72236,5.29086,0.8925505494380876,24.67,31.75,17.86,13.89,70.49791666666667,1.7341666666666666,4
TNP_0007,2021-02-17,5.70176,6.03196,0.945258257680754,24.442916666666665,31.4,18.94,12.459999999999996,70.135,2.3091666666666666,4
TNP_0007,2021-02-18,5.18322,5.70345,0.908786786944744,23.13583333333333,29.05,18.16,10.89,73.15166666666667,2.7745833333333336,4
TNP_0007,2021-02-19,5.7415,5.90958,0.9715580464263112,24.319166666666664,31.28,17.91,13.37,67.93625,2.373333333333333,4
TNP_0007,2021-02-20,5.58605,6.43303,0.8683388698638124,24.33666666666667,30.59,19.91,10.68,76.98083333333334,2.5116666666666667,4
TNP_0007,2021-02-21,5.60258,6.6974,0.8365305939618359,23.8975,28.68,19.78,8.899999999999999,78.12833333333333,2.76125,4
TNP_0007,2021-02-22,6.21111,6.7098,0.9256773674327102,23.987916666666667,30.54,19.1,11.439999999999998,74.36625,2.966666666666667,4
TNP_0007,2021-02-23,6.52044,6.59952,0.9880173103498436,24.50208333333333,32.34,18.66,13.680000000000003,70.35541666666667,2.7841666666666662,4
TNP_0007,2021-02-24,6.5152600000000005,6.6784300000000005,0.9755676109504778,24.36708333333333,32.87,18.03,14.839999999999996,63.82125,2.651666666666667,4
TNP_0007,2021-02-25,6.19924,6.673019999999999,0.9290006623687628,25.7125,33.69,17.78,15.909999999999997,62.26958333333334,1.9454166666666663,4
TNP_0007,2021-02-26,6.05572,6.62982,0.9134063971570872,26.75333333333333,34.54,19.21,15.329999999999998,59.87625,1.6483333333333334,4
TNP_0007,2021-02-27,6.3535900000000005,6.69554,0.9489286898442844,26.56833333333333,34.8,18.66,16.139999999999997,57.90541666666667,1.7275,4
TNP_0007,2021-02-28,6.79687,6.88404,0.9873373774702066,24.79583333333333,33.96,17.47,16.490000000000002,55.44166666666666,2.7904166666666668,4
TNP_0007,2021-03-01,6.82347,6.947550000000001,0.9821404667832544,24.737916666666667,33.38,17.15,16.230000000000004,56.93416666666667,2.4483333333333333,4
TNP_0007,2021-03-02,6.57685,6.60781,0.9953146352573696,24.430833333333336,33.52,16.97,16.550000000000004,58.25541666666667,2.9779166666666668,4
TNP_0007,2021-03-03,6.97689,6.99054,0.9980473611480658,23.836250000000003,33.07,16.46,16.61,60.592083333333335,3.7145833333333336,4
TNP_0007,2021-03-04,7.03379,7.12921,0.98661562781851,23.60375,32.44,16.2,16.24,62.02625,3.279583333333333,4
TNP_0007,2021-03-05,7.1909,7.2195,0.996038506821802,24.508750000000003,33.9,17.12,16.779999999999998,55.345,2.56,4
TNP_0007,2021-03-06,6.964060000000001,7.03741,0.9895771313594064,25.85333333333333,35.13,17.61,17.520000000000003,56.29291666666666,2.067916666666666,4
TNP_0007,2021-03-07,7.11343,7.148680000000001,0.995069019735112,26.06375,34.82,18.4,16.42,57.96541666666667,2.4854166666666666,4
TNP_0007,2021-03-08,7.10887,7.21352,0.9854925196020804,26.144583333333333,34.48,19.65,14.829999999999998,60.162083333333335,2.748333333333333,4
TNP_0007,2021-03-09,6.92362,7.18031,0.9642508471082724,26.267916666666665,34.3,20.1,14.199999999999996,61.40375,2.922083333333333,4
TNP_0007,2021-03-10,6.93034,7.1704300000000005,0.9665166524183348,26.55,34.6,19.8,14.8,65.2325,2.752083333333333,4
TNP_0007,2021-03-11,5.97254,6.9743,0.8563640795492021,24.450833333333332,28.76,20.18,8.580000000000002,77.12,2.0541666666666667,4
TNP_0007,2021-03-12,6.86023,7.27578,0.9428858486650228,24.7175,32.75,18.04,14.71,65.60833333333333,2.91,4
TNP_0007,2021-03-13,7.06271,7.23171,0.9766307000695548,25.23875,33.25,17.63,15.62,62.39208333333334,2.94875,4
TNP_0007,2021-03-14,7.29534,7.32239,0.9963058509584986,25.62333333333333,34.09,18.97,15.120000000000005,61.4675,2.85625,4
TNP_0007,2021-03-15,6.83779,7.1388,0.957834650081246,25.90375,34.37,18.83,15.54,58.78083333333333,2.68625,4
TNP_0007,2021-03-16,7.0294,7.08046,0.99278860413024,26.42875,34.81,18.56,16.250000000000004,56.94083333333333,2.1879166666666667,4
TNP_0007,2021-03-17,6.84008,6.88266,0.9938134384089872,25.7675,33.73,19.26,14.469999999999995,56.34791666666666,2.9720833333333334,4
TNP_0007,2021-03-18,6.3926300000000005,6.64201,0.9624541366243052,25.87875,34.66,18.99,15.669999999999998,53.54333333333333,3.02125,4
TNP_0007,2021-03-19,6.6032,6.99412,0.944107335876422,24.815416666666668,32.19,18.65,13.54,54.60916666666666,2.6329166666666666,4
TNP_0007,2021-03-20,5.17175,6.68592,0.7735285495489028,26.844166666666663,34.65,19.43,15.22,56.150416666666665,1.5316666666666665,4
TNP_0007,2021-03-21,6.45324,6.86499,0.94002176259543,26.495416666666667,34.77,19.67,15.1,56.61333333333334,2.441666666666667,4
TNP_0007,2021-03-22,6.24011,6.90666,0.9034917022120678,26.25,34.65,19.34,15.31,58.401250000000005,2.4854166666666666,4
TNP_0007,2021-03-23,6.66666,6.97766,0.9554291839957808,27.151666666666667,35.75,19.52,16.23,55.87041666666667,2.783333333333333,4
TNP_0007,2021-03-24,6.5552600000000005,6.74537,0.9718162235726135,27.87333333333333,35.97,20.44,15.529999999999998,58.49458333333333,2.1633333333333336,4
TNP_0007,2021-03-25,5.36397,6.18592,0.8671256660286586,25.995833333333334,31.9,20.81,11.09,63.63791666666666,2.06,4
TNP_0007,2021-03-26,6.7016800000000005,6.91134,0.9696643487370034,27.172083333333333,34.99,20.43,14.560000000000002,60.42249999999999,3.2325,4
TNP_0007,2021-03-27,6.25845,6.765689999999999,0.9250276025061748,28.368333333333336,36.28,20.39,15.89,55.94583333333333,2.4520833333333334,4
TNP_0007,2021-03-28,5.21761,6.52571,0.7995467159895244,27.557916666666667,33.92,22.66,11.260000000000002,63.07541666666666,1.7945833333333334,4
TNP_0007,2021-03-29,5.819310000000001,6.50126,0.8951049488868312,27.77375,34.97,22.36,12.61,64.05958333333334,2.5420833333333333,4
TNP_0007,2021-03-30,6.46069,6.8068100000000005,0.9491509238541987,28.812083333333334,36.91,22.12,14.789999999999996,63.04291666666666,2.5191666666666666,4
TNP_0007,2021-03-31,5.8779,6.7781400000000005,0.8671848029105328,29.129166666666663,37.82,22.95,14.87,64.79833333333333,3.5341666666666662,4
TNP_0007,2021-04-01,5.174300000000001,6.65704,0.7772673740881834,28.942916666666665,38.62,22.78,15.839999999999996,63.395,3.415833333333333,4
TNP_0007,2021-04-02,6.94456,7.233890000000001,0.9600035388981584,28.043333333333333,36.98,21.92,15.059999999999995,61.376666666666665,3.4462500000000005,4
TNP_0007,2021-04-03,6.5071900000000005,7.14225,0.9110840421435824,27.79875,36.16,21.61,14.549999999999995,59.26458333333333,3.99625,4
TNP_0007,2021-04-04,6.79728,7.12692,0.953747200754323,29.17083333333333,38.89,21.92,16.97,57.58583333333333,2.53375,4
TNP_0007,2021-04-05,6.47675,6.5896300000000005,0.9828700549196236,30.579166666666666,38.95,22.2,16.750000000000004,51.6775,1.5041666666666669,4
TNP_0007,2021-04-06,6.0058,6.38511,0.9405946021290158,29.85,37.43,23.39,14.04,50.11625,2.428333333333333,4
TNP_0007,2021-04-07,6.42816,6.696359999999999,0.9599483898715124,29.530416666666667,37.64,22.71,14.93,45.60458333333333,2.734166666666667,4
TNP_0007,2021-04-08,5.53383,6.5242,0.8482005456607707,29.06583333333333,36.74,22.72,14.020000000000003,46.74916666666667,1.95875,4
TNP_0007,2021-04-09,5.9349300000000005,6.61175,0.8976337580822022,28.964166666666667,36.47,22.52,13.95,45.84791666666666,2.804583333333333,4
TNP_0007,2021-04-10,6.41292,6.80036,0.9430265456534654,29.09125,36.78,22.32,14.46,50.05625,2.57875,4
TNP_0007,2021-04-11,4.265680000000001,6.72199,0.6345858890001325,29.457916666666662,36.7,22.99,13.710000000000004,54.07416666666666,1.6825,4
TNP_0007,2021-04-12,5.28536,6.84486,0.7721648068769851,28.155833333333334,34.41,23.37,11.039999999999996,65.3725,1.9258333333333333,4
TNP_0007,2021-04-13,5.819520000000001,6.9202200000000005,0.8409443630404814,26.86125,32.3,22.92,9.379999999999995,69.65708333333333,1.5883333333333332,4
TNP_0007,2021-04-14,4.98085,6.84896,0.7272418002149231,26.839166666666667,32.05,22.66,9.389999999999995,73.82000000000001,1.0958333333333334,4
TNP_0007,2021-04-15,5.13957,7.168100000000001,0.7170059011453522,25.71166666666667,30.24,22.57,7.669999999999998,79.10166666666667,1.7908333333333333,4
TNP_0007,2021-04-16,6.25954,7.08673,0.8832762077855372,25.006666666666664,29.82,22.38,7.440000000000001,81.34083333333334,1.4916666666666665,4
TNP_0007,2021-04-17,6.30563,6.92582,0.9104524807170848,25.822916666666668,30.5,22.57,7.93,78.04958333333333,1.3304166666666666,4
TNP_0007,2021-04-18,3.86887,6.64448,0.5822682888653439,26.14708333333333,31.23,22.47,8.760000000000002,76.46541666666667,1.5804166666666666,4
TNP_0007,2021-04-19,6.36774,6.83547,0.931573103239426,25.92375,30.5,22.44,8.059999999999999,78.64916666666666,2.0925,4
TNP_0007,2021-04-20,3.18822,6.39454,0.4985847300978647,24.52958333333333,27.84,21.93,5.91,85.91208333333333,1.6049999999999998,4
TNP_0007,2021-04-21,5.9142600000000005,6.57705,0.8992268570255663,26.291666666666668,31.35,21.86,9.490000000000002,77.13416666666667,1.6391666666666664,4
TNP_0007,2021-04-22,6.01694,6.72429,0.894806737960439,27.212083333333336,33.65,22.35,11.299999999999995,72.45791666666666,1.893333333333333,4
TNP_0007,2021-04-23,5.185149999999999,6.63813,0.7811160673261897,27.0825,33.52,22.49,11.030000000000005,72.60333333333334,1.3979166666666665,4
TNP_0007,2021-04-24,5.8548,6.44489,0.9084406405695056,27.656666666666663,33.44,22.41,11.029999999999998,70.44083333333333,0.9445833333333332,4
TNP_0007,2021-04-25,5.21447,6.42333,0.8118016667367238,27.20958333333333,32.16,22.73,9.429999999999996,73.36874999999999,1.3783333333333332,4
TNP_0007,2021-04-26,5.14063,6.338970000000001,0.8109566696166727,26.557916666666667,30.76,22.85,7.91,73.545,0.8704166666666667,4
TNP_0007,2021-04-27,5.0717300000000005,6.70234,0.7567103429548486,26.276666666666667,30.67,22.53,8.14,74.89916666666666,1.07125,4
TNP_0007,2021-04-28,6.17423,6.5901000000000005,0.936894736043459,27.93208333333333,34.88,22.48,12.400000000000002,68.05208333333333,1.7520833333333332,4
TNP_0007,2021-04-29,6.1613500000000005,6.8716800000000005,0.8966293541026358,27.44333333333333,32.9,22.83,10.07,72.37125,1.5879166666666666,4
TNP_0007,2021-04-30,5.133439999999999,6.41375,0.8003804326641979,27.449166666666667,31.54,23.42,8.119999999999997,71.54416666666667,1.163333333333333,4
TNP_0007,2021-05-01,5.87213,6.66262,0.8813544821706777,27.477500000000003,32.64,23.16,9.48,72.71041666666666,1.905,4
TNP_0007,2021-05-02,6.045139999999999,6.88326,0.8782379279585544,27.10833333333333,31.7,23.0,8.7,73.09708333333333,1.5504166666666668,4
TNP_0007,2021-05-03,5.2241,6.87835,0.7594990077562206,26.8325,31.38,23.01,8.369999999999997,74.49875,1.85125,4
TNP_0007,2021-05-04,4.76172,6.95116,0.6850252331984878,27.196250000000003,31.97,22.65,9.32,73.48458333333333,1.2125,4
TNP_0007,2021-05-05,6.10744,7.015680000000001,0.8705414158000363,27.74125,33.65,23.17,10.479999999999997,69.51166666666667,1.88,4
TNP_0007,2021-05-06,5.92196,7.14571,0.8287433998860855,28.64208333333333,35.44,23.06,12.38,68.45041666666667,1.8533333333333333,4
TNP_0007,2021-05-07,5.9211800000000006,7.14463,0.8287595018916305,27.819166666666664,34.56,22.54,12.020000000000003,72.1275,1.97875,4
TNP_0007,2021-05-08,6.1298,7.1581,0.8563445607074504,26.74375,31.54,22.51,9.029999999999998,74.86708333333333,2.3158333333333334,4
TNP_0007,2021-05-09,6.18812,7.23056,0.8558285941891084,28.101250000000004,34.09,23.27,10.820000000000004,72.47791666666667,1.465,4
TNP_0007,2021-05-10,4.9840100000000005,6.686310000000001,0.7454051636852016,26.56041666666667,31.17,23.15,8.020000000000003,81.47666666666667,2.0104166666666665,4
TNP_0007,2021-05-11,5.45959,6.922689999999999,0.7886515213016907,26.684583333333336,31.36,23.01,8.349999999999998,78.90833333333333,2.33875,4
TNP_0007,2021-05-12,4.94467,6.93854,0.7126383936678322,26.55375,31.17,23.09,8.080000000000002,80.3175,2.735416666666667,4
TNP_0007,2021-05-13,3.40162,6.68254,0.509030997195677,26.662916666666664,33.11,21.94,11.169999999999998,77.80916666666667,3.06125,4
TNP_0007,2021-05-14,1.87602,6.54573,0.2866021054947271,25.49875,30.61,21.68,8.93,80.38041666666668,3.783333333333333,4
TNP_0007,2021-05-15,1.18946,6.85672,0.1734736142062093,24.3925,26.87,22.68,4.190000000000001,90.55375,4.49125,4
TNP_0007,2021-05-16,2.08592,6.90747,0.301980319856619,24.68,29.32,21.52,7.800000000000001,85.30791666666667,4.320416666666667,4
TNP_0007,2021-05-17,5.02756,7.039599999999999,0.7141826240127281,25.352500000000003,30.59,21.53,9.06,84.11416666666666,3.279583333333333,4
TNP_0007,2021-05-18,5.142480000000001,7.20402,0.7138347755836326,25.099166666666665,28.83,22.5,6.329999999999998,87.54166666666667,3.017916666666667,4
TNP_0007,2021-05-19,5.207190000000001,7.10126,0.7332769114213535,25.23708333333333,29.13,22.52,6.609999999999999,88.32708333333333,3.2175,4
TNP_0007,2021-05-20,5.09708,6.98412,0.7298099116280935,23.953333333333333,27.5,20.94,6.559999999999999,88.67666666666666,2.7779166666666666,4
TNP_0007,2021-05-21,2.71725,6.78395,0.400540982760781,23.45833333333333,26.76,20.89,5.870000000000001,86.86833333333334,2.7433333333333336,4
TNP_0007,2021-05-22,5.04948,7.01638,0.7196702573121753,24.222916666666663,28.44,20.95,7.490000000000002,86.04583333333333,3.815833333333333,4
TNP_0007,2021-05-23,5.01504,6.90858,0.725914732115717,25.13458333333333,30.08,21.11,8.969999999999999,83.10458333333334,3.6529166666666666,4
TNP_0007,2021-05-24,5.870939999999999,6.8721000000000005,0.8543152748068275,24.620416666666667,27.48,21.91,5.57,86.28375,3.535833333333333,4
TNP_0007,2021-05-25,5.4093,6.80449,0.7949603864507113,24.094583333333333,28.62,21.26,7.359999999999999,82.86874999999999,5.108333333333333,4
TNP_0007,2021-05-26,3.1682200000000003,6.71584,0.4717533473102397,23.505,26.58,21.33,5.25,85.33916666666666,5.152083333333334,4
TNP_0007,2021-05-27,6.039020000000001,6.91982,0.8727134520840139,24.47833333333333,28.61,21.33,7.280000000000001,84.17041666666667,4.2775,4
TNP_0007,2021-05-28,6.12809,7.00418,0.874918976953762,25.03125,30.32,21.2,9.12,82.81916666666667,3.6766666666666654,4
TNP_0007,2021-05-29,4.7409,6.8646,0.6906301896687352,24.56125,29.54,20.55,8.989999999999998,82.12333333333333,3.7429166666666656,4
TNP_0007,2021-05-30,5.96048,7.07655,0.8422861422585866,24.32625,29.11,20.49,8.620000000000001,82.65916666666666,4.164166666666667,4
TNP_0007,2021-05-31,6.07328,7.11571,0.8535030235914617,24.97,29.98,21.09,8.89,82.59791666666666,4.251666666666666,4
TNP_0007,2021-06-01,5.5699,7.072310000000001,0.7875644591371135,25.1375,30.2,21.8,8.399999999999999,83.81708333333334,3.9304166666666656,4
TNP_0007,2021-06-02,5.78626,7.06516,0.8189849911396204,26.16,31.77,21.98,9.79,81.93416666666667,3.0379166666666664,4
TNP_0007,2021-06-03,5.769610000000001,6.56822,0.8784130251422761,24.87625,27.37,23.05,4.32,91.005,2.178333333333333,4
TNP_0007,2021-06-04,4.40569,6.59216,0.6683226742069367,24.785,27.93,21.4,6.530000000000001,88.7075,2.5141666666666667,4
TNP_0007,2021-06-05,2.56251,6.673430000000001,0.3839869452440498,23.85833333333333,28.91,20.0,8.91,83.99291666666666,2.619166666666666,4
TNP_0007,2021-06-06,5.91884,6.88637,0.8595007238937205,24.815,29.61,19.8,9.81,84.45,2.9345833333333338,4
TNP_0007,2021-06-07,6.24973,7.01456,0.8909653634725484,25.064166666666665,30.21,21.17,9.04,81.59708333333333,2.96625,4
TNP_0007,2021-06-08,5.98268,6.91162,0.8655973563361412,25.19083333333333,30.3,21.03,9.27,81.83208333333333,3.613333333333333,4
TNP_0007,2021-06-09,5.343850000000001,6.99391,0.7640718853974388,24.83333333333333,29.47,21.49,7.98,84.98208333333334,3.8541666666666665,4
TNP_0007,2021-06-10,5.35127,7.0599,0.7579809912321703,24.839166666666667,29.77,21.46,8.309999999999999,83.06083333333333,4.14875,4
TNP_0007,2021-06-11,5.7463,7.127680000000001,0.8061950031426774,24.72583333333333,28.71,21.49,7.220000000000002,84.41333333333333,4.22875,4
TNP_0007,2021-06-12,3.60756,7.003190000000001,0.5151309617474321,24.200833333333332,27.71,21.35,6.359999999999999,83.49916666666667,5.37375,4
TNP_0007,2021-06-13,3.31723,6.97757,0.4754133602385931,23.984583333333333,28.62,21.36,7.260000000000002,83.60333333333334,5.507083333333333,4
TNP_0007,2021-06-14,2.32914,7.020519999999999,0.331761749841892,23.071250000000003,26.87,20.03,6.84,80.8925,6.46,4
TNP_0007,2021-06-15,3.68679,6.79408,0.542647422461908,24.67458333333333,28.02,22.26,5.759999999999998,84.57125,5.947500000000001,4
TNP_0007,2021-06-16,3.70926,6.72297,0.5517293696089675,24.65,28.34,22.14,6.199999999999999,85.86958333333332,5.895,4
TNP_0007,2021-06-17,4.70407,6.482489999999999,0.7256578876326844,24.24208333333333,27.4,22.0,5.399999999999999,87.15666666666665,5.7,4
TNP_0007,2021-06-18,4.69097,6.3234200000000005,0.7418406495219358,23.77625,27.23,21.62,5.609999999999999,86.91208333333333,4.899166666666667,4
TNP_0007,2021-06-19,5.04921,6.70628,0.7529077223140103,23.97375,28.13,21.61,6.52,85.62208333333332,4.444583333333333,4
TNP_0007,2021-06-20,5.426,6.819100000000001,0.7957061782346644,24.42833333333333,28.65,21.23,7.419999999999998,86.00333333333333,3.6208333333333336,4
TNP_0007,2021-06-21,5.7712200000000005,6.62291,0.8714024499804467,24.72958333333333,28.58,21.34,7.239999999999998,85.85916666666667,3.123333333333333,4
TNP_0007,2021-06-22,5.1007,6.5679,0.776610484325279,24.199166666666667,27.94,21.87,6.07,86.20791666666666,2.875833333333333,4
TNP_0007,2021-06-23,4.99688,6.6838500000000005,0.7476050479888088,24.734166666666667,29.19,21.66,7.530000000000001,85.71499999999999,2.574583333333333,4
TNP_0007,2021-06-24,4.63137,6.77629,0.6834669118352372,24.258750000000003,28.69,20.83,7.860000000000003,84.55291666666666,3.39875,4
TNP_0007,2021-06-25,6.13607,6.84557,0.8963563297139611,24.45,30.05,20.72,9.330000000000002,82.13291666666667,3.330416666666667,4
TNP_0007,2021-06-26,4.59786,6.8392,0.6722803836706047,24.095416666666665,28.52,20.82,7.699999999999999,84.85208333333334,3.744166666666666,4
TNP_0007,2021-06-27,5.19703,6.65665,0.7807275431335582,23.811666666666667,29.67,19.86,9.810000000000002,77.39999999999999,3.1558333333333333,4
TNP_0007,2021-06-28,4.91858,6.78596,0.7248171224115674,23.179166666666664,27.82,19.67,8.149999999999999,82.63875,2.6962500000000005,4
TNP_0007,2021-06-29,5.49693,6.74643,0.8147909338716921,24.71375,29.9,19.75,10.15,83.64999999999999,2.5725,4
TNP_0007,2021-06-30,5.9764,6.89796,0.8664010808992804,25.49208333333333,30.55,21.23,9.32,82.59583333333333,2.8370833333333336,4
TNP_0007,2021-07-01,3.85504,6.65304,0.5794403761288073,25.08833333333333,28.7,22.28,6.419999999999998,87.01666666666667,2.877083333333333,4
TNP_0007,2021-07-02,4.8493,6.84061,0.7088987677999478,24.48125,28.29,21.71,6.579999999999998,86.83333333333333,3.1341666666666668,4
TNP_0007,2021-07-03,5.39395,6.84837,0.7876253765494563,24.113333333333333,27.36,21.06,6.300000000000001,87.68624999999999,2.876666666666667,4
TNP_0007,2021-07-04,5.27788,6.856109999999999,0.7698067854803964,23.88625,27.26,20.87,6.390000000000001,85.27291666666666,1.7245833333333334,4
TNP_0007,2021-07-05,5.248729999999999,7.097060000000001,0.7395639884684642,24.300416666666667,28.4,20.98,7.419999999999998,83.4275,2.89,4
TNP_0007,2021-07-06,5.79443,6.91046,0.8385013443388719,24.738333333333333,28.29,21.47,6.82,86.13041666666668,2.1966666666666668,4
TNP_0007,2021-07-07,5.12934,6.98856,0.7339623613448264,24.66125,28.93,21.32,7.609999999999999,85.15458333333333,2.94125,4
TNP_0007,2021-07-08,5.80321,7.064229999999999,0.8214922220822369,24.96583333333333,29.18,21.36,7.82,85.48541666666667,3.709583333333333,4
TNP_0007,2021-07-09,3.83117,6.75908,0.566818265207691,23.376666666666665,26.23,21.21,5.02,88.71666666666665,5.577083333333333,4
TNP_0007,2021-07-10,2.17023,6.70267,0.3237858942779519,23.080416666666668,26.26,21.03,5.23,85.05583333333333,7.1691666666666665,4
TNP_0007,2021-07-11,3.31089,6.87806,0.4813697467018316,23.401666666666667,26.68,21.06,5.620000000000001,83.60916666666667,6.329583333333333,4
TNP_0007,2021-07-12,3.26144,6.85983,0.4754403534781474,23.375,26.61,21.49,5.120000000000001,86.68416666666667,6.277916666666666,4
TNP_0007,2021-07-13,2.50971,7.09811,0.3535744022000223,23.680833333333336,27.64,21.1,6.539999999999999,84.81291666666667,6.5,4
TNP_0007,2021-07-14,2.70586,6.63653,0.4077221077882568,23.587083333333336,28.0,21.05,6.949999999999999,83.72416666666666,5.748333333333334,4
TNP_0007,2021-07-15,2.17965,6.69172,0.3257234313450055,23.906666666666663,27.48,21.02,6.460000000000001,85.42708333333333,5.497916666666666,4
TNP_0007,2021-07-16,3.19454,6.9766,0.4578935297996158,23.964166666666667,27.75,21.19,6.559999999999999,85.94666666666666,4.515,4
TNP_0007,2021-07-17,3.9631,6.68909,0.5924722196890757,24.161666666666665,28.12,21.21,6.91,86.83875,3.8341666666666665,4
TNP_0007,2021-07-18,2.72846,7.036770000000001,0.3877432401513762,23.69375,27.21,21.47,5.740000000000002,88.35291666666666,4.5925,4
TNP_0007,2021-07-19,4.646739999999999,6.82266,0.6810745369108235,23.564166666666665,26.87,21.27,5.600000000000001,88.41791666666667,4.960416666666666,4
TNP_0007,2021-07-20,4.85163,7.1162600000000005,0.6817668269568565,24.212083333333336,29.01,21.21,7.800000000000001,84.94208333333333,5.549166666666667,4
TNP_0007,2021-07-21,3.40601,6.84123,0.4978651499803398,24.05333333333333,27.85,21.35,6.5,85.78708333333333,6.058333333333334,4
TNP_0007,2021-07-22,3.62088,6.700009999999999,0.5404290441357551,23.6175,26.95,21.54,5.41,87.26208333333334,7.40625,4
TNP_0007,2021-07-23,3.2505900000000003,6.66277,0.4878736621555299,23.880416666666665,27.09,21.69,5.399999999999999,87.38625,6.930416666666667,4
TNP_0007,2021-07-24,3.60406,6.76003,0.5331426043967261,23.570833333333336,26.77,21.01,5.759999999999998,87.98291666666667,5.4375,4
TNP_0007,2021-07-25,3.64452,6.941529999999999,0.5250312251045519,23.3725,27.41,21.03,6.379999999999999,86.08041666666666,5.1120833333333335,4
TNP_0007,2021-07-26,5.17923,7.01713,0.738083803492311,24.234166666666667,28.83,21.31,7.52,85.63333333333333,4.51875,4
TNP_0007,2021-07-27,4.4161,7.0347,0.6277595348771092,24.00583333333333,28.0,21.44,6.559999999999999,87.44875,4.493333333333333,4
TNP_0007,2021-07-28,4.76658,7.0595,0.6752007932573129,23.866666666666664,27.52,21.08,6.440000000000001,85.495,4.6225,4
TNP_0007,2021-07-29,5.30485,7.22683,0.7340493688103913,24.021666666666665,28.35,20.95,7.400000000000002,86.21541666666667,4.484166666666667,4
TNP_0007,2021-07-30,4.86707,7.23709,0.6725175450353664,23.857916666666668,27.61,20.91,6.699999999999999,86.37541666666668,4.343333333333333,4
TNP_0007,2021-07-31,5.494560000000001,7.33498,0.7490899770687856,24.14208333333333,28.79,20.94,7.849999999999998,85.70166666666667,4.147083333333334,4
TNP_0007,2021-08-01,5.344309999999999,6.9851,0.7651014301871124,24.075,29.06,20.61,8.45,84.3325,4.31,4
TNP_0007,2021-08-02,4.89304,6.9876000000000005,0.7002461503234301,23.836250000000003,28.45,20.74,7.710000000000001,84.66625,4.757083333333333,4
TNP_0007,2021-08-03,4.77231,7.02118,0.6797019874152208,23.857916666666668,27.6,20.78,6.82,85.18625,4.410416666666666,4
TNP_0007,2021-08-04,4.76115,7.030729999999999,0.6771914154006767,23.750833333333333,27.88,20.83,7.050000000000001,86.19749999999999,4.99,4
TNP_0007,2021-08-05,4.11011,6.94586,0.591735220692614,24.16625,28.21,20.79,7.420000000000002,85.06583333333333,5.086250000000001,4
TNP_0007,2021-08-06,4.70999,6.73484,0.6993469778049664,24.714583333333334,28.83,21.87,6.959999999999997,85.74624999999999,5.242083333333333,4
TNP_0007,2021-08-07,3.20129,6.80321,0.4705558111538523,24.223333333333333,27.66,21.66,6.0,87.36708333333333,4.4816666666666665,4
TNP_0007,2021-08-08,4.785819999999999,6.829149999999999,0.7007929244488699,23.790000000000003,28.27,20.73,7.539999999999999,86.90791666666667,3.660833333333333,4
TNP_0007,2021-08-09,5.32458,6.8608,0.7760873367537313,23.48625,28.22,20.32,7.899999999999999,84.93291666666666,3.82625,4
TNP_0007,2021-08-10,4.26267,6.77545,0.6291345962260809,22.605,25.62,20.26,5.359999999999999,87.3725,4.039583333333334,4
TNP_0007,2021-08-11,4.62744,6.66234,0.6945667738362197,23.436666666666667,27.32,20.64,6.68,85.60374999999999,4.4375,4
TNP_0007,2021-08-12,4.10292,6.602609999999999,0.6214088065174227,23.022916666666664,26.89,20.38,6.510000000000002,85.49708333333332,3.8866666666666663,4
TNP_0007,2021-08-13,3.56954,6.77567,0.5268172741588655,24.035833333333333,28.83,20.49,8.34,85.44666666666666,3.639583333333333,4
TNP_0007,2021-08-14,3.76232,6.761100000000001,0.5564656638712635,23.844583333333333,28.43,20.92,7.509999999999998,85.66083333333334,4.15125,4
TNP_0007,2021-08-15,5.10489,6.7148,0.7602445344611902,23.839583333333334,28.27,21.01,7.259999999999998,85.15333333333334,4.169583333333333,4
TNP_0007,2021-08-16,4.18606,6.94557,0.6026949552016609,23.9475,28.59,20.92,7.669999999999998,82.91833333333334,3.967916666666667,4
TNP_0007,2021-08-17,4.21171,6.940860000000001,0.6067994456018418,23.27916666666667,27.79,19.9,7.890000000000001,85.04666666666667,4.022916666666666,4
TNP_0007,2021-08-18,3.7824,6.93463,0.5454364544323201,22.470416666666665,27.53,18.75,8.780000000000001,84.87708333333333,4.248333333333333,4
TNP_0007,2021-08-19,4.70675,7.0195,0.6705249661656814,22.98125,28.09,18.57,9.52,81.96499999999999,4.1762500000000005,4
TNP_0007,2021-08-20,5.15855,6.94056,0.7432469426098183,24.260416666666668,29.62,19.37,10.25,79.07375,2.5770833333333334,4
TNP_0007,2021-08-21,4.11966,6.7972600000000005,0.6060765661457704,24.605833333333333,29.98,20.15,9.830000000000002,78.90041666666667,1.6116666666666666,4
TNP_0007,2021-08-22,5.18722,6.9721,0.7439967871946759,24.14625,29.21,20.16,9.05,81.85958333333333,1.60625,4
TNP_0007,2021-08-23,4.7587,6.63807,0.716880057004521,23.607916666666668,27.9,20.07,7.829999999999998,84.65708333333333,2.4029166666666666,4
TNP_0007,2021-08-24,5.85828,6.9955,0.8374354942463011,23.99,29.66,20.24,9.420000000000002,83.56166666666667,3.1575,4
TNP_0007,2021-08-25,5.57467,7.12359,0.782564689994792,24.55666666666667,29.53,20.26,9.27,83.99208333333333,3.035,4
TNP_0007,2021-08-26,4.48525,7.13413,0.6287031495080689,24.2475,27.34,21.94,5.399999999999999,89.62,3.878333333333333,4
TNP_0007,2021-08-27,2.48045,7.02607,0.3530351960626637,23.87625,26.35,22.08,4.270000000000003,90.35208333333333,4.166666666666667,4
TNP_0007,2021-08-28,4.11542,6.940519999999999,0.5929555710523132,23.5775,26.81,21.79,5.02,88.97041666666667,3.974166666666666,4
TNP_0007,2021-08-29,2.42756,6.84663,0.3545627556914862,23.23375,26.42,20.94,5.48,88.36041666666667,4.736666666666667,4
TNP_0007,2021-08-30,4.88926,6.95577,0.7029070828966455,23.4375,27.05,20.88,6.170000000000002,87.35374999999999,4.025416666666667,4
TNP_0007,2021-08-31,5.6291,6.885260000000001,0.8175580878572486,24.519166666666667,29.22,20.95,8.27,84.49166666666666,3.4762500000000003,4
TNP_0007,2021-09-01,5.14905,6.94189,0.7417360401850217,23.95208333333333,28.05,21.26,6.789999999999999,86.16208333333333,2.740833333333333,4
TNP_0007,2021-09-02,4.369890000000001,6.89659,0.63363053335054,23.07958333333333,26.13,20.79,5.34,89.07458333333334,2.619166666666666,4
TNP_0007,2021-09-03,3.77132,6.76935,0.5571170053254744,23.84958333333333,28.97,20.66,8.309999999999999,83.56458333333333,3.245,4
TNP_0007,2021-09-04,2.45289,6.75129,0.3633216763018623,23.8575,27.56,20.58,6.98,87.2325,3.96125,4
TNP_0007,2021-09-05,3.3927000000000005,6.9983900000000006,0.4847829286450169,23.74458333333333,28.85,20.44,8.41,82.42666666666666,5.213333333333334,4
TNP_0007,2021-09-06,3.16533,6.85605,0.4616842059203185,22.874583333333334,26.93,20.37,6.559999999999999,86.31833333333333,4.827916666666667,4
TNP_0007,2021-09-07,4.45316,6.9790600000000005,0.6380744684814286,23.830416666666665,27.68,20.77,6.91,86.44541666666667,4.860833333333333,4
TNP_0007,2021-09-08,5.04654,6.883769999999999,0.7331070038656144,23.5275,27.29,20.92,6.369999999999997,87.49666666666667,4.509166666666666,4
TNP_0007,2021-09-09,5.6293500000000005,7.14711,0.7876400391207077,24.116666666666664,28.69,20.89,7.800000000000001,85.76916666666666,3.3995833333333336,4
TNP_0007,2021-09-10,5.75095,7.12093,0.8076122079559832,23.93875,28.24,20.78,7.459999999999997,85.95625,3.560833333333333,4
TNP_0007,2021-09-11,4.1317200000000005,6.97636,0.5922458130027695,23.532083333333333,26.63,21.24,5.390000000000001,89.18875000000001,4.58375,4
TNP_0007,2021-09-12,4.318779999999999,7.01884,0.615312501780921,23.81583333333333,27.4,21.68,5.719999999999999,87.45708333333333,5.595,4
TNP_0007,2021-09-13,2.9135500000000003,6.70742,0.4343771524669694,23.490416666666665,26.43,21.7,4.73,89.88166666666666,5.509166666666666,4
TNP_0007,2021-09-14,4.82875,6.84998,0.7049290654863227,24.274583333333336,28.52,21.22,7.300000000000001,87.26458333333333,3.813333333333333,4
TNP_0007,2021-09-15,4.74917,6.8433,0.6939882805079421,24.09375,28.26,21.13,7.130000000000003,88.17125,3.5275,4
TNP_0007,2021-09-16,4.17611,6.7794300000000005,0.6159972151051046,23.97791666666667,27.88,21.07,6.809999999999999,88.69,3.179583333333333,4
TNP_0007,2021-09-17,6.01675,6.80291,0.8844376891653719,24.33666666666667,28.91,20.85,8.059999999999999,85.75666666666666,2.567916666666666,4
TNP_0007,2021-09-18,5.017060000000001,6.8264,0.7349496074065395,24.9075,29.25,20.64,8.61,82.83125,1.9145833333333333,4
TNP_0007,2021-09-19,5.46598,6.60399,0.8276784186529659,23.62125,26.7,21.3,5.399999999999999,87.63833333333334,1.9554166666666664,4
TNP_0007,2021-09-20,5.09988,6.38974,0.7981357613924823,24.25625,28.36,20.96,7.399999999999999,87.19791666666667,2.0,4
TNP_0007,2021-09-21,5.86807,6.90838,0.8494133212127879,24.0925,28.62,20.11,8.510000000000002,85.46916666666668,2.8991666666666664,4
TNP_0007,2021-09-22,5.85737,6.82625,0.8580655557590184,24.985416666666666,30.55,19.89,10.66,81.6075,2.495416666666667,4
TNP_0007,2021-09-23,5.686599999999999,6.73065,0.8448812521821815,24.635,29.81,21.26,8.549999999999997,84.49291666666666,2.65625,4
TNP_0007,2021-09-24,5.78203,6.89888,0.8381114035901479,25.21083333333333,30.36,21.03,9.329999999999998,82.53875000000001,2.1595833333333334,4
TNP_0007,2021-09-25,5.08411,6.83567,0.7437617673176148,24.743333333333336,29.53,21.43,8.100000000000001,85.14999999999999,3.357083333333333,4
TNP_0007,2021-09-26,4.80049,6.96956,0.6887794925361141,23.795,27.89,21.33,6.560000000000002,86.53458333333333,3.20875,4
TNP_0007,2021-09-27,2.07341,6.81522,0.304232291840909,23.885416666666668,28.04,21.35,6.689999999999998,86.27208333333334,5.5075,4
TNP_0007,2021-09-28,4.16087,6.68153,0.6227420964958625,22.94541666666667,26.47,20.18,6.289999999999999,86.84583333333335,4.66625,4
TNP_0007,2021-09-29,5.1149,6.730020000000001,0.7600126002597317,23.37208333333333,28.36,20.01,8.349999999999998,82.62458333333333,3.1208333333333336,4
TNP_0007,2021-09-30,5.4005600000000005,6.86171,0.7870574536085029,23.76083333333333,28.17,20.11,8.060000000000002,86.61833333333334,2.3366666666666664,4
TNP_0007,2021-10-01,3.65272,6.4013,0.5706215924890257,24.76,29.22,20.79,8.43,86.66833333333334,1.35875,4
TNP_0007,2021-10-02,4.3069,6.52592,0.6599682496874003,24.26375,27.02,21.72,5.300000000000001,88.39208333333333,1.1329166666666668,4
TNP_0007,2021-10-03,4.65617,6.74046,0.6907792643232065,24.773333333333337,28.32,21.6,6.719999999999999,85.17541666666666,1.8716666666666668,4
TNP_0007,2021-10-04,5.02026,6.521979999999999,0.7697447707598001,24.63458333333333,28.37,21.33,7.040000000000003,85.94749999999999,1.6625,4
TNP_0007,2021-10-05,4.41917,6.58029,0.6715767846097969,24.85125,28.71,21.54,7.170000000000002,85.36333333333333,0.8383333333333334,4
TNP_0007,2021-10-06,4.86568,6.48251,0.7505858070407913,23.582916666666662,27.06,20.71,6.349999999999998,89.71875,2.08875,4
TNP_0007,2021-10-07,4.8957,6.652520000000001,0.7359166150571511,24.605,29.74,20.6,9.139999999999995,85.5475,2.5591666666666666,4
TNP_0007,2021-10-08,3.87809,6.646349999999999,0.5834916909281035,24.58583333333333,28.13,21.29,6.84,88.62333333333333,3.8875,4
TNP_0007,2021-10-09,3.28694,6.55251,0.5016306728261384,23.840416666666663,27.01,21.87,5.140000000000001,91.23958333333331,3.4166666666666665,4
TNP_0007,2021-10-10,3.7297,6.57268,0.5674549803124448,23.95458333333333,27.44,21.72,5.720000000000002,89.87666666666667,3.1045833333333337,4
TNP_0007,2021-10-11,3.71995,6.35117,0.5857109792368965,23.30875,26.72,21.62,5.099999999999998,89.95,4.385416666666667,4
TNP_0007,2021-10-12,2.23881,6.70195,0.3340535217362111,22.284166666666668,25.03,20.49,4.540000000000003,91.06583333333332,4.192916666666666,4
TNP_0007,2021-10-13,4.70315,6.64059,0.7082427916796549,23.112916666666667,26.12,20.42,5.699999999999999,90.45666666666666,2.9879166666666666,4
TNP_0007,2021-10-14,3.65601,6.58499,0.555203576618947,24.0775,27.83,21.29,6.539999999999999,90.61,3.208333333333333,4
TNP_0007,2021-10-15,5.06557,6.521019999999999,0.7768063891845142,24.375833333333333,28.61,21.24,7.370000000000001,88.82625,2.3975,4
TNP_0007,2021-10-16,1.741,6.41027,0.2715954242177006,24.57166666666667,27.28,21.6,5.68,92.68125,5.192083333333334,4
TNP_0007,2021-10-17,2.09085,6.15029,0.3399595791417966,23.834166666666665,27.1,21.91,5.190000000000001,91.42625,4.170416666666667,4
TNP_0007,2021-10-18,3.57651,6.40109,0.5587345280256956,23.258750000000003,26.44,20.93,5.510000000000002,91.95791666666666,3.389583333333333,4
TNP_0007,2021-10-19,5.1724,6.31415,0.8191759777642279,23.91625,27.57,20.75,6.82,86.80791666666666,1.6025,4
TNP_0007,2021-10-20,4.09061,5.69489,0.7182948222002532,23.680833333333336,26.64,21.09,5.550000000000001,89.22458333333333,0.91625,4
TNP_0007,2021-10-21,4.87549,5.97102,0.816525484758048,23.488333333333333,26.17,20.81,5.360000000000003,89.37416666666667,1.4779166666666663,4
TNP_0007,2021-10-22,5.34215,6.28576,0.8498813190449525,24.3225,27.54,20.75,6.789999999999999,88.25041666666668,1.5104166666666667,4
TNP_0007,2021-10-23,4.3958,6.24044,0.7044054585894585,24.23708333333333,27.67,20.6,7.07,81.72916666666667,0.83875,4
TNP_0007,2021-10-24,5.555470000000001,6.41799,0.8656090146603533,23.255416666666665,26.99,20.33,6.66,88.93208333333332,1.4566666666666668,4
TNP_0007,2021-10-25,4.81419,5.943020000000001,0.8100578493762429,23.7675,27.09,21.15,5.940000000000001,87.57958333333333,1.09375,4
TNP_0007,2021-10-26,4.1514,5.64926,0.7348573087448621,24.130416666666665,27.61,21.4,6.210000000000001,86.62,1.42875,4
TNP_0007,2021-10-27,3.07789,5.41392,0.5685141265478618,23.639166666666668,27.39,21.33,6.060000000000002,89.06833333333333,1.606666666666667,4
TNP_0007,2021-10-28,4.60623,5.292590000000001,0.8703168014148082,23.27208333333333,26.01,20.62,5.390000000000001,88.67458333333333,1.4095833333333332,4
TNP_0007,2021-10-29,3.0885,6.25846,0.4934920092163247,22.544166666666666,25.79,19.83,5.960000000000001,89.76333333333334,2.1437500000000003,4
TNP_0007,2021-10-30,3.94155,6.29647,0.6259936122938726,22.55333333333333,26.24,19.71,6.529999999999998,91.51666666666668,2.7504166666666667,4
TNP_0007,2021-10-31,3.00018,6.16055,0.4869987257631218,23.11625,26.73,20.15,6.580000000000002,89.50166666666667,2.2470833333333333,4
TNP_0007,2021-11-01,3.48864,6.25501,0.5577353193679946,22.804166666666664,25.79,20.08,5.710000000000001,91.81666666666666,2.5416666666666665,4
TNP_0007,2021-11-02,4.3328500000000005,6.22383,0.6961710072415218,22.54958333333333,24.6,20.64,3.960000000000001,94.3875,3.4279166666666665,4
TNP_0007,2021-11-03,3.85653,6.15244,0.6268293555077336,22.809166666666663,26.15,21.07,5.079999999999998,93.71458333333334,2.5604166666666663,4
TNP_0007,2021-11-04,4.26441,5.97376,0.7138569343261195,23.270416666666662,25.95,20.96,4.989999999999998,91.98375,1.5979166666666669,4
TNP_0007,2021-11-05,4.31854,6.00486,0.719174135616817,22.81458333333333,25.42,20.3,5.120000000000001,91.78458333333332,1.5425000000000002,4
TNP_0007,2021-11-06,4.7173,5.970140000000001,0.7901489747309107,23.42125,28.05,19.8,8.25,85.82083333333333,1.4904166666666667,4
TNP_0007,2021-11-07,4.365690000000001,5.78923,0.7541054682574369,23.07208333333333,26.68,19.61,7.07,88.835,1.9258333333333333,4
TNP_0007,2021-11-08,2.51982,5.65053,0.4459440087920956,22.513333333333332,25.21,20.1,5.109999999999999,92.1025,1.56875,4
TNP_0007,2021-11-09,2.4891300000000003,5.7668800000000005,0.4316250728296756,22.525,25.82,19.89,5.93,87.75,0.99125,4
TNP_0007,2021-11-10,4.0846100000000005,5.78356,0.7062449425613292,22.14875,24.9,19.83,5.07,89.72958333333334,1.6537499999999998,4
TNP_0007,2021-11-11,4.19642,5.46004,0.7685694610295895,22.6375,25.98,19.69,6.289999999999999,89.88625,2.540833333333333,4
TNP_0007,2021-11-12,2.3155,5.691,0.4068704972764013,22.746666666666663,26.51,20.47,6.040000000000003,91.87333333333332,3.317916666666666,4
TNP_0007,2021-11-13,2.72173,5.65403,0.4813787687720086,23.70625,27.49,20.44,7.049999999999997,90.05583333333334,2.265,4
TNP_0007,2021-11-14,2.7464700000000004,5.56199,0.4937926893072444,22.694166666666664,25.21,21.03,4.18,94.58291666666666,2.3716666666666666,4
TNP_0007,2021-11-15,3.38289,5.5948400000000005,0.6046446368439491,23.275,26.22,21.06,5.16,94.20458333333332,2.1941666666666664,4
TNP_0007,2021-11-16,3.79418,5.34265,0.7101681749693504,23.36375,26.41,20.87,5.539999999999999,93.02625,1.8666666666666665,4
TNP_0007,2021-11-17,4.339480000000001,5.69879,0.7614739269213291,23.74458333333333,26.99,21.01,5.979999999999997,87.22291666666666,0.68125,4
TNP_0007,2021-11-18,3.24593,5.93946,0.5465025440023167,23.31041666666667,26.71,20.96,5.75,90.01958333333333,2.3916666666666666,4
TNP_0007,2021-11-19,3.84974,5.648479999999999,0.6815532674276974,22.732916666666668,24.16,21.33,2.830000000000002,94.9375,4.687916666666667,4
TNP_0007,2021-11-20,3.85161,5.87176,0.6559549436625475,22.485,25.24,19.56,5.68,94.33583333333333,3.3504166666666664,4
TNP_0007,2021-11-21,5.42495,5.85074,0.9272245903936938,23.62208333333333,28.37,19.39,8.98,84.58833333333332,1.2395833333333333,4
TNP_0007,2021-11-22,4.618810000000001,5.611470000000001,0.823101611520689,23.362916666666667,27.36,19.93,7.43,89.08333333333333,1.8545833333333333,4
TNP_0007,2021-11-23,4.47335,5.7971,0.7716530679132669,23.106666666666666,26.41,20.38,6.030000000000001,91.82083333333333,2.0708333333333333,4
TNP_0007,2021-11-24,4.16376,5.71176,0.7289802092524896,22.621666666666663,26.22,20.26,5.959999999999997,89.64916666666666,2.314583333333333,4
TNP_0007,2021-11-25,2.94288,5.54706,0.5305296859958248,21.9475,25.18,20.27,4.91,89.67208333333333,3.155416666666667,4
TNP_0007,2021-11-26,3.54379,5.6021,0.6325824244479749,22.02,24.42,19.64,4.780000000000001,92.14041666666668,3.0354166666666664,4
TNP_0007,2021-11-27,3.31839,5.809159999999999,0.5712340510504101,22.035833333333333,24.99,19.45,5.539999999999999,93.14125,2.7883333333333336,4
TNP_0007,2021-11-28,3.61694,5.77436,0.6263793736448715,22.550833333333333,25.7,20.22,5.48,92.85083333333334,3.925,4
TNP_0007,2021-11-29,3.3808199999999995,5.60141,0.60356588787466,21.65041666666667,24.6,19.93,4.670000000000002,92.5075,4.357083333333333,4
TNP_0007,2021-11-30,3.52404,5.7825,0.609431906614786,22.3275,25.3,19.89,5.41,93.16875,3.262916666666667,4
TNP_0007,2021-12-01,5.48639,5.76048,0.9524188956475848,23.70208333333333,27.3,20.03,7.27,90.14666666666666,2.55375,4
TNP_0007,2021-12-02,4.85343,5.553019999999999,0.8740163010397948,23.566666666666663,27.26,20.49,6.770000000000003,90.75541666666668,2.304583333333333,4
TNP_0007,2021-12-03,3.77343,4.942399999999999,0.76348130462933,23.620833333333334,27.57,20.2,7.370000000000001,87.36541666666666,1.0779166666666666,4
TNP_0007,2021-12-04,4.0709,5.1364600000000005,0.7925497326952803,23.495833333333334,27.36,20.58,6.780000000000001,90.28583333333334,1.1341666666666663,4
TNP_0007,2021-12-05,5.4651,5.6680600000000005,0.9641923338849624,24.19,28.67,20.41,8.260000000000002,87.2675,1.3166666666666669,4
TNP_0007,2021-12-06,4.21454,5.226970000000001,0.8063065217516076,23.15,26.2,21.38,4.82,92.59333333333332,1.5154166666666666,4
TNP_0007,2021-12-07,4.74986,5.09524,0.932215165527041,23.230416666666667,26.78,19.85,6.93,90.54208333333334,2.10125,4
TNP_0007,2021-12-08,4.76218,4.89972,0.9719290081882228,22.24375,26.46,19.21,7.25,88.42458333333333,2.81,4
TNP_0007,2021-12-09,4.398689999999999,5.4324,0.8097139385906781,23.095416666666665,27.07,19.34,7.73,88.90541666666667,3.1629166666666664,4
TNP_0007,2021-12-10,5.407109999999999,5.7908800000000005,0.933728552482524,21.46875,25.67,18.81,6.860000000000003,88.85125,3.39125,4
TNP_0007,2021-12-11,5.23757,5.7590900000000005,0.9094440267472812,22.45041666666667,26.16,18.71,7.449999999999999,90.42458333333332,3.7608333333333337,4
TNP_0007,2021-12-12,5.14217,5.73185,0.8971222205745092,22.01125,26.17,18.61,7.560000000000002,90.81583333333332,3.994583333333333,4
TNP_0007,2021-12-13,5.17338,5.613980000000001,0.9215173548890448,22.10625,25.41,18.46,6.949999999999999,90.23125,3.5925,4
TNP_0007,2021-12-14,4.2788,5.60773,0.7630181909614051,21.83875,24.98,19.24,5.740000000000002,90.00166666666667,4.071666666666666,4
TNP_0007,2021-12-15,4.80884,5.21587,0.921963162425444,21.76,25.69,18.77,6.920000000000002,89.87541666666668,3.4379166666666667,4
TNP_0007,2021-12-16,4.965109999999999,5.18247,0.9580586091188176,21.214583333333334,25.75,17.67,8.079999999999998,87.74583333333334,2.919166666666667,4
TNP_0007,2021-12-17,4.77811,4.83964,0.987286244431404,21.002916666666668,26.58,16.69,9.889999999999995,86.40916666666668,2.5970833333333334,4
TNP_0007,2021-12-18,5.12404,5.20113,0.985178220886615,20.40041666666667,25.83,16.28,9.549999999999995,85.88041666666668,2.81375,4
TNP_0007,2021-12-19,4.64605,4.97071,0.9346853869970284,18.93625,24.85,14.09,10.760000000000002,84.0125,3.0116666666666667,4
TNP_0007,2021-12-20,5.32973,5.38576,0.9895966400285195,19.096666666666668,24.58,13.81,10.769999999999998,86.0175,2.919583333333333,4
TNP_0007,2021-12-21,5.16165,5.23315,0.9863371009812444,19.74333333333333,25.58,14.45,11.13,83.09625,2.27,4
TNP_0007,2021-12-22,4.4879,4.67233,0.9605271887901754,19.389166666666664,25.32,14.17,11.15,85.65916666666668,2.28875,4
TNP_0007,2021-12-23,4.82433,4.90076,0.984404459716452,19.14708333333333,25.17,13.89,11.28,82.92458333333333,2.3370833333333336,4
TNP_0007,2021-12-24,5.2117700000000005,5.31363,0.9808304304213882,18.9275,25.24,13.6,11.64,79.895,2.385,4
TNP_0007,2021-12-25,5.60119,5.63822,0.9934323243860652,19.579166666666666,25.97,13.65,12.32,85.10625,2.4929166666666664,4
TNP_0007,2021-12-26,5.53695,5.597309999999999,0.9892162485193782,19.71625,25.46,14.88,10.58,86.50666666666666,2.70875,4
TNP_0007,2021-12-27,5.72345,5.84905,0.978526427368547,19.872916666666665,25.18,15.56,9.62,87.22375,2.95,4
TNP_0007,2021-12-28,5.72634,5.81703,0.9844095698320278,19.825,25.1,15.5,9.6,85.63583333333334,2.91,4
TNP_0007,2021-12-29,5.68812,5.89049,0.9656446237919086,19.98125,25.34,15.54,9.8,85.8525,2.842083333333333,4
TNP_0007,2021-12-30,5.7559700000000005,5.912649999999999,0.9735008836985112,21.57375,25.98,15.4,10.58,87.6775,3.217916666666667,4
TNP_0007,2021-12-31,5.00947,5.52133,0.9072940758838904,22.47791666666667,26.4,19.06,7.34,89.3675,4.6345833333333335,4
TNP_0007,2022-01-01,5.16389,5.65445,0.9132435515390536,22.376666666666665,26.48,19.23,7.25,90.1275,4.38,4
TNP_0007,2022-01-02,4.971690000000001,5.66891,0.8770098660941876,21.65083333333333,26.1,18.34,7.760000000000002,89.21416666666666,4.18,4
TNP_0007,2022-01-03,5.413060000000001,5.5038,0.9835132090555616,20.875,26.0,17.72,8.280000000000001,85.39458333333333,3.2983333333333333,4
TNP_0007,2022-01-04,5.35928,5.5659,0.9628775220539356,21.28375,26.37,17.04,9.330000000000002,86.91083333333334,3.033333333333333,4
TNP_0007,2022-01-05,5.15335,5.39463,0.9552740410371052,21.174166666666668,26.9,16.76,10.139999999999995,85.58749999999999,2.19,4
TNP_0007,2022-01-06,5.19134,5.37975,0.9649779264835728,21.117916666666662,26.23,17.07,9.16,87.17916666666667,2.737083333333333,4
TNP_0007,2022-01-07,5.34932,5.70077,0.9383504333625108,21.96,26.94,18.06,8.880000000000003,87.04083333333334,2.637083333333333,4
TNP_0007,2022-01-08,4.60371,5.55368,0.8289476527275609,21.6775,26.6,18.26,8.34,87.72541666666666,2.8487500000000003,4
TNP_0007,2022-01-09,5.17765,5.56729,0.9300126273285566,21.527083333333334,26.66,17.19,9.47,86.30375,2.46875,4
TNP_0007,2022-01-10,5.5282,5.74889,0.9616117198276536,21.447916666666668,27.01,17.04,9.970000000000002,83.69500000000001,2.341666666666667,4
TNP_0007,2022-01-11,5.58355,5.68379,0.9823638804389324,22.070833333333336,27.24,17.88,9.36,84.18583333333333,2.2879166666666664,4
TNP_0007,2022-01-12,5.29561,5.74962,0.9210365206744098,23.035416666666663,27.92,18.04,9.880000000000004,81.4325,1.18375,4
TNP_0007,2022-01-13,5.65488,5.8069,0.9738207993938248,23.25708333333333,28.18,19.19,8.989999999999998,79.91916666666667,1.1,4
TNP_0007,2022-01-14,5.448180000000001,5.875229999999999,0.927313483897652,23.35,28.66,19.41,9.25,79.78791666666667,1.3858333333333333,4
TNP_0007,2022-01-15,5.435230000000001,5.84163,0.9304303764531476,23.399583333333336,28.84,19.09,9.75,81.88125000000001,1.5558333333333334,4
TNP_0007,2022-01-16,5.27827,5.6725900000000005,0.9304867794076428,22.76458333333333,27.62,18.81,8.810000000000002,85.04,3.06625,4
TNP_0007,2022-01-17,5.31441,5.82408,0.912489182840895,22.255416666666665,27.48,17.78,9.7,84.05,3.285,4
TNP_0007,2022-01-18,5.87224,5.955100000000001,0.986085875971856,21.78,27.17,17.52,9.650000000000002,81.82791666666667,3.32625,4
TNP_0007,2022-01-19,5.62413,5.74337,0.979238669979472,21.68375,27.8,16.4,11.400000000000002,79.59541666666667,2.438333333333333,4
TNP_0007,2022-01-20,5.54663,5.6705,0.9781553654880524,22.730416666666667,28.7,16.29,12.41,67.47041666666667,1.2245833333333334,4
TNP_0007,2022-01-21,5.35463,5.59809,0.9565101668604828,23.136666666666667,29.61,17.53,12.079999999999998,75.14291666666666,1.4416666666666669,4
TNP_0007,2022-01-22,5.39688,5.803319999999999,0.9299642273732968,23.367083333333337,30.31,17.92,12.389999999999995,77.08041666666666,1.99375,4
TNP_0007,2022-01-23,5.58722,5.85609,0.9540871127322156,22.18375,29.49,16.39,13.099999999999998,75.29375,2.194166666666667,4
TNP_0007,2022-01-24,5.88129,6.21483,0.9463315971635587,22.235,29.6,16.27,13.330000000000002,71.39833333333333,1.6483333333333334,4
TNP_0007,2022-01-25,5.1403,5.63117,0.9128298382041388,22.371666666666663,27.5,17.0,10.5,77.94083333333333,0.8491666666666666,4
TNP_0007,2022-01-26,5.02412,5.4400900000000005,0.9235361914968316,22.88,28.5,19.05,9.45,80.9825,1.07,4
TNP_0007,2022-01-27,5.37036,5.79132,0.927311908166014,22.53833333333333,27.98,18.76,9.22,78.35083333333334,3.0987500000000003,4
TNP_0007,2022-01-28,5.78462,6.18522,0.9352326998877972,22.36875,28.22,18.12,10.099999999999998,77.92541666666666,4.289583333333334,4
TNP_0007,2022-01-29,5.707050000000001,5.91514,0.9648207819257026,23.074166666666667,29.04,17.76,11.279999999999998,79.39041666666667,3.5429166666666667,4
TNP_0007,2022-01-30,5.82803,6.0951900000000006,0.9561687166437796,24.13125,30.54,18.8,11.739999999999998,77.84416666666667,2.2204166666666665,4
TNP_0007,2022-01-31,5.60256,5.91208,0.9476461752885618,24.192083333333333,31.07,19.18,11.89,75.4525,2.16875,4
TNP_0007,2022-02-01,5.039479999999999,5.22549,0.9644033382515323,24.03875,31.13,18.38,12.75,77.02875,2.25875,4
TNP_0007,2022-02-02,5.78979,5.90418,0.9806255906832108,22.563333333333333,30.34,16.15,14.19,72.56541666666666,2.3875,4
TNP_0007,2022-02-03,5.2430200000000005,5.83491,0.8985605604885081,23.27916666666667,30.57,15.95,14.62,72.97125,1.6516666666666666,4
TNP_0007,2022-02-04,6.20268,6.2996,0.9846148961838848,23.3025,31.51,17.5,14.010000000000002,70.48125,2.0420833333333333,4
TNP_0007,2022-02-05,6.243390000000001,6.32931,0.9864250605516244,24.43166666666667,31.64,17.58,14.060000000000002,71.45,1.4183333333333332,4
TNP_0007,2022-02-06,5.3602300000000005,5.97479,0.8971411547518826,23.7475,30.06,18.74,11.32,73.80958333333334,2.480833333333333,4
TNP_0007,2022-02-07,5.84793,6.05976,0.9650431700265356,23.48125,30.33,17.68,12.65,74.19416666666667,2.2725,4
TNP_0007,2022-02-08,5.371,6.059159999999999,0.8864265013632254,23.32,31.15,16.89,14.259999999999998,71.51375,2.3766666666666665,4
TNP_0007,2022-02-09,5.95919,6.32601,0.9420140025071094,22.437916666666663,31.11,15.73,15.38,67.83041666666666,2.96625,4
TNP_0007,2022-02-10,6.05411,6.43283,0.941127000091717,22.492083333333337,31.36,15.42,15.94,57.10625,2.93625,4
TNP_0007,2022-02-11,5.93231,6.32508,0.9379027617041998,23.55,31.45,16.96,14.489999999999998,69.62958333333334,3.57875,4
TNP_0007,2022-02-12,3.99423,5.416939999999999,0.7373590994177526,22.59958333333333,28.46,18.11,10.35,77.25791666666667,3.023333333333333,4
TNP_0007,2022-02-13,5.68258,5.98012,0.9502451455823628,23.355,30.73,17.77,12.96,70.89833333333333,3.0954166666666665,4
TNP_0007,2022-02-14,5.50229,5.9076,0.9313917665380188,23.756666666666664,30.91,17.71,13.2,70.14791666666666,3.04125,4
TNP_0007,2022-02-15,5.29968,5.73166,0.9246326544142536,24.00958333333333,30.93,17.7,13.23,69.795,2.19125,4
TNP_0007,2022-02-16,5.00338,5.84568,0.8559106896032626,24.237916666666667,31.4,17.45,13.95,68.16958333333334,1.752916666666667,4
TNP_0007,2022-02-17,5.39264,5.94122,0.9076654289859658,24.41625,31.39,18.03,13.36,63.92583333333334,1.9708333333333328,4
TNP_0007,2022-02-18,6.16231,6.34977,0.9704776708447708,24.13583333333333,31.79,18.4,13.39,66.28583333333333,3.1175,4
TNP_0007,2022-02-19,6.201569999999999,6.38584,0.9711439685303732,24.237916666666667,32.34,18.04,14.300000000000004,65.30375,3.438333333333333,4
TNP_0007,2022-02-20,6.18956,6.40167,0.9668664582835416,25.83791666666667,33.67,18.31,15.360000000000005,62.58125,1.747083333333333,4
TNP_0007,2022-02-21,5.57491,5.96678,0.934324711150738,26.59625,34.18,20.39,13.79,66.07291666666667,1.1216666666666668,4
TNP_0007,2022-02-22,5.05232,5.47007,0.923629862140704,26.24,34.34,19.05,15.290000000000004,63.17625,2.0091666666666668,4
TNP_0007,2022-02-23,6.61945,6.68328,0.9904493003435438,24.45208333333333,32.95,17.62,15.330000000000002,61.72,3.68125,4
TNP_0007,2022-02-24,6.56126,6.8009,0.9647634871855196,23.89375,32.59,17.27,15.320000000000004,59.71125,3.1254166666666667,4
TNP_0007,2022-02-25,6.71817,6.8033,0.9874869548601414,24.1525,33.83,16.12,17.709999999999997,56.16333333333333,3.2608333333333337,4
TNP_0007,2022-02-26,6.6362,6.72335,0.9870377118549531,24.542916666666667,32.98,15.82,17.159999999999997,59.99333333333334,3.190416666666667,4
TNP_0007,2022-02-27,6.732519999999999,6.8807,0.9784644004243752,25.22791666666667,33.43,18.51,14.919999999999998,61.0575,3.40625,4
TNP_0007,2022-02-28,6.824260000000001,7.10721,0.960188315808876,24.156666666666663,33.06,17.33,15.730000000000004,56.84666666666666,3.27375,4
TNP_0007,2022-03-01,6.93211,7.19428,0.9635585492919374,24.48208333333333,33.72,16.32,17.4,50.9975,3.215,4
TNP_0007,2022-03-02,6.31812,7.25916,0.8703651662175789,24.16625,33.72,16.02,17.7,49.1075,3.6012500000000003,4
TNP_0007,2022-03-03,6.67901,7.05858,0.9462257281209536,24.095,33.36,15.88,17.479999999999997,49.3025,3.7254166666666655,4
TNP_0007,2022-03-04,6.06052,6.69628,0.9050577335475816,25.73958333333333,35.35,17.08,18.270000000000003,48.428333333333335,2.8441666666666663,4
TNP_0007,2022-03-05,6.830550000000001,7.17764,0.9516428798323684,26.83666666666667,34.94,17.83,17.11,54.08916666666667,2.8120833333333333,4
TNP_0007,2022-03-06,6.66056,7.00337,0.9510507084446488,26.575833333333332,34.2,18.9,15.300000000000004,54.349583333333335,3.255416666666666,4
TNP_0007,2022-03-07,6.21605,6.74775,0.9212033640843243,25.227500000000003,32.68,18.47,14.21,65.30916666666667,3.1466666666666665,4
TNP_0007,2022-03-08,6.152939999999999,6.64963,0.9253056185080972,26.12708333333333,33.94,19.55,14.389999999999995,63.369166666666665,2.59375,4
TNP_0007,2022-03-09,6.635190000000001,6.732810000000001,0.9855008532841414,26.92375,35.76,19.31,16.45,50.520833333333336,2.66375,4
TNP_0007,2022-03-10,6.98349,7.03016,0.9933614597676298,26.187916666666663,35.09,19.09,16.000000000000004,45.96958333333333,2.872916666666667,4
TNP_0007,2022-03-11,7.13071,7.17216,0.994220708963548,26.19458333333333,35.61,18.17,17.439999999999998,44.41125,3.3037500000000004,4
TNP_0007,2022-03-12,7.132350000000001,7.18211,0.993071673923123,26.284166666666668,35.92,17.68,18.24,40.83916666666666,3.3654166666666665,4
TNP_0007,2022-03-13,7.19419,7.21045,0.9977449396362223,26.192083333333333,35.05,18.79,16.259999999999998,44.6525,3.9375,4
TNP_0007,2022-03-14,6.67869,6.70758,0.9956929324734106,27.24625,36.34,18.72,17.620000000000005,41.272083333333335,3.0104166666666665,4
TNP_0007,2022-03-15,5.58505,6.40216,0.8723696377472603,28.33083333333333,36.83,19.92,16.909999999999997,50.91458333333333,1.90875,4
TNP_0007,2022-03-16,5.233099999999999,6.10042,0.8578261824595683,28.52125,37.12,21.88,15.239999999999998,55.25416666666666,1.6854166666666668,4
TNP_0007,2022-03-17,5.5983,6.51025,0.8599208939748858,28.97375,37.6,21.66,15.94,46.66625,1.89875,4
TNP_0007,2022-03-18,5.37327,6.54015,0.8215820738056466,28.889166666666668,37.31,21.74,15.570000000000004,53.177083333333336,2.0029166666666667,4
TNP_0007,2022-03-19,5.01635,6.24795,0.8028793444249714,28.0375,36.55,21.48,15.069999999999997,60.932500000000005,3.181666666666666,4
TNP_0007,2022-03-20,4.06823,6.05662,0.6716997269103889,27.005416666666665,34.6,20.97,13.630000000000004,65.38833333333334,3.35,4
TNP_0007,2022-03-21,6.03122,6.45688,0.93407651992913,27.828333333333333,36.21,20.85,15.36,64.14541666666666,3.055,4
TNP_0007,2022-03-22,5.99158,6.25102,0.9584963733918624,27.75625,35.22,22.49,12.73,66.0025,2.1633333333333336,4
TNP_0007,2022-03-23,4.52103,5.558680000000001,0.8133279843416061,27.44833333333333,33.72,22.27,11.45,72.00333333333333,1.465,4
TNP_0007,2022-03-24,4.7302,5.96795,0.7926004741996833,26.91708333333333,33.51,21.83,11.68,72.54958333333333,1.3729166666666668,4
TNP_0007,2022-03-25,5.47394,6.410729999999999,0.8538715559694451,27.204166666666666,34.15,21.67,12.479999999999997,72.19875,1.330833333333333,4
TNP_0007,2022-03-26,5.59842,6.462149999999999,0.8663401499500941,27.554166666666664,34.59,22.62,11.970000000000002,71.195,1.1225,4
TNP_0007,2022-03-27,5.60889,6.59242,0.850808959380622,27.890833333333333,35.25,22.53,12.72,69.29541666666667,1.2291666666666667,4
TNP_0007,2022-03-28,6.13245,6.6711800000000006,0.91924517101922,28.40041666666667,35.98,22.23,13.749999999999996,67.06583333333333,2.1925000000000003,4
TNP_0007,2022-03-29,6.351640000000001,6.57985,0.9653168385297536,28.345,35.92,23.18,12.740000000000002,69.55041666666666,1.7700000000000002,4
TNP_0007,2022-03-30,5.72984,6.11921,0.9363692372054564,28.452916666666667,35.45,23.08,12.370000000000005,67.07291666666667,1.690416666666667,4
TNP_0007,2022-03-31,6.26996,6.53226,0.9598454439964116,28.527083333333334,35.96,22.82,13.14,64.08041666666666,1.6625,4
TNP_0007,2022-04-01,5.46379,6.207739999999999,0.8801576741293935,27.99875,35.65,22.61,13.04,68.30791666666667,1.9383333333333332,4
TNP_0007,2022-04-02,5.59212,6.28833,0.8892853905567932,27.995416666666667,35.76,22.4,13.36,66.99583333333334,1.6158333333333337,4
TNP_0007,2022-04-03,5.82762,6.5563,0.8888580449338803,28.21083333333333,35.92,22.07,13.85,64.94166666666666,1.653333333333333,4
TNP_0007,2022-04-04,6.60479,6.88931,0.9587012342310044,28.227500000000003,36.4,21.87,14.529999999999998,58.85541666666666,2.7891666666666666,4
TNP_0007,2022-04-05,6.01565,6.79322,0.8855373445876918,28.363333333333333,36.32,21.53,14.79,59.21458333333333,2.147083333333333,4
TNP_0007,2022-04-06,5.6276,6.99728,0.8042553678000595,27.60375,35.15,22.37,12.779999999999998,66.47291666666666,1.6283333333333332,4
TNP_0007,2022-04-07,6.66728,6.9013100000000005,0.9660890468621174,29.137083333333333,36.74,22.7,14.040000000000004,60.12625,1.4641666666666666,4
TNP_0007,2022-04-08,4.20059,6.57101,0.6392609355335025,27.6475,33.82,23.3,10.52,70.38791666666667,0.98625,4
TNP_0007,2022-04-09,5.0295,6.71071,0.7494736026441315,26.60291666666667,32.43,22.5,9.93,75.49166666666666,1.2691666666666668,4
TNP_0007,2022-04-10,5.34384,6.60165,0.8094703596828066,26.65,33.59,22.05,11.540000000000004,72.365,1.9975,4
TNP_0007,2022-04-11,2.92655,6.78808,0.4311307468385759,27.76833333333333,34.92,21.94,12.98,68.815,1.5141666666666669,4
TNP_0007,2022-04-12,2.57078,6.67381,0.3852042536422223,27.32625,34.4,22.84,11.56,72.52916666666667,0.9833333333333334,4
TNP_0007,2022-04-13,2.1222800000000004,6.98736,0.3037313091067299,26.337083333333336,31.71,22.12,9.59,76.56333333333333,1.8691666666666664,4
TNP_0007,2022-04-14,5.34101,7.14335,0.7476898094031512,24.820833333333336,29.62,21.3,8.32,76.50416666666666,1.4316666666666666,4
TNP_0007,2022-04-15,6.99959,7.429270000000001,0.9421639003562934,27.139166666666668,33.92,21.35,12.57,71.59291666666667,2.130416666666666,4
TNP_0007,2022-04-16,6.40954,7.276,0.8809153380978559,26.62291666666667,32.44,22.3,10.139999999999995,77.7525,2.7670833333333333,4
TNP_0007,2022-04-17,6.24822,6.99004,0.8938747131633009,26.91,33.58,22.27,11.31,77.84375,2.589166666666667,4
TNP_0007,2022-04-18,6.143470000000001,6.99124,0.8787382495809043,26.20958333333333,32.59,22.14,10.450000000000005,75.35541666666667,2.4833333333333334,4
TNP_0007,2022-04-19,3.93002,6.46284,0.6080948932667372,25.95208333333333,31.08,22.09,8.989999999999998,75.74499999999999,1.6849999999999998,4
TNP_0007,2022-04-20,6.35581,6.698440000000001,0.9488492843109738,28.28,35.44,22.24,13.2,68.35791666666667,1.1766666666666663,4
TNP_0007,2022-04-21,6.47422,7.01953,0.9223153117089036,27.42833333333333,32.8,23.05,9.749999999999996,71.68416666666667,1.6554166666666663,4
TNP_0007,2022-04-22,5.00171,6.92648,0.722114262944526,26.72125,31.73,22.7,9.03,74.90541666666667,1.9129166666666664,4
TNP_0007,2022-04-23,4.283390000000001,6.94439,0.6168129958138873,25.79583333333333,30.65,21.52,9.13,74.73666666666666,1.6900000000000002,4
TNP_0007,2022-04-24,6.848109999999999,7.14042,0.9590626321700964,27.792916666666667,34.94,21.14,13.799999999999995,67.29041666666667,1.84125,4
TNP_0007,2022-04-25,6.05884,6.96787,0.8695397589220236,27.695,34.78,22.16,12.62,68.29166666666667,1.3908333333333334,4
TNP_0007,2022-04-26,6.09357,6.9576,0.8758149361848913,28.4225,35.77,22.53,13.240000000000002,67.88916666666667,1.3791666666666669,4
TNP_0007,2022-04-27,6.7952,7.22121,0.9410057317264005,27.98583333333333,34.1,23.07,11.03,67.59583333333333,1.61625,4
TNP_0007,2022-04-28,5.86209,6.96394,0.8417777867126943,28.0675,34.47,23.11,11.36,72.29583333333333,1.5620833333333335,4
TNP_0007,2022-04-29,5.56842,6.72666,0.8278135062571915,28.537916666666664,35.6,23.59,12.010000000000002,72.07000000000001,2.24125,4
TNP_0007,2022-04-30,5.47474,6.75991,0.8098835635385678,28.20375,34.57,23.53,11.04,70.90625,2.42875,4
TNP_0007,2022-05-01,4.464390000000001,6.392180000000001,0.6984143124880714,27.079166666666666,32.48,22.95,9.529999999999998,76.54333333333334,2.97875,4
TNP_0007,2022-05-02,5.89741,6.78317,0.8694179859859033,27.635,34.42,22.84,11.580000000000002,73.72333333333333,3.105833333333333,4
TNP_0007,2022-05-03,5.83603,6.57687,0.8873567517679383,26.585,31.36,23.05,8.309999999999999,80.10458333333334,1.4979166666666668,4
TNP_0007,2022-05-04,5.30516,6.28077,0.844667134762139,28.19333333333333,35.68,22.84,12.84,72.42083333333333,2.2025,4
TNP_0007,2022-05-05,4.60692,6.174180000000001,0.7461590041106672,26.254166666666663,30.94,22.58,8.360000000000003,75.62541666666667,2.4179166666666667,4
TNP_0007,2022-05-06,4.683059999999999,6.28047,0.7456543857386468,26.350416666666664,32.6,21.76,10.84,70.62458333333333,1.8316666666666668,4
TNP_0007,2022-05-07,5.29171,6.4602,0.8191247948979908,27.210416666666664,33.63,21.7,11.930000000000003,74.92333333333333,2.717916666666667,4
TNP_0007,2022-05-08,5.19517,6.36524,0.8161781802414363,27.595,34.13,22.86,11.270000000000003,74.70708333333333,2.3808333333333334,4
TNP_0007,2022-05-09,3.27908,5.7503400000000005,0.57024106400665,26.25916666666667,30.9,23.0,7.899999999999999,82.52416666666666,4.045416666666667,4
TNP_0007,2022-05-10,2.96099,6.30117,0.4699111434860509,25.97458333333333,30.62,22.91,7.710000000000001,79.16416666666667,4.809583333333333,4
TNP_0007,2022-05-11,2.15281,6.45511,0.3335047737373957,25.638333333333332,31.11,21.84,9.27,77.19166666666666,5.553333333333334,4
TNP_0007,2022-05-12,3.04506,6.35045,0.4795030273445189,25.044166666666666,29.47,21.75,7.719999999999999,80.3425,4.835833333333333,4
TNP_0007,2022-05-13,3.97108,6.684069999999999,0.5941110730438192,25.025,30.56,22.02,8.54,79.00333333333333,4.317083333333334,4
TNP_0007,2022-05-14,2.69946,6.61898,0.4078362527156752,24.41416666666667,28.24,22.07,6.169999999999998,85.82625,4.360416666666667,4
TNP_0007,2022-05-15,3.0554900000000003,6.72817,0.4541338878179356,24.225,26.72,22.9,3.82,90.70666666666666,3.365,4
TNP_0007,2022-05-16,2.32229,6.08655,0.3815445531540856,24.444166666666664,27.84,21.84,6.0,89.02791666666667,3.439583333333333,4
TNP_0007,2022-05-17,2.57741,6.1711800000000006,0.417652701752339,25.355416666666667,29.88,21.73,8.149999999999999,82.53041666666667,2.66625,4
TNP_0007,2022-05-18,2.05848,6.16296,0.3340083336578527,24.9675,29.39,22.11,7.280000000000001,84.9175,4.33625,4
TNP_0007,2022-05-19,3.09309,6.38464,0.4844580117281475,23.62833333333333,27.57,20.79,6.780000000000001,86.02,4.7825,4
TNP_0007,2022-05-20,3.88919,6.50863,0.5975435690767489,24.46333333333333,29.29,20.84,8.45,83.27041666666666,4.7025,4
TNP_0007,2022-05-21,4.21803,6.82729,0.6178190760902202,24.56375,29.77,20.51,9.259999999999998,80.89583333333333,4.507083333333333,4
TNP_0007,2022-05-22,2.86107,6.878340000000001,0.4159535585620949,25.05708333333333,30.01,21.49,8.520000000000003,81.76791666666666,4.6691666666666665,4
TNP_0007,2022-05-23,4.601559999999999,6.8316300000000005,0.6735669232672142,25.996666666666663,31.04,21.95,9.09,83.3125,3.795833333333333,4
TNP_0007,2022-05-24,5.79819,7.00108,0.828185080016226,26.66208333333333,32.13,22.46,9.670000000000002,81.02083333333333,2.8125,4
TNP_0007,2022-05-25,5.96592,6.9048,0.8640250260688217,26.254166666666663,30.98,22.75,8.23,82.39083333333333,1.9954166666666664,4
TNP_0007,2022-05-26,4.28681,6.7283800000000005,0.6371236464052268,24.29583333333333,27.78,21.57,6.210000000000001,85.7425,3.32125,4
TNP_0007,2022-05-27,5.113479999999999,6.80876,0.7510148690804198,24.43625,28.42,21.53,6.890000000000001,85.22041666666667,3.25625,4
TNP_0007,2022-05-28,5.44846,6.99909,0.7784526274129923,24.45875,28.15,21.8,6.349999999999998,86.29958333333333,3.637916666666667,4
TNP_0007,2022-05-29,6.242349999999999,7.1748,0.8700381892178177,24.940416666666668,30.23,21.38,8.850000000000001,81.74291666666666,3.2099999999999995,4
TNP_0007,2022-05-30,6.38433,7.20111,0.8865758195611511,25.4025,30.8,21.34,9.46,79.90291666666667,3.7120833333333336,4
TNP_0007,2022-05-31,5.48392,6.9508,0.7889624215917592,25.09875,29.92,22.1,7.82,81.82333333333334,3.74125,4
TNP_0007,2022-06-01,5.65739,6.94438,0.8146717201535632,24.581666666666667,29.13,21.57,7.559999999999999,85.53208333333333,3.623333333333333,4
TNP_0007,2022-06-02,5.726979999999999,6.87589,0.8329074490720473,24.366666666666664,28.88,20.77,8.11,84.06375,3.1283333333333334,4
TNP_0007,2022-06-03,5.83087,6.57763,0.8864697467020796,24.93875,29.57,20.8,8.77,82.05375,3.4479166666666665,4
TNP_0007,2022-06-04,5.78772,6.55051,0.8835525783488614,25.825416666666666,30.76,21.38,9.380000000000004,80.165,1.9358333333333333,4
TNP_0007,2022-06-05,5.03792,6.03312,0.8350438910547112,25.225416666666664,29.44,21.89,7.550000000000001,83.87125,2.7416666666666667,4
TNP_0007,2022-06-06,4.91993,6.01172,0.8183897453640555,25.854166666666668,31.58,21.81,9.77,79.56666666666666,1.9341666666666668,4
TNP_0007,2022-06-07,3.17189,6.17321,0.513815340803245,24.90333333333333,28.95,21.83,7.120000000000001,85.51916666666666,3.1025,4
TNP_0007,2022-06-08,5.33451,6.8535200000000005,0.7783606088550117,25.03125,29.73,21.7,8.030000000000001,81.94,3.928333333333333,4
TNP_0007,2022-06-09,6.0643,6.91242,0.8773049091345723,25.265833333333333,30.79,21.85,8.939999999999998,80.30375,3.9604166666666663,4
TNP_0007,2022-06-10,5.34046,6.82555,0.7824219293683293,24.532083333333333,28.9,21.43,7.469999999999999,83.56125,4.126666666666667,4
TNP_0007,2022-06-11,5.23352,6.789440000000001,0.7708323514163171,24.605833333333333,30.44,20.72,9.720000000000002,79.82708333333333,4.005833333333333,4
TNP_0007,2022-06-12,5.08176,6.889729999999999,0.7375847819871026,23.25958333333333,28.08,20.0,8.079999999999998,81.28833333333334,3.4633333333333334,4
TNP_0007,2022-06-13,6.2592,7.01371,0.8924235532977555,24.66541666666667,30.09,20.05,10.04,81.92291666666667,3.3937500000000003,4
TNP_0007,2022-06-14,5.763809999999999,6.94252,0.830218710208973,24.44708333333333,28.52,21.24,7.280000000000001,84.34416666666667,3.589166666666667,4
TNP_0007,2022-06-15,4.322100000000001,6.87154,0.6289856422286708,24.239166666666662,29.31,21.02,8.29,84.00208333333333,2.994166666666666,4
TNP_0007,2022-06-16,5.334809999999999,6.84885,0.7789351496966643,24.25583333333333,28.94,20.96,7.98,86.64208333333333,1.86125,4
TNP_0007,2022-06-17,4.96136,6.74963,0.7350565882870617,22.90083333333333,26.75,20.5,6.25,85.58375000000001,2.1879166666666667,4
TNP_0007,2022-06-18,4.97501,6.820930000000001,0.7293741469271785,23.297083333333333,27.7,20.49,7.210000000000001,86.43541666666665,2.262916666666667,4
TNP_0007,2022-06-19,5.633310000000001,6.91554,0.8145871472075934,23.69666666666667,28.48,20.25,8.23,86.19541666666667,2.892916666666667,4
TNP_0007,2022-06-20,5.53541,6.87449,0.805210277416943,24.39,29.04,20.13,8.91,82.43208333333334,3.2691666666666666,4
TNP_0007,2022-06-21,4.60421,6.86721,0.6704629682214466,24.155833333333334,28.38,20.93,7.449999999999999,84.26,3.515,4
TNP_0007,2022-06-22,4.51522,6.87193,0.6570526766134114,24.03375,28.24,20.81,7.43,83.52291666666666,3.310416666666667,4
TNP_0007,2022-06-23,4.81871,6.56408,0.734102875041133,24.085833333333337,29.09,20.76,8.329999999999998,81.46625,3.2504166666666667,4
TNP_0007,2022-06-24,5.12799,7.029559999999999,0.7294894701802105,23.92125,28.38,21.05,7.329999999999998,84.59958333333333,4.865,4
TNP_0007,2022-06-25,2.57215,6.73914,0.3816733292378553,23.766666666666666,27.68,21.5,6.18,83.37291666666667,5.3625,4
TNP_0007,2022-06-26,5.75253,6.93405,0.8296060743721202,24.578333333333333,29.11,21.59,7.52,82.77333333333333,5.0495833333333335,4
TNP_0007,2022-06-27,5.15963,6.86298,0.7518060667523437,24.73625,29.35,21.54,7.810000000000002,82.84458333333333,4.180833333333333,4
TNP_0007,2022-06-28,4.01278,6.97785,0.5750739841068524,24.15875,28.67,21.18,7.490000000000002,84.34583333333333,3.8091666666666666,4
TNP_0007,2022-06-29,3.72478,7.03437,0.5295115269739863,24.415000000000003,28.33,21.3,7.029999999999998,84.76208333333334,4.16375,4
TNP_0007,2022-06-30,1.92057,6.91856,0.2775967831456256,23.6525,27.12,21.33,5.790000000000003,86.89208333333333,4.608333333333333,4
TNP_0007,2022-07-01,3.79351,6.87279,0.5519607030041657,24.1675,29.08,20.88,8.2,83.72125,4.675416666666666,4
TNP_0007,2022-07-02,4.32995,6.56875,0.6591741198858231,23.830416666666665,26.91,21.02,5.890000000000001,86.93208333333332,4.389166666666667,4
TNP_0007,2022-07-03,3.20222,6.893389999999999,0.464534866009322,23.312083333333334,27.43,20.76,6.669999999999998,85.12041666666666,5.781666666666666,4
TNP_0007,2022-07-04,3.45181,6.78697,0.5085936728761141,23.56958333333333,27.33,20.87,6.459999999999997,83.36999999999999,6.701250000000001,4
TNP_0007,2022-07-05,1.95546,6.1863600000000005,0.3160921769829107,22.861666666666665,26.06,20.94,5.119999999999997,85.80125,6.4375,4
TNP_0007,2022-07-06,2.5483200000000004,6.31906,0.4032751706741193,23.102083333333336,26.89,20.19,6.699999999999999,86.27083333333333,4.87125,4
TNP_0007,2022-07-07,2.20016,6.44716,0.3412603378852083,22.836250000000003,26.88,20.08,6.800000000000001,84.42625,5.65625,4
TNP_0007,2022-07-08,4.07533,6.605659999999999,0.6169451652068075,23.319166666666664,27.61,20.46,7.149999999999999,83.78583333333333,5.795416666666667,4
TNP_0007,2022-07-09,2.49847,6.61897,0.3774711171073444,22.700416666666666,25.64,20.35,5.289999999999999,87.76208333333334,5.736666666666667,4
TNP_0007,2022-07-10,3.77989,6.23754,0.6059905026661152,23.286666666666665,27.09,20.7,6.390000000000001,85.8975,6.325833333333333,4
TNP_0007,2022-07-11,3.59048,6.16626,0.5822783988998192,23.1925,26.91,20.77,6.140000000000001,85.77375,6.2075,4
TNP_0007,2022-07-12,3.63135,6.73988,0.5387855570128844,22.875833333333333,25.69,21.09,4.600000000000001,85.91291666666666,6.254166666666666,4
TNP_0007,2022-07-13,3.62922,6.77209,0.53590841232175,22.995416666666667,26.75,20.69,6.059999999999999,86.1125,7.023333333333333,4
TNP_0007,2022-07-14,3.56948,6.917269999999999,0.5160243853427725,23.700416666666666,27.06,21.07,5.989999999999998,85.20583333333333,7.264583333333333,4
TNP_0007,2022-07-15,4.11183,6.7479,0.6093495754234651,23.71875,27.53,21.48,6.050000000000001,85.95,5.44,4
TNP_0007,2022-07-16,2.89232,6.730390000000001,0.4297403270835717,24.064166666666665,28.32,21.17,7.149999999999999,85.5725,5.110416666666667,4
TNP_0007,2022-07-17,3.39134,6.7064200000000005,0.5056855967863629,24.06625,28.76,20.34,8.420000000000002,83.34125,5.1120833333333335,4
TNP_0007,2022-07-18,2.84304,6.66214,0.4267457603712921,22.839166666666667,26.65,20.2,6.449999999999999,85.80833333333334,3.952916666666667,4
TNP_0007,2022-07-19,4.75695,6.962149999999999,0.6832587634566909,24.022916666666664,27.99,20.51,7.479999999999997,84.92875,2.67625,4
TNP_0007,2022-07-20,3.58723,6.68917,0.5362743060798275,24.26833333333333,27.78,21.35,6.43,87.48958333333333,2.555,4
TNP_0007,2022-07-21,5.5898,6.90886,0.8090770402063439,24.229166666666668,27.98,21.3,6.68,86.88125000000001,3.0141666666666667,4
TNP_0007,2022-07-22,4.33805,6.79135,0.6387610710683442,23.241666666666664,26.43,20.73,5.699999999999999,88.96666666666665,3.1641666666666666,4
TNP_0007,2022-07-23,4.209890000000001,6.66073,0.632046337263333,23.265833333333333,27.42,20.58,6.840000000000003,86.3575,3.9483333333333337,4
TNP_0007,2022-07-24,5.31651,6.61911,0.8032061712224151,23.437916666666663,27.32,20.52,6.800000000000001,86.94291666666668,3.1495833333333336,4
TNP_0007,2022-07-25,6.30988,6.952100000000001,0.9076221573337552,24.51458333333333,29.53,20.52,9.010000000000002,82.505,2.7154166666666666,4
TNP_0007,2022-07-26,4.74664,6.73557,0.7047124445295647,24.3975,28.66,20.99,7.670000000000002,82.78875000000001,2.13875,4
TNP_0007,2022-07-27,4.99269,6.94703,0.7186797811438844,24.35125,27.9,21.27,6.629999999999999,86.12583333333333,0.83625,4
TNP_0007,2022-07-28,5.93392,6.801,0.8725069842670194,24.7225,28.54,22.22,6.32,86.07333333333334,1.245,4
TNP_0007,2022-07-29,5.16805,6.55545,0.7883593040904896,25.285833333333333,29.55,21.19,8.36,80.6075,1.805416666666667,4
TNP_0007,2022-07-30,5.208699999999999,6.86612,0.7586089377989316,25.701666666666668,31.0,21.05,9.95,82.96208333333334,1.9233333333333336,4
TNP_0007,2022-07-31,5.25656,6.93289,0.758206173760149,23.633750000000003,26.91,21.39,5.52,86.27958333333333,2.38375,4
TNP_0007,2022-08-01,3.4675700000000003,6.90637,0.5020828597367358,23.66375,26.55,21.02,5.530000000000001,89.23666666666666,2.9766666666666666,4
TNP_0007,2022-08-02,2.1434900000000003,6.73098,0.3184513993504661,23.24875,26.33,20.94,5.389999999999997,89.93,3.2466666666666666,4
TNP_0007,2022-08-03,2.28929,6.66416,0.3435226645218602,23.672083333333333,27.18,21.13,6.050000000000001,88.63416666666667,2.98875,4
TNP_0007,2022-08-04,1.42918,6.74484,0.2118923503003777,22.8375,24.89,21.41,3.4800000000000004,93.58666666666666,6.33625,4
TNP_0007,2022-08-05,3.34476,6.91247,0.4838733477324314,22.921666666666667,25.84,20.78,5.059999999999999,89.43,6.383333333333333,4
TNP_0007,2022-08-06,3.65756,6.83239,0.5353265841089282,23.027916666666663,26.33,20.53,5.799999999999997,88.51375,6.444583333333333,4
TNP_0007,2022-08-07,3.38737,6.83946,0.4952686323189257,23.370833333333334,26.74,20.91,5.829999999999998,89.26916666666666,6.81,4
TNP_0007,2022-08-08,3.72002,6.7944,0.5475126574826328,23.175,26.04,21.59,4.449999999999999,90.36666666666667,6.623333333333334,4
TNP_0007,2022-08-09,4.28064,6.97962,0.6133055954335623,23.137083333333333,26.54,20.67,5.869999999999997,87.8575,6.56125,4
TNP_0007,2022-08-10,4.86962,6.995640000000001,0.6960935668502095,22.852083333333336,26.6,20.39,6.210000000000001,87.52833333333332,6.2508333333333335,4
TNP_0007,2022-08-11,4.64899,7.11104,0.6537707564575646,23.263333333333332,27.51,20.29,7.220000000000002,86.85541666666666,5.600833333333333,4
TNP_0007,2022-08-12,5.5921400000000006,7.12133,0.7852662353801889,22.977083333333336,27.37,19.9,7.470000000000002,87.575,4.170416666666667,4
TNP_0007,2022-08-13,5.30037,7.132149999999999,0.7431658055425083,22.8075,26.54,19.7,6.84,87.03750000000001,3.32,4
TNP_0007,2022-08-14,5.32949,7.0759,0.7531889936262525,23.63083333333333,28.05,19.64,8.41,83.83166666666666,3.62125,4
TNP_0007,2022-08-15,6.18012,7.02748,0.8794219264942768,24.55375,29.74,19.8,9.939999999999998,83.83083333333333,2.272083333333333,4
TNP_0007,2022-08-16,6.6043,6.9171000000000005,0.954778736753842,24.8975,29.93,21.28,8.649999999999999,83.67416666666666,1.7508333333333337,4
TNP_0007,2022-08-17,6.38734,7.0123,0.910876602541249,24.83125,29.17,21.02,8.150000000000002,85.45708333333333,2.475,4
TNP_0007,2022-08-18,5.79162,6.8786,0.8419765649986917,24.1075,27.88,21.31,6.57,86.78875,2.5816666666666666,4
TNP_0007,2022-08-19,5.13187,6.656,0.7710141225961539,23.68375,27.53,20.34,7.190000000000001,87.93166666666667,3.0979166666666664,4
TNP_0007,2022-08-20,4.97882,6.64007,0.7498143844869105,23.375,28.05,19.97,8.080000000000002,86.80083333333333,3.0666666666666664,4
TNP_0007,2022-08-21,4.88388,6.78973,0.7193040076704083,23.734166666666667,27.81,19.83,7.98,87.79875,3.94125,4
TNP_0007,2022-08-22,2.2005,7.02812,0.3130993779275254,23.777916666666663,27.67,21.29,6.380000000000003,87.65416666666665,4.642916666666667,4
TNP_0007,2022-08-23,3.60997,7.03103,0.5134340203355696,23.17333333333333,27.2,20.52,6.68,88.24125,4.545,4
TNP_0007,2022-08-24,3.45095,6.82972,0.5052842576269598,23.12208333333333,27.25,20.42,6.829999999999998,88.19541666666667,3.4266666666666663,4
TNP_0007,2022-08-25,4.6285,6.570819999999999,0.7044021902897964,23.319166666666664,26.78,20.62,6.16,88.74791666666665,2.17625,4
TNP_0007,2022-08-26,4.7794300000000005,6.77451,0.705501947742346,22.723333333333333,26.05,20.47,5.580000000000002,90.54583333333332,3.6183333333333336,4
TNP_0007,2022-08-27,4.22458,6.68233,0.6322016422415534,22.001666666666665,24.96,20.21,4.75,91.01458333333332,3.619166666666666,4
TNP_0007,2022-08-28,5.45263,7.030810000000001,0.7755336867302629,23.22625,27.32,20.14,7.18,88.21583333333332,2.6325,4
TNP_0007,2022-08-29,4.57075,6.78311,0.6738428243092034,22.935,25.18,20.89,4.289999999999999,93.53208333333332,2.337083333333333,4
TNP_0007,2022-08-30,4.7172600000000005,6.62557,0.7119779883089304,23.582916666666662,26.55,21.22,5.330000000000002,90.91333333333334,1.4695833333333337,4
TNP_0007,2022-08-31,4.90277,6.66985,0.7350645066980517,23.48,26.7,20.6,6.099999999999998,87.42333333333333,1.387916666666667,4
TNP_0007,2022-09-01,4.0739600000000005,6.927989999999999,0.5880435739658979,23.715416666666663,27.3,20.71,6.59,87.11,0.86625,4
TNP_0007,2022-09-02,5.24778,6.92315,0.7580046655063085,24.03458333333333,28.39,20.52,7.870000000000001,88.66583333333334,2.308333333333333,4
TNP_0007,2022-09-03,5.93221,6.9058,0.8590185061832084,24.94083333333333,29.22,20.33,8.89,86.77041666666666,2.040833333333333,4
TNP_0007,2022-09-04,5.48275,6.90106,0.7944793988169934,24.3,27.64,21.95,5.690000000000001,89.76416666666667,2.1091666666666664,4
TNP_0007,2022-09-05,4.81955,6.77162,0.711727769721278,24.25375,28.19,21.15,7.040000000000003,89.81041666666665,2.51625,4
TNP_0007,2022-09-06,2.66649,6.86645,0.3883360397294089,22.97833333333333,26.83,20.5,6.329999999999998,90.52333333333333,3.0416666666666665,4
TNP_0007,2022-09-07,3.16954,6.78783,0.4669445168780008,22.75708333333333,26.08,20.44,5.639999999999997,92.7925,4.3879166666666665,4
TNP_0007,2022-09-08,3.82138,6.84597,0.5581940908300795,22.835,26.4,20.41,5.989999999999998,90.70125,4.04875,4
TNP_0007,2022-09-09,3.81775,6.95482,0.548935845931311,23.0575,26.4,20.83,5.57,91.08791666666669,4.409583333333333,4
TNP_0007,2022-09-10,3.56182,6.76893,0.5262013346274818,23.230833333333333,26.41,21.18,5.23,90.90208333333334,4.550416666666666,4
TNP_0007,2022-09-11,4.32891,7.10646,0.6091513918322202,23.0375,26.56,21.12,5.439999999999998,90.97041666666668,5.0925,4
TNP_0007,2022-09-12,3.784,7.09599,0.5332589251112247,23.034166666666668,26.86,20.55,6.309999999999999,89.89083333333333,4.744166666666667,4
TNP_0007,2022-09-13,5.11031,7.02742,0.7271957560527192,23.33791666666667,27.48,20.53,6.949999999999999,89.54083333333334,3.814166666666667,4
TNP_0007,2022-09-14,5.041720000000001,6.98019,0.7222897944038774,23.500833333333333,27.78,20.19,7.59,90.20708333333332,2.921666666666667,4
TNP_0007,2022-09-15,5.96039,7.02407,0.8485664294347864,23.4075,28.05,19.91,8.14,88.05833333333334,2.98,4
TNP_0007,2022-09-16,6.08336,6.99967,0.869092400070289,23.670416666666668,28.04,19.7,8.34,88.51958333333333,2.63625,4
TNP_0007,2022-09-17,5.40923,6.91526,0.7822164314863072,23.58083333333333,28.24,20.22,8.02,88.82249999999999,2.6541666666666663,4
TNP_0007,2022-09-18,5.81541,6.84081,0.8501054699662759,23.95,28.4,20.07,8.329999999999998,87.96625,2.955833333333333,4
TNP_0007,2022-09-19,5.49965,6.77085,0.8122540006055369,23.1925,26.75,19.89,6.859999999999999,90.17583333333332,3.224166666666666,4
TNP_0007,2022-09-20,5.71374,6.96753,0.8200524432618158,23.331666666666667,28.24,19.72,8.52,87.45833333333333,2.9704166666666665,4
TNP_0007,2022-09-21,6.15203,7.06203,0.8711418671401849,23.54875,28.44,19.87,8.57,87.25416666666666,3.384583333333333,4
TNP_0007,2022-09-22,6.2037,7.05658,0.8791369190174276,23.206666666666667,28.13,19.92,8.209999999999997,86.16250000000001,3.35375,4
TNP_0007,2022-09-23,6.40949,7.12224,0.8999261468302108,23.316666666666663,28.08,19.88,8.2,86.45166666666667,3.0504166666666666,4
TNP_0007,2022-09-24,6.3855900000000005,7.09567,0.8999277023875124,23.21125,27.8,19.54,8.260000000000002,87.44083333333333,2.5775,4
TNP_0007,2022-09-25,6.43776,7.112730000000001,0.905103947429468,24.440416666666668,29.86,19.24,10.62,83.11583333333333,2.25,4
TNP_0007,2022-09-26,5.3502,6.94079,0.7708344439177673,24.35083333333333,29.05,20.51,8.54,86.83333333333333,2.487083333333333,4
TNP_0007,2022-09-27,6.00255,6.94558,0.8642258817838108,23.63416666666667,28.29,20.16,8.129999999999999,85.60875,2.115,4
TNP_0007,2022-09-28,5.8926300000000005,6.754239999999999,0.872434204292415,23.827916666666667,28.7,20.19,8.509999999999998,84.66041666666666,2.9866666666666664,4
TNP_0007,2022-09-29,5.80651,6.76255,0.858627292959017,23.10833333333333,26.56,20.65,5.91,88.52833333333332,2.655,4
TNP_0007,2022-09-30,5.77832,6.787529999999999,0.8513141010058152,22.9225,26.61,20.38,6.23,88.69541666666667,3.704166666666667,4
TNP_0007,2022-10-01,4.05694,6.60087,0.6146068624287405,21.84208333333333,25.81,19.47,6.34,85.80416666666667,3.18875,4
TNP_0007,2022-10-02,4.87461,6.46187,0.7543652224510861,23.24125,27.87,19.5,8.370000000000001,86.91458333333333,3.3629166666666666,4
TNP_0007,2022-10-03,4.75605,6.40194,0.7429076186281034,23.582916666666662,27.59,20.66,6.93,88.31041666666665,3.192083333333333,4
TNP_0007,2022-10-04,4.64838,6.12527,0.7588857307514608,23.697916666666668,26.86,20.77,6.09,89.38958333333333,2.7125,4
TNP_0007,2022-10-05,4.15835,6.23362,0.6670842945190757,22.745416666666667,26.01,20.6,5.41,90.33375,3.3833333333333333,4
TNP_0007,2022-10-06,3.7191,6.286239999999999,0.5916255185929905,22.62833333333333,26.75,19.75,7.0,87.82375,3.125,4
TNP_0007,2022-10-07,4.581390000000001,6.59271,0.6949175680410636,22.625833333333333,28.38,17.75,10.63,85.38625,2.7516666666666665,4
TNP_0007,2022-10-08,5.63025,6.6065,0.852228865511239,23.1825,28.13,17.56,10.57,81.13791666666667,1.9745833333333331,4
TNP_0007,2022-10-09,4.063969999999999,6.2719000000000005,0.6479647315805417,23.951666666666668,28.17,20.06,8.110000000000003,88.30166666666668,1.6770833333333333,4
TNP_0007,2022-10-10,3.95029,6.08195,0.6495104366198341,22.55208333333333,26.33,19.69,6.639999999999997,88.64666666666666,2.2883333333333336,4
TNP_0007,2022-10-11,4.70452,6.06166,0.7761108343259107,24.359583333333333,28.95,19.85,9.099999999999998,85.03666666666668,1.3554166666666667,4
TNP_0007,2022-10-12,5.21201,6.3702700000000005,0.818177251513672,24.352500000000003,28.37,20.9,7.470000000000002,86.38125000000001,1.3404166666666668,4
TNP_0007,2022-10-13,5.02613,6.2952200000000005,0.7984041860332125,24.109166666666667,28.15,20.86,7.289999999999999,88.44958333333334,1.4225,4
TNP_0007,2022-10-14,5.35482,6.51324,0.8221438178233875,23.5975,28.18,20.53,7.649999999999999,88.26916666666666,2.3225,4
TNP_0007,2022-10-15,5.37918,6.373060000000001,0.8440497971147297,22.925,26.18,20.55,5.629999999999999,89.54041666666666,1.247083333333333,4
TNP_0007,2022-10-16,4.68363,6.3344700000000005,0.739387825658658,24.05625,27.81,20.8,7.009999999999998,88.445,1.64125,4
TNP_0007,2022-10-17,4.32054,6.29196,0.6866763297923064,24.03125,28.14,21.71,6.43,89.87166666666667,1.8416666666666668,4
TNP_0007,2022-10-18,4.6330100000000005,6.300479999999999,0.7353423866118138,22.594166666666663,25.18,20.24,4.940000000000001,93.925,2.0883333333333334,4
TNP_0007,2022-10-19,4.70993,6.26222,0.752118258381213,23.4575,27.34,20.14,7.199999999999999,86.62166666666667,1.534166666666667,4
TNP_0007,2022-10-20,4.3025,6.03009,0.7135051052306018,23.70375,27.41,20.95,6.460000000000001,89.92750000000001,1.4679166666666663,4
TNP_0007,2022-10-21,4.320720000000001,6.0818900000000005,0.7104238978343903,23.75791666666667,27.14,20.98,6.16,86.16833333333334,1.5599999999999998,4
TNP_0007,2022-10-22,5.26604,6.103890000000001,0.8627350755010329,24.243333333333336,28.09,20.74,7.350000000000001,83.42583333333333,1.65125,4
TNP_0007,2022-10-23,4.451980000000001,5.56489,0.8000122194688486,24.152916666666663,28.08,21.14,6.939999999999998,86.50708333333334,1.4804166666666667,4
TNP_0007,2022-10-24,4.07973,5.69596,0.7162497629899085,23.386666666666667,27.46,19.92,7.539999999999999,89.20583333333333,1.7358333333333331,4
TNP_0007,2022-10-25,5.47386,6.154649999999999,0.8893860739440912,23.71166666666667,28.95,18.95,10.0,81.95875,1.4166666666666667,4
TNP_0007,2022-10-26,5.83032,6.14977,0.9480549679093688,23.177916666666665,28.31,17.8,10.509999999999998,72.41333333333334,1.3658333333333337,4
TNP_0007,2022-10-27,5.83409,5.99063,0.9738691923887804,22.58333333333333,28.11,16.73,11.38,74.17041666666667,1.7808333333333335,4
TNP_0007,2022-10-28,5.7665500000000005,6.04967,0.9532007530989296,23.346666666666668,28.46,16.5,11.96,79.64708333333333,1.919166666666667,4
TNP_0007,2022-10-29,4.38598,5.82383,0.7531092082014756,23.63125,27.9,19.45,8.45,85.67666666666666,2.1866666666666665,4
TNP_0007,2022-10-30,3.94501,5.66982,0.6957910480403259,23.65833333333333,27.75,20.14,7.609999999999999,85.3025,2.2579166666666666,4
TNP_0007,2022-10-31,4.78277,5.76603,0.8294736586524871,23.567083333333333,26.74,20.82,5.919999999999998,84.29833333333333,1.68625,4
TNP_0007,2022-11-01,3.72485,5.340769999999999,0.6974368864414683,22.19875,24.99,20.22,4.77,91.99875,1.747083333333333,4
TNP_0007,2022-11-02,4.87557,5.750109999999999,0.8479089965235448,22.17333333333333,25.99,18.78,7.209999999999997,88.45791666666666,1.7008333333333334,4
TNP_0007,2022-11-03,4.47775,5.862850000000001,0.7637497121707019,22.78833333333333,27.08,18.54,8.54,86.66375,2.4425,4
TNP_0007,2022-11-04,4.03449,5.88091,0.6860315835474442,22.65625,27.04,18.97,8.07,87.93666666666667,3.2279166666666668,4
TNP_0007,2022-11-05,4.43695,5.99005,0.7407200273787363,22.421666666666667,27.13,18.7,8.43,87.2525,2.95875,4
TNP_0007,2022-11-06,4.11486,5.93757,0.6930208822801247,22.77625,26.68,19.44,7.239999999999998,89.41083333333334,2.53375,4
TNP_0007,2022-11-07,5.45958,5.815309999999999,0.9388287124848032,23.34125,27.58,20.07,7.509999999999998,85.93624999999999,2.5016666666666665,4
TNP_0007,2022-11-08,4.32781,5.60482,0.7721586063423982,23.515,28.04,20.21,7.829999999999998,85.415,2.6566666666666667,4
TNP_0007,2022-11-09,4.99782,5.73703,0.8711511008309177,23.5475,28.04,19.89,8.149999999999999,84.53666666666666,2.44375,4
TNP_0007,2022-11-10,5.28803,5.69717,0.9281853973112968,23.81125,28.32,19.93,8.39,80.52208333333333,1.9679166666666663,4
TNP_0007,2022-11-11,2.15802,5.490489999999999,0.3930468865256107,22.38083333333333,26.69,20.05,6.640000000000001,88.81041666666665,1.6708333333333334,4
TNP_0007,2022-11-12,2.26687,5.580220000000001,0.4062330875843604,22.030833333333334,25.37,19.9,5.470000000000002,92.83625,2.94,4
TNP_0007,2022-11-13,3.87879,5.56913,0.6964804197424014,22.16416666666667,25.35,19.18,6.170000000000002,93.30625,3.5345833333333334,4
TNP_0007,2022-11-14,4.60214,5.7355100000000006,0.8023942073154785,22.20625,25.98,18.8,7.18,89.75041666666668,2.3975,4
TNP_0007,2022-11-15,4.45626,5.77339,0.7718619389994441,22.34375,26.82,19.05,7.77,89.58625,2.2104166666666667,4
TNP_0007,2022-11-16,4.37612,5.32436,0.8219053557610682,23.49375,27.76,18.92,8.84,87.11958333333332,1.3370833333333332,4
TNP_0007,2022-11-17,4.45933,5.05661,0.88188133947447,22.67,26.87,17.04,9.830000000000002,79.82916666666667,1.2925,4
TNP_0007,2022-11-18,4.5121400000000005,5.42869,0.8311655298055334,20.8025,26.8,15.48,11.32,73.295,2.105,4
TNP_0007,2022-11-19,5.269550000000001,5.573390000000001,0.9454838078799438,20.6125,26.25,15.34,10.91,76.84,2.2379166666666666,4
TNP_0007,2022-11-20,4.62754,5.32866,0.8684247071496398,21.808333333333334,26.24,16.09,10.15,74.35166666666667,1.3045833333333332,4
TNP_0007,2022-11-21,4.99139,5.54033,0.9009192593220982,22.45125,27.32,17.69,9.63,72.59125,1.08375,4
TNP_0007,2022-11-22,5.00059,5.4554800000000006,0.9166177861526392,22.21,27.48,17.54,9.94,80.80791666666667,1.4195833333333334,4
TNP_0007,2022-11-23,4.70413,5.25767,0.8947176220645267,22.505,27.48,18.59,8.89,87.38833333333334,1.95375,4
TNP_0007,2022-11-24,4.50887,5.34357,0.8437935687190399,23.515416666666667,28.2,19.47,8.73,86.68583333333333,1.242916666666667,4
TNP_0007,2022-11-25,4.78395,5.45335,0.8772497639065896,23.047916666666666,27.35,19.55,7.800000000000001,86.49541666666666,2.55625,4
TNP_0007,2022-11-26,4.6875100000000005,5.53762,0.8464845908531103,22.71291666666667,27.02,19.39,7.629999999999999,87.40791666666667,2.017916666666667,4
TNP_0007,2022-11-27,3.07327,5.22634,0.5880348389121258,23.6475,28.18,19.9,8.280000000000001,88.40916666666668,1.5175,4
TNP_0007,2022-11-28,3.55764,4.80971,0.7396786916466898,23.55708333333333,27.85,20.74,7.110000000000003,87.67541666666666,0.9525,4
TNP_0007,2022-11-29,2.83491,3.79634,0.7467481837770062,22.979166666666668,27.15,19.34,7.809999999999999,89.69,2.049166666666667,4
TNP_0007,2022-11-30,3.849180000000001,4.75393,0.8096837774220488,21.2075,26.58,16.2,10.38,83.46291666666666,2.319166666666667,4
TNP_0007,2022-12-01,4.762029999999999,5.29264,0.8997456845732942,22.947916666666668,27.7,16.07,11.63,87.55583333333334,2.700833333333333,4
TNP_0007,2022-12-02,4.84889,5.4728900000000005,0.8859834566380833,23.172083333333333,27.84,19.79,8.05,86.11375,2.5875,4
TNP_0007,2022-12-03,4.87628,5.65597,0.8621474300606261,23.23958333333333,27.92,19.69,8.23,85.89291666666666,2.959583333333333,4
TNP_0007,2022-12-04,4.180980000000001,5.610600000000001,0.7451930274836917,22.94125,27.2,19.89,7.309999999999999,88.60000000000001,3.15625,4
TNP_0007,2022-12-05,3.86775,5.27696,0.7329504108426064,21.37,24.71,18.83,5.880000000000003,89.61791666666666,2.813333333333333,4
TNP_0007,2022-12-06,4.00468,4.60596,0.8694560960147287,22.77416666666667,28.03,18.06,9.970000000000002,82.44250000000001,2.214166666666667,4
TNP_0007,2022-12-07,2.87641,4.40728,0.6526497068486685,22.067916666666665,26.62,17.53,9.09,75.32916666666667,1.450416666666667,4
TNP_0007,2022-12-08,3.73294,5.35268,0.6973964443979465,21.52416666666667,26.74,17.11,9.63,74.52458333333333,1.7675,4
TNP_0007,2022-12-09,2.39164,5.829560000000001,0.4102608087059743,19.825,21.96,18.13,3.830000000000002,89.58,2.2125,4
TNP_0007,2022-12-10,3.14605,5.77825,0.5444641543719985,21.895,26.15,18.11,8.04,89.07208333333334,3.942916666666666,4
TNP_0007,2022-12-11,1.38015,5.3433,0.2582954354050867,22.36208333333333,25.36,20.2,5.16,92.03708333333331,3.6425,4
TNP_0007,2022-12-12,2.91391,5.15983,0.564729845750732,22.70833333333333,26.81,20.17,6.639999999999997,90.4775,2.317916666666666,4
TNP_0007,2022-12-13,4.89078,5.46041,0.8956799947256707,22.990416666666665,27.2,19.78,7.419999999999998,88.16791666666667,1.8208333333333333,4
TNP_0007,2022-12-14,3.33635,5.53888,0.602351016812063,22.25,26.62,19.07,7.550000000000001,89.92958333333333,2.7158333333333338,4
TNP_0007,2022-12-15,5.561310000000001,5.6955,0.9764392941796156,21.317916666666665,27.12,16.24,10.880000000000004,82.21041666666666,2.79125,4
TNP_0007,2022-12-16,5.95491,5.960850000000001,0.9990034978232968,21.020416666666662,26.75,15.95,10.8,77.2625,2.45,4
TNP_0007,2022-12-17,5.472300000000001,5.55455,0.9851923198098858,21.457083333333333,26.84,16.76,10.079999999999998,84.37375,2.9204166666666667,4
TNP_0007,2022-12-18,4.25122,4.84197,0.8779938743940999,22.262916666666666,27.14,17.65,9.490000000000002,86.38166666666666,3.15375,4
TNP_0007,2022-12-19,5.11238,5.37951,0.9503430609851083,21.316666666666663,26.44,18.05,8.39,77.41291666666667,2.96125,4
TNP_0007,2022-12-20,3.87416,4.98733,0.7768004122446279,21.74833333333333,25.38,18.0,7.379999999999999,86.41000000000001,2.25,4
TNP_0007,2022-12-21,5.29794,5.55355,0.9539735844639914,21.964166666666667,27.52,16.84,10.68,75.27916666666667,2.4570833333333333,4
TNP_0007,2022-12-22,5.513139999999999,5.77082,0.9553477668684864,21.34,27.72,16.33,11.39,70.40625,2.2075,4
TNP_0007,2022-12-23,5.65339,5.67227,0.9966715265669652,22.718333333333334,28.58,16.26,12.319999999999997,74.1025,1.7533333333333332,4
TNP_0007,2022-12-24,5.51076,5.5415,0.9944527654967068,23.23625,29.24,18.55,10.689999999999998,79.25333333333333,1.8375,4
TNP_0007,2022-12-25,4.67433,5.4553400000000005,0.856835687601506,23.52125,28.56,18.61,9.95,84.63291666666667,3.0812500000000003,4
TNP_0007,2022-12-26,3.6729,5.65292,0.6497350042102136,22.942083333333333,27.68,19.65,8.030000000000001,87.93166666666667,4.121666666666667,4
TNP_0007,2022-12-27,3.5358,5.55087,0.6369812299693562,22.848333333333333,27.35,19.42,7.93,87.89999999999999,3.5041666666666664,4
TNP_0007,2022-12-28,4.85021,5.59336,0.8671371054250039,22.68875,28.19,18.44,9.75,85.03416666666666,3.147083333333333,4
TNP_0007,2022-12-29,5.638850000000001,5.87146,0.9603829371229644,22.37,28.44,17.8,10.64,82.925,3.112083333333333,4
TNP_0007,2022-12-30,5.60151,5.94445,0.9423092127951282,21.300833333333333,27.86,16.58,11.28,78.83041666666666,2.919583333333333,4
TNP_0007,2022-12-31,5.48709,5.87138,0.9345486069714444,21.398750000000003,28.0,15.63,12.37,73.64833333333333,2.2016666666666667,4
TNP_0007,2023-01-01,5.76618,5.83637,0.9879736891252612,21.084166666666665,28.19,15.61,12.580000000000002,74.5175,2.345,4
TNP_0007,2023-01-02,5.697439999999999,5.84651,0.974502737530595,20.69,27.67,15.87,11.800000000000002,77.05125,3.12875,4
TNP_0007,2023-01-03,5.5293,5.69157,0.971489413290182,21.43875,27.57,15.73,11.84,78.28916666666667,3.0125,4
TNP_0007,2023-01-04,5.2146300000000005,5.30297,0.9833414105680404,21.38875,27.87,16.51,11.36,77.16291666666667,3.105,4
TNP_0007,2023-01-05,5.41864,5.491149999999999,0.9867951157772052,21.07625,27.6,15.72,11.88,75.62708333333333,3.27625,4
TNP_0007,2023-01-06,5.4405600000000005,5.52286,0.98509830051821,21.62625,28.09,15.45,12.64,77.23916666666666,3.5691666666666664,4
TNP_0007,2023-01-07,5.49675,5.5883,0.9836175581124847,21.73583333333333,28.16,16.67,11.489999999999998,76.07333333333334,3.527083333333333,4
TNP_0007,2023-01-08,4.9686,5.10343,0.9735805134977848,22.385416666666668,28.7,17.15,11.55,77.99916666666667,2.908333333333333,4
TNP_0007,2023-01-09,4.9988,5.202859999999999,0.9607792637126504,21.16333333333333,28.87,13.85,15.02,73.72041666666667,2.96875,4
TNP_0007,2023-01-10,5.82045,5.84548,0.9957180590815468,20.1525,28.95,13.47,15.48,68.72708333333334,3.2783333333333338,4
TNP_0007,2023-01-11,6.0503,6.07171,0.9964738105080776,20.598333333333333,29.1,13.85,15.250000000000002,65.39874999999999,2.652083333333333,4
TNP_0007,2023-01-12,6.0410900000000005,6.14474,0.9831319144504082,20.66208333333333,29.88,13.86,16.02,64.92041666666667,2.655,4
TNP_0007,2023-01-13,4.0414,6.086189999999999,0.6640279057998519,20.92,29.77,14.29,15.48,67.97458333333334,2.2879166666666664,4
TNP_0007,2023-01-14,5.69143,6.06365,0.9386145308518796,21.09541666666667,30.18,13.7,16.48,65.9425,2.222916666666667,4
TNP_0007,2023-01-15,5.800800000000001,6.022609999999999,0.963170452677494,20.961666666666662,29.64,13.61,16.03,66.95833333333333,2.34125,4
TNP_0007,2023-01-16,5.646319999999999,5.948060000000001,0.9492708546988428,21.019583333333333,30.1,14.07,16.03,66.81291666666667,2.6491666666666664,4
TNP_0007,2023-01-17,5.745010000000001,5.953860000000001,0.964921916202262,21.115416666666665,30.23,14.47,15.76,69.78333333333333,2.5904166666666666,4
TNP_0007,2023-01-18,6.184349999999999,6.22292,0.9938019450675888,20.91375,29.71,14.7,15.010000000000002,70.63958333333333,3.1904166666666662,4
TNP_0007,2023-01-19,6.09073,6.2605,0.972882357639166,20.922916666666666,30.45,14.36,16.09,65.70458333333333,3.1275,4
TNP_0007,2023-01-20,6.14928,6.17164,0.9963769759739712,21.17125,28.74,14.26,14.48,72.92083333333333,3.4091666666666662,4
TNP_0007,2023-01-21,5.37102,5.93563,0.904877830996878,21.93541666666667,29.93,15.85,14.08,69.17625,2.7725000000000004,4
TNP_0007,2023-01-22,4.49857,5.549930000000001,0.8105633764750185,22.19,29.62,15.93,13.69,66.56041666666667,2.9829166666666667,4
TNP_0007,2023-01-23,5.12848,5.73528,0.8941987139250395,23.1775,29.18,17.02,12.16,76.09708333333333,2.7404166666666665,4
TNP_0007,2023-01-24,3.3672600000000004,5.6909,0.5916919995079865,22.745833333333334,28.78,17.9,10.880000000000004,81.79916666666666,2.212083333333333,4
TNP_0007,2023-01-25,5.43966,5.85299,0.929381393099937,22.422083333333333,30.62,15.97,14.65,71.0775,2.627083333333333,4
TNP_0007,2023-01-26,5.78387,5.8905,0.981897971309736,21.97125,30.31,15.73,14.579999999999998,68.37166666666667,2.74,4
TNP_0007,2023-01-27,5.747109999999999,5.79763,0.9912860944903348,21.33583333333333,30.35,14.19,16.160000000000004,62.99375,2.9250000000000003,4
TNP_0007,2023-01-28,6.17913,6.183680000000001,0.9992641921962324,21.524583333333336,30.83,13.63,17.199999999999996,61.08958333333334,3.0420833333333337,4
TNP_0007,2023-01-29,5.7888,6.066269999999999,0.9542601961337034,22.63416666666667,30.86,13.81,17.049999999999997,66.15041666666666,3.012083333333333,4
TNP_0007,2023-01-30,4.79518,5.77521,0.8303040062612441,24.098333333333333,30.74,17.42,13.319999999999997,73.56583333333333,2.049166666666667,4
TNP_0007,2023-01-31,4.916189999999999,5.76302,0.8530579453133946,24.31125,32.42,18.2,14.220000000000002,64.83999999999999,2.51875,4
TNP_0007,2023-02-01,5.04521,5.84529,0.8631239852941428,24.50625,32.71,18.12,14.59,58.55875,2.9566666666666666,4
TNP_0007,2023-02-02,4.14559,5.980309999999999,0.6932065394603291,23.277916666666663,28.72,18.07,10.65,65.2225,3.435416666666667,4
TNP_0007,2023-02-03,3.69834,5.81226,0.6362998214119808,24.043333333333333,31.21,17.87,13.34,72.77374999999999,3.0766666666666667,4
TNP_0007,2023-02-04,4.90619,6.15283,0.7973875436181399,23.765,31.83,17.5,14.329999999999998,70.22375000000001,3.5270833333333336,4
TNP_0007,2023-02-05,6.07922,6.4628000000000005,0.940648016339667,24.041666666666668,33.26,17.2,16.06,57.32916666666667,2.910833333333333,4
TNP_0007,2023-02-06,5.97212,6.54419,0.9125835282899794,23.680000000000003,32.6,16.98,15.62,60.57041666666667,2.5616666666666665,4
TNP_0007,2023-02-07,5.78137,6.46783,0.8938654850235704,23.98,32.35,16.37,15.98,57.31208333333333,1.9554166666666664,4
TNP_0007,2023-02-08,6.19536,6.30425,0.9827275250822858,23.762500000000003,33.0,16.14,16.86,60.75416666666666,2.7525,4
TNP_0007,2023-02-09,5.93092,6.30157,0.9411813246540148,23.66375,32.63,16.45,16.180000000000003,61.3975,2.6525000000000003,4
TNP_0007,2023-02-10,6.054,6.57863,0.9202523929754372,23.42125,32.98,16.04,16.939999999999998,57.12916666666666,3.385,4
TNP_0007,2023-02-11,5.30377,6.4903900000000005,0.8171727739011061,23.33333333333333,32.91,16.01,16.899999999999995,54.9625,2.848333333333333,4
TNP_0007,2023-02-12,6.64389,6.72409,0.9880727354928324,23.29458333333333,33.44,15.27,18.17,50.22416666666667,3.1558333333333337,4
TNP_0007,2023-02-13,6.903029999999999,6.91736,0.997928400430222,23.46166666666667,33.71,14.93,18.78,52.59625,3.5925,4
TNP_0007,2023-02-14,6.86303,6.904310000000001,0.99402112593438,23.49416666666667,33.26,15.22,18.04,50.78041666666667,2.734166666666667,4
TNP_0007,2023-02-15,6.76678,6.7826900000000006,0.997654322989846,23.895416666666662,34.36,15.45,18.91,49.62458333333333,2.7670833333333333,4
TNP_0007,2023-02-16,6.82719,6.84145,0.9979156465369184,23.61791666666667,33.63,15.5,18.130000000000003,54.03333333333333,3.637916666666667,4
TNP_0007,2023-02-17,6.818350000000001,6.82834,0.99853697970517,23.51875,33.37,15.75,17.619999999999997,54.05791666666667,3.3208333333333333,4
TNP_0007,2023-02-18,6.748279999999999,6.91349,0.9761032416333864,23.742500000000003,33.07,16.2,16.87,53.12833333333333,2.784166666666667,4
TNP_0007,2023-02-19,6.60537,6.8129,0.9695386692891428,24.432916666666667,33.94,16.3,17.639999999999997,52.86875,2.637083333333333,4
TNP_0007,2023-02-20,6.61329,6.76083,0.9781772356352696,25.69458333333333,34.98,16.49,18.49,51.36666666666667,1.7745833333333332,4
TNP_0007,2023-02-21,6.63228,6.73842,0.9842485330389024,25.205,34.95,17.4,17.550000000000004,45.90416666666667,2.734166666666667,4
TNP_0007,2023-02-22,6.64763,6.6708,0.9965266534748456,24.862916666666667,34.89,15.88,19.01,42.85041666666667,3.3825,4
TNP_0007,2023-02-23,7.09968,7.11659,0.9976238619900824,23.989166666666662,33.31,15.41,17.900000000000002,50.6575,3.4825,4
TNP_0007,2023-02-24,7.046600000000001,7.06092,0.99797193566844,25.3025,35.15,17.08,18.07,48.77375,2.5900000000000003,4
TNP_0007,2023-02-25,7.147849999999999,7.178229999999999,0.995767758904354,25.1775,35.55,16.73,18.82,39.88333333333333,3.428333333333333,4
TNP_0007,2023-02-26,7.18383,7.191769999999999,0.998895960243445,24.493333333333336,34.44,16.34,18.1,45.000416666666666,3.81125,4
TNP_0007,2023-02-27,7.1573,7.180400000000001,0.9967829090301376,23.77541666666667,33.53,15.83,17.700000000000003,44.40916666666666,3.858333333333333,4
TNP_0007,2023-02-28,6.05529,6.387519999999999,0.94798763839487,25.5075,32.22,15.62,16.6,53.34166666666667,3.779583333333333,4
TNP_0007,2023-03-01,5.66955,6.512359999999999,0.8705830144525181,26.660416666666663,33.76,20.15,13.61,57.60333333333333,4.804583333333333,4
TNP_0007,2023-03-02,6.91775,7.12788,0.9705199863072892,25.06041666666667,34.75,15.9,18.85,41.55708333333333,4.109166666666667,4
TNP_0007,2023-03-03,7.33323,7.39284,0.9919367928969112,24.875,34.91,15.43,19.48,36.89125,4.3375,4
TNP_0007,2023-03-04,7.09807,7.12028,0.9968807406450308,25.9825,35.1,16.11,18.99,46.30291666666667,4.1225,4
TNP_0007,2023-03-05,6.44113,6.840199999999999,0.9416581386509169,26.09375,35.18,17.49,17.69,46.11833333333333,3.67625,4
TNP_0007,2023-03-06,7.16,7.2574,0.9865792156970816,25.60333333333333,34.01,17.19,16.819999999999997,37.79375,3.44,4
TNP_0007,2023-03-07,6.42723,7.17235,0.8961121529205909,25.32875,33.97,18.15,15.82,43.531666666666666,3.5816666666666666,4
TNP_0007,2023-03-08,6.95174,6.9961,0.993659324480782,25.609166666666667,34.68,18.22,16.46,49.06666666666666,3.9304166666666656,4
TNP_0007,2023-03-09,6.5047,6.82228,0.953449579905838,26.22583333333333,34.18,18.64,15.54,48.17291666666667,3.830833333333333,4
TNP_0007,2023-03-10,6.44209,6.7722,0.9512551312719648,26.149583333333336,33.66,18.96,14.699999999999996,46.71125,3.4958333333333336,4
TNP_0007,2023-03-11,6.702319999999999,6.75063,0.9928436308907465,26.696250000000003,35.74,19.62,16.12,47.240833333333335,3.34,4
TNP_0007,2023-03-12,6.98943,7.03656,0.9933021249019408,26.89208333333333,35.38,19.21,16.17,51.23208333333333,4.035,4
TNP_0007,2023-03-13,6.67028,6.79756,0.9812756341981534,26.999583333333334,35.49,19.61,15.880000000000004,48.07,3.67625,4
TNP_0007,2023-03-14,6.53184,6.613519999999999,0.98764954215002,27.63875,35.88,19.09,16.790000000000003,41.864583333333336,2.4579166666666667,4
TNP_0007,2023-03-15,6.03716,6.40235,0.9429600068724764,28.93041666666667,37.22,21.39,15.829999999999998,47.79125,1.3670833333333334,4
TNP_0007,2023-03-16,5.69983,6.28804,0.9064557477369736,28.304583333333337,34.7,22.31,12.390000000000004,56.08833333333333,1.11125,4
TNP_0007,2023-03-17,6.3667,6.76074,0.9417164393246892,27.718333333333334,34.72,22.01,12.709999999999996,64.48,1.4391666666666667,4
TNP_0007,2023-03-18,6.01413,6.78994,0.8857412583910904,26.8825,33.95,21.47,12.480000000000004,69.87583333333333,2.0075,4
TNP_0007,2023-03-19,5.82849,6.78198,0.8594083143860641,26.696250000000003,34.57,20.73,13.84,66.01125,2.357083333333333,4
TNP_0007,2023-03-20,6.33368,6.88791,0.9195358243647204,26.34166666666667,34.76,19.3,15.459999999999996,61.05416666666667,3.084583333333333,4
TNP_0007,2023-03-21,6.68255,7.08917,0.9426420864501768,26.385416666666668,36.09,18.15,17.940000000000005,55.45625,3.145833333333333,4
TNP_0007,2023-03-22,6.98733,7.41426,0.9424177193678128,26.824166666666667,36.79,17.75,19.04,50.78125,2.1354166666666665,4
TNP_0007,2023-03-23,6.32392,6.95209,0.9096429994433328,28.144583333333333,36.82,19.54,17.28,54.95375000000001,1.8704166666666664,4
TNP_0007,2023-03-24,4.96347,6.59584,0.7525152217155056,28.133333333333336,35.29,21.85,13.439999999999998,61.693333333333335,1.445,4
TNP_0007,2023-03-25,5.40899,6.61062,0.8182273372240425,26.19,31.82,21.84,9.98,73.61458333333333,1.425,4
TNP_0007,2023-03-26,5.72268,6.46253,0.8855169724550601,27.26833333333333,34.7,21.65,13.050000000000004,67.73916666666666,1.6108333333333331,4
TNP_0007,2023-03-27,5.52503,6.59424,0.8378569782112875,26.672916666666666,32.18,22.44,9.739999999999998,68.90458333333333,1.775,4
TNP_0007,2023-03-28,6.3074200000000005,6.79273,0.9285544987067056,28.951666666666668,35.81,22.27,13.540000000000004,62.583333333333336,1.5708333333333335,4
TNP_0007,2023-03-29,5.21804,6.4138,0.8135645015435468,26.87,34.06,21.73,12.330000000000002,72.32708333333333,1.5266666666666666,4
TNP_0007,2023-03-30,6.159560000000001,6.9196800000000005,0.8901509896411395,27.93458333333333,35.72,21.45,14.27,65.87541666666667,1.5404166666666663,4
TNP_0007,2023-03-31,6.86589,7.11292,0.9652702406325392,28.37375,36.42,21.5,14.920000000000002,61.21958333333333,1.4920833333333334,4
TNP_0007,2023-04-01,6.38286,6.90296,0.924655510100015,27.58333333333333,35.08,21.63,13.45,64.55499999999999,2.138333333333333,4
TNP_0007,2023-04-02,5.96699,6.675809999999999,0.8938226222735519,27.142916666666668,34.45,21.45,13.000000000000004,65.72166666666666,2.0420833333333333,4
TNP_0007,2023-04-03,6.29932,6.83073,0.92220304418415,25.32625,29.71,21.56,8.150000000000002,75.90333333333334,1.2491666666666668,4
TNP_0007,2023-04-04,4.99846,6.73468,0.7421971051334287,26.57958333333333,32.95,21.37,11.580000000000002,71.515,1.2066666666666668,4
TNP_0007,2023-04-05,6.14478,6.67792,0.9201637635670988,27.936666666666667,35.2,22.79,12.410000000000004,64.68124999999999,1.6241666666666668,4
TNP_0007,2023-04-06,6.32901,6.86928,0.9213498357906508,28.30708333333333,34.95,22.75,12.200000000000005,61.46666666666667,1.18125,4
TNP_0007,2023-04-07,6.02505,7.15793,0.8417307797086587,28.4575,35.66,21.77,13.889999999999995,52.34833333333333,2.87,4
TNP_0007,2023-04-08,6.794989999999999,7.1908,0.9449560549591144,28.676666666666662,35.99,21.29,14.700000000000005,49.2275,3.5987500000000003,4
TNP_0007,2023-04-09,6.49718,7.13163,0.9110371682210098,28.68208333333333,36.66,21.43,15.229999999999997,48.74916666666667,2.8633333333333333,4
TNP_0007,2023-04-10,6.73982,7.11658,0.9470588400608158,29.062916666666663,37.08,21.94,15.139999999999995,49.73916666666667,3.178333333333333,4
TNP_0007,2023-04-11,6.80154,7.04854,0.9649572819335636,29.18041666666667,37.31,21.66,15.650000000000002,47.79958333333334,2.655,4
TNP_0007,2023-04-12,7.17549,7.3148,0.9809550500355444,28.83875,36.26,22.83,13.43,41.27916666666667,2.498333333333333,4
TNP_0007,2023-04-13,7.48461,7.53295,0.9935828593047876,29.997083333333336,38.6,22.36,16.240000000000002,36.91458333333333,2.1775,4
TNP_0007,2023-04-14,7.35781,7.45348,0.9871643849584356,28.95208333333333,36.62,22.52,14.099999999999998,45.76291666666666,1.7504166666666665,4
TNP_0007,2023-04-15,6.46396,7.1714,0.9013525950302592,29.89833333333333,38.18,22.37,15.81,42.2275,2.3508333333333336,4
TNP_0007,2023-04-16,6.94736,7.20735,0.9639271021942878,28.69125,36.3,22.76,13.539999999999996,44.99375,1.81,4
TNP_0007,2023-04-17,7.0311,7.25269,0.9694471982119738,29.313333333333333,37.51,22.49,15.02,47.71125,1.7908333333333333,4
TNP_0007,2023-04-18,7.00448,7.30974,0.9582392807404916,30.264166666666668,38.64,22.84,15.8,45.29916666666667,1.9108333333333332,4
TNP_0007,2023-04-19,6.63857,7.11143,0.9335070442934824,29.96375,38.4,23.29,15.11,51.84166666666667,2.103333333333333,4
TNP_0007,2023-04-20,6.53734,6.814970000000001,0.9592617428983546,30.179583333333337,38.6,23.11,15.490000000000002,56.47333333333333,3.095,4
TNP_0007,2023-04-21,5.98263,6.67137,0.8967618345257422,29.96,38.29,23.21,15.079999999999998,58.489583333333336,3.13875,4
TNP_0007,2023-04-22,5.892510000000001,6.4288,0.9165800771528124,30.293333333333333,37.74,23.69,14.05,57.86708333333333,2.19875,4
TNP_0007,2023-04-23,5.71504,6.506690000000001,0.8783329158143387,29.766666666666666,37.01,24.07,12.939999999999998,61.51499999999999,1.8904166666666664,4
TNP_0007,2023-04-24,6.30947,6.72065,0.9388184178613675,27.817083333333333,33.61,23.66,9.95,65.93333333333334,1.752916666666667,4
TNP_0007,2023-04-25,5.07207,6.87771,0.7374649410923112,27.97791666666667,33.78,23.53,10.25,68.38625,1.5904166666666668,4
TNP_0007,2023-04-26,6.13004,6.820939999999999,0.8987089755957391,25.540000000000003,28.94,22.41,6.530000000000001,81.34583333333333,2.267916666666667,4
TNP_0007,2023-04-27,5.753010000000001,6.59926,0.8717659252704092,27.32625,33.42,22.07,11.35,71.10583333333334,2.275,4
TNP_0007,2023-04-28,6.15445,7.20054,0.854720618175859,27.65833333333333,33.92,21.96,11.96,67.57875,2.075,4
TNP_0007,2023-04-29,5.02697,6.85053,0.733807457233236,26.735,31.27,22.82,8.45,76.09541666666667,1.8133333333333332,4
TNP_0007,2023-04-30,6.19833,7.04123,0.880290801465085,26.905,32.39,22.61,9.78,74.92208333333333,1.6683333333333332,4
TNP_0007,2023-05-01,4.6696,6.84434,0.6822571643138711,24.593333333333334,27.14,22.66,4.48,88.15958333333333,2.065,4
TNP_0007,2023-05-02,4.72498,6.732819999999999,0.701783205254262,26.176666666666662,31.41,22.71,8.7,82.17999999999999,1.90375,4
TNP_0007,2023-05-03,5.07817,7.037859999999999,0.7215503008016643,24.419583333333332,27.7,21.89,5.809999999999999,84.72,2.627083333333333,4
TNP_0007,2023-05-04,6.12491,6.75987,0.9060691995556128,25.411666666666665,30.5,21.76,8.739999999999998,79.14874999999999,2.075,4
TNP_0007,2023-05-05,5.082649999999999,6.96414,0.7298316805808038,24.359583333333333,28.36,20.76,7.599999999999998,79.74291666666666,2.09,4
TNP_0007,2023-05-06,5.37577,6.75665,0.7956265308991882,25.43583333333333,31.03,20.76,10.27,78.46416666666666,2.3154166666666667,4
TNP_0007,2023-05-07,4.07972,6.751930000000001,0.6042301978841604,24.418333333333333,29.43,21.4,8.030000000000001,81.23208333333334,2.70125,4
TNP_0007,2023-05-08,5.850239999999999,6.50052,0.8999649258828524,25.366666666666664,31.73,21.24,10.490000000000002,80.88583333333334,1.7583333333333335,4
TNP_0007,2023-05-09,6.12497,6.73333,0.9096494602225051,27.14333333333333,34.11,21.36,12.75,73.35958333333333,1.7545833333333334,4
TNP_0007,2023-05-10,5.9358900000000006,6.84787,0.8668228222790446,26.805000000000003,32.1,22.44,9.66,76.715,2.0708333333333333,4
TNP_0007,2023-05-11,5.40408,6.519909999999999,0.8288580670592078,26.74083333333333,32.68,22.61,10.07,78.64916666666666,2.095,4
TNP_0007,2023-05-12,5.04663,6.01228,0.8393870544951334,26.251666666666665,32.5,21.72,10.78,73.34458333333333,3.5575,4
TNP_0007,2023-05-13,5.13366,6.222810000000001,0.8249745693665722,27.22833333333333,34.11,21.74,12.37,71.095,4.115833333333334,4
TNP_0007,2023-05-14,5.92576,6.50212,0.9113581416522613,26.72,32.53,23.35,9.18,75.93541666666667,3.3937500000000003,4
TNP_0007,2023-05-15,5.21862,6.6929,0.7797247829789776,27.139166666666668,32.09,23.73,8.360000000000003,76.98791666666666,3.5508333333333333,4
TNP_0007,2023-05-16,6.46145,6.93529,0.9316769738540132,28.44,35.15,23.37,11.779999999999998,71.0675,2.45,4
TNP_0007,2023-05-17,5.946890000000001,6.70422,0.8870368215840173,26.83083333333333,30.9,22.97,7.93,74.09041666666667,1.971666666666667,4
TNP_0007,2023-05-18,5.60219,6.43566,0.8704919153591085,28.41125,35.12,22.97,12.15,70.88625,2.200416666666667,4
TNP_0007,2023-05-19,4.983479999999999,6.3430100000000005,0.7856648499687056,26.844166666666663,31.28,23.26,8.02,78.02583333333332,2.0966666666666667,4
TNP_0007,2023-05-20,5.54558,6.60238,0.8399365077441772,27.75333333333333,33.93,23.09,10.84,72.94791666666667,2.53875,4
TNP_0007,2023-05-21,5.714230000000001,6.58911,0.867223342757975,27.31833333333333,33.03,23.27,9.760000000000002,76.22125,2.04375,4
TNP_0007,2023-05-22,5.7929200000000005,6.58104,0.8802438520355447,26.457916666666662,31.34,22.19,9.15,79.65333333333334,1.9475,4
TNP_0007,2023-05-23,6.0772200000000005,6.93975,0.8757116610828921,27.951666666666668,35.1,22.02,13.080000000000002,70.86625,2.450416666666667,4
TNP_0007,2023-05-24,5.98354,6.94666,0.8613549533156941,26.30666666666667,30.86,23.1,7.759999999999998,81.00791666666667,2.57125,4
TNP_0007,2023-05-25,5.89462,6.8955,0.8548502646653614,26.61375,32.14,23.01,9.13,78.71583333333334,3.355,4
TNP_0007,2023-05-26,4.5855500000000005,6.98488,0.6564966040934133,27.22,33.6,23.2,10.400000000000002,74.93708333333333,3.1220833333333338,4
TNP_0007,2023-05-27,6.4016,6.91017,0.9264026789500114,26.7925,32.05,23.09,8.959999999999997,76.18708333333333,2.8633333333333333,4
TNP_0007,2023-05-28,5.364190000000001,6.75947,0.7935814494331657,27.325833333333332,32.13,23.23,8.900000000000002,74.53750000000001,1.5541666666666665,4
TNP_0007,2023-05-29,5.9023,6.51378,0.9061251684889572,27.11458333333333,32.4,23.33,9.07,76.89625,1.5529166666666667,4
TNP_0007,2023-05-30,5.45657,6.33681,0.8610909905772779,27.175833333333333,33.17,23.2,9.970000000000002,75.03208333333333,2.428333333333333,4
TNP_0007,2023-05-31,4.6092,6.5282,0.7060445452038846,26.457916666666662,31.85,22.75,9.1,75.04291666666667,2.214583333333333,4
TNP_0007,2023-06-01,4.83838,6.47468,0.7472770855084729,26.627916666666668,31.7,22.77,8.93,77.98458333333333,3.9025,4
TNP_0007,2023-06-02,5.14647,6.28967,0.8182416565574983,26.60875,32.86,22.89,9.97,76.235,2.6479166666666667,4
TNP_0007,2023-06-03,5.55627,6.358890000000001,0.8737798578053716,27.330416666666665,33.61,22.92,10.689999999999998,73.33583333333333,3.23625,4
TNP_0007,2023-06-04,5.3756900000000005,6.32617,0.8497542747033355,26.01375,30.87,22.75,8.120000000000001,77.74374999999999,2.93625,4
TNP_0007,2023-06-05,5.1786900000000005,6.572439999999999,0.7879402474575654,25.909166666666664,30.66,22.57,8.09,80.53583333333334,3.77375,4
TNP_0007,2023-06-06,5.76091,6.96871,0.8266824132443451,26.820833333333336,32.95,22.51,10.44,76.03916666666667,4.1075,4
TNP_0007,2023-06-07,4.63142,6.99584,0.6620248604885189,26.232916666666668,31.3,23.24,8.060000000000002,79.46291666666667,4.35375,4
TNP_0007,2023-06-08,5.28172,7.08734,0.7452330493527896,26.116666666666664,31.38,23.2,8.18,78.88916666666667,4.2525,4
TNP_0007,2023-06-09,4.4837,7.15471,0.6266780903768286,26.1425,31.51,22.68,8.830000000000002,78.63041666666666,4.8758333333333335,4
TNP_0007,2023-06-10,3.74456,7.12579,0.5254940154003976,25.58,30.38,21.79,8.59,77.22416666666668,5.0095833333333335,4
TNP_0007,2023-06-11,3.83519,7.0828,0.5414793584458124,26.370416666666667,31.89,21.92,9.97,78.64333333333333,4.5725,4
TNP_0007,2023-06-12,3.35251,6.98607,0.4798849710924739,26.046666666666667,30.86,22.8,8.059999999999999,80.90458333333333,4.2195833333333335,4
TNP_0007,2023-06-13,4.18797,6.98276,0.5997585481958423,26.09583333333333,30.59,22.7,7.890000000000001,80.17625,4.3933333333333335,4
TNP_0007,2023-06-14,4.73724,7.00169,0.676585224424389,25.20583333333333,28.73,22.26,6.469999999999999,82.45583333333333,3.878333333333333,4
TNP_0007,2023-06-15,4.97157,6.97546,0.712722888526348,26.90125,32.96,22.39,10.57,76.07125,4.19875,4
TNP_0007,2023-06-16,5.9523,7.200139999999999,0.8266922587616353,27.2475,33.63,22.55,11.080000000000002,72.31833333333333,4.800416666666666,4
TNP_0007,2023-06-17,4.41554,6.78347,0.6509264432510204,24.987916666666667,28.33,22.54,5.789999999999999,86.00125000000001,4.1225,4
TNP_0007,2023-06-18,4.78188,6.70088,0.7136197036807106,25.589583333333334,30.39,22.17,8.219999999999999,80.82708333333333,3.5283333333333338,4
TNP_0007,2023-06-19,5.02249,6.61424,0.7593449889934444,25.861666666666665,32.08,21.84,10.239999999999998,72.62875000000001,2.779583333333333,4
TNP_0007,2023-06-20,3.34921,6.41959,0.5217171190060425,26.27208333333333,32.43,21.87,10.56,76.37541666666667,2.681666666666666,4
TNP_0007,2023-06-21,3.81398,6.39979,0.5959539297383195,26.27333333333333,32.45,22.25,10.200000000000005,78.72708333333334,3.165,4
TNP_0007,2023-06-22,5.18621,6.81252,0.7612762971705037,25.1725,30.62,21.82,8.8,80.0025,3.1179166666666664,4
TNP_0007,2023-06-23,5.14151,6.85788,0.7497229464499233,24.48375,29.47,20.93,8.54,73.82208333333334,3.962916666666666,4
TNP_0007,2023-06-24,5.10199,6.84371,0.7455006129716192,24.96875,29.7,20.92,8.779999999999998,80.14583333333333,3.99,4
TNP_0007,2023-06-25,4.149220000000001,6.67945,0.6211918645996303,24.2825,28.14,20.71,7.43,82.01416666666667,3.8683333333333336,4
TNP_0007,2023-06-26,4.766850000000001,6.70717,0.7107095839228768,24.166666666666668,29.84,20.18,9.66,74.9775,4.1433333333333335,4
TNP_0007,2023-06-27,2.72439,6.69651,0.4068372928585188,24.464583333333334,29.91,20.02,9.89,79.81375,4.129166666666666,4
TNP_0007,2023-06-28,4.6335,6.93442,0.668188543526351,25.125,31.04,19.72,11.32,75.9225,4.454166666666667,4
TNP_0007,2023-06-29,4.0101,6.99823,0.573016319840874,25.0475,31.33,20.32,11.009999999999998,79.15916666666666,4.229583333333333,4
TNP_0007,2023-06-30,5.27907,6.86441,0.7690493429151232,24.50375,29.59,20.22,9.37,77.93625,3.8029166666666665,4
TNP_0007,2023-07-01,5.32268,6.68862,0.7957814915483313,25.45583333333333,31.87,20.22,11.650000000000002,78.03291666666667,3.5445833333333336,4
TNP_0007,2023-07-02,4.505059999999999,6.49306,0.6938269475409128,24.44083333333333,29.29,20.09,9.2,77.88833333333334,4.9525,4
TNP_0007,2023-07-03,2.63246,6.431649999999999,0.409297769623658,24.80958333333333,28.96,22.22,6.740000000000002,82.30541666666666,5.732916666666667,4
TNP_0007,2023-07-04,2.02778,6.25854,0.3240020835530331,24.489166666666662,28.62,22.02,6.600000000000001,81.87916666666666,7.334583333333334,4
TNP_0007,2023-07-05,2.2235,6.69199,0.3322628993767175,23.63875,25.9,22.01,3.889999999999997,86.33458333333334,6.33125,4
TNP_0007,2023-07-06,2.90674,6.705220000000001,0.4335040461013955,23.939166666666665,27.64,21.15,6.490000000000002,85.31083333333333,5.621666666666666,4
TNP_0007,2023-07-07,2.85548,6.74676,0.4232372279434869,23.91541666666667,27.67,21.05,6.620000000000001,84.89625,5.229166666666667,4
TNP_0007,2023-07-08,2.85588,7.03017,0.4062319972347752,24.06083333333333,29.34,20.12,9.22,80.62583333333333,3.5825,4
TNP_0007,2023-07-09,4.90899,7.04375,0.6969284826974268,25.01625,30.36,20.05,10.31,82.12208333333334,3.478333333333333,4
TNP_0007,2023-07-10,4.300050000000001,6.61792,0.6497585344035589,25.246666666666663,30.25,21.68,8.57,82.60875,2.874166666666667,4
TNP_0007,2023-07-11,3.35382,6.46588,0.5186950577492933,24.649583333333336,29.81,20.65,9.16,81.01333333333334,3.359166666666667,4
TNP_0007,2023-07-12,5.67561,6.60435,0.8593745031683663,24.417916666666667,30.56,19.65,10.91,77.44333333333334,4.115,4
TNP_0007,2023-07-13,3.54358,6.88284,0.5148427102765719,24.4025,29.8,19.69,10.11,77.35666666666667,4.275416666666667,4
TNP_0007,2023-07-14,5.27704,6.99793,0.7540858511016829,24.47375,30.28,20.89,9.39,79.43458333333334,4.52125,4
TNP_0007,2023-07-15,5.06358,6.914680000000001,0.7322941914882539,24.939166666666665,29.95,21.33,8.620000000000001,79.66333333333334,3.9454166666666666,4
TNP_0007,2023-07-16,4.97305,6.73152,0.738770738258224,25.3175,30.49,21.49,9.0,81.11041666666667,3.90375,4
TNP_0007,2023-07-17,4.49675,6.814940000000001,0.6598370638626311,25.155833333333334,29.26,21.69,7.57,82.14541666666666,4.79,4
TNP_0007,2023-07-18,5.05566,6.87584,0.7352788895611299,24.59083333333333,28.13,22.18,5.949999999999999,83.91916666666667,6.18125,4
TNP_0007,2023-07-19,3.85887,6.86831,0.5618369001981565,24.754583333333333,29.21,22.17,7.039999999999999,82.37625,6.825833333333333,4
TNP_0007,2023-07-20,5.01114,6.7758,0.7395643318870097,25.01833333333333,29.64,21.94,7.699999999999999,80.48291666666667,7.014166666666667,4
TNP_0007,2023-07-21,4.02366,6.67542,0.6027575792983811,24.56041666666667,28.73,21.87,6.859999999999999,81.32375,7.03875,4
TNP_0007,2023-07-22,2.68978,6.64647,0.4046930174965056,24.02375,27.8,21.18,6.620000000000001,80.97291666666668,6.901666666666666,4
TNP_0007,2023-07-23,2.5468800000000003,6.4544,0.3945959345562717,23.569166666666664,28.0,20.38,7.620000000000001,83.69583333333334,5.825833333333333,4
TNP_0007,2023-07-24,2.15958,6.53313,0.3305582469658494,23.297916666666666,27.56,20.69,6.869999999999997,85.47541666666666,6.159166666666667,4
TNP_0007,2023-07-25,2.51791,6.68205,0.3768169947845346,22.67833333333333,26.43,19.72,6.710000000000001,85.88708333333334,4.598333333333334,4
TNP_0007,2023-07-26,2.95201,6.53761,0.4515426891478689,23.835833333333337,28.53,19.69,8.84,83.01125,5.861249999999999,4
TNP_0007,2023-07-27,4.73322,6.89053,0.6869166813002774,23.91916666666667,28.78,20.57,8.21,80.68375,5.812916666666666,4
TNP_0007,2023-07-28,5.28747,6.93462,0.7624743677375256,24.3375,30.04,20.62,9.419999999999998,80.43333333333334,5.203333333333333,4
TNP_0007,2023-07-29,5.81671,7.01884,0.8287281089182827,24.90416666666667,30.69,20.53,10.16,79.15083333333334,5.210833333333333,4
TNP_0007,2023-07-30,5.53622,6.96127,0.7952887906948014,25.343333333333334,30.96,20.49,10.470000000000002,78.62625,5.039166666666667,4
TNP_0007,2023-07-31,5.303,6.878690000000001,0.7709316744903462,25.276666666666667,30.83,21.23,9.599999999999998,78.82208333333334,5.46125,4
TNP_0007,2023-08-01,5.62717,6.9564,0.8089198435972631,25.21,31.25,21.21,10.04,78.31875000000001,5.396249999999999,4
TNP_0007,2023-08-02,5.526,7.10774,0.7774623157290503,24.57,29.37,21.15,8.220000000000002,80.7675,4.993333333333333,4
TNP_0007,2023-08-03,5.0894200000000005,7.04602,0.7223113190141386,25.12875,31.0,21.12,9.88,80.10583333333334,5.064583333333333,4
TNP_0007,2023-08-04,5.3117600000000005,7.00748,0.7580128662514913,25.2675,30.97,21.15,9.82,80.24708333333334,4.8620833333333335,4
TNP_0007,2023-08-05,5.698390000000001,7.07642,0.8052645264130734,25.59625,31.47,21.08,10.39,77.62541666666667,4.650833333333334,4
TNP_0007,2023-08-06,5.92177,7.01864,0.8437204358679175,25.89708333333333,31.91,21.55,10.36,77.85000000000001,4.210416666666666,4
TNP_0007,2023-08-07,5.84953,6.96211,0.8401949983553836,25.68625,31.91,21.18,10.73,78.73916666666666,3.78625,4
TNP_0007,2023-08-08,4.99703,6.70898,0.7448270825073259,25.094583333333333,30.61,21.03,9.579999999999998,80.65625,3.3495833333333334,4
TNP_0007,2023-08-09,5.93019,6.69774,0.8854016429422462,25.35291666666667,30.64,21.33,9.310000000000002,80.45875,2.9945833333333334,4
TNP_0007,2023-08-10,5.41615,6.757560000000001,0.8014949182841143,24.910416666666663,29.04,21.82,7.219999999999999,84.07625,2.154583333333333,4
TNP_0007,2023-08-11,5.67499,6.69049,0.8482173951384727,25.895416666666662,30.65,21.69,8.959999999999997,80.73708333333333,2.1766666666666667,4
TNP_0007,2023-08-12,5.25892,6.86976,0.7655172815353083,24.79833333333333,28.65,21.81,6.84,83.35958333333333,2.9616666666666664,4
TNP_0007,2023-08-13,5.55855,6.64256,0.8368083991714039,25.4275,30.93,21.18,9.75,78.60583333333334,3.3425,4
TNP_0007,2023-08-14,5.5803400000000005,6.5712600000000005,0.8492039578406576,25.264166666666668,30.99,20.6,10.389999999999995,76.47083333333333,3.613333333333333,4
TNP_0007,2023-08-15,6.3928400000000005,6.87298,0.930140928680136,24.91208333333333,30.99,20.31,10.68,76.96833333333333,3.583333333333333,4
TNP_0007,2023-08-16,6.548979999999999,7.12549,0.9190918799970248,25.7825,32.36,20.03,12.329999999999998,75.72875,3.9325,4
TNP_0007,2023-08-17,5.69837,7.0681400000000005,0.8062050270651118,25.655833333333334,31.84,21.37,10.47,76.53333333333333,4.6937500000000005,4
TNP_0007,2023-08-18,4.87839,7.0237,0.6945612711249057,24.91625,30.25,20.99,9.260000000000002,78.5525,4.76,4
TNP_0007,2023-08-19,4.78739,6.85692,0.6981837326379775,25.2775,30.93,21.5,9.43,78.62291666666667,4.7908333333333335,4
TNP_0007,2023-08-20,5.91204,6.9993,0.8446616090180447,25.98708333333333,32.3,21.17,11.129999999999995,77.07333333333334,4.185,4
TNP_0007,2023-08-21,6.54411,7.138809999999999,0.9166947992732682,26.95958333333333,33.69,20.92,12.769999999999996,73.04291666666667,3.1750000000000003,4
TNP_0007,2023-08-22,6.15007,6.95031,0.8848626895778748,26.343333333333334,32.58,22.23,10.349999999999998,77.735,2.6933333333333334,4
TNP_0007,2023-08-23,6.7545,7.03462,0.9601797964922056,26.1575,33.41,21.86,11.549999999999995,75.53875000000001,3.4479166666666665,4
TNP_0007,2023-08-24,6.38848,7.21901,0.8849523688151145,25.964166666666667,32.77,21.61,11.160000000000004,75.13708333333334,3.865833333333333,4
TNP_0007,2023-08-25,6.2558,7.09957,0.881151957090359,25.258333333333336,31.49,21.17,10.319999999999997,75.5525,3.1975,4
TNP_0007,2023-08-26,6.25407,7.138599999999999,0.8760919508026784,26.09125,32.61,21.1,11.509999999999998,75.90666666666667,3.1575,4
TNP_0007,2023-08-27,5.42425,7.12414,0.7613901467405189,25.989166666666662,32.34,21.48,10.860000000000005,76.14125,3.266666666666667,4
TNP_0007,2023-08-28,5.519399999999999,7.053559999999999,0.7824984830355168,26.39916666666667,33.79,21.63,12.16,74.03041666666667,3.4141666666666666,4
TNP_0007,2023-08-29,5.54363,6.82362,0.8124177489367814,25.57166666666667,31.64,21.77,9.87,79.28666666666666,3.1804166666666664,4
TNP_0007,2023-08-30,5.56754,6.98017,0.7976224074771818,24.486666666666665,28.59,22.18,6.41,84.88458333333334,3.633333333333333,4
TNP_0007,2023-08-31,6.00009,7.06567,0.8491891073316473,25.329166666666666,30.68,22.17,8.509999999999998,80.84416666666667,3.2550000000000003,4
TNP_0007,2023-09-01,6.328189999999999,7.00965,0.9027825925688158,25.304166666666664,29.81,22.07,7.739999999999998,83.09041666666667,2.637083333333333,4
TNP_0007,2023-09-02,4.22674,6.935569999999999,0.609429361970249,24.36875,28.52,21.31,7.210000000000001,83.71666666666667,3.834583333333333,4
TNP_0007,2023-09-03,4.36183,6.86911,0.634992014977195,23.918333333333333,28.84,21.17,7.669999999999998,82.06875000000001,4.477083333333334,4
TNP_0007,2023-09-04,3.90408,6.86394,0.568781195639822,23.48,27.67,20.63,7.040000000000003,82.38166666666667,4.330416666666667,4
TNP_0007,2023-09-05,3.89487,6.854439999999999,0.5682258506894802,23.684166666666663,28.33,20.44,7.889999999999997,82.93124999999999,4.7091666666666665,4
TNP_0007,2023-09-06,3.90453,6.83749,0.5710472702702308,23.33458333333333,27.01,20.21,6.800000000000001,84.74541666666666,3.83,4
TNP_0007,2023-09-07,3.40164,6.8272,0.4982481837356456,23.39625,27.75,20.52,7.23,83.29041666666667,4.127916666666667,4
TNP_0007,2023-09-08,3.83732,7.0309800000000005,0.5457731354661797,24.45375,29.15,20.41,8.739999999999998,80.59458333333333,4.667083333333333,4
TNP_0007,2023-09-09,4.23514,7.06723,0.5992644925946942,24.65041666666667,29.99,21.56,8.43,81.77125,4.869583333333334,4
TNP_0007,2023-09-10,4.50141,6.915,0.6509631236442516,23.435,28.31,20.14,8.169999999999998,79.56541666666666,5.0616666666666665,4
TNP_0007,2023-09-11,4.88771,6.95579,0.7026822258866354,23.7625,29.14,20.12,9.02,80.38375,4.375416666666667,4
TNP_0007,2023-09-12,5.65013,7.02798,0.8039479338302045,24.43625,29.62,20.56,9.060000000000002,82.01791666666666,3.894166666666667,4
TNP_0007,2023-09-13,5.0513900000000005,6.9076900000000006,0.7312705115603045,25.33875,31.3,21.35,9.95,79.12166666666667,4.2404166666666665,4
TNP_0007,2023-09-14,4.62803,6.985609999999999,0.6625090722213236,23.987916666666667,28.38,20.42,7.959999999999997,83.78583333333333,4.155833333333333,4
TNP_0007,2023-09-15,3.64505,6.9609,0.5236463675674123,23.517916666666665,27.47,20.25,7.219999999999999,84.70583333333333,4.413333333333333,4
TNP_0007,2023-09-16,3.5445100000000003,7.05911,0.5021185390226247,24.566666666666663,29.67,21.49,8.180000000000003,82.52499999999999,4.07875,4
TNP_0007,2023-09-17,4.03433,6.79113,0.5940587207136367,24.772916666666664,30.1,21.32,8.780000000000001,83.80958333333334,3.38125,4
TNP_0007,2023-09-18,4.496689999999999,6.824,0.6589522274325907,24.935,30.54,21.25,9.29,83.65083333333332,3.8341666666666665,4
TNP_0007,2023-09-19,5.46063,6.774109999999999,0.806102941936284,24.852500000000003,29.64,21.61,8.030000000000001,84.66166666666668,3.673333333333333,4
TNP_0007,2023-09-20,5.39634,6.88563,0.783710423011402,24.41208333333333,29.38,21.34,8.04,84.12208333333334,3.2075,4
TNP_0007,2023-09-21,5.39886,6.80141,0.7937854062613487,23.93541666666667,28.51,21.19,7.32,85.1375,2.4704166666666665,4
TNP_0007,2023-09-22,4.25986,6.83039,0.6236627776744812,24.50375,29.4,21.2,8.2,85.94041666666668,2.8975000000000004,4
TNP_0007,2023-09-23,4.96658,6.7781,0.7327392632153552,24.496666666666663,29.52,21.22,8.3,85.09666666666666,3.65375,4
TNP_0007,2023-09-24,4.98049,6.86831,0.7251405367550386,23.839166666666667,27.26,21.54,5.720000000000002,87.10333333333334,2.965,4
TNP_0007,2023-09-25,5.64778,6.83944,0.8257664370182355,24.830416666666668,29.87,21.37,8.5,81.3,3.0875,4
TNP_0007,2023-09-26,3.75328,6.48512,0.5787525905457416,24.80333333333333,30.5,21.21,9.29,82.06791666666666,3.659583333333333,4
TNP_0007,2023-09-27,4.68362,6.83203,0.6855385588178038,24.14708333333333,30.12,20.45,9.670000000000002,80.12458333333333,3.890416666666667,4
TNP_0007,2023-09-28,3.22052,6.71482,0.4796137498845837,24.085,28.98,20.55,8.43,83.65625,4.432916666666666,4
TNP_0007,2023-09-29,2.63712,6.47504,0.407274704094492,23.00708333333333,26.74,20.37,6.369999999999997,87.81458333333335,4.629166666666666,4
TNP_0007,2023-09-30,2.76179,6.72754,0.4105200415010538,24.414583333333336,28.91,20.36,8.55,84.69083333333333,4.7908333333333335,4
TNP_0007,2023-10-01,2.7035,6.80249,0.3974280006291814,24.62,28.57,22.17,6.399999999999999,87.19041666666668,4.942916666666666,4
TNP_0007,2023-10-02,3.65407,6.6195200000000005,0.5520143454510297,24.585,29.24,21.33,7.91,85.87833333333333,3.9029166666666666,4
TNP_0007,2023-10-03,6.07671,6.75114,0.9001013162221492,24.9525,30.88,21.08,9.8,81.27499999999999,3.3716666666666666,4
TNP_0007,2023-10-04,5.6316,6.734019999999999,0.8362909525068236,24.99125,31.42,20.44,10.98,79.53333333333333,3.1941666666666664,4
TNP_0007,2023-10-05,6.52784,6.70867,0.9730453279114936,24.38458333333333,31.83,18.51,13.319999999999997,76.40166666666667,2.983333333333333,4
TNP_0007,2023-10-06,6.56054,6.74662,0.9724187815528368,24.236666666666665,31.6,18.2,13.400000000000002,72.5725,2.8216666666666668,4
TNP_0007,2023-10-07,6.36728,6.43312,0.989765463725222,24.450416666666666,31.74,18.9,12.84,74.17875,2.084583333333333,4
TNP_0007,2023-10-08,5.20062,6.0575600000000005,0.8585337990874212,25.28916666666667,31.85,20.01,11.84,80.46541666666667,2.2645833333333334,4
TNP_0007,2023-10-09,5.38701,6.03638,0.8924239362001729,25.00125,30.92,20.87,10.05,83.74625,2.087916666666666,4
TNP_0007,2023-10-10,5.378889999999999,6.22744,0.8637401564687897,24.95375,30.74,20.43,10.31,80.63208333333334,2.5141666666666667,4
TNP_0007,2023-10-11,3.97835,6.0342,0.6593003215007789,23.60291666666667,27.61,20.21,7.399999999999999,87.29166666666667,2.2475,4
TNP_0007,2023-10-12,4.04957,5.89354,0.6871201349273951,24.402916666666663,28.46,21.33,7.130000000000003,86.38458333333334,1.1758333333333333,4
TNP_0007,2023-10-13,5.18592,6.04196,0.8583174996193288,25.07208333333333,29.41,21.24,8.170000000000002,75.4475,1.3416666666666668,4
TNP_0007,2023-10-14,4.690939999999999,5.96104,0.7869331526042435,24.40125,28.68,21.01,7.669999999999998,84.47208333333333,1.0008333333333332,4
TNP_0007,2023-10-15,4.50605,6.17964,0.7291767805244319,23.29958333333333,25.49,21.7,3.789999999999999,92.60833333333332,1.5633333333333337,4
TNP_0007,2023-10-16,4.46949,5.8361,0.7658350610853137,24.14375,28.9,20.84,8.059999999999999,84.76208333333334,1.8245833333333328,4
TNP_0007,2023-10-17,5.40445,6.17075,0.8758173641777741,23.054166666666664,25.5,20.41,5.09,85.63375,1.225,4
TNP_0007,2023-10-18,4.66633,5.66601,0.823565436700606,25.027083333333334,29.38,20.81,8.57,78.61666666666666,1.7095833333333337,4
TNP_0007,2023-10-19,4.996090000000001,5.58613,0.894374101569423,25.07,29.98,20.82,9.16,77.59125,1.6579166666666667,4
TNP_0007,2023-10-20,5.17337,5.81113,0.8902519819725251,25.0925,30.29,20.18,10.11,77.7625,1.75875,4
TNP_0007,2023-10-21,4.73508,5.80736,0.8153584417015649,25.177916666666665,30.41,19.87,10.54,78.99875,1.8641666666666667,4
TNP_0007,2023-10-22,4.25129,5.7231000000000005,0.7428299348255315,25.079166666666666,30.1,20.87,9.23,79.77125,1.5783333333333334,4
TNP_0007,2023-10-23,4.07735,5.63242,0.7239073080487606,24.495,28.85,21.24,7.610000000000003,83.76791666666666,1.242916666666667,4
TNP_0007,2023-10-24,5.07547,5.80205,0.8747718478813522,24.96583333333333,30.15,21.17,8.979999999999997,80.52499999999999,1.3445833333333337,4
TNP_0007,2023-10-25,3.76441,5.461930000000001,0.6892087595410412,24.98333333333333,29.89,21.16,8.73,81.89291666666666,0.9329166666666668,4
TNP_0007,2023-10-26,4.417230000000001,5.51329,0.8011967445935188,25.002916666666668,29.57,20.95,8.620000000000001,81.84208333333333,1.299583333333333,4
TNP_0007,2023-10-27,4.3638900000000005,5.56208,0.7845787906682393,25.035416666666663,29.34,20.74,8.600000000000001,80.32666666666667,1.6608333333333334,4
TNP_0007,2023-10-28,5.13391,5.93682,0.8647575638136241,24.867500000000003,28.82,21.2,7.620000000000001,81.15666666666667,1.6879166666666665,4
TNP_0007,2023-10-29,4.24758,5.92541,0.7168415350161423,23.575833333333332,27.05,20.84,6.210000000000001,87.77,2.17875,4
TNP_0007,2023-10-30,4.20959,5.99406,0.7022936040012947,22.92333333333333,26.83,20.38,6.449999999999999,89.54458333333334,2.21125,4
TNP_0007,2023-10-31,4.46977,5.46512,0.8178722516614456,23.48,27.76,20.26,7.5,84.89166666666667,2.02625,4
TNP_0007,2023-11-01,4.84362,5.75988,0.8409237692451925,24.68583333333333,28.54,20.28,8.259999999999998,85.04458333333334,1.6704166666666669,4
TNP_0007,2023-11-02,4.386010000000001,6.07031,0.7225347634634806,24.40416666666667,28.88,21.21,7.669999999999998,83.57041666666667,1.9316666666666664,4
TNP_0007,2023-11-03,4.89145,5.92791,0.825155914985214,24.1,28.16,21.06,7.100000000000001,88.08625,1.9708333333333328,4
TNP_0007,2023-11-04,3.2642800000000003,5.93174,0.5503073297211275,24.40458333333333,28.8,21.08,7.720000000000002,87.28041666666667,1.0670833333333334,4
TNP_0007,2023-11-05,3.965,6.0324,0.6572839997347656,22.60625,24.57,20.79,3.780000000000001,92.5975,1.0279166666666668,4
TNP_0007,2023-11-06,4.76082,6.01253,0.7918164233691973,24.6275,29.04,20.72,8.32,82.13541666666667,0.5754166666666667,4
TNP_0007,2023-11-07,4.71771,5.88994,0.8009775990926903,23.6225,26.89,20.84,6.050000000000001,90.9925,1.65625,4
TNP_0007,2023-11-08,4.554930000000001,5.981109999999999,0.7615526215033667,24.080416666666668,27.76,20.95,6.810000000000002,86.65041666666667,1.2483333333333333,4
TNP_0007,2023-11-09,3.94753,5.860519999999999,0.67358016012231,22.72583333333333,25.92,19.63,6.290000000000003,89.63875,2.14625,4
TNP_0007,2023-11-10,4.559189999999999,5.7974000000000006,0.7864197743816191,23.183333333333334,27.28,19.57,7.710000000000001,87.68374999999999,2.605,4
TNP_0007,2023-11-11,5.28419,5.60621,0.9425601252896342,22.772916666666664,27.06,18.61,8.45,86.21,2.7062500000000003,4
TNP_0007,2023-11-12,5.05159,5.85106,0.8633632196559257,22.11875,26.52,17.88,8.64,81.94166666666666,2.55875,4
TNP_0007,2023-11-13,5.51274,5.693779999999999,0.9682038996940522,23.08791666666667,26.95,17.73,9.22,84.24666666666667,2.3191666666666664,4
TNP_0007,2023-11-14,3.95429,5.65779,0.6989107054167792,21.657083333333333,25.87,18.95,6.920000000000002,83.20416666666667,2.650416666666666,4
TNP_0007,2023-11-15,5.027340000000001,5.5551900000000005,0.9049807477332008,23.84958333333333,27.74,18.8,8.939999999999998,78.55083333333333,1.1933333333333334,4
TNP_0007,2023-11-16,4.95777,5.40132,0.91788118459932,24.03125,27.17,20.73,6.440000000000001,84.645,1.1408333333333334,4
TNP_0007,2023-11-17,4.9802100000000005,5.4497,0.9138503036864416,24.309166666666663,28.42,20.45,7.970000000000002,85.57083333333333,1.784166666666667,4
TNP_0007,2023-11-18,4.44151,5.64584,0.7866871891516586,24.46625,28.93,20.22,8.71,86.43458333333332,2.566666666666667,4
TNP_0007,2023-11-19,4.90477,5.7353000000000005,0.8551897895489338,23.450416666666666,27.99,20.42,7.569999999999997,86.38916666666667,3.015,4
TNP_0007,2023-11-20,4.63102,5.757029999999999,0.804411302355555,24.2475,28.49,20.34,8.149999999999999,82.03875000000001,1.69625,4
TNP_0007,2023-11-21,5.232270000000001,5.70979,0.9163682026834612,24.7375,28.59,20.7,7.890000000000001,86.19958333333334,1.35875,4
TNP_0007,2023-11-22,4.19946,5.348409999999999,0.7851791466996735,23.484583333333333,25.87,21.7,4.170000000000002,92.93666666666668,1.6108333333333331,4
TNP_0007,2023-11-23,3.54208,5.61812,0.6304742511729902,23.32958333333333,26.94,20.85,6.09,91.02875,2.8095833333333338,4
TNP_0007,2023-11-24,3.809930000000001,5.682189999999999,0.6705038022311821,23.29416666666667,26.14,20.61,5.530000000000001,90.04041666666666,2.5070833333333336,4
TNP_0007,2023-11-25,4.96305,5.72616,0.8667326794920156,23.59625,27.17,20.93,6.240000000000002,89.51333333333334,3.10125,4
TNP_0007,2023-11-26,4.72706,5.60449,0.8434415977189716,23.32375,26.9,20.77,6.129999999999999,90.37166666666668,3.95,4
TNP_0007,2023-11-27,5.23043,5.68582,0.91990777055904,23.512916666666666,27.95,20.2,7.75,88.25666666666666,3.1045833333333337,4
TNP_0007,2023-11-28,5.1474400000000005,5.65577,0.9101218755359572,23.544583333333332,27.19,20.09,7.100000000000001,89.81,2.617083333333333,4
TNP_0007,2023-11-29,4.37008,5.58284,0.7827700596828854,22.66916666666667,26.48,19.68,6.800000000000001,90.82833333333332,2.5675,4
TNP_0007,2023-11-30,4.502650000000001,5.66831,0.7943549311876028,22.7675,26.83,19.68,7.149999999999999,88.87458333333332,2.4766666666666666,4
TNP_0007,2023-12-01,4.99193,5.63717,0.8855383108900388,23.895416666666662,28.01,19.52,8.490000000000002,86.02833333333332,1.9083333333333328,4
TNP_0007,2023-12-02,4.98808,5.44646,0.9158389118803774,24.26125,28.02,20.68,7.34,79.57833333333333,1.2691666666666668,4
TNP_0007,2023-12-03,4.121239999999999,5.5686,0.7400854792946161,24.91708333333333,29.87,21.08,8.790000000000003,85.67958333333333,1.815416666666667,4
TNP_0007,2023-12-04,3.98438,5.50891,0.7232610443808303,24.6525,29.77,20.79,8.98,85.86583333333334,2.0391666666666666,4
TNP_0007,2023-12-05,4.263979999999999,5.50344,0.7747844984228045,24.272916666666664,29.23,20.54,8.690000000000001,87.34750000000001,2.0283333333333333,4
TNP_0007,2023-12-06,5.23517,5.5886700000000005,0.9367470256787392,24.222916666666663,29.23,20.67,8.559999999999999,85.88583333333334,1.5354166666666669,4
TNP_0007,2023-12-07,4.65608,5.429270000000001,0.857588589257856,24.53125,29.08,20.51,8.569999999999997,86.48958333333333,1.3558333333333332,4
TNP_0007,2023-12-08,4.16696,5.39119,0.7729202643572199,23.339166666666667,24.98,21.88,3.1000000000000014,95.325,1.0375,4
TNP_0007,2023-12-09,4.2296000000000005,5.45944,0.7747314742904036,22.95125,25.52,20.64,4.879999999999999,91.56125,2.6045833333333333,4
TNP_0007,2023-12-10,4.60489,5.32939,0.8640557362099602,23.20625,27.69,20.33,7.360000000000003,87.83291666666668,2.737083333333333,4
TNP_0007,2023-12-11,3.80119,5.12074,0.7423126345020447,22.58458333333333,27.1,19.74,7.360000000000003,86.02541666666667,2.48625,4
TNP_0007,2023-12-12,3.88781,4.66313,0.8337339941198294,22.28458333333333,26.11,19.14,6.969999999999999,89.71708333333333,2.3783333333333334,4
TNP_0007,2023-12-13,4.05797,4.90499,0.8273146326496079,21.79583333333333,26.56,17.61,8.95,87.11916666666667,2.754583333333333,4
TNP_0007,2023-12-14,5.11536,5.32477,0.960672479750299,21.141666666666666,26.49,17.39,9.099999999999998,83.08958333333334,3.0825,4
TNP_0007,2023-12-15,4.53662,5.3406400000000005,0.8494525000748974,22.839166666666667,27.4,17.21,10.189999999999998,88.55208333333333,2.339166666666667,4
TNP_0007,2023-12-16,4.25573,5.42756,0.7840963526888693,23.797083333333333,28.12,20.22,7.900000000000002,87.18,3.142916666666667,4
TNP_0007,2023-12-17,2.62284,5.31625,0.4933628027274865,22.3125,25.5,19.99,5.510000000000002,92.52958333333332,3.89125,4
TNP_0007,2023-12-18,2.78149,5.430429999999999,0.5122043742392408,21.4125,24.13,19.29,4.84,91.84208333333332,4.194583333333333,4
TNP_0007,2023-12-19,4.805149999999999,5.45362,0.8810936588907917,20.817083333333333,23.72,18.54,5.18,87.89583333333333,3.7916666666666665,4
TNP_0007,2023-12-20,5.1978800000000005,5.659350000000001,0.9184588336116338,22.15041666666667,26.79,18.18,8.61,86.65458333333333,3.3820833333333336,4
TNP_0007,2023-12-21,4.14921,5.35791,0.7744083047307626,22.519583333333333,26.92,18.98,7.940000000000001,90.14333333333332,3.1479166666666667,4
TNP_0007,2023-12-22,4.7321,5.27274,0.8974650750843015,22.8025,27.92,18.98,8.940000000000001,87.30291666666666,2.68125,4
TNP_0007,2023-12-23,4.27478,5.06991,0.8431668412259783,20.4625,25.52,15.61,9.91,84.23166666666667,3.004583333333333,4
TNP_0007,2023-12-24,5.36024,5.50884,0.9730251740838362,21.740416666666665,26.2,15.29,10.91,85.81583333333333,2.9066666666666667,4
TNP_0007,2023-12-25,4.59114,5.56553,0.824924131214817,22.828333333333333,27.87,18.63,9.240000000000002,87.59833333333334,4.198333333333333,4
TNP_0007,2023-12-26,5.86683,5.93312,0.9888271263685886,21.325416666666666,27.29,17.27,10.02,82.1675,3.938333333333333,4
TNP_0007,2023-12-27,5.88878,5.98903,0.9832610623089216,21.71375,27.74,17.15,10.59,81.21458333333334,4.035416666666666,4
TNP_0007,2023-12-28,4.690390000000001,5.67785,0.8260855781677925,22.754583333333333,28.21,17.42,10.79,85.47208333333333,4.10875,4
TNP_0007,2023-12-29,4.78782,5.629269999999999,0.8505223590270143,22.94833333333333,28.18,19.22,8.96,85.37541666666665,4.029583333333333,4
TNP_0007,2023-12-30,3.9768,5.61143,0.7086963572565281,21.5625,26.88,17.18,9.7,85.99416666666667,3.617083333333333,4
TNP_0007,2023-12-31,5.42976,5.75263,0.943874367028646,21.640833333333333,27.16,16.96,10.2,80.565,3.125833333333333,4
TNP_0007,2024-01-01,4.07366,5.21328,0.7814005769879999,22.37291666666667,27.86,17.61,10.25,80.84791666666666,2.2954166666666667,4
TNP_0007,2024-01-02,4.64892,4.99638,0.93045765133957,22.200833333333332,26.79,18.53,8.259999999999998,83.46875,2.525,4
TNP_0007,2024-01-03,3.4433199999999995,4.655279999999999,0.7396590538055713,22.4425,27.14,18.44,8.7,84.11749999999999,2.05875,4
TNP_0007,2024-01-04,3.95202,5.291180000000001,0.7469071171269924,22.576666666666668,26.56,19.51,7.049999999999997,89.63166666666666,2.1241666666666665,4
TNP_0007,2024-01-05,3.44599,5.24862,0.6565516269038338,22.83791666666667,26.88,19.69,7.189999999999998,88.26708333333333,2.3404166666666666,4
TNP_0007,2024-01-06,4.48001,5.33623,0.8395458966348902,22.00708333333333,25.71,18.99,6.720000000000002,86.87291666666665,2.500833333333333,4
TNP_0007,2024-01-07,4.15523,5.4407,0.763730769937692,22.78375,26.88,18.69,8.189999999999998,83.95083333333334,3.1016666666666666,4
TNP_0007,2024-01-08,4.18595,5.49374,0.7619490547423067,22.9575,27.12,19.78,7.34,88.13875,3.9958333333333336,4
TNP_0007,2024-01-09,2.812,5.36342,0.524292335860328,21.988333333333333,26.07,19.04,7.030000000000001,90.01541666666667,4.014166666666667,4
TNP_0007,2024-01-10,4.63346,5.472720000000001,0.8466466400619801,21.562083333333334,25.63,18.17,7.459999999999997,84.69166666666666,3.4579166666666663,4
TNP_0007,2024-01-11,5.328399999999999,5.7304200000000005,0.9298445838175908,21.56375,27.46,17.68,9.78,80.93666666666667,3.9904166666666665,4
TNP_0007,2024-01-12,5.697850000000001,5.91708,0.96294963056102,21.723333333333333,27.68,17.25,10.43,82.26375,4.141666666666667,4
TNP_0007,2024-01-13,5.47369,5.79261,0.9449436437115566,22.357916666666668,28.08,17.04,11.04,81.25916666666667,3.3979166666666667,4
TNP_0007,2024-01-14,5.12739,5.20823,0.9844784120516952,22.44666666666667,29.15,17.42,11.729999999999997,79.42833333333333,2.7329166666666667,4
TNP_0007,2024-01-15,5.10374,5.147309999999999,0.991535384501808,21.817083333333333,28.65,16.38,12.27,78.19083333333333,2.3625000000000003,4
TNP_0007,2024-01-16,5.36652,5.47596,0.9800144632174086,21.78458333333333,28.3,16.24,12.060000000000002,78.00083333333333,1.9566666666666668,4
TNP_0007,2024-01-17,5.47145,5.67678,0.9638298472021112,21.61791666666667,28.23,15.32,12.91,74.87083333333334,1.8825,4
TNP_0007,2024-01-18,5.67742,5.70044,0.995961715236017,22.343333333333334,28.68,15.27,13.41,71.6125,1.7033333333333334,4
TNP_0007,2024-01-19,5.60529,5.73434,0.9774952304886002,23.75958333333333,29.96,17.64,12.32,78.33458333333333,2.1245833333333333,4
TNP_0007,2024-01-20,5.38848,5.75921,0.9356283240236072,23.831666666666667,29.57,19.16,10.41,81.13166666666667,2.6845833333333338,4
TNP_0007,2024-01-21,5.822760000000001,5.89775,0.9872849815607648,23.441666666666663,30.04,18.31,11.73,74.90208333333334,2.523333333333333,4
TNP_0007,2024-01-22,5.97551,5.98369,0.9986329505706344,23.578333333333333,30.64,18.14,12.5,74.61291666666666,2.4433333333333334,4
TNP_0007,2024-01-23,5.84546,5.88436,0.993389255585994,23.22833333333333,30.01,18.0,12.010000000000002,75.57958333333333,2.0875,4
TNP_0007,2024-01-24,5.64371,5.81802,0.9700396354773618,23.879166666666663,30.13,18.28,11.849999999999998,76.10541666666667,1.3495833333333334,4
TNP_0007,2024-01-25,5.69157,5.85438,0.97219005257602,23.22958333333333,29.77,17.81,11.96,73.83625,2.43,4
TNP_0007,2024-01-26,6.20923,6.2751,0.9895029561281892,22.67625,30.06,17.59,12.47,72.27708333333334,3.217083333333333,4
TNP_0007,2024-01-27,6.145980000000001,6.32929,0.9710378257276884,22.89333333333333,30.06,17.81,12.25,70.79708333333333,3.5025,4
TNP_0007,2024-01-28,5.957230000000001,6.1629700000000005,0.9666167448486688,23.0275,30.23,17.31,12.920000000000002,72.41083333333334,3.225,4
TNP_0007,2024-01-29,5.70411,6.06403,0.9406467316289664,22.40416666666667,30.74,15.51,15.23,69.015,2.7608333333333337,4
TNP_0007,2024-01-30,5.97016,6.133859999999999,0.973312074289273,23.60833333333333,31.42,15.23,16.19,66.16875,1.87125,4
TNP_0007,2024-01-31,5.79579,6.02697,0.9616424173340832,24.06083333333333,31.9,17.68,14.22,72.915,1.6854166666666668,4
TNP_0007,2024-02-01,5.7615,6.05426,0.9516439663972144,24.839166666666667,32.92,18.65,14.270000000000003,68.06,1.41625,4
TNP_0007,2024-02-02,5.63042,6.00829,0.9371085616706252,25.34625,32.15,19.67,12.479999999999997,70.63125000000001,1.2341666666666666,4
TNP_0007,2024-02-03,5.38481,5.64834,0.9533438142888,25.319166666666664,32.37,19.19,13.179999999999996,71.53625,2.6241666666666665,4
TNP_0007,2024-02-04,6.12121,6.22534,0.9832732027487654,23.835,32.01,17.37,14.639999999999995,67.07875,3.105833333333333,4
TNP_0007,2024-02-05,6.4368,6.44825,0.9982243244291088,23.26875,32.2,16.58,15.620000000000005,65.71541666666667,3.30875,4
TNP_0007,2024-02-06,6.52663,6.52963,0.9995405558967352,23.33833333333333,32.4,16.36,16.04,66.78375,3.355,4
TNP_0007,2024-02-07,6.66483,6.69688,0.9952141892941192,23.511666666666667,33.01,16.06,16.95,63.15166666666667,3.1979166666666665,4
TNP_0007,2024-02-08,6.06483,6.667260000000001,0.9096435417247865,23.988333333333333,33.75,15.62,18.130000000000003,61.35083333333333,2.955833333333333,4
TNP_0007,2024-02-09,6.47763,6.495220000000001,0.9972918546254014,23.769166666666667,32.73,16.67,16.059999999999995,65.66083333333334,3.3929166666666664,4
TNP_0007,2024-02-10,6.05809,6.3035,0.9610676608233522,24.2475,32.26,17.57,14.689999999999998,67.78791666666667,3.841666666666667,4
TNP_0007,2024-02-11,6.32148,6.38595,0.9899043995020318,23.925416666666667,32.74,16.38,16.360000000000003,66.86916666666666,3.796666666666667,4
TNP_0007,2024-02-12,6.75342,6.76974,0.997589272261564,23.495416666666667,32.7,16.2,16.500000000000004,64.15958333333333,3.891666666666667,4
TNP_0007,2024-02-13,6.37252,6.66455,0.95618158765408,24.52416666666667,32.45,17.46,14.990000000000002,65.6875,3.4916666666666667,4
TNP_0007,2024-02-14,5.9377200000000006,6.45192,0.9203027935870252,24.965,33.06,18.12,14.94,65.18541666666667,3.6833333333333336,4
TNP_0007,2024-02-15,6.34759,6.57859,0.9648860926125508,24.401666666666667,32.81,17.93,14.880000000000004,63.81958333333333,3.974166666666666,4
TNP_0007,2024-02-16,6.6231,6.73168,0.9838702968649728,24.629583333333333,33.22,18.01,15.209999999999996,64.88083333333334,3.923333333333333,4
TNP_0007,2024-02-17,6.64311,6.6752,0.9951926534036432,24.957083333333333,34.11,17.7,16.41,60.24,3.03375,4
TNP_0007,2024-02-18,6.653320000000001,6.7304200000000005,0.9885445484828584,24.85458333333333,34.07,17.45,16.62,58.45166666666666,2.75125,4
TNP_0007,2024-02-19,6.62758,6.663519999999999,0.9946064542464044,25.85,33.86,18.66,15.2,63.03083333333333,2.705833333333333,4
TNP_0007,2024-02-20,6.38956,6.4922,0.984190259080127,26.59583333333333,34.15,20.04,14.11,62.66375,2.1166666666666667,4
TNP_0007,2024-02-21,5.83847,6.24833,0.9344048729820608,27.258333333333336,34.91,21.3,13.609999999999996,63.92916666666667,1.8458333333333328,4
TNP_0007,2024-02-22,5.89838,6.1462200000000005,0.9596760285183412,26.999166666666667,35.84,20.04,15.800000000000004,59.11083333333334,2.313333333333333,4
TNP_0007,2024-02-23,6.47333,6.53619,0.9903827765104748,27.25375,36.33,19.74,16.59,57.989583333333336,2.11375,4
TNP_0007,2024-02-24,5.75878,6.18469,0.9311347860604168,27.770416666666662,35.31,20.11,15.200000000000005,59.088750000000005,1.2945833333333334,4
TNP_0007,2024-02-25,6.10981,6.22292,0.9818236454911844,27.089166666666667,35.05,20.39,14.659999999999997,57.71666666666667,3.2862500000000003,4
TNP_0007,2024-02-26,6.04287,6.565300000000001,0.9204255708040758,26.85875,34.79,20.32,14.47,56.9725,4.860833333333333,4
TNP_0007,2024-02-27,6.10271,6.7085,0.9096981441454872,27.164583333333336,34.41,20.53,13.879999999999995,58.779583333333335,4.297916666666667,4
TNP_0007,2024-02-28,6.913390000000001,6.94515,0.9954270246142992,26.855416666666667,35.86,20.23,15.63,52.09291666666667,3.481666666666667,4
TNP_0007,2024-02-29,6.8388,6.89932,0.9912281210322176,26.820000000000004,35.52,19.59,15.930000000000003,48.39791666666667,3.3975000000000004,4
TNP_0007,2024-03-01,6.37656,6.82541,0.9342383827491684,25.29958333333333,32.9,18.33,14.57,52.67291666666667,3.5087500000000005,4
TNP_0007,2024-03-02,5.59059,6.99183,0.7995889488159752,26.82875,35.41,17.91,17.499999999999996,41.69458333333333,2.3729166666666663,4
TNP_0007,2024-03-03,6.75263,6.85594,0.9849313150348458,27.36958333333333,36.22,20.04,16.18,44.30083333333334,1.9891666666666667,4
TNP_0007,2024-03-04,6.80995,6.8948,0.987693624180542,28.36708333333333,37.37,20.12,17.249999999999996,46.937916666666666,1.7083333333333333,4
TNP_0007,2024-03-05,6.837680000000001,6.87982,0.9938748397487144,28.45875,37.5,20.14,17.36,43.8475,1.981666666666667,4
TNP_0007,2024-03-06,6.09984,6.55215,0.93096769762597,28.67458333333333,37.32,21.43,15.89,44.76458333333333,1.6345833333333333,4
TNP_0007,2024-03-07,6.59976,6.73157,0.9804191295641284,28.60833333333333,37.65,21.72,15.93,41.564166666666665,1.8220833333333333,4
TNP_0007,2024-03-08,6.47071,6.673640000000001,0.969592306447456,29.10875,37.56,21.84,15.720000000000002,48.57083333333333,1.3070833333333334,4
TNP_0007,2024-03-09,6.41581,6.66846,0.9621126916859364,29.570000000000004,37.94,21.8,16.139999999999997,48.07208333333333,1.3116666666666668,4
TNP_0007,2024-03-10,6.02834,6.61605,0.9111690510198684,29.53125,37.38,22.6,14.78,46.64041666666666,1.492916666666667,4
TNP_0007,2024-03-11,6.30591,6.40352,0.9847568212483132,29.367916666666662,37.0,21.95,15.05,43.41291666666667,2.2566666666666664,4
TNP_0007,2024-03-12,6.5278,6.618399999999999,0.9863108908497524,28.993333333333336,37.23,22.01,15.219999999999995,43.67458333333334,2.48,4
TNP_0007,2024-03-13,5.7255,6.56216,0.8725023467882528,29.01125,37.54,22.39,15.15,53.5275,1.595,4
TNP_0007,2024-03-14,5.9000200000000005,6.5359,0.9027096497804435,29.29958333333333,37.2,22.59,14.610000000000005,58.57750000000001,1.9575,4
TNP_0007,2024-03-15,5.8245,6.56709,0.8869225181929895,30.06458333333333,38.0,22.73,15.27,51.0925,1.41625,4
TNP_0007,2024-03-16,5.93824,6.64831,0.8931954135712684,29.28625,37.91,21.59,16.319999999999997,43.42291666666667,2.0658333333333334,4
TNP_0007,2024-03-17,6.67779,7.210529999999999,0.9261163881157142,28.760416666666668,37.49,20.89,16.6,40.52291666666667,2.464583333333333,4
TNP_0007,2024-03-18,6.92079,7.14151,0.9690933710097724,28.815416666666668,37.38,21.95,15.430000000000003,40.25291666666666,2.0316666666666667,4
TNP_0007,2024-03-19,7.0715200000000005,7.17045,0.9862030974346102,29.019166666666667,37.75,21.95,15.8,37.64375,2.2279166666666668,4
TNP_0007,2024-03-20,6.934159999999999,7.15772,0.9687665904785322,28.922916666666666,37.96,21.55,16.41,40.92166666666667,2.1750000000000003,4
TNP_0007,2024-03-21,6.64801,6.8782,0.9665333953650664,29.3125,36.93,21.31,15.62,47.76916666666667,2.86125,4
TNP_0007,2024-03-22,6.16812,6.7670200000000005,0.9114972321642316,29.86083333333333,37.53,22.81,14.720000000000002,48.11416666666667,2.3508333333333336,4
TNP_0007,2024-03-23,6.39627,6.69103,0.9559469917187638,29.699166666666667,37.48,22.63,14.849999999999998,46.61625,2.42,4
TNP_0007,2024-03-24,6.74032,7.23481,0.9316512804068108,29.151666666666667,37.85,20.76,17.09,39.17041666666666,3.2016666666666667,4
TNP_0007,2024-03-25,7.20817,7.23168,0.9967490265055976,29.07208333333333,37.6,20.14,17.46,37.13916666666667,3.2375000000000003,4
TNP_0007,2024-03-26,6.96641,7.13266,0.9766917251067624,29.06625,38.22,21.15,17.07,30.357083333333332,2.75,4
TNP_0007,2024-03-27,7.16176,7.289470000000001,0.9824802077517296,28.813333333333333,38.23,21.16,17.069999999999997,31.89208333333333,2.489583333333333,4
TNP_0007,2024-03-28,6.95738,7.139309999999999,0.9745171452143137,30.20875,39.24,21.3,17.94,44.67,1.9920833333333332,4
TNP_0007,2024-03-29,6.386340000000001,6.921270000000001,0.9227121612074084,30.543333333333333,38.84,23.7,15.140000000000004,44.45541666666667,2.2654166666666664,4
TNP_0007,2024-03-30,6.90653,7.17249,0.9629194324425688,30.40416666666667,38.51,23.67,14.839999999999996,44.213750000000005,2.14125,4
TNP_0007,2024-03-31,6.54,6.92341,0.9446212198901986,30.379583333333333,38.86,23.35,15.509999999999998,46.75875,1.0166666666666666,4
TNP_0007,2024-04-01,6.68136,7.05923,0.9464714990161815,30.890833333333333,39.53,23.87,15.66,50.36625,1.5424999999999998,4
TNP_0007,2024-04-02,6.579,6.938890000000001,0.9481343557831294,31.076666666666668,39.68,24.14,15.54,53.79,1.8012499999999998,4
TNP_0007,2024-04-03,5.89487,6.88851,0.8557540019539784,30.973333333333333,39.58,24.33,15.25,52.98166666666666,1.805416666666667,4
TNP_0007,2024-04-04,6.54825,7.12912,0.9185215005498576,31.19458333333333,39.65,24.39,15.259999999999998,52.12833333333333,1.9333333333333331,4
TNP_0007,2024-04-05,6.89192,7.07715,0.9738270348939898,31.76083333333333,40.47,24.63,15.84,48.37375,1.6091666666666666,4
TNP_0007,2024-04-06,6.83125,7.1394400000000005,0.9568327487870196,30.782916666666665,38.11,24.56,13.55,48.059583333333336,2.06,4
TNP_0007,2024-04-07,6.672689999999999,7.19832,0.9269787950521788,31.215416666666663,39.74,24.36,15.380000000000004,50.40833333333333,2.075416666666667,4
TNP_0007,2024-04-08,6.8331,7.117520000000001,0.9600394519439356,31.894166666666667,40.34,24.59,15.750000000000004,47.07791666666666,1.5154166666666666,4
TNP_0007,2024-04-09,6.65484,6.97261,0.954425961010296,31.05958333333333,39.08,23.74,15.34,44.14208333333334,3.1141666666666663,4
TNP_0007,2024-04-10,6.83006,6.95458,0.9820952523373084,30.762916666666666,38.6,23.14,15.46,45.4375,3.080416666666667,4
TNP_0007,2024-04-11,6.17637,7.034980000000001,0.8779513232446998,30.7325,38.84,23.62,15.220000000000002,53.17916666666667,2.5900000000000003,4
TNP_0007,2024-04-12,4.95976,5.99179,0.82775931733255,28.75208333333333,35.67,22.98,12.69,67.47416666666668,2.69125,4
TNP_0007,2024-04-13,5.94804,6.79331,0.8755731741963785,28.435416666666665,35.22,22.49,12.73,65.36958333333332,2.245833333333333,4
TNP_0007,2024-04-14,6.40781,7.09649,0.902954841055226,28.784166666666668,36.49,22.29,14.200000000000005,57.66875,2.88625,4
TNP_0007,2024-04-15,6.98419,7.20983,0.9687038390641666,29.765833333333333,37.71,21.83,15.880000000000004,53.80166666666667,3.108333333333333,4
TNP_0007,2024-04-16,5.79958,7.03942,0.8238718530788047,30.334166666666665,38.27,22.77,15.500000000000004,55.4,2.497916666666667,4
TNP_0007,2024-04-17,6.25348,6.95308,0.8993827196005223,30.3,37.6,25.15,12.450000000000005,63.45625,2.3058333333333336,4
TNP_0007,2024-04-18,5.4478,6.37069,0.8551350010752368,29.47375,36.0,25.02,10.98,65.78041666666667,2.8395833333333336,4
TNP_0007,2024-04-19,5.44295,6.60972,0.8234766374369866,29.49625,35.72,24.93,10.79,65.92291666666667,2.799583333333333,4
TNP_0007,2024-04-20,4.95671,6.774439999999999,0.7316781903744074,30.785416666666663,38.71,24.21,14.5,57.38916666666666,2.308333333333333,4
TNP_0007,2024-04-21,6.21943,6.8925600000000005,0.902339624174472,31.587083333333336,39.48,23.96,15.519999999999996,54.21666666666667,1.6216666666666668,4
TNP_0007,2024-04-22,6.251519999999999,6.99601,0.8935836283824636,30.46625,37.73,25.2,12.529999999999998,60.01041666666666,2.1866666666666665,4
TNP_0007,2024-04-23,6.589390000000001,7.01783,0.9389497893223404,30.680833333333336,37.82,25.07,12.75,53.59708333333333,1.549583333333333,4
TNP_0007,2024-04-24,5.779859999999999,7.22044,0.8004858429680185,30.10458333333333,36.67,23.8,12.87,53.42166666666666,1.5287499999999998,4
TNP_0007,2024-04-25,6.7569,6.95685,0.9712585437374672,31.217916666666667,38.3,23.48,14.819999999999997,49.517500000000005,2.3875,4
TNP_0007,2024-04-26,6.48047,6.89706,0.939598901560955,31.38125,39.24,25.22,14.020000000000003,49.16416666666667,1.9441666666666664,4
TNP_0007,2024-04-27,6.92336,7.22921,0.9576924726214896,31.172083333333333,38.86,25.02,13.84,46.15916666666666,1.8554166666666667,4
TNP_0007,2024-04-28,7.1208100000000005,7.214900000000001,0.9869589322097326,32.01,40.2,24.55,15.650000000000002,43.91583333333333,2.1529166666666666,4
TNP_0007,2024-04-29,6.91584,7.22784,0.9568335768362332,32.04416666666666,40.97,24.81,16.16,42.79291666666666,1.893333333333333,4
TNP_0007,2024-04-30,6.016220000000001,6.84246,0.8792481066750848,31.6675,41.05,24.61,16.439999999999998,55.142500000000005,2.674166666666667,4
TNP_0007,2024-05-01,5.89109,7.00872,0.8405372164960221,31.88875,40.87,25.07,15.799999999999995,58.06625,3.2458333333333336,4
TNP_0007,2024-05-02,6.25088,6.76742,0.9236725369490884,32.157916666666665,40.06,25.74,14.320000000000004,57.47833333333333,3.16,4
TNP_0007,2024-05-03,5.1107700000000005,6.42971,0.7948678867320611,30.17625,36.88,25.06,11.820000000000004,64.34958333333333,3.837916666666666,4
TNP_0007,2024-05-04,5.43267,6.560779999999999,0.8280524571773479,29.894166666666667,38.39,23.53,14.86,58.805416666666666,2.969583333333333,4
TNP_0007,2024-05-05,5.99274,6.77049,0.8851264827213392,30.012916666666666,38.73,23.51,15.219999999999995,59.85541666666666,3.5708333333333333,4
TNP_0007,2024-05-06,6.49805,6.83788,0.9503018479411748,30.675416666666667,39.6,23.65,15.950000000000005,56.00333333333333,3.655,4
TNP_0007,2024-05-07,6.623069999999999,6.83617,0.9688275745044372,30.13583333333333,38.63,24.8,13.830000000000002,60.035,2.526666666666667,4
TNP_0007,2024-05-08,5.66635,6.57331,0.8620238509974427,29.78375,35.68,24.47,11.21,63.45416666666667,1.68375,4
TNP_0007,2024-05-09,5.2990900000000005,6.15365,0.8611295735051556,28.804583333333337,34.81,24.35,10.46,69.19083333333333,1.1058333333333332,4
TNP_0007,2024-05-10,4.3757600000000005,6.72102,0.6510559409137304,26.795,30.91,23.61,7.300000000000001,77.54333333333334,0.97125,4
TNP_0007,2024-05-11,5.48617,6.6913800000000005,0.8198861819236092,27.96875,32.99,23.6,9.39,75.37916666666666,1.247083333333333,4
TNP_0007,2024-05-12,5.277360000000001,6.88725,0.7662506806054667,27.18375,31.22,24.19,7.029999999999998,78.85958333333333,0.87875,4
TNP_0007,2024-05-13,4.12209,6.78143,0.6078496718243792,26.90625,30.9,23.55,7.349999999999998,78.90124999999999,1.5883333333333332,4
TNP_0007,2024-05-14,3.63494,6.44269,0.5641960112934193,27.61208333333333,33.3,23.44,9.859999999999996,73.50541666666668,1.2029166666666666,4
TNP_0007,2024-05-15,5.49539,6.32982,0.8681747664230579,28.56,35.09,23.43,11.660000000000004,70.21208333333333,1.3916666666666666,4
TNP_0007,2024-05-16,4.93376,6.22818,0.7921672141781387,26.633750000000003,30.79,23.09,7.699999999999999,76.38375,1.430416666666667,4
TNP_0007,2024-05-17,4.02365,6.2262200000000005,0.6462428246994163,27.651666666666667,34.04,22.87,11.169999999999998,74.59333333333333,1.2254166666666666,4
TNP_0007,2024-05-18,5.19661,6.55069,0.7932920043537398,26.070833333333336,30.38,23.4,6.98,84.19041666666666,2.0641666666666665,4
TNP_0007,2024-05-19,3.3778,6.45792,0.5230476685991775,25.199583333333333,29.35,23.24,6.110000000000003,86.38041666666668,3.85375,4
TNP_0007,2024-05-20,2.35443,6.47228,0.3637713448738311,23.78458333333333,25.12,22.38,2.740000000000002,89.92875,2.4279166666666665,4
TNP_0007,2024-05-21,5.06049,6.66126,0.7596896082723088,25.18208333333333,29.14,22.55,6.59,83.60791666666667,1.5679166666666668,4
TNP_0007,2024-05-22,4.308350000000001,6.4834700000000005,0.6645129845591945,25.688333333333333,29.1,22.51,6.59,89.27916666666665,3.400416666666666,4
TNP_0007,2024-05-23,2.30997,6.04176,0.3823339556685469,24.925833333333333,27.06,23.29,3.77,93.5375,1.91,4
TNP_0007,2024-05-24,1.60353,6.65674,0.240888182503748,25.63458333333333,29.47,23.3,6.169999999999998,87.58625,3.7116666666666656,4
TNP_0007,2024-05-25,3.5312400000000004,5.70843,0.6186009112838382,24.517916666666665,28.58,21.5,7.079999999999998,84.66916666666667,3.749583333333333,4
TNP_0007,2024-05-26,3.93425,6.13975,0.6407834195203388,25.057916666666667,28.17,21.48,6.690000000000001,86.55416666666667,4.76875,4
TNP_0007,2024-05-27,4.31828,5.91337,0.7302570277185428,25.576666666666668,29.72,21.46,8.259999999999998,82.81,4.9783333333333335,4
TNP_0007,2024-05-28,2.3688800000000003,6.07139,0.3901709493213251,24.847916666666663,27.95,22.91,5.039999999999999,89.52833333333332,4.466666666666667,4
TNP_0007,2024-05-29,4.10008,6.48109,0.6326219817962719,25.454166666666666,29.49,22.73,6.759999999999998,86.20875000000001,3.93375,4
TNP_0007,2024-05-30,3.63102,6.60288,0.5499145827275371,26.085,30.75,22.84,7.91,85.59666666666668,3.89625,4
TNP_0007,2024-05-31,4.84848,6.60469,0.7340965283760479,26.33875,29.33,23.2,6.129999999999999,87.13041666666668,3.145833333333333,4
TNP_0007,2024-06-01,3.1285100000000003,6.58973,0.4747554148652524,25.94458333333333,29.17,22.82,6.350000000000001,89.32166666666667,3.325,4
TNP_0007,2024-06-02,4.58095,6.329680000000001,0.7237253700029068,25.37375,28.78,22.83,5.950000000000003,86.06625000000001,1.5287499999999998,4
TNP_0007,2024-06-03,3.93783,6.43287,0.6121420143730558,25.567916666666665,29.64,22.63,7.010000000000002,85.94749999999999,2.330416666666667,4
TNP_0007,2024-06-04,5.60214,6.6797200000000005,0.838678866778847,25.7875,30.17,22.57,7.600000000000001,84.34791666666666,3.0741666666666667,4
TNP_0007,2024-06-05,4.11476,6.7585500000000005,0.6088228984027639,25.249166666666667,28.72,22.54,6.18,87.96583333333332,2.554583333333333,4
TNP_0007,2024-06-06,3.32127,6.50954,0.5102157756154813,23.995416666666667,27.45,21.23,6.219999999999999,88.28666666666668,2.9129166666666664,4
TNP_0007,2024-06-07,4.839230000000001,6.673769999999999,0.7251118932777127,24.63583333333333,29.14,21.1,8.04,86.65583333333332,3.24375,4
TNP_0007,2024-06-08,4.21127,6.900980000000001,0.610242313410559,24.968333333333334,28.31,22.1,6.209999999999997,87.46916666666668,4.567916666666666,4
TNP_0007,2024-06-09,5.02822,6.75101,0.7448100358316756,24.55708333333333,28.29,21.47,6.82,86.49374999999999,4.73375,4
TNP_0007,2024-06-10,4.6923,6.9166300000000005,0.678408415659071,24.58458333333333,28.52,21.17,7.349999999999998,84.58583333333333,5.454999999999999,4
TNP_0007,2024-06-11,4.24508,6.92935,0.6126231176084336,24.28625,27.94,21.09,6.850000000000001,85.17291666666667,4.11125,4
TNP_0007,2024-06-12,2.50458,6.88986,0.3635168203708058,24.165000000000003,28.84,20.67,8.169999999999998,80.86083333333333,4.440416666666667,4
TNP_0007,2024-06-13,5.05034,6.93224,0.7285293065444935,24.255,30.03,20.46,9.57,81.36416666666666,3.805,4
TNP_0007,2024-06-14,5.85978,6.98117,0.8393693320747095,25.206666666666667,30.56,20.8,9.759999999999998,83.30541666666666,3.2983333333333333,4
TNP_0007,2024-06-15,5.76264,7.02753,0.8200093062569638,25.1975,29.78,22.02,7.760000000000002,84.62541666666667,3.545,4
TNP_0007,2024-06-16,5.5326900000000006,6.97148,0.793617711016886,25.47958333333333,30.61,21.38,9.23,83.365,3.384583333333333,4
TNP_0007,2024-06-17,6.1493,6.9827,0.8806478869205323,24.563333333333333,29.38,20.93,8.45,82.85458333333334,3.202083333333333,4
TNP_0007,2024-06-18,4.23437,6.94333,0.6098471482703545,25.079166666666666,29.74,20.9,8.84,83.97875,3.994583333333333,4
TNP_0007,2024-06-19,4.237760000000001,6.8754,0.6163655932745732,24.66,28.84,22.0,6.84,84.78,4.33875,4
TNP_0007,2024-06-20,3.0818600000000003,6.60974,0.4662603975345475,24.237916666666667,28.81,21.42,7.389999999999997,84.06375,4.512083333333333,4
TNP_0007,2024-06-21,3.4995700000000003,6.67719,0.524108195213855,24.17625,28.3,21.44,6.859999999999999,81.93291666666667,4.252916666666667,4
TNP_0007,2024-06-22,4.24287,6.81058,0.6229821836025713,23.267916666666665,26.67,21.25,5.420000000000002,87.11874999999999,3.8791666666666655,4
TNP_0007,2024-06-23,3.3497,6.68888,0.5007863797825645,23.2825,26.97,21.19,5.779999999999998,85.83666666666666,5.3500000000000005,4
TNP_0007,2024-06-24,3.12572,6.6696,0.4686517932109871,23.419583333333332,27.36,21.32,6.039999999999999,85.86916666666667,6.201249999999999,4
TNP_0007,2024-06-25,3.02793,6.679729999999999,0.4533012561884987,23.71375,27.84,21.76,6.079999999999998,83.34208333333333,6.796666666666667,4
TNP_0007,2024-06-26,3.27867,6.4863800000000005,0.5054699231312381,23.285,27.06,20.73,6.329999999999998,84.78958333333334,6.198333333333333,4
TNP_0007,2024-06-27,2.8063800000000003,6.784350000000001,0.4136549558911317,23.296666666666667,26.7,20.89,5.809999999999999,84.26,5.2908333333333335,4
TNP_0007,2024-06-28,3.98057,6.840949999999999,0.5818738625483304,23.74791666666667,28.59,20.89,7.699999999999999,86.07208333333334,4.019583333333333,4
TNP_0007,2024-06-29,4.66817,6.84541,0.681941622196479,23.98583333333333,27.53,21.14,6.390000000000001,88.42750000000001,3.535,4
TNP_0007,2024-06-30,3.56648,6.7695300000000005,0.5268430747777172,24.165000000000003,27.85,21.24,6.610000000000003,87.02125000000001,3.328333333333333,4
TNP_0007,2024-07-01,2.31977,6.39607,0.3626867748476799,23.317083333333333,27.33,20.27,7.059999999999999,88.34333333333335,3.21125,4
TNP_0007,2024-07-02,4.52875,6.7318500000000006,0.6727348351493273,24.0825,28.57,20.17,8.399999999999999,83.30875,3.3816666666666664,4
TNP_0007,2024-07-03,4.90352,6.8117,0.7198672871676675,24.572916666666668,28.82,21.04,7.780000000000001,85.66666666666667,4.0720833333333335,4
TNP_0007,2024-07-04,5.42412,6.64478,0.8162979060254817,23.985,27.86,20.98,6.879999999999999,84.785,3.8791666666666655,4
TNP_0007,2024-07-05,4.00619,6.83988,0.5857105680216612,23.97375,27.6,20.95,6.650000000000002,84.84875000000001,4.0375000000000005,4
TNP_0007,2024-07-06,3.5767,6.53996,0.5468993694151034,23.14583333333333,25.46,21.32,4.140000000000001,88.74833333333333,4.377083333333333,4
TNP_0007,2024-07-07,3.7499,6.81734,0.5500532465741771,23.777916666666663,27.94,21.0,6.940000000000001,85.35583333333334,4.707083333333333,4
TNP_0007,2024-07-08,3.4091,6.58779,0.517487655192409,23.19125,26.44,20.85,5.59,89.18333333333334,4.8500000000000005,4
TNP_0007,2024-07-09,3.89399,6.347060000000001,0.6135108223334897,23.414166666666663,26.79,21.04,5.75,88.25999999999999,4.102083333333334,4
TNP_0007,2024-07-10,5.425890000000001,6.68278,0.8119210867333656,23.714166666666667,27.84,20.73,7.109999999999999,86.90125,3.869166666666666,4
TNP_0007,2024-07-11,4.89886,6.7262,0.7283250572388571,23.64583333333333,28.5,20.53,7.969999999999999,83.04875,3.315,4
TNP_0007,2024-07-12,3.3862,6.60828,0.5124177546956242,24.357916666666668,29.35,20.45,8.900000000000002,83.21166666666666,4.4437500000000005,4
TNP_0007,2024-07-13,3.75329,6.47732,0.5794510692693892,22.88083333333333,26.07,20.75,5.32,88.24833333333333,5.35625,4
TNP_0007,2024-07-14,2.368,6.11566,0.3872026894889513,24.27333333333333,28.31,21.2,7.109999999999999,84.56625000000001,6.170416666666667,4
TNP_0007,2024-07-15,1.50511,6.46461,0.2328230163923268,23.727500000000003,25.59,22.36,3.2300000000000004,89.7925,8.164583333333333,4
TNP_0007,2024-07-16,2.34074,6.74117,0.347230525264902,22.94125,25.56,21.05,4.509999999999998,89.16708333333334,7.045833333333333,4
TNP_0007,2024-07-17,2.42985,6.84975,0.3547355742910325,23.442083333333333,26.39,21.62,4.77,88.05375,6.560416666666666,4
TNP_0007,2024-07-18,1.99659,6.868930000000001,0.290669725852498,23.327916666666667,25.86,21.41,4.449999999999999,87.85833333333333,7.237083333333333,4
TNP_0007,2024-07-19,3.75519,6.7529,0.5560855336225918,24.024583333333336,26.88,21.94,4.939999999999998,88.43041666666666,6.780833333333334,4
TNP_0007,2024-07-20,4.27148,6.83331,0.6250967686231123,24.01875,27.09,21.7,5.390000000000001,88.02208333333334,5.891249999999999,4
TNP_0007,2024-07-21,4.93702,6.80537,0.7254594533434626,24.18541666666667,27.74,21.7,6.039999999999999,87.05125,6.510833333333333,4
TNP_0007,2024-07-22,2.58492,7.04638,0.3668436842747623,23.387916666666666,26.63,21.15,5.48,86.505,5.689583333333334,4
TNP_0007,2024-07-23,4.68453,6.92783,0.6761900912695605,23.51125,27.09,21.1,5.989999999999998,85.65041666666667,5.555833333333333,4
TNP_0007,2024-07-24,4.673229999999999,6.87633,0.6796110716036023,23.86708333333333,28.24,21.04,7.199999999999999,83.52541666666666,6.352083333333333,4
TNP_0007,2024-07-25,2.63019,6.93575,0.379222146126951,24.030833333333334,27.42,21.18,6.240000000000002,84.63375,7.335,4
TNP_0007,2024-07-26,4.32009,6.93537,0.6229069249369537,23.624583333333334,25.91,22.33,3.580000000000002,88.69416666666666,7.033333333333334,4
TNP_0007,2024-07-27,4.54039,6.738060000000001,0.6738423225676233,23.53708333333333,26.94,20.8,6.140000000000001,86.44083333333333,5.80375,4
TNP_0007,2024-07-28,3.9605,6.2855,0.6301010261713468,24.434166666666663,27.93,21.45,6.48,86.585,6.706666666666667,4
TNP_0007,2024-07-29,2.24453,6.12385,0.3665226940568433,24.2675,27.12,21.91,5.210000000000001,88.60416666666667,6.3525,4
TNP_0007,2024-07-30,1.67154,6.332949999999999,0.2639433439392384,23.21291666666667,25.84,21.79,4.050000000000001,90.36875,4.422916666666667,4
TNP_0007,2024-07-31,2.6222600000000003,6.53649,0.4011724947181133,24.186666666666667,27.37,21.97,5.400000000000002,90.15125,3.9983333333333335,4
TNP_0007,2024-08-01,3.19596,6.52238,0.489999049426743,24.29625,28.25,21.87,6.379999999999999,88.92125,4.70125,4
TNP_0007,2024-08-02,4.19779,6.77211,0.6198644144882467,23.424166666666665,26.75,20.96,5.789999999999999,88.59208333333333,4.524166666666667,4
TNP_0007,2024-08-03,4.37758,6.56668,0.666635194649351,23.527083333333334,27.13,20.9,6.23,87.84166666666665,3.515416666666667,4
TNP_0007,2024-08-04,5.10725,6.80463,0.750555136723084,23.84625,27.96,20.55,7.41,87.21541666666667,3.327083333333333,4
TNP_0007,2024-08-05,5.34596,6.59059,0.81115044328353,23.89833333333333,27.6,20.55,7.050000000000001,87.5175,3.14625,4
TNP_0007,2024-08-06,4.88028,6.857690000000001,0.7116507162032696,23.636666666666667,27.0,21.49,5.510000000000002,87.925,2.9204166666666667,4
TNP_0007,2024-08-07,4.87058,6.86971,0.7089935383007434,23.380416666666665,26.84,21.08,5.760000000000002,89.88958333333333,3.07375,4
TNP_0007,2024-08-08,4.42613,6.62383,0.6682131032952234,23.74291666666667,27.78,21.03,6.75,89.01666666666667,3.3954166666666663,4
TNP_0007,2024-08-09,5.2554300000000005,6.91278,0.7602484094676817,24.35166666666667,27.87,21.45,6.420000000000002,88.64833333333333,3.0420833333333337,4
TNP_0007,2024-08-10,4.09925,6.99101,0.5863601968814234,24.12125,26.98,21.85,5.129999999999999,90.46875,2.4704166666666665,4
TNP_0007,2024-08-11,4.87089,6.81334,0.7149048777838769,24.77541666666667,28.0,21.74,6.260000000000002,88.22541666666666,2.03625,4
TNP_0007,2024-08-12,5.72744,6.93053,0.8264072156097729,25.235,28.81,22.3,6.509999999999998,86.52708333333334,1.9408333333333327,4
TNP_0007,2024-08-13,5.59169,6.690390000000001,0.8357793790795454,25.690416666666668,29.91,22.07,7.84,85.44083333333333,1.5958333333333332,4
TNP_0007,2024-08-14,4.18118,6.87836,0.6078745514919255,25.63958333333333,28.66,22.45,6.210000000000001,83.67,1.1395833333333334,4
TNP_0007,2024-08-15,4.59176,6.9165600000000005,0.6638791537989983,25.61375,29.47,22.25,7.219999999999999,87.14125,1.2979166666666666,4
TNP_0007,2024-08-16,4.7495,6.78211,0.7002982847520904,25.64625,28.94,23.12,5.82,88.48291666666667,1.7545833333333334,4
TNP_0007,2024-08-17,3.46782,6.83126,0.5076398790267096,24.657083333333333,27.9,22.08,5.82,90.42833333333334,3.240833333333333,4
TNP_0007,2024-08-18,5.6401,6.997310000000001,0.8060383204402835,25.17833333333333,28.23,22.19,6.039999999999999,86.84249999999999,0.8116666666666666,4
TNP_0007,2024-08-19,4.40753,6.90721,0.6381056895620663,24.429166666666664,27.95,21.32,6.629999999999999,89.99333333333334,2.498333333333333,4
TNP_0007,2024-08-20,5.19001,7.02079,0.7392344736133684,24.441666666666663,28.26,21.47,6.790000000000003,88.32583333333334,2.058333333333333,4
TNP_0007,2024-08-21,4.22768,6.95579,0.6077929322190578,23.38625,26.3,21.66,4.640000000000001,90.2875,4.2125,4
TNP_0007,2024-08-22,4.77063,6.88293,0.6931103469016828,23.69541666666667,27.19,20.82,6.370000000000001,89.46208333333334,3.6145833333333335,4
TNP_0007,2024-08-23,5.875940000000001,6.9283,0.8481070392448365,24.311666666666667,28.61,20.71,7.899999999999999,87.78666666666668,3.3974999999999995,4
TNP_0007,2024-08-24,4.03357,6.90264,0.5843517842448687,23.86208333333333,27.36,21.21,6.149999999999999,88.71291666666667,4.243333333333333,4
TNP_0007,2024-08-25,5.1529300000000005,7.05829,0.730053596551006,23.77916666666667,27.27,21.48,5.789999999999999,88.49958333333332,4.96375,4
TNP_0007,2024-08-26,5.22315,7.09543,0.7361287476587042,24.075416666666666,27.97,21.7,6.27,87.69749999999999,4.77875,4
TNP_0007,2024-08-27,4.96428,7.02695,0.7064629746902994,24.197916666666668,28.24,21.65,6.59,88.04541666666667,4.134166666666666,4
TNP_0007,2024-08-28,4.54145,7.13429,0.6365664978575304,23.574583333333333,26.84,21.42,5.419999999999998,88.67208333333333,3.735416666666666,4
TNP_0007,2024-08-29,3.59424,7.15289,0.5024878056282146,24.22208333333333,27.86,21.46,6.399999999999999,88.46625,4.453333333333333,4
TNP_0007,2024-08-30,2.63423,6.84828,0.3846557091707699,23.829166666666666,26.26,22.14,4.120000000000001,92.52291666666667,4.13625,4
TNP_0007,2024-08-31,4.45305,6.8113,0.6537738757652725,23.81625,26.98,21.86,5.120000000000001,88.77958333333333,4.295,4
TNP_0007,2024-09-01,4.00256,7.05023,0.5677204857146504,23.567083333333333,26.74,21.07,5.669999999999998,87.42125,4.5216666666666665,4
TNP_0007,2024-09-02,4.69639,6.99,0.6718726752503577,23.81583333333333,27.02,21.04,5.98,88.33999999999999,4.14625,4
TNP_0007,2024-09-03,4.76527,6.95869,0.6847941207324942,24.3375,27.7,21.8,5.899999999999999,88.61333333333334,4.201666666666667,4
TNP_0007,2024-09-04,4.8853100000000005,6.8346800000000005,0.7147825501706006,24.365416666666665,28.54,21.65,6.890000000000001,88.17666666666666,3.9441666666666655,4
TNP_0007,2024-09-05,5.929570000000001,7.04698,0.841434203020301,24.44833333333333,28.75,21.56,7.190000000000001,87.81166666666667,3.77625,4
TNP_0007,2024-09-06,4.9856300000000005,6.89073,0.7235271154144772,24.104166666666668,27.86,21.27,6.59,89.24791666666665,3.6145833333333335,4
TNP_0007,2024-09-07,4.82858,6.510140000000001,0.7417014073430063,24.44333333333333,28.46,21.17,7.289999999999999,87.93875000000001,3.7779166666666666,4
TNP_0007,2024-09-08,3.64449,7.05305,0.5167253883071863,24.370416666666667,28.46,22.12,6.34,86.70041666666667,4.567083333333334,4
TNP_0007,2024-09-09,4.02968,6.975029999999999,0.5777294147838791,23.91708333333333,26.87,22.08,4.790000000000003,90.57625,4.380416666666666,4
TNP_0007,2024-09-10,5.223229999999999,6.87392,0.759861912853219,24.671666666666667,28.43,22.19,6.239999999999998,87.69708333333334,5.359583333333333,4
TNP_0007,2024-09-11,4.52055,6.8118,0.6636351625121114,24.61583333333333,28.57,21.87,6.699999999999999,87.50625000000001,4.267083333333333,4
TNP_0007,2024-09-12,5.53864,6.97763,0.793770950881603,24.005,28.58,20.98,7.599999999999998,86.06833333333333,3.516666666666667,4
TNP_0007,2024-09-13,6.14463,6.94997,0.8841232408197446,24.46625,29.84,20.9,8.940000000000001,84.77958333333333,3.293333333333333,4
TNP_0007,2024-09-14,4.84901,6.77714,0.715495031827585,24.82708333333333,30.33,20.78,9.549999999999995,83.18541666666667,3.672916666666667,4
TNP_0007,2024-09-15,6.26893,6.95105,0.9018680630983807,24.642916666666665,29.41,21.1,8.309999999999999,83.86749999999999,3.422916666666667,4
TNP_0007,2024-09-16,6.5343800000000005,6.987430000000001,0.9351621411591958,24.691666666666663,30.37,20.55,9.82,83.07083333333334,3.454166666666667,4
TNP_0007,2024-09-17,6.18325,7.01316,0.881663900438604,24.960416666666664,30.55,20.44,10.11,83.21708333333333,3.8275,4
TNP_0007,2024-09-18,6.76758,7.11565,0.9510838784931804,24.315416666666668,30.17,20.11,10.060000000000002,80.46124999999999,3.5050000000000003,4
TNP_0007,2024-09-19,6.25766,6.96516,0.8984230082295309,23.62875,27.64,20.29,7.350000000000001,83.78375,2.9466666666666668,4
TNP_0007,2024-09-20,5.83721,6.97328,0.8370824059839845,25.071250000000003,30.2,20.67,9.529999999999998,81.52041666666666,3.3858333333333337,4
TNP_0007,2024-09-21,5.94184,6.98793,0.8503004466272558,24.71708333333333,30.23,20.82,9.41,82.73208333333334,3.6833333333333336,4
TNP_0007,2024-09-22,5.89777,6.80497,0.8666856723835668,24.665000000000003,30.02,20.47,9.55,83.9225,3.438333333333333,4
TNP_0007,2024-09-23,5.00537,6.752689999999999,0.7412408980717315,23.912916666666664,28.4,20.19,8.209999999999997,85.14708333333333,4.2250000000000005,4
TNP_0007,2024-09-24,4.75996,6.875520000000001,0.692305454714698,23.75208333333333,27.33,20.96,6.369999999999997,88.55916666666667,4.34375,4
TNP_0007,2024-09-25,5.24801,6.84792,0.7663655533359034,24.39625,29.49,20.86,8.629999999999999,83.09125,4.659166666666667,4
TNP_0007,2024-09-26,5.07886,6.8976,0.7363227789376015,24.012916666666666,28.82,20.39,8.43,85.04,3.2862500000000003,4
TNP_0007,2024-09-27,5.5018400000000005,6.67924,0.8237224594414934,24.875,30.63,20.18,10.45,81.74416666666666,2.81,4
TNP_0007,2024-09-28,5.25304,6.590529999999999,0.7970588101412179,25.488333333333333,30.02,21.54,8.48,82.01333333333334,1.3483333333333334,4
TNP_0007,2024-09-29,5.67905,6.579890000000001,0.863091936187383,24.7725,28.43,21.83,6.600000000000001,81.13666666666667,2.0816666666666666,4
TNP_0007,2024-09-30,5.69224,6.80603,0.836352469795167,25.01125,28.12,21.78,6.34,81.03875000000001,1.5458333333333334,4
TNP_0007,2024-10-01,5.52946,6.71538,0.8234023986728972,26.207916666666662,31.89,21.51,10.38,79.79583333333333,1.61625,4
TNP_0007,2024-10-02,4.9283,6.76888,0.72808204606966,25.98625,31.27,22.32,8.95,82.21958333333333,1.86625,4
TNP_0007,2024-10-03,5.32642,6.690300000000001,0.7961406812848452,25.2475,29.22,22.29,6.93,86.27375,2.31625,4
TNP_0007,2024-10-04,5.0472600000000005,6.5402,0.7717286933121312,24.4825,27.81,21.71,6.099999999999998,87.64333333333333,2.31625,4
TNP_0007,2024-10-05,5.00213,6.72755,0.7435292194037949,23.53375,26.85,21.16,5.690000000000001,87.26083333333334,1.895,4
TNP_0007,2024-10-06,4.07303,6.453729999999999,0.6311125504165809,24.192916666666665,28.12,21.24,6.880000000000003,84.47666666666667,0.8520833333333333,4
TNP_0007,2024-10-07,3.78821,6.02292,0.6289656844188533,23.87125,27.56,21.14,6.419999999999998,86.64125,2.5625,4
TNP_0007,2024-10-08,5.00368,6.44271,0.7766421273035726,25.024583333333336,28.94,21.52,7.420000000000002,84.46166666666666,1.0745833333333332,4
TNP_0007,2024-10-09,4.42368,6.47017,0.6837038284929143,24.505,28.43,21.61,6.82,89.04791666666667,1.97625,4
TNP_0007,2024-10-10,3.88837,6.38806,0.6086934061358221,24.07541666666667,28.39,21.42,6.969999999999999,87.32291666666667,2.1004166666666664,4
TNP_0007,2024-10-11,5.03013,6.48007,0.7762462442535343,23.395,26.48,21.38,5.100000000000001,90.34833333333334,2.0083333333333333,4
TNP_0007,2024-10-12,3.56227,6.50138,0.5479252097247046,23.679166666666664,26.77,21.57,5.199999999999999,90.7025,1.0329166666666667,4
TNP_0007,2024-10-13,3.6354,6.22157,0.5843219637487002,24.25916666666667,27.37,21.91,5.460000000000001,89.11041666666667,0.9695833333333334,4
TNP_0007,2024-10-14,3.18428,6.37153,0.499766931961397,23.684166666666663,26.66,21.4,5.260000000000002,90.24375,0.8220833333333334,4
TNP_0007,2024-10-15,3.79947,6.30728,0.6023943760226278,21.492500000000003,24.59,19.09,5.5,90.58958333333334,2.152083333333333,4
TNP_0007,2024-10-16,3.0991500000000003,6.4505,0.4804511278195489,22.515,26.05,19.12,6.93,90.27833333333332,3.407916666666667,4
TNP_0007,2024-10-17,4.10843,6.37709,0.6442483954280087,23.667916666666667,28.13,19.9,8.23,88.51875,3.3954166666666663,4
TNP_0007,2024-10-18,4.65378,6.428859999999999,0.7238888387676821,24.406666666666663,28.84,20.81,8.030000000000001,88.77749999999999,2.3004166666666666,4
TNP_0007,2024-10-19,5.20577,6.21104,0.8381478786161417,22.99708333333333,25.34,21.06,4.280000000000001,92.65333333333332,1.4583333333333333,4
TNP_0007,2024-10-20,5.12993,6.20893,0.8262180440108038,25.0775,28.93,21.11,7.82,82.48291666666667,0.5883333333333333,4
TNP_0007,2024-10-21,2.68192,5.83633,0.45952165144877,24.77625,28.44,21.64,6.800000000000001,88.16958333333334,1.2141666666666666,4
TNP_0007,2024-10-22,5.22894,5.92319,0.882791198661532,24.495,27.96,21.33,6.630000000000003,85.87208333333332,1.1408333333333334,4
TNP_0007,2024-10-23,5.584899999999999,6.12796,0.9113799698431452,25.15375,29.25,21.21,8.04,86.33208333333333,1.1125,4
TNP_0007,2024-10-24,4.6765,5.99633,0.7798937016475078,21.832083333333333,24.32,19.66,4.66,90.6875,2.2183333333333333,4
TNP_0007,2024-10-25,4.40784,6.0752,0.7255464840663682,24.13625,29.01,19.9,9.110000000000005,86.37624999999998,1.7379166666666668,4
TNP_0007,2024-10-26,5.46372,6.04343,0.9040759965781022,24.01083333333333,28.62,20.37,8.25,88.13166666666666,1.9720833333333327,4
TNP_0007,2024-10-27,5.168639999999999,6.18807,0.835258812521513,23.809583333333336,28.86,19.91,8.95,87.66624999999999,2.299166666666667,4
TNP_0007,2024-10-28,5.26362,5.89712,0.8925746805220174,23.125833333333333,28.0,19.63,8.370000000000001,86.19749999999999,2.370416666666667,4
TNP_0007,2024-10-29,4.62324,6.18136,0.7479324938201303,24.149583333333336,29.25,19.85,9.4,86.38416666666666,1.8983333333333332,4
TNP_0007,2024-10-30,5.6959800000000005,5.973,0.9536212958312408,24.67125,29.52,20.59,8.93,86.45708333333333,1.5112499999999998,4
TNP_0007,2024-10-31,5.17427,5.356809999999999,0.9659237493956292,25.34,29.71,21.31,8.400000000000002,83.80916666666667,0.7795833333333334,4
TNP_0007,2024-11-01,4.26861,5.29054,0.8068382433551206,24.65416666666667,28.39,21.75,6.640000000000001,88.55375,1.309583333333333,4
TNP_0007,2024-11-02,4.80541,5.68049,0.8459499092507865,23.957916666666662,26.82,21.89,4.93,90.30125,2.150416666666666,4
TNP_0007,2024-11-03,5.137989999999999,6.036519999999999,0.8511509942814734,23.771666666666665,27.36,21.07,6.289999999999999,90.03291666666667,2.3008333333333333,4
TNP_0007,2024-11-04,4.354979999999999,5.99579,0.7263396483199043,23.505416666666665,27.53,19.87,7.66,88.19291666666668,2.30125,4
TNP_0007,2024-11-05,4.85934,5.97387,0.8134324985311031,23.051666666666662,27.29,19.71,7.579999999999998,87.10666666666667,2.13875,4
TNP_0007,2024-11-06,5.0269200000000005,5.475140000000001,0.9181354266740211,24.1125,28.62,19.67,8.95,79.53625,1.2504166666666667,4
TNP_0007,2024-11-07,5.195060000000001,5.69455,0.9122863088391532,24.2075,27.7,20.8,6.899999999999999,86.42041666666667,1.6566666666666665,4
TNP_0007,2024-11-08,4.71625,5.88546,0.8013392326173314,23.91541666666667,28.18,20.82,7.359999999999999,86.32833333333333,2.6025,4
TNP_0007,2024-11-09,5.66791,6.0606,0.9352060852060852,23.027083333333334,27.01,19.2,7.810000000000002,86.54541666666667,2.78,4
TNP_0007,2024-11-10,5.91363,6.1387,0.963335885448059,23.06,27.66,18.95,8.71,78.44583333333334,2.481666666666667,4
TNP_0007,2024-11-11,5.493729999999999,5.76579,0.9528147920753268,23.71625,28.02,18.71,9.31,74.45458333333333,1.7208333333333332,4
TNP_0007,2024-11-12,4.81499,5.44182,0.8848124340753645,24.01,28.53,19.83,8.700000000000003,81.985,1.3462500000000002,4
TNP_0007,2024-11-13,3.73702,5.387569999999999,0.6936373912543132,23.664583333333336,26.91,20.79,6.120000000000001,91.50291666666668,2.665,4
TNP_0007,2024-11-14,4.34188,5.84776,0.7424860117378278,22.902916666666663,25.51,20.98,4.530000000000001,92.39708333333334,2.6979166666666665,4
TNP_0007,2024-11-15,4.18984,5.82209,0.719645350724568,23.098333333333333,26.65,20.48,6.169999999999998,91.41458333333333,2.839166666666667,4
TNP_0007,2024-11-16,4.12143,5.89994,0.6985545615718126,23.38291666666667,27.06,20.43,6.629999999999999,90.82375,2.9033333333333338,4
TNP_0007,2024-11-17,5.09931,5.7426,0.8879793125065301,23.312083333333334,27.36,19.77,7.59,90.48208333333334,3.2412500000000004,4
TNP_0007,2024-11-18,4.87519,5.51779,0.8835403304583901,22.85625,26.99,19.56,7.43,88.93041666666666,3.7595833333333335,4
TNP_0007,2024-11-19,4.73507,5.3736,0.8811727705821051,22.86,27.37,19.38,7.990000000000002,87.5025,3.054583333333333,4
TNP_0007,2024-11-20,4.18947,5.48746,0.7634625127107988,21.942916666666665,26.59,18.4,8.190000000000001,88.28500000000001,2.9791666666666665,4
TNP_0007,2024-11-21,3.85184,5.25467,0.7330317603198678,22.18041666666667,26.61,18.34,8.27,87.15375,2.52,4
TNP_0007,2024-11-22,4.74972,5.11622,0.9283650820332198,22.61375,27.46,18.77,8.690000000000001,88.38708333333334,2.350416666666667,4
TNP_0007,2024-11-23,4.66602,5.31863,0.8772973491293811,22.38625,26.84,18.54,8.3,85.78250000000001,2.464583333333333,4
TNP_0007,2024-11-24,4.9228000000000005,5.77491,0.8524461853085157,22.75791666666667,27.53,19.11,8.420000000000002,86.39875,2.8408333333333338,4
TNP_0007,2024-11-25,4.464300000000001,4.98175,0.8961308777036183,21.69,25.93,18.8,7.129999999999999,84.00666666666667,2.419583333333333,4
TNP_0007,2024-11-26,3.06529,5.26669,0.5820145100622972,21.926666666666662,25.61,18.83,6.780000000000001,90.55875,1.9291666666666665,4
TNP_0007,2024-11-27,3.14028,5.38453,0.5832041050936665,22.707083333333333,26.09,19.85,6.239999999999998,87.57375,1.92625,4
TNP_0007,2024-11-28,4.886519999999999,5.39641,0.9055131096414096,24.02625,28.6,19.78,8.82,76.97291666666666,1.700416666666667,4
TNP_0007,2024-11-29,4.32125,5.55326,0.7781465301462565,23.616666666666664,27.58,19.61,7.969999999999999,85.00666666666667,2.32625,4
TNP_0007,2024-11-30,3.32679,5.524760000000001,0.6021600938321302,24.27875,28.76,20.48,8.280000000000001,88.04333333333334,2.4858333333333333,4
TNP_0007,2024-12-01,2.47512,5.36218,0.461588383828965,24.137083333333333,27.46,21.68,5.780000000000001,91.80708333333332,3.2929166666666667,4
TNP_0007,2024-12-02,2.3172,5.01919,0.4616681177640216,24.069166666666664,26.15,22.33,3.82,94.34458333333332,3.887916666666667,4
TNP_0007,2024-12-03,3.24084,5.32727,0.6083491169022783,23.43041666666667,26.23,21.63,4.600000000000001,92.62291666666664,2.23375,4
TNP_0007,2024-12-04,3.5806,5.3788800000000005,0.6656776131834136,23.19875,27.19,19.95,7.240000000000002,87.11375,2.4033333333333333,4
TNP_0007,2024-12-05,3.97008,5.5583800000000005,0.7142512746519668,23.300833333333333,27.69,19.75,7.940000000000001,89.49374999999999,2.3554166666666667,4
TNP_0007,2024-12-06,5.44559,5.6691400000000005,0.9605672112525004,22.914166666666663,27.8,19.56,8.240000000000002,87.72625,2.2783333333333333,4
TNP_0007,2024-12-07,5.23309,5.58883,0.936348037066792,23.35,27.93,19.49,8.440000000000001,88.61625,2.168333333333333,4
TNP_0007,2024-12-08,5.13275,5.409230000000001,0.9488873647450744,22.706666666666667,27.57,18.89,8.68,87.23125,1.987083333333333,4
TNP_0007,2024-12-09,4.7907,4.99726,0.9586653486110388,23.041666666666668,27.73,18.79,8.940000000000001,85.60708333333334,1.9320833333333327,4
TNP_0007,2024-12-10,4.50921,5.06304,0.8906131494122109,22.975,27.54,18.99,8.55,86.43166666666667,2.205,4
TNP_0007,2024-12-11,4.25408,5.02768,0.8461318142761671,22.86875,27.24,19.26,7.979999999999997,86.55416666666667,2.7854166666666664,4
TNP_0007,2024-12-12,2.03085,5.58133,0.3638648852513648,22.5575,25.64,20.36,5.280000000000001,91.57416666666666,3.565,4
TNP_0007,2024-12-13,1.48886,5.32588,0.2795519238135294,22.104166666666668,24.28,19.71,4.57,94.45625,4.5062500000000005,4
TNP_0007,2024-12-14,2.5458,5.096220000000001,0.4995467228651823,21.574583333333333,25.96,17.84,8.120000000000001,88.76666666666667,3.6629166666666655,4
TNP_0007,2024-12-15,5.69762,5.81493,0.9798260684135492,20.090416666666663,25.04,16.27,8.77,85.45,3.177083333333333,4
TNP_0007,2024-12-16,5.3409,5.39973,0.9891050108060958,20.40791666666667,25.42,16.16,9.260000000000002,85.98625,2.69125,4
TNP_0007,2024-12-17,5.40955,5.473310000000001,0.9883507420555384,22.08791666666667,27.8,15.93,11.87,78.11625,1.41875,4
TNP_0007,2024-12-18,5.37595,5.49652,0.9780643025041298,23.17875,28.68,17.45,11.23,81.85916666666667,1.330833333333333,4
TNP_0007,2024-12-19,4.92963,5.15041,0.9571335097594174,23.449166666666667,27.69,19.36,8.330000000000002,87.58625,1.4420833333333334,4
TNP_0007,2024-12-20,5.02842,5.27592,0.9530887503980348,24.347916666666663,28.95,20.44,8.509999999999998,85.93875000000001,1.586666666666667,4
TNP_0007,2024-12-21,4.89735,5.27867,0.927762106742797,24.39375,29.04,20.59,8.45,88.6175,1.6154166666666665,4
TNP_0007,2024-12-22,4.83417,5.34444,0.9045232054247032,24.015,28.82,20.33,8.490000000000002,85.4875,1.0170833333333331,4
TNP_0007,2024-12-23,5.38955,5.48872,0.9819320351557376,23.144583333333333,27.7,19.48,8.219999999999999,84.58583333333333,1.0075,4
TNP_0007,2024-12-24,5.2224,5.46727,0.9552116504215082,22.63208333333333,27.87,18.66,9.21,85.09583333333333,1.3654166666666667,4
TNP_0007,2024-12-25,5.0965,5.42884,0.938782502339358,23.3425,28.31,18.68,9.63,80.54333333333334,0.9195833333333332,4
TNP_0007,2024-12-26,4.5039,5.30421,0.849117964786462,23.80875,28.67,19.94,8.73,85.24875,1.8504166666666664,4
TNP_0007,2024-12-27,4.76785,5.58434,0.8537893466372033,23.16875,27.77,19.77,8.0,88.06124999999999,3.731666666666667,4
TNP_0007,2024-12-28,5.31045,5.64196,0.9412420506348856,21.809166666666663,26.76,18.0,8.760000000000002,85.51375,3.4241666666666664,4
TNP_0007,2024-12-29,5.59374,5.68032,0.984757900963326,22.113333333333333,27.37,17.86,9.510000000000002,83.98125,3.0345833333333334,4
TNP_0007,2024-12-30,4.34333,5.52687,0.7858570945218541,22.745,27.6,18.13,9.470000000000002,86.41541666666667,3.8845833333333335,4
TNP_0007,2024-12-31,5.36479,5.726520000000001,0.9368324916354084,22.581666666666667,27.65,18.11,9.54,85.54375,4.39625,4
TNP_0007,2025-01-01,5.80103,5.84887,0.99182064227791,20.77125,27.02,16.42,10.599999999999998,80.78666666666666,3.8329166666666654,4
TNP_0007,2025-01-02,5.62707,5.94279,0.946873438233557,20.552916666666665,26.11,16.13,9.98,82.99333333333333,3.6675,4
TNP_0007,2025-01-03,5.86,5.90191,0.9928989089972567,19.976666666666667,26.58,15.21,11.369999999999996,82.3925,3.8845833333333335,4
TNP_0007,2025-01-04,5.57031,5.84141,0.953589972284089,19.762083333333333,26.37,15.03,11.340000000000002,80.27166666666666,3.1629166666666664,4
TNP_0007,2025-01-05,5.70636,5.772390000000001,0.9885610639613748,19.847916666666663,26.77,14.77,12.0,77.52458333333333,2.965833333333333,4
TNP_0007,2025-01-06,5.610110000000001,5.6898800000000005,0.9859803721695362,20.08333333333333,27.43,14.36,13.07,75.74374999999999,2.709583333333333,4
TNP_0007,2025-01-07,5.624140000000001,5.68171,0.989867487076954,20.70833333333333,27.42,14.34,13.080000000000002,78.55875,2.55375,4
TNP_0007,2025-01-08,5.10162,5.39845,0.9450156989506248,20.765416666666667,27.6,15.29,12.310000000000002,80.01,2.730833333333333,4
TNP_0007,2025-01-09,5.22715,5.590269999999999,0.9350442822976353,21.1625,27.01,15.14,11.87,79.26875,3.1650000000000005,4
TNP_0007,2025-01-10,5.38093,5.680179999999999,0.9473168103827696,22.35375,27.98,17.21,10.77,81.145,3.0741666666666667,4
TNP_0007,2025-01-11,4.570519999999999,5.40932,0.8449342985809675,22.539583333333336,29.38,16.96,12.419999999999998,78.76458333333333,3.1391666666666667,4
TNP_0007,2025-01-12,5.25061,5.61185,0.9356290706273332,23.297083333333333,29.23,16.74,12.490000000000002,79.72708333333334,2.93125,4
TNP_0007,2025-01-13,4.3793500000000005,5.49229,0.7973632127946632,23.200833333333332,27.93,19.91,8.02,85.07791666666667,3.4491666666666667,4
TNP_0007,2025-01-14,4.06659,5.6410100000000005,0.7208974988521558,22.69083333333333,28.76,18.7,10.060000000000002,79.53,3.80625,4
TNP_0007,2025-01-15,4.452439999999999,5.72458,0.7777758368299508,22.37625,28.49,18.2,10.29,77.94166666666666,4.285416666666666,4
TNP_0007,2025-01-16,5.438899999999999,5.91483,0.919536148967933,21.980833333333333,28.06,17.57,10.489999999999998,77.68124999999999,4.095833333333333,4
TNP_0007,2025-01-17,5.57634,5.81235,0.9593950811633848,21.60333333333333,28.07,17.15,10.920000000000002,76.96083333333333,4.168333333333334,4
TNP_0007,2025-01-18,5.08893,5.92671,0.8586433282546304,22.1975,27.46,16.82,10.64,81.64625,3.5058333333333334,4
TNP_0007,2025-01-19,2.85334,5.85019,0.4877345863980487,22.666666666666668,27.61,19.58,8.030000000000001,85.03125,3.419166666666667,4
TNP_0007,2025-01-20,5.04422,5.80967,0.8682455285756334,22.35458333333333,29.57,16.93,12.64,78.14333333333333,2.9691666666666667,4
TNP_0007,2025-01-21,5.671609999999999,5.82816,0.9731390353044528,21.648333333333337,29.38,16.64,12.739999999999998,71.17291666666667,3.1075,4
TNP_0007,2025-01-22,5.67317,5.8227,0.9743194737836398,22.57208333333333,29.48,16.48,13.0,75.63541666666667,3.06375,4
TNP_0007,2025-01-23,4.159,5.80147,0.716887271674248,22.27625,29.5,17.02,12.48,75.63541666666667,3.3425,4
TNP_0007,2025-01-24,5.471010000000001,6.16484,0.8874536889846291,22.22791666666667,28.94,16.85,12.09,71.77708333333334,3.6916666666666655,4
TNP_0007,2025-01-25,5.9794,6.17923,0.967661019253208,22.355833333333333,29.66,17.09,12.57,73.02083333333333,3.75625,4
TNP_0007,2025-01-26,5.94457,6.28544,0.9457683153446694,20.867083333333333,28.96,15.23,13.73,68.60291666666667,3.8395833333333336,4
TNP_0007,2025-01-27,6.26382,6.47743,0.9670224147539996,21.62625,30.57,15.2,15.37,69.45208333333333,3.244166666666666,4
TNP_0007,2025-01-28,5.73961,5.97391,0.9607794560011784,21.50708333333333,29.75,15.47,14.28,70.31416666666667,2.5025,4
TNP_0007,2025-01-29,5.30787,5.96559,0.8897477030771476,22.47083333333333,31.37,15.29,16.080000000000002,65.90375,3.0033333333333334,4
TNP_0007,2025-01-30,4.727069999999999,5.8632100000000005,0.8062255999699821,23.965416666666663,30.61,16.95,13.66,74.28666666666668,2.5195833333333333,4
TNP_0007,2025-01-31,4.96554,6.104190000000001,0.813464194266561,25.141666666666666,31.24,20.17,11.069999999999997,77.285,2.575,4
TNP_0007,2025-02-01,5.75653,6.06424,0.9492582747384668,25.12208333333333,32.16,20.14,12.019999999999996,73.87666666666667,2.8354166666666667,4
TNP_0007,2025-02-02,5.93291,6.38174,0.9296696512236474,24.635416666666668,32.59,17.87,14.720000000000002,66.37333333333333,2.5770833333333334,4
TNP_0007,2025-02-03,6.12794,6.41913,0.9546371548792436,23.440416666666664,31.9,16.07,15.829999999999998,63.86291666666667,2.428333333333333,4
TNP_0007,2025-02-04,6.34693,6.38081,0.9946903292842132,22.843333333333334,32.0,15.6,16.4,59.13166666666667,2.950416666666667,4
TNP_0007,2025-02-05,6.08666,6.09637,0.998407248903856,22.511666666666667,31.17,15.33,15.840000000000002,67.41250000000001,3.29375,4
TNP_0007,2025-02-06,6.36477,6.38967,0.996103085135852,22.581666666666667,31.01,15.88,15.13,69.59791666666666,3.2229166666666664,4
TNP_0007,2025-02-07,6.77095,6.79389,0.9966234366467516,22.17333333333333,31.47,14.89,16.58,62.43708333333333,3.387916666666667,4
TNP_0007,2025-02-08,6.10451,6.17292,0.9889177245128724,23.057916666666667,31.32,14.77,16.55,67.77541666666666,3.5375,4
TNP_0007,2025-02-09,5.74953,5.78146,0.9944771735859108,23.274583333333336,31.58,17.08,14.5,66.3225,3.4450000000000003,4
TNP_0007,2025-02-10,5.98548,6.12453,0.9772962170158362,22.930833333333336,31.03,16.89,14.14,66.30291666666666,3.1341666666666668,4
TNP_0007,2025-02-11,6.54793,6.66776,0.9820284473346372,22.93541666666667,32.08,16.61,15.47,62.29375,2.8841666666666668,4
TNP_0007,2025-02-12,6.76738,6.822,0.9919935502785108,23.57,33.25,16.5,16.75,62.147083333333335,3.123333333333333,4
TNP_0007,2025-02-13,6.858020000000001,6.905729999999999,0.9930912445172344,23.58625,34.14,15.31,18.83,54.38583333333333,2.9745833333333334,4
TNP_0007,2025-02-14,6.837479999999999,6.91322,0.9890441791234764,24.317916666666665,33.8,14.96,18.84,49.38875,2.348333333333333,4
TNP_0007,2025-02-15,6.5091,6.60304,0.9857732196079382,24.2675,33.68,16.96,16.72,54.66291666666667,2.6566666666666667,4
TNP_0007,2025-02-16,6.56378,6.62904,0.9901554372880538,24.20583333333333,33.44,16.68,16.759999999999998,59.55166666666667,3.0691666666666664,4
TNP_0007,2025-02-17,6.67324,6.72369,0.9924966796506084,24.118333333333336,33.04,17.49,15.55,61.29458333333333,3.268333333333333,4
TNP_0007,2025-02-18,6.66323,6.74315,0.9881479723867924,24.01125,33.24,16.96,16.28,57.255,3.1208333333333336,4
TNP_0007,2025-02-19,6.66033,6.71219,0.9922737586391328,24.905416666666667,34.17,16.69,17.48,55.28083333333333,2.735,4
TNP_0007,2025-02-20,6.49483,6.545940000000001,0.9921921068631854,25.13416666666667,34.27,17.57,16.700000000000003,57.30125,2.877916666666667,4
TNP_0007,2025-02-21,6.65493,6.6885900000000005,0.9949675492144084,25.084166666666665,33.89,17.66,16.23,58.42625,3.322083333333333,4
TNP_0007,2025-02-22,6.4256400000000005,6.56124,0.9793331748267096,25.60625,34.05,18.38,15.669999999999998,55.80375,3.074583333333333,4
TNP_0007,2025-02-23,6.62455,6.73462,0.9836560934395704,25.73,34.67,17.85,16.82,51.90291666666667,3.397083333333333,4
TNP_0007,2025-02-24,6.82231,6.83466,0.9981930337427172,25.03875,33.85,17.53,16.32,55.54916666666667,3.778333333333333,4
TNP_0007,2025-02-25,6.70729,6.77384,0.9901754396324683,25.77875,33.8,18.32,15.479999999999997,57.77458333333333,4.087083333333333,4
TNP_0007,2025-02-26,6.22271,6.4240900000000005,0.9686523694406522,25.523750000000003,33.91,17.58,16.33,58.9175,4.320833333333334,4
TNP_0007,2025-02-27,6.97525,6.99354,0.99738472933593,25.2925,34.77,16.93,17.840000000000003,52.0625,3.889166666666666,4
TNP_0007,2025-02-28,6.5307,6.83443,0.9555588395813548,26.31,34.07,17.08,16.990000000000002,58.217083333333335,4.119166666666667,4
TNP_0007,2025-03-01,4.98652,6.665,0.748165041260315,26.53,33.71,20.4,13.310000000000002,68.01583333333333,3.75125,4
TNP_0007,2025-03-02,5.64011,6.714160000000001,0.8400321112395295,27.225,33.69,21.46,12.229999999999997,65.22708333333334,2.7375000000000003,4
TNP_0007,2025-03-03,5.48097,6.6462200000000005,0.8246747775427234,26.5875,32.93,21.04,11.89,61.75583333333333,2.934583333333333,4
TNP_0007,2025-03-04,6.12688,6.98532,0.8771079921893342,27.08,36.27,19.97,16.300000000000004,42.88,3.3058333333333336,4
TNP_0007,2025-03-05,6.70541,6.97282,0.9616496625468606,27.68375,37.3,19.94,17.359999999999996,45.142500000000005,2.481666666666667,4
TNP_0007,2025-03-06,6.33195,6.69104,0.9463327076209378,28.756666666666664,37.39,21.11,16.28,49.35916666666666,1.617916666666667,4
TNP_0007,2025-03-07,5.91386,6.59078,0.8972928849089182,28.47125,37.09,21.12,15.970000000000002,57.057500000000005,1.9433333333333331,4
TNP_0007,2025-03-08,5.51919,6.20326,0.8897241128052024,28.999166666666667,37.69,22.16,15.529999999999998,55.97583333333333,1.2083333333333333,4
TNP_0007,2025-03-09,6.68215,6.91685,0.9660683692721398,26.842916666666667,36.27,17.54,18.730000000000004,43.65916666666666,3.3837500000000005,4
TNP_0007,2025-03-10,7.12948,7.17314,0.9939134047293096,26.40333333333333,35.37,17.11,18.26,49.95333333333334,4.199166666666667,4
TNP_0007,2025-03-11,5.35816,6.92392,0.773862205224786,25.907916666666665,33.92,19.42,14.5,73.55,4.982083333333333,4
TNP_0007,2025-03-12,4.41174,6.68066,0.6603748731412765,24.437083333333334,29.55,20.28,9.27,79.19625,2.84,4
TNP_0007,2025-03-13,6.46297,7.08391,0.9123450184996704,26.61583333333333,34.15,20.28,13.869999999999996,69.03333333333333,2.51625,4
TNP_0007,2025-03-14,7.01576,7.127689999999999,0.984296455092744,26.74458333333333,35.46,20.1,15.36,58.605,2.3854166666666665,4
TNP_0007,2025-03-15,7.22588,7.37075,0.9803452837228234,26.607916666666668,35.04,19.64,15.4,54.772083333333335,2.2654166666666664,4
TNP_0007,2025-03-16,5.62616,7.05063,0.7979655718708825,27.520416666666662,35.45,19.91,15.540000000000004,65.59833333333334,1.7670833333333331,4
TNP_0007,2025-03-17,5.41421,6.86831,0.7882885309486612,25.70875,30.35,22.31,8.040000000000003,78.14833333333333,1.4058333333333335,4
TNP_0007,2025-03-18,6.619,6.890899999999999,0.9605421643036468,27.61958333333333,34.23,22.31,11.919999999999998,69.03750000000001,1.1316666666666666,4
TNP_0007,2025-03-19,6.172560000000001,7.09812,0.8696049094689863,27.831666666666667,35.38,21.63,13.750000000000004,67.20125,1.913333333333333,4
TNP_0007,2025-03-20,7.032220000000001,7.29633,0.963802349948536,27.54208333333333,35.62,21.25,14.369999999999996,61.51541666666666,2.55125,4
TNP_0007,2025-03-21,6.46853,7.033650000000001,0.9196548022719354,28.161666666666665,35.36,21.36,14.0,66.98666666666666,1.97875,4
TNP_0007,2025-03-22,5.2815,6.74334,0.7832172187669613,26.72458333333333,31.71,21.85,9.86,73.91583333333334,1.4895833333333333,4
TNP_0007,2025-03-23,5.9019,6.8306700000000005,0.8640294436709721,27.55333333333333,34.48,21.55,12.929999999999996,70.19541666666667,1.8041666666666665,4
TNP_0007,2025-03-24,6.15591,6.57971,0.9355898664226842,26.79375,33.6,21.12,12.48,68.43541666666667,2.3004166666666666,4
TNP_0007,2025-03-25,6.5024,6.727180000000001,0.966586296189488,27.734583333333333,35.93,20.76,15.169999999999998,60.7725,1.9483333333333333,4
TNP_0007,2025-03-26,6.44983,6.980729999999999,0.9239477819654964,27.625833333333333,35.59,21.85,13.740000000000002,64.24666666666667,1.5512499999999998,4
TNP_0007,2025-03-27,5.74069,6.713439999999999,0.8551040897066184,27.670416666666668,34.66,21.93,12.729999999999997,66.83125,1.9216666666666664,4
TNP_0007,2025-03-28,6.29674,6.61496,0.951893889003108,28.64333333333333,36.59,22.24,14.350000000000003,59.96333333333333,1.6195833333333332,4
TNP_0007,2025-03-29,6.6213500000000005,6.79644,0.9742379834148468,28.324583333333333,37.68,21.65,16.03,45.14333333333334,2.3858333333333333,4
TNP_0007,2025-03-30,6.581989999999999,7.00393,0.9397566794642436,28.42625,36.97,21.18,15.79,42.09333333333333,2.3716666666666666,4
TNP_0007,2025-03-31,6.622269999999999,6.799519999999999,0.9739319834341248,29.06125,37.22,21.77,15.45,48.1575,2.200416666666667,4
TNP_0007,2025-04-01,5.18491,6.46033,0.8025766485612963,28.164583333333336,35.69,22.63,13.06,60.81041666666667,1.0058333333333334,4
TNP_0007,2025-04-02,4.31283,6.63553,0.649960138828398,26.57041666666667,32.98,22.32,10.659999999999997,73.29875,1.7300000000000002,4
TNP_0007,2025-04-03,4.92882,6.92895,0.7113372155954366,26.146666666666665,31.35,22.32,9.03,75.98958333333333,1.47375,4
TNP_0007,2025-04-04,5.82472,6.92642,0.8409423627212903,26.54958333333333,32.78,22.14,10.64,72.55416666666666,1.7591666666666663,4
TNP_0007,2025-04-05,4.939439999999999,6.64968,0.7428086765077416,26.905,32.97,21.97,11.0,71.85125000000001,1.1470833333333337,4
TNP_0007,2025-04-06,6.42316,7.05346,0.9106396009901524,27.33833333333333,33.64,22.6,11.04,73.35625,1.2854166666666669,4
TNP_0007,2025-04-07,6.305110000000001,6.95809,0.9061552811188128,27.27541666666667,32.85,23.35,9.5,71.135,1.54,4
TNP_0007,2025-04-08,6.173360000000001,6.763109999999999,0.9127989933625212,27.45458333333333,33.63,22.87,10.760000000000002,69.38250000000001,1.6058333333333332,4
TNP_0007,2025-04-09,5.87087,6.78197,0.8656585033552198,26.72666666666667,32.57,22.85,9.72,72.79708333333333,1.86125,4
TNP_0007,2025-04-10,5.1931,6.567099999999999,0.7907752280306377,25.506666666666664,29.75,22.26,7.489999999999998,79.13916666666667,2.99375,4
TNP_0007,2025-04-11,5.57995,6.535939999999999,0.8537333574053618,26.57875,33.13,22.03,11.1,75.84666666666666,3.0325,4
TNP_0007,2025-04-12,5.46696,6.90658,0.7915581952283185,26.02875,31.97,21.73,10.239999999999998,76.38791666666667,2.490833333333333,4
TNP_0007,2025-04-13,4.899559999999999,6.69667,0.7316412485608518,27.993333333333336,35.09,21.58,13.510000000000003,67.83541666666666,1.5991666666666668,4
TNP_0007,2025-04-14,5.814010000000001,6.600689999999999,0.8808185204880098,27.9625,34.3,22.15,12.15,68.15625,1.6333333333333335,4
TNP_0007,2025-04-15,6.6389,6.78783,0.9780592619438024,27.921666666666667,34.98,22.46,12.519999999999996,68.11958333333332,1.67125,4
TNP_0007,2025-04-16,6.21513,6.631690000000001,0.9371864487031208,27.81458333333333,35.13,22.48,12.650000000000002,68.0175,1.9220833333333331,4
TNP_0007,2025-04-17,5.70395,6.56217,0.8692170425331864,27.261666666666667,33.49,22.34,11.150000000000002,72.52166666666666,2.0704166666666666,4
TNP_0007,2025-04-18,5.54036,6.360180000000001,0.8711011323578891,27.15958333333333,33.59,22.55,11.040000000000004,75.75666666666667,2.7570833333333336,4
TNP_0007,2025-04-19,5.7185,6.47667,0.8829383000832217,27.615,34.4,22.94,11.459999999999996,71.25541666666666,2.6945833333333336,4
TNP_0007,2025-04-20,6.22468,6.672230000000001,0.932923475359812,27.72833333333333,34.81,22.65,12.160000000000004,72.25458333333334,2.052916666666667,4
TNP_0007,2025-04-21,5.95173,6.5635900000000005,0.9067796739284446,28.246666666666663,34.71,22.69,12.02,67.61208333333333,1.2829166666666667,4
TNP_0007,2025-04-22,6.14798,6.95202,0.8843444063739747,28.54375,35.91,22.75,13.159999999999997,65.13041666666666,1.9691666666666665,4
TNP_0007,2025-04-23,5.5343,6.8849,0.8038315734433326,28.172083333333333,36.34,22.55,13.790000000000004,70.16708333333334,2.2975,4
TNP_0007,2025-04-24,6.00723,6.82387,0.8803259733846043,28.164166666666663,34.69,23.03,11.659999999999997,72.97708333333334,2.3400000000000003,4
TNP_0007,2025-04-25,5.67779,6.82994,0.8313089134018747,28.13875,33.62,23.93,9.689999999999998,74.86874999999999,1.42875,4
TNP_0007,2025-04-26,5.576689999999999,6.7119,0.8308660736900132,27.85875,32.26,24.3,7.959999999999997,74.34625,1.4204166666666669,4
TNP_0007,2025-04-27,5.83879,6.99312,0.834933477475004,27.076666666666668,30.81,23.48,7.329999999999998,73.28416666666666,1.13125,4
TNP_0007,2025-04-28,5.45503,6.87216,0.7937868152080277,27.19333333333333,31.7,23.16,8.54,72.96333333333332,1.6516666666666666,4
TNP_0007,2025-04-29,6.44024,6.97813,0.9229177444386965,27.426666666666662,32.02,23.32,8.700000000000003,74.54625,1.6316666666666668,4
TNP_0007,2025-04-30,6.05153,6.932519999999999,0.8729192270631747,27.080416666666665,31.37,22.9,8.470000000000002,76.42666666666666,2.37,4
TNP_0007,2025-05-01,4.37332,6.378550000000001,0.6856291790453942,27.668333333333333,33.22,22.84,10.38,75.55583333333333,1.5783333333333334,4
TNP_0007,2025-05-02,6.0476,6.403569999999999,0.9444106959086884,26.6225,30.16,23.4,6.760000000000002,82.39416666666666,1.2620833333333332,4
TNP_0007,2025-05-03,5.52632,6.85953,0.805641202822934,27.364166666666662,32.65,23.29,9.36,73.72791666666667,1.9479166666666667,4
TNP_0007,2025-05-04,6.777609999999999,6.97222,0.9720877998686214,27.439166666666665,32.98,23.64,9.339999999999996,71.95666666666666,2.0516666666666667,4
TNP_0007,2025-05-05,3.83436,6.838439999999999,0.5607068278730237,27.25708333333333,32.18,23.73,8.45,74.5775,2.3841666666666668,4
TNP_0007,2025-05-06,5.996060000000001,6.46525,0.9274289470631454,26.992500000000003,32.27,23.53,8.740000000000002,74.02583333333332,2.5145833333333334,4
TNP_0007,2025-05-07,5.94508,6.49628,0.9151514405167266,26.25375,30.22,23.47,6.75,79.86749999999999,2.4679166666666665,4
TNP_0007,2025-05-08,6.4482,6.94648,0.9282687058769332,27.34375,33.59,22.31,11.280000000000005,70.42791666666666,2.435833333333333,4
TNP_0007,2025-05-09,7.2228,7.25833,0.9951049346061698,28.46166666666667,35.88,22.13,13.750000000000004,63.28875,2.232083333333333,4
TNP_0007,2025-05-10,6.988060000000001,7.20193,0.9703037935664468,28.188333333333333,35.13,22.83,12.300000000000004,64.7625,2.3233333333333333,4
TNP_0007,2025-05-11,6.97928,7.18776,0.9709951361759436,28.37833333333333,35.75,23.21,12.54,68.07458333333334,3.5070833333333336,4
TNP_0007,2025-05-12,6.544770000000001,6.94215,0.9427583673645774,27.917916666666667,33.56,23.11,10.450000000000005,74.7775,2.7504166666666667,4
TNP_0007,2025-05-13,5.71679,6.97265,0.8198877041010233,26.89708333333333,31.03,24.14,6.890000000000001,80.17208333333333,2.67125,4
TNP_0007,2025-05-14,5.203399999999999,6.69862,0.7767868605772531,26.0825,29.4,23.68,5.719999999999999,82.02791666666667,2.635,4
TNP_0007,2025-05-15,5.59108,6.83758,0.8176986594672384,26.335416666666664,30.69,22.76,7.93,79.46166666666666,2.6004166666666664,4
TNP_0007,2025-05-16,5.7892,6.84422,0.8458524126927539,27.482083333333332,33.83,22.73,11.099999999999998,73.97083333333333,2.9333333333333336,4
TNP_0007,2025-05-17,4.06761,6.33878,0.6417023465083187,26.3175,31.86,22.72,9.14,74.70875,3.31625,4
TNP_0007,2025-05-18,4.491779999999999,6.44381,0.697068970065846,24.13291666666667,27.53,21.78,5.75,84.07333333333334,2.6425,4
TNP_0007,2025-05-19,4.37363,6.52256,0.6705388681744592,25.7025,30.98,21.77,9.21,79.74666666666667,3.607916666666666,4
TNP_0007,2025-05-20,4.46561,6.8295900000000005,0.6538620912821999,24.926666666666662,29.36,22.34,7.02,81.93416666666667,5.629166666666666,4
TNP_0007,2025-05-21,4.75262,6.52755,0.7280863417361798,25.44666666666667,30.35,22.32,8.030000000000001,75.92083333333333,5.240833333333334,4
TNP_0007,2025-05-22,4.03185,6.73256,0.5988583837351615,26.843333333333334,32.44,22.37,10.069999999999997,75.13666666666667,4.42,4
TNP_0007,2025-05-23,4.22635,6.9703800000000005,0.6063299274931926,26.491666666666664,30.46,23.5,6.960000000000001,81.90666666666667,5.754583333333334,4
TNP_0007,2025-05-24,1.84805,6.83926,0.2702119819980524,25.675833333333333,28.81,23.86,4.949999999999999,84.175,6.34125,4
TNP_0007,2025-05-25,1.60984,6.62647,0.242940811623685,24.75958333333333,27.94,22.56,5.380000000000003,86.98541666666667,7.232083333333333,4
TNP_0007,2025-05-26,1.36811,6.78802,0.2015477267303278,25.47625,28.45,23.11,5.34,85.31541666666666,7.332916666666667,4
TNP_0007,2025-05-27,3.02582,6.806220000000001,0.4445668814701846,25.950416666666666,28.21,24.49,3.7200000000000015,88.54541666666667,7.196666666666666,4
TNP_0007,2025-05-28,2.61163,6.88055,0.3795670404255473,25.417916666666667,27.74,23.37,4.369999999999997,87.66000000000001,7.724166666666666,4
TNP_0007,2025-05-29,2.00451,6.80242,0.294676012360307,24.9025,28.42,22.32,6.100000000000001,83.67791666666666,7.502083333333334,4
TNP_0007,2025-05-30,1.6008399999999998,6.16026,0.2598656550210543,23.9425,26.05,22.32,3.73,85.88041666666668,6.641666666666667,4
TNP_0007,2025-05-31,3.07134,6.184,0.4966591203104786,24.23875,27.26,21.87,5.390000000000001,86.99583333333334,4.517083333333333,4
TNP_0007,2025-06-01,5.6295,6.71847,0.8379139893457885,25.04083333333333,29.76,21.85,7.91,85.27583333333332,3.891666666666667,4
TNP_0007,2025-06-02,5.07858,6.86484,0.7397958291817435,25.465416666666663,29.25,22.05,7.199999999999999,86.86333333333333,4.023750000000001,4
TNP_0007,2025-06-03,4.881399999999999,6.87699,0.7098163586103803,25.29083333333333,29.87,21.35,8.52,82.97833333333334,4.047916666666667,4
TNP_0007,2025-06-04,5.136100000000001,6.93232,0.7408919380524848,23.910833333333333,28.72,19.6,9.119999999999996,81.54708333333333,3.674166666666667,4
TNP_0007,2025-06-05,6.52296,6.84497,0.9529566966692332,25.522916666666664,31.55,19.5,12.05,79.64333333333333,2.82,4
TNP_0007,2025-06-06,6.12225,6.71739,0.911403089592833,26.335,31.8,21.17,10.63,78.68291666666667,2.8350000000000004,4
TNP_0007,2025-06-07,6.35009,6.83302,0.9293240763234996,25.993333333333336,30.86,22.51,8.349999999999998,80.32833333333333,3.5775,4
TNP_0007,2025-06-08,5.62381,6.8657,0.81911676886552,26.300833333333333,30.7,22.47,8.23,82.93958333333333,3.5004166666666667,4
TNP_0007,2025-06-09,5.35458,6.86832,0.7796054930463345,24.935,28.31,22.43,5.879999999999999,86.69083333333333,3.572083333333333,4
TNP_0007,2025-06-10,4.81892,6.7138,0.7177634126724062,25.3175,29.64,22.37,7.27,85.02624999999999,4.775833333333334,4
TNP_0007,2025-06-11,3.28789,6.38755,0.5147341312396772,24.97375,28.33,22.75,5.579999999999998,87.13333333333333,5.02375,4
TNP_0007,2025-06-12,4.21983,6.6531400000000005,0.6342614164139038,24.67375,28.1,22.49,5.610000000000003,86.38916666666667,5.708749999999999,4
TNP_0007,2025-06-13,2.60369,6.69956,0.388635970123411,24.88875,28.86,22.54,6.32,84.02541666666667,7.360416666666667,4
TNP_0007,2025-06-14,2.08364,6.74203,0.3090523180703735,24.62208333333333,28.09,22.44,5.649999999999999,85.89708333333334,7.174166666666667,4
TNP_0007,2025-06-15,2.15861,6.62554,0.3258013686431596,23.74625,26.75,22.14,4.609999999999999,84.57916666666667,8.17375,4
TNP_0007,2025-06-16,2.70988,6.7795,0.3997167932738403,24.067083333333333,26.92,22.16,4.760000000000002,85.51541666666667,6.562083333333334,4
TNP_0007,2025-06-17,3.05223,6.75742,0.4516857025314396,24.58791666666667,27.49,22.3,5.189999999999998,88.21916666666668,5.607083333333333,4
TNP_0007,2025-06-18,3.24423,6.796939999999999,0.4773074354047557,24.870416666666667,28.2,22.27,5.93,88.31958333333334,4.6525,4
TNP_0007,2025-06-19,2.98213,6.78323,0.4396327413341432,24.64125,27.48,22.71,4.77,89.86166666666666,4.57625,4
TNP_0007,2025-06-20,4.60963,6.9284300000000005,0.6653210034596582,24.79833333333333,28.39,22.58,5.810000000000002,88.37458333333332,4.330416666666667,4
TNP_0007,2025-06-21,4.48921,6.74332,0.6657269712841746,24.860416666666666,28.8,22.07,6.73,87.50166666666667,4.235,4
TNP_0007,2025-06-22,3.97718,6.7721,0.5872890240841099,25.06958333333333,29.15,21.96,7.189999999999998,85.89833333333333,5.203333333333333,4
TNP_0007,2025-06-23,4.52766,6.69805,0.6759668858846978,24.30208333333333,27.53,22.39,5.140000000000001,85.04375,5.086666666666667,4
TNP_0007,2025-06-24,4.196149999999999,6.76039,0.6206964391107612,24.69333333333333,27.78,21.83,5.950000000000003,84.56625,5.557083333333334,4
TNP_0007,2025-06-25,2.32738,6.62205,0.3514591402964339,24.558333333333334,27.6,21.86,5.740000000000002,87.96208333333334,5.245,4
TNP_0007,2025-06-26,2.21948,6.39357,0.3471425197503116,24.45625,27.72,22.06,5.66,86.24083333333334,5.509166666666666,4
TNP_0007,2025-06-27,4.39508,6.65682,0.660237170300534,24.314166666666665,28.02,22.04,5.98,87.17958333333333,4.395416666666667,4
TNP_0007,2025-06-28,3.7235,6.56017,0.5675919983780908,24.717916666666667,27.54,22.69,4.849999999999998,88.04416666666667,5.24375,4
TNP_0007,2025-06-29,5.01223,6.6088000000000005,0.7584175644595085,24.40333333333333,28.24,21.82,6.419999999999998,87.66375,3.9625,4
TNP_0007,2025-06-30,4.76944,6.75342,0.7062258825898581,24.277916666666663,27.27,21.86,5.41,88.575,4.204583333333333,4
TNP_0007,2025-07-01,3.89916,6.59393,0.5913256585981349,24.2675,27.21,22.09,5.120000000000001,88.34208333333333,4.482916666666667,4
TNP_0007,2025-07-02,3.26851,6.75224,0.4840630664786797,23.50625,27.07,20.73,6.34,86.24125,5.5375000000000005,4
TNP_0007,2025-07-03,4.22996,6.946350000000001,0.6089471449034385,23.48,26.46,20.72,5.740000000000002,84.72,4.93625,4
TNP_0007,2025-07-04,4.27772,6.7929200000000005,0.6297321328677505,23.285833333333333,26.54,20.52,6.02,87.35583333333334,4.541666666666667,4
TNP_0007,2025-07-05,3.99684,6.8316,0.5850518180221325,24.637083333333333,28.59,20.64,7.949999999999999,85.21541666666667,5.465,4
TNP_0007,2025-07-06,4.1357,6.75365,0.6123651655030983,24.702916666666667,28.05,22.21,5.84,86.23375,6.145833333333333,4
TNP_0007,2025-07-07,3.54602,6.622809999999999,0.535425295305165,24.539166666666663,28.04,22.06,5.98,86.58208333333333,5.877916666666667,4
TNP_0007,2025-07-08,4.72683,6.46623,0.7310024542894391,24.605416666666667,28.61,21.57,7.039999999999999,86.38,4.69875,4
TNP_0007,2025-07-09,4.91367,6.472569999999999,0.7591528558207946,24.889166666666668,29.1,21.6,7.5,84.36625,4.985,4
TNP_0007,2025-07-10,4.26705,6.59715,0.6468020281485187,24.86875,28.78,21.65,7.130000000000003,85.82125,4.016666666666667,4
TNP_0007,2025-07-11,4.436100000000001,6.70012,0.6620926192366705,24.92833333333333,28.51,22.11,6.400000000000002,86.42375,4.812083333333333,4
TNP_0007,2025-07-12,4.74128,6.843019999999999,0.6928636771483936,24.69541666666667,28.03,22.44,5.59,85.75375000000001,4.357916666666667,4
TNP_0007,2025-07-13,4.08233,6.63067,0.6156738308496728,24.045,26.91,21.2,5.710000000000001,87.91833333333334,4.957916666666667,4
TNP_0007,2025-07-14,4.15112,6.765,0.6136171470805617,23.670416666666668,27.05,21.24,5.810000000000002,84.60708333333334,5.625,4
TNP_0007,2025-07-15,3.7939,6.746180000000001,0.5623775232798414,24.455416666666665,28.53,21.36,7.170000000000002,84.52499999999999,4.714166666666666,4
TNP_0007,2025-07-16,2.03601,6.653359999999999,0.3060123005519016,24.505416666666665,28.43,21.66,6.77,85.5825,5.776666666666666,4
TNP_0007,2025-07-17,3.6442,6.61682,0.5507479423650635,24.266666666666666,27.37,21.82,5.550000000000001,86.19125000000001,4.951666666666667,4
TNP_0007,2025-07-18,3.2894,6.4992600000000005,0.5061191581810852,24.58083333333333,28.87,21.76,7.109999999999999,84.92708333333333,5.564166666666666,4
TNP_0007,2025-07-19,2.64514,6.43649,0.410960010813347,23.3075,26.39,21.15,5.240000000000002,86.445,6.927916666666667,4
TNP_0007,2025-07-20,2.90922,6.41883,0.4532321310893106,23.00625,26.59,19.95,6.640000000000001,85.61791666666666,5.605833333333333,4
TNP_0007,2025-07-21,2.50793,6.3993400000000005,0.3919044776492575,23.77833333333333,27.3,20.24,7.060000000000002,85.10875,4.184583333333333,4
TNP_0007,2025-07-22,3.63323,6.46396,0.562074950958855,24.545,28.48,21.51,6.969999999999999,84.49833333333333,4.889166666666667,4
TNP_0007,2025-07-23,3.38989,6.54086,0.5182636534033751,23.9525,28.14,20.14,8.0,83.57041666666667,6.025833333333334,4
TNP_0007,2025-07-24,2.64656,6.516430000000001,0.4061364888443519,23.33875,26.93,20.14,6.789999999999999,84.455,6.559166666666667,4
TNP_0007,2025-07-25,3.9496,6.38892,0.6181952505274757,23.34,26.7,21.16,5.539999999999999,84.18375,7.277916666666666,4
TNP_0007,2025-07-26,1.5908700000000002,6.61428,0.2405205101689073,23.48333333333333,26.56,21.39,5.169999999999998,85.30333333333333,6.710833333333333,4
TNP_0007,2025-07-27,3.5267,6.723949999999999,0.52449824879721,23.47958333333333,27.31,20.92,6.389999999999997,84.38250000000001,5.6175,4
TNP_0007,2025-07-28,5.36465,6.838970000000001,0.7844236778345277,24.044166666666666,28.72,20.88,7.84,82.46958333333333,5.18375,4
TNP_0007,2025-07-29,5.86173,6.994,0.8381083786102373,24.10625,28.66,20.62,8.04,81.68083333333333,5.74375,4
TNP_0007,2025-07-30,5.06903,6.72301,0.7539822192738074,24.93375,29.21,20.55,8.66,82.56041666666667,5.43125,4
TNP_0007,2025-07-31,4.46549,6.47415,0.6897415104685557,24.780833333333334,29.3,21.29,8.010000000000002,84.31,4.667916666666667,4
TNP_0007,2025-08-01,4.517180000000001,6.484190000000001,0.6966452247697862,24.86791666666667,29.11,21.14,7.969999999999999,83.82166666666667,3.99125,4
TNP_0007,2025-08-02,2.64508,6.66308,0.3969755728581977,24.04458333333333,27.2,21.81,5.390000000000001,88.77083333333333,3.11875,4
TNP_0007,2025-08-03,4.2256800000000005,6.36283,0.664119582009892,23.59875,25.69,22.2,3.490000000000002,91.60083333333334,2.80625,4
TNP_0007,2025-08-04,5.64951,6.65482,0.8489350575973506,24.505416666666665,27.03,22.2,4.830000000000002,88.96416666666666,2.803333333333333,4
TNP_0007,2025-08-05,2.69881,6.7318,0.4009046614575596,23.457083333333333,25.74,21.63,4.109999999999999,91.55083333333332,4.27125,4
TNP_0007,2025-08-06,5.71892,6.89451,0.8294889702096305,24.094166666666663,28.03,21.53,6.5,85.30916666666667,4.6137500000000005,4
TNP_0007,2025-08-07,4.1533,6.8222,0.6087918853155874,24.379166666666663,28.48,21.47,7.010000000000002,86.41333333333334,4.235833333333333,4
TNP_0007,2025-08-08,3.8926,6.543559999999999,0.5948749610303872,24.482916666666668,28.53,21.29,7.240000000000002,86.56625000000001,2.6933333333333334,4
TNP_0007,2025-08-09,3.89682,6.5583800000000005,0.5941741710605363,24.069166666666664,27.29,21.12,6.169999999999998,87.44958333333334,2.625833333333333,4
TNP_0007,2025-08-10,4.28703,6.677359999999999,0.642024692393401,23.79583333333333,27.72,20.24,7.48,85.19625,2.924583333333333,4
TNP_0007,2025-08-11,3.85698,6.6242,0.5822559705322907,23.61708333333333,28.61,19.9,8.71,80.43583333333333,3.857083333333333,4
TNP_0007,2025-08-12,4.2071000000000005,7.06214,0.5957259414285189,23.60291666666667,28.63,19.69,8.939999999999998,82.07416666666667,4.2225,4
TNP_0007,2025-08-13,2.4227800000000004,6.96124,0.3480385678413616,23.15958333333333,27.62,20.2,7.420000000000002,83.33958333333334,4.95625,4
TNP_0007,2025-08-14,3.75045,6.76388,0.5544820428511446,23.16708333333333,26.75,20.86,5.890000000000001,85.38916666666667,5.22625,4
TNP_0007,2025-08-15,2.62693,6.855849999999999,0.3831662011275042,23.57875,27.64,20.77,6.870000000000001,84.26958333333333,5.79375,4
TNP_0007,2025-08-16,3.10861,6.71345,0.4630421020488721,23.97208333333333,27.62,21.66,5.960000000000001,86.04333333333334,5.4070833333333335,4
TNP_0007,2025-08-17,2.58484,6.74975,0.3829534427201008,23.444166666666664,26.81,21.13,5.68,87.07541666666667,5.953749999999999,4
TNP_0007,2025-08-18,3.73168,6.82401,0.5468456230281022,23.273750000000003,26.56,21.1,5.459999999999997,85.96249999999999,5.977083333333333,4
TNP_0007,2025-08-19,5.06557,7.15298,0.7081761727280098,23.77583333333333,28.0,20.29,7.710000000000001,83.74541666666667,5.669999999999999,4
TNP_0007,2025-08-20,5.51579,7.1856,0.7676171788020485,23.513333333333332,28.73,20.07,8.66,82.83333333333333,3.7775,4
TNP_0007,2025-08-21,6.21198,7.047389999999999,0.8814582419874593,25.34,30.47,19.98,10.489999999999998,81.59875,2.64125,4
TNP_0007,2025-08-22,4.37164,6.988980000000001,0.625504723149873,24.4675,28.42,21.32,7.100000000000001,84.42833333333333,2.177083333333333,4
TNP_0007,2025-08-23,4.17569,6.581519999999999,0.6344567820199589,24.618333333333336,29.55,21.1,8.45,83.45958333333333,2.9975,4
TNP_0007,2025-08-24,6.5237,7.13891,0.913822978577962,24.936666666666667,30.65,20.59,10.06,80.67833333333333,3.015833333333333,4
TNP_0007,2025-08-25,6.56616,7.2585,0.9046166563339534,24.2675,29.19,20.4,8.790000000000003,83.11916666666666,2.825,4
TNP_0007,2025-08-26,5.56308,7.1163,0.7817377007714684,24.81833333333333,30.2,20.37,9.829999999999998,81.64,4.288749999999999,4
TNP_0007,2025-08-27,3.3750500000000003,6.871269999999999,0.4911828526604253,24.299166666666665,28.83,21.2,7.629999999999999,85.38375,5.104166666666667,4
TNP_0007,2025-08-28,2.1276,6.64659,0.3201039931754478,23.561666666666667,26.71,20.83,5.880000000000003,87.9175,5.44,4
TNP_0007,2025-08-29,3.79198,6.81338,0.5565490255937582,24.03625,28.04,20.84,7.199999999999999,83.34291666666667,4.6570833333333335,4
TNP_0007,2025-08-30,3.95602,6.60105,0.5993016262564289,24.7125,29.65,21.79,7.859999999999999,84.17833333333333,4.41875,4
TNP_0007,2025-08-31,4.524730000000001,6.53358,0.6925345675724489,24.23375,27.74,21.61,6.129999999999999,86.81416666666667,4.00375,4
TNP_0007,2025-09-01,4.81611,6.74864,0.7136415633372057,23.910416666666663,27.81,21.15,6.66,86.45625,4.41,4
TNP_0007,2025-09-02,5.30651,6.67435,0.7950601931274206,24.301666666666662,29.01,21.13,7.880000000000003,83.38166666666667,4.722916666666666,4
TNP_0007,2025-09-03,3.71898,6.481649999999999,0.5737705676795262,24.47375,28.91,21.19,7.719999999999999,84.64291666666666,5.190833333333333,4
TNP_0007,2025-09-04,4.2438,6.83192,0.6211723790676706,24.188333333333333,28.44,21.29,7.150000000000002,86.00666666666666,3.9958333333333336,4
TNP_0007,2025-09-05,4.40066,6.80803,0.6463925687754021,24.61625,29.64,21.18,8.46,84.82833333333333,3.624166666666667,4
TNP_0007,2025-09-06,5.71251,6.8558900000000005,0.8332266124456489,24.926666666666662,30.13,21.33,8.8,84.56291666666667,3.3350000000000004,4
TNP_0007,2025-09-07,5.48664,6.769519999999999,0.8104917335350219,24.55333333333333,29.74,20.48,9.259999999999998,84.27583333333334,2.8241666666666667,4
TNP_0007,2025-09-08,6.154850000000001,6.86644,0.8963669674532947,25.765416666666667,31.67,20.2,11.470000000000002,78.95125,2.549583333333333,4
TNP_0007,2025-09-09,5.65748,6.8588000000000005,0.8248498279582434,24.526666666666667,27.52,22.24,5.280000000000001,87.18166666666667,1.78125,4
TNP_0007,2025-09-10,4.30815,6.57286,0.6554452703997954,25.575,30.92,22.0,8.920000000000002,82.06041666666667,2.2670833333333333,4
TNP_0007,2025-09-11,6.03726,6.580640000000001,0.9174274842568504,24.819166666666664,29.16,21.84,7.32,83.72500000000001,2.26625,4
TNP_0007,2025-09-12,6.47854,6.8315600000000005,0.9483251263254658,24.89625,28.96,21.75,7.210000000000001,83.10625,2.160833333333333,4
TNP_0007,2025-09-13,6.07326,6.76274,0.8980472412069664,24.61375,29.03,20.98,8.05,83.48291666666667,2.990833333333333,4
TNP_0007,2025-09-14,5.53755,6.74467,0.8210260843006404,24.66,30.13,20.69,9.439999999999998,80.71583333333334,3.11875,4
TNP_0007,2025-09-15,5.35625,6.83291,0.7838900263577305,24.86,29.66,20.93,8.73,82.67583333333333,3.49375,4
TNP_0007,2025-09-16,5.17664,6.82729,0.7582276423002392,24.188333333333333,27.47,21.76,5.709999999999997,89.29875,2.747083333333333,4
TNP_0007,2025-09-17,4.54137,6.58689,0.6894558737127839,24.21583333333333,27.14,22.08,5.060000000000002,89.62625000000001,3.376666666666667,4
TNP_0007,2025-09-18,4.84571,6.7683800000000005,0.7159335025515707,23.60625,26.87,20.85,6.02,91.89166666666668,3.6666666666666665,4
TNP_0007,2025-09-19,5.1702200000000005,6.53773,0.7908280091101958,23.909166666666664,28.47,20.55,7.919999999999998,86.32041666666667,3.0420833333333337,4
TNP_0007,2025-09-20,5.90619,6.56477,0.899679653666465,24.585416666666664,30.08,20.39,9.689999999999998,80.71708333333333,3.0995833333333334,4
TNP_0007,2025-09-21,5.46047,6.66496,0.8192802357403496,24.905,29.92,20.97,8.950000000000003,83.66875,3.4454166666666666,4
TNP_0007,2025-09-22,5.16451,6.8693,0.7518247856404583,24.662916666666664,29.22,21.51,7.709999999999997,84.58708333333333,3.545,4
TNP_0007,2025-09-23,4.14032,6.67403,0.6203628092771534,24.49833333333333,28.68,21.45,7.23,84.40916666666666,4.1125,4
TNP_0007,2025-09-24,4.62861,6.79223,0.6814566055625325,24.644166666666667,29.85,20.91,8.940000000000001,82.71416666666666,3.93,4
TNP_0007,2025-09-25,4.54375,6.7895900000000005,0.6692230311403192,24.4475,29.48,20.71,8.77,82.92166666666667,4.030833333333333,4
TNP_0007,2025-09-26,4.542,6.60593,0.6875640522984652,24.63,29.5,21.72,7.780000000000001,82.80833333333334,4.982083333333334,4
TNP_0007,2025-09-27,4.324020000000001,6.79244,0.6365930357868455,23.704166666666666,27.79,21.07,6.719999999999999,84.73166666666667,4.848333333333334,4
TNP_0007,2025-09-28,4.25751,6.74029,0.631650863686874,24.27208333333333,28.21,21.46,6.75,86.31666666666666,5.286666666666666,4
TNP_0007,2025-09-29,5.27996,6.68495,0.7898278969924981,24.445,29.12,20.92,8.2,83.96166666666666,4.443333333333333,4
TNP_0007,2025-09-30,5.33086,6.660909999999999,0.8003200763859593,24.15125,28.6,20.41,8.190000000000001,84.68291666666667,3.681666666666666,4
TNP_0007,2025-10-01,4.87593,6.82242,0.7146921473612003,25.039583333333336,30.77,20.22,10.55,81.66916666666667,3.5825,4
TNP_0007,2025-10-02,4.67054,6.72667,0.6943316678237522,25.065416666666668,29.43,21.23,8.2,83.44041666666666,3.2266666666666666,4
TNP_0007,2025-10-03,5.86398,6.774520000000001,0.8655934294975879,25.075833333333332,29.34,21.77,7.57,83.68374999999999,2.060416666666667,4
TNP_0007,2025-10-04,4.210229999999999,6.68009,0.6302654604952926,24.848333333333333,30.12,21.66,8.46,79.6775,2.52,4
TNP_0007,2025-10-05,5.34375,6.67238,0.8008761491401868,24.704166666666666,28.89,21.93,6.960000000000001,82.24166666666666,2.29,4
TNP_0007,2025-10-06,6.45687,6.85837,0.9414583931750548,24.660833333333333,29.04,21.36,7.68,81.70583333333333,1.5125,4
TNP_0007,2025-10-07,5.33645,6.47387,0.8243060178842022,24.575416666666666,27.62,21.39,6.23,79.55458333333333,1.3041666666666667,4
TNP_0007,2025-10-08,4.906350000000001,5.77066,0.8502233713301427,25.79083333333333,30.69,22.04,8.650000000000002,79.6825,1.3754166666666665,4
TNP_0007,2025-10-09,4.95871,6.1493,0.8063860927260013,24.57958333333333,28.52,21.45,7.07,86.97458333333333,1.455833333333333,4
TNP_0007,2025-10-10,4.73017,6.3718,0.742360086631721,25.54125,29.86,21.29,8.57,84.28833333333334,1.5287499999999998,4
TNP_0007,2025-10-11,5.45418,6.45537,0.8449058690671487,24.484166666666667,27.47,21.85,5.619999999999997,84.56458333333333,2.05625,4
TNP_0007,2025-10-12,5.917859999999999,6.311640000000001,0.9376105101051389,24.493333333333336,28.26,21.74,6.520000000000003,86.34625,2.51125,4
TNP_0007,2025-10-13,4.518260000000001,6.07757,0.7434319966697217,25.5025,30.31,21.71,8.599999999999998,83.64166666666667,2.0,4
TNP_0007,2025-10-14,4.03241,6.078180000000001,0.6634239196601613,24.995416666666667,30.15,21.27,8.879999999999999,84.26791666666666,3.150416666666666,4
TNP_0007,2025-10-15,4.05035,6.449649999999999,0.6279953175753724,24.70208333333333,29.57,21.13,8.440000000000001,85.49624999999999,3.0029166666666662,4
TNP_0007,2025-10-16,3.5113600000000003,6.481310000000001,0.5417670193217112,24.00583333333333,27.68,21.66,6.02,89.65416666666665,3.0504166666666666,4
TNP_0007,2025-10-17,4.3837,6.30328,0.6954633143379321,24.362916666666667,27.87,21.87,6.0,88.91958333333334,3.910833333333333,4
TNP_0007,2025-10-18,4.54304,6.42698,0.7068701007316033,24.04125,27.55,21.59,5.960000000000001,89.12124999999999,3.392916666666667,4
TNP_0007,2025-10-19,4.55498,6.44607,0.7066290003056125,24.102500000000003,27.81,21.49,6.32,88.12708333333335,3.07375,4
TNP_0007,2025-10-20,4.78553,6.2853900000000005,0.7613735981379038,23.29125,26.02,21.19,4.829999999999998,90.68375,2.7758333333333334,4
TNP_0007,2025-10-21,2.33297,6.309819999999999,0.36973637916771,23.339166666666667,26.47,21.15,5.32,90.72458333333331,1.9541666666666664,4
TNP_0007,2025-10-22,4.09663,6.3658,0.643537340161488,23.4125,25.49,21.28,4.209999999999997,92.86833333333334,2.799166666666667,4
TNP_0007,2025-10-23,4.61779,6.25241,0.7385616106429361,23.914166666666663,27.63,20.99,6.640000000000001,88.89666666666666,2.980833333333333,4
TNP_0007,2025-10-24,3.53098,6.19568,0.5699100018077111,23.111666666666665,26.4,19.93,6.469999999999999,92.10083333333334,2.967916666666667,4
TNP_0007,2025-10-25,4.64647,6.34761,0.7320030688715911,23.986666666666665,27.98,20.24,7.740000000000002,89.79333333333334,2.720833333333333,4
TNP_0007,2025-10-26,5.181010000000001,6.16368,0.840570892713444,24.36958333333333,28.35,21.17,7.18,88.8875,2.54375,4
TNP_0007,2025-10-27,1.30184,6.07878,0.214161394227131,23.24125,25.98,21.32,4.66,91.9825,3.74875,4
TNP_0007,2025-10-28,3.37413,6.48072,0.5206412250490686,23.652916666666663,26.45,21.6,4.849999999999998,91.05083333333332,4.0441666666666665,4
TNP_0007,2025-10-29,4.57447,6.37559,0.7174975178767768,23.784166666666668,27.91,20.52,7.390000000000001,89.24374999999999,3.86,4
TNP_0007,2025-10-30,5.45521,6.46137,0.8442807020802091,24.00333333333333,28.96,20.42,8.54,88.16458333333333,2.895,4
TNP_0007,2025-10-31,6.05261,6.48942,0.9326888997784084,23.740416666666665,29.13,19.22,9.91,85.68416666666667,2.66125,4
TNP_0007,2025-11-01,6.272279999999999,6.53254,0.9601594479329632,23.362916666666667,29.25,18.64,10.61,85.15916666666666,2.2591666666666668,4
TNP_0007,2025-11-02,5.96517,6.51524,0.9155717978155832,23.89333333333333,29.59,18.52,11.07,83.27,2.41875,4
TNP_0007,2025-11-03,5.18829,6.18814,0.838424793233508,24.867500000000003,30.18,20.05,10.13,84.75541666666666,2.065,4
TNP_0007,2025-11-04,4.903020000000001,6.26533,0.7825637276887253,24.55458333333333,29.37,20.86,8.510000000000002,84.05375,2.28375,4
TNP_0007,2025-11-05,4.90713,5.87214,0.8356629780625122,24.207916666666662,28.76,20.33,8.430000000000003,85.00166666666667,1.8904166666666664,4
TNP_0007,2025-11-06,5.3419,5.87603,0.9091001917961616,22.860416666666666,28.42,18.62,9.8,81.7925,2.10875,4
TNP_0007,2025-11-07,5.48158,5.79356,0.9461505533730556,24.006666666666664,28.93,18.48,10.45,78.32166666666667,0.9970833333333332,4
TNP_0007,2025-11-08,4.66965,5.46959,0.8537477214928358,23.664583333333336,27.83,19.82,8.009999999999998,86.09541666666667,1.39125,4
TNP_0007,2025-11-09,3.09133,5.1667,0.5983180753672558,23.604166666666668,27.75,19.47,8.280000000000001,74.53041666666667,1.5095833333333333,4
TNP_0007,2025-11-10,2.5997,4.78049,0.5438145462076064,23.63125,27.43,20.22,7.210000000000001,84.79791666666667,1.2845833333333332,4
TNP_0007,2025-11-11,3.72595,5.06407,0.735761946418592,24.204166666666666,28.42,20.72,7.700000000000003,84.94541666666667,1.6358333333333333,4
TNP_0007,2025-11-12,3.19551,5.14292,0.6213415724918918,24.19833333333333,29.05,20.18,8.870000000000001,82.77958333333333,2.370416666666667,4
TNP_0007,2025-11-13,5.053,5.6333,0.8969875561393854,24.23708333333333,29.43,20.11,9.32,82.97666666666667,2.9195833333333336,4
TNP_0007,2025-11-14,2.9804,4.94723,0.6024381320456094,23.38416666666667,28.75,18.79,9.96,84.28833333333334,3.259583333333333,4
TNP_0007,2025-11-15,4.50596,5.14999,0.8749453882434723,22.29458333333333,28.0,18.57,9.43,77.48291666666667,2.3575,4
TNP_0007,2025-11-16,5.32428,5.54812,0.9596548019869794,23.81583333333333,28.8,18.43,10.37,81.155,2.862083333333333,4
TNP_0007,2025-11-17,3.19015,5.6561,0.5640193773094535,23.247083333333336,27.45,19.81,7.640000000000001,82.05083333333333,3.0504166666666666,4
TNP_0007,2025-11-18,3.67633,5.67209,0.6481438058987076,22.949583333333333,26.89,19.65,7.240000000000002,87.055,3.2566666666666664,4
TNP_0007,2025-11-19,5.06296,5.92537,0.8544546585276532,23.485416666666666,29.08,18.58,10.5,83.43708333333333,3.554583333333333,4
TNP_0007,2025-11-20,5.25753,5.771400000000001,0.9109626780330594,23.93125,29.72,18.18,11.54,76.44333333333333,2.5591666666666666,4
TNP_0007,2025-11-21,4.975099999999999,5.69685,0.873307178528485,24.629166666666663,30.05,20.11,9.94,81.67041666666667,2.9291666666666667,4
TNP_0007,2025-11-22,3.76112,5.80937,0.6474230424297299,23.32166666666667,27.1,20.69,6.41,89.33041666666666,3.3058333333333336,4
TNP_0007,2025-11-23,3.49008,5.90587,0.5909510368497782,22.89,25.98,20.85,5.129999999999999,90.53125,3.44375,4
TNP_0007,2025-11-24,2.6596100000000003,5.856319999999999,0.4541435577290859,22.16916666666667,24.97,19.53,5.439999999999998,90.97333333333334,3.682083333333333,4
TNP_0007,2025-11-25,4.72538,5.43726,0.8690737614165959,22.545,27.85,18.8,9.05,83.29333333333334,3.424166666666667,4
TNP_0007,2025-11-26,4.9432,5.51703,0.8959893275911133,22.308333333333334,27.82,17.87,9.95,80.96166666666666,3.4754166666666664,4
TNP_0007,2025-11-27,4.44756,5.45058,0.8159792168906796,21.91708333333333,27.29,17.17,10.119999999999996,78.54625,3.4625,4
TNP_0007,2025-11-28,2.64154,5.211600000000001,0.5068577788011359,20.70125,24.64,16.97,7.670000000000002,76.11083333333333,2.305,4
TNP_0007,2025-11-29,2.91811,5.51279,0.5293345112003178,21.75625,25.85,17.15,8.700000000000003,80.74833333333333,1.81,4
TNP_0007,2025-11-30,4.261979999999999,5.65577,0.7535631753059263,21.94333333333333,25.76,18.77,6.990000000000002,87.34875,1.8091666666666668,4
TNP_0007,2025-12-01,4.09299,5.39382,0.7588295493731716,24.17083333333333,29.37,19.71,9.66,82.84958333333333,1.4508333333333334,4
TNP_0007,2025-12-02,4.153779999999999,5.41237,0.7674604655631451,23.90625,28.33,20.4,7.93,84.18833333333333,0.965,4
TNP_0007,2025-12-03,1.49524,5.31158,0.2815056913385471,23.07708333333333,26.43,20.98,5.449999999999999,91.08041666666666,1.6429166666666666,4
TNP_0007,2025-12-04,4.36786,5.481859999999999,0.7967843031379862,22.62625,27.09,20.04,7.050000000000001,84.715,2.1904166666666667,4
TNP_0007,2025-12-05,4.10604,5.37467,0.7639613222765305,22.72583333333333,27.11,19.52,7.59,87.56541666666668,3.9620833333333336,4
TNP_0007,2025-12-06,4.37574,5.15132,0.8494405317472026,22.28875,26.61,19.01,7.599999999999998,86.44791666666667,3.31875,4
TNP_0007,2025-12-07,4.52698,5.34543,0.8468879023764224,21.800416666666667,26.34,17.9,8.440000000000001,83.27791666666667,2.867083333333333,4
TNP_0007,2025-12-08,5.44961,5.55717,0.9806448246139672,21.559166666666663,28.29,16.09,12.2,78.45208333333333,2.825,4
TNP_0007,2025-12-09,5.37139,5.46199,0.9834126389832276,22.411666666666665,28.03,15.6,12.43,80.50708333333334,2.9683333333333333,4
TNP_0007,2025-12-10,5.2672,5.36246,0.9822357649287826,22.01708333333333,28.53,16.4,12.130000000000004,77.48458333333333,3.17,4
TNP_0007,2025-12-11,5.06341,5.0886000000000005,0.99504971897968,20.8825,28.11,15.53,12.58,76.74708333333334,3.398333333333333,4
TNP_0007,2025-12-12,5.3106,5.38087,0.9869407735180372,20.84083333333333,27.83,15.38,12.449999999999998,78.60083333333334,3.2270833333333333,4
TNP_0007,2025-12-13,5.55666,5.6208,0.9885888129803586,19.98208333333333,28.08,13.82,14.259999999999998,73.42666666666666,2.9716666666666662,4
TNP_0007,2025-12-14,5.7812600000000005,5.81545,0.9941208332975092,19.398333333333333,27.91,13.61,14.3,70.05333333333333,2.94375,4
TNP_0007,2025-12-15,5.86592,5.88255,0.9971729947046774,19.554583333333333,27.51,13.49,14.02,71.65291666666667,3.0629166666666667,4
TNP_0007,2025-12-16,4.69385,5.50335,0.8529077743556198,22.55625,28.22,15.4,12.82,84.02625,3.8354166666666663,4
TNP_0007,2025-12-17,4.49755,5.64325,0.7969786913569309,22.797916666666666,29.63,16.91,12.72,80.5025,4.445416666666667,4
TNP_0007,2025-12-18,4.92551,5.9318800000000005,0.8303455228359305,20.257916666666667,27.4,15.58,11.82,74.14208333333333,3.955416666666667,4
TNP_0007,2025-12-19,4.41604,5.75945,0.7667468247836164,20.080416666666668,27.67,15.07,12.6,74.50875,3.252083333333333,4
TNP_0007,2025-12-20,4.9442,5.20054,0.9507089648382666,19.820416666666667,27.47,13.84,13.63,75.53666666666668,2.647083333333333,4
TNP_0007,2025-12-21,5.3468,5.3731,0.9951052465057416,19.65,27.64,13.83,13.81,73.78791666666667,2.9333333333333336,4
TNP_0007,2025-12-22,5.16314,5.30743,0.972813583975672,20.25875,28.36,14.04,14.32,73.77166666666666,2.95375,4
TNP_0007,2025-12-23,5.60128,5.69881,0.9828859007406808,20.911666666666665,28.5,15.19,13.31,73.68124999999999,2.66,4
TNP_0007,2025-12-24,5.58847,5.64025,0.9908195558707504,20.846666666666668,28.61,15.05,13.56,74.55166666666666,2.3291666666666666,4
TNP_0007,2025-12-25,5.469600000000001,5.51314,0.9921025041990592,20.84875,28.7,14.82,13.88,72.545,2.4720833333333334,4
TNP_0007,2025-12-26,5.17443,5.41247,0.956020079557023,22.24833333333333,29.1,16.09,13.010000000000002,77.2075,2.8233333333333337,4
TNP_0007,2025-12-27,4.95313,5.24451,0.944440948725429,21.551666666666662,28.83,16.55,12.279999999999998,73.82541666666667,2.79375,4
TNP_0007,2025-12-28,5.31104,5.44528,0.9753474568800872,21.973333333333333,29.07,16.55,12.52,74.73625,2.6020833333333333,4
TNP_0007,2025-12-29,4.87961,5.06789,0.9628484438296804,22.929166666666664,29.52,17.24,12.28,76.22708333333334,2.435,4
TNP_0007,2025-12-30,4.95793,5.07352,0.9772170012141472,23.71166666666667,30.09,18.12,11.97,73.40958333333333,1.315,4
TNP_0007,2025-12-31,4.20553,5.21088,0.8070671364529598,23.817083333333333,30.72,19.0,11.72,76.04708333333333,1.805416666666667,4
