timestamp_utc,GHI_Wm2,GHI_clearsky_Wm2,T_amb_C,RH_pct,wind_ms,point_id,cluster_id,year
2016-01-01 00:00:00+00:00,0.0,0.0,14.39,100.0,2.28,TNP_0007,4,2016
2016-01-01 01:00:00+00:00,28.92,31.55,15.11,99.9,2.78,TNP_0007,4,2016
2016-01-01 02:00:00+00:00,218.98,231.32,17.77,84.86,4.42,TNP_0007,4,2016
2016-01-01 03:00:00+00:00,433.42,461.3,20.58,68.84,5.79,TNP_0007,4,2016
2016-01-01 04:00:00+00:00,617.65,660.4,22.95,56.04,6.4,TNP_0007,4,2016
2016-01-01 05:00:00+00:00,794.88,803.0,24.85,47.9,6.54,TNP_0007,4,2016
2016-01-01 06:00:00+00:00,795.47,867.9,26.33,43.16,6.52,TNP_0007,4,2016
2016-01-01 07:00:00+00:00,743.8,862.22,27.32,40.8,6.42,TNP_0007,4,2016
2016-01-01 08:00:00+00:00,711.35,776.97,27.78,40.04,6.27,TNP_0007,4,2016
2016-01-01 09:00:00+00:00,550.6,624.3,27.69,40.72,6.04,TNP_0007,4,2016
2016-01-01 10:00:00+00:00,364.85,419.0,27.02,42.95,5.7,TNP_0007,4,2016
2016-01-01 11:00:00+00:00,175.35,193.35,25.54,48.65,4.73,TNP_0007,4,2016
2016-01-01 12:00:00+00:00,18.75,19.98,21.88,65.84,2.96,TNP_0007,4,2016
2016-01-01 13:00:00+00:00,0.0,0.0,20.08,74.51,2.89,TNP_0007,4,2016
2016-01-01 14:00:00+00:00,0.0,0.0,19.33,78.74,2.86,TNP_0007,4,2016
2016-01-01 15:00:00+00:00,0.0,0.0,18.75,81.89,2.94,TNP_0007,4,2016
2016-01-01 16:00:00+00:00,0.0,0.0,18.22,84.96,3.01,TNP_0007,4,2016
2016-01-01 17:00:00+00:00,0.0,0.0,17.54,89.17,2.94,TNP_0007,4,2016
2016-01-01 18:00:00+00:00,0.0,0.0,16.77,93.9,2.8,TNP_0007,4,2016
2016-01-01 19:00:00+00:00,0.0,0.0,16.05,98.34,2.62,TNP_0007,4,2016
2016-01-01 20:00:00+00:00,0.0,0.0,15.41,100.0,2.5,TNP_0007,4,2016
2016-01-01 21:00:00+00:00,0.0,0.0,14.83,100.0,2.41,TNP_0007,4,2016
2016-01-01 22:00:00+00:00,0.0,0.0,14.37,100.0,2.38,TNP_0007,4,2016
2016-01-01 23:00:00+00:00,0.0,0.0,14.12,100.0,2.36,TNP_0007,4,2016
2016-01-02 00:00:00+00:00,0.0,0.0,14.01,100.0,2.35,TNP_0007,4,2016
2016-01-02 01:00:00+00:00,26.7,28.48,14.9,100.0,2.42,TNP_0007,4,2016
2016-01-02 02:00:00+00:00,207.6,218.5,18.12,84.26,3.94,TNP_0007,4,2016
2016-01-02 03:00:00+00:00,419.52,449.92,21.38,64.64,5.59,TNP_0007,4,2016
2016-01-02 04:00:00+00:00,632.53,653.45,23.75,50.58,6.0,TNP_0007,4,2016
2016-01-02 05:00:00+00:00,784.42,800.1,25.63,42.25,5.88,TNP_0007,4,2016
2016-01-02 06:00:00+00:00,861.4,871.17,27.06,37.46,5.67,TNP_0007,4,2016
2016-01-02 07:00:00+00:00,814.92,860.58,28.0,34.68,5.49,TNP_0007,4,2016
2016-01-02 08:00:00+00:00,646.4,776.15,28.4,33.44,5.3,TNP_0007,4,2016
2016-01-02 09:00:00+00:00,606.28,614.55,28.3,33.06,5.11,TNP_0007,4,2016
2016-01-02 10:00:00+00:00,404.2,407.42,27.63,33.92,4.88,TNP_0007,4,2016
2016-01-02 11:00:00+00:00,183.57,186.82,25.88,40.62,3.8,TNP_0007,4,2016
2016-01-02 12:00:00+00:00,19.83,20.35,21.47,61.01,2.77,TNP_0007,4,2016
2016-01-02 13:00:00+00:00,0.0,0.0,19.52,68.07,3.02,TNP_0007,4,2016
2016-01-02 14:00:00+00:00,0.0,0.0,18.65,71.94,3.07,TNP_0007,4,2016
2016-01-02 15:00:00+00:00,0.0,0.0,17.79,77.47,2.93,TNP_0007,4,2016
2016-01-02 16:00:00+00:00,0.0,0.0,17.0,83.25,2.71,TNP_0007,4,2016
2016-01-02 17:00:00+00:00,0.0,0.0,16.35,88.47,2.49,TNP_0007,4,2016
2016-01-02 18:00:00+00:00,0.0,0.0,15.75,92.92,2.35,TNP_0007,4,2016
2016-01-02 19:00:00+00:00,0.0,0.0,15.15,97.22,2.26,TNP_0007,4,2016
2016-01-02 20:00:00+00:00,0.0,0.0,14.6,100.0,2.21,TNP_0007,4,2016
2016-01-02 21:00:00+00:00,0.0,0.0,14.11,100.0,2.21,TNP_0007,4,2016
2016-01-02 22:00:00+00:00,0.0,0.0,13.69,100.0,2.23,TNP_0007,4,2016
2016-01-02 23:00:00+00:00,0.0,0.0,13.39,100.0,2.23,TNP_0007,4,2016
2016-01-03 00:00:00+00:00,0.0,0.0,13.17,100.0,2.22,TNP_0007,4,2016
2016-01-03 01:00:00+00:00,26.33,28.15,13.96,100.0,2.16,TNP_0007,4,2016
2016-01-03 02:00:00+00:00,210.38,219.57,17.17,84.02,3.13,TNP_0007,4,2016
2016-01-03 03:00:00+00:00,434.17,451.73,20.86,58.94,4.51,TNP_0007,4,2016
2016-01-03 04:00:00+00:00,640.85,655.95,23.94,40.51,5.27,TNP_0007,4,2016
2016-01-03 05:00:00+00:00,802.33,803.28,26.08,32.61,5.41,TNP_0007,4,2016
2016-01-03 06:00:00+00:00,884.72,897.5,27.62,28.97,5.3,TNP_0007,4,2016
2016-01-03 07:00:00+00:00,857.55,891.85,28.68,26.85,5.07,TNP_0007,4,2016
2016-01-03 08:00:00+00:00,811.1,811.1,29.21,25.82,4.82,TNP_0007,4,2016
2016-01-03 09:00:00+00:00,615.55,661.75,29.15,25.78,4.67,TNP_0007,4,2016
2016-01-03 10:00:00+00:00,396.58,456.83,28.43,27.22,4.52,TNP_0007,4,2016
2016-01-03 11:00:00+00:00,202.15,221.95,26.41,35.53,3.51,TNP_0007,4,2016
2016-01-03 12:00:00+00:00,24.2,25.38,21.5,57.02,2.91,TNP_0007,4,2016
2016-01-03 13:00:00+00:00,0.0,0.0,19.4,62.94,3.26,TNP_0007,4,2016
2016-01-03 14:00:00+00:00,0.0,0.0,18.52,66.75,3.27,TNP_0007,4,2016
2016-01-03 15:00:00+00:00,0.0,0.0,17.8,73.45,3.13,TNP_0007,4,2016
2016-01-03 16:00:00+00:00,0.0,0.0,16.97,81.91,2.7,TNP_0007,4,2016
2016-01-03 17:00:00+00:00,0.0,0.0,16.25,89.19,2.46,TNP_0007,4,2016
2016-01-03 18:00:00+00:00,0.0,0.0,15.62,95.84,2.36,TNP_0007,4,2016
2016-01-03 19:00:00+00:00,0.0,0.0,15.05,100.0,2.27,TNP_0007,4,2016
2016-01-03 20:00:00+00:00,0.0,0.0,14.58,100.0,2.21,TNP_0007,4,2016
2016-01-03 21:00:00+00:00,0.0,0.0,14.48,100.0,2.14,TNP_0007,4,2016
2016-01-03 22:00:00+00:00,0.0,0.0,14.37,100.0,2.17,TNP_0007,4,2016
2016-01-03 23:00:00+00:00,0.0,0.0,14.12,100.0,2.25,TNP_0007,4,2016
2016-01-04 00:00:00+00:00,0.0,0.0,13.79,100.0,2.29,TNP_0007,4,2016
2016-01-04 01:00:00+00:00,28.33,30.35,14.49,100.0,2.17,TNP_0007,4,2016
2016-01-04 02:00:00+00:00,226.43,233.0,17.88,85.24,3.58,TNP_0007,4,2016
2016-01-04 03:00:00+00:00,444.6,467.02,20.94,65.55,5.04,TNP_0007,4,2016
2016-01-04 04:00:00+00:00,652.38,668.62,23.55,49.44,5.71,TNP_0007,4,2016
2016-01-04 05:00:00+00:00,813.53,814.15,25.58,40.93,5.76,TNP_0007,4,2016
2016-01-04 06:00:00+00:00,860.8,874.6,27.14,36.02,5.53,TNP_0007,4,2016
2016-01-04 07:00:00+00:00,837.1,870.85,28.14,33.05,5.22,TNP_0007,4,2016
2016-01-04 08:00:00+00:00,784.03,791.8,28.51,31.49,5.02,TNP_0007,4,2016
2016-01-04 09:00:00+00:00,591.83,642.33,28.37,30.82,4.75,TNP_0007,4,2016
2016-01-04 10:00:00+00:00,394.77,438.77,27.53,32.11,4.41,TNP_0007,4,2016
2016-01-04 11:00:00+00:00,189.07,208.62,25.53,40.73,3.21,TNP_0007,4,2016
2016-01-04 12:00:00+00:00,21.85,23.52,21.33,60.69,2.6,TNP_0007,4,2016
2016-01-04 13:00:00+00:00,0.0,0.0,19.48,65.9,2.85,TNP_0007,4,2016
2016-01-04 14:00:00+00:00,0.0,0.0,18.56,69.52,2.99,TNP_0007,4,2016
2016-01-04 15:00:00+00:00,0.0,0.0,17.86,73.89,3.02,TNP_0007,4,2016
2016-01-04 16:00:00+00:00,0.0,0.0,17.17,80.61,2.85,TNP_0007,4,2016
2016-01-04 17:00:00+00:00,0.0,0.0,16.51,87.19,2.58,TNP_0007,4,2016
2016-01-04 18:00:00+00:00,0.0,0.0,15.85,93.18,2.37,TNP_0007,4,2016
2016-01-04 19:00:00+00:00,0.0,0.0,15.23,98.56,2.25,TNP_0007,4,2016
2016-01-04 20:00:00+00:00,0.0,0.0,14.7,100.0,2.2,TNP_0007,4,2016
2016-01-04 21:00:00+00:00,0.0,0.0,14.21,100.0,2.19,TNP_0007,4,2016
2016-01-04 22:00:00+00:00,0.0,0.0,13.8,100.0,2.21,TNP_0007,4,2016
2016-01-04 23:00:00+00:00,0.0,0.0,13.43,100.0,2.26,TNP_0007,4,2016
2016-01-05 00:00:00+00:00,0.0,0.0,13.09,100.0,2.27,TNP_0007,4,2016
2016-01-05 01:00:00+00:00,25.2,26.2,13.85,100.0,2.1,TNP_0007,4,2016
2016-01-05 02:00:00+00:00,207.52,210.93,17.85,81.16,2.89,TNP_0007,4,2016
2016-01-05 03:00:00+00:00,430.4,438.25,21.51,59.48,4.1,TNP_0007,4,2016
2016-01-05 04:00:00+00:00,637.33,639.17,24.17,44.86,4.24,TNP_0007,4,2016
2016-01-05 05:00:00+00:00,773.17,784.08,26.12,39.68,3.98,TNP_0007,4,2016
2016-01-05 06:00:00+00:00,862.25,869.12,27.59,37.67,3.52,TNP_0007,4,2016
2016-01-05 07:00:00+00:00,835.9,864.28,28.56,36.48,3.28,TNP_0007,4,2016
2016-01-05 08:00:00+00:00,783.88,783.97,29.06,36.04,3.3,TNP_0007,4,2016
2016-01-05 09:00:00+00:00,594.75,633.47,29.01,36.83,3.35,TNP_0007,4,2016
2016-01-05 10:00:00+00:00,381.85,425.83,28.39,38.91,3.34,TNP_0007,4,2016
2016-01-05 11:00:00+00:00,184.05,194.12,26.87,46.09,2.84,TNP_0007,4,2016
2016-01-05 12:00:00+00:00,20.75,21.25,23.04,67.83,2.12,TNP_0007,4,2016
2016-01-05 13:00:00+00:00,0.0,0.0,21.45,74.14,2.33,TNP_0007,4,2016
2016-01-05 14:00:00+00:00,0.0,0.0,20.78,77.69,2.38,TNP_0007,4,2016
2016-01-05 15:00:00+00:00,0.0,0.0,20.06,81.79,2.47,TNP_0007,4,2016
2016-01-05 16:00:00+00:00,0.0,0.0,19.24,87.28,2.52,TNP_0007,4,2016
2016-01-05 17:00:00+00:00,0.0,0.0,18.42,92.83,2.37,TNP_0007,4,2016
2016-01-05 18:00:00+00:00,0.0,0.0,17.68,98.03,2.21,TNP_0007,4,2016
2016-01-05 19:00:00+00:00,0.0,0.0,17.02,100.0,1.98,TNP_0007,4,2016
2016-01-05 20:00:00+00:00,0.0,0.0,16.52,100.0,1.86,TNP_0007,4,2016
2016-01-05 21:00:00+00:00,0.0,0.0,16.14,100.0,1.86,TNP_0007,4,2016
2016-01-05 22:00:00+00:00,0.0,0.0,15.81,100.0,1.91,TNP_0007,4,2016
2016-01-05 23:00:00+00:00,0.0,0.0,15.6,100.0,1.91,TNP_0007,4,2016
2016-01-06 00:00:00+00:00,0.0,0.0,15.44,100.0,1.87,TNP_0007,4,2016
2016-01-06 01:00:00+00:00,21.65,23.12,16.05,98.81,2.05,TNP_0007,4,2016
2016-01-06 02:00:00+00:00,178.55,190.93,18.52,83.8,3.01,TNP_0007,4,2016
2016-01-06 03:00:00+00:00,366.2,406.73,21.71,67.25,3.52,TNP_0007,4,2016
2016-01-06 04:00:00+00:00,533.45,593.47,24.8,54.81,3.55,TNP_0007,4,2016
2016-01-06 05:00:00+00:00,640.78,719.42,26.91,48.59,3.19,TNP_0007,4,2016
2016-01-06 06:00:00+00:00,745.75,813.9,28.39,45.06,2.87,TNP_0007,4,2016
2016-01-06 07:00:00+00:00,745.55,811.45,29.43,42.66,2.67,TNP_0007,4,2016
2016-01-06 08:00:00+00:00,682.88,721.62,29.98,41.2,2.48,TNP_0007,4,2016
2016-01-06 09:00:00+00:00,518.03,573.55,30.03,40.73,2.48,TNP_0007,4,2016
2016-01-06 10:00:00+00:00,370.33,391.48,29.45,41.82,2.68,TNP_0007,4,2016
2016-01-06 11:00:00+00:00,161.9,176.43,28.0,46.87,2.59,TNP_0007,4,2016
2016-01-06 12:00:00+00:00,18.9,20.77,24.77,66.53,1.96,TNP_0007,4,2016
2016-01-06 13:00:00+00:00,0.0,0.0,23.14,72.13,2.3,TNP_0007,4,2016
2016-01-06 14:00:00+00:00,0.0,0.0,22.28,74.95,2.66,TNP_0007,4,2016
2016-01-06 15:00:00+00:00,0.0,0.0,21.07,81.14,2.94,TNP_0007,4,2016
2016-01-06 16:00:00+00:00,0.0,0.0,20.19,86.78,3.09,TNP_0007,4,2016
2016-01-06 17:00:00+00:00,0.0,0.0,19.24,93.53,2.59,TNP_0007,4,2016
2016-01-06 18:00:00+00:00,0.0,0.0,18.57,98.13,2.07,TNP_0007,4,2016
2016-01-06 19:00:00+00:00,0.0,0.0,18.25,99.57,1.77,TNP_0007,4,2016
2016-01-06 20:00:00+00:00,0.0,0.0,17.92,100.0,1.72,TNP_0007,4,2016
2016-01-06 21:00:00+00:00,0.0,0.0,17.55,100.0,1.85,TNP_0007,4,2016
2016-01-06 22:00:00+00:00,0.0,0.0,17.2,100.0,2.02,TNP_0007,4,2016
2016-01-06 23:00:00+00:00,0.0,0.0,16.87,100.0,2.08,TNP_0007,4,2016
2016-01-07 00:00:00+00:00,0.0,0.0,16.53,100.0,2.1,TNP_0007,4,2016
2016-01-07 01:00:00+00:00,23.4,24.4,17.08,98.49,2.46,TNP_0007,4,2016
2016-01-07 02:00:00+00:00,189.2,203.68,19.63,82.49,4.17,TNP_0007,4,2016
2016-01-07 03:00:00+00:00,388.9,426.62,22.16,68.85,4.98,TNP_0007,4,2016
2016-01-07 04:00:00+00:00,571.2,623.12,24.36,59.34,5.16,TNP_0007,4,2016
2016-01-07 05:00:00+00:00,720.15,760.58,26.25,52.26,5.1,TNP_0007,4,2016
2016-01-07 06:00:00+00:00,771.88,815.47,27.77,47.18,4.83,TNP_0007,4,2016
2016-01-07 07:00:00+00:00,740.85,804.8,28.68,44.43,4.47,TNP_0007,4,2016
2016-01-07 08:00:00+00:00,645.42,713.6,29.1,43.13,4.11,TNP_0007,4,2016
2016-01-07 09:00:00+00:00,496.73,548.55,28.84,43.4,3.87,TNP_0007,4,2016
2016-01-07 10:00:00+00:00,337.3,352.77,28.25,44.36,3.73,TNP_0007,4,2016
2016-01-07 11:00:00+00:00,148.7,161.02,26.86,48.94,3.37,TNP_0007,4,2016
2016-01-07 12:00:00+00:00,18.25,20.0,23.61,66.47,2.29,TNP_0007,4,2016
2016-01-07 13:00:00+00:00,0.0,0.0,21.98,73.31,2.43,TNP_0007,4,2016
2016-01-07 14:00:00+00:00,0.0,0.0,21.12,77.4,2.46,TNP_0007,4,2016
2016-01-07 15:00:00+00:00,0.0,0.0,20.18,82.77,2.43,TNP_0007,4,2016
2016-01-07 16:00:00+00:00,0.0,0.0,19.48,87.86,2.29,TNP_0007,4,2016
2016-01-07 17:00:00+00:00,0.0,0.0,19.15,90.74,2.11,TNP_0007,4,2016
2016-01-07 18:00:00+00:00,0.0,0.0,18.78,93.32,1.95,TNP_0007,4,2016
2016-01-07 19:00:00+00:00,0.0,0.0,18.49,94.94,1.74,TNP_0007,4,2016
2016-01-07 20:00:00+00:00,0.0,0.0,18.23,95.82,1.64,TNP_0007,4,2016
2016-01-07 21:00:00+00:00,0.0,0.0,17.9,96.48,1.61,TNP_0007,4,2016
2016-01-07 22:00:00+00:00,0.0,0.0,17.27,98.71,1.76,TNP_0007,4,2016
2016-01-07 23:00:00+00:00,0.0,0.0,16.88,99.66,1.86,TNP_0007,4,2016
2016-01-08 00:00:00+00:00,0.0,0.0,16.61,100.0,1.93,TNP_0007,4,2016
2016-01-08 01:00:00+00:00,17.77,20.85,17.25,95.26,2.21,TNP_0007,4,2016
2016-01-08 02:00:00+00:00,157.05,176.23,19.51,81.13,3.61,TNP_0007,4,2016
2016-01-08 03:00:00+00:00,326.75,381.85,21.87,68.41,4.16,TNP_0007,4,2016
2016-01-08 04:00:00+00:00,519.45,570.42,24.08,59.17,4.16,TNP_0007,4,2016
2016-01-08 05:00:00+00:00,675.5,706.58,25.74,53.0,4.08,TNP_0007,4,2016
2016-01-08 06:00:00+00:00,734.62,818.5,26.53,49.9,3.96,TNP_0007,4,2016
2016-01-08 07:00:00+00:00,753.62,804.15,26.98,48.02,3.79,TNP_0007,4,2016
2016-01-08 08:00:00+00:00,650.15,667.38,27.12,47.08,3.61,TNP_0007,4,2016
2016-01-08 09:00:00+00:00,492.0,527.72,27.0,46.91,3.39,TNP_0007,4,2016
2016-01-08 10:00:00+00:00,329.23,343.92,26.4,48.64,3.17,TNP_0007,4,2016
2016-01-08 11:00:00+00:00,148.75,155.5,24.89,58.11,2.19,TNP_0007,4,2016
2016-01-08 12:00:00+00:00,19.45,19.6,22.41,71.64,2.1,TNP_0007,4,2016
2016-01-08 13:00:00+00:00,0.0,0.0,21.3,74.88,2.28,TNP_0007,4,2016
2016-01-08 14:00:00+00:00,0.0,0.0,20.65,76.32,2.37,TNP_0007,4,2016
2016-01-08 15:00:00+00:00,0.0,0.0,20.12,77.74,2.49,TNP_0007,4,2016
2016-01-08 16:00:00+00:00,0.0,0.0,19.71,79.81,2.47,TNP_0007,4,2016
2016-01-08 17:00:00+00:00,0.0,0.0,19.22,83.35,2.26,TNP_0007,4,2016
2016-01-08 18:00:00+00:00,0.0,0.0,18.64,87.65,2.03,TNP_0007,4,2016
2016-01-08 19:00:00+00:00,0.0,0.0,18.25,90.69,1.98,TNP_0007,4,2016
2016-01-08 20:00:00+00:00,0.0,0.0,17.94,93.27,1.9,TNP_0007,4,2016
2016-01-08 21:00:00+00:00,0.0,0.0,17.71,94.87,1.83,TNP_0007,4,2016
2016-01-08 22:00:00+00:00,0.0,0.0,17.48,96.23,1.8,TNP_0007,4,2016
2016-01-08 23:00:00+00:00,0.0,0.0,17.22,97.63,1.81,TNP_0007,4,2016
2016-01-09 00:00:00+00:00,0.0,0.0,16.93,99.03,1.91,TNP_0007,4,2016
2016-01-09 01:00:00+00:00,20.23,21.3,17.24,96.79,2.09,TNP_0007,4,2016
2016-01-09 02:00:00+00:00,173.35,183.25,19.66,81.86,3.52,TNP_0007,4,2016
2016-01-09 03:00:00+00:00,359.75,398.45,22.2,67.24,4.13,TNP_0007,4,2016
2016-01-09 04:00:00+00:00,572.53,597.28,24.45,56.66,4.34,TNP_0007,4,2016
2016-01-09 05:00:00+00:00,704.65,744.17,26.13,49.98,4.38,TNP_0007,4,2016
2016-01-09 06:00:00+00:00,787.95,825.8,27.57,45.01,4.33,TNP_0007,4,2016
2016-01-09 07:00:00+00:00,753.85,826.83,28.73,41.05,4.21,TNP_0007,4,2016
2016-01-09 08:00:00+00:00,696.95,752.6,29.48,38.38,4.09,TNP_0007,4,2016
2016-01-09 09:00:00+00:00,573.92,609.5,29.61,37.07,3.91,TNP_0007,4,2016
2016-01-09 10:00:00+00:00,368.88,412.73,28.96,37.55,3.88,TNP_0007,4,2016
2016-01-09 11:00:00+00:00,183.25,196.27,27.24,42.65,3.79,TNP_0007,4,2016
2016-01-09 12:00:00+00:00,23.4,24.48,23.19,60.59,2.77,TNP_0007,4,2016
2016-01-09 13:00:00+00:00,0.0,0.0,21.04,69.94,2.78,TNP_0007,4,2016
2016-01-09 14:00:00+00:00,0.0,0.0,19.93,75.64,2.59,TNP_0007,4,2016
2016-01-09 15:00:00+00:00,0.0,0.0,18.96,81.11,2.32,TNP_0007,4,2016
2016-01-09 16:00:00+00:00,0.0,0.0,18.22,85.0,2.2,TNP_0007,4,2016
2016-01-09 17:00:00+00:00,0.0,0.0,17.57,88.02,2.15,TNP_0007,4,2016
2016-01-09 18:00:00+00:00,0.0,0.0,16.98,91.03,2.11,TNP_0007,4,2016
2016-01-09 19:00:00+00:00,0.0,0.0,16.47,94.15,2.04,TNP_0007,4,2016
2016-01-09 20:00:00+00:00,0.0,0.0,16.03,97.45,2.02,TNP_0007,4,2016
2016-01-09 21:00:00+00:00,0.0,0.0,15.67,100.0,2.1,TNP_0007,4,2016
2016-01-09 22:00:00+00:00,0.0,0.0,15.37,100.0,2.18,TNP_0007,4,2016
2016-01-09 23:00:00+00:00,0.0,0.0,15.06,100.0,2.22,TNP_0007,4,2016
2016-01-10 00:00:00+00:00,0.0,0.0,14.73,100.0,2.21,TNP_0007,4,2016
2016-01-10 01:00:00+00:00,20.38,21.77,15.41,99.2,2.29,TNP_0007,4,2016
2016-01-10 02:00:00+00:00,179.05,190.35,18.6,79.91,3.79,TNP_0007,4,2016
2016-01-10 03:00:00+00:00,373.8,412.23,21.51,62.24,4.64,TNP_0007,4,2016
2016-01-10 04:00:00+00:00,563.08,613.22,24.06,49.21,4.79,TNP_0007,4,2016
2016-01-10 05:00:00+00:00,756.15,760.67,26.21,41.29,4.69,TNP_0007,4,2016
2016-01-10 06:00:00+00:00,853.5,858.42,27.85,36.85,4.54,TNP_0007,4,2016
2016-01-10 07:00:00+00:00,837.55,860.45,28.92,34.5,4.33,TNP_0007,4,2016
2016-01-10 08:00:00+00:00,780.92,787.1,29.45,33.45,4.1,TNP_0007,4,2016
2016-01-10 09:00:00+00:00,610.72,644.47,29.39,33.47,3.92,TNP_0007,4,2016
2016-01-10 10:00:00+00:00,416.0,446.67,28.76,34.59,3.87,TNP_0007,4,2016
2016-01-10 11:00:00+00:00,204.35,219.8,27.19,39.81,3.5,TNP_0007,4,2016
2016-01-10 12:00:00+00:00,26.77,28.5,22.96,60.22,2.52,TNP_0007,4,2016
2016-01-10 13:00:00+00:00,0.0,0.0,20.92,68.04,2.74,TNP_0007,4,2016
2016-01-10 14:00:00+00:00,0.0,0.0,20.0,72.49,2.75,TNP_0007,4,2016
2016-01-10 15:00:00+00:00,0.0,0.0,19.15,78.28,2.64,TNP_0007,4,2016
2016-01-10 16:00:00+00:00,0.0,0.0,18.37,84.68,2.45,TNP_0007,4,2016
2016-01-10 17:00:00+00:00,0.0,0.0,17.74,90.1,2.34,TNP_0007,4,2016
2016-01-10 18:00:00+00:00,0.0,0.0,17.11,95.34,2.29,TNP_0007,4,2016
2016-01-10 19:00:00+00:00,0.0,0.0,16.5,99.99,2.26,TNP_0007,4,2016
2016-01-10 20:00:00+00:00,0.0,0.0,16.0,100.0,2.25,TNP_0007,4,2016
2016-01-10 21:00:00+00:00,0.0,0.0,15.56,100.0,2.2,TNP_0007,4,2016
2016-01-10 22:00:00+00:00,0.0,0.0,15.15,100.0,2.17,TNP_0007,4,2016
2016-01-10 23:00:00+00:00,0.0,0.0,14.8,100.0,2.18,TNP_0007,4,2016
2016-01-11 00:00:00+00:00,0.0,0.0,14.44,100.0,2.18,TNP_0007,4,2016
2016-01-11 01:00:00+00:00,21.4,22.73,15.2,99.46,2.27,TNP_0007,4,2016
2016-01-11 02:00:00+00:00,189.95,198.07,18.56,78.23,3.65,TNP_0007,4,2016
2016-01-11 03:00:00+00:00,404.85,421.2,21.7,56.73,4.78,TNP_0007,4,2016
2016-01-11 04:00:00+00:00,603.6,620.28,24.3,43.76,4.93,TNP_0007,4,2016
2016-01-11 05:00:00+00:00,756.28,765.95,26.4,36.92,4.8,TNP_0007,4,2016
2016-01-11 06:00:00+00:00,851.88,853.83,27.95,33.27,4.61,TNP_0007,4,2016
2016-01-11 07:00:00+00:00,830.2,853.85,29.0,31.19,4.4,TNP_0007,4,2016
2016-01-11 08:00:00+00:00,731.9,779.4,29.51,30.21,4.18,TNP_0007,4,2016
2016-01-11 09:00:00+00:00,631.4,636.55,29.45,29.95,3.99,TNP_0007,4,2016
2016-01-11 10:00:00+00:00,429.6,437.88,28.76,30.82,3.86,TNP_0007,4,2016
2016-01-11 11:00:00+00:00,211.73,213.32,27.05,36.55,3.22,TNP_0007,4,2016
2016-01-11 12:00:00+00:00,26.9,27.92,22.53,58.92,2.5,TNP_0007,4,2016
2016-01-11 13:00:00+00:00,0.0,0.0,20.48,66.56,2.77,TNP_0007,4,2016
2016-01-11 14:00:00+00:00,0.0,0.0,19.55,71.18,2.75,TNP_0007,4,2016
2016-01-11 15:00:00+00:00,0.0,0.0,18.74,76.9,2.66,TNP_0007,4,2016
2016-01-11 16:00:00+00:00,0.0,0.0,17.96,83.22,2.49,TNP_0007,4,2016
2016-01-11 17:00:00+00:00,0.0,0.0,17.36,88.25,2.33,TNP_0007,4,2016
2016-01-11 18:00:00+00:00,0.0,0.0,16.89,92.85,2.3,TNP_0007,4,2016
2016-01-11 19:00:00+00:00,0.0,0.0,16.36,97.43,2.2,TNP_0007,4,2016
2016-01-11 20:00:00+00:00,0.0,0.0,16.04,100.0,2.08,TNP_0007,4,2016
2016-01-11 21:00:00+00:00,0.0,0.0,15.75,100.0,1.93,TNP_0007,4,2016
2016-01-11 22:00:00+00:00,0.0,0.0,15.55,100.0,1.87,TNP_0007,4,2016
2016-01-11 23:00:00+00:00,0.0,0.0,15.37,100.0,1.86,TNP_0007,4,2016
2016-01-12 00:00:00+00:00,0.0,0.0,15.15,100.0,1.86,TNP_0007,4,2016
2016-01-12 01:00:00+00:00,18.62,19.77,15.78,98.83,2.0,TNP_0007,4,2016
2016-01-12 02:00:00+00:00,170.62,176.18,18.54,82.06,3.26,TNP_0007,4,2016
2016-01-12 03:00:00+00:00,372.83,392.52,21.45,65.36,4.02,TNP_0007,4,2016
2016-01-12 04:00:00+00:00,572.38,595.83,24.12,52.85,3.94,TNP_0007,4,2016
2016-01-12 05:00:00+00:00,731.05,748.62,26.37,44.68,3.8,TNP_0007,4,2016
2016-01-12 06:00:00+00:00,855.62,861.03,28.12,39.52,3.76,TNP_0007,4,2016
2016-01-12 07:00:00+00:00,834.38,864.95,29.27,36.28,3.69,TNP_0007,4,2016
2016-01-12 08:00:00+00:00,789.8,790.85,29.84,34.48,3.49,TNP_0007,4,2016
2016-01-12 09:00:00+00:00,607.78,646.22,29.97,33.56,3.2,TNP_0007,4,2016
2016-01-12 10:00:00+00:00,385.65,446.1,29.52,33.63,3.03,TNP_0007,4,2016
2016-01-12 11:00:00+00:00,201.45,218.6,28.02,38.53,2.63,TNP_0007,4,2016
2016-01-12 12:00:00+00:00,27.92,29.25,23.64,59.72,2.31,TNP_0007,4,2016
2016-01-12 13:00:00+00:00,0.0,0.0,21.52,66.42,2.57,TNP_0007,4,2016
2016-01-12 14:00:00+00:00,0.0,0.0,20.44,70.45,2.54,TNP_0007,4,2016
2016-01-12 15:00:00+00:00,0.0,0.0,19.44,75.16,2.47,TNP_0007,4,2016
2016-01-12 16:00:00+00:00,0.0,0.0,18.44,80.77,2.36,TNP_0007,4,2016
2016-01-12 17:00:00+00:00,0.0,0.0,17.51,86.63,2.07,TNP_0007,4,2016
2016-01-12 18:00:00+00:00,0.0,0.0,16.87,90.59,1.9,TNP_0007,4,2016
2016-01-12 19:00:00+00:00,0.0,0.0,16.46,93.09,1.76,TNP_0007,4,2016
2016-01-12 20:00:00+00:00,0.0,0.0,16.16,95.07,1.7,TNP_0007,4,2016
2016-01-12 21:00:00+00:00,0.0,0.0,16.1,95.71,1.58,TNP_0007,4,2016
2016-01-12 22:00:00+00:00,0.0,0.0,16.06,96.26,1.54,TNP_0007,4,2016
2016-01-12 23:00:00+00:00,0.0,0.0,15.97,97.1,1.56,TNP_0007,4,2016
2016-01-13 00:00:00+00:00,0.0,0.0,15.91,97.79,1.58,TNP_0007,4,2016
2016-01-13 01:00:00+00:00,20.38,21.3,16.45,95.21,1.61,TNP_0007,4,2016
2016-01-13 02:00:00+00:00,155.38,190.9,18.13,86.21,2.4,TNP_0007,4,2016
2016-01-13 03:00:00+00:00,323.35,414.2,19.93,75.73,3.15,TNP_0007,4,2016
2016-01-13 04:00:00+00:00,508.58,614.35,21.42,66.94,3.37,TNP_0007,4,2016
2016-01-13 05:00:00+00:00,711.6,760.6,22.76,60.05,3.28,TNP_0007,4,2016
2016-01-13 06:00:00+00:00,784.28,811.1,24.03,54.7,3.12,TNP_0007,4,2016
2016-01-13 07:00:00+00:00,760.6,813.95,25.01,51.14,3.04,TNP_0007,4,2016
2016-01-13 08:00:00+00:00,710.03,737.8,25.63,49.05,3.05,TNP_0007,4,2016
2016-01-13 09:00:00+00:00,539.12,588.47,25.79,48.37,3.1,TNP_0007,4,2016
2016-01-13 10:00:00+00:00,351.8,388.95,25.45,49.07,3.18,TNP_0007,4,2016
2016-01-13 11:00:00+00:00,171.27,180.68,24.25,55.11,2.6,TNP_0007,4,2016
2016-01-13 12:00:00+00:00,23.0,24.12,21.46,70.84,2.11,TNP_0007,4,2016
2016-01-13 13:00:00+00:00,0.0,0.0,20.22,75.38,2.23,TNP_0007,4,2016
2016-01-13 14:00:00+00:00,0.0,0.0,19.48,77.4,2.11,TNP_0007,4,2016
2016-01-13 15:00:00+00:00,0.0,0.0,19.1,77.8,1.86,TNP_0007,4,2016
2016-01-13 16:00:00+00:00,0.0,0.0,18.54,79.39,1.72,TNP_0007,4,2016
2016-01-13 17:00:00+00:00,0.0,0.0,17.86,82.1,1.76,TNP_0007,4,2016
2016-01-13 18:00:00+00:00,0.0,0.0,17.21,85.06,1.93,TNP_0007,4,2016
2016-01-13 19:00:00+00:00,0.0,0.0,16.65,88.02,2.01,TNP_0007,4,2016
2016-01-13 20:00:00+00:00,0.0,0.0,16.37,90.7,1.97,TNP_0007,4,2016
2016-01-13 21:00:00+00:00,0.0,0.0,16.38,93.06,1.91,TNP_0007,4,2016
2016-01-13 22:00:00+00:00,0.0,0.0,16.27,95.61,1.86,TNP_0007,4,2016
2016-01-13 23:00:00+00:00,0.0,0.0,15.97,98.32,1.85,TNP_0007,4,2016
2016-01-14 00:00:00+00:00,0.0,0.0,15.57,100.0,1.88,TNP_0007,4,2016
2016-01-14 01:00:00+00:00,17.85,17.8,16.15,97.77,1.87,TNP_0007,4,2016
2016-01-14 02:00:00+00:00,160.98,161.85,18.93,81.89,3.03,TNP_0007,4,2016
2016-01-14 03:00:00+00:00,368.4,370.1,21.79,65.35,3.68,TNP_0007,4,2016
2016-01-14 04:00:00+00:00,569.05,569.95,24.45,52.07,3.68,TNP_0007,4,2016
2016-01-14 05:00:00+00:00,705.6,720.58,26.53,43.71,3.58,TNP_0007,4,2016
2016-01-14 06:00:00+00:00,846.22,853.28,28.13,38.03,3.49,TNP_0007,4,2016
2016-01-14 07:00:00+00:00,850.05,854.58,29.24,34.04,3.36,TNP_0007,4,2016
2016-01-14 08:00:00+00:00,729.22,781.95,29.78,31.58,3.23,TNP_0007,4,2016
2016-01-14 09:00:00+00:00,577.12,639.03,29.7,30.57,3.2,TNP_0007,4,2016
2016-01-14 10:00:00+00:00,393.85,440.08,28.93,31.5,3.29,TNP_0007,4,2016
2016-01-14 11:00:00+00:00,197.55,214.9,26.89,39.46,2.91,TNP_0007,4,2016
2016-01-14 12:00:00+00:00,27.83,29.4,23.12,56.21,2.5,TNP_0007,4,2016
2016-01-14 13:00:00+00:00,0.0,0.0,21.3,62.68,2.55,TNP_0007,4,2016
2016-01-14 14:00:00+00:00,0.0,0.0,20.17,67.98,2.43,TNP_0007,4,2016
2016-01-14 15:00:00+00:00,0.0,0.0,19.11,74.03,2.11,TNP_0007,4,2016
2016-01-14 16:00:00+00:00,0.0,0.0,18.28,78.71,1.93,TNP_0007,4,2016
2016-01-14 17:00:00+00:00,0.0,0.0,17.61,81.71,1.9,TNP_0007,4,2016
2016-01-14 18:00:00+00:00,0.0,0.0,17.0,84.42,1.93,TNP_0007,4,2016
2016-01-14 19:00:00+00:00,0.0,0.0,16.25,88.17,2.02,TNP_0007,4,2016
2016-01-14 20:00:00+00:00,0.0,0.0,15.55,93.0,2.09,TNP_0007,4,2016
2016-01-14 21:00:00+00:00,0.0,0.0,15.31,96.07,2.12,TNP_0007,4,2016
2016-01-14 22:00:00+00:00,0.0,0.0,15.16,98.76,2.11,TNP_0007,4,2016
2016-01-14 23:00:00+00:00,0.0,0.0,14.94,100.0,2.11,TNP_0007,4,2016
2016-01-15 00:00:00+00:00,0.0,0.0,14.73,100.0,2.19,TNP_0007,4,2016
2016-01-15 01:00:00+00:00,18.8,19.85,15.43,99.17,2.41,TNP_0007,4,2016
2016-01-15 02:00:00+00:00,168.98,181.48,18.16,82.74,3.88,TNP_0007,4,2016
2016-01-15 03:00:00+00:00,351.05,400.0,20.96,65.91,4.41,TNP_0007,4,2016
2016-01-15 04:00:00+00:00,569.62,602.4,23.52,53.41,4.07,TNP_0007,4,2016
2016-01-15 05:00:00+00:00,749.3,752.6,25.79,45.09,3.54,TNP_0007,4,2016
2016-01-15 06:00:00+00:00,841.72,851.67,27.57,40.19,3.01,TNP_0007,4,2016
2016-01-15 07:00:00+00:00,819.15,855.62,28.84,37.08,2.54,TNP_0007,4,2016
2016-01-15 08:00:00+00:00,774.1,782.83,29.6,35.18,2.18,TNP_0007,4,2016
2016-01-15 09:00:00+00:00,586.88,638.67,29.73,34.49,2.22,TNP_0007,4,2016
2016-01-15 10:00:00+00:00,411.1,433.17,29.09,35.24,2.58,TNP_0007,4,2016
2016-01-15 11:00:00+00:00,204.23,211.8,27.37,41.28,2.67,TNP_0007,4,2016
2016-01-15 12:00:00+00:00,29.38,29.67,23.44,60.99,2.21,TNP_0007,4,2016
2016-01-15 13:00:00+00:00,0.0,0.0,21.25,69.22,2.36,TNP_0007,4,2016
2016-01-15 14:00:00+00:00,0.0,0.0,20.21,74.28,2.24,TNP_0007,4,2016
2016-01-15 15:00:00+00:00,0.0,0.0,19.32,79.18,2.07,TNP_0007,4,2016
2016-01-15 16:00:00+00:00,0.0,0.0,18.4,84.4,1.94,TNP_0007,4,2016
2016-01-15 17:00:00+00:00,0.0,0.0,17.58,88.64,1.84,TNP_0007,4,2016
2016-01-15 18:00:00+00:00,0.0,0.0,16.9,92.18,1.72,TNP_0007,4,2016
2016-01-15 19:00:00+00:00,0.0,0.0,16.32,95.33,1.68,TNP_0007,4,2016
2016-01-15 20:00:00+00:00,0.0,0.0,16.01,96.9,1.65,TNP_0007,4,2016
2016-01-15 21:00:00+00:00,0.0,0.0,15.84,98.25,1.58,TNP_0007,4,2016
2016-01-15 22:00:00+00:00,0.0,0.0,15.58,100.0,1.55,TNP_0007,4,2016
2016-01-15 23:00:00+00:00,0.0,0.0,15.4,100.0,1.56,TNP_0007,4,2016
2016-01-16 00:00:00+00:00,0.0,0.0,15.28,100.0,1.6,TNP_0007,4,2016
2016-01-16 01:00:00+00:00,18.35,19.35,16.04,97.87,1.74,TNP_0007,4,2016
2016-01-16 02:00:00+00:00,169.98,176.48,18.84,82.84,2.72,TNP_0007,4,2016
2016-01-16 03:00:00+00:00,363.92,389.5,21.61,69.48,3.01,TNP_0007,4,2016
2016-01-16 04:00:00+00:00,566.65,589.42,24.33,58.57,2.64,TNP_0007,4,2016
2016-01-16 05:00:00+00:00,724.6,738.65,26.64,50.2,2.25,TNP_0007,4,2016
2016-01-16 06:00:00+00:00,805.92,832.95,28.47,43.62,1.71,TNP_0007,4,2016
2016-01-16 07:00:00+00:00,813.25,830.62,29.77,38.89,1.04,TNP_0007,4,2016
2016-01-16 08:00:00+00:00,706.92,753.78,30.53,35.8,0.35,TNP_0007,4,2016
2016-01-16 09:00:00+00:00,557.17,596.0,30.6,34.43,0.71,TNP_0007,4,2016
2016-01-16 10:00:00+00:00,390.7,393.88,30.08,34.79,1.53,TNP_0007,4,2016
2016-01-16 11:00:00+00:00,155.5,155.98,28.51,41.03,1.84,TNP_0007,4,2016
2016-01-16 12:00:00+00:00,24.2,24.3,24.46,63.83,2.02,TNP_0007,4,2016
2016-01-16 13:00:00+00:00,0.0,0.0,22.38,70.33,2.3,TNP_0007,4,2016
2016-01-16 14:00:00+00:00,0.0,0.0,21.29,75.5,2.28,TNP_0007,4,2016
2016-01-16 15:00:00+00:00,0.0,0.0,20.42,80.56,2.16,TNP_0007,4,2016
2016-01-16 16:00:00+00:00,0.0,0.0,19.78,84.78,1.97,TNP_0007,4,2016
2016-01-16 17:00:00+00:00,0.0,0.0,19.39,87.34,1.73,TNP_0007,4,2016
2016-01-16 18:00:00+00:00,0.0,0.0,19.28,88.12,1.41,TNP_0007,4,2016
2016-01-16 19:00:00+00:00,0.0,0.0,19.38,88.2,1.04,TNP_0007,4,2016
2016-01-16 20:00:00+00:00,0.0,0.0,19.41,87.98,0.55,TNP_0007,4,2016
2016-01-16 21:00:00+00:00,0.0,0.0,19.12,90.01,0.48,TNP_0007,4,2016
2016-01-16 22:00:00+00:00,0.0,0.0,18.47,93.88,1.01,TNP_0007,4,2016
2016-01-16 23:00:00+00:00,0.0,0.0,17.78,98.07,1.39,TNP_0007,4,2016
2016-01-17 00:00:00+00:00,0.0,0.0,17.41,99.76,1.56,TNP_0007,4,2016
2016-01-17 01:00:00+00:00,15.48,17.33,17.87,96.83,1.76,TNP_0007,4,2016
2016-01-17 02:00:00+00:00,141.3,154.62,19.9,85.57,2.37,TNP_0007,4,2016
2016-01-17 03:00:00+00:00,327.88,351.58,22.39,72.65,2.18,TNP_0007,4,2016
2016-01-17 04:00:00+00:00,490.52,511.48,24.74,60.97,1.98,TNP_0007,4,2016
2016-01-17 05:00:00+00:00,635.08,646.83,26.84,51.75,1.87,TNP_0007,4,2016
2016-01-17 06:00:00+00:00,790.28,815.6,28.45,45.18,1.81,TNP_0007,4,2016
2016-01-17 07:00:00+00:00,783.9,837.78,29.55,41.02,1.76,TNP_0007,4,2016
2016-01-17 08:00:00+00:00,731.03,762.67,30.09,38.86,1.79,TNP_0007,4,2016
2016-01-17 09:00:00+00:00,552.67,612.1,30.04,38.3,1.82,TNP_0007,4,2016
2016-01-17 10:00:00+00:00,362.02,412.5,29.5,39.09,1.99,TNP_0007,4,2016
2016-01-17 11:00:00+00:00,188.65,200.2,27.99,44.62,2.08,TNP_0007,4,2016
2016-01-17 12:00:00+00:00,27.48,28.7,24.79,63.91,1.72,TNP_0007,4,2016
2016-01-17 13:00:00+00:00,0.0,0.0,22.94,71.65,1.79,TNP_0007,4,2016
2016-01-17 14:00:00+00:00,0.0,0.0,21.87,77.35,1.75,TNP_0007,4,2016
2016-01-17 15:00:00+00:00,0.0,0.0,21.04,81.64,1.74,TNP_0007,4,2016
2016-01-17 16:00:00+00:00,0.0,0.0,20.59,83.91,1.64,TNP_0007,4,2016
2016-01-17 17:00:00+00:00,0.0,0.0,20.07,86.39,1.61,TNP_0007,4,2016
2016-01-17 18:00:00+00:00,0.0,0.0,19.49,88.48,1.7,TNP_0007,4,2016
2016-01-17 19:00:00+00:00,0.0,0.0,19.02,90.64,1.81,TNP_0007,4,2016
2016-01-17 20:00:00+00:00,0.0,0.0,18.71,92.63,1.87,TNP_0007,4,2016
2016-01-17 21:00:00+00:00,0.0,0.0,18.41,93.84,1.73,TNP_0007,4,2016
2016-01-17 22:00:00+00:00,0.0,0.0,18.08,94.64,1.59,TNP_0007,4,2016
2016-01-17 23:00:00+00:00,0.0,0.0,17.72,95.35,1.46,TNP_0007,4,2016
2016-01-18 00:00:00+00:00,0.0,0.0,17.4,95.92,1.41,TNP_0007,4,2016
2016-01-18 01:00:00+00:00,17.77,18.9,17.68,93.06,1.96,TNP_0007,4,2016
2016-01-18 02:00:00+00:00,165.85,179.25,19.58,81.51,2.56,TNP_0007,4,2016
2016-01-18 03:00:00+00:00,350.3,400.65,22.31,69.76,2.38,TNP_0007,4,2016
2016-01-18 04:00:00+00:00,567.83,605.25,25.06,59.97,2.03,TNP_0007,4,2016
2016-01-18 05:00:00+00:00,736.75,757.33,27.51,51.2,1.69,TNP_0007,4,2016
2016-01-18 06:00:00+00:00,785.6,813.83,29.17,45.32,1.36,TNP_0007,4,2016
2016-01-18 07:00:00+00:00,769.88,814.58,30.13,41.94,1.13,TNP_0007,4,2016
2016-01-18 08:00:00+00:00,678.88,738.83,30.57,40.35,1.21,TNP_0007,4,2016
2016-01-18 09:00:00+00:00,561.1,561.6,30.42,40.35,1.52,TNP_0007,4,2016
2016-01-18 10:00:00+00:00,387.0,400.25,29.7,42.19,1.88,TNP_0007,4,2016
2016-01-18 11:00:00+00:00,187.85,193.88,28.29,47.23,2.07,TNP_0007,4,2016
2016-01-18 12:00:00+00:00,24.88,27.98,25.79,65.12,1.48,TNP_0007,4,2016
2016-01-18 13:00:00+00:00,0.0,0.0,24.42,72.39,1.44,TNP_0007,4,2016
2016-01-18 14:00:00+00:00,0.0,0.0,23.7,76.29,1.3,TNP_0007,4,2016
2016-01-18 15:00:00+00:00,0.0,0.0,23.09,79.56,1.06,TNP_0007,4,2016
2016-01-18 16:00:00+00:00,0.0,0.0,22.62,81.52,0.73,TNP_0007,4,2016
2016-01-18 17:00:00+00:00,0.0,0.0,22.0,85.84,0.52,TNP_0007,4,2016
2016-01-18 18:00:00+00:00,0.0,0.0,21.34,88.27,0.68,TNP_0007,4,2016
2016-01-18 19:00:00+00:00,0.0,0.0,20.77,92.33,1.01,TNP_0007,4,2016
2016-01-18 20:00:00+00:00,0.0,0.0,20.35,93.8,1.27,TNP_0007,4,2016
2016-01-18 21:00:00+00:00,0.0,0.0,19.94,94.92,1.49,TNP_0007,4,2016
2016-01-18 22:00:00+00:00,0.0,0.0,19.61,95.76,1.68,TNP_0007,4,2016
2016-01-18 23:00:00+00:00,0.0,0.0,19.39,96.11,1.89,TNP_0007,4,2016
2016-01-19 00:00:00+00:00,0.0,0.0,19.19,96.44,1.93,TNP_0007,4,2016
2016-01-19 01:00:00+00:00,13.45,17.92,19.46,94.2,2.5,TNP_0007,4,2016
2016-01-19 02:00:00+00:00,120.6,173.7,21.26,83.42,3.37,TNP_0007,4,2016
2016-01-19 03:00:00+00:00,272.83,395.9,23.65,71.1,3.55,TNP_0007,4,2016
2016-01-19 04:00:00+00:00,428.3,599.62,25.89,61.56,3.28,TNP_0007,4,2016
2016-01-19 05:00:00+00:00,545.08,755.45,28.16,53.09,2.9,TNP_0007,4,2016
2016-01-19 06:00:00+00:00,655.88,827.03,29.85,47.01,2.48,TNP_0007,4,2016
2016-01-19 07:00:00+00:00,739.92,836.6,30.84,43.18,2.06,TNP_0007,4,2016
2016-01-19 08:00:00+00:00,729.72,768.83,31.14,41.2,1.72,TNP_0007,4,2016
2016-01-19 09:00:00+00:00,521.78,631.78,31.04,40.61,1.46,TNP_0007,4,2016
2016-01-19 10:00:00+00:00,355.35,437.85,30.55,41.35,1.45,TNP_0007,4,2016
2016-01-19 11:00:00+00:00,179.07,216.15,29.28,45.54,1.4,TNP_0007,4,2016
2016-01-19 12:00:00+00:00,27.5,31.98,26.6,65.98,0.98,TNP_0007,4,2016
2016-01-19 13:00:00+00:00,0.0,0.0,25.12,72.39,1.1,TNP_0007,4,2016
2016-01-19 14:00:00+00:00,0.0,0.0,24.18,75.97,1.27,TNP_0007,4,2016
2016-01-19 15:00:00+00:00,0.0,0.0,23.28,79.96,1.28,TNP_0007,4,2016
2016-01-19 16:00:00+00:00,0.0,0.0,22.56,83.99,1.19,TNP_0007,4,2016
2016-01-19 17:00:00+00:00,0.0,0.0,21.99,86.99,1.05,TNP_0007,4,2016
2016-01-19 18:00:00+00:00,0.0,0.0,21.6,88.59,0.86,TNP_0007,4,2016
2016-01-19 19:00:00+00:00,0.0,0.0,21.38,89.5,0.61,TNP_0007,4,2016
2016-01-19 20:00:00+00:00,0.0,0.0,21.13,92.12,0.51,TNP_0007,4,2016
2016-01-19 21:00:00+00:00,0.0,0.0,20.7,93.32,0.81,TNP_0007,4,2016
2016-01-19 22:00:00+00:00,0.0,0.0,20.28,96.41,1.17,TNP_0007,4,2016
2016-01-19 23:00:00+00:00,0.0,0.0,20.06,96.83,1.42,TNP_0007,4,2016
2016-01-20 00:00:00+00:00,0.0,0.0,19.88,97.16,1.59,TNP_0007,4,2016
2016-01-20 01:00:00+00:00,9.43,19.17,20.21,94.47,2.31,TNP_0007,4,2016
2016-01-20 02:00:00+00:00,88.03,184.85,21.79,84.49,3.4,TNP_0007,4,2016
2016-01-20 03:00:00+00:00,209.52,407.52,23.92,73.04,3.55,TNP_0007,4,2016
2016-01-20 04:00:00+00:00,280.7,607.72,26.29,62.45,3.13,TNP_0007,4,2016
2016-01-20 05:00:00+00:00,298.27,756.45,28.44,53.97,2.55,TNP_0007,4,2016
2016-01-20 06:00:00+00:00,395.5,741.58,30.06,48.03,1.98,TNP_0007,4,2016
2016-01-20 07:00:00+00:00,387.62,750.05,31.02,44.66,1.49,TNP_0007,4,2016
2016-01-20 08:00:00+00:00,298.85,678.85,31.41,43.09,1.02,TNP_0007,4,2016
2016-01-20 09:00:00+00:00,238.05,540.7,31.25,43.09,0.92,TNP_0007,4,2016
2016-01-20 10:00:00+00:00,155.8,356.75,30.34,45.49,1.2,TNP_0007,4,2016
2016-01-20 11:00:00+00:00,74.15,166.88,29.04,50.29,1.47,TNP_0007,4,2016
2016-01-20 12:00:00+00:00,15.35,25.4,26.63,68.59,1.26,TNP_0007,4,2016
2016-01-20 13:00:00+00:00,0.0,0.0,25.2,76.56,1.37,TNP_0007,4,2016
2016-01-20 14:00:00+00:00,0.0,0.0,24.38,79.64,1.45,TNP_0007,4,2016
2016-01-20 15:00:00+00:00,0.0,0.0,23.68,83.09,1.33,TNP_0007,4,2016
2016-01-20 16:00:00+00:00,0.0,0.0,23.28,85.56,0.94,TNP_0007,4,2016
2016-01-20 17:00:00+00:00,0.0,0.0,22.91,88.16,0.34,TNP_0007,4,2016
2016-01-20 18:00:00+00:00,0.0,0.0,22.52,89.93,0.33,TNP_0007,4,2016
2016-01-20 19:00:00+00:00,0.0,0.0,22.04,91.91,0.86,TNP_0007,4,2016
2016-01-20 20:00:00+00:00,0.0,0.0,21.48,94.58,1.11,TNP_0007,4,2016
2016-01-20 21:00:00+00:00,0.0,0.0,21.15,96.01,1.16,TNP_0007,4,2016
2016-01-20 22:00:00+00:00,0.0,0.0,20.92,96.69,1.17,TNP_0007,4,2016
2016-01-20 23:00:00+00:00,0.0,0.0,20.68,97.4,1.25,TNP_0007,4,2016
2016-01-21 00:00:00+00:00,0.0,0.0,20.49,97.84,1.36,TNP_0007,4,2016
2016-01-21 01:00:00+00:00,15.35,15.57,20.86,95.36,1.95,TNP_0007,4,2016
2016-01-21 02:00:00+00:00,139.1,143.18,22.45,85.83,2.81,TNP_0007,4,2016
2016-01-21 03:00:00+00:00,330.02,337.58,24.32,75.77,3.09,TNP_0007,4,2016
2016-01-21 04:00:00+00:00,499.6,510.15,26.16,67.8,2.99,TNP_0007,4,2016
2016-01-21 05:00:00+00:00,620.88,646.72,28.15,59.68,2.62,TNP_0007,4,2016
2016-01-21 06:00:00+00:00,647.05,740.15,29.84,52.86,2.08,TNP_0007,4,2016
2016-01-21 07:00:00+00:00,626.92,765.78,30.89,48.53,1.61,TNP_0007,4,2016
2016-01-21 08:00:00+00:00,593.72,693.65,31.29,46.51,1.26,TNP_0007,4,2016
2016-01-21 09:00:00+00:00,497.75,545.62,31.25,46.05,1.16,TNP_0007,4,2016
2016-01-21 10:00:00+00:00,333.38,354.2,30.52,47.9,1.39,TNP_0007,4,2016
2016-01-21 11:00:00+00:00,156.32,161.23,29.28,52.86,1.62,TNP_0007,4,2016
2016-01-21 12:00:00+00:00,24.77,25.5,26.74,72.13,1.31,TNP_0007,4,2016
2016-01-21 13:00:00+00:00,0.0,0.0,25.24,79.13,1.52,TNP_0007,4,2016
2016-01-21 14:00:00+00:00,0.0,0.0,24.53,81.73,1.6,TNP_0007,4,2016
2016-01-21 15:00:00+00:00,0.0,0.0,23.87,83.82,1.86,TNP_0007,4,2016
2016-01-21 16:00:00+00:00,0.0,0.0,23.18,86.78,2.51,TNP_0007,4,2016
2016-01-21 17:00:00+00:00,0.0,0.0,22.47,90.35,3.02,TNP_0007,4,2016
2016-01-21 18:00:00+00:00,0.0,0.0,21.86,93.44,2.93,TNP_0007,4,2016
2016-01-21 19:00:00+00:00,0.0,0.0,21.41,95.35,2.6,TNP_0007,4,2016
2016-01-21 20:00:00+00:00,0.0,0.0,21.01,96.75,2.24,TNP_0007,4,2016
2016-01-21 21:00:00+00:00,0.0,0.0,20.7,97.36,2.02,TNP_0007,4,2016
2016-01-21 22:00:00+00:00,0.0,0.0,20.45,97.72,1.95,TNP_0007,4,2016
2016-01-21 23:00:00+00:00,0.0,0.0,20.32,97.69,2.05,TNP_0007,4,2016
2016-01-22 00:00:00+00:00,0.0,0.0,20.18,97.74,2.12,TNP_0007,4,2016
2016-01-22 01:00:00+00:00,14.3,16.7,20.4,96.84,2.7,TNP_0007,4,2016
2016-01-22 02:00:00+00:00,118.07,156.25,21.36,92.67,3.91,TNP_0007,4,2016
2016-01-22 03:00:00+00:00,258.05,363.67,22.82,82.95,4.55,TNP_0007,4,2016
2016-01-22 04:00:00+00:00,477.83,562.28,25.27,66.92,4.71,TNP_0007,4,2016
2016-01-22 05:00:00+00:00,608.55,708.95,27.5,56.05,4.53,TNP_0007,4,2016
2016-01-22 06:00:00+00:00,725.1,785.45,28.89,50.61,4.2,TNP_0007,4,2016
2016-01-22 07:00:00+00:00,718.95,788.6,29.87,47.06,3.87,TNP_0007,4,2016
2016-01-22 08:00:00+00:00,633.33,714.03,30.33,45.15,3.57,TNP_0007,4,2016
2016-01-22 09:00:00+00:00,502.62,571.35,30.24,44.74,3.49,TNP_0007,4,2016
2016-01-22 10:00:00+00:00,361.25,391.38,29.51,46.14,3.64,TNP_0007,4,2016
2016-01-22 11:00:00+00:00,174.6,184.93,28.26,49.85,3.55,TNP_0007,4,2016
2016-01-22 12:00:00+00:00,27.23,29.1,25.5,65.3,2.28,TNP_0007,4,2016
2016-01-22 13:00:00+00:00,0.0,0.0,23.93,71.89,2.51,TNP_0007,4,2016
2016-01-22 14:00:00+00:00,0.0,0.0,23.25,73.39,2.95,TNP_0007,4,2016
2016-01-22 15:00:00+00:00,0.0,0.0,22.65,75.48,3.36,TNP_0007,4,2016
2016-01-22 16:00:00+00:00,0.0,0.0,22.01,79.09,3.37,TNP_0007,4,2016
2016-01-22 17:00:00+00:00,0.0,0.0,21.32,84.27,3.11,TNP_0007,4,2016
2016-01-22 18:00:00+00:00,0.0,0.0,20.84,88.59,2.8,TNP_0007,4,2016
2016-01-22 19:00:00+00:00,0.0,0.0,20.36,92.51,2.24,TNP_0007,4,2016
2016-01-22 20:00:00+00:00,0.0,0.0,19.93,95.38,1.78,TNP_0007,4,2016
2016-01-22 21:00:00+00:00,0.0,0.0,19.7,96.83,1.77,TNP_0007,4,2016
2016-01-22 22:00:00+00:00,0.0,0.0,19.58,97.42,1.82,TNP_0007,4,2016
2016-01-22 23:00:00+00:00,0.0,0.0,19.42,97.91,1.93,TNP_0007,4,2016
2016-01-23 00:00:00+00:00,0.0,0.0,19.27,98.22,2.05,TNP_0007,4,2016
2016-01-23 01:00:00+00:00,16.4,17.17,19.73,95.74,2.59,TNP_0007,4,2016
2016-01-23 02:00:00+00:00,155.05,164.85,21.23,87.42,4.18,TNP_0007,4,2016
2016-01-23 03:00:00+00:00,331.48,380.7,23.56,73.54,4.98,TNP_0007,4,2016
2016-01-23 04:00:00+00:00,539.62,593.0,26.07,60.08,5.2,TNP_0007,4,2016
2016-01-23 05:00:00+00:00,725.08,750.97,28.14,50.6,5.14,TNP_0007,4,2016
2016-01-23 06:00:00+00:00,797.92,828.45,29.73,43.75,4.94,TNP_0007,4,2016
2016-01-23 07:00:00+00:00,802.9,835.38,30.85,39.22,4.68,TNP_0007,4,2016
2016-01-23 08:00:00+00:00,685.65,765.45,31.4,36.75,4.38,TNP_0007,4,2016
2016-01-23 09:00:00+00:00,559.83,623.8,31.27,36.27,4.05,TNP_0007,4,2016
2016-01-23 10:00:00+00:00,390.3,427.92,30.61,37.38,3.76,TNP_0007,4,2016
2016-01-23 11:00:00+00:00,206.45,215.65,29.2,41.85,3.25,TNP_0007,4,2016
2016-01-23 12:00:00+00:00,33.17,34.5,25.63,62.6,2.07,TNP_0007,4,2016
2016-01-23 13:00:00+00:00,0.0,0.0,23.83,70.44,2.25,TNP_0007,4,2016
2016-01-23 14:00:00+00:00,0.0,0.0,23.14,73.83,2.3,TNP_0007,4,2016
2016-01-23 15:00:00+00:00,0.0,0.0,22.6,76.95,2.3,TNP_0007,4,2016
2016-01-23 16:00:00+00:00,0.0,0.0,22.17,80.61,2.4,TNP_0007,4,2016
2016-01-23 17:00:00+00:00,0.0,0.0,21.83,84.88,2.63,TNP_0007,4,2016
2016-01-23 18:00:00+00:00,0.0,0.0,21.39,90.0,2.72,TNP_0007,4,2016
2016-01-23 19:00:00+00:00,0.0,0.0,21.03,93.57,2.58,TNP_0007,4,2016
2016-01-23 20:00:00+00:00,0.0,0.0,20.89,95.1,2.55,TNP_0007,4,2016
2016-01-23 21:00:00+00:00,0.0,0.0,20.84,95.47,2.69,TNP_0007,4,2016
2016-01-23 22:00:00+00:00,0.0,0.0,20.62,96.09,2.42,TNP_0007,4,2016
2016-01-23 23:00:00+00:00,0.0,0.0,20.36,96.63,2.27,TNP_0007,4,2016
2016-01-24 00:00:00+00:00,0.0,0.0,20.14,96.56,2.36,TNP_0007,4,2016
2016-01-24 01:00:00+00:00,17.42,19.33,20.38,93.85,3.1,TNP_0007,4,2016
2016-01-24 02:00:00+00:00,173.18,188.62,21.76,84.7,4.31,TNP_0007,4,2016
2016-01-24 03:00:00+00:00,378.9,415.5,23.87,72.8,4.96,TNP_0007,4,2016
2016-01-24 04:00:00+00:00,595.0,621.42,26.22,62.08,4.88,TNP_0007,4,2016
2016-01-24 05:00:00+00:00,766.88,775.85,28.1,54.48,4.54,TNP_0007,4,2016
2016-01-24 06:00:00+00:00,830.38,863.35,29.41,49.38,4.12,TNP_0007,4,2016
2016-01-24 07:00:00+00:00,816.08,863.92,30.4,45.64,3.68,TNP_0007,4,2016
2016-01-24 08:00:00+00:00,735.35,789.28,31.0,43.44,3.28,TNP_0007,4,2016
2016-01-24 09:00:00+00:00,573.4,647.58,31.18,42.43,2.87,TNP_0007,4,2016
2016-01-24 10:00:00+00:00,402.05,452.95,30.76,42.94,2.57,TNP_0007,4,2016
2016-01-24 11:00:00+00:00,203.65,231.88,29.59,46.12,2.39,TNP_0007,4,2016
2016-01-24 12:00:00+00:00,36.28,38.58,26.52,65.23,1.66,TNP_0007,4,2016
2016-01-24 13:00:00+00:00,0.0,0.0,24.77,72.77,1.84,TNP_0007,4,2016
2016-01-24 14:00:00+00:00,0.0,0.0,24.01,75.17,1.96,TNP_0007,4,2016
2016-01-24 15:00:00+00:00,0.0,0.0,23.36,77.38,2.04,TNP_0007,4,2016
2016-01-24 16:00:00+00:00,0.0,0.0,22.79,80.22,2.19,TNP_0007,4,2016
2016-01-24 17:00:00+00:00,0.0,0.0,22.29,84.57,2.61,TNP_0007,4,2016
2016-01-24 18:00:00+00:00,0.0,0.0,21.75,90.24,2.79,TNP_0007,4,2016
2016-01-24 19:00:00+00:00,0.0,0.0,21.42,93.43,2.53,TNP_0007,4,2016
2016-01-24 20:00:00+00:00,0.0,0.0,21.2,94.69,2.51,TNP_0007,4,2016
2016-01-24 21:00:00+00:00,0.0,0.0,20.91,95.74,2.28,TNP_0007,4,2016
2016-01-24 22:00:00+00:00,0.0,0.0,20.6,96.91,2.03,TNP_0007,4,2016
2016-01-24 23:00:00+00:00,0.0,0.0,20.37,97.67,1.96,TNP_0007,4,2016
2016-01-25 00:00:00+00:00,0.0,0.0,20.18,98.21,1.96,TNP_0007,4,2016
2016-01-25 01:00:00+00:00,17.67,18.27,20.66,95.06,2.49,TNP_0007,4,2016
2016-01-25 02:00:00+00:00,165.02,172.77,22.56,83.0,3.64,TNP_0007,4,2016
2016-01-25 03:00:00+00:00,377.33,390.08,24.88,70.4,3.79,TNP_0007,4,2016
2016-01-25 04:00:00+00:00,539.22,575.03,27.4,59.08,3.59,TNP_0007,4,2016
2016-01-25 05:00:00+00:00,664.97,716.78,29.35,51.59,3.37,TNP_0007,4,2016
2016-01-25 06:00:00+00:00,787.3,831.5,30.69,46.89,3.15,TNP_0007,4,2016
2016-01-25 07:00:00+00:00,752.33,827.9,31.71,43.27,2.94,TNP_0007,4,2016
2016-01-25 08:00:00+00:00,648.47,748.95,32.18,41.45,2.77,TNP_0007,4,2016
2016-01-25 09:00:00+00:00,577.08,608.22,32.19,40.73,2.58,TNP_0007,4,2016
2016-01-25 10:00:00+00:00,397.62,417.35,31.38,42.31,2.49,TNP_0007,4,2016
2016-01-25 11:00:00+00:00,195.9,205.48,29.93,46.49,2.44,TNP_0007,4,2016
2016-01-25 12:00:00+00:00,31.73,32.65,27.15,64.2,1.58,TNP_0007,4,2016
2016-01-25 13:00:00+00:00,0.0,0.0,25.65,72.4,1.53,TNP_0007,4,2016
2016-01-25 14:00:00+00:00,0.0,0.0,24.9,76.07,1.41,TNP_0007,4,2016
2016-01-25 15:00:00+00:00,0.0,0.0,24.27,79.6,1.2,TNP_0007,4,2016
2016-01-25 16:00:00+00:00,0.0,0.0,23.67,82.91,1.19,TNP_0007,4,2016
2016-01-25 17:00:00+00:00,0.0,0.0,23.06,85.46,1.43,TNP_0007,4,2016
2016-01-25 18:00:00+00:00,0.0,0.0,22.48,87.69,1.71,TNP_0007,4,2016
2016-01-25 19:00:00+00:00,0.0,0.0,21.97,89.72,1.7,TNP_0007,4,2016
2016-01-25 20:00:00+00:00,0.0,0.0,21.55,91.34,1.64,TNP_0007,4,2016
2016-01-25 21:00:00+00:00,0.0,0.0,21.2,92.33,1.78,TNP_0007,4,2016
2016-01-25 22:00:00+00:00,0.0,0.0,20.85,93.67,1.79,TNP_0007,4,2016
2016-01-25 23:00:00+00:00,0.0,0.0,20.53,95.03,1.79,TNP_0007,4,2016
2016-01-26 00:00:00+00:00,0.0,0.0,20.24,96.19,1.85,TNP_0007,4,2016
2016-01-26 01:00:00+00:00,16.08,16.62,20.59,93.85,2.61,TNP_0007,4,2016
2016-01-26 02:00:00+00:00,148.95,150.85,22.5,82.09,3.52,TNP_0007,4,2016
2016-01-26 03:00:00+00:00,336.5,337.05,24.87,69.44,3.55,TNP_0007,4,2016
2016-01-26 04:00:00+00:00,533.33,535.08,27.29,58.96,3.32,TNP_0007,4,2016
2016-01-26 05:00:00+00:00,679.67,681.95,29.26,51.49,3.04,TNP_0007,4,2016
2016-01-26 06:00:00+00:00,833.6,860.72,30.78,46.14,2.77,TNP_0007,4,2016
2016-01-26 07:00:00+00:00,809.05,860.35,31.83,42.2,2.47,TNP_0007,4,2016
2016-01-26 08:00:00+00:00,771.72,804.53,32.29,39.72,2.19,TNP_0007,4,2016
2016-01-26 09:00:00+00:00,584.0,657.5,32.19,38.63,1.88,TNP_0007,4,2016
2016-01-26 10:00:00+00:00,390.08,444.75,31.57,39.07,1.78,TNP_0007,4,2016
2016-01-26 11:00:00+00:00,202.1,220.77,30.14,42.9,1.82,TNP_0007,4,2016
2016-01-26 12:00:00+00:00,31.73,36.12,27.43,61.7,1.33,TNP_0007,4,2016
2016-01-26 13:00:00+00:00,0.0,0.0,26.12,68.83,1.3,TNP_0007,4,2016
2016-01-26 14:00:00+00:00,0.0,0.0,25.3,72.74,1.29,TNP_0007,4,2016
2016-01-26 15:00:00+00:00,0.0,0.0,24.44,77.07,1.31,TNP_0007,4,2016
2016-01-26 16:00:00+00:00,0.0,0.0,23.73,80.43,1.27,TNP_0007,4,2016
2016-01-26 17:00:00+00:00,0.0,0.0,23.11,83.02,1.33,TNP_0007,4,2016
2016-01-26 18:00:00+00:00,0.0,0.0,22.5,85.4,1.74,TNP_0007,4,2016
2016-01-26 19:00:00+00:00,0.0,0.0,21.84,88.51,2.08,TNP_0007,4,2016
2016-01-26 20:00:00+00:00,0.0,0.0,21.23,91.03,2.17,TNP_0007,4,2016
2016-01-26 21:00:00+00:00,0.0,0.0,20.81,92.09,2.3,TNP_0007,4,2016
2016-01-26 22:00:00+00:00,0.0,0.0,20.5,92.68,2.57,TNP_0007,4,2016
2016-01-26 23:00:00+00:00,0.0,0.0,20.21,93.64,2.7,TNP_0007,4,2016
2016-01-27 00:00:00+00:00,0.0,0.0,19.93,94.58,2.63,TNP_0007,4,2016
2016-01-27 01:00:00+00:00,17.65,17.73,20.1,93.04,3.02,TNP_0007,4,2016
2016-01-27 02:00:00+00:00,158.73,165.4,21.66,83.39,3.69,TNP_0007,4,2016
2016-01-27 03:00:00+00:00,352.65,363.88,24.11,70.01,3.74,TNP_0007,4,2016
2016-01-27 04:00:00+00:00,510.75,545.95,26.84,58.33,3.59,TNP_0007,4,2016
2016-01-27 05:00:00+00:00,671.65,700.12,29.18,49.29,3.51,TNP_0007,4,2016
2016-01-27 06:00:00+00:00,778.05,805.65,30.77,43.13,3.46,TNP_0007,4,2016
2016-01-27 07:00:00+00:00,797.88,852.38,31.78,39.06,3.38,TNP_0007,4,2016
2016-01-27 08:00:00+00:00,715.55,786.22,32.41,36.41,3.31,TNP_0007,4,2016
2016-01-27 09:00:00+00:00,621.0,648.6,32.27,35.63,3.19,TNP_0007,4,2016
2016-01-27 10:00:00+00:00,407.52,453.92,31.66,35.97,3.09,TNP_0007,4,2016
2016-01-27 11:00:00+00:00,206.1,230.6,30.22,39.72,2.61,TNP_0007,4,2016
2016-01-27 12:00:00+00:00,37.67,40.0,26.86,59.19,1.79,TNP_0007,4,2016
2016-01-27 13:00:00+00:00,0.0,0.0,24.84,67.11,1.99,TNP_0007,4,2016
2016-01-27 14:00:00+00:00,0.0,0.0,24.05,71.34,1.87,TNP_0007,4,2016
2016-01-27 15:00:00+00:00,0.0,0.0,23.19,75.56,1.75,TNP_0007,4,2016
2016-01-27 16:00:00+00:00,0.0,0.0,22.57,79.27,1.62,TNP_0007,4,2016
2016-01-27 17:00:00+00:00,0.0,0.0,21.87,83.07,1.57,TNP_0007,4,2016
2016-01-27 18:00:00+00:00,0.0,0.0,21.22,86.02,1.52,TNP_0007,4,2016
2016-01-27 19:00:00+00:00,0.0,0.0,20.72,88.47,1.44,TNP_0007,4,2016
2016-01-27 20:00:00+00:00,0.0,0.0,20.44,90.09,1.39,TNP_0007,4,2016
2016-01-27 21:00:00+00:00,0.0,0.0,19.98,92.31,1.52,TNP_0007,4,2016
2016-01-27 22:00:00+00:00,0.0,0.0,19.54,93.73,1.62,TNP_0007,4,2016
2016-01-27 23:00:00+00:00,0.0,0.0,19.17,94.81,1.6,TNP_0007,4,2016
2016-01-28 00:00:00+00:00,0.0,0.0,18.83,95.96,1.61,TNP_0007,4,2016
2016-01-28 01:00:00+00:00,17.05,19.33,19.3,92.89,2.14,TNP_0007,4,2016
2016-01-28 02:00:00+00:00,169.55,188.62,21.42,79.75,3.07,TNP_0007,4,2016
2016-01-28 03:00:00+00:00,377.12,419.05,24.27,64.96,3.51,TNP_0007,4,2016
2016-01-28 04:00:00+00:00,606.75,629.9,26.94,53.91,3.75,TNP_0007,4,2016
2016-01-28 05:00:00+00:00,787.65,789.38,28.95,46.77,3.81,TNP_0007,4,2016
2016-01-28 06:00:00+00:00,879.22,885.4,30.56,41.44,3.76,TNP_0007,4,2016
2016-01-28 07:00:00+00:00,863.78,892.17,31.68,37.11,3.67,TNP_0007,4,2016
2016-01-28 08:00:00+00:00,814.88,818.3,32.2,34.14,3.58,TNP_0007,4,2016
2016-01-28 09:00:00+00:00,647.15,680.35,32.11,32.43,3.46,TNP_0007,4,2016
2016-01-28 10:00:00+00:00,473.12,483.5,31.43,32.08,3.39,TNP_0007,4,2016
2016-01-28 11:00:00+00:00,241.85,252.77,29.97,34.35,3.08,TNP_0007,4,2016
2016-01-28 12:00:00+00:00,43.92,45.2,25.9,54.63,1.94,TNP_0007,4,2016
2016-01-28 13:00:00+00:00,0.0,0.0,23.66,63.24,2.09,TNP_0007,4,2016
2016-01-28 14:00:00+00:00,0.0,0.0,22.67,66.39,2.06,TNP_0007,4,2016
2016-01-28 15:00:00+00:00,0.0,0.0,21.84,69.55,1.95,TNP_0007,4,2016
2016-01-28 16:00:00+00:00,0.0,0.0,21.15,72.17,1.82,TNP_0007,4,2016
2016-01-28 17:00:00+00:00,0.0,0.0,20.58,74.24,1.61,TNP_0007,4,2016
2016-01-28 18:00:00+00:00,0.0,0.0,20.1,75.88,1.35,TNP_0007,4,2016
2016-01-28 19:00:00+00:00,0.0,0.0,19.48,78.08,1.2,TNP_0007,4,2016
2016-01-28 20:00:00+00:00,0.0,0.0,18.72,81.26,1.3,TNP_0007,4,2016
2016-01-28 21:00:00+00:00,0.0,0.0,18.0,84.17,1.45,TNP_0007,4,2016
2016-01-28 22:00:00+00:00,0.0,0.0,17.38,86.77,1.62,TNP_0007,4,2016
2016-01-28 23:00:00+00:00,0.0,0.0,16.87,89.03,1.75,TNP_0007,4,2016
2016-01-29 00:00:00+00:00,0.0,0.0,16.46,90.89,1.78,TNP_0007,4,2016
2016-01-29 01:00:00+00:00,19.3,20.6,17.32,87.37,1.8,TNP_0007,4,2016
2016-01-29 02:00:00+00:00,186.85,198.88,20.6,71.94,2.43,TNP_0007,4,2016
2016-01-29 03:00:00+00:00,400.7,433.6,24.81,53.77,3.17,TNP_0007,4,2016
2016-01-29 04:00:00+00:00,626.88,646.3,27.88,40.86,3.86,TNP_0007,4,2016
2016-01-29 05:00:00+00:00,802.8,804.97,29.96,33.51,4.57,TNP_0007,4,2016
2016-01-29 06:00:00+00:00,880.12,886.3,31.35,29.13,5.05,TNP_0007,4,2016
2016-01-29 07:00:00+00:00,864.08,894.2,32.3,26.13,5.17,TNP_0007,4,2016
2016-01-29 08:00:00+00:00,816.38,823.03,32.78,24.09,5.07,TNP_0007,4,2016
2016-01-29 09:00:00+00:00,622.53,679.58,32.75,23.07,4.73,TNP_0007,4,2016
2016-01-29 10:00:00+00:00,462.0,478.58,32.12,23.29,4.34,TNP_0007,4,2016
2016-01-29 11:00:00+00:00,228.68,247.15,30.46,27.07,3.39,TNP_0007,4,2016
2016-01-29 12:00:00+00:00,42.47,44.28,25.68,47.74,2.33,TNP_0007,4,2016
2016-01-29 13:00:00+00:00,0.0,0.0,23.25,55.64,2.5,TNP_0007,4,2016
2016-01-29 14:00:00+00:00,0.0,0.0,22.13,59.34,2.5,TNP_0007,4,2016
2016-01-29 15:00:00+00:00,0.0,0.0,21.1,64.58,2.42,TNP_0007,4,2016
2016-01-29 16:00:00+00:00,0.0,0.0,20.15,69.99,2.33,TNP_0007,4,2016
2016-01-29 17:00:00+00:00,0.0,0.0,19.35,74.44,2.19,TNP_0007,4,2016
2016-01-29 18:00:00+00:00,0.0,0.0,18.68,78.43,2.04,TNP_0007,4,2016
2016-01-29 19:00:00+00:00,0.0,0.0,18.11,81.89,1.88,TNP_0007,4,2016
2016-01-29 20:00:00+00:00,0.0,0.0,17.82,85.1,1.78,TNP_0007,4,2016
2016-01-29 21:00:00+00:00,0.0,0.0,17.58,88.31,1.8,TNP_0007,4,2016
2016-01-29 22:00:00+00:00,0.0,0.0,17.38,92.56,1.89,TNP_0007,4,2016
2016-01-29 23:00:00+00:00,0.0,0.0,17.12,97.31,1.94,TNP_0007,4,2016
2016-01-30 00:00:00+00:00,0.0,0.0,16.93,100.0,2.01,TNP_0007,4,2016
2016-01-30 01:00:00+00:00,21.58,22.17,17.9,95.67,2.53,TNP_0007,4,2016
2016-01-30 02:00:00+00:00,209.95,213.32,20.32,81.33,4.08,TNP_0007,4,2016
2016-01-30 03:00:00+00:00,448.62,457.8,22.98,63.93,4.78,TNP_0007,4,2016
2016-01-30 04:00:00+00:00,674.95,676.55,25.86,46.66,5.22,TNP_0007,4,2016
2016-01-30 05:00:00+00:00,811.28,838.55,28.16,36.16,5.47,TNP_0007,4,2016
2016-01-30 06:00:00+00:00,906.0,918.35,29.83,30.58,5.46,TNP_0007,4,2016
2016-01-30 07:00:00+00:00,914.05,923.72,30.99,27.4,5.29,TNP_0007,4,2016
2016-01-30 08:00:00+00:00,789.95,850.85,31.61,25.67,5.07,TNP_0007,4,2016
2016-01-30 09:00:00+00:00,669.5,705.47,31.66,25.02,4.9,TNP_0007,4,2016
2016-01-30 10:00:00+00:00,486.25,502.0,31.03,25.4,4.74,TNP_0007,4,2016
2016-01-30 11:00:00+00:00,249.95,264.3,29.54,28.3,4.21,TNP_0007,4,2016
2016-01-30 12:00:00+00:00,46.53,48.75,25.02,46.78,2.59,TNP_0007,4,2016
2016-01-30 13:00:00+00:00,0.0,0.0,22.62,56.64,2.8,TNP_0007,4,2016
2016-01-30 14:00:00+00:00,0.0,0.0,21.62,60.37,2.88,TNP_0007,4,2016
2016-01-30 15:00:00+00:00,0.0,0.0,20.64,65.28,2.83,TNP_0007,4,2016
2016-01-30 16:00:00+00:00,0.0,0.0,19.61,71.26,2.68,TNP_0007,4,2016
2016-01-30 17:00:00+00:00,0.0,0.0,18.66,77.14,2.44,TNP_0007,4,2016
2016-01-30 18:00:00+00:00,0.0,0.0,17.89,82.26,2.24,TNP_0007,4,2016
2016-01-30 19:00:00+00:00,0.0,0.0,17.25,87.43,2.07,TNP_0007,4,2016
2016-01-30 20:00:00+00:00,0.0,0.0,16.76,92.57,1.91,TNP_0007,4,2016
2016-01-30 21:00:00+00:00,0.0,0.0,16.34,97.61,1.91,TNP_0007,4,2016
2016-01-30 22:00:00+00:00,0.0,0.0,16.2,100.0,1.88,TNP_0007,4,2016
2016-01-30 23:00:00+00:00,0.0,0.0,16.05,100.0,1.86,TNP_0007,4,2016
2016-01-31 00:00:00+00:00,0.0,0.0,15.86,100.0,1.91,TNP_0007,4,2016
2016-01-31 01:00:00+00:00,21.62,22.92,16.91,97.39,2.31,TNP_0007,4,2016
2016-01-31 02:00:00+00:00,206.35,217.93,19.84,82.36,3.97,TNP_0007,4,2016
2016-01-31 03:00:00+00:00,426.75,462.1,22.85,65.53,5.15,TNP_0007,4,2016
2016-01-31 04:00:00+00:00,658.17,679.58,25.72,49.44,5.77,TNP_0007,4,2016
2016-01-31 05:00:00+00:00,838.97,840.55,28.05,39.24,6.07,TNP_0007,4,2016
2016-01-31 06:00:00+00:00,835.33,899.12,29.82,33.1,6.13,TNP_0007,4,2016
2016-01-31 07:00:00+00:00,833.95,907.75,31.01,29.23,6.03,TNP_0007,4,2016
2016-01-31 08:00:00+00:00,719.2,836.9,31.55,27.0,5.88,TNP_0007,4,2016
2016-01-31 09:00:00+00:00,600.62,691.7,31.43,26.21,5.74,TNP_0007,4,2016
2016-01-31 10:00:00+00:00,394.02,487.65,30.69,26.9,5.51,TNP_0007,4,2016
2016-01-31 11:00:00+00:00,200.65,252.57,29.12,30.43,4.51,TNP_0007,4,2016
2016-01-31 12:00:00+00:00,37.5,45.92,25.12,46.28,2.8,TNP_0007,4,2016
2016-01-31 13:00:00+00:00,0.0,0.0,22.96,55.56,2.78,TNP_0007,4,2016
2016-01-31 14:00:00+00:00,0.0,0.0,21.97,60.4,2.77,TNP_0007,4,2016
2016-01-31 15:00:00+00:00,0.0,0.0,21.02,65.89,2.76,TNP_0007,4,2016
2016-01-31 16:00:00+00:00,0.0,0.0,19.97,72.65,2.64,TNP_0007,4,2016
2016-01-31 17:00:00+00:00,0.0,0.0,18.95,79.26,2.51,TNP_0007,4,2016
2016-01-31 18:00:00+00:00,0.0,0.0,18.07,85.69,2.32,TNP_0007,4,2016
2016-01-31 19:00:00+00:00,0.0,0.0,17.27,92.5,2.15,TNP_0007,4,2016
2016-01-31 20:00:00+00:00,0.0,0.0,16.62,98.22,2.06,TNP_0007,4,2016
2016-01-31 21:00:00+00:00,0.0,0.0,16.22,100.0,1.95,TNP_0007,4,2016
2016-01-31 22:00:00+00:00,0.0,0.0,16.01,100.0,1.86,TNP_0007,4,2016
2016-01-31 23:00:00+00:00,0.0,0.0,15.82,100.0,1.87,TNP_0007,4,2016
2016-02-01 00:00:00+00:00,0.0,0.0,15.51,100.0,2.03,TNP_0007,4,2016
2016-02-01 01:00:00+00:00,21.2,23.55,16.41,98.92,2.17,TNP_0007,4,2016
2016-02-01 02:00:00+00:00,169.68,222.55,19.46,80.31,3.18,TNP_0007,4,2016
2016-02-01 03:00:00+00:00,338.58,467.58,22.94,55.43,4.12,TNP_0007,4,2016
2016-02-01 04:00:00+00:00,531.83,684.62,26.16,36.59,4.65,TNP_0007,4,2016
2016-02-01 05:00:00+00:00,782.7,844.62,28.62,26.66,4.99,TNP_0007,4,2016
2016-02-01 06:00:00+00:00,809.97,882.05,30.22,22.34,5.13,TNP_0007,4,2016
2016-02-01 07:00:00+00:00,858.58,895.45,31.19,20.21,5.08,TNP_0007,4,2016
2016-02-01 08:00:00+00:00,742.88,826.05,31.64,19.19,4.96,TNP_0007,4,2016
2016-02-01 09:00:00+00:00,614.3,681.75,31.5,19.03,4.79,TNP_0007,4,2016
2016-02-01 10:00:00+00:00,418.1,478.8,30.69,19.92,4.53,TNP_0007,4,2016
2016-02-01 11:00:00+00:00,235.07,248.55,28.92,24.72,3.42,TNP_0007,4,2016
2016-02-01 12:00:00+00:00,41.8,45.08,24.46,44.01,2.4,TNP_0007,4,2016
2016-02-01 13:00:00+00:00,0.0,0.0,22.2,51.06,2.64,TNP_0007,4,2016
2016-02-01 14:00:00+00:00,0.0,0.0,21.05,54.36,2.7,TNP_0007,4,2016
2016-02-01 15:00:00+00:00,0.0,0.0,19.94,58.66,2.72,TNP_0007,4,2016
2016-02-01 16:00:00+00:00,0.0,0.0,18.89,63.91,2.73,TNP_0007,4,2016
2016-02-01 17:00:00+00:00,0.0,0.0,18.04,69.46,2.65,TNP_0007,4,2016
2016-02-01 18:00:00+00:00,0.0,0.0,17.52,74.26,2.35,TNP_0007,4,2016
2016-02-01 19:00:00+00:00,0.0,0.0,17.22,77.94,2.08,TNP_0007,4,2016
2016-02-01 20:00:00+00:00,0.0,0.0,16.8,82.91,2.04,TNP_0007,4,2016
2016-02-01 21:00:00+00:00,0.0,0.0,16.17,89.96,2.03,TNP_0007,4,2016
2016-02-01 22:00:00+00:00,0.0,0.0,15.61,96.22,2.01,TNP_0007,4,2016
2016-02-01 23:00:00+00:00,0.0,0.0,15.42,99.15,1.96,TNP_0007,4,2016
2016-02-02 00:00:00+00:00,0.0,0.0,15.17,100.0,2.0,TNP_0007,4,2016
2016-02-02 01:00:00+00:00,21.5,24.67,16.1,94.82,2.13,TNP_0007,4,2016
2016-02-02 02:00:00+00:00,209.43,229.5,19.55,74.56,3.39,TNP_0007,4,2016
2016-02-02 03:00:00+00:00,428.83,479.85,23.14,54.24,4.62,TNP_0007,4,2016
2016-02-02 04:00:00+00:00,629.08,701.2,26.54,36.53,5.57,TNP_0007,4,2016
2016-02-02 05:00:00+00:00,765.3,866.25,29.21,25.89,6.15,TNP_0007,4,2016
2016-02-02 06:00:00+00:00,808.12,948.47,30.89,21.27,6.43,TNP_0007,4,2016
2016-02-02 07:00:00+00:00,744.55,952.3,31.85,19.67,6.38,TNP_0007,4,2016
2016-02-02 08:00:00+00:00,692.15,879.72,32.3,19.12,6.15,TNP_0007,4,2016
2016-02-02 09:00:00+00:00,577.53,733.72,32.16,19.29,5.84,TNP_0007,4,2016
2016-02-02 10:00:00+00:00,383.5,525.35,31.4,19.83,5.56,TNP_0007,4,2016
2016-02-02 11:00:00+00:00,208.8,282.35,29.66,22.75,4.63,TNP_0007,4,2016
2016-02-02 12:00:00+00:00,47.78,55.8,24.92,39.52,2.74,TNP_0007,4,2016
2016-02-02 13:00:00+00:00,0.0,0.0,22.53,49.94,2.71,TNP_0007,4,2016
2016-02-02 14:00:00+00:00,0.0,0.0,21.54,54.7,2.67,TNP_0007,4,2016
2016-02-02 15:00:00+00:00,0.0,0.0,20.58,59.31,2.57,TNP_0007,4,2016
2016-02-02 16:00:00+00:00,0.0,0.0,19.62,64.55,2.45,TNP_0007,4,2016
2016-02-02 17:00:00+00:00,0.0,0.0,18.69,69.58,2.28,TNP_0007,4,2016
2016-02-02 18:00:00+00:00,0.0,0.0,17.9,73.53,2.07,TNP_0007,4,2016
2016-02-02 19:00:00+00:00,0.0,0.0,17.28,76.79,1.84,TNP_0007,4,2016
2016-02-02 20:00:00+00:00,0.0,0.0,16.79,80.1,1.61,TNP_0007,4,2016
2016-02-02 21:00:00+00:00,0.0,0.0,16.32,83.63,1.48,TNP_0007,4,2016
2016-02-02 22:00:00+00:00,0.0,0.0,15.82,87.17,1.46,TNP_0007,4,2016
2016-02-02 23:00:00+00:00,0.0,0.0,15.33,90.33,1.52,TNP_0007,4,2016
2016-02-03 00:00:00+00:00,0.0,0.0,14.88,93.14,1.61,TNP_0007,4,2016
2016-02-03 01:00:00+00:00,16.55,24.48,15.67,88.96,1.61,TNP_0007,4,2016
2016-02-03 02:00:00+00:00,137.6,225.73,19.74,68.56,2.35,TNP_0007,4,2016
2016-02-03 03:00:00+00:00,288.85,473.0,23.82,47.14,3.29,TNP_0007,4,2016
2016-02-03 04:00:00+00:00,479.85,691.0,26.97,31.75,4.18,TNP_0007,4,2016
2016-02-03 05:00:00+00:00,626.1,851.47,28.91,25.93,4.72,TNP_0007,4,2016
2016-02-03 06:00:00+00:00,670.22,928.45,30.08,23.79,4.98,TNP_0007,4,2016
2016-02-03 07:00:00+00:00,807.75,932.17,30.75,22.73,5.05,TNP_0007,4,2016
2016-02-03 08:00:00+00:00,755.72,857.33,31.01,22.2,5.0,TNP_0007,4,2016
2016-02-03 09:00:00+00:00,680.05,707.33,30.99,21.64,4.84,TNP_0007,4,2016
2016-02-03 10:00:00+00:00,463.55,504.0,30.53,21.55,4.64,TNP_0007,4,2016
2016-02-03 11:00:00+00:00,246.1,266.7,29.04,24.81,3.84,TNP_0007,4,2016
2016-02-03 12:00:00+00:00,49.38,51.9,24.62,41.42,2.61,TNP_0007,4,2016
2016-02-03 13:00:00+00:00,0.0,0.0,22.39,48.42,2.81,TNP_0007,4,2016
2016-02-03 14:00:00+00:00,0.0,0.0,21.35,51.64,2.81,TNP_0007,4,2016
2016-02-03 15:00:00+00:00,0.0,0.0,20.33,56.48,2.63,TNP_0007,4,2016
2016-02-03 16:00:00+00:00,0.0,0.0,19.32,62.26,2.47,TNP_0007,4,2016
2016-02-03 17:00:00+00:00,0.0,0.0,18.47,67.73,2.33,TNP_0007,4,2016
2016-02-03 18:00:00+00:00,0.0,0.0,17.77,72.48,2.16,TNP_0007,4,2016
2016-02-03 19:00:00+00:00,0.0,0.0,17.26,76.35,1.93,TNP_0007,4,2016
2016-02-03 20:00:00+00:00,0.0,0.0,16.79,80.81,1.79,TNP_0007,4,2016
2016-02-03 21:00:00+00:00,0.0,0.0,16.32,86.82,1.68,TNP_0007,4,2016
2016-02-03 22:00:00+00:00,0.0,0.0,16.17,91.35,1.58,TNP_0007,4,2016
2016-02-03 23:00:00+00:00,0.0,0.0,16.07,95.21,1.57,TNP_0007,4,2016
2016-02-04 00:00:00+00:00,0.0,0.0,15.89,98.63,1.66,TNP_0007,4,2016
2016-02-04 01:00:00+00:00,22.4,24.3,16.7,94.87,1.87,TNP_0007,4,2016
2016-02-04 02:00:00+00:00,201.82,223.43,19.7,77.38,2.89,TNP_0007,4,2016
2016-02-04 03:00:00+00:00,406.02,469.12,23.53,52.48,3.89,TNP_0007,4,2016
2016-02-04 04:00:00+00:00,589.72,688.47,26.6,36.33,4.91,TNP_0007,4,2016
2016-02-04 05:00:00+00:00,780.45,848.88,28.73,30.25,5.67,TNP_0007,4,2016
2016-02-04 06:00:00+00:00,846.05,917.42,30.2,27.72,6.1,TNP_0007,4,2016
2016-02-04 07:00:00+00:00,846.08,930.45,31.24,25.78,6.18,TNP_0007,4,2016
2016-02-04 08:00:00+00:00,770.53,860.47,31.94,23.6,6.08,TNP_0007,4,2016
2016-02-04 09:00:00+00:00,626.8,718.65,31.98,22.54,5.78,TNP_0007,4,2016
2016-02-04 10:00:00+00:00,428.8,514.42,31.34,22.48,5.44,TNP_0007,4,2016
2016-02-04 11:00:00+00:00,227.57,272.92,29.83,24.55,4.77,TNP_0007,4,2016
2016-02-04 12:00:00+00:00,47.95,53.65,25.18,39.05,2.93,TNP_0007,4,2016
2016-02-04 13:00:00+00:00,0.0,0.0,22.5,48.21,3.1,TNP_0007,4,2016
2016-02-04 14:00:00+00:00,0.0,0.0,21.52,51.72,3.25,TNP_0007,4,2016
2016-02-04 15:00:00+00:00,0.0,0.0,20.53,56.78,3.34,TNP_0007,4,2016
2016-02-04 16:00:00+00:00,0.0,0.0,19.33,63.7,2.88,TNP_0007,4,2016
2016-02-04 17:00:00+00:00,0.0,0.0,18.35,69.73,2.44,TNP_0007,4,2016
2016-02-04 18:00:00+00:00,0.0,0.0,17.7,74.12,2.2,TNP_0007,4,2016
2016-02-04 19:00:00+00:00,0.0,0.0,17.25,77.59,1.99,TNP_0007,4,2016
2016-02-04 20:00:00+00:00,0.0,0.0,16.81,82.48,1.87,TNP_0007,4,2016
2016-02-04 21:00:00+00:00,0.0,0.0,16.42,88.06,1.92,TNP_0007,4,2016
2016-02-04 22:00:00+00:00,0.0,0.0,16.11,93.2,1.92,TNP_0007,4,2016
2016-02-04 23:00:00+00:00,0.0,0.0,16.11,95.78,1.84,TNP_0007,4,2016
2016-02-05 00:00:00+00:00,0.0,0.0,16.08,97.61,1.78,TNP_0007,4,2016
2016-02-05 01:00:00+00:00,21.7,24.38,17.04,92.92,1.79,TNP_0007,4,2016
2016-02-05 02:00:00+00:00,202.93,225.02,20.0,78.15,2.8,TNP_0007,4,2016
2016-02-05 03:00:00+00:00,417.12,470.88,23.51,58.55,3.95,TNP_0007,4,2016
2016-02-05 04:00:00+00:00,640.4,687.55,26.39,43.13,4.12,TNP_0007,4,2016
2016-02-05 05:00:00+00:00,823.55,844.75,28.7,33.6,3.96,TNP_0007,4,2016
2016-02-05 06:00:00+00:00,912.17,918.45,30.46,27.89,3.8,TNP_0007,4,2016
2016-02-05 07:00:00+00:00,884.22,922.88,31.57,24.97,3.7,TNP_0007,4,2016
2016-02-05 08:00:00+00:00,846.83,850.62,31.99,23.88,3.72,TNP_0007,4,2016
2016-02-05 09:00:00+00:00,644.7,691.03,31.6,24.1,3.8,TNP_0007,4,2016
2016-02-05 10:00:00+00:00,453.3,458.23,30.7,25.47,3.97,TNP_0007,4,2016
2016-02-05 11:00:00+00:00,227.75,231.27,29.18,28.92,3.8,TNP_0007,4,2016
2016-02-05 12:00:00+00:00,42.4,43.67,25.4,43.25,2.44,TNP_0007,4,2016
2016-02-05 13:00:00+00:00,0.0,0.0,22.94,53.31,2.43,TNP_0007,4,2016
2016-02-05 14:00:00+00:00,0.0,0.0,22.15,57.63,2.32,TNP_0007,4,2016
2016-02-05 15:00:00+00:00,0.0,0.0,21.53,61.07,2.21,TNP_0007,4,2016
2016-02-05 16:00:00+00:00,0.0,0.0,20.93,64.72,2.19,TNP_0007,4,2016
2016-02-05 17:00:00+00:00,0.0,0.0,20.4,68.8,2.23,TNP_0007,4,2016
2016-02-05 18:00:00+00:00,0.0,0.0,19.82,73.89,2.12,TNP_0007,4,2016
2016-02-05 19:00:00+00:00,0.0,0.0,19.31,79.24,1.81,TNP_0007,4,2016
2016-02-05 20:00:00+00:00,0.0,0.0,18.93,84.24,1.67,TNP_0007,4,2016
2016-02-05 21:00:00+00:00,0.0,0.0,18.46,88.97,1.61,TNP_0007,4,2016
2016-02-05 22:00:00+00:00,0.0,0.0,18.04,92.79,1.63,TNP_0007,4,2016
2016-02-05 23:00:00+00:00,0.0,0.0,17.7,96.1,1.67,TNP_0007,4,2016
2016-02-06 00:00:00+00:00,0.0,0.0,17.4,98.32,1.77,TNP_0007,4,2016
2016-02-06 01:00:00+00:00,19.75,19.73,18.32,92.14,2.25,TNP_0007,4,2016
2016-02-06 02:00:00+00:00,178.7,184.43,20.98,75.99,3.23,TNP_0007,4,2016
2016-02-06 03:00:00+00:00,385.88,406.58,23.96,59.27,3.52,TNP_0007,4,2016
2016-02-06 04:00:00+00:00,599.92,614.53,26.7,47.46,3.42,TNP_0007,4,2016
2016-02-06 05:00:00+00:00,746.62,775.33,29.04,39.34,3.07,TNP_0007,4,2016
2016-02-06 06:00:00+00:00,843.2,888.7,30.9,33.8,2.61,TNP_0007,4,2016
2016-02-06 07:00:00+00:00,847.92,887.7,32.21,30.08,2.15,TNP_0007,4,2016
2016-02-06 08:00:00+00:00,783.55,807.3,32.92,27.97,1.77,TNP_0007,4,2016
2016-02-06 09:00:00+00:00,603.0,653.55,32.97,27.33,1.43,TNP_0007,4,2016
2016-02-06 10:00:00+00:00,440.73,453.88,32.38,28.09,1.27,TNP_0007,4,2016
2016-02-06 11:00:00+00:00,226.05,235.27,31.04,31.09,1.15,TNP_0007,4,2016
2016-02-06 12:00:00+00:00,43.62,45.7,28.05,45.79,0.95,TNP_0007,4,2016
2016-02-06 13:00:00+00:00,0.0,0.0,26.01,53.01,1.3,TNP_0007,4,2016
2016-02-06 14:00:00+00:00,0.0,0.0,24.67,58.55,1.53,TNP_0007,4,2016
2016-02-06 15:00:00+00:00,0.0,0.0,23.51,63.81,1.56,TNP_0007,4,2016
2016-02-06 16:00:00+00:00,0.0,0.0,22.71,68.09,1.5,TNP_0007,4,2016
2016-02-06 17:00:00+00:00,0.0,0.0,22.22,70.6,1.33,TNP_0007,4,2016
2016-02-06 18:00:00+00:00,0.0,0.0,21.89,72.12,1.09,TNP_0007,4,2016
2016-02-06 19:00:00+00:00,0.0,0.0,21.56,73.77,0.84,TNP_0007,4,2016
2016-02-06 20:00:00+00:00,0.0,0.0,21.32,75.46,0.75,TNP_0007,4,2016
2016-02-06 21:00:00+00:00,0.0,0.0,20.72,78.94,0.91,TNP_0007,4,2016
2016-02-06 22:00:00+00:00,0.0,0.0,20.13,82.33,1.15,TNP_0007,4,2016
2016-02-06 23:00:00+00:00,0.0,0.0,19.63,85.37,1.34,TNP_0007,4,2016
2016-02-07 00:00:00+00:00,0.0,0.0,19.24,88.09,1.51,TNP_0007,4,2016
2016-02-07 01:00:00+00:00,18.52,19.62,19.98,84.87,1.87,TNP_0007,4,2016
2016-02-07 02:00:00+00:00,161.5,178.3,22.44,73.76,2.33,TNP_0007,4,2016
2016-02-07 03:00:00+00:00,326.08,386.65,25.12,62.34,2.35,TNP_0007,4,2016
2016-02-07 04:00:00+00:00,530.03,581.92,27.59,53.09,2.43,TNP_0007,4,2016
2016-02-07 05:00:00+00:00,703.55,718.42,29.8,45.8,2.24,TNP_0007,4,2016
2016-02-07 06:00:00+00:00,854.7,876.88,31.56,40.27,1.96,TNP_0007,4,2016
2016-02-07 07:00:00+00:00,862.47,894.58,32.83,36.58,1.83,TNP_0007,4,2016
2016-02-07 08:00:00+00:00,812.0,828.42,33.36,35.12,1.79,TNP_0007,4,2016
2016-02-07 09:00:00+00:00,618.6,689.47,33.35,34.88,1.76,TNP_0007,4,2016
2016-02-07 10:00:00+00:00,439.08,496.58,32.31,36.73,1.76,TNP_0007,4,2016
2016-02-07 11:00:00+00:00,222.3,267.9,31.13,39.58,1.76,TNP_0007,4,2016
2016-02-07 12:00:00+00:00,45.2,54.42,28.69,51.73,1.15,TNP_0007,4,2016
2016-02-07 13:00:00+00:00,0.0,0.0,27.14,58.19,1.42,TNP_0007,4,2016
2016-02-07 14:00:00+00:00,0.0,0.0,26.23,61.05,1.63,TNP_0007,4,2016
2016-02-07 15:00:00+00:00,0.0,0.0,25.39,63.74,1.72,TNP_0007,4,2016
2016-02-07 16:00:00+00:00,0.0,0.0,24.52,67.3,1.7,TNP_0007,4,2016
2016-02-07 17:00:00+00:00,0.0,0.0,23.71,70.9,1.61,TNP_0007,4,2016
2016-02-07 18:00:00+00:00,0.0,0.0,22.99,74.35,1.57,TNP_0007,4,2016
2016-02-07 19:00:00+00:00,0.0,0.0,22.42,77.71,1.53,TNP_0007,4,2016
2016-02-07 20:00:00+00:00,0.0,0.0,22.0,80.64,1.55,TNP_0007,4,2016
2016-02-07 21:00:00+00:00,0.0,0.0,21.5,83.69,1.53,TNP_0007,4,2016
2016-02-07 22:00:00+00:00,0.0,0.0,21.0,86.88,1.43,TNP_0007,4,2016
2016-02-07 23:00:00+00:00,0.0,0.0,20.59,89.68,1.37,TNP_0007,4,2016
2016-02-08 00:00:00+00:00,0.0,0.0,20.29,91.88,1.45,TNP_0007,4,2016
2016-02-08 01:00:00+00:00,17.1,20.6,20.89,89.12,2.29,TNP_0007,4,2016
2016-02-08 02:00:00+00:00,161.27,191.7,23.03,78.0,3.3,TNP_0007,4,2016
2016-02-08 03:00:00+00:00,371.33,422.8,25.63,64.49,3.54,TNP_0007,4,2016
2016-02-08 04:00:00+00:00,555.62,633.8,28.22,53.29,3.8,TNP_0007,4,2016
2016-02-08 05:00:00+00:00,698.92,788.28,30.37,45.53,4.04,TNP_0007,4,2016
2016-02-08 06:00:00+00:00,768.7,789.28,32.0,40.51,4.1,TNP_0007,4,2016
2016-02-08 07:00:00+00:00,758.75,780.7,33.17,37.19,3.99,TNP_0007,4,2016
2016-02-08 08:00:00+00:00,653.53,699.38,33.83,35.2,3.8,TNP_0007,4,2016
2016-02-08 09:00:00+00:00,515.88,550.97,33.74,34.87,3.77,TNP_0007,4,2016
2016-02-08 10:00:00+00:00,342.23,362.4,32.97,35.98,3.8,TNP_0007,4,2016
2016-02-08 11:00:00+00:00,165.7,178.85,31.56,38.92,3.63,TNP_0007,4,2016
2016-02-08 12:00:00+00:00,30.62,34.4,29.1,47.66,2.17,TNP_0007,4,2016
2016-02-08 13:00:00+00:00,0.0,0.0,27.45,55.31,1.73,TNP_0007,4,2016
2016-02-08 14:00:00+00:00,0.0,0.0,26.57,59.6,1.55,TNP_0007,4,2016
2016-02-08 15:00:00+00:00,0.0,0.0,25.73,63.55,1.36,TNP_0007,4,2016
2016-02-08 16:00:00+00:00,0.0,0.0,24.92,66.94,1.34,TNP_0007,4,2016
2016-02-08 17:00:00+00:00,0.0,0.0,24.07,70.17,1.41,TNP_0007,4,2016
2016-02-08 18:00:00+00:00,0.0,0.0,23.3,73.58,1.55,TNP_0007,4,2016
2016-02-08 19:00:00+00:00,0.0,0.0,22.63,76.7,1.58,TNP_0007,4,2016
2016-02-08 20:00:00+00:00,0.0,0.0,22.03,79.62,1.49,TNP_0007,4,2016
2016-02-08 21:00:00+00:00,0.0,0.0,21.48,82.25,1.47,TNP_0007,4,2016
2016-02-08 22:00:00+00:00,0.0,0.0,21.0,84.58,1.46,TNP_0007,4,2016
2016-02-08 23:00:00+00:00,0.0,0.0,20.54,87.1,1.46,TNP_0007,4,2016
2016-02-09 00:00:00+00:00,0.0,0.0,20.14,89.47,1.42,TNP_0007,4,2016
2016-02-09 01:00:00+00:00,16.12,18.67,20.51,87.66,2.14,TNP_0007,4,2016
2016-02-09 02:00:00+00:00,132.27,170.2,22.7,75.43,3.08,TNP_0007,4,2016
2016-02-09 03:00:00+00:00,334.23,387.83,25.48,61.83,3.3,TNP_0007,4,2016
2016-02-09 04:00:00+00:00,527.62,592.97,28.15,51.18,3.31,TNP_0007,4,2016
2016-02-09 05:00:00+00:00,688.35,740.0,30.27,43.98,3.28,TNP_0007,4,2016
2016-02-09 06:00:00+00:00,788.53,860.75,31.73,39.35,3.24,TNP_0007,4,2016
2016-02-09 07:00:00+00:00,793.28,868.2,32.82,36.13,3.12,TNP_0007,4,2016
2016-02-09 08:00:00+00:00,747.35,793.65,33.33,34.36,3.0,TNP_0007,4,2016
2016-02-09 09:00:00+00:00,600.92,650.55,33.3,33.6,2.81,TNP_0007,4,2016
2016-02-09 10:00:00+00:00,396.8,440.2,32.75,33.87,2.66,TNP_0007,4,2016
2016-02-09 11:00:00+00:00,211.88,223.95,31.49,35.97,2.51,TNP_0007,4,2016
2016-02-09 12:00:00+00:00,38.53,42.85,28.85,46.13,1.52,TNP_0007,4,2016
2016-02-09 13:00:00+00:00,0.0,0.0,27.04,52.92,1.65,TNP_0007,4,2016
2016-02-09 14:00:00+00:00,0.0,0.0,26.04,56.41,1.71,TNP_0007,4,2016
2016-02-09 15:00:00+00:00,0.0,0.0,24.86,60.73,1.73,TNP_0007,4,2016
2016-02-09 16:00:00+00:00,0.0,0.0,23.72,65.76,1.66,TNP_0007,4,2016
2016-02-09 17:00:00+00:00,0.0,0.0,22.9,70.42,1.48,TNP_0007,4,2016
2016-02-09 18:00:00+00:00,0.0,0.0,22.48,73.46,1.04,TNP_0007,4,2016
2016-02-09 19:00:00+00:00,0.0,0.0,22.34,74.65,0.49,TNP_0007,4,2016
2016-02-09 20:00:00+00:00,0.0,0.0,21.98,76.71,0.45,TNP_0007,4,2016
2016-02-09 21:00:00+00:00,0.0,0.0,21.17,80.76,0.99,TNP_0007,4,2016
2016-02-09 22:00:00+00:00,0.0,0.0,20.55,83.54,1.33,TNP_0007,4,2016
2016-02-09 23:00:00+00:00,0.0,0.0,20.14,85.1,1.47,TNP_0007,4,2016
2016-02-10 00:00:00+00:00,0.0,0.0,19.78,86.47,1.55,TNP_0007,4,2016
2016-02-10 01:00:00+00:00,15.02,16.42,20.42,83.14,2.04,TNP_0007,4,2016
2016-02-10 02:00:00+00:00,125.28,150.48,22.68,73.5,2.84,TNP_0007,4,2016
2016-02-10 03:00:00+00:00,311.08,362.4,25.76,58.9,2.88,TNP_0007,4,2016
2016-02-10 04:00:00+00:00,497.3,561.25,28.52,47.57,2.64,TNP_0007,4,2016
2016-02-10 05:00:00+00:00,697.75,713.58,30.79,40.1,2.29,TNP_0007,4,2016
2016-02-10 06:00:00+00:00,841.8,880.5,32.35,35.47,1.95,TNP_0007,4,2016
2016-02-10 07:00:00+00:00,861.25,891.65,33.48,32.51,1.63,TNP_0007,4,2016
2016-02-10 08:00:00+00:00,759.6,818.12,34.0,31.19,1.28,TNP_0007,4,2016
2016-02-10 09:00:00+00:00,624.35,670.9,34.03,30.94,1.02,TNP_0007,4,2016
2016-02-10 10:00:00+00:00,447.33,469.55,33.37,31.96,1.11,TNP_0007,4,2016
2016-02-10 11:00:00+00:00,230.62,246.18,32.02,34.87,1.56,TNP_0007,4,2016
2016-02-10 12:00:00+00:00,45.5,48.45,29.34,47.15,1.52,TNP_0007,4,2016
2016-02-10 13:00:00+00:00,0.0,0.0,27.43,54.63,1.81,TNP_0007,4,2016
2016-02-10 14:00:00+00:00,0.0,0.0,26.3,60.08,1.85,TNP_0007,4,2016
2016-02-10 15:00:00+00:00,0.0,0.0,25.24,66.41,1.76,TNP_0007,4,2016
2016-02-10 16:00:00+00:00,0.0,0.0,24.38,72.59,1.49,TNP_0007,4,2016
2016-02-10 17:00:00+00:00,0.0,0.0,23.76,77.07,1.1,TNP_0007,4,2016
2016-02-10 18:00:00+00:00,0.0,0.0,23.27,79.77,0.8,TNP_0007,4,2016
2016-02-10 19:00:00+00:00,0.0,0.0,22.66,83.05,0.87,TNP_0007,4,2016
2016-02-10 20:00:00+00:00,0.0,0.0,21.93,86.99,1.13,TNP_0007,4,2016
2016-02-10 21:00:00+00:00,0.0,0.0,21.31,89.55,1.45,TNP_0007,4,2016
2016-02-10 22:00:00+00:00,0.0,0.0,20.69,91.74,1.52,TNP_0007,4,2016
2016-02-10 23:00:00+00:00,0.0,0.0,20.15,93.29,1.46,TNP_0007,4,2016
2016-02-11 00:00:00+00:00,0.0,0.0,19.76,93.95,1.45,TNP_0007,4,2016
2016-02-11 01:00:00+00:00,13.98,17.33,20.08,91.61,1.74,TNP_0007,4,2016
2016-02-11 02:00:00+00:00,127.93,153.8,22.42,78.47,1.85,TNP_0007,4,2016
2016-02-11 03:00:00+00:00,317.02,367.67,25.67,59.38,1.95,TNP_0007,4,2016
2016-02-11 04:00:00+00:00,501.5,562.15,28.66,47.06,1.74,TNP_0007,4,2016
2016-02-11 05:00:00+00:00,676.25,725.55,30.91,40.13,1.49,TNP_0007,4,2016
2016-02-11 06:00:00+00:00,751.28,884.75,32.71,35.1,1.26,TNP_0007,4,2016
2016-02-11 07:00:00+00:00,815.15,882.8,33.9,31.77,1.04,TNP_0007,4,2016
2016-02-11 08:00:00+00:00,736.83,819.75,34.48,29.76,0.81,TNP_0007,4,2016
2016-02-11 09:00:00+00:00,594.6,675.88,34.37,29.2,0.53,TNP_0007,4,2016
2016-02-11 10:00:00+00:00,398.7,457.15,33.63,30.11,0.6,TNP_0007,4,2016
2016-02-11 11:00:00+00:00,218.35,238.57,32.19,33.18,1.13,TNP_0007,4,2016
2016-02-11 12:00:00+00:00,42.08,47.65,29.52,47.15,1.35,TNP_0007,4,2016
2016-02-11 13:00:00+00:00,0.0,0.0,27.67,53.83,1.75,TNP_0007,4,2016
2016-02-11 14:00:00+00:00,0.0,0.0,26.72,57.58,2.01,TNP_0007,4,2016
2016-02-11 15:00:00+00:00,0.0,0.0,25.75,63.21,2.18,TNP_0007,4,2016
2016-02-11 16:00:00+00:00,0.0,0.0,24.84,69.25,1.79,TNP_0007,4,2016
2016-02-11 17:00:00+00:00,0.0,0.0,24.13,74.01,1.29,TNP_0007,4,2016
2016-02-11 18:00:00+00:00,0.0,0.0,23.45,78.22,0.98,TNP_0007,4,2016
2016-02-11 19:00:00+00:00,0.0,0.0,23.03,80.82,0.69,TNP_0007,4,2016
2016-02-11 20:00:00+00:00,0.0,0.0,22.77,82.05,0.65,TNP_0007,4,2016
2016-02-11 21:00:00+00:00,0.0,0.0,22.34,83.08,1.02,TNP_0007,4,2016
2016-02-11 22:00:00+00:00,0.0,0.0,21.82,84.26,1.29,TNP_0007,4,2016
2016-02-11 23:00:00+00:00,0.0,0.0,21.38,85.12,1.44,TNP_0007,4,2016
2016-02-12 00:00:00+00:00,0.0,0.0,20.99,85.74,1.48,TNP_0007,4,2016
2016-02-12 01:00:00+00:00,17.02,18.23,21.24,83.32,1.8,TNP_0007,4,2016
2016-02-12 02:00:00+00:00,139.7,148.9,23.33,74.27,1.84,TNP_0007,4,2016
2016-02-12 03:00:00+00:00,365.62,372.75,26.25,62.06,1.96,TNP_0007,4,2016
2016-02-12 04:00:00+00:00,525.42,572.3,29.06,50.45,2.3,TNP_0007,4,2016
2016-02-12 05:00:00+00:00,689.55,739.88,31.15,42.28,2.61,TNP_0007,4,2016
2016-02-12 06:00:00+00:00,814.03,888.22,32.45,37.47,2.72,TNP_0007,4,2016
2016-02-12 07:00:00+00:00,894.53,919.67,33.37,34.25,2.59,TNP_0007,4,2016
2016-02-12 08:00:00+00:00,791.1,842.58,33.82,32.36,2.4,TNP_0007,4,2016
2016-02-12 09:00:00+00:00,671.6,683.15,33.82,31.36,2.33,TNP_0007,4,2016
2016-02-12 10:00:00+00:00,420.7,465.8,33.01,31.79,2.27,TNP_0007,4,2016
2016-02-12 11:00:00+00:00,222.68,235.5,31.75,33.47,2.09,TNP_0007,4,2016
2016-02-12 12:00:00+00:00,40.85,43.92,29.11,43.84,1.23,TNP_0007,4,2016
2016-02-12 13:00:00+00:00,0.0,0.0,27.31,50.43,1.29,TNP_0007,4,2016
2016-02-12 14:00:00+00:00,0.0,0.0,26.11,54.21,1.41,TNP_0007,4,2016
2016-02-12 15:00:00+00:00,0.0,0.0,24.82,58.3,1.55,TNP_0007,4,2016
2016-02-12 16:00:00+00:00,0.0,0.0,23.63,62.59,1.66,TNP_0007,4,2016
2016-02-12 17:00:00+00:00,0.0,0.0,22.74,66.61,1.66,TNP_0007,4,2016
2016-02-12 18:00:00+00:00,0.0,0.0,21.99,70.5,1.55,TNP_0007,4,2016
2016-02-12 19:00:00+00:00,0.0,0.0,21.38,73.73,1.39,TNP_0007,4,2016
2016-02-12 20:00:00+00:00,0.0,0.0,20.85,76.37,1.3,TNP_0007,4,2016
2016-02-12 21:00:00+00:00,0.0,0.0,20.41,78.26,1.24,TNP_0007,4,2016
2016-02-12 22:00:00+00:00,0.0,0.0,20.07,79.42,1.15,TNP_0007,4,2016
2016-02-12 23:00:00+00:00,0.0,0.0,19.78,80.24,1.12,TNP_0007,4,2016
2016-02-13 00:00:00+00:00,0.0,0.0,19.46,81.11,1.2,TNP_0007,4,2016
2016-02-13 01:00:00+00:00,20.17,20.88,20.2,76.84,1.39,TNP_0007,4,2016
2016-02-13 02:00:00+00:00,169.8,178.62,23.43,59.82,1.81,TNP_0007,4,2016
2016-02-13 03:00:00+00:00,388.7,394.73,27.17,42.62,2.55,TNP_0007,4,2016
2016-02-13 04:00:00+00:00,534.78,568.88,29.57,36.12,2.83,TNP_0007,4,2016
2016-02-13 05:00:00+00:00,670.58,672.4,31.5,31.7,2.93,TNP_0007,4,2016
2016-02-13 06:00:00+00:00,879.85,913.8,33.0,28.37,2.94,TNP_0007,4,2016
2016-02-13 07:00:00+00:00,872.78,907.25,34.0,25.96,2.87,TNP_0007,4,2016
2016-02-13 08:00:00+00:00,803.42,829.15,34.44,24.5,2.74,TNP_0007,4,2016
2016-02-13 09:00:00+00:00,637.8,674.78,34.32,23.84,2.57,TNP_0007,4,2016
2016-02-13 10:00:00+00:00,436.9,464.67,33.62,24.2,2.51,TNP_0007,4,2016
2016-02-13 11:00:00+00:00,233.62,241.45,32.25,26.08,2.4,TNP_0007,4,2016
2016-02-13 12:00:00+00:00,45.8,47.95,28.85,37.25,1.51,TNP_0007,4,2016
2016-02-13 13:00:00+00:00,0.0,0.0,26.76,44.18,1.43,TNP_0007,4,2016
2016-02-13 14:00:00+00:00,0.0,0.0,25.67,48.49,1.4,TNP_0007,4,2016
2016-02-13 15:00:00+00:00,0.0,0.0,24.6,53.38,1.38,TNP_0007,4,2016
2016-02-13 16:00:00+00:00,0.0,0.0,23.61,58.42,1.33,TNP_0007,4,2016
2016-02-13 17:00:00+00:00,0.0,0.0,22.65,63.39,1.5,TNP_0007,4,2016
2016-02-13 18:00:00+00:00,0.0,0.0,21.93,67.59,1.62,TNP_0007,4,2016
2016-02-13 19:00:00+00:00,0.0,0.0,21.36,71.02,1.63,TNP_0007,4,2016
2016-02-13 20:00:00+00:00,0.0,0.0,20.8,74.51,1.76,TNP_0007,4,2016
2016-02-13 21:00:00+00:00,0.0,0.0,20.24,79.76,1.9,TNP_0007,4,2016
2016-02-13 22:00:00+00:00,0.0,0.0,19.94,82.74,1.87,TNP_0007,4,2016
2016-02-13 23:00:00+00:00,0.0,0.0,19.68,85.04,1.88,TNP_0007,4,2016
2016-02-14 00:00:00+00:00,0.0,0.0,19.39,87.12,1.79,TNP_0007,4,2016
2016-02-14 01:00:00+00:00,22.23,22.98,20.11,83.78,2.37,TNP_0007,4,2016
2016-02-14 02:00:00+00:00,193.23,202.62,22.71,69.6,3.21,TNP_0007,4,2016
2016-02-14 03:00:00+00:00,403.3,439.0,25.61,54.3,3.88,TNP_0007,4,2016
2016-02-14 04:00:00+00:00,616.0,655.42,28.05,44.74,4.4,TNP_0007,4,2016
2016-02-14 05:00:00+00:00,817.1,818.47,30.03,38.66,4.75,TNP_0007,4,2016
2016-02-14 06:00:00+00:00,902.83,907.95,31.58,34.2,4.96,TNP_0007,4,2016
2016-02-14 07:00:00+00:00,909.25,920.88,32.79,30.16,4.95,TNP_0007,4,2016
2016-02-14 08:00:00+00:00,849.78,852.35,33.47,27.3,4.84,TNP_0007,4,2016
2016-02-14 09:00:00+00:00,679.58,710.5,33.58,25.13,4.6,TNP_0007,4,2016
2016-02-14 10:00:00+00:00,448.45,508.33,33.04,24.29,4.25,TNP_0007,4,2016
2016-02-14 11:00:00+00:00,240.05,271.85,31.72,25.27,3.87,TNP_0007,4,2016
2016-02-14 12:00:00+00:00,52.47,57.35,28.09,34.38,2.32,TNP_0007,4,2016
2016-02-14 13:00:00+00:00,0.0,0.0,25.31,42.51,2.26,TNP_0007,4,2016
2016-02-14 14:00:00+00:00,0.0,0.0,24.21,46.59,2.2,TNP_0007,4,2016
2016-02-14 15:00:00+00:00,0.0,0.0,23.22,50.88,2.16,TNP_0007,4,2016
2016-02-14 16:00:00+00:00,0.0,0.0,22.29,55.43,2.1,TNP_0007,4,2016
2016-02-14 17:00:00+00:00,0.0,0.0,21.46,59.85,2.06,TNP_0007,4,2016
2016-02-14 18:00:00+00:00,0.0,0.0,20.72,64.91,2.0,TNP_0007,4,2016
2016-02-14 19:00:00+00:00,0.0,0.0,19.99,70.44,1.85,TNP_0007,4,2016
2016-02-14 20:00:00+00:00,0.0,0.0,19.36,75.36,1.75,TNP_0007,4,2016
2016-02-14 21:00:00+00:00,0.0,0.0,19.06,78.54,1.6,TNP_0007,4,2016
2016-02-14 22:00:00+00:00,0.0,0.0,18.77,81.86,1.49,TNP_0007,4,2016
2016-02-14 23:00:00+00:00,0.0,0.0,18.46,85.55,1.52,TNP_0007,4,2016
2016-02-15 00:00:00+00:00,0.0,0.0,18.16,89.21,1.61,TNP_0007,4,2016
2016-02-15 01:00:00+00:00,22.85,23.83,19.01,86.3,2.21,TNP_0007,4,2016
2016-02-15 02:00:00+00:00,194.6,207.62,21.9,72.5,3.42,TNP_0007,4,2016
2016-02-15 03:00:00+00:00,422.73,443.85,25.05,56.56,3.77,TNP_0007,4,2016
2016-02-15 04:00:00+00:00,657.0,657.35,27.84,43.89,3.84,TNP_0007,4,2016
2016-02-15 05:00:00+00:00,815.3,819.53,30.1,35.48,3.84,TNP_0007,4,2016
2016-02-15 06:00:00+00:00,921.45,925.33,31.86,29.87,3.74,TNP_0007,4,2016
2016-02-15 07:00:00+00:00,926.33,937.53,33.1,26.17,3.71,TNP_0007,4,2016
2016-02-15 08:00:00+00:00,839.15,869.1,33.69,24.2,3.87,TNP_0007,4,2016
2016-02-15 09:00:00+00:00,700.85,726.88,33.58,23.66,3.93,TNP_0007,4,2016
2016-02-15 10:00:00+00:00,499.25,524.78,32.94,23.98,3.85,TNP_0007,4,2016
2016-02-15 11:00:00+00:00,257.5,286.58,31.65,25.76,3.71,TNP_0007,4,2016
2016-02-15 12:00:00+00:00,58.62,62.25,28.35,34.14,2.32,TNP_0007,4,2016
2016-02-15 13:00:00+00:00,0.0,0.0,25.58,43.26,2.1,TNP_0007,4,2016
2016-02-15 14:00:00+00:00,0.0,0.0,24.57,48.19,2.07,TNP_0007,4,2016
2016-02-15 15:00:00+00:00,0.0,0.0,23.76,53.16,2.04,TNP_0007,4,2016
2016-02-15 16:00:00+00:00,0.0,0.0,23.13,58.82,2.06,TNP_0007,4,2016
2016-02-15 17:00:00+00:00,0.0,0.0,22.53,65.6,2.17,TNP_0007,4,2016
2016-02-15 18:00:00+00:00,0.0,0.0,21.87,73.61,2.48,TNP_0007,4,2016
2016-02-15 19:00:00+00:00,0.0,0.0,21.36,79.02,2.52,TNP_0007,4,2016
2016-02-15 20:00:00+00:00,0.0,0.0,20.77,83.84,2.07,TNP_0007,4,2016
2016-02-15 21:00:00+00:00,0.0,0.0,20.35,87.33,1.72,TNP_0007,4,2016
2016-02-15 22:00:00+00:00,0.0,0.0,20.01,90.35,1.53,TNP_0007,4,2016
2016-02-15 23:00:00+00:00,0.0,0.0,19.89,92.17,1.72,TNP_0007,4,2016
2016-02-16 00:00:00+00:00,0.0,0.0,19.77,93.65,1.83,TNP_0007,4,2016
2016-02-16 01:00:00+00:00,22.8,25.17,20.45,89.88,2.67,TNP_0007,4,2016
2016-02-16 02:00:00+00:00,185.62,212.82,22.77,75.17,3.67,TNP_0007,4,2016
2016-02-16 03:00:00+00:00,407.48,448.25,25.66,59.98,3.93,TNP_0007,4,2016
2016-02-16 04:00:00+00:00,615.6,657.0,28.45,48.03,4.26,TNP_0007,4,2016
2016-02-16 05:00:00+00:00,792.05,806.9,30.74,39.95,4.54,TNP_0007,4,2016
2016-02-16 06:00:00+00:00,929.25,943.72,32.47,34.91,4.71,TNP_0007,4,2016
2016-02-16 07:00:00+00:00,938.5,957.05,33.64,31.92,4.84,TNP_0007,4,2016
2016-02-16 08:00:00+00:00,881.78,893.58,34.13,30.59,4.95,TNP_0007,4,2016
2016-02-16 09:00:00+00:00,690.12,742.53,34.07,30.13,4.93,TNP_0007,4,2016
2016-02-16 10:00:00+00:00,492.02,529.08,33.27,31.03,4.93,TNP_0007,4,2016
2016-02-16 11:00:00+00:00,258.17,268.33,31.91,33.25,4.9,TNP_0007,4,2016
2016-02-16 12:00:00+00:00,52.47,56.4,29.55,38.99,3.71,TNP_0007,4,2016
2016-02-16 13:00:00+00:00,0.0,0.0,27.85,44.33,3.22,TNP_0007,4,2016
2016-02-16 14:00:00+00:00,0.0,0.0,27.24,47.05,3.79,TNP_0007,4,2016
2016-02-16 15:00:00+00:00,0.0,0.0,26.1,51.74,3.65,TNP_0007,4,2016
2016-02-16 16:00:00+00:00,0.0,0.0,24.91,57.43,3.84,TNP_0007,4,2016
2016-02-16 17:00:00+00:00,0.0,0.0,23.64,63.36,3.77,TNP_0007,4,2016
2016-02-16 18:00:00+00:00,0.0,0.0,22.44,69.89,3.14,TNP_0007,4,2016
2016-02-16 19:00:00+00:00,0.0,0.0,21.41,75.85,2.3,TNP_0007,4,2016
2016-02-16 20:00:00+00:00,0.0,0.0,20.7,80.47,1.88,TNP_0007,4,2016
2016-02-16 21:00:00+00:00,0.0,0.0,20.43,83.48,1.94,TNP_0007,4,2016
2016-02-16 22:00:00+00:00,0.0,0.0,20.14,86.34,1.94,TNP_0007,4,2016
2016-02-16 23:00:00+00:00,0.0,0.0,19.78,89.35,1.78,TNP_0007,4,2016
2016-02-17 00:00:00+00:00,0.0,0.0,19.48,91.96,1.81,TNP_0007,4,2016
2016-02-17 01:00:00+00:00,21.08,24.5,20.19,88.52,2.93,TNP_0007,4,2016
2016-02-17 02:00:00+00:00,191.25,206.95,22.72,72.6,4.37,TNP_0007,4,2016
2016-02-17 03:00:00+00:00,424.85,442.12,25.72,52.58,5.04,TNP_0007,4,2016
2016-02-17 04:00:00+00:00,615.05,653.75,28.45,38.56,5.32,TNP_0007,4,2016
2016-02-17 05:00:00+00:00,765.8,797.47,30.6,30.93,5.45,TNP_0007,4,2016
2016-02-17 06:00:00+00:00,764.08,772.1,32.12,27.23,5.48,TNP_0007,4,2016
2016-02-17 07:00:00+00:00,732.25,777.47,33.08,25.76,5.48,TNP_0007,4,2016
2016-02-17 08:00:00+00:00,645.75,709.38,33.45,25.78,5.48,TNP_0007,4,2016
2016-02-17 09:00:00+00:00,581.65,607.75,33.23,27.02,5.54,TNP_0007,4,2016
2016-02-17 10:00:00+00:00,403.4,407.8,32.41,29.53,5.71,TNP_0007,4,2016
2016-02-17 11:00:00+00:00,202.02,206.9,31.02,33.64,5.75,TNP_0007,4,2016
2016-02-17 12:00:00+00:00,39.62,41.2,29.1,40.13,4.86,TNP_0007,4,2016
2016-02-17 13:00:00+00:00,0.0,0.0,27.57,47.1,4.16,TNP_0007,4,2016
2016-02-17 14:00:00+00:00,0.0,0.0,26.97,51.77,4.63,TNP_0007,4,2016
2016-02-17 15:00:00+00:00,0.0,0.0,26.2,57.28,5.16,TNP_0007,4,2016
2016-02-17 16:00:00+00:00,0.0,0.0,25.19,63.0,5.77,TNP_0007,4,2016
2016-02-17 17:00:00+00:00,0.0,0.0,24.12,68.9,5.49,TNP_0007,4,2016
2016-02-17 18:00:00+00:00,0.0,0.0,23.25,74.1,4.67,TNP_0007,4,2016
2016-02-17 19:00:00+00:00,0.0,0.0,22.59,78.16,3.94,TNP_0007,4,2016
2016-02-17 20:00:00+00:00,0.0,0.0,22.11,80.41,3.37,TNP_0007,4,2016
2016-02-17 21:00:00+00:00,0.0,0.0,21.76,81.89,3.14,TNP_0007,4,2016
2016-02-17 22:00:00+00:00,0.0,0.0,21.53,82.59,3.16,TNP_0007,4,2016
2016-02-17 23:00:00+00:00,0.0,0.0,21.38,83.16,3.26,TNP_0007,4,2016
2016-02-18 00:00:00+00:00,0.0,0.0,21.17,84.7,3.35,TNP_0007,4,2016
2016-02-18 01:00:00+00:00,20.95,22.8,21.47,84.52,4.2,TNP_0007,4,2016
2016-02-18 02:00:00+00:00,168.27,188.98,23.5,74.55,6.07,TNP_0007,4,2016
2016-02-18 03:00:00+00:00,350.27,411.33,25.97,61.71,6.88,TNP_0007,4,2016
2016-02-18 04:00:00+00:00,505.23,623.17,28.23,51.92,7.08,TNP_0007,4,2016
2016-02-18 05:00:00+00:00,690.83,800.03,30.3,44.26,7.05,TNP_0007,4,2016
2016-02-18 06:00:00+00:00,750.42,911.62,32.06,38.74,6.89,TNP_0007,4,2016
2016-02-18 07:00:00+00:00,818.78,919.7,33.25,35.65,6.66,TNP_0007,4,2016
2016-02-18 08:00:00+00:00,744.85,847.33,33.77,34.07,6.41,TNP_0007,4,2016
2016-02-18 09:00:00+00:00,608.15,699.62,33.65,33.67,6.48,TNP_0007,4,2016
2016-02-18 10:00:00+00:00,455.38,511.95,32.82,34.58,6.66,TNP_0007,4,2016
2016-02-18 11:00:00+00:00,235.95,279.62,31.32,37.07,6.56,TNP_0007,4,2016
2016-02-18 12:00:00+00:00,52.8,64.72,29.31,41.4,5.64,TNP_0007,4,2016
2016-02-18 13:00:00+00:00,0.0,0.0,27.66,46.06,4.64,TNP_0007,4,2016
2016-02-18 14:00:00+00:00,0.0,0.0,26.54,49.98,4.28,TNP_0007,4,2016
2016-02-18 15:00:00+00:00,0.0,0.0,25.42,54.71,3.57,TNP_0007,4,2016
2016-02-18 16:00:00+00:00,0.0,0.0,24.41,59.67,3.06,TNP_0007,4,2016
2016-02-18 17:00:00+00:00,0.0,0.0,23.47,64.92,2.72,TNP_0007,4,2016
2016-02-18 18:00:00+00:00,0.0,0.0,22.53,70.64,2.39,TNP_0007,4,2016
2016-02-18 19:00:00+00:00,0.0,0.0,21.69,76.1,2.19,TNP_0007,4,2016
2016-02-18 20:00:00+00:00,0.0,0.0,20.99,80.73,2.08,TNP_0007,4,2016
2016-02-18 21:00:00+00:00,0.0,0.0,20.43,84.66,2.03,TNP_0007,4,2016
2016-02-18 22:00:00+00:00,0.0,0.0,20.08,87.27,2.1,TNP_0007,4,2016
2016-02-18 23:00:00+00:00,0.0,0.0,19.72,89.26,2.25,TNP_0007,4,2016
2016-02-19 00:00:00+00:00,0.0,0.0,19.28,91.54,2.29,TNP_0007,4,2016
2016-02-19 01:00:00+00:00,21.35,25.85,20.04,87.01,3.03,TNP_0007,4,2016
2016-02-19 02:00:00+00:00,184.7,205.43,22.38,70.67,4.59,TNP_0007,4,2016
2016-02-19 03:00:00+00:00,419.15,432.85,24.97,54.38,5.28,TNP_0007,4,2016
2016-02-19 04:00:00+00:00,624.62,635.2,27.48,44.66,5.56,TNP_0007,4,2016
2016-02-19 05:00:00+00:00,779.38,782.58,29.76,38.24,5.56,TNP_0007,4,2016
2016-02-19 06:00:00+00:00,866.0,871.95,31.7,33.64,5.39,TNP_0007,4,2016
2016-02-19 07:00:00+00:00,866.45,889.83,33.2,30.69,5.21,TNP_0007,4,2016
2016-02-19 08:00:00+00:00,732.78,816.4,34.11,29.39,5.09,TNP_0007,4,2016
2016-02-19 09:00:00+00:00,676.03,676.5,34.19,29.74,5.2,TNP_0007,4,2016
2016-02-19 10:00:00+00:00,330.7,475.92,33.45,31.72,5.45,TNP_0007,4,2016
2016-02-19 11:00:00+00:00,185.65,257.6,31.94,35.57,5.55,TNP_0007,4,2016
2016-02-19 12:00:00+00:00,39.85,53.0,29.73,41.93,4.55,TNP_0007,4,2016
2016-02-19 13:00:00+00:00,0.0,0.0,27.81,48.77,3.38,TNP_0007,4,2016
2016-02-19 14:00:00+00:00,0.0,0.0,26.91,53.14,3.07,TNP_0007,4,2016
2016-02-19 15:00:00+00:00,0.0,0.0,26.2,57.11,2.91,TNP_0007,4,2016
2016-02-19 16:00:00+00:00,0.0,0.0,25.49,61.26,2.9,TNP_0007,4,2016
2016-02-19 17:00:00+00:00,0.0,0.0,24.8,65.57,3.3,TNP_0007,4,2016
2016-02-19 18:00:00+00:00,0.0,0.0,23.76,71.15,2.59,TNP_0007,4,2016
2016-02-19 19:00:00+00:00,0.0,0.0,22.85,76.21,1.92,TNP_0007,4,2016
2016-02-19 20:00:00+00:00,0.0,0.0,22.17,80.21,1.51,TNP_0007,4,2016
2016-02-19 21:00:00+00:00,0.0,0.0,21.72,83.34,1.54,TNP_0007,4,2016
2016-02-19 22:00:00+00:00,0.0,0.0,21.22,86.75,1.49,TNP_0007,4,2016
2016-02-19 23:00:00+00:00,0.0,0.0,20.79,89.59,1.44,TNP_0007,4,2016
2016-02-20 00:00:00+00:00,0.0,0.0,20.4,92.01,1.47,TNP_0007,4,2016
2016-02-20 01:00:00+00:00,26.45,27.4,21.12,88.08,2.29,TNP_0007,4,2016
2016-02-20 02:00:00+00:00,208.48,219.32,23.9,72.1,3.28,TNP_0007,4,2016
2016-02-20 03:00:00+00:00,441.95,460.1,27.13,56.97,3.49,TNP_0007,4,2016
2016-02-20 04:00:00+00:00,658.72,674.25,30.15,45.45,3.53,TNP_0007,4,2016
2016-02-20 05:00:00+00:00,823.53,829.55,32.81,35.74,3.6,TNP_0007,4,2016
2016-02-20 06:00:00+00:00,929.38,938.67,34.8,29.09,3.68,TNP_0007,4,2016
2016-02-20 07:00:00+00:00,918.22,943.88,36.05,25.34,3.74,TNP_0007,4,2016
2016-02-20 08:00:00+00:00,865.12,871.05,36.61,23.78,3.78,TNP_0007,4,2016
2016-02-20 09:00:00+00:00,656.8,722.3,36.44,23.68,3.86,TNP_0007,4,2016
2016-02-20 10:00:00+00:00,465.75,513.85,35.61,24.59,3.87,TNP_0007,4,2016
2016-02-20 11:00:00+00:00,215.7,267.33,34.18,26.73,3.64,TNP_0007,4,2016
2016-02-20 12:00:00+00:00,49.1,57.83,31.06,33.69,2.1,TNP_0007,4,2016
2016-02-20 13:00:00+00:00,0.0,0.0,28.59,41.47,1.72,TNP_0007,4,2016
2016-02-20 14:00:00+00:00,0.0,0.0,27.66,45.74,1.67,TNP_0007,4,2016
2016-02-20 15:00:00+00:00,0.0,0.0,26.45,51.25,1.68,TNP_0007,4,2016
2016-02-20 16:00:00+00:00,0.0,0.0,25.43,57.39,1.6,TNP_0007,4,2016
2016-02-20 17:00:00+00:00,0.0,0.0,24.58,63.74,1.45,TNP_0007,4,2016
2016-02-20 18:00:00+00:00,0.0,0.0,23.93,69.5,1.2,TNP_0007,4,2016
2016-02-20 19:00:00+00:00,0.0,0.0,23.38,73.72,0.98,TNP_0007,4,2016
2016-02-20 20:00:00+00:00,0.0,0.0,23.08,76.45,0.81,TNP_0007,4,2016
2016-02-20 21:00:00+00:00,0.0,0.0,22.79,79.3,0.73,TNP_0007,4,2016
2016-02-20 22:00:00+00:00,0.0,0.0,22.19,83.82,0.88,TNP_0007,4,2016
2016-02-20 23:00:00+00:00,0.0,0.0,21.62,88.16,1.13,TNP_0007,4,2016
2016-02-21 00:00:00+00:00,0.0,0.0,21.11,92.22,1.28,TNP_0007,4,2016
2016-02-21 01:00:00+00:00,21.67,27.77,21.8,90.51,1.61,TNP_0007,4,2016
2016-02-21 02:00:00+00:00,180.27,222.52,24.4,78.15,1.71,TNP_0007,4,2016
2016-02-21 03:00:00+00:00,416.83,467.27,27.61,61.03,1.71,TNP_0007,4,2016
2016-02-21 04:00:00+00:00,614.83,685.35,30.85,46.86,2.13,TNP_0007,4,2016
2016-02-21 05:00:00+00:00,746.92,846.03,33.36,37.9,2.49,TNP_0007,4,2016
2016-02-21 06:00:00+00:00,878.88,936.2,35.23,32.04,2.68,TNP_0007,4,2016
2016-02-21 07:00:00+00:00,889.78,943.75,36.46,28.19,2.7,TNP_0007,4,2016
2016-02-21 08:00:00+00:00,850.25,870.92,37.03,26.02,2.63,TNP_0007,4,2016
2016-02-21 09:00:00+00:00,668.6,724.25,36.97,25.02,2.51,TNP_0007,4,2016
2016-02-21 10:00:00+00:00,470.45,515.5,36.22,25.25,2.35,TNP_0007,4,2016
2016-02-21 11:00:00+00:00,216.9,267.15,34.78,27.13,2.05,TNP_0007,4,2016
2016-02-21 12:00:00+00:00,50.42,55.78,31.97,35.01,1.25,TNP_0007,4,2016
2016-02-21 13:00:00+00:00,0.0,0.0,29.3,42.34,1.81,TNP_0007,4,2016
2016-02-21 14:00:00+00:00,0.0,0.0,28.07,47.51,2.15,TNP_0007,4,2016
2016-02-21 15:00:00+00:00,0.0,0.0,27.03,53.98,2.2,TNP_0007,4,2016
2016-02-21 16:00:00+00:00,0.0,0.0,25.84,61.66,2.14,TNP_0007,4,2016
2016-02-21 17:00:00+00:00,0.0,0.0,24.93,68.4,1.72,TNP_0007,4,2016
2016-02-21 18:00:00+00:00,0.0,0.0,24.19,74.53,1.25,TNP_0007,4,2016
2016-02-21 19:00:00+00:00,0.0,0.0,23.69,79.02,0.83,TNP_0007,4,2016
2016-02-21 20:00:00+00:00,0.0,0.0,23.29,82.04,0.33,TNP_0007,4,2016
2016-02-21 21:00:00+00:00,0.0,0.0,22.86,84.38,0.3,TNP_0007,4,2016
2016-02-21 22:00:00+00:00,0.0,0.0,22.29,86.85,0.84,TNP_0007,4,2016
2016-02-21 23:00:00+00:00,0.0,0.0,21.75,88.76,1.18,TNP_0007,4,2016
2016-02-22 00:00:00+00:00,0.0,0.0,21.22,90.74,1.39,TNP_0007,4,2016
2016-02-22 01:00:00+00:00,26.92,28.73,21.99,87.11,1.61,TNP_0007,4,2016
2016-02-22 02:00:00+00:00,208.8,223.62,25.0,73.2,1.77,TNP_0007,4,2016
2016-02-22 03:00:00+00:00,436.62,467.2,28.75,53.79,1.91,TNP_0007,4,2016
2016-02-22 04:00:00+00:00,661.9,685.88,31.72,41.24,2.61,TNP_0007,4,2016
2016-02-22 05:00:00+00:00,849.22,853.15,33.96,33.68,3.28,TNP_0007,4,2016
2016-02-22 06:00:00+00:00,958.85,966.05,35.64,28.39,3.84,TNP_0007,4,2016
2016-02-22 07:00:00+00:00,964.62,974.47,36.71,24.82,4.27,TNP_0007,4,2016
2016-02-22 08:00:00+00:00,897.67,901.6,37.22,22.4,4.57,TNP_0007,4,2016
2016-02-22 09:00:00+00:00,728.03,757.58,37.08,21.09,4.63,TNP_0007,4,2016
2016-02-22 10:00:00+00:00,536.25,552.47,36.35,20.85,4.68,TNP_0007,4,2016
2016-02-22 11:00:00+00:00,279.08,308.45,34.95,21.74,4.61,TNP_0007,4,2016
2016-02-22 12:00:00+00:00,66.25,72.18,31.57,27.14,2.88,TNP_0007,4,2016
2016-02-22 13:00:00+00:00,0.0,0.0,28.29,34.18,2.43,TNP_0007,4,2016
2016-02-22 14:00:00+00:00,0.0,0.0,27.05,37.88,2.41,TNP_0007,4,2016
2016-02-22 15:00:00+00:00,0.0,0.0,25.91,41.96,2.32,TNP_0007,4,2016
2016-02-22 16:00:00+00:00,0.0,0.0,24.85,46.35,2.19,TNP_0007,4,2016
2016-02-22 17:00:00+00:00,0.0,0.0,23.83,51.27,2.0,TNP_0007,4,2016
2016-02-22 18:00:00+00:00,0.0,0.0,23.0,55.77,1.68,TNP_0007,4,2016
2016-02-22 19:00:00+00:00,0.0,0.0,22.36,59.51,1.45,TNP_0007,4,2016
2016-02-22 20:00:00+00:00,0.0,0.0,21.8,62.92,1.37,TNP_0007,4,2016
2016-02-22 21:00:00+00:00,0.0,0.0,21.22,66.18,1.4,TNP_0007,4,2016
2016-02-22 22:00:00+00:00,0.0,0.0,20.66,69.55,1.42,TNP_0007,4,2016
2016-02-22 23:00:00+00:00,0.0,0.0,20.1,73.23,1.44,TNP_0007,4,2016
2016-02-23 00:00:00+00:00,0.0,0.0,19.57,77.25,1.48,TNP_0007,4,2016
2016-02-23 01:00:00+00:00,31.9,35.55,20.63,74.34,1.65,TNP_0007,4,2016
2016-02-23 02:00:00+00:00,227.82,256.98,24.22,63.41,1.61,TNP_0007,4,2016
2016-02-23 03:00:00+00:00,465.52,507.3,27.82,49.5,1.61,TNP_0007,4,2016
2016-02-23 04:00:00+00:00,690.42,725.28,30.78,37.33,1.96,TNP_0007,4,2016
2016-02-23 05:00:00+00:00,822.78,886.35,33.28,28.54,2.26,TNP_0007,4,2016
2016-02-23 06:00:00+00:00,958.0,982.7,35.26,22.66,2.5,TNP_0007,4,2016
2016-02-23 07:00:00+00:00,945.35,987.97,36.61,19.04,2.6,TNP_0007,4,2016
2016-02-23 08:00:00+00:00,879.85,915.67,37.31,16.95,2.63,TNP_0007,4,2016
2016-02-23 09:00:00+00:00,722.8,769.1,37.32,16.05,2.62,TNP_0007,4,2016
2016-02-23 10:00:00+00:00,532.95,561.12,36.6,16.31,2.67,TNP_0007,4,2016
2016-02-23 11:00:00+00:00,287.23,314.17,35.08,17.96,2.64,TNP_0007,4,2016
2016-02-23 12:00:00+00:00,69.03,73.93,31.32,25.72,1.69,TNP_0007,4,2016
2016-02-23 13:00:00+00:00,0.0,0.0,28.38,33.27,1.72,TNP_0007,4,2016
2016-02-23 14:00:00+00:00,0.0,0.0,26.64,40.37,1.81,TNP_0007,4,2016
2016-02-23 15:00:00+00:00,0.0,0.0,25.25,48.29,1.88,TNP_0007,4,2016
2016-02-23 16:00:00+00:00,0.0,0.0,24.31,56.22,1.81,TNP_0007,4,2016
2016-02-23 17:00:00+00:00,0.0,0.0,23.55,64.15,1.69,TNP_0007,4,2016
2016-02-23 18:00:00+00:00,0.0,0.0,22.92,71.25,1.5,TNP_0007,4,2016
2016-02-23 19:00:00+00:00,0.0,0.0,22.5,76.57,1.16,TNP_0007,4,2016
2016-02-23 20:00:00+00:00,0.0,0.0,22.17,80.22,0.79,TNP_0007,4,2016
2016-02-23 21:00:00+00:00,0.0,0.0,21.83,82.62,0.48,TNP_0007,4,2016
2016-02-23 22:00:00+00:00,0.0,0.0,21.61,83.27,0.51,TNP_0007,4,2016
2016-02-23 23:00:00+00:00,0.0,0.0,21.31,83.36,0.71,TNP_0007,4,2016
2016-02-24 00:00:00+00:00,0.0,0.0,20.99,83.27,0.83,TNP_0007,4,2016
2016-02-24 01:00:00+00:00,29.8,34.2,21.49,79.76,1.32,TNP_0007,4,2016
2016-02-24 02:00:00+00:00,193.6,247.55,24.28,71.48,1.04,TNP_0007,4,2016
2016-02-24 03:00:00+00:00,430.75,495.38,27.65,57.52,0.71,TNP_0007,4,2016
2016-02-24 04:00:00+00:00,623.42,712.45,30.69,44.03,0.62,TNP_0007,4,2016
2016-02-24 05:00:00+00:00,786.58,873.42,33.6,31.63,0.85,TNP_0007,4,2016
2016-02-24 06:00:00+00:00,884.6,974.3,35.65,24.51,1.07,TNP_0007,4,2016
2016-02-24 07:00:00+00:00,922.47,982.22,36.92,20.63,1.25,TNP_0007,4,2016
2016-02-24 08:00:00+00:00,812.22,910.75,37.48,18.72,1.39,TNP_0007,4,2016
2016-02-24 09:00:00+00:00,687.25,765.5,37.38,18.24,1.49,TNP_0007,4,2016
2016-02-24 10:00:00+00:00,507.05,559.5,36.53,19.27,1.68,TNP_0007,4,2016
2016-02-24 11:00:00+00:00,249.4,314.17,34.85,22.31,2.08,TNP_0007,4,2016
2016-02-24 12:00:00+00:00,62.8,74.82,31.24,31.18,2.04,TNP_0007,4,2016
2016-02-24 13:00:00+00:00,0.0,0.0,28.25,42.25,2.44,TNP_0007,4,2016
2016-02-24 14:00:00+00:00,0.0,0.0,27.01,50.72,2.81,TNP_0007,4,2016
2016-02-24 15:00:00+00:00,0.0,0.0,25.91,59.98,2.81,TNP_0007,4,2016
2016-02-24 16:00:00+00:00,0.0,0.0,25.05,69.54,2.79,TNP_0007,4,2016
2016-02-24 17:00:00+00:00,0.0,0.0,24.46,76.45,2.44,TNP_0007,4,2016
2016-02-24 18:00:00+00:00,0.0,0.0,23.99,81.52,1.96,TNP_0007,4,2016
2016-02-24 19:00:00+00:00,0.0,0.0,23.63,84.9,1.4,TNP_0007,4,2016
2016-02-24 20:00:00+00:00,0.0,0.0,23.36,87.03,0.83,TNP_0007,4,2016
2016-02-24 21:00:00+00:00,0.0,0.0,23.1,88.22,0.3,TNP_0007,4,2016
2016-02-24 22:00:00+00:00,0.0,0.0,22.77,89.37,0.17,TNP_0007,4,2016
2016-02-24 23:00:00+00:00,0.0,0.0,22.4,90.28,0.42,TNP_0007,4,2016
2016-02-25 00:00:00+00:00,0.0,0.0,22.05,90.55,0.69,TNP_0007,4,2016
2016-02-25 01:00:00+00:00,30.1,33.8,22.67,85.65,1.08,TNP_0007,4,2016
2016-02-25 02:00:00+00:00,213.05,246.18,25.64,72.18,1.0,TNP_0007,4,2016
2016-02-25 03:00:00+00:00,414.42,488.02,29.0,53.36,0.61,TNP_0007,4,2016
2016-02-25 04:00:00+00:00,600.33,703.03,32.19,39.13,0.91,TNP_0007,4,2016
2016-02-25 05:00:00+00:00,751.6,862.15,34.53,31.21,1.4,TNP_0007,4,2016
2016-02-25 06:00:00+00:00,817.58,961.45,36.3,26.29,1.86,TNP_0007,4,2016
2016-02-25 07:00:00+00:00,821.7,967.47,37.44,23.41,2.36,TNP_0007,4,2016
2016-02-25 08:00:00+00:00,755.67,894.35,37.9,21.91,2.78,TNP_0007,4,2016
2016-02-25 09:00:00+00:00,628.72,744.58,37.71,21.47,3.13,TNP_0007,4,2016
2016-02-25 10:00:00+00:00,470.15,534.55,36.83,22.19,3.33,TNP_0007,4,2016
2016-02-25 11:00:00+00:00,273.27,297.0,35.28,24.25,3.24,TNP_0007,4,2016
2016-02-25 12:00:00+00:00,59.2,65.75,32.56,30.27,2.0,TNP_0007,4,2016
2016-02-25 13:00:00+00:00,0.0,0.0,30.26,36.95,1.32,TNP_0007,4,2016
2016-02-25 14:00:00+00:00,0.0,0.0,28.7,42.88,1.38,TNP_0007,4,2016
2016-02-25 15:00:00+00:00,0.0,0.0,27.01,50.25,1.44,TNP_0007,4,2016
2016-02-25 16:00:00+00:00,0.0,0.0,25.96,56.91,1.27,TNP_0007,4,2016
2016-02-25 17:00:00+00:00,0.0,0.0,25.15,62.74,1.1,TNP_0007,4,2016
2016-02-25 18:00:00+00:00,0.0,0.0,24.48,67.5,1.02,TNP_0007,4,2016
2016-02-25 19:00:00+00:00,0.0,0.0,24.17,70.68,1.0,TNP_0007,4,2016
2016-02-25 20:00:00+00:00,0.0,0.0,23.84,74.6,1.55,TNP_0007,4,2016
2016-02-25 21:00:00+00:00,0.0,0.0,23.22,79.37,1.94,TNP_0007,4,2016
2016-02-25 22:00:00+00:00,0.0,0.0,22.7,83.5,2.03,TNP_0007,4,2016
2016-02-25 23:00:00+00:00,0.0,0.0,22.29,86.87,2.1,TNP_0007,4,2016
2016-02-26 00:00:00+00:00,0.0,0.0,22.01,89.58,2.14,TNP_0007,4,2016
2016-02-26 01:00:00+00:00,30.52,31.62,22.61,87.1,2.91,TNP_0007,4,2016
2016-02-26 02:00:00+00:00,220.0,235.5,24.98,73.73,3.74,TNP_0007,4,2016
2016-02-26 03:00:00+00:00,455.12,486.9,27.64,59.26,4.23,TNP_0007,4,2016
2016-02-26 04:00:00+00:00,635.15,704.17,30.26,47.97,4.75,TNP_0007,4,2016
2016-02-26 05:00:00+00:00,806.42,871.72,32.52,39.91,5.11,TNP_0007,4,2016
2016-02-26 06:00:00+00:00,934.05,967.75,34.24,33.45,5.27,TNP_0007,4,2016
2016-02-26 07:00:00+00:00,896.33,976.33,35.37,28.46,5.27,TNP_0007,4,2016
2016-02-26 08:00:00+00:00,799.78,905.8,35.91,25.2,5.21,TNP_0007,4,2016
2016-02-26 09:00:00+00:00,672.12,760.62,35.82,23.69,5.15,TNP_0007,4,2016
2016-02-26 10:00:00+00:00,485.23,553.33,35.1,23.77,5.2,TNP_0007,4,2016
2016-02-26 11:00:00+00:00,275.52,312.48,33.74,25.53,5.17,TNP_0007,4,2016
2016-02-26 12:00:00+00:00,62.88,73.43,31.27,30.56,3.87,TNP_0007,4,2016
2016-02-26 13:00:00+00:00,0.0,0.0,28.83,37.57,2.77,TNP_0007,4,2016
2016-02-26 14:00:00+00:00,0.0,0.0,28.16,42.04,3.11,TNP_0007,4,2016
2016-02-26 15:00:00+00:00,0.0,0.0,27.43,46.97,3.14,TNP_0007,4,2016
2016-02-26 16:00:00+00:00,0.0,0.0,26.06,53.4,2.46,TNP_0007,4,2016
2016-02-26 17:00:00+00:00,0.0,0.0,25.21,58.33,2.85,TNP_0007,4,2016
2016-02-26 18:00:00+00:00,0.0,0.0,24.21,63.35,2.43,TNP_0007,4,2016
2016-02-26 19:00:00+00:00,0.0,0.0,23.38,68.22,2.26,TNP_0007,4,2016
2016-02-26 20:00:00+00:00,0.0,0.0,22.64,73.33,2.28,TNP_0007,4,2016
2016-02-26 21:00:00+00:00,0.0,0.0,21.95,77.94,2.46,TNP_0007,4,2016
2016-02-26 22:00:00+00:00,0.0,0.0,21.28,82.46,2.78,TNP_0007,4,2016
2016-02-26 23:00:00+00:00,0.0,0.0,20.71,86.42,2.71,TNP_0007,4,2016
2016-02-27 00:00:00+00:00,0.0,0.0,20.26,89.51,2.51,TNP_0007,4,2016
2016-02-27 01:00:00+00:00,26.92,32.95,20.63,87.52,3.27,TNP_0007,4,2016
2016-02-27 02:00:00+00:00,190.32,238.25,22.76,74.87,4.25,TNP_0007,4,2016
2016-02-27 03:00:00+00:00,419.67,486.2,26.02,55.05,4.59,TNP_0007,4,2016
2016-02-27 04:00:00+00:00,598.75,709.95,29.09,40.28,4.88,TNP_0007,4,2016
2016-02-27 05:00:00+00:00,750.53,876.35,31.46,33.2,5.04,TNP_0007,4,2016
2016-02-27 06:00:00+00:00,855.0,948.05,33.22,29.99,5.22,TNP_0007,4,2016
2016-02-27 07:00:00+00:00,852.6,953.7,34.35,28.76,5.43,TNP_0007,4,2016
2016-02-27 08:00:00+00:00,725.47,874.2,34.75,28.8,5.52,TNP_0007,4,2016
2016-02-27 09:00:00+00:00,647.08,726.5,34.39,29.75,5.49,TNP_0007,4,2016
2016-02-27 10:00:00+00:00,503.65,527.45,33.5,31.34,5.45,TNP_0007,4,2016
2016-02-27 11:00:00+00:00,257.25,288.23,32.14,34.07,5.33,TNP_0007,4,2016
2016-02-27 12:00:00+00:00,57.7,64.9,30.41,38.45,4.42,TNP_0007,4,2016
2016-02-27 13:00:00+00:00,0.0,0.0,29.02,42.98,3.81,TNP_0007,4,2016
2016-02-27 14:00:00+00:00,0.0,0.0,28.39,46.19,4.33,TNP_0007,4,2016
2016-02-27 15:00:00+00:00,0.0,0.0,27.78,50.34,5.28,TNP_0007,4,2016
2016-02-27 16:00:00+00:00,0.0,0.0,26.91,55.81,5.68,TNP_0007,4,2016
2016-02-27 17:00:00+00:00,0.0,0.0,25.89,61.9,5.17,TNP_0007,4,2016
2016-02-27 18:00:00+00:00,0.0,0.0,24.93,67.86,4.61,TNP_0007,4,2016
2016-02-27 19:00:00+00:00,0.0,0.0,24.18,72.73,3.81,TNP_0007,4,2016
2016-02-27 20:00:00+00:00,0.0,0.0,23.63,76.48,3.28,TNP_0007,4,2016
2016-02-27 21:00:00+00:00,0.0,0.0,23.12,79.96,2.75,TNP_0007,4,2016
2016-02-27 22:00:00+00:00,0.0,0.0,22.64,83.2,2.37,TNP_0007,4,2016
2016-02-27 23:00:00+00:00,0.0,0.0,22.16,86.53,1.94,TNP_0007,4,2016
2016-02-28 00:00:00+00:00,0.0,0.0,21.93,88.35,1.73,TNP_0007,4,2016
2016-02-28 01:00:00+00:00,29.65,37.08,22.57,85.28,2.59,TNP_0007,4,2016
2016-02-28 02:00:00+00:00,207.07,255.62,24.57,73.86,3.24,TNP_0007,4,2016
2016-02-28 03:00:00+00:00,412.02,503.42,27.25,58.84,3.77,TNP_0007,4,2016
2016-02-28 04:00:00+00:00,622.15,721.55,29.84,46.95,4.26,TNP_0007,4,2016
2016-02-28 05:00:00+00:00,751.3,879.58,32.11,37.71,4.57,TNP_0007,4,2016
2016-02-28 06:00:00+00:00,839.0,949.33,33.85,31.57,4.76,TNP_0007,4,2016
2016-02-28 07:00:00+00:00,815.97,956.35,35.12,27.8,4.89,TNP_0007,4,2016
2016-02-28 08:00:00+00:00,763.8,887.58,35.74,26.13,4.97,TNP_0007,4,2016
2016-02-28 09:00:00+00:00,619.45,737.22,35.66,26.02,4.88,TNP_0007,4,2016
2016-02-28 10:00:00+00:00,365.52,530.45,34.93,27.35,4.78,TNP_0007,4,2016
2016-02-28 11:00:00+00:00,233.77,292.95,33.48,30.39,4.54,TNP_0007,4,2016
2016-02-28 12:00:00+00:00,52.28,66.03,31.04,37.23,3.06,TNP_0007,4,2016
2016-02-28 13:00:00+00:00,0.0,0.0,29.29,44.76,2.61,TNP_0007,4,2016
2016-02-28 14:00:00+00:00,0.0,0.0,28.65,49.04,3.32,TNP_0007,4,2016
2016-02-28 15:00:00+00:00,0.0,0.0,27.72,54.06,3.62,TNP_0007,4,2016
2016-02-28 16:00:00+00:00,0.0,0.0,26.72,59.63,4.11,TNP_0007,4,2016
2016-02-28 17:00:00+00:00,0.0,0.0,25.56,66.0,3.79,TNP_0007,4,2016
2016-02-28 18:00:00+00:00,0.0,0.0,24.68,70.74,3.55,TNP_0007,4,2016
2016-02-28 19:00:00+00:00,0.0,0.0,23.89,74.78,3.4,TNP_0007,4,2016
2016-02-28 20:00:00+00:00,0.0,0.0,23.06,79.4,3.26,TNP_0007,4,2016
2016-02-28 21:00:00+00:00,0.0,0.0,22.24,84.64,3.01,TNP_0007,4,2016
2016-02-28 22:00:00+00:00,0.0,0.0,21.66,88.61,2.94,TNP_0007,4,2016
2016-02-28 23:00:00+00:00,0.0,0.0,21.31,90.48,3.0,TNP_0007,4,2016
2016-02-29 00:00:00+00:00,0.0,0.0,21.07,91.59,2.97,TNP_0007,4,2016
2016-02-29 01:00:00+00:00,22.85,35.8,21.26,90.19,3.43,TNP_0007,4,2016
2016-02-29 02:00:00+00:00,147.57,246.57,22.33,82.26,4.25,TNP_0007,4,2016
2016-02-29 03:00:00+00:00,330.27,493.08,24.44,66.99,4.67,TNP_0007,4,2016
2016-02-29 04:00:00+00:00,518.1,710.25,26.97,51.32,4.78,TNP_0007,4,2016
2016-02-29 05:00:00+00:00,707.9,871.5,28.98,41.34,4.78,TNP_0007,4,2016
2016-02-29 06:00:00+00:00,797.92,926.55,30.35,35.57,4.63,TNP_0007,4,2016
2016-02-29 07:00:00+00:00,768.95,937.25,31.25,32.05,4.42,TNP_0007,4,2016
2016-02-29 08:00:00+00:00,625.35,861.65,31.97,29.49,4.21,TNP_0007,4,2016
2016-02-29 09:00:00+00:00,538.6,713.78,32.01,28.38,4.16,TNP_0007,4,2016
2016-02-29 10:00:00+00:00,450.12,510.23,31.63,28.31,4.22,TNP_0007,4,2016
2016-02-29 11:00:00+00:00,253.05,272.8,30.76,30.2,3.88,TNP_0007,4,2016
2016-02-29 12:00:00+00:00,56.92,60.15,28.26,36.63,2.4,TNP_0007,4,2016
2016-02-29 13:00:00+00:00,0.0,0.0,26.68,40.95,2.52,TNP_0007,4,2016
2016-02-29 14:00:00+00:00,0.0,0.0,26.1,43.95,2.94,TNP_0007,4,2016
2016-02-29 15:00:00+00:00,0.0,0.0,25.67,47.37,3.54,TNP_0007,4,2016
2016-02-29 16:00:00+00:00,0.0,0.0,24.97,54.43,4.32,TNP_0007,4,2016
2016-02-29 17:00:00+00:00,0.0,0.0,23.95,63.13,4.17,TNP_0007,4,2016
2016-02-29 18:00:00+00:00,0.0,0.0,23.09,70.57,3.85,TNP_0007,4,2016
2016-02-29 19:00:00+00:00,0.0,0.0,22.49,76.93,3.65,TNP_0007,4,2016
2016-02-29 20:00:00+00:00,0.0,0.0,22.07,82.2,3.48,TNP_0007,4,2016
2016-02-29 21:00:00+00:00,0.0,0.0,21.82,85.66,3.38,TNP_0007,4,2016
2016-02-29 22:00:00+00:00,0.0,0.0,21.7,86.8,3.31,TNP_0007,4,2016
2016-02-29 23:00:00+00:00,0.0,0.0,21.58,87.34,3.36,TNP_0007,4,2016
2016-03-01 00:00:00+00:00,0.0,0.0,21.43,88.07,3.38,TNP_0007,4,2016
2016-03-01 01:00:00+00:00,31.4,33.67,21.81,85.44,3.55,TNP_0007,4,2016
2016-03-01 02:00:00+00:00,193.4,229.88,23.67,73.27,3.94,TNP_0007,4,2016
2016-03-01 03:00:00+00:00,419.08,472.08,26.33,56.96,4.29,TNP_0007,4,2016
2016-03-01 04:00:00+00:00,582.38,688.75,29.18,43.22,4.74,TNP_0007,4,2016
2016-03-01 05:00:00+00:00,801.7,849.55,31.62,35.18,4.99,TNP_0007,4,2016
2016-03-01 06:00:00+00:00,869.12,957.12,33.36,30.93,5.02,TNP_0007,4,2016
2016-03-01 07:00:00+00:00,757.35,962.6,34.42,28.62,5.2,TNP_0007,4,2016
2016-03-01 08:00:00+00:00,764.2,884.12,34.86,27.86,5.5,TNP_0007,4,2016
2016-03-01 09:00:00+00:00,667.92,725.85,34.71,28.23,5.35,TNP_0007,4,2016
2016-03-01 10:00:00+00:00,457.08,507.5,33.96,29.46,4.7,TNP_0007,4,2016
2016-03-01 11:00:00+00:00,239.68,268.5,32.61,32.06,4.23,TNP_0007,4,2016
2016-03-01 12:00:00+00:00,56.9,60.72,30.55,37.51,2.72,TNP_0007,4,2016
2016-03-01 13:00:00+00:00,0.0,0.0,28.81,42.56,1.98,TNP_0007,4,2016
2016-03-01 14:00:00+00:00,0.0,0.0,28.38,44.78,1.91,TNP_0007,4,2016
2016-03-01 15:00:00+00:00,0.0,0.0,27.73,48.32,2.06,TNP_0007,4,2016
2016-03-01 16:00:00+00:00,0.0,0.0,26.91,52.88,2.58,TNP_0007,4,2016
2016-03-01 17:00:00+00:00,0.0,0.0,25.9,58.78,2.9,TNP_0007,4,2016
2016-03-01 18:00:00+00:00,0.0,0.0,24.97,64.63,2.85,TNP_0007,4,2016
2016-03-01 19:00:00+00:00,0.0,0.0,24.13,70.23,2.65,TNP_0007,4,2016
2016-03-01 20:00:00+00:00,0.0,0.0,23.39,75.32,2.39,TNP_0007,4,2016
2016-03-01 21:00:00+00:00,0.0,0.0,22.85,79.37,2.52,TNP_0007,4,2016
2016-03-01 22:00:00+00:00,0.0,0.0,22.41,82.79,2.75,TNP_0007,4,2016
2016-03-01 23:00:00+00:00,0.0,0.0,22.15,85.0,3.06,TNP_0007,4,2016
2016-03-02 00:00:00+00:00,0.0,0.0,21.95,86.46,3.28,TNP_0007,4,2016
2016-03-02 01:00:00+00:00,30.98,33.38,22.21,84.66,4.0,TNP_0007,4,2016
2016-03-02 02:00:00+00:00,175.45,224.98,23.79,74.44,4.82,TNP_0007,4,2016
2016-03-02 03:00:00+00:00,384.45,466.45,25.89,62.0,4.83,TNP_0007,4,2016
2016-03-02 04:00:00+00:00,645.03,685.28,28.33,49.47,4.68,TNP_0007,4,2016
2016-03-02 05:00:00+00:00,790.03,849.0,30.7,39.36,4.65,TNP_0007,4,2016
2016-03-02 06:00:00+00:00,932.2,965.67,32.2,33.37,4.57,TNP_0007,4,2016
2016-03-02 07:00:00+00:00,941.78,970.17,33.27,29.49,4.4,TNP_0007,4,2016
2016-03-02 08:00:00+00:00,865.15,893.2,33.77,27.29,4.28,TNP_0007,4,2016
2016-03-02 09:00:00+00:00,695.4,740.65,33.33,27.04,4.22,TNP_0007,4,2016
2016-03-02 10:00:00+00:00,478.27,528.12,32.33,28.16,4.33,TNP_0007,4,2016
2016-03-02 11:00:00+00:00,245.12,283.0,31.28,30.29,4.11,TNP_0007,4,2016
2016-03-02 12:00:00+00:00,58.88,63.5,29.47,35.54,2.53,TNP_0007,4,2016
2016-03-02 13:00:00+00:00,0.0,0.0,27.24,41.51,2.33,TNP_0007,4,2016
2016-03-02 14:00:00+00:00,0.0,0.0,27.03,43.29,2.72,TNP_0007,4,2016
2016-03-02 15:00:00+00:00,0.0,0.0,26.74,46.1,3.36,TNP_0007,4,2016
2016-03-02 16:00:00+00:00,0.0,0.0,26.04,51.02,3.63,TNP_0007,4,2016
2016-03-02 17:00:00+00:00,0.0,0.0,25.34,57.11,4.41,TNP_0007,4,2016
2016-03-02 18:00:00+00:00,0.0,0.0,24.21,64.36,3.89,TNP_0007,4,2016
2016-03-02 19:00:00+00:00,0.0,0.0,23.18,71.15,3.05,TNP_0007,4,2016
2016-03-02 20:00:00+00:00,0.0,0.0,22.55,76.2,2.63,TNP_0007,4,2016
2016-03-02 21:00:00+00:00,0.0,0.0,22.13,80.13,2.53,TNP_0007,4,2016
2016-03-02 22:00:00+00:00,0.0,0.0,21.79,83.2,2.66,TNP_0007,4,2016
2016-03-02 23:00:00+00:00,0.0,0.0,21.56,85.34,2.71,TNP_0007,4,2016
2016-03-03 00:00:00+00:00,0.0,0.0,21.39,86.89,2.57,TNP_0007,4,2016
2016-03-03 01:00:00+00:00,34.28,35.9,21.79,85.09,3.32,TNP_0007,4,2016
2016-03-03 02:00:00+00:00,214.5,237.27,23.74,73.3,4.42,TNP_0007,4,2016
2016-03-03 03:00:00+00:00,452.4,482.15,26.56,56.12,5.2,TNP_0007,4,2016
2016-03-03 04:00:00+00:00,675.62,700.92,29.44,40.92,5.77,TNP_0007,4,2016
2016-03-03 05:00:00+00:00,863.22,863.7,31.69,32.06,6.02,TNP_0007,4,2016
2016-03-03 06:00:00+00:00,976.35,980.25,33.38,27.06,5.94,TNP_0007,4,2016
2016-03-03 07:00:00+00:00,980.33,985.42,34.52,23.9,5.7,TNP_0007,4,2016
2016-03-03 08:00:00+00:00,909.15,909.47,35.07,22.06,5.51,TNP_0007,4,2016
2016-03-03 09:00:00+00:00,741.78,759.88,34.96,21.37,5.49,TNP_0007,4,2016
2016-03-03 10:00:00+00:00,528.88,549.5,34.03,22.16,5.63,TNP_0007,4,2016
2016-03-03 11:00:00+00:00,258.6,301.73,32.27,24.75,5.5,TNP_0007,4,2016
2016-03-03 12:00:00+00:00,59.55,70.22,30.04,29.82,4.39,TNP_0007,4,2016
2016-03-03 13:00:00+00:00,0.0,0.0,27.97,35.94,3.38,TNP_0007,4,2016
2016-03-03 14:00:00+00:00,0.0,0.0,26.74,41.08,2.75,TNP_0007,4,2016
2016-03-03 15:00:00+00:00,0.0,0.0,25.62,46.42,2.07,TNP_0007,4,2016
2016-03-03 16:00:00+00:00,0.0,0.0,24.8,50.88,1.7,TNP_0007,4,2016
2016-03-03 17:00:00+00:00,0.0,0.0,24.17,54.38,1.55,TNP_0007,4,2016
2016-03-03 18:00:00+00:00,0.0,0.0,23.57,58.01,1.53,TNP_0007,4,2016
2016-03-03 19:00:00+00:00,0.0,0.0,23.0,60.75,1.54,TNP_0007,4,2016
2016-03-03 20:00:00+00:00,0.0,0.0,22.43,64.17,1.6,TNP_0007,4,2016
2016-03-03 21:00:00+00:00,0.0,0.0,21.91,67.69,1.68,TNP_0007,4,2016
2016-03-03 22:00:00+00:00,0.0,0.0,21.37,71.91,1.66,TNP_0007,4,2016
2016-03-03 23:00:00+00:00,0.0,0.0,20.92,76.45,1.59,TNP_0007,4,2016
2016-03-04 00:00:00+00:00,0.0,0.0,20.56,80.26,1.47,TNP_0007,4,2016
2016-03-04 01:00:00+00:00,35.05,40.58,21.17,79.95,2.19,TNP_0007,4,2016
2016-03-04 02:00:00+00:00,209.57,256.17,23.15,71.18,3.16,TNP_0007,4,2016
2016-03-04 03:00:00+00:00,423.1,504.4,25.91,54.86,3.89,TNP_0007,4,2016
2016-03-04 04:00:00+00:00,644.78,722.17,28.61,41.5,4.4,TNP_0007,4,2016
2016-03-04 05:00:00+00:00,794.65,883.38,30.76,33.05,4.75,TNP_0007,4,2016
2016-03-04 06:00:00+00:00,835.92,940.2,32.29,27.83,5.03,TNP_0007,4,2016
2016-03-04 07:00:00+00:00,809.38,946.9,33.26,24.54,5.25,TNP_0007,4,2016
2016-03-04 08:00:00+00:00,793.05,869.72,33.54,22.82,5.42,TNP_0007,4,2016
2016-03-04 09:00:00+00:00,658.9,718.2,33.2,22.23,5.5,TNP_0007,4,2016
2016-03-04 10:00:00+00:00,458.5,507.95,32.54,22.08,5.53,TNP_0007,4,2016
2016-03-04 11:00:00+00:00,243.3,268.58,31.27,23.14,5.31,TNP_0007,4,2016
2016-03-04 12:00:00+00:00,58.62,60.2,29.05,26.6,3.73,TNP_0007,4,2016
2016-03-04 13:00:00+00:00,0.0,0.0,26.41,32.42,2.54,TNP_0007,4,2016
2016-03-04 14:00:00+00:00,0.0,0.0,25.32,35.51,2.42,TNP_0007,4,2016
2016-03-04 15:00:00+00:00,0.0,0.0,24.38,38.74,2.32,TNP_0007,4,2016
2016-03-04 16:00:00+00:00,0.0,0.0,23.6,42.07,2.13,TNP_0007,4,2016
2016-03-04 17:00:00+00:00,0.0,0.0,22.92,45.73,1.9,TNP_0007,4,2016
2016-03-04 18:00:00+00:00,0.0,0.0,22.3,49.43,1.71,TNP_0007,4,2016
2016-03-04 19:00:00+00:00,0.0,0.0,21.7,52.93,1.63,TNP_0007,4,2016
2016-03-04 20:00:00+00:00,0.0,0.0,21.15,56.34,1.61,TNP_0007,4,2016
2016-03-04 21:00:00+00:00,0.0,0.0,20.81,59.9,1.5,TNP_0007,4,2016
2016-03-04 22:00:00+00:00,0.0,0.0,20.66,64.11,1.44,TNP_0007,4,2016
2016-03-04 23:00:00+00:00,0.0,0.0,20.41,70.48,1.57,TNP_0007,4,2016
2016-03-05 00:00:00+00:00,0.0,0.0,20.17,76.44,1.49,TNP_0007,4,2016
2016-03-05 01:00:00+00:00,33.62,34.95,20.91,77.35,1.94,TNP_0007,4,2016
2016-03-05 02:00:00+00:00,212.4,228.43,23.43,70.1,2.61,TNP_0007,4,2016
2016-03-05 03:00:00+00:00,434.83,462.52,26.77,52.8,2.85,TNP_0007,4,2016
2016-03-05 04:00:00+00:00,647.47,679.05,29.83,38.53,3.24,TNP_0007,4,2016
2016-03-05 05:00:00+00:00,839.25,840.0,32.2,30.62,3.61,TNP_0007,4,2016
2016-03-05 06:00:00+00:00,987.55,993.42,34.01,25.86,3.91,TNP_0007,4,2016
2016-03-05 07:00:00+00:00,992.3,999.17,35.28,22.93,4.08,TNP_0007,4,2016
2016-03-05 08:00:00+00:00,923.05,924.33,35.89,21.4,4.15,TNP_0007,4,2016
2016-03-05 09:00:00+00:00,758.6,773.15,35.83,20.84,4.16,TNP_0007,4,2016
2016-03-05 10:00:00+00:00,546.5,560.67,35.12,21.19,4.06,TNP_0007,4,2016
2016-03-05 11:00:00+00:00,296.42,310.2,33.83,22.66,3.8,TNP_0007,4,2016
2016-03-05 12:00:00+00:00,69.97,72.93,31.0,27.71,2.33,TNP_0007,4,2016
2016-03-05 13:00:00+00:00,0.0,0.0,28.13,34.15,2.06,TNP_0007,4,2016
2016-03-05 14:00:00+00:00,0.0,0.0,27.13,37.08,2.1,TNP_0007,4,2016
2016-03-05 15:00:00+00:00,0.0,0.0,26.24,40.26,2.12,TNP_0007,4,2016
2016-03-05 16:00:00+00:00,0.0,0.0,25.44,44.04,2.05,TNP_0007,4,2016
2016-03-05 17:00:00+00:00,0.0,0.0,24.8,48.13,1.95,TNP_0007,4,2016
2016-03-05 18:00:00+00:00,0.0,0.0,24.22,54.01,2.14,TNP_0007,4,2016
2016-03-05 19:00:00+00:00,0.0,0.0,23.47,61.86,2.54,TNP_0007,4,2016
2016-03-05 20:00:00+00:00,0.0,0.0,22.56,69.07,2.27,TNP_0007,4,2016
2016-03-05 21:00:00+00:00,0.0,0.0,21.95,74.68,2.23,TNP_0007,4,2016
2016-03-05 22:00:00+00:00,0.0,0.0,21.45,79.59,2.15,TNP_0007,4,2016
2016-03-05 23:00:00+00:00,0.0,0.0,21.07,83.43,1.99,TNP_0007,4,2016
2016-03-06 00:00:00+00:00,0.0,0.0,20.82,86.3,1.92,TNP_0007,4,2016
2016-03-06 01:00:00+00:00,37.7,40.6,21.63,82.36,2.43,TNP_0007,4,2016
2016-03-06 02:00:00+00:00,222.15,250.57,23.83,70.09,2.37,TNP_0007,4,2016
2016-03-06 03:00:00+00:00,455.9,495.6,26.66,55.54,2.12,TNP_0007,4,2016
2016-03-06 04:00:00+00:00,685.0,711.28,29.71,43.79,2.25,TNP_0007,4,2016
2016-03-06 05:00:00+00:00,859.9,869.75,32.5,34.21,2.55,TNP_0007,4,2016
2016-03-06 06:00:00+00:00,977.4,982.38,34.62,27.28,2.85,TNP_0007,4,2016
2016-03-06 07:00:00+00:00,954.42,982.83,36.06,22.73,3.13,TNP_0007,4,2016
2016-03-06 08:00:00+00:00,859.7,904.75,36.77,20.1,3.29,TNP_0007,4,2016
2016-03-06 09:00:00+00:00,729.92,730.03,36.78,18.8,3.4,TNP_0007,4,2016
2016-03-06 10:00:00+00:00,502.8,542.12,36.07,18.61,3.58,TNP_0007,4,2016
2016-03-06 11:00:00+00:00,266.83,293.0,34.6,19.69,3.6,TNP_0007,4,2016
2016-03-06 12:00:00+00:00,63.95,66.68,31.32,24.61,2.25,TNP_0007,4,2016
2016-03-06 13:00:00+00:00,0.0,0.0,28.15,31.31,1.85,TNP_0007,4,2016
2016-03-06 14:00:00+00:00,0.0,0.0,27.34,34.15,1.53,TNP_0007,4,2016
2016-03-06 15:00:00+00:00,0.0,0.0,26.27,38.39,1.4,TNP_0007,4,2016
2016-03-06 16:00:00+00:00,0.0,0.0,25.19,43.6,1.46,TNP_0007,4,2016
2016-03-06 17:00:00+00:00,0.0,0.0,24.2,49.57,1.49,TNP_0007,4,2016
2016-03-06 18:00:00+00:00,0.0,0.0,23.89,53.91,1.27,TNP_0007,4,2016
2016-03-06 19:00:00+00:00,0.0,0.0,23.63,57.73,1.18,TNP_0007,4,2016
2016-03-06 20:00:00+00:00,0.0,0.0,23.11,63.51,1.34,TNP_0007,4,2016
2016-03-06 21:00:00+00:00,0.0,0.0,22.46,67.87,1.5,TNP_0007,4,2016
2016-03-06 22:00:00+00:00,0.0,0.0,21.97,70.9,1.7,TNP_0007,4,2016
2016-03-06 23:00:00+00:00,0.0,0.0,21.61,73.62,1.96,TNP_0007,4,2016
2016-03-07 00:00:00+00:00,0.0,0.0,21.23,76.79,2.03,TNP_0007,4,2016
2016-03-07 01:00:00+00:00,33.0,38.42,21.95,75.95,2.58,TNP_0007,4,2016
2016-03-07 02:00:00+00:00,180.85,233.15,24.37,67.9,3.0,TNP_0007,4,2016
2016-03-07 03:00:00+00:00,392.3,471.27,27.38,54.04,2.98,TNP_0007,4,2016
2016-03-07 04:00:00+00:00,554.72,686.72,30.3,42.1,3.11,TNP_0007,4,2016
2016-03-07 05:00:00+00:00,765.58,862.0,32.71,33.97,3.31,TNP_0007,4,2016
2016-03-07 06:00:00+00:00,737.3,983.03,34.57,28.28,3.53,TNP_0007,4,2016
2016-03-07 07:00:00+00:00,759.55,987.3,35.73,24.58,3.7,TNP_0007,4,2016
2016-03-07 08:00:00+00:00,609.6,911.45,36.12,22.64,3.74,TNP_0007,4,2016
2016-03-07 09:00:00+00:00,650.17,760.15,36.02,21.63,3.77,TNP_0007,4,2016
2016-03-07 10:00:00+00:00,473.95,549.83,35.4,21.48,3.85,TNP_0007,4,2016
2016-03-07 11:00:00+00:00,266.33,304.08,34.1,22.67,3.79,TNP_0007,4,2016
2016-03-07 12:00:00+00:00,67.35,71.97,31.14,27.5,2.42,TNP_0007,4,2016
2016-03-07 13:00:00+00:00,0.0,0.0,27.9,35.18,1.94,TNP_0007,4,2016
2016-03-07 14:00:00+00:00,0.0,0.0,26.96,38.74,1.86,TNP_0007,4,2016
2016-03-07 15:00:00+00:00,0.0,0.0,26.11,42.46,1.86,TNP_0007,4,2016
2016-03-07 16:00:00+00:00,0.0,0.0,25.19,46.89,1.84,TNP_0007,4,2016
2016-03-07 17:00:00+00:00,0.0,0.0,24.26,51.96,1.92,TNP_0007,4,2016
2016-03-07 18:00:00+00:00,0.0,0.0,23.51,58.35,1.99,TNP_0007,4,2016
2016-03-07 19:00:00+00:00,0.0,0.0,22.86,64.65,1.84,TNP_0007,4,2016
2016-03-07 20:00:00+00:00,0.0,0.0,22.25,69.35,1.62,TNP_0007,4,2016
2016-03-07 21:00:00+00:00,0.0,0.0,21.77,73.18,1.55,TNP_0007,4,2016
2016-03-07 22:00:00+00:00,0.0,0.0,21.46,75.88,1.46,TNP_0007,4,2016
2016-03-07 23:00:00+00:00,0.0,0.0,21.05,79.11,1.4,TNP_0007,4,2016
2016-03-08 00:00:00+00:00,0.0,0.0,20.64,82.55,1.38,TNP_0007,4,2016
2016-03-08 01:00:00+00:00,41.95,46.28,21.65,78.93,1.9,TNP_0007,4,2016
2016-03-08 02:00:00+00:00,228.3,269.1,24.56,66.63,1.78,TNP_0007,4,2016
2016-03-08 03:00:00+00:00,463.15,516.92,27.9,51.52,1.72,TNP_0007,4,2016
2016-03-08 04:00:00+00:00,693.12,732.62,30.85,39.39,1.95,TNP_0007,4,2016
2016-03-08 05:00:00+00:00,865.08,892.33,33.37,30.64,2.2,TNP_0007,4,2016
2016-03-08 06:00:00+00:00,941.7,969.4,35.32,24.93,2.5,TNP_0007,4,2016
2016-03-08 07:00:00+00:00,931.22,974.0,36.68,21.38,2.74,TNP_0007,4,2016
2016-03-08 08:00:00+00:00,886.78,898.55,37.41,19.4,2.87,TNP_0007,4,2016
2016-03-08 09:00:00+00:00,699.15,748.03,37.42,18.55,2.92,TNP_0007,4,2016
2016-03-08 10:00:00+00:00,501.38,537.42,36.7,18.74,2.99,TNP_0007,4,2016
2016-03-08 11:00:00+00:00,267.15,292.35,35.27,20.1,3.01,TNP_0007,4,2016
2016-03-08 12:00:00+00:00,63.35,67.1,32.22,25.23,1.92,TNP_0007,4,2016
2016-03-08 13:00:00+00:00,0.0,0.0,29.79,31.16,1.6,TNP_0007,4,2016
2016-03-08 14:00:00+00:00,0.0,0.0,28.64,35.41,1.62,TNP_0007,4,2016
2016-03-08 15:00:00+00:00,0.0,0.0,27.37,41.15,1.72,TNP_0007,4,2016
2016-03-08 16:00:00+00:00,0.0,0.0,26.38,47.5,1.68,TNP_0007,4,2016
2016-03-08 17:00:00+00:00,0.0,0.0,25.38,54.5,1.5,TNP_0007,4,2016
2016-03-08 18:00:00+00:00,0.0,0.0,24.48,60.73,1.31,TNP_0007,4,2016
2016-03-08 19:00:00+00:00,0.0,0.0,23.88,65.06,1.13,TNP_0007,4,2016
2016-03-08 20:00:00+00:00,0.0,0.0,23.45,68.19,1.0,TNP_0007,4,2016
2016-03-08 21:00:00+00:00,0.0,0.0,23.19,70.26,0.96,TNP_0007,4,2016
2016-03-08 22:00:00+00:00,0.0,0.0,22.72,73.01,1.07,TNP_0007,4,2016
2016-03-08 23:00:00+00:00,0.0,0.0,22.26,75.5,1.15,TNP_0007,4,2016
2016-03-09 00:00:00+00:00,0.0,0.0,21.92,77.42,1.2,TNP_0007,4,2016
2016-03-09 01:00:00+00:00,39.4,41.72,22.88,74.06,1.76,TNP_0007,4,2016
2016-03-09 02:00:00+00:00,222.73,248.27,25.16,66.94,1.52,TNP_0007,4,2016
2016-03-09 03:00:00+00:00,404.73,479.6,27.71,56.33,1.25,TNP_0007,4,2016
2016-03-09 04:00:00+00:00,620.92,694.62,30.31,45.43,1.38,TNP_0007,4,2016
2016-03-09 05:00:00+00:00,788.45,858.85,32.31,37.35,1.46,TNP_0007,4,2016
2016-03-09 06:00:00+00:00,879.1,960.65,33.38,32.6,1.49,TNP_0007,4,2016
2016-03-09 07:00:00+00:00,855.58,958.03,34.38,28.82,1.59,TNP_0007,4,2016
2016-03-09 08:00:00+00:00,788.6,876.53,35.45,25.59,1.65,TNP_0007,4,2016
2016-03-09 09:00:00+00:00,640.6,729.38,35.65,23.97,1.7,TNP_0007,4,2016
2016-03-09 10:00:00+00:00,449.83,519.53,35.19,23.57,1.86,TNP_0007,4,2016
2016-03-09 11:00:00+00:00,238.45,281.85,34.04,24.57,1.82,TNP_0007,4,2016
2016-03-09 12:00:00+00:00,53.6,62.58,31.51,30.1,0.91,TNP_0007,4,2016
2016-03-09 13:00:00+00:00,0.0,0.0,30.21,33.26,0.47,TNP_0007,4,2016
2016-03-09 14:00:00+00:00,0.0,0.0,29.15,37.22,0.7,TNP_0007,4,2016
2016-03-09 15:00:00+00:00,0.0,0.0,27.67,42.07,1.14,TNP_0007,4,2016
2016-03-09 16:00:00+00:00,0.0,0.0,26.53,47.74,1.31,TNP_0007,4,2016
2016-03-09 17:00:00+00:00,0.0,0.0,25.76,53.34,1.31,TNP_0007,4,2016
2016-03-09 18:00:00+00:00,0.0,0.0,25.19,58.22,1.1,TNP_0007,4,2016
2016-03-09 19:00:00+00:00,0.0,0.0,24.75,61.95,0.76,TNP_0007,4,2016
2016-03-09 20:00:00+00:00,0.0,0.0,24.42,64.57,0.51,TNP_0007,4,2016
2016-03-09 21:00:00+00:00,0.0,0.0,24.04,66.86,0.58,TNP_0007,4,2016
2016-03-09 22:00:00+00:00,0.0,0.0,23.6,69.13,0.77,TNP_0007,4,2016
2016-03-09 23:00:00+00:00,0.0,0.0,23.23,71.03,0.86,TNP_0007,4,2016
2016-03-10 00:00:00+00:00,0.0,0.0,22.94,72.66,0.96,TNP_0007,4,2016
2016-03-10 01:00:00+00:00,34.28,40.28,23.47,71.62,1.29,TNP_0007,4,2016
2016-03-10 02:00:00+00:00,186.62,240.15,24.82,70.51,1.42,TNP_0007,4,2016
2016-03-10 03:00:00+00:00,378.12,477.8,26.59,63.47,1.38,TNP_0007,4,2016
2016-03-10 04:00:00+00:00,557.92,692.03,28.64,52.96,1.32,TNP_0007,4,2016
2016-03-10 05:00:00+00:00,693.88,852.12,30.57,43.82,1.04,TNP_0007,4,2016
2016-03-10 06:00:00+00:00,825.58,961.0,32.23,36.89,0.81,TNP_0007,4,2016
2016-03-10 07:00:00+00:00,883.42,961.0,33.47,32.12,0.91,TNP_0007,4,2016
2016-03-10 08:00:00+00:00,788.92,865.25,34.15,29.26,1.11,TNP_0007,4,2016
2016-03-10 09:00:00+00:00,624.33,686.22,34.4,27.67,1.11,TNP_0007,4,2016
2016-03-10 10:00:00+00:00,416.98,433.3,34.19,27.1,1.09,TNP_0007,4,2016
2016-03-10 11:00:00+00:00,205.5,216.25,33.5,27.71,1.05,TNP_0007,4,2016
2016-03-10 12:00:00+00:00,43.5,46.25,31.28,32.72,0.46,TNP_0007,4,2016
2016-03-10 13:00:00+00:00,0.0,0.0,29.39,37.42,0.4,TNP_0007,4,2016
2016-03-10 14:00:00+00:00,0.0,0.0,28.61,40.49,0.59,TNP_0007,4,2016
2016-03-10 15:00:00+00:00,0.0,0.0,27.57,44.65,0.94,TNP_0007,4,2016
2016-03-10 16:00:00+00:00,0.0,0.0,26.41,49.0,1.16,TNP_0007,4,2016
2016-03-10 17:00:00+00:00,0.0,0.0,25.57,53.48,1.2,TNP_0007,4,2016
2016-03-10 18:00:00+00:00,0.0,0.0,24.94,57.79,1.03,TNP_0007,4,2016
2016-03-10 19:00:00+00:00,0.0,0.0,24.47,61.85,0.71,TNP_0007,4,2016
2016-03-10 20:00:00+00:00,0.0,0.0,24.1,65.25,0.2,TNP_0007,4,2016
2016-03-10 21:00:00+00:00,0.0,0.0,23.63,68.19,0.37,TNP_0007,4,2016
2016-03-10 22:00:00+00:00,0.0,0.0,23.03,70.72,0.87,TNP_0007,4,2016
2016-03-10 23:00:00+00:00,0.0,0.0,22.49,72.34,1.18,TNP_0007,4,2016
2016-03-11 00:00:00+00:00,0.0,0.0,22.08,72.97,1.33,TNP_0007,4,2016
2016-03-11 01:00:00+00:00,31.67,31.52,23.2,68.88,1.54,TNP_0007,4,2016
2016-03-11 02:00:00+00:00,173.23,185.0,25.7,66.11,1.39,TNP_0007,4,2016
2016-03-11 03:00:00+00:00,363.35,401.55,28.63,55.72,1.25,TNP_0007,4,2016
2016-03-11 04:00:00+00:00,607.12,623.1,31.48,44.67,1.31,TNP_0007,4,2016
2016-03-11 05:00:00+00:00,716.45,790.3,34.31,33.95,1.33,TNP_0007,4,2016
2016-03-11 06:00:00+00:00,807.58,919.03,36.33,27.36,1.43,TNP_0007,4,2016
2016-03-11 07:00:00+00:00,778.65,915.7,37.56,23.79,1.45,TNP_0007,4,2016
2016-03-11 08:00:00+00:00,764.12,836.85,38.14,21.99,1.27,TNP_0007,4,2016
2016-03-11 09:00:00+00:00,660.62,702.17,38.03,21.29,1.06,TNP_0007,4,2016
2016-03-11 10:00:00+00:00,418.7,497.12,37.35,21.47,1.07,TNP_0007,4,2016
2016-03-11 11:00:00+00:00,224.0,264.15,35.99,23.28,1.35,TNP_0007,4,2016
2016-03-11 12:00:00+00:00,50.25,59.05,33.13,29.33,1.61,TNP_0007,4,2016
2016-03-11 13:00:00+00:00,0.0,0.0,30.3,37.86,2.29,TNP_0007,4,2016
2016-03-11 14:00:00+00:00,0.0,0.0,29.06,45.69,3.06,TNP_0007,4,2016
2016-03-11 15:00:00+00:00,0.0,0.0,27.72,55.07,3.23,TNP_0007,4,2016
2016-03-11 16:00:00+00:00,0.0,0.0,26.66,63.79,2.91,TNP_0007,4,2016
2016-03-11 17:00:00+00:00,0.0,0.0,25.77,72.16,2.58,TNP_0007,4,2016
2016-03-11 18:00:00+00:00,0.0,0.0,25.07,78.44,2.08,TNP_0007,4,2016
2016-03-11 19:00:00+00:00,0.0,0.0,24.71,81.49,1.69,TNP_0007,4,2016
2016-03-11 20:00:00+00:00,0.0,0.0,24.49,82.76,1.25,TNP_0007,4,2016
2016-03-11 21:00:00+00:00,0.0,0.0,24.22,83.88,0.88,TNP_0007,4,2016
2016-03-11 22:00:00+00:00,0.0,0.0,23.93,85.01,0.64,TNP_0007,4,2016
2016-03-11 23:00:00+00:00,0.0,0.0,23.71,85.87,0.41,TNP_0007,4,2016
2016-03-12 00:00:00+00:00,0.0,0.0,23.53,86.66,0.23,TNP_0007,4,2016
2016-03-12 01:00:00+00:00,37.85,39.05,24.21,82.83,0.5,TNP_0007,4,2016
2016-03-12 02:00:00+00:00,222.98,240.27,26.41,71.02,1.02,TNP_0007,4,2016
2016-03-12 03:00:00+00:00,456.27,487.35,28.92,57.77,1.28,TNP_0007,4,2016
2016-03-12 04:00:00+00:00,675.6,703.7,31.31,47.51,1.17,TNP_0007,4,2016
2016-03-12 05:00:00+00:00,717.03,855.45,33.3,40.05,1.03,TNP_0007,4,2016
2016-03-12 06:00:00+00:00,837.33,977.85,34.72,35.05,0.97,TNP_0007,4,2016
2016-03-12 07:00:00+00:00,815.95,980.83,35.58,32.01,1.09,TNP_0007,4,2016
2016-03-12 08:00:00+00:00,751.92,904.0,35.99,30.45,1.35,TNP_0007,4,2016
2016-03-12 09:00:00+00:00,634.9,754.15,35.81,30.19,1.63,TNP_0007,4,2016
2016-03-12 10:00:00+00:00,401.48,543.88,35.18,31.04,1.94,TNP_0007,4,2016
2016-03-12 11:00:00+00:00,230.7,304.77,33.94,33.71,2.47,TNP_0007,4,2016
2016-03-12 12:00:00+00:00,47.33,71.7,32.05,39.0,2.84,TNP_0007,4,2016
2016-03-12 13:00:00+00:00,0.0,0.0,29.94,47.19,3.19,TNP_0007,4,2016
2016-03-12 14:00:00+00:00,0.0,0.0,28.74,55.17,4.09,TNP_0007,4,2016
2016-03-12 15:00:00+00:00,0.0,0.0,27.43,64.49,4.41,TNP_0007,4,2016
2016-03-12 16:00:00+00:00,0.0,0.0,26.25,73.16,3.98,TNP_0007,4,2016
2016-03-12 17:00:00+00:00,0.0,0.0,25.42,79.88,3.38,TNP_0007,4,2016
2016-03-12 18:00:00+00:00,0.0,0.0,24.87,84.67,3.08,TNP_0007,4,2016
2016-03-12 19:00:00+00:00,0.0,0.0,24.47,87.87,2.94,TNP_0007,4,2016
2016-03-12 20:00:00+00:00,0.0,0.0,24.24,89.37,2.87,TNP_0007,4,2016
2016-03-12 21:00:00+00:00,0.0,0.0,24.12,89.84,2.77,TNP_0007,4,2016
2016-03-12 22:00:00+00:00,0.0,0.0,24.03,90.03,2.42,TNP_0007,4,2016
2016-03-12 23:00:00+00:00,0.0,0.0,23.92,90.2,1.89,TNP_0007,4,2016
2016-03-13 00:00:00+00:00,0.0,0.0,23.74,90.63,1.37,TNP_0007,4,2016
2016-03-13 01:00:00+00:00,33.8,50.5,24.31,87.12,1.91,TNP_0007,4,2016
2016-03-13 02:00:00+00:00,180.88,273.58,26.18,75.49,2.4,TNP_0007,4,2016
2016-03-13 03:00:00+00:00,393.52,519.25,29.14,58.07,2.1,TNP_0007,4,2016
2016-03-13 04:00:00+00:00,608.67,728.03,31.9,45.91,1.42,TNP_0007,4,2016
2016-03-13 05:00:00+00:00,702.78,882.58,33.87,38.99,0.85,TNP_0007,4,2016
2016-03-13 06:00:00+00:00,839.67,959.17,35.42,34.22,0.48,TNP_0007,4,2016
2016-03-13 07:00:00+00:00,843.75,963.78,36.38,31.18,0.59,TNP_0007,4,2016
2016-03-13 08:00:00+00:00,804.85,890.12,36.84,29.42,0.94,TNP_0007,4,2016
2016-03-13 09:00:00+00:00,620.0,743.12,36.49,29.33,1.3,TNP_0007,4,2016
2016-03-13 10:00:00+00:00,409.23,537.88,35.48,30.91,1.83,TNP_0007,4,2016
2016-03-13 11:00:00+00:00,227.18,297.17,34.26,33.64,2.34,TNP_0007,4,2016
2016-03-13 12:00:00+00:00,62.05,70.43,32.58,38.32,2.49,TNP_0007,4,2016
2016-03-13 13:00:00+00:00,0.0,0.0,30.77,45.01,3.0,TNP_0007,4,2016
2016-03-13 14:00:00+00:00,0.0,0.0,29.52,51.86,3.66,TNP_0007,4,2016
2016-03-13 15:00:00+00:00,0.0,0.0,28.34,59.36,3.96,TNP_0007,4,2016
2016-03-13 16:00:00+00:00,0.0,0.0,27.24,66.77,3.88,TNP_0007,4,2016
2016-03-13 17:00:00+00:00,0.0,0.0,26.37,72.55,3.57,TNP_0007,4,2016
2016-03-13 18:00:00+00:00,0.0,0.0,25.71,76.77,3.16,TNP_0007,4,2016
2016-03-13 19:00:00+00:00,0.0,0.0,25.2,79.68,2.7,TNP_0007,4,2016
2016-03-13 20:00:00+00:00,0.0,0.0,24.79,81.79,2.3,TNP_0007,4,2016
2016-03-13 21:00:00+00:00,0.0,0.0,24.47,83.49,1.91,TNP_0007,4,2016
2016-03-13 22:00:00+00:00,0.0,0.0,24.2,84.86,1.51,TNP_0007,4,2016
2016-03-13 23:00:00+00:00,0.0,0.0,23.94,86.08,1.03,TNP_0007,4,2016
2016-03-14 00:00:00+00:00,0.0,0.0,23.68,87.2,0.81,TNP_0007,4,2016
2016-03-14 01:00:00+00:00,46.67,51.6,24.46,82.6,1.18,TNP_0007,4,2016
2016-03-14 02:00:00+00:00,213.7,272.17,26.92,67.98,1.34,TNP_0007,4,2016
2016-03-14 03:00:00+00:00,424.92,519.33,29.69,54.36,0.94,TNP_0007,4,2016
2016-03-14 04:00:00+00:00,647.65,733.92,31.9,46.32,0.47,TNP_0007,4,2016
2016-03-14 05:00:00+00:00,800.33,890.62,33.68,40.3,0.36,TNP_0007,4,2016
2016-03-14 06:00:00+00:00,891.62,957.62,34.82,36.59,0.69,TNP_0007,4,2016
2016-03-14 07:00:00+00:00,870.45,963.55,35.77,33.83,0.91,TNP_0007,4,2016
2016-03-14 08:00:00+00:00,753.83,890.3,36.26,32.37,0.99,TNP_0007,4,2016
2016-03-14 09:00:00+00:00,664.97,743.47,35.89,32.7,0.95,TNP_0007,4,2016
2016-03-14 10:00:00+00:00,480.85,537.25,35.11,34.02,0.76,TNP_0007,4,2016
2016-03-14 11:00:00+00:00,258.55,295.7,33.99,36.3,0.8,TNP_0007,4,2016
2016-03-14 12:00:00+00:00,65.6,69.62,32.47,40.07,1.22,TNP_0007,4,2016
2016-03-14 13:00:00+00:00,0.0,0.0,30.84,45.17,1.75,TNP_0007,4,2016
2016-03-14 14:00:00+00:00,0.0,0.0,30.01,48.87,2.67,TNP_0007,4,2016
2016-03-14 15:00:00+00:00,0.0,0.0,29.05,53.34,3.04,TNP_0007,4,2016
2016-03-14 16:00:00+00:00,0.0,0.0,28.06,58.21,3.01,TNP_0007,4,2016
2016-03-14 17:00:00+00:00,0.0,0.0,27.16,62.77,2.42,TNP_0007,4,2016
2016-03-14 18:00:00+00:00,0.0,0.0,26.37,66.61,1.9,TNP_0007,4,2016
2016-03-14 19:00:00+00:00,0.0,0.0,25.66,70.3,1.6,TNP_0007,4,2016
2016-03-14 20:00:00+00:00,0.0,0.0,24.97,74.25,1.6,TNP_0007,4,2016
2016-03-14 21:00:00+00:00,0.0,0.0,24.32,78.14,1.57,TNP_0007,4,2016
2016-03-14 22:00:00+00:00,0.0,0.0,23.82,81.44,1.47,TNP_0007,4,2016
2016-03-14 23:00:00+00:00,0.0,0.0,23.39,84.18,1.32,TNP_0007,4,2016
2016-03-15 00:00:00+00:00,0.0,0.0,23.02,86.47,1.16,TNP_0007,4,2016
2016-03-15 01:00:00+00:00,42.33,50.95,23.82,82.57,1.71,TNP_0007,4,2016
2016-03-15 02:00:00+00:00,186.5,266.98,26.3,68.43,2.34,TNP_0007,4,2016
2016-03-15 03:00:00+00:00,398.1,513.47,29.54,52.38,2.42,TNP_0007,4,2016
2016-03-15 04:00:00+00:00,583.25,726.28,32.26,42.96,2.27,TNP_0007,4,2016
2016-03-15 05:00:00+00:00,695.55,881.1,34.24,37.3,2.16,TNP_0007,4,2016
2016-03-15 06:00:00+00:00,747.75,917.1,35.54,33.77,2.27,TNP_0007,4,2016
2016-03-15 07:00:00+00:00,748.75,921.15,36.39,31.59,2.53,TNP_0007,4,2016
2016-03-15 08:00:00+00:00,763.75,843.33,36.64,30.56,2.81,TNP_0007,4,2016
2016-03-15 09:00:00+00:00,606.25,691.55,36.12,30.96,3.19,TNP_0007,4,2016
2016-03-15 10:00:00+00:00,396.98,483.2,34.84,33.22,3.68,TNP_0007,4,2016
2016-03-15 11:00:00+00:00,229.43,257.0,33.47,36.27,4.06,TNP_0007,4,2016
2016-03-15 12:00:00+00:00,48.1,55.47,31.58,41.29,4.02,TNP_0007,4,2016
2016-03-15 13:00:00+00:00,0.0,0.0,29.65,48.42,3.59,TNP_0007,4,2016
2016-03-15 14:00:00+00:00,0.0,0.0,28.05,55.27,3.8,TNP_0007,4,2016
2016-03-15 15:00:00+00:00,0.0,0.0,26.66,61.07,3.79,TNP_0007,4,2016
2016-03-15 16:00:00+00:00,0.0,0.0,25.67,65.49,3.43,TNP_0007,4,2016
2016-03-15 17:00:00+00:00,0.0,0.0,25.04,68.6,2.88,TNP_0007,4,2016
2016-03-15 18:00:00+00:00,0.0,0.0,24.57,71.01,2.44,TNP_0007,4,2016
2016-03-15 19:00:00+00:00,0.0,0.0,24.14,73.21,2.09,TNP_0007,4,2016
2016-03-15 20:00:00+00:00,0.0,0.0,23.77,75.27,1.86,TNP_0007,4,2016
2016-03-15 21:00:00+00:00,0.0,0.0,23.38,77.41,1.6,TNP_0007,4,2016
2016-03-15 22:00:00+00:00,0.0,0.0,23.03,79.34,1.48,TNP_0007,4,2016
2016-03-15 23:00:00+00:00,0.0,0.0,22.67,81.17,1.1,TNP_0007,4,2016
2016-03-16 00:00:00+00:00,0.0,0.0,22.26,82.98,1.01,TNP_0007,4,2016
2016-03-16 01:00:00+00:00,43.4,43.95,23.4,76.56,1.31,TNP_0007,4,2016
2016-03-16 02:00:00+00:00,238.75,243.3,26.81,59.29,1.32,TNP_0007,4,2016
2016-03-16 03:00:00+00:00,458.98,480.58,30.35,46.04,0.81,TNP_0007,4,2016
2016-03-16 04:00:00+00:00,682.28,699.1,33.24,37.72,0.61,TNP_0007,4,2016
2016-03-16 05:00:00+00:00,857.62,862.15,35.3,32.9,0.88,TNP_0007,4,2016
2016-03-16 06:00:00+00:00,923.03,954.38,36.6,30.02,1.08,TNP_0007,4,2016
2016-03-16 07:00:00+00:00,918.72,957.03,37.52,27.82,1.08,TNP_0007,4,2016
2016-03-16 08:00:00+00:00,849.95,878.5,37.51,27.29,1.06,TNP_0007,4,2016
2016-03-16 09:00:00+00:00,695.17,727.15,37.06,27.73,1.29,TNP_0007,4,2016
2016-03-16 10:00:00+00:00,497.52,517.6,35.88,29.73,1.75,TNP_0007,4,2016
2016-03-16 11:00:00+00:00,250.75,277.45,34.38,32.78,2.31,TNP_0007,4,2016
2016-03-16 12:00:00+00:00,58.45,62.95,32.53,37.6,2.56,TNP_0007,4,2016
2016-03-16 13:00:00+00:00,0.0,0.0,30.64,44.09,2.65,TNP_0007,4,2016
2016-03-16 14:00:00+00:00,0.0,0.0,29.35,49.22,3.2,TNP_0007,4,2016
2016-03-16 15:00:00+00:00,0.0,0.0,28.12,54.91,3.28,TNP_0007,4,2016
2016-03-16 16:00:00+00:00,0.0,0.0,26.99,61.18,2.85,TNP_0007,4,2016
2016-03-16 17:00:00+00:00,0.0,0.0,25.99,67.4,2.4,TNP_0007,4,2016
2016-03-16 18:00:00+00:00,0.0,0.0,25.19,72.57,2.12,TNP_0007,4,2016
2016-03-16 19:00:00+00:00,0.0,0.0,24.56,76.72,1.89,TNP_0007,4,2016
2016-03-16 20:00:00+00:00,0.0,0.0,24.04,80.01,1.71,TNP_0007,4,2016
2016-03-16 21:00:00+00:00,0.0,0.0,23.65,82.41,1.52,TNP_0007,4,2016
2016-03-16 22:00:00+00:00,0.0,0.0,23.4,83.93,1.34,TNP_0007,4,2016
2016-03-16 23:00:00+00:00,0.0,0.0,23.16,85.61,1.17,TNP_0007,4,2016
2016-03-17 00:00:00+00:00,0.0,0.0,22.97,87.15,1.0,TNP_0007,4,2016
2016-03-17 01:00:00+00:00,45.5,50.1,23.82,82.5,1.37,TNP_0007,4,2016
2016-03-17 02:00:00+00:00,188.7,259.08,26.4,67.4,1.57,TNP_0007,4,2016
2016-03-17 03:00:00+00:00,413.08,505.67,30.31,47.29,0.36,TNP_0007,4,2016
2016-03-17 04:00:00+00:00,671.85,721.72,33.49,35.5,1.49,TNP_0007,4,2016
2016-03-17 05:00:00+00:00,878.1,880.42,35.57,30.18,2.09,TNP_0007,4,2016
2016-03-17 06:00:00+00:00,949.1,957.4,37.01,27.3,2.16,TNP_0007,4,2016
2016-03-17 07:00:00+00:00,943.83,957.83,37.29,26.66,2.06,TNP_0007,4,2016
2016-03-17 08:00:00+00:00,850.65,879.05,37.44,26.35,1.92,TNP_0007,4,2016
2016-03-17 09:00:00+00:00,689.47,726.33,37.0,26.96,1.69,TNP_0007,4,2016
2016-03-17 10:00:00+00:00,490.3,515.75,35.96,28.61,1.37,TNP_0007,4,2016
2016-03-17 11:00:00+00:00,258.17,275.05,34.84,30.6,1.06,TNP_0007,4,2016
2016-03-17 12:00:00+00:00,60.17,61.92,33.17,34.65,0.79,TNP_0007,4,2016
2016-03-17 13:00:00+00:00,0.0,0.0,31.41,39.74,1.07,TNP_0007,4,2016
2016-03-17 14:00:00+00:00,0.0,0.0,30.57,42.21,1.27,TNP_0007,4,2016
2016-03-17 15:00:00+00:00,0.0,0.0,29.66,45.31,1.29,TNP_0007,4,2016
2016-03-17 16:00:00+00:00,0.0,0.0,28.7,49.17,1.26,TNP_0007,4,2016
2016-03-17 17:00:00+00:00,0.0,0.0,27.62,54.16,1.17,TNP_0007,4,2016
2016-03-17 18:00:00+00:00,0.0,0.0,26.68,59.57,1.07,TNP_0007,4,2016
2016-03-17 19:00:00+00:00,0.0,0.0,25.78,64.78,0.88,TNP_0007,4,2016
2016-03-17 20:00:00+00:00,0.0,0.0,25.12,68.83,0.59,TNP_0007,4,2016
2016-03-17 21:00:00+00:00,0.0,0.0,24.67,71.74,0.36,TNP_0007,4,2016
2016-03-17 22:00:00+00:00,0.0,0.0,24.34,73.77,0.34,TNP_0007,4,2016
2016-03-17 23:00:00+00:00,0.0,0.0,23.91,75.88,0.52,TNP_0007,4,2016
2016-03-18 00:00:00+00:00,0.0,0.0,23.38,78.18,0.73,TNP_0007,4,2016
2016-03-18 01:00:00+00:00,49.03,50.12,24.56,72.68,1.06,TNP_0007,4,2016
2016-03-18 02:00:00+00:00,238.27,253.52,27.83,56.62,1.25,TNP_0007,4,2016
2016-03-18 03:00:00+00:00,468.42,494.15,31.28,39.77,2.38,TNP_0007,4,2016
2016-03-18 04:00:00+00:00,706.38,706.62,33.88,31.67,3.33,TNP_0007,4,2016
2016-03-18 05:00:00+00:00,863.22,865.83,35.82,27.67,3.83,TNP_0007,4,2016
2016-03-18 06:00:00+00:00,950.28,958.08,37.27,25.13,4.19,TNP_0007,4,2016
2016-03-18 07:00:00+00:00,942.42,956.8,38.17,23.52,4.4,TNP_0007,4,2016
2016-03-18 08:00:00+00:00,862.5,875.7,38.53,22.6,4.48,TNP_0007,4,2016
2016-03-18 09:00:00+00:00,675.1,719.55,38.2,22.53,4.32,TNP_0007,4,2016
2016-03-18 10:00:00+00:00,450.42,502.23,37.35,23.1,4.02,TNP_0007,4,2016
2016-03-18 11:00:00+00:00,202.9,259.85,36.09,24.55,3.54,TNP_0007,4,2016
2016-03-18 12:00:00+00:00,49.12,57.62,33.96,28.4,2.07,TNP_0007,4,2016
2016-03-18 13:00:00+00:00,0.0,0.0,31.82,34.23,1.37,TNP_0007,4,2016
2016-03-18 14:00:00+00:00,0.0,0.0,30.72,37.8,1.58,TNP_0007,4,2016
2016-03-18 15:00:00+00:00,0.0,0.0,29.77,41.93,1.64,TNP_0007,4,2016
2016-03-18 16:00:00+00:00,0.0,0.0,28.82,47.06,1.7,TNP_0007,4,2016
2016-03-18 17:00:00+00:00,0.0,0.0,27.51,53.78,1.45,TNP_0007,4,2016
2016-03-18 18:00:00+00:00,0.0,0.0,26.48,60.2,1.3,TNP_0007,4,2016
2016-03-18 19:00:00+00:00,0.0,0.0,25.79,65.57,1.33,TNP_0007,4,2016
2016-03-18 20:00:00+00:00,0.0,0.0,25.23,70.5,1.46,TNP_0007,4,2016
2016-03-18 21:00:00+00:00,0.0,0.0,24.76,74.93,1.53,TNP_0007,4,2016
2016-03-18 22:00:00+00:00,0.0,0.0,24.32,78.95,1.5,TNP_0007,4,2016
2016-03-18 23:00:00+00:00,0.0,0.0,23.94,82.58,1.41,TNP_0007,4,2016
2016-03-19 00:00:00+00:00,0.0,0.0,23.7,85.06,1.48,TNP_0007,4,2016
2016-03-19 01:00:00+00:00,48.33,50.1,24.57,81.67,1.77,TNP_0007,4,2016
2016-03-19 02:00:00+00:00,216.38,250.93,27.31,66.44,1.78,TNP_0007,4,2016
2016-03-19 03:00:00+00:00,418.33,491.4,30.62,49.94,1.41,TNP_0007,4,2016
2016-03-19 04:00:00+00:00,638.97,706.72,33.45,39.17,0.81,TNP_0007,4,2016
2016-03-19 05:00:00+00:00,782.35,862.17,35.72,32.06,0.29,TNP_0007,4,2016
2016-03-19 06:00:00+00:00,942.62,998.72,37.4,27.43,0.35,TNP_0007,4,2016
2016-03-19 07:00:00+00:00,925.3,998.2,38.48,24.48,0.54,TNP_0007,4,2016
2016-03-19 08:00:00+00:00,802.62,918.55,38.96,22.79,0.63,TNP_0007,4,2016
2016-03-19 09:00:00+00:00,673.03,763.58,38.85,22.17,0.83,TNP_0007,4,2016
2016-03-19 10:00:00+00:00,478.15,546.38,38.2,22.37,1.09,TNP_0007,4,2016
2016-03-19 11:00:00+00:00,277.1,292.2,36.86,23.72,1.32,TNP_0007,4,2016
2016-03-19 12:00:00+00:00,60.85,63.78,34.49,27.76,1.35,TNP_0007,4,2016
2016-03-19 13:00:00+00:00,0.0,0.0,31.93,34.65,1.64,TNP_0007,4,2016
2016-03-19 14:00:00+00:00,0.0,0.0,30.36,39.88,2.04,TNP_0007,4,2016
2016-03-19 15:00:00+00:00,0.0,0.0,28.85,46.25,2.45,TNP_0007,4,2016
2016-03-19 16:00:00+00:00,0.0,0.0,27.59,53.63,2.67,TNP_0007,4,2016
2016-03-19 17:00:00+00:00,0.0,0.0,26.56,61.56,2.69,TNP_0007,4,2016
2016-03-19 18:00:00+00:00,0.0,0.0,25.69,69.71,2.6,TNP_0007,4,2016
2016-03-19 19:00:00+00:00,0.0,0.0,24.96,77.42,2.48,TNP_0007,4,2016
2016-03-19 20:00:00+00:00,0.0,0.0,24.36,84.28,2.45,TNP_0007,4,2016
2016-03-19 21:00:00+00:00,0.0,0.0,23.94,88.83,2.43,TNP_0007,4,2016
2016-03-19 22:00:00+00:00,0.0,0.0,23.84,90.07,2.4,TNP_0007,4,2016
2016-03-19 23:00:00+00:00,0.0,0.0,23.74,90.35,2.1,TNP_0007,4,2016
2016-03-20 00:00:00+00:00,0.0,0.0,23.53,91.1,1.59,TNP_0007,4,2016
2016-03-20 01:00:00+00:00,53.3,56.05,24.3,85.81,1.75,TNP_0007,4,2016
2016-03-20 02:00:00+00:00,233.93,271.17,27.11,66.58,0.97,TNP_0007,4,2016
2016-03-20 03:00:00+00:00,446.85,515.97,31.13,43.82,0.98,TNP_0007,4,2016
2016-03-20 04:00:00+00:00,694.83,730.75,34.21,32.53,1.84,TNP_0007,4,2016
2016-03-20 05:00:00+00:00,879.15,888.6,36.49,26.68,2.31,TNP_0007,4,2016
2016-03-20 06:00:00+00:00,969.38,993.1,38.18,23.04,2.74,TNP_0007,4,2016
2016-03-20 07:00:00+00:00,951.55,989.97,39.25,20.83,3.03,TNP_0007,4,2016
2016-03-20 08:00:00+00:00,881.92,907.53,39.66,19.68,3.15,TNP_0007,4,2016
2016-03-20 09:00:00+00:00,709.03,752.0,39.49,19.26,3.16,TNP_0007,4,2016
2016-03-20 10:00:00+00:00,498.35,539.08,38.7,19.54,3.2,TNP_0007,4,2016
2016-03-20 11:00:00+00:00,261.6,292.83,37.19,21.0,2.99,TNP_0007,4,2016
2016-03-20 12:00:00+00:00,63.67,67.93,34.8,25.05,1.8,TNP_0007,4,2016
2016-03-20 13:00:00+00:00,0.0,0.0,32.49,30.35,1.24,TNP_0007,4,2016
2016-03-20 14:00:00+00:00,0.0,0.0,30.93,34.7,1.62,TNP_0007,4,2016
2016-03-20 15:00:00+00:00,0.0,0.0,29.23,40.52,1.94,TNP_0007,4,2016
2016-03-20 16:00:00+00:00,0.0,0.0,28.05,46.8,2.01,TNP_0007,4,2016
2016-03-20 17:00:00+00:00,0.0,0.0,27.07,53.77,2.14,TNP_0007,4,2016
2016-03-20 18:00:00+00:00,0.0,0.0,26.19,61.08,2.17,TNP_0007,4,2016
2016-03-20 19:00:00+00:00,0.0,0.0,25.43,68.26,2.04,TNP_0007,4,2016
2016-03-20 20:00:00+00:00,0.0,0.0,24.74,75.31,1.98,TNP_0007,4,2016
2016-03-20 21:00:00+00:00,0.0,0.0,24.16,81.57,1.88,TNP_0007,4,2016
2016-03-20 22:00:00+00:00,0.0,0.0,23.83,85.83,2.0,TNP_0007,4,2016
2016-03-20 23:00:00+00:00,0.0,0.0,23.58,88.55,1.9,TNP_0007,4,2016
2016-03-21 00:00:00+00:00,0.0,0.0,23.32,90.39,1.54,TNP_0007,4,2016
2016-03-21 01:00:00+00:00,46.0,58.58,24.44,84.23,1.73,TNP_0007,4,2016
2016-03-21 02:00:00+00:00,203.73,276.25,27.6,62.57,1.49,TNP_0007,4,2016
2016-03-21 03:00:00+00:00,416.85,519.58,31.36,40.49,0.81,TNP_0007,4,2016
2016-03-21 04:00:00+00:00,636.28,731.05,34.42,29.34,1.33,TNP_0007,4,2016
2016-03-21 05:00:00+00:00,823.03,885.17,36.65,24.38,1.77,TNP_0007,4,2016
2016-03-21 06:00:00+00:00,907.12,974.3,38.26,21.5,2.04,TNP_0007,4,2016
2016-03-21 07:00:00+00:00,903.72,968.67,39.25,19.8,2.14,TNP_0007,4,2016
2016-03-21 08:00:00+00:00,806.67,882.38,39.67,18.94,2.05,TNP_0007,4,2016
2016-03-21 09:00:00+00:00,651.42,723.9,39.47,18.89,1.89,TNP_0007,4,2016
2016-03-21 10:00:00+00:00,455.25,506.33,38.39,19.97,1.65,TNP_0007,4,2016
2016-03-21 11:00:00+00:00,240.52,268.1,36.77,22.13,1.23,TNP_0007,4,2016
2016-03-21 12:00:00+00:00,51.28,57.9,34.65,26.39,1.03,TNP_0007,4,2016
2016-03-21 13:00:00+00:00,0.0,0.0,32.46,32.23,1.83,TNP_0007,4,2016
2016-03-21 14:00:00+00:00,0.0,0.0,31.35,37.11,2.94,TNP_0007,4,2016
2016-03-21 15:00:00+00:00,0.0,0.0,30.06,44.3,3.75,TNP_0007,4,2016
2016-03-21 16:00:00+00:00,0.0,0.0,28.68,53.41,4.19,TNP_0007,4,2016
2016-03-21 17:00:00+00:00,0.0,0.0,27.43,63.19,4.19,TNP_0007,4,2016
2016-03-21 18:00:00+00:00,0.0,0.0,26.32,72.26,3.89,TNP_0007,4,2016
2016-03-21 19:00:00+00:00,0.0,0.0,25.5,78.41,3.66,TNP_0007,4,2016
2016-03-21 20:00:00+00:00,0.0,0.0,24.91,82.05,3.47,TNP_0007,4,2016
2016-03-21 21:00:00+00:00,0.0,0.0,24.51,84.39,3.12,TNP_0007,4,2016
2016-03-21 22:00:00+00:00,0.0,0.0,24.21,86.02,2.75,TNP_0007,4,2016
2016-03-21 23:00:00+00:00,0.0,0.0,23.96,87.27,2.39,TNP_0007,4,2016
2016-03-22 00:00:00+00:00,0.0,0.0,23.68,88.62,1.98,TNP_0007,4,2016
2016-03-22 01:00:00+00:00,40.9,51.35,24.6,82.49,2.72,TNP_0007,4,2016
2016-03-22 02:00:00+00:00,168.88,242.93,27.78,61.46,3.21,TNP_0007,4,2016
2016-03-22 03:00:00+00:00,379.9,477.9,31.09,47.11,3.06,TNP_0007,4,2016
2016-03-22 04:00:00+00:00,513.97,679.33,33.74,39.42,2.68,TNP_0007,4,2016
2016-03-22 05:00:00+00:00,756.67,823.28,35.79,34.11,2.42,TNP_0007,4,2016
2016-03-22 06:00:00+00:00,853.42,940.95,37.08,30.79,2.35,TNP_0007,4,2016
2016-03-22 07:00:00+00:00,835.2,917.1,37.58,29.42,2.63,TNP_0007,4,2016
2016-03-22 08:00:00+00:00,742.5,813.17,37.19,29.97,3.17,TNP_0007,4,2016
2016-03-22 09:00:00+00:00,627.9,642.2,36.51,31.45,4.04,TNP_0007,4,2016
2016-03-22 10:00:00+00:00,379.02,434.88,34.92,35.49,4.84,TNP_0007,4,2016
2016-03-22 11:00:00+00:00,199.73,227.95,33.19,40.99,5.3,TNP_0007,4,2016
2016-03-22 12:00:00+00:00,41.15,49.83,31.37,47.61,5.52,TNP_0007,4,2016
2016-03-22 13:00:00+00:00,0.0,0.0,29.62,55.28,5.57,TNP_0007,4,2016
2016-03-22 14:00:00+00:00,0.0,0.0,28.25,62.27,5.34,TNP_0007,4,2016
2016-03-22 15:00:00+00:00,0.0,0.0,27.17,68.16,4.89,TNP_0007,4,2016
2016-03-22 16:00:00+00:00,0.0,0.0,26.38,73.04,4.41,TNP_0007,4,2016
2016-03-22 17:00:00+00:00,0.0,0.0,25.72,77.75,3.96,TNP_0007,4,2016
2016-03-22 18:00:00+00:00,0.0,0.0,25.19,82.1,3.62,TNP_0007,4,2016
2016-03-22 19:00:00+00:00,0.0,0.0,24.81,85.54,3.4,TNP_0007,4,2016
2016-03-22 20:00:00+00:00,0.0,0.0,24.56,87.74,3.2,TNP_0007,4,2016
2016-03-22 21:00:00+00:00,0.0,0.0,24.43,88.84,2.84,TNP_0007,4,2016
2016-03-22 22:00:00+00:00,0.0,0.0,24.33,89.52,2.42,TNP_0007,4,2016
2016-03-22 23:00:00+00:00,0.0,0.0,24.16,90.48,1.96,TNP_0007,4,2016
2016-03-23 00:00:00+00:00,0.0,0.0,23.86,92.04,1.63,TNP_0007,4,2016
2016-03-23 01:00:00+00:00,40.8,48.33,24.74,87.2,2.37,TNP_0007,4,2016
2016-03-23 02:00:00+00:00,185.7,230.8,27.12,72.19,2.46,TNP_0007,4,2016
2016-03-23 03:00:00+00:00,367.02,458.5,30.48,54.23,1.96,TNP_0007,4,2016
2016-03-23 04:00:00+00:00,586.45,660.58,33.42,42.27,1.66,TNP_0007,4,2016
2016-03-23 05:00:00+00:00,755.4,814.08,35.55,34.88,1.57,TNP_0007,4,2016
2016-03-23 06:00:00+00:00,908.8,970.47,36.93,30.59,1.48,TNP_0007,4,2016
2016-03-23 07:00:00+00:00,901.15,968.47,37.65,28.55,1.41,TNP_0007,4,2016
2016-03-23 08:00:00+00:00,824.2,881.9,37.81,27.95,1.56,TNP_0007,4,2016
2016-03-23 09:00:00+00:00,669.62,725.9,37.41,28.41,1.73,TNP_0007,4,2016
2016-03-23 10:00:00+00:00,446.77,512.65,36.56,29.77,1.94,TNP_0007,4,2016
2016-03-23 11:00:00+00:00,233.23,267.92,35.21,32.53,2.41,TNP_0007,4,2016
2016-03-23 12:00:00+00:00,53.08,59.15,33.59,36.75,2.87,TNP_0007,4,2016
2016-03-23 13:00:00+00:00,0.0,0.0,31.67,43.2,3.21,TNP_0007,4,2016
2016-03-23 14:00:00+00:00,0.0,0.0,30.38,49.51,3.45,TNP_0007,4,2016
2016-03-23 15:00:00+00:00,0.0,0.0,29.27,55.59,3.1,TNP_0007,4,2016
2016-03-23 16:00:00+00:00,0.0,0.0,28.29,61.21,2.65,TNP_0007,4,2016
2016-03-23 17:00:00+00:00,0.0,0.0,27.53,66.32,2.48,TNP_0007,4,2016
2016-03-23 18:00:00+00:00,0.0,0.0,26.69,71.92,2.31,TNP_0007,4,2016
2016-03-23 19:00:00+00:00,0.0,0.0,25.99,76.82,2.21,TNP_0007,4,2016
2016-03-23 20:00:00+00:00,0.0,0.0,25.47,80.7,2.16,TNP_0007,4,2016
2016-03-23 21:00:00+00:00,0.0,0.0,25.03,83.72,2.04,TNP_0007,4,2016
2016-03-23 22:00:00+00:00,0.0,0.0,24.75,85.42,1.86,TNP_0007,4,2016
2016-03-23 23:00:00+00:00,0.0,0.0,24.56,86.58,1.58,TNP_0007,4,2016
2016-03-24 00:00:00+00:00,0.0,0.0,24.41,87.29,1.18,TNP_0007,4,2016
2016-03-24 01:00:00+00:00,55.58,58.03,25.24,82.69,1.14,TNP_0007,4,2016
2016-03-24 02:00:00+00:00,218.57,257.1,27.92,65.14,0.49,TNP_0007,4,2016
2016-03-24 03:00:00+00:00,439.95,500.65,30.98,47.54,1.27,TNP_0007,4,2016
2016-03-24 04:00:00+00:00,629.22,721.25,33.63,36.31,2.24,TNP_0007,4,2016
2016-03-24 05:00:00+00:00,813.25,870.45,35.75,29.5,2.77,TNP_0007,4,2016
2016-03-24 06:00:00+00:00,901.47,968.88,37.38,25.31,3.12,TNP_0007,4,2016
2016-03-24 07:00:00+00:00,863.8,959.2,38.41,22.88,3.31,TNP_0007,4,2016
2016-03-24 08:00:00+00:00,785.35,878.7,38.85,21.53,3.37,TNP_0007,4,2016
2016-03-24 09:00:00+00:00,608.15,723.4,38.66,21.17,3.39,TNP_0007,4,2016
2016-03-24 10:00:00+00:00,423.1,506.35,37.85,21.9,3.43,TNP_0007,4,2016
2016-03-24 11:00:00+00:00,201.7,261.75,36.44,23.76,3.27,TNP_0007,4,2016
2016-03-24 12:00:00+00:00,47.53,57.88,34.28,28.02,2.25,TNP_0007,4,2016
2016-03-24 13:00:00+00:00,0.0,0.0,32.17,33.68,1.38,TNP_0007,4,2016
2016-03-24 14:00:00+00:00,0.0,0.0,31.01,37.42,1.49,TNP_0007,4,2016
2016-03-24 15:00:00+00:00,0.0,0.0,29.96,41.35,1.49,TNP_0007,4,2016
2016-03-24 16:00:00+00:00,0.0,0.0,28.34,47.42,1.53,TNP_0007,4,2016
2016-03-24 17:00:00+00:00,0.0,0.0,27.32,52.88,1.36,TNP_0007,4,2016
2016-03-24 18:00:00+00:00,0.0,0.0,26.5,58.08,1.09,TNP_0007,4,2016
2016-03-24 19:00:00+00:00,0.0,0.0,25.86,62.45,0.72,TNP_0007,4,2016
2016-03-24 20:00:00+00:00,0.0,0.0,25.36,65.52,0.29,TNP_0007,4,2016
2016-03-24 21:00:00+00:00,0.0,0.0,24.87,67.02,0.58,TNP_0007,4,2016
2016-03-24 22:00:00+00:00,0.0,0.0,24.33,67.85,1.0,TNP_0007,4,2016
2016-03-24 23:00:00+00:00,0.0,0.0,23.76,68.36,1.28,TNP_0007,4,2016
2016-03-25 00:00:00+00:00,0.0,0.0,23.19,68.37,1.47,TNP_0007,4,2016
2016-03-25 01:00:00+00:00,48.72,59.7,23.98,64.94,2.12,TNP_0007,4,2016
2016-03-25 02:00:00+00:00,207.05,267.15,26.19,58.38,2.53,TNP_0007,4,2016
2016-03-25 03:00:00+00:00,450.3,513.72,29.35,42.57,2.73,TNP_0007,4,2016
2016-03-25 04:00:00+00:00,688.72,729.1,32.34,30.01,3.06,TNP_0007,4,2016
2016-03-25 05:00:00+00:00,832.62,888.53,34.73,23.88,3.25,TNP_0007,4,2016
2016-03-25 06:00:00+00:00,934.42,972.0,36.52,20.87,3.35,TNP_0007,4,2016
2016-03-25 07:00:00+00:00,921.22,969.03,37.73,19.03,3.33,TNP_0007,4,2016
2016-03-25 08:00:00+00:00,850.05,887.35,38.33,17.68,3.15,TNP_0007,4,2016
2016-03-25 09:00:00+00:00,693.28,730.03,38.23,16.99,2.93,TNP_0007,4,2016
2016-03-25 10:00:00+00:00,482.25,515.08,37.48,17.2,2.77,TNP_0007,4,2016
2016-03-25 11:00:00+00:00,242.4,271.5,36.07,18.58,2.38,TNP_0007,4,2016
2016-03-25 12:00:00+00:00,58.12,60.88,33.35,23.73,1.16,TNP_0007,4,2016
2016-03-25 13:00:00+00:00,0.0,0.0,30.58,29.89,1.18,TNP_0007,4,2016
2016-03-25 14:00:00+00:00,0.0,0.0,28.74,35.87,1.78,TNP_0007,4,2016
2016-03-25 15:00:00+00:00,0.0,0.0,27.44,42.98,2.0,TNP_0007,4,2016
2016-03-25 16:00:00+00:00,0.0,0.0,26.53,50.68,1.82,TNP_0007,4,2016
2016-03-25 17:00:00+00:00,0.0,0.0,25.88,57.43,1.45,TNP_0007,4,2016
2016-03-25 18:00:00+00:00,0.0,0.0,25.31,63.03,1.06,TNP_0007,4,2016
2016-03-25 19:00:00+00:00,0.0,0.0,24.75,67.69,0.71,TNP_0007,4,2016
2016-03-25 20:00:00+00:00,0.0,0.0,24.21,71.55,0.36,TNP_0007,4,2016
2016-03-25 21:00:00+00:00,0.0,0.0,23.71,74.68,0.1,TNP_0007,4,2016
2016-03-25 22:00:00+00:00,0.0,0.0,23.25,77.16,0.3,TNP_0007,4,2016
2016-03-25 23:00:00+00:00,0.0,0.0,22.85,78.81,0.68,TNP_0007,4,2016
2016-03-26 00:00:00+00:00,0.0,0.0,22.36,80.2,1.04,TNP_0007,4,2016
2016-03-26 01:00:00+00:00,57.4,59.55,23.53,74.11,1.53,TNP_0007,4,2016
2016-03-26 02:00:00+00:00,229.18,260.0,26.5,61.09,1.88,TNP_0007,4,2016
2016-03-26 03:00:00+00:00,458.23,498.58,29.83,45.64,2.51,TNP_0007,4,2016
2016-03-26 04:00:00+00:00,706.85,718.47,32.57,34.55,3.28,TNP_0007,4,2016
2016-03-26 05:00:00+00:00,872.15,880.88,34.76,26.74,3.97,TNP_0007,4,2016
2016-03-26 06:00:00+00:00,1001.35,1012.28,36.41,21.17,4.48,TNP_0007,4,2016
2016-03-26 07:00:00+00:00,982.3,1010.0,37.51,17.38,4.72,TNP_0007,4,2016
2016-03-26 08:00:00+00:00,928.75,930.17,37.98,15.09,4.69,TNP_0007,4,2016
2016-03-26 09:00:00+00:00,746.75,774.42,37.92,13.75,4.58,TNP_0007,4,2016
2016-03-26 10:00:00+00:00,544.03,558.88,37.19,13.37,4.44,TNP_0007,4,2016
2016-03-26 11:00:00+00:00,286.2,308.17,35.8,13.96,4.07,TNP_0007,4,2016
2016-03-26 12:00:00+00:00,69.68,72.75,32.58,17.54,2.36,TNP_0007,4,2016
2016-03-26 13:00:00+00:00,0.0,0.0,29.11,23.47,1.93,TNP_0007,4,2016
2016-03-26 14:00:00+00:00,0.0,0.0,28.25,26.11,1.8,TNP_0007,4,2016
2016-03-26 15:00:00+00:00,0.0,0.0,27.03,29.81,1.87,TNP_0007,4,2016
2016-03-26 16:00:00+00:00,0.0,0.0,25.7,34.92,1.93,TNP_0007,4,2016
2016-03-26 17:00:00+00:00,0.0,0.0,24.61,41.04,1.89,TNP_0007,4,2016
2016-03-26 18:00:00+00:00,0.0,0.0,24.08,47.16,1.56,TNP_0007,4,2016
2016-03-26 19:00:00+00:00,0.0,0.0,23.98,51.38,1.02,TNP_0007,4,2016
2016-03-26 20:00:00+00:00,0.0,0.0,23.69,55.1,0.51,TNP_0007,4,2016
2016-03-26 21:00:00+00:00,0.0,0.0,23.32,58.28,0.2,TNP_0007,4,2016
2016-03-26 22:00:00+00:00,0.0,0.0,22.96,60.75,0.44,TNP_0007,4,2016
2016-03-26 23:00:00+00:00,0.0,0.0,22.39,63.42,0.8,TNP_0007,4,2016
2016-03-27 00:00:00+00:00,0.0,0.0,21.72,66.15,1.17,TNP_0007,4,2016
2016-03-27 01:00:00+00:00,69.1,75.65,23.02,63.26,1.59,TNP_0007,4,2016
2016-03-27 02:00:00+00:00,269.95,311.62,25.96,61.01,1.59,TNP_0007,4,2016
2016-03-27 03:00:00+00:00,519.2,563.42,29.01,49.07,1.82,TNP_0007,4,2016
2016-03-27 04:00:00+00:00,780.62,780.62,31.87,37.59,1.96,TNP_0007,4,2016
2016-03-27 05:00:00+00:00,923.78,933.47,34.31,29.38,1.95,TNP_0007,4,2016
2016-03-27 06:00:00+00:00,974.75,991.67,36.28,23.87,1.96,TNP_0007,4,2016
2016-03-27 07:00:00+00:00,969.25,984.58,37.64,20.46,1.94,TNP_0007,4,2016
2016-03-27 08:00:00+00:00,863.33,902.17,38.32,18.64,1.85,TNP_0007,4,2016
2016-03-27 09:00:00+00:00,701.8,745.58,38.28,17.9,1.7,TNP_0007,4,2016
2016-03-27 10:00:00+00:00,500.95,531.15,37.56,18.09,1.49,TNP_0007,4,2016
2016-03-27 11:00:00+00:00,249.1,285.7,36.18,19.53,1.03,TNP_0007,4,2016
2016-03-27 12:00:00+00:00,60.95,64.95,33.34,24.82,0.59,TNP_0007,4,2016
2016-03-27 13:00:00+00:00,0.0,0.0,30.21,31.8,1.2,TNP_0007,4,2016
2016-03-27 14:00:00+00:00,0.0,0.0,28.92,36.76,1.78,TNP_0007,4,2016
2016-03-27 15:00:00+00:00,0.0,0.0,27.68,43.13,2.01,TNP_0007,4,2016
2016-03-27 16:00:00+00:00,0.0,0.0,26.67,49.76,1.99,TNP_0007,4,2016
2016-03-27 17:00:00+00:00,0.0,0.0,25.84,56.03,1.83,TNP_0007,4,2016
2016-03-27 18:00:00+00:00,0.0,0.0,25.14,61.94,1.58,TNP_0007,4,2016
2016-03-27 19:00:00+00:00,0.0,0.0,24.61,66.87,1.26,TNP_0007,4,2016
2016-03-27 20:00:00+00:00,0.0,0.0,24.27,70.49,0.95,TNP_0007,4,2016
2016-03-27 21:00:00+00:00,0.0,0.0,24.06,72.67,0.58,TNP_0007,4,2016
2016-03-27 22:00:00+00:00,0.0,0.0,23.69,74.56,0.33,TNP_0007,4,2016
2016-03-27 23:00:00+00:00,0.0,0.0,23.28,75.94,0.51,TNP_0007,4,2016
2016-03-28 00:00:00+00:00,0.0,0.0,22.87,77.03,0.92,TNP_0007,4,2016
2016-03-28 01:00:00+00:00,55.75,62.4,24.07,72.32,1.3,TNP_0007,4,2016
2016-03-28 02:00:00+00:00,216.07,269.17,26.78,63.79,1.01,TNP_0007,4,2016
2016-03-28 03:00:00+00:00,385.5,499.9,29.73,51.38,0.88,TNP_0007,4,2016
2016-03-28 04:00:00+00:00,633.33,701.15,32.63,39.82,1.15,TNP_0007,4,2016
2016-03-28 05:00:00+00:00,779.17,859.4,35.08,31.44,1.65,TNP_0007,4,2016
2016-03-28 06:00:00+00:00,976.08,1010.35,36.88,26.1,2.1,TNP_0007,4,2016
2016-03-28 07:00:00+00:00,944.45,1006.95,38.06,22.9,2.42,TNP_0007,4,2016
2016-03-28 08:00:00+00:00,886.6,921.12,38.61,21.29,2.59,TNP_0007,4,2016
2016-03-28 09:00:00+00:00,719.4,762.8,38.58,20.73,2.73,TNP_0007,4,2016
2016-03-28 10:00:00+00:00,518.75,545.88,37.87,21.21,2.82,TNP_0007,4,2016
2016-03-28 11:00:00+00:00,271.08,294.85,36.59,22.62,2.85,TNP_0007,4,2016
2016-03-28 12:00:00+00:00,62.8,66.9,34.29,26.31,2.12,TNP_0007,4,2016
2016-03-28 13:00:00+00:00,0.0,0.0,31.4,32.95,1.51,TNP_0007,4,2016
2016-03-28 14:00:00+00:00,0.0,0.0,30.37,36.65,1.42,TNP_0007,4,2016
2016-03-28 15:00:00+00:00,0.0,0.0,29.38,40.71,1.37,TNP_0007,4,2016
2016-03-28 16:00:00+00:00,0.0,0.0,28.44,45.63,1.45,TNP_0007,4,2016
2016-03-28 17:00:00+00:00,0.0,0.0,27.52,52.83,1.68,TNP_0007,4,2016
2016-03-28 18:00:00+00:00,0.0,0.0,26.79,60.27,1.83,TNP_0007,4,2016
2016-03-28 19:00:00+00:00,0.0,0.0,26.21,66.06,1.94,TNP_0007,4,2016
2016-03-28 20:00:00+00:00,0.0,0.0,25.61,70.97,1.84,TNP_0007,4,2016
2016-03-28 21:00:00+00:00,0.0,0.0,25.05,75.29,1.79,TNP_0007,4,2016
2016-03-28 22:00:00+00:00,0.0,0.0,24.54,78.99,1.53,TNP_0007,4,2016
2016-03-28 23:00:00+00:00,0.0,0.0,24.16,81.85,1.31,TNP_0007,4,2016
2016-03-29 00:00:00+00:00,0.0,0.0,23.82,84.32,1.34,TNP_0007,4,2016
2016-03-29 01:00:00+00:00,59.88,73.28,24.81,79.15,1.99,TNP_0007,4,2016
2016-03-29 02:00:00+00:00,229.7,304.1,27.08,66.28,2.25,TNP_0007,4,2016
2016-03-29 03:00:00+00:00,460.8,546.72,29.71,53.38,2.39,TNP_0007,4,2016
2016-03-29 04:00:00+00:00,677.53,753.17,32.19,42.76,2.5,TNP_0007,4,2016
2016-03-29 05:00:00+00:00,848.55,904.03,34.32,34.99,2.6,TNP_0007,4,2016
2016-03-29 06:00:00+00:00,919.65,993.72,36.02,29.93,2.68,TNP_0007,4,2016
2016-03-29 07:00:00+00:00,887.88,989.58,37.24,26.58,2.68,TNP_0007,4,2016
2016-03-29 08:00:00+00:00,845.2,906.3,37.9,24.51,2.58,TNP_0007,4,2016
2016-03-29 09:00:00+00:00,667.22,750.97,37.92,23.5,2.5,TNP_0007,4,2016
2016-03-29 10:00:00+00:00,464.25,539.2,37.27,23.7,2.53,TNP_0007,4,2016
2016-03-29 11:00:00+00:00,240.8,293.98,36.03,25.06,2.47,TNP_0007,4,2016
2016-03-29 12:00:00+00:00,59.35,69.05,33.88,29.11,1.74,TNP_0007,4,2016
2016-03-29 13:00:00+00:00,0.0,0.0,31.66,35.85,1.32,TNP_0007,4,2016
2016-03-29 14:00:00+00:00,0.0,0.0,30.71,40.65,1.47,TNP_0007,4,2016
2016-03-29 15:00:00+00:00,0.0,0.0,29.63,46.51,1.5,TNP_0007,4,2016
2016-03-29 16:00:00+00:00,0.0,0.0,28.6,53.83,1.55,TNP_0007,4,2016
2016-03-29 17:00:00+00:00,0.0,0.0,27.61,61.52,1.52,TNP_0007,4,2016
2016-03-29 18:00:00+00:00,0.0,0.0,26.75,67.2,1.19,TNP_0007,4,2016
2016-03-29 19:00:00+00:00,0.0,0.0,26.21,70.71,0.99,TNP_0007,4,2016
2016-03-29 20:00:00+00:00,0.0,0.0,25.69,73.6,0.9,TNP_0007,4,2016
2016-03-29 21:00:00+00:00,0.0,0.0,25.18,76.45,0.85,TNP_0007,4,2016
2016-03-29 22:00:00+00:00,0.0,0.0,24.69,79.45,0.89,TNP_0007,4,2016
2016-03-29 23:00:00+00:00,0.0,0.0,24.23,82.44,0.97,TNP_0007,4,2016
2016-03-30 00:00:00+00:00,0.0,0.0,23.69,85.88,1.06,TNP_0007,4,2016
2016-03-30 01:00:00+00:00,71.97,77.55,24.41,84.03,1.53,TNP_0007,4,2016
2016-03-30 02:00:00+00:00,262.9,314.0,26.64,70.35,1.87,TNP_0007,4,2016
2016-03-30 03:00:00+00:00,489.23,564.05,29.8,51.49,2.3,TNP_0007,4,2016
2016-03-30 04:00:00+00:00,698.42,775.3,32.61,38.06,2.84,TNP_0007,4,2016
2016-03-30 05:00:00+00:00,848.22,931.62,34.94,29.83,3.14,TNP_0007,4,2016
2016-03-30 06:00:00+00:00,981.65,1027.57,36.7,25.22,3.24,TNP_0007,4,2016
2016-03-30 07:00:00+00:00,954.5,1021.72,37.83,22.71,3.22,TNP_0007,4,2016
2016-03-30 08:00:00+00:00,877.08,936.7,38.31,21.45,3.11,TNP_0007,4,2016
2016-03-30 09:00:00+00:00,697.8,777.97,38.23,20.92,2.9,TNP_0007,4,2016
2016-03-30 10:00:00+00:00,496.75,560.35,37.5,21.29,2.61,TNP_0007,4,2016
2016-03-30 11:00:00+00:00,245.38,307.7,36.13,22.9,2.14,TNP_0007,4,2016
2016-03-30 12:00:00+00:00,61.7,72.05,33.97,27.39,1.08,TNP_0007,4,2016
2016-03-30 13:00:00+00:00,0.0,0.0,31.27,34.92,1.08,TNP_0007,4,2016
2016-03-30 14:00:00+00:00,0.0,0.0,29.93,39.59,1.6,TNP_0007,4,2016
2016-03-30 15:00:00+00:00,0.0,0.0,28.98,45.17,1.65,TNP_0007,4,2016
2016-03-30 16:00:00+00:00,0.0,0.0,28.07,51.58,1.52,TNP_0007,4,2016
2016-03-30 17:00:00+00:00,0.0,0.0,27.2,57.7,1.28,TNP_0007,4,2016
2016-03-30 18:00:00+00:00,0.0,0.0,26.45,63.51,0.82,TNP_0007,4,2016
2016-03-30 19:00:00+00:00,0.0,0.0,25.86,68.16,0.44,TNP_0007,4,2016
2016-03-30 20:00:00+00:00,0.0,0.0,25.42,70.85,0.12,TNP_0007,4,2016
2016-03-30 21:00:00+00:00,0.0,0.0,25.0,73.06,0.06,TNP_0007,4,2016
2016-03-30 22:00:00+00:00,0.0,0.0,24.65,74.89,0.12,TNP_0007,4,2016
2016-03-30 23:00:00+00:00,0.0,0.0,24.31,76.76,0.18,TNP_0007,4,2016
2016-03-31 00:00:00+00:00,0.0,0.0,24.0,78.59,0.35,TNP_0007,4,2016
2016-03-31 01:00:00+00:00,63.2,72.78,24.89,75.75,0.71,TNP_0007,4,2016
2016-03-31 02:00:00+00:00,230.95,286.0,26.93,66.96,0.69,TNP_0007,4,2016
2016-03-31 03:00:00+00:00,467.4,534.83,29.21,54.54,1.1,TNP_0007,4,2016
2016-03-31 04:00:00+00:00,653.03,740.33,31.38,43.5,1.42,TNP_0007,4,2016
2016-03-31 05:00:00+00:00,808.1,892.78,33.34,35.57,1.57,TNP_0007,4,2016
2016-03-31 06:00:00+00:00,919.3,990.17,34.92,30.33,1.84,TNP_0007,4,2016
2016-03-31 07:00:00+00:00,898.5,985.72,36.03,26.97,2.08,TNP_0007,4,2016
2016-03-31 08:00:00+00:00,837.35,896.75,36.6,25.05,2.17,TNP_0007,4,2016
2016-03-31 09:00:00+00:00,700.72,729.62,36.65,24.22,2.23,TNP_0007,4,2016
2016-03-31 10:00:00+00:00,461.4,504.8,36.15,24.43,2.29,TNP_0007,4,2016
2016-03-31 11:00:00+00:00,225.45,264.7,35.02,25.92,2.12,TNP_0007,4,2016
2016-03-31 12:00:00+00:00,55.55,59.65,33.0,30.22,1.31,TNP_0007,4,2016
2016-03-31 13:00:00+00:00,0.0,0.0,30.56,36.38,1.16,TNP_0007,4,2016
2016-03-31 14:00:00+00:00,0.0,0.0,29.01,41.05,1.67,TNP_0007,4,2016
2016-03-31 15:00:00+00:00,0.0,0.0,27.89,46.35,1.95,TNP_0007,4,2016
2016-03-31 16:00:00+00:00,0.0,0.0,27.01,52.35,1.89,TNP_0007,4,2016
2016-03-31 17:00:00+00:00,0.0,0.0,26.26,58.32,1.77,TNP_0007,4,2016
2016-03-31 18:00:00+00:00,0.0,0.0,25.68,63.65,1.59,TNP_0007,4,2016
2016-03-31 19:00:00+00:00,0.0,0.0,25.16,68.52,1.31,TNP_0007,4,2016
2016-03-31 20:00:00+00:00,0.0,0.0,24.58,73.17,0.87,TNP_0007,4,2016
2016-03-31 21:00:00+00:00,0.0,0.0,24.09,76.98,0.43,TNP_0007,4,2016
2016-03-31 22:00:00+00:00,0.0,0.0,23.67,79.88,0.12,TNP_0007,4,2016
2016-03-31 23:00:00+00:00,0.0,0.0,23.27,82.13,0.29,TNP_0007,4,2016
2016-04-01 00:00:00+00:00,0.0,0.0,22.92,83.73,0.67,TNP_0007,4,2016
2016-04-01 01:00:00+00:00,75.38,78.18,24.23,77.08,1.26,TNP_0007,4,2016
2016-04-01 02:00:00+00:00,280.6,301.3,27.06,64.16,1.67,TNP_0007,4,2016
2016-04-01 03:00:00+00:00,525.22,545.28,30.14,50.21,1.95,TNP_0007,4,2016
2016-04-01 04:00:00+00:00,750.0,755.42,32.94,39.13,2.39,TNP_0007,4,2016
2016-04-01 05:00:00+00:00,906.62,912.25,35.2,31.44,2.88,TNP_0007,4,2016
2016-04-01 06:00:00+00:00,988.08,1009.33,36.93,26.22,3.31,TNP_0007,4,2016
2016-04-01 07:00:00+00:00,946.9,999.47,38.05,22.95,3.58,TNP_0007,4,2016
2016-04-01 08:00:00+00:00,870.03,911.65,38.52,21.15,3.7,TNP_0007,4,2016
2016-04-01 09:00:00+00:00,727.38,756.75,38.35,20.44,3.79,TNP_0007,4,2016
2016-04-01 10:00:00+00:00,513.28,543.0,37.55,20.78,3.74,TNP_0007,4,2016
2016-04-01 11:00:00+00:00,261.73,295.9,36.13,22.33,3.38,TNP_0007,4,2016
2016-04-01 12:00:00+00:00,63.0,68.55,33.8,26.4,2.1,TNP_0007,4,2016
2016-04-01 13:00:00+00:00,0.0,0.0,31.07,32.76,1.1,TNP_0007,4,2016
2016-04-01 14:00:00+00:00,0.0,0.0,29.2,38.52,1.65,TNP_0007,4,2016
2016-04-01 15:00:00+00:00,0.0,0.0,28.0,44.77,2.05,TNP_0007,4,2016
2016-04-01 16:00:00+00:00,0.0,0.0,27.09,51.83,2.28,TNP_0007,4,2016
2016-04-01 17:00:00+00:00,0.0,0.0,26.33,59.09,2.67,TNP_0007,4,2016
2016-04-01 18:00:00+00:00,0.0,0.0,25.59,66.2,2.61,TNP_0007,4,2016
2016-04-01 19:00:00+00:00,0.0,0.0,25.02,72.18,2.29,TNP_0007,4,2016
2016-04-01 20:00:00+00:00,0.0,0.0,24.63,76.49,1.94,TNP_0007,4,2016
2016-04-01 21:00:00+00:00,0.0,0.0,24.38,79.27,1.84,TNP_0007,4,2016
2016-04-01 22:00:00+00:00,0.0,0.0,24.17,81.06,1.66,TNP_0007,4,2016
2016-04-01 23:00:00+00:00,0.0,0.0,23.93,82.27,1.32,TNP_0007,4,2016
2016-04-02 00:00:00+00:00,0.0,0.0,23.66,83.0,1.24,TNP_0007,4,2016
2016-04-02 01:00:00+00:00,74.68,81.03,24.79,75.81,1.48,TNP_0007,4,2016
2016-04-02 02:00:00+00:00,254.38,307.3,27.69,61.59,1.37,TNP_0007,4,2016
2016-04-02 03:00:00+00:00,465.73,554.83,30.81,47.99,1.31,TNP_0007,4,2016
2016-04-02 04:00:00+00:00,678.7,763.47,33.62,37.62,1.98,TNP_0007,4,2016
2016-04-02 05:00:00+00:00,825.67,914.92,35.93,30.28,2.79,TNP_0007,4,2016
2016-04-02 06:00:00+00:00,943.15,996.12,37.61,25.57,3.46,TNP_0007,4,2016
2016-04-02 07:00:00+00:00,909.78,990.12,38.65,22.89,3.96,TNP_0007,4,2016
2016-04-02 08:00:00+00:00,827.15,903.75,39.04,21.61,4.34,TNP_0007,4,2016
2016-04-02 09:00:00+00:00,696.08,743.42,38.83,21.3,4.48,TNP_0007,4,2016
2016-04-02 10:00:00+00:00,472.2,522.95,38.1,21.65,4.2,TNP_0007,4,2016
2016-04-02 11:00:00+00:00,265.95,279.52,36.77,23.16,3.49,TNP_0007,4,2016
2016-04-02 12:00:00+00:00,58.72,61.47,34.55,27.29,1.87,TNP_0007,4,2016
2016-04-02 13:00:00+00:00,0.0,0.0,31.71,34.32,1.25,TNP_0007,4,2016
2016-04-02 14:00:00+00:00,0.0,0.0,30.1,40.2,2.09,TNP_0007,4,2016
2016-04-02 15:00:00+00:00,0.0,0.0,29.37,46.64,2.89,TNP_0007,4,2016
2016-04-02 16:00:00+00:00,0.0,0.0,28.24,54.93,3.3,TNP_0007,4,2016
2016-04-02 17:00:00+00:00,0.0,0.0,27.27,62.88,3.22,TNP_0007,4,2016
2016-04-02 18:00:00+00:00,0.0,0.0,26.32,70.68,3.07,TNP_0007,4,2016
2016-04-02 19:00:00+00:00,0.0,0.0,25.67,75.73,2.89,TNP_0007,4,2016
2016-04-02 20:00:00+00:00,0.0,0.0,25.2,78.91,2.63,TNP_0007,4,2016
2016-04-02 21:00:00+00:00,0.0,0.0,24.84,80.93,2.39,TNP_0007,4,2016
2016-04-02 22:00:00+00:00,0.0,0.0,24.52,82.66,2.22,TNP_0007,4,2016
2016-04-02 23:00:00+00:00,0.0,0.0,24.16,85.11,2.0,TNP_0007,4,2016
2016-04-03 00:00:00+00:00,0.0,0.0,23.64,88.39,1.54,TNP_0007,4,2016
2016-04-03 01:00:00+00:00,68.55,75.22,24.9,81.56,2.17,TNP_0007,4,2016
2016-04-03 02:00:00+00:00,246.82,294.0,28.01,62.95,2.06,TNP_0007,4,2016
2016-04-03 03:00:00+00:00,410.17,524.65,31.49,45.98,1.05,TNP_0007,4,2016
2016-04-03 04:00:00+00:00,626.17,731.1,34.31,35.03,0.24,TNP_0007,4,2016
2016-04-03 05:00:00+00:00,809.38,879.75,36.57,27.65,1.14,TNP_0007,4,2016
2016-04-03 06:00:00+00:00,884.65,961.67,38.23,23.2,1.85,TNP_0007,4,2016
2016-04-03 07:00:00+00:00,831.97,954.25,39.28,20.6,2.43,TNP_0007,4,2016
2016-04-03 08:00:00+00:00,766.15,865.83,39.75,19.17,2.83,TNP_0007,4,2016
2016-04-03 09:00:00+00:00,610.45,706.62,39.51,18.84,3.03,TNP_0007,4,2016
2016-04-03 10:00:00+00:00,476.9,501.75,38.63,19.37,3.04,TNP_0007,4,2016
2016-04-03 11:00:00+00:00,236.25,257.42,37.17,21.07,2.64,TNP_0007,4,2016
2016-04-03 12:00:00+00:00,51.05,53.53,34.85,26.08,1.32,TNP_0007,4,2016
2016-04-03 13:00:00+00:00,0.0,0.0,31.72,32.53,1.21,TNP_0007,4,2016
2016-04-03 14:00:00+00:00,0.0,0.0,30.12,37.89,1.82,TNP_0007,4,2016
2016-04-03 15:00:00+00:00,0.0,0.0,28.99,44.2,2.19,TNP_0007,4,2016
2016-04-03 16:00:00+00:00,0.0,0.0,27.99,50.83,2.46,TNP_0007,4,2016
2016-04-03 17:00:00+00:00,0.0,0.0,27.04,57.61,2.44,TNP_0007,4,2016
2016-04-03 18:00:00+00:00,0.0,0.0,26.27,63.83,2.24,TNP_0007,4,2016
2016-04-03 19:00:00+00:00,0.0,0.0,25.64,69.32,1.95,TNP_0007,4,2016
2016-04-03 20:00:00+00:00,0.0,0.0,25.17,73.72,1.65,TNP_0007,4,2016
2016-04-03 21:00:00+00:00,0.0,0.0,24.78,77.2,1.35,TNP_0007,4,2016
2016-04-03 22:00:00+00:00,0.0,0.0,24.46,79.71,0.99,TNP_0007,4,2016
2016-04-03 23:00:00+00:00,0.0,0.0,24.16,81.72,0.63,TNP_0007,4,2016
2016-04-04 00:00:00+00:00,0.0,0.0,23.81,83.75,0.55,TNP_0007,4,2016
2016-04-04 01:00:00+00:00,71.9,80.45,24.91,77.89,0.69,TNP_0007,4,2016
2016-04-04 02:00:00+00:00,242.2,301.52,28.28,58.79,0.25,TNP_0007,4,2016
2016-04-04 03:00:00+00:00,481.3,544.28,31.61,42.79,0.64,TNP_0007,4,2016
2016-04-04 04:00:00+00:00,655.4,740.8,34.26,32.81,1.38,TNP_0007,4,2016
2016-04-04 05:00:00+00:00,711.83,888.83,36.48,26.36,2.11,TNP_0007,4,2016
2016-04-04 06:00:00+00:00,869.28,1002.0,38.18,22.27,2.77,TNP_0007,4,2016
2016-04-04 07:00:00+00:00,925.42,995.72,39.23,19.73,3.34,TNP_0007,4,2016
2016-04-04 08:00:00+00:00,768.15,911.97,39.66,18.2,3.74,TNP_0007,4,2016
2016-04-04 09:00:00+00:00,647.58,755.7,39.48,17.41,3.97,TNP_0007,4,2016
2016-04-04 10:00:00+00:00,486.52,541.9,38.65,17.32,4.04,TNP_0007,4,2016
2016-04-04 11:00:00+00:00,288.17,300.38,37.22,18.1,3.85,TNP_0007,4,2016
2016-04-04 12:00:00+00:00,66.6,69.15,34.66,21.21,2.42,TNP_0007,4,2016
2016-04-04 13:00:00+00:00,0.0,0.0,31.62,27.02,1.33,TNP_0007,4,2016
2016-04-04 14:00:00+00:00,0.0,0.0,30.39,30.89,1.18,TNP_0007,4,2016
2016-04-04 15:00:00+00:00,0.0,0.0,28.69,37.05,1.62,TNP_0007,4,2016
2016-04-04 16:00:00+00:00,0.0,0.0,27.59,44.02,1.8,TNP_0007,4,2016
2016-04-04 17:00:00+00:00,0.0,0.0,26.76,51.24,1.83,TNP_0007,4,2016
2016-04-04 18:00:00+00:00,0.0,0.0,26.06,58.38,2.15,TNP_0007,4,2016
2016-04-04 19:00:00+00:00,0.0,0.0,25.36,65.83,2.36,TNP_0007,4,2016
2016-04-04 20:00:00+00:00,0.0,0.0,24.76,73.08,2.38,TNP_0007,4,2016
2016-04-04 21:00:00+00:00,0.0,0.0,24.28,79.39,2.33,TNP_0007,4,2016
2016-04-04 22:00:00+00:00,0.0,0.0,23.88,84.4,2.26,TNP_0007,4,2016
2016-04-04 23:00:00+00:00,0.0,0.0,23.55,87.94,2.17,TNP_0007,4,2016
2016-04-05 00:00:00+00:00,0.0,0.0,23.32,89.9,2.15,TNP_0007,4,2016
2016-04-05 01:00:00+00:00,81.05,91.38,24.7,82.24,2.78,TNP_0007,4,2016
2016-04-05 02:00:00+00:00,274.35,321.73,27.6,65.03,2.64,TNP_0007,4,2016
2016-04-05 03:00:00+00:00,435.92,554.92,31.05,47.38,1.47,TNP_0007,4,2016
2016-04-05 04:00:00+00:00,657.45,765.78,33.89,36.2,0.34,TNP_0007,4,2016
2016-04-05 05:00:00+00:00,822.47,916.72,36.09,29.13,0.37,TNP_0007,4,2016
2016-04-05 06:00:00+00:00,859.83,987.42,37.73,24.71,0.68,TNP_0007,4,2016
2016-04-05 07:00:00+00:00,825.53,969.6,38.8,22.07,0.85,TNP_0007,4,2016
2016-04-05 08:00:00+00:00,811.97,856.62,39.24,20.86,0.97,TNP_0007,4,2016
2016-04-05 09:00:00+00:00,625.17,646.9,39.05,20.67,1.22,TNP_0007,4,2016
2016-04-05 10:00:00+00:00,435.15,441.15,38.19,21.53,1.63,TNP_0007,4,2016
2016-04-05 11:00:00+00:00,214.98,223.07,36.61,24.06,2.19,TNP_0007,4,2016
2016-04-05 12:00:00+00:00,46.58,49.17,34.24,29.25,2.92,TNP_0007,4,2016
2016-04-05 13:00:00+00:00,0.0,0.0,31.37,38.57,3.77,TNP_0007,4,2016
2016-04-05 14:00:00+00:00,0.0,0.0,29.56,48.32,4.33,TNP_0007,4,2016
2016-04-05 15:00:00+00:00,0.0,0.0,28.29,57.21,4.74,TNP_0007,4,2016
2016-04-05 16:00:00+00:00,0.0,0.0,27.11,65.4,4.62,TNP_0007,4,2016
2016-04-05 17:00:00+00:00,0.0,0.0,26.18,72.14,4.14,TNP_0007,4,2016
2016-04-05 18:00:00+00:00,0.0,0.0,25.5,76.88,3.59,TNP_0007,4,2016
2016-04-05 19:00:00+00:00,0.0,0.0,24.95,80.33,3.17,TNP_0007,4,2016
2016-04-05 20:00:00+00:00,0.0,0.0,24.62,82.22,2.91,TNP_0007,4,2016
2016-04-05 21:00:00+00:00,0.0,0.0,24.37,83.54,2.64,TNP_0007,4,2016
2016-04-05 22:00:00+00:00,0.0,0.0,24.21,84.1,2.46,TNP_0007,4,2016
2016-04-05 23:00:00+00:00,0.0,0.0,24.04,84.66,2.08,TNP_0007,4,2016
2016-04-06 00:00:00+00:00,0.0,0.0,23.82,85.34,1.73,TNP_0007,4,2016
2016-04-06 01:00:00+00:00,73.28,81.4,24.88,79.1,2.25,TNP_0007,4,2016
2016-04-06 02:00:00+00:00,263.52,298.3,27.68,62.48,2.28,TNP_0007,4,2016
2016-04-06 03:00:00+00:00,492.83,537.17,31.05,46.03,2.06,TNP_0007,4,2016
2016-04-06 04:00:00+00:00,649.55,720.53,33.73,36.66,1.62,TNP_0007,4,2016
2016-04-06 05:00:00+00:00,723.75,862.17,35.94,30.04,1.13,TNP_0007,4,2016
2016-04-06 06:00:00+00:00,924.3,988.58,37.62,25.68,0.78,TNP_0007,4,2016
2016-04-06 07:00:00+00:00,855.47,980.97,38.7,23.25,0.76,TNP_0007,4,2016
2016-04-06 08:00:00+00:00,729.58,891.08,39.06,22.32,1.0,TNP_0007,4,2016
2016-04-06 09:00:00+00:00,637.62,725.58,38.93,22.27,1.48,TNP_0007,4,2016
2016-04-06 10:00:00+00:00,424.5,512.42,37.72,23.9,2.25,TNP_0007,4,2016
2016-04-06 11:00:00+00:00,249.93,280.23,36.06,27.23,3.25,TNP_0007,4,2016
2016-04-06 12:00:00+00:00,55.1,62.35,34.12,32.45,4.2,TNP_0007,4,2016
2016-04-06 13:00:00+00:00,0.0,0.0,31.99,40.27,4.9,TNP_0007,4,2016
2016-04-06 14:00:00+00:00,0.0,0.0,29.99,50.19,5.6,TNP_0007,4,2016
2016-04-06 15:00:00+00:00,0.0,0.0,28.13,60.98,5.56,TNP_0007,4,2016
2016-04-06 16:00:00+00:00,0.0,0.0,26.68,70.69,4.88,TNP_0007,4,2016
2016-04-06 17:00:00+00:00,0.0,0.0,25.75,77.45,4.0,TNP_0007,4,2016
2016-04-06 18:00:00+00:00,0.0,0.0,25.18,81.57,3.23,TNP_0007,4,2016
2016-04-06 19:00:00+00:00,0.0,0.0,24.73,84.97,2.69,TNP_0007,4,2016
2016-04-06 20:00:00+00:00,0.0,0.0,24.39,87.48,2.32,TNP_0007,4,2016
2016-04-06 21:00:00+00:00,0.0,0.0,24.18,88.96,2.06,TNP_0007,4,2016
2016-04-06 22:00:00+00:00,0.0,0.0,24.05,89.83,1.76,TNP_0007,4,2016
2016-04-06 23:00:00+00:00,0.0,0.0,23.91,90.37,1.41,TNP_0007,4,2016
2016-04-07 00:00:00+00:00,0.0,0.0,23.63,91.6,1.01,TNP_0007,4,2016
2016-04-07 01:00:00+00:00,82.28,82.62,24.62,85.69,1.64,TNP_0007,4,2016
2016-04-07 02:00:00+00:00,298.5,301.38,27.39,69.2,2.02,TNP_0007,4,2016
2016-04-07 03:00:00+00:00,514.6,531.65,31.28,49.07,1.84,TNP_0007,4,2016
2016-04-07 04:00:00+00:00,727.83,738.62,34.09,38.62,1.09,TNP_0007,4,2016
2016-04-07 05:00:00+00:00,848.95,888.0,36.18,32.26,0.53,TNP_0007,4,2016
2016-04-07 06:00:00+00:00,880.33,964.4,37.51,28.48,0.24,TNP_0007,4,2016
2016-04-07 07:00:00+00:00,876.1,949.45,38.3,26.49,0.21,TNP_0007,4,2016
2016-04-07 08:00:00+00:00,780.8,861.2,38.64,25.56,0.63,TNP_0007,4,2016
2016-04-07 09:00:00+00:00,626.15,703.0,38.45,25.45,1.09,TNP_0007,4,2016
2016-04-07 10:00:00+00:00,481.4,503.9,37.5,26.85,1.59,TNP_0007,4,2016
2016-04-07 11:00:00+00:00,240.5,266.6,36.04,29.74,2.12,TNP_0007,4,2016
2016-04-07 12:00:00+00:00,52.65,57.35,34.42,34.0,2.4,TNP_0007,4,2016
2016-04-07 13:00:00+00:00,0.0,0.0,32.56,40.73,2.41,TNP_0007,4,2016
2016-04-07 14:00:00+00:00,0.0,0.0,31.33,46.62,3.31,TNP_0007,4,2016
2016-04-07 15:00:00+00:00,0.0,0.0,30.05,53.69,3.59,TNP_0007,4,2016
2016-04-07 16:00:00+00:00,0.0,0.0,28.9,60.9,3.45,TNP_0007,4,2016
2016-04-07 17:00:00+00:00,0.0,0.0,27.94,67.27,3.09,TNP_0007,4,2016
2016-04-07 18:00:00+00:00,0.0,0.0,27.15,72.8,2.73,TNP_0007,4,2016
2016-04-07 19:00:00+00:00,0.0,0.0,26.53,77.4,2.47,TNP_0007,4,2016
2016-04-07 20:00:00+00:00,0.0,0.0,26.06,81.08,2.26,TNP_0007,4,2016
2016-04-07 21:00:00+00:00,0.0,0.0,25.72,83.83,2.08,TNP_0007,4,2016
2016-04-07 22:00:00+00:00,0.0,0.0,25.51,85.54,1.91,TNP_0007,4,2016
2016-04-07 23:00:00+00:00,0.0,0.0,25.32,86.83,1.67,TNP_0007,4,2016
2016-04-08 00:00:00+00:00,0.0,0.0,25.19,87.28,1.41,TNP_0007,4,2016
2016-04-08 01:00:00+00:00,67.82,83.22,25.65,83.89,1.45,TNP_0007,4,2016
2016-04-08 02:00:00+00:00,247.35,298.73,27.36,71.7,1.36,TNP_0007,4,2016
2016-04-08 03:00:00+00:00,424.73,526.17,29.81,57.55,0.91,TNP_0007,4,2016
2016-04-08 04:00:00+00:00,645.3,730.67,31.84,49.08,0.79,TNP_0007,4,2016
2016-04-08 05:00:00+00:00,722.97,878.03,33.51,43.2,1.0,TNP_0007,4,2016
2016-04-08 06:00:00+00:00,860.28,950.72,34.96,38.82,1.04,TNP_0007,4,2016
2016-04-08 07:00:00+00:00,636.85,937.28,35.74,36.45,1.13,TNP_0007,4,2016
2016-04-08 08:00:00+00:00,713.9,846.53,36.05,35.44,1.4,TNP_0007,4,2016
2016-04-08 09:00:00+00:00,584.2,685.2,35.65,36.05,1.96,TNP_0007,4,2016
2016-04-08 10:00:00+00:00,402.8,483.38,34.4,38.87,2.77,TNP_0007,4,2016
2016-04-08 11:00:00+00:00,179.05,214.38,32.86,43.52,3.56,TNP_0007,4,2016
2016-04-08 12:00:00+00:00,42.62,56.1,31.02,50.8,3.97,TNP_0007,4,2016
2016-04-08 13:00:00+00:00,0.0,0.0,29.06,61.33,4.04,TNP_0007,4,2016
2016-04-08 14:00:00+00:00,0.0,0.0,27.57,71.17,4.22,TNP_0007,4,2016
2016-04-08 15:00:00+00:00,0.0,0.0,26.46,79.18,4.04,TNP_0007,4,2016
2016-04-08 16:00:00+00:00,0.0,0.0,25.76,84.32,3.46,TNP_0007,4,2016
2016-04-08 17:00:00+00:00,0.0,0.0,25.32,87.49,2.83,TNP_0007,4,2016
2016-04-08 18:00:00+00:00,0.0,0.0,25.02,89.6,2.47,TNP_0007,4,2016
2016-04-08 19:00:00+00:00,0.0,0.0,24.76,91.08,2.22,TNP_0007,4,2016
2016-04-08 20:00:00+00:00,0.0,0.0,24.53,92.36,2.06,TNP_0007,4,2016
2016-04-08 21:00:00+00:00,0.0,0.0,24.35,93.43,1.87,TNP_0007,4,2016
2016-04-08 22:00:00+00:00,0.0,0.0,24.27,94.03,1.65,TNP_0007,4,2016
2016-04-08 23:00:00+00:00,0.0,0.0,24.22,94.37,1.5,TNP_0007,4,2016
2016-04-09 00:00:00+00:00,0.0,0.0,24.15,94.79,1.35,TNP_0007,4,2016
2016-04-09 01:00:00+00:00,11.38,72.05,24.57,92.66,1.63,TNP_0007,4,2016
2016-04-09 02:00:00+00:00,34.58,256.77,25.52,86.4,1.88,TNP_0007,4,2016
2016-04-09 03:00:00+00:00,59.05,473.3,27.01,76.53,1.86,TNP_0007,4,2016
2016-04-09 04:00:00+00:00,127.9,672.08,28.8,65.43,1.57,TNP_0007,4,2016
2016-04-09 05:00:00+00:00,211.82,822.88,29.94,59.43,1.25,TNP_0007,4,2016
2016-04-09 06:00:00+00:00,381.52,827.03,30.67,55.72,1.18,TNP_0007,4,2016
2016-04-09 07:00:00+00:00,484.02,829.62,31.01,53.62,1.39,TNP_0007,4,2016
2016-04-09 08:00:00+00:00,516.6,762.88,30.71,54.6,1.98,TNP_0007,4,2016
2016-04-09 09:00:00+00:00,509.7,618.4,29.73,58.74,2.66,TNP_0007,4,2016
2016-04-09 10:00:00+00:00,364.08,419.35,28.75,63.48,3.04,TNP_0007,4,2016
2016-04-09 11:00:00+00:00,187.62,207.93,27.76,68.7,3.11,TNP_0007,4,2016
2016-04-09 12:00:00+00:00,46.35,46.78,26.61,76.85,2.83,TNP_0007,4,2016
2016-04-09 13:00:00+00:00,0.0,0.0,25.58,84.03,2.84,TNP_0007,4,2016
2016-04-09 14:00:00+00:00,0.0,0.0,24.98,87.41,3.18,TNP_0007,4,2016
2016-04-09 15:00:00+00:00,0.0,0.0,24.52,90.29,3.09,TNP_0007,4,2016
2016-04-09 16:00:00+00:00,0.0,0.0,24.24,92.0,2.72,TNP_0007,4,2016
2016-04-09 17:00:00+00:00,0.0,0.0,24.01,93.12,2.34,TNP_0007,4,2016
2016-04-09 18:00:00+00:00,0.0,0.0,23.82,93.98,2.02,TNP_0007,4,2016
2016-04-09 19:00:00+00:00,0.0,0.0,23.64,94.57,1.74,TNP_0007,4,2016
2016-04-09 20:00:00+00:00,0.0,0.0,23.5,94.99,1.57,TNP_0007,4,2016
2016-04-09 21:00:00+00:00,0.0,0.0,23.37,95.38,1.49,TNP_0007,4,2016
2016-04-09 22:00:00+00:00,0.0,0.0,23.26,95.77,1.38,TNP_0007,4,2016
2016-04-09 23:00:00+00:00,0.0,0.0,23.16,96.08,1.26,TNP_0007,4,2016
2016-04-10 00:00:00+00:00,0.0,0.0,23.07,96.36,1.16,TNP_0007,4,2016
2016-04-10 01:00:00+00:00,81.8,83.78,23.84,92.77,1.63,TNP_0007,4,2016
2016-04-10 02:00:00+00:00,285.17,293.5,25.64,82.79,1.73,TNP_0007,4,2016
2016-04-10 03:00:00+00:00,503.58,517.83,28.11,68.21,1.31,TNP_0007,4,2016
2016-04-10 04:00:00+00:00,711.12,724.35,30.58,55.7,0.77,TNP_0007,4,2016
2016-04-10 05:00:00+00:00,853.83,871.0,32.43,47.59,0.87,TNP_0007,4,2016
2016-04-10 06:00:00+00:00,895.47,953.1,33.79,42.26,1.22,TNP_0007,4,2016
2016-04-10 07:00:00+00:00,822.72,939.05,34.65,38.87,1.4,TNP_0007,4,2016
2016-04-10 08:00:00+00:00,645.88,844.15,35.03,37.09,1.5,TNP_0007,4,2016
2016-04-10 09:00:00+00:00,623.38,679.42,34.76,36.91,1.57,TNP_0007,4,2016
2016-04-10 10:00:00+00:00,383.67,468.67,33.98,38.25,1.57,TNP_0007,4,2016
2016-04-10 11:00:00+00:00,207.68,262.3,32.82,41.1,1.61,TNP_0007,4,2016
2016-04-10 12:00:00+00:00,48.0,59.8,30.89,50.77,1.48,TNP_0007,4,2016
2016-04-10 13:00:00+00:00,0.0,0.0,28.47,67.38,1.52,TNP_0007,4,2016
2016-04-10 14:00:00+00:00,0.0,0.0,27.42,70.51,1.76,TNP_0007,4,2016
2016-04-10 15:00:00+00:00,0.0,0.0,26.58,73.91,1.9,TNP_0007,4,2016
2016-04-10 16:00:00+00:00,0.0,0.0,25.88,77.7,1.97,TNP_0007,4,2016
2016-04-10 17:00:00+00:00,0.0,0.0,25.28,81.03,2.09,TNP_0007,4,2016
2016-04-10 18:00:00+00:00,0.0,0.0,24.76,83.82,2.21,TNP_0007,4,2016
2016-04-10 19:00:00+00:00,0.0,0.0,24.29,86.29,2.14,TNP_0007,4,2016
2016-04-10 20:00:00+00:00,0.0,0.0,23.85,88.52,1.93,TNP_0007,4,2016
2016-04-10 21:00:00+00:00,0.0,0.0,23.48,90.43,1.7,TNP_0007,4,2016
2016-04-10 22:00:00+00:00,0.0,0.0,23.19,91.98,1.48,TNP_0007,4,2016
2016-04-10 23:00:00+00:00,0.0,0.0,22.93,93.27,1.33,TNP_0007,4,2016
2016-04-11 00:00:00+00:00,0.0,0.0,22.69,94.31,1.26,TNP_0007,4,2016
2016-04-11 01:00:00+00:00,79.5,98.18,23.94,87.36,1.84,TNP_0007,4,2016
2016-04-11 02:00:00+00:00,246.68,322.62,26.77,70.98,2.13,TNP_0007,4,2016
2016-04-11 03:00:00+00:00,493.4,563.1,29.85,55.84,1.61,TNP_0007,4,2016
2016-04-11 04:00:00+00:00,733.42,766.35,32.45,46.24,0.83,TNP_0007,4,2016
2016-04-11 05:00:00+00:00,886.8,910.3,34.52,39.71,0.12,TNP_0007,4,2016
2016-04-11 06:00:00+00:00,925.88,960.05,35.78,35.77,0.39,TNP_0007,4,2016
2016-04-11 07:00:00+00:00,859.05,951.4,36.62,33.39,0.41,TNP_0007,4,2016
2016-04-11 08:00:00+00:00,769.83,863.4,36.89,32.28,0.49,TNP_0007,4,2016
2016-04-11 09:00:00+00:00,623.9,706.97,36.55,32.61,1.07,TNP_0007,4,2016
2016-04-11 10:00:00+00:00,404.65,495.5,35.95,33.84,1.82,TNP_0007,4,2016
2016-04-11 11:00:00+00:00,208.57,258.9,34.39,37.64,2.68,TNP_0007,4,2016
2016-04-11 12:00:00+00:00,50.58,57.8,32.13,46.43,2.85,TNP_0007,4,2016
2016-04-11 13:00:00+00:00,0.0,0.0,29.85,56.76,3.38,TNP_0007,4,2016
2016-04-11 14:00:00+00:00,0.0,0.0,28.59,63.26,4.32,TNP_0007,4,2016
2016-04-11 15:00:00+00:00,0.0,0.0,27.29,71.93,4.4,TNP_0007,4,2016
2016-04-11 16:00:00+00:00,0.0,0.0,26.34,78.8,4.14,TNP_0007,4,2016
2016-04-11 17:00:00+00:00,0.0,0.0,25.71,83.1,3.76,TNP_0007,4,2016
2016-04-11 18:00:00+00:00,0.0,0.0,25.26,85.9,3.23,TNP_0007,4,2016
2016-04-11 19:00:00+00:00,0.0,0.0,24.85,88.43,2.83,TNP_0007,4,2016
2016-04-11 20:00:00+00:00,0.0,0.0,24.52,90.41,2.68,TNP_0007,4,2016
2016-04-11 21:00:00+00:00,0.0,0.0,24.33,91.46,2.58,TNP_0007,4,2016
2016-04-11 22:00:00+00:00,0.0,0.0,24.22,91.97,2.47,TNP_0007,4,2016
2016-04-11 23:00:00+00:00,0.0,0.0,24.12,92.31,2.18,TNP_0007,4,2016
2016-04-12 00:00:00+00:00,0.0,0.0,23.94,92.93,1.8,TNP_0007,4,2016
2016-04-12 01:00:00+00:00,82.03,91.12,24.9,86.23,2.62,TNP_0007,4,2016
2016-04-12 02:00:00+00:00,259.88,304.65,27.23,71.5,2.67,TNP_0007,4,2016
2016-04-12 03:00:00+00:00,516.55,542.65,29.92,58.0,2.47,TNP_0007,4,2016
2016-04-12 04:00:00+00:00,730.97,750.38,32.4,48.13,2.42,TNP_0007,4,2016
2016-04-12 05:00:00+00:00,865.1,890.6,34.46,41.24,2.4,TNP_0007,4,2016
2016-04-12 06:00:00+00:00,923.0,986.78,36.02,36.46,2.47,TNP_0007,4,2016
2016-04-12 07:00:00+00:00,863.22,974.55,36.95,33.46,2.72,TNP_0007,4,2016
2016-04-12 08:00:00+00:00,797.72,884.53,37.29,31.94,3.25,TNP_0007,4,2016
2016-04-12 09:00:00+00:00,649.6,720.08,37.05,31.9,3.88,TNP_0007,4,2016
2016-04-12 10:00:00+00:00,452.95,506.4,35.86,34.5,4.52,TNP_0007,4,2016
2016-04-12 11:00:00+00:00,234.35,266.77,33.8,40.5,5.38,TNP_0007,4,2016
2016-04-12 12:00:00+00:00,55.78,60.5,31.29,50.52,6.01,TNP_0007,4,2016
2016-04-12 13:00:00+00:00,0.0,0.0,28.66,64.07,6.04,TNP_0007,4,2016
2016-04-12 14:00:00+00:00,0.0,0.0,26.79,75.62,5.87,TNP_0007,4,2016
2016-04-12 15:00:00+00:00,0.0,0.0,25.86,81.65,5.24,TNP_0007,4,2016
2016-04-12 16:00:00+00:00,0.0,0.0,25.42,84.67,4.54,TNP_0007,4,2016
2016-04-12 17:00:00+00:00,0.0,0.0,25.1,86.67,4.16,TNP_0007,4,2016
2016-04-12 18:00:00+00:00,0.0,0.0,24.86,88.35,3.85,TNP_0007,4,2016
2016-04-12 19:00:00+00:00,0.0,0.0,24.65,89.75,3.64,TNP_0007,4,2016
2016-04-12 20:00:00+00:00,0.0,0.0,24.54,90.32,3.5,TNP_0007,4,2016
2016-04-12 21:00:00+00:00,0.0,0.0,24.43,90.93,3.12,TNP_0007,4,2016
2016-04-12 22:00:00+00:00,0.0,0.0,24.37,91.29,2.86,TNP_0007,4,2016
2016-04-12 23:00:00+00:00,0.0,0.0,24.32,91.44,2.65,TNP_0007,4,2016
2016-04-13 00:00:00+00:00,0.0,0.0,24.25,91.62,2.39,TNP_0007,4,2016
2016-04-13 01:00:00+00:00,91.7,103.35,25.09,86.39,3.02,TNP_0007,4,2016
2016-04-13 02:00:00+00:00,244.48,328.02,27.26,72.7,3.43,TNP_0007,4,2016
2016-04-13 03:00:00+00:00,451.17,565.53,29.99,58.31,3.36,TNP_0007,4,2016
2016-04-13 04:00:00+00:00,585.55,767.47,32.75,47.33,3.21,TNP_0007,4,2016
2016-04-13 05:00:00+00:00,744.72,909.12,34.99,40.35,3.07,TNP_0007,4,2016
2016-04-13 06:00:00+00:00,914.67,983.3,36.53,36.07,3.0,TNP_0007,4,2016
2016-04-13 07:00:00+00:00,858.28,975.0,37.25,33.84,3.14,TNP_0007,4,2016
2016-04-13 08:00:00+00:00,828.05,888.95,37.24,33.36,3.54,TNP_0007,4,2016
2016-04-13 09:00:00+00:00,675.08,732.22,36.42,34.92,4.18,TNP_0007,4,2016
2016-04-13 10:00:00+00:00,490.3,519.45,34.96,38.52,4.86,TNP_0007,4,2016
2016-04-13 11:00:00+00:00,253.43,276.95,33.15,44.38,5.57,TNP_0007,4,2016
2016-04-13 12:00:00+00:00,58.88,62.53,31.0,53.1,5.83,TNP_0007,4,2016
2016-04-13 13:00:00+00:00,0.0,0.0,28.99,63.38,5.52,TNP_0007,4,2016
2016-04-13 14:00:00+00:00,0.0,0.0,27.76,70.58,4.93,TNP_0007,4,2016
2016-04-13 15:00:00+00:00,0.0,0.0,27.11,74.59,4.12,TNP_0007,4,2016
2016-04-13 16:00:00+00:00,0.0,0.0,26.79,76.88,3.59,TNP_0007,4,2016
2016-04-13 17:00:00+00:00,0.0,0.0,26.59,78.43,3.25,TNP_0007,4,2016
2016-04-13 18:00:00+00:00,0.0,0.0,26.38,80.07,3.02,TNP_0007,4,2016
2016-04-13 19:00:00+00:00,0.0,0.0,26.14,81.82,2.95,TNP_0007,4,2016
2016-04-13 20:00:00+00:00,0.0,0.0,25.92,83.42,2.95,TNP_0007,4,2016
2016-04-13 21:00:00+00:00,0.0,0.0,25.65,85.25,2.86,TNP_0007,4,2016
2016-04-13 22:00:00+00:00,0.0,0.0,25.37,87.15,2.74,TNP_0007,4,2016
2016-04-13 23:00:00+00:00,0.0,0.0,25.12,88.84,2.54,TNP_0007,4,2016
2016-04-14 00:00:00+00:00,0.0,0.0,24.91,90.3,2.31,TNP_0007,4,2016
2016-04-14 01:00:00+00:00,74.68,91.65,25.47,86.92,2.72,TNP_0007,4,2016
2016-04-14 02:00:00+00:00,201.73,297.67,27.25,75.4,3.0,TNP_0007,4,2016
2016-04-14 03:00:00+00:00,407.77,527.2,29.89,60.59,2.54,TNP_0007,4,2016
2016-04-14 04:00:00+00:00,619.4,719.08,32.29,50.18,1.86,TNP_0007,4,2016
2016-04-14 05:00:00+00:00,659.35,853.2,33.95,44.31,1.53,TNP_0007,4,2016
2016-04-14 06:00:00+00:00,811.12,899.08,34.95,40.89,1.54,TNP_0007,4,2016
2016-04-14 07:00:00+00:00,762.03,864.1,35.52,38.91,1.8,TNP_0007,4,2016
2016-04-14 08:00:00+00:00,682.8,744.38,35.67,38.27,2.24,TNP_0007,4,2016
2016-04-14 09:00:00+00:00,542.33,589.75,35.27,39.02,2.64,TNP_0007,4,2016
2016-04-14 10:00:00+00:00,338.3,393.8,34.41,41.39,3.06,TNP_0007,4,2016
2016-04-14 11:00:00+00:00,166.82,198.18,33.24,45.19,3.45,TNP_0007,4,2016
2016-04-14 12:00:00+00:00,34.65,42.3,31.48,52.17,3.7,TNP_0007,4,2016
2016-04-14 13:00:00+00:00,0.0,0.0,29.4,62.6,3.94,TNP_0007,4,2016
2016-04-14 14:00:00+00:00,0.0,0.0,27.96,71.99,4.35,TNP_0007,4,2016
2016-04-14 15:00:00+00:00,0.0,0.0,26.94,79.48,4.26,TNP_0007,4,2016
2016-04-14 16:00:00+00:00,0.0,0.0,26.3,84.32,3.8,TNP_0007,4,2016
2016-04-14 17:00:00+00:00,0.0,0.0,25.89,87.29,3.39,TNP_0007,4,2016
2016-04-14 18:00:00+00:00,0.0,0.0,25.62,89.08,3.17,TNP_0007,4,2016
2016-04-14 19:00:00+00:00,0.0,0.0,25.43,90.32,2.93,TNP_0007,4,2016
2016-04-14 20:00:00+00:00,0.0,0.0,25.3,91.03,2.73,TNP_0007,4,2016
2016-04-14 21:00:00+00:00,0.0,0.0,25.23,91.21,2.42,TNP_0007,4,2016
2016-04-14 22:00:00+00:00,0.0,0.0,25.18,91.49,1.99,TNP_0007,4,2016
2016-04-14 23:00:00+00:00,0.0,0.0,25.09,91.98,1.52,TNP_0007,4,2016
2016-04-15 00:00:00+00:00,0.0,0.0,24.94,92.82,1.17,TNP_0007,4,2016
2016-04-15 01:00:00+00:00,61.5,78.35,25.61,88.94,1.66,TNP_0007,4,2016
2016-04-15 02:00:00+00:00,195.02,250.2,27.01,79.36,1.68,TNP_0007,4,2016
2016-04-15 03:00:00+00:00,414.58,489.88,29.14,66.11,1.03,TNP_0007,4,2016
2016-04-15 04:00:00+00:00,568.22,686.47,31.45,54.38,0.08,TNP_0007,4,2016
2016-04-15 05:00:00+00:00,707.85,799.88,33.55,45.72,0.75,TNP_0007,4,2016
2016-04-15 06:00:00+00:00,877.83,958.65,35.37,39.67,1.23,TNP_0007,4,2016
2016-04-15 07:00:00+00:00,827.17,936.83,36.58,36.0,1.56,TNP_0007,4,2016
2016-04-15 08:00:00+00:00,729.9,838.97,37.22,33.92,1.67,TNP_0007,4,2016
2016-04-15 09:00:00+00:00,594.8,670.5,37.21,33.21,1.71,TNP_0007,4,2016
2016-04-15 10:00:00+00:00,386.45,442.5,36.35,34.42,1.75,TNP_0007,4,2016
2016-04-15 11:00:00+00:00,196.05,220.32,35.06,37.2,1.74,TNP_0007,4,2016
2016-04-15 12:00:00+00:00,43.45,48.53,33.3,44.36,1.69,TNP_0007,4,2016
2016-04-15 13:00:00+00:00,0.0,0.0,30.95,54.71,2.01,TNP_0007,4,2016
2016-04-15 14:00:00+00:00,0.0,0.0,30.03,57.75,3.14,TNP_0007,4,2016
2016-04-15 15:00:00+00:00,0.0,0.0,28.9,65.25,3.93,TNP_0007,4,2016
2016-04-15 16:00:00+00:00,0.0,0.0,27.88,73.05,4.03,TNP_0007,4,2016
2016-04-15 17:00:00+00:00,0.0,0.0,27.06,79.52,3.98,TNP_0007,4,2016
2016-04-15 18:00:00+00:00,0.0,0.0,26.46,84.02,3.75,TNP_0007,4,2016
2016-04-15 19:00:00+00:00,0.0,0.0,26.01,86.8,3.44,TNP_0007,4,2016
2016-04-15 20:00:00+00:00,0.0,0.0,25.67,88.69,3.15,TNP_0007,4,2016
2016-04-15 21:00:00+00:00,0.0,0.0,25.47,89.6,2.71,TNP_0007,4,2016
2016-04-15 22:00:00+00:00,0.0,0.0,25.27,90.49,2.17,TNP_0007,4,2016
2016-04-15 23:00:00+00:00,0.0,0.0,25.08,91.27,1.83,TNP_0007,4,2016
2016-04-16 00:00:00+00:00,0.0,0.0,24.95,91.76,1.56,TNP_0007,4,2016
2016-04-16 01:00:00+00:00,67.62,93.8,25.71,86.85,2.1,TNP_0007,4,2016
2016-04-16 02:00:00+00:00,189.77,293.4,27.55,73.61,2.19,TNP_0007,4,2016
2016-04-16 03:00:00+00:00,376.98,524.33,29.97,58.96,1.55,TNP_0007,4,2016
2016-04-16 04:00:00+00:00,561.85,719.55,32.16,49.49,1.13,TNP_0007,4,2016
2016-04-16 05:00:00+00:00,658.67,860.65,33.85,43.46,1.03,TNP_0007,4,2016
2016-04-16 06:00:00+00:00,751.38,931.6,35.15,38.94,0.88,TNP_0007,4,2016
2016-04-16 07:00:00+00:00,778.65,929.4,35.93,36.12,0.77,TNP_0007,4,2016
2016-04-16 08:00:00+00:00,703.95,846.03,36.3,34.49,0.98,TNP_0007,4,2016
2016-04-16 09:00:00+00:00,564.62,691.5,36.12,34.13,1.55,TNP_0007,4,2016
2016-04-16 10:00:00+00:00,388.25,477.48,35.34,35.35,2.32,TNP_0007,4,2016
2016-04-16 11:00:00+00:00,225.12,248.77,34.09,38.43,3.32,TNP_0007,4,2016
2016-04-16 12:00:00+00:00,50.33,54.22,32.17,45.04,4.34,TNP_0007,4,2016
2016-04-16 13:00:00+00:00,0.0,0.0,29.8,55.98,4.68,TNP_0007,4,2016
2016-04-16 14:00:00+00:00,0.0,0.0,28.09,66.46,5.08,TNP_0007,4,2016
2016-04-16 15:00:00+00:00,0.0,0.0,26.91,73.94,4.64,TNP_0007,4,2016
2016-04-16 16:00:00+00:00,0.0,0.0,26.25,78.09,4.13,TNP_0007,4,2016
2016-04-16 17:00:00+00:00,0.0,0.0,25.83,80.59,3.64,TNP_0007,4,2016
2016-04-16 18:00:00+00:00,0.0,0.0,25.51,82.23,3.38,TNP_0007,4,2016
2016-04-16 19:00:00+00:00,0.0,0.0,25.18,83.65,3.11,TNP_0007,4,2016
2016-04-16 20:00:00+00:00,0.0,0.0,24.87,84.81,2.76,TNP_0007,4,2016
2016-04-16 21:00:00+00:00,0.0,0.0,24.56,86.01,2.27,TNP_0007,4,2016
2016-04-16 22:00:00+00:00,0.0,0.0,24.26,86.98,1.71,TNP_0007,4,2016
2016-04-16 23:00:00+00:00,0.0,0.0,23.91,88.26,1.2,TNP_0007,4,2016
2016-04-17 00:00:00+00:00,0.0,0.0,23.66,89.13,1.05,TNP_0007,4,2016
2016-04-17 01:00:00+00:00,80.9,97.95,24.8,82.59,1.66,TNP_0007,4,2016
2016-04-17 02:00:00+00:00,256.3,313.08,27.3,67.92,1.94,TNP_0007,4,2016
2016-04-17 03:00:00+00:00,477.4,554.75,30.52,52.59,1.64,TNP_0007,4,2016
2016-04-17 04:00:00+00:00,689.97,759.72,33.18,42.9,0.98,TNP_0007,4,2016
2016-04-17 05:00:00+00:00,809.55,897.2,35.3,36.03,0.51,TNP_0007,4,2016
2016-04-17 06:00:00+00:00,852.53,928.05,36.86,31.26,0.64,TNP_0007,4,2016
2016-04-17 07:00:00+00:00,802.78,918.33,38.1,27.8,0.84,TNP_0007,4,2016
2016-04-17 08:00:00+00:00,684.88,825.0,38.9,25.58,1.02,TNP_0007,4,2016
2016-04-17 09:00:00+00:00,594.58,666.3,38.91,25.05,1.44,TNP_0007,4,2016
2016-04-17 10:00:00+00:00,379.27,446.6,37.85,26.68,2.23,TNP_0007,4,2016
2016-04-17 11:00:00+00:00,209.2,233.82,35.88,31.11,3.49,TNP_0007,4,2016
2016-04-17 12:00:00+00:00,47.88,53.05,33.43,38.78,4.7,TNP_0007,4,2016
2016-04-17 13:00:00+00:00,0.0,0.0,30.97,49.17,5.54,TNP_0007,4,2016
2016-04-17 14:00:00+00:00,0.0,0.0,28.97,60.68,6.01,TNP_0007,4,2016
2016-04-17 15:00:00+00:00,0.0,0.0,27.45,70.98,5.4,TNP_0007,4,2016
2016-04-17 16:00:00+00:00,0.0,0.0,26.66,76.66,4.44,TNP_0007,4,2016
2016-04-17 17:00:00+00:00,0.0,0.0,26.28,79.37,3.58,TNP_0007,4,2016
2016-04-17 18:00:00+00:00,0.0,0.0,26.01,81.23,3.01,TNP_0007,4,2016
2016-04-17 19:00:00+00:00,0.0,0.0,25.77,82.65,2.67,TNP_0007,4,2016
2016-04-17 20:00:00+00:00,0.0,0.0,25.54,84.03,2.36,TNP_0007,4,2016
2016-04-17 21:00:00+00:00,0.0,0.0,25.28,85.44,2.01,TNP_0007,4,2016
2016-04-17 22:00:00+00:00,0.0,0.0,24.92,87.39,1.65,TNP_0007,4,2016
2016-04-17 23:00:00+00:00,0.0,0.0,24.54,89.39,1.45,TNP_0007,4,2016
2016-04-18 00:00:00+00:00,0.0,0.0,24.14,91.4,1.14,TNP_0007,4,2016
2016-04-18 01:00:00+00:00,84.4,89.6,25.34,84.21,1.51,TNP_0007,4,2016
2016-04-18 02:00:00+00:00,258.12,311.8,28.0,67.71,1.0,TNP_0007,4,2016
2016-04-18 03:00:00+00:00,476.95,554.8,31.26,50.3,0.39,TNP_0007,4,2016
2016-04-18 04:00:00+00:00,677.83,760.35,33.97,39.21,1.06,TNP_0007,4,2016
2016-04-18 05:00:00+00:00,839.33,904.22,36.17,31.37,1.63,TNP_0007,4,2016
2016-04-18 06:00:00+00:00,955.72,999.33,37.91,26.11,2.06,TNP_0007,4,2016
2016-04-18 07:00:00+00:00,911.0,985.2,39.03,23.09,2.3,TNP_0007,4,2016
2016-04-18 08:00:00+00:00,848.47,892.62,39.55,21.57,2.4,TNP_0007,4,2016
2016-04-18 09:00:00+00:00,675.78,726.65,39.49,21.08,2.26,TNP_0007,4,2016
2016-04-18 10:00:00+00:00,463.1,509.05,38.77,21.51,2.01,TNP_0007,4,2016
2016-04-18 11:00:00+00:00,236.15,274.85,37.37,23.32,1.63,TNP_0007,4,2016
2016-04-18 12:00:00+00:00,55.6,63.2,34.73,29.88,1.33,TNP_0007,4,2016
2016-04-18 13:00:00+00:00,0.0,0.0,31.27,40.82,2.02,TNP_0007,4,2016
2016-04-18 14:00:00+00:00,0.0,0.0,29.88,46.63,3.09,TNP_0007,4,2016
2016-04-18 15:00:00+00:00,0.0,0.0,28.56,54.4,3.43,TNP_0007,4,2016
2016-04-18 16:00:00+00:00,0.0,0.0,27.62,62.05,3.29,TNP_0007,4,2016
2016-04-18 17:00:00+00:00,0.0,0.0,26.85,68.79,3.05,TNP_0007,4,2016
2016-04-18 18:00:00+00:00,0.0,0.0,26.22,74.36,2.71,TNP_0007,4,2016
2016-04-18 19:00:00+00:00,0.0,0.0,25.71,78.73,2.38,TNP_0007,4,2016
2016-04-18 20:00:00+00:00,0.0,0.0,25.28,82.11,2.06,TNP_0007,4,2016
2016-04-18 21:00:00+00:00,0.0,0.0,25.01,83.61,1.83,TNP_0007,4,2016
2016-04-18 22:00:00+00:00,0.0,0.0,24.84,84.38,1.53,TNP_0007,4,2016
2016-04-18 23:00:00+00:00,0.0,0.0,24.7,85.27,1.14,TNP_0007,4,2016
2016-04-19 00:00:00+00:00,0.0,0.0,24.5,86.5,0.75,TNP_0007,4,2016
2016-04-19 01:00:00+00:00,97.97,106.57,25.63,79.82,0.78,TNP_0007,4,2016
2016-04-19 02:00:00+00:00,278.67,327.35,28.37,64.19,0.74,TNP_0007,4,2016
2016-04-19 03:00:00+00:00,533.67,570.83,31.23,51.41,0.93,TNP_0007,4,2016
2016-04-19 04:00:00+00:00,746.72,769.67,33.78,42.12,1.19,TNP_0007,4,2016
2016-04-19 05:00:00+00:00,885.6,911.45,36.03,34.65,1.45,TNP_0007,4,2016
2016-04-19 06:00:00+00:00,929.28,978.5,37.77,29.12,1.69,TNP_0007,4,2016
2016-04-19 07:00:00+00:00,913.4,967.88,38.89,25.67,1.76,TNP_0007,4,2016
2016-04-19 08:00:00+00:00,805.72,880.58,39.36,23.89,1.74,TNP_0007,4,2016
2016-04-19 09:00:00+00:00,647.6,724.33,39.31,23.3,1.63,TNP_0007,4,2016
2016-04-19 10:00:00+00:00,419.4,513.58,38.63,23.77,1.49,TNP_0007,4,2016
2016-04-19 11:00:00+00:00,201.02,274.98,37.37,25.52,1.47,TNP_0007,4,2016
2016-04-19 12:00:00+00:00,48.1,62.42,35.24,30.12,1.61,TNP_0007,4,2016
2016-04-19 13:00:00+00:00,0.0,0.0,32.19,39.65,2.34,TNP_0007,4,2016
2016-04-19 14:00:00+00:00,0.0,0.0,30.57,46.33,3.33,TNP_0007,4,2016
2016-04-19 15:00:00+00:00,0.0,0.0,29.16,54.38,3.48,TNP_0007,4,2016
2016-04-19 16:00:00+00:00,0.0,0.0,28.14,61.97,3.5,TNP_0007,4,2016
2016-04-19 17:00:00+00:00,0.0,0.0,27.29,68.46,3.39,TNP_0007,4,2016
2016-04-19 18:00:00+00:00,0.0,0.0,26.5,74.25,2.99,TNP_0007,4,2016
2016-04-19 19:00:00+00:00,0.0,0.0,25.83,79.32,2.74,TNP_0007,4,2016
2016-04-19 20:00:00+00:00,0.0,0.0,25.34,83.09,2.52,TNP_0007,4,2016
2016-04-19 21:00:00+00:00,0.0,0.0,24.97,85.95,2.22,TNP_0007,4,2016
2016-04-19 22:00:00+00:00,0.0,0.0,24.67,88.13,1.76,TNP_0007,4,2016
2016-04-19 23:00:00+00:00,0.0,0.0,24.38,89.96,1.49,TNP_0007,4,2016
2016-04-20 00:00:00+00:00,0.0,0.0,24.19,90.96,1.25,TNP_0007,4,2016
2016-04-20 01:00:00+00:00,84.35,101.4,25.1,85.66,1.66,TNP_0007,4,2016
2016-04-20 02:00:00+00:00,223.57,311.6,27.48,70.54,1.67,TNP_0007,4,2016
2016-04-20 03:00:00+00:00,438.7,553.65,30.49,55.03,0.81,TNP_0007,4,2016
2016-04-20 04:00:00+00:00,587.65,759.58,32.96,45.44,0.15,TNP_0007,4,2016
2016-04-20 05:00:00+00:00,747.25,901.05,35.0,38.18,0.87,TNP_0007,4,2016
2016-04-20 06:00:00+00:00,801.6,963.2,36.69,32.3,1.32,TNP_0007,4,2016
2016-04-20 07:00:00+00:00,760.03,953.5,37.86,28.75,1.57,TNP_0007,4,2016
2016-04-20 08:00:00+00:00,672.58,867.38,38.43,26.91,1.78,TNP_0007,4,2016
2016-04-20 09:00:00+00:00,585.65,712.42,38.42,26.31,1.92,TNP_0007,4,2016
2016-04-20 10:00:00+00:00,312.88,507.42,37.78,26.81,2.08,TNP_0007,4,2016
2016-04-20 11:00:00+00:00,165.2,274.1,36.49,28.79,2.26,TNP_0007,4,2016
2016-04-20 12:00:00+00:00,42.78,62.95,34.39,33.78,2.42,TNP_0007,4,2016
2016-04-20 13:00:00+00:00,0.0,0.0,31.56,43.49,2.86,TNP_0007,4,2016
2016-04-20 14:00:00+00:00,0.0,0.0,30.15,50.9,4.04,TNP_0007,4,2016
2016-04-20 15:00:00+00:00,0.0,0.0,28.78,59.95,4.74,TNP_0007,4,2016
2016-04-20 16:00:00+00:00,0.0,0.0,27.53,69.0,4.85,TNP_0007,4,2016
2016-04-20 17:00:00+00:00,0.0,0.0,26.61,76.19,4.71,TNP_0007,4,2016
2016-04-20 18:00:00+00:00,0.0,0.0,26.0,80.42,4.47,TNP_0007,4,2016
2016-04-20 19:00:00+00:00,0.0,0.0,25.6,82.65,4.06,TNP_0007,4,2016
2016-04-20 20:00:00+00:00,0.0,0.0,25.31,84.25,3.57,TNP_0007,4,2016
2016-04-20 21:00:00+00:00,0.0,0.0,25.12,85.07,3.19,TNP_0007,4,2016
2016-04-20 22:00:00+00:00,0.0,0.0,25.06,84.76,2.96,TNP_0007,4,2016
2016-04-20 23:00:00+00:00,0.0,0.0,24.96,84.68,2.44,TNP_0007,4,2016
2016-04-21 00:00:00+00:00,0.0,0.0,24.78,84.88,1.86,TNP_0007,4,2016
2016-04-21 01:00:00+00:00,79.0,117.95,25.78,78.59,2.56,TNP_0007,4,2016
2016-04-21 02:00:00+00:00,228.85,343.62,28.08,65.39,2.62,TNP_0007,4,2016
2016-04-21 03:00:00+00:00,416.42,579.12,31.17,50.86,2.07,TNP_0007,4,2016
2016-04-21 04:00:00+00:00,630.92,776.67,33.96,40.65,1.31,TNP_0007,4,2016
2016-04-21 05:00:00+00:00,751.28,914.22,36.19,34.04,0.92,TNP_0007,4,2016
2016-04-21 06:00:00+00:00,802.42,930.83,37.82,29.78,1.17,TNP_0007,4,2016
2016-04-21 07:00:00+00:00,704.38,919.17,38.58,27.69,1.66,TNP_0007,4,2016
2016-04-21 08:00:00+00:00,692.28,830.4,38.69,27.21,2.28,TNP_0007,4,2016
2016-04-21 09:00:00+00:00,535.12,671.42,38.26,27.93,3.14,TNP_0007,4,2016
2016-04-21 10:00:00+00:00,354.8,458.85,37.13,30.35,4.15,TNP_0007,4,2016
2016-04-21 11:00:00+00:00,175.7,233.77,34.92,36.41,5.19,TNP_0007,4,2016
2016-04-21 12:00:00+00:00,46.4,52.6,32.38,46.22,5.98,TNP_0007,4,2016
2016-04-21 13:00:00+00:00,0.0,0.0,29.68,59.9,6.34,TNP_0007,4,2016
2016-04-21 14:00:00+00:00,0.0,0.0,27.66,72.06,6.24,TNP_0007,4,2016
2016-04-21 15:00:00+00:00,0.0,0.0,26.55,78.52,5.6,TNP_0007,4,2016
2016-04-21 16:00:00+00:00,0.0,0.0,26.01,81.67,4.84,TNP_0007,4,2016
2016-04-21 17:00:00+00:00,0.0,0.0,25.69,83.77,4.22,TNP_0007,4,2016
2016-04-21 18:00:00+00:00,0.0,0.0,25.4,85.82,3.89,TNP_0007,4,2016
2016-04-21 19:00:00+00:00,0.0,0.0,25.08,87.79,3.77,TNP_0007,4,2016
2016-04-21 20:00:00+00:00,0.0,0.0,24.74,89.82,3.43,TNP_0007,4,2016
2016-04-21 21:00:00+00:00,0.0,0.0,24.44,91.36,3.01,TNP_0007,4,2016
2016-04-21 22:00:00+00:00,0.0,0.0,24.21,92.1,2.72,TNP_0007,4,2016
2016-04-21 23:00:00+00:00,0.0,0.0,23.98,92.53,2.49,TNP_0007,4,2016
2016-04-22 00:00:00+00:00,0.0,0.0,23.74,92.77,2.31,TNP_0007,4,2016
2016-04-22 01:00:00+00:00,96.97,106.12,24.38,87.86,2.99,TNP_0007,4,2016
2016-04-22 02:00:00+00:00,259.67,313.45,26.61,71.91,3.72,TNP_0007,4,2016
2016-04-22 03:00:00+00:00,488.95,549.05,30.09,51.93,3.8,TNP_0007,4,2016
2016-04-22 04:00:00+00:00,718.7,749.3,33.72,37.97,3.38,TNP_0007,4,2016
2016-04-22 05:00:00+00:00,816.65,894.15,36.31,31.59,2.84,TNP_0007,4,2016
2016-04-22 06:00:00+00:00,969.8,997.3,38.06,28.03,2.58,TNP_0007,4,2016
2016-04-22 07:00:00+00:00,932.45,986.3,39.15,25.8,2.54,TNP_0007,4,2016
2016-04-22 08:00:00+00:00,869.22,896.4,39.58,24.64,2.66,TNP_0007,4,2016
2016-04-22 09:00:00+00:00,712.1,738.88,39.45,24.28,3.15,TNP_0007,4,2016
2016-04-22 10:00:00+00:00,516.2,528.42,38.46,25.37,4.01,TNP_0007,4,2016
2016-04-22 11:00:00+00:00,272.35,287.55,36.8,28.44,5.07,TNP_0007,4,2016
2016-04-22 12:00:00+00:00,65.75,68.62,34.28,34.87,5.86,TNP_0007,4,2016
2016-04-22 13:00:00+00:00,0.0,0.0,31.42,45.16,6.41,TNP_0007,4,2016
2016-04-22 14:00:00+00:00,0.0,0.0,29.0,57.18,6.69,TNP_0007,4,2016
2016-04-22 15:00:00+00:00,0.0,0.0,27.44,66.58,5.73,TNP_0007,4,2016
2016-04-22 16:00:00+00:00,0.0,0.0,26.71,71.43,4.56,TNP_0007,4,2016
2016-04-22 17:00:00+00:00,0.0,0.0,26.34,73.92,3.98,TNP_0007,4,2016
2016-04-22 18:00:00+00:00,0.0,0.0,26.04,76.05,3.8,TNP_0007,4,2016
2016-04-22 19:00:00+00:00,0.0,0.0,25.73,78.11,3.79,TNP_0007,4,2016
2016-04-22 20:00:00+00:00,0.0,0.0,25.35,80.43,3.71,TNP_0007,4,2016
2016-04-22 21:00:00+00:00,0.0,0.0,25.0,82.4,3.58,TNP_0007,4,2016
2016-04-22 22:00:00+00:00,0.0,0.0,24.73,83.88,3.45,TNP_0007,4,2016
2016-04-22 23:00:00+00:00,0.0,0.0,24.56,84.92,3.44,TNP_0007,4,2016
2016-04-23 00:00:00+00:00,2.67,3.17,24.44,85.63,3.28,TNP_0007,4,2016
2016-04-23 01:00:00+00:00,87.3,117.15,25.26,81.18,3.8,TNP_0007,4,2016
2016-04-23 02:00:00+00:00,234.07,351.88,27.65,68.14,4.16,TNP_0007,4,2016
2016-04-23 03:00:00+00:00,454.35,590.38,30.99,52.29,3.76,TNP_0007,4,2016
2016-04-23 04:00:00+00:00,684.88,787.42,34.32,39.58,3.15,TNP_0007,4,2016
2016-04-23 05:00:00+00:00,871.08,924.75,36.78,32.61,2.72,TNP_0007,4,2016
2016-04-23 06:00:00+00:00,870.8,963.2,38.42,28.76,2.52,TNP_0007,4,2016
2016-04-23 07:00:00+00:00,830.53,954.35,39.35,26.84,2.63,TNP_0007,4,2016
2016-04-23 08:00:00+00:00,771.47,868.58,39.41,26.46,3.11,TNP_0007,4,2016
2016-04-23 09:00:00+00:00,645.53,713.58,38.57,27.83,3.83,TNP_0007,4,2016
2016-04-23 10:00:00+00:00,444.6,504.48,36.79,31.52,4.82,TNP_0007,4,2016
2016-04-23 11:00:00+00:00,205.55,268.02,34.61,37.7,5.82,TNP_0007,4,2016
2016-04-23 12:00:00+00:00,49.72,61.0,32.21,46.35,6.39,TNP_0007,4,2016
2016-04-23 13:00:00+00:00,0.0,0.0,29.94,55.87,6.44,TNP_0007,4,2016
2016-04-23 14:00:00+00:00,0.0,0.0,28.34,63.08,5.96,TNP_0007,4,2016
2016-04-23 15:00:00+00:00,0.0,0.0,27.33,67.68,5.1,TNP_0007,4,2016
2016-04-23 16:00:00+00:00,0.0,0.0,26.74,70.8,4.29,TNP_0007,4,2016
2016-04-23 17:00:00+00:00,0.0,0.0,26.3,73.38,3.8,TNP_0007,4,2016
2016-04-23 18:00:00+00:00,0.0,0.0,25.94,75.44,3.54,TNP_0007,4,2016
2016-04-23 19:00:00+00:00,0.0,0.0,25.55,77.6,3.45,TNP_0007,4,2016
2016-04-23 20:00:00+00:00,0.0,0.0,25.12,79.98,3.34,TNP_0007,4,2016
2016-04-23 21:00:00+00:00,0.0,0.0,24.68,82.27,3.03,TNP_0007,4,2016
2016-04-23 22:00:00+00:00,0.0,0.0,24.32,84.07,2.99,TNP_0007,4,2016
2016-04-23 23:00:00+00:00,0.0,0.0,24.07,85.14,3.02,TNP_0007,4,2016
2016-04-24 00:00:00+00:00,2.88,3.3,23.85,85.83,2.88,TNP_0007,4,2016
2016-04-24 01:00:00+00:00,90.22,114.82,24.79,79.92,3.53,TNP_0007,4,2016
2016-04-24 02:00:00+00:00,244.3,346.05,27.51,64.57,3.66,TNP_0007,4,2016
2016-04-24 03:00:00+00:00,477.98,579.6,31.26,47.5,2.99,TNP_0007,4,2016
2016-04-24 04:00:00+00:00,682.08,776.12,34.93,34.99,2.06,TNP_0007,4,2016
2016-04-24 05:00:00+00:00,839.42,913.5,37.65,28.32,1.13,TNP_0007,4,2016
2016-04-24 06:00:00+00:00,923.67,959.4,39.5,24.7,0.47,TNP_0007,4,2016
2016-04-24 07:00:00+00:00,872.65,948.3,40.63,22.66,0.59,TNP_0007,4,2016
2016-04-24 08:00:00+00:00,715.1,860.38,41.13,21.56,1.16,TNP_0007,4,2016
2016-04-24 09:00:00+00:00,618.9,704.22,40.79,21.6,2.08,TNP_0007,4,2016
2016-04-24 10:00:00+00:00,400.12,490.4,39.73,23.15,3.33,TNP_0007,4,2016
2016-04-24 11:00:00+00:00,205.73,258.55,37.49,27.93,5.02,TNP_0007,4,2016
2016-04-24 12:00:00+00:00,48.88,59.12,34.62,36.8,6.46,TNP_0007,4,2016
2016-04-24 13:00:00+00:00,0.0,0.0,31.33,51.05,7.4,TNP_0007,4,2016
2016-04-24 14:00:00+00:00,0.0,0.0,28.52,66.65,7.26,TNP_0007,4,2016
2016-04-24 15:00:00+00:00,0.0,0.0,26.97,75.7,6.36,TNP_0007,4,2016
2016-04-24 16:00:00+00:00,0.0,0.0,26.48,78.29,5.29,TNP_0007,4,2016
2016-04-24 17:00:00+00:00,0.0,0.0,26.27,79.05,4.57,TNP_0007,4,2016
2016-04-24 18:00:00+00:00,0.0,0.0,26.04,79.61,4.2,TNP_0007,4,2016
2016-04-24 19:00:00+00:00,0.0,0.0,25.78,80.24,3.94,TNP_0007,4,2016
2016-04-24 20:00:00+00:00,0.0,0.0,25.57,80.47,3.77,TNP_0007,4,2016
2016-04-24 21:00:00+00:00,0.0,0.0,25.49,79.87,3.46,TNP_0007,4,2016
2016-04-24 22:00:00+00:00,0.0,0.0,25.47,79.16,3.07,TNP_0007,4,2016
2016-04-24 23:00:00+00:00,0.0,0.0,25.44,78.72,2.7,TNP_0007,4,2016
2016-04-25 00:00:00+00:00,2.67,3.47,25.42,78.14,2.43,TNP_0007,4,2016
2016-04-25 01:00:00+00:00,84.47,113.93,25.98,74.27,2.48,TNP_0007,4,2016
2016-04-25 02:00:00+00:00,239.07,339.58,27.79,63.71,2.34,TNP_0007,4,2016
2016-04-25 03:00:00+00:00,479.83,570.42,30.9,48.71,1.55,TNP_0007,4,2016
2016-04-25 04:00:00+00:00,723.42,764.5,33.91,39.46,0.91,TNP_0007,4,2016
2016-04-25 05:00:00+00:00,839.92,899.6,35.98,34.0,1.44,TNP_0007,4,2016
2016-04-25 06:00:00+00:00,761.72,949.47,37.36,30.54,1.87,TNP_0007,4,2016
2016-04-25 07:00:00+00:00,834.95,936.08,38.26,28.52,1.87,TNP_0007,4,2016
2016-04-25 08:00:00+00:00,815.38,848.42,38.68,27.43,1.82,TNP_0007,4,2016
2016-04-25 09:00:00+00:00,629.4,694.3,38.61,27.23,2.05,TNP_0007,4,2016
2016-04-25 10:00:00+00:00,441.17,487.75,37.74,28.4,2.52,TNP_0007,4,2016
2016-04-25 11:00:00+00:00,211.35,257.27,36.23,31.13,3.32,TNP_0007,4,2016
2016-04-25 12:00:00+00:00,52.7,59.9,34.26,36.13,4.21,TNP_0007,4,2016
2016-04-25 13:00:00+00:00,0.0,0.0,31.93,44.35,4.79,TNP_0007,4,2016
2016-04-25 14:00:00+00:00,0.0,0.0,30.14,53.2,5.53,TNP_0007,4,2016
2016-04-25 15:00:00+00:00,0.0,0.0,28.49,62.92,5.47,TNP_0007,4,2016
2016-04-25 16:00:00+00:00,0.0,0.0,27.15,71.56,5.0,TNP_0007,4,2016
2016-04-25 17:00:00+00:00,0.0,0.0,26.27,77.47,4.41,TNP_0007,4,2016
2016-04-25 18:00:00+00:00,0.0,0.0,25.75,80.57,3.9,TNP_0007,4,2016
2016-04-25 19:00:00+00:00,0.0,0.0,25.42,82.25,3.51,TNP_0007,4,2016
2016-04-25 20:00:00+00:00,0.0,0.0,25.22,83.04,3.22,TNP_0007,4,2016
2016-04-25 21:00:00+00:00,0.0,0.0,25.08,83.47,2.74,TNP_0007,4,2016
2016-04-25 22:00:00+00:00,0.0,0.0,24.91,84.33,2.12,TNP_0007,4,2016
2016-04-25 23:00:00+00:00,0.0,0.0,24.76,85.23,1.54,TNP_0007,4,2016
2016-04-26 00:00:00+00:00,3.45,3.45,24.64,85.81,1.06,TNP_0007,4,2016
2016-04-26 01:00:00+00:00,106.5,107.5,25.67,80.13,1.44,TNP_0007,4,2016
2016-04-26 02:00:00+00:00,316.3,324.8,28.08,66.11,1.24,TNP_0007,4,2016
2016-04-26 03:00:00+00:00,540.58,554.58,31.33,50.02,1.58,TNP_0007,4,2016
2016-04-26 04:00:00+00:00,741.6,751.62,33.71,41.51,2.42,TNP_0007,4,2016
2016-04-26 05:00:00+00:00,888.97,892.6,35.41,36.26,2.89,TNP_0007,4,2016
2016-04-26 06:00:00+00:00,937.97,960.88,36.89,32.49,3.21,TNP_0007,4,2016
2016-04-26 07:00:00+00:00,872.3,951.67,37.86,30.32,3.51,TNP_0007,4,2016
2016-04-26 08:00:00+00:00,804.42,868.15,38.28,29.28,3.78,TNP_0007,4,2016
2016-04-26 09:00:00+00:00,661.9,711.85,37.99,29.44,3.91,TNP_0007,4,2016
2016-04-26 10:00:00+00:00,420.5,502.95,37.34,30.12,3.92,TNP_0007,4,2016
2016-04-26 11:00:00+00:00,200.55,266.5,36.19,31.68,3.67,TNP_0007,4,2016
2016-04-26 12:00:00+00:00,47.97,62.0,34.44,35.3,2.72,TNP_0007,4,2016
2016-04-26 13:00:00+00:00,0.0,0.0,32.46,41.9,1.3,TNP_0007,4,2016
2016-04-26 14:00:00+00:00,0.0,0.0,31.19,45.79,0.88,TNP_0007,4,2016
2016-04-26 15:00:00+00:00,0.0,0.0,29.96,49.59,1.01,TNP_0007,4,2016
2016-04-26 16:00:00+00:00,0.0,0.0,29.13,52.9,1.1,TNP_0007,4,2016
2016-04-26 17:00:00+00:00,0.0,0.0,28.26,57.24,1.43,TNP_0007,4,2016
2016-04-26 18:00:00+00:00,0.0,0.0,27.36,62.37,1.62,TNP_0007,4,2016
2016-04-26 19:00:00+00:00,0.0,0.0,26.67,66.95,1.68,TNP_0007,4,2016
2016-04-26 20:00:00+00:00,0.0,0.0,26.11,71.28,1.73,TNP_0007,4,2016
2016-04-26 21:00:00+00:00,0.0,0.0,25.71,74.82,1.67,TNP_0007,4,2016
2016-04-26 22:00:00+00:00,0.0,0.0,25.46,77.36,1.55,TNP_0007,4,2016
2016-04-26 23:00:00+00:00,0.0,0.0,25.36,78.68,1.32,TNP_0007,4,2016
2016-04-27 00:00:00+00:00,3.62,3.83,25.28,79.28,0.94,TNP_0007,4,2016
2016-04-27 01:00:00+00:00,101.03,116.28,26.01,75.79,0.7,TNP_0007,4,2016
2016-04-27 02:00:00+00:00,269.25,338.88,28.1,65.28,1.2,TNP_0007,4,2016
2016-04-27 03:00:00+00:00,458.62,568.35,30.56,51.91,2.15,TNP_0007,4,2016
2016-04-27 04:00:00+00:00,693.8,763.5,32.82,41.29,2.38,TNP_0007,4,2016
2016-04-27 05:00:00+00:00,788.05,898.62,34.54,34.17,2.23,TNP_0007,4,2016
2016-04-27 06:00:00+00:00,936.95,986.75,36.02,28.89,1.85,TNP_0007,4,2016
2016-04-27 07:00:00+00:00,883.92,971.25,37.01,25.61,1.34,TNP_0007,4,2016
2016-04-27 08:00:00+00:00,737.72,881.95,37.47,23.99,0.88,TNP_0007,4,2016
2016-04-27 09:00:00+00:00,623.1,720.5,37.35,23.59,0.67,TNP_0007,4,2016
2016-04-27 10:00:00+00:00,361.1,505.8,36.71,24.19,0.92,TNP_0007,4,2016
2016-04-27 11:00:00+00:00,191.57,266.3,35.62,26.33,1.54,TNP_0007,4,2016
2016-04-27 12:00:00+00:00,54.75,60.03,33.73,32.09,2.17,TNP_0007,4,2016
2016-04-27 13:00:00+00:00,0.0,0.0,31.5,41.19,2.83,TNP_0007,4,2016
2016-04-27 14:00:00+00:00,0.0,0.0,30.15,49.27,3.43,TNP_0007,4,2016
2016-04-27 15:00:00+00:00,0.0,0.0,29.08,57.62,4.09,TNP_0007,4,2016
2016-04-27 16:00:00+00:00,0.0,0.0,27.9,66.53,4.15,TNP_0007,4,2016
2016-04-27 17:00:00+00:00,0.0,0.0,26.94,74.17,3.82,TNP_0007,4,2016
2016-04-27 18:00:00+00:00,0.0,0.0,26.31,79.47,3.28,TNP_0007,4,2016
2016-04-27 19:00:00+00:00,0.0,0.0,25.89,82.75,2.6,TNP_0007,4,2016
2016-04-27 20:00:00+00:00,0.0,0.0,25.62,84.62,1.88,TNP_0007,4,2016
2016-04-27 21:00:00+00:00,0.0,0.0,25.39,85.84,1.38,TNP_0007,4,2016
2016-04-27 22:00:00+00:00,0.0,0.0,25.23,86.72,1.29,TNP_0007,4,2016
2016-04-27 23:00:00+00:00,0.0,0.0,25.11,87.29,1.15,TNP_0007,4,2016
2016-04-28 00:00:00+00:00,3.7,3.9,25.02,87.89,0.8,TNP_0007,4,2016
2016-04-28 01:00:00+00:00,96.3,112.97,25.62,84.41,0.45,TNP_0007,4,2016
2016-04-28 02:00:00+00:00,241.65,335.0,27.37,72.82,0.52,TNP_0007,4,2016
2016-04-28 03:00:00+00:00,465.52,571.05,29.7,59.4,1.11,TNP_0007,4,2016
2016-04-28 04:00:00+00:00,663.9,769.38,31.95,48.67,1.27,TNP_0007,4,2016
2016-04-28 05:00:00+00:00,857.28,901.72,34.14,38.8,1.33,TNP_0007,4,2016
2016-04-28 06:00:00+00:00,941.3,1006.5,36.19,30.57,1.36,TNP_0007,4,2016
2016-04-28 07:00:00+00:00,897.1,978.7,37.62,25.16,1.31,TNP_0007,4,2016
2016-04-28 08:00:00+00:00,794.8,870.22,38.35,22.21,1.17,TNP_0007,4,2016
2016-04-28 09:00:00+00:00,652.62,695.53,38.5,20.69,1.05,TNP_0007,4,2016
2016-04-28 10:00:00+00:00,397.2,505.38,37.99,20.37,0.91,TNP_0007,4,2016
2016-04-28 11:00:00+00:00,225.95,285.02,36.78,21.66,0.98,TNP_0007,4,2016
2016-04-28 12:00:00+00:00,57.75,67.03,34.46,26.67,1.62,TNP_0007,4,2016
2016-04-28 13:00:00+00:00,0.0,0.0,31.11,37.52,2.54,TNP_0007,4,2016
2016-04-28 14:00:00+00:00,0.0,0.0,29.4,46.81,3.55,TNP_0007,4,2016
2016-04-28 15:00:00+00:00,0.0,0.0,28.13,56.42,3.45,TNP_0007,4,2016
2016-04-28 16:00:00+00:00,0.0,0.0,27.27,65.14,3.1,TNP_0007,4,2016
2016-04-28 17:00:00+00:00,0.0,0.0,26.6,72.39,2.83,TNP_0007,4,2016
2016-04-28 18:00:00+00:00,0.0,0.0,26.06,78.25,2.64,TNP_0007,4,2016
2016-04-28 19:00:00+00:00,0.0,0.0,25.76,82.08,2.54,TNP_0007,4,2016
2016-04-28 20:00:00+00:00,0.0,0.0,25.51,84.86,2.35,TNP_0007,4,2016
2016-04-28 21:00:00+00:00,0.0,0.0,25.29,86.54,1.96,TNP_0007,4,2016
2016-04-28 22:00:00+00:00,0.0,0.0,25.03,87.94,1.71,TNP_0007,4,2016
2016-04-28 23:00:00+00:00,0.0,0.0,24.92,88.24,1.27,TNP_0007,4,2016
2016-04-29 00:00:00+00:00,2.62,4.12,24.86,88.33,0.58,TNP_0007,4,2016
2016-04-29 01:00:00+00:00,84.57,117.12,25.81,81.92,0.2,TNP_0007,4,2016
2016-04-29 02:00:00+00:00,258.08,336.62,28.39,65.64,0.74,TNP_0007,4,2016
2016-04-29 03:00:00+00:00,467.77,569.83,31.33,48.42,1.61,TNP_0007,4,2016
2016-04-29 04:00:00+00:00,645.45,766.47,33.86,36.18,2.19,TNP_0007,4,2016
2016-04-29 05:00:00+00:00,762.08,893.33,35.93,28.48,2.69,TNP_0007,4,2016
2016-04-29 06:00:00+00:00,905.4,996.92,37.47,24.15,2.95,TNP_0007,4,2016
2016-04-29 07:00:00+00:00,833.45,972.15,38.39,21.9,2.99,TNP_0007,4,2016
2016-04-29 08:00:00+00:00,756.47,891.67,38.8,20.83,2.94,TNP_0007,4,2016
2016-04-29 09:00:00+00:00,602.83,744.9,38.63,20.64,2.86,TNP_0007,4,2016
2016-04-29 10:00:00+00:00,433.88,537.75,37.93,21.06,2.69,TNP_0007,4,2016
2016-04-29 11:00:00+00:00,242.6,294.9,36.7,22.7,2.24,TNP_0007,4,2016
2016-04-29 12:00:00+00:00,63.17,68.9,34.8,27.62,1.05,TNP_0007,4,2016
2016-04-29 13:00:00+00:00,0.0,0.0,31.9,36.14,0.75,TNP_0007,4,2016
2016-04-29 14:00:00+00:00,0.0,0.0,30.94,39.75,1.25,TNP_0007,4,2016
2016-04-29 15:00:00+00:00,0.0,0.0,29.88,45.17,2.18,TNP_0007,4,2016
2016-04-29 16:00:00+00:00,0.0,0.0,28.63,52.52,2.54,TNP_0007,4,2016
2016-04-29 17:00:00+00:00,0.0,0.0,27.69,59.69,2.63,TNP_0007,4,2016
2016-04-29 18:00:00+00:00,0.0,0.0,26.94,66.4,2.59,TNP_0007,4,2016
2016-04-29 19:00:00+00:00,0.0,0.0,26.25,72.79,2.5,TNP_0007,4,2016
2016-04-29 20:00:00+00:00,0.0,0.0,25.66,78.18,2.43,TNP_0007,4,2016
2016-04-29 21:00:00+00:00,0.0,0.0,25.21,82.19,2.28,TNP_0007,4,2016
2016-04-29 22:00:00+00:00,0.0,0.0,24.87,85.01,2.05,TNP_0007,4,2016
2016-04-29 23:00:00+00:00,0.0,0.0,24.68,86.4,1.68,TNP_0007,4,2016
2016-04-30 00:00:00+00:00,3.67,4.15,24.52,87.13,1.23,TNP_0007,4,2016
2016-04-30 01:00:00+00:00,104.35,113.95,25.53,81.03,0.95,TNP_0007,4,2016
2016-04-30 02:00:00+00:00,302.0,334.15,27.8,67.14,0.41,TNP_0007,4,2016
2016-04-30 03:00:00+00:00,530.97,563.97,30.31,53.82,1.07,TNP_0007,4,2016
2016-04-30 04:00:00+00:00,734.08,757.62,32.92,42.03,1.65,TNP_0007,4,2016
2016-04-30 05:00:00+00:00,862.35,894.28,35.39,32.72,2.02,TNP_0007,4,2016
2016-04-30 06:00:00+00:00,911.33,983.67,37.38,26.14,2.25,TNP_0007,4,2016
2016-04-30 07:00:00+00:00,876.08,971.78,38.59,22.32,2.25,TNP_0007,4,2016
2016-04-30 08:00:00+00:00,814.3,885.35,39.17,20.27,2.11,TNP_0007,4,2016
2016-04-30 09:00:00+00:00,653.42,729.97,39.07,19.51,1.95,TNP_0007,4,2016
2016-04-30 10:00:00+00:00,461.95,521.42,38.4,19.6,1.73,TNP_0007,4,2016
2016-04-30 11:00:00+00:00,221.3,286.23,37.16,20.92,1.14,TNP_0007,4,2016
2016-04-30 12:00:00+00:00,55.12,68.82,34.85,25.68,0.68,TNP_0007,4,2016
2016-04-30 13:00:00+00:00,0.0,0.0,31.92,33.94,1.57,TNP_0007,4,2016
2016-04-30 14:00:00+00:00,0.0,0.0,30.71,40.3,2.9,TNP_0007,4,2016
2016-04-30 15:00:00+00:00,0.0,0.0,29.15,49.11,3.26,TNP_0007,4,2016
2016-04-30 16:00:00+00:00,0.0,0.0,28.21,57.62,3.24,TNP_0007,4,2016
2016-04-30 17:00:00+00:00,0.0,0.0,27.51,65.22,3.1,TNP_0007,4,2016
2016-04-30 18:00:00+00:00,0.0,0.0,26.85,72.1,2.98,TNP_0007,4,2016
2016-04-30 19:00:00+00:00,0.0,0.0,26.26,77.8,2.94,TNP_0007,4,2016
2016-04-30 20:00:00+00:00,0.0,0.0,25.77,82.3,2.92,TNP_0007,4,2016
2016-04-30 21:00:00+00:00,0.0,0.0,25.44,85.45,2.83,TNP_0007,4,2016
2016-04-30 22:00:00+00:00,0.0,0.0,25.2,87.18,2.66,TNP_0007,4,2016
2016-04-30 23:00:00+00:00,0.0,0.0,24.92,88.4,2.22,TNP_0007,4,2016
2016-05-01 00:00:00+00:00,4.22,4.53,24.62,89.71,1.94,TNP_0007,4,2016
2016-05-01 01:00:00+00:00,113.3,125.78,25.57,83.33,2.48,TNP_0007,4,2016
2016-05-01 02:00:00+00:00,324.45,359.65,27.7,69.17,2.28,TNP_0007,4,2016
2016-05-01 03:00:00+00:00,557.4,588.38,30.25,55.94,1.74,TNP_0007,4,2016
2016-05-01 04:00:00+00:00,757.35,779.58,32.75,45.2,1.3,TNP_0007,4,2016
2016-05-01 05:00:00+00:00,819.17,913.85,34.92,36.93,1.19,TNP_0007,4,2016
2016-05-01 06:00:00+00:00,968.28,1004.9,36.63,30.89,1.32,TNP_0007,4,2016
2016-05-01 07:00:00+00:00,932.88,991.03,37.76,26.92,1.46,TNP_0007,4,2016
2016-05-01 08:00:00+00:00,874.3,902.22,38.34,24.7,1.59,TNP_0007,4,2016
2016-05-01 09:00:00+00:00,708.35,747.0,38.41,23.75,1.64,TNP_0007,4,2016
2016-05-01 10:00:00+00:00,515.2,541.4,37.9,24.03,1.75,TNP_0007,4,2016
2016-05-01 11:00:00+00:00,272.12,302.73,36.66,25.98,2.09,TNP_0007,4,2016
2016-05-01 12:00:00+00:00,68.93,75.18,34.63,30.58,2.61,TNP_0007,4,2016
2016-05-01 13:00:00+00:00,0.0,0.0,31.62,40.3,3.21,TNP_0007,4,2016
2016-05-01 14:00:00+00:00,0.0,0.0,30.11,49.48,4.25,TNP_0007,4,2016
2016-05-01 15:00:00+00:00,0.0,0.0,28.7,60.07,4.9,TNP_0007,4,2016
2016-05-01 16:00:00+00:00,0.0,0.0,27.38,70.45,4.89,TNP_0007,4,2016
2016-05-01 17:00:00+00:00,0.0,0.0,26.49,77.89,4.73,TNP_0007,4,2016
2016-05-01 18:00:00+00:00,0.0,0.0,25.94,82.0,4.61,TNP_0007,4,2016
2016-05-01 19:00:00+00:00,0.0,0.0,25.53,84.58,4.41,TNP_0007,4,2016
2016-05-01 20:00:00+00:00,0.0,0.0,25.28,85.84,4.12,TNP_0007,4,2016
2016-05-01 21:00:00+00:00,0.0,0.0,25.09,86.14,3.63,TNP_0007,4,2016
2016-05-01 22:00:00+00:00,0.0,0.0,24.87,86.47,3.02,TNP_0007,4,2016
2016-05-01 23:00:00+00:00,0.0,0.0,24.61,87.24,2.44,TNP_0007,4,2016
2016-05-02 00:00:00+00:00,4.15,4.35,24.34,87.98,2.08,TNP_0007,4,2016
2016-05-02 01:00:00+00:00,112.7,125.18,25.58,79.44,3.04,TNP_0007,4,2016
2016-05-02 02:00:00+00:00,312.3,362.92,28.22,63.15,3.25,TNP_0007,4,2016
2016-05-02 03:00:00+00:00,539.45,596.38,31.37,48.03,2.92,TNP_0007,4,2016
2016-05-02 04:00:00+00:00,765.17,790.58,34.08,38.38,2.54,TNP_0007,4,2016
2016-05-02 05:00:00+00:00,907.22,924.83,36.36,31.78,2.22,TNP_0007,4,2016
2016-05-02 06:00:00+00:00,940.58,984.22,38.17,27.22,1.99,TNP_0007,4,2016
2016-05-02 07:00:00+00:00,893.42,972.25,39.4,24.48,1.88,TNP_0007,4,2016
2016-05-02 08:00:00+00:00,834.8,883.33,39.98,23.13,1.96,TNP_0007,4,2016
2016-05-02 09:00:00+00:00,687.08,726.47,39.83,22.99,2.2,TNP_0007,4,2016
2016-05-02 10:00:00+00:00,475.33,516.6,38.96,24.09,2.66,TNP_0007,4,2016
2016-05-02 11:00:00+00:00,248.32,278.42,37.43,26.87,3.45,TNP_0007,4,2016
2016-05-02 12:00:00+00:00,62.42,67.28,35.21,32.19,4.21,TNP_0007,4,2016
2016-05-02 13:00:00+00:00,0.0,0.0,32.91,40.01,4.87,TNP_0007,4,2016
2016-05-02 14:00:00+00:00,0.0,0.0,30.93,49.65,5.72,TNP_0007,4,2016
2016-05-02 15:00:00+00:00,0.0,0.0,29.13,59.77,5.71,TNP_0007,4,2016
2016-05-02 16:00:00+00:00,0.0,0.0,27.86,67.49,5.28,TNP_0007,4,2016
2016-05-02 17:00:00+00:00,0.0,0.0,27.0,72.62,4.72,TNP_0007,4,2016
2016-05-02 18:00:00+00:00,0.0,0.0,26.34,76.64,4.26,TNP_0007,4,2016
2016-05-02 19:00:00+00:00,0.0,0.0,25.83,79.96,3.92,TNP_0007,4,2016
2016-05-02 20:00:00+00:00,0.0,0.0,25.4,82.92,3.59,TNP_0007,4,2016
2016-05-02 21:00:00+00:00,0.0,0.0,25.03,85.44,3.17,TNP_0007,4,2016
2016-05-02 22:00:00+00:00,0.0,0.0,24.7,87.67,2.66,TNP_0007,4,2016
2016-05-02 23:00:00+00:00,0.0,0.0,24.44,89.37,2.12,TNP_0007,4,2016
2016-05-03 00:00:00+00:00,4.57,4.68,24.22,90.71,1.8,TNP_0007,4,2016
2016-05-03 01:00:00+00:00,114.5,121.68,25.2,85.25,2.51,TNP_0007,4,2016
2016-05-03 02:00:00+00:00,310.55,353.5,27.5,71.04,2.75,TNP_0007,4,2016
2016-05-03 03:00:00+00:00,545.62,586.97,30.46,53.13,2.44,TNP_0007,4,2016
2016-05-03 04:00:00+00:00,774.4,782.12,33.1,41.3,1.99,TNP_0007,4,2016
2016-05-03 05:00:00+00:00,916.33,920.6,35.16,33.99,1.8,TNP_0007,4,2016
2016-05-03 06:00:00+00:00,974.22,987.55,36.83,28.81,1.66,TNP_0007,4,2016
2016-05-03 07:00:00+00:00,943.78,975.95,37.97,25.59,1.62,TNP_0007,4,2016
2016-05-03 08:00:00+00:00,885.85,894.53,38.59,23.82,1.72,TNP_0007,4,2016
2016-05-03 09:00:00+00:00,702.65,737.25,38.69,23.17,1.8,TNP_0007,4,2016
2016-05-03 10:00:00+00:00,493.35,530.08,38.07,23.89,1.97,TNP_0007,4,2016
2016-05-03 11:00:00+00:00,260.52,294.15,36.8,26.08,2.49,TNP_0007,4,2016
2016-05-03 12:00:00+00:00,67.18,72.68,34.74,30.88,3.29,TNP_0007,4,2016
2016-05-03 13:00:00+00:00,0.0,0.0,31.99,39.93,4.0,TNP_0007,4,2016
2016-05-03 14:00:00+00:00,0.0,0.0,30.43,48.68,4.89,TNP_0007,4,2016
2016-05-03 15:00:00+00:00,0.0,0.0,28.84,59.32,5.17,TNP_0007,4,2016
2016-05-03 16:00:00+00:00,0.0,0.0,27.47,69.9,4.72,TNP_0007,4,2016
2016-05-03 17:00:00+00:00,0.0,0.0,26.5,77.82,4.19,TNP_0007,4,2016
2016-05-03 18:00:00+00:00,0.0,0.0,25.92,82.37,3.78,TNP_0007,4,2016
2016-05-03 19:00:00+00:00,0.0,0.0,25.55,85.0,3.55,TNP_0007,4,2016
2016-05-03 20:00:00+00:00,0.0,0.0,25.37,86.14,3.46,TNP_0007,4,2016
2016-05-03 21:00:00+00:00,0.0,0.0,25.24,86.65,3.23,TNP_0007,4,2016
2016-05-03 22:00:00+00:00,0.0,0.0,25.08,87.35,2.8,TNP_0007,4,2016
2016-05-03 23:00:00+00:00,0.0,0.0,24.95,87.87,2.38,TNP_0007,4,2016
2016-05-04 00:00:00+00:00,4.32,4.65,24.83,88.12,1.86,TNP_0007,4,2016
2016-05-04 01:00:00+00:00,108.7,125.9,25.41,84.36,1.92,TNP_0007,4,2016
2016-05-04 02:00:00+00:00,285.2,354.48,27.09,72.8,1.64,TNP_0007,4,2016
2016-05-04 03:00:00+00:00,514.45,586.55,29.61,56.85,0.86,TNP_0007,4,2016
2016-05-04 04:00:00+00:00,718.5,779.75,32.33,43.8,0.15,TNP_0007,4,2016
2016-05-04 05:00:00+00:00,836.67,913.95,34.73,34.81,0.91,TNP_0007,4,2016
2016-05-04 06:00:00+00:00,888.72,966.75,36.37,29.87,1.18,TNP_0007,4,2016
2016-05-04 07:00:00+00:00,811.42,952.78,37.26,27.24,1.18,TNP_0007,4,2016
2016-05-04 08:00:00+00:00,788.7,865.33,37.53,26.16,1.12,TNP_0007,4,2016
2016-05-04 09:00:00+00:00,589.22,710.72,37.32,26.0,1.04,TNP_0007,4,2016
2016-05-04 10:00:00+00:00,347.77,504.7,36.61,26.91,1.29,TNP_0007,4,2016
2016-05-04 11:00:00+00:00,178.73,273.27,35.37,29.44,2.02,TNP_0007,4,2016
2016-05-04 12:00:00+00:00,46.3,65.5,33.68,34.08,2.89,TNP_0007,4,2016
2016-05-04 13:00:00+00:00,0.0,0.0,31.5,42.3,3.52,TNP_0007,4,2016
2016-05-04 14:00:00+00:00,0.0,0.0,30.06,50.54,4.33,TNP_0007,4,2016
2016-05-04 15:00:00+00:00,0.0,0.0,28.75,59.25,4.38,TNP_0007,4,2016
2016-05-04 16:00:00+00:00,0.0,0.0,27.79,66.41,4.03,TNP_0007,4,2016
2016-05-04 17:00:00+00:00,0.0,0.0,27.21,71.19,3.56,TNP_0007,4,2016
2016-05-04 18:00:00+00:00,0.0,0.0,26.75,74.85,3.15,TNP_0007,4,2016
2016-05-04 19:00:00+00:00,0.0,0.0,26.36,77.84,2.91,TNP_0007,4,2016
2016-05-04 20:00:00+00:00,0.0,0.0,26.0,80.56,2.72,TNP_0007,4,2016
2016-05-04 21:00:00+00:00,0.0,0.0,25.72,82.77,2.56,TNP_0007,4,2016
2016-05-04 22:00:00+00:00,0.0,0.0,25.5,84.74,2.35,TNP_0007,4,2016
2016-05-04 23:00:00+00:00,0.0,0.0,25.3,86.64,2.03,TNP_0007,4,2016
2016-05-05 00:00:00+00:00,3.95,4.32,25.18,87.84,1.74,TNP_0007,4,2016
2016-05-05 01:00:00+00:00,91.35,101.65,25.59,85.53,1.49,TNP_0007,4,2016
2016-05-05 02:00:00+00:00,285.05,320.5,26.95,75.47,0.95,TNP_0007,4,2016
2016-05-05 03:00:00+00:00,491.45,565.03,28.57,65.14,0.67,TNP_0007,4,2016
2016-05-05 04:00:00+00:00,687.97,761.0,29.97,57.65,0.65,TNP_0007,4,2016
2016-05-05 05:00:00+00:00,783.45,895.6,31.34,51.36,0.66,TNP_0007,4,2016
2016-05-05 06:00:00+00:00,771.35,927.5,32.47,46.63,0.65,TNP_0007,4,2016
2016-05-05 07:00:00+00:00,727.83,918.22,33.07,43.5,0.51,TNP_0007,4,2016
2016-05-05 08:00:00+00:00,601.08,832.08,33.31,41.61,0.38,TNP_0007,4,2016
2016-05-05 09:00:00+00:00,452.75,679.75,33.33,40.69,0.55,TNP_0007,4,2016
2016-05-05 10:00:00+00:00,261.6,476.5,33.03,40.71,0.9,TNP_0007,4,2016
2016-05-05 11:00:00+00:00,134.52,250.95,32.38,42.02,1.51,TNP_0007,4,2016
2016-05-05 12:00:00+00:00,36.55,58.12,31.22,45.66,2.11,TNP_0007,4,2016
2016-05-05 13:00:00+00:00,0.0,0.0,29.28,54.52,2.48,TNP_0007,4,2016
2016-05-05 14:00:00+00:00,0.0,0.0,28.02,63.55,3.03,TNP_0007,4,2016
2016-05-05 15:00:00+00:00,0.0,0.0,26.92,72.71,3.18,TNP_0007,4,2016
2016-05-05 16:00:00+00:00,0.0,0.0,26.16,79.47,2.98,TNP_0007,4,2016
2016-05-05 17:00:00+00:00,0.0,0.0,25.66,84.13,2.55,TNP_0007,4,2016
2016-05-05 18:00:00+00:00,0.0,0.0,25.29,87.41,2.24,TNP_0007,4,2016
2016-05-05 19:00:00+00:00,0.0,0.0,25.02,89.75,2.09,TNP_0007,4,2016
2016-05-05 20:00:00+00:00,0.0,0.0,24.8,91.5,1.98,TNP_0007,4,2016
2016-05-05 21:00:00+00:00,0.0,0.0,24.67,92.51,1.92,TNP_0007,4,2016
2016-05-05 22:00:00+00:00,0.0,0.0,24.59,93.19,1.79,TNP_0007,4,2016
2016-05-05 23:00:00+00:00,0.0,0.0,24.52,93.71,1.6,TNP_0007,4,2016
2016-05-06 00:00:00+00:00,4.57,4.68,24.43,94.07,1.45,TNP_0007,4,2016
2016-05-06 01:00:00+00:00,84.5,110.95,24.92,91.08,1.93,TNP_0007,4,2016
2016-05-06 02:00:00+00:00,244.2,331.67,26.04,83.51,2.26,TNP_0007,4,2016
2016-05-06 03:00:00+00:00,449.12,565.53,27.82,71.31,2.03,TNP_0007,4,2016
2016-05-06 04:00:00+00:00,610.25,751.17,29.74,59.58,1.51,TNP_0007,4,2016
2016-05-06 05:00:00+00:00,712.72,885.08,31.46,51.32,1.07,TNP_0007,4,2016
2016-05-06 06:00:00+00:00,820.97,931.4,33.21,44.19,0.75,TNP_0007,4,2016
2016-05-06 07:00:00+00:00,782.22,919.0,34.27,39.61,0.65,TNP_0007,4,2016
2016-05-06 08:00:00+00:00,693.88,832.15,34.53,37.58,0.74,TNP_0007,4,2016
2016-05-06 09:00:00+00:00,563.22,677.6,34.43,37.1,0.97,TNP_0007,4,2016
2016-05-06 10:00:00+00:00,353.9,474.48,33.76,38.47,1.33,TNP_0007,4,2016
2016-05-06 11:00:00+00:00,202.65,256.42,32.6,42.09,1.83,TNP_0007,4,2016
2016-05-06 12:00:00+00:00,47.3,59.67,30.88,51.79,2.01,TNP_0007,4,2016
2016-05-06 13:00:00+00:00,0.0,0.0,28.72,69.21,2.21,TNP_0007,4,2016
2016-05-06 14:00:00+00:00,0.0,0.0,27.43,76.49,2.65,TNP_0007,4,2016
2016-05-06 15:00:00+00:00,0.0,0.0,26.49,83.25,2.6,TNP_0007,4,2016
2016-05-06 16:00:00+00:00,0.0,0.0,25.88,87.44,2.37,TNP_0007,4,2016
2016-05-06 17:00:00+00:00,0.0,0.0,25.46,89.19,2.14,TNP_0007,4,2016
2016-05-06 18:00:00+00:00,0.0,0.0,25.25,90.37,1.68,TNP_0007,4,2016
2016-05-06 19:00:00+00:00,0.0,0.0,25.22,89.73,1.26,TNP_0007,4,2016
2016-05-06 20:00:00+00:00,0.0,0.0,25.21,88.57,0.96,TNP_0007,4,2016
2016-05-06 21:00:00+00:00,0.0,0.0,24.94,91.01,0.89,TNP_0007,4,2016
2016-05-06 22:00:00+00:00,0.0,0.0,24.7,91.94,0.7,TNP_0007,4,2016
2016-05-06 23:00:00+00:00,0.0,0.0,24.51,93.86,0.52,TNP_0007,4,2016
2016-05-07 00:00:00+00:00,2.1,4.57,24.38,94.94,0.35,TNP_0007,4,2016
2016-05-07 01:00:00+00:00,66.7,104.97,24.95,90.04,0.43,TNP_0007,4,2016
2016-05-07 02:00:00+00:00,220.12,316.95,26.14,83.08,0.21,TNP_0007,4,2016
2016-05-07 03:00:00+00:00,484.67,549.72,27.33,74.78,0.13,TNP_0007,4,2016
2016-05-07 04:00:00+00:00,683.4,736.72,28.95,65.23,0.54,TNP_0007,4,2016
2016-05-07 05:00:00+00:00,859.88,873.88,30.36,58.09,1.02,TNP_0007,4,2016
2016-05-07 06:00:00+00:00,909.7,952.33,31.27,53.76,1.2,TNP_0007,4,2016
2016-05-07 07:00:00+00:00,876.42,939.85,31.72,51.4,1.23,TNP_0007,4,2016
2016-05-07 08:00:00+00:00,761.28,849.12,31.94,50.28,1.28,TNP_0007,4,2016
2016-05-07 09:00:00+00:00,632.12,691.67,31.79,50.77,1.4,TNP_0007,4,2016
2016-05-07 10:00:00+00:00,441.65,489.65,30.99,53.83,1.51,TNP_0007,4,2016
2016-05-07 11:00:00+00:00,224.62,255.02,29.9,59.36,1.58,TNP_0007,4,2016
2016-05-07 12:00:00+00:00,50.58,58.0,28.49,68.71,1.46,TNP_0007,4,2016
2016-05-07 13:00:00+00:00,0.0,0.0,27.25,78.75,1.21,TNP_0007,4,2016
2016-05-07 14:00:00+00:00,0.0,0.0,26.6,82.05,1.27,TNP_0007,4,2016
2016-05-07 15:00:00+00:00,0.0,0.0,26.06,85.12,1.25,TNP_0007,4,2016
2016-05-07 16:00:00+00:00,0.0,0.0,25.67,87.49,1.17,TNP_0007,4,2016
2016-05-07 17:00:00+00:00,0.0,0.0,25.41,88.69,1.28,TNP_0007,4,2016
2016-05-07 18:00:00+00:00,0.0,0.0,25.12,89.9,1.48,TNP_0007,4,2016
2016-05-07 19:00:00+00:00,0.0,0.0,24.8,91.52,1.46,TNP_0007,4,2016
2016-05-07 20:00:00+00:00,0.0,0.0,24.57,92.89,1.32,TNP_0007,4,2016
2016-05-07 21:00:00+00:00,0.0,0.0,24.45,93.45,1.37,TNP_0007,4,2016
2016-05-07 22:00:00+00:00,0.0,0.0,24.36,93.91,1.35,TNP_0007,4,2016
2016-05-07 23:00:00+00:00,0.0,0.0,24.36,93.96,1.15,TNP_0007,4,2016
2016-05-08 00:00:00+00:00,5.07,5.35,24.3,94.43,1.07,TNP_0007,4,2016
2016-05-08 01:00:00+00:00,115.8,124.4,24.61,92.96,1.69,TNP_0007,4,2016
2016-05-08 02:00:00+00:00,327.02,352.2,25.29,89.42,2.39,TNP_0007,4,2016
2016-05-08 03:00:00+00:00,534.38,574.1,26.33,82.97,3.02,TNP_0007,4,2016
2016-05-08 04:00:00+00:00,699.38,763.6,27.5,75.99,3.2,TNP_0007,4,2016
2016-05-08 05:00:00+00:00,762.78,895.05,28.59,70.06,2.74,TNP_0007,4,2016
2016-05-08 06:00:00+00:00,715.25,934.9,29.47,65.56,2.04,TNP_0007,4,2016
2016-05-08 07:00:00+00:00,756.5,921.05,30.02,62.38,1.47,TNP_0007,4,2016
2016-05-08 08:00:00+00:00,658.67,832.92,30.58,58.86,1.01,TNP_0007,4,2016
2016-05-08 09:00:00+00:00,550.9,678.78,30.87,55.91,0.61,TNP_0007,4,2016
2016-05-08 10:00:00+00:00,366.75,484.25,30.77,55.11,0.32,TNP_0007,4,2016
2016-05-08 11:00:00+00:00,174.2,256.2,30.26,56.68,0.22,TNP_0007,4,2016
2016-05-08 12:00:00+00:00,42.17,59.62,29.14,65.74,0.34,TNP_0007,4,2016
2016-05-08 13:00:00+00:00,0.0,0.0,27.5,79.24,0.55,TNP_0007,4,2016
2016-05-08 14:00:00+00:00,0.0,0.0,26.79,81.56,0.83,TNP_0007,4,2016
2016-05-08 15:00:00+00:00,0.0,0.0,26.16,84.04,1.09,TNP_0007,4,2016
2016-05-08 16:00:00+00:00,0.0,0.0,25.51,86.87,1.29,TNP_0007,4,2016
2016-05-08 17:00:00+00:00,0.0,0.0,24.99,89.03,1.39,TNP_0007,4,2016
2016-05-08 18:00:00+00:00,0.0,0.0,24.58,90.66,1.46,TNP_0007,4,2016
2016-05-08 19:00:00+00:00,0.0,0.0,24.24,92.02,1.46,TNP_0007,4,2016
2016-05-08 20:00:00+00:00,0.0,0.0,23.97,93.06,1.38,TNP_0007,4,2016
2016-05-08 21:00:00+00:00,0.0,0.0,23.85,93.74,1.21,TNP_0007,4,2016
2016-05-08 22:00:00+00:00,0.0,0.0,23.75,94.0,1.12,TNP_0007,4,2016
2016-05-08 23:00:00+00:00,0.0,0.0,23.76,92.7,1.08,TNP_0007,4,2016
2016-05-09 00:00:00+00:00,3.83,4.9,23.71,92.31,1.13,TNP_0007,4,2016
2016-05-09 01:00:00+00:00,86.32,103.9,24.61,87.99,1.57,TNP_0007,4,2016
2016-05-09 02:00:00+00:00,273.77,314.33,26.3,77.98,1.98,TNP_0007,4,2016
2016-05-09 03:00:00+00:00,529.3,546.25,28.31,66.86,2.25,TNP_0007,4,2016
2016-05-09 04:00:00+00:00,692.45,724.0,29.64,60.15,2.47,TNP_0007,4,2016
2016-05-09 05:00:00+00:00,836.55,859.83,30.57,55.64,2.71,TNP_0007,4,2016
2016-05-09 06:00:00+00:00,809.65,939.97,31.07,52.57,2.9,TNP_0007,4,2016
2016-05-09 07:00:00+00:00,797.42,913.33,31.35,50.15,2.98,TNP_0007,4,2016
2016-05-09 08:00:00+00:00,710.25,814.83,31.39,48.56,2.95,TNP_0007,4,2016
2016-05-09 09:00:00+00:00,597.22,650.65,31.33,47.41,2.82,TNP_0007,4,2016
2016-05-09 10:00:00+00:00,346.23,451.52,31.14,47.12,2.56,TNP_0007,4,2016
2016-05-09 11:00:00+00:00,191.38,227.23,30.6,48.9,2.14,TNP_0007,4,2016
2016-05-09 12:00:00+00:00,53.15,55.47,29.29,59.58,1.27,TNP_0007,4,2016
2016-05-09 13:00:00+00:00,0.0,0.0,27.78,71.21,0.83,TNP_0007,4,2016
2016-05-09 14:00:00+00:00,0.0,0.0,27.72,68.31,0.61,TNP_0007,4,2016
2016-05-09 15:00:00+00:00,0.0,0.0,27.24,69.75,0.82,TNP_0007,4,2016
2016-05-09 16:00:00+00:00,0.0,0.0,26.35,77.01,1.16,TNP_0007,4,2016
2016-05-09 17:00:00+00:00,0.0,0.0,25.6,81.19,1.4,TNP_0007,4,2016
2016-05-09 18:00:00+00:00,0.0,0.0,25.1,83.94,1.51,TNP_0007,4,2016
2016-05-09 19:00:00+00:00,0.0,0.0,24.81,85.78,1.43,TNP_0007,4,2016
2016-05-09 20:00:00+00:00,0.0,0.0,24.52,87.91,1.32,TNP_0007,4,2016
2016-05-09 21:00:00+00:00,0.0,0.0,24.33,89.34,1.13,TNP_0007,4,2016
2016-05-09 22:00:00+00:00,0.0,0.0,24.27,89.52,0.94,TNP_0007,4,2016
2016-05-09 23:00:00+00:00,0.0,0.0,24.16,90.25,0.93,TNP_0007,4,2016
2016-05-10 00:00:00+00:00,5.05,5.45,24.06,91.0,0.95,TNP_0007,4,2016
2016-05-10 01:00:00+00:00,92.3,119.22,24.9,87.17,1.08,TNP_0007,4,2016
2016-05-10 02:00:00+00:00,240.35,342.33,26.34,78.81,1.13,TNP_0007,4,2016
2016-05-10 03:00:00+00:00,407.4,571.8,27.84,69.37,0.44,TNP_0007,4,2016
2016-05-10 04:00:00+00:00,601.12,753.95,29.53,58.8,0.58,TNP_0007,4,2016
2016-05-10 05:00:00+00:00,733.42,885.5,31.16,50.3,1.34,TNP_0007,4,2016
2016-05-10 06:00:00+00:00,781.08,923.9,32.38,44.71,1.89,TNP_0007,4,2016
2016-05-10 07:00:00+00:00,740.25,910.45,33.22,40.84,2.26,TNP_0007,4,2016
2016-05-10 08:00:00+00:00,662.92,821.45,33.71,38.29,2.54,TNP_0007,4,2016
2016-05-10 09:00:00+00:00,514.67,671.3,33.69,37.15,2.76,TNP_0007,4,2016
2016-05-10 10:00:00+00:00,252.45,475.1,33.23,37.4,3.05,TNP_0007,4,2016
2016-05-10 11:00:00+00:00,130.35,252.68,32.07,41.19,2.9,TNP_0007,4,2016
2016-05-10 12:00:00+00:00,37.03,61.42,29.89,57.27,1.8,TNP_0007,4,2016
2016-05-10 13:00:00+00:00,0.0,0.0,27.59,72.51,1.85,TNP_0007,4,2016
2016-05-10 14:00:00+00:00,0.0,0.0,26.88,76.75,1.83,TNP_0007,4,2016
2016-05-10 15:00:00+00:00,0.0,0.0,26.18,79.77,1.84,TNP_0007,4,2016
2016-05-10 16:00:00+00:00,0.0,0.0,25.52,82.68,1.86,TNP_0007,4,2016
2016-05-10 17:00:00+00:00,0.0,0.0,24.92,85.85,1.77,TNP_0007,4,2016
2016-05-10 18:00:00+00:00,0.0,0.0,24.48,88.6,1.56,TNP_0007,4,2016
2016-05-10 19:00:00+00:00,0.0,0.0,24.16,90.95,1.34,TNP_0007,4,2016
2016-05-10 20:00:00+00:00,0.0,0.0,23.9,92.83,1.13,TNP_0007,4,2016
2016-05-10 21:00:00+00:00,0.0,0.0,23.81,92.28,0.73,TNP_0007,4,2016
2016-05-10 22:00:00+00:00,0.0,0.0,23.79,90.66,0.34,TNP_0007,4,2016
2016-05-10 23:00:00+00:00,0.0,0.0,23.41,92.79,0.73,TNP_0007,4,2016
2016-05-11 00:00:00+00:00,4.1,5.18,23.04,94.88,1.06,TNP_0007,4,2016
2016-05-11 01:00:00+00:00,82.6,114.15,24.03,91.94,1.34,TNP_0007,4,2016
2016-05-11 02:00:00+00:00,238.32,338.08,25.76,82.05,1.06,TNP_0007,4,2016
2016-05-11 03:00:00+00:00,439.38,565.0,27.17,69.45,0.48,TNP_0007,4,2016
2016-05-11 04:00:00+00:00,678.85,757.0,28.66,59.48,0.26,TNP_0007,4,2016
2016-05-11 05:00:00+00:00,685.25,894.33,30.04,51.94,0.2,TNP_0007,4,2016
2016-05-11 06:00:00+00:00,774.08,940.22,31.07,47.13,0.11,TNP_0007,4,2016
2016-05-11 07:00:00+00:00,787.5,930.92,31.69,44.52,0.13,TNP_0007,4,2016
2016-05-11 08:00:00+00:00,802.2,842.08,31.75,43.87,0.38,TNP_0007,4,2016
2016-05-11 09:00:00+00:00,557.45,679.35,31.35,44.76,0.67,TNP_0007,4,2016
2016-05-11 10:00:00+00:00,382.92,478.27,30.58,47.2,1.02,TNP_0007,4,2016
2016-05-11 11:00:00+00:00,188.98,248.52,29.46,52.79,1.23,TNP_0007,4,2016
2016-05-11 12:00:00+00:00,48.65,58.58,28.06,62.65,1.35,TNP_0007,4,2016
2016-05-11 13:00:00+00:00,0.0,0.0,26.36,78.96,1.19,TNP_0007,4,2016
2016-05-11 14:00:00+00:00,0.0,0.0,25.44,84.57,1.22,TNP_0007,4,2016
2016-05-11 15:00:00+00:00,0.0,0.0,24.85,87.21,1.16,TNP_0007,4,2016
2016-05-11 16:00:00+00:00,0.0,0.0,24.43,89.15,1.12,TNP_0007,4,2016
2016-05-11 17:00:00+00:00,0.0,0.0,24.08,90.17,1.22,TNP_0007,4,2016
2016-05-11 18:00:00+00:00,0.0,0.0,23.74,91.3,1.43,TNP_0007,4,2016
2016-05-11 19:00:00+00:00,0.0,0.0,23.41,92.49,1.66,TNP_0007,4,2016
2016-05-11 20:00:00+00:00,0.0,0.0,23.15,93.14,1.82,TNP_0007,4,2016
2016-05-11 21:00:00+00:00,0.0,0.0,23.0,93.3,1.82,TNP_0007,4,2016
2016-05-11 22:00:00+00:00,0.0,0.0,22.85,93.72,1.72,TNP_0007,4,2016
2016-05-11 23:00:00+00:00,0.0,0.0,22.72,94.06,1.63,TNP_0007,4,2016
2016-05-12 00:00:00+00:00,4.97,5.65,22.61,94.3,1.57,TNP_0007,4,2016
2016-05-12 01:00:00+00:00,91.03,122.28,23.46,90.51,2.14,TNP_0007,4,2016
2016-05-12 02:00:00+00:00,259.1,343.95,24.57,85.42,2.6,TNP_0007,4,2016
2016-05-12 03:00:00+00:00,403.2,562.5,26.55,74.17,3.03,TNP_0007,4,2016
2016-05-12 04:00:00+00:00,576.12,757.1,28.62,61.36,2.99,TNP_0007,4,2016
2016-05-12 05:00:00+00:00,713.55,886.85,30.1,53.45,2.59,TNP_0007,4,2016
2016-05-12 06:00:00+00:00,737.7,928.8,31.04,48.79,2.14,TNP_0007,4,2016
2016-05-12 07:00:00+00:00,722.97,915.35,31.69,45.7,1.88,TNP_0007,4,2016
2016-05-12 08:00:00+00:00,625.62,829.25,32.16,43.42,1.73,TNP_0007,4,2016
2016-05-12 09:00:00+00:00,579.38,672.7,32.19,42.66,1.87,TNP_0007,4,2016
2016-05-12 10:00:00+00:00,372.42,473.2,31.7,43.88,2.31,TNP_0007,4,2016
2016-05-12 11:00:00+00:00,214.45,258.02,30.61,47.92,2.96,TNP_0007,4,2016
2016-05-12 12:00:00+00:00,52.8,62.28,28.7,58.19,3.21,TNP_0007,4,2016
2016-05-12 13:00:00+00:00,0.0,0.0,26.62,71.29,3.25,TNP_0007,4,2016
2016-05-12 14:00:00+00:00,0.0,0.0,25.55,79.72,3.7,TNP_0007,4,2016
2016-05-12 15:00:00+00:00,0.0,0.0,24.73,87.59,3.55,TNP_0007,4,2016
2016-05-12 16:00:00+00:00,0.0,0.0,24.31,92.5,3.24,TNP_0007,4,2016
2016-05-12 17:00:00+00:00,0.0,0.0,24.19,94.2,3.02,TNP_0007,4,2016
2016-05-12 18:00:00+00:00,0.0,0.0,24.1,94.9,2.73,TNP_0007,4,2016
2016-05-12 19:00:00+00:00,0.0,0.0,23.94,95.58,2.46,TNP_0007,4,2016
2016-05-12 20:00:00+00:00,0.0,0.0,23.74,96.16,2.2,TNP_0007,4,2016
2016-05-12 21:00:00+00:00,0.0,0.0,23.54,96.62,1.83,TNP_0007,4,2016
2016-05-12 22:00:00+00:00,0.0,0.0,23.39,96.82,1.53,TNP_0007,4,2016
2016-05-12 23:00:00+00:00,0.0,0.0,23.25,97.05,1.39,TNP_0007,4,2016
2016-05-13 00:00:00+00:00,5.35,5.85,23.14,97.22,1.32,TNP_0007,4,2016
2016-05-13 01:00:00+00:00,110.03,124.88,24.16,92.94,1.85,TNP_0007,4,2016
2016-05-13 02:00:00+00:00,293.23,344.23,26.01,82.73,2.2,TNP_0007,4,2016
2016-05-13 03:00:00+00:00,541.25,568.17,28.45,67.47,2.11,TNP_0007,4,2016
2016-05-13 04:00:00+00:00,672.92,756.1,30.66,55.75,1.41,TNP_0007,4,2016
2016-05-13 05:00:00+00:00,732.78,886.53,32.46,47.86,0.85,TNP_0007,4,2016
2016-05-13 06:00:00+00:00,858.0,949.33,33.99,41.52,0.6,TNP_0007,4,2016
2016-05-13 07:00:00+00:00,791.97,936.7,35.03,37.31,0.63,TNP_0007,4,2016
2016-05-13 08:00:00+00:00,784.67,852.65,35.59,34.9,0.71,TNP_0007,4,2016
2016-05-13 09:00:00+00:00,594.5,702.42,35.62,34.18,0.84,TNP_0007,4,2016
2016-05-13 10:00:00+00:00,422.17,502.62,35.07,34.93,1.15,TNP_0007,4,2016
2016-05-13 11:00:00+00:00,219.02,275.92,33.88,37.69,1.65,TNP_0007,4,2016
2016-05-13 12:00:00+00:00,56.83,70.65,31.45,49.27,1.95,TNP_0007,4,2016
2016-05-13 13:00:00+00:00,0.0,0.0,28.37,66.05,2.43,TNP_0007,4,2016
2016-05-13 14:00:00+00:00,0.0,0.0,27.02,72.93,3.17,TNP_0007,4,2016
2016-05-13 15:00:00+00:00,0.0,0.0,25.98,81.11,3.6,TNP_0007,4,2016
2016-05-13 16:00:00+00:00,0.0,0.0,25.28,87.91,3.85,TNP_0007,4,2016
2016-05-13 17:00:00+00:00,0.0,0.0,24.82,92.58,3.65,TNP_0007,4,2016
2016-05-13 18:00:00+00:00,0.0,0.0,24.63,94.06,3.42,TNP_0007,4,2016
2016-05-13 19:00:00+00:00,0.0,0.0,24.55,94.28,3.26,TNP_0007,4,2016
2016-05-13 20:00:00+00:00,0.0,0.0,24.4,94.73,2.83,TNP_0007,4,2016
2016-05-13 21:00:00+00:00,0.0,0.0,24.14,95.69,2.06,TNP_0007,4,2016
2016-05-13 22:00:00+00:00,0.0,0.0,23.81,96.87,1.62,TNP_0007,4,2016
2016-05-13 23:00:00+00:00,0.0,0.0,23.53,97.76,1.35,TNP_0007,4,2016
2016-05-14 00:00:00+00:00,4.53,5.78,23.39,98.14,1.17,TNP_0007,4,2016
2016-05-14 01:00:00+00:00,88.55,122.43,24.84,90.81,1.69,TNP_0007,4,2016
2016-05-14 02:00:00+00:00,235.45,339.0,26.97,77.47,2.31,TNP_0007,4,2016
2016-05-14 03:00:00+00:00,469.62,562.03,29.76,61.48,2.01,TNP_0007,4,2016
2016-05-14 04:00:00+00:00,708.78,752.65,32.19,50.67,1.51,TNP_0007,4,2016
2016-05-14 05:00:00+00:00,766.6,874.9,34.04,44.15,1.41,TNP_0007,4,2016
2016-05-14 06:00:00+00:00,776.62,881.8,34.91,40.91,1.67,TNP_0007,4,2016
2016-05-14 07:00:00+00:00,685.0,869.3,35.3,39.47,1.89,TNP_0007,4,2016
2016-05-14 08:00:00+00:00,628.42,778.53,35.02,39.87,2.13,TNP_0007,4,2016
2016-05-14 09:00:00+00:00,429.95,622.28,33.89,42.71,2.08,TNP_0007,4,2016
2016-05-14 10:00:00+00:00,259.45,424.83,32.77,46.49,1.75,TNP_0007,4,2016
2016-05-14 11:00:00+00:00,106.75,218.57,31.46,51.96,1.73,TNP_0007,4,2016
2016-05-14 12:00:00+00:00,20.8,52.38,29.71,63.01,1.79,TNP_0007,4,2016
2016-05-14 13:00:00+00:00,0.0,0.0,28.01,75.06,1.84,TNP_0007,4,2016
2016-05-14 14:00:00+00:00,0.0,0.0,27.08,80.72,1.77,TNP_0007,4,2016
2016-05-14 15:00:00+00:00,0.0,0.0,26.44,84.96,1.54,TNP_0007,4,2016
2016-05-14 16:00:00+00:00,0.0,0.0,26.13,87.24,1.19,TNP_0007,4,2016
2016-05-14 17:00:00+00:00,0.0,0.0,25.83,89.44,0.88,TNP_0007,4,2016
2016-05-14 18:00:00+00:00,0.0,0.0,25.52,91.98,0.85,TNP_0007,4,2016
2016-05-14 19:00:00+00:00,0.0,0.0,25.22,93.29,0.96,TNP_0007,4,2016
2016-05-14 20:00:00+00:00,0.0,0.0,24.81,94.86,0.8,TNP_0007,4,2016
2016-05-14 21:00:00+00:00,0.0,0.0,24.59,93.75,0.42,TNP_0007,4,2016
2016-05-14 22:00:00+00:00,0.0,0.0,24.39,92.74,0.14,TNP_0007,4,2016
2016-05-14 23:00:00+00:00,0.0,0.0,23.95,94.27,0.56,TNP_0007,4,2016
2016-05-15 00:00:00+00:00,5.0,5.03,23.63,96.01,0.77,TNP_0007,4,2016
2016-05-15 01:00:00+00:00,94.38,98.15,24.69,91.84,1.2,TNP_0007,4,2016
2016-05-15 02:00:00+00:00,281.15,293.23,26.37,81.18,1.04,TNP_0007,4,2016
2016-05-15 03:00:00+00:00,479.73,515.33,28.85,63.4,0.61,TNP_0007,4,2016
2016-05-15 04:00:00+00:00,642.8,710.45,31.2,50.35,1.67,TNP_0007,4,2016
2016-05-15 05:00:00+00:00,716.05,855.28,32.81,43.3,2.55,TNP_0007,4,2016
2016-05-15 06:00:00+00:00,746.47,918.78,33.89,39.0,3.19,TNP_0007,4,2016
2016-05-15 07:00:00+00:00,734.95,902.83,34.36,36.71,3.68,TNP_0007,4,2016
2016-05-15 08:00:00+00:00,537.33,811.45,34.05,36.71,3.82,TNP_0007,4,2016
2016-05-15 09:00:00+00:00,310.05,654.55,33.07,38.57,3.54,TNP_0007,4,2016
2016-05-15 10:00:00+00:00,146.73,464.3,32.35,39.9,3.03,TNP_0007,4,2016
2016-05-15 11:00:00+00:00,82.3,251.45,31.45,42.7,2.52,TNP_0007,4,2016
2016-05-15 12:00:00+00:00,22.48,64.57,29.63,54.8,1.76,TNP_0007,4,2016
2016-05-15 13:00:00+00:00,0.0,0.0,27.45,71.99,1.66,TNP_0007,4,2016
2016-05-15 14:00:00+00:00,0.0,0.0,26.56,76.58,1.63,TNP_0007,4,2016
2016-05-15 15:00:00+00:00,0.0,0.0,25.9,80.36,1.5,TNP_0007,4,2016
2016-05-15 16:00:00+00:00,0.0,0.0,25.3,83.76,1.47,TNP_0007,4,2016
2016-05-15 17:00:00+00:00,0.0,0.0,24.75,86.87,1.54,TNP_0007,4,2016
2016-05-15 18:00:00+00:00,0.0,0.0,24.49,89.31,1.55,TNP_0007,4,2016
2016-05-15 19:00:00+00:00,0.0,0.0,24.27,91.6,1.6,TNP_0007,4,2016
2016-05-15 20:00:00+00:00,0.0,0.0,24.03,93.9,1.79,TNP_0007,4,2016
2016-05-15 21:00:00+00:00,0.0,0.0,23.97,95.38,1.8,TNP_0007,4,2016
2016-05-15 22:00:00+00:00,0.0,0.0,23.98,95.95,1.58,TNP_0007,4,2016
2016-05-15 23:00:00+00:00,0.0,0.0,23.93,96.32,1.39,TNP_0007,4,2016
2016-05-16 00:00:00+00:00,1.62,6.0,23.84,96.74,1.29,TNP_0007,4,2016
2016-05-16 01:00:00+00:00,20.35,120.62,24.41,93.83,1.88,TNP_0007,4,2016
2016-05-16 02:00:00+00:00,44.17,342.4,25.11,89.43,2.4,TNP_0007,4,2016
2016-05-16 03:00:00+00:00,68.12,568.1,26.08,81.9,2.8,TNP_0007,4,2016
2016-05-16 04:00:00+00:00,92.4,754.55,27.43,71.97,3.0,TNP_0007,4,2016
2016-05-16 05:00:00+00:00,159.12,883.62,28.86,62.71,3.01,TNP_0007,4,2016
2016-05-16 06:00:00+00:00,241.82,941.25,30.08,55.67,2.99,TNP_0007,4,2016
2016-05-16 07:00:00+00:00,252.18,926.4,31.2,49.99,2.83,TNP_0007,4,2016
2016-05-16 08:00:00+00:00,207.43,835.55,31.73,46.64,2.2,TNP_0007,4,2016
2016-05-16 09:00:00+00:00,154.7,683.38,31.58,46.22,1.69,TNP_0007,4,2016
2016-05-16 10:00:00+00:00,130.77,480.25,30.83,48.46,1.5,TNP_0007,4,2016
2016-05-16 11:00:00+00:00,86.65,253.68,29.84,54.22,1.43,TNP_0007,4,2016
2016-05-16 12:00:00+00:00,22.5,62.28,28.4,63.73,1.35,TNP_0007,4,2016
2016-05-16 13:00:00+00:00,0.0,0.0,26.83,74.55,1.44,TNP_0007,4,2016
2016-05-16 14:00:00+00:00,0.0,0.0,25.78,83.06,1.66,TNP_0007,4,2016
2016-05-16 15:00:00+00:00,0.0,0.0,25.08,87.93,1.69,TNP_0007,4,2016
2016-05-16 16:00:00+00:00,0.0,0.0,24.59,91.22,1.7,TNP_0007,4,2016
2016-05-16 17:00:00+00:00,0.0,0.0,24.26,94.02,1.64,TNP_0007,4,2016
2016-05-16 18:00:00+00:00,0.0,0.0,24.01,96.15,1.52,TNP_0007,4,2016
2016-05-16 19:00:00+00:00,0.0,0.0,23.78,97.09,1.43,TNP_0007,4,2016
2016-05-16 20:00:00+00:00,0.0,0.0,23.63,96.98,1.16,TNP_0007,4,2016
2016-05-16 21:00:00+00:00,0.0,0.0,23.42,96.93,1.0,TNP_0007,4,2016
2016-05-16 22:00:00+00:00,0.0,0.0,23.21,96.9,1.03,TNP_0007,4,2016
2016-05-16 23:00:00+00:00,0.0,0.0,23.1,95.94,1.04,TNP_0007,4,2016
2016-05-17 00:00:00+00:00,1.65,5.8,23.04,94.74,1.16,TNP_0007,4,2016
2016-05-17 01:00:00+00:00,24.02,107.65,23.63,90.96,1.31,TNP_0007,4,2016
2016-05-17 02:00:00+00:00,57.12,300.4,24.73,79.03,1.94,TNP_0007,4,2016
2016-05-17 03:00:00+00:00,100.35,511.7,26.48,62.06,2.45,TNP_0007,4,2016
2016-05-17 04:00:00+00:00,155.2,700.95,28.05,49.82,3.21,TNP_0007,4,2016
2016-05-17 05:00:00+00:00,225.7,840.12,29.22,43.55,3.51,TNP_0007,4,2016
2016-05-17 06:00:00+00:00,306.75,904.25,30.11,40.37,3.48,TNP_0007,4,2016
2016-05-17 07:00:00+00:00,358.17,888.75,30.68,38.73,3.16,TNP_0007,4,2016
2016-05-17 08:00:00+00:00,343.23,788.42,30.86,38.4,2.56,TNP_0007,4,2016
2016-05-17 09:00:00+00:00,290.9,639.6,30.97,38.33,1.43,TNP_0007,4,2016
2016-05-17 10:00:00+00:00,159.98,444.4,30.88,39.33,1.15,TNP_0007,4,2016
2016-05-17 11:00:00+00:00,93.35,235.3,29.88,46.11,2.44,TNP_0007,4,2016
2016-05-17 12:00:00+00:00,25.38,59.75,27.54,62.94,2.84,TNP_0007,4,2016
2016-05-17 13:00:00+00:00,0.0,0.0,25.42,76.04,3.71,TNP_0007,4,2016
2016-05-17 14:00:00+00:00,0.0,0.0,24.67,85.42,4.83,TNP_0007,4,2016
2016-05-17 15:00:00+00:00,0.0,0.0,24.16,93.56,4.6,TNP_0007,4,2016
2016-05-17 16:00:00+00:00,0.0,0.0,24.1,95.27,4.42,TNP_0007,4,2016
2016-05-17 17:00:00+00:00,0.0,0.0,24.02,95.07,3.91,TNP_0007,4,2016
2016-05-17 18:00:00+00:00,0.0,0.0,23.88,94.42,3.55,TNP_0007,4,2016
2016-05-17 19:00:00+00:00,0.0,0.0,23.73,93.89,3.2,TNP_0007,4,2016
2016-05-17 20:00:00+00:00,0.0,0.0,23.61,93.93,3.04,TNP_0007,4,2016
2016-05-17 21:00:00+00:00,0.0,0.0,23.52,94.35,2.68,TNP_0007,4,2016
2016-05-17 22:00:00+00:00,0.0,0.0,23.52,94.49,2.71,TNP_0007,4,2016
2016-05-17 23:00:00+00:00,0.0,0.0,23.48,95.35,2.54,TNP_0007,4,2016
2016-05-18 00:00:00+00:00,3.65,5.82,23.5,95.93,2.5,TNP_0007,4,2016
2016-05-18 01:00:00+00:00,67.93,110.93,24.02,94.62,3.06,TNP_0007,4,2016
2016-05-18 02:00:00+00:00,195.2,314.55,24.95,90.78,3.63,TNP_0007,4,2016
2016-05-18 03:00:00+00:00,352.52,533.28,26.25,82.69,4.47,TNP_0007,4,2016
2016-05-18 04:00:00+00:00,433.42,717.6,27.67,72.69,5.08,TNP_0007,4,2016
2016-05-18 05:00:00+00:00,616.3,846.08,28.62,65.81,5.26,TNP_0007,4,2016
2016-05-18 06:00:00+00:00,542.0,906.33,29.1,61.77,5.2,TNP_0007,4,2016
2016-05-18 07:00:00+00:00,592.2,894.65,29.42,59.82,5.11,TNP_0007,4,2016
2016-05-18 08:00:00+00:00,469.02,809.33,29.42,60.13,5.01,TNP_0007,4,2016
2016-05-18 09:00:00+00:00,336.62,662.08,28.94,63.05,5.03,TNP_0007,4,2016
2016-05-18 10:00:00+00:00,141.18,466.05,27.89,68.95,5.2,TNP_0007,4,2016
2016-05-18 11:00:00+00:00,96.38,248.8,26.59,76.09,5.36,TNP_0007,4,2016
2016-05-18 12:00:00+00:00,25.92,61.5,25.43,82.88,5.12,TNP_0007,4,2016
2016-05-18 13:00:00+00:00,0.0,0.0,24.7,87.83,4.81,TNP_0007,4,2016
2016-05-18 14:00:00+00:00,0.0,0.0,24.45,89.61,5.07,TNP_0007,4,2016
2016-05-18 15:00:00+00:00,0.0,0.0,24.23,89.86,5.06,TNP_0007,4,2016
2016-05-18 16:00:00+00:00,0.0,0.0,24.04,90.73,4.72,TNP_0007,4,2016
2016-05-18 17:00:00+00:00,0.0,0.0,23.88,92.1,4.46,TNP_0007,4,2016
2016-05-18 18:00:00+00:00,0.0,0.0,23.88,92.65,4.88,TNP_0007,4,2016
2016-05-18 19:00:00+00:00,0.0,0.0,23.89,93.2,5.17,TNP_0007,4,2016
2016-05-18 20:00:00+00:00,0.0,0.0,23.86,93.62,5.6,TNP_0007,4,2016
2016-05-18 21:00:00+00:00,0.0,0.0,23.84,93.59,6.15,TNP_0007,4,2016
2016-05-18 22:00:00+00:00,0.0,0.0,23.81,93.68,6.0,TNP_0007,4,2016
2016-05-18 23:00:00+00:00,0.0,0.0,23.83,93.91,5.27,TNP_0007,4,2016
2016-05-19 00:00:00+00:00,4.8,5.62,23.93,93.76,4.79,TNP_0007,4,2016
2016-05-19 01:00:00+00:00,83.18,109.03,24.61,90.83,4.65,TNP_0007,4,2016
2016-05-19 02:00:00+00:00,235.27,320.67,25.75,84.28,5.1,TNP_0007,4,2016
2016-05-19 03:00:00+00:00,407.12,549.12,27.33,74.53,6.03,TNP_0007,4,2016
2016-05-19 04:00:00+00:00,505.75,738.47,28.59,67.34,6.42,TNP_0007,4,2016
2016-05-19 05:00:00+00:00,635.7,869.28,29.43,62.88,6.48,TNP_0007,4,2016
2016-05-19 06:00:00+00:00,626.88,881.97,30.1,59.61,6.26,TNP_0007,4,2016
2016-05-19 07:00:00+00:00,525.22,864.95,30.23,58.48,6.18,TNP_0007,4,2016
2016-05-19 08:00:00+00:00,457.95,776.35,29.97,58.82,6.27,TNP_0007,4,2016
2016-05-19 09:00:00+00:00,366.48,622.97,29.65,59.49,6.23,TNP_0007,4,2016
2016-05-19 10:00:00+00:00,265.55,425.73,29.19,60.82,6.1,TNP_0007,4,2016
2016-05-19 11:00:00+00:00,135.0,215.95,28.24,65.26,5.46,TNP_0007,4,2016
2016-05-19 12:00:00+00:00,33.47,53.15,26.8,75.34,4.04,TNP_0007,4,2016
2016-05-19 13:00:00+00:00,0.0,0.0,25.57,85.23,3.26,TNP_0007,4,2016
2016-05-19 14:00:00+00:00,0.0,0.0,25.08,89.22,3.25,TNP_0007,4,2016
2016-05-19 15:00:00+00:00,0.0,0.0,24.75,91.67,3.45,TNP_0007,4,2016
2016-05-19 16:00:00+00:00,0.0,0.0,24.43,93.9,3.5,TNP_0007,4,2016
2016-05-19 17:00:00+00:00,0.0,0.0,24.24,94.86,3.93,TNP_0007,4,2016
2016-05-19 18:00:00+00:00,0.0,0.0,24.11,95.29,4.33,TNP_0007,4,2016
2016-05-19 19:00:00+00:00,0.0,0.0,23.97,95.65,4.58,TNP_0007,4,2016
2016-05-19 20:00:00+00:00,0.0,0.0,23.84,96.02,4.63,TNP_0007,4,2016
2016-05-19 21:00:00+00:00,0.0,0.0,23.71,96.1,4.3,TNP_0007,4,2016
2016-05-19 22:00:00+00:00,0.0,0.0,23.51,96.35,3.77,TNP_0007,4,2016
2016-05-19 23:00:00+00:00,0.0,0.0,23.35,96.51,3.44,TNP_0007,4,2016
2016-05-20 00:00:00+00:00,2.67,5.85,23.24,96.7,3.15,TNP_0007,4,2016
2016-05-20 01:00:00+00:00,39.88,112.18,23.74,94.92,3.51,TNP_0007,4,2016
2016-05-20 02:00:00+00:00,117.0,324.85,24.57,91.06,4.33,TNP_0007,4,2016
2016-05-20 03:00:00+00:00,251.07,542.3,25.85,82.55,5.35,TNP_0007,4,2016
2016-05-20 04:00:00+00:00,430.45,726.5,27.54,70.15,6.3,TNP_0007,4,2016
2016-05-20 05:00:00+00:00,581.17,856.08,28.8,62.45,6.81,TNP_0007,4,2016
2016-05-20 06:00:00+00:00,705.1,880.38,29.52,59.17,7.23,TNP_0007,4,2016
2016-05-20 07:00:00+00:00,609.42,860.9,29.85,57.99,7.58,TNP_0007,4,2016
2016-05-20 08:00:00+00:00,523.5,766.6,29.97,57.25,7.58,TNP_0007,4,2016
2016-05-20 09:00:00+00:00,446.95,613.28,29.76,57.49,6.95,TNP_0007,4,2016
2016-05-20 10:00:00+00:00,312.17,411.4,29.17,58.85,6.3,TNP_0007,4,2016
2016-05-20 11:00:00+00:00,156.2,209.43,28.24,61.59,5.87,TNP_0007,4,2016
2016-05-20 12:00:00+00:00,44.35,52.4,26.93,67.0,4.95,TNP_0007,4,2016
2016-05-20 13:00:00+00:00,0.0,0.0,25.35,75.6,3.73,TNP_0007,4,2016
2016-05-20 14:00:00+00:00,0.0,0.0,24.58,80.33,3.67,TNP_0007,4,2016
2016-05-20 15:00:00+00:00,0.0,0.0,23.98,83.84,3.66,TNP_0007,4,2016
2016-05-20 16:00:00+00:00,0.0,0.0,23.44,86.96,3.41,TNP_0007,4,2016
2016-05-20 17:00:00+00:00,0.0,0.0,23.05,88.89,3.33,TNP_0007,4,2016
2016-05-20 18:00:00+00:00,0.0,0.0,22.77,89.84,3.46,TNP_0007,4,2016
2016-05-20 19:00:00+00:00,0.0,0.0,22.55,90.32,3.62,TNP_0007,4,2016
2016-05-20 20:00:00+00:00,0.0,0.0,22.45,91.06,3.75,TNP_0007,4,2016
2016-05-20 21:00:00+00:00,0.0,0.0,22.47,92.32,3.5,TNP_0007,4,2016
2016-05-20 22:00:00+00:00,0.0,0.0,22.57,93.43,3.17,TNP_0007,4,2016
2016-05-20 23:00:00+00:00,0.0,0.0,22.67,94.18,2.92,TNP_0007,4,2016
2016-05-21 00:00:00+00:00,5.53,5.82,22.74,94.86,2.75,TNP_0007,4,2016
2016-05-21 01:00:00+00:00,81.32,113.12,24.01,89.67,3.53,TNP_0007,4,2016
2016-05-21 02:00:00+00:00,222.8,323.75,26.12,80.12,4.94,TNP_0007,4,2016
2016-05-21 03:00:00+00:00,391.62,543.03,28.26,68.62,5.75,TNP_0007,4,2016
2016-05-21 04:00:00+00:00,520.22,728.33,29.95,60.34,6.11,TNP_0007,4,2016
2016-05-21 05:00:00+00:00,622.7,859.15,31.27,54.48,6.26,TNP_0007,4,2016
2016-05-21 06:00:00+00:00,713.95,930.22,32.35,49.96,6.36,TNP_0007,4,2016
2016-05-21 07:00:00+00:00,633.65,917.97,32.91,47.62,6.54,TNP_0007,4,2016
2016-05-21 08:00:00+00:00,648.05,834.55,32.95,47.3,6.66,TNP_0007,4,2016
2016-05-21 09:00:00+00:00,558.6,685.05,32.53,48.5,6.48,TNP_0007,4,2016
2016-05-21 10:00:00+00:00,404.83,484.08,31.65,51.26,6.19,TNP_0007,4,2016
2016-05-21 11:00:00+00:00,213.73,256.45,30.47,55.4,5.73,TNP_0007,4,2016
2016-05-21 12:00:00+00:00,60.4,66.88,28.86,62.73,4.87,TNP_0007,4,2016
2016-05-21 13:00:00+00:00,0.0,0.0,27.01,73.85,3.66,TNP_0007,4,2016
2016-05-21 14:00:00+00:00,0.0,0.0,26.15,80.69,3.6,TNP_0007,4,2016
2016-05-21 15:00:00+00:00,0.0,0.0,25.61,85.67,3.8,TNP_0007,4,2016
2016-05-21 16:00:00+00:00,0.0,0.0,25.21,89.33,3.85,TNP_0007,4,2016
2016-05-21 17:00:00+00:00,0.0,0.0,24.94,91.57,3.68,TNP_0007,4,2016
2016-05-21 18:00:00+00:00,0.0,0.0,24.71,93.01,3.46,TNP_0007,4,2016
2016-05-21 19:00:00+00:00,0.0,0.0,24.52,94.1,3.44,TNP_0007,4,2016
2016-05-21 20:00:00+00:00,0.0,0.0,24.26,95.78,3.34,TNP_0007,4,2016
2016-05-21 21:00:00+00:00,0.0,0.0,24.14,96.5,3.01,TNP_0007,4,2016
2016-05-21 22:00:00+00:00,0.0,0.0,23.99,97.28,2.59,TNP_0007,4,2016
2016-05-21 23:00:00+00:00,0.0,0.0,23.82,98.02,2.37,TNP_0007,4,2016
2016-05-22 00:00:00+00:00,6.03,6.1,23.7,98.34,2.29,TNP_0007,4,2016
2016-05-22 01:00:00+00:00,115.85,119.12,24.91,91.21,3.46,TNP_0007,4,2016
2016-05-22 02:00:00+00:00,310.42,329.88,26.61,78.93,4.5,TNP_0007,4,2016
2016-05-22 03:00:00+00:00,543.8,550.75,28.54,65.63,5.05,TNP_0007,4,2016
2016-05-22 04:00:00+00:00,728.35,737.12,30.33,56.3,5.28,TNP_0007,4,2016
2016-05-22 05:00:00+00:00,842.92,867.5,31.74,51.18,5.53,TNP_0007,4,2016
2016-05-22 06:00:00+00:00,936.8,963.4,32.47,49.21,5.94,TNP_0007,4,2016
2016-05-22 07:00:00+00:00,881.47,951.45,32.75,49.13,6.28,TNP_0007,4,2016
2016-05-22 08:00:00+00:00,809.75,867.08,32.68,49.86,6.42,TNP_0007,4,2016
2016-05-22 09:00:00+00:00,654.97,715.38,32.1,51.89,6.33,TNP_0007,4,2016
2016-05-22 10:00:00+00:00,410.67,511.3,31.25,54.86,6.14,TNP_0007,4,2016
2016-05-22 11:00:00+00:00,229.8,278.98,30.21,58.81,5.83,TNP_0007,4,2016
2016-05-22 12:00:00+00:00,63.0,72.8,28.84,65.41,5.0,TNP_0007,4,2016
2016-05-22 13:00:00+00:00,0.0,0.0,27.11,75.72,3.73,TNP_0007,4,2016
2016-05-22 14:00:00+00:00,0.0,0.0,26.29,81.58,3.78,TNP_0007,4,2016
2016-05-22 15:00:00+00:00,0.0,0.0,25.68,86.4,3.73,TNP_0007,4,2016
2016-05-22 16:00:00+00:00,0.0,0.0,25.25,89.78,3.91,TNP_0007,4,2016
2016-05-22 17:00:00+00:00,0.0,0.0,24.92,92.03,4.07,TNP_0007,4,2016
2016-05-22 18:00:00+00:00,0.0,0.0,24.51,94.21,3.93,TNP_0007,4,2016
2016-05-22 19:00:00+00:00,0.0,0.0,24.28,94.95,4.02,TNP_0007,4,2016
2016-05-22 20:00:00+00:00,0.0,0.0,24.12,95.3,4.07,TNP_0007,4,2016
2016-05-22 21:00:00+00:00,0.0,0.0,24.0,95.5,3.88,TNP_0007,4,2016
2016-05-22 22:00:00+00:00,0.0,0.0,23.88,95.58,3.61,TNP_0007,4,2016
2016-05-22 23:00:00+00:00,0.0,0.0,23.76,96.14,3.41,TNP_0007,4,2016
2016-05-23 00:00:00+00:00,4.93,6.8,23.68,96.91,3.1,TNP_0007,4,2016
2016-05-23 01:00:00+00:00,98.1,136.5,24.95,90.44,4.19,TNP_0007,4,2016
2016-05-23 02:00:00+00:00,261.67,363.1,27.07,77.42,5.49,TNP_0007,4,2016
2016-05-23 03:00:00+00:00,521.4,583.33,29.29,64.43,5.98,TNP_0007,4,2016
2016-05-23 04:00:00+00:00,719.25,765.7,31.12,55.4,6.01,TNP_0007,4,2016
2016-05-23 05:00:00+00:00,776.58,892.47,32.67,49.25,5.98,TNP_0007,4,2016
2016-05-23 06:00:00+00:00,897.8,946.08,33.72,45.63,5.94,TNP_0007,4,2016
2016-05-23 07:00:00+00:00,784.42,933.17,34.17,43.9,5.93,TNP_0007,4,2016
2016-05-23 08:00:00+00:00,777.22,849.05,34.15,43.97,5.94,TNP_0007,4,2016
2016-05-23 09:00:00+00:00,659.4,700.78,33.55,45.99,5.96,TNP_0007,4,2016
2016-05-23 10:00:00+00:00,463.88,502.17,32.56,49.18,5.93,TNP_0007,4,2016
2016-05-23 11:00:00+00:00,242.5,276.9,31.19,54.09,5.83,TNP_0007,4,2016
2016-05-23 12:00:00+00:00,67.28,73.6,29.41,61.83,5.3,TNP_0007,4,2016
2016-05-23 13:00:00+00:00,0.0,0.0,27.47,72.43,4.35,TNP_0007,4,2016
2016-05-23 14:00:00+00:00,0.0,0.0,26.46,79.37,4.44,TNP_0007,4,2016
2016-05-23 15:00:00+00:00,0.0,0.0,25.75,84.97,4.4,TNP_0007,4,2016
2016-05-23 16:00:00+00:00,0.0,0.0,25.26,89.05,4.27,TNP_0007,4,2016
2016-05-23 17:00:00+00:00,0.0,0.0,24.87,91.89,4.22,TNP_0007,4,2016
2016-05-23 18:00:00+00:00,0.0,0.0,24.57,93.73,4.13,TNP_0007,4,2016
2016-05-23 19:00:00+00:00,0.0,0.0,24.39,94.43,4.14,TNP_0007,4,2016
2016-05-23 20:00:00+00:00,0.0,0.0,24.22,94.65,4.14,TNP_0007,4,2016
2016-05-23 21:00:00+00:00,0.0,0.0,24.04,94.8,3.81,TNP_0007,4,2016
2016-05-23 22:00:00+00:00,0.0,0.0,23.86,95.19,3.38,TNP_0007,4,2016
2016-05-23 23:00:00+00:00,0.0,0.0,23.69,95.8,3.03,TNP_0007,4,2016
2016-05-24 00:00:00+00:00,5.75,6.7,23.59,96.23,2.82,TNP_0007,4,2016
2016-05-24 01:00:00+00:00,107.62,128.98,25.0,88.25,3.9,TNP_0007,4,2016
2016-05-24 02:00:00+00:00,289.35,347.98,27.24,74.42,5.11,TNP_0007,4,2016
2016-05-24 03:00:00+00:00,526.3,569.33,29.47,62.16,5.41,TNP_0007,4,2016
2016-05-24 04:00:00+00:00,733.03,754.1,31.5,52.91,5.39,TNP_0007,4,2016
2016-05-24 05:00:00+00:00,795.53,883.6,33.21,46.79,5.37,TNP_0007,4,2016
2016-05-24 06:00:00+00:00,908.05,966.9,34.29,43.46,5.47,TNP_0007,4,2016
2016-05-24 07:00:00+00:00,865.75,955.83,34.72,42.31,5.7,TNP_0007,4,2016
2016-05-24 08:00:00+00:00,755.55,874.25,34.45,43.22,6.01,TNP_0007,4,2016
2016-05-24 09:00:00+00:00,630.4,729.0,33.58,46.09,6.42,TNP_0007,4,2016
2016-05-24 10:00:00+00:00,471.38,532.35,32.02,51.06,6.73,TNP_0007,4,2016
2016-05-24 11:00:00+00:00,256.88,302.0,30.54,56.48,6.89,TNP_0007,4,2016
2016-05-24 12:00:00+00:00,73.4,83.57,28.86,63.54,6.49,TNP_0007,4,2016
2016-05-24 13:00:00+00:00,0.0,0.0,27.15,72.98,5.28,TNP_0007,4,2016
2016-05-24 14:00:00+00:00,0.0,0.0,26.27,79.33,5.28,TNP_0007,4,2016
2016-05-24 15:00:00+00:00,0.0,0.0,25.79,82.83,5.66,TNP_0007,4,2016
2016-05-24 16:00:00+00:00,0.0,0.0,25.45,84.73,5.63,TNP_0007,4,2016
2016-05-24 17:00:00+00:00,0.0,0.0,25.17,85.9,5.44,TNP_0007,4,2016
2016-05-24 18:00:00+00:00,0.0,0.0,24.94,86.7,5.32,TNP_0007,4,2016
2016-05-24 19:00:00+00:00,0.0,0.0,24.7,87.44,5.16,TNP_0007,4,2016
2016-05-24 20:00:00+00:00,0.0,0.0,24.5,87.71,4.97,TNP_0007,4,2016
2016-05-24 21:00:00+00:00,0.0,0.0,24.23,88.09,4.46,TNP_0007,4,2016
2016-05-24 22:00:00+00:00,0.0,0.0,23.99,88.28,4.0,TNP_0007,4,2016
2016-05-24 23:00:00+00:00,0.0,0.0,23.72,89.05,3.29,TNP_0007,4,2016
2016-05-25 00:00:00+00:00,6.3,7.15,23.53,89.96,2.85,TNP_0007,4,2016
2016-05-25 01:00:00+00:00,100.57,145.82,24.54,83.99,3.69,TNP_0007,4,2016
2016-05-25 02:00:00+00:00,257.55,374.12,26.56,72.6,4.74,TNP_0007,4,2016
2016-05-25 03:00:00+00:00,444.92,595.28,28.62,63.42,5.44,TNP_0007,4,2016
2016-05-25 04:00:00+00:00,669.35,776.8,30.19,57.96,5.67,TNP_0007,4,2016
2016-05-25 05:00:00+00:00,701.58,903.0,31.28,54.69,5.8,TNP_0007,4,2016
2016-05-25 06:00:00+00:00,776.8,965.65,31.84,53.16,5.99,TNP_0007,4,2016
2016-05-25 07:00:00+00:00,683.12,951.05,31.92,52.84,6.07,TNP_0007,4,2016
2016-05-25 08:00:00+00:00,619.95,866.15,31.77,53.22,6.08,TNP_0007,4,2016
2016-05-25 09:00:00+00:00,534.97,720.1,31.3,54.56,6.03,TNP_0007,4,2016
2016-05-25 10:00:00+00:00,344.35,527.5,30.63,56.61,5.95,TNP_0007,4,2016
2016-05-25 11:00:00+00:00,176.02,303.27,29.66,60.54,5.68,TNP_0007,4,2016
2016-05-25 12:00:00+00:00,44.2,86.38,28.12,68.65,4.87,TNP_0007,4,2016
2016-05-25 13:00:00+00:00,0.0,0.0,26.3,80.5,3.74,TNP_0007,4,2016
2016-05-25 14:00:00+00:00,0.0,0.0,25.45,87.24,3.89,TNP_0007,4,2016
2016-05-25 15:00:00+00:00,0.0,0.0,24.94,91.72,4.0,TNP_0007,4,2016
2016-05-25 16:00:00+00:00,0.0,0.0,24.66,94.06,3.82,TNP_0007,4,2016
2016-05-25 17:00:00+00:00,0.0,0.0,24.49,94.96,3.83,TNP_0007,4,2016
2016-05-25 18:00:00+00:00,0.0,0.0,24.38,95.19,3.89,TNP_0007,4,2016
2016-05-25 19:00:00+00:00,0.0,0.0,24.35,95.03,4.08,TNP_0007,4,2016
2016-05-25 20:00:00+00:00,0.0,0.0,24.3,95.35,3.89,TNP_0007,4,2016
2016-05-25 21:00:00+00:00,0.0,0.0,24.25,95.6,3.56,TNP_0007,4,2016
2016-05-25 22:00:00+00:00,0.0,0.0,24.21,95.87,3.33,TNP_0007,4,2016
2016-05-25 23:00:00+00:00,0.0,0.0,24.21,96.26,3.13,TNP_0007,4,2016
2016-05-26 00:00:00+00:00,5.15,7.15,24.28,96.36,3.12,TNP_0007,4,2016
2016-05-26 01:00:00+00:00,82.93,142.82,24.84,94.73,3.61,TNP_0007,4,2016
2016-05-26 02:00:00+00:00,228.98,368.83,25.62,92.28,4.29,TNP_0007,4,2016
2016-05-26 03:00:00+00:00,390.25,588.03,26.68,86.52,5.28,TNP_0007,4,2016
2016-05-26 04:00:00+00:00,459.9,768.78,27.86,77.15,6.22,TNP_0007,4,2016
2016-05-26 05:00:00+00:00,675.45,894.9,28.75,67.68,6.53,TNP_0007,4,2016
2016-05-26 06:00:00+00:00,773.55,960.58,29.32,61.5,6.39,TNP_0007,4,2016
2016-05-26 07:00:00+00:00,838.3,950.38,29.72,57.77,6.19,TNP_0007,4,2016
2016-05-26 08:00:00+00:00,785.65,869.55,30.08,54.75,5.85,TNP_0007,4,2016
2016-05-26 09:00:00+00:00,677.6,725.12,30.15,53.02,5.52,TNP_0007,4,2016
2016-05-26 10:00:00+00:00,445.73,529.9,29.83,53.2,5.36,TNP_0007,4,2016
2016-05-26 11:00:00+00:00,253.95,303.9,29.05,56.1,5.13,TNP_0007,4,2016
2016-05-26 12:00:00+00:00,71.4,86.75,27.67,63.36,4.1,TNP_0007,4,2016
2016-05-26 13:00:00+00:00,0.0,0.0,25.7,76.63,2.67,TNP_0007,4,2016
2016-05-26 14:00:00+00:00,0.0,0.0,25.03,82.28,2.52,TNP_0007,4,2016
2016-05-26 15:00:00+00:00,0.0,0.0,24.57,86.35,2.42,TNP_0007,4,2016
2016-05-26 16:00:00+00:00,0.0,0.0,24.21,89.39,2.28,TNP_0007,4,2016
2016-05-26 17:00:00+00:00,0.0,0.0,23.93,91.5,2.25,TNP_0007,4,2016
2016-05-26 18:00:00+00:00,0.0,0.0,23.69,92.93,2.3,TNP_0007,4,2016
2016-05-26 19:00:00+00:00,0.0,0.0,23.39,94.44,2.22,TNP_0007,4,2016
2016-05-26 20:00:00+00:00,0.0,0.0,23.1,95.79,2.1,TNP_0007,4,2016
2016-05-26 21:00:00+00:00,0.0,0.0,22.84,96.64,1.97,TNP_0007,4,2016
2016-05-26 22:00:00+00:00,0.0,0.0,22.59,97.26,1.86,TNP_0007,4,2016
2016-05-26 23:00:00+00:00,0.0,0.0,22.4,97.49,1.77,TNP_0007,4,2016
2016-05-27 00:00:00+00:00,6.0,7.18,22.34,97.19,1.57,TNP_0007,4,2016
2016-05-27 01:00:00+00:00,106.0,140.55,23.83,89.25,2.28,TNP_0007,4,2016
2016-05-27 02:00:00+00:00,275.75,365.15,25.86,76.08,2.97,TNP_0007,4,2016
2016-05-27 03:00:00+00:00,519.2,584.45,28.35,61.97,3.09,TNP_0007,4,2016
2016-05-27 04:00:00+00:00,626.2,765.1,30.51,52.69,2.84,TNP_0007,4,2016
2016-05-27 05:00:00+00:00,751.97,891.2,32.07,47.6,2.71,TNP_0007,4,2016
2016-05-27 06:00:00+00:00,762.78,934.7,32.8,45.51,2.67,TNP_0007,4,2016
2016-05-27 07:00:00+00:00,792.97,920.05,32.52,46.68,2.52,TNP_0007,4,2016
2016-05-27 08:00:00+00:00,726.5,833.28,31.76,49.64,2.32,TNP_0007,4,2016
2016-05-27 09:00:00+00:00,496.98,680.67,30.24,56.34,2.63,TNP_0007,4,2016
2016-05-27 10:00:00+00:00,310.85,479.73,28.58,65.39,2.92,TNP_0007,4,2016
2016-05-27 11:00:00+00:00,156.62,255.85,27.1,74.76,2.98,TNP_0007,4,2016
2016-05-27 12:00:00+00:00,41.67,66.25,26.04,82.04,2.86,TNP_0007,4,2016
2016-05-27 13:00:00+00:00,0.0,0.0,25.3,87.92,2.63,TNP_0007,4,2016
2016-05-27 14:00:00+00:00,0.0,0.0,24.92,91.18,2.66,TNP_0007,4,2016
2016-05-27 15:00:00+00:00,0.0,0.0,24.69,92.29,3.02,TNP_0007,4,2016
2016-05-27 16:00:00+00:00,0.0,0.0,24.52,92.57,3.73,TNP_0007,4,2016
2016-05-27 17:00:00+00:00,0.0,0.0,24.36,92.79,3.88,TNP_0007,4,2016
2016-05-27 18:00:00+00:00,0.0,0.0,24.13,93.16,3.82,TNP_0007,4,2016
2016-05-27 19:00:00+00:00,0.0,0.0,23.9,93.6,3.62,TNP_0007,4,2016
2016-05-27 20:00:00+00:00,0.0,0.0,23.7,94.03,3.5,TNP_0007,4,2016
2016-05-27 21:00:00+00:00,0.0,0.0,23.54,94.43,3.09,TNP_0007,4,2016
2016-05-27 22:00:00+00:00,0.0,0.0,23.42,94.75,2.75,TNP_0007,4,2016
2016-05-27 23:00:00+00:00,0.0,0.0,23.31,94.78,2.7,TNP_0007,4,2016
2016-05-28 00:00:00+00:00,5.85,6.05,23.19,94.94,2.59,TNP_0007,4,2016
2016-05-28 01:00:00+00:00,90.65,116.4,23.52,93.0,3.05,TNP_0007,4,2016
2016-05-28 02:00:00+00:00,257.55,330.58,24.18,89.91,3.16,TNP_0007,4,2016
2016-05-28 03:00:00+00:00,437.98,551.47,25.28,83.68,3.63,TNP_0007,4,2016
2016-05-28 04:00:00+00:00,503.7,735.85,26.83,74.59,4.02,TNP_0007,4,2016
2016-05-28 05:00:00+00:00,680.6,867.3,28.34,66.7,4.24,TNP_0007,4,2016
2016-05-28 06:00:00+00:00,785.72,942.35,29.53,60.97,4.4,TNP_0007,4,2016
2016-05-28 07:00:00+00:00,754.28,930.95,30.01,58.79,4.58,TNP_0007,4,2016
2016-05-28 08:00:00+00:00,664.72,846.75,29.72,60.37,4.76,TNP_0007,4,2016
2016-05-28 09:00:00+00:00,469.1,698.1,28.93,64.43,4.7,TNP_0007,4,2016
2016-05-28 10:00:00+00:00,279.35,498.85,27.99,69.82,4.49,TNP_0007,4,2016
2016-05-28 11:00:00+00:00,161.5,273.5,27.03,75.95,4.13,TNP_0007,4,2016
2016-05-28 12:00:00+00:00,48.22,72.88,25.95,83.83,3.41,TNP_0007,4,2016
2016-05-28 13:00:00+00:00,0.0,0.0,25.08,89.56,3.25,TNP_0007,4,2016
2016-05-28 14:00:00+00:00,0.0,0.0,24.77,91.1,3.5,TNP_0007,4,2016
2016-05-28 15:00:00+00:00,0.0,0.0,24.57,92.35,3.53,TNP_0007,4,2016
2016-05-28 16:00:00+00:00,0.0,0.0,24.41,93.25,3.39,TNP_0007,4,2016
2016-05-28 17:00:00+00:00,0.0,0.0,24.34,93.21,3.61,TNP_0007,4,2016
2016-05-28 18:00:00+00:00,0.0,0.0,24.21,93.51,3.67,TNP_0007,4,2016
2016-05-28 19:00:00+00:00,0.0,0.0,24.07,93.89,3.9,TNP_0007,4,2016
2016-05-28 20:00:00+00:00,0.0,0.0,23.94,94.23,4.02,TNP_0007,4,2016
2016-05-28 21:00:00+00:00,0.0,0.0,23.75,94.92,3.51,TNP_0007,4,2016
2016-05-28 22:00:00+00:00,0.0,0.0,23.41,96.21,2.48,TNP_0007,4,2016
2016-05-28 23:00:00+00:00,0.0,0.0,23.19,96.65,2.15,TNP_0007,4,2016
2016-05-29 00:00:00+00:00,5.65,6.62,23.06,96.76,1.97,TNP_0007,4,2016
2016-05-29 01:00:00+00:00,79.38,126.72,23.68,94.4,2.55,TNP_0007,4,2016
2016-05-29 02:00:00+00:00,211.3,346.35,24.43,90.9,3.15,TNP_0007,4,2016
2016-05-29 03:00:00+00:00,347.9,566.08,25.54,83.12,4.07,TNP_0007,4,2016
2016-05-29 04:00:00+00:00,486.3,749.67,27.08,71.99,4.44,TNP_0007,4,2016
2016-05-29 05:00:00+00:00,534.15,877.8,28.14,65.17,4.47,TNP_0007,4,2016
2016-05-29 06:00:00+00:00,635.17,945.85,28.66,61.71,4.52,TNP_0007,4,2016
2016-05-29 07:00:00+00:00,512.83,935.17,28.76,60.33,4.61,TNP_0007,4,2016
2016-05-29 08:00:00+00:00,530.5,854.38,28.61,60.09,4.73,TNP_0007,4,2016
2016-05-29 09:00:00+00:00,458.92,709.55,28.33,60.31,4.81,TNP_0007,4,2016
2016-05-29 10:00:00+00:00,322.27,513.6,28.07,60.51,4.8,TNP_0007,4,2016
2016-05-29 11:00:00+00:00,171.82,287.9,27.44,62.34,4.62,TNP_0007,4,2016
2016-05-29 12:00:00+00:00,48.47,80.05,26.23,68.28,3.77,TNP_0007,4,2016
2016-05-29 13:00:00+00:00,0.0,0.0,24.53,78.25,3.02,TNP_0007,4,2016
2016-05-29 14:00:00+00:00,0.0,0.0,23.88,82.47,2.98,TNP_0007,4,2016
2016-05-29 15:00:00+00:00,0.0,0.0,23.41,85.91,2.93,TNP_0007,4,2016
2016-05-29 16:00:00+00:00,0.0,0.0,23.01,88.81,2.99,TNP_0007,4,2016
2016-05-29 17:00:00+00:00,0.0,0.0,22.72,91.05,3.1,TNP_0007,4,2016
2016-05-29 18:00:00+00:00,0.0,0.0,22.47,93.04,3.07,TNP_0007,4,2016
2016-05-29 19:00:00+00:00,0.0,0.0,22.27,94.65,3.14,TNP_0007,4,2016
2016-05-29 20:00:00+00:00,0.0,0.0,22.28,95.02,3.3,TNP_0007,4,2016
2016-05-29 21:00:00+00:00,0.0,0.0,22.29,95.38,3.06,TNP_0007,4,2016
2016-05-29 22:00:00+00:00,0.0,0.0,22.33,95.33,2.93,TNP_0007,4,2016
2016-05-29 23:00:00+00:00,0.0,0.0,22.27,95.71,2.56,TNP_0007,4,2016
2016-05-30 00:00:00+00:00,6.3,6.8,22.25,95.84,2.38,TNP_0007,4,2016
2016-05-30 01:00:00+00:00,106.78,131.25,23.47,89.81,3.3,TNP_0007,4,2016
2016-05-30 02:00:00+00:00,281.7,351.35,25.39,78.82,4.29,TNP_0007,4,2016
2016-05-30 03:00:00+00:00,455.9,571.65,27.4,68.02,4.81,TNP_0007,4,2016
2016-05-30 04:00:00+00:00,656.55,755.3,28.91,61.22,4.83,TNP_0007,4,2016
2016-05-30 05:00:00+00:00,653.35,879.58,29.9,57.0,4.85,TNP_0007,4,2016
2016-05-30 06:00:00+00:00,643.6,949.6,30.2,55.47,4.99,TNP_0007,4,2016
2016-05-30 07:00:00+00:00,636.92,935.12,30.11,55.93,5.2,TNP_0007,4,2016
2016-05-30 08:00:00+00:00,572.0,852.88,29.61,57.94,5.36,TNP_0007,4,2016
2016-05-30 09:00:00+00:00,539.38,706.5,28.99,60.06,5.37,TNP_0007,4,2016
2016-05-30 10:00:00+00:00,345.15,509.75,28.25,62.65,5.35,TNP_0007,4,2016
2016-05-30 11:00:00+00:00,177.65,285.33,27.19,67.41,5.16,TNP_0007,4,2016
2016-05-30 12:00:00+00:00,48.62,78.57,25.82,75.86,4.14,TNP_0007,4,2016
2016-05-30 13:00:00+00:00,0.0,0.0,24.53,85.15,3.27,TNP_0007,4,2016
2016-05-30 14:00:00+00:00,0.0,0.0,23.96,89.47,3.49,TNP_0007,4,2016
2016-05-30 15:00:00+00:00,0.0,0.0,23.57,92.14,3.77,TNP_0007,4,2016
2016-05-30 16:00:00+00:00,0.0,0.0,23.25,94.07,3.8,TNP_0007,4,2016
2016-05-30 17:00:00+00:00,0.0,0.0,23.03,94.99,3.66,TNP_0007,4,2016
2016-05-30 18:00:00+00:00,0.0,0.0,22.79,96.0,3.01,TNP_0007,4,2016
2016-05-30 19:00:00+00:00,0.0,0.0,22.66,96.33,2.55,TNP_0007,4,2016
2016-05-30 20:00:00+00:00,0.0,0.0,22.71,95.84,2.4,TNP_0007,4,2016
2016-05-30 21:00:00+00:00,0.0,0.0,22.67,95.89,1.83,TNP_0007,4,2016
2016-05-30 22:00:00+00:00,0.0,0.0,22.57,96.16,1.44,TNP_0007,4,2016
2016-05-30 23:00:00+00:00,0.0,0.0,22.32,96.79,1.38,TNP_0007,4,2016
2016-05-31 00:00:00+00:00,5.0,6.47,22.27,96.63,1.44,TNP_0007,4,2016
2016-05-31 01:00:00+00:00,74.32,122.57,23.52,91.81,1.95,TNP_0007,4,2016
2016-05-31 02:00:00+00:00,190.1,335.98,24.83,84.64,2.68,TNP_0007,4,2016
2016-05-31 03:00:00+00:00,323.92,554.35,26.43,74.15,3.23,TNP_0007,4,2016
2016-05-31 04:00:00+00:00,473.62,735.4,28.12,63.87,3.26,TNP_0007,4,2016
2016-05-31 05:00:00+00:00,485.05,862.65,29.62,56.44,3.4,TNP_0007,4,2016
2016-05-31 06:00:00+00:00,581.6,946.5,30.71,52.23,3.62,TNP_0007,4,2016
2016-05-31 07:00:00+00:00,654.55,936.45,31.23,50.4,3.86,TNP_0007,4,2016
2016-05-31 08:00:00+00:00,697.03,855.62,31.36,49.76,4.15,TNP_0007,4,2016
2016-05-31 09:00:00+00:00,506.23,709.38,31.06,50.26,4.31,TNP_0007,4,2016
2016-05-31 10:00:00+00:00,315.62,508.95,30.18,53.23,4.53,TNP_0007,4,2016
2016-05-31 11:00:00+00:00,168.38,280.9,28.78,59.31,4.83,TNP_0007,4,2016
2016-05-31 12:00:00+00:00,42.8,77.53,26.97,69.74,4.42,TNP_0007,4,2016
2016-05-31 13:00:00+00:00,0.0,0.0,25.2,80.86,3.85,TNP_0007,4,2016
2016-05-31 14:00:00+00:00,0.0,0.0,24.58,85.53,3.9,TNP_0007,4,2016
2016-05-31 15:00:00+00:00,0.0,0.0,24.26,88.87,3.6,TNP_0007,4,2016
2016-05-31 16:00:00+00:00,0.0,0.0,24.03,91.59,3.29,TNP_0007,4,2016
2016-05-31 17:00:00+00:00,0.0,0.0,23.9,93.45,3.17,TNP_0007,4,2016
2016-05-31 18:00:00+00:00,0.0,0.0,23.82,94.75,3.22,TNP_0007,4,2016
2016-05-31 19:00:00+00:00,0.0,0.0,23.79,95.56,3.06,TNP_0007,4,2016
2016-05-31 20:00:00+00:00,0.0,0.0,23.74,96.19,2.92,TNP_0007,4,2016
2016-05-31 21:00:00+00:00,0.0,0.0,23.66,96.76,2.74,TNP_0007,4,2016
2016-05-31 22:00:00+00:00,0.0,0.0,23.59,97.06,2.72,TNP_0007,4,2016
2016-05-31 23:00:00+00:00,0.0,0.0,23.51,97.34,2.75,TNP_0007,4,2016
2016-06-01 00:00:00+00:00,5.9,6.57,23.45,97.27,2.81,TNP_0007,4,2016
2016-06-01 01:00:00+00:00,101.22,129.02,24.19,94.53,3.57,TNP_0007,4,2016
2016-06-01 02:00:00+00:00,273.85,349.35,25.16,88.61,4.16,TNP_0007,4,2016
2016-06-01 03:00:00+00:00,463.27,559.47,26.78,76.51,4.74,TNP_0007,4,2016
2016-06-01 04:00:00+00:00,536.08,740.1,28.37,65.35,4.91,TNP_0007,4,2016
2016-06-01 05:00:00+00:00,642.08,872.97,29.25,60.49,4.8,TNP_0007,4,2016
2016-06-01 06:00:00+00:00,677.72,938.35,29.69,58.3,4.57,TNP_0007,4,2016
2016-06-01 07:00:00+00:00,661.97,928.0,29.46,59.1,4.34,TNP_0007,4,2016
2016-06-01 08:00:00+00:00,532.28,848.4,28.73,62.24,4.19,TNP_0007,4,2016
2016-06-01 09:00:00+00:00,401.65,705.53,27.94,66.36,3.97,TNP_0007,4,2016
2016-06-01 10:00:00+00:00,177.88,512.05,27.1,71.31,3.77,TNP_0007,4,2016
2016-06-01 11:00:00+00:00,107.55,289.27,26.18,77.24,3.51,TNP_0007,4,2016
2016-06-01 12:00:00+00:00,26.58,82.15,25.19,84.42,2.84,TNP_0007,4,2016
2016-06-01 13:00:00+00:00,0.0,0.0,24.37,90.71,2.16,TNP_0007,4,2016
2016-06-01 14:00:00+00:00,0.0,0.0,24.02,93.04,2.1,TNP_0007,4,2016
2016-06-01 15:00:00+00:00,0.0,0.0,23.77,94.29,2.16,TNP_0007,4,2016
2016-06-01 16:00:00+00:00,0.0,0.0,23.56,95.06,2.21,TNP_0007,4,2016
2016-06-01 17:00:00+00:00,0.0,0.0,23.33,95.6,2.34,TNP_0007,4,2016
2016-06-01 18:00:00+00:00,0.0,0.0,23.14,95.76,2.59,TNP_0007,4,2016
2016-06-01 19:00:00+00:00,0.0,0.0,22.95,95.79,2.8,TNP_0007,4,2016
2016-06-01 20:00:00+00:00,0.0,0.0,22.79,95.98,2.89,TNP_0007,4,2016
2016-06-01 21:00:00+00:00,0.0,0.0,22.64,96.45,2.67,TNP_0007,4,2016
2016-06-01 22:00:00+00:00,0.0,0.0,22.53,96.76,2.52,TNP_0007,4,2016
2016-06-01 23:00:00+00:00,0.0,0.0,22.45,97.06,2.41,TNP_0007,4,2016
2016-06-02 00:00:00+00:00,6.0,6.65,22.43,97.32,2.18,TNP_0007,4,2016
2016-06-02 01:00:00+00:00,97.15,131.5,23.14,95.01,2.82,TNP_0007,4,2016
2016-06-02 02:00:00+00:00,264.4,352.48,24.23,90.47,3.38,TNP_0007,4,2016
2016-06-02 03:00:00+00:00,441.7,570.0,25.69,81.51,4.04,TNP_0007,4,2016
2016-06-02 04:00:00+00:00,495.65,750.88,27.31,71.3,4.35,TNP_0007,4,2016
2016-06-02 05:00:00+00:00,637.25,876.12,28.04,66.41,4.14,TNP_0007,4,2016
2016-06-02 06:00:00+00:00,663.5,927.35,28.3,64.76,3.75,TNP_0007,4,2016
2016-06-02 07:00:00+00:00,561.17,916.08,28.19,65.51,3.34,TNP_0007,4,2016
2016-06-02 08:00:00+00:00,507.02,834.53,27.81,68.05,2.92,TNP_0007,4,2016
2016-06-02 09:00:00+00:00,429.85,689.88,27.31,71.42,2.31,TNP_0007,4,2016
2016-06-02 10:00:00+00:00,334.15,495.15,26.68,75.79,1.64,TNP_0007,4,2016
2016-06-02 11:00:00+00:00,153.07,274.25,25.91,81.19,1.31,TNP_0007,4,2016
2016-06-02 12:00:00+00:00,40.95,76.12,25.14,87.21,1.34,TNP_0007,4,2016
2016-06-02 13:00:00+00:00,0.0,0.0,24.47,92.32,1.68,TNP_0007,4,2016
2016-06-02 14:00:00+00:00,0.0,0.0,24.09,93.96,2.21,TNP_0007,4,2016
2016-06-02 15:00:00+00:00,0.0,0.0,23.8,94.5,2.71,TNP_0007,4,2016
2016-06-02 16:00:00+00:00,0.0,0.0,23.51,95.36,2.76,TNP_0007,4,2016
2016-06-02 17:00:00+00:00,0.0,0.0,23.29,95.53,3.08,TNP_0007,4,2016
2016-06-02 18:00:00+00:00,0.0,0.0,23.08,95.86,3.0,TNP_0007,4,2016
2016-06-02 19:00:00+00:00,0.0,0.0,22.87,96.42,2.98,TNP_0007,4,2016
2016-06-02 20:00:00+00:00,0.0,0.0,22.72,96.76,2.91,TNP_0007,4,2016
2016-06-02 21:00:00+00:00,0.0,0.0,22.56,97.23,2.69,TNP_0007,4,2016
2016-06-02 22:00:00+00:00,0.0,0.0,22.49,97.41,2.53,TNP_0007,4,2016
2016-06-02 23:00:00+00:00,0.0,0.0,22.49,97.38,2.46,TNP_0007,4,2016
2016-06-03 00:00:00+00:00,6.03,6.32,22.51,97.25,2.47,TNP_0007,4,2016
2016-06-03 01:00:00+00:00,97.85,119.93,23.21,94.05,3.37,TNP_0007,4,2016
2016-06-03 02:00:00+00:00,264.02,331.98,24.12,89.0,4.07,TNP_0007,4,2016
2016-06-03 03:00:00+00:00,447.23,547.88,25.47,80.59,4.46,TNP_0007,4,2016
2016-06-03 04:00:00+00:00,558.5,729.33,26.86,72.76,4.66,TNP_0007,4,2016
2016-06-03 05:00:00+00:00,706.38,857.62,27.84,67.9,4.72,TNP_0007,4,2016
2016-06-03 06:00:00+00:00,765.95,917.47,28.39,65.5,4.72,TNP_0007,4,2016
2016-06-03 07:00:00+00:00,685.95,907.67,28.58,64.78,4.76,TNP_0007,4,2016
2016-06-03 08:00:00+00:00,594.67,826.78,28.22,66.42,4.82,TNP_0007,4,2016
2016-06-03 09:00:00+00:00,468.4,682.12,27.42,70.37,4.93,TNP_0007,4,2016
2016-06-03 10:00:00+00:00,337.88,486.17,26.34,75.89,4.97,TNP_0007,4,2016
2016-06-03 11:00:00+00:00,167.65,265.55,25.27,81.98,4.93,TNP_0007,4,2016
2016-06-03 12:00:00+00:00,48.78,74.2,24.29,88.58,4.51,TNP_0007,4,2016
2016-06-03 13:00:00+00:00,0.0,0.0,23.6,93.56,4.0,TNP_0007,4,2016
2016-06-03 14:00:00+00:00,0.0,0.0,23.39,94.97,3.77,TNP_0007,4,2016
2016-06-03 15:00:00+00:00,0.0,0.0,23.25,95.42,3.59,TNP_0007,4,2016
2016-06-03 16:00:00+00:00,0.0,0.0,23.09,95.69,3.65,TNP_0007,4,2016
2016-06-03 17:00:00+00:00,0.0,0.0,22.92,96.13,4.01,TNP_0007,4,2016
2016-06-03 18:00:00+00:00,0.0,0.0,22.82,96.01,4.67,TNP_0007,4,2016
2016-06-03 19:00:00+00:00,0.0,0.0,22.64,95.94,5.08,TNP_0007,4,2016
2016-06-03 20:00:00+00:00,0.0,0.0,22.42,96.15,5.03,TNP_0007,4,2016
2016-06-03 21:00:00+00:00,0.0,0.0,22.26,96.38,4.54,TNP_0007,4,2016
2016-06-03 22:00:00+00:00,0.0,0.0,22.2,96.44,3.96,TNP_0007,4,2016
2016-06-03 23:00:00+00:00,0.0,0.0,22.18,96.75,3.3,TNP_0007,4,2016
2016-06-04 00:00:00+00:00,4.28,6.22,22.22,96.92,2.74,TNP_0007,4,2016
2016-06-04 01:00:00+00:00,61.85,119.43,23.07,94.09,3.08,TNP_0007,4,2016
2016-06-04 02:00:00+00:00,161.62,332.38,24.71,86.04,3.63,TNP_0007,4,2016
2016-06-04 03:00:00+00:00,289.27,550.47,26.98,71.81,4.29,TNP_0007,4,2016
2016-06-04 04:00:00+00:00,429.4,734.38,28.76,62.22,4.72,TNP_0007,4,2016
2016-06-04 05:00:00+00:00,585.45,863.53,29.87,57.63,5.21,TNP_0007,4,2016
2016-06-04 06:00:00+00:00,493.08,915.55,30.36,56.02,5.71,TNP_0007,4,2016
2016-06-04 07:00:00+00:00,389.85,904.72,30.43,56.1,6.03,TNP_0007,4,2016
2016-06-04 08:00:00+00:00,335.2,822.97,30.05,57.96,6.14,TNP_0007,4,2016
2016-06-04 09:00:00+00:00,419.45,677.42,29.27,61.15,6.12,TNP_0007,4,2016
2016-06-04 10:00:00+00:00,174.1,481.92,28.3,65.18,5.8,TNP_0007,4,2016
2016-06-04 11:00:00+00:00,94.9,264.1,27.22,70.48,5.2,TNP_0007,4,2016
2016-06-04 12:00:00+00:00,31.2,73.82,25.99,78.53,3.93,TNP_0007,4,2016
2016-06-04 13:00:00+00:00,0.0,0.0,24.69,88.19,2.68,TNP_0007,4,2016
2016-06-04 14:00:00+00:00,0.0,0.0,24.2,91.85,2.9,TNP_0007,4,2016
2016-06-04 15:00:00+00:00,0.0,0.0,23.86,94.42,3.01,TNP_0007,4,2016
2016-06-04 16:00:00+00:00,0.0,0.0,23.72,95.45,3.24,TNP_0007,4,2016
2016-06-04 17:00:00+00:00,0.0,0.0,23.65,96.11,3.14,TNP_0007,4,2016
2016-06-04 18:00:00+00:00,0.0,0.0,23.58,96.47,3.0,TNP_0007,4,2016
2016-06-04 19:00:00+00:00,0.0,0.0,23.5,96.64,3.04,TNP_0007,4,2016
2016-06-04 20:00:00+00:00,0.0,0.0,23.37,96.86,3.11,TNP_0007,4,2016
2016-06-04 21:00:00+00:00,0.0,0.0,23.17,97.1,2.95,TNP_0007,4,2016
2016-06-04 22:00:00+00:00,0.0,0.0,22.92,97.34,2.68,TNP_0007,4,2016
2016-06-04 23:00:00+00:00,0.0,0.0,22.67,97.48,2.46,TNP_0007,4,2016
2016-06-05 00:00:00+00:00,5.25,5.65,22.52,97.38,2.42,TNP_0007,4,2016
2016-06-05 01:00:00+00:00,80.53,106.45,23.21,94.7,3.06,TNP_0007,4,2016
2016-06-05 02:00:00+00:00,215.52,309.7,24.42,88.11,3.7,TNP_0007,4,2016
2016-06-05 03:00:00+00:00,363.1,527.08,26.53,72.9,4.69,TNP_0007,4,2016
2016-06-05 04:00:00+00:00,482.08,699.8,28.69,58.98,5.41,TNP_0007,4,2016
2016-06-05 05:00:00+00:00,546.25,831.58,30.09,52.42,5.73,TNP_0007,4,2016
2016-06-05 06:00:00+00:00,593.35,937.83,30.9,49.92,6.01,TNP_0007,4,2016
2016-06-05 07:00:00+00:00,523.7,933.45,31.1,50.28,6.26,TNP_0007,4,2016
2016-06-05 08:00:00+00:00,262.45,852.55,30.87,52.32,6.43,TNP_0007,4,2016
2016-06-05 09:00:00+00:00,346.23,708.12,30.22,55.71,6.47,TNP_0007,4,2016
2016-06-05 10:00:00+00:00,232.02,514.95,29.22,59.77,6.35,TNP_0007,4,2016
2016-06-05 11:00:00+00:00,145.48,293.5,27.91,65.03,5.95,TNP_0007,4,2016
2016-06-05 12:00:00+00:00,42.55,87.15,26.29,73.01,4.87,TNP_0007,4,2016
2016-06-05 13:00:00+00:00,0.0,0.0,24.68,82.89,3.76,TNP_0007,4,2016
2016-06-05 14:00:00+00:00,0.0,0.0,23.9,88.18,3.68,TNP_0007,4,2016
2016-06-05 15:00:00+00:00,0.0,0.0,23.36,91.98,3.73,TNP_0007,4,2016
2016-06-05 16:00:00+00:00,0.0,0.0,23.05,94.21,3.88,TNP_0007,4,2016
2016-06-05 17:00:00+00:00,0.0,0.0,22.94,95.04,3.84,TNP_0007,4,2016
2016-06-05 18:00:00+00:00,0.0,0.0,22.92,95.26,3.96,TNP_0007,4,2016
2016-06-05 19:00:00+00:00,0.0,0.0,22.89,95.52,4.03,TNP_0007,4,2016
2016-06-05 20:00:00+00:00,0.0,0.0,22.83,95.84,3.92,TNP_0007,4,2016
2016-06-05 21:00:00+00:00,0.0,0.0,22.73,96.27,3.63,TNP_0007,4,2016
2016-06-05 22:00:00+00:00,0.0,0.0,22.6,96.6,3.42,TNP_0007,4,2016
2016-06-05 23:00:00+00:00,0.0,0.0,22.48,96.8,3.24,TNP_0007,4,2016
2016-06-06 00:00:00+00:00,5.4,6.82,22.43,96.72,3.12,TNP_0007,4,2016
2016-06-06 01:00:00+00:00,88.07,136.55,23.3,93.29,3.88,TNP_0007,4,2016
2016-06-06 02:00:00+00:00,211.75,354.6,24.87,84.15,4.86,TNP_0007,4,2016
2016-06-06 03:00:00+00:00,393.17,576.05,27.19,69.69,5.3,TNP_0007,4,2016
2016-06-06 04:00:00+00:00,538.45,756.67,29.15,59.38,5.56,TNP_0007,4,2016
2016-06-06 05:00:00+00:00,563.75,882.72,30.42,54.13,5.77,TNP_0007,4,2016
2016-06-06 06:00:00+00:00,644.42,946.62,31.04,52.21,5.98,TNP_0007,4,2016
2016-06-06 07:00:00+00:00,636.78,931.78,30.97,53.01,6.23,TNP_0007,4,2016
2016-06-06 08:00:00+00:00,546.97,853.45,30.5,55.13,6.43,TNP_0007,4,2016
2016-06-06 09:00:00+00:00,438.15,717.22,29.84,57.9,6.48,TNP_0007,4,2016
2016-06-06 10:00:00+00:00,327.5,525.3,29.02,61.26,6.35,TNP_0007,4,2016
2016-06-06 11:00:00+00:00,187.9,303.5,28.09,65.35,6.04,TNP_0007,4,2016
2016-06-06 12:00:00+00:00,62.08,91.8,26.79,72.13,5.1,TNP_0007,4,2016
2016-06-06 13:00:00+00:00,0.0,0.0,25.34,81.69,3.62,TNP_0007,4,2016
2016-06-06 14:00:00+00:00,0.0,0.0,24.64,87.5,3.33,TNP_0007,4,2016
2016-06-06 15:00:00+00:00,0.0,0.0,24.18,91.35,3.21,TNP_0007,4,2016
2016-06-06 16:00:00+00:00,0.0,0.0,23.85,94.13,3.08,TNP_0007,4,2016
2016-06-06 17:00:00+00:00,0.0,0.0,23.7,95.33,3.14,TNP_0007,4,2016
2016-06-06 18:00:00+00:00,0.0,0.0,23.66,95.45,3.32,TNP_0007,4,2016
2016-06-06 19:00:00+00:00,0.0,0.0,23.61,95.54,3.48,TNP_0007,4,2016
2016-06-06 20:00:00+00:00,0.0,0.0,23.59,95.63,3.51,TNP_0007,4,2016
2016-06-06 21:00:00+00:00,0.0,0.0,23.51,96.2,2.77,TNP_0007,4,2016
2016-06-06 22:00:00+00:00,0.0,0.0,23.34,97.18,2.2,TNP_0007,4,2016
2016-06-06 23:00:00+00:00,0.0,0.0,23.32,97.47,2.11,TNP_0007,4,2016
2016-06-07 00:00:00+00:00,4.45,6.6,23.4,97.41,2.07,TNP_0007,4,2016
2016-06-07 01:00:00+00:00,73.22,132.0,24.4,93.63,2.93,TNP_0007,4,2016
2016-06-07 02:00:00+00:00,206.25,350.83,25.34,89.73,3.49,TNP_0007,4,2016
2016-06-07 03:00:00+00:00,367.27,567.0,26.23,84.71,4.38,TNP_0007,4,2016
2016-06-07 04:00:00+00:00,526.9,749.67,27.32,78.56,5.15,TNP_0007,4,2016
2016-06-07 05:00:00+00:00,565.12,875.85,28.26,72.86,5.54,TNP_0007,4,2016
2016-06-07 06:00:00+00:00,415.5,899.2,28.87,69.53,5.78,TNP_0007,4,2016
2016-06-07 07:00:00+00:00,375.45,888.9,29.18,67.69,5.95,TNP_0007,4,2016
2016-06-07 08:00:00+00:00,269.1,809.75,29.04,67.57,5.98,TNP_0007,4,2016
2016-06-07 09:00:00+00:00,296.83,668.45,28.63,68.75,5.75,TNP_0007,4,2016
2016-06-07 10:00:00+00:00,123.43,481.83,27.96,71.51,5.34,TNP_0007,4,2016
2016-06-07 11:00:00+00:00,73.6,267.92,26.98,76.76,4.75,TNP_0007,4,2016
2016-06-07 12:00:00+00:00,21.3,77.35,25.85,84.28,3.6,TNP_0007,4,2016
2016-06-07 13:00:00+00:00,0.0,0.0,24.74,91.87,2.61,TNP_0007,4,2016
2016-06-07 14:00:00+00:00,0.0,0.0,24.33,94.38,2.46,TNP_0007,4,2016
2016-06-07 15:00:00+00:00,0.0,0.0,24.08,95.51,2.59,TNP_0007,4,2016
2016-06-07 16:00:00+00:00,0.0,0.0,23.93,95.94,2.97,TNP_0007,4,2016
2016-06-07 17:00:00+00:00,0.0,0.0,23.78,96.25,2.94,TNP_0007,4,2016
2016-06-07 18:00:00+00:00,0.0,0.0,23.62,96.73,2.69,TNP_0007,4,2016
2016-06-07 19:00:00+00:00,0.0,0.0,23.52,97.0,2.62,TNP_0007,4,2016
2016-06-07 20:00:00+00:00,0.0,0.0,23.51,97.05,2.83,TNP_0007,4,2016
2016-06-07 21:00:00+00:00,0.0,0.0,23.44,97.57,2.55,TNP_0007,4,2016
2016-06-07 22:00:00+00:00,0.0,0.0,23.31,98.32,2.19,TNP_0007,4,2016
2016-06-07 23:00:00+00:00,0.0,0.0,23.37,98.26,2.4,TNP_0007,4,2016
2016-06-08 00:00:00+00:00,2.1,6.35,23.5,97.95,2.58,TNP_0007,4,2016
2016-06-08 01:00:00+00:00,22.35,125.35,24.36,95.16,3.31,TNP_0007,4,2016
2016-06-08 02:00:00+00:00,52.17,337.17,25.26,92.2,4.21,TNP_0007,4,2016
2016-06-08 03:00:00+00:00,51.25,553.12,26.09,86.85,5.21,TNP_0007,4,2016
2016-06-08 04:00:00+00:00,121.5,729.78,26.88,79.71,5.8,TNP_0007,4,2016
2016-06-08 05:00:00+00:00,262.6,855.38,27.52,72.6,6.13,TNP_0007,4,2016
2016-06-08 06:00:00+00:00,399.52,914.45,27.84,69.56,6.23,TNP_0007,4,2016
2016-06-08 07:00:00+00:00,305.0,903.1,27.97,68.22,6.23,TNP_0007,4,2016
2016-06-08 08:00:00+00:00,327.85,820.58,27.86,67.86,6.08,TNP_0007,4,2016
2016-06-08 09:00:00+00:00,120.78,679.05,27.48,68.49,5.86,TNP_0007,4,2016
2016-06-08 10:00:00+00:00,76.68,485.23,26.82,70.73,5.56,TNP_0007,4,2016
2016-06-08 11:00:00+00:00,48.17,270.58,25.83,75.6,5.06,TNP_0007,4,2016
2016-06-08 12:00:00+00:00,17.27,79.93,24.63,83.37,3.94,TNP_0007,4,2016
2016-06-08 13:00:00+00:00,0.0,0.0,23.55,90.85,3.13,TNP_0007,4,2016
2016-06-08 14:00:00+00:00,0.0,0.0,23.11,93.69,3.16,TNP_0007,4,2016
2016-06-08 15:00:00+00:00,0.0,0.0,22.78,95.66,3.09,TNP_0007,4,2016
2016-06-08 16:00:00+00:00,0.0,0.0,22.57,96.61,2.94,TNP_0007,4,2016
2016-06-08 17:00:00+00:00,0.0,0.0,22.44,96.97,2.72,TNP_0007,4,2016
2016-06-08 18:00:00+00:00,0.0,0.0,22.29,97.15,2.69,TNP_0007,4,2016
2016-06-08 19:00:00+00:00,0.0,0.0,22.1,97.45,2.9,TNP_0007,4,2016
2016-06-08 20:00:00+00:00,0.0,0.0,21.95,97.62,3.09,TNP_0007,4,2016
2016-06-08 21:00:00+00:00,0.0,0.0,21.83,97.88,2.88,TNP_0007,4,2016
2016-06-08 22:00:00+00:00,0.0,0.0,21.73,98.09,2.64,TNP_0007,4,2016
2016-06-08 23:00:00+00:00,0.0,0.0,21.66,98.48,2.41,TNP_0007,4,2016
2016-06-09 00:00:00+00:00,2.38,5.68,21.62,98.94,1.88,TNP_0007,4,2016
2016-06-09 01:00:00+00:00,51.4,109.12,23.07,94.72,2.95,TNP_0007,4,2016
2016-06-09 02:00:00+00:00,158.2,314.27,24.77,87.72,3.88,TNP_0007,4,2016
2016-06-09 03:00:00+00:00,273.6,531.9,26.86,76.43,4.95,TNP_0007,4,2016
2016-06-09 04:00:00+00:00,517.08,718.08,28.39,68.5,5.68,TNP_0007,4,2016
2016-06-09 05:00:00+00:00,480.1,849.38,29.11,65.42,6.25,TNP_0007,4,2016
2016-06-09 06:00:00+00:00,348.08,890.5,29.21,64.78,6.8,TNP_0007,4,2016
2016-06-09 07:00:00+00:00,529.7,874.72,28.96,65.35,7.11,TNP_0007,4,2016
2016-06-09 08:00:00+00:00,465.88,794.4,28.67,66.15,7.21,TNP_0007,4,2016
2016-06-09 09:00:00+00:00,354.02,648.83,28.25,67.71,7.01,TNP_0007,4,2016
2016-06-09 10:00:00+00:00,266.65,458.6,27.65,69.88,6.67,TNP_0007,4,2016
2016-06-09 11:00:00+00:00,158.62,251.25,26.82,74.32,5.87,TNP_0007,4,2016
2016-06-09 12:00:00+00:00,46.03,73.88,25.55,83.55,4.36,TNP_0007,4,2016
2016-06-09 13:00:00+00:00,0.0,0.0,24.49,91.82,2.94,TNP_0007,4,2016
2016-06-09 14:00:00+00:00,0.0,0.0,24.14,94.35,2.49,TNP_0007,4,2016
2016-06-09 15:00:00+00:00,0.0,0.0,23.93,95.1,2.43,TNP_0007,4,2016
2016-06-09 16:00:00+00:00,0.0,0.0,23.78,95.05,3.11,TNP_0007,4,2016
2016-06-09 17:00:00+00:00,0.0,0.0,23.44,95.04,3.69,TNP_0007,4,2016
2016-06-09 18:00:00+00:00,0.0,0.0,22.84,94.52,3.53,TNP_0007,4,2016
2016-06-09 19:00:00+00:00,0.0,0.0,22.28,93.7,3.73,TNP_0007,4,2016
2016-06-09 20:00:00+00:00,0.0,0.0,21.8,93.56,3.87,TNP_0007,4,2016
2016-06-09 21:00:00+00:00,0.0,0.0,21.49,93.81,3.94,TNP_0007,4,2016
2016-06-09 22:00:00+00:00,0.0,0.0,21.31,94.68,3.94,TNP_0007,4,2016
2016-06-09 23:00:00+00:00,0.0,0.0,21.27,95.89,3.84,TNP_0007,4,2016
2016-06-10 00:00:00+00:00,3.47,5.97,21.4,96.57,3.9,TNP_0007,4,2016
2016-06-10 01:00:00+00:00,46.55,116.57,22.32,94.85,4.35,TNP_0007,4,2016
2016-06-10 02:00:00+00:00,151.38,324.88,23.76,90.2,5.72,TNP_0007,4,2016
2016-06-10 03:00:00+00:00,292.5,539.83,25.44,80.38,7.06,TNP_0007,4,2016
2016-06-10 04:00:00+00:00,264.92,720.47,27.0,71.68,7.83,TNP_0007,4,2016
2016-06-10 05:00:00+00:00,317.92,850.53,28.1,66.29,8.32,TNP_0007,4,2016
2016-06-10 06:00:00+00:00,385.0,932.03,28.69,63.82,8.58,TNP_0007,4,2016
2016-06-10 07:00:00+00:00,288.0,912.15,28.82,62.88,8.67,TNP_0007,4,2016
2016-06-10 08:00:00+00:00,444.75,821.12,28.37,64.0,8.62,TNP_0007,4,2016
2016-06-10 09:00:00+00:00,369.7,675.22,27.73,65.65,8.31,TNP_0007,4,2016
2016-06-10 10:00:00+00:00,219.98,481.4,26.99,68.07,7.77,TNP_0007,4,2016
2016-06-10 11:00:00+00:00,116.38,270.12,26.01,72.38,6.95,TNP_0007,4,2016
2016-06-10 12:00:00+00:00,34.53,79.97,24.76,80.17,5.67,TNP_0007,4,2016
2016-06-10 13:00:00+00:00,0.0,0.0,23.55,88.48,4.81,TNP_0007,4,2016
2016-06-10 14:00:00+00:00,0.0,0.0,23.04,92.48,4.73,TNP_0007,4,2016
2016-06-10 15:00:00+00:00,0.0,0.0,22.81,94.25,4.86,TNP_0007,4,2016
2016-06-10 16:00:00+00:00,0.0,0.0,22.68,94.98,5.02,TNP_0007,4,2016
2016-06-10 17:00:00+00:00,0.0,0.0,22.56,95.24,4.97,TNP_0007,4,2016
2016-06-10 18:00:00+00:00,0.0,0.0,22.44,95.26,4.71,TNP_0007,4,2016
2016-06-10 19:00:00+00:00,0.0,0.0,22.32,95.1,4.87,TNP_0007,4,2016
2016-06-10 20:00:00+00:00,0.0,0.0,22.16,95.42,4.95,TNP_0007,4,2016
2016-06-10 21:00:00+00:00,0.0,0.0,22.1,95.31,5.11,TNP_0007,4,2016
2016-06-10 22:00:00+00:00,0.0,0.0,22.02,95.62,5.15,TNP_0007,4,2016
2016-06-10 23:00:00+00:00,0.0,0.0,21.98,95.88,4.91,TNP_0007,4,2016
2016-06-11 00:00:00+00:00,3.1,6.35,22.01,95.94,4.76,TNP_0007,4,2016
2016-06-11 01:00:00+00:00,61.35,132.4,22.73,93.82,4.97,TNP_0007,4,2016
2016-06-11 02:00:00+00:00,166.05,351.67,24.0,88.43,5.86,TNP_0007,4,2016
2016-06-11 03:00:00+00:00,297.6,567.53,25.98,77.76,6.85,TNP_0007,4,2016
2016-06-11 04:00:00+00:00,471.98,747.4,27.73,69.35,7.21,TNP_0007,4,2016
2016-06-11 05:00:00+00:00,617.97,874.92,28.79,65.02,7.36,TNP_0007,4,2016
2016-06-11 06:00:00+00:00,523.88,931.53,29.2,63.27,7.54,TNP_0007,4,2016
2016-06-11 07:00:00+00:00,485.25,917.1,29.22,63.05,7.61,TNP_0007,4,2016
2016-06-11 08:00:00+00:00,422.55,828.88,29.06,63.19,7.55,TNP_0007,4,2016
2016-06-11 09:00:00+00:00,216.7,681.0,28.74,63.56,7.35,TNP_0007,4,2016
2016-06-11 10:00:00+00:00,270.55,483.12,28.13,65.23,6.98,TNP_0007,4,2016
2016-06-11 11:00:00+00:00,139.1,267.92,27.18,69.47,6.32,TNP_0007,4,2016
2016-06-11 12:00:00+00:00,42.05,80.15,25.75,77.83,4.87,TNP_0007,4,2016
2016-06-11 13:00:00+00:00,0.0,0.0,24.05,88.34,3.32,TNP_0007,4,2016
2016-06-11 14:00:00+00:00,0.0,0.0,23.37,92.51,3.06,TNP_0007,4,2016
2016-06-11 15:00:00+00:00,0.0,0.0,22.95,94.65,3.31,TNP_0007,4,2016
2016-06-11 16:00:00+00:00,0.0,0.0,22.66,95.85,3.5,TNP_0007,4,2016
2016-06-11 17:00:00+00:00,0.0,0.0,22.53,95.93,3.58,TNP_0007,4,2016
2016-06-11 18:00:00+00:00,0.0,0.0,22.4,96.2,3.62,TNP_0007,4,2016
2016-06-11 19:00:00+00:00,0.0,0.0,22.35,96.36,3.81,TNP_0007,4,2016
2016-06-11 20:00:00+00:00,0.0,0.0,22.22,96.84,3.73,TNP_0007,4,2016
2016-06-11 21:00:00+00:00,0.0,0.0,22.1,97.0,3.34,TNP_0007,4,2016
2016-06-11 22:00:00+00:00,0.0,0.0,22.02,96.78,3.35,TNP_0007,4,2016
2016-06-11 23:00:00+00:00,0.0,0.0,22.0,96.02,3.59,TNP_0007,4,2016
2016-06-12 00:00:00+00:00,4.22,6.07,21.95,95.68,3.45,TNP_0007,4,2016
2016-06-12 01:00:00+00:00,82.25,126.65,22.8,92.5,3.95,TNP_0007,4,2016
2016-06-12 02:00:00+00:00,228.73,344.6,24.25,84.98,4.64,TNP_0007,4,2016
2016-06-12 03:00:00+00:00,366.1,558.12,26.39,71.7,5.99,TNP_0007,4,2016
2016-06-12 04:00:00+00:00,498.6,741.17,28.36,62.11,6.85,TNP_0007,4,2016
2016-06-12 05:00:00+00:00,644.15,869.42,29.7,56.91,7.45,TNP_0007,4,2016
2016-06-12 06:00:00+00:00,690.65,926.85,30.4,54.35,7.88,TNP_0007,4,2016
2016-06-12 07:00:00+00:00,683.88,923.78,30.5,53.69,8.18,TNP_0007,4,2016
2016-06-12 08:00:00+00:00,654.97,841.67,30.04,55.23,8.32,TNP_0007,4,2016
2016-06-12 09:00:00+00:00,524.47,696.22,29.12,58.17,8.17,TNP_0007,4,2016
2016-06-12 10:00:00+00:00,371.27,507.17,28.16,61.72,7.73,TNP_0007,4,2016
2016-06-12 11:00:00+00:00,208.12,286.7,27.14,66.44,6.99,TNP_0007,4,2016
2016-06-12 12:00:00+00:00,63.55,87.97,25.84,74.33,5.57,TNP_0007,4,2016
2016-06-12 13:00:00+00:00,0.0,0.0,24.47,83.97,4.11,TNP_0007,4,2016
2016-06-12 14:00:00+00:00,0.0,0.0,23.75,89.88,3.32,TNP_0007,4,2016
2016-06-12 15:00:00+00:00,0.0,0.0,23.3,93.2,3.08,TNP_0007,4,2016
2016-06-12 16:00:00+00:00,0.0,0.0,23.05,94.87,3.14,TNP_0007,4,2016
2016-06-12 17:00:00+00:00,0.0,0.0,22.92,95.67,3.22,TNP_0007,4,2016
2016-06-12 18:00:00+00:00,0.0,0.0,22.86,95.82,3.35,TNP_0007,4,2016
2016-06-12 19:00:00+00:00,0.0,0.0,22.82,95.8,3.25,TNP_0007,4,2016
2016-06-12 20:00:00+00:00,0.0,0.0,22.82,95.93,3.4,TNP_0007,4,2016
2016-06-12 21:00:00+00:00,0.0,0.0,22.79,96.43,3.26,TNP_0007,4,2016
2016-06-12 22:00:00+00:00,0.0,0.0,22.76,96.92,3.05,TNP_0007,4,2016
2016-06-12 23:00:00+00:00,0.0,0.0,22.8,97.3,3.07,TNP_0007,4,2016
2016-06-13 00:00:00+00:00,5.12,6.03,22.99,97.03,3.27,TNP_0007,4,2016
2016-06-13 01:00:00+00:00,70.65,125.07,23.96,93.44,4.11,TNP_0007,4,2016
2016-06-13 02:00:00+00:00,191.0,342.77,25.19,87.02,5.36,TNP_0007,4,2016
2016-06-13 03:00:00+00:00,335.35,561.97,26.4,77.16,6.52,TNP_0007,4,2016
2016-06-13 04:00:00+00:00,474.83,747.22,27.43,69.04,7.08,TNP_0007,4,2016
2016-06-13 05:00:00+00:00,592.58,877.4,28.12,64.52,7.31,TNP_0007,4,2016
2016-06-13 06:00:00+00:00,599.45,937.65,28.43,62.36,7.52,TNP_0007,4,2016
2016-06-13 07:00:00+00:00,549.85,927.28,28.32,62.28,7.71,TNP_0007,4,2016
2016-06-13 08:00:00+00:00,493.3,847.33,28.16,63.21,7.78,TNP_0007,4,2016
2016-06-13 09:00:00+00:00,537.35,703.8,27.87,64.62,7.66,TNP_0007,4,2016
2016-06-13 10:00:00+00:00,392.58,510.23,27.75,64.96,7.11,TNP_0007,4,2016
2016-06-13 11:00:00+00:00,225.3,294.5,27.03,68.0,6.05,TNP_0007,4,2016
2016-06-13 12:00:00+00:00,70.97,92.68,25.75,74.43,4.72,TNP_0007,4,2016
2016-06-13 13:00:00+00:00,0.0,0.0,24.16,82.81,3.46,TNP_0007,4,2016
2016-06-13 14:00:00+00:00,0.0,0.0,23.2,88.26,2.63,TNP_0007,4,2016
2016-06-13 15:00:00+00:00,0.0,0.0,22.47,92.33,2.03,TNP_0007,4,2016
2016-06-13 16:00:00+00:00,0.0,0.0,21.82,95.52,1.84,TNP_0007,4,2016
2016-06-13 17:00:00+00:00,0.0,0.0,21.3,97.71,1.89,TNP_0007,4,2016
2016-06-13 18:00:00+00:00,0.0,0.0,20.95,99.0,2.07,TNP_0007,4,2016
2016-06-13 19:00:00+00:00,0.0,0.0,20.87,99.04,2.36,TNP_0007,4,2016
2016-06-13 20:00:00+00:00,0.0,0.0,20.89,99.04,2.54,TNP_0007,4,2016
2016-06-13 21:00:00+00:00,0.0,0.0,20.92,99.43,2.42,TNP_0007,4,2016
2016-06-13 22:00:00+00:00,0.0,0.0,21.17,99.08,2.47,TNP_0007,4,2016
2016-06-13 23:00:00+00:00,0.0,0.0,21.45,98.67,2.77,TNP_0007,4,2016
2016-06-14 00:00:00+00:00,5.3,5.93,21.65,98.31,2.87,TNP_0007,4,2016
2016-06-14 01:00:00+00:00,97.65,122.2,22.83,94.23,3.82,TNP_0007,4,2016
2016-06-14 02:00:00+00:00,250.2,338.05,24.45,86.3,4.97,TNP_0007,4,2016
2016-06-14 03:00:00+00:00,413.6,549.17,26.55,72.08,6.21,TNP_0007,4,2016
2016-06-14 04:00:00+00:00,459.02,732.38,28.39,61.72,6.7,TNP_0007,4,2016
2016-06-14 05:00:00+00:00,665.38,859.72,29.66,55.86,7.09,TNP_0007,4,2016
2016-06-14 06:00:00+00:00,680.2,938.38,30.37,53.39,7.31,TNP_0007,4,2016
2016-06-14 07:00:00+00:00,623.85,928.3,30.61,52.62,7.33,TNP_0007,4,2016
2016-06-14 08:00:00+00:00,594.42,855.7,30.47,53.52,7.26,TNP_0007,4,2016
2016-06-14 09:00:00+00:00,487.52,713.6,29.95,55.54,7.18,TNP_0007,4,2016
2016-06-14 10:00:00+00:00,317.23,526.25,29.08,58.97,7.0,TNP_0007,4,2016
2016-06-14 11:00:00+00:00,177.9,306.8,27.93,63.72,6.59,TNP_0007,4,2016
2016-06-14 12:00:00+00:00,60.33,98.12,26.38,71.86,5.48,TNP_0007,4,2016
2016-06-14 13:00:00+00:00,0.0,0.0,24.68,82.29,4.13,TNP_0007,4,2016
2016-06-14 14:00:00+00:00,0.0,0.0,23.94,87.47,4.09,TNP_0007,4,2016
2016-06-14 15:00:00+00:00,0.0,0.0,23.5,90.18,4.16,TNP_0007,4,2016
2016-06-14 16:00:00+00:00,0.0,0.0,23.17,91.59,4.25,TNP_0007,4,2016
2016-06-14 17:00:00+00:00,0.0,0.0,22.87,92.52,4.27,TNP_0007,4,2016
2016-06-14 18:00:00+00:00,0.0,0.0,22.6,93.14,4.38,TNP_0007,4,2016
2016-06-14 19:00:00+00:00,0.0,0.0,22.3,94.12,4.38,TNP_0007,4,2016
2016-06-14 20:00:00+00:00,0.0,0.0,22.08,94.81,4.53,TNP_0007,4,2016
2016-06-14 21:00:00+00:00,0.0,0.0,21.91,95.35,4.42,TNP_0007,4,2016
2016-06-14 22:00:00+00:00,0.0,0.0,21.77,95.91,4.38,TNP_0007,4,2016
2016-06-14 23:00:00+00:00,0.0,0.0,21.69,96.2,4.36,TNP_0007,4,2016
2016-06-15 00:00:00+00:00,4.97,6.35,21.71,96.05,4.5,TNP_0007,4,2016
2016-06-15 01:00:00+00:00,97.4,138.68,22.86,91.21,5.35,TNP_0007,4,2016
2016-06-15 02:00:00+00:00,233.88,364.52,24.82,80.16,6.75,TNP_0007,4,2016
2016-06-15 03:00:00+00:00,450.7,587.83,26.79,67.92,7.79,TNP_0007,4,2016
2016-06-15 04:00:00+00:00,609.88,774.7,28.31,60.05,8.28,TNP_0007,4,2016
2016-06-15 05:00:00+00:00,809.08,902.55,29.4,55.45,8.62,TNP_0007,4,2016
2016-06-15 06:00:00+00:00,841.62,966.5,30.11,52.92,8.87,TNP_0007,4,2016
2016-06-15 07:00:00+00:00,813.62,957.05,30.45,51.79,8.87,TNP_0007,4,2016
2016-06-15 08:00:00+00:00,741.7,879.95,30.44,51.21,8.74,TNP_0007,4,2016
2016-06-15 09:00:00+00:00,619.45,738.5,29.97,52.54,8.54,TNP_0007,4,2016
2016-06-15 10:00:00+00:00,429.4,544.12,29.1,55.33,8.22,TNP_0007,4,2016
2016-06-15 11:00:00+00:00,254.35,322.92,27.87,59.62,7.64,TNP_0007,4,2016
2016-06-15 12:00:00+00:00,79.43,104.6,26.12,68.19,6.23,TNP_0007,4,2016
2016-06-15 13:00:00+00:00,0.0,0.0,24.13,80.64,4.35,TNP_0007,4,2016
2016-06-15 14:00:00+00:00,0.0,0.0,23.28,87.5,4.03,TNP_0007,4,2016
2016-06-15 15:00:00+00:00,0.0,0.0,22.74,91.87,3.51,TNP_0007,4,2016
2016-06-15 16:00:00+00:00,0.0,0.0,22.33,95.0,3.12,TNP_0007,4,2016
2016-06-15 17:00:00+00:00,0.0,0.0,22.34,95.22,3.58,TNP_0007,4,2016
2016-06-15 18:00:00+00:00,0.0,0.0,22.33,95.12,3.77,TNP_0007,4,2016
2016-06-15 19:00:00+00:00,0.0,0.0,22.25,95.46,3.91,TNP_0007,4,2016
2016-06-15 20:00:00+00:00,0.0,0.0,22.21,95.4,4.17,TNP_0007,4,2016
2016-06-15 21:00:00+00:00,0.0,0.0,22.13,95.64,4.33,TNP_0007,4,2016
2016-06-15 22:00:00+00:00,0.0,0.0,22.1,95.63,4.47,TNP_0007,4,2016
2016-06-15 23:00:00+00:00,0.0,0.0,22.12,94.94,4.86,TNP_0007,4,2016
2016-06-16 00:00:00+00:00,4.07,5.97,22.03,94.71,4.94,TNP_0007,4,2016
2016-06-16 01:00:00+00:00,72.95,129.25,22.83,91.42,5.45,TNP_0007,4,2016
2016-06-16 02:00:00+00:00,190.88,348.67,24.44,82.82,6.63,TNP_0007,4,2016
2016-06-16 03:00:00+00:00,324.98,565.2,26.35,70.64,7.61,TNP_0007,4,2016
2016-06-16 04:00:00+00:00,414.45,746.35,27.83,62.53,7.73,TNP_0007,4,2016
2016-06-16 05:00:00+00:00,416.15,873.03,28.98,57.87,7.64,TNP_0007,4,2016
2016-06-16 06:00:00+00:00,487.3,909.95,29.91,55.38,7.52,TNP_0007,4,2016
2016-06-16 07:00:00+00:00,460.12,906.88,30.33,54.56,7.36,TNP_0007,4,2016
2016-06-16 08:00:00+00:00,473.95,832.3,30.34,54.79,7.24,TNP_0007,4,2016
2016-06-16 09:00:00+00:00,318.1,691.55,29.94,56.31,7.15,TNP_0007,4,2016
2016-06-16 10:00:00+00:00,114.43,504.5,28.89,61.0,7.01,TNP_0007,4,2016
2016-06-16 11:00:00+00:00,68.5,288.52,27.41,68.42,6.55,TNP_0007,4,2016
2016-06-16 12:00:00+00:00,19.77,89.03,25.88,77.46,5.69,TNP_0007,4,2016
2016-06-16 13:00:00+00:00,0.0,0.0,24.51,86.6,4.38,TNP_0007,4,2016
2016-06-16 14:00:00+00:00,0.0,0.0,23.94,90.96,4.06,TNP_0007,4,2016
2016-06-16 15:00:00+00:00,0.0,0.0,23.7,92.67,4.08,TNP_0007,4,2016
2016-06-16 16:00:00+00:00,0.0,0.0,23.48,93.83,4.23,TNP_0007,4,2016
2016-06-16 17:00:00+00:00,0.0,0.0,23.39,94.3,4.4,TNP_0007,4,2016
2016-06-16 18:00:00+00:00,0.0,0.0,23.33,94.71,4.19,TNP_0007,4,2016
2016-06-16 19:00:00+00:00,0.0,0.0,23.21,95.55,3.45,TNP_0007,4,2016
2016-06-16 20:00:00+00:00,0.0,0.0,23.14,95.63,3.44,TNP_0007,4,2016
2016-06-16 21:00:00+00:00,0.0,0.0,23.02,95.6,3.37,TNP_0007,4,2016
2016-06-16 22:00:00+00:00,0.0,0.0,22.82,96.06,3.14,TNP_0007,4,2016
2016-06-16 23:00:00+00:00,0.0,0.0,22.61,96.87,2.63,TNP_0007,4,2016
2016-06-17 00:00:00+00:00,4.62,5.57,22.52,97.0,2.46,TNP_0007,4,2016
2016-06-17 01:00:00+00:00,89.82,120.4,23.12,94.64,3.09,TNP_0007,4,2016
2016-06-17 02:00:00+00:00,256.48,336.48,24.05,89.99,3.68,TNP_0007,4,2016
2016-06-17 03:00:00+00:00,441.83,553.92,25.42,80.23,4.49,TNP_0007,4,2016
2016-06-17 04:00:00+00:00,606.62,737.4,26.65,71.46,4.9,TNP_0007,4,2016
2016-06-17 05:00:00+00:00,709.65,858.83,27.25,66.83,5.03,TNP_0007,4,2016
2016-06-17 06:00:00+00:00,779.28,927.12,27.51,64.77,5.0,TNP_0007,4,2016
2016-06-17 07:00:00+00:00,711.15,917.15,27.6,64.65,5.06,TNP_0007,4,2016
2016-06-17 08:00:00+00:00,606.53,836.47,27.33,66.15,5.35,TNP_0007,4,2016
2016-06-17 09:00:00+00:00,385.12,695.3,26.94,68.02,5.59,TNP_0007,4,2016
2016-06-17 10:00:00+00:00,105.22,505.58,26.22,70.86,5.56,TNP_0007,4,2016
2016-06-17 11:00:00+00:00,93.65,287.58,25.36,75.05,5.11,TNP_0007,4,2016
2016-06-17 12:00:00+00:00,34.47,90.2,24.28,81.48,4.11,TNP_0007,4,2016
2016-06-17 13:00:00+00:00,0.0,0.0,23.1,87.49,3.48,TNP_0007,4,2016
2016-06-17 14:00:00+00:00,0.0,0.0,22.57,89.66,3.31,TNP_0007,4,2016
2016-06-17 15:00:00+00:00,0.0,0.0,22.24,90.64,3.43,TNP_0007,4,2016
2016-06-17 16:00:00+00:00,0.0,0.0,21.96,91.59,3.52,TNP_0007,4,2016
2016-06-17 17:00:00+00:00,0.0,0.0,21.73,92.7,3.56,TNP_0007,4,2016
2016-06-17 18:00:00+00:00,0.0,0.0,21.56,93.55,3.64,TNP_0007,4,2016
2016-06-17 19:00:00+00:00,0.0,0.0,21.4,94.15,3.56,TNP_0007,4,2016
2016-06-17 20:00:00+00:00,0.0,0.0,21.25,94.6,3.4,TNP_0007,4,2016
2016-06-17 21:00:00+00:00,0.0,0.0,21.2,93.96,3.5,TNP_0007,4,2016
2016-06-17 22:00:00+00:00,0.0,0.0,21.12,94.24,3.17,TNP_0007,4,2016
2016-06-17 23:00:00+00:00,0.0,0.0,21.05,95.05,2.76,TNP_0007,4,2016
2016-06-18 00:00:00+00:00,4.15,5.45,21.16,95.37,2.6,TNP_0007,4,2016
2016-06-18 01:00:00+00:00,61.2,117.55,22.31,92.31,3.38,TNP_0007,4,2016
2016-06-18 02:00:00+00:00,169.55,331.73,23.85,86.18,4.35,TNP_0007,4,2016
2016-06-18 03:00:00+00:00,269.33,546.83,25.71,74.05,5.84,TNP_0007,4,2016
2016-06-18 04:00:00+00:00,369.2,728.8,27.02,65.33,6.48,TNP_0007,4,2016
2016-06-18 05:00:00+00:00,404.48,856.47,28.06,59.85,6.7,TNP_0007,4,2016
2016-06-18 06:00:00+00:00,465.1,868.05,28.83,55.88,6.6,TNP_0007,4,2016
2016-06-18 07:00:00+00:00,325.95,861.2,29.16,53.93,6.43,TNP_0007,4,2016
2016-06-18 08:00:00+00:00,312.5,782.95,28.87,54.72,6.2,TNP_0007,4,2016
2016-06-18 09:00:00+00:00,311.77,644.97,28.05,58.03,5.93,TNP_0007,4,2016
2016-06-18 10:00:00+00:00,180.85,461.77,27.05,62.64,5.63,TNP_0007,4,2016
2016-06-18 11:00:00+00:00,97.45,257.8,25.93,68.94,5.03,TNP_0007,4,2016
2016-06-18 12:00:00+00:00,33.33,79.8,24.7,76.81,4.1,TNP_0007,4,2016
2016-06-18 13:00:00+00:00,0.0,0.0,23.53,83.68,3.46,TNP_0007,4,2016
2016-06-18 14:00:00+00:00,0.0,0.0,22.99,86.92,3.48,TNP_0007,4,2016
2016-06-18 15:00:00+00:00,0.0,0.0,22.58,89.08,3.65,TNP_0007,4,2016
2016-06-18 16:00:00+00:00,0.0,0.0,22.23,90.42,3.72,TNP_0007,4,2016
2016-06-18 17:00:00+00:00,0.0,0.0,21.86,91.33,3.71,TNP_0007,4,2016
2016-06-18 18:00:00+00:00,0.0,0.0,21.5,92.2,3.47,TNP_0007,4,2016
2016-06-18 19:00:00+00:00,0.0,0.0,21.12,93.4,3.17,TNP_0007,4,2016
2016-06-18 20:00:00+00:00,0.0,0.0,20.8,93.92,2.94,TNP_0007,4,2016
2016-06-18 21:00:00+00:00,0.0,0.0,20.6,94.06,2.68,TNP_0007,4,2016
2016-06-18 22:00:00+00:00,0.0,0.0,20.49,94.14,2.58,TNP_0007,4,2016
2016-06-18 23:00:00+00:00,0.0,0.0,20.4,94.18,2.65,TNP_0007,4,2016
2016-06-19 00:00:00+00:00,4.0,5.07,20.37,94.33,2.71,TNP_0007,4,2016
2016-06-19 01:00:00+00:00,74.55,105.8,21.47,90.72,3.23,TNP_0007,4,2016
2016-06-19 02:00:00+00:00,195.4,307.23,23.03,83.62,4.15,TNP_0007,4,2016
2016-06-19 03:00:00+00:00,347.42,519.83,25.33,71.21,5.38,TNP_0007,4,2016
2016-06-19 04:00:00+00:00,453.2,690.35,27.4,61.87,5.87,TNP_0007,4,2016
2016-06-19 05:00:00+00:00,572.08,820.65,28.81,57.15,5.85,TNP_0007,4,2016
2016-06-19 06:00:00+00:00,689.33,933.88,29.65,54.98,5.75,TNP_0007,4,2016
2016-06-19 07:00:00+00:00,538.42,933.55,30.03,53.98,5.73,TNP_0007,4,2016
2016-06-19 08:00:00+00:00,561.85,858.38,29.49,55.71,5.69,TNP_0007,4,2016
2016-06-19 09:00:00+00:00,450.5,719.42,28.14,60.48,5.56,TNP_0007,4,2016
2016-06-19 10:00:00+00:00,352.8,520.78,26.96,65.72,5.3,TNP_0007,4,2016
2016-06-19 11:00:00+00:00,207.32,305.42,25.85,71.54,4.96,TNP_0007,4,2016
2016-06-19 12:00:00+00:00,67.05,99.03,24.65,78.87,4.07,TNP_0007,4,2016
2016-06-19 13:00:00+00:00,0.0,0.0,23.44,86.56,3.04,TNP_0007,4,2016
2016-06-19 14:00:00+00:00,0.0,0.0,22.9,89.62,3.34,TNP_0007,4,2016
2016-06-19 15:00:00+00:00,0.0,0.0,22.55,91.37,3.61,TNP_0007,4,2016
2016-06-19 16:00:00+00:00,0.0,0.0,22.3,92.57,3.65,TNP_0007,4,2016
2016-06-19 17:00:00+00:00,0.0,0.0,22.1,93.24,3.73,TNP_0007,4,2016
2016-06-19 18:00:00+00:00,0.0,0.0,21.93,93.71,3.86,TNP_0007,4,2016
2016-06-19 19:00:00+00:00,0.0,0.0,21.77,94.15,3.92,TNP_0007,4,2016
2016-06-19 20:00:00+00:00,0.0,0.0,21.62,94.43,3.89,TNP_0007,4,2016
2016-06-19 21:00:00+00:00,0.0,0.0,21.45,94.84,3.46,TNP_0007,4,2016
2016-06-19 22:00:00+00:00,0.0,0.0,21.29,95.28,3.01,TNP_0007,4,2016
2016-06-19 23:00:00+00:00,0.0,0.0,21.16,95.71,2.71,TNP_0007,4,2016
2016-06-20 00:00:00+00:00,3.8,5.3,21.1,96.21,2.32,TNP_0007,4,2016
2016-06-20 01:00:00+00:00,72.4,118.05,22.07,93.2,2.94,TNP_0007,4,2016
2016-06-20 02:00:00+00:00,202.02,331.65,23.35,87.18,3.74,TNP_0007,4,2016
2016-06-20 03:00:00+00:00,307.48,540.55,24.96,76.96,4.73,TNP_0007,4,2016
2016-06-20 04:00:00+00:00,484.02,722.3,26.14,69.38,4.91,TNP_0007,4,2016
2016-06-20 05:00:00+00:00,562.67,850.78,26.91,65.77,4.86,TNP_0007,4,2016
2016-06-20 06:00:00+00:00,540.7,938.6,27.65,63.06,4.99,TNP_0007,4,2016
2016-06-20 07:00:00+00:00,382.58,929.85,28.16,61.23,5.33,TNP_0007,4,2016
2016-06-20 08:00:00+00:00,331.7,852.2,28.62,59.79,5.75,TNP_0007,4,2016
2016-06-20 09:00:00+00:00,315.77,709.88,28.4,60.52,6.09,TNP_0007,4,2016
2016-06-20 10:00:00+00:00,199.75,516.97,27.3,64.94,6.24,TNP_0007,4,2016
2016-06-20 11:00:00+00:00,114.53,297.23,25.92,71.41,6.04,TNP_0007,4,2016
2016-06-20 12:00:00+00:00,37.35,94.93,24.48,79.66,5.28,TNP_0007,4,2016
2016-06-20 13:00:00+00:00,0.0,0.0,23.21,87.76,4.54,TNP_0007,4,2016
2016-06-20 14:00:00+00:00,0.0,0.0,22.61,91.38,4.74,TNP_0007,4,2016
2016-06-20 15:00:00+00:00,0.0,0.0,22.26,92.73,4.68,TNP_0007,4,2016
2016-06-20 16:00:00+00:00,0.0,0.0,22.03,93.61,4.41,TNP_0007,4,2016
2016-06-20 17:00:00+00:00,0.0,0.0,21.92,93.91,4.19,TNP_0007,4,2016
2016-06-20 18:00:00+00:00,0.0,0.0,21.81,94.38,3.94,TNP_0007,4,2016
2016-06-20 19:00:00+00:00,0.0,0.0,21.74,94.77,3.78,TNP_0007,4,2016
2016-06-20 20:00:00+00:00,0.0,0.0,21.67,95.07,3.66,TNP_0007,4,2016
2016-06-20 21:00:00+00:00,0.0,0.0,21.59,95.28,3.39,TNP_0007,4,2016
2016-06-20 22:00:00+00:00,0.0,0.0,21.49,95.29,3.04,TNP_0007,4,2016
2016-06-20 23:00:00+00:00,0.0,0.0,21.36,95.56,2.72,TNP_0007,4,2016
2016-06-21 00:00:00+00:00,3.7,4.93,21.17,96.48,2.17,TNP_0007,4,2016
2016-06-21 01:00:00+00:00,57.1,107.25,22.2,92.78,2.98,TNP_0007,4,2016
2016-06-21 02:00:00+00:00,130.75,310.88,23.57,85.7,4.22,TNP_0007,4,2016
2016-06-21 03:00:00+00:00,215.07,524.92,25.39,74.81,5.35,TNP_0007,4,2016
2016-06-21 04:00:00+00:00,355.17,710.9,26.94,66.46,6.0,TNP_0007,4,2016
2016-06-21 05:00:00+00:00,422.9,842.72,28.01,61.85,6.33,TNP_0007,4,2016
2016-06-21 06:00:00+00:00,496.45,938.0,28.44,60.16,6.43,TNP_0007,4,2016
2016-06-21 07:00:00+00:00,494.2,928.83,28.17,61.07,6.31,TNP_0007,4,2016
2016-06-21 08:00:00+00:00,547.9,851.65,27.56,64.04,6.21,TNP_0007,4,2016
2016-06-21 09:00:00+00:00,429.77,712.58,26.76,68.03,6.2,TNP_0007,4,2016
2016-06-21 10:00:00+00:00,296.38,521.72,25.89,71.84,6.0,TNP_0007,4,2016
2016-06-21 11:00:00+00:00,155.4,300.35,24.91,75.86,5.44,TNP_0007,4,2016
2016-06-21 12:00:00+00:00,54.88,96.7,23.77,81.9,4.29,TNP_0007,4,2016
2016-06-21 13:00:00+00:00,0.0,0.0,22.75,86.85,3.52,TNP_0007,4,2016
2016-06-21 14:00:00+00:00,0.0,0.0,22.17,88.53,3.47,TNP_0007,4,2016
2016-06-21 15:00:00+00:00,0.0,0.0,21.72,89.26,3.63,TNP_0007,4,2016
2016-06-21 16:00:00+00:00,0.0,0.0,21.32,89.92,3.77,TNP_0007,4,2016
2016-06-21 17:00:00+00:00,0.0,0.0,20.95,90.22,3.95,TNP_0007,4,2016
2016-06-21 18:00:00+00:00,0.0,0.0,20.62,90.17,3.95,TNP_0007,4,2016
2016-06-21 19:00:00+00:00,0.0,0.0,20.24,90.62,3.84,TNP_0007,4,2016
2016-06-21 20:00:00+00:00,0.0,0.0,19.95,91.13,3.78,TNP_0007,4,2016
2016-06-21 21:00:00+00:00,0.0,0.0,19.73,91.7,3.49,TNP_0007,4,2016
2016-06-21 22:00:00+00:00,0.0,0.0,19.57,92.28,3.23,TNP_0007,4,2016
2016-06-21 23:00:00+00:00,0.0,0.0,19.49,92.57,3.02,TNP_0007,4,2016
2016-06-22 00:00:00+00:00,3.7,4.88,19.63,92.4,2.98,TNP_0007,4,2016
2016-06-22 01:00:00+00:00,83.55,107.6,20.81,88.7,3.71,TNP_0007,4,2016
2016-06-22 02:00:00+00:00,245.82,312.02,22.67,80.95,4.88,TNP_0007,4,2016
2016-06-22 03:00:00+00:00,426.77,526.72,24.92,69.31,6.34,TNP_0007,4,2016
2016-06-22 04:00:00+00:00,547.9,711.8,26.71,61.35,7.07,TNP_0007,4,2016
2016-06-22 05:00:00+00:00,531.88,844.78,27.87,57.15,7.43,TNP_0007,4,2016
2016-06-22 06:00:00+00:00,532.5,939.0,28.46,55.42,7.48,TNP_0007,4,2016
2016-06-22 07:00:00+00:00,293.5,927.85,28.53,55.54,7.39,TNP_0007,4,2016
2016-06-22 08:00:00+00:00,393.88,845.45,28.5,56.3,7.28,TNP_0007,4,2016
2016-06-22 09:00:00+00:00,226.1,696.9,28.06,58.6,7.05,TNP_0007,4,2016
2016-06-22 10:00:00+00:00,158.9,502.83,27.09,63.22,6.6,TNP_0007,4,2016
2016-06-22 11:00:00+00:00,71.7,281.35,25.66,70.81,5.98,TNP_0007,4,2016
2016-06-22 12:00:00+00:00,22.8,89.2,24.04,81.4,4.99,TNP_0007,4,2016
2016-06-22 13:00:00+00:00,0.0,0.0,22.96,89.75,4.41,TNP_0007,4,2016
2016-06-22 14:00:00+00:00,0.0,0.0,22.61,92.78,4.66,TNP_0007,4,2016
2016-06-22 15:00:00+00:00,0.0,0.0,22.43,93.53,5.06,TNP_0007,4,2016
2016-06-22 16:00:00+00:00,0.0,0.0,22.11,93.82,5.09,TNP_0007,4,2016
2016-06-22 17:00:00+00:00,0.0,0.0,21.67,94.1,4.88,TNP_0007,4,2016
2016-06-22 18:00:00+00:00,0.0,0.0,21.23,93.84,4.88,TNP_0007,4,2016
2016-06-22 19:00:00+00:00,0.0,0.0,20.81,93.67,5.0,TNP_0007,4,2016
2016-06-22 20:00:00+00:00,0.0,0.0,20.46,94.16,5.21,TNP_0007,4,2016
2016-06-22 21:00:00+00:00,0.0,0.0,20.29,94.94,5.1,TNP_0007,4,2016
2016-06-22 22:00:00+00:00,0.0,0.0,20.25,95.5,4.89,TNP_0007,4,2016
2016-06-22 23:00:00+00:00,0.0,0.0,20.32,95.73,4.5,TNP_0007,4,2016
2016-06-23 00:00:00+00:00,2.42,4.82,20.56,95.97,4.15,TNP_0007,4,2016
2016-06-23 01:00:00+00:00,77.15,109.93,21.43,94.48,4.85,TNP_0007,4,2016
2016-06-23 02:00:00+00:00,241.45,318.58,22.85,90.66,6.1,TNP_0007,4,2016
2016-06-23 03:00:00+00:00,448.38,536.38,24.36,80.5,7.93,TNP_0007,4,2016
2016-06-23 04:00:00+00:00,578.67,710.47,25.34,70.3,8.5,TNP_0007,4,2016
2016-06-23 05:00:00+00:00,681.45,852.1,25.89,65.33,8.35,TNP_0007,4,2016
2016-06-23 06:00:00+00:00,689.3,929.72,26.13,62.91,8.21,TNP_0007,4,2016
2016-06-23 07:00:00+00:00,636.28,922.62,26.24,62.97,8.1,TNP_0007,4,2016
2016-06-23 08:00:00+00:00,450.67,848.67,26.19,64.51,7.98,TNP_0007,4,2016
2016-06-23 09:00:00+00:00,269.45,709.0,25.9,66.44,7.86,TNP_0007,4,2016
2016-06-23 10:00:00+00:00,113.82,519.2,25.2,69.26,7.47,TNP_0007,4,2016
2016-06-23 11:00:00+00:00,84.47,302.4,24.22,73.43,6.78,TNP_0007,4,2016
2016-06-23 12:00:00+00:00,29.9,100.65,23.13,78.6,6.4,TNP_0007,4,2016
2016-06-23 13:00:00+00:00,0.0,0.0,22.04,82.49,6.34,TNP_0007,4,2016
2016-06-23 14:00:00+00:00,0.0,0.0,21.34,84.27,5.94,TNP_0007,4,2016
2016-06-23 15:00:00+00:00,0.0,0.0,20.82,85.41,5.3,TNP_0007,4,2016
2016-06-23 16:00:00+00:00,0.0,0.0,20.46,86.72,4.5,TNP_0007,4,2016
2016-06-23 17:00:00+00:00,0.0,0.0,20.2,88.62,3.55,TNP_0007,4,2016
2016-06-23 18:00:00+00:00,0.0,0.0,20.11,89.83,2.98,TNP_0007,4,2016
2016-06-23 19:00:00+00:00,0.0,0.0,20.05,91.06,2.86,TNP_0007,4,2016
2016-06-23 20:00:00+00:00,0.0,0.0,20.07,91.95,3.0,TNP_0007,4,2016
2016-06-23 21:00:00+00:00,0.0,0.0,20.15,92.97,3.1,TNP_0007,4,2016
2016-06-23 22:00:00+00:00,0.0,0.0,20.34,94.0,3.28,TNP_0007,4,2016
2016-06-23 23:00:00+00:00,0.0,0.0,20.53,95.07,3.54,TNP_0007,4,2016
2016-06-24 00:00:00+00:00,2.88,4.68,20.71,95.64,3.79,TNP_0007,4,2016
2016-06-24 01:00:00+00:00,65.03,107.28,21.8,91.61,4.7,TNP_0007,4,2016
2016-06-24 02:00:00+00:00,190.7,309.85,23.62,81.5,6.48,TNP_0007,4,2016
2016-06-24 03:00:00+00:00,330.73,519.85,25.64,68.75,7.52,TNP_0007,4,2016
2016-06-24 04:00:00+00:00,507.52,701.03,27.36,59.56,8.01,TNP_0007,4,2016
2016-06-24 05:00:00+00:00,496.65,823.7,28.6,54.01,8.27,TNP_0007,4,2016
2016-06-24 06:00:00+00:00,383.62,884.62,29.16,51.93,8.3,TNP_0007,4,2016
2016-06-24 07:00:00+00:00,409.85,874.6,29.29,51.69,8.17,TNP_0007,4,2016
2016-06-24 08:00:00+00:00,263.85,798.72,29.0,53.47,7.89,TNP_0007,4,2016
2016-06-24 09:00:00+00:00,232.0,658.53,28.58,55.6,7.68,TNP_0007,4,2016
2016-06-24 10:00:00+00:00,134.9,463.77,27.89,58.0,7.48,TNP_0007,4,2016
2016-06-24 11:00:00+00:00,110.18,262.5,26.77,61.67,6.95,TNP_0007,4,2016
2016-06-24 12:00:00+00:00,38.65,85.9,25.15,68.26,5.8,TNP_0007,4,2016
2016-06-24 13:00:00+00:00,0.0,0.0,23.43,76.57,4.62,TNP_0007,4,2016
2016-06-24 14:00:00+00:00,0.0,0.0,22.51,81.01,4.29,TNP_0007,4,2016
2016-06-24 15:00:00+00:00,0.0,0.0,21.86,83.3,4.09,TNP_0007,4,2016
2016-06-24 16:00:00+00:00,0.0,0.0,21.39,84.16,4.18,TNP_0007,4,2016
2016-06-24 17:00:00+00:00,0.0,0.0,21.03,84.2,4.43,TNP_0007,4,2016
2016-06-24 18:00:00+00:00,0.0,0.0,20.72,84.41,4.56,TNP_0007,4,2016
2016-06-24 19:00:00+00:00,0.0,0.0,20.49,85.22,4.72,TNP_0007,4,2016
2016-06-24 20:00:00+00:00,0.0,0.0,20.38,86.67,4.86,TNP_0007,4,2016
2016-06-24 21:00:00+00:00,0.0,0.0,20.35,88.81,4.66,TNP_0007,4,2016
2016-06-24 22:00:00+00:00,0.0,0.0,20.4,90.6,4.43,TNP_0007,4,2016
2016-06-24 23:00:00+00:00,0.0,0.0,20.39,92.0,4.25,TNP_0007,4,2016
2016-06-25 00:00:00+00:00,2.5,4.55,20.41,92.61,4.16,TNP_0007,4,2016
2016-06-25 01:00:00+00:00,58.47,105.4,21.57,88.09,4.9,TNP_0007,4,2016
2016-06-25 02:00:00+00:00,177.5,301.0,23.51,78.03,5.96,TNP_0007,4,2016
2016-06-25 03:00:00+00:00,335.8,512.72,25.79,66.14,7.2,TNP_0007,4,2016
2016-06-25 04:00:00+00:00,507.2,696.65,27.67,57.97,7.88,TNP_0007,4,2016
2016-06-25 05:00:00+00:00,613.78,828.53,28.96,53.28,8.23,TNP_0007,4,2016
2016-06-25 06:00:00+00:00,578.08,886.72,29.6,51.32,8.43,TNP_0007,4,2016
2016-06-25 07:00:00+00:00,513.78,883.85,29.67,51.8,8.4,TNP_0007,4,2016
2016-06-25 08:00:00+00:00,490.52,808.75,29.45,53.22,8.17,TNP_0007,4,2016
2016-06-25 09:00:00+00:00,395.23,671.83,28.91,55.61,7.79,TNP_0007,4,2016
2016-06-25 10:00:00+00:00,234.07,481.9,28.13,58.82,7.23,TNP_0007,4,2016
2016-06-25 11:00:00+00:00,140.25,271.92,27.11,63.31,6.48,TNP_0007,4,2016
2016-06-25 12:00:00+00:00,44.45,87.3,25.7,70.57,5.33,TNP_0007,4,2016
2016-06-25 13:00:00+00:00,0.0,0.0,24.26,79.31,4.34,TNP_0007,4,2016
2016-06-25 14:00:00+00:00,0.0,0.0,23.62,83.95,4.39,TNP_0007,4,2016
2016-06-25 15:00:00+00:00,0.0,0.0,23.17,86.86,4.16,TNP_0007,4,2016
2016-06-25 16:00:00+00:00,0.0,0.0,22.78,88.79,3.73,TNP_0007,4,2016
2016-06-25 17:00:00+00:00,0.0,0.0,22.43,90.18,3.31,TNP_0007,4,2016
2016-06-25 18:00:00+00:00,0.0,0.0,22.11,91.4,3.08,TNP_0007,4,2016
2016-06-25 19:00:00+00:00,0.0,0.0,21.83,92.56,2.86,TNP_0007,4,2016
2016-06-25 20:00:00+00:00,0.0,0.0,21.56,93.98,2.66,TNP_0007,4,2016
2016-06-25 21:00:00+00:00,0.0,0.0,21.38,95.34,2.72,TNP_0007,4,2016
2016-06-25 22:00:00+00:00,0.0,0.0,21.35,96.03,3.06,TNP_0007,4,2016
2016-06-25 23:00:00+00:00,0.0,0.0,21.28,96.89,2.96,TNP_0007,4,2016
2016-06-26 00:00:00+00:00,2.5,4.2,21.28,97.12,2.94,TNP_0007,4,2016
2016-06-26 01:00:00+00:00,57.5,100.3,22.45,91.59,3.97,TNP_0007,4,2016
2016-06-26 02:00:00+00:00,165.4,298.4,24.21,80.58,5.42,TNP_0007,4,2016
2016-06-26 03:00:00+00:00,281.67,510.0,26.1,69.86,6.29,TNP_0007,4,2016
2016-06-26 04:00:00+00:00,406.12,692.55,27.63,63.16,6.68,TNP_0007,4,2016
2016-06-26 05:00:00+00:00,430.17,822.08,28.78,59.38,6.99,TNP_0007,4,2016
2016-06-26 06:00:00+00:00,495.42,881.53,29.4,58.13,7.19,TNP_0007,4,2016
2016-06-26 07:00:00+00:00,488.98,856.67,29.36,58.88,7.34,TNP_0007,4,2016
2016-06-26 08:00:00+00:00,498.27,782.58,28.94,60.8,7.39,TNP_0007,4,2016
2016-06-26 09:00:00+00:00,395.98,644.65,28.33,63.35,7.29,TNP_0007,4,2016
2016-06-26 10:00:00+00:00,274.5,462.7,27.5,66.81,7.06,TNP_0007,4,2016
2016-06-26 11:00:00+00:00,160.45,257.02,26.54,71.6,6.46,TNP_0007,4,2016
2016-06-26 12:00:00+00:00,54.83,86.15,25.2,79.98,5.08,TNP_0007,4,2016
2016-06-26 13:00:00+00:00,0.0,0.0,23.88,88.44,4.08,TNP_0007,4,2016
2016-06-26 14:00:00+00:00,0.0,0.0,23.31,91.86,3.98,TNP_0007,4,2016
2016-06-26 15:00:00+00:00,0.0,0.0,22.97,93.31,3.87,TNP_0007,4,2016
2016-06-26 16:00:00+00:00,0.0,0.0,22.71,93.88,3.95,TNP_0007,4,2016
2016-06-26 17:00:00+00:00,0.0,0.0,22.47,94.29,4.07,TNP_0007,4,2016
2016-06-26 18:00:00+00:00,0.0,0.0,22.24,94.56,4.01,TNP_0007,4,2016
2016-06-26 19:00:00+00:00,0.0,0.0,22.06,94.8,4.01,TNP_0007,4,2016
2016-06-26 20:00:00+00:00,0.0,0.0,21.95,94.97,4.11,TNP_0007,4,2016
2016-06-26 21:00:00+00:00,0.0,0.0,21.9,94.99,4.32,TNP_0007,4,2016
2016-06-26 22:00:00+00:00,0.0,0.0,21.88,94.96,4.59,TNP_0007,4,2016
2016-06-26 23:00:00+00:00,0.0,0.0,21.89,95.08,4.78,TNP_0007,4,2016
2016-06-27 00:00:00+00:00,2.47,4.32,21.98,94.69,5.07,TNP_0007,4,2016
2016-06-27 01:00:00+00:00,53.83,106.12,22.67,92.2,5.6,TNP_0007,4,2016
2016-06-27 02:00:00+00:00,156.95,312.98,23.74,87.45,6.26,TNP_0007,4,2016
2016-06-27 03:00:00+00:00,282.8,527.2,25.19,79.29,7.03,TNP_0007,4,2016
2016-06-27 04:00:00+00:00,411.67,707.9,26.64,71.62,7.5,TNP_0007,4,2016
2016-06-27 05:00:00+00:00,477.48,834.67,27.58,67.03,7.73,TNP_0007,4,2016
2016-06-27 06:00:00+00:00,252.4,899.88,27.93,65.08,7.79,TNP_0007,4,2016
2016-06-27 07:00:00+00:00,215.98,888.33,28.04,64.42,7.91,TNP_0007,4,2016
2016-06-27 08:00:00+00:00,174.27,808.62,27.94,64.43,7.99,TNP_0007,4,2016
2016-06-27 09:00:00+00:00,257.92,665.4,27.61,65.44,7.69,TNP_0007,4,2016
2016-06-27 10:00:00+00:00,187.15,477.88,26.91,68.43,7.2,TNP_0007,4,2016
2016-06-27 11:00:00+00:00,111.82,271.05,25.86,74.11,6.2,TNP_0007,4,2016
2016-06-27 12:00:00+00:00,40.97,88.95,24.65,81.7,4.73,TNP_0007,4,2016
2016-06-27 13:00:00+00:00,0.0,0.0,23.41,89.27,3.28,TNP_0007,4,2016
2016-06-27 14:00:00+00:00,0.0,0.0,22.88,92.58,2.91,TNP_0007,4,2016
2016-06-27 15:00:00+00:00,0.0,0.0,22.58,93.94,3.33,TNP_0007,4,2016
2016-06-27 16:00:00+00:00,0.0,0.0,22.29,95.18,3.57,TNP_0007,4,2016
2016-06-27 17:00:00+00:00,0.0,0.0,22.1,95.72,3.68,TNP_0007,4,2016
2016-06-27 18:00:00+00:00,0.0,0.0,21.95,95.99,3.88,TNP_0007,4,2016
2016-06-27 19:00:00+00:00,0.0,0.0,21.8,96.26,3.95,TNP_0007,4,2016
2016-06-27 20:00:00+00:00,0.0,0.0,21.7,96.51,4.11,TNP_0007,4,2016
2016-06-27 21:00:00+00:00,0.0,0.0,21.72,96.6,4.34,TNP_0007,4,2016
2016-06-27 22:00:00+00:00,0.0,0.0,21.78,96.64,4.52,TNP_0007,4,2016
2016-06-27 23:00:00+00:00,0.0,0.0,21.82,96.53,4.57,TNP_0007,4,2016
2016-06-28 00:00:00+00:00,2.15,4.1,21.84,96.33,4.49,TNP_0007,4,2016
2016-06-28 01:00:00+00:00,11.32,99.12,22.44,94.57,4.77,TNP_0007,4,2016
2016-06-28 02:00:00+00:00,50.5,297.73,23.44,91.25,5.56,TNP_0007,4,2016
2016-06-28 03:00:00+00:00,101.95,508.75,24.73,84.39,6.75,TNP_0007,4,2016
2016-06-28 04:00:00+00:00,115.32,694.75,26.12,75.35,7.53,TNP_0007,4,2016
2016-06-28 05:00:00+00:00,160.23,825.72,27.4,68.7,7.83,TNP_0007,4,2016
2016-06-28 06:00:00+00:00,249.27,894.65,28.43,62.97,8.26,TNP_0007,4,2016
2016-06-28 07:00:00+00:00,275.35,892.35,28.57,61.41,8.65,TNP_0007,4,2016
2016-06-28 08:00:00+00:00,187.48,817.0,27.86,64.87,8.99,TNP_0007,4,2016
2016-06-28 09:00:00+00:00,160.75,674.4,27.18,68.1,9.02,TNP_0007,4,2016
2016-06-28 10:00:00+00:00,111.47,482.83,26.51,70.75,8.54,TNP_0007,4,2016
2016-06-28 11:00:00+00:00,91.47,268.83,25.49,76.71,7.5,TNP_0007,4,2016
2016-06-28 12:00:00+00:00,34.17,86.25,24.36,84.95,5.99,TNP_0007,4,2016
2016-06-28 13:00:00+00:00,0.0,0.0,23.39,91.15,5.03,TNP_0007,4,2016
2016-06-28 14:00:00+00:00,0.0,0.0,23.03,93.1,4.86,TNP_0007,4,2016
2016-06-28 15:00:00+00:00,0.0,0.0,22.79,94.0,4.72,TNP_0007,4,2016
2016-06-28 16:00:00+00:00,0.0,0.0,22.61,94.64,4.66,TNP_0007,4,2016
2016-06-28 17:00:00+00:00,0.0,0.0,22.46,95.25,4.67,TNP_0007,4,2016
2016-06-28 18:00:00+00:00,0.0,0.0,22.35,95.6,4.62,TNP_0007,4,2016
2016-06-28 19:00:00+00:00,0.0,0.0,22.24,95.7,4.47,TNP_0007,4,2016
2016-06-28 20:00:00+00:00,0.0,0.0,22.15,95.81,4.32,TNP_0007,4,2016
2016-06-28 21:00:00+00:00,0.0,0.0,22.1,95.73,4.42,TNP_0007,4,2016
2016-06-28 22:00:00+00:00,0.0,0.0,22.03,95.61,4.55,TNP_0007,4,2016
2016-06-28 23:00:00+00:00,0.0,0.0,21.96,95.58,4.57,TNP_0007,4,2016
2016-06-29 00:00:00+00:00,2.67,4.12,21.93,95.35,4.59,TNP_0007,4,2016
2016-06-29 01:00:00+00:00,58.85,104.62,22.45,93.44,4.94,TNP_0007,4,2016
2016-06-29 02:00:00+00:00,161.05,313.15,23.34,89.59,5.62,TNP_0007,4,2016
2016-06-29 03:00:00+00:00,219.25,529.83,24.29,83.71,6.77,TNP_0007,4,2016
2016-06-29 04:00:00+00:00,362.02,711.88,25.25,77.76,7.96,TNP_0007,4,2016
2016-06-29 05:00:00+00:00,367.0,845.55,26.08,73.7,8.82,TNP_0007,4,2016
2016-06-29 06:00:00+00:00,391.02,914.05,26.61,71.62,9.16,TNP_0007,4,2016
2016-06-29 07:00:00+00:00,408.23,910.83,26.67,71.59,9.18,TNP_0007,4,2016
2016-06-29 08:00:00+00:00,286.3,836.17,26.63,72.02,9.26,TNP_0007,4,2016
2016-06-29 09:00:00+00:00,259.2,698.1,26.46,72.8,8.92,TNP_0007,4,2016
2016-06-29 10:00:00+00:00,206.07,512.95,26.07,74.96,8.46,TNP_0007,4,2016
2016-06-29 11:00:00+00:00,112.5,296.77,25.29,79.34,7.34,TNP_0007,4,2016
2016-06-29 12:00:00+00:00,24.77,98.7,24.29,85.28,6.09,TNP_0007,4,2016
2016-06-29 13:00:00+00:00,0.0,0.0,23.48,89.79,5.58,TNP_0007,4,2016
2016-06-29 14:00:00+00:00,0.0,0.0,23.12,91.61,5.23,TNP_0007,4,2016
2016-06-29 15:00:00+00:00,0.0,0.0,22.9,92.52,5.33,TNP_0007,4,2016
2016-06-29 16:00:00+00:00,0.0,0.0,22.69,93.47,5.45,TNP_0007,4,2016
2016-06-29 17:00:00+00:00,0.0,0.0,22.53,94.0,5.65,TNP_0007,4,2016
2016-06-29 18:00:00+00:00,0.0,0.0,22.41,94.41,5.88,TNP_0007,4,2016
2016-06-29 19:00:00+00:00,0.0,0.0,22.41,94.44,6.32,TNP_0007,4,2016
2016-06-29 20:00:00+00:00,0.0,0.0,22.45,94.14,6.75,TNP_0007,4,2016
2016-06-29 21:00:00+00:00,0.0,0.0,22.45,93.7,6.65,TNP_0007,4,2016
2016-06-29 22:00:00+00:00,0.0,0.0,22.29,93.5,6.24,TNP_0007,4,2016
2016-06-29 23:00:00+00:00,0.0,0.0,22.13,93.66,5.85,TNP_0007,4,2016
2016-06-30 00:00:00+00:00,2.8,4.1,22.07,93.6,5.73,TNP_0007,4,2016
2016-06-30 01:00:00+00:00,53.85,104.1,22.56,91.45,6.02,TNP_0007,4,2016
2016-06-30 02:00:00+00:00,131.95,308.48,23.52,87.54,6.33,TNP_0007,4,2016
2016-06-30 03:00:00+00:00,287.1,525.2,24.82,80.63,6.98,TNP_0007,4,2016
2016-06-30 04:00:00+00:00,393.9,709.4,25.82,74.32,7.72,TNP_0007,4,2016
2016-06-30 05:00:00+00:00,545.5,843.58,26.31,71.2,8.34,TNP_0007,4,2016
2016-06-30 06:00:00+00:00,566.35,875.08,26.5,69.59,8.69,TNP_0007,4,2016
2016-06-30 07:00:00+00:00,581.47,875.47,26.65,68.41,8.89,TNP_0007,4,2016
2016-06-30 08:00:00+00:00,486.35,806.47,27.07,66.44,8.94,TNP_0007,4,2016
2016-06-30 09:00:00+00:00,452.25,672.7,27.53,64.65,8.63,TNP_0007,4,2016
2016-06-30 10:00:00+00:00,337.27,491.92,27.16,66.39,7.99,TNP_0007,4,2016
2016-06-30 11:00:00+00:00,187.77,283.55,26.3,70.77,7.36,TNP_0007,4,2016
2016-06-30 12:00:00+00:00,66.78,95.47,25.09,78.08,6.3,TNP_0007,4,2016
2016-06-30 13:00:00+00:00,0.0,0.0,23.91,85.66,5.27,TNP_0007,4,2016
2016-06-30 14:00:00+00:00,0.0,0.0,23.45,89.0,5.31,TNP_0007,4,2016
2016-06-30 15:00:00+00:00,0.0,0.0,23.13,90.9,5.57,TNP_0007,4,2016
2016-06-30 16:00:00+00:00,0.0,0.0,22.89,92.06,5.82,TNP_0007,4,2016
2016-06-30 17:00:00+00:00,0.0,0.0,22.76,92.83,5.75,TNP_0007,4,2016
2016-06-30 18:00:00+00:00,0.0,0.0,22.63,93.8,5.62,TNP_0007,4,2016
2016-06-30 19:00:00+00:00,0.0,0.0,22.57,94.51,5.71,TNP_0007,4,2016
2016-06-30 20:00:00+00:00,0.0,0.0,22.58,94.76,6.01,TNP_0007,4,2016
2016-06-30 21:00:00+00:00,0.0,0.0,22.63,94.53,6.3,TNP_0007,4,2016
2016-06-30 22:00:00+00:00,0.0,0.0,22.64,94.08,6.56,TNP_0007,4,2016
2016-06-30 23:00:00+00:00,0.0,0.0,22.57,93.74,6.59,TNP_0007,4,2016
2016-07-01 00:00:00+00:00,3.1,4.22,22.45,93.62,6.42,TNP_0007,4,2016
2016-07-01 01:00:00+00:00,73.32,115.43,22.95,91.17,6.7,TNP_0007,4,2016
2016-07-01 02:00:00+00:00,188.23,329.73,24.02,85.44,7.34,TNP_0007,4,2016
2016-07-01 03:00:00+00:00,322.73,550.03,25.5,76.09,8.18,TNP_0007,4,2016
2016-07-01 04:00:00+00:00,575.3,738.6,26.81,68.53,8.9,TNP_0007,4,2016
2016-07-01 05:00:00+00:00,673.2,868.4,27.68,64.21,9.56,TNP_0007,4,2016
2016-07-01 06:00:00+00:00,747.83,933.25,28.18,61.71,10.02,TNP_0007,4,2016
2016-07-01 07:00:00+00:00,680.15,923.88,28.39,59.99,10.23,TNP_0007,4,2016
2016-07-01 08:00:00+00:00,637.78,853.65,28.21,59.68,10.13,TNP_0007,4,2016
2016-07-01 09:00:00+00:00,492.62,716.35,27.87,59.92,9.84,TNP_0007,4,2016
2016-07-01 10:00:00+00:00,369.08,522.17,27.14,62.57,9.3,TNP_0007,4,2016
2016-07-01 11:00:00+00:00,188.68,308.17,26.06,67.9,8.29,TNP_0007,4,2016
2016-07-01 12:00:00+00:00,62.97,105.05,24.77,76.46,6.95,TNP_0007,4,2016
2016-07-01 13:00:00+00:00,0.0,0.0,23.58,85.76,5.8,TNP_0007,4,2016
2016-07-01 14:00:00+00:00,0.0,0.0,23.18,89.91,5.57,TNP_0007,4,2016
2016-07-01 15:00:00+00:00,0.0,0.0,22.92,91.93,5.36,TNP_0007,4,2016
2016-07-01 16:00:00+00:00,0.0,0.0,22.76,93.09,5.42,TNP_0007,4,2016
2016-07-01 17:00:00+00:00,0.0,0.0,22.68,93.85,5.83,TNP_0007,4,2016
2016-07-01 18:00:00+00:00,0.0,0.0,22.66,94.04,6.39,TNP_0007,4,2016
2016-07-01 19:00:00+00:00,0.0,0.0,22.7,93.34,6.91,TNP_0007,4,2016
2016-07-01 20:00:00+00:00,0.0,0.0,22.75,91.8,7.13,TNP_0007,4,2016
2016-07-01 21:00:00+00:00,0.0,0.0,22.68,90.81,6.96,TNP_0007,4,2016
2016-07-01 22:00:00+00:00,0.0,0.0,22.53,90.21,6.81,TNP_0007,4,2016
2016-07-01 23:00:00+00:00,0.0,0.0,22.36,89.71,6.72,TNP_0007,4,2016
2016-07-02 00:00:00+00:00,2.72,4.03,22.27,89.01,6.48,TNP_0007,4,2016
2016-07-02 01:00:00+00:00,72.15,111.93,23.01,85.07,6.62,TNP_0007,4,2016
2016-07-02 02:00:00+00:00,220.8,326.52,24.42,77.34,7.09,TNP_0007,4,2016
2016-07-02 03:00:00+00:00,402.2,546.2,26.04,67.83,7.94,TNP_0007,4,2016
2016-07-02 04:00:00+00:00,576.72,731.75,27.43,61.08,8.57,TNP_0007,4,2016
2016-07-02 05:00:00+00:00,726.33,864.03,28.21,58.74,8.8,TNP_0007,4,2016
2016-07-02 06:00:00+00:00,783.33,911.0,28.54,59.01,8.9,TNP_0007,4,2016
2016-07-02 07:00:00+00:00,796.22,907.4,28.57,60.17,8.91,TNP_0007,4,2016
2016-07-02 08:00:00+00:00,667.35,832.5,28.18,62.49,8.86,TNP_0007,4,2016
2016-07-02 09:00:00+00:00,576.0,694.47,27.64,65.22,8.74,TNP_0007,4,2016
2016-07-02 10:00:00+00:00,394.9,505.5,27.03,68.13,8.38,TNP_0007,4,2016
2016-07-02 11:00:00+00:00,230.6,288.58,26.08,72.61,7.65,TNP_0007,4,2016
2016-07-02 12:00:00+00:00,80.55,95.8,24.91,79.4,6.35,TNP_0007,4,2016
2016-07-02 13:00:00+00:00,0.0,0.0,23.85,86.1,5.22,TNP_0007,4,2016
2016-07-02 14:00:00+00:00,0.0,0.0,23.35,89.51,4.74,TNP_0007,4,2016
2016-07-02 15:00:00+00:00,0.0,0.0,23.03,91.42,4.7,TNP_0007,4,2016
2016-07-02 16:00:00+00:00,0.0,0.0,22.8,92.58,4.46,TNP_0007,4,2016
2016-07-02 17:00:00+00:00,0.0,0.0,22.63,93.38,4.68,TNP_0007,4,2016
2016-07-02 18:00:00+00:00,0.0,0.0,22.51,93.96,5.29,TNP_0007,4,2016
2016-07-02 19:00:00+00:00,0.0,0.0,22.41,94.56,5.82,TNP_0007,4,2016
2016-07-02 20:00:00+00:00,0.0,0.0,22.37,94.83,6.27,TNP_0007,4,2016
2016-07-02 21:00:00+00:00,0.0,0.0,22.3,94.92,6.3,TNP_0007,4,2016
2016-07-02 22:00:00+00:00,0.0,0.0,22.14,94.68,5.94,TNP_0007,4,2016
2016-07-02 23:00:00+00:00,0.0,0.0,21.87,94.42,5.58,TNP_0007,4,2016
2016-07-03 00:00:00+00:00,3.4,3.8,21.73,94.08,5.35,TNP_0007,4,2016
2016-07-03 01:00:00+00:00,87.4,106.6,22.43,91.08,5.79,TNP_0007,4,2016
2016-07-03 02:00:00+00:00,261.65,317.33,23.85,83.7,6.42,TNP_0007,4,2016
2016-07-03 03:00:00+00:00,421.98,530.92,25.71,72.77,7.46,TNP_0007,4,2016
2016-07-03 04:00:00+00:00,626.65,717.05,27.25,65.38,8.16,TNP_0007,4,2016
2016-07-03 05:00:00+00:00,778.0,855.33,28.36,60.62,8.69,TNP_0007,4,2016
2016-07-03 06:00:00+00:00,805.75,918.6,29.12,57.65,8.99,TNP_0007,4,2016
2016-07-03 07:00:00+00:00,811.7,914.72,29.57,56.26,8.91,TNP_0007,4,2016
2016-07-03 08:00:00+00:00,731.92,842.42,29.71,56.16,8.56,TNP_0007,4,2016
2016-07-03 09:00:00+00:00,560.75,706.78,29.43,57.09,8.12,TNP_0007,4,2016
2016-07-03 10:00:00+00:00,368.95,520.2,28.6,59.58,7.74,TNP_0007,4,2016
2016-07-03 11:00:00+00:00,218.3,304.27,27.33,64.26,7.08,TNP_0007,4,2016
2016-07-03 12:00:00+00:00,78.43,104.07,25.65,72.0,5.76,TNP_0007,4,2016
2016-07-03 13:00:00+00:00,0.0,0.0,24.04,80.42,4.78,TNP_0007,4,2016
2016-07-03 14:00:00+00:00,0.0,0.0,23.31,84.31,4.68,TNP_0007,4,2016
2016-07-03 15:00:00+00:00,0.0,0.0,22.81,86.38,4.47,TNP_0007,4,2016
2016-07-03 16:00:00+00:00,0.0,0.0,22.38,87.39,4.46,TNP_0007,4,2016
2016-07-03 17:00:00+00:00,0.0,0.0,22.05,87.54,4.78,TNP_0007,4,2016
2016-07-03 18:00:00+00:00,0.0,0.0,21.79,87.97,5.17,TNP_0007,4,2016
2016-07-03 19:00:00+00:00,0.0,0.0,21.62,88.91,5.56,TNP_0007,4,2016
2016-07-03 20:00:00+00:00,0.0,0.0,21.56,90.09,5.94,TNP_0007,4,2016
2016-07-03 21:00:00+00:00,0.0,0.0,21.55,91.61,5.95,TNP_0007,4,2016
2016-07-03 22:00:00+00:00,0.0,0.0,21.56,92.77,5.61,TNP_0007,4,2016
2016-07-03 23:00:00+00:00,0.0,0.0,21.5,93.67,4.99,TNP_0007,4,2016
2016-07-04 00:00:00+00:00,2.1,3.75,21.49,93.96,4.62,TNP_0007,4,2016
2016-07-04 01:00:00+00:00,60.92,109.97,22.16,91.72,4.96,TNP_0007,4,2016
2016-07-04 02:00:00+00:00,146.32,326.77,23.47,86.06,5.53,TNP_0007,4,2016
2016-07-04 03:00:00+00:00,285.23,547.83,25.29,76.87,6.11,TNP_0007,4,2016
2016-07-04 04:00:00+00:00,384.15,733.35,26.82,69.8,6.45,TNP_0007,4,2016
2016-07-04 05:00:00+00:00,352.65,863.9,27.84,65.52,6.66,TNP_0007,4,2016
2016-07-04 06:00:00+00:00,319.83,905.5,28.19,63.73,6.91,TNP_0007,4,2016
2016-07-04 07:00:00+00:00,395.7,906.12,28.18,63.4,7.13,TNP_0007,4,2016
2016-07-04 08:00:00+00:00,350.58,837.03,28.03,63.28,7.19,TNP_0007,4,2016
2016-07-04 09:00:00+00:00,286.75,704.03,27.52,64.63,7.06,TNP_0007,4,2016
2016-07-04 10:00:00+00:00,200.4,519.17,26.64,68.17,6.73,TNP_0007,4,2016
2016-07-04 11:00:00+00:00,122.9,302.58,25.68,73.24,5.92,TNP_0007,4,2016
2016-07-04 12:00:00+00:00,45.95,105.8,24.59,80.03,4.57,TNP_0007,4,2016
2016-07-04 13:00:00+00:00,0.0,0.0,23.4,87.52,3.38,TNP_0007,4,2016
2016-07-04 14:00:00+00:00,0.0,0.0,22.88,91.09,3.15,TNP_0007,4,2016
2016-07-04 15:00:00+00:00,0.0,0.0,22.55,93.44,2.86,TNP_0007,4,2016
2016-07-04 16:00:00+00:00,0.0,0.0,22.35,94.76,2.83,TNP_0007,4,2016
2016-07-04 17:00:00+00:00,0.0,0.0,22.21,95.68,2.98,TNP_0007,4,2016
2016-07-04 18:00:00+00:00,0.0,0.0,22.17,95.85,3.09,TNP_0007,4,2016
2016-07-04 19:00:00+00:00,0.0,0.0,22.15,96.15,3.17,TNP_0007,4,2016
2016-07-04 20:00:00+00:00,0.0,0.0,22.11,96.53,3.1,TNP_0007,4,2016
2016-07-04 21:00:00+00:00,0.0,0.0,22.07,96.71,3.09,TNP_0007,4,2016
2016-07-04 22:00:00+00:00,0.0,0.0,22.0,96.89,3.25,TNP_0007,4,2016
2016-07-04 23:00:00+00:00,0.0,0.0,21.92,96.86,3.08,TNP_0007,4,2016
2016-07-05 00:00:00+00:00,2.53,3.72,21.91,96.77,3.15,TNP_0007,4,2016
2016-07-05 01:00:00+00:00,68.88,110.32,22.77,93.83,3.8,TNP_0007,4,2016
2016-07-05 02:00:00+00:00,177.62,322.48,24.16,86.39,4.8,TNP_0007,4,2016
2016-07-05 03:00:00+00:00,316.62,538.5,26.11,74.34,5.78,TNP_0007,4,2016
2016-07-05 04:00:00+00:00,435.95,722.78,27.68,66.04,6.17,TNP_0007,4,2016
2016-07-05 05:00:00+00:00,507.2,854.28,28.65,61.63,6.51,TNP_0007,4,2016
2016-07-05 06:00:00+00:00,576.95,924.1,29.06,60.29,6.8,TNP_0007,4,2016
2016-07-05 07:00:00+00:00,603.67,920.3,29.03,61.23,6.88,TNP_0007,4,2016
2016-07-05 08:00:00+00:00,494.95,845.95,28.66,63.35,6.8,TNP_0007,4,2016
2016-07-05 09:00:00+00:00,441.52,705.35,28.0,66.46,6.59,TNP_0007,4,2016
2016-07-05 10:00:00+00:00,266.5,518.55,27.3,70.25,6.29,TNP_0007,4,2016
2016-07-05 11:00:00+00:00,142.52,302.77,26.45,75.6,5.66,TNP_0007,4,2016
2016-07-05 12:00:00+00:00,46.55,103.72,25.25,84.0,4.63,TNP_0007,4,2016
2016-07-05 13:00:00+00:00,0.0,0.0,24.09,91.62,4.1,TNP_0007,4,2016
2016-07-05 14:00:00+00:00,0.0,0.0,23.61,94.34,4.03,TNP_0007,4,2016
2016-07-05 15:00:00+00:00,0.0,0.0,23.35,95.22,3.67,TNP_0007,4,2016
2016-07-05 16:00:00+00:00,0.0,0.0,23.17,95.61,3.56,TNP_0007,4,2016
2016-07-05 17:00:00+00:00,0.0,0.0,23.01,96.03,3.49,TNP_0007,4,2016
2016-07-05 18:00:00+00:00,0.0,0.0,22.81,96.77,2.89,TNP_0007,4,2016
2016-07-05 19:00:00+00:00,0.0,0.0,22.7,97.12,2.81,TNP_0007,4,2016
2016-07-05 20:00:00+00:00,0.0,0.0,22.64,97.18,2.98,TNP_0007,4,2016
2016-07-05 21:00:00+00:00,0.0,0.0,22.58,97.36,2.88,TNP_0007,4,2016
2016-07-05 22:00:00+00:00,0.0,0.0,22.52,97.52,2.8,TNP_0007,4,2016
2016-07-05 23:00:00+00:00,0.0,0.0,22.45,97.69,2.73,TNP_0007,4,2016
2016-07-06 00:00:00+00:00,1.9,3.42,22.35,97.9,2.64,TNP_0007,4,2016
2016-07-06 01:00:00+00:00,42.15,104.7,23.18,95.31,3.52,TNP_0007,4,2016
2016-07-06 02:00:00+00:00,136.68,316.02,24.23,89.93,4.74,TNP_0007,4,2016
2016-07-06 03:00:00+00:00,242.93,532.05,25.7,80.67,5.97,TNP_0007,4,2016
2016-07-06 04:00:00+00:00,294.1,716.4,26.99,73.38,6.72,TNP_0007,4,2016
2016-07-06 05:00:00+00:00,356.5,853.65,27.85,69.32,7.14,TNP_0007,4,2016
2016-07-06 06:00:00+00:00,336.55,909.97,28.28,67.49,7.31,TNP_0007,4,2016
2016-07-06 07:00:00+00:00,329.67,914.35,28.31,67.32,7.25,TNP_0007,4,2016
2016-07-06 08:00:00+00:00,271.45,846.12,27.93,69.06,6.97,TNP_0007,4,2016
2016-07-06 09:00:00+00:00,280.58,713.85,27.37,71.58,6.52,TNP_0007,4,2016
2016-07-06 10:00:00+00:00,148.3,528.85,26.77,74.47,6.03,TNP_0007,4,2016
2016-07-06 11:00:00+00:00,121.57,314.2,25.84,80.23,5.19,TNP_0007,4,2016
2016-07-06 12:00:00+00:00,29.23,110.97,24.83,87.29,4.17,TNP_0007,4,2016
2016-07-06 13:00:00+00:00,0.0,0.0,23.94,92.38,3.52,TNP_0007,4,2016
2016-07-06 14:00:00+00:00,0.0,0.0,23.49,94.17,3.28,TNP_0007,4,2016
2016-07-06 15:00:00+00:00,0.0,0.0,23.15,95.14,2.9,TNP_0007,4,2016
2016-07-06 16:00:00+00:00,0.0,0.0,22.83,96.24,2.54,TNP_0007,4,2016
2016-07-06 17:00:00+00:00,0.0,0.0,22.63,96.71,2.71,TNP_0007,4,2016
2016-07-06 18:00:00+00:00,0.0,0.0,22.51,96.71,3.22,TNP_0007,4,2016
2016-07-06 19:00:00+00:00,0.0,0.0,22.36,96.75,3.47,TNP_0007,4,2016
2016-07-06 20:00:00+00:00,0.0,0.0,22.2,96.69,3.56,TNP_0007,4,2016
2016-07-06 21:00:00+00:00,0.0,0.0,22.02,96.72,3.39,TNP_0007,4,2016
2016-07-06 22:00:00+00:00,0.0,0.0,21.86,96.73,3.24,TNP_0007,4,2016
2016-07-06 23:00:00+00:00,0.0,0.0,21.69,96.82,3.06,TNP_0007,4,2016
2016-07-07 00:00:00+00:00,1.92,3.3,21.59,96.68,2.84,TNP_0007,4,2016
2016-07-07 01:00:00+00:00,58.4,101.68,22.38,93.67,3.38,TNP_0007,4,2016
2016-07-07 02:00:00+00:00,178.32,310.85,23.75,87.98,4.34,TNP_0007,4,2016
2016-07-07 03:00:00+00:00,320.0,529.75,25.55,77.8,5.63,TNP_0007,4,2016
2016-07-07 04:00:00+00:00,404.75,717.47,26.94,70.41,6.75,TNP_0007,4,2016
2016-07-07 05:00:00+00:00,492.5,852.38,27.82,65.54,7.48,TNP_0007,4,2016
2016-07-07 06:00:00+00:00,619.05,913.83,28.37,61.27,7.91,TNP_0007,4,2016
2016-07-07 07:00:00+00:00,562.17,913.12,28.52,58.98,7.94,TNP_0007,4,2016
2016-07-07 08:00:00+00:00,524.12,842.12,28.24,58.31,7.77,TNP_0007,4,2016
2016-07-07 09:00:00+00:00,371.5,705.97,27.77,58.51,7.3,TNP_0007,4,2016
2016-07-07 10:00:00+00:00,266.15,517.65,26.94,60.12,6.69,TNP_0007,4,2016
2016-07-07 11:00:00+00:00,158.02,301.75,25.8,64.17,5.74,TNP_0007,4,2016
2016-07-07 12:00:00+00:00,46.85,104.62,24.26,72.64,4.03,TNP_0007,4,2016
2016-07-07 13:00:00+00:00,0.0,0.0,22.81,82.14,2.71,TNP_0007,4,2016
2016-07-07 14:00:00+00:00,0.0,0.0,22.29,86.63,2.39,TNP_0007,4,2016
2016-07-07 15:00:00+00:00,0.0,0.0,22.0,89.13,2.61,TNP_0007,4,2016
2016-07-07 16:00:00+00:00,0.0,0.0,21.78,91.0,2.88,TNP_0007,4,2016
2016-07-07 17:00:00+00:00,0.0,0.0,21.64,92.48,3.14,TNP_0007,4,2016
2016-07-07 18:00:00+00:00,0.0,0.0,21.5,94.51,3.41,TNP_0007,4,2016
2016-07-07 19:00:00+00:00,0.0,0.0,21.53,95.56,3.69,TNP_0007,4,2016
2016-07-07 20:00:00+00:00,0.0,0.0,21.59,95.96,4.08,TNP_0007,4,2016
2016-07-07 21:00:00+00:00,0.0,0.0,21.54,96.08,4.26,TNP_0007,4,2016
2016-07-07 22:00:00+00:00,0.0,0.0,21.42,95.95,4.08,TNP_0007,4,2016
2016-07-07 23:00:00+00:00,0.0,0.0,21.25,96.25,3.93,TNP_0007,4,2016
2016-07-08 00:00:00+00:00,1.9,3.25,21.21,96.5,3.82,TNP_0007,4,2016
2016-07-08 01:00:00+00:00,44.22,105.43,22.03,94.08,4.51,TNP_0007,4,2016
2016-07-08 02:00:00+00:00,126.43,320.5,23.43,87.81,5.98,TNP_0007,4,2016
2016-07-08 03:00:00+00:00,231.98,540.05,25.04,77.88,6.99,TNP_0007,4,2016
2016-07-08 04:00:00+00:00,291.12,726.1,26.28,69.48,7.74,TNP_0007,4,2016
2016-07-08 05:00:00+00:00,425.33,857.8,27.15,65.49,8.18,TNP_0007,4,2016
2016-07-08 06:00:00+00:00,420.33,914.92,27.53,64.54,8.53,TNP_0007,4,2016
2016-07-08 07:00:00+00:00,333.48,913.3,27.57,65.38,8.73,TNP_0007,4,2016
2016-07-08 08:00:00+00:00,324.27,842.15,27.42,65.91,8.88,TNP_0007,4,2016
2016-07-08 09:00:00+00:00,302.92,707.45,26.91,68.3,8.51,TNP_0007,4,2016
2016-07-08 10:00:00+00:00,155.75,518.92,26.2,72.17,7.84,TNP_0007,4,2016
2016-07-08 11:00:00+00:00,103.32,300.9,25.19,78.05,6.92,TNP_0007,4,2016
2016-07-08 12:00:00+00:00,35.83,102.03,23.95,85.32,5.86,TNP_0007,4,2016
2016-07-08 13:00:00+00:00,0.0,0.0,22.94,91.23,5.01,TNP_0007,4,2016
2016-07-08 14:00:00+00:00,0.0,0.0,22.54,93.24,4.68,TNP_0007,4,2016
2016-07-08 15:00:00+00:00,0.0,0.0,22.36,93.78,4.28,TNP_0007,4,2016
2016-07-08 16:00:00+00:00,0.0,0.0,22.2,94.13,4.15,TNP_0007,4,2016
2016-07-08 17:00:00+00:00,0.0,0.0,22.11,93.4,4.52,TNP_0007,4,2016
2016-07-08 18:00:00+00:00,0.0,0.0,21.86,94.08,4.71,TNP_0007,4,2016
2016-07-08 19:00:00+00:00,0.0,0.0,21.67,94.55,5.14,TNP_0007,4,2016
2016-07-08 20:00:00+00:00,0.0,0.0,21.61,94.92,5.97,TNP_0007,4,2016
2016-07-08 21:00:00+00:00,0.0,0.0,21.61,95.33,6.32,TNP_0007,4,2016
2016-07-08 22:00:00+00:00,0.0,0.0,21.63,95.56,5.86,TNP_0007,4,2016
2016-07-08 23:00:00+00:00,0.0,0.0,21.71,95.41,5.15,TNP_0007,4,2016
2016-07-09 00:00:00+00:00,1.6,2.9,21.9,95.18,4.82,TNP_0007,4,2016
2016-07-09 01:00:00+00:00,42.8,88.97,22.85,92.74,6.1,TNP_0007,4,2016
2016-07-09 02:00:00+00:00,130.2,284.45,24.0,88.58,7.14,TNP_0007,4,2016
2016-07-09 03:00:00+00:00,239.18,497.27,25.1,81.72,8.22,TNP_0007,4,2016
2016-07-09 04:00:00+00:00,245.0,684.45,26.08,75.44,8.95,TNP_0007,4,2016
2016-07-09 05:00:00+00:00,300.0,820.58,26.73,71.65,9.15,TNP_0007,4,2016
2016-07-09 06:00:00+00:00,452.15,919.62,26.76,70.93,8.96,TNP_0007,4,2016
2016-07-09 07:00:00+00:00,500.08,915.15,26.7,71.0,8.82,TNP_0007,4,2016
2016-07-09 08:00:00+00:00,470.67,841.08,26.56,71.69,8.7,TNP_0007,4,2016
2016-07-09 09:00:00+00:00,419.5,701.25,26.3,72.93,8.45,TNP_0007,4,2016
2016-07-09 10:00:00+00:00,296.58,511.98,25.87,75.01,8.28,TNP_0007,4,2016
2016-07-09 11:00:00+00:00,166.65,294.2,25.25,78.72,7.89,TNP_0007,4,2016
2016-07-09 12:00:00+00:00,62.65,98.75,24.24,85.66,6.69,TNP_0007,4,2016
2016-07-09 13:00:00+00:00,0.0,0.0,23.33,91.73,5.73,TNP_0007,4,2016
2016-07-09 14:00:00+00:00,0.0,0.0,23.06,93.47,5.43,TNP_0007,4,2016
2016-07-09 15:00:00+00:00,0.0,0.0,22.93,94.26,5.17,TNP_0007,4,2016
2016-07-09 16:00:00+00:00,0.0,0.0,22.88,94.59,4.96,TNP_0007,4,2016
2016-07-09 17:00:00+00:00,0.0,0.0,22.86,94.78,4.96,TNP_0007,4,2016
2016-07-09 18:00:00+00:00,0.0,0.0,22.83,95.01,5.23,TNP_0007,4,2016
2016-07-09 19:00:00+00:00,0.0,0.0,22.79,95.17,5.51,TNP_0007,4,2016
2016-07-09 20:00:00+00:00,0.0,0.0,22.79,95.04,5.7,TNP_0007,4,2016
2016-07-09 21:00:00+00:00,0.0,0.0,22.81,94.76,5.89,TNP_0007,4,2016
2016-07-09 22:00:00+00:00,0.0,0.0,22.78,94.6,6.02,TNP_0007,4,2016
2016-07-09 23:00:00+00:00,0.0,0.0,22.78,94.29,6.16,TNP_0007,4,2016
2016-07-10 00:00:00+00:00,1.58,2.88,22.78,94.16,6.38,TNP_0007,4,2016
2016-07-10 01:00:00+00:00,48.58,87.6,23.28,92.31,6.85,TNP_0007,4,2016
2016-07-10 02:00:00+00:00,141.4,280.12,24.27,87.42,7.61,TNP_0007,4,2016
2016-07-10 03:00:00+00:00,277.02,494.12,25.63,78.92,8.85,TNP_0007,4,2016
2016-07-10 04:00:00+00:00,378.92,683.53,26.8,71.83,9.74,TNP_0007,4,2016
2016-07-10 05:00:00+00:00,491.15,820.35,27.71,67.11,10.16,TNP_0007,4,2016
2016-07-10 06:00:00+00:00,499.4,935.67,28.13,65.17,10.23,TNP_0007,4,2016
2016-07-10 07:00:00+00:00,477.25,924.5,28.0,65.34,10.19,TNP_0007,4,2016
2016-07-10 08:00:00+00:00,368.92,841.67,27.49,66.71,9.93,TNP_0007,4,2016
2016-07-10 09:00:00+00:00,358.23,695.58,26.91,69.1,9.59,TNP_0007,4,2016
2016-07-10 10:00:00+00:00,258.1,500.92,26.5,71.33,9.2,TNP_0007,4,2016
2016-07-10 11:00:00+00:00,137.77,281.95,25.78,75.66,8.5,TNP_0007,4,2016
2016-07-10 12:00:00+00:00,38.83,93.8,24.57,83.13,7.22,TNP_0007,4,2016
2016-07-10 13:00:00+00:00,0.0,0.0,23.39,90.33,6.26,TNP_0007,4,2016
2016-07-10 14:00:00+00:00,0.0,0.0,23.02,92.58,6.17,TNP_0007,4,2016
2016-07-10 15:00:00+00:00,0.0,0.0,22.9,93.19,6.07,TNP_0007,4,2016
2016-07-10 16:00:00+00:00,0.0,0.0,22.83,93.58,5.83,TNP_0007,4,2016
2016-07-10 17:00:00+00:00,0.0,0.0,22.77,93.93,5.95,TNP_0007,4,2016
2016-07-10 18:00:00+00:00,0.0,0.0,22.69,94.06,6.1,TNP_0007,4,2016
2016-07-10 19:00:00+00:00,0.0,0.0,22.54,94.34,6.02,TNP_0007,4,2016
2016-07-10 20:00:00+00:00,0.0,0.0,22.38,94.59,6.16,TNP_0007,4,2016
2016-07-10 21:00:00+00:00,0.0,0.0,22.24,95.05,6.35,TNP_0007,4,2016
2016-07-10 22:00:00+00:00,0.0,0.0,22.2,95.4,6.3,TNP_0007,4,2016
2016-07-10 23:00:00+00:00,0.0,0.0,22.25,95.47,6.05,TNP_0007,4,2016
2016-07-11 00:00:00+00:00,1.5,2.9,22.3,95.5,5.93,TNP_0007,4,2016
2016-07-11 01:00:00+00:00,43.62,93.8,22.91,93.65,6.37,TNP_0007,4,2016
2016-07-11 02:00:00+00:00,148.38,298.4,24.0,88.48,7.51,TNP_0007,4,2016
2016-07-11 03:00:00+00:00,301.27,516.35,25.56,78.92,8.83,TNP_0007,4,2016
2016-07-11 04:00:00+00:00,394.65,704.7,26.85,72.0,9.21,TNP_0007,4,2016
2016-07-11 05:00:00+00:00,389.0,839.53,27.67,68.05,9.51,TNP_0007,4,2016
2016-07-11 06:00:00+00:00,445.73,894.17,27.91,66.7,9.68,TNP_0007,4,2016
2016-07-11 07:00:00+00:00,530.42,890.85,27.94,66.31,9.8,TNP_0007,4,2016
2016-07-11 08:00:00+00:00,412.65,817.78,27.64,66.92,9.84,TNP_0007,4,2016
2016-07-11 09:00:00+00:00,398.12,682.53,27.16,68.23,9.68,TNP_0007,4,2016
2016-07-11 10:00:00+00:00,289.9,497.55,26.56,70.2,9.3,TNP_0007,4,2016
2016-07-11 11:00:00+00:00,157.27,286.0,25.77,73.69,8.37,TNP_0007,4,2016
2016-07-11 12:00:00+00:00,48.12,96.68,24.52,80.86,6.9,TNP_0007,4,2016
2016-07-11 13:00:00+00:00,0.0,0.0,23.35,88.03,5.77,TNP_0007,4,2016
2016-07-11 14:00:00+00:00,0.0,0.0,22.86,90.95,5.24,TNP_0007,4,2016
2016-07-11 15:00:00+00:00,0.0,0.0,22.6,92.36,4.89,TNP_0007,4,2016
2016-07-11 16:00:00+00:00,0.0,0.0,22.44,93.31,4.86,TNP_0007,4,2016
2016-07-11 17:00:00+00:00,0.0,0.0,22.37,93.98,5.09,TNP_0007,4,2016
2016-07-11 18:00:00+00:00,0.0,0.0,22.34,94.27,5.36,TNP_0007,4,2016
2016-07-11 19:00:00+00:00,0.0,0.0,22.32,94.41,5.75,TNP_0007,4,2016
2016-07-11 20:00:00+00:00,0.0,0.0,22.29,94.51,6.18,TNP_0007,4,2016
2016-07-11 21:00:00+00:00,0.0,0.0,22.27,94.42,6.35,TNP_0007,4,2016
2016-07-11 22:00:00+00:00,0.0,0.0,22.21,94.27,6.33,TNP_0007,4,2016
2016-07-11 23:00:00+00:00,0.0,0.0,22.16,93.98,6.27,TNP_0007,4,2016
2016-07-12 00:00:00+00:00,1.65,2.72,22.1,93.87,6.07,TNP_0007,4,2016
2016-07-12 01:00:00+00:00,48.22,87.07,22.66,91.46,6.35,TNP_0007,4,2016
2016-07-12 02:00:00+00:00,145.57,274.8,23.73,86.2,7.14,TNP_0007,4,2016
2016-07-12 03:00:00+00:00,252.85,480.73,25.07,77.99,8.12,TNP_0007,4,2016
2016-07-12 04:00:00+00:00,330.45,669.1,26.15,71.62,8.54,TNP_0007,4,2016
2016-07-12 05:00:00+00:00,406.15,812.28,26.91,67.75,8.59,TNP_0007,4,2016
2016-07-12 06:00:00+00:00,421.77,903.78,27.38,65.88,8.33,TNP_0007,4,2016
2016-07-12 07:00:00+00:00,488.95,884.92,27.41,65.85,7.92,TNP_0007,4,2016
2016-07-12 08:00:00+00:00,609.03,799.53,27.24,66.64,7.74,TNP_0007,4,2016
2016-07-12 09:00:00+00:00,477.62,653.25,26.95,67.88,7.73,TNP_0007,4,2016
2016-07-12 10:00:00+00:00,309.88,467.27,26.54,69.56,7.67,TNP_0007,4,2016
2016-07-12 11:00:00+00:00,164.45,262.65,25.77,73.35,7.12,TNP_0007,4,2016
2016-07-12 12:00:00+00:00,53.0,87.03,24.6,80.52,5.77,TNP_0007,4,2016
2016-07-12 13:00:00+00:00,0.0,0.0,23.32,88.69,4.58,TNP_0007,4,2016
2016-07-12 14:00:00+00:00,0.0,0.0,22.77,92.39,4.51,TNP_0007,4,2016
2016-07-12 15:00:00+00:00,0.0,0.0,22.46,94.02,4.39,TNP_0007,4,2016
2016-07-12 16:00:00+00:00,0.0,0.0,22.28,94.81,4.21,TNP_0007,4,2016
2016-07-12 17:00:00+00:00,0.0,0.0,22.16,95.33,4.27,TNP_0007,4,2016
2016-07-12 18:00:00+00:00,0.0,0.0,22.11,95.57,4.49,TNP_0007,4,2016
2016-07-12 19:00:00+00:00,0.0,0.0,22.1,95.68,4.65,TNP_0007,4,2016
2016-07-12 20:00:00+00:00,0.0,0.0,22.07,95.75,4.7,TNP_0007,4,2016
2016-07-12 21:00:00+00:00,0.0,0.0,22.02,95.88,4.78,TNP_0007,4,2016
2016-07-12 22:00:00+00:00,0.0,0.0,21.95,95.79,4.77,TNP_0007,4,2016
2016-07-12 23:00:00+00:00,0.0,0.0,21.86,95.77,4.8,TNP_0007,4,2016
2016-07-13 00:00:00+00:00,0.0,0.0,21.81,95.7,4.78,TNP_0007,4,2016
2016-07-13 01:00:00+00:00,64.43,91.85,22.48,92.97,5.11,TNP_0007,4,2016
2016-07-13 02:00:00+00:00,169.82,275.75,23.73,85.95,6.03,TNP_0007,4,2016
2016-07-13 03:00:00+00:00,311.7,489.77,25.24,77.26,6.75,TNP_0007,4,2016
2016-07-13 04:00:00+00:00,457.92,666.75,26.62,70.34,7.08,TNP_0007,4,2016
2016-07-13 05:00:00+00:00,549.72,806.53,27.66,65.79,7.3,TNP_0007,4,2016
2016-07-13 06:00:00+00:00,655.58,926.17,28.2,63.79,7.5,TNP_0007,4,2016
2016-07-13 07:00:00+00:00,601.72,923.05,28.47,63.24,7.54,TNP_0007,4,2016
2016-07-13 08:00:00+00:00,495.5,846.85,28.52,63.31,7.58,TNP_0007,4,2016
2016-07-13 09:00:00+00:00,486.02,716.92,28.24,64.08,7.53,TNP_0007,4,2016
2016-07-13 10:00:00+00:00,401.1,529.47,27.71,65.55,7.34,TNP_0007,4,2016
2016-07-13 11:00:00+00:00,239.62,311.23,26.74,69.23,6.9,TNP_0007,4,2016
2016-07-13 12:00:00+00:00,88.9,107.15,25.31,76.68,5.64,TNP_0007,4,2016
2016-07-13 13:00:00+00:00,0.0,0.0,23.73,86.37,4.17,TNP_0007,4,2016
2016-07-13 14:00:00+00:00,0.0,0.0,23.07,90.58,3.96,TNP_0007,4,2016
2016-07-13 15:00:00+00:00,0.0,0.0,22.65,92.7,3.59,TNP_0007,4,2016
2016-07-13 16:00:00+00:00,0.0,0.0,22.38,93.83,3.43,TNP_0007,4,2016
2016-07-13 17:00:00+00:00,0.0,0.0,22.18,94.42,3.39,TNP_0007,4,2016
2016-07-13 18:00:00+00:00,0.0,0.0,21.96,95.01,3.36,TNP_0007,4,2016
2016-07-13 19:00:00+00:00,0.0,0.0,21.71,95.66,3.32,TNP_0007,4,2016
2016-07-13 20:00:00+00:00,0.0,0.0,21.48,96.25,3.29,TNP_0007,4,2016
2016-07-13 21:00:00+00:00,0.0,0.0,21.22,97.28,2.97,TNP_0007,4,2016
2016-07-13 22:00:00+00:00,0.0,0.0,21.09,97.75,2.74,TNP_0007,4,2016
2016-07-13 23:00:00+00:00,0.0,0.0,21.0,97.89,2.52,TNP_0007,4,2016
2016-07-14 00:00:00+00:00,0.0,0.0,20.97,97.81,2.43,TNP_0007,4,2016
2016-07-14 01:00:00+00:00,61.0,102.55,22.07,93.53,3.47,TNP_0007,4,2016
2016-07-14 02:00:00+00:00,156.98,300.83,23.67,85.08,4.49,TNP_0007,4,2016
2016-07-14 03:00:00+00:00,277.5,518.28,25.63,74.74,5.18,TNP_0007,4,2016
2016-07-14 04:00:00+00:00,413.6,705.47,27.25,67.72,5.47,TNP_0007,4,2016
2016-07-14 05:00:00+00:00,550.47,838.38,28.4,63.57,5.71,TNP_0007,4,2016
2016-07-14 06:00:00+00:00,603.62,935.22,29.14,61.48,5.99,TNP_0007,4,2016
2016-07-14 07:00:00+00:00,591.22,931.35,29.42,60.95,6.21,TNP_0007,4,2016
2016-07-14 08:00:00+00:00,554.67,850.78,29.31,61.22,6.39,TNP_0007,4,2016
2016-07-14 09:00:00+00:00,452.17,718.28,28.66,63.26,6.36,TNP_0007,4,2016
2016-07-14 10:00:00+00:00,274.33,532.05,27.98,65.57,6.17,TNP_0007,4,2016
2016-07-14 11:00:00+00:00,141.15,311.62,26.86,70.04,5.73,TNP_0007,4,2016
2016-07-14 12:00:00+00:00,43.2,107.53,25.43,77.92,4.56,TNP_0007,4,2016
2016-07-14 13:00:00+00:00,0.0,0.0,23.87,88.03,3.19,TNP_0007,4,2016
2016-07-14 14:00:00+00:00,0.0,0.0,23.21,92.3,3.27,TNP_0007,4,2016
2016-07-14 15:00:00+00:00,0.0,0.0,22.77,94.35,3.48,TNP_0007,4,2016
2016-07-14 16:00:00+00:00,0.0,0.0,22.44,95.57,3.44,TNP_0007,4,2016
2016-07-14 17:00:00+00:00,0.0,0.0,22.23,96.07,3.32,TNP_0007,4,2016
2016-07-14 18:00:00+00:00,0.0,0.0,22.06,96.41,3.22,TNP_0007,4,2016
2016-07-14 19:00:00+00:00,0.0,0.0,21.91,96.38,3.22,TNP_0007,4,2016
2016-07-14 20:00:00+00:00,0.0,0.0,21.77,96.28,3.32,TNP_0007,4,2016
2016-07-14 21:00:00+00:00,0.0,0.0,21.61,96.49,2.92,TNP_0007,4,2016
2016-07-14 22:00:00+00:00,0.0,0.0,21.46,96.78,2.55,TNP_0007,4,2016
2016-07-14 23:00:00+00:00,0.0,0.0,21.3,97.16,2.04,TNP_0007,4,2016
2016-07-15 00:00:00+00:00,0.0,0.0,21.26,97.1,1.81,TNP_0007,4,2016
2016-07-15 01:00:00+00:00,72.4,107.97,22.31,93.17,2.59,TNP_0007,4,2016
2016-07-15 02:00:00+00:00,230.68,313.98,23.83,85.98,3.0,TNP_0007,4,2016
2016-07-15 03:00:00+00:00,388.98,526.5,25.87,75.04,3.4,TNP_0007,4,2016
2016-07-15 04:00:00+00:00,430.73,714.33,27.68,66.58,3.46,TNP_0007,4,2016
2016-07-15 05:00:00+00:00,565.85,853.05,28.87,62.22,3.58,TNP_0007,4,2016
2016-07-15 06:00:00+00:00,656.4,914.72,29.52,60.46,3.89,TNP_0007,4,2016
2016-07-15 07:00:00+00:00,630.53,914.42,29.61,60.5,4.32,TNP_0007,4,2016
2016-07-15 08:00:00+00:00,552.58,843.05,29.37,61.54,4.81,TNP_0007,4,2016
2016-07-15 09:00:00+00:00,488.12,704.67,28.65,64.92,5.28,TNP_0007,4,2016
2016-07-15 10:00:00+00:00,346.45,514.38,27.27,71.92,5.39,TNP_0007,4,2016
2016-07-15 11:00:00+00:00,198.5,296.0,25.9,80.26,5.2,TNP_0007,4,2016
2016-07-15 12:00:00+00:00,69.38,99.6,24.82,87.4,4.57,TNP_0007,4,2016
2016-07-15 13:00:00+00:00,0.0,0.0,23.98,92.04,4.06,TNP_0007,4,2016
2016-07-15 14:00:00+00:00,0.0,0.0,23.57,93.67,4.01,TNP_0007,4,2016
2016-07-15 15:00:00+00:00,0.0,0.0,23.21,94.31,4.4,TNP_0007,4,2016
2016-07-15 16:00:00+00:00,0.0,0.0,22.87,94.47,4.53,TNP_0007,4,2016
2016-07-15 17:00:00+00:00,0.0,0.0,22.61,94.22,4.22,TNP_0007,4,2016
2016-07-15 18:00:00+00:00,0.0,0.0,22.38,94.63,3.78,TNP_0007,4,2016
2016-07-15 19:00:00+00:00,0.0,0.0,22.18,95.57,3.27,TNP_0007,4,2016
2016-07-15 20:00:00+00:00,0.0,0.0,22.03,96.24,2.71,TNP_0007,4,2016
2016-07-15 21:00:00+00:00,0.0,0.0,21.96,96.2,2.57,TNP_0007,4,2016
2016-07-15 22:00:00+00:00,0.0,0.0,21.84,96.44,2.15,TNP_0007,4,2016
2016-07-15 23:00:00+00:00,0.0,0.0,21.69,97.28,1.61,TNP_0007,4,2016
2016-07-16 00:00:00+00:00,0.0,0.0,21.62,97.52,1.47,TNP_0007,4,2016
2016-07-16 01:00:00+00:00,50.53,99.47,22.54,94.38,2.01,TNP_0007,4,2016
2016-07-16 02:00:00+00:00,135.8,297.33,23.59,89.6,2.65,TNP_0007,4,2016
2016-07-16 03:00:00+00:00,244.45,515.08,24.92,81.35,3.2,TNP_0007,4,2016
2016-07-16 04:00:00+00:00,372.83,701.9,25.93,74.18,3.19,TNP_0007,4,2016
2016-07-16 05:00:00+00:00,519.58,834.5,26.37,71.02,3.09,TNP_0007,4,2016
2016-07-16 06:00:00+00:00,603.95,919.42,26.63,69.44,2.94,TNP_0007,4,2016
2016-07-16 07:00:00+00:00,632.97,917.88,27.02,68.08,2.68,TNP_0007,4,2016
2016-07-16 08:00:00+00:00,514.03,844.58,26.75,69.63,2.85,TNP_0007,4,2016
2016-07-16 09:00:00+00:00,433.55,706.3,26.14,73.77,3.33,TNP_0007,4,2016
2016-07-16 10:00:00+00:00,324.62,516.2,25.65,77.55,3.61,TNP_0007,4,2016
2016-07-16 11:00:00+00:00,192.9,298.75,25.0,81.79,3.63,TNP_0007,4,2016
2016-07-16 12:00:00+00:00,67.78,100.97,24.13,87.86,3.05,TNP_0007,4,2016
2016-07-16 13:00:00+00:00,0.0,0.0,23.11,93.77,2.75,TNP_0007,4,2016
2016-07-16 14:00:00+00:00,0.0,0.0,22.64,95.03,2.77,TNP_0007,4,2016
2016-07-16 15:00:00+00:00,0.0,0.0,22.28,96.25,2.47,TNP_0007,4,2016
2016-07-16 16:00:00+00:00,0.0,0.0,22.06,96.59,2.51,TNP_0007,4,2016
2016-07-16 17:00:00+00:00,0.0,0.0,21.86,96.69,2.54,TNP_0007,4,2016
2016-07-16 18:00:00+00:00,0.0,0.0,21.62,97.03,2.51,TNP_0007,4,2016
2016-07-16 19:00:00+00:00,0.0,0.0,21.41,97.11,2.48,TNP_0007,4,2016
2016-07-16 20:00:00+00:00,0.0,0.0,21.21,97.3,2.39,TNP_0007,4,2016
2016-07-16 21:00:00+00:00,0.0,0.0,21.0,97.49,2.24,TNP_0007,4,2016
2016-07-16 22:00:00+00:00,0.0,0.0,20.77,97.84,1.99,TNP_0007,4,2016
2016-07-16 23:00:00+00:00,0.0,0.0,20.6,98.09,1.77,TNP_0007,4,2016
2016-07-17 00:00:00+00:00,0.0,0.0,20.5,98.32,1.59,TNP_0007,4,2016
2016-07-17 01:00:00+00:00,44.8,98.75,21.49,94.91,2.12,TNP_0007,4,2016
2016-07-17 02:00:00+00:00,120.65,299.35,22.88,89.05,2.55,TNP_0007,4,2016
2016-07-17 03:00:00+00:00,193.0,521.6,24.61,80.14,2.85,TNP_0007,4,2016
2016-07-17 04:00:00+00:00,475.67,714.1,26.11,71.5,3.01,TNP_0007,4,2016
2016-07-17 05:00:00+00:00,578.1,849.78,27.16,66.86,3.06,TNP_0007,4,2016
2016-07-17 06:00:00+00:00,695.28,919.2,27.84,64.17,3.04,TNP_0007,4,2016
2016-07-17 07:00:00+00:00,663.8,914.65,27.96,63.63,3.18,TNP_0007,4,2016
2016-07-17 08:00:00+00:00,594.15,841.25,27.4,66.81,3.57,TNP_0007,4,2016
2016-07-17 09:00:00+00:00,468.2,702.83,26.55,71.92,3.89,TNP_0007,4,2016
2016-07-17 10:00:00+00:00,315.33,513.17,25.69,77.29,4.1,TNP_0007,4,2016
2016-07-17 11:00:00+00:00,193.88,294.67,24.71,83.24,4.16,TNP_0007,4,2016
2016-07-17 12:00:00+00:00,72.12,100.32,23.73,89.24,3.79,TNP_0007,4,2016
2016-07-17 13:00:00+00:00,0.0,0.0,22.92,93.25,3.5,TNP_0007,4,2016
2016-07-17 14:00:00+00:00,0.0,0.0,22.51,94.49,3.45,TNP_0007,4,2016
2016-07-17 15:00:00+00:00,0.0,0.0,22.21,95.01,3.23,TNP_0007,4,2016
2016-07-17 16:00:00+00:00,0.0,0.0,21.96,95.04,3.13,TNP_0007,4,2016
2016-07-17 17:00:00+00:00,0.0,0.0,21.69,95.52,2.94,TNP_0007,4,2016
2016-07-17 18:00:00+00:00,0.0,0.0,21.44,95.88,2.8,TNP_0007,4,2016
2016-07-17 19:00:00+00:00,0.0,0.0,21.25,96.33,2.58,TNP_0007,4,2016
2016-07-17 20:00:00+00:00,0.0,0.0,21.11,96.66,2.43,TNP_0007,4,2016
2016-07-17 21:00:00+00:00,0.0,0.0,21.0,97.02,1.92,TNP_0007,4,2016
2016-07-17 22:00:00+00:00,0.0,0.0,20.95,97.18,1.58,TNP_0007,4,2016
2016-07-17 23:00:00+00:00,0.0,0.0,20.94,97.41,1.37,TNP_0007,4,2016
2016-07-18 00:00:00+00:00,0.0,0.0,21.01,97.09,1.43,TNP_0007,4,2016
2016-07-18 01:00:00+00:00,57.92,99.38,21.62,94.74,2.12,TNP_0007,4,2016
2016-07-18 02:00:00+00:00,143.4,301.55,22.5,91.67,2.84,TNP_0007,4,2016
2016-07-18 03:00:00+00:00,232.12,523.53,23.57,85.62,3.78,TNP_0007,4,2016
2016-07-18 04:00:00+00:00,398.55,714.28,24.78,77.31,4.18,TNP_0007,4,2016
2016-07-18 05:00:00+00:00,442.75,851.28,25.64,71.79,4.2,TNP_0007,4,2016
2016-07-18 06:00:00+00:00,644.38,939.55,26.12,68.97,4.24,TNP_0007,4,2016
2016-07-18 07:00:00+00:00,742.47,938.33,26.42,67.35,4.47,TNP_0007,4,2016
2016-07-18 08:00:00+00:00,649.4,862.05,26.62,66.55,4.68,TNP_0007,4,2016
2016-07-18 09:00:00+00:00,565.28,729.67,26.19,68.44,4.7,TNP_0007,4,2016
2016-07-18 10:00:00+00:00,331.6,541.1,25.33,72.61,4.71,TNP_0007,4,2016
2016-07-18 11:00:00+00:00,183.68,321.02,24.3,78.76,4.45,TNP_0007,4,2016
2016-07-18 12:00:00+00:00,65.2,112.45,23.15,86.63,3.71,TNP_0007,4,2016
2016-07-18 13:00:00+00:00,0.0,0.0,22.11,92.73,3.53,TNP_0007,4,2016
2016-07-18 14:00:00+00:00,0.0,0.0,21.58,94.79,3.53,TNP_0007,4,2016
2016-07-18 15:00:00+00:00,0.0,0.0,21.23,95.55,3.41,TNP_0007,4,2016
2016-07-18 16:00:00+00:00,0.0,0.0,20.95,95.97,3.34,TNP_0007,4,2016
2016-07-18 17:00:00+00:00,0.0,0.0,20.68,96.22,3.39,TNP_0007,4,2016
2016-07-18 18:00:00+00:00,0.0,0.0,20.42,96.42,3.53,TNP_0007,4,2016
2016-07-18 19:00:00+00:00,0.0,0.0,20.14,96.7,3.51,TNP_0007,4,2016
2016-07-18 20:00:00+00:00,0.0,0.0,19.92,96.74,3.47,TNP_0007,4,2016
2016-07-18 21:00:00+00:00,0.0,0.0,19.72,96.86,3.17,TNP_0007,4,2016
2016-07-18 22:00:00+00:00,0.0,0.0,19.56,97.02,2.74,TNP_0007,4,2016
2016-07-18 23:00:00+00:00,0.0,0.0,19.47,97.18,2.18,TNP_0007,4,2016
2016-07-19 00:00:00+00:00,0.0,0.0,19.5,97.04,1.82,TNP_0007,4,2016
2016-07-19 01:00:00+00:00,60.28,108.53,20.28,94.35,2.11,TNP_0007,4,2016
2016-07-19 02:00:00+00:00,196.82,316.8,21.56,89.14,2.8,TNP_0007,4,2016
2016-07-19 03:00:00+00:00,372.4,537.25,23.12,81.21,3.66,TNP_0007,4,2016
2016-07-19 04:00:00+00:00,570.1,725.0,24.72,73.04,4.2,TNP_0007,4,2016
2016-07-19 05:00:00+00:00,702.08,860.65,25.96,68.17,4.48,TNP_0007,4,2016
2016-07-19 06:00:00+00:00,776.75,932.0,26.9,65.37,4.66,TNP_0007,4,2016
2016-07-19 07:00:00+00:00,800.8,931.65,27.44,64.06,4.77,TNP_0007,4,2016
2016-07-19 08:00:00+00:00,759.88,859.95,27.44,64.17,4.91,TNP_0007,4,2016
2016-07-19 09:00:00+00:00,629.33,722.58,27.08,65.71,4.93,TNP_0007,4,2016
2016-07-19 10:00:00+00:00,428.2,533.03,26.49,68.49,4.82,TNP_0007,4,2016
2016-07-19 11:00:00+00:00,253.8,312.55,25.66,72.86,4.49,TNP_0007,4,2016
2016-07-19 12:00:00+00:00,86.18,107.68,24.5,80.26,3.52,TNP_0007,4,2016
2016-07-19 13:00:00+00:00,0.0,0.0,23.09,89.81,2.31,TNP_0007,4,2016
2016-07-19 14:00:00+00:00,0.0,0.0,22.52,93.21,2.43,TNP_0007,4,2016
2016-07-19 15:00:00+00:00,0.0,0.0,22.21,94.75,2.79,TNP_0007,4,2016
2016-07-19 16:00:00+00:00,0.0,0.0,21.98,95.72,2.99,TNP_0007,4,2016
2016-07-19 17:00:00+00:00,0.0,0.0,21.87,95.9,3.14,TNP_0007,4,2016
2016-07-19 18:00:00+00:00,0.0,0.0,21.76,95.98,3.13,TNP_0007,4,2016
2016-07-19 19:00:00+00:00,0.0,0.0,21.62,96.21,2.99,TNP_0007,4,2016
2016-07-19 20:00:00+00:00,0.0,0.0,21.48,96.45,2.88,TNP_0007,4,2016
2016-07-19 21:00:00+00:00,0.0,0.0,21.27,97.25,2.47,TNP_0007,4,2016
2016-07-19 22:00:00+00:00,0.0,0.0,21.03,98.32,2.11,TNP_0007,4,2016
2016-07-19 23:00:00+00:00,0.0,0.0,20.84,99.3,1.91,TNP_0007,4,2016
2016-07-20 00:00:00+00:00,0.0,0.0,20.79,99.65,1.86,TNP_0007,4,2016
2016-07-20 01:00:00+00:00,65.07,100.82,22.32,92.58,2.89,TNP_0007,4,2016
2016-07-20 02:00:00+00:00,195.15,303.67,24.25,82.05,3.91,TNP_0007,4,2016
2016-07-20 03:00:00+00:00,349.1,523.83,26.18,71.41,4.66,TNP_0007,4,2016
2016-07-20 04:00:00+00:00,459.08,714.75,27.68,64.82,4.86,TNP_0007,4,2016
2016-07-20 05:00:00+00:00,513.47,851.25,28.71,60.71,4.93,TNP_0007,4,2016
2016-07-20 06:00:00+00:00,537.72,861.0,29.3,58.4,5.06,TNP_0007,4,2016
2016-07-20 07:00:00+00:00,512.45,867.62,29.49,57.53,5.34,TNP_0007,4,2016
2016-07-20 08:00:00+00:00,476.55,800.72,29.05,58.77,5.65,TNP_0007,4,2016
2016-07-20 09:00:00+00:00,447.12,667.75,28.38,60.76,5.9,TNP_0007,4,2016
2016-07-20 10:00:00+00:00,325.4,483.25,27.56,63.69,5.92,TNP_0007,4,2016
2016-07-20 11:00:00+00:00,176.3,273.52,26.48,68.19,5.59,TNP_0007,4,2016
2016-07-20 12:00:00+00:00,63.2,90.62,25.04,76.01,4.51,TNP_0007,4,2016
2016-07-20 13:00:00+00:00,0.0,0.0,23.61,84.92,3.54,TNP_0007,4,2016
2016-07-20 14:00:00+00:00,0.0,0.0,22.88,89.58,3.54,TNP_0007,4,2016
2016-07-20 15:00:00+00:00,0.0,0.0,22.41,92.23,3.49,TNP_0007,4,2016
2016-07-20 16:00:00+00:00,0.0,0.0,22.08,93.67,3.43,TNP_0007,4,2016
2016-07-20 17:00:00+00:00,0.0,0.0,21.82,94.46,3.32,TNP_0007,4,2016
2016-07-20 18:00:00+00:00,0.0,0.0,21.57,95.3,3.29,TNP_0007,4,2016
2016-07-20 19:00:00+00:00,0.0,0.0,21.37,95.91,3.44,TNP_0007,4,2016
2016-07-20 20:00:00+00:00,0.0,0.0,21.25,96.06,3.51,TNP_0007,4,2016
2016-07-20 21:00:00+00:00,0.0,0.0,21.11,96.37,3.26,TNP_0007,4,2016
2016-07-20 22:00:00+00:00,0.0,0.0,20.99,96.6,3.09,TNP_0007,4,2016
2016-07-20 23:00:00+00:00,0.0,0.0,20.92,96.62,3.13,TNP_0007,4,2016
2016-07-21 00:00:00+00:00,0.0,0.0,20.91,96.53,3.2,TNP_0007,4,2016
2016-07-21 01:00:00+00:00,59.55,93.38,21.82,92.96,3.88,TNP_0007,4,2016
2016-07-21 02:00:00+00:00,172.1,289.45,23.53,83.92,5.06,TNP_0007,4,2016
2016-07-21 03:00:00+00:00,321.95,509.27,25.54,73.39,5.89,TNP_0007,4,2016
2016-07-21 04:00:00+00:00,449.02,700.8,27.04,66.59,6.2,TNP_0007,4,2016
2016-07-21 05:00:00+00:00,518.05,839.9,27.9,63.2,6.44,TNP_0007,4,2016
2016-07-21 06:00:00+00:00,551.15,905.3,28.07,62.38,6.69,TNP_0007,4,2016
2016-07-21 07:00:00+00:00,509.3,906.35,27.84,63.26,6.92,TNP_0007,4,2016
2016-07-21 08:00:00+00:00,460.2,835.12,27.42,64.5,6.93,TNP_0007,4,2016
2016-07-21 09:00:00+00:00,430.4,697.47,26.93,66.4,6.73,TNP_0007,4,2016
2016-07-21 10:00:00+00:00,276.42,507.0,26.27,69.42,6.49,TNP_0007,4,2016
2016-07-21 11:00:00+00:00,173.3,288.23,25.38,74.15,5.88,TNP_0007,4,2016
2016-07-21 12:00:00+00:00,59.78,94.75,24.14,81.94,4.61,TNP_0007,4,2016
2016-07-21 13:00:00+00:00,0.0,0.0,22.93,89.01,3.91,TNP_0007,4,2016
2016-07-21 14:00:00+00:00,0.0,0.0,22.37,91.7,4.25,TNP_0007,4,2016
2016-07-21 15:00:00+00:00,0.0,0.0,21.99,92.92,4.32,TNP_0007,4,2016
2016-07-21 16:00:00+00:00,0.0,0.0,21.67,93.56,4.38,TNP_0007,4,2016
2016-07-21 17:00:00+00:00,0.0,0.0,21.39,93.97,4.52,TNP_0007,4,2016
2016-07-21 18:00:00+00:00,0.0,0.0,21.15,94.51,4.57,TNP_0007,4,2016
2016-07-21 19:00:00+00:00,0.0,0.0,20.98,95.0,4.51,TNP_0007,4,2016
2016-07-21 20:00:00+00:00,0.0,0.0,20.93,95.09,4.63,TNP_0007,4,2016
2016-07-21 21:00:00+00:00,0.0,0.0,20.88,95.21,4.72,TNP_0007,4,2016
2016-07-21 22:00:00+00:00,0.0,0.0,20.82,95.19,4.57,TNP_0007,4,2016
2016-07-21 23:00:00+00:00,0.0,0.0,20.76,95.23,4.23,TNP_0007,4,2016
2016-07-22 00:00:00+00:00,0.0,0.0,20.71,95.53,3.76,TNP_0007,4,2016
2016-07-22 01:00:00+00:00,47.53,97.32,21.54,93.18,4.25,TNP_0007,4,2016
2016-07-22 02:00:00+00:00,169.88,301.35,22.75,88.16,5.26,TNP_0007,4,2016
2016-07-22 03:00:00+00:00,304.58,526.33,24.61,77.93,6.55,TNP_0007,4,2016
2016-07-22 04:00:00+00:00,444.3,718.2,26.28,68.91,7.23,TNP_0007,4,2016
2016-07-22 05:00:00+00:00,513.53,856.85,27.3,64.26,7.5,TNP_0007,4,2016
2016-07-22 06:00:00+00:00,705.67,930.1,27.84,62.14,7.54,TNP_0007,4,2016
2016-07-22 07:00:00+00:00,701.35,925.62,27.96,61.74,7.52,TNP_0007,4,2016
2016-07-22 08:00:00+00:00,628.08,847.65,27.75,62.06,7.54,TNP_0007,4,2016
2016-07-22 09:00:00+00:00,529.6,713.88,27.35,63.49,7.47,TNP_0007,4,2016
2016-07-22 10:00:00+00:00,311.58,523.08,26.6,66.78,7.1,TNP_0007,4,2016
2016-07-22 11:00:00+00:00,177.5,301.15,25.3,73.34,6.15,TNP_0007,4,2016
2016-07-22 12:00:00+00:00,50.67,101.2,23.9,82.77,4.6,TNP_0007,4,2016
2016-07-22 13:00:00+00:00,0.0,0.0,22.87,90.03,3.6,TNP_0007,4,2016
2016-07-22 14:00:00+00:00,0.0,0.0,22.43,93.05,3.48,TNP_0007,4,2016
2016-07-22 15:00:00+00:00,0.0,0.0,22.14,94.47,3.69,TNP_0007,4,2016
2016-07-22 16:00:00+00:00,0.0,0.0,21.96,95.19,4.01,TNP_0007,4,2016
2016-07-22 17:00:00+00:00,0.0,0.0,21.84,95.54,3.99,TNP_0007,4,2016
2016-07-22 18:00:00+00:00,0.0,0.0,21.74,95.79,4.06,TNP_0007,4,2016
2016-07-22 19:00:00+00:00,0.0,0.0,21.64,96.01,4.13,TNP_0007,4,2016
2016-07-22 20:00:00+00:00,0.0,0.0,21.54,96.0,4.13,TNP_0007,4,2016
2016-07-22 21:00:00+00:00,0.0,0.0,21.4,96.25,3.93,TNP_0007,4,2016
2016-07-22 22:00:00+00:00,0.0,0.0,21.27,96.69,3.52,TNP_0007,4,2016
2016-07-22 23:00:00+00:00,0.0,0.0,21.15,97.12,3.19,TNP_0007,4,2016
2016-07-23 00:00:00+00:00,0.0,0.0,21.08,97.39,2.96,TNP_0007,4,2016
2016-07-23 01:00:00+00:00,56.15,99.32,21.95,94.31,3.8,TNP_0007,4,2016
2016-07-23 02:00:00+00:00,157.38,304.2,23.27,87.36,4.97,TNP_0007,4,2016
2016-07-23 03:00:00+00:00,292.98,525.95,25.03,76.04,5.99,TNP_0007,4,2016
2016-07-23 04:00:00+00:00,468.17,714.3,26.28,68.55,6.36,TNP_0007,4,2016
2016-07-23 05:00:00+00:00,499.02,841.6,27.17,64.2,6.53,TNP_0007,4,2016
2016-07-23 06:00:00+00:00,505.77,914.88,27.76,62.18,6.69,TNP_0007,4,2016
2016-07-23 07:00:00+00:00,530.22,916.95,27.93,61.6,6.79,TNP_0007,4,2016
2016-07-23 08:00:00+00:00,451.45,843.9,27.67,62.79,6.76,TNP_0007,4,2016
2016-07-23 09:00:00+00:00,405.0,710.8,27.22,64.72,6.7,TNP_0007,4,2016
2016-07-23 10:00:00+00:00,298.83,520.42,26.4,68.44,6.54,TNP_0007,4,2016
2016-07-23 11:00:00+00:00,163.82,299.25,25.33,74.25,6.13,TNP_0007,4,2016
2016-07-23 12:00:00+00:00,51.7,103.35,24.0,82.45,5.2,TNP_0007,4,2016
2016-07-23 13:00:00+00:00,0.0,0.0,22.76,90.91,4.39,TNP_0007,4,2016
2016-07-23 14:00:00+00:00,0.0,0.0,22.3,94.48,4.44,TNP_0007,4,2016
2016-07-23 15:00:00+00:00,0.0,0.0,22.22,95.37,4.5,TNP_0007,4,2016
2016-07-23 16:00:00+00:00,0.0,0.0,22.23,95.59,4.26,TNP_0007,4,2016
2016-07-23 17:00:00+00:00,0.0,0.0,22.17,95.77,4.02,TNP_0007,4,2016
2016-07-23 18:00:00+00:00,0.0,0.0,22.04,96.08,4.0,TNP_0007,4,2016
2016-07-23 19:00:00+00:00,0.0,0.0,21.91,96.2,4.08,TNP_0007,4,2016
2016-07-23 20:00:00+00:00,0.0,0.0,21.77,96.38,4.05,TNP_0007,4,2016
2016-07-23 21:00:00+00:00,0.0,0.0,21.63,96.64,3.58,TNP_0007,4,2016
2016-07-23 22:00:00+00:00,0.0,0.0,21.47,97.17,3.08,TNP_0007,4,2016
2016-07-23 23:00:00+00:00,0.0,0.0,21.43,97.38,2.85,TNP_0007,4,2016
2016-07-24 00:00:00+00:00,0.0,0.0,21.44,97.44,2.75,TNP_0007,4,2016
2016-07-24 01:00:00+00:00,55.67,92.22,22.35,94.74,3.57,TNP_0007,4,2016
2016-07-24 02:00:00+00:00,150.0,288.48,23.44,89.65,4.53,TNP_0007,4,2016
2016-07-24 03:00:00+00:00,258.1,510.92,24.76,81.12,5.42,TNP_0007,4,2016
2016-07-24 04:00:00+00:00,430.92,700.38,26.06,73.27,5.74,TNP_0007,4,2016
2016-07-24 05:00:00+00:00,550.55,839.1,26.78,69.3,5.89,TNP_0007,4,2016
2016-07-24 06:00:00+00:00,674.85,948.55,27.3,67.01,6.06,TNP_0007,4,2016
2016-07-24 07:00:00+00:00,590.97,943.67,27.64,65.22,6.23,TNP_0007,4,2016
2016-07-24 08:00:00+00:00,603.1,872.67,27.71,64.81,6.36,TNP_0007,4,2016
2016-07-24 09:00:00+00:00,474.67,731.38,27.56,65.22,6.31,TNP_0007,4,2016
2016-07-24 10:00:00+00:00,317.3,537.47,26.99,67.38,6.0,TNP_0007,4,2016
2016-07-24 11:00:00+00:00,165.62,314.25,25.85,72.77,5.26,TNP_0007,4,2016
2016-07-24 12:00:00+00:00,52.05,108.18,24.53,80.71,3.86,TNP_0007,4,2016
2016-07-24 13:00:00+00:00,0.0,0.0,23.3,89.33,2.83,TNP_0007,4,2016
2016-07-24 14:00:00+00:00,0.0,0.0,22.83,92.03,2.81,TNP_0007,4,2016
2016-07-24 15:00:00+00:00,0.0,0.0,22.53,93.78,2.39,TNP_0007,4,2016
2016-07-24 16:00:00+00:00,0.0,0.0,22.31,94.59,2.31,TNP_0007,4,2016
2016-07-24 17:00:00+00:00,0.0,0.0,22.04,95.4,2.33,TNP_0007,4,2016
2016-07-24 18:00:00+00:00,0.0,0.0,21.75,96.3,2.21,TNP_0007,4,2016
2016-07-24 19:00:00+00:00,0.0,0.0,21.49,96.9,2.03,TNP_0007,4,2016
2016-07-24 20:00:00+00:00,0.0,0.0,21.27,96.8,2.02,TNP_0007,4,2016
2016-07-24 21:00:00+00:00,0.0,0.0,21.03,97.23,1.77,TNP_0007,4,2016
2016-07-24 22:00:00+00:00,0.0,0.0,20.84,97.64,1.58,TNP_0007,4,2016
2016-07-24 23:00:00+00:00,0.0,0.0,20.73,97.91,1.5,TNP_0007,4,2016
2016-07-25 00:00:00+00:00,0.0,0.0,20.72,97.94,1.45,TNP_0007,4,2016
2016-07-25 01:00:00+00:00,62.15,106.97,21.78,94.7,1.88,TNP_0007,4,2016
2016-07-25 02:00:00+00:00,196.25,320.1,22.83,90.84,2.38,TNP_0007,4,2016
2016-07-25 03:00:00+00:00,363.4,543.03,24.1,84.43,2.96,TNP_0007,4,2016
2016-07-25 04:00:00+00:00,512.92,732.35,25.23,78.08,3.4,TNP_0007,4,2016
2016-07-25 05:00:00+00:00,630.88,867.03,26.14,72.94,3.71,TNP_0007,4,2016
2016-07-25 06:00:00+00:00,750.78,947.4,26.93,69.11,3.91,TNP_0007,4,2016
2016-07-25 07:00:00+00:00,640.45,943.9,27.61,66.19,4.08,TNP_0007,4,2016
2016-07-25 08:00:00+00:00,601.17,865.47,28.05,64.22,4.23,TNP_0007,4,2016
2016-07-25 09:00:00+00:00,511.73,729.5,27.79,65.12,4.45,TNP_0007,4,2016
2016-07-25 10:00:00+00:00,403.85,539.38,26.94,69.39,4.64,TNP_0007,4,2016
2016-07-25 11:00:00+00:00,215.02,315.88,25.72,76.22,4.53,TNP_0007,4,2016
2016-07-25 12:00:00+00:00,72.8,106.4,24.44,84.55,3.82,TNP_0007,4,2016
2016-07-25 13:00:00+00:00,0.0,0.0,23.33,91.82,3.02,TNP_0007,4,2016
2016-07-25 14:00:00+00:00,0.0,0.0,22.92,94.26,3.01,TNP_0007,4,2016
2016-07-25 15:00:00+00:00,0.0,0.0,22.71,95.3,2.86,TNP_0007,4,2016
2016-07-25 16:00:00+00:00,0.0,0.0,22.61,95.42,2.56,TNP_0007,4,2016
2016-07-25 17:00:00+00:00,0.0,0.0,22.44,95.63,2.55,TNP_0007,4,2016
2016-07-25 18:00:00+00:00,0.0,0.0,22.22,95.92,2.4,TNP_0007,4,2016
2016-07-25 19:00:00+00:00,0.0,0.0,21.99,96.2,2.28,TNP_0007,4,2016
2016-07-25 20:00:00+00:00,0.0,0.0,21.76,96.28,2.26,TNP_0007,4,2016
2016-07-25 21:00:00+00:00,0.0,0.0,21.49,96.67,1.73,TNP_0007,4,2016
2016-07-25 22:00:00+00:00,0.0,0.0,21.28,96.84,1.43,TNP_0007,4,2016
2016-07-25 23:00:00+00:00,0.0,0.0,21.08,97.16,1.14,TNP_0007,4,2016
2016-07-26 00:00:00+00:00,0.0,0.0,20.98,97.26,0.98,TNP_0007,4,2016
2016-07-26 01:00:00+00:00,66.22,103.1,21.58,94.6,1.44,TNP_0007,4,2016
2016-07-26 02:00:00+00:00,197.3,314.58,22.4,90.91,1.83,TNP_0007,4,2016
2016-07-26 03:00:00+00:00,372.38,538.85,23.88,82.31,2.15,TNP_0007,4,2016
2016-07-26 04:00:00+00:00,542.8,731.3,25.28,73.95,2.53,TNP_0007,4,2016
2016-07-26 05:00:00+00:00,615.47,869.92,26.36,69.04,2.84,TNP_0007,4,2016
2016-07-26 06:00:00+00:00,718.58,942.95,26.96,67.06,2.86,TNP_0007,4,2016
2016-07-26 07:00:00+00:00,661.9,942.78,27.17,66.95,2.81,TNP_0007,4,2016
2016-07-26 08:00:00+00:00,551.95,870.65,26.87,68.56,2.47,TNP_0007,4,2016
2016-07-26 09:00:00+00:00,404.0,733.1,26.33,71.89,2.16,TNP_0007,4,2016
2016-07-26 10:00:00+00:00,262.0,541.6,25.59,76.92,2.38,TNP_0007,4,2016
2016-07-26 11:00:00+00:00,159.5,317.7,24.92,82.22,2.65,TNP_0007,4,2016
2016-07-26 12:00:00+00:00,53.58,107.15,24.13,88.82,2.2,TNP_0007,4,2016
2016-07-26 13:00:00+00:00,0.0,0.0,23.3,95.0,1.7,TNP_0007,4,2016
2016-07-26 14:00:00+00:00,0.0,0.0,23.03,96.26,1.74,TNP_0007,4,2016
2016-07-26 15:00:00+00:00,0.0,0.0,22.84,96.84,1.91,TNP_0007,4,2016
2016-07-26 16:00:00+00:00,0.0,0.0,22.66,97.06,2.12,TNP_0007,4,2016
2016-07-26 17:00:00+00:00,0.0,0.0,22.46,96.65,2.54,TNP_0007,4,2016
2016-07-26 18:00:00+00:00,0.0,0.0,22.15,96.02,3.07,TNP_0007,4,2016
2016-07-26 19:00:00+00:00,0.0,0.0,21.84,96.14,2.92,TNP_0007,4,2016
2016-07-26 20:00:00+00:00,0.0,0.0,21.58,96.17,2.53,TNP_0007,4,2016
2016-07-26 21:00:00+00:00,0.0,0.0,21.33,96.69,1.93,TNP_0007,4,2016
2016-07-26 22:00:00+00:00,0.0,0.0,21.12,97.23,1.54,TNP_0007,4,2016
2016-07-26 23:00:00+00:00,0.0,0.0,20.95,97.5,1.47,TNP_0007,4,2016
2016-07-27 00:00:00+00:00,0.0,0.0,20.86,97.42,1.34,TNP_0007,4,2016
2016-07-27 01:00:00+00:00,72.03,101.57,21.75,94.02,1.64,TNP_0007,4,2016
2016-07-27 02:00:00+00:00,195.05,311.98,22.82,87.99,1.87,TNP_0007,4,2016
2016-07-27 03:00:00+00:00,329.73,530.6,24.39,78.51,2.33,TNP_0007,4,2016
2016-07-27 04:00:00+00:00,393.73,722.42,26.0,70.17,2.47,TNP_0007,4,2016
2016-07-27 05:00:00+00:00,532.12,863.0,27.3,64.98,2.47,TNP_0007,4,2016
2016-07-27 06:00:00+00:00,700.72,925.38,27.99,62.85,2.6,TNP_0007,4,2016
2016-07-27 07:00:00+00:00,666.15,921.1,28.05,63.1,2.85,TNP_0007,4,2016
2016-07-27 08:00:00+00:00,618.05,844.78,27.63,65.19,3.13,TNP_0007,4,2016
2016-07-27 09:00:00+00:00,509.45,708.6,27.15,67.81,3.49,TNP_0007,4,2016
2016-07-27 10:00:00+00:00,333.77,511.77,26.37,72.17,3.72,TNP_0007,4,2016
2016-07-27 11:00:00+00:00,188.25,294.6,25.43,77.75,3.64,TNP_0007,4,2016
2016-07-27 12:00:00+00:00,70.18,95.75,24.3,85.48,2.98,TNP_0007,4,2016
2016-07-27 13:00:00+00:00,0.0,0.0,23.24,92.12,2.58,TNP_0007,4,2016
2016-07-27 14:00:00+00:00,0.0,0.0,22.72,94.12,2.92,TNP_0007,4,2016
2016-07-27 15:00:00+00:00,0.0,0.0,22.26,95.06,3.04,TNP_0007,4,2016
2016-07-27 16:00:00+00:00,0.0,0.0,21.87,95.55,2.89,TNP_0007,4,2016
2016-07-27 17:00:00+00:00,0.0,0.0,21.54,95.72,2.66,TNP_0007,4,2016
2016-07-27 18:00:00+00:00,0.0,0.0,21.26,95.78,2.28,TNP_0007,4,2016
2016-07-27 19:00:00+00:00,0.0,0.0,21.01,95.81,1.9,TNP_0007,4,2016
2016-07-27 20:00:00+00:00,0.0,0.0,20.77,96.13,1.47,TNP_0007,4,2016
2016-07-27 21:00:00+00:00,0.0,0.0,20.5,96.76,1.05,TNP_0007,4,2016
2016-07-27 22:00:00+00:00,0.0,0.0,20.38,96.6,0.76,TNP_0007,4,2016
2016-07-27 23:00:00+00:00,0.0,0.0,20.62,96.03,0.57,TNP_0007,4,2016
2016-07-28 00:00:00+00:00,0.0,0.0,20.87,94.94,0.83,TNP_0007,4,2016
2016-07-28 01:00:00+00:00,73.1,100.75,21.43,93.21,1.51,TNP_0007,4,2016
2016-07-28 02:00:00+00:00,245.73,312.77,22.69,86.7,2.2,TNP_0007,4,2016
2016-07-28 03:00:00+00:00,389.12,530.75,25.05,75.14,2.65,TNP_0007,4,2016
2016-07-28 04:00:00+00:00,504.33,727.38,27.13,65.67,2.63,TNP_0007,4,2016
2016-07-28 05:00:00+00:00,597.2,865.22,28.66,60.79,2.37,TNP_0007,4,2016
2016-07-28 06:00:00+00:00,693.45,960.9,29.72,58.39,2.5,TNP_0007,4,2016
2016-07-28 07:00:00+00:00,598.9,952.53,29.9,58.42,2.85,TNP_0007,4,2016
2016-07-28 08:00:00+00:00,501.5,867.28,29.35,60.85,2.98,TNP_0007,4,2016
2016-07-28 09:00:00+00:00,642.83,717.62,28.23,66.28,3.17,TNP_0007,4,2016
2016-07-28 10:00:00+00:00,388.65,525.58,26.98,73.07,3.66,TNP_0007,4,2016
2016-07-28 11:00:00+00:00,185.93,304.65,25.86,80.07,3.83,TNP_0007,4,2016
2016-07-28 12:00:00+00:00,56.92,99.4,24.68,87.86,3.14,TNP_0007,4,2016
2016-07-28 13:00:00+00:00,0.0,0.0,23.63,93.07,2.8,TNP_0007,4,2016
2016-07-28 14:00:00+00:00,0.0,0.0,23.08,94.44,2.84,TNP_0007,4,2016
2016-07-28 15:00:00+00:00,0.0,0.0,22.61,95.36,2.54,TNP_0007,4,2016
2016-07-28 16:00:00+00:00,0.0,0.0,22.22,95.94,2.26,TNP_0007,4,2016
2016-07-28 17:00:00+00:00,0.0,0.0,21.88,96.56,2.18,TNP_0007,4,2016
2016-07-28 18:00:00+00:00,0.0,0.0,21.61,96.76,2.34,TNP_0007,4,2016
2016-07-28 19:00:00+00:00,0.0,0.0,21.38,96.86,2.57,TNP_0007,4,2016
2016-07-28 20:00:00+00:00,0.0,0.0,21.16,96.78,2.7,TNP_0007,4,2016
2016-07-28 21:00:00+00:00,0.0,0.0,20.97,96.94,2.66,TNP_0007,4,2016
2016-07-28 22:00:00+00:00,0.0,0.0,20.87,97.0,2.44,TNP_0007,4,2016
2016-07-28 23:00:00+00:00,0.0,0.0,20.76,97.3,2.27,TNP_0007,4,2016
2016-07-29 00:00:00+00:00,0.0,0.0,20.71,97.45,2.21,TNP_0007,4,2016
2016-07-29 01:00:00+00:00,49.08,91.45,21.43,95.4,2.99,TNP_0007,4,2016
2016-07-29 02:00:00+00:00,156.9,292.85,22.56,91.24,3.88,TNP_0007,4,2016
2016-07-29 03:00:00+00:00,288.55,517.33,24.05,82.77,4.66,TNP_0007,4,2016
2016-07-29 04:00:00+00:00,440.7,714.1,25.56,73.81,4.95,TNP_0007,4,2016
2016-07-29 05:00:00+00:00,528.72,857.55,26.66,68.32,5.06,TNP_0007,4,2016
2016-07-29 06:00:00+00:00,671.1,932.5,27.41,65.49,5.15,TNP_0007,4,2016
2016-07-29 07:00:00+00:00,645.55,928.0,27.84,64.22,5.2,TNP_0007,4,2016
2016-07-29 08:00:00+00:00,577.55,850.55,27.82,64.64,5.21,TNP_0007,4,2016
2016-07-29 09:00:00+00:00,571.62,706.72,27.41,66.41,5.11,TNP_0007,4,2016
2016-07-29 10:00:00+00:00,372.45,506.83,26.81,69.28,4.79,TNP_0007,4,2016
2016-07-29 11:00:00+00:00,215.8,282.8,25.98,73.89,4.2,TNP_0007,4,2016
2016-07-29 12:00:00+00:00,72.95,89.43,24.75,81.98,2.93,TNP_0007,4,2016
2016-07-29 13:00:00+00:00,0.0,0.0,23.32,90.6,2.1,TNP_0007,4,2016
2016-07-29 14:00:00+00:00,0.0,0.0,22.82,92.97,2.08,TNP_0007,4,2016
2016-07-29 15:00:00+00:00,0.0,0.0,22.45,94.43,2.19,TNP_0007,4,2016
2016-07-29 16:00:00+00:00,0.0,0.0,22.08,95.88,2.22,TNP_0007,4,2016
2016-07-29 17:00:00+00:00,0.0,0.0,21.8,96.85,2.32,TNP_0007,4,2016
2016-07-29 18:00:00+00:00,0.0,0.0,21.56,97.24,2.46,TNP_0007,4,2016
2016-07-29 19:00:00+00:00,0.0,0.0,21.31,97.38,2.51,TNP_0007,4,2016
2016-07-29 20:00:00+00:00,0.0,0.0,21.0,97.63,2.56,TNP_0007,4,2016
2016-07-29 21:00:00+00:00,0.0,0.0,20.66,97.27,2.68,TNP_0007,4,2016
2016-07-29 22:00:00+00:00,0.0,0.0,20.34,97.32,2.75,TNP_0007,4,2016
2016-07-29 23:00:00+00:00,0.0,0.0,20.14,97.21,2.84,TNP_0007,4,2016
2016-07-30 00:00:00+00:00,0.0,0.0,20.01,97.22,2.9,TNP_0007,4,2016
2016-07-30 01:00:00+00:00,72.7,94.3,20.95,94.03,3.8,TNP_0007,4,2016
2016-07-30 02:00:00+00:00,215.35,302.88,22.48,86.97,4.52,TNP_0007,4,2016
2016-07-30 03:00:00+00:00,366.88,530.95,24.42,76.43,5.14,TNP_0007,4,2016
2016-07-30 04:00:00+00:00,482.88,725.5,25.86,69.48,5.48,TNP_0007,4,2016
2016-07-30 05:00:00+00:00,621.17,865.88,26.87,65.62,5.55,TNP_0007,4,2016
2016-07-30 06:00:00+00:00,716.05,947.2,27.65,63.09,5.57,TNP_0007,4,2016
2016-07-30 07:00:00+00:00,662.72,940.8,28.09,61.76,5.66,TNP_0007,4,2016
2016-07-30 08:00:00+00:00,609.85,855.2,27.99,62.04,5.77,TNP_0007,4,2016
2016-07-30 09:00:00+00:00,539.95,712.3,27.42,63.95,5.73,TNP_0007,4,2016
2016-07-30 10:00:00+00:00,357.17,513.7,26.55,67.08,5.59,TNP_0007,4,2016
2016-07-30 11:00:00+00:00,208.3,292.23,25.43,72.76,5.02,TNP_0007,4,2016
2016-07-30 12:00:00+00:00,70.2,94.28,24.02,81.81,3.8,TNP_0007,4,2016
2016-07-30 13:00:00+00:00,0.0,0.0,22.68,90.78,2.8,TNP_0007,4,2016
2016-07-30 14:00:00+00:00,0.0,0.0,22.14,93.94,2.71,TNP_0007,4,2016
2016-07-30 15:00:00+00:00,0.0,0.0,21.72,96.11,2.58,TNP_0007,4,2016
2016-07-30 16:00:00+00:00,0.0,0.0,21.39,97.39,2.53,TNP_0007,4,2016
2016-07-30 17:00:00+00:00,0.0,0.0,21.16,97.81,2.69,TNP_0007,4,2016
2016-07-30 18:00:00+00:00,0.0,0.0,20.93,97.82,2.99,TNP_0007,4,2016
2016-07-30 19:00:00+00:00,0.0,0.0,20.66,97.89,3.11,TNP_0007,4,2016
2016-07-30 20:00:00+00:00,0.0,0.0,20.4,97.9,3.21,TNP_0007,4,2016
2016-07-30 21:00:00+00:00,0.0,0.0,20.13,98.04,3.22,TNP_0007,4,2016
2016-07-30 22:00:00+00:00,0.0,0.0,19.96,97.98,3.37,TNP_0007,4,2016
2016-07-30 23:00:00+00:00,0.0,0.0,19.92,97.77,3.68,TNP_0007,4,2016
2016-07-31 00:00:00+00:00,0.0,0.0,19.97,97.56,3.77,TNP_0007,4,2016
2016-07-31 01:00:00+00:00,69.3,98.9,21.02,94.94,4.42,TNP_0007,4,2016
2016-07-31 02:00:00+00:00,224.95,314.4,22.74,87.89,5.33,TNP_0007,4,2016
2016-07-31 03:00:00+00:00,385.45,540.55,24.87,76.13,6.03,TNP_0007,4,2016
2016-07-31 04:00:00+00:00,569.4,739.12,26.7,68.23,6.38,TNP_0007,4,2016
2016-07-31 05:00:00+00:00,679.72,879.62,27.95,64.0,6.48,TNP_0007,4,2016
2016-07-31 06:00:00+00:00,786.05,954.38,28.76,61.29,6.51,TNP_0007,4,2016
2016-07-31 07:00:00+00:00,643.22,953.12,29.05,60.26,6.56,TNP_0007,4,2016
2016-07-31 08:00:00+00:00,644.2,880.15,28.92,60.44,6.53,TNP_0007,4,2016
2016-07-31 09:00:00+00:00,551.33,744.22,28.54,61.25,6.47,TNP_0007,4,2016
2016-07-31 10:00:00+00:00,381.55,547.3,27.9,62.88,6.3,TNP_0007,4,2016
2016-07-31 11:00:00+00:00,223.68,321.12,26.82,67.0,5.82,TNP_0007,4,2016
2016-07-31 12:00:00+00:00,82.1,108.88,25.19,76.21,4.42,TNP_0007,4,2016
2016-07-31 13:00:00+00:00,0.0,0.0,23.33,88.08,3.05,TNP_0007,4,2016
2016-07-31 14:00:00+00:00,0.0,0.0,22.65,92.74,3.17,TNP_0007,4,2016
2016-07-31 15:00:00+00:00,0.0,0.0,22.14,95.59,3.21,TNP_0007,4,2016
2016-07-31 16:00:00+00:00,0.0,0.0,21.76,96.96,3.05,TNP_0007,4,2016
2016-07-31 17:00:00+00:00,0.0,0.0,21.49,97.33,3.17,TNP_0007,4,2016
2016-07-31 18:00:00+00:00,0.0,0.0,21.3,97.21,3.42,TNP_0007,4,2016
2016-07-31 19:00:00+00:00,0.0,0.0,21.15,97.18,3.57,TNP_0007,4,2016
2016-07-31 20:00:00+00:00,0.0,0.0,21.08,97.09,3.96,TNP_0007,4,2016
2016-07-31 21:00:00+00:00,0.0,0.0,21.07,96.91,4.27,TNP_0007,4,2016
2016-07-31 22:00:00+00:00,0.0,0.0,20.99,97.01,4.22,TNP_0007,4,2016
2016-07-31 23:00:00+00:00,0.0,0.0,20.91,97.09,4.05,TNP_0007,4,2016
2016-08-01 00:00:00+00:00,0.0,0.0,20.89,97.02,4.02,TNP_0007,4,2016
2016-08-01 01:00:00+00:00,68.53,102.18,21.68,94.98,4.6,TNP_0007,4,2016
2016-08-01 02:00:00+00:00,205.68,317.48,23.04,89.73,5.7,TNP_0007,4,2016
2016-08-01 03:00:00+00:00,358.75,545.45,24.94,79.28,6.9,TNP_0007,4,2016
2016-08-01 04:00:00+00:00,529.03,740.15,26.57,70.94,7.42,TNP_0007,4,2016
2016-08-01 05:00:00+00:00,649.83,876.97,27.62,66.36,7.67,TNP_0007,4,2016
2016-08-01 06:00:00+00:00,692.08,933.38,28.1,64.56,7.79,TNP_0007,4,2016
2016-08-01 07:00:00+00:00,652.03,930.35,28.08,64.74,7.79,TNP_0007,4,2016
2016-08-01 08:00:00+00:00,561.38,864.88,27.89,65.46,7.73,TNP_0007,4,2016
2016-08-01 09:00:00+00:00,422.52,728.15,27.41,66.92,7.64,TNP_0007,4,2016
2016-08-01 10:00:00+00:00,268.9,537.97,26.67,69.28,7.46,TNP_0007,4,2016
2016-08-01 11:00:00+00:00,160.15,315.92,25.59,74.32,6.8,TNP_0007,4,2016
2016-08-01 12:00:00+00:00,56.3,105.57,24.2,82.53,5.72,TNP_0007,4,2016
2016-08-01 13:00:00+00:00,0.0,0.0,22.96,89.37,5.09,TNP_0007,4,2016
2016-08-01 14:00:00+00:00,0.0,0.0,22.34,91.82,4.99,TNP_0007,4,2016
2016-08-01 15:00:00+00:00,0.0,0.0,21.87,93.06,4.63,TNP_0007,4,2016
2016-08-01 16:00:00+00:00,0.0,0.0,21.49,93.87,4.4,TNP_0007,4,2016
2016-08-01 17:00:00+00:00,0.0,0.0,21.21,94.39,4.39,TNP_0007,4,2016
2016-08-01 18:00:00+00:00,0.0,0.0,20.99,95.05,4.23,TNP_0007,4,2016
2016-08-01 19:00:00+00:00,0.0,0.0,20.85,95.71,4.1,TNP_0007,4,2016
2016-08-01 20:00:00+00:00,0.0,0.0,20.8,96.18,4.01,TNP_0007,4,2016
2016-08-01 21:00:00+00:00,0.0,0.0,20.77,96.67,3.91,TNP_0007,4,2016
2016-08-01 22:00:00+00:00,0.0,0.0,20.69,97.32,3.92,TNP_0007,4,2016
2016-08-01 23:00:00+00:00,0.0,0.0,20.67,97.63,4.05,TNP_0007,4,2016
2016-08-02 00:00:00+00:00,0.0,0.0,20.69,97.59,4.17,TNP_0007,4,2016
2016-08-02 01:00:00+00:00,64.38,117.28,21.69,94.53,5.06,TNP_0007,4,2016
2016-08-02 02:00:00+00:00,213.2,345.62,23.21,87.29,6.5,TNP_0007,4,2016
2016-08-02 03:00:00+00:00,399.12,577.38,25.14,76.75,7.56,TNP_0007,4,2016
2016-08-02 04:00:00+00:00,564.88,773.22,26.88,68.86,8.05,TNP_0007,4,2016
2016-08-02 05:00:00+00:00,631.03,910.05,27.92,65.02,8.39,TNP_0007,4,2016
2016-08-02 06:00:00+00:00,667.67,948.28,28.4,62.96,8.65,TNP_0007,4,2016
2016-08-02 07:00:00+00:00,572.67,946.4,28.38,62.56,8.75,TNP_0007,4,2016
2016-08-02 08:00:00+00:00,572.92,876.08,27.98,63.08,8.63,TNP_0007,4,2016
2016-08-02 09:00:00+00:00,456.67,739.22,27.18,64.86,8.51,TNP_0007,4,2016
2016-08-02 10:00:00+00:00,318.2,547.8,26.11,68.0,8.24,TNP_0007,4,2016
2016-08-02 11:00:00+00:00,189.68,322.65,24.86,73.63,7.45,TNP_0007,4,2016
2016-08-02 12:00:00+00:00,62.0,107.12,23.55,81.53,6.24,TNP_0007,4,2016
2016-08-02 13:00:00+00:00,0.0,0.0,22.4,88.5,5.34,TNP_0007,4,2016
2016-08-02 14:00:00+00:00,0.0,0.0,21.88,91.92,5.14,TNP_0007,4,2016
2016-08-02 15:00:00+00:00,0.0,0.0,21.63,93.72,5.2,TNP_0007,4,2016
2016-08-02 16:00:00+00:00,0.0,0.0,21.54,94.43,5.29,TNP_0007,4,2016
2016-08-02 17:00:00+00:00,0.0,0.0,21.47,94.77,5.23,TNP_0007,4,2016
2016-08-02 18:00:00+00:00,0.0,0.0,21.36,95.26,5.34,TNP_0007,4,2016
2016-08-02 19:00:00+00:00,0.0,0.0,21.28,95.65,5.59,TNP_0007,4,2016
2016-08-02 20:00:00+00:00,0.0,0.0,21.23,95.98,5.8,TNP_0007,4,2016
2016-08-02 21:00:00+00:00,0.0,0.0,21.24,95.98,5.98,TNP_0007,4,2016
2016-08-02 22:00:00+00:00,0.0,0.0,21.26,96.09,6.03,TNP_0007,4,2016
2016-08-02 23:00:00+00:00,0.0,0.0,21.3,96.23,6.12,TNP_0007,4,2016
2016-08-03 00:00:00+00:00,0.0,0.0,21.38,96.04,6.35,TNP_0007,4,2016
2016-08-03 01:00:00+00:00,61.55,105.95,22.04,93.94,6.78,TNP_0007,4,2016
2016-08-03 02:00:00+00:00,201.82,328.8,23.32,87.98,7.54,TNP_0007,4,2016
2016-08-03 03:00:00+00:00,380.95,558.22,24.97,78.37,8.61,TNP_0007,4,2016
2016-08-03 04:00:00+00:00,450.88,755.22,26.45,71.06,9.19,TNP_0007,4,2016
2016-08-03 05:00:00+00:00,606.2,892.38,27.39,66.84,9.49,TNP_0007,4,2016
2016-08-03 06:00:00+00:00,607.72,945.97,27.89,64.51,9.62,TNP_0007,4,2016
2016-08-03 07:00:00+00:00,754.3,954.0,27.94,63.8,9.62,TNP_0007,4,2016
2016-08-03 08:00:00+00:00,568.0,879.7,27.66,64.39,9.47,TNP_0007,4,2016
2016-08-03 09:00:00+00:00,553.6,746.1,27.21,66.15,9.08,TNP_0007,4,2016
2016-08-03 10:00:00+00:00,396.05,552.17,26.5,69.44,8.56,TNP_0007,4,2016
2016-08-03 11:00:00+00:00,220.77,328.1,25.51,73.75,7.83,TNP_0007,4,2016
2016-08-03 12:00:00+00:00,71.47,107.6,24.18,80.67,6.24,TNP_0007,4,2016
2016-08-03 13:00:00+00:00,0.0,0.0,22.82,88.42,5.06,TNP_0007,4,2016
2016-08-03 14:00:00+00:00,0.0,0.0,22.23,91.89,4.69,TNP_0007,4,2016
2016-08-03 15:00:00+00:00,0.0,0.0,21.93,93.55,4.33,TNP_0007,4,2016
2016-08-03 16:00:00+00:00,0.0,0.0,21.78,94.46,4.14,TNP_0007,4,2016
2016-08-03 17:00:00+00:00,0.0,0.0,21.69,95.23,4.03,TNP_0007,4,2016
2016-08-03 18:00:00+00:00,0.0,0.0,21.63,95.71,4.01,TNP_0007,4,2016
2016-08-03 19:00:00+00:00,0.0,0.0,21.54,96.28,3.98,TNP_0007,4,2016
2016-08-03 20:00:00+00:00,0.0,0.0,21.5,96.32,4.14,TNP_0007,4,2016
2016-08-03 21:00:00+00:00,0.0,0.0,21.49,96.1,4.32,TNP_0007,4,2016
2016-08-03 22:00:00+00:00,0.0,0.0,21.44,95.98,4.34,TNP_0007,4,2016
2016-08-03 23:00:00+00:00,0.0,0.0,21.38,95.95,4.37,TNP_0007,4,2016
2016-08-04 00:00:00+00:00,0.0,0.0,21.36,95.81,4.5,TNP_0007,4,2016
2016-08-04 01:00:00+00:00,60.62,101.35,22.06,93.29,4.88,TNP_0007,4,2016
2016-08-04 02:00:00+00:00,205.02,316.42,23.47,86.41,5.93,TNP_0007,4,2016
2016-08-04 03:00:00+00:00,377.65,541.78,25.31,76.25,7.31,TNP_0007,4,2016
2016-08-04 04:00:00+00:00,536.97,735.45,26.78,68.89,8.04,TNP_0007,4,2016
2016-08-04 05:00:00+00:00,645.65,872.67,27.48,65.56,8.42,TNP_0007,4,2016
2016-08-04 06:00:00+00:00,730.2,939.05,27.64,64.63,8.49,TNP_0007,4,2016
2016-08-04 07:00:00+00:00,655.1,940.97,27.64,64.56,8.45,TNP_0007,4,2016
2016-08-04 08:00:00+00:00,547.15,870.0,27.39,65.46,8.4,TNP_0007,4,2016
2016-08-04 09:00:00+00:00,478.12,736.1,27.04,66.7,8.26,TNP_0007,4,2016
2016-08-04 10:00:00+00:00,357.55,547.08,26.58,68.53,8.0,TNP_0007,4,2016
2016-08-04 11:00:00+00:00,197.7,319.25,25.76,71.96,7.38,TNP_0007,4,2016
2016-08-04 12:00:00+00:00,65.93,103.15,24.43,78.97,6.03,TNP_0007,4,2016
2016-08-04 13:00:00+00:00,0.0,0.0,23.02,86.91,5.17,TNP_0007,4,2016
2016-08-04 14:00:00+00:00,0.0,0.0,22.46,90.41,5.05,TNP_0007,4,2016
2016-08-04 15:00:00+00:00,0.0,0.0,22.13,92.18,4.91,TNP_0007,4,2016
2016-08-04 16:00:00+00:00,0.0,0.0,21.91,93.17,4.73,TNP_0007,4,2016
2016-08-04 17:00:00+00:00,0.0,0.0,21.81,93.85,4.71,TNP_0007,4,2016
2016-08-04 18:00:00+00:00,0.0,0.0,21.79,94.26,4.84,TNP_0007,4,2016
2016-08-04 19:00:00+00:00,0.0,0.0,21.75,94.42,4.9,TNP_0007,4,2016
2016-08-04 20:00:00+00:00,0.0,0.0,21.69,94.41,5.16,TNP_0007,4,2016
2016-08-04 21:00:00+00:00,0.0,0.0,21.61,94.37,5.12,TNP_0007,4,2016
2016-08-04 22:00:00+00:00,0.0,0.0,21.48,94.28,4.99,TNP_0007,4,2016
2016-08-04 23:00:00+00:00,0.0,0.0,21.36,94.3,4.74,TNP_0007,4,2016
2016-08-05 00:00:00+00:00,0.0,0.0,21.26,94.35,4.47,TNP_0007,4,2016
2016-08-05 01:00:00+00:00,45.95,107.43,21.83,92.28,4.75,TNP_0007,4,2016
2016-08-05 02:00:00+00:00,143.7,328.23,22.94,87.67,5.22,TNP_0007,4,2016
2016-08-05 03:00:00+00:00,263.05,559.83,24.31,80.44,5.99,TNP_0007,4,2016
2016-08-05 04:00:00+00:00,397.33,750.47,25.56,73.36,6.66,TNP_0007,4,2016
2016-08-05 05:00:00+00:00,436.3,885.5,26.47,68.76,7.13,TNP_0007,4,2016
2016-08-05 06:00:00+00:00,485.58,899.08,26.96,66.93,7.38,TNP_0007,4,2016
2016-08-05 07:00:00+00:00,365.5,899.05,26.99,67.26,7.55,TNP_0007,4,2016
2016-08-05 08:00:00+00:00,361.25,816.08,26.83,68.27,7.56,TNP_0007,4,2016
2016-08-05 09:00:00+00:00,327.85,683.75,26.64,69.11,7.55,TNP_0007,4,2016
2016-08-05 10:00:00+00:00,201.77,496.23,26.19,70.74,7.43,TNP_0007,4,2016
2016-08-05 11:00:00+00:00,132.3,282.3,25.33,74.45,7.1,TNP_0007,4,2016
2016-08-05 12:00:00+00:00,29.7,91.2,24.03,81.55,5.98,TNP_0007,4,2016
2016-08-05 13:00:00+00:00,0.0,0.0,22.8,88.83,4.7,TNP_0007,4,2016
2016-08-05 14:00:00+00:00,0.0,0.0,22.29,92.11,4.24,TNP_0007,4,2016
2016-08-05 15:00:00+00:00,0.0,0.0,21.99,93.8,4.44,TNP_0007,4,2016
2016-08-05 16:00:00+00:00,0.0,0.0,21.81,94.62,4.56,TNP_0007,4,2016
2016-08-05 17:00:00+00:00,0.0,0.0,21.7,95.36,4.39,TNP_0007,4,2016
2016-08-05 18:00:00+00:00,0.0,0.0,21.69,95.89,4.42,TNP_0007,4,2016
2016-08-05 19:00:00+00:00,0.0,0.0,21.7,96.09,4.59,TNP_0007,4,2016
2016-08-05 20:00:00+00:00,0.0,0.0,21.68,96.12,4.8,TNP_0007,4,2016
2016-08-05 21:00:00+00:00,0.0,0.0,21.63,96.02,4.9,TNP_0007,4,2016
2016-08-05 22:00:00+00:00,0.0,0.0,21.55,96.02,4.93,TNP_0007,4,2016
2016-08-05 23:00:00+00:00,0.0,0.0,21.45,96.07,4.82,TNP_0007,4,2016
2016-08-06 00:00:00+00:00,0.0,0.0,21.38,96.11,4.75,TNP_0007,4,2016
2016-08-06 01:00:00+00:00,66.28,104.57,21.99,94.17,5.2,TNP_0007,4,2016
2016-08-06 02:00:00+00:00,190.27,323.75,23.18,88.38,6.09,TNP_0007,4,2016
2016-08-06 03:00:00+00:00,371.98,555.0,24.77,78.48,6.96,TNP_0007,4,2016
2016-08-06 04:00:00+00:00,486.38,750.78,26.3,70.26,7.24,TNP_0007,4,2016
2016-08-06 05:00:00+00:00,703.3,892.92,27.41,65.23,7.46,TNP_0007,4,2016
2016-08-06 06:00:00+00:00,796.12,974.8,28.04,62.63,7.6,TNP_0007,4,2016
2016-08-06 07:00:00+00:00,753.6,973.62,28.28,62.1,7.48,TNP_0007,4,2016
2016-08-06 08:00:00+00:00,695.95,895.92,28.12,62.67,7.35,TNP_0007,4,2016
2016-08-06 09:00:00+00:00,548.88,740.47,27.68,64.35,7.22,TNP_0007,4,2016
2016-08-06 10:00:00+00:00,377.33,536.88,27.07,66.94,6.93,TNP_0007,4,2016
2016-08-06 11:00:00+00:00,228.77,315.27,26.08,71.56,6.4,TNP_0007,4,2016
2016-08-06 12:00:00+00:00,79.35,101.82,24.64,79.49,5.15,TNP_0007,4,2016
2016-08-06 13:00:00+00:00,0.0,0.0,23.2,87.53,4.13,TNP_0007,4,2016
2016-08-06 14:00:00+00:00,0.0,0.0,22.52,91.41,3.83,TNP_0007,4,2016
2016-08-06 15:00:00+00:00,0.0,0.0,22.08,93.67,3.67,TNP_0007,4,2016
2016-08-06 16:00:00+00:00,0.0,0.0,21.71,95.51,3.15,TNP_0007,4,2016
2016-08-06 17:00:00+00:00,0.0,0.0,21.46,96.7,2.77,TNP_0007,4,2016
2016-08-06 18:00:00+00:00,0.0,0.0,21.38,96.76,3.01,TNP_0007,4,2016
2016-08-06 19:00:00+00:00,0.0,0.0,21.35,96.48,3.45,TNP_0007,4,2016
2016-08-06 20:00:00+00:00,0.0,0.0,21.33,96.28,3.57,TNP_0007,4,2016
2016-08-06 21:00:00+00:00,0.0,0.0,21.19,96.73,3.4,TNP_0007,4,2016
2016-08-06 22:00:00+00:00,0.0,0.0,21.11,96.93,3.48,TNP_0007,4,2016
2016-08-06 23:00:00+00:00,0.0,0.0,21.04,97.27,3.46,TNP_0007,4,2016
2016-08-07 00:00:00+00:00,0.0,0.0,21.0,97.57,3.43,TNP_0007,4,2016
2016-08-07 01:00:00+00:00,65.8,104.47,22.04,94.04,4.31,TNP_0007,4,2016
2016-08-07 02:00:00+00:00,179.2,323.98,23.57,86.32,5.83,TNP_0007,4,2016
2016-08-07 03:00:00+00:00,352.42,558.15,25.38,76.18,6.85,TNP_0007,4,2016
2016-08-07 04:00:00+00:00,458.67,753.4,26.72,69.61,7.07,TNP_0007,4,2016
2016-08-07 05:00:00+00:00,552.12,893.9,27.67,65.82,7.05,TNP_0007,4,2016
2016-08-07 06:00:00+00:00,641.08,964.38,28.54,62.73,6.99,TNP_0007,4,2016
2016-08-07 07:00:00+00:00,623.28,963.45,29.03,61.08,7.08,TNP_0007,4,2016
2016-08-07 08:00:00+00:00,546.38,889.97,28.93,61.43,7.28,TNP_0007,4,2016
2016-08-07 09:00:00+00:00,470.42,749.62,28.47,62.79,7.57,TNP_0007,4,2016
2016-08-07 10:00:00+00:00,347.62,555.53,27.74,65.11,7.53,TNP_0007,4,2016
2016-08-07 11:00:00+00:00,185.88,326.27,26.59,69.64,6.78,TNP_0007,4,2016
2016-08-07 12:00:00+00:00,59.5,104.38,25.17,77.27,5.08,TNP_0007,4,2016
2016-08-07 13:00:00+00:00,0.0,0.0,23.69,86.1,3.63,TNP_0007,4,2016
2016-08-07 14:00:00+00:00,0.0,0.0,23.09,89.68,3.35,TNP_0007,4,2016
2016-08-07 15:00:00+00:00,0.0,0.0,22.64,91.56,3.29,TNP_0007,4,2016
2016-08-07 16:00:00+00:00,0.0,0.0,22.28,92.88,3.3,TNP_0007,4,2016
2016-08-07 17:00:00+00:00,0.0,0.0,22.01,93.48,3.36,TNP_0007,4,2016
2016-08-07 18:00:00+00:00,0.0,0.0,21.7,94.46,3.14,TNP_0007,4,2016
2016-08-07 19:00:00+00:00,0.0,0.0,21.36,95.8,2.79,TNP_0007,4,2016
2016-08-07 20:00:00+00:00,0.0,0.0,21.12,96.79,2.83,TNP_0007,4,2016
2016-08-07 21:00:00+00:00,0.0,0.0,20.98,97.27,2.89,TNP_0007,4,2016
2016-08-07 22:00:00+00:00,0.0,0.0,20.85,97.74,2.58,TNP_0007,4,2016
2016-08-07 23:00:00+00:00,0.0,0.0,20.74,98.21,2.28,TNP_0007,4,2016
2016-08-08 00:00:00+00:00,0.0,0.0,20.69,98.33,2.26,TNP_0007,4,2016
2016-08-08 01:00:00+00:00,86.43,106.93,21.92,92.96,3.28,TNP_0007,4,2016
2016-08-08 02:00:00+00:00,246.2,327.3,23.73,83.27,4.57,TNP_0007,4,2016
2016-08-08 03:00:00+00:00,472.25,557.55,25.41,73.35,5.43,TNP_0007,4,2016
2016-08-08 04:00:00+00:00,531.4,752.3,26.81,67.0,5.81,TNP_0007,4,2016
2016-08-08 05:00:00+00:00,633.08,892.2,27.76,63.57,6.15,TNP_0007,4,2016
2016-08-08 06:00:00+00:00,724.33,958.95,28.22,62.66,6.25,TNP_0007,4,2016
2016-08-08 07:00:00+00:00,728.72,957.45,28.45,62.82,6.1,TNP_0007,4,2016
2016-08-08 08:00:00+00:00,632.8,880.28,28.37,63.63,5.89,TNP_0007,4,2016
2016-08-08 09:00:00+00:00,484.33,732.0,27.93,65.11,5.67,TNP_0007,4,2016
2016-08-08 10:00:00+00:00,366.38,523.88,27.37,67.27,5.48,TNP_0007,4,2016
2016-08-08 11:00:00+00:00,204.77,302.0,26.46,71.53,4.91,TNP_0007,4,2016
2016-08-08 12:00:00+00:00,63.3,91.2,25.13,79.41,3.71,TNP_0007,4,2016
2016-08-08 13:00:00+00:00,0.0,0.0,23.58,88.94,2.57,TNP_0007,4,2016
2016-08-08 14:00:00+00:00,0.0,0.0,23.03,92.07,2.64,TNP_0007,4,2016
2016-08-08 15:00:00+00:00,0.0,0.0,22.54,94.81,2.49,TNP_0007,4,2016
2016-08-08 16:00:00+00:00,0.0,0.0,22.2,96.31,2.48,TNP_0007,4,2016
2016-08-08 17:00:00+00:00,0.0,0.0,21.91,97.1,2.47,TNP_0007,4,2016
2016-08-08 18:00:00+00:00,0.0,0.0,21.64,97.56,2.55,TNP_0007,4,2016
2016-08-08 19:00:00+00:00,0.0,0.0,21.43,97.8,2.62,TNP_0007,4,2016
2016-08-08 20:00:00+00:00,0.0,0.0,21.31,97.68,2.66,TNP_0007,4,2016
2016-08-08 21:00:00+00:00,0.0,0.0,21.17,97.87,2.45,TNP_0007,4,2016
2016-08-08 22:00:00+00:00,0.0,0.0,21.02,98.18,2.25,TNP_0007,4,2016
2016-08-08 23:00:00+00:00,0.0,0.0,20.88,98.57,2.17,TNP_0007,4,2016
2016-08-09 00:00:00+00:00,0.0,0.0,20.8,98.8,2.13,TNP_0007,4,2016
2016-08-09 01:00:00+00:00,72.15,102.1,22.08,93.92,3.41,TNP_0007,4,2016
2016-08-09 02:00:00+00:00,211.25,322.77,23.79,84.68,4.92,TNP_0007,4,2016
2016-08-09 03:00:00+00:00,405.0,554.0,25.83,73.37,5.74,TNP_0007,4,2016
2016-08-09 04:00:00+00:00,548.4,749.9,27.61,64.9,5.89,TNP_0007,4,2016
2016-08-09 05:00:00+00:00,699.75,890.15,28.94,59.89,5.95,TNP_0007,4,2016
2016-08-09 06:00:00+00:00,730.4,965.42,29.67,57.55,6.11,TNP_0007,4,2016
2016-08-09 07:00:00+00:00,622.53,963.97,29.88,57.09,6.36,TNP_0007,4,2016
2016-08-09 08:00:00+00:00,682.78,892.42,29.57,57.87,6.48,TNP_0007,4,2016
2016-08-09 09:00:00+00:00,585.8,745.47,29.01,59.71,6.49,TNP_0007,4,2016
2016-08-09 10:00:00+00:00,418.0,549.92,28.14,62.71,6.38,TNP_0007,4,2016
2016-08-09 11:00:00+00:00,224.0,316.52,26.9,67.71,5.82,TNP_0007,4,2016
2016-08-09 12:00:00+00:00,66.68,96.57,25.29,76.25,4.58,TNP_0007,4,2016
2016-08-09 13:00:00+00:00,0.0,0.0,23.64,86.4,3.45,TNP_0007,4,2016
2016-08-09 14:00:00+00:00,0.0,0.0,22.92,91.1,3.69,TNP_0007,4,2016
2016-08-09 15:00:00+00:00,0.0,0.0,22.44,94.12,3.73,TNP_0007,4,2016
2016-08-09 16:00:00+00:00,0.0,0.0,22.12,95.48,3.73,TNP_0007,4,2016
2016-08-09 17:00:00+00:00,0.0,0.0,21.91,95.75,3.73,TNP_0007,4,2016
2016-08-09 18:00:00+00:00,0.0,0.0,21.69,96.07,3.78,TNP_0007,4,2016
2016-08-09 19:00:00+00:00,0.0,0.0,21.52,96.19,3.9,TNP_0007,4,2016
2016-08-09 20:00:00+00:00,0.0,0.0,21.39,96.25,3.84,TNP_0007,4,2016
2016-08-09 21:00:00+00:00,0.0,0.0,21.27,96.39,3.55,TNP_0007,4,2016
2016-08-09 22:00:00+00:00,0.0,0.0,21.14,96.68,3.29,TNP_0007,4,2016
2016-08-09 23:00:00+00:00,0.0,0.0,20.99,97.11,3.08,TNP_0007,4,2016
2016-08-10 00:00:00+00:00,0.0,0.0,20.94,97.32,3.04,TNP_0007,4,2016
2016-08-10 01:00:00+00:00,80.93,110.43,21.95,94.2,3.97,TNP_0007,4,2016
2016-08-10 02:00:00+00:00,209.98,334.4,23.43,87.83,4.86,TNP_0007,4,2016
2016-08-10 03:00:00+00:00,405.55,564.25,25.4,76.76,5.69,TNP_0007,4,2016
2016-08-10 04:00:00+00:00,606.28,758.7,27.18,67.61,5.91,TNP_0007,4,2016
2016-08-10 05:00:00+00:00,628.28,898.28,28.43,61.93,5.96,TNP_0007,4,2016
2016-08-10 06:00:00+00:00,610.3,964.92,29.18,58.6,5.95,TNP_0007,4,2016
2016-08-10 07:00:00+00:00,625.03,958.92,29.5,57.3,5.98,TNP_0007,4,2016
2016-08-10 08:00:00+00:00,653.03,877.78,29.42,57.71,6.0,TNP_0007,4,2016
2016-08-10 09:00:00+00:00,482.88,730.5,29.04,59.0,6.05,TNP_0007,4,2016
2016-08-10 10:00:00+00:00,374.88,535.62,28.4,61.19,5.91,TNP_0007,4,2016
2016-08-10 11:00:00+00:00,217.05,310.65,27.28,65.47,5.51,TNP_0007,4,2016
2016-08-10 12:00:00+00:00,80.55,96.35,25.67,73.85,4.26,TNP_0007,4,2016
2016-08-10 13:00:00+00:00,0.0,0.0,23.85,85.18,2.89,TNP_0007,4,2016
2016-08-10 14:00:00+00:00,0.0,0.0,23.1,90.03,2.94,TNP_0007,4,2016
2016-08-10 15:00:00+00:00,0.0,0.0,22.53,93.36,2.85,TNP_0007,4,2016
2016-08-10 16:00:00+00:00,0.0,0.0,22.08,95.78,2.89,TNP_0007,4,2016
2016-08-10 17:00:00+00:00,0.0,0.0,21.76,97.15,2.77,TNP_0007,4,2016
2016-08-10 18:00:00+00:00,0.0,0.0,21.61,97.3,2.94,TNP_0007,4,2016
2016-08-10 19:00:00+00:00,0.0,0.0,21.41,97.63,2.86,TNP_0007,4,2016
2016-08-10 20:00:00+00:00,0.0,0.0,21.24,97.84,2.78,TNP_0007,4,2016
2016-08-10 21:00:00+00:00,0.0,0.0,21.09,98.0,2.68,TNP_0007,4,2016
2016-08-10 22:00:00+00:00,0.0,0.0,20.92,98.41,2.54,TNP_0007,4,2016
2016-08-10 23:00:00+00:00,0.0,0.0,20.79,98.78,2.52,TNP_0007,4,2016
2016-08-11 00:00:00+00:00,0.0,0.0,20.76,98.81,2.51,TNP_0007,4,2016
2016-08-11 01:00:00+00:00,82.97,109.97,22.04,93.04,3.72,TNP_0007,4,2016
2016-08-11 02:00:00+00:00,225.05,334.38,23.98,82.95,4.78,TNP_0007,4,2016
2016-08-11 03:00:00+00:00,430.48,565.22,26.11,71.81,5.35,TNP_0007,4,2016
2016-08-11 04:00:00+00:00,557.8,760.03,27.8,64.22,5.36,TNP_0007,4,2016
2016-08-11 05:00:00+00:00,716.42,899.9,29.02,59.8,5.33,TNP_0007,4,2016
2016-08-11 06:00:00+00:00,789.85,964.8,29.59,57.89,5.47,TNP_0007,4,2016
2016-08-11 07:00:00+00:00,781.2,966.42,29.56,58.12,5.67,TNP_0007,4,2016
2016-08-11 08:00:00+00:00,718.75,884.1,29.12,59.75,5.81,TNP_0007,4,2016
2016-08-11 09:00:00+00:00,607.5,733.78,28.6,61.9,5.83,TNP_0007,4,2016
2016-08-11 10:00:00+00:00,385.73,531.9,27.8,65.29,5.61,TNP_0007,4,2016
2016-08-11 11:00:00+00:00,246.6,309.42,26.77,70.52,5.16,TNP_0007,4,2016
2016-08-11 12:00:00+00:00,75.45,92.7,25.43,78.31,4.17,TNP_0007,4,2016
2016-08-11 13:00:00+00:00,0.0,0.0,24.14,85.88,3.46,TNP_0007,4,2016
2016-08-11 14:00:00+00:00,0.0,0.0,23.54,89.16,3.42,TNP_0007,4,2016
2016-08-11 15:00:00+00:00,0.0,0.0,23.08,91.18,3.46,TNP_0007,4,2016
2016-08-11 16:00:00+00:00,0.0,0.0,22.67,92.75,3.34,TNP_0007,4,2016
2016-08-11 17:00:00+00:00,0.0,0.0,22.25,94.3,3.09,TNP_0007,4,2016
2016-08-11 18:00:00+00:00,0.0,0.0,21.84,95.67,2.96,TNP_0007,4,2016
2016-08-11 19:00:00+00:00,0.0,0.0,21.47,96.92,2.9,TNP_0007,4,2016
2016-08-11 20:00:00+00:00,0.0,0.0,21.22,97.54,2.88,TNP_0007,4,2016
2016-08-11 21:00:00+00:00,0.0,0.0,20.98,98.06,2.67,TNP_0007,4,2016
2016-08-11 22:00:00+00:00,0.0,0.0,20.78,98.42,2.56,TNP_0007,4,2016
2016-08-11 23:00:00+00:00,0.0,0.0,20.67,98.42,2.66,TNP_0007,4,2016
2016-08-12 00:00:00+00:00,0.0,0.0,20.68,97.94,2.68,TNP_0007,4,2016
2016-08-12 01:00:00+00:00,78.15,108.3,21.84,92.87,3.4,TNP_0007,4,2016
2016-08-12 02:00:00+00:00,209.38,332.38,23.48,84.66,4.28,TNP_0007,4,2016
2016-08-12 03:00:00+00:00,367.3,563.4,25.47,74.65,5.03,TNP_0007,4,2016
2016-08-12 04:00:00+00:00,513.97,758.83,27.6,65.77,5.26,TNP_0007,4,2016
2016-08-12 05:00:00+00:00,641.58,897.4,29.09,60.54,5.33,TNP_0007,4,2016
2016-08-12 06:00:00+00:00,727.25,951.5,29.64,58.84,5.5,TNP_0007,4,2016
2016-08-12 07:00:00+00:00,669.12,950.1,29.46,59.58,5.65,TNP_0007,4,2016
2016-08-12 08:00:00+00:00,599.03,873.72,29.07,61.03,5.69,TNP_0007,4,2016
2016-08-12 09:00:00+00:00,508.27,729.78,28.26,64.37,5.6,TNP_0007,4,2016
2016-08-12 10:00:00+00:00,333.6,531.83,27.3,69.22,5.59,TNP_0007,4,2016
2016-08-12 11:00:00+00:00,186.9,303.0,26.17,75.57,5.4,TNP_0007,4,2016
2016-08-12 12:00:00+00:00,52.65,89.0,24.95,83.37,4.45,TNP_0007,4,2016
2016-08-12 13:00:00+00:00,0.0,0.0,23.94,89.59,3.91,TNP_0007,4,2016
2016-08-12 14:00:00+00:00,0.0,0.0,23.46,91.97,3.95,TNP_0007,4,2016
2016-08-12 15:00:00+00:00,0.0,0.0,23.1,93.05,3.85,TNP_0007,4,2016
2016-08-12 16:00:00+00:00,0.0,0.0,22.81,93.71,3.66,TNP_0007,4,2016
2016-08-12 17:00:00+00:00,0.0,0.0,22.48,94.75,3.39,TNP_0007,4,2016
2016-08-12 18:00:00+00:00,0.0,0.0,22.15,96.16,3.06,TNP_0007,4,2016
2016-08-12 19:00:00+00:00,0.0,0.0,21.96,96.73,3.03,TNP_0007,4,2016
2016-08-12 20:00:00+00:00,0.0,0.0,21.81,96.98,3.13,TNP_0007,4,2016
2016-08-12 21:00:00+00:00,0.0,0.0,21.68,97.07,3.06,TNP_0007,4,2016
2016-08-12 22:00:00+00:00,0.0,0.0,21.55,97.27,2.89,TNP_0007,4,2016
2016-08-12 23:00:00+00:00,0.0,0.0,21.46,97.01,3.09,TNP_0007,4,2016
2016-08-13 00:00:00+00:00,0.0,0.0,21.42,96.76,3.16,TNP_0007,4,2016
2016-08-13 01:00:00+00:00,55.58,99.85,22.21,93.6,3.67,TNP_0007,4,2016
2016-08-13 02:00:00+00:00,176.98,319.38,23.72,85.78,4.86,TNP_0007,4,2016
2016-08-13 03:00:00+00:00,319.48,550.4,25.79,75.07,5.89,TNP_0007,4,2016
2016-08-13 04:00:00+00:00,473.3,746.67,27.72,66.89,6.2,TNP_0007,4,2016
2016-08-13 05:00:00+00:00,631.92,881.22,29.06,61.84,6.28,TNP_0007,4,2016
2016-08-13 06:00:00+00:00,690.53,967.3,29.63,59.64,6.41,TNP_0007,4,2016
2016-08-13 07:00:00+00:00,713.03,955.97,29.67,59.27,6.5,TNP_0007,4,2016
2016-08-13 08:00:00+00:00,600.8,878.78,29.44,59.84,6.59,TNP_0007,4,2016
2016-08-13 09:00:00+00:00,645.05,727.88,29.07,60.55,6.61,TNP_0007,4,2016
2016-08-13 10:00:00+00:00,394.65,524.42,28.33,62.89,6.45,TNP_0007,4,2016
2016-08-13 11:00:00+00:00,194.23,288.17,27.05,68.44,5.96,TNP_0007,4,2016
2016-08-13 12:00:00+00:00,47.62,80.3,25.48,76.75,4.89,TNP_0007,4,2016
2016-08-13 13:00:00+00:00,0.0,0.0,23.98,85.61,3.78,TNP_0007,4,2016
2016-08-13 14:00:00+00:00,0.0,0.0,23.35,89.2,3.85,TNP_0007,4,2016
2016-08-13 15:00:00+00:00,0.0,0.0,22.86,91.56,3.79,TNP_0007,4,2016
2016-08-13 16:00:00+00:00,0.0,0.0,22.45,93.56,3.39,TNP_0007,4,2016
2016-08-13 17:00:00+00:00,0.0,0.0,22.2,94.58,3.37,TNP_0007,4,2016
2016-08-13 18:00:00+00:00,0.0,0.0,22.0,95.32,3.59,TNP_0007,4,2016
2016-08-13 19:00:00+00:00,0.0,0.0,21.85,95.65,3.8,TNP_0007,4,2016
2016-08-13 20:00:00+00:00,0.0,0.0,21.72,96.02,3.73,TNP_0007,4,2016
2016-08-13 21:00:00+00:00,0.0,0.0,21.62,96.13,3.59,TNP_0007,4,2016
2016-08-13 22:00:00+00:00,0.0,0.0,21.51,96.38,3.46,TNP_0007,4,2016
2016-08-13 23:00:00+00:00,0.0,0.0,21.44,96.54,3.4,TNP_0007,4,2016
2016-08-14 00:00:00+00:00,0.0,0.0,21.4,96.7,3.34,TNP_0007,4,2016
2016-08-14 01:00:00+00:00,53.25,97.25,22.03,94.06,3.94,TNP_0007,4,2016
2016-08-14 02:00:00+00:00,171.1,315.02,23.32,87.05,5.09,TNP_0007,4,2016
2016-08-14 03:00:00+00:00,329.12,546.65,25.1,76.76,6.23,TNP_0007,4,2016
2016-08-14 04:00:00+00:00,481.23,740.97,27.06,67.61,6.62,TNP_0007,4,2016
2016-08-14 05:00:00+00:00,533.2,879.42,28.52,61.6,6.75,TNP_0007,4,2016
2016-08-14 06:00:00+00:00,603.55,933.6,29.4,58.42,6.89,TNP_0007,4,2016
2016-08-14 07:00:00+00:00,558.83,928.42,29.75,57.38,6.99,TNP_0007,4,2016
2016-08-14 08:00:00+00:00,479.02,844.67,29.59,57.87,7.04,TNP_0007,4,2016
2016-08-14 09:00:00+00:00,374.45,701.62,28.64,60.72,7.05,TNP_0007,4,2016
2016-08-14 10:00:00+00:00,297.1,502.48,27.52,64.81,6.81,TNP_0007,4,2016
2016-08-14 11:00:00+00:00,157.73,283.15,26.26,70.82,6.02,TNP_0007,4,2016
2016-08-14 12:00:00+00:00,46.78,80.4,24.83,79.66,4.57,TNP_0007,4,2016
2016-08-14 13:00:00+00:00,0.0,0.0,23.59,87.52,3.77,TNP_0007,4,2016
2016-08-14 14:00:00+00:00,0.0,0.0,23.02,90.86,3.85,TNP_0007,4,2016
2016-08-14 15:00:00+00:00,0.0,0.0,22.58,92.98,3.62,TNP_0007,4,2016
2016-08-14 16:00:00+00:00,0.0,0.0,22.24,94.11,3.67,TNP_0007,4,2016
2016-08-14 17:00:00+00:00,0.0,0.0,21.94,94.84,3.68,TNP_0007,4,2016
2016-08-14 18:00:00+00:00,0.0,0.0,21.68,95.38,3.64,TNP_0007,4,2016
2016-08-14 19:00:00+00:00,0.0,0.0,21.47,95.72,3.8,TNP_0007,4,2016
2016-08-14 20:00:00+00:00,0.0,0.0,21.31,96.04,3.98,TNP_0007,4,2016
2016-08-14 21:00:00+00:00,0.0,0.0,21.2,96.29,3.78,TNP_0007,4,2016
2016-08-14 22:00:00+00:00,0.0,0.0,21.12,96.72,3.4,TNP_0007,4,2016
2016-08-14 23:00:00+00:00,0.0,0.0,21.01,97.46,3.01,TNP_0007,4,2016
2016-08-15 00:00:00+00:00,0.0,0.0,20.97,97.74,2.91,TNP_0007,4,2016
2016-08-15 01:00:00+00:00,63.4,90.95,21.94,94.66,3.72,TNP_0007,4,2016
2016-08-15 02:00:00+00:00,186.52,303.02,23.41,87.84,5.1,TNP_0007,4,2016
2016-08-15 03:00:00+00:00,309.88,524.6,25.38,76.81,6.03,TNP_0007,4,2016
2016-08-15 04:00:00+00:00,456.17,724.58,27.2,67.71,6.49,TNP_0007,4,2016
2016-08-15 05:00:00+00:00,623.08,868.95,28.35,62.32,6.94,TNP_0007,4,2016
2016-08-15 06:00:00+00:00,703.95,952.65,28.87,60.11,7.42,TNP_0007,4,2016
2016-08-15 07:00:00+00:00,713.25,950.17,29.16,59.14,7.77,TNP_0007,4,2016
2016-08-15 08:00:00+00:00,685.22,862.85,29.19,59.0,8.07,TNP_0007,4,2016
2016-08-15 09:00:00+00:00,532.38,726.78,28.82,60.28,8.18,TNP_0007,4,2016
2016-08-15 10:00:00+00:00,354.85,527.8,28.07,62.65,7.96,TNP_0007,4,2016
2016-08-15 11:00:00+00:00,210.8,300.48,26.92,66.78,7.3,TNP_0007,4,2016
2016-08-15 12:00:00+00:00,62.12,85.5,25.22,75.11,5.71,TNP_0007,4,2016
2016-08-15 13:00:00+00:00,0.0,0.0,23.48,84.72,4.38,TNP_0007,4,2016
2016-08-15 14:00:00+00:00,0.0,0.0,22.77,88.49,4.67,TNP_0007,4,2016
2016-08-15 15:00:00+00:00,0.0,0.0,22.28,90.71,4.74,TNP_0007,4,2016
2016-08-15 16:00:00+00:00,0.0,0.0,21.89,92.19,4.48,TNP_0007,4,2016
2016-08-15 17:00:00+00:00,0.0,0.0,21.57,93.23,4.5,TNP_0007,4,2016
2016-08-15 18:00:00+00:00,0.0,0.0,21.26,94.4,4.51,TNP_0007,4,2016
2016-08-15 19:00:00+00:00,0.0,0.0,21.1,95.12,4.65,TNP_0007,4,2016
2016-08-15 20:00:00+00:00,0.0,0.0,21.07,95.58,4.66,TNP_0007,4,2016
2016-08-15 21:00:00+00:00,0.0,0.0,21.1,96.02,4.48,TNP_0007,4,2016
2016-08-15 22:00:00+00:00,0.0,0.0,21.11,96.38,4.32,TNP_0007,4,2016
2016-08-15 23:00:00+00:00,0.0,0.0,21.12,96.36,4.42,TNP_0007,4,2016
2016-08-16 00:00:00+00:00,0.0,0.0,21.1,96.33,4.36,TNP_0007,4,2016
2016-08-16 01:00:00+00:00,66.6,101.43,21.7,94.35,4.62,TNP_0007,4,2016
2016-08-16 02:00:00+00:00,175.05,321.17,23.0,88.89,5.44,TNP_0007,4,2016
2016-08-16 03:00:00+00:00,353.3,559.15,25.0,77.72,6.74,TNP_0007,4,2016
2016-08-16 04:00:00+00:00,505.08,757.28,26.85,68.01,7.36,TNP_0007,4,2016
2016-08-16 05:00:00+00:00,624.58,893.55,28.03,63.04,7.75,TNP_0007,4,2016
2016-08-16 06:00:00+00:00,645.75,951.97,28.68,60.8,8.17,TNP_0007,4,2016
2016-08-16 07:00:00+00:00,667.25,951.5,28.78,60.54,8.44,TNP_0007,4,2016
2016-08-16 08:00:00+00:00,645.15,875.17,28.48,61.55,8.53,TNP_0007,4,2016
2016-08-16 09:00:00+00:00,427.23,729.95,27.88,63.68,8.47,TNP_0007,4,2016
2016-08-16 10:00:00+00:00,358.55,531.75,27.07,67.02,8.12,TNP_0007,4,2016
2016-08-16 11:00:00+00:00,164.9,302.92,26.06,71.6,7.37,TNP_0007,4,2016
2016-08-16 12:00:00+00:00,48.35,86.03,24.66,79.27,5.88,TNP_0007,4,2016
2016-08-16 13:00:00+00:00,0.0,0.0,23.29,87.19,4.86,TNP_0007,4,2016
2016-08-16 14:00:00+00:00,0.0,0.0,22.68,90.33,4.71,TNP_0007,4,2016
2016-08-16 15:00:00+00:00,0.0,0.0,22.32,91.78,4.67,TNP_0007,4,2016
2016-08-16 16:00:00+00:00,0.0,0.0,22.05,92.89,4.72,TNP_0007,4,2016
2016-08-16 17:00:00+00:00,0.0,0.0,21.82,93.91,4.77,TNP_0007,4,2016
2016-08-16 18:00:00+00:00,0.0,0.0,21.59,94.94,4.87,TNP_0007,4,2016
2016-08-16 19:00:00+00:00,0.0,0.0,21.43,95.54,5.11,TNP_0007,4,2016
2016-08-16 20:00:00+00:00,0.0,0.0,21.29,95.86,5.22,TNP_0007,4,2016
2016-08-16 21:00:00+00:00,0.0,0.0,21.13,96.13,5.15,TNP_0007,4,2016
2016-08-16 22:00:00+00:00,0.0,0.0,21.0,96.15,4.98,TNP_0007,4,2016
2016-08-16 23:00:00+00:00,0.0,0.0,20.93,96.04,4.81,TNP_0007,4,2016
2016-08-17 00:00:00+00:00,0.0,0.0,20.93,95.91,4.71,TNP_0007,4,2016
2016-08-17 01:00:00+00:00,64.35,104.05,21.67,93.57,5.06,TNP_0007,4,2016
2016-08-17 02:00:00+00:00,189.1,325.88,23.02,88.29,5.67,TNP_0007,4,2016
2016-08-17 03:00:00+00:00,385.73,560.17,24.93,77.58,6.88,TNP_0007,4,2016
2016-08-17 04:00:00+00:00,518.55,760.62,26.73,68.72,7.47,TNP_0007,4,2016
2016-08-17 05:00:00+00:00,667.0,898.05,28.11,63.05,7.72,TNP_0007,4,2016
2016-08-17 06:00:00+00:00,640.25,938.78,28.97,59.78,7.81,TNP_0007,4,2016
2016-08-17 07:00:00+00:00,617.03,932.05,29.46,58.09,7.88,TNP_0007,4,2016
2016-08-17 08:00:00+00:00,607.47,853.9,29.47,57.83,7.9,TNP_0007,4,2016
2016-08-17 09:00:00+00:00,482.55,701.88,28.89,59.65,7.91,TNP_0007,4,2016
2016-08-17 10:00:00+00:00,318.0,500.35,27.77,63.57,7.64,TNP_0007,4,2016
2016-08-17 11:00:00+00:00,161.4,275.77,26.34,69.94,6.76,TNP_0007,4,2016
2016-08-17 12:00:00+00:00,45.85,75.95,24.79,78.87,5.34,TNP_0007,4,2016
2016-08-17 13:00:00+00:00,0.0,0.0,23.38,87.2,4.38,TNP_0007,4,2016
2016-08-17 14:00:00+00:00,0.0,0.0,22.69,91.04,4.24,TNP_0007,4,2016
2016-08-17 15:00:00+00:00,0.0,0.0,22.25,93.24,3.95,TNP_0007,4,2016
2016-08-17 16:00:00+00:00,0.0,0.0,21.97,94.48,3.92,TNP_0007,4,2016
2016-08-17 17:00:00+00:00,0.0,0.0,21.78,95.26,4.05,TNP_0007,4,2016
2016-08-17 18:00:00+00:00,0.0,0.0,21.63,95.91,4.02,TNP_0007,4,2016
2016-08-17 19:00:00+00:00,0.0,0.0,21.51,96.25,3.88,TNP_0007,4,2016
2016-08-17 20:00:00+00:00,0.0,0.0,21.41,96.43,3.69,TNP_0007,4,2016
2016-08-17 21:00:00+00:00,0.0,0.0,21.32,96.53,3.61,TNP_0007,4,2016
2016-08-17 22:00:00+00:00,0.0,0.0,21.21,96.98,3.32,TNP_0007,4,2016
2016-08-17 23:00:00+00:00,0.0,0.0,21.13,97.32,3.28,TNP_0007,4,2016
2016-08-18 00:00:00+00:00,0.0,0.0,21.18,97.2,3.53,TNP_0007,4,2016
2016-08-18 01:00:00+00:00,65.65,100.0,21.98,94.94,3.98,TNP_0007,4,2016
2016-08-18 02:00:00+00:00,204.88,323.88,23.37,88.65,4.72,TNP_0007,4,2016
2016-08-18 03:00:00+00:00,341.9,557.62,25.36,75.9,5.65,TNP_0007,4,2016
2016-08-18 04:00:00+00:00,524.83,756.58,27.33,65.5,6.08,TNP_0007,4,2016
2016-08-18 05:00:00+00:00,705.33,892.1,28.69,60.55,6.4,TNP_0007,4,2016
2016-08-18 06:00:00+00:00,629.47,970.0,29.48,58.37,6.64,TNP_0007,4,2016
2016-08-18 07:00:00+00:00,678.08,957.78,29.82,57.82,6.79,TNP_0007,4,2016
2016-08-18 08:00:00+00:00,662.88,871.47,29.59,58.75,6.92,TNP_0007,4,2016
2016-08-18 09:00:00+00:00,553.38,729.1,29.02,60.49,6.92,TNP_0007,4,2016
2016-08-18 10:00:00+00:00,371.6,537.55,28.26,62.67,6.8,TNP_0007,4,2016
2016-08-18 11:00:00+00:00,198.4,306.25,27.02,66.95,6.31,TNP_0007,4,2016
2016-08-18 12:00:00+00:00,56.28,85.4,25.26,74.84,5.28,TNP_0007,4,2016
2016-08-18 13:00:00+00:00,0.0,0.0,23.54,84.36,4.07,TNP_0007,4,2016
2016-08-18 14:00:00+00:00,0.0,0.0,22.67,89.41,4.06,TNP_0007,4,2016
2016-08-18 15:00:00+00:00,0.0,0.0,22.13,92.46,3.97,TNP_0007,4,2016
2016-08-18 16:00:00+00:00,0.0,0.0,21.81,94.15,3.89,TNP_0007,4,2016
2016-08-18 17:00:00+00:00,0.0,0.0,21.65,94.96,3.92,TNP_0007,4,2016
2016-08-18 18:00:00+00:00,0.0,0.0,21.6,95.15,4.01,TNP_0007,4,2016
2016-08-18 19:00:00+00:00,0.0,0.0,21.53,95.45,4.13,TNP_0007,4,2016
2016-08-18 20:00:00+00:00,0.0,0.0,21.49,95.26,4.27,TNP_0007,4,2016
2016-08-18 21:00:00+00:00,0.0,0.0,21.36,95.39,4.06,TNP_0007,4,2016
2016-08-18 22:00:00+00:00,0.0,0.0,21.19,95.61,3.79,TNP_0007,4,2016
2016-08-18 23:00:00+00:00,0.0,0.0,20.96,96.03,3.58,TNP_0007,4,2016
2016-08-19 00:00:00+00:00,0.0,0.0,20.72,96.46,3.41,TNP_0007,4,2016
2016-08-19 01:00:00+00:00,86.22,102.55,21.78,91.36,4.29,TNP_0007,4,2016
2016-08-19 02:00:00+00:00,236.9,324.65,23.87,80.31,5.34,TNP_0007,4,2016
2016-08-19 03:00:00+00:00,422.17,560.55,26.17,68.86,5.9,TNP_0007,4,2016
2016-08-19 04:00:00+00:00,474.52,763.45,28.07,61.56,5.84,TNP_0007,4,2016
2016-08-19 05:00:00+00:00,590.85,900.25,29.5,57.12,5.73,TNP_0007,4,2016
2016-08-19 06:00:00+00:00,695.25,961.65,30.35,54.91,5.8,TNP_0007,4,2016
2016-08-19 07:00:00+00:00,725.72,961.38,30.65,54.23,6.05,TNP_0007,4,2016
2016-08-19 08:00:00+00:00,628.2,874.75,30.4,55.35,6.34,TNP_0007,4,2016
2016-08-19 09:00:00+00:00,599.95,734.75,29.67,58.09,6.45,TNP_0007,4,2016
2016-08-19 10:00:00+00:00,404.85,532.42,28.59,61.78,6.29,TNP_0007,4,2016
2016-08-19 11:00:00+00:00,236.07,297.9,27.26,67.03,5.79,TNP_0007,4,2016
2016-08-19 12:00:00+00:00,67.88,80.82,25.61,75.83,4.6,TNP_0007,4,2016
2016-08-19 13:00:00+00:00,0.0,0.0,24.09,85.13,3.66,TNP_0007,4,2016
2016-08-19 14:00:00+00:00,0.0,0.0,23.36,89.8,3.56,TNP_0007,4,2016
2016-08-19 15:00:00+00:00,0.0,0.0,22.86,92.78,3.45,TNP_0007,4,2016
2016-08-19 16:00:00+00:00,0.0,0.0,22.47,94.87,3.23,TNP_0007,4,2016
2016-08-19 17:00:00+00:00,0.0,0.0,22.19,95.86,3.39,TNP_0007,4,2016
2016-08-19 18:00:00+00:00,0.0,0.0,21.99,95.95,3.66,TNP_0007,4,2016
2016-08-19 19:00:00+00:00,0.0,0.0,21.79,96.31,3.59,TNP_0007,4,2016
2016-08-19 20:00:00+00:00,0.0,0.0,21.6,96.51,3.41,TNP_0007,4,2016
2016-08-19 21:00:00+00:00,0.0,0.0,21.37,96.86,3.08,TNP_0007,4,2016
2016-08-19 22:00:00+00:00,0.0,0.0,21.13,97.4,2.59,TNP_0007,4,2016
2016-08-19 23:00:00+00:00,0.0,0.0,20.9,98.1,2.25,TNP_0007,4,2016
2016-08-20 00:00:00+00:00,0.0,0.0,20.76,98.32,2.08,TNP_0007,4,2016
2016-08-20 01:00:00+00:00,70.95,101.22,21.91,94.01,3.07,TNP_0007,4,2016
2016-08-20 02:00:00+00:00,188.48,319.98,23.76,85.36,3.95,TNP_0007,4,2016
2016-08-20 03:00:00+00:00,370.73,551.42,26.04,72.93,4.56,TNP_0007,4,2016
2016-08-20 04:00:00+00:00,554.83,747.0,27.88,64.3,4.52,TNP_0007,4,2016
2016-08-20 05:00:00+00:00,720.08,886.72,29.13,59.37,4.32,TNP_0007,4,2016
2016-08-20 06:00:00+00:00,817.9,963.28,29.83,56.52,4.29,TNP_0007,4,2016
2016-08-20 07:00:00+00:00,762.38,958.53,30.04,55.54,4.52,TNP_0007,4,2016
2016-08-20 08:00:00+00:00,733.85,879.47,30.08,55.37,4.84,TNP_0007,4,2016
2016-08-20 09:00:00+00:00,654.0,732.6,29.91,56.2,5.09,TNP_0007,4,2016
2016-08-20 10:00:00+00:00,461.95,530.65,29.42,57.95,5.12,TNP_0007,4,2016
2016-08-20 11:00:00+00:00,255.5,296.9,28.3,62.0,4.89,TNP_0007,4,2016
2016-08-20 12:00:00+00:00,75.18,80.55,26.61,70.16,3.97,TNP_0007,4,2016
2016-08-20 13:00:00+00:00,0.0,0.0,24.51,82.97,2.75,TNP_0007,4,2016
2016-08-20 14:00:00+00:00,0.0,0.0,23.7,87.74,2.95,TNP_0007,4,2016
2016-08-20 15:00:00+00:00,0.0,0.0,23.09,91.26,3.05,TNP_0007,4,2016
2016-08-20 16:00:00+00:00,0.0,0.0,22.72,93.28,3.13,TNP_0007,4,2016
2016-08-20 17:00:00+00:00,0.0,0.0,22.41,95.01,3.07,TNP_0007,4,2016
2016-08-20 18:00:00+00:00,0.0,0.0,22.12,96.31,2.95,TNP_0007,4,2016
2016-08-20 19:00:00+00:00,0.0,0.0,21.93,96.75,2.93,TNP_0007,4,2016
2016-08-20 20:00:00+00:00,0.0,0.0,21.73,97.01,2.88,TNP_0007,4,2016
2016-08-20 21:00:00+00:00,0.0,0.0,21.51,97.18,2.67,TNP_0007,4,2016
2016-08-20 22:00:00+00:00,0.0,0.0,21.19,97.73,2.43,TNP_0007,4,2016
2016-08-20 23:00:00+00:00,0.0,0.0,20.9,98.01,2.24,TNP_0007,4,2016
2016-08-21 00:00:00+00:00,0.0,0.0,20.64,98.3,2.14,TNP_0007,4,2016
2016-08-21 01:00:00+00:00,77.22,102.57,21.77,92.22,2.86,TNP_0007,4,2016
2016-08-21 02:00:00+00:00,219.55,325.5,23.76,80.84,3.53,TNP_0007,4,2016
2016-08-21 03:00:00+00:00,424.15,565.2,26.38,67.1,4.18,TNP_0007,4,2016
2016-08-21 04:00:00+00:00,658.78,763.78,28.61,58.2,4.32,TNP_0007,4,2016
2016-08-21 05:00:00+00:00,769.3,903.85,30.19,53.21,4.38,TNP_0007,4,2016
2016-08-21 06:00:00+00:00,820.6,940.85,31.14,50.46,4.6,TNP_0007,4,2016
2016-08-21 07:00:00+00:00,770.28,927.78,31.57,49.45,4.91,TNP_0007,4,2016
2016-08-21 08:00:00+00:00,729.35,854.2,31.44,49.94,5.2,TNP_0007,4,2016
2016-08-21 09:00:00+00:00,618.62,704.03,30.85,51.83,5.36,TNP_0007,4,2016
2016-08-21 10:00:00+00:00,434.83,502.7,29.74,55.69,5.36,TNP_0007,4,2016
2016-08-21 11:00:00+00:00,239.25,271.62,28.28,61.93,5.17,TNP_0007,4,2016
2016-08-21 12:00:00+00:00,58.33,68.38,26.56,71.41,4.27,TNP_0007,4,2016
2016-08-21 13:00:00+00:00,0.0,0.0,24.83,82.43,3.11,TNP_0007,4,2016
2016-08-21 14:00:00+00:00,0.0,0.0,24.1,87.51,3.1,TNP_0007,4,2016
2016-08-21 15:00:00+00:00,0.0,0.0,23.55,91.03,3.18,TNP_0007,4,2016
2016-08-21 16:00:00+00:00,0.0,0.0,23.15,93.46,3.25,TNP_0007,4,2016
2016-08-21 17:00:00+00:00,0.0,0.0,22.86,94.84,3.32,TNP_0007,4,2016
2016-08-21 18:00:00+00:00,0.0,0.0,22.65,95.4,3.59,TNP_0007,4,2016
2016-08-21 19:00:00+00:00,0.0,0.0,22.45,95.23,3.85,TNP_0007,4,2016
2016-08-21 20:00:00+00:00,0.0,0.0,22.23,95.18,3.71,TNP_0007,4,2016
2016-08-21 21:00:00+00:00,0.0,0.0,22.01,95.47,3.2,TNP_0007,4,2016
2016-08-21 22:00:00+00:00,0.0,0.0,21.82,95.78,2.74,TNP_0007,4,2016
2016-08-21 23:00:00+00:00,0.0,0.0,21.6,96.35,2.46,TNP_0007,4,2016
2016-08-22 00:00:00+00:00,0.0,0.0,21.4,96.77,2.32,TNP_0007,4,2016
2016-08-22 01:00:00+00:00,61.78,94.57,22.32,91.93,3.12,TNP_0007,4,2016
2016-08-22 02:00:00+00:00,199.35,311.35,24.05,82.23,3.86,TNP_0007,4,2016
2016-08-22 03:00:00+00:00,359.08,543.28,26.13,71.18,4.58,TNP_0007,4,2016
2016-08-22 04:00:00+00:00,550.53,741.12,27.95,62.75,4.64,TNP_0007,4,2016
2016-08-22 05:00:00+00:00,701.65,881.72,29.28,57.34,4.56,TNP_0007,4,2016
2016-08-22 06:00:00+00:00,794.62,929.35,30.13,54.25,4.59,TNP_0007,4,2016
2016-08-22 07:00:00+00:00,630.85,916.62,30.52,53.1,4.88,TNP_0007,4,2016
2016-08-22 08:00:00+00:00,653.7,835.53,30.24,54.36,5.2,TNP_0007,4,2016
2016-08-22 09:00:00+00:00,630.5,694.22,29.79,56.39,5.42,TNP_0007,4,2016
2016-08-22 10:00:00+00:00,385.2,490.55,29.08,59.07,5.5,TNP_0007,4,2016
2016-08-22 11:00:00+00:00,195.32,262.83,27.82,64.21,5.15,TNP_0007,4,2016
2016-08-22 12:00:00+00:00,52.5,65.47,26.25,72.83,3.93,TNP_0007,4,2016
2016-08-22 13:00:00+00:00,0.0,0.0,24.63,83.57,2.74,TNP_0007,4,2016
2016-08-22 14:00:00+00:00,0.0,0.0,23.96,88.12,2.92,TNP_0007,4,2016
2016-08-22 15:00:00+00:00,0.0,0.0,23.46,91.12,3.07,TNP_0007,4,2016
2016-08-22 16:00:00+00:00,0.0,0.0,23.1,93.1,3.12,TNP_0007,4,2016
2016-08-22 17:00:00+00:00,0.0,0.0,22.78,94.7,3.12,TNP_0007,4,2016
2016-08-22 18:00:00+00:00,0.0,0.0,22.57,95.14,3.32,TNP_0007,4,2016
2016-08-22 19:00:00+00:00,0.0,0.0,22.37,95.24,3.36,TNP_0007,4,2016
2016-08-22 20:00:00+00:00,0.0,0.0,22.15,95.57,3.14,TNP_0007,4,2016
2016-08-22 21:00:00+00:00,0.0,0.0,21.94,95.91,2.85,TNP_0007,4,2016
2016-08-22 22:00:00+00:00,0.0,0.0,21.7,96.7,2.44,TNP_0007,4,2016
2016-08-22 23:00:00+00:00,0.0,0.0,21.54,97.16,2.23,TNP_0007,4,2016
2016-08-23 00:00:00+00:00,0.0,0.0,21.39,97.65,2.1,TNP_0007,4,2016
2016-08-23 01:00:00+00:00,63.17,92.38,22.36,93.38,3.08,TNP_0007,4,2016
2016-08-23 02:00:00+00:00,200.52,308.25,24.05,84.48,4.12,TNP_0007,4,2016
2016-08-23 03:00:00+00:00,410.92,541.33,26.03,73.19,4.86,TNP_0007,4,2016
2016-08-23 04:00:00+00:00,550.85,734.62,27.64,64.92,5.08,TNP_0007,4,2016
2016-08-23 05:00:00+00:00,677.25,877.5,28.62,60.33,5.22,TNP_0007,4,2016
2016-08-23 06:00:00+00:00,656.05,941.67,28.9,58.68,5.4,TNP_0007,4,2016
2016-08-23 07:00:00+00:00,650.78,937.03,28.68,59.71,5.58,TNP_0007,4,2016
2016-08-23 08:00:00+00:00,620.62,856.58,28.17,62.31,5.68,TNP_0007,4,2016
2016-08-23 09:00:00+00:00,513.65,714.6,27.52,65.75,5.74,TNP_0007,4,2016
2016-08-23 10:00:00+00:00,333.12,511.98,26.76,70.23,5.7,TNP_0007,4,2016
2016-08-23 11:00:00+00:00,164.93,280.25,25.69,76.6,5.27,TNP_0007,4,2016
2016-08-23 12:00:00+00:00,41.83,70.05,24.54,84.26,4.21,TNP_0007,4,2016
2016-08-23 13:00:00+00:00,0.0,0.0,23.51,90.83,3.64,TNP_0007,4,2016
2016-08-23 14:00:00+00:00,0.0,0.0,22.99,93.3,3.78,TNP_0007,4,2016
2016-08-23 15:00:00+00:00,0.0,0.0,22.58,94.92,3.67,TNP_0007,4,2016
2016-08-23 16:00:00+00:00,0.0,0.0,22.29,95.64,3.5,TNP_0007,4,2016
2016-08-23 17:00:00+00:00,0.0,0.0,22.05,96.08,3.4,TNP_0007,4,2016
2016-08-23 18:00:00+00:00,0.0,0.0,21.86,96.39,3.29,TNP_0007,4,2016
2016-08-23 19:00:00+00:00,0.0,0.0,21.69,96.7,3.09,TNP_0007,4,2016
2016-08-23 20:00:00+00:00,0.0,0.0,21.54,97.13,2.62,TNP_0007,4,2016
2016-08-23 21:00:00+00:00,0.0,0.0,21.44,97.33,2.3,TNP_0007,4,2016
2016-08-23 22:00:00+00:00,0.0,0.0,21.35,97.52,2.15,TNP_0007,4,2016
2016-08-23 23:00:00+00:00,0.0,0.0,21.27,97.76,2.04,TNP_0007,4,2016
2016-08-24 00:00:00+00:00,0.0,0.0,21.22,97.81,2.02,TNP_0007,4,2016
2016-08-24 01:00:00+00:00,71.6,95.47,22.11,95.16,2.93,TNP_0007,4,2016
2016-08-24 02:00:00+00:00,233.23,313.75,23.62,88.89,3.97,TNP_0007,4,2016
2016-08-24 03:00:00+00:00,436.65,545.67,25.74,76.57,4.91,TNP_0007,4,2016
2016-08-24 04:00:00+00:00,549.35,743.22,27.46,66.69,5.21,TNP_0007,4,2016
2016-08-24 05:00:00+00:00,612.72,878.78,28.55,61.66,5.27,TNP_0007,4,2016
2016-08-24 06:00:00+00:00,692.03,966.47,29.03,59.76,5.31,TNP_0007,4,2016
2016-08-24 07:00:00+00:00,600.2,958.97,28.88,60.49,5.43,TNP_0007,4,2016
2016-08-24 08:00:00+00:00,702.38,876.88,28.55,61.87,5.52,TNP_0007,4,2016
2016-08-24 09:00:00+00:00,582.5,726.67,27.9,64.74,5.46,TNP_0007,4,2016
2016-08-24 10:00:00+00:00,414.1,521.7,27.18,68.4,5.34,TNP_0007,4,2016
2016-08-24 11:00:00+00:00,241.73,290.85,26.22,73.67,4.95,TNP_0007,4,2016
2016-08-24 12:00:00+00:00,58.3,71.97,24.98,81.66,3.97,TNP_0007,4,2016
2016-08-24 13:00:00+00:00,0.0,0.0,23.91,88.99,3.32,TNP_0007,4,2016
2016-08-24 14:00:00+00:00,0.0,0.0,23.42,91.93,3.53,TNP_0007,4,2016
2016-08-24 15:00:00+00:00,0.0,0.0,23.06,93.52,3.8,TNP_0007,4,2016
2016-08-24 16:00:00+00:00,0.0,0.0,22.77,94.55,3.83,TNP_0007,4,2016
2016-08-24 17:00:00+00:00,0.0,0.0,22.55,95.16,3.77,TNP_0007,4,2016
2016-08-24 18:00:00+00:00,0.0,0.0,22.38,95.49,3.77,TNP_0007,4,2016
2016-08-24 19:00:00+00:00,0.0,0.0,22.23,95.8,3.78,TNP_0007,4,2016
2016-08-24 20:00:00+00:00,0.0,0.0,22.12,96.0,3.71,TNP_0007,4,2016
2016-08-24 21:00:00+00:00,0.0,0.0,22.03,96.28,3.4,TNP_0007,4,2016
2016-08-24 22:00:00+00:00,0.0,0.0,21.96,96.54,3.25,TNP_0007,4,2016
2016-08-24 23:00:00+00:00,0.0,0.0,21.9,96.81,3.11,TNP_0007,4,2016
2016-08-25 00:00:00+00:00,0.0,0.0,21.87,97.03,3.01,TNP_0007,4,2016
2016-08-25 01:00:00+00:00,52.65,103.9,22.54,94.95,3.74,TNP_0007,4,2016
2016-08-25 02:00:00+00:00,158.9,330.98,23.76,89.54,4.88,TNP_0007,4,2016
2016-08-25 03:00:00+00:00,312.38,566.05,25.29,79.63,5.99,TNP_0007,4,2016
2016-08-25 04:00:00+00:00,437.75,764.85,26.7,70.78,6.12,TNP_0007,4,2016
2016-08-25 05:00:00+00:00,622.1,903.55,27.62,65.87,5.79,TNP_0007,4,2016
2016-08-25 06:00:00+00:00,717.58,949.65,28.25,63.13,5.79,TNP_0007,4,2016
2016-08-25 07:00:00+00:00,625.97,945.28,28.22,62.47,5.9,TNP_0007,4,2016
2016-08-25 08:00:00+00:00,628.83,860.0,27.74,64.07,5.93,TNP_0007,4,2016
2016-08-25 09:00:00+00:00,562.33,711.83,27.17,67.0,5.79,TNP_0007,4,2016
2016-08-25 10:00:00+00:00,404.83,503.73,26.48,71.06,5.54,TNP_0007,4,2016
2016-08-25 11:00:00+00:00,237.3,279.33,25.62,76.43,5.18,TNP_0007,4,2016
2016-08-25 12:00:00+00:00,56.42,69.03,24.47,84.17,4.36,TNP_0007,4,2016
2016-08-25 13:00:00+00:00,0.0,0.0,23.43,90.84,4.03,TNP_0007,4,2016
2016-08-25 14:00:00+00:00,0.0,0.0,22.93,93.5,4.07,TNP_0007,4,2016
2016-08-25 15:00:00+00:00,0.0,0.0,22.64,94.45,3.93,TNP_0007,4,2016
2016-08-25 16:00:00+00:00,0.0,0.0,22.44,94.77,3.7,TNP_0007,4,2016
2016-08-25 17:00:00+00:00,0.0,0.0,22.25,95.25,3.55,TNP_0007,4,2016
2016-08-25 18:00:00+00:00,0.0,0.0,22.1,95.73,3.39,TNP_0007,4,2016
2016-08-25 19:00:00+00:00,0.0,0.0,21.98,95.97,3.4,TNP_0007,4,2016
2016-08-25 20:00:00+00:00,0.0,0.0,21.87,96.15,3.43,TNP_0007,4,2016
2016-08-25 21:00:00+00:00,0.0,0.0,21.74,96.42,3.3,TNP_0007,4,2016
2016-08-25 22:00:00+00:00,0.0,0.0,21.61,96.61,3.05,TNP_0007,4,2016
2016-08-25 23:00:00+00:00,0.0,0.0,21.42,97.12,2.74,TNP_0007,4,2016
2016-08-26 00:00:00+00:00,0.0,0.0,21.26,97.63,2.49,TNP_0007,4,2016
2016-08-26 01:00:00+00:00,88.8,100.22,22.16,93.57,3.42,TNP_0007,4,2016
2016-08-26 02:00:00+00:00,236.9,317.33,23.74,84.54,4.32,TNP_0007,4,2016
2016-08-26 03:00:00+00:00,426.48,548.25,25.62,73.41,4.8,TNP_0007,4,2016
2016-08-26 04:00:00+00:00,626.28,744.53,27.47,65.03,4.76,TNP_0007,4,2016
2016-08-26 05:00:00+00:00,630.88,884.05,28.98,59.29,4.69,TNP_0007,4,2016
2016-08-26 06:00:00+00:00,766.78,964.9,29.89,56.33,4.67,TNP_0007,4,2016
2016-08-26 07:00:00+00:00,712.55,956.6,30.1,55.78,4.73,TNP_0007,4,2016
2016-08-26 08:00:00+00:00,653.67,872.7,29.54,57.74,4.83,TNP_0007,4,2016
2016-08-26 09:00:00+00:00,455.55,717.8,28.53,62.3,4.81,TNP_0007,4,2016
2016-08-26 10:00:00+00:00,225.23,506.65,27.26,69.32,4.74,TNP_0007,4,2016
2016-08-26 11:00:00+00:00,96.97,267.4,25.94,77.48,4.45,TNP_0007,4,2016
2016-08-26 12:00:00+00:00,18.0,62.72,24.65,86.2,3.75,TNP_0007,4,2016
2016-08-26 13:00:00+00:00,0.0,0.0,23.68,92.39,3.26,TNP_0007,4,2016
2016-08-26 14:00:00+00:00,0.0,0.0,23.23,94.26,3.41,TNP_0007,4,2016
2016-08-26 15:00:00+00:00,0.0,0.0,22.91,94.94,3.52,TNP_0007,4,2016
2016-08-26 16:00:00+00:00,0.0,0.0,22.61,95.42,3.68,TNP_0007,4,2016
2016-08-26 17:00:00+00:00,0.0,0.0,22.33,95.68,3.99,TNP_0007,4,2016
2016-08-26 18:00:00+00:00,0.0,0.0,22.06,95.97,4.15,TNP_0007,4,2016
2016-08-26 19:00:00+00:00,0.0,0.0,21.84,96.1,4.09,TNP_0007,4,2016
2016-08-26 20:00:00+00:00,0.0,0.0,21.67,96.12,4.04,TNP_0007,4,2016
2016-08-26 21:00:00+00:00,0.0,0.0,21.52,96.26,3.83,TNP_0007,4,2016
2016-08-26 22:00:00+00:00,0.0,0.0,21.43,96.26,3.68,TNP_0007,4,2016
2016-08-26 23:00:00+00:00,0.0,0.0,21.32,96.66,3.22,TNP_0007,4,2016
2016-08-27 00:00:00+00:00,0.0,0.0,21.25,96.77,2.86,TNP_0007,4,2016
2016-08-27 01:00:00+00:00,45.4,93.35,21.79,95.06,3.24,TNP_0007,4,2016
2016-08-27 02:00:00+00:00,149.98,307.0,22.93,89.89,3.88,TNP_0007,4,2016
2016-08-27 03:00:00+00:00,282.6,534.78,24.68,79.44,4.69,TNP_0007,4,2016
2016-08-27 04:00:00+00:00,437.73,730.42,26.47,69.32,5.11,TNP_0007,4,2016
2016-08-27 05:00:00+00:00,555.85,868.08,27.37,64.86,5.32,TNP_0007,4,2016
2016-08-27 06:00:00+00:00,641.85,947.38,27.62,63.91,5.59,TNP_0007,4,2016
2016-08-27 07:00:00+00:00,669.12,936.42,27.6,64.46,5.87,TNP_0007,4,2016
2016-08-27 08:00:00+00:00,575.05,851.55,27.34,65.73,6.0,TNP_0007,4,2016
2016-08-27 09:00:00+00:00,471.77,696.88,26.93,67.64,6.0,TNP_0007,4,2016
2016-08-27 10:00:00+00:00,282.85,490.7,26.2,71.49,5.81,TNP_0007,4,2016
2016-08-27 11:00:00+00:00,152.27,262.7,25.28,77.32,5.24,TNP_0007,4,2016
2016-08-27 12:00:00+00:00,36.72,61.03,24.1,85.81,4.15,TNP_0007,4,2016
2016-08-27 13:00:00+00:00,0.0,0.0,23.07,92.69,3.67,TNP_0007,4,2016
2016-08-27 14:00:00+00:00,0.0,0.0,22.67,94.76,3.81,TNP_0007,4,2016
2016-08-27 15:00:00+00:00,0.0,0.0,22.41,95.62,3.96,TNP_0007,4,2016
2016-08-27 16:00:00+00:00,0.0,0.0,22.21,96.06,3.92,TNP_0007,4,2016
2016-08-27 17:00:00+00:00,0.0,0.0,22.02,96.23,3.9,TNP_0007,4,2016
2016-08-27 18:00:00+00:00,0.0,0.0,21.82,96.28,4.03,TNP_0007,4,2016
2016-08-27 19:00:00+00:00,0.0,0.0,21.63,96.34,4.22,TNP_0007,4,2016
2016-08-27 20:00:00+00:00,0.0,0.0,21.48,96.38,4.3,TNP_0007,4,2016
2016-08-27 21:00:00+00:00,0.0,0.0,21.35,96.41,4.14,TNP_0007,4,2016
2016-08-27 22:00:00+00:00,0.0,0.0,21.2,96.71,3.72,TNP_0007,4,2016
2016-08-27 23:00:00+00:00,0.0,0.0,21.09,97.1,3.15,TNP_0007,4,2016
2016-08-28 00:00:00+00:00,0.0,0.0,20.94,97.74,2.56,TNP_0007,4,2016
2016-08-28 01:00:00+00:00,59.62,91.57,21.71,95.59,3.11,TNP_0007,4,2016
2016-08-28 02:00:00+00:00,195.1,309.5,23.08,89.86,4.23,TNP_0007,4,2016
2016-08-28 03:00:00+00:00,364.7,546.05,25.08,77.65,5.41,TNP_0007,4,2016
2016-08-28 04:00:00+00:00,473.65,742.45,27.02,65.87,5.9,TNP_0007,4,2016
2016-08-28 05:00:00+00:00,576.53,886.85,28.17,60.51,5.99,TNP_0007,4,2016
2016-08-28 06:00:00+00:00,748.6,963.45,28.81,58.26,6.18,TNP_0007,4,2016
2016-08-28 07:00:00+00:00,651.28,953.78,29.0,58.13,6.4,TNP_0007,4,2016
2016-08-28 08:00:00+00:00,608.65,866.97,28.85,59.01,6.44,TNP_0007,4,2016
2016-08-28 09:00:00+00:00,483.33,711.95,28.36,60.91,6.24,TNP_0007,4,2016
2016-08-28 10:00:00+00:00,347.83,504.62,27.56,63.73,5.94,TNP_0007,4,2016
2016-08-28 11:00:00+00:00,195.12,278.55,26.57,67.73,5.42,TNP_0007,4,2016
2016-08-28 12:00:00+00:00,44.03,65.53,25.08,75.82,4.2,TNP_0007,4,2016
2016-08-28 13:00:00+00:00,0.0,0.0,23.59,85.12,3.09,TNP_0007,4,2016
2016-08-28 14:00:00+00:00,0.0,0.0,23.03,88.59,3.34,TNP_0007,4,2016
2016-08-28 15:00:00+00:00,0.0,0.0,22.61,91.05,3.35,TNP_0007,4,2016
2016-08-28 16:00:00+00:00,0.0,0.0,22.27,93.06,3.2,TNP_0007,4,2016
2016-08-28 17:00:00+00:00,0.0,0.0,22.0,94.08,3.19,TNP_0007,4,2016
2016-08-28 18:00:00+00:00,0.0,0.0,21.72,94.83,3.13,TNP_0007,4,2016
2016-08-28 19:00:00+00:00,0.0,0.0,21.48,95.39,2.87,TNP_0007,4,2016
2016-08-28 20:00:00+00:00,0.0,0.0,21.25,95.79,2.78,TNP_0007,4,2016
2016-08-28 21:00:00+00:00,0.0,0.0,20.98,96.51,2.5,TNP_0007,4,2016
2016-08-28 22:00:00+00:00,0.0,0.0,20.77,96.96,2.3,TNP_0007,4,2016
2016-08-28 23:00:00+00:00,0.0,0.0,20.61,97.21,2.22,TNP_0007,4,2016
2016-08-29 00:00:00+00:00,0.0,0.0,20.47,97.41,2.12,TNP_0007,4,2016
2016-08-29 01:00:00+00:00,64.7,103.2,21.2,94.37,2.65,TNP_0007,4,2016
2016-08-29 02:00:00+00:00,192.48,326.42,22.46,87.71,3.34,TNP_0007,4,2016
2016-08-29 03:00:00+00:00,363.25,562.65,24.37,75.4,4.3,TNP_0007,4,2016
2016-08-29 04:00:00+00:00,484.95,761.33,26.57,62.98,5.03,TNP_0007,4,2016
2016-08-29 05:00:00+00:00,637.65,904.85,28.64,54.14,5.46,TNP_0007,4,2016
2016-08-29 06:00:00+00:00,708.42,988.2,29.87,49.38,5.83,TNP_0007,4,2016
2016-08-29 07:00:00+00:00,659.47,975.3,30.3,48.19,6.17,TNP_0007,4,2016
2016-08-29 08:00:00+00:00,619.85,890.85,30.05,49.82,6.39,TNP_0007,4,2016
2016-08-29 09:00:00+00:00,614.17,733.25,29.26,53.29,6.43,TNP_0007,4,2016
2016-08-29 10:00:00+00:00,380.05,530.22,27.94,58.64,6.21,TNP_0007,4,2016
2016-08-29 11:00:00+00:00,176.25,287.98,26.47,65.46,5.72,TNP_0007,4,2016
2016-08-29 12:00:00+00:00,44.67,67.57,24.79,75.18,4.46,TNP_0007,4,2016
2016-08-29 13:00:00+00:00,0.0,0.0,23.46,84.39,3.67,TNP_0007,4,2016
2016-08-29 14:00:00+00:00,0.0,0.0,22.89,89.17,3.74,TNP_0007,4,2016
2016-08-29 15:00:00+00:00,0.0,0.0,22.55,92.02,3.94,TNP_0007,4,2016
2016-08-29 16:00:00+00:00,0.0,0.0,22.34,93.39,4.09,TNP_0007,4,2016
2016-08-29 17:00:00+00:00,0.0,0.0,22.17,93.78,4.24,TNP_0007,4,2016
2016-08-29 18:00:00+00:00,0.0,0.0,22.0,93.72,4.3,TNP_0007,4,2016
2016-08-29 19:00:00+00:00,0.0,0.0,21.79,93.92,4.21,TNP_0007,4,2016
2016-08-29 20:00:00+00:00,0.0,0.0,21.6,94.18,4.05,TNP_0007,4,2016
2016-08-29 21:00:00+00:00,0.0,0.0,21.44,94.53,3.62,TNP_0007,4,2016
2016-08-29 22:00:00+00:00,0.0,0.0,21.25,95.41,2.83,TNP_0007,4,2016
2016-08-29 23:00:00+00:00,0.0,0.0,21.1,96.16,2.09,TNP_0007,4,2016
2016-08-30 00:00:00+00:00,0.0,0.0,21.03,96.63,1.49,TNP_0007,4,2016
2016-08-30 01:00:00+00:00,36.08,104.5,21.71,94.71,1.62,TNP_0007,4,2016
2016-08-30 02:00:00+00:00,136.82,330.38,22.73,90.81,2.24,TNP_0007,4,2016
2016-08-30 03:00:00+00:00,265.88,563.62,24.07,83.68,3.25,TNP_0007,4,2016
2016-08-30 04:00:00+00:00,297.67,760.4,25.74,73.03,4.27,TNP_0007,4,2016
2016-08-30 05:00:00+00:00,343.8,898.75,27.22,65.19,5.02,TNP_0007,4,2016
2016-08-30 06:00:00+00:00,403.0,966.53,27.91,62.28,5.57,TNP_0007,4,2016
2016-08-30 07:00:00+00:00,405.6,956.88,28.0,62.48,5.92,TNP_0007,4,2016
2016-08-30 08:00:00+00:00,330.83,871.05,27.76,63.88,6.1,TNP_0007,4,2016
2016-08-30 09:00:00+00:00,292.8,715.65,27.08,66.78,6.1,TNP_0007,4,2016
2016-08-30 10:00:00+00:00,194.85,504.7,26.22,70.52,5.94,TNP_0007,4,2016
2016-08-30 11:00:00+00:00,97.3,267.42,25.17,76.02,5.5,TNP_0007,4,2016
2016-08-30 12:00:00+00:00,19.4,58.92,23.88,83.94,4.44,TNP_0007,4,2016
2016-08-30 13:00:00+00:00,0.0,0.0,22.78,89.95,4.08,TNP_0007,4,2016
2016-08-30 14:00:00+00:00,0.0,0.0,22.21,91.45,4.51,TNP_0007,4,2016
2016-08-30 15:00:00+00:00,0.0,0.0,21.72,92.19,4.64,TNP_0007,4,2016
2016-08-30 16:00:00+00:00,0.0,0.0,21.3,92.86,4.54,TNP_0007,4,2016
2016-08-30 17:00:00+00:00,0.0,0.0,20.94,93.34,4.33,TNP_0007,4,2016
2016-08-30 18:00:00+00:00,0.0,0.0,20.62,93.41,4.02,TNP_0007,4,2016
2016-08-30 19:00:00+00:00,0.0,0.0,20.36,93.34,3.59,TNP_0007,4,2016
2016-08-30 20:00:00+00:00,0.0,0.0,20.15,93.36,3.07,TNP_0007,4,2016
2016-08-30 21:00:00+00:00,0.0,0.0,20.0,93.71,2.31,TNP_0007,4,2016
2016-08-30 22:00:00+00:00,0.0,0.0,19.85,94.47,1.75,TNP_0007,4,2016
2016-08-30 23:00:00+00:00,0.0,0.0,19.67,94.36,2.04,TNP_0007,4,2016
2016-08-31 00:00:00+00:00,0.0,0.0,19.48,93.84,2.29,TNP_0007,4,2016
2016-08-31 01:00:00+00:00,42.78,97.32,20.19,90.51,2.7,TNP_0007,4,2016
2016-08-31 02:00:00+00:00,137.3,315.45,21.62,82.86,3.44,TNP_0007,4,2016
2016-08-31 03:00:00+00:00,247.32,552.55,23.7,70.78,4.82,TNP_0007,4,2016
2016-08-31 04:00:00+00:00,411.83,755.65,25.4,63.25,5.34,TNP_0007,4,2016
2016-08-31 05:00:00+00:00,511.85,895.47,26.57,59.87,5.54,TNP_0007,4,2016
2016-08-31 06:00:00+00:00,626.17,956.75,27.42,58.26,5.71,TNP_0007,4,2016
2016-08-31 07:00:00+00:00,587.65,947.9,27.68,58.46,5.74,TNP_0007,4,2016
2016-08-31 08:00:00+00:00,496.98,862.6,27.1,61.23,5.67,TNP_0007,4,2016
2016-08-31 09:00:00+00:00,492.27,706.35,26.35,64.8,5.66,TNP_0007,4,2016
2016-08-31 10:00:00+00:00,300.67,501.17,25.55,68.81,5.58,TNP_0007,4,2016
2016-08-31 11:00:00+00:00,142.0,266.9,24.7,73.34,5.27,TNP_0007,4,2016
2016-08-31 12:00:00+00:00,32.7,58.45,23.37,80.96,4.18,TNP_0007,4,2016
2016-08-31 13:00:00+00:00,0.0,0.0,22.03,88.86,3.44,TNP_0007,4,2016
2016-08-31 14:00:00+00:00,0.0,0.0,21.39,92.2,3.35,TNP_0007,4,2016
2016-08-31 15:00:00+00:00,0.0,0.0,20.93,94.13,3.15,TNP_0007,4,2016
2016-08-31 16:00:00+00:00,0.0,0.0,20.58,94.75,3.08,TNP_0007,4,2016
2016-08-31 17:00:00+00:00,0.0,0.0,20.2,94.96,3.04,TNP_0007,4,2016
2016-08-31 18:00:00+00:00,0.0,0.0,19.8,94.87,3.13,TNP_0007,4,2016
2016-08-31 19:00:00+00:00,0.0,0.0,19.39,94.9,3.23,TNP_0007,4,2016
2016-08-31 20:00:00+00:00,0.0,0.0,18.98,94.87,3.14,TNP_0007,4,2016
2016-08-31 21:00:00+00:00,0.0,0.0,18.61,94.73,3.01,TNP_0007,4,2016
2016-08-31 22:00:00+00:00,0.0,0.0,18.33,94.19,2.93,TNP_0007,4,2016
2016-08-31 23:00:00+00:00,0.0,0.0,18.15,93.71,2.78,TNP_0007,4,2016
2016-09-01 00:00:00+00:00,0.0,0.0,18.14,93.25,2.7,TNP_0007,4,2016
2016-09-01 01:00:00+00:00,46.03,101.4,19.22,89.79,3.2,TNP_0007,4,2016
2016-09-01 02:00:00+00:00,146.2,326.73,21.19,82.67,4.1,TNP_0007,4,2016
2016-09-01 03:00:00+00:00,258.4,561.3,23.68,70.84,5.61,TNP_0007,4,2016
2016-09-01 04:00:00+00:00,454.23,758.15,25.44,63.17,5.81,TNP_0007,4,2016
2016-09-01 05:00:00+00:00,547.35,894.65,26.66,59.44,5.65,TNP_0007,4,2016
2016-09-01 06:00:00+00:00,696.17,965.6,27.56,57.08,5.62,TNP_0007,4,2016
2016-09-01 07:00:00+00:00,642.25,955.6,28.0,56.37,5.66,TNP_0007,4,2016
2016-09-01 08:00:00+00:00,559.25,871.28,27.89,57.4,5.7,TNP_0007,4,2016
2016-09-01 09:00:00+00:00,463.73,717.83,27.24,60.26,5.83,TNP_0007,4,2016
2016-09-01 10:00:00+00:00,336.98,511.38,26.3,64.46,5.96,TNP_0007,4,2016
2016-09-01 11:00:00+00:00,156.4,276.42,25.25,69.65,5.69,TNP_0007,4,2016
2016-09-01 12:00:00+00:00,31.08,61.45,23.77,77.78,4.48,TNP_0007,4,2016
2016-09-01 13:00:00+00:00,0.0,0.0,22.17,86.9,3.28,TNP_0007,4,2016
2016-09-01 14:00:00+00:00,0.0,0.0,21.41,91.41,2.61,TNP_0007,4,2016
2016-09-01 15:00:00+00:00,0.0,0.0,20.94,94.1,2.06,TNP_0007,4,2016
2016-09-01 16:00:00+00:00,0.0,0.0,20.66,95.09,1.96,TNP_0007,4,2016
2016-09-01 17:00:00+00:00,0.0,0.0,20.42,95.37,2.0,TNP_0007,4,2016
2016-09-01 18:00:00+00:00,0.0,0.0,20.13,95.63,2.17,TNP_0007,4,2016
2016-09-01 19:00:00+00:00,0.0,0.0,19.8,95.89,2.5,TNP_0007,4,2016
2016-09-01 20:00:00+00:00,0.0,0.0,19.46,96.32,2.73,TNP_0007,4,2016
2016-09-01 21:00:00+00:00,0.0,0.0,19.24,96.66,2.69,TNP_0007,4,2016
2016-09-01 22:00:00+00:00,0.0,0.0,19.2,96.7,2.61,TNP_0007,4,2016
2016-09-01 23:00:00+00:00,0.0,0.0,19.24,96.77,2.48,TNP_0007,4,2016
2016-09-02 00:00:00+00:00,0.0,0.0,19.33,96.84,2.53,TNP_0007,4,2016
2016-09-02 01:00:00+00:00,51.5,103.68,20.05,95.3,3.22,TNP_0007,4,2016
2016-09-02 02:00:00+00:00,159.35,332.2,21.31,91.86,3.86,TNP_0007,4,2016
2016-09-02 03:00:00+00:00,320.55,567.95,22.93,83.16,5.05,TNP_0007,4,2016
2016-09-02 04:00:00+00:00,298.8,766.15,24.89,70.68,5.81,TNP_0007,4,2016
2016-09-02 05:00:00+00:00,350.73,903.72,26.34,62.86,6.14,TNP_0007,4,2016
2016-09-02 06:00:00+00:00,393.08,915.47,27.25,58.37,6.42,TNP_0007,4,2016
2016-09-02 07:00:00+00:00,447.23,909.12,27.66,56.39,6.67,TNP_0007,4,2016
2016-09-02 08:00:00+00:00,483.75,824.15,27.5,56.9,6.71,TNP_0007,4,2016
2016-09-02 09:00:00+00:00,435.8,667.0,27.03,59.05,6.52,TNP_0007,4,2016
2016-09-02 10:00:00+00:00,296.17,466.88,26.33,62.14,6.2,TNP_0007,4,2016
2016-09-02 11:00:00+00:00,147.48,242.93,25.35,66.34,5.76,TNP_0007,4,2016
2016-09-02 12:00:00+00:00,32.97,52.3,23.93,73.67,4.55,TNP_0007,4,2016
2016-09-02 13:00:00+00:00,0.0,0.0,22.42,82.29,3.44,TNP_0007,4,2016
2016-09-02 14:00:00+00:00,0.0,0.0,21.77,86.08,3.48,TNP_0007,4,2016
2016-09-02 15:00:00+00:00,0.0,0.0,21.26,89.21,3.4,TNP_0007,4,2016
2016-09-02 16:00:00+00:00,0.0,0.0,20.91,91.43,3.25,TNP_0007,4,2016
2016-09-02 17:00:00+00:00,0.0,0.0,20.58,93.54,3.14,TNP_0007,4,2016
2016-09-02 18:00:00+00:00,0.0,0.0,20.33,94.67,3.16,TNP_0007,4,2016
2016-09-02 19:00:00+00:00,0.0,0.0,20.15,95.27,3.24,TNP_0007,4,2016
2016-09-02 20:00:00+00:00,0.0,0.0,20.05,95.72,3.2,TNP_0007,4,2016
2016-09-02 21:00:00+00:00,0.0,0.0,20.01,96.04,3.07,TNP_0007,4,2016
2016-09-02 22:00:00+00:00,0.0,0.0,20.02,96.14,3.06,TNP_0007,4,2016
2016-09-02 23:00:00+00:00,0.0,0.0,19.98,96.44,2.98,TNP_0007,4,2016
2016-09-03 00:00:00+00:00,0.0,0.0,19.91,96.78,2.78,TNP_0007,4,2016
2016-09-03 01:00:00+00:00,73.0,108.03,20.63,93.43,3.37,TNP_0007,4,2016
2016-09-03 02:00:00+00:00,238.88,340.58,21.99,85.9,4.31,TNP_0007,4,2016
2016-09-03 03:00:00+00:00,435.83,579.55,23.61,76.68,5.07,TNP_0007,4,2016
2016-09-03 04:00:00+00:00,703.42,780.42,25.25,69.66,5.07,TNP_0007,4,2016
2016-09-03 05:00:00+00:00,671.65,917.22,26.71,64.61,4.72,TNP_0007,4,2016
2016-09-03 06:00:00+00:00,821.0,960.45,27.57,61.84,4.42,TNP_0007,4,2016
2016-09-03 07:00:00+00:00,748.4,945.83,28.09,60.4,4.36,TNP_0007,4,2016
2016-09-03 08:00:00+00:00,662.65,857.75,28.25,60.13,4.49,TNP_0007,4,2016
2016-09-03 09:00:00+00:00,560.62,700.12,27.97,61.19,4.83,TNP_0007,4,2016
2016-09-03 10:00:00+00:00,357.67,490.08,27.31,63.72,5.04,TNP_0007,4,2016
2016-09-03 11:00:00+00:00,180.5,255.8,26.31,67.96,4.76,TNP_0007,4,2016
2016-09-03 12:00:00+00:00,38.4,52.33,24.8,76.84,3.31,TNP_0007,4,2016
2016-09-03 13:00:00+00:00,0.0,0.0,23.06,88.53,2.19,TNP_0007,4,2016
2016-09-03 14:00:00+00:00,0.0,0.0,22.48,91.85,2.4,TNP_0007,4,2016
2016-09-03 15:00:00+00:00,0.0,0.0,22.06,94.57,2.53,TNP_0007,4,2016
2016-09-03 16:00:00+00:00,0.0,0.0,21.76,96.57,2.58,TNP_0007,4,2016
2016-09-03 17:00:00+00:00,0.0,0.0,21.6,97.32,2.7,TNP_0007,4,2016
2016-09-03 18:00:00+00:00,0.0,0.0,21.55,97.14,2.72,TNP_0007,4,2016
2016-09-03 19:00:00+00:00,0.0,0.0,21.51,97.02,2.72,TNP_0007,4,2016
2016-09-03 20:00:00+00:00,0.0,0.0,21.42,97.09,2.7,TNP_0007,4,2016
2016-09-03 21:00:00+00:00,0.0,0.0,21.36,96.59,2.73,TNP_0007,4,2016
2016-09-03 22:00:00+00:00,0.0,0.0,21.17,96.97,2.3,TNP_0007,4,2016
2016-09-03 23:00:00+00:00,0.0,0.0,21.05,97.01,2.17,TNP_0007,4,2016
2016-09-04 00:00:00+00:00,0.0,0.0,20.85,97.47,2.1,TNP_0007,4,2016
2016-09-04 01:00:00+00:00,60.25,101.65,21.65,94.31,2.93,TNP_0007,4,2016
2016-09-04 02:00:00+00:00,182.32,327.45,22.97,87.11,3.63,TNP_0007,4,2016
2016-09-04 03:00:00+00:00,330.3,565.22,24.99,73.79,4.25,TNP_0007,4,2016
2016-09-04 04:00:00+00:00,493.35,765.83,26.58,64.44,4.69,TNP_0007,4,2016
2016-09-04 05:00:00+00:00,623.75,906.03,27.39,60.56,4.89,TNP_0007,4,2016
2016-09-04 06:00:00+00:00,710.97,975.47,27.95,58.33,5.13,TNP_0007,4,2016
2016-09-04 07:00:00+00:00,671.67,968.47,28.34,57.12,5.33,TNP_0007,4,2016
2016-09-04 08:00:00+00:00,586.55,885.9,28.34,57.35,5.51,TNP_0007,4,2016
2016-09-04 09:00:00+00:00,541.67,734.28,28.08,58.6,5.55,TNP_0007,4,2016
2016-09-04 10:00:00+00:00,365.62,526.92,27.49,61.12,5.47,TNP_0007,4,2016
2016-09-04 11:00:00+00:00,182.32,286.92,26.42,65.85,5.11,TNP_0007,4,2016
2016-09-04 12:00:00+00:00,39.0,61.35,24.82,75.03,3.7,TNP_0007,4,2016
2016-09-04 13:00:00+00:00,0.0,0.0,23.1,86.43,2.29,TNP_0007,4,2016
2016-09-04 14:00:00+00:00,0.0,0.0,22.49,90.74,2.19,TNP_0007,4,2016
2016-09-04 15:00:00+00:00,0.0,0.0,22.0,93.83,2.11,TNP_0007,4,2016
2016-09-04 16:00:00+00:00,0.0,0.0,21.59,96.37,2.06,TNP_0007,4,2016
2016-09-04 17:00:00+00:00,0.0,0.0,21.31,97.66,2.12,TNP_0007,4,2016
2016-09-04 18:00:00+00:00,0.0,0.0,21.18,97.97,2.3,TNP_0007,4,2016
2016-09-04 19:00:00+00:00,0.0,0.0,21.01,98.19,2.31,TNP_0007,4,2016
2016-09-04 20:00:00+00:00,0.0,0.0,20.9,98.04,2.46,TNP_0007,4,2016
2016-09-04 21:00:00+00:00,0.0,0.0,20.79,97.9,2.79,TNP_0007,4,2016
2016-09-04 22:00:00+00:00,0.0,0.0,20.72,97.33,2.99,TNP_0007,4,2016
2016-09-04 23:00:00+00:00,0.0,0.0,20.63,96.91,2.91,TNP_0007,4,2016
2016-09-05 00:00:00+00:00,0.0,0.0,20.43,97.73,2.61,TNP_0007,4,2016
2016-09-05 01:00:00+00:00,61.1,115.0,21.4,92.9,3.31,TNP_0007,4,2016
2016-09-05 02:00:00+00:00,222.65,349.8,23.19,82.44,4.16,TNP_0007,4,2016
2016-09-05 03:00:00+00:00,424.65,586.7,25.34,70.79,4.82,TNP_0007,4,2016
2016-09-05 04:00:00+00:00,607.78,783.58,26.93,62.25,5.24,TNP_0007,4,2016
2016-09-05 05:00:00+00:00,697.95,920.67,27.94,57.22,5.46,TNP_0007,4,2016
2016-09-05 06:00:00+00:00,702.85,972.33,28.77,53.85,5.68,TNP_0007,4,2016
2016-09-05 07:00:00+00:00,796.25,964.42,29.31,52.0,5.79,TNP_0007,4,2016
2016-09-05 08:00:00+00:00,733.47,880.4,29.4,51.87,5.82,TNP_0007,4,2016
2016-09-05 09:00:00+00:00,576.03,722.08,28.89,53.7,5.84,TNP_0007,4,2016
2016-09-05 10:00:00+00:00,433.23,518.92,27.96,57.36,5.75,TNP_0007,4,2016
2016-09-05 11:00:00+00:00,216.57,279.5,26.76,63.13,5.23,TNP_0007,4,2016
2016-09-05 12:00:00+00:00,43.7,57.88,25.04,73.38,3.67,TNP_0007,4,2016
2016-09-05 13:00:00+00:00,0.0,0.0,23.22,85.49,2.43,TNP_0007,4,2016
2016-09-05 14:00:00+00:00,0.0,0.0,22.63,89.89,2.59,TNP_0007,4,2016
2016-09-05 15:00:00+00:00,0.0,0.0,22.05,93.86,2.49,TNP_0007,4,2016
2016-09-05 16:00:00+00:00,0.0,0.0,21.52,97.19,2.41,TNP_0007,4,2016
2016-09-05 17:00:00+00:00,0.0,0.0,21.28,98.45,2.49,TNP_0007,4,2016
2016-09-05 18:00:00+00:00,0.0,0.0,21.25,98.04,2.84,TNP_0007,4,2016
2016-09-05 19:00:00+00:00,0.0,0.0,21.04,97.97,3.05,TNP_0007,4,2016
2016-09-05 20:00:00+00:00,0.0,0.0,20.82,97.71,2.99,TNP_0007,4,2016
2016-09-05 21:00:00+00:00,0.0,0.0,20.63,97.58,2.88,TNP_0007,4,2016
2016-09-05 22:00:00+00:00,0.0,0.0,20.38,98.71,2.51,TNP_0007,4,2016
2016-09-05 23:00:00+00:00,0.0,0.0,20.15,100.0,2.22,TNP_0007,4,2016
2016-09-06 00:00:00+00:00,0.0,0.0,20.07,100.0,2.12,TNP_0007,4,2016
2016-09-06 01:00:00+00:00,85.4,113.57,21.33,93.8,3.06,TNP_0007,4,2016
2016-09-06 02:00:00+00:00,245.32,344.55,23.31,82.65,4.06,TNP_0007,4,2016
2016-09-06 03:00:00+00:00,443.1,581.7,25.38,71.2,4.65,TNP_0007,4,2016
2016-09-06 04:00:00+00:00,613.88,779.15,27.13,62.78,5.01,TNP_0007,4,2016
2016-09-06 05:00:00+00:00,703.8,920.35,28.3,57.67,5.43,TNP_0007,4,2016
2016-09-06 06:00:00+00:00,727.6,925.78,28.72,55.81,5.9,TNP_0007,4,2016
2016-09-06 07:00:00+00:00,623.42,918.78,28.64,56.12,6.25,TNP_0007,4,2016
2016-09-06 08:00:00+00:00,625.05,835.53,28.3,57.69,6.42,TNP_0007,4,2016
2016-09-06 09:00:00+00:00,504.08,683.53,27.79,59.81,6.49,TNP_0007,4,2016
2016-09-06 10:00:00+00:00,361.95,485.73,26.98,62.71,6.46,TNP_0007,4,2016
2016-09-06 11:00:00+00:00,181.25,253.6,25.87,67.47,6.02,TNP_0007,4,2016
2016-09-06 12:00:00+00:00,36.85,50.12,24.35,75.87,4.7,TNP_0007,4,2016
2016-09-06 13:00:00+00:00,0.0,0.0,22.96,84.8,3.55,TNP_0007,4,2016
2016-09-06 14:00:00+00:00,0.0,0.0,22.37,88.68,3.46,TNP_0007,4,2016
2016-09-06 15:00:00+00:00,0.0,0.0,21.92,91.44,3.24,TNP_0007,4,2016
2016-09-06 16:00:00+00:00,0.0,0.0,21.55,93.38,3.16,TNP_0007,4,2016
2016-09-06 17:00:00+00:00,0.0,0.0,21.23,94.68,3.05,TNP_0007,4,2016
2016-09-06 18:00:00+00:00,0.0,0.0,20.81,96.06,3.12,TNP_0007,4,2016
2016-09-06 19:00:00+00:00,0.0,0.0,20.47,96.76,3.33,TNP_0007,4,2016
2016-09-06 20:00:00+00:00,0.0,0.0,20.22,96.92,3.34,TNP_0007,4,2016
2016-09-06 21:00:00+00:00,0.0,0.0,20.01,97.18,3.18,TNP_0007,4,2016
2016-09-06 22:00:00+00:00,0.0,0.0,19.87,97.37,2.9,TNP_0007,4,2016
2016-09-06 23:00:00+00:00,0.0,0.0,19.72,97.9,2.5,TNP_0007,4,2016
2016-09-07 00:00:00+00:00,0.0,0.0,19.58,98.54,2.19,TNP_0007,4,2016
2016-09-07 01:00:00+00:00,88.72,109.57,20.53,94.09,2.82,TNP_0007,4,2016
2016-09-07 02:00:00+00:00,304.35,346.38,22.23,85.12,4.03,TNP_0007,4,2016
2016-09-07 03:00:00+00:00,499.73,581.6,24.17,74.06,4.87,TNP_0007,4,2016
2016-09-07 04:00:00+00:00,657.15,782.47,25.91,65.01,5.08,TNP_0007,4,2016
2016-09-07 05:00:00+00:00,761.62,922.12,27.26,58.73,5.12,TNP_0007,4,2016
2016-09-07 06:00:00+00:00,839.15,994.3,28.22,54.55,5.23,TNP_0007,4,2016
2016-09-07 07:00:00+00:00,808.33,983.53,28.77,52.17,5.4,TNP_0007,4,2016
2016-09-07 08:00:00+00:00,773.35,896.72,28.91,51.39,5.51,TNP_0007,4,2016
2016-09-07 09:00:00+00:00,693.2,744.3,28.53,52.47,5.58,TNP_0007,4,2016
2016-09-07 10:00:00+00:00,456.1,528.4,27.72,55.4,5.48,TNP_0007,4,2016
2016-09-07 11:00:00+00:00,263.6,287.9,26.48,60.69,5.14,TNP_0007,4,2016
2016-09-07 12:00:00+00:00,50.0,58.38,24.63,70.58,3.93,TNP_0007,4,2016
2016-09-07 13:00:00+00:00,0.0,0.0,22.58,83.58,2.75,TNP_0007,4,2016
2016-09-07 14:00:00+00:00,0.0,0.0,21.88,88.31,2.89,TNP_0007,4,2016
2016-09-07 15:00:00+00:00,0.0,0.0,21.3,92.15,2.78,TNP_0007,4,2016
2016-09-07 16:00:00+00:00,0.0,0.0,20.86,95.09,2.74,TNP_0007,4,2016
2016-09-07 17:00:00+00:00,0.0,0.0,20.6,96.73,3.0,TNP_0007,4,2016
2016-09-07 18:00:00+00:00,0.0,0.0,20.54,96.84,3.28,TNP_0007,4,2016
2016-09-07 19:00:00+00:00,0.0,0.0,20.5,96.81,3.39,TNP_0007,4,2016
2016-09-07 20:00:00+00:00,0.0,0.0,20.44,96.91,3.3,TNP_0007,4,2016
2016-09-07 21:00:00+00:00,0.0,0.0,20.37,97.03,2.96,TNP_0007,4,2016
2016-09-07 22:00:00+00:00,0.0,0.0,20.25,97.43,2.68,TNP_0007,4,2016
2016-09-07 23:00:00+00:00,0.0,0.0,20.11,98.04,2.57,TNP_0007,4,2016
2016-09-08 00:00:00+00:00,0.0,0.0,20.03,98.37,2.5,TNP_0007,4,2016
2016-09-08 01:00:00+00:00,108.1,122.15,21.04,93.4,3.22,TNP_0007,4,2016
2016-09-08 02:00:00+00:00,283.6,359.7,22.96,82.68,4.32,TNP_0007,4,2016
2016-09-08 03:00:00+00:00,501.77,598.75,25.14,70.84,4.9,TNP_0007,4,2016
2016-09-08 04:00:00+00:00,682.47,797.15,26.96,61.54,5.08,TNP_0007,4,2016
2016-09-08 05:00:00+00:00,825.97,935.15,28.33,55.53,5.13,TNP_0007,4,2016
2016-09-08 06:00:00+00:00,755.95,990.5,29.26,52.13,5.27,TNP_0007,4,2016
2016-09-08 07:00:00+00:00,716.6,982.53,29.58,50.88,5.51,TNP_0007,4,2016
2016-09-08 08:00:00+00:00,585.8,890.12,29.31,51.93,5.77,TNP_0007,4,2016
2016-09-08 09:00:00+00:00,475.67,736.03,28.55,54.55,5.83,TNP_0007,4,2016
2016-09-08 10:00:00+00:00,311.8,521.3,27.57,58.12,5.71,TNP_0007,4,2016
2016-09-08 11:00:00+00:00,144.3,275.85,26.42,62.98,5.47,TNP_0007,4,2016
2016-09-08 12:00:00+00:00,30.05,53.53,24.81,71.49,4.49,TNP_0007,4,2016
2016-09-08 13:00:00+00:00,0.0,0.0,23.11,82.68,3.25,TNP_0007,4,2016
2016-09-08 14:00:00+00:00,0.0,0.0,22.43,87.99,3.27,TNP_0007,4,2016
2016-09-08 15:00:00+00:00,0.0,0.0,21.99,91.51,3.2,TNP_0007,4,2016
2016-09-08 16:00:00+00:00,0.0,0.0,21.8,92.95,3.01,TNP_0007,4,2016
2016-09-08 17:00:00+00:00,0.0,0.0,21.64,93.92,2.58,TNP_0007,4,2016
2016-09-08 18:00:00+00:00,0.0,0.0,21.42,95.14,2.45,TNP_0007,4,2016
2016-09-08 19:00:00+00:00,0.0,0.0,21.3,95.78,2.46,TNP_0007,4,2016
2016-09-08 20:00:00+00:00,0.0,0.0,21.21,96.13,2.48,TNP_0007,4,2016
2016-09-08 21:00:00+00:00,0.0,0.0,21.07,96.52,2.28,TNP_0007,4,2016
2016-09-08 22:00:00+00:00,0.0,0.0,20.92,96.81,2.12,TNP_0007,4,2016
2016-09-08 23:00:00+00:00,0.0,0.0,20.7,97.48,2.0,TNP_0007,4,2016
2016-09-09 00:00:00+00:00,0.0,0.0,20.54,97.76,1.91,TNP_0007,4,2016
2016-09-09 01:00:00+00:00,77.18,112.72,21.64,91.32,2.79,TNP_0007,4,2016
2016-09-09 02:00:00+00:00,195.95,342.42,23.58,78.44,3.27,TNP_0007,4,2016
2016-09-09 03:00:00+00:00,398.52,582.75,25.91,63.93,3.22,TNP_0007,4,2016
2016-09-09 04:00:00+00:00,455.6,779.42,27.97,54.77,2.96,TNP_0007,4,2016
2016-09-09 05:00:00+00:00,583.2,911.72,29.49,49.87,2.94,TNP_0007,4,2016
2016-09-09 06:00:00+00:00,784.92,967.6,30.25,47.83,3.28,TNP_0007,4,2016
2016-09-09 07:00:00+00:00,757.3,954.35,30.58,47.08,3.82,TNP_0007,4,2016
2016-09-09 08:00:00+00:00,735.4,863.8,30.78,46.77,4.32,TNP_0007,4,2016
2016-09-09 09:00:00+00:00,555.55,702.0,30.56,47.43,4.56,TNP_0007,4,2016
2016-09-09 10:00:00+00:00,418.3,494.3,29.79,49.63,4.6,TNP_0007,4,2016
2016-09-09 11:00:00+00:00,191.1,252.18,28.53,53.93,4.37,TNP_0007,4,2016
2016-09-09 12:00:00+00:00,34.6,45.9,26.48,64.7,3.13,TNP_0007,4,2016
2016-09-09 13:00:00+00:00,0.0,0.0,24.22,78.29,2.42,TNP_0007,4,2016
2016-09-09 14:00:00+00:00,0.0,0.0,23.39,83.1,2.45,TNP_0007,4,2016
2016-09-09 15:00:00+00:00,0.0,0.0,22.73,87.26,2.37,TNP_0007,4,2016
2016-09-09 16:00:00+00:00,0.0,0.0,22.26,90.21,2.3,TNP_0007,4,2016
2016-09-09 17:00:00+00:00,0.0,0.0,21.85,92.47,2.28,TNP_0007,4,2016
2016-09-09 18:00:00+00:00,0.0,0.0,21.57,93.92,2.27,TNP_0007,4,2016
2016-09-09 19:00:00+00:00,0.0,0.0,21.29,95.39,2.15,TNP_0007,4,2016
2016-09-09 20:00:00+00:00,0.0,0.0,21.04,97.04,2.06,TNP_0007,4,2016
2016-09-09 21:00:00+00:00,0.0,0.0,20.94,97.78,1.94,TNP_0007,4,2016
2016-09-09 22:00:00+00:00,0.0,0.0,20.94,97.92,1.86,TNP_0007,4,2016
2016-09-09 23:00:00+00:00,0.0,0.0,20.89,98.16,1.81,TNP_0007,4,2016
2016-09-10 00:00:00+00:00,0.0,0.0,20.77,98.67,1.64,TNP_0007,4,2016
2016-09-10 01:00:00+00:00,90.68,103.28,21.91,93.0,2.43,TNP_0007,4,2016
2016-09-10 02:00:00+00:00,273.55,331.3,23.86,81.78,3.14,TNP_0007,4,2016
2016-09-10 03:00:00+00:00,444.23,563.12,26.15,68.8,3.06,TNP_0007,4,2016
2016-09-10 04:00:00+00:00,615.35,763.4,28.03,60.1,2.59,TNP_0007,4,2016
2016-09-10 05:00:00+00:00,718.45,902.03,29.1,55.99,2.56,TNP_0007,4,2016
2016-09-10 06:00:00+00:00,795.62,958.65,29.49,54.62,2.97,TNP_0007,4,2016
2016-09-10 07:00:00+00:00,796.0,945.12,29.34,55.1,3.55,TNP_0007,4,2016
2016-09-10 08:00:00+00:00,700.35,855.95,29.09,56.11,4.11,TNP_0007,4,2016
2016-09-10 09:00:00+00:00,593.05,696.75,28.7,57.73,4.6,TNP_0007,4,2016
2016-09-10 10:00:00+00:00,444.85,492.35,27.94,60.97,4.94,TNP_0007,4,2016
2016-09-10 11:00:00+00:00,223.4,252.1,26.94,65.77,4.86,TNP_0007,4,2016
2016-09-10 12:00:00+00:00,38.05,45.2,25.41,74.4,3.85,TNP_0007,4,2016
2016-09-10 13:00:00+00:00,0.0,0.0,23.49,86.21,2.79,TNP_0007,4,2016
2016-09-10 14:00:00+00:00,0.0,0.0,22.76,90.16,2.85,TNP_0007,4,2016
2016-09-10 15:00:00+00:00,0.0,0.0,22.28,92.5,2.73,TNP_0007,4,2016
2016-09-10 16:00:00+00:00,0.0,0.0,21.94,93.79,2.84,TNP_0007,4,2016
2016-09-10 17:00:00+00:00,0.0,0.0,21.61,95.11,2.83,TNP_0007,4,2016
2016-09-10 18:00:00+00:00,0.0,0.0,21.33,96.09,2.87,TNP_0007,4,2016
2016-09-10 19:00:00+00:00,0.0,0.0,21.09,96.71,2.85,TNP_0007,4,2016
2016-09-10 20:00:00+00:00,0.0,0.0,20.86,97.17,2.69,TNP_0007,4,2016
2016-09-10 21:00:00+00:00,0.0,0.0,20.61,97.59,2.49,TNP_0007,4,2016
2016-09-10 22:00:00+00:00,0.0,0.0,20.42,97.76,2.23,TNP_0007,4,2016
2016-09-10 23:00:00+00:00,0.0,0.0,20.14,98.26,2.07,TNP_0007,4,2016
2016-09-11 00:00:00+00:00,0.0,0.0,19.82,98.41,2.15,TNP_0007,4,2016
2016-09-11 01:00:00+00:00,76.1,110.85,20.88,93.5,2.97,TNP_0007,4,2016
2016-09-11 02:00:00+00:00,255.73,344.9,22.68,83.82,3.54,TNP_0007,4,2016
2016-09-11 03:00:00+00:00,464.12,584.25,25.08,69.7,3.74,TNP_0007,4,2016
2016-09-11 04:00:00+00:00,675.17,783.05,27.54,56.15,3.73,TNP_0007,4,2016
2016-09-11 05:00:00+00:00,720.97,920.25,29.41,48.47,3.71,TNP_0007,4,2016
2016-09-11 06:00:00+00:00,874.42,987.45,30.68,44.68,3.99,TNP_0007,4,2016
2016-09-11 07:00:00+00:00,878.55,971.33,31.19,44.0,4.59,TNP_0007,4,2016
2016-09-11 08:00:00+00:00,689.2,879.33,30.88,46.21,5.32,TNP_0007,4,2016
2016-09-11 09:00:00+00:00,483.12,716.92,29.75,50.84,5.67,TNP_0007,4,2016
2016-09-11 10:00:00+00:00,337.4,500.08,28.33,56.78,5.65,TNP_0007,4,2016
2016-09-11 11:00:00+00:00,167.9,256.15,26.89,63.66,5.3,TNP_0007,4,2016
2016-09-11 12:00:00+00:00,34.05,44.97,25.26,72.94,4.38,TNP_0007,4,2016
2016-09-11 13:00:00+00:00,0.0,0.0,23.83,82.14,3.44,TNP_0007,4,2016
2016-09-11 14:00:00+00:00,0.0,0.0,23.09,87.34,3.0,TNP_0007,4,2016
2016-09-11 15:00:00+00:00,0.0,0.0,22.58,90.62,2.81,TNP_0007,4,2016
2016-09-11 16:00:00+00:00,0.0,0.0,22.22,92.75,2.83,TNP_0007,4,2016
2016-09-11 17:00:00+00:00,0.0,0.0,21.96,94.04,2.77,TNP_0007,4,2016
2016-09-11 18:00:00+00:00,0.0,0.0,21.71,95.15,2.7,TNP_0007,4,2016
2016-09-11 19:00:00+00:00,0.0,0.0,21.49,95.9,2.63,TNP_0007,4,2016
2016-09-11 20:00:00+00:00,0.0,0.0,21.31,96.42,2.64,TNP_0007,4,2016
2016-09-11 21:00:00+00:00,0.0,0.0,21.15,96.25,2.76,TNP_0007,4,2016
2016-09-11 22:00:00+00:00,0.0,0.0,20.94,96.35,2.67,TNP_0007,4,2016
2016-09-11 23:00:00+00:00,0.0,0.0,20.73,96.35,2.53,TNP_0007,4,2016
2016-09-12 00:00:00+00:00,0.0,0.0,20.51,96.49,2.34,TNP_0007,4,2016
2016-09-12 01:00:00+00:00,97.68,108.57,21.22,92.08,2.82,TNP_0007,4,2016
2016-09-12 02:00:00+00:00,290.2,341.3,22.73,82.27,3.34,TNP_0007,4,2016
2016-09-12 03:00:00+00:00,434.83,573.92,24.59,69.52,3.77,TNP_0007,4,2016
2016-09-12 04:00:00+00:00,630.0,772.9,26.61,56.59,4.16,TNP_0007,4,2016
2016-09-12 05:00:00+00:00,762.67,910.92,28.36,48.3,4.36,TNP_0007,4,2016
2016-09-12 06:00:00+00:00,799.05,986.6,29.52,44.33,4.58,TNP_0007,4,2016
2016-09-12 07:00:00+00:00,829.6,971.5,30.01,43.18,4.81,TNP_0007,4,2016
2016-09-12 08:00:00+00:00,641.95,880.85,29.89,44.12,4.98,TNP_0007,4,2016
2016-09-12 09:00:00+00:00,553.38,721.3,29.22,47.01,5.08,TNP_0007,4,2016
2016-09-12 10:00:00+00:00,419.9,507.27,28.05,52.17,5.05,TNP_0007,4,2016
2016-09-12 11:00:00+00:00,228.4,267.62,26.63,60.1,4.69,TNP_0007,4,2016
2016-09-12 12:00:00+00:00,37.67,47.47,24.88,72.19,3.44,TNP_0007,4,2016
2016-09-12 13:00:00+00:00,0.0,0.0,23.41,83.69,2.8,TNP_0007,4,2016
2016-09-12 14:00:00+00:00,0.0,0.0,22.81,89.29,2.83,TNP_0007,4,2016
2016-09-12 15:00:00+00:00,0.0,0.0,22.42,92.71,2.97,TNP_0007,4,2016
2016-09-12 16:00:00+00:00,0.0,0.0,22.13,94.78,2.98,TNP_0007,4,2016
2016-09-12 17:00:00+00:00,0.0,0.0,21.98,95.52,2.85,TNP_0007,4,2016
2016-09-12 18:00:00+00:00,0.0,0.0,21.77,96.51,2.59,TNP_0007,4,2016
2016-09-12 19:00:00+00:00,0.0,0.0,21.64,96.96,2.65,TNP_0007,4,2016
2016-09-12 20:00:00+00:00,0.0,0.0,21.45,97.6,2.59,TNP_0007,4,2016
2016-09-12 21:00:00+00:00,0.0,0.0,21.21,98.22,2.39,TNP_0007,4,2016
2016-09-12 22:00:00+00:00,0.0,0.0,21.08,97.8,2.6,TNP_0007,4,2016
2016-09-12 23:00:00+00:00,0.0,0.0,20.79,98.25,2.42,TNP_0007,4,2016
2016-09-13 00:00:00+00:00,0.0,0.0,20.51,98.73,2.15,TNP_0007,4,2016
2016-09-13 01:00:00+00:00,87.43,113.55,21.73,91.92,2.91,TNP_0007,4,2016
2016-09-13 02:00:00+00:00,230.45,344.6,23.51,81.22,3.52,TNP_0007,4,2016
2016-09-13 03:00:00+00:00,437.9,586.4,25.36,69.64,4.09,TNP_0007,4,2016
2016-09-13 04:00:00+00:00,549.25,783.1,27.31,59.75,4.43,TNP_0007,4,2016
2016-09-13 05:00:00+00:00,677.08,918.8,28.92,53.52,4.74,TNP_0007,4,2016
2016-09-13 06:00:00+00:00,704.25,934.65,30.02,50.01,5.04,TNP_0007,4,2016
2016-09-13 07:00:00+00:00,645.58,925.88,30.53,48.8,5.34,TNP_0007,4,2016
2016-09-13 08:00:00+00:00,544.62,838.28,30.52,49.47,5.69,TNP_0007,4,2016
2016-09-13 09:00:00+00:00,483.02,673.75,29.97,51.81,5.77,TNP_0007,4,2016
2016-09-13 10:00:00+00:00,360.05,473.7,28.99,55.65,5.56,TNP_0007,4,2016
2016-09-13 11:00:00+00:00,173.5,238.43,27.52,62.03,5.01,TNP_0007,4,2016
2016-09-13 12:00:00+00:00,29.88,40.35,25.7,72.89,3.67,TNP_0007,4,2016
2016-09-13 13:00:00+00:00,0.0,0.0,24.29,83.29,2.8,TNP_0007,4,2016
2016-09-13 14:00:00+00:00,0.0,0.0,23.65,88.36,2.78,TNP_0007,4,2016
2016-09-13 15:00:00+00:00,0.0,0.0,23.18,91.58,2.71,TNP_0007,4,2016
2016-09-13 16:00:00+00:00,0.0,0.0,22.86,93.56,2.72,TNP_0007,4,2016
2016-09-13 17:00:00+00:00,0.0,0.0,22.62,94.79,2.8,TNP_0007,4,2016
2016-09-13 18:00:00+00:00,0.0,0.0,22.39,95.85,2.75,TNP_0007,4,2016
2016-09-13 19:00:00+00:00,0.0,0.0,22.23,96.21,2.68,TNP_0007,4,2016
2016-09-13 20:00:00+00:00,0.0,0.0,22.07,96.25,2.71,TNP_0007,4,2016
2016-09-13 21:00:00+00:00,0.0,0.0,21.87,96.54,2.49,TNP_0007,4,2016
2016-09-13 22:00:00+00:00,0.0,0.0,21.69,96.87,2.28,TNP_0007,4,2016
2016-09-13 23:00:00+00:00,0.0,0.0,21.5,97.46,2.03,TNP_0007,4,2016
2016-09-14 00:00:00+00:00,0.0,0.0,21.35,97.94,1.88,TNP_0007,4,2016
2016-09-14 01:00:00+00:00,94.12,113.18,22.16,94.16,2.72,TNP_0007,4,2016
2016-09-14 02:00:00+00:00,241.65,342.27,23.98,83.7,3.6,TNP_0007,4,2016
2016-09-14 03:00:00+00:00,380.7,578.95,26.39,69.24,4.26,TNP_0007,4,2016
2016-09-14 04:00:00+00:00,499.88,775.35,28.31,60.11,4.76,TNP_0007,4,2016
2016-09-14 05:00:00+00:00,665.95,911.53,29.73,54.79,5.05,TNP_0007,4,2016
2016-09-14 06:00:00+00:00,660.83,951.65,30.71,51.85,5.16,TNP_0007,4,2016
2016-09-14 07:00:00+00:00,646.33,939.65,30.96,51.43,5.3,TNP_0007,4,2016
2016-09-14 08:00:00+00:00,571.97,845.5,30.45,53.46,5.53,TNP_0007,4,2016
2016-09-14 09:00:00+00:00,449.33,683.8,29.72,55.97,5.79,TNP_0007,4,2016
2016-09-14 10:00:00+00:00,207.2,474.08,28.56,60.0,5.61,TNP_0007,4,2016
2016-09-14 11:00:00+00:00,121.0,238.93,27.05,66.94,5.04,TNP_0007,4,2016
2016-09-14 12:00:00+00:00,22.33,39.62,25.42,76.2,4.01,TNP_0007,4,2016
2016-09-14 13:00:00+00:00,0.0,0.0,24.16,84.14,3.48,TNP_0007,4,2016
2016-09-14 14:00:00+00:00,0.0,0.0,23.52,88.33,3.67,TNP_0007,4,2016
2016-09-14 15:00:00+00:00,0.0,0.0,23.03,91.55,3.71,TNP_0007,4,2016
2016-09-14 16:00:00+00:00,0.0,0.0,22.7,93.42,3.56,TNP_0007,4,2016
2016-09-14 17:00:00+00:00,0.0,0.0,22.45,94.06,3.66,TNP_0007,4,2016
2016-09-14 18:00:00+00:00,0.0,0.0,22.18,94.59,3.58,TNP_0007,4,2016
2016-09-14 19:00:00+00:00,0.0,0.0,21.9,94.81,3.56,TNP_0007,4,2016
2016-09-14 20:00:00+00:00,0.0,0.0,21.57,94.95,3.49,TNP_0007,4,2016
2016-09-14 21:00:00+00:00,0.0,0.0,21.18,94.94,3.26,TNP_0007,4,2016
2016-09-14 22:00:00+00:00,0.0,0.0,20.7,95.74,2.71,TNP_0007,4,2016
2016-09-14 23:00:00+00:00,0.0,0.0,20.35,96.42,2.19,TNP_0007,4,2016
2016-09-15 00:00:00+00:00,0.0,0.0,20.15,96.55,1.92,TNP_0007,4,2016
2016-09-15 01:00:00+00:00,77.7,114.53,20.95,92.57,2.6,TNP_0007,4,2016
2016-09-15 02:00:00+00:00,202.7,345.6,22.88,81.76,3.52,TNP_0007,4,2016
2016-09-15 03:00:00+00:00,337.52,583.33,25.19,69.28,4.8,TNP_0007,4,2016
2016-09-15 04:00:00+00:00,500.98,780.5,26.5,64.13,5.46,TNP_0007,4,2016
2016-09-15 05:00:00+00:00,614.45,917.47,27.56,60.71,5.58,TNP_0007,4,2016
2016-09-15 06:00:00+00:00,732.4,971.5,29.43,55.38,5.5,TNP_0007,4,2016
2016-09-15 07:00:00+00:00,658.38,955.22,30.45,52.25,5.76,TNP_0007,4,2016
2016-09-15 08:00:00+00:00,602.15,862.8,30.53,51.72,6.21,TNP_0007,4,2016
2016-09-15 09:00:00+00:00,513.4,702.17,29.94,53.56,6.39,TNP_0007,4,2016
2016-09-15 10:00:00+00:00,349.73,488.23,28.87,57.57,6.42,TNP_0007,4,2016
2016-09-15 11:00:00+00:00,174.48,252.1,27.2,64.88,6.08,TNP_0007,4,2016
2016-09-15 12:00:00+00:00,25.17,41.28,25.3,75.74,4.57,TNP_0007,4,2016
2016-09-15 13:00:00+00:00,0.0,0.0,23.65,86.91,3.28,TNP_0007,4,2016
2016-09-15 14:00:00+00:00,0.0,0.0,22.91,92.06,2.8,TNP_0007,4,2016
2016-09-15 15:00:00+00:00,0.0,0.0,22.54,94.27,3.21,TNP_0007,4,2016
2016-09-15 16:00:00+00:00,0.0,0.0,22.2,95.86,3.48,TNP_0007,4,2016
2016-09-15 17:00:00+00:00,0.0,0.0,22.0,96.57,3.3,TNP_0007,4,2016
2016-09-15 18:00:00+00:00,0.0,0.0,21.86,96.94,3.18,TNP_0007,4,2016
2016-09-15 19:00:00+00:00,0.0,0.0,21.75,97.04,3.3,TNP_0007,4,2016
2016-09-15 20:00:00+00:00,0.0,0.0,21.66,97.14,3.33,TNP_0007,4,2016
2016-09-15 21:00:00+00:00,0.0,0.0,21.59,97.25,3.14,TNP_0007,4,2016
2016-09-15 22:00:00+00:00,0.0,0.0,21.52,97.38,2.91,TNP_0007,4,2016
2016-09-15 23:00:00+00:00,0.0,0.0,21.44,97.61,2.81,TNP_0007,4,2016
2016-09-16 00:00:00+00:00,0.0,0.0,21.36,97.78,2.81,TNP_0007,4,2016
2016-09-16 01:00:00+00:00,82.68,114.35,21.98,96.18,3.39,TNP_0007,4,2016
2016-09-16 02:00:00+00:00,217.35,344.7,23.2,91.43,4.47,TNP_0007,4,2016
2016-09-16 03:00:00+00:00,407.3,582.6,25.22,79.27,5.48,TNP_0007,4,2016
2016-09-16 04:00:00+00:00,453.08,779.45,27.59,65.76,5.89,TNP_0007,4,2016
2016-09-16 05:00:00+00:00,639.1,915.58,29.22,58.58,5.99,TNP_0007,4,2016
2016-09-16 06:00:00+00:00,694.9,983.8,30.14,55.07,6.13,TNP_0007,4,2016
2016-09-16 07:00:00+00:00,698.83,968.9,30.12,55.05,6.35,TNP_0007,4,2016
2016-09-16 08:00:00+00:00,620.7,877.67,29.52,57.17,6.5,TNP_0007,4,2016
2016-09-16 09:00:00+00:00,502.33,716.3,28.58,60.68,6.6,TNP_0007,4,2016
2016-09-16 10:00:00+00:00,304.8,499.73,27.58,64.85,6.49,TNP_0007,4,2016
2016-09-16 11:00:00+00:00,150.8,257.75,26.41,70.17,6.0,TNP_0007,4,2016
2016-09-16 12:00:00+00:00,24.02,41.62,24.85,79.15,4.45,TNP_0007,4,2016
2016-09-16 13:00:00+00:00,0.0,0.0,23.43,88.64,3.37,TNP_0007,4,2016
2016-09-16 14:00:00+00:00,0.0,0.0,22.82,92.91,3.36,TNP_0007,4,2016
2016-09-16 15:00:00+00:00,0.0,0.0,22.39,94.81,3.46,TNP_0007,4,2016
2016-09-16 16:00:00+00:00,0.0,0.0,22.16,95.18,3.36,TNP_0007,4,2016
2016-09-16 17:00:00+00:00,0.0,0.0,21.95,95.65,3.23,TNP_0007,4,2016
2016-09-16 18:00:00+00:00,0.0,0.0,21.73,95.57,3.44,TNP_0007,4,2016
2016-09-16 19:00:00+00:00,0.0,0.0,21.52,95.68,3.56,TNP_0007,4,2016
2016-09-16 20:00:00+00:00,0.0,0.0,21.31,95.85,3.6,TNP_0007,4,2016
2016-09-16 21:00:00+00:00,0.0,0.0,21.17,95.98,3.47,TNP_0007,4,2016
2016-09-16 22:00:00+00:00,0.0,0.0,21.03,96.21,3.35,TNP_0007,4,2016
2016-09-16 23:00:00+00:00,0.0,0.0,20.9,96.42,3.24,TNP_0007,4,2016
2016-09-17 00:00:00+00:00,0.0,0.0,20.68,97.43,2.87,TNP_0007,4,2016
2016-09-17 01:00:00+00:00,81.8,120.32,21.47,94.81,3.46,TNP_0007,4,2016
2016-09-17 02:00:00+00:00,213.23,355.55,23.21,86.3,4.78,TNP_0007,4,2016
2016-09-17 03:00:00+00:00,421.3,596.17,25.72,70.87,5.74,TNP_0007,4,2016
2016-09-17 04:00:00+00:00,616.65,792.38,27.99,59.04,5.98,TNP_0007,4,2016
2016-09-17 05:00:00+00:00,777.72,927.65,29.57,52.47,6.06,TNP_0007,4,2016
2016-09-17 06:00:00+00:00,788.8,975.8,30.52,49.16,6.24,TNP_0007,4,2016
2016-09-17 07:00:00+00:00,767.78,958.67,30.7,48.45,6.4,TNP_0007,4,2016
2016-09-17 08:00:00+00:00,643.95,855.67,30.09,50.52,6.41,TNP_0007,4,2016
2016-09-17 09:00:00+00:00,545.75,686.78,29.07,54.6,6.27,TNP_0007,4,2016
2016-09-17 10:00:00+00:00,421.1,475.98,27.93,59.49,6.04,TNP_0007,4,2016
2016-09-17 11:00:00+00:00,199.5,236.65,26.63,65.39,5.61,TNP_0007,4,2016
2016-09-17 12:00:00+00:00,30.1,36.95,25.08,73.98,4.41,TNP_0007,4,2016
2016-09-17 13:00:00+00:00,0.0,0.0,23.63,83.33,3.36,TNP_0007,4,2016
2016-09-17 14:00:00+00:00,0.0,0.0,22.86,88.77,2.96,TNP_0007,4,2016
2016-09-17 15:00:00+00:00,0.0,0.0,22.27,92.79,2.89,TNP_0007,4,2016
2016-09-17 16:00:00+00:00,0.0,0.0,21.82,95.36,2.73,TNP_0007,4,2016
2016-09-17 17:00:00+00:00,0.0,0.0,21.54,96.41,2.83,TNP_0007,4,2016
2016-09-17 18:00:00+00:00,0.0,0.0,21.36,96.58,3.14,TNP_0007,4,2016
2016-09-17 19:00:00+00:00,0.0,0.0,21.15,96.72,3.14,TNP_0007,4,2016
2016-09-17 20:00:00+00:00,0.0,0.0,20.96,96.93,3.04,TNP_0007,4,2016
2016-09-17 21:00:00+00:00,0.0,0.0,20.92,96.84,2.9,TNP_0007,4,2016
2016-09-17 22:00:00+00:00,0.0,0.0,20.85,97.07,2.72,TNP_0007,4,2016
2016-09-17 23:00:00+00:00,0.0,0.0,20.85,97.12,2.52,TNP_0007,4,2016
2016-09-18 00:00:00+00:00,0.0,0.0,20.81,97.44,2.39,TNP_0007,4,2016
2016-09-18 01:00:00+00:00,74.93,107.68,21.51,94.76,2.98,TNP_0007,4,2016
2016-09-18 02:00:00+00:00,227.77,337.4,23.09,86.47,4.27,TNP_0007,4,2016
2016-09-18 03:00:00+00:00,396.85,567.95,25.35,72.74,5.45,TNP_0007,4,2016
2016-09-18 04:00:00+00:00,562.4,769.55,27.46,61.9,6.06,TNP_0007,4,2016
2016-09-18 05:00:00+00:00,654.53,905.6,28.98,55.51,6.35,TNP_0007,4,2016
2016-09-18 06:00:00+00:00,665.67,981.08,29.81,52.62,6.62,TNP_0007,4,2016
2016-09-18 07:00:00+00:00,558.88,967.3,29.98,52.23,6.82,TNP_0007,4,2016
2016-09-18 08:00:00+00:00,508.77,867.53,29.46,54.17,6.83,TNP_0007,4,2016
2016-09-18 09:00:00+00:00,439.4,700.12,28.45,57.57,6.66,TNP_0007,4,2016
2016-09-18 10:00:00+00:00,299.8,489.62,27.38,61.53,6.32,TNP_0007,4,2016
2016-09-18 11:00:00+00:00,133.8,246.95,26.18,67.11,5.67,TNP_0007,4,2016
2016-09-18 12:00:00+00:00,20.7,38.53,24.75,75.5,4.41,TNP_0007,4,2016
2016-09-18 13:00:00+00:00,0.0,0.0,23.44,84.23,3.5,TNP_0007,4,2016
2016-09-18 14:00:00+00:00,0.0,0.0,22.86,88.37,3.49,TNP_0007,4,2016
2016-09-18 15:00:00+00:00,0.0,0.0,22.42,91.31,3.14,TNP_0007,4,2016
2016-09-18 16:00:00+00:00,0.0,0.0,21.99,93.81,2.69,TNP_0007,4,2016
2016-09-18 17:00:00+00:00,0.0,0.0,21.66,95.3,2.69,TNP_0007,4,2016
2016-09-18 18:00:00+00:00,0.0,0.0,21.37,96.23,2.69,TNP_0007,4,2016
2016-09-18 19:00:00+00:00,0.0,0.0,21.15,96.57,2.56,TNP_0007,4,2016
2016-09-18 20:00:00+00:00,0.0,0.0,20.94,96.84,2.41,TNP_0007,4,2016
2016-09-18 21:00:00+00:00,0.0,0.0,20.7,97.38,2.25,TNP_0007,4,2016
2016-09-18 22:00:00+00:00,0.0,0.0,20.52,97.71,2.11,TNP_0007,4,2016
2016-09-18 23:00:00+00:00,0.0,0.0,20.37,97.95,2.08,TNP_0007,4,2016
2016-09-19 00:00:00+00:00,0.0,0.0,20.26,98.15,2.02,TNP_0007,4,2016
2016-09-19 01:00:00+00:00,81.78,122.38,21.29,93.3,2.77,TNP_0007,4,2016
2016-09-19 02:00:00+00:00,254.6,359.5,23.3,83.02,3.76,TNP_0007,4,2016
2016-09-19 03:00:00+00:00,475.9,600.15,26.04,68.16,4.55,TNP_0007,4,2016
2016-09-19 04:00:00+00:00,683.2,799.47,28.53,56.45,4.75,TNP_0007,4,2016
2016-09-19 05:00:00+00:00,741.62,932.53,30.29,49.72,4.76,TNP_0007,4,2016
2016-09-19 06:00:00+00:00,828.58,997.7,31.27,46.35,4.89,TNP_0007,4,2016
2016-09-19 07:00:00+00:00,770.25,977.25,31.25,46.13,5.15,TNP_0007,4,2016
2016-09-19 08:00:00+00:00,684.92,884.2,30.92,47.36,5.47,TNP_0007,4,2016
2016-09-19 09:00:00+00:00,524.2,720.6,30.79,48.5,5.73,TNP_0007,4,2016
2016-09-19 10:00:00+00:00,399.2,502.9,29.94,51.45,5.7,TNP_0007,4,2016
2016-09-19 11:00:00+00:00,209.98,258.27,28.48,56.93,5.49,TNP_0007,4,2016
2016-09-19 12:00:00+00:00,33.53,39.12,26.3,68.09,4.47,TNP_0007,4,2016
2016-09-19 13:00:00+00:00,0.0,0.0,24.3,81.02,3.38,TNP_0007,4,2016
2016-09-19 14:00:00+00:00,0.0,0.0,23.53,86.9,3.14,TNP_0007,4,2016
2016-09-19 15:00:00+00:00,0.0,0.0,22.96,90.76,3.12,TNP_0007,4,2016
2016-09-19 16:00:00+00:00,0.0,0.0,22.57,92.9,3.18,TNP_0007,4,2016
2016-09-19 17:00:00+00:00,0.0,0.0,22.24,93.61,3.23,TNP_0007,4,2016
2016-09-19 18:00:00+00:00,0.0,0.0,21.87,94.72,3.05,TNP_0007,4,2016
2016-09-19 19:00:00+00:00,0.0,0.0,21.46,96.01,2.86,TNP_0007,4,2016
2016-09-19 20:00:00+00:00,0.0,0.0,21.05,96.93,2.7,TNP_0007,4,2016
2016-09-19 21:00:00+00:00,0.0,0.0,20.68,97.57,2.6,TNP_0007,4,2016
2016-09-19 22:00:00+00:00,0.0,0.0,20.34,98.12,2.52,TNP_0007,4,2016
2016-09-19 23:00:00+00:00,0.0,0.0,20.08,98.38,2.4,TNP_0007,4,2016
2016-09-20 00:00:00+00:00,0.0,0.0,19.85,98.61,2.17,TNP_0007,4,2016
2016-09-20 01:00:00+00:00,96.32,122.12,20.89,94.11,2.61,TNP_0007,4,2016
2016-09-20 02:00:00+00:00,262.88,355.9,23.03,82.98,3.67,TNP_0007,4,2016
2016-09-20 03:00:00+00:00,472.6,593.72,25.89,65.97,4.58,TNP_0007,4,2016
2016-09-20 04:00:00+00:00,655.03,789.5,28.43,53.5,4.91,TNP_0007,4,2016
2016-09-20 05:00:00+00:00,706.1,923.88,30.24,46.66,5.03,TNP_0007,4,2016
2016-09-20 06:00:00+00:00,802.7,966.95,31.37,43.18,5.3,TNP_0007,4,2016
2016-09-20 07:00:00+00:00,795.78,950.12,31.79,42.4,5.71,TNP_0007,4,2016
2016-09-20 08:00:00+00:00,657.35,856.0,31.56,44.11,6.14,TNP_0007,4,2016
2016-09-20 09:00:00+00:00,594.1,691.58,30.81,47.42,6.36,TNP_0007,4,2016
2016-09-20 10:00:00+00:00,379.5,478.95,29.46,52.53,6.35,TNP_0007,4,2016
2016-09-20 11:00:00+00:00,184.43,234.45,27.8,59.38,6.01,TNP_0007,4,2016
2016-09-20 12:00:00+00:00,29.67,33.65,25.93,68.77,4.78,TNP_0007,4,2016
2016-09-20 13:00:00+00:00,0.0,0.0,24.34,78.66,3.61,TNP_0007,4,2016
2016-09-20 14:00:00+00:00,0.0,0.0,23.55,84.01,3.45,TNP_0007,4,2016
2016-09-20 15:00:00+00:00,0.0,0.0,23.01,87.4,3.5,TNP_0007,4,2016
2016-09-20 16:00:00+00:00,0.0,0.0,22.54,90.34,3.41,TNP_0007,4,2016
2016-09-20 17:00:00+00:00,0.0,0.0,22.16,92.62,3.37,TNP_0007,4,2016
2016-09-20 18:00:00+00:00,0.0,0.0,21.88,93.98,3.6,TNP_0007,4,2016
2016-09-20 19:00:00+00:00,0.0,0.0,21.64,95.05,3.54,TNP_0007,4,2016
2016-09-20 20:00:00+00:00,0.0,0.0,21.48,95.57,3.24,TNP_0007,4,2016
2016-09-20 21:00:00+00:00,0.0,0.0,21.29,96.13,2.85,TNP_0007,4,2016
2016-09-20 22:00:00+00:00,0.0,0.0,21.09,96.74,2.51,TNP_0007,4,2016
2016-09-20 23:00:00+00:00,0.0,0.0,20.93,97.08,2.33,TNP_0007,4,2016
2016-09-21 00:00:00+00:00,0.0,0.0,20.82,97.33,2.18,TNP_0007,4,2016
2016-09-21 01:00:00+00:00,79.62,112.88,21.66,93.51,2.74,TNP_0007,4,2016
2016-09-21 02:00:00+00:00,244.93,348.9,23.47,83.54,3.81,TNP_0007,4,2016
2016-09-21 03:00:00+00:00,431.12,586.97,25.89,69.55,4.74,TNP_0007,4,2016
2016-09-21 04:00:00+00:00,603.72,782.97,28.09,58.62,5.17,TNP_0007,4,2016
2016-09-21 05:00:00+00:00,697.08,917.2,29.86,51.64,5.45,TNP_0007,4,2016
2016-09-21 06:00:00+00:00,727.33,977.15,31.03,47.7,5.82,TNP_0007,4,2016
2016-09-21 07:00:00+00:00,674.38,957.47,31.49,46.48,6.19,TNP_0007,4,2016
2016-09-21 08:00:00+00:00,637.97,861.58,31.16,47.81,6.47,TNP_0007,4,2016
2016-09-21 09:00:00+00:00,503.88,696.72,30.35,50.59,6.54,TNP_0007,4,2016
2016-09-21 10:00:00+00:00,325.67,473.48,29.14,54.76,6.33,TNP_0007,4,2016
2016-09-21 11:00:00+00:00,166.4,234.18,27.74,60.4,5.8,TNP_0007,4,2016
2016-09-21 12:00:00+00:00,23.52,32.83,25.78,71.12,4.43,TNP_0007,4,2016
2016-09-21 13:00:00+00:00,0.0,0.0,24.01,82.77,3.55,TNP_0007,4,2016
2016-09-21 14:00:00+00:00,0.0,0.0,23.22,88.15,3.72,TNP_0007,4,2016
2016-09-21 15:00:00+00:00,0.0,0.0,22.66,91.47,3.67,TNP_0007,4,2016
2016-09-21 16:00:00+00:00,0.0,0.0,22.24,93.48,3.34,TNP_0007,4,2016
2016-09-21 17:00:00+00:00,0.0,0.0,21.88,95.2,3.04,TNP_0007,4,2016
2016-09-21 18:00:00+00:00,0.0,0.0,21.61,96.02,3.08,TNP_0007,4,2016
2016-09-21 19:00:00+00:00,0.0,0.0,21.42,96.24,3.34,TNP_0007,4,2016
2016-09-21 20:00:00+00:00,0.0,0.0,21.24,96.33,3.48,TNP_0007,4,2016
2016-09-21 21:00:00+00:00,0.0,0.0,21.07,96.35,3.43,TNP_0007,4,2016
2016-09-21 22:00:00+00:00,0.0,0.0,20.91,96.36,3.25,TNP_0007,4,2016
2016-09-21 23:00:00+00:00,0.0,0.0,20.73,96.51,3.12,TNP_0007,4,2016
2016-09-22 00:00:00+00:00,0.0,0.0,20.52,96.85,3.0,TNP_0007,4,2016
2016-09-22 01:00:00+00:00,74.8,116.03,21.01,94.29,3.6,TNP_0007,4,2016
2016-09-22 02:00:00+00:00,237.9,352.67,22.6,84.69,4.81,TNP_0007,4,2016
2016-09-22 03:00:00+00:00,379.33,585.72,24.71,71.38,5.79,TNP_0007,4,2016
2016-09-22 04:00:00+00:00,585.6,781.55,26.77,60.74,6.13,TNP_0007,4,2016
2016-09-22 05:00:00+00:00,662.75,915.72,28.27,54.7,6.31,TNP_0007,4,2016
2016-09-22 06:00:00+00:00,781.3,965.8,29.27,51.35,6.55,TNP_0007,4,2016
2016-09-22 07:00:00+00:00,781.9,949.2,29.74,49.99,6.86,TNP_0007,4,2016
2016-09-22 08:00:00+00:00,678.33,854.97,29.81,49.99,7.05,TNP_0007,4,2016
2016-09-22 09:00:00+00:00,548.03,691.85,29.41,51.63,7.1,TNP_0007,4,2016
2016-09-22 10:00:00+00:00,362.98,475.27,28.58,54.78,7.01,TNP_0007,4,2016
2016-09-22 11:00:00+00:00,198.6,236.57,27.27,59.85,6.57,TNP_0007,4,2016
2016-09-22 12:00:00+00:00,28.3,32.58,25.49,67.94,5.35,TNP_0007,4,2016
2016-09-22 13:00:00+00:00,0.0,0.0,23.91,76.53,4.36,TNP_0007,4,2016
2016-09-22 14:00:00+00:00,0.0,0.0,23.09,81.69,3.93,TNP_0007,4,2016
2016-09-22 15:00:00+00:00,0.0,0.0,22.34,86.16,3.36,TNP_0007,4,2016
2016-09-22 16:00:00+00:00,0.0,0.0,21.79,89.59,3.01,TNP_0007,4,2016
2016-09-22 17:00:00+00:00,0.0,0.0,21.38,92.14,3.03,TNP_0007,4,2016
2016-09-22 18:00:00+00:00,0.0,0.0,21.08,94.09,3.23,TNP_0007,4,2016
2016-09-22 19:00:00+00:00,0.0,0.0,20.86,95.35,3.44,TNP_0007,4,2016
2016-09-22 20:00:00+00:00,0.0,0.0,20.8,95.5,3.55,TNP_0007,4,2016
2016-09-22 21:00:00+00:00,0.0,0.0,20.79,95.18,3.45,TNP_0007,4,2016
2016-09-22 22:00:00+00:00,0.0,0.0,20.63,95.83,2.98,TNP_0007,4,2016
2016-09-22 23:00:00+00:00,0.0,0.0,20.39,96.97,2.72,TNP_0007,4,2016
2016-09-23 00:00:00+00:00,0.0,0.0,20.15,98.24,2.59,TNP_0007,4,2016
2016-09-23 01:00:00+00:00,92.05,116.82,21.2,92.72,3.56,TNP_0007,4,2016
2016-09-23 02:00:00+00:00,255.27,351.45,23.61,79.14,5.32,TNP_0007,4,2016
2016-09-23 03:00:00+00:00,367.3,582.75,26.05,66.58,6.22,TNP_0007,4,2016
2016-09-23 04:00:00+00:00,597.5,778.0,28.05,58.38,6.4,TNP_0007,4,2016
2016-09-23 05:00:00+00:00,665.42,916.17,29.63,52.99,6.53,TNP_0007,4,2016
2016-09-23 06:00:00+00:00,666.8,979.28,30.66,49.93,6.82,TNP_0007,4,2016
2016-09-23 07:00:00+00:00,682.25,960.62,31.05,49.2,7.14,TNP_0007,4,2016
2016-09-23 08:00:00+00:00,627.17,860.7,30.81,50.37,7.45,TNP_0007,4,2016
2016-09-23 09:00:00+00:00,497.55,684.03,30.1,52.71,7.67,TNP_0007,4,2016
2016-09-23 10:00:00+00:00,364.38,469.05,29.07,55.89,7.68,TNP_0007,4,2016
2016-09-23 11:00:00+00:00,168.98,222.68,27.62,60.78,7.35,TNP_0007,4,2016
2016-09-23 12:00:00+00:00,24.05,29.62,25.57,70.18,5.87,TNP_0007,4,2016
2016-09-23 13:00:00+00:00,0.0,0.0,23.75,81.06,4.66,TNP_0007,4,2016
2016-09-23 14:00:00+00:00,0.0,0.0,22.83,86.69,4.38,TNP_0007,4,2016
2016-09-23 15:00:00+00:00,0.0,0.0,22.22,89.97,4.24,TNP_0007,4,2016
2016-09-23 16:00:00+00:00,0.0,0.0,21.83,91.81,4.26,TNP_0007,4,2016
2016-09-23 17:00:00+00:00,0.0,0.0,21.49,93.24,4.2,TNP_0007,4,2016
2016-09-23 18:00:00+00:00,0.0,0.0,21.19,94.5,4.27,TNP_0007,4,2016
2016-09-23 19:00:00+00:00,0.0,0.0,20.94,95.59,4.44,TNP_0007,4,2016
2016-09-23 20:00:00+00:00,0.0,0.0,20.79,96.05,4.66,TNP_0007,4,2016
2016-09-23 21:00:00+00:00,0.0,0.0,20.72,96.12,4.65,TNP_0007,4,2016
2016-09-23 22:00:00+00:00,0.0,0.0,20.64,96.23,4.51,TNP_0007,4,2016
2016-09-23 23:00:00+00:00,0.0,0.0,20.56,96.61,4.2,TNP_0007,4,2016
2016-09-24 00:00:00+00:00,0.0,0.0,20.55,96.73,3.99,TNP_0007,4,2016
2016-09-24 01:00:00+00:00,86.28,106.72,21.22,95.32,4.38,TNP_0007,4,2016
2016-09-24 02:00:00+00:00,261.8,334.92,22.71,89.53,5.42,TNP_0007,4,2016
2016-09-24 03:00:00+00:00,404.8,567.28,25.03,75.08,6.58,TNP_0007,4,2016
2016-09-24 04:00:00+00:00,563.55,766.03,27.47,61.57,7.2,TNP_0007,4,2016
2016-09-24 05:00:00+00:00,677.28,902.6,29.14,54.21,7.64,TNP_0007,4,2016
2016-09-24 06:00:00+00:00,628.3,987.12,30.12,50.34,8.13,TNP_0007,4,2016
2016-09-24 07:00:00+00:00,780.33,968.33,30.56,48.68,8.55,TNP_0007,4,2016
2016-09-24 08:00:00+00:00,686.3,871.9,30.39,49.45,8.76,TNP_0007,4,2016
2016-09-24 09:00:00+00:00,561.72,705.65,29.75,51.77,8.71,TNP_0007,4,2016
2016-09-24 10:00:00+00:00,370.85,485.48,28.65,55.66,8.42,TNP_0007,4,2016
2016-09-24 11:00:00+00:00,182.12,240.93,27.04,61.97,7.75,TNP_0007,4,2016
2016-09-24 12:00:00+00:00,24.55,31.88,24.96,71.78,6.11,TNP_0007,4,2016
2016-09-24 13:00:00+00:00,0.0,0.0,23.19,82.53,4.49,TNP_0007,4,2016
2016-09-24 14:00:00+00:00,0.0,0.0,22.38,87.97,3.85,TNP_0007,4,2016
2016-09-24 15:00:00+00:00,0.0,0.0,21.82,91.43,3.53,TNP_0007,4,2016
2016-09-24 16:00:00+00:00,0.0,0.0,21.48,93.25,3.41,TNP_0007,4,2016
2016-09-24 17:00:00+00:00,0.0,0.0,21.06,95.43,3.15,TNP_0007,4,2016
2016-09-24 18:00:00+00:00,0.0,0.0,20.83,96.32,3.24,TNP_0007,4,2016
2016-09-24 19:00:00+00:00,0.0,0.0,20.77,96.19,3.62,TNP_0007,4,2016
2016-09-24 20:00:00+00:00,0.0,0.0,20.68,96.3,3.94,TNP_0007,4,2016
2016-09-24 21:00:00+00:00,0.0,0.0,20.62,96.27,3.97,TNP_0007,4,2016
2016-09-24 22:00:00+00:00,0.0,0.0,20.48,96.98,3.69,TNP_0007,4,2016
2016-09-24 23:00:00+00:00,0.0,0.0,20.46,97.32,3.75,TNP_0007,4,2016
2016-09-25 00:00:00+00:00,0.0,0.0,20.49,97.38,3.83,TNP_0007,4,2016
2016-09-25 01:00:00+00:00,74.75,107.62,21.33,94.66,4.39,TNP_0007,4,2016
2016-09-25 02:00:00+00:00,200.27,332.48,23.31,85.02,5.67,TNP_0007,4,2016
2016-09-25 03:00:00+00:00,315.45,566.55,25.91,70.11,6.64,TNP_0007,4,2016
2016-09-25 04:00:00+00:00,505.73,758.9,27.96,60.38,6.99,TNP_0007,4,2016
2016-09-25 05:00:00+00:00,547.17,885.45,29.27,55.46,7.08,TNP_0007,4,2016
2016-09-25 06:00:00+00:00,637.17,961.22,30.05,53.12,7.04,TNP_0007,4,2016
2016-09-25 07:00:00+00:00,571.88,938.12,30.51,51.9,7.04,TNP_0007,4,2016
2016-09-25 08:00:00+00:00,483.98,838.7,30.46,52.24,7.09,TNP_0007,4,2016
2016-09-25 09:00:00+00:00,459.88,673.62,29.86,54.14,7.05,TNP_0007,4,2016
2016-09-25 10:00:00+00:00,281.8,461.23,28.87,57.24,6.96,TNP_0007,4,2016
2016-09-25 11:00:00+00:00,138.05,218.9,27.59,61.6,6.61,TNP_0007,4,2016
2016-09-25 12:00:00+00:00,18.38,29.05,25.65,70.42,5.25,TNP_0007,4,2016
2016-09-25 13:00:00+00:00,0.0,0.0,23.81,81.44,3.96,TNP_0007,4,2016
2016-09-25 14:00:00+00:00,0.0,0.0,22.87,87.88,3.87,TNP_0007,4,2016
2016-09-25 15:00:00+00:00,0.0,0.0,22.23,91.99,3.48,TNP_0007,4,2016
2016-09-25 16:00:00+00:00,0.0,0.0,21.76,94.7,3.09,TNP_0007,4,2016
2016-09-25 17:00:00+00:00,0.0,0.0,21.47,95.51,3.27,TNP_0007,4,2016
2016-09-25 18:00:00+00:00,0.0,0.0,21.19,95.52,3.51,TNP_0007,4,2016
2016-09-25 19:00:00+00:00,0.0,0.0,20.86,95.66,3.52,TNP_0007,4,2016
2016-09-25 20:00:00+00:00,0.0,0.0,20.55,95.67,3.39,TNP_0007,4,2016
2016-09-25 21:00:00+00:00,0.0,0.0,20.24,96.05,3.01,TNP_0007,4,2016
2016-09-25 22:00:00+00:00,0.0,0.0,19.95,97.09,2.62,TNP_0007,4,2016
2016-09-25 23:00:00+00:00,0.0,0.0,19.8,97.47,2.46,TNP_0007,4,2016
2016-09-26 00:00:00+00:00,0.0,0.0,19.68,97.68,2.35,TNP_0007,4,2016
2016-09-26 01:00:00+00:00,65.15,114.22,20.58,93.44,3.12,TNP_0007,4,2016
2016-09-26 02:00:00+00:00,179.4,345.17,22.94,80.25,4.17,TNP_0007,4,2016
2016-09-26 03:00:00+00:00,310.27,579.55,26.15,63.38,5.04,TNP_0007,4,2016
2016-09-26 04:00:00+00:00,481.15,768.4,28.81,53.6,5.24,TNP_0007,4,2016
2016-09-26 05:00:00+00:00,507.88,903.97,30.7,48.35,5.34,TNP_0007,4,2016
2016-09-26 06:00:00+00:00,536.85,967.9,31.89,45.44,5.5,TNP_0007,4,2016
2016-09-26 07:00:00+00:00,607.95,940.3,32.15,45.07,5.68,TNP_0007,4,2016
2016-09-26 08:00:00+00:00,605.92,842.85,31.39,47.41,5.79,TNP_0007,4,2016
2016-09-26 09:00:00+00:00,496.95,676.7,30.13,51.52,5.87,TNP_0007,4,2016
2016-09-26 10:00:00+00:00,279.02,458.12,28.57,57.37,5.84,TNP_0007,4,2016
2016-09-26 11:00:00+00:00,149.88,221.07,27.15,63.9,5.58,TNP_0007,4,2016
2016-09-26 12:00:00+00:00,19.92,27.15,25.43,72.82,4.8,TNP_0007,4,2016
2016-09-26 13:00:00+00:00,0.0,0.0,23.72,82.88,3.85,TNP_0007,4,2016
2016-09-26 14:00:00+00:00,0.0,0.0,22.82,88.5,3.96,TNP_0007,4,2016
2016-09-26 15:00:00+00:00,0.0,0.0,22.25,92.22,3.78,TNP_0007,4,2016
2016-09-26 16:00:00+00:00,0.0,0.0,21.91,94.29,3.43,TNP_0007,4,2016
2016-09-26 17:00:00+00:00,0.0,0.0,21.72,95.22,3.26,TNP_0007,4,2016
2016-09-26 18:00:00+00:00,0.0,0.0,21.6,95.65,3.23,TNP_0007,4,2016
2016-09-26 19:00:00+00:00,0.0,0.0,21.46,95.64,3.34,TNP_0007,4,2016
2016-09-26 20:00:00+00:00,0.0,0.0,21.3,95.75,3.48,TNP_0007,4,2016
2016-09-26 21:00:00+00:00,0.0,0.0,21.16,96.0,3.41,TNP_0007,4,2016
2016-09-26 22:00:00+00:00,0.0,0.0,21.02,96.16,3.25,TNP_0007,4,2016
2016-09-26 23:00:00+00:00,0.0,0.0,20.9,96.36,3.07,TNP_0007,4,2016
2016-09-27 00:00:00+00:00,0.0,0.0,20.81,96.64,2.91,TNP_0007,4,2016
2016-09-27 01:00:00+00:00,67.55,109.5,21.48,94.27,3.43,TNP_0007,4,2016
2016-09-27 02:00:00+00:00,224.9,337.25,23.26,85.29,4.15,TNP_0007,4,2016
2016-09-27 03:00:00+00:00,441.9,571.8,26.12,69.53,4.37,TNP_0007,4,2016
2016-09-27 04:00:00+00:00,619.15,765.65,28.77,58.01,4.19,TNP_0007,4,2016
2016-09-27 05:00:00+00:00,709.92,897.17,30.26,52.95,4.07,TNP_0007,4,2016
2016-09-27 06:00:00+00:00,807.95,961.6,30.84,51.3,4.07,TNP_0007,4,2016
2016-09-27 07:00:00+00:00,809.8,940.17,30.64,52.3,4.08,TNP_0007,4,2016
2016-09-27 08:00:00+00:00,622.92,842.22,29.33,57.6,3.75,TNP_0007,4,2016
2016-09-27 09:00:00+00:00,524.08,675.05,27.72,65.01,3.12,TNP_0007,4,2016
2016-09-27 10:00:00+00:00,342.88,455.27,26.51,71.31,3.2,TNP_0007,4,2016
2016-09-27 11:00:00+00:00,162.85,213.55,25.59,76.33,3.39,TNP_0007,4,2016
2016-09-27 12:00:00+00:00,21.17,25.45,24.62,81.94,3.24,TNP_0007,4,2016
2016-09-27 13:00:00+00:00,0.0,0.0,23.84,86.77,2.81,TNP_0007,4,2016
2016-09-27 14:00:00+00:00,0.0,0.0,23.41,89.32,2.65,TNP_0007,4,2016
2016-09-27 15:00:00+00:00,0.0,0.0,23.06,91.17,2.88,TNP_0007,4,2016
2016-09-27 16:00:00+00:00,0.0,0.0,22.73,92.81,2.96,TNP_0007,4,2016
2016-09-27 17:00:00+00:00,0.0,0.0,22.46,94.0,2.86,TNP_0007,4,2016
2016-09-27 18:00:00+00:00,0.0,0.0,22.28,94.54,2.88,TNP_0007,4,2016
2016-09-27 19:00:00+00:00,0.0,0.0,22.17,94.83,2.99,TNP_0007,4,2016
2016-09-27 20:00:00+00:00,0.0,0.0,22.13,94.76,3.2,TNP_0007,4,2016
2016-09-27 21:00:00+00:00,0.0,0.0,22.06,95.02,2.93,TNP_0007,4,2016
2016-09-27 22:00:00+00:00,0.0,0.0,22.0,95.21,2.56,TNP_0007,4,2016
2016-09-27 23:00:00+00:00,0.0,0.0,21.9,95.54,2.25,TNP_0007,4,2016
2016-09-28 00:00:00+00:00,0.0,0.0,21.78,95.95,1.98,TNP_0007,4,2016
2016-09-28 01:00:00+00:00,79.75,106.95,22.23,93.41,2.43,TNP_0007,4,2016
2016-09-28 02:00:00+00:00,213.7,333.02,23.62,85.11,2.97,TNP_0007,4,2016
2016-09-28 03:00:00+00:00,355.62,566.8,25.62,74.09,3.12,TNP_0007,4,2016
2016-09-28 04:00:00+00:00,482.0,761.38,27.46,65.41,3.05,TNP_0007,4,2016
2016-09-28 05:00:00+00:00,618.5,893.12,28.67,60.2,3.1,TNP_0007,4,2016
2016-09-28 06:00:00+00:00,655.15,948.05,29.37,57.28,3.3,TNP_0007,4,2016
2016-09-28 07:00:00+00:00,642.85,926.95,29.8,55.38,3.66,TNP_0007,4,2016
2016-09-28 08:00:00+00:00,595.8,828.55,29.75,55.31,4.0,TNP_0007,4,2016
2016-09-28 09:00:00+00:00,428.17,661.35,29.51,56.12,4.24,TNP_0007,4,2016
2016-09-28 10:00:00+00:00,255.32,442.27,28.73,59.38,4.29,TNP_0007,4,2016
2016-09-28 11:00:00+00:00,115.97,203.32,27.47,65.71,4.41,TNP_0007,4,2016
2016-09-28 12:00:00+00:00,13.15,23.7,25.72,76.09,3.81,TNP_0007,4,2016
2016-09-28 13:00:00+00:00,0.0,0.0,24.35,85.3,3.52,TNP_0007,4,2016
2016-09-28 14:00:00+00:00,0.0,0.0,23.7,89.99,3.45,TNP_0007,4,2016
2016-09-28 15:00:00+00:00,0.0,0.0,23.28,92.73,3.13,TNP_0007,4,2016
2016-09-28 16:00:00+00:00,0.0,0.0,23.04,93.65,3.09,TNP_0007,4,2016
2016-09-28 17:00:00+00:00,0.0,0.0,22.87,93.97,3.11,TNP_0007,4,2016
2016-09-28 18:00:00+00:00,0.0,0.0,22.68,94.58,3.08,TNP_0007,4,2016
2016-09-28 19:00:00+00:00,0.0,0.0,22.43,95.85,2.98,TNP_0007,4,2016
2016-09-28 20:00:00+00:00,0.0,0.0,22.28,96.48,3.03,TNP_0007,4,2016
2016-09-28 21:00:00+00:00,0.0,0.0,22.16,96.54,3.05,TNP_0007,4,2016
2016-09-28 22:00:00+00:00,0.0,0.0,21.99,96.93,2.76,TNP_0007,4,2016
2016-09-28 23:00:00+00:00,0.0,0.0,21.82,97.17,2.47,TNP_0007,4,2016
2016-09-29 00:00:00+00:00,0.0,0.0,21.67,97.28,2.25,TNP_0007,4,2016
2016-09-29 01:00:00+00:00,58.5,104.9,22.15,95.22,2.61,TNP_0007,4,2016
2016-09-29 02:00:00+00:00,190.82,326.98,23.26,89.62,3.22,TNP_0007,4,2016
2016-09-29 03:00:00+00:00,359.23,560.67,24.77,80.55,3.55,TNP_0007,4,2016
2016-09-29 04:00:00+00:00,482.42,755.25,26.45,70.35,3.59,TNP_0007,4,2016
2016-09-29 05:00:00+00:00,555.28,887.47,27.66,63.83,3.71,TNP_0007,4,2016
2016-09-29 06:00:00+00:00,555.67,872.4,28.38,60.25,4.1,TNP_0007,4,2016
2016-09-29 07:00:00+00:00,563.38,854.78,28.72,58.62,4.5,TNP_0007,4,2016
2016-09-29 08:00:00+00:00,421.42,760.08,28.76,58.39,4.79,TNP_0007,4,2016
2016-09-29 09:00:00+00:00,352.58,598.53,28.47,59.46,4.9,TNP_0007,4,2016
2016-09-29 10:00:00+00:00,221.75,390.2,27.84,62.25,4.74,TNP_0007,4,2016
2016-09-29 11:00:00+00:00,102.62,172.4,26.81,67.42,4.32,TNP_0007,4,2016
2016-09-29 12:00:00+00:00,13.05,20.3,25.16,77.97,3.04,TNP_0007,4,2016
2016-09-29 13:00:00+00:00,0.0,0.0,23.81,86.78,2.67,TNP_0007,4,2016
2016-09-29 14:00:00+00:00,0.0,0.0,23.18,90.69,2.85,TNP_0007,4,2016
2016-09-29 15:00:00+00:00,0.0,0.0,22.71,93.64,3.0,TNP_0007,4,2016
2016-09-29 16:00:00+00:00,0.0,0.0,22.44,95.04,3.06,TNP_0007,4,2016
2016-09-29 17:00:00+00:00,0.0,0.0,22.24,95.84,3.06,TNP_0007,4,2016
2016-09-29 18:00:00+00:00,0.0,0.0,22.05,96.4,3.04,TNP_0007,4,2016
2016-09-29 19:00:00+00:00,0.0,0.0,21.83,96.9,3.08,TNP_0007,4,2016
2016-09-29 20:00:00+00:00,0.0,0.0,21.63,96.87,3.26,TNP_0007,4,2016
2016-09-29 21:00:00+00:00,0.0,0.0,21.41,96.91,3.17,TNP_0007,4,2016
2016-09-29 22:00:00+00:00,0.0,0.0,21.19,97.04,3.01,TNP_0007,4,2016
2016-09-29 23:00:00+00:00,0.0,0.0,21.01,96.96,2.98,TNP_0007,4,2016
2016-09-30 00:00:00+00:00,0.0,0.0,20.86,96.75,3.08,TNP_0007,4,2016
2016-09-30 01:00:00+00:00,70.43,109.78,21.31,94.59,3.6,TNP_0007,4,2016
2016-09-30 02:00:00+00:00,214.07,338.85,22.7,87.07,4.09,TNP_0007,4,2016
2016-09-30 03:00:00+00:00,377.17,575.45,25.25,70.47,4.42,TNP_0007,4,2016
2016-09-30 04:00:00+00:00,553.2,771.7,27.94,56.13,4.63,TNP_0007,4,2016
2016-09-30 05:00:00+00:00,644.28,899.65,29.71,49.7,4.84,TNP_0007,4,2016
2016-09-30 06:00:00+00:00,713.2,934.55,30.76,46.7,5.26,TNP_0007,4,2016
2016-09-30 07:00:00+00:00,760.97,907.03,31.12,45.93,5.77,TNP_0007,4,2016
2016-09-30 08:00:00+00:00,638.1,803.03,30.98,46.66,6.11,TNP_0007,4,2016
2016-09-30 09:00:00+00:00,560.92,641.0,30.35,48.76,6.29,TNP_0007,4,2016
2016-09-30 10:00:00+00:00,382.73,426.3,29.35,51.98,6.27,TNP_0007,4,2016
2016-09-30 11:00:00+00:00,172.3,192.4,27.92,57.03,6.0,TNP_0007,4,2016
2016-09-30 12:00:00+00:00,19.17,21.4,25.97,65.33,5.08,TNP_0007,4,2016
2016-09-30 13:00:00+00:00,0.0,0.0,24.14,75.39,4.27,TNP_0007,4,2016
2016-09-30 14:00:00+00:00,0.0,0.0,23.19,81.99,4.04,TNP_0007,4,2016
2016-09-30 15:00:00+00:00,0.0,0.0,22.46,87.69,3.67,TNP_0007,4,2016
2016-09-30 16:00:00+00:00,0.0,0.0,21.9,92.25,3.18,TNP_0007,4,2016
2016-09-30 17:00:00+00:00,0.0,0.0,21.57,94.79,2.87,TNP_0007,4,2016
2016-09-30 18:00:00+00:00,0.0,0.0,21.37,95.9,2.69,TNP_0007,4,2016
2016-09-30 19:00:00+00:00,0.0,0.0,21.25,96.24,2.64,TNP_0007,4,2016
2016-09-30 20:00:00+00:00,0.0,0.0,21.13,96.41,2.66,TNP_0007,4,2016
2016-09-30 21:00:00+00:00,0.0,0.0,20.98,96.72,2.56,TNP_0007,4,2016
2016-09-30 22:00:00+00:00,0.0,0.0,20.81,97.2,2.36,TNP_0007,4,2016
2016-09-30 23:00:00+00:00,0.0,0.0,20.64,97.67,2.23,TNP_0007,4,2016
2016-10-01 00:00:00+00:00,0.0,0.0,20.51,97.85,2.23,TNP_0007,4,2016
2016-10-01 01:00:00+00:00,91.6,111.93,21.22,93.09,3.06,TNP_0007,4,2016
2016-10-01 02:00:00+00:00,255.5,341.35,22.75,83.24,3.76,TNP_0007,4,2016
2016-10-01 03:00:00+00:00,484.12,580.72,24.58,71.38,4.07,TNP_0007,4,2016
2016-10-01 04:00:00+00:00,691.45,778.4,26.26,61.49,4.22,TNP_0007,4,2016
2016-10-01 05:00:00+00:00,765.97,912.1,27.52,55.6,4.3,TNP_0007,4,2016
2016-10-01 06:00:00+00:00,878.08,978.45,28.43,52.26,4.37,TNP_0007,4,2016
2016-10-01 07:00:00+00:00,876.38,954.85,29.03,50.61,4.45,TNP_0007,4,2016
2016-10-01 08:00:00+00:00,743.75,854.05,29.38,49.89,4.59,TNP_0007,4,2016
2016-10-01 09:00:00+00:00,648.33,685.15,29.32,50.22,4.76,TNP_0007,4,2016
2016-10-01 10:00:00+00:00,444.27,463.35,28.78,51.96,4.81,TNP_0007,4,2016
2016-10-01 11:00:00+00:00,212.98,218.77,27.69,55.46,4.62,TNP_0007,4,2016
2016-10-01 12:00:00+00:00,23.52,24.02,25.5,65.86,3.25,TNP_0007,4,2016
2016-10-01 13:00:00+00:00,0.0,0.0,23.07,79.8,2.43,TNP_0007,4,2016
2016-10-01 14:00:00+00:00,0.0,0.0,22.27,84.19,2.5,TNP_0007,4,2016
2016-10-01 15:00:00+00:00,0.0,0.0,21.67,87.8,2.57,TNP_0007,4,2016
2016-10-01 16:00:00+00:00,0.0,0.0,21.08,91.55,2.54,TNP_0007,4,2016
2016-10-01 17:00:00+00:00,0.0,0.0,20.49,95.56,2.43,TNP_0007,4,2016
2016-10-01 18:00:00+00:00,0.0,0.0,19.92,99.46,2.23,TNP_0007,4,2016
2016-10-01 19:00:00+00:00,0.0,0.0,19.64,100.0,2.12,TNP_0007,4,2016
2016-10-01 20:00:00+00:00,0.0,0.0,19.65,100.0,2.03,TNP_0007,4,2016
2016-10-01 21:00:00+00:00,0.0,0.0,19.62,100.0,1.94,TNP_0007,4,2016
2016-10-01 22:00:00+00:00,0.0,0.0,19.46,100.0,1.85,TNP_0007,4,2016
2016-10-01 23:00:00+00:00,0.0,0.0,19.28,100.0,1.73,TNP_0007,4,2016
2016-10-02 00:00:00+00:00,0.0,0.0,19.1,100.0,1.62,TNP_0007,4,2016
2016-10-02 01:00:00+00:00,104.88,115.12,20.47,94.73,2.09,TNP_0007,4,2016
2016-10-02 02:00:00+00:00,287.48,343.35,23.16,79.81,2.7,TNP_0007,4,2016
2016-10-02 03:00:00+00:00,514.9,579.75,26.05,64.28,2.62,TNP_0007,4,2016
2016-10-02 04:00:00+00:00,668.05,774.67,28.7,51.6,2.4,TNP_0007,4,2016
2016-10-02 05:00:00+00:00,808.7,906.33,30.78,43.44,2.67,TNP_0007,4,2016
2016-10-02 06:00:00+00:00,883.58,993.9,32.23,38.98,3.19,TNP_0007,4,2016
2016-10-02 07:00:00+00:00,879.08,971.95,33.09,37.01,3.72,TNP_0007,4,2016
2016-10-02 08:00:00+00:00,756.55,872.47,33.29,37.2,4.26,TNP_0007,4,2016
2016-10-02 09:00:00+00:00,657.8,704.28,32.48,40.17,4.7,TNP_0007,4,2016
2016-10-02 10:00:00+00:00,450.55,482.25,31.41,44.36,4.92,TNP_0007,4,2016
2016-10-02 11:00:00+00:00,215.12,233.25,29.89,50.21,4.93,TNP_0007,4,2016
2016-10-02 12:00:00+00:00,24.2,25.77,27.4,61.41,4.45,TNP_0007,4,2016
2016-10-02 13:00:00+00:00,0.0,0.0,25.14,74.17,4.05,TNP_0007,4,2016
2016-10-02 14:00:00+00:00,0.0,0.0,23.92,81.62,3.84,TNP_0007,4,2016
2016-10-02 15:00:00+00:00,0.0,0.0,23.08,86.33,3.3,TNP_0007,4,2016
2016-10-02 16:00:00+00:00,0.0,0.0,22.52,89.16,2.8,TNP_0007,4,2016
2016-10-02 17:00:00+00:00,0.0,0.0,22.09,91.22,2.4,TNP_0007,4,2016
2016-10-02 18:00:00+00:00,0.0,0.0,21.76,92.69,2.28,TNP_0007,4,2016
2016-10-02 19:00:00+00:00,0.0,0.0,21.38,94.4,1.97,TNP_0007,4,2016
2016-10-02 20:00:00+00:00,0.0,0.0,21.13,95.28,1.76,TNP_0007,4,2016
2016-10-02 21:00:00+00:00,0.0,0.0,21.0,95.43,1.68,TNP_0007,4,2016
2016-10-02 22:00:00+00:00,0.0,0.0,20.68,96.92,1.54,TNP_0007,4,2016
2016-10-02 23:00:00+00:00,0.0,0.0,20.48,97.69,1.48,TNP_0007,4,2016
2016-10-03 00:00:00+00:00,0.0,0.0,20.22,98.9,1.49,TNP_0007,4,2016
2016-10-03 01:00:00+00:00,112.2,118.57,21.58,91.27,1.96,TNP_0007,4,2016
2016-10-03 02:00:00+00:00,325.67,350.05,24.34,75.94,2.36,TNP_0007,4,2016
2016-10-03 03:00:00+00:00,560.35,588.03,26.98,63.18,1.78,TNP_0007,4,2016
2016-10-03 04:00:00+00:00,733.35,783.75,29.16,53.9,1.02,TNP_0007,4,2016
2016-10-03 05:00:00+00:00,869.95,915.47,30.95,47.16,0.99,TNP_0007,4,2016
2016-10-03 06:00:00+00:00,873.28,971.17,32.18,43.08,1.57,TNP_0007,4,2016
2016-10-03 07:00:00+00:00,850.08,946.55,32.83,40.84,2.27,TNP_0007,4,2016
2016-10-03 08:00:00+00:00,747.55,845.7,32.89,40.39,3.02,TNP_0007,4,2016
2016-10-03 09:00:00+00:00,577.88,675.5,32.32,41.62,3.66,TNP_0007,4,2016
2016-10-03 10:00:00+00:00,410.05,452.65,31.19,45.0,4.24,TNP_0007,4,2016
2016-10-03 11:00:00+00:00,189.75,209.52,29.57,51.06,4.75,TNP_0007,4,2016
2016-10-03 12:00:00+00:00,20.1,21.65,27.36,61.35,4.61,TNP_0007,4,2016
2016-10-03 13:00:00+00:00,0.0,0.0,25.18,74.15,4.28,TNP_0007,4,2016
2016-10-03 14:00:00+00:00,0.0,0.0,23.81,83.71,4.28,TNP_0007,4,2016
2016-10-03 15:00:00+00:00,0.0,0.0,22.99,89.19,3.82,TNP_0007,4,2016
2016-10-03 16:00:00+00:00,0.0,0.0,22.52,91.78,3.16,TNP_0007,4,2016
2016-10-03 17:00:00+00:00,0.0,0.0,22.16,93.51,2.78,TNP_0007,4,2016
2016-10-03 18:00:00+00:00,0.0,0.0,21.87,94.62,2.57,TNP_0007,4,2016
2016-10-03 19:00:00+00:00,0.0,0.0,21.64,95.21,2.47,TNP_0007,4,2016
2016-10-03 20:00:00+00:00,0.0,0.0,21.49,95.28,2.43,TNP_0007,4,2016
2016-10-03 21:00:00+00:00,0.0,0.0,21.31,95.54,2.22,TNP_0007,4,2016
2016-10-03 22:00:00+00:00,0.0,0.0,21.1,96.02,2.06,TNP_0007,4,2016
2016-10-03 23:00:00+00:00,0.0,0.0,20.81,96.87,1.81,TNP_0007,4,2016
2016-10-04 00:00:00+00:00,0.0,0.0,20.48,97.74,1.69,TNP_0007,4,2016
2016-10-04 01:00:00+00:00,100.1,110.35,21.44,91.68,2.43,TNP_0007,4,2016
2016-10-04 02:00:00+00:00,273.45,334.58,24.13,74.74,3.19,TNP_0007,4,2016
2016-10-04 03:00:00+00:00,491.8,571.08,27.05,58.58,3.26,TNP_0007,4,2016
2016-10-04 04:00:00+00:00,641.15,766.58,29.86,45.97,3.4,TNP_0007,4,2016
2016-10-04 05:00:00+00:00,749.45,899.03,31.8,39.69,3.81,TNP_0007,4,2016
2016-10-04 06:00:00+00:00,768.22,951.05,33.05,36.94,4.34,TNP_0007,4,2016
2016-10-04 07:00:00+00:00,790.75,928.58,33.67,36.15,4.81,TNP_0007,4,2016
2016-10-04 08:00:00+00:00,693.53,829.12,33.64,36.89,5.21,TNP_0007,4,2016
2016-10-04 09:00:00+00:00,582.4,662.3,33.01,39.03,5.51,TNP_0007,4,2016
2016-10-04 10:00:00+00:00,400.55,443.92,31.83,42.26,5.61,TNP_0007,4,2016
2016-10-04 11:00:00+00:00,188.25,205.62,30.18,47.29,5.56,TNP_0007,4,2016
2016-10-04 12:00:00+00:00,20.05,20.92,27.77,57.02,4.81,TNP_0007,4,2016
2016-10-04 13:00:00+00:00,0.0,0.0,25.44,69.71,3.77,TNP_0007,4,2016
2016-10-04 14:00:00+00:00,0.0,0.0,24.34,77.02,3.54,TNP_0007,4,2016
2016-10-04 15:00:00+00:00,0.0,0.0,23.54,82.43,3.16,TNP_0007,4,2016
2016-10-04 16:00:00+00:00,0.0,0.0,22.97,86.05,3.05,TNP_0007,4,2016
2016-10-04 17:00:00+00:00,0.0,0.0,22.59,88.27,3.04,TNP_0007,4,2016
2016-10-04 18:00:00+00:00,0.0,0.0,22.29,90.21,2.96,TNP_0007,4,2016
2016-10-04 19:00:00+00:00,0.0,0.0,22.01,91.83,2.86,TNP_0007,4,2016
2016-10-04 20:00:00+00:00,0.0,0.0,21.75,93.29,2.69,TNP_0007,4,2016
2016-10-04 21:00:00+00:00,0.0,0.0,21.61,93.99,2.77,TNP_0007,4,2016
2016-10-04 22:00:00+00:00,0.0,0.0,21.35,95.19,2.54,TNP_0007,4,2016
2016-10-04 23:00:00+00:00,0.0,0.0,21.15,95.8,2.46,TNP_0007,4,2016
2016-10-05 00:00:00+00:00,0.0,0.0,20.99,96.0,2.31,TNP_0007,4,2016
2016-10-05 01:00:00+00:00,83.75,126.32,21.76,90.82,2.86,TNP_0007,4,2016
2016-10-05 02:00:00+00:00,252.73,364.85,23.75,77.48,3.28,TNP_0007,4,2016
2016-10-05 03:00:00+00:00,484.75,604.3,25.9,65.21,2.99,TNP_0007,4,2016
2016-10-05 04:00:00+00:00,713.72,799.95,27.96,55.36,2.54,TNP_0007,4,2016
2016-10-05 05:00:00+00:00,842.45,927.7,29.81,48.31,2.36,TNP_0007,4,2016
2016-10-05 06:00:00+00:00,867.65,968.88,31.35,43.16,2.71,TNP_0007,4,2016
2016-10-05 07:00:00+00:00,847.47,943.5,32.31,40.26,3.3,TNP_0007,4,2016
2016-10-05 08:00:00+00:00,778.7,845.35,32.52,39.74,3.9,TNP_0007,4,2016
2016-10-05 09:00:00+00:00,631.7,679.28,31.95,41.26,4.51,TNP_0007,4,2016
2016-10-05 10:00:00+00:00,430.33,460.9,30.75,44.95,5.04,TNP_0007,4,2016
2016-10-05 11:00:00+00:00,203.38,217.68,28.93,51.96,5.4,TNP_0007,4,2016
2016-10-05 12:00:00+00:00,20.5,21.95,26.75,62.42,5.24,TNP_0007,4,2016
2016-10-05 13:00:00+00:00,0.0,0.0,24.9,73.29,4.95,TNP_0007,4,2016
2016-10-05 14:00:00+00:00,0.0,0.0,23.78,81.01,4.6,TNP_0007,4,2016
2016-10-05 15:00:00+00:00,0.0,0.0,23.06,85.99,3.95,TNP_0007,4,2016
2016-10-05 16:00:00+00:00,0.0,0.0,22.55,89.11,3.56,TNP_0007,4,2016
2016-10-05 17:00:00+00:00,0.0,0.0,22.18,91.01,3.17,TNP_0007,4,2016
2016-10-05 18:00:00+00:00,0.0,0.0,21.91,92.01,3.15,TNP_0007,4,2016
2016-10-05 19:00:00+00:00,0.0,0.0,21.68,92.67,2.84,TNP_0007,4,2016
2016-10-05 20:00:00+00:00,0.0,0.0,21.45,93.29,2.59,TNP_0007,4,2016
2016-10-05 21:00:00+00:00,0.0,0.0,21.22,94.0,2.36,TNP_0007,4,2016
2016-10-05 22:00:00+00:00,0.0,0.0,20.98,94.62,2.18,TNP_0007,4,2016
2016-10-05 23:00:00+00:00,0.0,0.0,20.73,95.21,1.98,TNP_0007,4,2016
2016-10-06 00:00:00+00:00,0.0,0.0,20.44,95.81,1.84,TNP_0007,4,2016
2016-10-06 01:00:00+00:00,121.85,134.38,21.03,92.33,2.49,TNP_0007,4,2016
2016-10-06 02:00:00+00:00,346.38,374.6,22.84,80.03,3.1,TNP_0007,4,2016
2016-10-06 03:00:00+00:00,582.0,610.58,25.55,62.0,3.16,TNP_0007,4,2016
2016-10-06 04:00:00+00:00,750.83,801.97,28.53,46.72,2.99,TNP_0007,4,2016
2016-10-06 05:00:00+00:00,813.88,930.22,30.7,39.44,2.93,TNP_0007,4,2016
2016-10-06 06:00:00+00:00,915.58,976.75,32.3,34.98,3.15,TNP_0007,4,2016
2016-10-06 07:00:00+00:00,905.62,955.5,33.27,32.4,3.56,TNP_0007,4,2016
2016-10-06 08:00:00+00:00,775.67,857.55,33.54,31.65,4.0,TNP_0007,4,2016
2016-10-06 09:00:00+00:00,644.62,690.92,32.57,33.46,4.43,TNP_0007,4,2016
2016-10-06 10:00:00+00:00,450.27,470.8,31.02,37.33,4.87,TNP_0007,4,2016
2016-10-06 11:00:00+00:00,213.32,223.82,29.18,43.84,5.24,TNP_0007,4,2016
2016-10-06 12:00:00+00:00,21.8,22.52,26.89,54.37,5.04,TNP_0007,4,2016
2016-10-06 13:00:00+00:00,0.0,0.0,24.88,66.55,4.63,TNP_0007,4,2016
2016-10-06 14:00:00+00:00,0.0,0.0,23.79,75.17,4.28,TNP_0007,4,2016
2016-10-06 15:00:00+00:00,0.0,0.0,23.27,79.8,3.73,TNP_0007,4,2016
2016-10-06 16:00:00+00:00,0.0,0.0,22.89,82.58,3.46,TNP_0007,4,2016
2016-10-06 17:00:00+00:00,0.0,0.0,22.42,85.06,3.25,TNP_0007,4,2016
2016-10-06 18:00:00+00:00,0.0,0.0,21.84,87.53,3.15,TNP_0007,4,2016
2016-10-06 19:00:00+00:00,0.0,0.0,21.27,89.89,2.96,TNP_0007,4,2016
2016-10-06 20:00:00+00:00,0.0,0.0,20.83,91.46,2.77,TNP_0007,4,2016
2016-10-06 21:00:00+00:00,0.0,0.0,20.51,92.4,2.62,TNP_0007,4,2016
2016-10-06 22:00:00+00:00,0.0,0.0,20.23,93.09,2.42,TNP_0007,4,2016
2016-10-06 23:00:00+00:00,0.0,0.0,19.87,94.2,2.08,TNP_0007,4,2016
2016-10-07 00:00:00+00:00,0.0,0.0,19.52,95.08,1.88,TNP_0007,4,2016
2016-10-07 01:00:00+00:00,117.82,138.45,20.32,89.35,2.54,TNP_0007,4,2016
2016-10-07 02:00:00+00:00,317.35,383.55,22.65,72.82,3.28,TNP_0007,4,2016
2016-10-07 03:00:00+00:00,563.6,622.42,25.17,56.15,3.42,TNP_0007,4,2016
2016-10-07 04:00:00+00:00,651.35,815.28,27.19,45.78,3.18,TNP_0007,4,2016
2016-10-07 05:00:00+00:00,846.38,943.7,28.73,41.05,2.97,TNP_0007,4,2016
2016-10-07 06:00:00+00:00,851.3,969.88,29.86,38.53,3.11,TNP_0007,4,2016
2016-10-07 07:00:00+00:00,789.55,944.33,30.51,37.07,3.57,TNP_0007,4,2016
2016-10-07 08:00:00+00:00,717.97,844.78,30.64,36.83,3.98,TNP_0007,4,2016
2016-10-07 09:00:00+00:00,568.28,670.95,30.23,38.21,4.24,TNP_0007,4,2016
2016-10-07 10:00:00+00:00,372.65,448.08,29.34,41.14,4.43,TNP_0007,4,2016
2016-10-07 11:00:00+00:00,166.82,204.9,27.9,46.63,4.45,TNP_0007,4,2016
2016-10-07 12:00:00+00:00,16.38,19.27,25.6,58.54,3.39,TNP_0007,4,2016
2016-10-07 13:00:00+00:00,0.0,0.0,23.89,69.62,3.22,TNP_0007,4,2016
2016-10-07 14:00:00+00:00,0.0,0.0,23.14,76.45,3.36,TNP_0007,4,2016
2016-10-07 15:00:00+00:00,0.0,0.0,22.51,82.01,3.26,TNP_0007,4,2016
2016-10-07 16:00:00+00:00,0.0,0.0,21.94,86.34,2.91,TNP_0007,4,2016
2016-10-07 17:00:00+00:00,0.0,0.0,21.43,89.95,2.54,TNP_0007,4,2016
2016-10-07 18:00:00+00:00,0.0,0.0,20.91,93.57,2.29,TNP_0007,4,2016
2016-10-07 19:00:00+00:00,0.0,0.0,20.23,97.96,2.13,TNP_0007,4,2016
2016-10-07 20:00:00+00:00,0.0,0.0,20.24,97.95,2.47,TNP_0007,4,2016
2016-10-07 21:00:00+00:00,0.0,0.0,20.26,97.65,2.59,TNP_0007,4,2016
2016-10-07 22:00:00+00:00,0.0,0.0,20.07,98.63,2.29,TNP_0007,4,2016
2016-10-07 23:00:00+00:00,0.0,0.0,19.91,99.41,2.08,TNP_0007,4,2016
2016-10-08 00:00:00+00:00,0.0,0.0,19.71,100.0,1.95,TNP_0007,4,2016
2016-10-08 01:00:00+00:00,92.07,131.12,20.86,94.14,2.78,TNP_0007,4,2016
2016-10-08 02:00:00+00:00,258.1,371.4,23.56,78.43,3.87,TNP_0007,4,2016
2016-10-08 03:00:00+00:00,470.7,607.67,26.45,62.12,4.14,TNP_0007,4,2016
2016-10-08 04:00:00+00:00,669.55,798.75,28.76,50.99,4.05,TNP_0007,4,2016
2016-10-08 05:00:00+00:00,729.6,925.75,30.35,44.72,4.08,TNP_0007,4,2016
2016-10-08 06:00:00+00:00,799.75,962.75,31.36,41.58,4.33,TNP_0007,4,2016
2016-10-08 07:00:00+00:00,791.45,938.12,31.94,40.31,4.78,TNP_0007,4,2016
2016-10-08 08:00:00+00:00,606.53,837.28,32.06,40.88,5.31,TNP_0007,4,2016
2016-10-08 09:00:00+00:00,433.88,668.88,31.03,45.01,5.96,TNP_0007,4,2016
2016-10-08 10:00:00+00:00,284.42,448.98,29.59,50.98,6.44,TNP_0007,4,2016
2016-10-08 11:00:00+00:00,132.45,206.57,27.61,59.53,6.25,TNP_0007,4,2016
2016-10-08 12:00:00+00:00,15.18,19.08,25.84,68.18,5.15,TNP_0007,4,2016
2016-10-08 13:00:00+00:00,0.0,0.0,24.52,75.72,4.1,TNP_0007,4,2016
2016-10-08 14:00:00+00:00,0.0,0.0,23.76,80.44,3.84,TNP_0007,4,2016
2016-10-08 15:00:00+00:00,0.0,0.0,23.19,83.98,3.71,TNP_0007,4,2016
2016-10-08 16:00:00+00:00,0.0,0.0,22.59,87.96,3.41,TNP_0007,4,2016
2016-10-08 17:00:00+00:00,0.0,0.0,22.27,90.47,3.42,TNP_0007,4,2016
2016-10-08 18:00:00+00:00,0.0,0.0,22.05,92.0,3.41,TNP_0007,4,2016
2016-10-08 19:00:00+00:00,0.0,0.0,21.85,92.77,3.19,TNP_0007,4,2016
2016-10-08 20:00:00+00:00,0.0,0.0,21.69,93.04,2.87,TNP_0007,4,2016
2016-10-08 21:00:00+00:00,0.0,0.0,21.52,93.38,2.55,TNP_0007,4,2016
2016-10-08 22:00:00+00:00,0.0,0.0,21.32,94.01,2.08,TNP_0007,4,2016
2016-10-08 23:00:00+00:00,0.0,0.0,21.11,94.79,1.78,TNP_0007,4,2016
2016-10-09 00:00:00+00:00,0.0,0.0,20.79,96.25,1.61,TNP_0007,4,2016
2016-10-09 01:00:00+00:00,118.0,128.62,21.72,91.04,2.49,TNP_0007,4,2016
2016-10-09 02:00:00+00:00,338.08,364.75,24.26,75.5,3.79,TNP_0007,4,2016
2016-10-09 03:00:00+00:00,580.58,598.17,27.01,60.2,4.48,TNP_0007,4,2016
2016-10-09 04:00:00+00:00,690.88,787.83,29.38,49.35,4.93,TNP_0007,4,2016
2016-10-09 05:00:00+00:00,743.92,914.95,31.15,42.6,5.28,TNP_0007,4,2016
2016-10-09 06:00:00+00:00,675.67,942.08,32.43,38.46,5.73,TNP_0007,4,2016
2016-10-09 07:00:00+00:00,764.8,918.5,32.9,36.96,6.25,TNP_0007,4,2016
2016-10-09 08:00:00+00:00,722.75,818.5,32.41,38.12,6.75,TNP_0007,4,2016
2016-10-09 09:00:00+00:00,539.08,650.78,31.22,41.52,7.12,TNP_0007,4,2016
2016-10-09 10:00:00+00:00,368.17,432.73,29.69,46.46,7.12,TNP_0007,4,2016
2016-10-09 11:00:00+00:00,160.02,195.3,27.98,52.73,6.59,TNP_0007,4,2016
2016-10-09 12:00:00+00:00,14.82,17.48,26.12,61.07,5.37,TNP_0007,4,2016
2016-10-09 13:00:00+00:00,0.0,0.0,24.41,70.81,4.24,TNP_0007,4,2016
2016-10-09 14:00:00+00:00,0.0,0.0,23.42,77.98,3.78,TNP_0007,4,2016
2016-10-09 15:00:00+00:00,0.0,0.0,22.7,83.52,3.55,TNP_0007,4,2016
2016-10-09 16:00:00+00:00,0.0,0.0,22.11,87.95,3.44,TNP_0007,4,2016
2016-10-09 17:00:00+00:00,0.0,0.0,21.65,91.31,3.19,TNP_0007,4,2016
2016-10-09 18:00:00+00:00,0.0,0.0,21.28,93.6,2.98,TNP_0007,4,2016
2016-10-09 19:00:00+00:00,0.0,0.0,21.01,94.81,2.92,TNP_0007,4,2016
2016-10-09 20:00:00+00:00,0.0,0.0,20.85,95.2,2.97,TNP_0007,4,2016
2016-10-09 21:00:00+00:00,0.0,0.0,20.75,95.14,3.05,TNP_0007,4,2016
2016-10-09 22:00:00+00:00,0.0,0.0,20.66,94.8,2.98,TNP_0007,4,2016
2016-10-09 23:00:00+00:00,0.0,0.0,20.47,94.81,2.76,TNP_0007,4,2016
2016-10-10 00:00:00+00:00,0.0,0.0,20.28,94.84,2.67,TNP_0007,4,2016
2016-10-10 01:00:00+00:00,101.65,132.85,21.09,89.56,3.37,TNP_0007,4,2016
2016-10-10 02:00:00+00:00,265.05,372.98,23.52,74.29,4.61,TNP_0007,4,2016
2016-10-10 03:00:00+00:00,463.48,609.28,26.26,59.07,5.2,TNP_0007,4,2016
2016-10-10 04:00:00+00:00,674.88,801.1,28.69,48.3,5.34,TNP_0007,4,2016
2016-10-10 05:00:00+00:00,800.7,929.47,30.76,41.19,5.48,TNP_0007,4,2016
2016-10-10 06:00:00+00:00,754.2,982.17,32.22,37.12,5.8,TNP_0007,4,2016
2016-10-10 07:00:00+00:00,712.38,957.88,32.92,35.56,6.16,TNP_0007,4,2016
2016-10-10 08:00:00+00:00,604.03,857.2,32.88,35.93,6.42,TNP_0007,4,2016
2016-10-10 09:00:00+00:00,578.58,687.72,32.09,37.95,6.57,TNP_0007,4,2016
2016-10-10 10:00:00+00:00,411.58,465.42,30.8,40.87,6.42,TNP_0007,4,2016
2016-10-10 11:00:00+00:00,193.45,216.82,29.13,44.96,6.05,TNP_0007,4,2016
2016-10-10 12:00:00+00:00,18.75,19.52,26.68,52.76,4.9,TNP_0007,4,2016
2016-10-10 13:00:00+00:00,0.0,0.0,24.43,63.24,3.63,TNP_0007,4,2016
2016-10-10 14:00:00+00:00,0.0,0.0,23.36,69.81,3.43,TNP_0007,4,2016
2016-10-10 15:00:00+00:00,0.0,0.0,22.56,75.65,3.39,TNP_0007,4,2016
2016-10-10 16:00:00+00:00,0.0,0.0,21.91,80.65,3.43,TNP_0007,4,2016
2016-10-10 17:00:00+00:00,0.0,0.0,21.4,85.0,3.36,TNP_0007,4,2016
2016-10-10 18:00:00+00:00,0.0,0.0,20.98,88.55,3.05,TNP_0007,4,2016
2016-10-10 19:00:00+00:00,0.0,0.0,20.67,91.31,3.01,TNP_0007,4,2016
2016-10-10 20:00:00+00:00,0.0,0.0,20.43,93.3,2.83,TNP_0007,4,2016
2016-10-10 21:00:00+00:00,0.0,0.0,20.22,94.69,2.49,TNP_0007,4,2016
2016-10-10 22:00:00+00:00,0.0,0.0,20.05,95.65,2.32,TNP_0007,4,2016
2016-10-10 23:00:00+00:00,0.0,0.0,19.88,96.59,2.15,TNP_0007,4,2016
2016-10-11 00:00:00+00:00,0.0,0.0,19.69,97.68,1.93,TNP_0007,4,2016
2016-10-11 01:00:00+00:00,114.78,135.15,20.71,92.33,2.6,TNP_0007,4,2016
2016-10-11 02:00:00+00:00,294.3,374.95,23.46,76.89,3.8,TNP_0007,4,2016
2016-10-11 03:00:00+00:00,503.38,608.83,26.13,62.07,4.28,TNP_0007,4,2016
2016-10-11 04:00:00+00:00,608.9,797.6,28.3,51.76,4.34,TNP_0007,4,2016
2016-10-11 05:00:00+00:00,627.2,923.3,30.09,44.88,4.51,TNP_0007,4,2016
2016-10-11 06:00:00+00:00,655.85,966.85,31.26,41.39,4.87,TNP_0007,4,2016
2016-10-11 07:00:00+00:00,664.42,940.47,31.71,40.68,5.31,TNP_0007,4,2016
2016-10-11 08:00:00+00:00,553.47,838.3,31.46,42.23,5.68,TNP_0007,4,2016
2016-10-11 09:00:00+00:00,425.67,667.97,30.67,45.54,5.93,TNP_0007,4,2016
2016-10-11 10:00:00+00:00,296.23,446.17,29.59,49.65,6.01,TNP_0007,4,2016
2016-10-11 11:00:00+00:00,131.85,202.1,28.08,55.11,5.8,TNP_0007,4,2016
2016-10-11 12:00:00+00:00,11.15,17.23,25.92,64.58,4.49,TNP_0007,4,2016
2016-10-11 13:00:00+00:00,0.0,0.0,24.04,75.56,3.21,TNP_0007,4,2016
2016-10-11 14:00:00+00:00,0.0,0.0,23.07,81.76,3.09,TNP_0007,4,2016
2016-10-11 15:00:00+00:00,0.0,0.0,22.41,85.87,3.31,TNP_0007,4,2016
2016-10-11 16:00:00+00:00,0.0,0.0,21.85,89.46,3.44,TNP_0007,4,2016
2016-10-11 17:00:00+00:00,0.0,0.0,21.38,92.5,3.35,TNP_0007,4,2016
2016-10-11 18:00:00+00:00,0.0,0.0,21.04,94.59,3.4,TNP_0007,4,2016
2016-10-11 19:00:00+00:00,0.0,0.0,20.85,95.78,3.5,TNP_0007,4,2016
2016-10-11 20:00:00+00:00,0.0,0.0,20.86,95.89,3.23,TNP_0007,4,2016
2016-10-11 21:00:00+00:00,0.0,0.0,20.86,96.1,2.6,TNP_0007,4,2016
2016-10-11 22:00:00+00:00,0.0,0.0,20.8,96.64,2.21,TNP_0007,4,2016
2016-10-11 23:00:00+00:00,0.0,0.0,20.75,97.1,1.92,TNP_0007,4,2016
2016-10-12 00:00:00+00:00,0.0,0.0,20.68,97.72,1.64,TNP_0007,4,2016
2016-10-12 01:00:00+00:00,81.1,123.78,21.34,95.21,2.04,TNP_0007,4,2016
2016-10-12 02:00:00+00:00,265.9,358.65,22.79,89.44,2.66,TNP_0007,4,2016
2016-10-12 03:00:00+00:00,477.4,591.03,24.54,80.37,2.98,TNP_0007,4,2016
2016-10-12 04:00:00+00:00,618.45,779.33,26.59,68.41,2.82,TNP_0007,4,2016
2016-10-12 05:00:00+00:00,701.78,903.53,28.49,58.27,2.53,TNP_0007,4,2016
2016-10-12 06:00:00+00:00,683.62,933.1,29.47,53.46,2.41,TNP_0007,4,2016
2016-10-12 07:00:00+00:00,642.5,903.85,29.74,51.71,2.45,TNP_0007,4,2016
2016-10-12 08:00:00+00:00,605.38,800.33,29.58,51.83,2.5,TNP_0007,4,2016
2016-10-12 09:00:00+00:00,452.6,629.78,29.01,53.8,2.57,TNP_0007,4,2016
2016-10-12 10:00:00+00:00,278.35,409.45,28.21,57.18,2.66,TNP_0007,4,2016
2016-10-12 11:00:00+00:00,116.35,173.6,27.1,63.61,2.52,TNP_0007,4,2016
2016-10-12 12:00:00+00:00,10.88,14.15,25.41,75.85,1.87,TNP_0007,4,2016
2016-10-12 13:00:00+00:00,0.0,0.0,24.19,83.62,1.8,TNP_0007,4,2016
2016-10-12 14:00:00+00:00,0.0,0.0,23.65,87.27,1.84,TNP_0007,4,2016
2016-10-12 15:00:00+00:00,0.0,0.0,23.2,90.87,1.75,TNP_0007,4,2016
2016-10-12 16:00:00+00:00,0.0,0.0,22.74,94.27,1.61,TNP_0007,4,2016
2016-10-12 17:00:00+00:00,0.0,0.0,22.52,96.22,1.5,TNP_0007,4,2016
2016-10-12 18:00:00+00:00,0.0,0.0,22.3,97.52,1.33,TNP_0007,4,2016
2016-10-12 19:00:00+00:00,0.0,0.0,22.08,98.09,1.24,TNP_0007,4,2016
2016-10-12 20:00:00+00:00,0.0,0.0,21.9,98.21,1.27,TNP_0007,4,2016
2016-10-12 21:00:00+00:00,0.0,0.0,21.76,98.17,1.36,TNP_0007,4,2016
2016-10-12 22:00:00+00:00,0.0,0.0,21.6,98.16,1.41,TNP_0007,4,2016
2016-10-12 23:00:00+00:00,0.0,0.0,21.47,97.94,1.36,TNP_0007,4,2016
2016-10-13 00:00:00+00:00,0.0,0.0,21.45,97.31,1.21,TNP_0007,4,2016
2016-10-13 01:00:00+00:00,73.4,91.6,22.21,96.06,1.06,TNP_0007,4,2016
2016-10-13 02:00:00+00:00,192.4,294.35,23.64,90.56,1.06,TNP_0007,4,2016
2016-10-13 03:00:00+00:00,331.25,518.4,25.15,80.38,1.01,TNP_0007,4,2016
2016-10-13 04:00:00+00:00,505.42,706.4,26.55,72.09,1.18,TNP_0007,4,2016
2016-10-13 05:00:00+00:00,611.55,825.15,27.77,65.18,1.44,TNP_0007,4,2016
2016-10-13 06:00:00+00:00,630.45,886.35,28.26,62.28,1.68,TNP_0007,4,2016
2016-10-13 07:00:00+00:00,597.3,857.9,28.34,62.15,1.83,TNP_0007,4,2016
2016-10-13 08:00:00+00:00,535.38,750.83,28.0,64.2,1.85,TNP_0007,4,2016
2016-10-13 09:00:00+00:00,349.95,583.95,27.2,68.81,1.79,TNP_0007,4,2016
2016-10-13 10:00:00+00:00,216.88,364.08,26.25,74.69,1.64,TNP_0007,4,2016
2016-10-13 11:00:00+00:00,96.75,144.48,25.21,81.52,1.44,TNP_0007,4,2016
2016-10-13 12:00:00+00:00,8.07,12.05,24.17,89.62,1.07,TNP_0007,4,2016
2016-10-13 13:00:00+00:00,0.0,0.0,23.6,93.43,1.02,TNP_0007,4,2016
2016-10-13 14:00:00+00:00,0.0,0.0,23.36,94.87,1.01,TNP_0007,4,2016
2016-10-13 15:00:00+00:00,0.0,0.0,23.2,95.7,1.03,TNP_0007,4,2016
2016-10-13 16:00:00+00:00,0.0,0.0,23.01,96.61,0.98,TNP_0007,4,2016
2016-10-13 17:00:00+00:00,0.0,0.0,22.83,97.34,0.89,TNP_0007,4,2016
2016-10-13 18:00:00+00:00,0.0,0.0,22.66,97.12,0.94,TNP_0007,4,2016
2016-10-13 19:00:00+00:00,0.0,0.0,22.43,97.44,1.1,TNP_0007,4,2016
2016-10-13 20:00:00+00:00,0.0,0.0,22.17,97.39,1.41,TNP_0007,4,2016
2016-10-13 21:00:00+00:00,0.0,0.0,21.88,97.27,1.56,TNP_0007,4,2016
2016-10-13 22:00:00+00:00,0.0,0.0,21.54,97.22,1.53,TNP_0007,4,2016
2016-10-13 23:00:00+00:00,0.0,0.0,21.11,97.4,1.37,TNP_0007,4,2016
2016-10-14 00:00:00+00:00,0.0,0.0,20.75,97.46,1.26,TNP_0007,4,2016
2016-10-14 01:00:00+00:00,54.53,82.43,21.21,95.13,1.34,TNP_0007,4,2016
2016-10-14 02:00:00+00:00,183.85,266.7,22.78,86.14,1.46,TNP_0007,4,2016
2016-10-14 03:00:00+00:00,355.83,484.38,24.71,69.64,1.57,TNP_0007,4,2016
2016-10-14 04:00:00+00:00,478.02,669.72,27.06,55.85,1.44,TNP_0007,4,2016
2016-10-14 05:00:00+00:00,544.12,798.7,28.98,48.81,1.36,TNP_0007,4,2016
2016-10-14 06:00:00+00:00,623.83,866.1,30.37,45.03,1.38,TNP_0007,4,2016
2016-10-14 07:00:00+00:00,557.08,834.35,31.13,43.32,1.39,TNP_0007,4,2016
2016-10-14 08:00:00+00:00,478.58,712.9,31.44,42.79,1.39,TNP_0007,4,2016
2016-10-14 09:00:00+00:00,332.35,549.0,31.02,44.06,1.5,TNP_0007,4,2016
2016-10-14 10:00:00+00:00,209.48,336.7,30.09,47.03,1.71,TNP_0007,4,2016
2016-10-14 11:00:00+00:00,85.95,131.18,28.75,52.36,1.87,TNP_0007,4,2016
2016-10-14 12:00:00+00:00,6.9,11.2,26.65,66.7,1.59,TNP_0007,4,2016
2016-10-14 13:00:00+00:00,0.0,0.0,25.1,76.52,1.57,TNP_0007,4,2016
2016-10-14 14:00:00+00:00,0.0,0.0,24.28,79.17,1.65,TNP_0007,4,2016
2016-10-14 15:00:00+00:00,0.0,0.0,23.61,82.23,1.67,TNP_0007,4,2016
2016-10-14 16:00:00+00:00,0.0,0.0,23.08,85.09,1.61,TNP_0007,4,2016
2016-10-14 17:00:00+00:00,0.0,0.0,22.64,87.58,1.58,TNP_0007,4,2016
2016-10-14 18:00:00+00:00,0.0,0.0,22.26,90.07,1.5,TNP_0007,4,2016
2016-10-14 19:00:00+00:00,0.0,0.0,21.91,92.11,1.4,TNP_0007,4,2016
2016-10-14 20:00:00+00:00,0.0,0.0,21.65,93.09,1.34,TNP_0007,4,2016
2016-10-14 21:00:00+00:00,0.0,0.0,21.51,93.75,1.16,TNP_0007,4,2016
2016-10-14 22:00:00+00:00,0.0,0.0,21.46,93.88,0.99,TNP_0007,4,2016
2016-10-14 23:00:00+00:00,0.0,0.0,21.43,93.86,0.9,TNP_0007,4,2016
2016-10-15 00:00:00+00:00,0.0,0.0,21.38,94.38,0.79,TNP_0007,4,2016
2016-10-15 01:00:00+00:00,57.62,83.03,21.87,91.73,0.89,TNP_0007,4,2016
2016-10-15 02:00:00+00:00,194.52,268.05,23.31,84.26,1.05,TNP_0007,4,2016
2016-10-15 03:00:00+00:00,373.45,470.77,25.11,73.6,1.33,TNP_0007,4,2016
2016-10-15 04:00:00+00:00,465.65,627.22,26.91,64.17,1.51,TNP_0007,4,2016
2016-10-15 05:00:00+00:00,522.42,747.42,28.75,56.38,1.75,TNP_0007,4,2016
2016-10-15 06:00:00+00:00,531.1,852.55,29.74,52.43,1.82,TNP_0007,4,2016
2016-10-15 07:00:00+00:00,534.95,838.62,29.98,51.68,1.63,TNP_0007,4,2016
2016-10-15 08:00:00+00:00,415.3,723.12,29.87,52.5,1.32,TNP_0007,4,2016
2016-10-15 09:00:00+00:00,446.65,566.2,29.44,54.38,1.11,TNP_0007,4,2016
2016-10-15 10:00:00+00:00,259.12,355.12,28.57,58.27,0.93,TNP_0007,4,2016
2016-10-15 11:00:00+00:00,101.97,140.48,27.34,64.66,0.79,TNP_0007,4,2016
2016-10-15 12:00:00+00:00,7.75,11.5,25.74,75.04,0.68,TNP_0007,4,2016
2016-10-15 13:00:00+00:00,0.0,0.0,24.62,82.79,0.92,TNP_0007,4,2016
2016-10-15 14:00:00+00:00,0.0,0.0,23.94,86.87,1.01,TNP_0007,4,2016
2016-10-15 15:00:00+00:00,0.0,0.0,23.41,89.59,1.03,TNP_0007,4,2016
2016-10-15 16:00:00+00:00,0.0,0.0,22.98,91.22,1.01,TNP_0007,4,2016
2016-10-15 17:00:00+00:00,0.0,0.0,22.68,92.39,1.04,TNP_0007,4,2016
2016-10-15 18:00:00+00:00,0.0,0.0,22.41,93.54,1.12,TNP_0007,4,2016
2016-10-15 19:00:00+00:00,0.0,0.0,22.16,94.9,1.07,TNP_0007,4,2016
2016-10-15 20:00:00+00:00,0.0,0.0,21.94,95.39,1.04,TNP_0007,4,2016
2016-10-15 21:00:00+00:00,0.0,0.0,21.79,95.66,0.96,TNP_0007,4,2016
2016-10-15 22:00:00+00:00,0.0,0.0,21.71,95.62,0.87,TNP_0007,4,2016
2016-10-15 23:00:00+00:00,0.0,0.0,21.66,95.55,0.78,TNP_0007,4,2016
2016-10-16 00:00:00+00:00,0.0,0.0,21.44,96.4,0.77,TNP_0007,4,2016
2016-10-16 01:00:00+00:00,73.45,87.28,21.96,94.19,0.93,TNP_0007,4,2016
2016-10-16 02:00:00+00:00,235.8,280.33,23.57,85.63,1.13,TNP_0007,4,2016
2016-10-16 03:00:00+00:00,435.2,503.42,25.74,73.61,1.2,TNP_0007,4,2016
2016-10-16 04:00:00+00:00,575.72,644.5,27.95,61.52,1.48,TNP_0007,4,2016
2016-10-16 05:00:00+00:00,719.05,759.55,29.59,54.23,1.68,TNP_0007,4,2016
2016-10-16 06:00:00+00:00,766.03,887.97,30.23,51.45,1.72,TNP_0007,4,2016
2016-10-16 07:00:00+00:00,782.35,855.42,30.5,50.65,1.72,TNP_0007,4,2016
2016-10-16 08:00:00+00:00,681.03,748.67,30.4,51.07,1.69,TNP_0007,4,2016
2016-10-16 09:00:00+00:00,547.42,574.25,29.78,53.08,1.44,TNP_0007,4,2016
2016-10-16 10:00:00+00:00,351.45,367.12,28.9,56.26,1.14,TNP_0007,4,2016
2016-10-16 11:00:00+00:00,137.02,143.6,27.83,60.9,1.12,TNP_0007,4,2016
2016-10-16 12:00:00+00:00,9.6,11.38,26.23,71.52,1.29,TNP_0007,4,2016
2016-10-16 13:00:00+00:00,0.0,0.0,24.99,78.7,1.99,TNP_0007,4,2016
2016-10-16 14:00:00+00:00,0.0,0.0,24.17,83.51,2.5,TNP_0007,4,2016
2016-10-16 15:00:00+00:00,0.0,0.0,23.57,88.16,2.29,TNP_0007,4,2016
2016-10-16 16:00:00+00:00,0.0,0.0,23.05,91.78,1.85,TNP_0007,4,2016
2016-10-16 17:00:00+00:00,0.0,0.0,22.52,94.89,1.55,TNP_0007,4,2016
2016-10-16 18:00:00+00:00,0.0,0.0,22.2,96.76,1.21,TNP_0007,4,2016
2016-10-16 19:00:00+00:00,0.0,0.0,22.06,97.25,0.99,TNP_0007,4,2016
2016-10-16 20:00:00+00:00,0.0,0.0,21.94,96.99,0.83,TNP_0007,4,2016
2016-10-16 21:00:00+00:00,0.0,0.0,21.81,96.63,0.88,TNP_0007,4,2016
2016-10-16 22:00:00+00:00,0.0,0.0,21.65,96.65,1.05,TNP_0007,4,2016
2016-10-16 23:00:00+00:00,0.0,0.0,21.61,96.16,1.1,TNP_0007,4,2016
2016-10-17 00:00:00+00:00,0.0,0.0,21.57,95.7,1.1,TNP_0007,4,2016
2016-10-17 01:00:00+00:00,65.88,87.05,22.17,92.06,1.39,TNP_0007,4,2016
2016-10-17 02:00:00+00:00,178.25,278.1,23.62,83.35,1.85,TNP_0007,4,2016
2016-10-17 03:00:00+00:00,322.05,465.08,25.44,73.31,2.0,TNP_0007,4,2016
2016-10-17 04:00:00+00:00,486.9,643.38,26.98,65.59,2.01,TNP_0007,4,2016
2016-10-17 05:00:00+00:00,500.45,749.78,28.91,57.52,1.93,TNP_0007,4,2016
2016-10-17 06:00:00+00:00,685.2,849.83,30.51,51.64,1.74,TNP_0007,4,2016
2016-10-17 07:00:00+00:00,677.42,813.38,30.52,51.41,1.71,TNP_0007,4,2016
2016-10-17 08:00:00+00:00,550.35,722.6,30.1,53.28,2.11,TNP_0007,4,2016
2016-10-17 09:00:00+00:00,488.4,578.62,29.15,57.25,2.81,TNP_0007,4,2016
2016-10-17 10:00:00+00:00,310.27,373.2,27.85,62.94,3.44,TNP_0007,4,2016
2016-10-17 11:00:00+00:00,126.85,153.35,26.34,70.21,3.76,TNP_0007,4,2016
2016-10-17 12:00:00+00:00,10.32,11.73,24.9,78.09,3.66,TNP_0007,4,2016
2016-10-17 13:00:00+00:00,0.0,0.0,24.02,83.68,3.42,TNP_0007,4,2016
2016-10-17 14:00:00+00:00,0.0,0.0,23.6,86.4,3.08,TNP_0007,4,2016
2016-10-17 15:00:00+00:00,0.0,0.0,23.31,88.4,2.6,TNP_0007,4,2016
2016-10-17 16:00:00+00:00,0.0,0.0,23.04,90.19,2.23,TNP_0007,4,2016
2016-10-17 17:00:00+00:00,0.0,0.0,22.79,91.65,2.06,TNP_0007,4,2016
2016-10-17 18:00:00+00:00,0.0,0.0,22.52,92.84,1.91,TNP_0007,4,2016
2016-10-17 19:00:00+00:00,0.0,0.0,22.21,94.15,1.79,TNP_0007,4,2016
2016-10-17 20:00:00+00:00,0.0,0.0,22.05,94.5,1.77,TNP_0007,4,2016
2016-10-17 21:00:00+00:00,0.0,0.0,21.78,95.27,1.65,TNP_0007,4,2016
2016-10-17 22:00:00+00:00,0.0,0.0,21.47,95.63,1.59,TNP_0007,4,2016
2016-10-17 23:00:00+00:00,0.0,0.0,21.16,95.7,1.51,TNP_0007,4,2016
2016-10-18 00:00:00+00:00,0.0,0.0,20.99,94.77,1.47,TNP_0007,4,2016
2016-10-18 01:00:00+00:00,87.97,99.03,21.64,89.8,1.91,TNP_0007,4,2016
2016-10-18 02:00:00+00:00,277.5,314.92,23.93,72.36,2.68,TNP_0007,4,2016
2016-10-18 03:00:00+00:00,428.2,534.6,26.89,54.3,2.84,TNP_0007,4,2016
2016-10-18 04:00:00+00:00,614.5,722.55,29.34,44.62,2.35,TNP_0007,4,2016
2016-10-18 05:00:00+00:00,727.4,845.9,31.1,39.67,1.74,TNP_0007,4,2016
2016-10-18 06:00:00+00:00,819.55,862.3,32.51,36.12,1.17,TNP_0007,4,2016
2016-10-18 07:00:00+00:00,775.65,833.78,33.49,33.65,0.85,TNP_0007,4,2016
2016-10-18 08:00:00+00:00,664.58,727.42,33.94,32.3,1.21,TNP_0007,4,2016
2016-10-18 09:00:00+00:00,558.85,570.53,33.79,32.06,1.78,TNP_0007,4,2016
2016-10-18 10:00:00+00:00,339.92,358.2,32.99,33.37,2.39,TNP_0007,4,2016
2016-10-18 11:00:00+00:00,134.45,142.57,31.29,38.76,2.86,TNP_0007,4,2016
2016-10-18 12:00:00+00:00,10.02,10.73,28.1,56.72,2.67,TNP_0007,4,2016
2016-10-18 13:00:00+00:00,0.0,0.0,25.99,64.99,3.24,TNP_0007,4,2016
2016-10-18 14:00:00+00:00,0.0,0.0,24.78,71.17,3.39,TNP_0007,4,2016
2016-10-18 15:00:00+00:00,0.0,0.0,23.82,77.07,3.2,TNP_0007,4,2016
2016-10-18 16:00:00+00:00,0.0,0.0,23.08,81.94,2.89,TNP_0007,4,2016
2016-10-18 17:00:00+00:00,0.0,0.0,22.47,86.05,2.42,TNP_0007,4,2016
2016-10-18 18:00:00+00:00,0.0,0.0,21.82,89.71,2.04,TNP_0007,4,2016
2016-10-18 19:00:00+00:00,0.0,0.0,21.39,91.61,1.76,TNP_0007,4,2016
2016-10-18 20:00:00+00:00,0.0,0.0,21.04,92.76,1.56,TNP_0007,4,2016
2016-10-18 21:00:00+00:00,0.0,0.0,20.69,94.06,1.4,TNP_0007,4,2016
2016-10-18 22:00:00+00:00,0.0,0.0,20.41,95.14,1.37,TNP_0007,4,2016
2016-10-18 23:00:00+00:00,0.0,0.0,20.15,96.34,1.37,TNP_0007,4,2016
2016-10-19 00:00:00+00:00,0.0,0.0,19.89,97.46,1.33,TNP_0007,4,2016
2016-10-19 01:00:00+00:00,62.45,83.68,20.8,91.79,1.91,TNP_0007,4,2016
2016-10-19 02:00:00+00:00,207.52,276.35,23.52,74.01,2.45,TNP_0007,4,2016
2016-10-19 03:00:00+00:00,371.02,499.45,26.67,55.92,2.28,TNP_0007,4,2016
2016-10-19 04:00:00+00:00,585.72,673.35,29.05,45.93,1.75,TNP_0007,4,2016
2016-10-19 05:00:00+00:00,700.83,781.42,30.92,40.41,1.58,TNP_0007,4,2016
2016-10-19 06:00:00+00:00,721.17,816.7,32.23,37.06,2.0,TNP_0007,4,2016
2016-10-19 07:00:00+00:00,703.9,806.58,32.91,35.47,2.72,TNP_0007,4,2016
2016-10-19 08:00:00+00:00,612.17,709.2,32.78,35.78,3.45,TNP_0007,4,2016
2016-10-19 09:00:00+00:00,510.3,549.9,31.97,38.0,4.13,TNP_0007,4,2016
2016-10-19 10:00:00+00:00,323.33,365.8,30.77,42.27,4.65,TNP_0007,4,2016
2016-10-19 11:00:00+00:00,131.35,150.0,29.07,49.83,4.8,TNP_0007,4,2016
2016-10-19 12:00:00+00:00,10.4,10.77,26.71,62.95,4.16,TNP_0007,4,2016
2016-10-19 13:00:00+00:00,0.0,0.0,25.12,72.99,4.17,TNP_0007,4,2016
2016-10-19 14:00:00+00:00,0.0,0.0,24.28,79.41,3.95,TNP_0007,4,2016
2016-10-19 15:00:00+00:00,0.0,0.0,23.77,83.55,3.35,TNP_0007,4,2016
2016-10-19 16:00:00+00:00,0.0,0.0,23.42,86.11,3.0,TNP_0007,4,2016
2016-10-19 17:00:00+00:00,0.0,0.0,23.12,87.97,2.89,TNP_0007,4,2016
2016-10-19 18:00:00+00:00,0.0,0.0,22.92,89.06,2.85,TNP_0007,4,2016
2016-10-19 19:00:00+00:00,0.0,0.0,22.67,90.52,2.57,TNP_0007,4,2016
2016-10-19 20:00:00+00:00,0.0,0.0,22.36,92.34,2.39,TNP_0007,4,2016
2016-10-19 21:00:00+00:00,0.0,0.0,22.13,93.49,2.22,TNP_0007,4,2016
2016-10-19 22:00:00+00:00,0.0,0.0,21.78,95.26,1.86,TNP_0007,4,2016
2016-10-19 23:00:00+00:00,0.0,0.0,21.46,96.71,1.61,TNP_0007,4,2016
2016-10-20 00:00:00+00:00,0.0,0.0,21.06,98.46,1.58,TNP_0007,4,2016
2016-10-20 01:00:00+00:00,63.45,78.25,21.91,94.51,1.89,TNP_0007,4,2016
2016-10-20 02:00:00+00:00,184.15,260.08,23.96,83.29,2.66,TNP_0007,4,2016
2016-10-20 03:00:00+00:00,358.1,472.4,26.56,66.4,2.84,TNP_0007,4,2016
2016-10-20 04:00:00+00:00,532.55,660.53,29.01,53.11,2.52,TNP_0007,4,2016
2016-10-20 05:00:00+00:00,594.97,771.7,30.84,45.42,2.16,TNP_0007,4,2016
2016-10-20 06:00:00+00:00,580.5,743.92,31.86,41.54,1.93,TNP_0007,4,2016
2016-10-20 07:00:00+00:00,493.52,721.12,32.48,39.63,2.07,TNP_0007,4,2016
2016-10-20 08:00:00+00:00,481.88,635.8,32.22,40.39,2.55,TNP_0007,4,2016
2016-10-20 09:00:00+00:00,379.7,479.9,31.53,42.66,3.09,TNP_0007,4,2016
2016-10-20 10:00:00+00:00,225.07,286.27,30.39,46.65,3.64,TNP_0007,4,2016
2016-10-20 11:00:00+00:00,88.5,106.03,28.89,52.95,3.98,TNP_0007,4,2016
2016-10-20 12:00:00+00:00,6.75,8.1,26.6,66.7,3.11,TNP_0007,4,2016
2016-10-20 13:00:00+00:00,0.0,0.0,24.87,76.77,3.01,TNP_0007,4,2016
2016-10-20 14:00:00+00:00,0.0,0.0,23.91,82.41,2.9,TNP_0007,4,2016
2016-10-20 15:00:00+00:00,0.0,0.0,23.27,87.11,2.52,TNP_0007,4,2016
2016-10-20 16:00:00+00:00,0.0,0.0,22.83,89.79,2.32,TNP_0007,4,2016
2016-10-20 17:00:00+00:00,0.0,0.0,22.51,91.08,2.25,TNP_0007,4,2016
2016-10-20 18:00:00+00:00,0.0,0.0,22.25,91.03,2.25,TNP_0007,4,2016
2016-10-20 19:00:00+00:00,0.0,0.0,21.95,91.68,2.04,TNP_0007,4,2016
2016-10-20 20:00:00+00:00,0.0,0.0,21.66,92.17,2.01,TNP_0007,4,2016
2016-10-20 21:00:00+00:00,0.0,0.0,21.32,93.22,1.77,TNP_0007,4,2016
2016-10-20 22:00:00+00:00,0.0,0.0,20.92,94.59,1.55,TNP_0007,4,2016
2016-10-20 23:00:00+00:00,0.0,0.0,20.57,95.73,1.53,TNP_0007,4,2016
2016-10-21 00:00:00+00:00,0.0,0.0,20.22,96.64,1.53,TNP_0007,4,2016
2016-10-21 01:00:00+00:00,62.45,81.2,21.01,93.33,1.73,TNP_0007,4,2016
2016-10-21 02:00:00+00:00,197.18,266.5,22.94,82.17,2.29,TNP_0007,4,2016
2016-10-21 03:00:00+00:00,362.45,479.5,25.29,65.68,2.25,TNP_0007,4,2016
2016-10-21 04:00:00+00:00,484.25,661.75,27.28,52.98,1.66,TNP_0007,4,2016
2016-10-21 05:00:00+00:00,591.83,779.42,28.41,46.82,0.89,TNP_0007,4,2016
2016-10-21 06:00:00+00:00,564.83,722.03,28.88,44.88,0.31,TNP_0007,4,2016
2016-10-21 07:00:00+00:00,489.58,676.75,28.98,45.07,1.33,TNP_0007,4,2016
2016-10-21 08:00:00+00:00,439.6,565.62,28.63,47.19,2.24,TNP_0007,4,2016
2016-10-21 09:00:00+00:00,327.77,407.2,27.85,51.48,2.93,TNP_0007,4,2016
2016-10-21 10:00:00+00:00,183.4,238.7,26.93,57.45,3.38,TNP_0007,4,2016
2016-10-21 11:00:00+00:00,83.45,91.53,25.72,66.58,3.35,TNP_0007,4,2016
2016-10-21 12:00:00+00:00,6.32,7.1,24.12,79.07,2.51,TNP_0007,4,2016
2016-10-21 13:00:00+00:00,0.0,0.0,23.1,87.54,2.33,TNP_0007,4,2016
2016-10-21 14:00:00+00:00,0.0,0.0,22.62,92.28,2.5,TNP_0007,4,2016
2016-10-21 15:00:00+00:00,0.0,0.0,22.39,94.74,2.59,TNP_0007,4,2016
2016-10-21 16:00:00+00:00,0.0,0.0,22.29,95.6,2.57,TNP_0007,4,2016
2016-10-21 17:00:00+00:00,0.0,0.0,22.2,95.88,2.47,TNP_0007,4,2016
2016-10-21 18:00:00+00:00,0.0,0.0,22.06,96.14,2.32,TNP_0007,4,2016
2016-10-21 19:00:00+00:00,0.0,0.0,21.9,96.34,2.15,TNP_0007,4,2016
2016-10-21 20:00:00+00:00,0.0,0.0,21.73,96.47,1.96,TNP_0007,4,2016
2016-10-21 21:00:00+00:00,0.0,0.0,21.49,96.77,1.7,TNP_0007,4,2016
2016-10-21 22:00:00+00:00,0.0,0.0,21.26,97.03,1.63,TNP_0007,4,2016
2016-10-21 23:00:00+00:00,0.0,0.0,20.9,97.61,1.57,TNP_0007,4,2016
2016-10-22 00:00:00+00:00,0.0,0.0,20.62,98.09,1.56,TNP_0007,4,2016
2016-10-22 01:00:00+00:00,56.33,76.4,21.44,95.46,1.73,TNP_0007,4,2016
2016-10-22 02:00:00+00:00,165.18,260.55,23.14,87.78,2.51,TNP_0007,4,2016
2016-10-22 03:00:00+00:00,252.15,472.38,25.4,70.86,2.82,TNP_0007,4,2016
2016-10-22 04:00:00+00:00,352.77,658.72,28.07,52.69,2.48,TNP_0007,4,2016
2016-10-22 05:00:00+00:00,392.15,787.4,29.87,43.84,2.3,TNP_0007,4,2016
2016-10-22 06:00:00+00:00,488.27,806.5,30.93,39.7,2.48,TNP_0007,4,2016
2016-10-22 07:00:00+00:00,534.58,772.05,31.43,38.25,3.0,TNP_0007,4,2016
2016-10-22 08:00:00+00:00,476.17,662.72,31.06,39.5,3.6,TNP_0007,4,2016
2016-10-22 09:00:00+00:00,382.65,498.4,30.13,42.73,4.16,TNP_0007,4,2016
2016-10-22 10:00:00+00:00,218.38,295.98,28.96,47.74,4.54,TNP_0007,4,2016
2016-10-22 11:00:00+00:00,82.12,110.38,27.46,55.07,4.64,TNP_0007,4,2016
2016-10-22 12:00:00+00:00,5.5,7.88,25.64,65.69,3.98,TNP_0007,4,2016
2016-10-22 13:00:00+00:00,0.0,0.0,24.23,75.33,3.57,TNP_0007,4,2016
2016-10-22 14:00:00+00:00,0.0,0.0,23.44,81.25,3.4,TNP_0007,4,2016
2016-10-22 15:00:00+00:00,0.0,0.0,22.87,85.43,3.24,TNP_0007,4,2016
2016-10-22 16:00:00+00:00,0.0,0.0,22.42,88.46,2.95,TNP_0007,4,2016
2016-10-22 17:00:00+00:00,0.0,0.0,22.01,90.9,2.45,TNP_0007,4,2016
2016-10-22 18:00:00+00:00,0.0,0.0,21.68,92.88,2.05,TNP_0007,4,2016
2016-10-22 19:00:00+00:00,0.0,0.0,21.4,94.42,1.85,TNP_0007,4,2016
2016-10-22 20:00:00+00:00,0.0,0.0,21.12,95.77,1.65,TNP_0007,4,2016
2016-10-22 21:00:00+00:00,0.0,0.0,20.85,97.06,1.52,TNP_0007,4,2016
2016-10-22 22:00:00+00:00,0.0,0.0,20.53,98.51,1.52,TNP_0007,4,2016
2016-10-22 23:00:00+00:00,0.0,0.0,20.23,100.0,1.6,TNP_0007,4,2016
2016-10-23 00:00:00+00:00,0.0,0.0,19.95,100.0,1.64,TNP_0007,4,2016
2016-10-23 01:00:00+00:00,67.9,83.38,21.0,95.72,1.94,TNP_0007,4,2016
2016-10-23 02:00:00+00:00,196.45,282.5,23.71,78.2,2.8,TNP_0007,4,2016
2016-10-23 03:00:00+00:00,326.85,505.17,26.48,58.5,2.91,TNP_0007,4,2016
2016-10-23 04:00:00+00:00,440.88,685.35,28.88,46.11,2.62,TNP_0007,4,2016
2016-10-23 05:00:00+00:00,677.7,811.53,30.81,39.1,2.32,TNP_0007,4,2016
2016-10-23 06:00:00+00:00,686.03,873.12,32.11,35.9,2.31,TNP_0007,4,2016
2016-10-23 07:00:00+00:00,592.83,836.75,32.84,34.86,2.8,TNP_0007,4,2016
2016-10-23 08:00:00+00:00,493.42,730.1,32.86,35.47,3.61,TNP_0007,4,2016
2016-10-23 09:00:00+00:00,428.92,569.97,31.94,38.41,4.38,TNP_0007,4,2016
2016-10-23 10:00:00+00:00,252.7,357.38,30.49,43.54,4.99,TNP_0007,4,2016
2016-10-23 11:00:00+00:00,99.0,138.68,28.54,51.9,5.26,TNP_0007,4,2016
2016-10-23 12:00:00+00:00,7.28,9.25,26.16,64.89,4.83,TNP_0007,4,2016
2016-10-23 13:00:00+00:00,0.0,0.0,24.21,78.51,4.55,TNP_0007,4,2016
2016-10-23 14:00:00+00:00,0.0,0.0,23.17,86.78,4.07,TNP_0007,4,2016
2016-10-23 15:00:00+00:00,0.0,0.0,22.66,90.27,3.32,TNP_0007,4,2016
2016-10-23 16:00:00+00:00,0.0,0.0,22.34,91.99,2.86,TNP_0007,4,2016
2016-10-23 17:00:00+00:00,0.0,0.0,22.06,93.15,2.66,TNP_0007,4,2016
2016-10-23 18:00:00+00:00,0.0,0.0,21.74,94.43,2.45,TNP_0007,4,2016
2016-10-23 19:00:00+00:00,0.0,0.0,21.48,95.29,2.36,TNP_0007,4,2016
2016-10-23 20:00:00+00:00,0.0,0.0,21.2,96.33,2.22,TNP_0007,4,2016
2016-10-23 21:00:00+00:00,0.0,0.0,20.92,97.29,1.98,TNP_0007,4,2016
2016-10-23 22:00:00+00:00,0.0,0.0,20.65,98.12,1.7,TNP_0007,4,2016
2016-10-23 23:00:00+00:00,0.0,0.0,20.43,98.67,1.54,TNP_0007,4,2016
2016-10-24 00:00:00+00:00,0.0,0.0,20.22,98.96,1.42,TNP_0007,4,2016
2016-10-24 01:00:00+00:00,82.78,94.45,20.97,95.42,1.71,TNP_0007,4,2016
2016-10-24 02:00:00+00:00,270.98,306.1,22.94,85.53,2.09,TNP_0007,4,2016
2016-10-24 03:00:00+00:00,449.48,525.35,25.68,68.79,2.18,TNP_0007,4,2016
2016-10-24 04:00:00+00:00,570.85,714.33,28.51,53.55,1.81,TNP_0007,4,2016
2016-10-24 05:00:00+00:00,695.47,837.7,30.56,44.91,1.38,TNP_0007,4,2016
2016-10-24 06:00:00+00:00,725.67,853.88,31.76,40.39,1.4,TNP_0007,4,2016
2016-10-24 07:00:00+00:00,717.35,821.1,32.36,38.47,1.87,TNP_0007,4,2016
2016-10-24 08:00:00+00:00,559.4,707.33,32.35,38.48,2.47,TNP_0007,4,2016
2016-10-24 09:00:00+00:00,488.88,543.17,31.69,40.14,2.86,TNP_0007,4,2016
2016-10-24 10:00:00+00:00,298.05,326.9,30.29,44.1,3.11,TNP_0007,4,2016
2016-10-24 11:00:00+00:00,112.57,120.88,28.62,50.07,3.35,TNP_0007,4,2016
2016-10-24 12:00:00+00:00,7.62,8.12,26.57,60.51,2.7,TNP_0007,4,2016
2016-10-24 13:00:00+00:00,0.0,0.0,25.07,69.12,2.63,TNP_0007,4,2016
2016-10-24 14:00:00+00:00,0.0,0.0,24.11,75.12,2.74,TNP_0007,4,2016
2016-10-24 15:00:00+00:00,0.0,0.0,23.37,80.58,2.8,TNP_0007,4,2016
2016-10-24 16:00:00+00:00,0.0,0.0,22.85,84.83,2.63,TNP_0007,4,2016
2016-10-24 17:00:00+00:00,0.0,0.0,22.55,87.39,2.48,TNP_0007,4,2016
2016-10-24 18:00:00+00:00,0.0,0.0,22.37,88.85,2.4,TNP_0007,4,2016
2016-10-24 19:00:00+00:00,0.0,0.0,22.2,90.1,2.25,TNP_0007,4,2016
2016-10-24 20:00:00+00:00,0.0,0.0,22.05,91.08,2.07,TNP_0007,4,2016
2016-10-24 21:00:00+00:00,0.0,0.0,21.89,92.1,1.8,TNP_0007,4,2016
2016-10-24 22:00:00+00:00,0.0,0.0,21.46,94.55,1.37,TNP_0007,4,2016
2016-10-24 23:00:00+00:00,0.0,0.0,21.11,96.51,1.33,TNP_0007,4,2016
2016-10-25 00:00:00+00:00,0.0,0.0,20.91,97.47,1.25,TNP_0007,4,2016
2016-10-25 01:00:00+00:00,67.82,77.53,21.56,93.44,1.58,TNP_0007,4,2016
2016-10-25 02:00:00+00:00,211.7,261.98,23.79,79.29,2.22,TNP_0007,4,2016
2016-10-25 03:00:00+00:00,379.8,474.67,26.3,64.18,2.08,TNP_0007,4,2016
2016-10-25 04:00:00+00:00,585.1,660.5,28.38,53.87,1.71,TNP_0007,4,2016
2016-10-25 05:00:00+00:00,607.9,768.1,30.07,47.0,1.43,TNP_0007,4,2016
2016-10-25 06:00:00+00:00,686.7,796.75,30.95,43.39,1.29,TNP_0007,4,2016
2016-10-25 07:00:00+00:00,652.55,754.28,31.46,41.48,1.47,TNP_0007,4,2016
2016-10-25 08:00:00+00:00,577.83,650.05,31.79,40.63,2.12,TNP_0007,4,2016
2016-10-25 09:00:00+00:00,444.8,501.17,31.09,42.84,3.05,TNP_0007,4,2016
2016-10-25 10:00:00+00:00,276.83,308.0,29.98,46.95,3.8,TNP_0007,4,2016
2016-10-25 11:00:00+00:00,102.85,115.18,28.48,53.34,4.26,TNP_0007,4,2016
2016-10-25 12:00:00+00:00,7.25,7.85,26.44,63.89,4.01,TNP_0007,4,2016
2016-10-25 13:00:00+00:00,0.0,0.0,24.69,75.14,4.05,TNP_0007,4,2016
2016-10-25 14:00:00+00:00,0.0,0.0,23.53,83.58,3.94,TNP_0007,4,2016
2016-10-25 15:00:00+00:00,0.0,0.0,22.82,88.64,3.6,TNP_0007,4,2016
2016-10-25 16:00:00+00:00,0.0,0.0,22.37,91.53,3.16,TNP_0007,4,2016
2016-10-25 17:00:00+00:00,0.0,0.0,22.03,93.47,2.73,TNP_0007,4,2016
2016-10-25 18:00:00+00:00,0.0,0.0,21.8,94.58,2.39,TNP_0007,4,2016
2016-10-25 19:00:00+00:00,0.0,0.0,21.66,95.0,2.19,TNP_0007,4,2016
2016-10-25 20:00:00+00:00,0.0,0.0,21.51,95.35,1.93,TNP_0007,4,2016
2016-10-25 21:00:00+00:00,0.0,0.0,21.26,96.44,1.42,TNP_0007,4,2016
2016-10-25 22:00:00+00:00,0.0,0.0,20.96,97.59,1.31,TNP_0007,4,2016
2016-10-25 23:00:00+00:00,0.0,0.0,20.63,98.78,1.37,TNP_0007,4,2016
2016-10-26 00:00:00+00:00,0.0,0.0,20.32,99.94,1.42,TNP_0007,4,2016
2016-10-26 01:00:00+00:00,72.22,76.93,21.21,95.29,1.67,TNP_0007,4,2016
2016-10-26 02:00:00+00:00,215.07,264.35,23.61,80.96,2.24,TNP_0007,4,2016
2016-10-26 03:00:00+00:00,381.7,473.17,26.27,65.16,2.05,TNP_0007,4,2016
2016-10-26 04:00:00+00:00,612.83,659.2,28.62,53.8,1.48,TNP_0007,4,2016
2016-10-26 05:00:00+00:00,657.62,760.58,30.54,45.77,0.99,TNP_0007,4,2016
2016-10-26 06:00:00+00:00,725.12,821.78,31.58,41.43,0.63,TNP_0007,4,2016
2016-10-26 07:00:00+00:00,684.47,785.67,32.24,39.18,0.53,TNP_0007,4,2016
2016-10-26 08:00:00+00:00,552.95,680.35,32.47,38.39,0.96,TNP_0007,4,2016
2016-10-26 09:00:00+00:00,504.98,525.38,31.9,39.82,1.49,TNP_0007,4,2016
2016-10-26 10:00:00+00:00,288.95,318.27,31.1,42.44,2.03,TNP_0007,4,2016
2016-10-26 11:00:00+00:00,108.47,118.32,29.56,48.37,2.57,TNP_0007,4,2016
2016-10-26 12:00:00+00:00,7.22,7.68,26.96,63.48,2.34,TNP_0007,4,2016
2016-10-26 13:00:00+00:00,0.0,0.0,25.13,73.8,2.7,TNP_0007,4,2016
2016-10-26 14:00:00+00:00,0.0,0.0,24.21,80.23,3.1,TNP_0007,4,2016
2016-10-26 15:00:00+00:00,0.0,0.0,23.4,86.69,3.04,TNP_0007,4,2016
2016-10-26 16:00:00+00:00,0.0,0.0,22.74,91.6,2.62,TNP_0007,4,2016
2016-10-26 17:00:00+00:00,0.0,0.0,22.46,94.03,2.39,TNP_0007,4,2016
2016-10-26 18:00:00+00:00,0.0,0.0,22.11,96.18,1.75,TNP_0007,4,2016
2016-10-26 19:00:00+00:00,0.0,0.0,21.9,96.92,1.58,TNP_0007,4,2016
2016-10-26 20:00:00+00:00,0.0,0.0,21.65,97.37,1.38,TNP_0007,4,2016
2016-10-26 21:00:00+00:00,0.0,0.0,21.37,97.74,1.24,TNP_0007,4,2016
2016-10-26 22:00:00+00:00,0.0,0.0,21.1,98.07,1.18,TNP_0007,4,2016
2016-10-26 23:00:00+00:00,0.0,0.0,20.9,98.0,1.15,TNP_0007,4,2016
2016-10-27 00:00:00+00:00,0.0,0.0,20.75,97.7,1.16,TNP_0007,4,2016
2016-10-27 01:00:00+00:00,53.2,75.75,21.44,94.91,1.35,TNP_0007,4,2016
2016-10-27 02:00:00+00:00,150.6,249.57,23.39,86.13,1.45,TNP_0007,4,2016
2016-10-27 03:00:00+00:00,243.85,447.48,25.67,72.85,1.31,TNP_0007,4,2016
2016-10-27 04:00:00+00:00,368.98,598.05,28.2,57.95,1.39,TNP_0007,4,2016
2016-10-27 05:00:00+00:00,365.95,731.72,30.24,48.09,1.36,TNP_0007,4,2016
2016-10-27 06:00:00+00:00,425.25,772.85,31.61,42.74,1.0,TNP_0007,4,2016
2016-10-27 07:00:00+00:00,475.08,758.97,32.38,39.91,0.52,TNP_0007,4,2016
2016-10-27 08:00:00+00:00,503.55,683.72,32.39,39.42,0.52,TNP_0007,4,2016
2016-10-27 09:00:00+00:00,400.92,536.62,32.05,40.16,1.23,TNP_0007,4,2016
2016-10-27 10:00:00+00:00,253.68,336.8,31.28,42.21,2.1,TNP_0007,4,2016
2016-10-27 11:00:00+00:00,96.07,128.12,29.83,47.01,3.08,TNP_0007,4,2016
2016-10-27 12:00:00+00:00,6.57,8.05,27.38,58.71,3.38,TNP_0007,4,2016
2016-10-27 13:00:00+00:00,0.0,0.0,25.6,69.34,4.03,TNP_0007,4,2016
2016-10-27 14:00:00+00:00,0.0,0.0,24.5,78.14,4.04,TNP_0007,4,2016
2016-10-27 15:00:00+00:00,0.0,0.0,23.72,84.42,3.4,TNP_0007,4,2016
2016-10-27 16:00:00+00:00,0.0,0.0,23.18,88.24,2.97,TNP_0007,4,2016
2016-10-27 17:00:00+00:00,0.0,0.0,22.77,90.65,2.87,TNP_0007,4,2016
2016-10-27 18:00:00+00:00,0.0,0.0,22.44,92.26,2.71,TNP_0007,4,2016
2016-10-27 19:00:00+00:00,0.0,0.0,22.14,93.33,2.55,TNP_0007,4,2016
2016-10-27 20:00:00+00:00,0.0,0.0,21.9,93.9,2.43,TNP_0007,4,2016
2016-10-27 21:00:00+00:00,0.0,0.0,21.71,94.21,2.27,TNP_0007,4,2016
2016-10-27 22:00:00+00:00,0.0,0.0,21.53,94.5,2.01,TNP_0007,4,2016
2016-10-27 23:00:00+00:00,0.0,0.0,21.37,94.96,1.67,TNP_0007,4,2016
2016-10-28 00:00:00+00:00,0.0,0.0,21.2,95.55,1.3,TNP_0007,4,2016
2016-10-28 01:00:00+00:00,82.3,91.25,21.72,92.75,1.39,TNP_0007,4,2016
2016-10-28 02:00:00+00:00,266.0,297.33,24.0,78.81,2.28,TNP_0007,4,2016
2016-10-28 03:00:00+00:00,491.2,515.78,26.81,60.65,2.55,TNP_0007,4,2016
2016-10-28 04:00:00+00:00,642.3,686.7,29.46,45.93,2.07,TNP_0007,4,2016
2016-10-28 05:00:00+00:00,792.3,814.17,31.53,37.58,1.26,TNP_0007,4,2016
2016-10-28 06:00:00+00:00,774.42,832.35,32.98,33.17,0.65,TNP_0007,4,2016
2016-10-28 07:00:00+00:00,698.55,784.12,33.92,30.98,1.18,TNP_0007,4,2016
2016-10-28 08:00:00+00:00,649.03,705.38,34.31,30.3,2.03,TNP_0007,4,2016
2016-10-28 09:00:00+00:00,538.25,551.53,34.02,31.06,2.8,TNP_0007,4,2016
2016-10-28 10:00:00+00:00,294.77,337.27,32.9,34.11,3.62,TNP_0007,4,2016
2016-10-28 11:00:00+00:00,107.43,125.25,30.99,40.87,4.43,TNP_0007,4,2016
2016-10-28 12:00:00+00:00,5.7,7.62,28.27,53.89,4.15,TNP_0007,4,2016
2016-10-28 13:00:00+00:00,0.0,0.0,26.26,66.54,4.26,TNP_0007,4,2016
2016-10-28 14:00:00+00:00,0.0,0.0,24.96,77.08,4.48,TNP_0007,4,2016
2016-10-28 15:00:00+00:00,0.0,0.0,24.07,84.05,4.01,TNP_0007,4,2016
2016-10-28 16:00:00+00:00,0.0,0.0,23.59,87.24,3.49,TNP_0007,4,2016
2016-10-28 17:00:00+00:00,0.0,0.0,23.3,88.8,3.28,TNP_0007,4,2016
2016-10-28 18:00:00+00:00,0.0,0.0,23.04,90.01,3.12,TNP_0007,4,2016
2016-10-28 19:00:00+00:00,0.0,0.0,22.72,91.54,2.93,TNP_0007,4,2016
2016-10-28 20:00:00+00:00,0.0,0.0,22.39,93.1,2.79,TNP_0007,4,2016
2016-10-28 21:00:00+00:00,0.0,0.0,22.12,94.26,2.52,TNP_0007,4,2016
2016-10-28 22:00:00+00:00,0.0,0.0,21.96,94.85,2.31,TNP_0007,4,2016
2016-10-28 23:00:00+00:00,0.0,0.0,21.78,95.59,1.97,TNP_0007,4,2016
2016-10-29 00:00:00+00:00,0.0,0.0,21.55,96.67,1.61,TNP_0007,4,2016
2016-10-29 01:00:00+00:00,57.17,89.9,22.14,93.43,2.08,TNP_0007,4,2016
2016-10-29 02:00:00+00:00,177.15,298.05,24.38,79.95,2.91,TNP_0007,4,2016
2016-10-29 03:00:00+00:00,291.73,518.35,27.12,64.06,2.89,TNP_0007,4,2016
2016-10-29 04:00:00+00:00,415.95,701.47,29.64,52.05,2.64,TNP_0007,4,2016
2016-10-29 05:00:00+00:00,545.97,817.53,31.62,44.55,2.6,TNP_0007,4,2016
2016-10-29 06:00:00+00:00,636.03,840.3,33.04,39.94,2.82,TNP_0007,4,2016
2016-10-29 07:00:00+00:00,672.0,819.17,33.62,38.15,3.21,TNP_0007,4,2016
2016-10-29 08:00:00+00:00,556.03,700.38,33.45,38.74,3.68,TNP_0007,4,2016
2016-10-29 09:00:00+00:00,514.12,543.5,32.55,41.36,4.19,TNP_0007,4,2016
2016-10-29 10:00:00+00:00,312.92,332.33,31.23,45.81,4.71,TNP_0007,4,2016
2016-10-29 11:00:00+00:00,115.22,123.32,29.48,52.59,5.03,TNP_0007,4,2016
2016-10-29 12:00:00+00:00,7.1,7.5,27.47,61.85,4.86,TNP_0007,4,2016
2016-10-29 13:00:00+00:00,0.0,0.0,25.72,71.54,4.38,TNP_0007,4,2016
2016-10-29 14:00:00+00:00,0.0,0.0,24.66,77.91,4.01,TNP_0007,4,2016
2016-10-29 15:00:00+00:00,0.0,0.0,23.97,82.2,3.35,TNP_0007,4,2016
2016-10-29 16:00:00+00:00,0.0,0.0,23.47,85.14,2.88,TNP_0007,4,2016
2016-10-29 17:00:00+00:00,0.0,0.0,23.0,87.83,2.21,TNP_0007,4,2016
2016-10-29 18:00:00+00:00,0.0,0.0,22.55,90.28,1.72,TNP_0007,4,2016
2016-10-29 19:00:00+00:00,0.0,0.0,22.19,92.0,1.4,TNP_0007,4,2016
2016-10-29 20:00:00+00:00,0.0,0.0,22.03,92.28,1.37,TNP_0007,4,2016
2016-10-29 21:00:00+00:00,0.0,0.0,22.01,91.34,1.52,TNP_0007,4,2016
2016-10-29 22:00:00+00:00,0.0,0.0,21.95,90.6,1.49,TNP_0007,4,2016
2016-10-29 23:00:00+00:00,0.0,0.0,21.85,90.12,1.26,TNP_0007,4,2016
2016-10-30 00:00:00+00:00,0.0,0.0,21.78,89.96,1.21,TNP_0007,4,2016
2016-10-30 01:00:00+00:00,66.35,71.35,22.38,87.81,1.7,TNP_0007,4,2016
2016-10-30 02:00:00+00:00,226.35,244.68,24.37,77.4,2.59,TNP_0007,4,2016
2016-10-30 03:00:00+00:00,417.92,447.98,26.71,65.89,3.26,TNP_0007,4,2016
2016-10-30 04:00:00+00:00,581.8,624.58,28.65,56.95,3.34,TNP_0007,4,2016
2016-10-30 05:00:00+00:00,672.85,738.0,29.96,51.24,2.96,TNP_0007,4,2016
2016-10-30 06:00:00+00:00,607.53,757.75,30.84,47.68,2.37,TNP_0007,4,2016
2016-10-30 07:00:00+00:00,589.92,722.33,31.39,45.28,1.69,TNP_0007,4,2016
2016-10-30 08:00:00+00:00,498.6,599.15,31.53,44.19,1.03,TNP_0007,4,2016
2016-10-30 09:00:00+00:00,384.23,453.4,31.46,43.98,0.62,TNP_0007,4,2016
2016-10-30 10:00:00+00:00,224.98,263.4,30.9,45.3,0.95,TNP_0007,4,2016
2016-10-30 11:00:00+00:00,90.07,102.8,29.79,49.55,1.48,TNP_0007,4,2016
2016-10-30 12:00:00+00:00,4.9,6.25,27.56,64.47,1.54,TNP_0007,4,2016
2016-10-30 13:00:00+00:00,0.0,0.0,26.07,71.28,1.85,TNP_0007,4,2016
2016-10-30 14:00:00+00:00,0.0,0.0,25.25,76.12,1.9,TNP_0007,4,2016
2016-10-30 15:00:00+00:00,0.0,0.0,24.52,82.26,1.6,TNP_0007,4,2016
2016-10-30 16:00:00+00:00,0.0,0.0,24.01,86.61,1.16,TNP_0007,4,2016
2016-10-30 17:00:00+00:00,0.0,0.0,23.75,88.12,0.52,TNP_0007,4,2016
2016-10-30 18:00:00+00:00,0.0,0.0,23.3,93.07,0.8,TNP_0007,4,2016
2016-10-30 19:00:00+00:00,0.0,0.0,22.89,94.77,1.14,TNP_0007,4,2016
2016-10-30 20:00:00+00:00,0.0,0.0,22.55,95.3,1.41,TNP_0007,4,2016
2016-10-30 21:00:00+00:00,0.0,0.0,22.25,95.84,1.65,TNP_0007,4,2016
2016-10-30 22:00:00+00:00,0.0,0.0,22.08,96.01,1.87,TNP_0007,4,2016
2016-10-30 23:00:00+00:00,0.0,0.0,21.89,96.07,1.98,TNP_0007,4,2016
2016-10-31 00:00:00+00:00,0.0,0.0,21.68,96.14,1.94,TNP_0007,4,2016
2016-10-31 01:00:00+00:00,44.67,71.95,21.75,95.49,2.06,TNP_0007,4,2016
2016-10-31 02:00:00+00:00,119.1,242.5,22.26,92.82,2.67,TNP_0007,4,2016
2016-10-31 03:00:00+00:00,208.5,442.35,22.99,88.42,3.2,TNP_0007,4,2016
2016-10-31 04:00:00+00:00,272.83,614.65,24.33,78.68,3.49,TNP_0007,4,2016
2016-10-31 05:00:00+00:00,338.9,737.12,26.02,67.61,3.37,TNP_0007,4,2016
2016-10-31 06:00:00+00:00,503.85,862.12,27.21,60.26,3.04,TNP_0007,4,2016
2016-10-31 07:00:00+00:00,513.0,843.47,27.45,57.94,2.7,TNP_0007,4,2016
2016-10-31 08:00:00+00:00,397.23,745.55,26.9,59.31,2.56,TNP_0007,4,2016
2016-10-31 09:00:00+00:00,339.73,577.17,26.0,62.76,2.35,TNP_0007,4,2016
2016-10-31 10:00:00+00:00,212.38,363.48,24.95,67.13,1.84,TNP_0007,4,2016
2016-10-31 11:00:00+00:00,88.05,145.07,23.92,72.21,1.18,TNP_0007,4,2016
2016-10-31 12:00:00+00:00,6.35,8.23,22.89,80.57,0.78,TNP_0007,4,2016
2016-10-31 13:00:00+00:00,0.0,0.0,22.24,85.81,0.71,TNP_0007,4,2016
2016-10-31 14:00:00+00:00,0.0,0.0,21.97,85.94,0.62,TNP_0007,4,2016
2016-10-31 15:00:00+00:00,0.0,0.0,21.66,88.26,0.57,TNP_0007,4,2016
2016-10-31 16:00:00+00:00,0.0,0.0,21.42,88.76,0.68,TNP_0007,4,2016
2016-10-31 17:00:00+00:00,0.0,0.0,21.3,90.04,0.85,TNP_0007,4,2016
2016-10-31 18:00:00+00:00,0.0,0.0,21.2,90.14,1.0,TNP_0007,4,2016
2016-10-31 19:00:00+00:00,0.0,0.0,21.05,90.3,1.17,TNP_0007,4,2016
2016-10-31 20:00:00+00:00,0.0,0.0,20.93,91.16,1.2,TNP_0007,4,2016
2016-10-31 21:00:00+00:00,0.0,0.0,20.81,92.12,1.14,TNP_0007,4,2016
2016-10-31 22:00:00+00:00,0.0,0.0,20.67,92.97,1.14,TNP_0007,4,2016
2016-10-31 23:00:00+00:00,0.0,0.0,20.53,93.56,1.24,TNP_0007,4,2016
2016-11-01 00:00:00+00:00,0.0,0.0,20.47,94.09,1.26,TNP_0007,4,2016
2016-11-01 01:00:00+00:00,72.53,90.8,20.88,92.61,1.45,TNP_0007,4,2016
2016-11-01 02:00:00+00:00,209.5,294.88,22.06,87.96,2.16,TNP_0007,4,2016
2016-11-01 03:00:00+00:00,403.08,517.12,23.76,80.76,2.84,TNP_0007,4,2016
2016-11-01 04:00:00+00:00,577.38,703.38,25.49,70.74,3.49,TNP_0007,4,2016
2016-11-01 05:00:00+00:00,706.3,829.4,26.99,60.74,3.76,TNP_0007,4,2016
2016-11-01 06:00:00+00:00,768.1,886.45,28.22,52.42,3.67,TNP_0007,4,2016
2016-11-01 07:00:00+00:00,683.78,851.67,29.49,44.82,3.42,TNP_0007,4,2016
2016-11-01 08:00:00+00:00,634.53,739.42,30.66,38.69,3.09,TNP_0007,4,2016
2016-11-01 09:00:00+00:00,498.2,564.62,31.19,35.33,2.71,TNP_0007,4,2016
2016-11-01 10:00:00+00:00,284.98,349.48,30.93,35.21,2.41,TNP_0007,4,2016
2016-11-01 11:00:00+00:00,114.53,130.55,29.75,39.84,1.98,TNP_0007,4,2016
2016-11-01 12:00:00+00:00,5.35,7.38,26.74,60.85,1.32,TNP_0007,4,2016
2016-11-01 13:00:00+00:00,0.0,0.0,25.25,64.5,1.32,TNP_0007,4,2016
2016-11-01 14:00:00+00:00,0.0,0.0,24.6,69.02,1.16,TNP_0007,4,2016
2016-11-01 15:00:00+00:00,0.0,0.0,23.88,73.9,1.09,TNP_0007,4,2016
2016-11-01 16:00:00+00:00,0.0,0.0,23.28,79.11,1.16,TNP_0007,4,2016
2016-11-01 17:00:00+00:00,0.0,0.0,22.68,83.13,1.29,TNP_0007,4,2016
2016-11-01 18:00:00+00:00,0.0,0.0,22.08,86.46,1.44,TNP_0007,4,2016
2016-11-01 19:00:00+00:00,0.0,0.0,21.58,89.31,1.48,TNP_0007,4,2016
2016-11-01 20:00:00+00:00,0.0,0.0,21.16,91.63,1.47,TNP_0007,4,2016
2016-11-01 21:00:00+00:00,0.0,0.0,20.81,93.4,1.34,TNP_0007,4,2016
2016-11-01 22:00:00+00:00,0.0,0.0,20.53,94.59,1.32,TNP_0007,4,2016
2016-11-01 23:00:00+00:00,0.0,0.0,20.33,95.23,1.35,TNP_0007,4,2016
2016-11-02 00:00:00+00:00,0.0,0.0,20.17,95.73,1.36,TNP_0007,4,2016
2016-11-02 01:00:00+00:00,81.0,87.85,20.8,94.52,1.43,TNP_0007,4,2016
2016-11-02 02:00:00+00:00,253.2,291.85,22.41,89.81,2.28,TNP_0007,4,2016
2016-11-02 03:00:00+00:00,455.3,514.0,24.34,80.16,3.03,TNP_0007,4,2016
2016-11-02 04:00:00+00:00,583.2,697.8,27.21,62.46,3.5,TNP_0007,4,2016
2016-11-02 05:00:00+00:00,641.45,822.45,29.56,51.06,3.6,TNP_0007,4,2016
2016-11-02 06:00:00+00:00,715.45,885.17,30.98,45.17,3.44,TNP_0007,4,2016
2016-11-02 07:00:00+00:00,672.88,855.85,31.84,41.81,3.23,TNP_0007,4,2016
2016-11-02 08:00:00+00:00,515.72,755.3,32.05,40.65,3.14,TNP_0007,4,2016
2016-11-02 09:00:00+00:00,375.6,584.5,31.71,41.12,3.14,TNP_0007,4,2016
2016-11-02 10:00:00+00:00,235.55,367.92,30.86,43.63,3.2,TNP_0007,4,2016
2016-11-02 11:00:00+00:00,96.25,141.65,29.25,50.84,2.77,TNP_0007,4,2016
2016-11-02 12:00:00+00:00,6.6,7.62,26.75,67.27,1.8,TNP_0007,4,2016
2016-11-02 13:00:00+00:00,0.0,0.0,25.2,76.56,1.73,TNP_0007,4,2016
2016-11-02 14:00:00+00:00,0.0,0.0,24.41,81.53,1.64,TNP_0007,4,2016
2016-11-02 15:00:00+00:00,0.0,0.0,23.77,85.91,1.56,TNP_0007,4,2016
2016-11-02 16:00:00+00:00,0.0,0.0,23.24,89.39,1.46,TNP_0007,4,2016
2016-11-02 17:00:00+00:00,0.0,0.0,22.77,91.99,1.4,TNP_0007,4,2016
2016-11-02 18:00:00+00:00,0.0,0.0,22.36,93.98,1.46,TNP_0007,4,2016
2016-11-02 19:00:00+00:00,0.0,0.0,22.02,95.48,1.51,TNP_0007,4,2016
2016-11-02 20:00:00+00:00,0.0,0.0,21.84,96.29,1.51,TNP_0007,4,2016
2016-11-02 21:00:00+00:00,0.0,0.0,21.73,96.73,1.42,TNP_0007,4,2016
2016-11-02 22:00:00+00:00,0.0,0.0,21.62,97.16,1.32,TNP_0007,4,2016
2016-11-02 23:00:00+00:00,0.0,0.0,21.51,97.51,1.16,TNP_0007,4,2016
2016-11-03 00:00:00+00:00,0.0,0.0,21.37,97.68,1.11,TNP_0007,4,2016
2016-11-03 01:00:00+00:00,70.22,79.07,21.72,96.75,0.95,TNP_0007,4,2016
2016-11-03 02:00:00+00:00,239.57,275.08,22.82,91.7,1.28,TNP_0007,4,2016
2016-11-03 03:00:00+00:00,416.05,485.2,24.02,81.32,2.1,TNP_0007,4,2016
2016-11-03 04:00:00+00:00,581.83,667.35,25.37,71.34,2.39,TNP_0007,4,2016
2016-11-03 05:00:00+00:00,676.8,790.78,27.14,60.33,2.58,TNP_0007,4,2016
2016-11-03 06:00:00+00:00,763.2,867.53,28.66,52.77,2.5,TNP_0007,4,2016
2016-11-03 07:00:00+00:00,699.12,838.7,29.76,48.27,2.1,TNP_0007,4,2016
2016-11-03 08:00:00+00:00,548.33,735.65,30.38,46.15,1.38,TNP_0007,4,2016
2016-11-03 09:00:00+00:00,425.65,566.95,30.44,46.02,0.42,TNP_0007,4,2016
2016-11-03 10:00:00+00:00,251.0,351.12,30.08,47.57,0.51,TNP_0007,4,2016
2016-11-03 11:00:00+00:00,97.4,133.88,28.81,54.35,1.28,TNP_0007,4,2016
2016-11-03 12:00:00+00:00,5.7,7.2,26.43,71.67,1.71,TNP_0007,4,2016
2016-11-03 13:00:00+00:00,0.0,0.0,24.7,80.22,2.03,TNP_0007,4,2016
2016-11-03 14:00:00+00:00,0.0,0.0,23.83,85.07,2.16,TNP_0007,4,2016
2016-11-03 15:00:00+00:00,0.0,0.0,23.2,89.85,2.19,TNP_0007,4,2016
2016-11-03 16:00:00+00:00,0.0,0.0,22.76,93.54,2.14,TNP_0007,4,2016
2016-11-03 17:00:00+00:00,0.0,0.0,22.53,95.66,1.85,TNP_0007,4,2016
2016-11-03 18:00:00+00:00,0.0,0.0,22.33,96.88,1.47,TNP_0007,4,2016
2016-11-03 19:00:00+00:00,0.0,0.0,22.05,97.56,1.41,TNP_0007,4,2016
2016-11-03 20:00:00+00:00,0.0,0.0,21.8,97.89,1.41,TNP_0007,4,2016
2016-11-03 21:00:00+00:00,0.0,0.0,21.49,98.19,1.44,TNP_0007,4,2016
2016-11-03 22:00:00+00:00,0.0,0.0,21.14,98.47,1.45,TNP_0007,4,2016
2016-11-03 23:00:00+00:00,0.0,0.0,20.93,98.52,1.4,TNP_0007,4,2016
2016-11-04 00:00:00+00:00,0.0,0.0,20.75,98.57,1.44,TNP_0007,4,2016
2016-11-04 01:00:00+00:00,51.6,84.75,21.57,97.29,1.52,TNP_0007,4,2016
2016-11-04 02:00:00+00:00,161.48,287.9,23.27,92.37,1.94,TNP_0007,4,2016
2016-11-04 03:00:00+00:00,288.92,501.45,25.24,81.79,2.06,TNP_0007,4,2016
2016-11-04 04:00:00+00:00,371.6,681.7,27.63,66.94,2.09,TNP_0007,4,2016
2016-11-04 05:00:00+00:00,495.25,803.58,29.42,57.84,2.22,TNP_0007,4,2016
2016-11-04 06:00:00+00:00,533.05,832.03,30.43,53.62,2.55,TNP_0007,4,2016
2016-11-04 07:00:00+00:00,478.1,799.0,30.85,51.75,3.05,TNP_0007,4,2016
2016-11-04 08:00:00+00:00,441.12,691.85,30.92,51.39,3.71,TNP_0007,4,2016
2016-11-04 09:00:00+00:00,372.58,511.85,29.96,54.79,4.34,TNP_0007,4,2016
2016-11-04 10:00:00+00:00,249.32,315.75,28.53,61.63,4.81,TNP_0007,4,2016
2016-11-04 11:00:00+00:00,89.9,113.62,26.7,71.8,4.87,TNP_0007,4,2016
2016-11-04 12:00:00+00:00,6.12,6.45,24.77,84.39,4.26,TNP_0007,4,2016
2016-11-04 13:00:00+00:00,0.0,0.0,23.6,92.69,4.01,TNP_0007,4,2016
2016-11-04 14:00:00+00:00,0.0,0.0,23.2,95.13,3.75,TNP_0007,4,2016
2016-11-04 15:00:00+00:00,0.0,0.0,22.96,95.74,3.55,TNP_0007,4,2016
2016-11-04 16:00:00+00:00,0.0,0.0,22.73,95.87,3.41,TNP_0007,4,2016
2016-11-04 17:00:00+00:00,0.0,0.0,22.5,95.91,3.38,TNP_0007,4,2016
2016-11-04 18:00:00+00:00,0.0,0.0,22.33,96.15,3.07,TNP_0007,4,2016
2016-11-04 19:00:00+00:00,0.0,0.0,22.22,96.41,2.84,TNP_0007,4,2016
2016-11-04 20:00:00+00:00,0.0,0.0,22.15,96.87,2.51,TNP_0007,4,2016
2016-11-04 21:00:00+00:00,0.0,0.0,22.11,97.13,2.31,TNP_0007,4,2016
2016-11-04 22:00:00+00:00,0.0,0.0,21.96,97.74,2.01,TNP_0007,4,2016
2016-11-04 23:00:00+00:00,0.0,0.0,21.67,98.48,1.77,TNP_0007,4,2016
2016-11-05 00:00:00+00:00,0.0,0.0,21.34,99.07,1.66,TNP_0007,4,2016
2016-11-05 01:00:00+00:00,77.28,81.22,21.92,97.11,1.73,TNP_0007,4,2016
2016-11-05 02:00:00+00:00,256.58,281.5,23.5,90.88,2.5,TNP_0007,4,2016
2016-11-05 03:00:00+00:00,415.9,499.25,25.3,79.33,2.77,TNP_0007,4,2016
2016-11-05 04:00:00+00:00,540.97,684.55,27.74,63.09,2.45,TNP_0007,4,2016
2016-11-05 05:00:00+00:00,668.17,808.17,29.62,53.68,2.02,TNP_0007,4,2016
2016-11-05 06:00:00+00:00,721.35,831.6,30.85,48.97,1.76,TNP_0007,4,2016
2016-11-05 07:00:00+00:00,722.0,801.15,31.62,46.29,1.93,TNP_0007,4,2016
2016-11-05 08:00:00+00:00,601.55,694.95,31.85,45.26,2.39,TNP_0007,4,2016
2016-11-05 09:00:00+00:00,502.4,528.5,31.58,45.67,2.96,TNP_0007,4,2016
2016-11-05 10:00:00+00:00,319.98,329.6,30.54,48.8,3.6,TNP_0007,4,2016
2016-11-05 11:00:00+00:00,114.85,120.25,29.07,54.53,3.92,TNP_0007,4,2016
2016-11-05 12:00:00+00:00,6.25,6.57,26.73,66.64,3.09,TNP_0007,4,2016
2016-11-05 13:00:00+00:00,0.0,0.0,25.12,74.87,3.16,TNP_0007,4,2016
2016-11-05 14:00:00+00:00,0.0,0.0,24.23,79.18,3.23,TNP_0007,4,2016
2016-11-05 15:00:00+00:00,0.0,0.0,23.46,82.98,2.8,TNP_0007,4,2016
2016-11-05 16:00:00+00:00,0.0,0.0,22.87,85.58,2.33,TNP_0007,4,2016
2016-11-05 17:00:00+00:00,0.0,0.0,22.42,86.83,2.01,TNP_0007,4,2016
2016-11-05 18:00:00+00:00,0.0,0.0,22.01,87.57,1.88,TNP_0007,4,2016
2016-11-05 19:00:00+00:00,0.0,0.0,21.61,87.72,1.98,TNP_0007,4,2016
2016-11-05 20:00:00+00:00,0.0,0.0,21.18,87.99,2.02,TNP_0007,4,2016
2016-11-05 21:00:00+00:00,0.0,0.0,20.65,89.03,1.83,TNP_0007,4,2016
2016-11-05 22:00:00+00:00,0.0,0.0,20.12,89.84,1.69,TNP_0007,4,2016
2016-11-05 23:00:00+00:00,0.0,0.0,19.42,91.54,1.48,TNP_0007,4,2016
2016-11-06 00:00:00+00:00,0.0,0.0,18.91,92.5,1.37,TNP_0007,4,2016
2016-11-06 01:00:00+00:00,84.12,89.75,19.52,89.19,1.62,TNP_0007,4,2016
2016-11-06 02:00:00+00:00,269.05,302.45,22.27,72.13,2.02,TNP_0007,4,2016
2016-11-06 03:00:00+00:00,492.15,530.1,25.99,50.83,2.71,TNP_0007,4,2016
2016-11-06 04:00:00+00:00,649.03,713.88,28.58,42.02,2.33,TNP_0007,4,2016
2016-11-06 05:00:00+00:00,776.15,826.6,30.44,37.84,1.71,TNP_0007,4,2016
2016-11-06 06:00:00+00:00,877.8,895.97,31.77,34.59,1.74,TNP_0007,4,2016
2016-11-06 07:00:00+00:00,825.0,857.83,32.52,32.39,2.51,TNP_0007,4,2016
2016-11-06 08:00:00+00:00,748.72,757.67,32.63,31.58,3.42,TNP_0007,4,2016
2016-11-06 09:00:00+00:00,581.33,590.25,32.07,32.42,4.24,TNP_0007,4,2016
2016-11-06 10:00:00+00:00,358.52,373.8,30.78,35.53,4.91,TNP_0007,4,2016
2016-11-06 11:00:00+00:00,138.12,147.02,28.61,42.29,5.19,TNP_0007,4,2016
2016-11-06 12:00:00+00:00,6.95,7.7,25.65,54.74,4.56,TNP_0007,4,2016
2016-11-06 13:00:00+00:00,0.0,0.0,23.5,65.84,4.12,TNP_0007,4,2016
2016-11-06 14:00:00+00:00,0.0,0.0,22.16,74.07,3.23,TNP_0007,4,2016
2016-11-06 15:00:00+00:00,0.0,0.0,21.22,79.93,2.34,TNP_0007,4,2016
2016-11-06 16:00:00+00:00,0.0,0.0,20.47,84.11,1.89,TNP_0007,4,2016
2016-11-06 17:00:00+00:00,0.0,0.0,19.91,86.54,1.78,TNP_0007,4,2016
2016-11-06 18:00:00+00:00,0.0,0.0,19.39,88.55,1.6,TNP_0007,4,2016
2016-11-06 19:00:00+00:00,0.0,0.0,18.95,89.73,1.59,TNP_0007,4,2016
2016-11-06 20:00:00+00:00,0.0,0.0,18.47,91.07,1.52,TNP_0007,4,2016
2016-11-06 21:00:00+00:00,0.0,0.0,18.0,92.24,1.37,TNP_0007,4,2016
2016-11-06 22:00:00+00:00,0.0,0.0,17.54,93.45,1.22,TNP_0007,4,2016
2016-11-06 23:00:00+00:00,0.0,0.0,17.28,92.58,1.36,TNP_0007,4,2016
2016-11-07 00:00:00+00:00,0.0,0.0,17.14,90.61,1.53,TNP_0007,4,2016
2016-11-07 01:00:00+00:00,90.28,94.95,17.97,86.63,1.67,TNP_0007,4,2016
2016-11-07 02:00:00+00:00,302.2,313.25,20.92,69.96,1.91,TNP_0007,4,2016
2016-11-07 03:00:00+00:00,534.47,538.6,25.41,44.09,2.55,TNP_0007,4,2016
2016-11-07 04:00:00+00:00,714.92,727.95,28.25,36.56,2.62,TNP_0007,4,2016
2016-11-07 05:00:00+00:00,833.78,853.78,30.14,33.67,2.23,TNP_0007,4,2016
2016-11-07 06:00:00+00:00,894.25,908.67,31.64,31.4,1.67,TNP_0007,4,2016
2016-11-07 07:00:00+00:00,853.55,875.4,32.6,29.58,1.05,TNP_0007,4,2016
2016-11-07 08:00:00+00:00,737.72,761.0,33.03,28.42,0.53,TNP_0007,4,2016
2016-11-07 09:00:00+00:00,564.3,573.72,32.9,28.42,0.39,TNP_0007,4,2016
2016-11-07 10:00:00+00:00,359.33,373.1,32.01,29.91,0.73,TNP_0007,4,2016
2016-11-07 11:00:00+00:00,145.18,146.4,30.41,35.71,1.15,TNP_0007,4,2016
2016-11-07 12:00:00+00:00,7.18,7.38,27.37,54.41,1.58,TNP_0007,4,2016
2016-11-07 13:00:00+00:00,0.0,0.0,25.36,62.95,1.99,TNP_0007,4,2016
2016-11-07 14:00:00+00:00,0.0,0.0,24.23,67.03,2.35,TNP_0007,4,2016
2016-11-07 15:00:00+00:00,0.0,0.0,23.3,71.64,2.27,TNP_0007,4,2016
2016-11-07 16:00:00+00:00,0.0,0.0,22.35,76.58,1.88,TNP_0007,4,2016
2016-11-07 17:00:00+00:00,0.0,0.0,21.72,80.9,1.35,TNP_0007,4,2016
2016-11-07 18:00:00+00:00,0.0,0.0,21.16,84.54,1.04,TNP_0007,4,2016
2016-11-07 19:00:00+00:00,0.0,0.0,20.56,87.29,0.95,TNP_0007,4,2016
2016-11-07 20:00:00+00:00,0.0,0.0,20.15,88.14,0.91,TNP_0007,4,2016
2016-11-07 21:00:00+00:00,0.0,0.0,19.96,87.87,0.78,TNP_0007,4,2016
2016-11-07 22:00:00+00:00,0.0,0.0,19.98,86.8,0.68,TNP_0007,4,2016
2016-11-07 23:00:00+00:00,0.0,0.0,19.72,87.86,0.85,TNP_0007,4,2016
2016-11-08 00:00:00+00:00,0.0,0.0,19.42,89.63,1.19,TNP_0007,4,2016
2016-11-08 01:00:00+00:00,78.15,79.65,19.94,88.72,1.44,TNP_0007,4,2016
2016-11-08 02:00:00+00:00,277.83,281.42,22.4,76.45,2.33,TNP_0007,4,2016
2016-11-08 03:00:00+00:00,480.38,494.23,25.0,64.54,2.83,TNP_0007,4,2016
2016-11-08 04:00:00+00:00,649.85,681.4,26.87,56.71,2.66,TNP_0007,4,2016
2016-11-08 05:00:00+00:00,766.95,807.22,28.42,50.92,2.3,TNP_0007,4,2016
2016-11-08 06:00:00+00:00,704.05,730.7,29.45,46.78,1.9,TNP_0007,4,2016
2016-11-08 07:00:00+00:00,653.5,707.33,30.27,43.63,1.53,TNP_0007,4,2016
2016-11-08 08:00:00+00:00,531.3,610.4,30.65,42.07,1.2,TNP_0007,4,2016
2016-11-08 09:00:00+00:00,386.2,454.02,30.27,42.65,1.01,TNP_0007,4,2016
2016-11-08 10:00:00+00:00,248.88,271.75,29.3,45.4,1.25,TNP_0007,4,2016
2016-11-08 11:00:00+00:00,85.2,93.47,27.96,51.08,1.6,TNP_0007,4,2016
2016-11-08 12:00:00+00:00,4.82,5.03,25.66,69.55,1.4,TNP_0007,4,2016
2016-11-08 13:00:00+00:00,0.0,0.0,24.23,76.61,1.65,TNP_0007,4,2016
2016-11-08 14:00:00+00:00,0.0,0.0,23.46,79.92,1.76,TNP_0007,4,2016
2016-11-08 15:00:00+00:00,0.0,0.0,22.86,84.07,1.65,TNP_0007,4,2016
2016-11-08 16:00:00+00:00,0.0,0.0,22.44,87.43,1.18,TNP_0007,4,2016
2016-11-08 17:00:00+00:00,0.0,0.0,22.29,86.82,0.52,TNP_0007,4,2016
2016-11-08 18:00:00+00:00,0.0,0.0,21.85,88.12,0.54,TNP_0007,4,2016
2016-11-08 19:00:00+00:00,0.0,0.0,21.15,91.56,1.08,TNP_0007,4,2016
2016-11-08 20:00:00+00:00,0.0,0.0,20.68,93.26,1.55,TNP_0007,4,2016
2016-11-08 21:00:00+00:00,0.0,0.0,20.36,94.13,1.87,TNP_0007,4,2016
2016-11-08 22:00:00+00:00,0.0,0.0,20.14,94.85,2.12,TNP_0007,4,2016
2016-11-08 23:00:00+00:00,0.0,0.0,19.99,95.06,2.38,TNP_0007,4,2016
2016-11-09 00:00:00+00:00,0.0,0.0,19.77,95.27,2.45,TNP_0007,4,2016
2016-11-09 01:00:00+00:00,59.75,65.62,20.0,93.75,2.86,TNP_0007,4,2016
2016-11-09 02:00:00+00:00,229.35,243.5,21.24,86.81,3.91,TNP_0007,4,2016
2016-11-09 03:00:00+00:00,419.15,445.12,23.36,72.4,4.57,TNP_0007,4,2016
2016-11-09 04:00:00+00:00,590.4,628.45,25.93,58.48,4.58,TNP_0007,4,2016
2016-11-09 05:00:00+00:00,718.88,745.67,28.0,50.11,4.35,TNP_0007,4,2016
2016-11-09 06:00:00+00:00,750.78,797.38,29.4,44.38,4.07,TNP_0007,4,2016
2016-11-09 07:00:00+00:00,606.12,764.88,30.43,39.57,3.77,TNP_0007,4,2016
2016-11-09 08:00:00+00:00,475.62,663.42,30.9,36.59,3.49,TNP_0007,4,2016
2016-11-09 09:00:00+00:00,371.48,497.4,30.75,35.29,3.12,TNP_0007,4,2016
2016-11-09 10:00:00+00:00,212.9,293.98,30.12,35.59,2.73,TNP_0007,4,2016
2016-11-09 11:00:00+00:00,81.88,105.15,28.67,41.36,1.99,TNP_0007,4,2016
2016-11-09 12:00:00+00:00,4.82,5.45,25.67,59.68,1.5,TNP_0007,4,2016
2016-11-09 13:00:00+00:00,0.0,0.0,24.38,62.72,1.51,TNP_0007,4,2016
2016-11-09 14:00:00+00:00,0.0,0.0,23.47,66.57,1.52,TNP_0007,4,2016
2016-11-09 15:00:00+00:00,0.0,0.0,22.54,70.97,1.51,TNP_0007,4,2016
2016-11-09 16:00:00+00:00,0.0,0.0,21.86,73.87,1.32,TNP_0007,4,2016
2016-11-09 17:00:00+00:00,0.0,0.0,21.43,74.95,0.93,TNP_0007,4,2016
2016-11-09 18:00:00+00:00,0.0,0.0,21.0,75.17,0.66,TNP_0007,4,2016
2016-11-09 19:00:00+00:00,0.0,0.0,19.88,78.69,1.04,TNP_0007,4,2016
2016-11-09 20:00:00+00:00,0.0,0.0,18.79,81.79,1.45,TNP_0007,4,2016
2016-11-09 21:00:00+00:00,0.0,0.0,17.95,83.39,1.65,TNP_0007,4,2016
2016-11-09 22:00:00+00:00,0.0,0.0,17.47,82.64,1.68,TNP_0007,4,2016
2016-11-09 23:00:00+00:00,0.0,0.0,17.06,81.53,1.69,TNP_0007,4,2016
2016-11-10 00:00:00+00:00,0.0,0.0,16.7,80.45,1.7,TNP_0007,4,2016
2016-11-10 01:00:00+00:00,51.75,61.3,17.27,78.73,1.59,TNP_0007,4,2016
2016-11-10 02:00:00+00:00,189.32,232.3,20.2,60.86,2.43,TNP_0007,4,2016
2016-11-10 03:00:00+00:00,337.52,424.42,23.36,49.87,2.87,TNP_0007,4,2016
2016-11-10 04:00:00+00:00,538.88,602.95,26.01,40.98,2.84,TNP_0007,4,2016
2016-11-10 05:00:00+00:00,695.67,721.72,28.07,35.8,2.57,TNP_0007,4,2016
2016-11-10 06:00:00+00:00,785.55,798.85,29.51,32.71,2.19,TNP_0007,4,2016
2016-11-10 07:00:00+00:00,743.47,761.28,30.64,30.54,1.74,TNP_0007,4,2016
2016-11-10 08:00:00+00:00,632.72,653.2,31.33,29.22,1.32,TNP_0007,4,2016
2016-11-10 09:00:00+00:00,460.5,484.83,31.32,29.02,0.81,TNP_0007,4,2016
2016-11-10 10:00:00+00:00,283.3,291.65,30.78,30.05,0.71,TNP_0007,4,2016
2016-11-10 11:00:00+00:00,100.18,103.28,29.33,36.07,1.27,TNP_0007,4,2016
2016-11-10 12:00:00+00:00,5.2,5.32,25.37,59.79,1.87,TNP_0007,4,2016
2016-11-10 13:00:00+00:00,0.0,0.0,23.15,66.83,2.35,TNP_0007,4,2016
2016-11-10 14:00:00+00:00,0.0,0.0,22.03,72.8,2.32,TNP_0007,4,2016
2016-11-10 15:00:00+00:00,0.0,0.0,21.17,79.72,2.09,TNP_0007,4,2016
2016-11-10 16:00:00+00:00,0.0,0.0,20.52,85.47,1.8,TNP_0007,4,2016
2016-11-10 17:00:00+00:00,0.0,0.0,20.09,88.47,1.43,TNP_0007,4,2016
2016-11-10 18:00:00+00:00,0.0,0.0,20.13,87.33,0.8,TNP_0007,4,2016
2016-11-10 19:00:00+00:00,0.0,0.0,20.18,85.86,0.26,TNP_0007,4,2016
2016-11-10 20:00:00+00:00,0.0,0.0,19.21,88.79,1.05,TNP_0007,4,2016
2016-11-10 21:00:00+00:00,0.0,0.0,18.54,90.8,1.4,TNP_0007,4,2016
2016-11-10 22:00:00+00:00,0.0,0.0,18.27,91.15,1.47,TNP_0007,4,2016
2016-11-10 23:00:00+00:00,0.0,0.0,18.18,90.98,1.42,TNP_0007,4,2016
2016-11-11 00:00:00+00:00,0.0,0.0,18.02,91.24,1.38,TNP_0007,4,2016
2016-11-11 01:00:00+00:00,58.08,59.85,18.51,90.31,1.31,TNP_0007,4,2016
2016-11-11 02:00:00+00:00,211.77,218.43,20.7,78.69,1.82,TNP_0007,4,2016
2016-11-11 03:00:00+00:00,391.52,398.88,23.35,65.82,1.79,TNP_0007,4,2016
2016-11-11 04:00:00+00:00,557.3,573.5,25.92,54.4,1.59,TNP_0007,4,2016
2016-11-11 05:00:00+00:00,694.75,695.4,28.04,46.76,1.48,TNP_0007,4,2016
2016-11-11 06:00:00+00:00,802.12,835.9,29.7,41.55,1.41,TNP_0007,4,2016
2016-11-11 07:00:00+00:00,751.97,800.2,30.82,38.21,1.31,TNP_0007,4,2016
2016-11-11 08:00:00+00:00,605.92,694.3,31.4,36.37,1.24,TNP_0007,4,2016
2016-11-11 09:00:00+00:00,474.1,522.78,31.29,36.04,1.18,TNP_0007,4,2016
2016-11-11 10:00:00+00:00,284.6,310.23,30.68,37.21,1.28,TNP_0007,4,2016
2016-11-11 11:00:00+00:00,103.32,110.47,29.31,42.45,1.42,TNP_0007,4,2016
2016-11-11 12:00:00+00:00,5.68,5.82,25.99,64.31,1.49,TNP_0007,4,2016
2016-11-11 13:00:00+00:00,0.0,0.0,24.05,71.76,1.94,TNP_0007,4,2016
2016-11-11 14:00:00+00:00,0.0,0.0,23.04,76.44,2.07,TNP_0007,4,2016
2016-11-11 15:00:00+00:00,0.0,0.0,22.19,81.67,2.04,TNP_0007,4,2016
2016-11-11 16:00:00+00:00,0.0,0.0,21.52,86.56,1.89,TNP_0007,4,2016
2016-11-11 17:00:00+00:00,0.0,0.0,20.97,90.39,1.64,TNP_0007,4,2016
2016-11-11 18:00:00+00:00,0.0,0.0,20.71,91.65,1.24,TNP_0007,4,2016
2016-11-11 19:00:00+00:00,0.0,0.0,20.82,90.34,0.45,TNP_0007,4,2016
2016-11-11 20:00:00+00:00,0.0,0.0,20.54,91.07,0.44,TNP_0007,4,2016
2016-11-11 21:00:00+00:00,0.0,0.0,20.11,92.67,0.99,TNP_0007,4,2016
2016-11-11 22:00:00+00:00,0.0,0.0,19.79,93.7,1.28,TNP_0007,4,2016
2016-11-11 23:00:00+00:00,0.0,0.0,19.6,94.19,1.44,TNP_0007,4,2016
2016-11-12 00:00:00+00:00,0.0,0.0,19.31,94.83,1.57,TNP_0007,4,2016
2016-11-12 01:00:00+00:00,59.6,72.2,19.75,93.26,1.78,TNP_0007,4,2016
2016-11-12 02:00:00+00:00,191.05,261.62,21.68,84.48,2.47,TNP_0007,4,2016
2016-11-12 03:00:00+00:00,369.08,472.25,24.22,71.96,2.51,TNP_0007,4,2016
2016-11-12 04:00:00+00:00,523.08,654.83,26.68,59.58,2.4,TNP_0007,4,2016
2016-11-12 05:00:00+00:00,638.85,775.38,28.65,51.64,2.4,TNP_0007,4,2016
2016-11-12 06:00:00+00:00,772.03,810.2,30.02,46.34,2.45,TNP_0007,4,2016
2016-11-12 07:00:00+00:00,724.45,773.25,31.04,42.59,2.52,TNP_0007,4,2016
2016-11-12 08:00:00+00:00,586.42,663.95,31.57,40.28,2.56,TNP_0007,4,2016
2016-11-12 09:00:00+00:00,484.3,500.8,31.55,39.2,2.38,TNP_0007,4,2016
2016-11-12 10:00:00+00:00,286.05,300.95,31.05,39.23,2.15,TNP_0007,4,2016
2016-11-12 11:00:00+00:00,99.4,108.05,29.86,43.29,1.67,TNP_0007,4,2016
2016-11-12 12:00:00+00:00,5.2,5.65,27.27,60.29,1.02,TNP_0007,4,2016
2016-11-12 13:00:00+00:00,0.0,0.0,26.54,57.23,0.85,TNP_0007,4,2016
2016-11-12 14:00:00+00:00,0.0,0.0,25.65,61.42,0.88,TNP_0007,4,2016
2016-11-12 15:00:00+00:00,0.0,0.0,24.65,67.12,0.93,TNP_0007,4,2016
2016-11-12 16:00:00+00:00,0.0,0.0,24.08,68.97,0.76,TNP_0007,4,2016
2016-11-12 17:00:00+00:00,0.0,0.0,23.22,73.75,0.66,TNP_0007,4,2016
2016-11-12 18:00:00+00:00,0.0,0.0,22.32,79.18,1.08,TNP_0007,4,2016
2016-11-12 19:00:00+00:00,0.0,0.0,21.63,83.09,1.36,TNP_0007,4,2016
2016-11-12 20:00:00+00:00,0.0,0.0,21.25,86.14,1.49,TNP_0007,4,2016
2016-11-12 21:00:00+00:00,0.0,0.0,20.88,88.78,1.46,TNP_0007,4,2016
2016-11-12 22:00:00+00:00,0.0,0.0,20.57,90.69,1.42,TNP_0007,4,2016
2016-11-12 23:00:00+00:00,0.0,0.0,20.31,92.33,1.44,TNP_0007,4,2016
2016-11-13 00:00:00+00:00,0.0,0.0,20.13,94.26,1.51,TNP_0007,4,2016
2016-11-13 01:00:00+00:00,38.8,59.15,20.79,92.72,1.81,TNP_0007,4,2016
2016-11-13 02:00:00+00:00,157.1,220.8,22.82,83.47,2.79,TNP_0007,4,2016
2016-11-13 03:00:00+00:00,305.92,415.1,25.02,72.41,3.21,TNP_0007,4,2016
2016-11-13 04:00:00+00:00,467.58,589.33,27.08,62.49,3.34,TNP_0007,4,2016
2016-11-13 05:00:00+00:00,640.08,728.72,29.21,52.78,3.38,TNP_0007,4,2016
2016-11-13 06:00:00+00:00,688.6,771.25,30.69,46.75,3.29,TNP_0007,4,2016
2016-11-13 07:00:00+00:00,610.53,756.85,31.55,43.71,3.14,TNP_0007,4,2016
2016-11-13 08:00:00+00:00,551.67,676.97,31.87,42.69,2.99,TNP_0007,4,2016
2016-11-13 09:00:00+00:00,463.95,517.65,31.39,43.87,2.73,TNP_0007,4,2016
2016-11-13 10:00:00+00:00,251.7,315.45,30.48,46.48,2.43,TNP_0007,4,2016
2016-11-13 11:00:00+00:00,94.05,111.55,29.18,53.36,1.86,TNP_0007,4,2016
2016-11-13 12:00:00+00:00,5.32,5.82,26.86,72.18,1.33,TNP_0007,4,2016
2016-11-13 13:00:00+00:00,0.0,0.0,25.6,78.91,1.34,TNP_0007,4,2016
2016-11-13 14:00:00+00:00,0.0,0.0,24.88,82.4,1.42,TNP_0007,4,2016
2016-11-13 15:00:00+00:00,0.0,0.0,24.17,85.69,1.51,TNP_0007,4,2016
2016-11-13 16:00:00+00:00,0.0,0.0,23.58,88.24,1.7,TNP_0007,4,2016
2016-11-13 17:00:00+00:00,0.0,0.0,22.98,91.12,1.99,TNP_0007,4,2016
2016-11-13 18:00:00+00:00,0.0,0.0,22.46,93.68,2.16,TNP_0007,4,2016
2016-11-13 19:00:00+00:00,0.0,0.0,22.14,95.69,2.05,TNP_0007,4,2016
2016-11-13 20:00:00+00:00,0.0,0.0,21.85,97.22,1.8,TNP_0007,4,2016
2016-11-13 21:00:00+00:00,0.0,0.0,21.64,97.86,1.65,TNP_0007,4,2016
2016-11-13 22:00:00+00:00,0.0,0.0,21.45,98.13,1.62,TNP_0007,4,2016
2016-11-13 23:00:00+00:00,0.0,0.0,21.29,98.19,1.65,TNP_0007,4,2016
2016-11-14 00:00:00+00:00,0.0,0.0,21.14,98.27,1.72,TNP_0007,4,2016
2016-11-14 01:00:00+00:00,44.62,70.68,21.58,97.25,2.14,TNP_0007,4,2016
2016-11-14 02:00:00+00:00,176.82,263.92,22.66,93.28,3.34,TNP_0007,4,2016
2016-11-14 03:00:00+00:00,352.17,477.58,24.09,85.5,4.02,TNP_0007,4,2016
2016-11-14 04:00:00+00:00,454.95,658.12,26.39,71.23,4.32,TNP_0007,4,2016
2016-11-14 05:00:00+00:00,502.45,774.05,28.77,58.13,4.43,TNP_0007,4,2016
2016-11-14 06:00:00+00:00,482.9,839.47,30.38,50.74,4.28,TNP_0007,4,2016
2016-11-14 07:00:00+00:00,470.45,810.97,31.42,46.26,3.97,TNP_0007,4,2016
2016-11-14 08:00:00+00:00,400.7,708.6,31.81,44.09,3.61,TNP_0007,4,2016
2016-11-14 09:00:00+00:00,294.55,542.1,31.64,43.72,3.16,TNP_0007,4,2016
2016-11-14 10:00:00+00:00,193.68,337.33,30.95,45.3,2.85,TNP_0007,4,2016
2016-11-14 11:00:00+00:00,80.22,124.53,29.57,51.32,2.3,TNP_0007,4,2016
2016-11-14 12:00:00+00:00,5.3,6.3,27.09,70.14,1.54,TNP_0007,4,2016
2016-11-14 13:00:00+00:00,0.0,0.0,25.66,77.97,1.55,TNP_0007,4,2016
2016-11-14 14:00:00+00:00,0.0,0.0,24.98,81.63,1.52,TNP_0007,4,2016
2016-11-14 15:00:00+00:00,0.0,0.0,24.36,85.07,1.5,TNP_0007,4,2016
2016-11-14 16:00:00+00:00,0.0,0.0,23.8,87.75,1.68,TNP_0007,4,2016
2016-11-14 17:00:00+00:00,0.0,0.0,23.25,90.23,2.0,TNP_0007,4,2016
2016-11-14 18:00:00+00:00,0.0,0.0,22.78,92.48,2.22,TNP_0007,4,2016
2016-11-14 19:00:00+00:00,0.0,0.0,22.38,94.44,2.21,TNP_0007,4,2016
2016-11-14 20:00:00+00:00,0.0,0.0,22.01,95.91,2.02,TNP_0007,4,2016
2016-11-14 21:00:00+00:00,0.0,0.0,21.65,96.97,1.84,TNP_0007,4,2016
2016-11-14 22:00:00+00:00,0.0,0.0,21.32,97.65,1.7,TNP_0007,4,2016
2016-11-14 23:00:00+00:00,0.0,0.0,21.08,98.06,1.67,TNP_0007,4,2016
2016-11-15 00:00:00+00:00,0.0,0.0,20.91,98.18,1.7,TNP_0007,4,2016
2016-11-15 01:00:00+00:00,28.95,69.18,21.2,97.4,2.12,TNP_0007,4,2016
2016-11-15 02:00:00+00:00,120.65,259.23,21.95,94.79,3.17,TNP_0007,4,2016
2016-11-15 03:00:00+00:00,260.88,484.75,22.78,89.8,3.98,TNP_0007,4,2016
2016-11-15 04:00:00+00:00,471.95,668.2,24.17,79.58,4.53,TNP_0007,4,2016
2016-11-15 05:00:00+00:00,623.62,793.33,25.92,66.47,4.9,TNP_0007,4,2016
2016-11-15 06:00:00+00:00,660.95,883.5,27.14,57.78,5.0,TNP_0007,4,2016
2016-11-15 07:00:00+00:00,578.85,854.83,27.85,52.63,4.92,TNP_0007,4,2016
2016-11-15 08:00:00+00:00,585.17,749.4,28.15,50.17,4.72,TNP_0007,4,2016
2016-11-15 09:00:00+00:00,487.98,577.6,28.15,49.43,4.25,TNP_0007,4,2016
2016-11-15 10:00:00+00:00,340.83,368.02,27.76,50.52,3.6,TNP_0007,4,2016
2016-11-15 11:00:00+00:00,124.93,138.18,26.65,58.66,2.25,TNP_0007,4,2016
2016-11-15 12:00:00+00:00,6.5,6.6,24.41,73.58,1.7,TNP_0007,4,2016
2016-11-15 13:00:00+00:00,0.0,0.0,23.49,74.52,1.76,TNP_0007,4,2016
2016-11-15 14:00:00+00:00,0.0,0.0,23.14,74.45,1.72,TNP_0007,4,2016
2016-11-15 15:00:00+00:00,0.0,0.0,22.53,76.54,1.81,TNP_0007,4,2016
2016-11-15 16:00:00+00:00,0.0,0.0,21.66,80.03,2.01,TNP_0007,4,2016
2016-11-15 17:00:00+00:00,0.0,0.0,20.83,83.02,2.24,TNP_0007,4,2016
2016-11-15 18:00:00+00:00,0.0,0.0,20.16,85.73,2.31,TNP_0007,4,2016
2016-11-15 19:00:00+00:00,0.0,0.0,19.61,88.13,2.27,TNP_0007,4,2016
2016-11-15 20:00:00+00:00,0.0,0.0,19.15,90.58,2.16,TNP_0007,4,2016
2016-11-15 21:00:00+00:00,0.0,0.0,18.97,92.66,1.96,TNP_0007,4,2016
2016-11-15 22:00:00+00:00,0.0,0.0,18.86,94.55,1.72,TNP_0007,4,2016
2016-11-15 23:00:00+00:00,0.0,0.0,18.62,97.57,1.64,TNP_0007,4,2016
2016-11-16 00:00:00+00:00,0.0,0.0,18.44,100.0,1.69,TNP_0007,4,2016
2016-11-16 01:00:00+00:00,69.15,71.15,19.34,96.42,1.84,TNP_0007,4,2016
2016-11-16 02:00:00+00:00,271.45,273.5,22.02,82.98,3.02,TNP_0007,4,2016
2016-11-16 03:00:00+00:00,481.02,492.55,24.82,68.95,4.13,TNP_0007,4,2016
2016-11-16 04:00:00+00:00,663.7,688.33,27.27,58.18,4.86,TNP_0007,4,2016
2016-11-16 05:00:00+00:00,775.78,817.7,29.18,51.34,5.13,TNP_0007,4,2016
2016-11-16 06:00:00+00:00,851.53,885.78,30.69,46.47,5.2,TNP_0007,4,2016
2016-11-16 07:00:00+00:00,755.38,842.72,31.62,43.39,5.17,TNP_0007,4,2016
2016-11-16 08:00:00+00:00,728.3,737.58,32.04,41.75,5.06,TNP_0007,4,2016
2016-11-16 09:00:00+00:00,547.58,563.47,31.91,41.49,4.8,TNP_0007,4,2016
2016-11-16 10:00:00+00:00,324.23,347.23,31.3,42.72,4.52,TNP_0007,4,2016
2016-11-16 11:00:00+00:00,119.1,129.1,30.02,46.9,3.96,TNP_0007,4,2016
2016-11-16 12:00:00+00:00,5.62,6.35,27.1,62.39,2.35,TNP_0007,4,2016
2016-11-16 13:00:00+00:00,0.0,0.0,25.64,69.63,2.29,TNP_0007,4,2016
2016-11-16 14:00:00+00:00,0.0,0.0,24.95,73.01,2.37,TNP_0007,4,2016
2016-11-16 15:00:00+00:00,0.0,0.0,24.37,75.94,2.49,TNP_0007,4,2016
2016-11-16 16:00:00+00:00,0.0,0.0,23.78,79.06,2.71,TNP_0007,4,2016
2016-11-16 17:00:00+00:00,0.0,0.0,23.12,82.64,2.78,TNP_0007,4,2016
2016-11-16 18:00:00+00:00,0.0,0.0,22.48,86.38,2.48,TNP_0007,4,2016
2016-11-16 19:00:00+00:00,0.0,0.0,22.0,88.97,2.45,TNP_0007,4,2016
2016-11-16 20:00:00+00:00,0.0,0.0,21.66,90.61,2.6,TNP_0007,4,2016
2016-11-16 21:00:00+00:00,0.0,0.0,21.48,90.76,3.11,TNP_0007,4,2016
2016-11-16 22:00:00+00:00,0.0,0.0,21.18,91.07,3.02,TNP_0007,4,2016
2016-11-16 23:00:00+00:00,0.0,0.0,20.71,91.93,2.76,TNP_0007,4,2016
2016-11-17 00:00:00+00:00,0.0,0.0,20.25,92.93,2.6,TNP_0007,4,2016
2016-11-17 01:00:00+00:00,69.35,71.57,20.52,90.78,3.02,TNP_0007,4,2016
2016-11-17 02:00:00+00:00,254.68,269.7,22.28,81.38,4.36,TNP_0007,4,2016
2016-11-17 03:00:00+00:00,461.45,485.95,24.83,67.13,5.61,TNP_0007,4,2016
2016-11-17 04:00:00+00:00,628.28,663.8,27.23,55.9,6.27,TNP_0007,4,2016
2016-11-17 05:00:00+00:00,746.92,780.95,29.02,49.05,6.49,TNP_0007,4,2016
2016-11-17 06:00:00+00:00,767.9,825.47,30.16,45.15,6.45,TNP_0007,4,2016
2016-11-17 07:00:00+00:00,734.38,783.72,31.24,41.83,6.23,TNP_0007,4,2016
2016-11-17 08:00:00+00:00,664.17,684.38,31.9,39.52,5.91,TNP_0007,4,2016
2016-11-17 09:00:00+00:00,489.15,504.4,31.94,38.67,5.46,TNP_0007,4,2016
2016-11-17 10:00:00+00:00,290.38,302.85,31.37,39.44,5.1,TNP_0007,4,2016
2016-11-17 11:00:00+00:00,101.88,106.7,29.93,43.98,4.24,TNP_0007,4,2016
2016-11-17 12:00:00+00:00,5.2,5.45,26.54,60.48,2.61,TNP_0007,4,2016
2016-11-17 13:00:00+00:00,0.0,0.0,24.98,66.5,2.64,TNP_0007,4,2016
2016-11-17 14:00:00+00:00,0.0,0.0,24.27,68.86,2.71,TNP_0007,4,2016
2016-11-17 15:00:00+00:00,0.0,0.0,23.39,72.66,2.84,TNP_0007,4,2016
2016-11-17 16:00:00+00:00,0.0,0.0,22.72,75.53,2.91,TNP_0007,4,2016
2016-11-17 17:00:00+00:00,0.0,0.0,21.97,80.02,2.57,TNP_0007,4,2016
2016-11-17 18:00:00+00:00,0.0,0.0,21.18,85.15,2.11,TNP_0007,4,2016
2016-11-17 19:00:00+00:00,0.0,0.0,20.57,88.61,1.9,TNP_0007,4,2016
2016-11-17 20:00:00+00:00,0.0,0.0,20.02,91.09,1.8,TNP_0007,4,2016
2016-11-17 21:00:00+00:00,0.0,0.0,19.49,93.48,1.77,TNP_0007,4,2016
2016-11-17 22:00:00+00:00,0.0,0.0,19.16,94.99,1.73,TNP_0007,4,2016
2016-11-17 23:00:00+00:00,0.0,0.0,18.95,96.27,1.7,TNP_0007,4,2016
2016-11-18 00:00:00+00:00,0.0,0.0,18.77,97.15,1.75,TNP_0007,4,2016
2016-11-18 01:00:00+00:00,54.7,60.17,19.49,92.9,1.96,TNP_0007,4,2016
2016-11-18 02:00:00+00:00,220.3,240.3,21.28,82.42,3.14,TNP_0007,4,2016
2016-11-18 03:00:00+00:00,422.92,444.48,23.31,67.99,4.14,TNP_0007,4,2016
2016-11-18 04:00:00+00:00,583.47,612.55,25.89,52.12,4.82,TNP_0007,4,2016
2016-11-18 05:00:00+00:00,705.75,736.08,28.41,42.82,5.05,TNP_0007,4,2016
2016-11-18 06:00:00+00:00,744.83,830.15,30.25,37.61,5.03,TNP_0007,4,2016
2016-11-18 07:00:00+00:00,755.5,796.03,31.52,34.02,4.94,TNP_0007,4,2016
2016-11-18 08:00:00+00:00,691.28,702.7,32.22,31.69,4.83,TNP_0007,4,2016
2016-11-18 09:00:00+00:00,527.92,534.45,32.26,30.94,4.61,TNP_0007,4,2016
2016-11-18 10:00:00+00:00,304.65,317.98,31.62,31.59,4.31,TNP_0007,4,2016
2016-11-18 11:00:00+00:00,101.57,105.78,29.98,37.04,3.25,TNP_0007,4,2016
2016-11-18 12:00:00+00:00,5.57,5.28,26.02,57.89,2.27,TNP_0007,4,2016
2016-11-18 13:00:00+00:00,0.0,0.0,24.44,61.14,2.38,TNP_0007,4,2016
2016-11-18 14:00:00+00:00,0.0,0.0,23.65,62.84,2.36,TNP_0007,4,2016
2016-11-18 15:00:00+00:00,0.0,0.0,22.9,65.59,2.42,TNP_0007,4,2016
2016-11-18 16:00:00+00:00,0.0,0.0,22.26,68.27,2.54,TNP_0007,4,2016
2016-11-18 17:00:00+00:00,0.0,0.0,21.65,71.86,2.61,TNP_0007,4,2016
2016-11-18 18:00:00+00:00,0.0,0.0,21.06,76.9,2.34,TNP_0007,4,2016
2016-11-18 19:00:00+00:00,0.0,0.0,20.5,81.38,2.12,TNP_0007,4,2016
2016-11-18 20:00:00+00:00,0.0,0.0,20.03,85.54,1.98,TNP_0007,4,2016
2016-11-18 21:00:00+00:00,0.0,0.0,19.62,89.21,1.83,TNP_0007,4,2016
2016-11-18 22:00:00+00:00,0.0,0.0,19.37,91.51,1.68,TNP_0007,4,2016
2016-11-18 23:00:00+00:00,0.0,0.0,19.06,93.52,1.61,TNP_0007,4,2016
2016-11-19 00:00:00+00:00,0.0,0.0,18.65,95.79,1.6,TNP_0007,4,2016
2016-11-19 01:00:00+00:00,61.17,65.0,19.06,93.83,1.61,TNP_0007,4,2016
2016-11-19 02:00:00+00:00,246.85,260.58,21.19,81.47,2.7,TNP_0007,4,2016
2016-11-19 03:00:00+00:00,431.23,468.77,24.11,62.4,3.88,TNP_0007,4,2016
2016-11-19 04:00:00+00:00,581.53,650.4,27.02,43.88,4.71,TNP_0007,4,2016
2016-11-19 05:00:00+00:00,639.38,774.72,29.23,33.23,5.01,TNP_0007,4,2016
2016-11-19 06:00:00+00:00,788.58,827.12,30.63,28.22,5.15,TNP_0007,4,2016
2016-11-19 07:00:00+00:00,759.7,801.83,31.32,26.01,5.25,TNP_0007,4,2016
2016-11-19 08:00:00+00:00,516.3,699.42,31.3,25.86,5.24,TNP_0007,4,2016
2016-11-19 09:00:00+00:00,406.1,532.72,30.93,27.21,4.82,TNP_0007,4,2016
2016-11-19 10:00:00+00:00,268.48,331.27,30.21,29.79,4.18,TNP_0007,4,2016
2016-11-19 11:00:00+00:00,98.38,116.75,28.81,36.91,2.89,TNP_0007,4,2016
2016-11-19 12:00:00+00:00,5.53,5.65,25.3,60.07,1.76,TNP_0007,4,2016
2016-11-19 13:00:00+00:00,0.0,0.0,24.44,61.81,1.44,TNP_0007,4,2016
2016-11-19 14:00:00+00:00,0.0,0.0,24.36,60.78,1.0,TNP_0007,4,2016
2016-11-19 15:00:00+00:00,0.0,0.0,23.89,62.4,0.82,TNP_0007,4,2016
2016-11-19 16:00:00+00:00,0.0,0.0,23.24,66.75,1.0,TNP_0007,4,2016
2016-11-19 17:00:00+00:00,0.0,0.0,22.29,73.55,1.31,TNP_0007,4,2016
2016-11-19 18:00:00+00:00,0.0,0.0,21.49,78.14,1.6,TNP_0007,4,2016
2016-11-19 19:00:00+00:00,0.0,0.0,20.99,80.55,1.73,TNP_0007,4,2016
2016-11-19 20:00:00+00:00,0.0,0.0,20.52,83.26,1.73,TNP_0007,4,2016
2016-11-19 21:00:00+00:00,0.0,0.0,20.09,85.54,1.71,TNP_0007,4,2016
2016-11-19 22:00:00+00:00,0.0,0.0,19.8,87.43,1.63,TNP_0007,4,2016
2016-11-19 23:00:00+00:00,0.0,0.0,19.46,89.46,1.62,TNP_0007,4,2016
2016-11-20 00:00:00+00:00,0.0,0.0,19.06,91.64,1.63,TNP_0007,4,2016
2016-11-20 01:00:00+00:00,44.35,51.03,19.48,90.46,1.75,TNP_0007,4,2016
2016-11-20 02:00:00+00:00,169.45,211.75,21.44,79.8,2.92,TNP_0007,4,2016
2016-11-20 03:00:00+00:00,338.5,432.05,23.78,66.91,3.32,TNP_0007,4,2016
2016-11-20 04:00:00+00:00,495.52,608.3,26.4,54.21,3.5,TNP_0007,4,2016
2016-11-20 05:00:00+00:00,634.7,722.5,28.7,44.52,3.64,TNP_0007,4,2016
2016-11-20 06:00:00+00:00,715.85,814.47,30.41,37.84,3.68,TNP_0007,4,2016
2016-11-20 07:00:00+00:00,693.62,782.5,31.67,33.22,3.66,TNP_0007,4,2016
2016-11-20 08:00:00+00:00,531.35,677.15,32.23,30.52,3.59,TNP_0007,4,2016
2016-11-20 09:00:00+00:00,485.55,518.6,31.96,29.57,3.35,TNP_0007,4,2016
2016-11-20 10:00:00+00:00,290.52,312.42,31.41,29.52,3.13,TNP_0007,4,2016
2016-11-20 11:00:00+00:00,102.38,110.57,29.8,35.17,2.32,TNP_0007,4,2016
2016-11-20 12:00:00+00:00,5.9,5.7,25.86,57.78,1.77,TNP_0007,4,2016
2016-11-20 13:00:00+00:00,0.0,0.0,24.42,61.36,1.72,TNP_0007,4,2016
2016-11-20 14:00:00+00:00,0.0,0.0,24.15,61.68,1.39,TNP_0007,4,2016
2016-11-20 15:00:00+00:00,0.0,0.0,23.66,63.57,1.17,TNP_0007,4,2016
2016-11-20 16:00:00+00:00,0.0,0.0,22.81,67.98,1.19,TNP_0007,4,2016
2016-11-20 17:00:00+00:00,0.0,0.0,21.88,73.3,1.35,TNP_0007,4,2016
2016-11-20 18:00:00+00:00,0.0,0.0,21.19,77.33,1.55,TNP_0007,4,2016
2016-11-20 19:00:00+00:00,0.0,0.0,20.77,79.24,1.65,TNP_0007,4,2016
2016-11-20 20:00:00+00:00,0.0,0.0,20.43,80.62,1.6,TNP_0007,4,2016
2016-11-20 21:00:00+00:00,0.0,0.0,20.08,81.58,1.59,TNP_0007,4,2016
2016-11-20 22:00:00+00:00,0.0,0.0,19.7,82.61,1.6,TNP_0007,4,2016
2016-11-20 23:00:00+00:00,0.0,0.0,19.24,83.83,1.69,TNP_0007,4,2016
2016-11-21 00:00:00+00:00,0.0,0.0,18.75,85.59,1.83,TNP_0007,4,2016
2016-11-21 01:00:00+00:00,60.0,61.78,19.2,84.63,1.87,TNP_0007,4,2016
2016-11-21 02:00:00+00:00,247.98,251.38,21.61,73.4,3.13,TNP_0007,4,2016
2016-11-21 03:00:00+00:00,443.9,448.15,24.01,62.64,4.06,TNP_0007,4,2016
2016-11-21 04:00:00+00:00,613.97,619.28,26.66,49.49,4.52,TNP_0007,4,2016
2016-11-21 05:00:00+00:00,726.05,731.35,29.02,39.18,4.77,TNP_0007,4,2016
2016-11-21 06:00:00+00:00,790.83,843.92,30.79,33.17,4.87,TNP_0007,4,2016
2016-11-21 07:00:00+00:00,631.42,797.9,31.93,30.7,4.95,TNP_0007,4,2016
2016-11-21 08:00:00+00:00,563.6,677.33,32.31,30.58,5.06,TNP_0007,4,2016
2016-11-21 09:00:00+00:00,457.92,516.88,31.84,32.24,5.06,TNP_0007,4,2016
2016-11-21 10:00:00+00:00,295.38,325.15,30.51,35.74,4.9,TNP_0007,4,2016
2016-11-21 11:00:00+00:00,105.75,120.62,28.68,41.99,4.2,TNP_0007,4,2016
2016-11-21 12:00:00+00:00,6.22,6.15,25.56,58.68,2.5,TNP_0007,4,2016
2016-11-21 13:00:00+00:00,0.0,0.0,23.91,68.06,2.28,TNP_0007,4,2016
2016-11-21 14:00:00+00:00,0.0,0.0,23.2,72.63,2.14,TNP_0007,4,2016
2016-11-21 15:00:00+00:00,0.0,0.0,22.59,76.07,1.95,TNP_0007,4,2016
2016-11-21 16:00:00+00:00,0.0,0.0,22.12,78.16,1.76,TNP_0007,4,2016
2016-11-21 17:00:00+00:00,0.0,0.0,21.69,79.86,1.62,TNP_0007,4,2016
2016-11-21 18:00:00+00:00,0.0,0.0,21.27,81.89,1.54,TNP_0007,4,2016
2016-11-21 19:00:00+00:00,0.0,0.0,20.82,84.08,1.53,TNP_0007,4,2016
2016-11-21 20:00:00+00:00,0.0,0.0,20.48,86.06,1.54,TNP_0007,4,2016
2016-11-21 21:00:00+00:00,0.0,0.0,20.16,87.69,1.52,TNP_0007,4,2016
2016-11-21 22:00:00+00:00,0.0,0.0,19.86,88.88,1.57,TNP_0007,4,2016
2016-11-21 23:00:00+00:00,0.0,0.0,19.57,90.34,1.63,TNP_0007,4,2016
2016-11-22 00:00:00+00:00,0.0,0.0,19.28,92.04,1.68,TNP_0007,4,2016
2016-11-22 01:00:00+00:00,65.65,68.53,19.74,90.37,2.03,TNP_0007,4,2016
2016-11-22 02:00:00+00:00,256.9,270.45,21.5,80.55,3.34,TNP_0007,4,2016
2016-11-22 03:00:00+00:00,475.3,488.77,23.66,68.07,3.88,TNP_0007,4,2016
2016-11-22 04:00:00+00:00,658.72,668.95,26.17,54.66,4.2,TNP_0007,4,2016
2016-11-22 05:00:00+00:00,767.75,784.67,28.48,44.42,4.28,TNP_0007,4,2016
2016-11-22 06:00:00+00:00,874.17,881.2,30.38,37.23,4.11,TNP_0007,4,2016
2016-11-22 07:00:00+00:00,823.75,840.47,31.63,32.62,3.8,TNP_0007,4,2016
2016-11-22 08:00:00+00:00,715.88,732.8,32.27,29.62,3.51,TNP_0007,4,2016
2016-11-22 09:00:00+00:00,555.0,560.8,32.25,28.03,3.26,TNP_0007,4,2016
2016-11-22 10:00:00+00:00,341.12,349.2,31.6,27.91,3.09,TNP_0007,4,2016
2016-11-22 11:00:00+00:00,127.18,133.52,29.93,32.43,2.48,TNP_0007,4,2016
2016-11-22 12:00:00+00:00,6.38,6.7,25.58,54.93,1.93,TNP_0007,4,2016
2016-11-22 13:00:00+00:00,0.0,0.0,23.55,60.1,1.92,TNP_0007,4,2016
2016-11-22 14:00:00+00:00,0.0,0.0,22.86,60.89,1.74,TNP_0007,4,2016
2016-11-22 15:00:00+00:00,0.0,0.0,22.56,59.88,1.51,TNP_0007,4,2016
2016-11-22 16:00:00+00:00,0.0,0.0,22.13,59.72,1.36,TNP_0007,4,2016
2016-11-22 17:00:00+00:00,0.0,0.0,21.24,62.45,1.45,TNP_0007,4,2016
2016-11-22 18:00:00+00:00,0.0,0.0,19.81,68.77,1.89,TNP_0007,4,2016
2016-11-22 19:00:00+00:00,0.0,0.0,18.6,74.76,2.31,TNP_0007,4,2016
2016-11-22 20:00:00+00:00,0.0,0.0,18.0,78.55,2.37,TNP_0007,4,2016
2016-11-22 21:00:00+00:00,0.0,0.0,18.05,81.56,2.11,TNP_0007,4,2016
2016-11-22 22:00:00+00:00,0.0,0.0,17.98,85.3,1.99,TNP_0007,4,2016
2016-11-22 23:00:00+00:00,0.0,0.0,18.0,88.94,1.9,TNP_0007,4,2016
2016-11-23 00:00:00+00:00,0.0,0.0,17.86,92.44,1.9,TNP_0007,4,2016
2016-11-23 01:00:00+00:00,59.53,69.38,18.24,92.82,2.25,TNP_0007,4,2016
2016-11-23 02:00:00+00:00,243.68,276.0,20.37,80.72,3.27,TNP_0007,4,2016
2016-11-23 03:00:00+00:00,458.6,493.08,23.43,61.91,4.28,TNP_0007,4,2016
2016-11-23 04:00:00+00:00,643.53,670.62,26.29,47.68,4.75,TNP_0007,4,2016
2016-11-23 05:00:00+00:00,755.72,789.3,28.57,38.59,4.89,TNP_0007,4,2016
2016-11-23 06:00:00+00:00,850.75,859.47,30.37,32.11,4.85,TNP_0007,4,2016
2016-11-23 07:00:00+00:00,814.97,826.5,31.64,27.56,4.7,TNP_0007,4,2016
2016-11-23 08:00:00+00:00,707.08,724.92,32.35,24.8,4.47,TNP_0007,4,2016
2016-11-23 09:00:00+00:00,537.53,558.12,32.4,23.54,4.08,TNP_0007,4,2016
2016-11-23 10:00:00+00:00,313.6,340.62,31.77,23.79,3.56,TNP_0007,4,2016
2016-11-23 11:00:00+00:00,112.12,116.62,29.95,31.11,2.32,TNP_0007,4,2016
2016-11-23 12:00:00+00:00,5.75,5.93,25.71,52.76,1.77,TNP_0007,4,2016
2016-11-23 13:00:00+00:00,0.0,0.0,24.42,52.84,1.63,TNP_0007,4,2016
2016-11-23 14:00:00+00:00,0.0,0.0,23.75,55.11,1.36,TNP_0007,4,2016
2016-11-23 15:00:00+00:00,0.0,0.0,22.84,59.25,1.17,TNP_0007,4,2016
2016-11-23 16:00:00+00:00,0.0,0.0,21.84,63.79,1.25,TNP_0007,4,2016
2016-11-23 17:00:00+00:00,0.0,0.0,20.34,71.65,1.71,TNP_0007,4,2016
2016-11-23 18:00:00+00:00,0.0,0.0,19.15,77.27,2.12,TNP_0007,4,2016
2016-11-23 19:00:00+00:00,0.0,0.0,18.41,80.41,2.19,TNP_0007,4,2016
2016-11-23 20:00:00+00:00,0.0,0.0,17.79,83.27,2.25,TNP_0007,4,2016
2016-11-23 21:00:00+00:00,0.0,0.0,17.51,87.06,2.19,TNP_0007,4,2016
2016-11-23 22:00:00+00:00,0.0,0.0,17.06,91.44,2.14,TNP_0007,4,2016
2016-11-23 23:00:00+00:00,0.0,0.0,16.68,94.34,2.08,TNP_0007,4,2016
2016-11-24 00:00:00+00:00,0.0,0.0,16.31,96.48,2.08,TNP_0007,4,2016
2016-11-24 01:00:00+00:00,58.55,60.42,16.83,94.34,2.09,TNP_0007,4,2016
2016-11-24 02:00:00+00:00,251.07,256.92,19.2,82.56,3.05,TNP_0007,4,2016
2016-11-24 03:00:00+00:00,459.65,471.17,21.97,65.62,3.8,TNP_0007,4,2016
2016-11-24 04:00:00+00:00,640.12,659.2,25.18,48.46,4.16,TNP_0007,4,2016
2016-11-24 05:00:00+00:00,763.42,788.05,27.9,37.67,4.29,TNP_0007,4,2016
2016-11-24 06:00:00+00:00,792.75,842.9,29.91,30.84,4.27,TNP_0007,4,2016
2016-11-24 07:00:00+00:00,809.4,820.58,31.22,26.39,4.18,TNP_0007,4,2016
2016-11-24 08:00:00+00:00,710.5,723.7,31.93,23.43,4.06,TNP_0007,4,2016
2016-11-24 09:00:00+00:00,546.08,560.85,31.98,21.79,3.75,TNP_0007,4,2016
2016-11-24 10:00:00+00:00,334.52,350.02,31.39,21.48,3.37,TNP_0007,4,2016
2016-11-24 11:00:00+00:00,126.6,131.23,29.37,30.68,2.12,TNP_0007,4,2016
2016-11-24 12:00:00+00:00,6.53,6.47,25.02,50.08,1.9,TNP_0007,4,2016
2016-11-24 13:00:00+00:00,0.0,0.0,23.4,50.43,1.95,TNP_0007,4,2016
2016-11-24 14:00:00+00:00,0.0,0.0,22.53,52.39,1.86,TNP_0007,4,2016
2016-11-24 15:00:00+00:00,0.0,0.0,21.58,55.67,1.75,TNP_0007,4,2016
2016-11-24 16:00:00+00:00,0.0,0.0,20.39,60.67,1.82,TNP_0007,4,2016
2016-11-24 17:00:00+00:00,0.0,0.0,19.11,66.58,2.09,TNP_0007,4,2016
2016-11-24 18:00:00+00:00,0.0,0.0,18.19,70.79,2.27,TNP_0007,4,2016
2016-11-24 19:00:00+00:00,0.0,0.0,17.66,73.24,2.17,TNP_0007,4,2016
2016-11-24 20:00:00+00:00,0.0,0.0,17.13,75.84,2.09,TNP_0007,4,2016
2016-11-24 21:00:00+00:00,0.0,0.0,16.68,78.25,2.01,TNP_0007,4,2016
2016-11-24 22:00:00+00:00,0.0,0.0,16.45,82.3,1.97,TNP_0007,4,2016
2016-11-24 23:00:00+00:00,0.0,0.0,16.12,87.54,1.99,TNP_0007,4,2016
2016-11-25 00:00:00+00:00,0.0,0.0,15.78,92.05,1.88,TNP_0007,4,2016
2016-11-25 01:00:00+00:00,61.65,62.88,16.4,91.21,1.67,TNP_0007,4,2016
2016-11-25 02:00:00+00:00,253.68,263.27,19.64,76.17,2.69,TNP_0007,4,2016
2016-11-25 03:00:00+00:00,473.1,482.85,22.87,60.5,3.48,TNP_0007,4,2016
2016-11-25 04:00:00+00:00,663.33,668.08,25.92,46.19,3.74,TNP_0007,4,2016
2016-11-25 05:00:00+00:00,793.97,794.83,28.42,35.92,3.89,TNP_0007,4,2016
2016-11-25 06:00:00+00:00,861.25,866.6,30.38,28.59,3.93,TNP_0007,4,2016
2016-11-25 07:00:00+00:00,834.75,837.28,31.75,23.61,3.85,TNP_0007,4,2016
2016-11-25 08:00:00+00:00,730.72,733.92,32.46,20.49,3.74,TNP_0007,4,2016
2016-11-25 09:00:00+00:00,560.8,565.35,32.52,18.89,3.45,TNP_0007,4,2016
2016-11-25 10:00:00+00:00,346.12,351.67,31.83,18.84,3.15,TNP_0007,4,2016
2016-11-25 11:00:00+00:00,130.7,131.57,29.67,28.53,2.05,TNP_0007,4,2016
2016-11-25 12:00:00+00:00,6.55,6.55,25.17,48.04,1.89,TNP_0007,4,2016
2016-11-25 13:00:00+00:00,0.0,0.0,23.69,48.16,1.82,TNP_0007,4,2016
2016-11-25 14:00:00+00:00,0.0,0.0,23.09,49.61,1.6,TNP_0007,4,2016
2016-11-25 15:00:00+00:00,0.0,0.0,22.37,52.76,1.31,TNP_0007,4,2016
2016-11-25 16:00:00+00:00,0.0,0.0,21.7,56.26,1.01,TNP_0007,4,2016
2016-11-25 17:00:00+00:00,0.0,0.0,21.41,58.08,0.82,TNP_0007,4,2016
2016-11-25 18:00:00+00:00,0.0,0.0,20.36,63.46,0.93,TNP_0007,4,2016
2016-11-25 19:00:00+00:00,0.0,0.0,19.44,68.36,1.22,TNP_0007,4,2016
2016-11-25 20:00:00+00:00,0.0,0.0,18.55,73.01,1.5,TNP_0007,4,2016
2016-11-25 21:00:00+00:00,0.0,0.0,17.92,76.44,1.58,TNP_0007,4,2016
2016-11-25 22:00:00+00:00,0.0,0.0,17.44,79.18,1.5,TNP_0007,4,2016
2016-11-25 23:00:00+00:00,0.0,0.0,17.1,81.32,1.38,TNP_0007,4,2016
2016-11-26 00:00:00+00:00,0.0,0.0,16.82,83.23,1.25,TNP_0007,4,2016
2016-11-26 01:00:00+00:00,56.8,61.5,17.26,84.7,1.07,TNP_0007,4,2016
2016-11-26 02:00:00+00:00,224.12,260.67,20.18,74.58,1.3,TNP_0007,4,2016
2016-11-26 03:00:00+00:00,432.2,478.42,23.5,62.76,1.29,TNP_0007,4,2016
2016-11-26 04:00:00+00:00,629.4,662.25,26.82,48.67,1.56,TNP_0007,4,2016
2016-11-26 05:00:00+00:00,735.35,787.6,29.14,39.57,1.94,TNP_0007,4,2016
2016-11-26 06:00:00+00:00,797.78,810.1,30.85,32.94,2.21,TNP_0007,4,2016
2016-11-26 07:00:00+00:00,761.95,783.25,32.02,29.11,2.33,TNP_0007,4,2016
2016-11-26 08:00:00+00:00,657.9,683.22,32.62,26.97,2.38,TNP_0007,4,2016
2016-11-26 09:00:00+00:00,494.75,521.65,32.64,26.13,2.28,TNP_0007,4,2016
2016-11-26 10:00:00+00:00,316.92,324.08,31.98,26.7,2.12,TNP_0007,4,2016
2016-11-26 11:00:00+00:00,113.38,116.28,30.27,32.95,1.53,TNP_0007,4,2016
2016-11-26 12:00:00+00:00,6.3,6.12,27.04,48.45,1.17,TNP_0007,4,2016
2016-11-26 13:00:00+00:00,0.0,0.0,25.69,48.36,1.07,TNP_0007,4,2016
2016-11-26 14:00:00+00:00,0.0,0.0,24.84,52.46,0.95,TNP_0007,4,2016
2016-11-26 15:00:00+00:00,0.0,0.0,23.87,55.64,0.91,TNP_0007,4,2016
2016-11-26 16:00:00+00:00,0.0,0.0,22.32,62.13,1.06,TNP_0007,4,2016
2016-11-26 17:00:00+00:00,0.0,0.0,21.0,67.22,1.38,TNP_0007,4,2016
2016-11-26 18:00:00+00:00,0.0,0.0,20.13,69.75,1.45,TNP_0007,4,2016
2016-11-26 19:00:00+00:00,0.0,0.0,19.57,70.58,1.28,TNP_0007,4,2016
2016-11-26 20:00:00+00:00,0.0,0.0,19.24,69.9,1.15,TNP_0007,4,2016
2016-11-26 21:00:00+00:00,0.0,0.0,18.9,69.29,1.17,TNP_0007,4,2016
2016-11-26 22:00:00+00:00,0.0,0.0,18.29,71.92,1.27,TNP_0007,4,2016
2016-11-26 23:00:00+00:00,0.0,0.0,17.48,77.01,1.4,TNP_0007,4,2016
2016-11-27 00:00:00+00:00,0.0,0.0,17.14,79.89,1.55,TNP_0007,4,2016
2016-11-27 01:00:00+00:00,56.35,57.65,17.24,82.45,1.54,TNP_0007,4,2016
2016-11-27 02:00:00+00:00,246.07,253.4,20.04,69.31,2.07,TNP_0007,4,2016
2016-11-27 03:00:00+00:00,465.52,473.75,23.37,58.36,2.11,TNP_0007,4,2016
2016-11-27 04:00:00+00:00,655.0,661.42,26.94,42.41,2.48,TNP_0007,4,2016
2016-11-27 05:00:00+00:00,783.58,791.05,29.85,31.11,2.77,TNP_0007,4,2016
2016-11-27 06:00:00+00:00,821.95,850.53,31.96,24.2,2.74,TNP_0007,4,2016
2016-11-27 07:00:00+00:00,800.58,827.88,33.38,20.19,2.61,TNP_0007,4,2016
2016-11-27 08:00:00+00:00,671.53,728.88,34.1,18.07,2.5,TNP_0007,4,2016
2016-11-27 09:00:00+00:00,554.83,563.92,33.85,17.42,2.5,TNP_0007,4,2016
2016-11-27 10:00:00+00:00,338.0,350.75,32.47,19.87,2.37,TNP_0007,4,2016
2016-11-27 11:00:00+00:00,128.4,131.68,29.37,37.36,1.71,TNP_0007,4,2016
2016-11-27 12:00:00+00:00,7.12,6.75,25.88,49.1,2.02,TNP_0007,4,2016
2016-11-27 13:00:00+00:00,0.0,0.0,24.4,52.26,2.04,TNP_0007,4,2016
2016-11-27 14:00:00+00:00,0.0,0.0,23.42,55.66,1.85,TNP_0007,4,2016
2016-11-27 15:00:00+00:00,0.0,0.0,22.89,57.52,1.48,TNP_0007,4,2016
2016-11-27 16:00:00+00:00,0.0,0.0,22.47,58.14,0.91,TNP_0007,4,2016
2016-11-27 17:00:00+00:00,0.0,0.0,22.51,55.72,0.4,TNP_0007,4,2016
2016-11-27 18:00:00+00:00,0.0,0.0,21.73,56.49,0.69,TNP_0007,4,2016
2016-11-27 19:00:00+00:00,0.0,0.0,20.64,59.74,1.01,TNP_0007,4,2016
2016-11-27 20:00:00+00:00,0.0,0.0,19.69,61.4,1.16,TNP_0007,4,2016
2016-11-27 21:00:00+00:00,0.0,0.0,19.08,61.83,1.27,TNP_0007,4,2016
2016-11-27 22:00:00+00:00,0.0,0.0,18.46,62.21,1.34,TNP_0007,4,2016
2016-11-27 23:00:00+00:00,0.0,0.0,17.62,64.79,1.38,TNP_0007,4,2016
2016-11-28 00:00:00+00:00,0.0,0.0,17.16,65.74,1.4,TNP_0007,4,2016
2016-11-28 01:00:00+00:00,53.6,59.6,17.17,69.31,1.4,TNP_0007,4,2016
2016-11-28 02:00:00+00:00,212.07,260.7,20.34,56.2,1.69,TNP_0007,4,2016
2016-11-28 03:00:00+00:00,397.77,481.42,24.13,43.68,2.01,TNP_0007,4,2016
2016-11-28 04:00:00+00:00,558.45,668.22,27.64,33.1,2.49,TNP_0007,4,2016
2016-11-28 05:00:00+00:00,659.3,795.12,30.03,26.48,2.84,TNP_0007,4,2016
2016-11-28 06:00:00+00:00,795.3,852.83,31.87,21.7,3.11,TNP_0007,4,2016
2016-11-28 07:00:00+00:00,787.05,824.97,33.04,18.93,3.29,TNP_0007,4,2016
2016-11-28 08:00:00+00:00,655.03,723.33,33.59,17.52,3.34,TNP_0007,4,2016
2016-11-28 09:00:00+00:00,490.35,558.58,33.5,17.13,3.13,TNP_0007,4,2016
2016-11-28 10:00:00+00:00,293.9,347.75,32.75,17.68,2.85,TNP_0007,4,2016
2016-11-28 11:00:00+00:00,121.5,131.75,30.35,28.36,1.69,TNP_0007,4,2016
2016-11-28 12:00:00+00:00,7.55,7.0,26.41,45.63,1.63,TNP_0007,4,2016
2016-11-28 13:00:00+00:00,0.0,0.0,25.22,46.53,1.61,TNP_0007,4,2016
2016-11-28 14:00:00+00:00,0.0,0.0,24.12,52.27,1.69,TNP_0007,4,2016
2016-11-28 15:00:00+00:00,0.0,0.0,22.9,59.44,1.76,TNP_0007,4,2016
2016-11-28 16:00:00+00:00,0.0,0.0,21.84,66.02,1.75,TNP_0007,4,2016
2016-11-28 17:00:00+00:00,0.0,0.0,21.05,70.44,1.63,TNP_0007,4,2016
2016-11-28 18:00:00+00:00,0.0,0.0,20.44,74.61,1.4,TNP_0007,4,2016
2016-11-28 19:00:00+00:00,0.0,0.0,20.18,77.25,1.19,TNP_0007,4,2016
2016-11-28 20:00:00+00:00,0.0,0.0,19.67,80.14,1.11,TNP_0007,4,2016
2016-11-28 21:00:00+00:00,0.0,0.0,19.26,81.23,1.12,TNP_0007,4,2016
2016-11-28 22:00:00+00:00,0.0,0.0,18.98,80.96,1.15,TNP_0007,4,2016
2016-11-28 23:00:00+00:00,0.0,0.0,18.44,81.65,1.21,TNP_0007,4,2016
2016-11-29 00:00:00+00:00,0.0,0.0,18.08,81.75,1.26,TNP_0007,4,2016
2016-11-29 01:00:00+00:00,53.03,56.5,18.13,81.93,1.19,TNP_0007,4,2016
2016-11-29 02:00:00+00:00,204.32,249.32,20.18,68.52,1.25,TNP_0007,4,2016
2016-11-29 03:00:00+00:00,388.23,466.12,22.62,57.17,1.05,TNP_0007,4,2016
2016-11-29 04:00:00+00:00,460.23,649.85,25.69,47.19,1.05,TNP_0007,4,2016
2016-11-29 05:00:00+00:00,491.38,777.15,28.56,36.71,1.23,TNP_0007,4,2016
2016-11-29 06:00:00+00:00,468.27,824.72,30.89,28.91,1.44,TNP_0007,4,2016
2016-11-29 07:00:00+00:00,412.4,796.15,32.37,23.95,1.62,TNP_0007,4,2016
2016-11-29 08:00:00+00:00,390.85,696.62,33.11,21.09,1.81,TNP_0007,4,2016
2016-11-29 09:00:00+00:00,393.5,528.4,32.79,20.24,1.96,TNP_0007,4,2016
2016-11-29 10:00:00+00:00,262.8,328.38,31.72,22.02,1.94,TNP_0007,4,2016
2016-11-29 11:00:00+00:00,95.9,118.28,29.3,37.92,1.3,TNP_0007,4,2016
2016-11-29 12:00:00+00:00,6.0,6.62,26.03,49.43,1.64,TNP_0007,4,2016
2016-11-29 13:00:00+00:00,0.0,0.0,24.51,53.19,1.76,TNP_0007,4,2016
2016-11-29 14:00:00+00:00,0.0,0.0,23.45,59.1,1.74,TNP_0007,4,2016
2016-11-29 15:00:00+00:00,0.0,0.0,22.63,64.19,1.6,TNP_0007,4,2016
2016-11-29 16:00:00+00:00,0.0,0.0,22.12,67.7,1.26,TNP_0007,4,2016
2016-11-29 17:00:00+00:00,0.0,0.0,21.74,69.27,0.79,TNP_0007,4,2016
2016-11-29 18:00:00+00:00,0.0,0.0,21.48,69.11,0.56,TNP_0007,4,2016
2016-11-29 19:00:00+00:00,0.0,0.0,20.6,72.23,1.04,TNP_0007,4,2016
2016-11-29 20:00:00+00:00,0.0,0.0,19.85,74.05,1.31,TNP_0007,4,2016
2016-11-29 21:00:00+00:00,0.0,0.0,19.38,74.29,1.38,TNP_0007,4,2016
2016-11-29 22:00:00+00:00,0.0,0.0,18.99,74.06,1.37,TNP_0007,4,2016
2016-11-29 23:00:00+00:00,0.0,0.0,18.56,74.41,1.39,TNP_0007,4,2016
2016-11-30 00:00:00+00:00,0.0,0.0,18.15,75.11,1.44,TNP_0007,4,2016
2016-11-30 01:00:00+00:00,29.83,52.33,18.08,76.69,1.44,TNP_0007,4,2016
2016-11-30 02:00:00+00:00,114.95,240.85,20.28,63.87,1.86,TNP_0007,4,2016
2016-11-30 03:00:00+00:00,236.73,457.12,22.97,54.81,1.63,TNP_0007,4,2016
2016-11-30 04:00:00+00:00,406.48,645.5,26.25,41.75,1.56,TNP_0007,4,2016
2016-11-30 05:00:00+00:00,564.25,775.78,28.71,32.66,2.11,TNP_0007,4,2016
2016-11-30 06:00:00+00:00,739.67,833.7,29.88,27.97,2.49,TNP_0007,4,2016
2016-11-30 07:00:00+00:00,715.5,807.58,30.34,25.53,2.76,TNP_0007,4,2016
2016-11-30 08:00:00+00:00,583.83,707.88,30.38,24.4,2.98,TNP_0007,4,2016
2016-11-30 09:00:00+00:00,429.25,543.08,30.03,24.42,3.05,TNP_0007,4,2016
2016-11-30 10:00:00+00:00,254.43,337.9,29.31,26.11,2.76,TNP_0007,4,2016
2016-11-30 11:00:00+00:00,96.47,125.25,27.1,44.02,1.52,TNP_0007,4,2016
2016-11-30 12:00:00+00:00,5.1,6.93,24.41,53.15,1.74,TNP_0007,4,2016
2016-11-30 13:00:00+00:00,0.0,0.0,23.18,54.89,1.87,TNP_0007,4,2016
2016-11-30 14:00:00+00:00,0.0,0.0,22.38,57.61,1.94,TNP_0007,4,2016
2016-11-30 15:00:00+00:00,0.0,0.0,21.74,59.53,1.91,TNP_0007,4,2016
2016-11-30 16:00:00+00:00,0.0,0.0,21.3,60.25,1.74,TNP_0007,4,2016
2016-11-30 17:00:00+00:00,0.0,0.0,20.92,61.1,1.44,TNP_0007,4,2016
2016-11-30 18:00:00+00:00,0.0,0.0,21.02,58.09,1.06,TNP_0007,4,2016
2016-11-30 19:00:00+00:00,0.0,0.0,20.91,57.4,0.52,TNP_0007,4,2016
2016-11-30 20:00:00+00:00,0.0,0.0,20.38,58.82,0.18,TNP_0007,4,2016
2016-11-30 21:00:00+00:00,0.0,0.0,19.98,59.94,0.43,TNP_0007,4,2016
2016-11-30 22:00:00+00:00,0.0,0.0,19.71,59.17,0.72,TNP_0007,4,2016
2016-11-30 23:00:00+00:00,0.0,0.0,19.26,61.21,0.96,TNP_0007,4,2016
2016-12-01 00:00:00+00:00,0.0,0.0,18.86,62.73,1.13,TNP_0007,4,2016
2016-12-01 01:00:00+00:00,44.1,57.08,19.0,65.67,1.16,TNP_0007,4,2016
2016-12-01 02:00:00+00:00,183.88,262.1,21.79,52.48,1.58,TNP_0007,4,2016
2016-12-01 03:00:00+00:00,347.52,482.7,25.37,41.14,2.11,TNP_0007,4,2016
2016-12-01 04:00:00+00:00,362.12,667.22,28.09,31.78,2.57,TNP_0007,4,2016
2016-12-01 05:00:00+00:00,445.1,792.12,29.35,25.63,2.4,TNP_0007,4,2016
2016-12-01 06:00:00+00:00,299.55,846.2,29.86,22.59,2.22,TNP_0007,4,2016
2016-12-01 07:00:00+00:00,178.02,822.8,30.27,22.28,2.09,TNP_0007,4,2016
2016-12-01 08:00:00+00:00,212.98,726.33,30.54,23.5,1.67,TNP_0007,4,2016
2016-12-01 09:00:00+00:00,169.9,564.7,30.6,25.23,1.24,TNP_0007,4,2016
2016-12-01 10:00:00+00:00,153.07,355.02,29.99,28.26,1.27,TNP_0007,4,2016
2016-12-01 11:00:00+00:00,64.38,134.55,28.52,37.51,0.93,TNP_0007,4,2016
2016-12-01 12:00:00+00:00,4.43,7.03,26.53,52.54,0.82,TNP_0007,4,2016
2016-12-01 13:00:00+00:00,0.0,0.0,25.69,53.27,0.67,TNP_0007,4,2016
2016-12-01 14:00:00+00:00,0.0,0.0,24.78,57.65,0.59,TNP_0007,4,2016
2016-12-01 15:00:00+00:00,0.0,0.0,23.78,63.92,0.96,TNP_0007,4,2016
2016-12-01 16:00:00+00:00,0.0,0.0,22.62,74.28,1.46,TNP_0007,4,2016
2016-12-01 17:00:00+00:00,0.0,0.0,21.76,79.04,1.71,TNP_0007,4,2016
2016-12-01 18:00:00+00:00,0.0,0.0,21.19,82.2,1.92,TNP_0007,4,2016
2016-12-01 19:00:00+00:00,0.0,0.0,20.63,84.66,1.93,TNP_0007,4,2016
2016-12-01 20:00:00+00:00,0.0,0.0,20.12,87.38,1.78,TNP_0007,4,2016
2016-12-01 21:00:00+00:00,0.0,0.0,19.57,90.32,1.76,TNP_0007,4,2016
2016-12-01 22:00:00+00:00,0.0,0.0,19.11,92.47,1.8,TNP_0007,4,2016
2016-12-01 23:00:00+00:00,0.0,0.0,18.77,93.38,1.76,TNP_0007,4,2016
2016-12-02 00:00:00+00:00,0.0,0.0,18.55,93.34,1.77,TNP_0007,4,2016
2016-12-02 01:00:00+00:00,39.55,52.53,18.91,92.72,1.92,TNP_0007,4,2016
2016-12-02 02:00:00+00:00,142.85,245.05,21.03,84.95,2.74,TNP_0007,4,2016
2016-12-02 03:00:00+00:00,297.33,459.9,23.46,75.24,3.74,TNP_0007,4,2016
2016-12-02 04:00:00+00:00,473.1,638.2,25.95,64.43,4.53,TNP_0007,4,2016
2016-12-02 05:00:00+00:00,545.28,760.05,27.82,56.87,4.56,TNP_0007,4,2016
2016-12-02 06:00:00+00:00,666.35,825.95,29.09,52.54,4.48,TNP_0007,4,2016
2016-12-02 07:00:00+00:00,501.85,797.58,29.7,50.72,4.38,TNP_0007,4,2016
2016-12-02 08:00:00+00:00,311.45,699.15,29.74,51.01,4.19,TNP_0007,4,2016
2016-12-02 09:00:00+00:00,211.8,540.45,29.07,53.91,3.99,TNP_0007,4,2016
2016-12-02 10:00:00+00:00,149.4,336.88,27.81,59.65,3.78,TNP_0007,4,2016
2016-12-02 11:00:00+00:00,59.03,126.82,26.08,69.94,2.95,TNP_0007,4,2016
2016-12-02 12:00:00+00:00,3.72,6.93,24.25,83.7,1.59,TNP_0007,4,2016
2016-12-02 13:00:00+00:00,0.0,0.0,23.3,90.13,1.37,TNP_0007,4,2016
2016-12-02 14:00:00+00:00,0.0,0.0,22.81,93.03,1.49,TNP_0007,4,2016
2016-12-02 15:00:00+00:00,0.0,0.0,22.49,94.8,1.7,TNP_0007,4,2016
2016-12-02 16:00:00+00:00,0.0,0.0,22.27,95.77,1.96,TNP_0007,4,2016
2016-12-02 17:00:00+00:00,0.0,0.0,22.01,96.55,2.17,TNP_0007,4,2016
2016-12-02 18:00:00+00:00,0.0,0.0,21.71,97.09,2.11,TNP_0007,4,2016
2016-12-02 19:00:00+00:00,0.0,0.0,21.38,97.03,2.45,TNP_0007,4,2016
2016-12-02 20:00:00+00:00,0.0,0.0,21.02,97.81,1.92,TNP_0007,4,2016
2016-12-02 21:00:00+00:00,0.0,0.0,20.58,98.11,1.69,TNP_0007,4,2016
2016-12-02 22:00:00+00:00,0.0,0.0,20.39,98.19,1.64,TNP_0007,4,2016
2016-12-02 23:00:00+00:00,0.0,0.0,20.25,98.26,1.58,TNP_0007,4,2016
2016-12-03 00:00:00+00:00,0.0,0.0,20.13,98.28,1.51,TNP_0007,4,2016
2016-12-03 01:00:00+00:00,32.88,43.42,20.61,97.46,1.65,TNP_0007,4,2016
2016-12-03 02:00:00+00:00,136.82,198.23,21.91,94.28,2.55,TNP_0007,4,2016
2016-12-03 03:00:00+00:00,290.73,387.02,23.25,88.28,3.22,TNP_0007,4,2016
2016-12-03 04:00:00+00:00,454.05,545.47,25.09,77.74,3.28,TNP_0007,4,2016
2016-12-03 05:00:00+00:00,534.42,680.7,27.33,65.67,3.17,TNP_0007,4,2016
2016-12-03 06:00:00+00:00,614.65,830.92,28.82,58.79,2.99,TNP_0007,4,2016
2016-12-03 07:00:00+00:00,557.33,802.38,29.25,57.16,2.62,TNP_0007,4,2016
2016-12-03 08:00:00+00:00,508.6,704.75,29.08,58.23,2.18,TNP_0007,4,2016
2016-12-03 09:00:00+00:00,399.95,536.58,28.44,61.28,1.61,TNP_0007,4,2016
2016-12-03 10:00:00+00:00,237.8,335.38,27.44,66.45,1.12,TNP_0007,4,2016
2016-12-03 11:00:00+00:00,95.3,133.25,26.03,75.35,0.61,TNP_0007,4,2016
2016-12-03 12:00:00+00:00,4.95,7.82,24.36,86.32,0.18,TNP_0007,4,2016
2016-12-03 13:00:00+00:00,0.0,0.0,23.45,91.16,0.11,TNP_0007,4,2016
2016-12-03 14:00:00+00:00,0.0,0.0,23.08,92.56,0.7,TNP_0007,4,2016
2016-12-03 15:00:00+00:00,0.0,0.0,22.73,94.38,1.61,TNP_0007,4,2016
2016-12-03 16:00:00+00:00,0.0,0.0,22.44,95.62,2.18,TNP_0007,4,2016
2016-12-03 17:00:00+00:00,0.0,0.0,22.14,96.46,2.49,TNP_0007,4,2016
2016-12-03 18:00:00+00:00,0.0,0.0,21.84,96.85,2.87,TNP_0007,4,2016
2016-12-03 19:00:00+00:00,0.0,0.0,21.49,97.04,3.09,TNP_0007,4,2016
2016-12-03 20:00:00+00:00,0.0,0.0,21.04,97.3,2.9,TNP_0007,4,2016
2016-12-03 21:00:00+00:00,0.0,0.0,20.53,97.83,2.18,TNP_0007,4,2016
2016-12-03 22:00:00+00:00,0.0,0.0,20.01,98.29,1.7,TNP_0007,4,2016
2016-12-03 23:00:00+00:00,0.0,0.0,19.51,98.66,1.58,TNP_0007,4,2016
2016-12-04 00:00:00+00:00,0.0,0.0,19.15,98.8,1.71,TNP_0007,4,2016
2016-12-04 01:00:00+00:00,46.58,54.22,19.61,97.8,2.1,TNP_0007,4,2016
2016-12-04 02:00:00+00:00,221.8,256.75,21.07,94.37,3.34,TNP_0007,4,2016
2016-12-04 03:00:00+00:00,411.25,475.33,22.73,87.34,4.18,TNP_0007,4,2016
2016-12-04 04:00:00+00:00,606.35,658.08,25.22,71.44,4.36,TNP_0007,4,2016
2016-12-04 05:00:00+00:00,696.72,784.47,27.73,57.2,4.23,TNP_0007,4,2016
2016-12-04 06:00:00+00:00,761.7,831.12,29.37,49.64,4.02,TNP_0007,4,2016
2016-12-04 07:00:00+00:00,736.9,808.5,30.43,44.78,3.8,TNP_0007,4,2016
2016-12-04 08:00:00+00:00,617.3,710.5,30.9,42.03,3.56,TNP_0007,4,2016
2016-12-04 09:00:00+00:00,493.4,545.75,30.79,41.01,3.21,TNP_0007,4,2016
2016-12-04 10:00:00+00:00,302.8,337.45,30.17,41.55,2.9,TNP_0007,4,2016
2016-12-04 11:00:00+00:00,121.65,129.73,28.73,46.74,2.37,TNP_0007,4,2016
2016-12-04 12:00:00+00:00,7.38,7.6,25.53,67.72,1.46,TNP_0007,4,2016
2016-12-04 13:00:00+00:00,0.0,0.0,24.19,72.93,1.38,TNP_0007,4,2016
2016-12-04 14:00:00+00:00,0.0,0.0,23.79,72.97,1.27,TNP_0007,4,2016
2016-12-04 15:00:00+00:00,0.0,0.0,23.12,74.9,1.38,TNP_0007,4,2016
2016-12-04 16:00:00+00:00,0.0,0.0,22.18,79.01,1.62,TNP_0007,4,2016
2016-12-04 17:00:00+00:00,0.0,0.0,21.32,82.88,1.79,TNP_0007,4,2016
2016-12-04 18:00:00+00:00,0.0,0.0,20.68,85.61,1.94,TNP_0007,4,2016
2016-12-04 19:00:00+00:00,0.0,0.0,20.03,88.81,2.01,TNP_0007,4,2016
2016-12-04 20:00:00+00:00,0.0,0.0,19.8,91.52,1.83,TNP_0007,4,2016
2016-12-04 21:00:00+00:00,0.0,0.0,19.51,94.71,1.72,TNP_0007,4,2016
2016-12-04 22:00:00+00:00,0.0,0.0,19.27,97.14,1.64,TNP_0007,4,2016
2016-12-04 23:00:00+00:00,0.0,0.0,19.16,98.91,1.69,TNP_0007,4,2016
2016-12-05 00:00:00+00:00,0.0,0.0,19.27,99.76,1.69,TNP_0007,4,2016
2016-12-05 01:00:00+00:00,48.9,50.1,20.06,96.72,1.9,TNP_0007,4,2016
2016-12-05 02:00:00+00:00,231.85,239.45,22.41,84.47,3.05,TNP_0007,4,2016
2016-12-05 03:00:00+00:00,441.8,455.33,24.8,71.93,3.53,TNP_0007,4,2016
2016-12-05 04:00:00+00:00,614.3,639.2,26.98,61.94,3.63,TNP_0007,4,2016
2016-12-05 05:00:00+00:00,735.38,760.88,28.71,54.96,3.64,TNP_0007,4,2016
2016-12-05 06:00:00+00:00,794.05,832.97,30.03,49.96,3.55,TNP_0007,4,2016
2016-12-05 07:00:00+00:00,740.8,810.17,30.85,46.63,3.36,TNP_0007,4,2016
2016-12-05 08:00:00+00:00,673.15,708.38,31.17,44.91,3.15,TNP_0007,4,2016
2016-12-05 09:00:00+00:00,475.38,543.97,30.92,44.85,2.91,TNP_0007,4,2016
2016-12-05 10:00:00+00:00,244.1,340.83,30.24,46.18,2.71,TNP_0007,4,2016
2016-12-05 11:00:00+00:00,101.22,131.55,28.95,50.45,2.22,TNP_0007,4,2016
2016-12-05 12:00:00+00:00,6.25,7.72,26.59,68.82,1.09,TNP_0007,4,2016
2016-12-05 13:00:00+00:00,0.0,0.0,26.08,69.65,0.7,TNP_0007,4,2016
2016-12-05 14:00:00+00:00,0.0,0.0,25.56,70.65,0.7,TNP_0007,4,2016
2016-12-05 15:00:00+00:00,0.0,0.0,24.78,73.85,0.88,TNP_0007,4,2016
2016-12-05 16:00:00+00:00,0.0,0.0,24.0,77.69,0.8,TNP_0007,4,2016
2016-12-05 17:00:00+00:00,0.0,0.0,22.89,84.34,1.18,TNP_0007,4,2016
2016-12-05 18:00:00+00:00,0.0,0.0,22.08,87.04,1.67,TNP_0007,4,2016
2016-12-05 19:00:00+00:00,0.0,0.0,21.71,87.2,2.04,TNP_0007,4,2016
2016-12-05 20:00:00+00:00,0.0,0.0,21.25,88.46,2.55,TNP_0007,4,2016
2016-12-05 21:00:00+00:00,0.0,0.0,20.71,90.85,2.43,TNP_0007,4,2016
2016-12-05 22:00:00+00:00,0.0,0.0,20.23,93.08,2.15,TNP_0007,4,2016
2016-12-05 23:00:00+00:00,0.0,0.0,19.8,94.99,1.83,TNP_0007,4,2016
2016-12-06 00:00:00+00:00,0.0,0.0,19.42,96.65,1.6,TNP_0007,4,2016
2016-12-06 01:00:00+00:00,35.42,41.62,19.72,94.99,1.92,TNP_0007,4,2016
2016-12-06 02:00:00+00:00,180.23,219.2,21.36,86.21,3.03,TNP_0007,4,2016
2016-12-06 03:00:00+00:00,355.3,423.65,23.61,73.87,3.81,TNP_0007,4,2016
2016-12-06 04:00:00+00:00,524.58,604.5,26.0,61.65,4.27,TNP_0007,4,2016
2016-12-06 05:00:00+00:00,683.17,726.0,27.98,52.83,4.41,TNP_0007,4,2016
2016-12-06 06:00:00+00:00,707.88,806.58,29.51,45.88,4.31,TNP_0007,4,2016
2016-12-06 07:00:00+00:00,646.35,794.9,30.78,39.72,4.15,TNP_0007,4,2016
2016-12-06 08:00:00+00:00,631.12,674.97,31.53,35.22,4.01,TNP_0007,4,2016
2016-12-06 09:00:00+00:00,468.95,515.58,31.64,32.36,3.78,TNP_0007,4,2016
2016-12-06 10:00:00+00:00,318.12,336.3,31.11,31.39,3.6,TNP_0007,4,2016
2016-12-06 11:00:00+00:00,119.22,129.82,29.4,36.59,2.71,TNP_0007,4,2016
2016-12-06 12:00:00+00:00,7.22,7.65,25.05,58.63,2.21,TNP_0007,4,2016
2016-12-06 13:00:00+00:00,0.0,0.0,23.03,64.43,2.39,TNP_0007,4,2016
2016-12-06 14:00:00+00:00,0.0,0.0,21.97,67.65,2.38,TNP_0007,4,2016
2016-12-06 15:00:00+00:00,0.0,0.0,21.12,70.53,2.34,TNP_0007,4,2016
2016-12-06 16:00:00+00:00,0.0,0.0,20.39,72.98,2.33,TNP_0007,4,2016
2016-12-06 17:00:00+00:00,0.0,0.0,19.59,76.42,2.29,TNP_0007,4,2016
2016-12-06 18:00:00+00:00,0.0,0.0,18.82,80.09,2.14,TNP_0007,4,2016
2016-12-06 19:00:00+00:00,0.0,0.0,18.27,82.22,1.87,TNP_0007,4,2016
2016-12-06 20:00:00+00:00,0.0,0.0,17.83,83.29,1.74,TNP_0007,4,2016
2016-12-06 21:00:00+00:00,0.0,0.0,17.44,83.97,1.68,TNP_0007,4,2016
2016-12-06 22:00:00+00:00,0.0,0.0,17.08,84.82,1.7,TNP_0007,4,2016
2016-12-06 23:00:00+00:00,0.0,0.0,16.77,86.24,1.71,TNP_0007,4,2016
2016-12-07 00:00:00+00:00,0.0,0.0,16.48,88.31,1.69,TNP_0007,4,2016
2016-12-07 01:00:00+00:00,43.25,46.35,16.92,88.37,1.58,TNP_0007,4,2016
2016-12-07 02:00:00+00:00,224.52,236.05,19.83,73.49,2.73,TNP_0007,4,2016
2016-12-07 03:00:00+00:00,440.27,454.92,22.92,58.9,3.65,TNP_0007,4,2016
2016-12-07 04:00:00+00:00,636.17,643.4,25.84,45.89,3.82,TNP_0007,4,2016
2016-12-07 05:00:00+00:00,763.67,774.88,28.02,37.18,3.84,TNP_0007,4,2016
2016-12-07 06:00:00+00:00,852.78,862.75,29.59,31.54,3.82,TNP_0007,4,2016
2016-12-07 07:00:00+00:00,811.2,837.67,30.55,28.05,3.66,TNP_0007,4,2016
2016-12-07 08:00:00+00:00,711.3,740.55,30.97,26.28,3.47,TNP_0007,4,2016
2016-12-07 09:00:00+00:00,544.15,578.4,30.83,25.83,3.26,TNP_0007,4,2016
2016-12-07 10:00:00+00:00,320.6,368.12,30.1,26.61,3.01,TNP_0007,4,2016
2016-12-07 11:00:00+00:00,132.9,145.82,28.36,34.17,2.15,TNP_0007,4,2016
2016-12-07 12:00:00+00:00,8.23,8.55,24.8,54.98,1.56,TNP_0007,4,2016
2016-12-07 13:00:00+00:00,0.0,0.0,23.76,54.47,1.4,TNP_0007,4,2016
2016-12-07 14:00:00+00:00,0.0,0.0,23.35,54.78,1.15,TNP_0007,4,2016
2016-12-07 15:00:00+00:00,0.0,0.0,23.21,54.27,0.94,TNP_0007,4,2016
2016-12-07 16:00:00+00:00,0.0,0.0,22.41,59.15,0.83,TNP_0007,4,2016
2016-12-07 17:00:00+00:00,0.0,0.0,21.54,65.17,1.0,TNP_0007,4,2016
2016-12-07 18:00:00+00:00,0.0,0.0,20.82,72.75,1.32,TNP_0007,4,2016
2016-12-07 19:00:00+00:00,0.0,0.0,20.37,80.1,1.45,TNP_0007,4,2016
2016-12-07 20:00:00+00:00,0.0,0.0,19.99,84.7,1.47,TNP_0007,4,2016
2016-12-07 21:00:00+00:00,0.0,0.0,19.68,88.14,1.37,TNP_0007,4,2016
2016-12-07 22:00:00+00:00,0.0,0.0,19.44,90.39,1.24,TNP_0007,4,2016
2016-12-07 23:00:00+00:00,0.0,0.0,19.28,92.33,1.15,TNP_0007,4,2016
2016-12-08 00:00:00+00:00,0.0,0.0,19.19,93.72,1.04,TNP_0007,4,2016
2016-12-08 01:00:00+00:00,40.5,43.53,19.62,92.89,0.96,TNP_0007,4,2016
2016-12-08 02:00:00+00:00,221.15,225.7,21.7,83.07,1.32,TNP_0007,4,2016
2016-12-08 03:00:00+00:00,418.77,431.95,24.02,73.48,1.6,TNP_0007,4,2016
2016-12-08 04:00:00+00:00,600.8,622.53,26.01,64.26,1.86,TNP_0007,4,2016
2016-12-08 05:00:00+00:00,721.5,747.33,27.99,55.78,2.09,TNP_0007,4,2016
2016-12-08 06:00:00+00:00,737.0,804.92,29.59,49.49,2.25,TNP_0007,4,2016
2016-12-08 07:00:00+00:00,697.47,783.42,30.73,45.42,2.29,TNP_0007,4,2016
2016-12-08 08:00:00+00:00,600.47,689.53,31.34,43.17,2.3,TNP_0007,4,2016
2016-12-08 09:00:00+00:00,371.12,530.8,30.94,43.4,2.1,TNP_0007,4,2016
2016-12-08 10:00:00+00:00,258.12,330.33,30.36,44.44,1.68,TNP_0007,4,2016
2016-12-08 11:00:00+00:00,103.03,122.62,29.07,49.75,1.16,TNP_0007,4,2016
2016-12-08 12:00:00+00:00,7.18,7.55,26.7,69.24,0.96,TNP_0007,4,2016
2016-12-08 13:00:00+00:00,0.0,0.0,25.42,74.88,1.32,TNP_0007,4,2016
2016-12-08 14:00:00+00:00,0.0,0.0,24.55,77.82,1.57,TNP_0007,4,2016
2016-12-08 15:00:00+00:00,0.0,0.0,23.82,80.35,1.61,TNP_0007,4,2016
2016-12-08 16:00:00+00:00,0.0,0.0,23.21,83.33,1.52,TNP_0007,4,2016
2016-12-08 17:00:00+00:00,0.0,0.0,22.67,86.35,1.38,TNP_0007,4,2016
2016-12-08 18:00:00+00:00,0.0,0.0,22.22,89.2,1.2,TNP_0007,4,2016
2016-12-08 19:00:00+00:00,0.0,0.0,21.86,91.12,1.01,TNP_0007,4,2016
2016-12-08 20:00:00+00:00,0.0,0.0,21.58,92.02,0.83,TNP_0007,4,2016
2016-12-08 21:00:00+00:00,0.0,0.0,21.29,92.96,0.75,TNP_0007,4,2016
2016-12-08 22:00:00+00:00,0.0,0.0,20.99,93.76,0.79,TNP_0007,4,2016
2016-12-08 23:00:00+00:00,0.0,0.0,20.72,94.55,0.84,TNP_0007,4,2016
2016-12-09 00:00:00+00:00,0.0,0.0,20.43,95.44,0.89,TNP_0007,4,2016
2016-12-09 01:00:00+00:00,34.83,39.22,20.62,94.41,0.97,TNP_0007,4,2016
2016-12-09 02:00:00+00:00,181.52,205.7,22.54,82.26,1.33,TNP_0007,4,2016
2016-12-09 03:00:00+00:00,382.27,396.23,25.13,67.84,1.49,TNP_0007,4,2016
2016-12-09 04:00:00+00:00,497.62,529.55,27.47,57.02,1.48,TNP_0007,4,2016
2016-12-09 05:00:00+00:00,630.47,644.45,29.34,50.0,1.34,TNP_0007,4,2016
2016-12-09 06:00:00+00:00,771.08,813.12,30.91,44.67,1.09,TNP_0007,4,2016
2016-12-09 07:00:00+00:00,740.97,798.62,32.02,41.06,0.71,TNP_0007,4,2016
2016-12-09 08:00:00+00:00,587.92,703.62,32.53,39.14,0.75,TNP_0007,4,2016
2016-12-09 09:00:00+00:00,509.5,552.83,32.56,38.4,1.4,TNP_0007,4,2016
2016-12-09 10:00:00+00:00,317.58,348.15,31.88,39.29,2.17,TNP_0007,4,2016
2016-12-09 11:00:00+00:00,123.65,136.45,30.27,44.75,2.57,TNP_0007,4,2016
2016-12-09 12:00:00+00:00,7.88,8.75,27.21,61.69,2.44,TNP_0007,4,2016
2016-12-09 13:00:00+00:00,0.0,0.0,25.21,68.43,3.13,TNP_0007,4,2016
2016-12-09 14:00:00+00:00,0.0,0.0,23.77,74.73,3.24,TNP_0007,4,2016
2016-12-09 15:00:00+00:00,0.0,0.0,22.75,80.44,2.92,TNP_0007,4,2016
2016-12-09 16:00:00+00:00,0.0,0.0,22.08,84.44,2.44,TNP_0007,4,2016
2016-12-09 17:00:00+00:00,0.0,0.0,21.51,87.65,1.94,TNP_0007,4,2016
2016-12-09 18:00:00+00:00,0.0,0.0,20.96,89.96,1.61,TNP_0007,4,2016
2016-12-09 19:00:00+00:00,0.0,0.0,20.42,91.25,1.41,TNP_0007,4,2016
2016-12-09 20:00:00+00:00,0.0,0.0,19.82,91.86,1.29,TNP_0007,4,2016
2016-12-09 21:00:00+00:00,0.0,0.0,19.25,91.42,1.39,TNP_0007,4,2016
2016-12-09 22:00:00+00:00,0.0,0.0,18.75,90.35,1.41,TNP_0007,4,2016
2016-12-09 23:00:00+00:00,0.0,0.0,18.24,89.23,1.39,TNP_0007,4,2016
2016-12-10 00:00:00+00:00,0.0,0.0,17.88,86.99,1.34,TNP_0007,4,2016
2016-12-10 01:00:00+00:00,38.25,46.65,17.98,84.9,1.19,TNP_0007,4,2016
2016-12-10 02:00:00+00:00,184.68,245.05,21.01,62.13,1.5,TNP_0007,4,2016
2016-12-10 03:00:00+00:00,353.4,465.92,24.7,42.47,1.58,TNP_0007,4,2016
2016-12-10 04:00:00+00:00,519.38,652.58,27.81,30.36,2.07,TNP_0007,4,2016
2016-12-10 05:00:00+00:00,644.1,780.6,29.82,24.12,2.16,TNP_0007,4,2016
2016-12-10 06:00:00+00:00,659.85,809.12,31.4,20.4,2.08,TNP_0007,4,2016
2016-12-10 07:00:00+00:00,638.35,790.53,32.55,18.26,2.12,TNP_0007,4,2016
2016-12-10 08:00:00+00:00,541.0,696.45,33.11,17.16,2.29,TNP_0007,4,2016
2016-12-10 09:00:00+00:00,405.27,538.35,32.96,17.14,2.58,TNP_0007,4,2016
2016-12-10 10:00:00+00:00,260.88,342.35,32.04,18.62,2.91,TNP_0007,4,2016
2016-12-10 11:00:00+00:00,102.93,135.85,29.59,30.26,2.46,TNP_0007,4,2016
2016-12-10 12:00:00+00:00,7.97,9.02,24.65,51.44,2.64,TNP_0007,4,2016
2016-12-10 13:00:00+00:00,0.0,0.0,22.54,60.47,3.06,TNP_0007,4,2016
2016-12-10 14:00:00+00:00,0.0,0.0,21.6,68.6,3.21,TNP_0007,4,2016
2016-12-10 15:00:00+00:00,0.0,0.0,20.7,75.64,2.77,TNP_0007,4,2016
2016-12-10 16:00:00+00:00,0.0,0.0,20.01,79.97,2.18,TNP_0007,4,2016
2016-12-10 17:00:00+00:00,0.0,0.0,19.35,82.28,1.82,TNP_0007,4,2016
2016-12-10 18:00:00+00:00,0.0,0.0,18.62,83.19,1.68,TNP_0007,4,2016
2016-12-10 19:00:00+00:00,0.0,0.0,17.76,83.76,1.6,TNP_0007,4,2016
2016-12-10 20:00:00+00:00,0.0,0.0,17.01,83.49,1.62,TNP_0007,4,2016
2016-12-10 21:00:00+00:00,0.0,0.0,16.35,82.88,1.55,TNP_0007,4,2016
2016-12-10 22:00:00+00:00,0.0,0.0,15.8,82.14,1.43,TNP_0007,4,2016
2016-12-10 23:00:00+00:00,0.0,0.0,15.27,81.96,1.24,TNP_0007,4,2016
2016-12-11 00:00:00+00:00,0.0,0.0,14.82,81.55,1.06,TNP_0007,4,2016
2016-12-11 01:00:00+00:00,38.83,46.9,15.21,79.69,0.79,TNP_0007,4,2016
2016-12-11 02:00:00+00:00,202.02,247.3,19.13,58.21,0.74,TNP_0007,4,2016
2016-12-11 03:00:00+00:00,429.12,470.55,23.12,39.13,0.97,TNP_0007,4,2016
2016-12-11 04:00:00+00:00,597.22,657.83,27.3,24.04,1.36,TNP_0007,4,2016
2016-12-11 05:00:00+00:00,719.3,787.72,29.44,19.47,1.52,TNP_0007,4,2016
2016-12-11 06:00:00+00:00,740.35,821.15,30.76,17.76,1.61,TNP_0007,4,2016
2016-12-11 07:00:00+00:00,733.1,802.4,31.35,17.21,1.87,TNP_0007,4,2016
2016-12-11 08:00:00+00:00,638.1,710.5,31.44,17.57,2.29,TNP_0007,4,2016
2016-12-11 09:00:00+00:00,487.88,554.6,31.04,18.83,2.8,TNP_0007,4,2016
2016-12-11 10:00:00+00:00,334.85,358.25,30.02,23.05,3.14,TNP_0007,4,2016
2016-12-11 11:00:00+00:00,129.35,141.3,27.49,37.24,3.03,TNP_0007,4,2016
2016-12-11 12:00:00+00:00,9.05,9.38,23.55,53.11,2.82,TNP_0007,4,2016
2016-12-11 13:00:00+00:00,0.0,0.0,21.59,62.17,3.07,TNP_0007,4,2016
2016-12-11 14:00:00+00:00,0.0,0.0,20.47,70.5,2.93,TNP_0007,4,2016
2016-12-11 15:00:00+00:00,0.0,0.0,19.63,78.08,2.52,TNP_0007,4,2016
2016-12-11 16:00:00+00:00,0.0,0.0,18.88,83.13,2.24,TNP_0007,4,2016
2016-12-11 17:00:00+00:00,0.0,0.0,18.08,86.21,2.17,TNP_0007,4,2016
2016-12-11 18:00:00+00:00,0.0,0.0,17.7,86.46,2.13,TNP_0007,4,2016
2016-12-11 19:00:00+00:00,0.0,0.0,17.25,87.29,2.13,TNP_0007,4,2016
2016-12-11 20:00:00+00:00,0.0,0.0,16.9,88.62,2.18,TNP_0007,4,2016
2016-12-11 21:00:00+00:00,0.0,0.0,16.58,90.38,2.15,TNP_0007,4,2016
2016-12-11 22:00:00+00:00,0.0,0.0,16.48,91.66,2.13,TNP_0007,4,2016
2016-12-11 23:00:00+00:00,0.0,0.0,16.68,91.47,2.11,TNP_0007,4,2016
2016-12-12 00:00:00+00:00,0.0,0.0,16.69,92.33,2.1,TNP_0007,4,2016
2016-12-12 01:00:00+00:00,42.17,49.53,17.2,90.23,2.25,TNP_0007,4,2016
2016-12-12 02:00:00+00:00,214.4,258.62,20.24,75.05,3.26,TNP_0007,4,2016
2016-12-12 03:00:00+00:00,403.12,482.95,24.14,54.03,3.8,TNP_0007,4,2016
2016-12-12 04:00:00+00:00,527.95,670.03,27.32,39.94,3.74,TNP_0007,4,2016
2016-12-12 05:00:00+00:00,620.22,797.97,29.53,33.6,3.56,TNP_0007,4,2016
2016-12-12 06:00:00+00:00,705.67,831.85,31.21,30.28,3.61,TNP_0007,4,2016
2016-12-12 07:00:00+00:00,671.33,811.62,32.27,28.73,3.88,TNP_0007,4,2016
2016-12-12 08:00:00+00:00,565.35,718.75,32.5,28.75,4.23,TNP_0007,4,2016
2016-12-12 09:00:00+00:00,472.08,562.8,31.64,30.97,4.42,TNP_0007,4,2016
2016-12-12 10:00:00+00:00,309.95,364.83,30.13,36.17,4.33,TNP_0007,4,2016
2016-12-12 11:00:00+00:00,123.47,148.88,28.01,45.9,4.21,TNP_0007,4,2016
2016-12-12 12:00:00+00:00,8.68,9.73,25.17,57.72,3.97,TNP_0007,4,2016
2016-12-12 13:00:00+00:00,0.0,0.0,23.35,65.99,3.76,TNP_0007,4,2016
2016-12-12 14:00:00+00:00,0.0,0.0,22.19,72.54,3.44,TNP_0007,4,2016
2016-12-12 15:00:00+00:00,0.0,0.0,21.43,77.86,3.09,TNP_0007,4,2016
2016-12-12 16:00:00+00:00,0.0,0.0,20.95,82.15,2.93,TNP_0007,4,2016
2016-12-12 17:00:00+00:00,0.0,0.0,20.59,85.69,3.07,TNP_0007,4,2016
2016-12-12 18:00:00+00:00,0.0,0.0,20.22,89.2,2.8,TNP_0007,4,2016
2016-12-12 19:00:00+00:00,0.0,0.0,19.88,91.99,2.69,TNP_0007,4,2016
2016-12-12 20:00:00+00:00,0.0,0.0,19.62,93.92,2.72,TNP_0007,4,2016
2016-12-12 21:00:00+00:00,0.0,0.0,19.37,95.4,2.64,TNP_0007,4,2016
2016-12-12 22:00:00+00:00,0.0,0.0,19.15,96.49,2.56,TNP_0007,4,2016
2016-12-12 23:00:00+00:00,0.0,0.0,19.04,97.18,2.52,TNP_0007,4,2016
2016-12-13 00:00:00+00:00,0.0,0.0,19.09,97.41,2.46,TNP_0007,4,2016
2016-12-13 01:00:00+00:00,20.27,35.03,19.66,96.51,2.73,TNP_0007,4,2016
2016-12-13 02:00:00+00:00,76.97,185.3,21.23,92.61,3.8,TNP_0007,4,2016
2016-12-13 03:00:00+00:00,146.48,379.05,22.89,84.34,5.02,TNP_0007,4,2016
2016-12-13 04:00:00+00:00,219.15,545.12,24.96,70.5,5.65,TNP_0007,4,2016
2016-12-13 05:00:00+00:00,229.55,674.2,26.95,59.34,5.6,TNP_0007,4,2016
2016-12-13 06:00:00+00:00,278.83,821.28,28.3,53.73,5.32,TNP_0007,4,2016
2016-12-13 07:00:00+00:00,278.2,804.97,28.41,53.25,5.18,TNP_0007,4,2016
2016-12-13 08:00:00+00:00,227.27,716.75,28.15,54.46,5.18,TNP_0007,4,2016
2016-12-13 09:00:00+00:00,142.43,565.97,27.52,57.14,5.11,TNP_0007,4,2016
2016-12-13 10:00:00+00:00,89.6,364.48,26.47,61.66,4.81,TNP_0007,4,2016
2016-12-13 11:00:00+00:00,37.28,154.75,25.02,68.94,3.92,TNP_0007,4,2016
2016-12-13 12:00:00+00:00,4.72,10.55,23.01,83.13,2.12,TNP_0007,4,2016
2016-12-13 13:00:00+00:00,0.0,0.0,21.94,90.01,1.75,TNP_0007,4,2016
2016-12-13 14:00:00+00:00,0.0,0.0,21.4,92.36,1.5,TNP_0007,4,2016
2016-12-13 15:00:00+00:00,0.0,0.0,20.98,93.27,1.35,TNP_0007,4,2016
2016-12-13 16:00:00+00:00,0.0,0.0,20.72,94.17,1.22,TNP_0007,4,2016
2016-12-13 17:00:00+00:00,0.0,0.0,20.57,95.15,1.01,TNP_0007,4,2016
2016-12-13 18:00:00+00:00,0.0,0.0,20.42,96.18,0.75,TNP_0007,4,2016
2016-12-13 19:00:00+00:00,0.0,0.0,20.21,95.81,0.62,TNP_0007,4,2016
2016-12-13 20:00:00+00:00,0.0,0.0,20.03,95.54,0.59,TNP_0007,4,2016
2016-12-13 21:00:00+00:00,0.0,0.0,19.94,95.77,0.49,TNP_0007,4,2016
2016-12-13 22:00:00+00:00,0.0,0.0,19.93,95.69,0.23,TNP_0007,4,2016
2016-12-13 23:00:00+00:00,0.0,0.0,19.94,94.44,0.25,TNP_0007,4,2016
2016-12-14 00:00:00+00:00,0.0,0.0,19.7,95.52,0.71,TNP_0007,4,2016
2016-12-14 01:00:00+00:00,28.02,40.67,19.88,96.94,1.11,TNP_0007,4,2016
2016-12-14 02:00:00+00:00,137.12,223.4,21.39,93.59,1.72,TNP_0007,4,2016
2016-12-14 03:00:00+00:00,305.62,440.95,22.98,88.13,1.9,TNP_0007,4,2016
2016-12-14 04:00:00+00:00,434.77,624.97,25.11,77.05,2.24,TNP_0007,4,2016
2016-12-14 05:00:00+00:00,523.45,752.5,27.25,64.23,2.52,TNP_0007,4,2016
2016-12-14 06:00:00+00:00,534.88,802.72,28.77,56.19,2.63,TNP_0007,4,2016
2016-12-14 07:00:00+00:00,472.8,789.42,29.53,51.91,2.51,TNP_0007,4,2016
2016-12-14 08:00:00+00:00,434.6,704.35,29.67,50.25,2.3,TNP_0007,4,2016
2016-12-14 09:00:00+00:00,300.02,553.75,29.3,50.5,2.17,TNP_0007,4,2016
2016-12-14 10:00:00+00:00,183.82,362.88,28.53,52.61,2.13,TNP_0007,4,2016
2016-12-14 11:00:00+00:00,72.1,151.48,27.0,60.92,1.65,TNP_0007,4,2016
2016-12-14 12:00:00+00:00,6.03,10.6,24.77,78.72,0.96,TNP_0007,4,2016
2016-12-14 13:00:00+00:00,0.0,0.0,23.59,85.2,0.94,TNP_0007,4,2016
2016-12-14 14:00:00+00:00,0.0,0.0,23.06,86.29,1.03,TNP_0007,4,2016
2016-12-14 15:00:00+00:00,0.0,0.0,22.54,85.76,1.2,TNP_0007,4,2016
2016-12-14 16:00:00+00:00,0.0,0.0,21.78,88.24,1.52,TNP_0007,4,2016
2016-12-14 17:00:00+00:00,0.0,0.0,20.93,90.45,1.91,TNP_0007,4,2016
2016-12-14 18:00:00+00:00,0.0,0.0,20.2,91.37,2.28,TNP_0007,4,2016
2016-12-14 19:00:00+00:00,0.0,0.0,19.51,92.94,2.23,TNP_0007,4,2016
2016-12-14 20:00:00+00:00,0.0,0.0,19.01,93.91,2.39,TNP_0007,4,2016
2016-12-14 21:00:00+00:00,0.0,0.0,18.61,94.63,2.38,TNP_0007,4,2016
2016-12-14 22:00:00+00:00,0.0,0.0,18.46,95.39,2.25,TNP_0007,4,2016
2016-12-14 23:00:00+00:00,0.0,0.0,18.42,96.02,2.2,TNP_0007,4,2016
2016-12-15 00:00:00+00:00,0.0,0.0,18.38,96.75,2.17,TNP_0007,4,2016
2016-12-15 01:00:00+00:00,30.23,37.85,18.87,96.52,2.41,TNP_0007,4,2016
2016-12-15 02:00:00+00:00,175.9,216.4,20.61,93.29,3.7,TNP_0007,4,2016
2016-12-15 03:00:00+00:00,329.95,431.75,22.38,86.44,4.84,TNP_0007,4,2016
2016-12-15 04:00:00+00:00,552.15,625.97,24.84,69.59,5.33,TNP_0007,4,2016
2016-12-15 05:00:00+00:00,675.95,759.5,27.13,56.46,5.5,TNP_0007,4,2016
2016-12-15 06:00:00+00:00,716.75,820.05,28.66,49.94,5.42,TNP_0007,4,2016
2016-12-15 07:00:00+00:00,657.1,802.25,29.72,45.3,5.17,TNP_0007,4,2016
2016-12-15 08:00:00+00:00,581.88,710.72,29.99,43.16,4.77,TNP_0007,4,2016
2016-12-15 09:00:00+00:00,487.17,551.65,30.02,41.83,4.36,TNP_0007,4,2016
2016-12-15 10:00:00+00:00,337.15,357.23,29.48,42.45,4.0,TNP_0007,4,2016
2016-12-15 11:00:00+00:00,132.68,141.2,28.17,46.92,3.3,TNP_0007,4,2016
2016-12-15 12:00:00+00:00,10.43,10.77,25.18,65.47,1.95,TNP_0007,4,2016
2016-12-15 13:00:00+00:00,0.0,0.0,23.63,73.25,2.03,TNP_0007,4,2016
2016-12-15 14:00:00+00:00,0.0,0.0,23.17,75.12,2.05,TNP_0007,4,2016
2016-12-15 15:00:00+00:00,0.0,0.0,22.61,76.45,2.16,TNP_0007,4,2016
2016-12-15 16:00:00+00:00,0.0,0.0,22.06,77.98,2.38,TNP_0007,4,2016
2016-12-15 17:00:00+00:00,0.0,0.0,21.72,77.93,2.79,TNP_0007,4,2016
2016-12-15 18:00:00+00:00,0.0,0.0,21.28,78.84,3.37,TNP_0007,4,2016
2016-12-15 19:00:00+00:00,0.0,0.0,20.67,81.88,3.4,TNP_0007,4,2016
2016-12-15 20:00:00+00:00,0.0,0.0,19.75,87.16,2.53,TNP_0007,4,2016
2016-12-15 21:00:00+00:00,0.0,0.0,19.29,89.79,2.29,TNP_0007,4,2016
2016-12-15 22:00:00+00:00,0.0,0.0,18.71,92.9,1.88,TNP_0007,4,2016
2016-12-15 23:00:00+00:00,0.0,0.0,18.22,95.41,1.63,TNP_0007,4,2016
2016-12-16 00:00:00+00:00,0.0,0.0,17.84,97.49,1.63,TNP_0007,4,2016
2016-12-16 01:00:00+00:00,35.97,36.6,18.43,94.88,2.04,TNP_0007,4,2016
2016-12-16 02:00:00+00:00,215.88,217.38,20.83,82.45,3.55,TNP_0007,4,2016
2016-12-16 03:00:00+00:00,422.23,423.0,23.3,68.97,4.45,TNP_0007,4,2016
2016-12-16 04:00:00+00:00,604.65,610.55,25.59,57.14,4.93,TNP_0007,4,2016
2016-12-16 05:00:00+00:00,742.35,744.58,27.48,49.19,5.08,TNP_0007,4,2016
2016-12-16 06:00:00+00:00,862.72,866.15,28.97,43.88,4.96,TNP_0007,4,2016
2016-12-16 07:00:00+00:00,838.55,847.8,30.03,40.23,4.7,TNP_0007,4,2016
2016-12-16 08:00:00+00:00,733.88,757.53,30.58,38.21,4.37,TNP_0007,4,2016
2016-12-16 09:00:00+00:00,546.3,601.78,30.62,37.56,4.01,TNP_0007,4,2016
2016-12-16 10:00:00+00:00,353.83,396.6,30.07,38.69,3.72,TNP_0007,4,2016
2016-12-16 11:00:00+00:00,153.32,171.23,28.63,43.94,3.06,TNP_0007,4,2016
2016-12-16 12:00:00+00:00,11.4,12.27,25.63,62.37,1.94,TNP_0007,4,2016
2016-12-16 13:00:00+00:00,0.0,0.0,24.33,68.66,2.04,TNP_0007,4,2016
2016-12-16 14:00:00+00:00,0.0,0.0,23.69,71.26,2.19,TNP_0007,4,2016
2016-12-16 15:00:00+00:00,0.0,0.0,23.18,74.29,2.52,TNP_0007,4,2016
2016-12-16 16:00:00+00:00,0.0,0.0,22.72,78.37,3.08,TNP_0007,4,2016
2016-12-16 17:00:00+00:00,0.0,0.0,22.02,83.53,3.14,TNP_0007,4,2016
2016-12-16 18:00:00+00:00,0.0,0.0,21.41,87.39,2.89,TNP_0007,4,2016
2016-12-16 19:00:00+00:00,0.0,0.0,20.86,90.16,2.59,TNP_0007,4,2016
2016-12-16 20:00:00+00:00,0.0,0.0,20.41,92.39,2.23,TNP_0007,4,2016
2016-12-16 21:00:00+00:00,0.0,0.0,19.99,94.27,1.99,TNP_0007,4,2016
2016-12-16 22:00:00+00:00,0.0,0.0,19.51,96.4,1.71,TNP_0007,4,2016
2016-12-16 23:00:00+00:00,0.0,0.0,19.05,98.41,1.53,TNP_0007,4,2016
2016-12-17 00:00:00+00:00,0.0,0.0,18.73,99.78,1.52,TNP_0007,4,2016
2016-12-17 01:00:00+00:00,38.35,40.53,19.23,96.59,1.77,TNP_0007,4,2016
2016-12-17 02:00:00+00:00,219.1,233.35,21.51,82.51,2.96,TNP_0007,4,2016
2016-12-17 03:00:00+00:00,430.7,450.42,24.1,66.93,3.62,TNP_0007,4,2016
2016-12-17 04:00:00+00:00,623.97,637.8,26.58,53.47,4.04,TNP_0007,4,2016
2016-12-17 05:00:00+00:00,750.62,766.1,28.54,44.93,4.25,TNP_0007,4,2016
2016-12-17 06:00:00+00:00,800.88,820.62,30.0,39.85,4.25,TNP_0007,4,2016
2016-12-17 07:00:00+00:00,771.45,805.0,30.99,36.8,4.04,TNP_0007,4,2016
2016-12-17 08:00:00+00:00,651.2,709.55,31.53,35.05,3.74,TNP_0007,4,2016
2016-12-17 09:00:00+00:00,484.73,544.4,31.43,34.64,3.49,TNP_0007,4,2016
2016-12-17 10:00:00+00:00,322.42,344.52,30.8,35.43,3.35,TNP_0007,4,2016
2016-12-17 11:00:00+00:00,121.32,134.38,29.32,40.33,2.67,TNP_0007,4,2016
2016-12-17 12:00:00+00:00,9.27,10.23,25.9,61.49,1.84,TNP_0007,4,2016
2016-12-17 13:00:00+00:00,0.0,0.0,24.3,67.66,1.91,TNP_0007,4,2016
2016-12-17 14:00:00+00:00,0.0,0.0,23.4,70.34,1.93,TNP_0007,4,2016
2016-12-17 15:00:00+00:00,0.0,0.0,22.52,73.36,1.95,TNP_0007,4,2016
2016-12-17 16:00:00+00:00,0.0,0.0,21.59,76.31,1.98,TNP_0007,4,2016
2016-12-17 17:00:00+00:00,0.0,0.0,20.71,79.16,2.05,TNP_0007,4,2016
2016-12-17 18:00:00+00:00,0.0,0.0,19.94,82.01,2.06,TNP_0007,4,2016
2016-12-17 19:00:00+00:00,0.0,0.0,19.3,84.83,1.94,TNP_0007,4,2016
2016-12-17 20:00:00+00:00,0.0,0.0,18.79,87.11,1.81,TNP_0007,4,2016
2016-12-17 21:00:00+00:00,0.0,0.0,18.69,88.25,1.58,TNP_0007,4,2016
2016-12-17 22:00:00+00:00,0.0,0.0,18.41,89.82,1.44,TNP_0007,4,2016
2016-12-17 23:00:00+00:00,0.0,0.0,18.12,91.43,1.44,TNP_0007,4,2016
2016-12-18 00:00:00+00:00,0.0,0.0,17.89,93.41,1.43,TNP_0007,4,2016
2016-12-18 01:00:00+00:00,30.77,31.77,18.39,92.45,1.46,TNP_0007,4,2016
2016-12-18 02:00:00+00:00,197.12,200.6,21.04,80.06,2.38,TNP_0007,4,2016
2016-12-18 03:00:00+00:00,385.98,404.02,23.98,65.88,3.05,TNP_0007,4,2016
2016-12-18 04:00:00+00:00,574.88,592.38,26.85,51.94,3.66,TNP_0007,4,2016
2016-12-18 05:00:00+00:00,722.0,724.8,28.98,43.31,3.99,TNP_0007,4,2016
2016-12-18 06:00:00+00:00,820.88,831.7,30.51,37.69,4.11,TNP_0007,4,2016
2016-12-18 07:00:00+00:00,788.47,816.45,31.5,34.24,4.04,TNP_0007,4,2016
2016-12-18 08:00:00+00:00,694.95,723.75,32.05,32.24,3.92,TNP_0007,4,2016
2016-12-18 09:00:00+00:00,520.15,566.12,32.0,31.62,3.72,TNP_0007,4,2016
2016-12-18 10:00:00+00:00,318.58,367.15,31.32,32.4,3.58,TNP_0007,4,2016
2016-12-18 11:00:00+00:00,136.88,153.18,29.72,37.04,2.9,TNP_0007,4,2016
2016-12-18 12:00:00+00:00,10.57,11.5,25.59,59.12,2.06,TNP_0007,4,2016
2016-12-18 13:00:00+00:00,0.0,0.0,23.67,65.96,2.17,TNP_0007,4,2016
2016-12-18 14:00:00+00:00,0.0,0.0,22.68,68.99,2.18,TNP_0007,4,2016
2016-12-18 15:00:00+00:00,0.0,0.0,21.86,71.07,2.25,TNP_0007,4,2016
2016-12-18 16:00:00+00:00,0.0,0.0,21.09,72.75,2.39,TNP_0007,4,2016
2016-12-18 17:00:00+00:00,0.0,0.0,20.25,75.07,2.55,TNP_0007,4,2016
2016-12-18 18:00:00+00:00,0.0,0.0,19.4,78.44,2.49,TNP_0007,4,2016
2016-12-18 19:00:00+00:00,0.0,0.0,18.64,82.0,2.14,TNP_0007,4,2016
2016-12-18 20:00:00+00:00,0.0,0.0,18.12,84.38,1.89,TNP_0007,4,2016
2016-12-18 21:00:00+00:00,0.0,0.0,17.8,86.21,1.61,TNP_0007,4,2016
2016-12-18 22:00:00+00:00,0.0,0.0,17.49,88.83,1.4,TNP_0007,4,2016
2016-12-18 23:00:00+00:00,0.0,0.0,17.23,91.27,1.22,TNP_0007,4,2016
2016-12-19 00:00:00+00:00,0.0,0.0,16.99,93.2,1.12,TNP_0007,4,2016
2016-12-19 01:00:00+00:00,32.35,33.38,17.53,91.8,1.14,TNP_0007,4,2016
2016-12-19 02:00:00+00:00,200.73,211.73,20.59,74.91,2.27,TNP_0007,4,2016
2016-12-19 03:00:00+00:00,411.45,427.6,23.94,57.05,3.48,TNP_0007,4,2016
2016-12-19 04:00:00+00:00,606.47,616.97,26.74,45.09,3.9,TNP_0007,4,2016
2016-12-19 05:00:00+00:00,744.78,751.97,28.91,37.99,3.98,TNP_0007,4,2016
2016-12-19 06:00:00+00:00,822.3,830.1,30.5,33.21,4.03,TNP_0007,4,2016
2016-12-19 07:00:00+00:00,788.38,816.1,31.54,30.18,4.0,TNP_0007,4,2016
2016-12-19 08:00:00+00:00,702.85,728.67,32.06,28.41,3.94,TNP_0007,4,2016
2016-12-19 09:00:00+00:00,572.67,576.1,31.99,27.68,3.88,TNP_0007,4,2016
2016-12-19 10:00:00+00:00,361.4,376.85,31.34,28.22,3.91,TNP_0007,4,2016
2016-12-19 11:00:00+00:00,151.98,159.38,29.65,33.31,3.1,TNP_0007,4,2016
2016-12-19 12:00:00+00:00,11.35,11.95,25.34,54.65,2.33,TNP_0007,4,2016
2016-12-19 13:00:00+00:00,0.0,0.0,23.55,59.85,2.4,TNP_0007,4,2016
2016-12-19 14:00:00+00:00,0.0,0.0,22.71,63.24,2.25,TNP_0007,4,2016
2016-12-19 15:00:00+00:00,0.0,0.0,21.92,65.99,2.25,TNP_0007,4,2016
2016-12-19 16:00:00+00:00,0.0,0.0,21.14,68.8,2.34,TNP_0007,4,2016
2016-12-19 17:00:00+00:00,0.0,0.0,20.53,71.54,2.41,TNP_0007,4,2016
2016-12-19 18:00:00+00:00,0.0,0.0,19.89,74.28,2.49,TNP_0007,4,2016
2016-12-19 19:00:00+00:00,0.0,0.0,19.49,76.12,2.61,TNP_0007,4,2016
2016-12-19 20:00:00+00:00,0.0,0.0,19.25,78.38,2.45,TNP_0007,4,2016
2016-12-19 21:00:00+00:00,0.0,0.0,18.81,82.34,2.28,TNP_0007,4,2016
2016-12-19 22:00:00+00:00,0.0,0.0,18.37,86.2,2.14,TNP_0007,4,2016
2016-12-19 23:00:00+00:00,0.0,0.0,18.0,88.92,2.0,TNP_0007,4,2016
2016-12-20 00:00:00+00:00,0.0,0.0,17.66,90.98,1.87,TNP_0007,4,2016
2016-12-20 01:00:00+00:00,33.6,35.95,18.13,90.14,1.86,TNP_0007,4,2016
2016-12-20 02:00:00+00:00,206.6,228.7,20.38,78.72,2.93,TNP_0007,4,2016
2016-12-20 03:00:00+00:00,411.98,449.77,23.46,59.56,4.32,TNP_0007,4,2016
2016-12-20 04:00:00+00:00,602.75,638.7,26.69,44.02,5.57,TNP_0007,4,2016
2016-12-20 05:00:00+00:00,709.8,771.6,28.79,40.02,6.18,TNP_0007,4,2016
2016-12-20 06:00:00+00:00,722.38,827.45,30.28,37.73,6.44,TNP_0007,4,2016
2016-12-20 07:00:00+00:00,734.45,815.15,31.32,36.53,6.48,TNP_0007,4,2016
2016-12-20 08:00:00+00:00,571.95,728.47,31.85,36.46,6.34,TNP_0007,4,2016
2016-12-20 09:00:00+00:00,481.02,574.45,31.78,37.83,6.03,TNP_0007,4,2016
2016-12-20 10:00:00+00:00,286.9,369.5,30.99,41.07,5.68,TNP_0007,4,2016
2016-12-20 11:00:00+00:00,126.57,152.57,29.41,47.3,4.92,TNP_0007,4,2016
2016-12-20 12:00:00+00:00,10.45,12.07,26.19,63.36,2.96,TNP_0007,4,2016
2016-12-20 13:00:00+00:00,0.0,0.0,24.63,72.51,2.78,TNP_0007,4,2016
2016-12-20 14:00:00+00:00,0.0,0.0,24.12,76.29,3.02,TNP_0007,4,2016
2016-12-20 15:00:00+00:00,0.0,0.0,23.68,79.9,3.5,TNP_0007,4,2016
2016-12-20 16:00:00+00:00,0.0,0.0,23.2,83.34,3.89,TNP_0007,4,2016
2016-12-20 17:00:00+00:00,0.0,0.0,22.58,86.96,3.92,TNP_0007,4,2016
2016-12-20 18:00:00+00:00,0.0,0.0,21.91,90.49,3.47,TNP_0007,4,2016
2016-12-20 19:00:00+00:00,0.0,0.0,21.35,92.7,3.1,TNP_0007,4,2016
2016-12-20 20:00:00+00:00,0.0,0.0,20.84,93.93,2.8,TNP_0007,4,2016
2016-12-20 21:00:00+00:00,0.0,0.0,20.28,95.04,2.81,TNP_0007,4,2016
2016-12-20 22:00:00+00:00,0.0,0.0,19.79,96.14,2.54,TNP_0007,4,2016
2016-12-20 23:00:00+00:00,0.0,0.0,19.37,96.92,2.43,TNP_0007,4,2016
2016-12-21 00:00:00+00:00,0.0,0.0,19.06,97.24,2.4,TNP_0007,4,2016
2016-12-21 01:00:00+00:00,26.25,36.75,19.36,94.45,2.79,TNP_0007,4,2016
2016-12-21 02:00:00+00:00,160.18,230.7,21.09,85.25,4.0,TNP_0007,4,2016
2016-12-21 03:00:00+00:00,316.88,449.95,23.45,74.31,4.82,TNP_0007,4,2016
2016-12-21 04:00:00+00:00,482.1,633.35,26.14,62.39,5.06,TNP_0007,4,2016
2016-12-21 05:00:00+00:00,675.28,765.55,28.31,53.22,5.0,TNP_0007,4,2016
2016-12-21 06:00:00+00:00,751.6,822.53,29.93,46.63,4.79,TNP_0007,4,2016
2016-12-21 07:00:00+00:00,739.15,809.22,31.13,41.72,4.51,TNP_0007,4,2016
2016-12-21 08:00:00+00:00,700.4,726.38,31.81,38.33,4.22,TNP_0007,4,2016
2016-12-21 09:00:00+00:00,522.78,575.85,31.85,36.68,3.84,TNP_0007,4,2016
2016-12-21 10:00:00+00:00,327.35,373.52,31.26,36.64,3.56,TNP_0007,4,2016
2016-12-21 11:00:00+00:00,147.93,161.25,29.82,40.52,2.85,TNP_0007,4,2016
2016-12-21 12:00:00+00:00,13.12,13.68,26.08,61.44,1.92,TNP_0007,4,2016
2016-12-21 13:00:00+00:00,0.0,0.0,24.63,65.38,1.9,TNP_0007,4,2016
2016-12-21 14:00:00+00:00,0.0,0.0,23.84,68.31,1.76,TNP_0007,4,2016
2016-12-21 15:00:00+00:00,0.0,0.0,22.93,72.44,1.8,TNP_0007,4,2016
2016-12-21 16:00:00+00:00,0.0,0.0,22.05,76.26,1.94,TNP_0007,4,2016
2016-12-21 17:00:00+00:00,0.0,0.0,21.3,79.99,2.07,TNP_0007,4,2016
2016-12-21 18:00:00+00:00,0.0,0.0,20.67,83.99,2.18,TNP_0007,4,2016
2016-12-21 19:00:00+00:00,0.0,0.0,19.99,89.03,2.2,TNP_0007,4,2016
2016-12-21 20:00:00+00:00,0.0,0.0,19.31,94.62,2.1,TNP_0007,4,2016
2016-12-21 21:00:00+00:00,0.0,0.0,19.14,96.66,1.81,TNP_0007,4,2016
2016-12-21 22:00:00+00:00,0.0,0.0,18.85,98.56,1.71,TNP_0007,4,2016
2016-12-21 23:00:00+00:00,0.0,0.0,18.57,100.0,1.69,TNP_0007,4,2016
2016-12-22 00:00:00+00:00,0.0,0.0,18.31,100.0,1.68,TNP_0007,4,2016
2016-12-22 01:00:00+00:00,31.27,33.08,18.88,98.83,1.81,TNP_0007,4,2016
2016-12-22 02:00:00+00:00,203.93,214.0,21.49,83.71,2.66,TNP_0007,4,2016
2016-12-22 03:00:00+00:00,415.08,430.4,24.26,68.68,2.87,TNP_0007,4,2016
2016-12-22 04:00:00+00:00,597.7,619.78,27.06,54.1,3.02,TNP_0007,4,2016
2016-12-22 05:00:00+00:00,730.7,750.38,29.39,42.93,3.24,TNP_0007,4,2016
2016-12-22 06:00:00+00:00,830.67,849.17,31.04,35.69,3.3,TNP_0007,4,2016
2016-12-22 07:00:00+00:00,799.6,837.58,32.16,30.96,3.21,TNP_0007,4,2016
2016-12-22 08:00:00+00:00,713.85,751.03,32.76,27.92,3.05,TNP_0007,4,2016
2016-12-22 09:00:00+00:00,563.05,598.53,32.76,26.31,2.77,TNP_0007,4,2016
2016-12-22 10:00:00+00:00,346.52,396.0,32.14,26.4,2.51,TNP_0007,4,2016
2016-12-22 11:00:00+00:00,160.3,174.15,30.35,34.01,1.6,TNP_0007,4,2016
2016-12-22 12:00:00+00:00,14.23,14.77,26.81,51.37,1.2,TNP_0007,4,2016
2016-12-22 13:00:00+00:00,0.0,0.0,25.82,50.25,0.88,TNP_0007,4,2016
2016-12-22 14:00:00+00:00,0.0,0.0,24.85,54.24,1.08,TNP_0007,4,2016
2016-12-22 15:00:00+00:00,0.0,0.0,23.01,64.16,1.55,TNP_0007,4,2016
2016-12-22 16:00:00+00:00,0.0,0.0,21.9,71.41,1.64,TNP_0007,4,2016
2016-12-22 17:00:00+00:00,0.0,0.0,21.48,74.97,1.43,TNP_0007,4,2016
2016-12-22 18:00:00+00:00,0.0,0.0,21.45,74.92,0.96,TNP_0007,4,2016
2016-12-22 19:00:00+00:00,0.0,0.0,21.29,74.08,0.31,TNP_0007,4,2016
2016-12-22 20:00:00+00:00,0.0,0.0,20.54,75.05,0.62,TNP_0007,4,2016
2016-12-22 21:00:00+00:00,0.0,0.0,19.36,78.56,1.18,TNP_0007,4,2016
2016-12-22 22:00:00+00:00,0.0,0.0,18.36,80.61,1.53,TNP_0007,4,2016
2016-12-22 23:00:00+00:00,0.0,0.0,17.61,81.52,1.68,TNP_0007,4,2016
2016-12-23 00:00:00+00:00,0.0,0.0,17.03,81.57,1.74,TNP_0007,4,2016
2016-12-23 01:00:00+00:00,31.33,33.5,17.2,80.22,1.66,TNP_0007,4,2016
2016-12-23 02:00:00+00:00,207.45,222.4,20.17,64.36,2.14,TNP_0007,4,2016
2016-12-23 03:00:00+00:00,411.05,443.12,23.76,50.64,2.1,TNP_0007,4,2016
2016-12-23 04:00:00+00:00,593.7,635.1,27.2,36.65,2.13,TNP_0007,4,2016
2016-12-23 05:00:00+00:00,724.55,771.1,29.57,28.02,2.24,TNP_0007,4,2016
2016-12-23 06:00:00+00:00,769.25,816.6,31.2,22.86,2.31,TNP_0007,4,2016
2016-12-23 07:00:00+00:00,756.0,810.08,32.29,19.65,2.3,TNP_0007,4,2016
2016-12-23 08:00:00+00:00,705.47,729.35,32.79,17.77,2.25,TNP_0007,4,2016
2016-12-23 09:00:00+00:00,539.47,581.65,32.74,16.93,2.05,TNP_0007,4,2016
2016-12-23 10:00:00+00:00,345.55,383.2,32.05,17.12,1.8,TNP_0007,4,2016
2016-12-23 11:00:00+00:00,152.05,166.8,30.04,25.35,1.15,TNP_0007,4,2016
2016-12-23 12:00:00+00:00,13.57,14.35,26.55,40.99,1.04,TNP_0007,4,2016
2016-12-23 13:00:00+00:00,0.0,0.0,25.51,39.29,0.85,TNP_0007,4,2016
2016-12-23 14:00:00+00:00,0.0,0.0,24.35,43.83,1.01,TNP_0007,4,2016
2016-12-23 15:00:00+00:00,0.0,0.0,23.11,49.13,1.18,TNP_0007,4,2016
2016-12-23 16:00:00+00:00,0.0,0.0,22.23,53.31,0.83,TNP_0007,4,2016
2016-12-23 17:00:00+00:00,0.0,0.0,21.47,56.54,0.08,TNP_0007,4,2016
2016-12-23 18:00:00+00:00,0.0,0.0,20.18,61.59,0.8,TNP_0007,4,2016
2016-12-23 19:00:00+00:00,0.0,0.0,18.67,67.06,1.54,TNP_0007,4,2016
2016-12-23 20:00:00+00:00,0.0,0.0,17.4,70.3,1.93,TNP_0007,4,2016
2016-12-23 21:00:00+00:00,0.0,0.0,16.58,70.58,2.0,TNP_0007,4,2016
2016-12-23 22:00:00+00:00,0.0,0.0,15.95,70.81,2.01,TNP_0007,4,2016
2016-12-23 23:00:00+00:00,0.0,0.0,15.46,71.8,2.0,TNP_0007,4,2016
2016-12-24 00:00:00+00:00,0.0,0.0,15.04,73.46,1.93,TNP_0007,4,2016
2016-12-24 01:00:00+00:00,32.45,34.28,15.34,75.84,1.72,TNP_0007,4,2016
2016-12-24 02:00:00+00:00,224.0,229.23,18.65,61.25,1.97,TNP_0007,4,2016
2016-12-24 03:00:00+00:00,450.5,454.45,22.58,50.74,1.84,TNP_0007,4,2016
2016-12-24 04:00:00+00:00,650.0,650.12,26.23,37.83,1.77,TNP_0007,4,2016
2016-12-24 05:00:00+00:00,775.88,784.53,28.73,29.42,1.63,TNP_0007,4,2016
2016-12-24 06:00:00+00:00,806.88,822.78,30.44,24.47,1.71,TNP_0007,4,2016
2016-12-24 07:00:00+00:00,798.33,812.88,31.59,21.55,1.69,TNP_0007,4,2016
2016-12-24 08:00:00+00:00,689.03,732.12,32.16,20.0,1.63,TNP_0007,4,2016
2016-12-24 09:00:00+00:00,547.75,583.35,32.12,19.43,1.51,TNP_0007,4,2016
2016-12-24 10:00:00+00:00,327.05,384.17,31.39,20.02,1.5,TNP_0007,4,2016
2016-12-24 11:00:00+00:00,149.0,167.4,29.36,29.83,1.07,TNP_0007,4,2016
2016-12-24 12:00:00+00:00,13.75,14.82,26.06,44.01,1.13,TNP_0007,4,2016
2016-12-24 13:00:00+00:00,0.0,0.0,24.95,42.53,1.0,TNP_0007,4,2016
2016-12-24 14:00:00+00:00,0.0,0.0,23.38,51.82,1.13,TNP_0007,4,2016
2016-12-24 15:00:00+00:00,0.0,0.0,22.03,59.08,1.33,TNP_0007,4,2016
2016-12-24 16:00:00+00:00,0.0,0.0,21.21,64.07,1.15,TNP_0007,4,2016
2016-12-24 17:00:00+00:00,0.0,0.0,20.44,68.06,1.04,TNP_0007,4,2016
2016-12-24 18:00:00+00:00,0.0,0.0,19.09,74.48,1.54,TNP_0007,4,2016
2016-12-24 19:00:00+00:00,0.0,0.0,17.84,79.79,1.93,TNP_0007,4,2016
2016-12-24 20:00:00+00:00,0.0,0.0,17.04,81.78,2.05,TNP_0007,4,2016
2016-12-24 21:00:00+00:00,0.0,0.0,16.4,82.96,2.02,TNP_0007,4,2016
2016-12-24 22:00:00+00:00,0.0,0.0,15.8,84.53,1.97,TNP_0007,4,2016
2016-12-24 23:00:00+00:00,0.0,0.0,15.36,86.65,1.93,TNP_0007,4,2016
2016-12-25 00:00:00+00:00,0.0,0.0,15.1,88.53,1.88,TNP_0007,4,2016
2016-12-25 01:00:00+00:00,28.6,31.08,15.69,86.66,1.86,TNP_0007,4,2016
2016-12-25 02:00:00+00:00,198.0,215.12,18.27,75.31,2.5,TNP_0007,4,2016
2016-12-25 03:00:00+00:00,400.92,435.42,21.58,62.55,2.47,TNP_0007,4,2016
2016-12-25 04:00:00+00:00,599.28,629.33,24.71,50.25,2.0,TNP_0007,4,2016
2016-12-25 05:00:00+00:00,756.3,769.25,27.13,41.41,1.69,TNP_0007,4,2016
2016-12-25 06:00:00+00:00,799.17,828.7,29.07,34.36,1.53,TNP_0007,4,2016
2016-12-25 07:00:00+00:00,772.53,820.8,30.51,28.9,1.38,TNP_0007,4,2016
2016-12-25 08:00:00+00:00,689.12,739.58,31.28,25.77,1.2,TNP_0007,4,2016
2016-12-25 09:00:00+00:00,546.55,589.58,31.35,24.3,0.98,TNP_0007,4,2016
2016-12-25 10:00:00+00:00,305.02,388.15,30.8,24.05,0.83,TNP_0007,4,2016
2016-12-25 11:00:00+00:00,144.48,169.25,29.29,29.57,0.53,TNP_0007,4,2016
2016-12-25 12:00:00+00:00,13.75,15.3,26.54,41.66,0.57,TNP_0007,4,2016
2016-12-25 13:00:00+00:00,0.0,0.0,24.67,46.15,0.77,TNP_0007,4,2016
2016-12-25 14:00:00+00:00,0.0,0.0,23.0,53.92,1.33,TNP_0007,4,2016
2016-12-25 15:00:00+00:00,0.0,0.0,21.36,62.47,1.83,TNP_0007,4,2016
2016-12-25 16:00:00+00:00,0.0,0.0,20.03,71.42,1.96,TNP_0007,4,2016
2016-12-25 17:00:00+00:00,0.0,0.0,19.34,77.28,1.82,TNP_0007,4,2016
2016-12-25 18:00:00+00:00,0.0,0.0,19.1,80.25,1.49,TNP_0007,4,2016
2016-12-25 19:00:00+00:00,0.0,0.0,18.93,81.89,1.02,TNP_0007,4,2016
2016-12-25 20:00:00+00:00,0.0,0.0,18.66,82.19,0.93,TNP_0007,4,2016
2016-12-25 21:00:00+00:00,0.0,0.0,17.61,84.7,1.2,TNP_0007,4,2016
2016-12-25 22:00:00+00:00,0.0,0.0,16.98,83.63,1.48,TNP_0007,4,2016
2016-12-25 23:00:00+00:00,0.0,0.0,16.32,82.47,1.61,TNP_0007,4,2016
2016-12-26 00:00:00+00:00,0.0,0.0,15.65,81.8,1.66,TNP_0007,4,2016
2016-12-26 01:00:00+00:00,27.1,29.67,15.99,78.21,1.64,TNP_0007,4,2016
2016-12-26 02:00:00+00:00,196.62,210.93,19.31,62.0,2.13,TNP_0007,4,2016
2016-12-26 03:00:00+00:00,400.12,429.62,22.61,51.91,2.1,TNP_0007,4,2016
2016-12-26 04:00:00+00:00,598.85,621.97,26.06,38.88,2.21,TNP_0007,4,2016
2016-12-26 05:00:00+00:00,756.0,759.8,28.83,29.79,2.39,TNP_0007,4,2016
2016-12-26 06:00:00+00:00,780.2,794.78,30.72,24.6,2.39,TNP_0007,4,2016
2016-12-26 07:00:00+00:00,765.53,790.53,32.0,21.25,2.26,TNP_0007,4,2016
2016-12-26 08:00:00+00:00,680.0,711.35,32.61,19.56,2.09,TNP_0007,4,2016
2016-12-26 09:00:00+00:00,534.25,565.8,32.46,19.12,2.01,TNP_0007,4,2016
2016-12-26 10:00:00+00:00,347.48,371.25,31.82,19.69,2.04,TNP_0007,4,2016
2016-12-26 11:00:00+00:00,154.15,161.57,29.93,29.16,1.33,TNP_0007,4,2016
2016-12-26 12:00:00+00:00,14.32,14.7,26.43,44.88,1.19,TNP_0007,4,2016
2016-12-26 13:00:00+00:00,0.0,0.0,25.78,42.59,0.91,TNP_0007,4,2016
2016-12-26 14:00:00+00:00,0.0,0.0,24.98,44.38,0.6,TNP_0007,4,2016
2016-12-26 15:00:00+00:00,0.0,0.0,23.99,48.24,0.48,TNP_0007,4,2016
2016-12-26 16:00:00+00:00,0.0,0.0,22.57,54.07,1.09,TNP_0007,4,2016
2016-12-26 17:00:00+00:00,0.0,0.0,20.77,60.98,1.77,TNP_0007,4,2016
2016-12-26 18:00:00+00:00,0.0,0.0,19.61,63.31,2.0,TNP_0007,4,2016
2016-12-26 19:00:00+00:00,0.0,0.0,18.9,63.58,1.99,TNP_0007,4,2016
2016-12-26 20:00:00+00:00,0.0,0.0,18.24,64.12,1.9,TNP_0007,4,2016
2016-12-26 21:00:00+00:00,0.0,0.0,17.78,65.0,1.74,TNP_0007,4,2016
2016-12-26 22:00:00+00:00,0.0,0.0,17.24,67.63,1.53,TNP_0007,4,2016
2016-12-26 23:00:00+00:00,0.0,0.0,16.8,70.37,1.4,TNP_0007,4,2016
2016-12-27 00:00:00+00:00,0.0,0.0,16.52,72.8,1.36,TNP_0007,4,2016
2016-12-27 01:00:00+00:00,27.77,27.83,16.88,74.59,1.32,TNP_0007,4,2016
2016-12-27 02:00:00+00:00,204.65,205.27,20.35,61.34,2.18,TNP_0007,4,2016
2016-12-27 03:00:00+00:00,414.0,422.38,24.06,43.5,3.93,TNP_0007,4,2016
2016-12-27 04:00:00+00:00,605.15,615.55,27.26,29.73,4.69,TNP_0007,4,2016
2016-12-27 05:00:00+00:00,755.45,755.65,29.62,23.01,4.94,TNP_0007,4,2016
2016-12-27 06:00:00+00:00,845.92,848.6,31.38,19.89,5.13,TNP_0007,4,2016
2016-12-27 07:00:00+00:00,829.03,844.3,32.51,20.49,5.22,TNP_0007,4,2016
2016-12-27 08:00:00+00:00,765.28,765.58,33.06,22.83,5.16,TNP_0007,4,2016
2016-12-27 09:00:00+00:00,598.08,619.4,33.1,25.2,4.95,TNP_0007,4,2016
2016-12-27 10:00:00+00:00,391.48,419.88,32.52,27.94,4.8,TNP_0007,4,2016
2016-12-27 11:00:00+00:00,184.05,194.2,31.05,32.92,4.11,TNP_0007,4,2016
2016-12-27 12:00:00+00:00,17.55,18.15,26.79,49.84,2.67,TNP_0007,4,2016
2016-12-27 13:00:00+00:00,0.0,0.0,25.05,54.7,2.91,TNP_0007,4,2016
2016-12-27 14:00:00+00:00,0.0,0.0,24.41,56.41,3.31,TNP_0007,4,2016
2016-12-27 15:00:00+00:00,0.0,0.0,23.43,60.89,3.43,TNP_0007,4,2016
2016-12-27 16:00:00+00:00,0.0,0.0,22.38,66.42,3.1,TNP_0007,4,2016
2016-12-27 17:00:00+00:00,0.0,0.0,21.56,71.82,2.86,TNP_0007,4,2016
2016-12-27 18:00:00+00:00,0.0,0.0,20.79,77.35,2.63,TNP_0007,4,2016
2016-12-27 19:00:00+00:00,0.0,0.0,20.11,82.41,2.49,TNP_0007,4,2016
2016-12-27 20:00:00+00:00,0.0,0.0,19.61,86.66,2.62,TNP_0007,4,2016
2016-12-27 21:00:00+00:00,0.0,0.0,19.43,88.33,2.64,TNP_0007,4,2016
2016-12-27 22:00:00+00:00,0.0,0.0,19.02,89.72,2.51,TNP_0007,4,2016
2016-12-27 23:00:00+00:00,0.0,0.0,18.53,90.65,2.33,TNP_0007,4,2016
2016-12-28 00:00:00+00:00,0.0,0.0,18.09,90.72,2.31,TNP_0007,4,2016
2016-12-28 01:00:00+00:00,26.55,29.35,18.41,87.57,2.56,TNP_0007,4,2016
2016-12-28 02:00:00+00:00,198.18,214.88,20.41,74.69,3.82,TNP_0007,4,2016
2016-12-28 03:00:00+00:00,374.5,435.48,23.14,57.23,5.08,TNP_0007,4,2016
2016-12-28 04:00:00+00:00,548.95,624.92,26.14,49.16,5.88,TNP_0007,4,2016
2016-12-28 05:00:00+00:00,582.88,757.33,28.45,46.4,6.15,TNP_0007,4,2016
2016-12-28 06:00:00+00:00,717.88,837.38,30.17,43.62,6.19,TNP_0007,4,2016
2016-12-28 07:00:00+00:00,601.12,831.67,31.38,41.24,6.15,TNP_0007,4,2016
2016-12-28 08:00:00+00:00,596.53,751.38,32.01,39.74,6.08,TNP_0007,4,2016
2016-12-28 09:00:00+00:00,454.95,602.47,31.93,39.57,5.89,TNP_0007,4,2016
2016-12-28 10:00:00+00:00,306.45,403.67,31.21,40.81,5.69,TNP_0007,4,2016
2016-12-28 11:00:00+00:00,155.8,184.3,29.72,44.47,5.18,TNP_0007,4,2016
2016-12-28 12:00:00+00:00,17.0,18.15,26.55,57.25,3.34,TNP_0007,4,2016
2016-12-28 13:00:00+00:00,0.0,0.0,24.59,66.38,3.21,TNP_0007,4,2016
2016-12-28 14:00:00+00:00,0.0,0.0,23.6,72.02,3.22,TNP_0007,4,2016
2016-12-28 15:00:00+00:00,0.0,0.0,22.77,77.86,3.2,TNP_0007,4,2016
2016-12-28 16:00:00+00:00,0.0,0.0,22.01,83.73,3.01,TNP_0007,4,2016
2016-12-28 17:00:00+00:00,0.0,0.0,21.16,89.87,2.9,TNP_0007,4,2016
2016-12-28 18:00:00+00:00,0.0,0.0,20.68,92.96,3.07,TNP_0007,4,2016
2016-12-28 19:00:00+00:00,0.0,0.0,20.26,94.09,3.33,TNP_0007,4,2016
2016-12-28 20:00:00+00:00,0.0,0.0,19.85,93.92,3.64,TNP_0007,4,2016
2016-12-28 21:00:00+00:00,0.0,0.0,19.34,94.18,3.49,TNP_0007,4,2016
2016-12-28 22:00:00+00:00,0.0,0.0,18.81,94.59,3.29,TNP_0007,4,2016
2016-12-28 23:00:00+00:00,0.0,0.0,18.22,95.47,3.17,TNP_0007,4,2016
2016-12-29 00:00:00+00:00,0.0,0.0,17.55,97.26,3.08,TNP_0007,4,2016
2016-12-29 01:00:00+00:00,32.95,35.83,17.77,94.82,3.15,TNP_0007,4,2016
2016-12-29 02:00:00+00:00,225.55,244.48,19.62,83.47,4.16,TNP_0007,4,2016
2016-12-29 03:00:00+00:00,431.25,473.23,22.46,64.91,5.17,TNP_0007,4,2016
2016-12-29 04:00:00+00:00,646.92,669.03,25.87,49.48,5.93,TNP_0007,4,2016
2016-12-29 05:00:00+00:00,767.75,809.05,28.2,41.97,6.08,TNP_0007,4,2016
2016-12-29 06:00:00+00:00,837.33,860.8,29.95,36.21,6.03,TNP_0007,4,2016
2016-12-29 07:00:00+00:00,689.0,856.05,31.2,31.77,5.9,TNP_0007,4,2016
2016-12-29 08:00:00+00:00,741.1,774.62,31.88,28.58,5.69,TNP_0007,4,2016
2016-12-29 09:00:00+00:00,572.62,616.35,31.95,26.74,5.2,TNP_0007,4,2016
2016-12-29 10:00:00+00:00,375.4,409.05,31.33,26.5,4.74,TNP_0007,4,2016
2016-12-29 11:00:00+00:00,174.95,185.32,29.73,29.71,3.86,TNP_0007,4,2016
2016-12-29 12:00:00+00:00,17.5,18.35,25.06,48.2,2.6,TNP_0007,4,2016
2016-12-29 13:00:00+00:00,0.0,0.0,22.92,55.14,2.85,TNP_0007,4,2016
2016-12-29 14:00:00+00:00,0.0,0.0,21.94,58.29,2.93,TNP_0007,4,2016
2016-12-29 15:00:00+00:00,0.0,0.0,21.11,62.28,3.07,TNP_0007,4,2016
2016-12-29 16:00:00+00:00,0.0,0.0,20.44,67.44,3.24,TNP_0007,4,2016
2016-12-29 17:00:00+00:00,0.0,0.0,19.82,73.86,3.23,TNP_0007,4,2016
2016-12-29 18:00:00+00:00,0.0,0.0,19.15,80.72,2.96,TNP_0007,4,2016
2016-12-29 19:00:00+00:00,0.0,0.0,18.81,86.29,2.54,TNP_0007,4,2016
2016-12-29 20:00:00+00:00,0.0,0.0,18.55,90.55,2.73,TNP_0007,4,2016
2016-12-29 21:00:00+00:00,0.0,0.0,18.23,93.79,2.72,TNP_0007,4,2016
2016-12-29 22:00:00+00:00,0.0,0.0,17.98,95.22,2.93,TNP_0007,4,2016
2016-12-29 23:00:00+00:00,0.0,0.0,17.94,94.85,3.23,TNP_0007,4,2016
2016-12-30 00:00:00+00:00,0.0,0.0,17.83,93.96,3.4,TNP_0007,4,2016
2016-12-30 01:00:00+00:00,23.83,26.45,18.03,91.33,3.77,TNP_0007,4,2016
2016-12-30 02:00:00+00:00,171.55,201.6,19.76,79.41,4.97,TNP_0007,4,2016
2016-12-30 03:00:00+00:00,349.42,418.4,22.11,64.11,5.42,TNP_0007,4,2016
2016-12-30 04:00:00+00:00,529.05,600.28,24.77,48.59,5.49,TNP_0007,4,2016
2016-12-30 05:00:00+00:00,649.2,713.45,27.21,36.91,5.39,TNP_0007,4,2016
2016-12-30 06:00:00+00:00,765.08,843.08,29.04,29.48,5.23,TNP_0007,4,2016
2016-12-30 07:00:00+00:00,746.28,833.42,30.29,24.87,5.0,TNP_0007,4,2016
2016-12-30 08:00:00+00:00,627.28,747.8,30.93,21.96,4.78,TNP_0007,4,2016
2016-12-30 09:00:00+00:00,504.58,614.22,30.93,20.35,4.57,TNP_0007,4,2016
2016-12-30 10:00:00+00:00,348.08,425.58,30.23,20.09,4.39,TNP_0007,4,2016
2016-12-30 11:00:00+00:00,157.38,197.18,28.42,24.34,3.46,TNP_0007,4,2016
2016-12-30 12:00:00+00:00,18.65,20.33,23.62,41.86,2.56,TNP_0007,4,2016
2016-12-30 13:00:00+00:00,0.0,0.0,21.75,45.89,2.74,TNP_0007,4,2016
2016-12-30 14:00:00+00:00,0.0,0.0,20.89,47.87,2.79,TNP_0007,4,2016
2016-12-30 15:00:00+00:00,0.0,0.0,20.04,51.01,2.94,TNP_0007,4,2016
2016-12-30 16:00:00+00:00,0.0,0.0,19.39,54.94,3.17,TNP_0007,4,2016
2016-12-30 17:00:00+00:00,0.0,0.0,18.85,61.2,3.52,TNP_0007,4,2016
2016-12-30 18:00:00+00:00,0.0,0.0,18.21,69.62,3.42,TNP_0007,4,2016
2016-12-30 19:00:00+00:00,0.0,0.0,17.54,76.87,2.93,TNP_0007,4,2016
2016-12-30 20:00:00+00:00,0.0,0.0,16.99,82.34,2.48,TNP_0007,4,2016
2016-12-30 21:00:00+00:00,0.0,0.0,16.44,87.96,2.1,TNP_0007,4,2016
2016-12-30 22:00:00+00:00,0.0,0.0,16.07,92.21,1.93,TNP_0007,4,2016
2016-12-30 23:00:00+00:00,0.0,0.0,15.94,94.6,1.84,TNP_0007,4,2016
2016-12-31 00:00:00+00:00,0.0,0.0,15.76,96.69,1.84,TNP_0007,4,2016
2016-12-31 01:00:00+00:00,27.77,28.73,16.34,93.89,2.09,TNP_0007,4,2016
2016-12-31 02:00:00+00:00,211.27,215.2,18.87,79.84,3.66,TNP_0007,4,2016
2016-12-31 03:00:00+00:00,427.73,438.62,21.54,66.25,4.38,TNP_0007,4,2016
2016-12-31 04:00:00+00:00,627.95,631.25,24.24,53.3,4.43,TNP_0007,4,2016
2016-12-31 05:00:00+00:00,762.25,768.72,26.85,40.94,4.44,TNP_0007,4,2016
2016-12-31 06:00:00+00:00,840.15,860.4,28.83,32.15,4.43,TNP_0007,4,2016
2016-12-31 07:00:00+00:00,853.78,854.5,30.18,26.71,4.39,TNP_0007,4,2016
2016-12-31 08:00:00+00:00,749.05,781.22,30.91,23.28,4.3,TNP_0007,4,2016
2016-12-31 09:00:00+00:00,603.28,626.83,30.95,21.28,4.14,TNP_0007,4,2016
2016-12-31 10:00:00+00:00,372.83,408.58,30.28,20.67,3.99,TNP_0007,4,2016
2016-12-31 11:00:00+00:00,169.07,173.55,28.43,25.39,3.11,TNP_0007,4,2016
2016-12-31 12:00:00+00:00,16.35,16.5,23.6,41.92,2.46,TNP_0007,4,2016
2016-12-31 13:00:00+00:00,0.0,0.0,21.61,45.41,2.65,TNP_0007,4,2016
2016-12-31 14:00:00+00:00,0.0,0.0,20.64,47.45,2.66,TNP_0007,4,2016
2016-12-31 15:00:00+00:00,0.0,0.0,19.75,50.44,2.67,TNP_0007,4,2016
2016-12-31 16:00:00+00:00,0.0,0.0,18.81,54.89,2.67,TNP_0007,4,2016
2016-12-31 17:00:00+00:00,0.0,0.0,17.92,59.95,2.61,TNP_0007,4,2016
2016-12-31 18:00:00+00:00,0.0,0.0,17.05,65.81,2.48,TNP_0007,4,2016
2016-12-31 19:00:00+00:00,0.0,0.0,16.32,71.17,2.31,TNP_0007,4,2016
2016-12-31 20:00:00+00:00,0.0,0.0,15.79,75.34,2.15,TNP_0007,4,2016
2016-12-31 21:00:00+00:00,0.0,0.0,15.51,78.23,1.91,TNP_0007,4,2016
2016-12-31 22:00:00+00:00,0.0,0.0,15.22,81.29,1.77,TNP_0007,4,2016
2016-12-31 23:00:00+00:00,0.0,0.0,14.88,85.3,1.82,TNP_0007,4,2016
