timestamp_utc,GHI_Wm2,GHI_clearsky_Wm2,T_amb_C,RH_pct,wind_ms,point_id,cluster_id,year
2016-01-01 00:00:00+00:00,0.0,0.0,15.96,100.0,2.45,TNP_0009,2,2016
2016-01-01 01:00:00+00:00,42.17,46.78,17.06,99.66,2.5,TNP_0009,2,2016
2016-01-01 02:00:00+00:00,225.93,261.45,20.2,88.02,3.72,TNP_0009,2,2016
2016-01-01 03:00:00+00:00,430.1,487.08,22.76,77.88,4.03,TNP_0009,2,2016
2016-01-01 04:00:00+00:00,561.88,672.08,24.41,71.29,4.97,TNP_0009,2,2016
2016-01-01 05:00:00+00:00,641.15,798.28,25.38,68.02,5.38,TNP_0009,2,2016
2016-01-01 06:00:00+00:00,660.65,817.4,26.12,65.77,5.55,TNP_0009,2,2016
2016-01-01 07:00:00+00:00,648.53,801.72,26.5,64.65,5.45,TNP_0009,2,2016
2016-01-01 08:00:00+00:00,581.92,711.9,26.49,64.68,5.22,TNP_0009,2,2016
2016-01-01 09:00:00+00:00,481.05,560.3,26.15,65.59,4.96,TNP_0009,2,2016
2016-01-01 10:00:00+00:00,292.6,357.35,25.42,68.21,4.5,TNP_0009,2,2016
2016-01-01 11:00:00+00:00,116.9,140.1,23.83,78.92,3.07,TNP_0009,2,2016
2016-01-01 12:00:00+00:00,6.32,6.78,21.0,89.59,2.64,TNP_0009,2,2016
2016-01-01 13:00:00+00:00,0.0,0.0,20.01,91.22,2.75,TNP_0009,2,2016
2016-01-01 14:00:00+00:00,0.0,0.0,19.41,92.4,2.78,TNP_0009,2,2016
2016-01-01 15:00:00+00:00,0.0,0.0,18.85,94.08,2.74,TNP_0009,2,2016
2016-01-01 16:00:00+00:00,0.0,0.0,18.35,95.59,2.64,TNP_0009,2,2016
2016-01-01 17:00:00+00:00,0.0,0.0,17.91,96.76,2.52,TNP_0009,2,2016
2016-01-01 18:00:00+00:00,0.0,0.0,17.48,98.33,2.44,TNP_0009,2,2016
2016-01-01 19:00:00+00:00,0.0,0.0,17.05,100.0,2.44,TNP_0009,2,2016
2016-01-01 20:00:00+00:00,0.0,0.0,16.64,100.0,2.47,TNP_0009,2,2016
2016-01-01 21:00:00+00:00,0.0,0.0,16.24,100.0,2.53,TNP_0009,2,2016
2016-01-01 22:00:00+00:00,0.0,0.0,15.88,100.0,2.6,TNP_0009,2,2016
2016-01-01 23:00:00+00:00,0.0,0.0,15.58,100.0,2.67,TNP_0009,2,2016
2016-01-02 00:00:00+00:00,0.0,0.0,15.34,100.0,2.72,TNP_0009,2,2016
2016-01-02 01:00:00+00:00,49.67,50.67,16.5,100.0,2.84,TNP_0009,2,2016
2016-01-02 02:00:00+00:00,256.27,265.35,19.39,89.21,3.68,TNP_0009,2,2016
2016-01-02 03:00:00+00:00,472.38,488.8,22.36,78.31,3.08,TNP_0009,2,2016
2016-01-02 04:00:00+00:00,642.15,674.28,24.28,71.23,3.68,TNP_0009,2,2016
2016-01-02 05:00:00+00:00,757.65,800.62,25.44,66.8,3.72,TNP_0009,2,2016
2016-01-02 06:00:00+00:00,805.08,832.97,26.26,63.14,3.69,TNP_0009,2,2016
2016-01-02 07:00:00+00:00,779.58,817.33,26.72,60.57,3.65,TNP_0009,2,2016
2016-01-02 08:00:00+00:00,715.53,727.12,26.81,59.24,3.63,TNP_0009,2,2016
2016-01-02 09:00:00+00:00,563.55,570.92,26.48,59.96,3.67,TNP_0009,2,2016
2016-01-02 10:00:00+00:00,360.35,365.3,25.75,62.98,3.65,TNP_0009,2,2016
2016-01-02 11:00:00+00:00,143.32,143.9,23.9,75.9,2.77,TNP_0009,2,2016
2016-01-02 12:00:00+00:00,7.15,7.18,20.79,87.36,2.7,TNP_0009,2,2016
2016-01-02 13:00:00+00:00,0.0,0.0,19.74,89.41,2.81,TNP_0009,2,2016
2016-01-02 14:00:00+00:00,0.0,0.0,19.11,91.0,2.78,TNP_0009,2,2016
2016-01-02 15:00:00+00:00,0.0,0.0,18.57,92.57,2.64,TNP_0009,2,2016
2016-01-02 16:00:00+00:00,0.0,0.0,18.19,93.84,2.42,TNP_0009,2,2016
2016-01-02 17:00:00+00:00,0.0,0.0,18.0,94.33,2.14,TNP_0009,2,2016
2016-01-02 18:00:00+00:00,0.0,0.0,17.99,93.74,1.82,TNP_0009,2,2016
2016-01-02 19:00:00+00:00,0.0,0.0,17.97,93.27,1.55,TNP_0009,2,2016
2016-01-02 20:00:00+00:00,0.0,0.0,17.67,94.35,1.46,TNP_0009,2,2016
2016-01-02 21:00:00+00:00,0.0,0.0,17.14,97.19,1.59,TNP_0009,2,2016
2016-01-02 22:00:00+00:00,0.0,0.0,16.55,100.0,1.74,TNP_0009,2,2016
2016-01-02 23:00:00+00:00,0.0,0.0,15.99,100.0,1.94,TNP_0009,2,2016
2016-01-03 00:00:00+00:00,0.0,0.0,15.42,100.0,2.15,TNP_0009,2,2016
2016-01-03 01:00:00+00:00,41.4,42.38,16.19,100.0,2.07,TNP_0009,2,2016
2016-01-03 02:00:00+00:00,246.43,249.4,19.43,90.1,2.73,TNP_0009,2,2016
2016-01-03 03:00:00+00:00,475.77,478.12,22.21,78.97,1.11,TNP_0009,2,2016
2016-01-03 04:00:00+00:00,664.05,666.88,24.31,69.49,2.22,TNP_0009,2,2016
2016-01-03 05:00:00+00:00,796.92,797.28,25.56,64.4,2.89,TNP_0009,2,2016
2016-01-03 06:00:00+00:00,843.6,845.88,26.53,60.87,3.3,TNP_0009,2,2016
2016-01-03 07:00:00+00:00,822.75,830.03,27.07,58.54,3.61,TNP_0009,2,2016
2016-01-03 08:00:00+00:00,739.58,739.7,27.17,57.79,3.75,TNP_0009,2,2016
2016-01-03 09:00:00+00:00,580.47,582.65,26.86,59.03,3.69,TNP_0009,2,2016
2016-01-03 10:00:00+00:00,373.05,375.4,26.2,61.78,3.45,TNP_0009,2,2016
2016-01-03 11:00:00+00:00,151.05,152.52,24.37,74.96,2.54,TNP_0009,2,2016
2016-01-03 12:00:00+00:00,7.55,7.6,21.14,86.57,2.5,TNP_0009,2,2016
2016-01-03 13:00:00+00:00,0.0,0.0,20.03,88.56,2.63,TNP_0009,2,2016
2016-01-03 14:00:00+00:00,0.0,0.0,19.34,90.45,2.62,TNP_0009,2,2016
2016-01-03 15:00:00+00:00,0.0,0.0,18.73,92.9,2.58,TNP_0009,2,2016
2016-01-03 16:00:00+00:00,0.0,0.0,18.25,95.83,2.43,TNP_0009,2,2016
2016-01-03 17:00:00+00:00,0.0,0.0,17.91,97.94,2.21,TNP_0009,2,2016
2016-01-03 18:00:00+00:00,0.0,0.0,17.72,99.24,1.94,TNP_0009,2,2016
2016-01-03 19:00:00+00:00,0.0,0.0,17.61,100.0,1.68,TNP_0009,2,2016
2016-01-03 20:00:00+00:00,0.0,0.0,17.57,100.0,1.47,TNP_0009,2,2016
2016-01-03 21:00:00+00:00,0.0,0.0,17.57,100.0,1.2,TNP_0009,2,2016
2016-01-03 22:00:00+00:00,0.0,0.0,17.4,100.0,0.9,TNP_0009,2,2016
2016-01-03 23:00:00+00:00,0.0,0.0,17.13,100.0,0.84,TNP_0009,2,2016
2016-01-04 00:00:00+00:00,0.0,0.0,16.78,100.0,1.24,TNP_0009,2,2016
2016-01-04 01:00:00+00:00,47.65,48.15,16.88,100.0,1.63,TNP_0009,2,2016
2016-01-04 02:00:00+00:00,256.83,259.3,19.91,91.46,2.46,TNP_0009,2,2016
2016-01-04 03:00:00+00:00,482.4,485.8,22.69,78.59,2.04,TNP_0009,2,2016
2016-01-04 04:00:00+00:00,671.03,673.9,24.59,67.81,2.86,TNP_0009,2,2016
2016-01-04 05:00:00+00:00,795.62,801.95,25.78,60.96,3.29,TNP_0009,2,2016
2016-01-04 06:00:00+00:00,837.72,843.15,26.5,57.27,3.52,TNP_0009,2,2016
2016-01-04 07:00:00+00:00,818.0,826.3,26.83,55.87,3.56,TNP_0009,2,2016
2016-01-04 08:00:00+00:00,724.17,734.88,26.81,55.88,3.54,TNP_0009,2,2016
2016-01-04 09:00:00+00:00,562.22,577.75,26.48,57.39,3.54,TNP_0009,2,2016
2016-01-04 10:00:00+00:00,359.12,370.98,25.78,60.33,3.43,TNP_0009,2,2016
2016-01-04 11:00:00+00:00,144.2,147.62,23.92,74.3,2.56,TNP_0009,2,2016
2016-01-04 12:00:00+00:00,7.68,7.78,20.92,85.76,2.57,TNP_0009,2,2016
2016-01-04 13:00:00+00:00,0.0,0.0,19.92,87.74,2.74,TNP_0009,2,2016
2016-01-04 14:00:00+00:00,0.0,0.0,19.36,89.74,2.77,TNP_0009,2,2016
2016-01-04 15:00:00+00:00,0.0,0.0,18.88,91.66,2.73,TNP_0009,2,2016
2016-01-04 16:00:00+00:00,0.0,0.0,18.43,93.92,2.55,TNP_0009,2,2016
2016-01-04 17:00:00+00:00,0.0,0.0,18.15,95.4,2.27,TNP_0009,2,2016
2016-01-04 18:00:00+00:00,0.0,0.0,17.94,96.47,2.05,TNP_0009,2,2016
2016-01-04 19:00:00+00:00,0.0,0.0,17.75,97.34,1.91,TNP_0009,2,2016
2016-01-04 20:00:00+00:00,0.0,0.0,17.41,98.91,1.89,TNP_0009,2,2016
2016-01-04 21:00:00+00:00,0.0,0.0,17.05,100.0,1.92,TNP_0009,2,2016
2016-01-04 22:00:00+00:00,0.0,0.0,16.72,100.0,1.98,TNP_0009,2,2016
2016-01-04 23:00:00+00:00,0.0,0.0,16.26,100.0,2.11,TNP_0009,2,2016
2016-01-05 00:00:00+00:00,0.0,0.0,15.79,100.0,2.27,TNP_0009,2,2016
2016-01-05 01:00:00+00:00,39.1,41.03,16.75,100.0,2.12,TNP_0009,2,2016
2016-01-05 02:00:00+00:00,224.4,243.9,20.09,89.02,2.65,TNP_0009,2,2016
2016-01-05 03:00:00+00:00,442.48,468.8,22.83,77.15,2.52,TNP_0009,2,2016
2016-01-05 04:00:00+00:00,607.33,656.83,24.6,68.52,3.36,TNP_0009,2,2016
2016-01-05 05:00:00+00:00,734.75,786.03,25.62,64.34,3.52,TNP_0009,2,2016
2016-01-05 06:00:00+00:00,761.9,817.03,26.37,61.44,3.52,TNP_0009,2,2016
2016-01-05 07:00:00+00:00,711.67,798.78,26.76,59.75,3.48,TNP_0009,2,2016
2016-01-05 08:00:00+00:00,607.45,707.2,26.8,59.09,3.38,TNP_0009,2,2016
2016-01-05 09:00:00+00:00,494.02,551.38,26.5,59.84,3.28,TNP_0009,2,2016
2016-01-05 10:00:00+00:00,290.12,348.35,25.84,62.7,3.14,TNP_0009,2,2016
2016-01-05 11:00:00+00:00,117.32,135.15,24.22,73.49,2.51,TNP_0009,2,2016
2016-01-05 12:00:00+00:00,6.62,7.45,21.06,86.08,2.47,TNP_0009,2,2016
2016-01-05 13:00:00+00:00,0.0,0.0,19.96,87.78,2.66,TNP_0009,2,2016
2016-01-05 14:00:00+00:00,0.0,0.0,19.32,89.23,2.67,TNP_0009,2,2016
2016-01-05 15:00:00+00:00,0.0,0.0,18.77,90.65,2.63,TNP_0009,2,2016
2016-01-05 16:00:00+00:00,0.0,0.0,18.27,92.49,2.59,TNP_0009,2,2016
2016-01-05 17:00:00+00:00,0.0,0.0,17.88,94.51,2.52,TNP_0009,2,2016
2016-01-05 18:00:00+00:00,0.0,0.0,17.53,96.57,2.41,TNP_0009,2,2016
2016-01-05 19:00:00+00:00,0.0,0.0,17.15,98.72,2.39,TNP_0009,2,2016
2016-01-05 20:00:00+00:00,0.0,0.0,16.79,100.0,2.43,TNP_0009,2,2016
2016-01-05 21:00:00+00:00,0.0,0.0,16.47,100.0,2.49,TNP_0009,2,2016
2016-01-05 22:00:00+00:00,0.0,0.0,16.12,100.0,2.56,TNP_0009,2,2016
2016-01-05 23:00:00+00:00,0.0,0.0,15.8,100.0,2.58,TNP_0009,2,2016
2016-01-06 00:00:00+00:00,0.0,0.0,15.55,100.0,2.52,TNP_0009,2,2016
2016-01-06 01:00:00+00:00,36.85,39.22,16.58,98.68,2.28,TNP_0009,2,2016
2016-01-06 02:00:00+00:00,217.38,231.25,19.56,87.06,2.97,TNP_0009,2,2016
2016-01-06 03:00:00+00:00,434.77,448.9,22.12,77.36,2.94,TNP_0009,2,2016
2016-01-06 04:00:00+00:00,613.65,634.28,24.15,68.26,3.68,TNP_0009,2,2016
2016-01-06 05:00:00+00:00,682.4,761.75,25.4,63.4,3.88,TNP_0009,2,2016
2016-01-06 06:00:00+00:00,734.4,779.62,26.26,60.42,3.94,TNP_0009,2,2016
2016-01-06 07:00:00+00:00,651.47,764.72,26.76,59.03,4.04,TNP_0009,2,2016
2016-01-06 08:00:00+00:00,572.62,677.53,26.79,59.17,4.09,TNP_0009,2,2016
2016-01-06 09:00:00+00:00,437.23,524.55,26.29,61.35,3.98,TNP_0009,2,2016
2016-01-06 10:00:00+00:00,259.4,323.77,25.36,66.1,3.7,TNP_0009,2,2016
2016-01-06 11:00:00+00:00,108.28,123.15,23.7,77.9,2.83,TNP_0009,2,2016
2016-01-06 12:00:00+00:00,6.88,7.12,21.02,87.93,2.67,TNP_0009,2,2016
2016-01-06 13:00:00+00:00,0.0,0.0,20.05,89.84,2.78,TNP_0009,2,2016
2016-01-06 14:00:00+00:00,0.0,0.0,19.46,91.12,2.74,TNP_0009,2,2016
2016-01-06 15:00:00+00:00,0.0,0.0,18.9,92.34,2.67,TNP_0009,2,2016
2016-01-06 16:00:00+00:00,0.0,0.0,18.44,93.64,2.55,TNP_0009,2,2016
2016-01-06 17:00:00+00:00,0.0,0.0,18.06,94.8,2.44,TNP_0009,2,2016
2016-01-06 18:00:00+00:00,0.0,0.0,17.76,95.71,2.35,TNP_0009,2,2016
2016-01-06 19:00:00+00:00,0.0,0.0,17.4,97.07,2.35,TNP_0009,2,2016
2016-01-06 20:00:00+00:00,0.0,0.0,17.01,98.71,2.41,TNP_0009,2,2016
2016-01-06 21:00:00+00:00,0.0,0.0,16.65,100.0,2.46,TNP_0009,2,2016
2016-01-06 22:00:00+00:00,0.0,0.0,16.33,100.0,2.45,TNP_0009,2,2016
2016-01-06 23:00:00+00:00,0.0,0.0,16.01,100.0,2.43,TNP_0009,2,2016
2016-01-07 00:00:00+00:00,0.0,0.0,15.66,100.0,2.49,TNP_0009,2,2016
2016-01-07 01:00:00+00:00,35.17,36.22,16.72,99.21,2.39,TNP_0009,2,2016
2016-01-07 02:00:00+00:00,207.75,219.52,19.88,87.06,3.43,TNP_0009,2,2016
2016-01-07 03:00:00+00:00,414.05,436.42,22.53,75.83,3.78,TNP_0009,2,2016
2016-01-07 04:00:00+00:00,525.25,624.17,24.09,69.28,4.13,TNP_0009,2,2016
2016-01-07 05:00:00+00:00,628.45,756.17,25.19,65.13,4.06,TNP_0009,2,2016
2016-01-07 06:00:00+00:00,643.08,763.47,25.98,62.19,3.88,TNP_0009,2,2016
2016-01-07 07:00:00+00:00,612.85,750.6,26.39,60.27,3.67,TNP_0009,2,2016
2016-01-07 08:00:00+00:00,518.62,667.8,26.44,59.53,3.51,TNP_0009,2,2016
2016-01-07 09:00:00+00:00,416.77,520.42,26.07,60.21,3.44,TNP_0009,2,2016
2016-01-07 10:00:00+00:00,258.5,327.48,25.31,63.18,3.3,TNP_0009,2,2016
2016-01-07 11:00:00+00:00,108.8,128.3,23.63,74.18,2.58,TNP_0009,2,2016
2016-01-07 12:00:00+00:00,7.1,7.7,20.82,86.8,2.42,TNP_0009,2,2016
2016-01-07 13:00:00+00:00,0.0,0.0,19.84,88.63,2.57,TNP_0009,2,2016
2016-01-07 14:00:00+00:00,0.0,0.0,19.16,90.11,2.59,TNP_0009,2,2016
2016-01-07 15:00:00+00:00,0.0,0.0,18.67,91.29,2.5,TNP_0009,2,2016
2016-01-07 16:00:00+00:00,0.0,0.0,18.23,92.5,2.4,TNP_0009,2,2016
2016-01-07 17:00:00+00:00,0.0,0.0,17.78,94.12,2.36,TNP_0009,2,2016
2016-01-07 18:00:00+00:00,0.0,0.0,17.31,95.8,2.41,TNP_0009,2,2016
2016-01-07 19:00:00+00:00,0.0,0.0,16.79,97.56,2.51,TNP_0009,2,2016
2016-01-07 20:00:00+00:00,0.0,0.0,16.35,98.76,2.58,TNP_0009,2,2016
2016-01-07 21:00:00+00:00,0.0,0.0,16.11,99.4,2.57,TNP_0009,2,2016
2016-01-07 22:00:00+00:00,0.0,0.0,15.9,99.73,2.46,TNP_0009,2,2016
2016-01-07 23:00:00+00:00,0.0,0.0,15.92,99.05,2.31,TNP_0009,2,2016
2016-01-08 00:00:00+00:00,0.0,0.0,15.96,98.26,2.19,TNP_0009,2,2016
2016-01-08 01:00:00+00:00,29.73,35.55,16.61,96.02,2.07,TNP_0009,2,2016
2016-01-08 02:00:00+00:00,172.82,219.82,18.98,86.51,3.02,TNP_0009,2,2016
2016-01-08 03:00:00+00:00,378.25,437.8,21.75,75.06,2.67,TNP_0009,2,2016
2016-01-08 04:00:00+00:00,575.45,629.8,23.93,67.18,3.26,TNP_0009,2,2016
2016-01-08 05:00:00+00:00,678.2,762.85,24.99,64.49,3.56,TNP_0009,2,2016
2016-01-08 06:00:00+00:00,715.38,792.25,25.68,62.44,3.78,TNP_0009,2,2016
2016-01-08 07:00:00+00:00,701.42,782.7,26.09,60.95,3.91,TNP_0009,2,2016
2016-01-08 08:00:00+00:00,624.38,698.38,26.14,60.43,3.92,TNP_0009,2,2016
2016-01-08 09:00:00+00:00,504.2,548.03,25.82,61.26,3.88,TNP_0009,2,2016
2016-01-08 10:00:00+00:00,319.27,349.67,24.96,64.88,3.64,TNP_0009,2,2016
2016-01-08 11:00:00+00:00,131.75,139.52,23.22,77.0,2.68,TNP_0009,2,2016
2016-01-08 12:00:00+00:00,8.25,8.43,21.02,86.73,2.49,TNP_0009,2,2016
2016-01-08 13:00:00+00:00,0.0,0.0,20.26,88.25,2.64,TNP_0009,2,2016
2016-01-08 14:00:00+00:00,0.0,0.0,19.65,90.02,2.61,TNP_0009,2,2016
2016-01-08 15:00:00+00:00,0.0,0.0,19.05,91.66,2.51,TNP_0009,2,2016
2016-01-08 16:00:00+00:00,0.0,0.0,18.56,92.6,2.39,TNP_0009,2,2016
2016-01-08 17:00:00+00:00,0.0,0.0,18.15,93.23,2.26,TNP_0009,2,2016
2016-01-08 18:00:00+00:00,0.0,0.0,17.61,94.99,2.14,TNP_0009,2,2016
2016-01-08 19:00:00+00:00,0.0,0.0,17.28,96.11,2.02,TNP_0009,2,2016
2016-01-08 20:00:00+00:00,0.0,0.0,17.18,96.3,1.89,TNP_0009,2,2016
2016-01-08 21:00:00+00:00,0.0,0.0,16.86,97.64,1.89,TNP_0009,2,2016
2016-01-08 22:00:00+00:00,0.0,0.0,16.27,100.0,2.02,TNP_0009,2,2016
2016-01-08 23:00:00+00:00,0.0,0.0,15.76,100.0,2.09,TNP_0009,2,2016
2016-01-09 00:00:00+00:00,0.0,0.0,15.54,100.0,2.23,TNP_0009,2,2016
2016-01-09 01:00:00+00:00,35.92,39.88,16.4,98.74,2.17,TNP_0009,2,2016
2016-01-09 02:00:00+00:00,209.07,241.85,19.17,87.31,3.01,TNP_0009,2,2016
2016-01-09 03:00:00+00:00,400.83,467.33,21.9,73.35,2.16,TNP_0009,2,2016
2016-01-09 04:00:00+00:00,632.95,658.25,23.97,61.59,2.44,TNP_0009,2,2016
2016-01-09 05:00:00+00:00,756.67,791.92,25.27,56.17,2.73,TNP_0009,2,2016
2016-01-09 06:00:00+00:00,818.42,836.7,26.1,53.73,2.92,TNP_0009,2,2016
2016-01-09 07:00:00+00:00,776.5,826.08,26.46,53.08,2.96,TNP_0009,2,2016
2016-01-09 08:00:00+00:00,696.3,738.85,26.44,53.67,3.0,TNP_0009,2,2016
2016-01-09 09:00:00+00:00,559.62,584.45,26.16,55.22,3.13,TNP_0009,2,2016
2016-01-09 10:00:00+00:00,362.05,379.33,25.42,58.33,3.14,TNP_0009,2,2016
2016-01-09 11:00:00+00:00,152.25,156.1,23.62,70.74,2.52,TNP_0009,2,2016
2016-01-09 12:00:00+00:00,9.55,9.65,20.35,84.28,2.48,TNP_0009,2,2016
2016-01-09 13:00:00+00:00,0.0,0.0,19.21,86.04,2.64,TNP_0009,2,2016
2016-01-09 14:00:00+00:00,0.0,0.0,18.56,87.42,2.61,TNP_0009,2,2016
2016-01-09 15:00:00+00:00,0.0,0.0,18.05,88.06,2.47,TNP_0009,2,2016
2016-01-09 16:00:00+00:00,0.0,0.0,17.67,88.27,2.28,TNP_0009,2,2016
2016-01-09 17:00:00+00:00,0.0,0.0,17.37,89.15,2.09,TNP_0009,2,2016
2016-01-09 18:00:00+00:00,0.0,0.0,17.07,90.26,1.98,TNP_0009,2,2016
2016-01-09 19:00:00+00:00,0.0,0.0,16.64,92.36,2.01,TNP_0009,2,2016
2016-01-09 20:00:00+00:00,0.0,0.0,16.07,95.29,2.07,TNP_0009,2,2016
2016-01-09 21:00:00+00:00,0.0,0.0,15.85,96.41,1.92,TNP_0009,2,2016
2016-01-09 22:00:00+00:00,0.0,0.0,15.83,96.28,1.67,TNP_0009,2,2016
2016-01-09 23:00:00+00:00,0.0,0.0,15.59,97.47,1.61,TNP_0009,2,2016
2016-01-10 00:00:00+00:00,0.0,0.0,15.21,99.49,1.69,TNP_0009,2,2016
2016-01-10 01:00:00+00:00,37.5,40.75,15.83,96.57,1.62,TNP_0009,2,2016
2016-01-10 02:00:00+00:00,240.52,250.38,18.99,85.52,1.86,TNP_0009,2,2016
2016-01-10 03:00:00+00:00,473.83,477.62,21.8,73.33,1.23,TNP_0009,2,2016
2016-01-10 04:00:00+00:00,658.88,668.78,23.73,64.31,2.0,TNP_0009,2,2016
2016-01-10 05:00:00+00:00,743.08,800.28,24.98,58.79,2.04,TNP_0009,2,2016
2016-01-10 06:00:00+00:00,815.53,851.75,25.87,54.91,2.05,TNP_0009,2,2016
2016-01-10 07:00:00+00:00,798.17,839.6,26.36,52.63,2.19,TNP_0009,2,2016
2016-01-10 08:00:00+00:00,722.35,752.6,26.43,51.91,2.41,TNP_0009,2,2016
2016-01-10 09:00:00+00:00,582.28,598.95,26.1,52.71,2.73,TNP_0009,2,2016
2016-01-10 10:00:00+00:00,382.38,394.15,25.37,55.82,2.92,TNP_0009,2,2016
2016-01-10 11:00:00+00:00,163.55,167.02,23.58,68.41,2.5,TNP_0009,2,2016
2016-01-10 12:00:00+00:00,10.38,10.55,20.06,82.89,2.57,TNP_0009,2,2016
2016-01-10 13:00:00+00:00,0.0,0.0,18.84,85.05,2.79,TNP_0009,2,2016
2016-01-10 14:00:00+00:00,0.0,0.0,18.17,86.98,2.8,TNP_0009,2,2016
2016-01-10 15:00:00+00:00,0.0,0.0,17.65,88.32,2.68,TNP_0009,2,2016
2016-01-10 16:00:00+00:00,0.0,0.0,17.33,88.64,2.42,TNP_0009,2,2016
2016-01-10 17:00:00+00:00,0.0,0.0,17.13,89.11,2.16,TNP_0009,2,2016
2016-01-10 18:00:00+00:00,0.0,0.0,16.93,89.87,1.97,TNP_0009,2,2016
2016-01-10 19:00:00+00:00,0.0,0.0,16.83,90.2,1.8,TNP_0009,2,2016
2016-01-10 20:00:00+00:00,0.0,0.0,16.47,92.05,1.84,TNP_0009,2,2016
2016-01-10 21:00:00+00:00,0.0,0.0,15.77,96.21,2.12,TNP_0009,2,2016
2016-01-10 22:00:00+00:00,0.0,0.0,15.21,99.73,2.41,TNP_0009,2,2016
2016-01-10 23:00:00+00:00,0.0,0.0,14.93,100.0,2.49,TNP_0009,2,2016
2016-01-11 00:00:00+00:00,0.0,0.0,14.8,100.0,2.39,TNP_0009,2,2016
2016-01-11 01:00:00+00:00,38.38,39.4,16.01,96.56,2.01,TNP_0009,2,2016
2016-01-11 02:00:00+00:00,238.25,242.4,19.42,84.43,2.21,TNP_0009,2,2016
2016-01-11 03:00:00+00:00,466.27,469.83,22.3,73.39,2.28,TNP_0009,2,2016
2016-01-11 04:00:00+00:00,641.75,660.42,24.24,65.32,3.32,TNP_0009,2,2016
2016-01-11 05:00:00+00:00,744.8,792.53,25.36,60.62,3.5,TNP_0009,2,2016
2016-01-11 06:00:00+00:00,801.35,832.28,26.08,57.46,3.49,TNP_0009,2,2016
2016-01-11 07:00:00+00:00,778.38,820.03,26.41,55.74,3.35,TNP_0009,2,2016
2016-01-11 08:00:00+00:00,694.85,733.75,26.37,55.17,3.17,TNP_0009,2,2016
2016-01-11 09:00:00+00:00,547.08,580.75,26.01,55.94,3.02,TNP_0009,2,2016
2016-01-11 10:00:00+00:00,355.7,377.23,25.3,58.54,2.89,TNP_0009,2,2016
2016-01-11 11:00:00+00:00,150.73,156.48,23.57,71.03,2.29,TNP_0009,2,2016
2016-01-11 12:00:00+00:00,10.1,10.15,20.52,83.07,2.29,TNP_0009,2,2016
2016-01-11 13:00:00+00:00,0.0,0.0,19.54,84.07,2.39,TNP_0009,2,2016
2016-01-11 14:00:00+00:00,0.0,0.0,19.03,85.02,2.36,TNP_0009,2,2016
2016-01-11 15:00:00+00:00,0.0,0.0,18.68,84.92,2.24,TNP_0009,2,2016
2016-01-11 16:00:00+00:00,0.0,0.0,18.56,83.5,1.96,TNP_0009,2,2016
2016-01-11 17:00:00+00:00,0.0,0.0,18.69,81.12,1.58,TNP_0009,2,2016
2016-01-11 18:00:00+00:00,0.0,0.0,18.69,80.42,1.09,TNP_0009,2,2016
2016-01-11 19:00:00+00:00,0.0,0.0,18.9,78.94,0.58,TNP_0009,2,2016
2016-01-11 20:00:00+00:00,0.0,0.0,18.43,80.87,0.56,TNP_0009,2,2016
2016-01-11 21:00:00+00:00,0.0,0.0,17.34,86.35,1.14,TNP_0009,2,2016
2016-01-11 22:00:00+00:00,0.0,0.0,16.7,89.59,1.44,TNP_0009,2,2016
2016-01-11 23:00:00+00:00,0.0,0.0,16.22,91.97,1.57,TNP_0009,2,2016
2016-01-12 00:00:00+00:00,0.0,0.0,15.85,94.04,1.64,TNP_0009,2,2016
2016-01-12 01:00:00+00:00,32.33,33.0,16.44,92.66,1.52,TNP_0009,2,2016
2016-01-12 02:00:00+00:00,216.35,219.73,19.28,83.86,1.52,TNP_0009,2,2016
2016-01-12 03:00:00+00:00,442.02,444.83,21.91,73.13,0.62,TNP_0009,2,2016
2016-01-12 04:00:00+00:00,639.12,642.7,23.89,64.1,1.54,TNP_0009,2,2016
2016-01-12 05:00:00+00:00,780.45,780.83,25.14,58.99,1.92,TNP_0009,2,2016
2016-01-12 06:00:00+00:00,828.15,831.67,26.03,56.02,2.39,TNP_0009,2,2016
2016-01-12 07:00:00+00:00,814.6,821.2,26.5,54.69,2.75,TNP_0009,2,2016
2016-01-12 08:00:00+00:00,732.35,734.1,26.57,54.48,2.95,TNP_0009,2,2016
2016-01-12 09:00:00+00:00,575.4,581.3,26.26,55.41,3.1,TNP_0009,2,2016
2016-01-12 10:00:00+00:00,373.08,377.77,25.54,58.16,3.15,TNP_0009,2,2016
2016-01-12 11:00:00+00:00,156.05,156.98,23.73,70.62,2.54,TNP_0009,2,2016
2016-01-12 12:00:00+00:00,10.5,10.52,20.47,83.87,2.56,TNP_0009,2,2016
2016-01-12 13:00:00+00:00,0.0,0.0,19.39,85.53,2.72,TNP_0009,2,2016
2016-01-12 14:00:00+00:00,0.0,0.0,18.76,86.89,2.7,TNP_0009,2,2016
2016-01-12 15:00:00+00:00,0.0,0.0,18.22,87.63,2.59,TNP_0009,2,2016
2016-01-12 16:00:00+00:00,0.0,0.0,17.83,87.67,2.39,TNP_0009,2,2016
2016-01-12 17:00:00+00:00,0.0,0.0,17.58,87.09,2.17,TNP_0009,2,2016
2016-01-12 18:00:00+00:00,0.0,0.0,17.55,86.03,1.88,TNP_0009,2,2016
2016-01-12 19:00:00+00:00,0.0,0.0,17.73,84.29,1.44,TNP_0009,2,2016
2016-01-12 20:00:00+00:00,0.0,0.0,17.92,82.84,0.86,TNP_0009,2,2016
2016-01-12 21:00:00+00:00,0.0,0.0,17.97,82.24,0.38,TNP_0009,2,2016
2016-01-12 22:00:00+00:00,0.0,0.0,17.42,85.14,0.68,TNP_0009,2,2016
2016-01-12 23:00:00+00:00,0.0,0.0,16.51,90.06,1.23,TNP_0009,2,2016
2016-01-13 00:00:00+00:00,0.0,0.0,15.73,94.3,1.69,TNP_0009,2,2016
2016-01-13 01:00:00+00:00,32.62,32.92,16.08,94.63,1.83,TNP_0009,2,2016
2016-01-13 02:00:00+00:00,199.68,214.8,18.97,83.65,2.43,TNP_0009,2,2016
2016-01-13 03:00:00+00:00,403.92,442.15,21.61,73.35,0.77,TNP_0009,2,2016
2016-01-13 04:00:00+00:00,575.7,635.22,23.9,63.72,1.03,TNP_0009,2,2016
2016-01-13 05:00:00+00:00,693.2,771.7,24.87,60.18,1.38,TNP_0009,2,2016
2016-01-13 06:00:00+00:00,665.85,774.35,25.34,58.69,1.57,TNP_0009,2,2016
2016-01-13 07:00:00+00:00,600.28,762.67,25.79,57.63,1.8,TNP_0009,2,2016
2016-01-13 08:00:00+00:00,490.15,679.47,25.92,57.09,2.04,TNP_0009,2,2016
2016-01-13 09:00:00+00:00,387.35,528.75,25.63,58.19,2.21,TNP_0009,2,2016
2016-01-13 10:00:00+00:00,256.52,332.58,25.01,61.46,2.25,TNP_0009,2,2016
2016-01-13 11:00:00+00:00,112.1,130.4,23.55,72.86,2.02,TNP_0009,2,2016
2016-01-13 12:00:00+00:00,9.93,9.48,20.58,82.55,2.24,TNP_0009,2,2016
2016-01-13 13:00:00+00:00,0.0,0.0,19.37,84.26,2.51,TNP_0009,2,2016
2016-01-13 14:00:00+00:00,0.0,0.0,18.67,85.86,2.59,TNP_0009,2,2016
2016-01-13 15:00:00+00:00,0.0,0.0,18.11,87.09,2.55,TNP_0009,2,2016
2016-01-13 16:00:00+00:00,0.0,0.0,17.72,88.02,2.44,TNP_0009,2,2016
2016-01-13 17:00:00+00:00,0.0,0.0,17.37,88.85,2.27,TNP_0009,2,2016
2016-01-13 18:00:00+00:00,0.0,0.0,17.06,90.42,2.08,TNP_0009,2,2016
2016-01-13 19:00:00+00:00,0.0,0.0,16.93,91.11,1.81,TNP_0009,2,2016
2016-01-13 20:00:00+00:00,0.0,0.0,17.12,90.21,1.42,TNP_0009,2,2016
2016-01-13 21:00:00+00:00,0.0,0.0,17.11,90.26,0.97,TNP_0009,2,2016
2016-01-13 22:00:00+00:00,0.0,0.0,16.79,91.8,0.83,TNP_0009,2,2016
2016-01-13 23:00:00+00:00,0.0,0.0,16.36,94.13,1.04,TNP_0009,2,2016
2016-01-14 00:00:00+00:00,0.0,0.0,15.94,96.32,1.38,TNP_0009,2,2016
2016-01-14 01:00:00+00:00,29.77,30.77,16.21,95.26,1.49,TNP_0009,2,2016
2016-01-14 02:00:00+00:00,206.52,207.52,18.97,86.04,1.76,TNP_0009,2,2016
2016-01-14 03:00:00+00:00,417.0,421.4,21.7,73.75,0.28,TNP_0009,2,2016
2016-01-14 04:00:00+00:00,610.83,612.38,24.03,62.35,2.11,TNP_0009,2,2016
2016-01-14 05:00:00+00:00,740.35,751.97,25.19,58.68,2.23,TNP_0009,2,2016
2016-01-14 06:00:00+00:00,783.5,816.35,25.96,56.36,2.28,TNP_0009,2,2016
2016-01-14 07:00:00+00:00,751.25,805.78,26.39,55.28,2.45,TNP_0009,2,2016
2016-01-14 08:00:00+00:00,690.33,719.97,26.47,55.27,2.72,TNP_0009,2,2016
2016-01-14 09:00:00+00:00,533.42,567.5,26.13,56.9,2.96,TNP_0009,2,2016
2016-01-14 10:00:00+00:00,336.85,365.85,25.3,60.83,3.05,TNP_0009,2,2016
2016-01-14 11:00:00+00:00,142.32,151.32,23.47,74.27,2.49,TNP_0009,2,2016
2016-01-14 12:00:00+00:00,10.35,10.88,20.5,85.99,2.56,TNP_0009,2,2016
2016-01-14 13:00:00+00:00,0.0,0.0,19.46,88.28,2.71,TNP_0009,2,2016
2016-01-14 14:00:00+00:00,0.0,0.0,18.86,90.22,2.7,TNP_0009,2,2016
2016-01-14 15:00:00+00:00,0.0,0.0,18.29,91.98,2.65,TNP_0009,2,2016
2016-01-14 16:00:00+00:00,0.0,0.0,17.68,94.19,2.59,TNP_0009,2,2016
2016-01-14 17:00:00+00:00,0.0,0.0,17.15,96.72,2.48,TNP_0009,2,2016
2016-01-14 18:00:00+00:00,0.0,0.0,16.76,98.68,2.36,TNP_0009,2,2016
2016-01-14 19:00:00+00:00,0.0,0.0,16.49,99.81,2.2,TNP_0009,2,2016
2016-01-14 20:00:00+00:00,0.0,0.0,16.31,100.0,2.04,TNP_0009,2,2016
2016-01-14 21:00:00+00:00,0.0,0.0,16.27,99.84,1.85,TNP_0009,2,2016
2016-01-14 22:00:00+00:00,0.0,0.0,16.38,98.55,1.59,TNP_0009,2,2016
2016-01-14 23:00:00+00:00,0.0,0.0,16.59,96.79,1.2,TNP_0009,2,2016
2016-01-15 00:00:00+00:00,0.0,0.0,16.85,94.87,0.78,TNP_0009,2,2016
2016-01-15 01:00:00+00:00,32.38,33.17,17.35,92.88,0.7,TNP_0009,2,2016
2016-01-15 02:00:00+00:00,220.27,220.98,19.53,87.24,0.97,TNP_0009,2,2016
2016-01-15 03:00:00+00:00,450.7,453.7,22.26,74.62,1.5,TNP_0009,2,2016
2016-01-15 04:00:00+00:00,645.5,649.28,23.85,68.08,1.9,TNP_0009,2,2016
2016-01-15 05:00:00+00:00,778.17,786.7,25.11,63.3,1.95,TNP_0009,2,2016
2016-01-15 06:00:00+00:00,825.3,841.55,26.07,60.19,2.06,TNP_0009,2,2016
2016-01-15 07:00:00+00:00,800.8,829.55,26.62,58.86,2.33,TNP_0009,2,2016
2016-01-15 08:00:00+00:00,720.05,742.22,26.78,58.82,2.65,TNP_0009,2,2016
2016-01-15 09:00:00+00:00,558.15,587.83,26.43,59.99,3.01,TNP_0009,2,2016
2016-01-15 10:00:00+00:00,364.4,382.98,25.47,63.96,3.23,TNP_0009,2,2016
2016-01-15 11:00:00+00:00,156.45,161.4,23.77,74.8,2.73,TNP_0009,2,2016
2016-01-15 12:00:00+00:00,11.8,11.88,21.36,86.21,2.51,TNP_0009,2,2016
2016-01-15 13:00:00+00:00,0.0,0.0,20.27,88.87,2.69,TNP_0009,2,2016
2016-01-15 14:00:00+00:00,0.0,0.0,19.55,91.17,2.67,TNP_0009,2,2016
2016-01-15 15:00:00+00:00,0.0,0.0,18.85,93.35,2.53,TNP_0009,2,2016
2016-01-15 16:00:00+00:00,0.0,0.0,18.2,95.46,2.37,TNP_0009,2,2016
2016-01-15 17:00:00+00:00,0.0,0.0,17.69,97.06,2.14,TNP_0009,2,2016
2016-01-15 18:00:00+00:00,0.0,0.0,17.45,97.15,1.83,TNP_0009,2,2016
2016-01-15 19:00:00+00:00,0.0,0.0,17.36,96.53,1.53,TNP_0009,2,2016
2016-01-15 20:00:00+00:00,0.0,0.0,17.18,96.76,1.36,TNP_0009,2,2016
2016-01-15 21:00:00+00:00,0.0,0.0,16.75,98.5,1.45,TNP_0009,2,2016
2016-01-15 22:00:00+00:00,0.0,0.0,16.17,100.0,1.66,TNP_0009,2,2016
2016-01-15 23:00:00+00:00,0.0,0.0,15.71,100.0,1.82,TNP_0009,2,2016
2016-01-16 00:00:00+00:00,0.0,0.0,15.39,100.0,1.87,TNP_0009,2,2016
2016-01-16 01:00:00+00:00,33.22,35.03,16.27,99.5,1.72,TNP_0009,2,2016
2016-01-16 02:00:00+00:00,216.45,225.68,19.14,87.69,1.97,TNP_0009,2,2016
2016-01-16 03:00:00+00:00,438.67,449.35,21.82,74.73,1.52,TNP_0009,2,2016
2016-01-16 04:00:00+00:00,638.97,642.72,23.63,66.36,1.8,TNP_0009,2,2016
2016-01-16 05:00:00+00:00,772.22,778.47,24.99,60.58,1.96,TNP_0009,2,2016
2016-01-16 06:00:00+00:00,810.22,820.05,25.9,57.32,2.0,TNP_0009,2,2016
2016-01-16 07:00:00+00:00,792.45,809.38,26.44,55.63,2.03,TNP_0009,2,2016
2016-01-16 08:00:00+00:00,713.8,722.88,26.64,55.0,2.04,TNP_0009,2,2016
2016-01-16 09:00:00+00:00,561.9,568.9,26.46,55.63,2.15,TNP_0009,2,2016
2016-01-16 10:00:00+00:00,359.33,365.83,25.8,58.87,2.44,TNP_0009,2,2016
2016-01-16 11:00:00+00:00,149.6,151.45,24.06,70.22,2.49,TNP_0009,2,2016
2016-01-16 12:00:00+00:00,11.43,11.52,20.96,83.31,2.72,TNP_0009,2,2016
2016-01-16 13:00:00+00:00,0.0,0.0,20.02,84.19,3.12,TNP_0009,2,2016
2016-01-16 14:00:00+00:00,0.0,0.0,19.52,85.49,3.19,TNP_0009,2,2016
2016-01-16 15:00:00+00:00,0.0,0.0,18.99,87.51,3.04,TNP_0009,2,2016
2016-01-16 16:00:00+00:00,0.0,0.0,18.39,90.17,2.68,TNP_0009,2,2016
2016-01-16 17:00:00+00:00,0.0,0.0,17.82,92.06,2.38,TNP_0009,2,2016
2016-01-16 18:00:00+00:00,0.0,0.0,17.56,91.6,2.01,TNP_0009,2,2016
2016-01-16 19:00:00+00:00,0.0,0.0,17.72,89.23,1.42,TNP_0009,2,2016
2016-01-16 20:00:00+00:00,0.0,0.0,18.06,86.3,0.94,TNP_0009,2,2016
2016-01-16 21:00:00+00:00,0.0,0.0,18.07,85.67,0.46,TNP_0009,2,2016
2016-01-16 22:00:00+00:00,0.0,0.0,17.92,86.18,0.22,TNP_0009,2,2016
2016-01-16 23:00:00+00:00,0.0,0.0,17.36,89.07,0.68,TNP_0009,2,2016
2016-01-17 00:00:00+00:00,0.0,0.0,16.93,91.26,0.98,TNP_0009,2,2016
2016-01-17 01:00:00+00:00,27.3,31.65,17.16,92.97,1.15,TNP_0009,2,2016
2016-01-17 02:00:00+00:00,166.5,206.2,19.48,83.92,1.41,TNP_0009,2,2016
2016-01-17 03:00:00+00:00,358.65,420.98,22.07,71.95,0.83,TNP_0009,2,2016
2016-01-17 04:00:00+00:00,546.6,609.0,23.68,64.68,1.39,TNP_0009,2,2016
2016-01-17 05:00:00+00:00,691.62,741.75,24.84,60.39,1.79,TNP_0009,2,2016
2016-01-17 06:00:00+00:00,729.8,773.95,25.69,57.92,2.11,TNP_0009,2,2016
2016-01-17 07:00:00+00:00,722.12,755.85,26.19,56.79,2.34,TNP_0009,2,2016
2016-01-17 08:00:00+00:00,630.4,669.72,26.31,56.68,2.54,TNP_0009,2,2016
2016-01-17 09:00:00+00:00,508.02,523.1,26.0,57.91,2.68,TNP_0009,2,2016
2016-01-17 10:00:00+00:00,337.77,340.58,25.27,61.43,2.79,TNP_0009,2,2016
2016-01-17 11:00:00+00:00,134.9,136.57,23.65,72.02,2.48,TNP_0009,2,2016
2016-01-17 12:00:00+00:00,10.93,11.0,20.87,85.61,2.42,TNP_0009,2,2016
2016-01-17 13:00:00+00:00,0.0,0.0,19.89,87.74,2.58,TNP_0009,2,2016
2016-01-17 14:00:00+00:00,0.0,0.0,19.44,89.35,2.57,TNP_0009,2,2016
2016-01-17 15:00:00+00:00,0.0,0.0,18.94,91.52,2.46,TNP_0009,2,2016
2016-01-17 16:00:00+00:00,0.0,0.0,18.47,93.3,2.28,TNP_0009,2,2016
2016-01-17 17:00:00+00:00,0.0,0.0,17.99,94.46,2.06,TNP_0009,2,2016
2016-01-17 18:00:00+00:00,0.0,0.0,17.96,94.0,1.66,TNP_0009,2,2016
2016-01-17 19:00:00+00:00,0.0,0.0,18.25,91.95,1.06,TNP_0009,2,2016
2016-01-17 20:00:00+00:00,0.0,0.0,18.28,91.43,0.45,TNP_0009,2,2016
2016-01-17 21:00:00+00:00,0.0,0.0,17.89,93.51,0.59,TNP_0009,2,2016
2016-01-17 22:00:00+00:00,0.0,0.0,17.55,95.22,1.04,TNP_0009,2,2016
2016-01-17 23:00:00+00:00,0.0,0.0,16.97,98.08,1.44,TNP_0009,2,2016
2016-01-18 00:00:00+00:00,0.0,0.0,16.24,100.0,1.82,TNP_0009,2,2016
2016-01-18 01:00:00+00:00,26.62,26.65,17.17,98.19,1.89,TNP_0009,2,2016
2016-01-18 02:00:00+00:00,182.0,182.8,19.97,86.44,2.48,TNP_0009,2,2016
2016-01-18 03:00:00+00:00,372.8,380.23,22.52,75.4,2.09,TNP_0009,2,2016
2016-01-18 04:00:00+00:00,559.03,573.42,24.11,68.5,2.18,TNP_0009,2,2016
2016-01-18 05:00:00+00:00,619.33,711.65,25.35,63.57,2.1,TNP_0009,2,2016
2016-01-18 06:00:00+00:00,769.3,821.3,26.22,60.3,1.98,TNP_0009,2,2016
2016-01-18 07:00:00+00:00,763.28,807.03,26.77,58.83,1.98,TNP_0009,2,2016
2016-01-18 08:00:00+00:00,660.92,715.25,26.94,58.82,2.14,TNP_0009,2,2016
2016-01-18 09:00:00+00:00,546.62,558.2,26.7,60.1,2.47,TNP_0009,2,2016
2016-01-18 10:00:00+00:00,345.95,353.52,25.98,63.53,2.8,TNP_0009,2,2016
2016-01-18 11:00:00+00:00,142.98,143.95,24.52,72.72,2.59,TNP_0009,2,2016
2016-01-18 12:00:00+00:00,11.05,11.15,21.9,86.55,2.39,TNP_0009,2,2016
2016-01-18 13:00:00+00:00,0.0,0.0,21.03,88.44,2.64,TNP_0009,2,2016
2016-01-18 14:00:00+00:00,0.0,0.0,20.53,90.27,2.71,TNP_0009,2,2016
2016-01-18 15:00:00+00:00,0.0,0.0,19.98,92.52,2.56,TNP_0009,2,2016
2016-01-18 16:00:00+00:00,0.0,0.0,19.51,94.32,2.35,TNP_0009,2,2016
2016-01-18 17:00:00+00:00,0.0,0.0,19.35,94.96,2.09,TNP_0009,2,2016
2016-01-18 18:00:00+00:00,0.0,0.0,19.48,94.36,1.76,TNP_0009,2,2016
2016-01-18 19:00:00+00:00,0.0,0.0,19.69,93.26,1.45,TNP_0009,2,2016
2016-01-18 20:00:00+00:00,0.0,0.0,19.92,91.94,1.18,TNP_0009,2,2016
2016-01-18 21:00:00+00:00,0.0,0.0,20.08,91.14,0.92,TNP_0009,2,2016
2016-01-18 22:00:00+00:00,0.0,0.0,20.0,91.59,0.82,TNP_0009,2,2016
2016-01-18 23:00:00+00:00,0.0,0.0,19.86,92.22,0.88,TNP_0009,2,2016
2016-01-19 00:00:00+00:00,0.0,0.0,19.76,92.66,0.9,TNP_0009,2,2016
2016-01-19 01:00:00+00:00,28.08,30.33,19.92,94.64,0.91,TNP_0009,2,2016
2016-01-19 02:00:00+00:00,158.48,202.65,21.66,86.17,0.71,TNP_0009,2,2016
2016-01-19 03:00:00+00:00,334.73,419.95,23.89,76.78,1.16,TNP_0009,2,2016
2016-01-19 04:00:00+00:00,468.88,613.22,25.65,70.62,2.05,TNP_0009,2,2016
2016-01-19 05:00:00+00:00,618.25,750.7,26.8,67.14,2.15,TNP_0009,2,2016
2016-01-19 06:00:00+00:00,608.53,774.72,27.61,64.72,2.13,TNP_0009,2,2016
2016-01-19 07:00:00+00:00,583.22,768.28,28.1,63.34,2.18,TNP_0009,2,2016
2016-01-19 08:00:00+00:00,507.12,684.17,28.11,63.23,2.26,TNP_0009,2,2016
2016-01-19 09:00:00+00:00,343.55,538.47,27.59,64.68,2.52,TNP_0009,2,2016
2016-01-19 10:00:00+00:00,214.82,345.02,26.8,68.37,2.95,TNP_0009,2,2016
2016-01-19 11:00:00+00:00,92.3,142.2,25.46,76.43,2.85,TNP_0009,2,2016
2016-01-19 12:00:00+00:00,8.45,11.68,23.33,87.45,2.46,TNP_0009,2,2016
2016-01-19 13:00:00+00:00,0.0,0.0,22.35,90.02,2.58,TNP_0009,2,2016
2016-01-19 14:00:00+00:00,0.0,0.0,21.75,91.86,2.46,TNP_0009,2,2016
2016-01-19 15:00:00+00:00,0.0,0.0,21.22,93.59,2.21,TNP_0009,2,2016
2016-01-19 16:00:00+00:00,0.0,0.0,20.8,94.78,2.02,TNP_0009,2,2016
2016-01-19 17:00:00+00:00,0.0,0.0,20.49,95.81,1.87,TNP_0009,2,2016
2016-01-19 18:00:00+00:00,0.0,0.0,20.28,96.3,1.73,TNP_0009,2,2016
2016-01-19 19:00:00+00:00,0.0,0.0,20.2,96.12,1.52,TNP_0009,2,2016
2016-01-19 20:00:00+00:00,0.0,0.0,20.19,95.32,1.33,TNP_0009,2,2016
2016-01-19 21:00:00+00:00,0.0,0.0,20.2,94.38,1.15,TNP_0009,2,2016
2016-01-19 22:00:00+00:00,0.0,0.0,20.26,93.53,0.99,TNP_0009,2,2016
2016-01-19 23:00:00+00:00,0.0,0.0,20.24,93.37,0.97,TNP_0009,2,2016
2016-01-20 00:00:00+00:00,0.0,0.0,20.21,93.5,1.0,TNP_0009,2,2016
2016-01-20 01:00:00+00:00,22.9,29.1,20.61,94.28,0.99,TNP_0009,2,2016
2016-01-20 02:00:00+00:00,142.6,197.77,22.3,86.26,1.72,TNP_0009,2,2016
2016-01-20 03:00:00+00:00,279.55,406.77,24.03,78.63,2.66,TNP_0009,2,2016
2016-01-20 04:00:00+00:00,404.65,589.8,25.29,73.83,2.76,TNP_0009,2,2016
2016-01-20 05:00:00+00:00,493.75,691.8,26.35,70.46,2.56,TNP_0009,2,2016
2016-01-20 06:00:00+00:00,488.83,651.12,27.27,67.82,2.43,TNP_0009,2,2016
2016-01-20 07:00:00+00:00,474.7,648.25,27.77,66.48,2.38,TNP_0009,2,2016
2016-01-20 08:00:00+00:00,414.38,563.55,27.7,66.62,2.44,TNP_0009,2,2016
2016-01-20 09:00:00+00:00,351.52,414.85,27.48,67.57,2.66,TNP_0009,2,2016
2016-01-20 10:00:00+00:00,228.57,257.23,26.7,71.18,2.93,TNP_0009,2,2016
2016-01-20 11:00:00+00:00,84.7,98.35,25.46,78.4,2.69,TNP_0009,2,2016
2016-01-20 12:00:00+00:00,7.8,8.98,23.59,88.89,2.16,TNP_0009,2,2016
2016-01-20 13:00:00+00:00,0.0,0.0,22.82,90.94,2.24,TNP_0009,2,2016
2016-01-20 14:00:00+00:00,0.0,0.0,22.31,92.19,2.22,TNP_0009,2,2016
2016-01-20 15:00:00+00:00,0.0,0.0,21.96,93.12,2.1,TNP_0009,2,2016
2016-01-20 16:00:00+00:00,0.0,0.0,21.61,94.0,1.95,TNP_0009,2,2016
2016-01-20 17:00:00+00:00,0.0,0.0,21.28,94.65,1.8,TNP_0009,2,2016
2016-01-20 18:00:00+00:00,0.0,0.0,20.99,94.91,1.63,TNP_0009,2,2016
2016-01-20 19:00:00+00:00,0.0,0.0,20.78,94.74,1.47,TNP_0009,2,2016
2016-01-20 20:00:00+00:00,0.0,0.0,20.65,94.41,1.34,TNP_0009,2,2016
2016-01-20 21:00:00+00:00,0.0,0.0,20.62,94.17,1.24,TNP_0009,2,2016
2016-01-20 22:00:00+00:00,0.0,0.0,20.61,94.32,1.16,TNP_0009,2,2016
2016-01-20 23:00:00+00:00,0.0,0.0,20.6,94.45,1.13,TNP_0009,2,2016
2016-01-21 00:00:00+00:00,0.0,0.0,20.53,94.82,1.13,TNP_0009,2,2016
2016-01-21 01:00:00+00:00,17.83,23.25,20.91,95.19,0.98,TNP_0009,2,2016
2016-01-21 02:00:00+00:00,121.6,152.32,21.99,89.31,1.2,TNP_0009,2,2016
2016-01-21 03:00:00+00:00,250.0,327.73,23.6,81.54,1.14,TNP_0009,2,2016
2016-01-21 04:00:00+00:00,370.9,472.98,24.99,74.77,1.48,TNP_0009,2,2016
2016-01-21 05:00:00+00:00,511.52,626.8,26.18,69.43,1.89,TNP_0009,2,2016
2016-01-21 06:00:00+00:00,628.88,731.28,27.08,66.06,2.33,TNP_0009,2,2016
2016-01-21 07:00:00+00:00,598.3,711.97,27.6,64.36,2.68,TNP_0009,2,2016
2016-01-21 08:00:00+00:00,519.35,642.83,27.76,63.81,2.94,TNP_0009,2,2016
2016-01-21 09:00:00+00:00,430.55,505.73,27.42,64.66,3.25,TNP_0009,2,2016
2016-01-21 10:00:00+00:00,303.85,328.58,26.83,66.98,3.55,TNP_0009,2,2016
2016-01-21 11:00:00+00:00,120.62,129.68,25.52,74.78,3.09,TNP_0009,2,2016
2016-01-21 12:00:00+00:00,11.48,11.73,23.12,86.14,2.58,TNP_0009,2,2016
2016-01-21 13:00:00+00:00,0.0,0.0,22.17,88.07,2.78,TNP_0009,2,2016
2016-01-21 14:00:00+00:00,0.0,0.0,21.6,89.52,2.79,TNP_0009,2,2016
2016-01-21 15:00:00+00:00,0.0,0.0,21.08,91.48,2.54,TNP_0009,2,2016
2016-01-21 16:00:00+00:00,0.0,0.0,20.72,92.88,2.26,TNP_0009,2,2016
2016-01-21 17:00:00+00:00,0.0,0.0,20.43,93.66,2.07,TNP_0009,2,2016
2016-01-21 18:00:00+00:00,0.0,0.0,20.15,93.99,1.93,TNP_0009,2,2016
2016-01-21 19:00:00+00:00,0.0,0.0,19.85,94.0,1.83,TNP_0009,2,2016
2016-01-21 20:00:00+00:00,0.0,0.0,19.56,94.76,1.76,TNP_0009,2,2016
2016-01-21 21:00:00+00:00,0.0,0.0,19.23,96.29,1.82,TNP_0009,2,2016
2016-01-21 22:00:00+00:00,0.0,0.0,18.9,98.24,1.91,TNP_0009,2,2016
2016-01-21 23:00:00+00:00,0.0,0.0,18.73,99.51,1.93,TNP_0009,2,2016
2016-01-22 00:00:00+00:00,0.0,0.0,18.88,99.4,1.89,TNP_0009,2,2016
2016-01-22 01:00:00+00:00,19.15,24.0,20.11,96.5,1.62,TNP_0009,2,2016
2016-01-22 02:00:00+00:00,128.0,161.1,21.94,89.05,2.05,TNP_0009,2,2016
2016-01-22 03:00:00+00:00,301.83,368.25,23.48,83.59,2.18,TNP_0009,2,2016
2016-01-22 04:00:00+00:00,411.27,565.95,24.67,78.74,2.56,TNP_0009,2,2016
2016-01-22 05:00:00+00:00,480.92,702.72,25.23,75.98,2.58,TNP_0009,2,2016
2016-01-22 06:00:00+00:00,570.85,701.25,25.34,75.03,2.49,TNP_0009,2,2016
2016-01-22 07:00:00+00:00,499.45,696.83,25.38,74.64,2.45,TNP_0009,2,2016
2016-01-22 08:00:00+00:00,453.0,609.72,25.3,74.77,2.54,TNP_0009,2,2016
2016-01-22 09:00:00+00:00,251.48,471.8,25.08,75.72,2.91,TNP_0009,2,2016
2016-01-22 10:00:00+00:00,189.1,318.23,24.68,77.84,3.39,TNP_0009,2,2016
2016-01-22 11:00:00+00:00,84.7,133.5,23.79,83.56,3.23,TNP_0009,2,2016
2016-01-22 12:00:00+00:00,10.4,12.65,22.32,91.91,2.41,TNP_0009,2,2016
2016-01-22 13:00:00+00:00,0.0,0.0,21.66,94.14,2.62,TNP_0009,2,2016
2016-01-22 14:00:00+00:00,0.0,0.0,21.35,95.12,2.87,TNP_0009,2,2016
2016-01-22 15:00:00+00:00,0.0,0.0,21.1,96.22,2.91,TNP_0009,2,2016
2016-01-22 16:00:00+00:00,0.0,0.0,20.83,97.64,2.66,TNP_0009,2,2016
2016-01-22 17:00:00+00:00,0.0,0.0,20.64,98.74,2.31,TNP_0009,2,2016
2016-01-22 18:00:00+00:00,0.0,0.0,20.52,99.54,2.09,TNP_0009,2,2016
2016-01-22 19:00:00+00:00,0.0,0.0,20.46,100.0,2.07,TNP_0009,2,2016
2016-01-22 20:00:00+00:00,0.0,0.0,20.45,100.0,2.18,TNP_0009,2,2016
2016-01-22 21:00:00+00:00,0.0,0.0,20.55,100.0,2.45,TNP_0009,2,2016
2016-01-22 22:00:00+00:00,0.0,0.0,20.79,99.92,2.93,TNP_0009,2,2016
2016-01-22 23:00:00+00:00,0.0,0.0,21.08,98.76,3.53,TNP_0009,2,2016
2016-01-23 00:00:00+00:00,0.0,0.0,21.2,98.17,3.83,TNP_0009,2,2016
2016-01-23 01:00:00+00:00,22.95,26.42,21.71,96.32,4.42,TNP_0009,2,2016
2016-01-23 02:00:00+00:00,141.2,186.02,22.98,92.19,5.11,TNP_0009,2,2016
2016-01-23 03:00:00+00:00,260.27,391.45,24.5,83.73,6.0,TNP_0009,2,2016
2016-01-23 04:00:00+00:00,389.8,563.92,25.77,75.79,6.29,TNP_0009,2,2016
2016-01-23 05:00:00+00:00,481.7,689.55,26.76,71.36,6.25,TNP_0009,2,2016
2016-01-23 06:00:00+00:00,498.08,817.75,27.28,69.28,6.22,TNP_0009,2,2016
2016-01-23 07:00:00+00:00,467.55,804.65,27.41,68.69,6.16,TNP_0009,2,2016
2016-01-23 08:00:00+00:00,339.92,714.4,27.34,68.56,6.1,TNP_0009,2,2016
2016-01-23 09:00:00+00:00,320.55,566.45,26.96,69.5,6.12,TNP_0009,2,2016
2016-01-23 10:00:00+00:00,211.02,362.88,26.11,72.52,5.98,TNP_0009,2,2016
2016-01-23 11:00:00+00:00,109.68,151.45,24.79,78.88,5.14,TNP_0009,2,2016
2016-01-23 12:00:00+00:00,13.15,14.35,23.06,88.14,3.62,TNP_0009,2,2016
2016-01-23 13:00:00+00:00,0.0,0.0,22.25,91.86,3.45,TNP_0009,2,2016
2016-01-23 14:00:00+00:00,0.0,0.0,21.73,94.13,3.25,TNP_0009,2,2016
2016-01-23 15:00:00+00:00,0.0,0.0,21.36,95.67,3.15,TNP_0009,2,2016
2016-01-23 16:00:00+00:00,0.0,0.0,21.19,96.36,3.23,TNP_0009,2,2016
2016-01-23 17:00:00+00:00,0.0,0.0,21.14,96.62,3.31,TNP_0009,2,2016
2016-01-23 18:00:00+00:00,0.0,0.0,21.03,97.03,2.9,TNP_0009,2,2016
2016-01-23 19:00:00+00:00,0.0,0.0,20.87,97.85,2.54,TNP_0009,2,2016
2016-01-23 20:00:00+00:00,0.0,0.0,20.71,98.74,2.26,TNP_0009,2,2016
2016-01-23 21:00:00+00:00,0.0,0.0,20.64,99.06,2.16,TNP_0009,2,2016
2016-01-23 22:00:00+00:00,0.0,0.0,20.65,99.06,2.16,TNP_0009,2,2016
2016-01-23 23:00:00+00:00,0.0,0.0,20.52,99.71,2.14,TNP_0009,2,2016
2016-01-24 00:00:00+00:00,0.0,0.0,20.44,100.0,2.19,TNP_0009,2,2016
2016-01-24 01:00:00+00:00,27.17,30.17,21.32,96.14,2.81,TNP_0009,2,2016
2016-01-24 02:00:00+00:00,156.38,213.88,23.05,89.26,3.75,TNP_0009,2,2016
2016-01-24 03:00:00+00:00,319.3,441.85,24.84,81.5,4.46,TNP_0009,2,2016
2016-01-24 04:00:00+00:00,433.08,636.22,26.34,74.91,4.72,TNP_0009,2,2016
2016-01-24 05:00:00+00:00,542.17,769.88,27.42,70.68,4.75,TNP_0009,2,2016
2016-01-24 06:00:00+00:00,512.55,804.97,28.0,68.37,4.79,TNP_0009,2,2016
2016-01-24 07:00:00+00:00,477.65,798.45,28.49,66.68,4.88,TNP_0009,2,2016
2016-01-24 08:00:00+00:00,437.8,710.17,28.25,67.5,5.05,TNP_0009,2,2016
2016-01-24 09:00:00+00:00,368.27,561.5,27.44,70.44,5.21,TNP_0009,2,2016
2016-01-24 10:00:00+00:00,230.7,354.98,26.38,74.62,5.35,TNP_0009,2,2016
2016-01-24 11:00:00+00:00,116.8,147.05,25.06,80.79,5.01,TNP_0009,2,2016
2016-01-24 12:00:00+00:00,12.35,13.82,23.57,88.04,4.12,TNP_0009,2,2016
2016-01-24 13:00:00+00:00,0.0,0.0,22.8,91.7,3.75,TNP_0009,2,2016
2016-01-24 14:00:00+00:00,0.0,0.0,22.32,93.45,3.35,TNP_0009,2,2016
2016-01-24 15:00:00+00:00,0.0,0.0,21.95,94.44,2.94,TNP_0009,2,2016
2016-01-24 16:00:00+00:00,0.0,0.0,21.7,94.94,2.65,TNP_0009,2,2016
2016-01-24 17:00:00+00:00,0.0,0.0,21.47,95.5,2.32,TNP_0009,2,2016
2016-01-24 18:00:00+00:00,0.0,0.0,21.32,95.89,2.02,TNP_0009,2,2016
2016-01-24 19:00:00+00:00,0.0,0.0,21.03,96.66,1.79,TNP_0009,2,2016
2016-01-24 20:00:00+00:00,0.0,0.0,20.62,97.9,1.74,TNP_0009,2,2016
2016-01-24 21:00:00+00:00,0.0,0.0,20.24,98.67,1.72,TNP_0009,2,2016
2016-01-24 22:00:00+00:00,0.0,0.0,20.12,98.34,1.63,TNP_0009,2,2016
2016-01-24 23:00:00+00:00,0.0,0.0,20.04,98.08,1.57,TNP_0009,2,2016
2016-01-25 00:00:00+00:00,0.0,0.0,19.89,98.13,1.58,TNP_0009,2,2016
2016-01-25 01:00:00+00:00,31.05,33.03,20.8,95.41,1.49,TNP_0009,2,2016
2016-01-25 02:00:00+00:00,202.12,221.93,22.98,84.88,1.83,TNP_0009,2,2016
2016-01-25 03:00:00+00:00,405.6,446.3,24.76,77.01,2.0,TNP_0009,2,2016
2016-01-25 04:00:00+00:00,588.95,639.17,26.19,71.32,2.09,TNP_0009,2,2016
2016-01-25 05:00:00+00:00,697.05,776.3,27.33,67.11,2.21,TNP_0009,2,2016
2016-01-25 06:00:00+00:00,703.2,832.6,28.11,64.35,2.26,TNP_0009,2,2016
2016-01-25 07:00:00+00:00,677.83,822.25,28.48,63.0,2.24,TNP_0009,2,2016
2016-01-25 08:00:00+00:00,567.47,734.6,28.47,62.72,2.32,TNP_0009,2,2016
2016-01-25 09:00:00+00:00,465.75,574.28,27.97,63.98,2.59,TNP_0009,2,2016
2016-01-25 10:00:00+00:00,294.52,368.05,27.24,67.2,2.97,TNP_0009,2,2016
2016-01-25 11:00:00+00:00,137.1,157.38,25.99,74.52,2.85,TNP_0009,2,2016
2016-01-25 12:00:00+00:00,14.02,14.77,23.87,85.8,2.46,TNP_0009,2,2016
2016-01-25 13:00:00+00:00,0.0,0.0,22.97,87.97,2.73,TNP_0009,2,2016
2016-01-25 14:00:00+00:00,0.0,0.0,22.49,89.29,2.9,TNP_0009,2,2016
2016-01-25 15:00:00+00:00,0.0,0.0,22.04,91.18,2.74,TNP_0009,2,2016
2016-01-25 16:00:00+00:00,0.0,0.0,21.58,93.24,2.39,TNP_0009,2,2016
2016-01-25 17:00:00+00:00,0.0,0.0,21.14,94.76,2.09,TNP_0009,2,2016
2016-01-25 18:00:00+00:00,0.0,0.0,20.71,95.84,1.84,TNP_0009,2,2016
2016-01-25 19:00:00+00:00,0.0,0.0,20.3,96.62,1.69,TNP_0009,2,2016
2016-01-25 20:00:00+00:00,0.0,0.0,20.12,96.49,1.48,TNP_0009,2,2016
2016-01-25 21:00:00+00:00,0.0,0.0,20.06,95.87,1.26,TNP_0009,2,2016
2016-01-25 22:00:00+00:00,0.0,0.0,20.0,95.31,1.05,TNP_0009,2,2016
2016-01-25 23:00:00+00:00,0.0,0.0,19.98,94.76,0.85,TNP_0009,2,2016
2016-01-26 00:00:00+00:00,0.0,0.0,20.09,93.67,0.61,TNP_0009,2,2016
2016-01-26 01:00:00+00:00,26.75,27.27,20.66,92.9,0.41,TNP_0009,2,2016
2016-01-26 02:00:00+00:00,170.75,174.35,22.77,83.25,1.11,TNP_0009,2,2016
2016-01-26 03:00:00+00:00,363.4,374.52,24.58,75.1,1.66,TNP_0009,2,2016
2016-01-26 04:00:00+00:00,469.62,547.8,26.03,69.06,1.69,TNP_0009,2,2016
2016-01-26 05:00:00+00:00,594.95,662.97,27.25,64.73,1.49,TNP_0009,2,2016
2016-01-26 06:00:00+00:00,743.9,834.62,28.17,62.01,1.29,TNP_0009,2,2016
2016-01-26 07:00:00+00:00,730.12,823.2,28.69,60.48,1.2,TNP_0009,2,2016
2016-01-26 08:00:00+00:00,635.38,730.2,28.87,59.69,1.27,TNP_0009,2,2016
2016-01-26 09:00:00+00:00,531.1,590.42,28.69,59.65,1.62,TNP_0009,2,2016
2016-01-26 10:00:00+00:00,352.6,392.33,28.07,61.97,2.33,TNP_0009,2,2016
2016-01-26 11:00:00+00:00,165.0,175.12,26.61,70.0,2.67,TNP_0009,2,2016
2016-01-26 12:00:00+00:00,16.5,16.65,23.86,82.77,2.71,TNP_0009,2,2016
2016-01-26 13:00:00+00:00,0.0,0.0,22.69,85.01,3.13,TNP_0009,2,2016
2016-01-26 14:00:00+00:00,0.0,0.0,21.93,87.88,3.11,TNP_0009,2,2016
2016-01-26 15:00:00+00:00,0.0,0.0,21.23,91.35,2.69,TNP_0009,2,2016
2016-01-26 16:00:00+00:00,0.0,0.0,20.64,94.18,2.24,TNP_0009,2,2016
2016-01-26 17:00:00+00:00,0.0,0.0,20.22,95.99,1.9,TNP_0009,2,2016
2016-01-26 18:00:00+00:00,0.0,0.0,19.89,97.06,1.67,TNP_0009,2,2016
2016-01-26 19:00:00+00:00,0.0,0.0,19.61,97.53,1.5,TNP_0009,2,2016
2016-01-26 20:00:00+00:00,0.0,0.0,19.51,96.97,1.31,TNP_0009,2,2016
2016-01-26 21:00:00+00:00,0.0,0.0,19.47,96.2,1.11,TNP_0009,2,2016
2016-01-26 22:00:00+00:00,0.0,0.0,19.42,95.6,0.97,TNP_0009,2,2016
2016-01-26 23:00:00+00:00,0.0,0.0,19.17,96.3,0.93,TNP_0009,2,2016
2016-01-27 00:00:00+00:00,0.0,0.0,18.95,97.05,0.91,TNP_0009,2,2016
2016-01-27 01:00:00+00:00,30.12,30.35,19.57,95.17,0.87,TNP_0009,2,2016
2016-01-27 02:00:00+00:00,201.45,206.98,21.87,85.06,0.65,TNP_0009,2,2016
2016-01-27 03:00:00+00:00,377.77,417.67,24.25,74.11,1.11,TNP_0009,2,2016
2016-01-27 04:00:00+00:00,561.4,610.05,25.95,68.32,1.31,TNP_0009,2,2016
2016-01-27 05:00:00+00:00,725.53,745.65,27.43,62.62,1.33,TNP_0009,2,2016
2016-01-27 06:00:00+00:00,833.38,840.75,28.42,58.63,1.49,TNP_0009,2,2016
2016-01-27 07:00:00+00:00,817.85,849.35,28.98,56.37,1.81,TNP_0009,2,2016
2016-01-27 08:00:00+00:00,771.7,779.83,29.1,55.65,2.21,TNP_0009,2,2016
2016-01-27 09:00:00+00:00,628.42,631.38,28.77,56.4,2.6,TNP_0009,2,2016
2016-01-27 10:00:00+00:00,418.55,427.85,28.02,59.27,2.91,TNP_0009,2,2016
2016-01-27 11:00:00+00:00,196.05,198.45,26.35,69.25,2.69,TNP_0009,2,2016
2016-01-27 12:00:00+00:00,18.83,19.58,23.25,83.87,2.55,TNP_0009,2,2016
2016-01-27 13:00:00+00:00,0.0,0.0,22.06,86.41,2.71,TNP_0009,2,2016
2016-01-27 14:00:00+00:00,0.0,0.0,21.34,88.91,2.64,TNP_0009,2,2016
2016-01-27 15:00:00+00:00,0.0,0.0,20.67,91.37,2.5,TNP_0009,2,2016
2016-01-27 16:00:00+00:00,0.0,0.0,20.07,93.52,2.34,TNP_0009,2,2016
2016-01-27 17:00:00+00:00,0.0,0.0,19.55,95.54,2.16,TNP_0009,2,2016
2016-01-27 18:00:00+00:00,0.0,0.0,19.15,97.07,1.95,TNP_0009,2,2016
2016-01-27 19:00:00+00:00,0.0,0.0,18.96,97.54,1.67,TNP_0009,2,2016
2016-01-27 20:00:00+00:00,0.0,0.0,18.88,97.46,1.39,TNP_0009,2,2016
2016-01-27 21:00:00+00:00,0.0,0.0,18.8,97.11,1.19,TNP_0009,2,2016
2016-01-27 22:00:00+00:00,0.0,0.0,18.64,97.21,1.22,TNP_0009,2,2016
2016-01-27 23:00:00+00:00,0.0,0.0,18.02,100.0,1.46,TNP_0009,2,2016
2016-01-28 00:00:00+00:00,0.0,0.0,17.39,100.0,1.77,TNP_0009,2,2016
2016-01-28 01:00:00+00:00,33.78,34.08,18.28,98.96,1.92,TNP_0009,2,2016
2016-01-28 02:00:00+00:00,221.05,226.2,21.12,86.55,2.4,TNP_0009,2,2016
2016-01-28 03:00:00+00:00,445.45,455.05,23.94,73.35,1.28,TNP_0009,2,2016
2016-01-28 04:00:00+00:00,648.97,653.05,25.87,65.7,1.24,TNP_0009,2,2016
2016-01-28 05:00:00+00:00,794.08,794.15,27.57,58.08,1.4,TNP_0009,2,2016
2016-01-28 06:00:00+00:00,859.25,862.4,28.7,54.28,1.56,TNP_0009,2,2016
2016-01-28 07:00:00+00:00,854.03,857.75,29.24,52.7,1.72,TNP_0009,2,2016
2016-01-28 08:00:00+00:00,775.35,775.55,29.38,52.14,1.94,TNP_0009,2,2016
2016-01-28 09:00:00+00:00,623.15,625.67,29.11,52.74,2.1,TNP_0009,2,2016
2016-01-28 10:00:00+00:00,418.9,421.17,28.43,55.09,2.2,TNP_0009,2,2016
2016-01-28 11:00:00+00:00,196.73,198.18,27.0,62.89,2.11,TNP_0009,2,2016
2016-01-28 12:00:00+00:00,19.25,19.27,23.61,80.83,2.2,TNP_0009,2,2016
2016-01-28 13:00:00+00:00,0.0,0.0,22.12,82.63,2.6,TNP_0009,2,2016
2016-01-28 14:00:00+00:00,0.0,0.0,21.28,84.73,2.68,TNP_0009,2,2016
2016-01-28 15:00:00+00:00,0.0,0.0,20.56,86.82,2.61,TNP_0009,2,2016
2016-01-28 16:00:00+00:00,0.0,0.0,19.95,88.51,2.44,TNP_0009,2,2016
2016-01-28 17:00:00+00:00,0.0,0.0,19.52,89.16,2.16,TNP_0009,2,2016
2016-01-28 18:00:00+00:00,0.0,0.0,19.39,88.94,1.78,TNP_0009,2,2016
2016-01-28 19:00:00+00:00,0.0,0.0,19.3,89.4,1.34,TNP_0009,2,2016
2016-01-28 20:00:00+00:00,0.0,0.0,19.22,89.86,0.95,TNP_0009,2,2016
2016-01-28 21:00:00+00:00,0.0,0.0,19.01,90.86,0.77,TNP_0009,2,2016
2016-01-28 22:00:00+00:00,0.0,0.0,18.29,94.91,1.0,TNP_0009,2,2016
2016-01-28 23:00:00+00:00,0.0,0.0,17.55,99.33,1.36,TNP_0009,2,2016
2016-01-29 00:00:00+00:00,0.0,0.0,16.9,100.0,1.68,TNP_0009,2,2016
2016-01-29 01:00:00+00:00,32.42,34.42,17.74,98.86,1.75,TNP_0009,2,2016
2016-01-29 02:00:00+00:00,197.88,227.7,20.79,86.61,2.32,TNP_0009,2,2016
2016-01-29 03:00:00+00:00,406.17,457.83,24.02,71.89,1.1,TNP_0009,2,2016
2016-01-29 04:00:00+00:00,629.53,658.4,26.14,61.97,1.41,TNP_0009,2,2016
2016-01-29 05:00:00+00:00,798.17,800.97,27.91,53.1,1.96,TNP_0009,2,2016
2016-01-29 06:00:00+00:00,859.08,862.05,28.96,49.24,2.68,TNP_0009,2,2016
2016-01-29 07:00:00+00:00,855.65,858.88,29.41,48.37,3.24,TNP_0009,2,2016
2016-01-29 08:00:00+00:00,776.65,778.03,29.44,48.69,3.68,TNP_0009,2,2016
2016-01-29 09:00:00+00:00,623.8,626.67,29.19,49.33,3.92,TNP_0009,2,2016
2016-01-29 10:00:00+00:00,420.33,422.48,28.26,52.63,3.87,TNP_0009,2,2016
2016-01-29 11:00:00+00:00,199.85,201.18,26.22,66.54,2.9,TNP_0009,2,2016
2016-01-29 12:00:00+00:00,20.12,20.2,22.77,81.59,2.68,TNP_0009,2,2016
2016-01-29 13:00:00+00:00,0.0,0.0,21.43,84.95,2.79,TNP_0009,2,2016
2016-01-29 14:00:00+00:00,0.0,0.0,20.64,88.03,2.71,TNP_0009,2,2016
2016-01-29 15:00:00+00:00,0.0,0.0,19.94,90.69,2.59,TNP_0009,2,2016
2016-01-29 16:00:00+00:00,0.0,0.0,19.36,92.98,2.4,TNP_0009,2,2016
2016-01-29 17:00:00+00:00,0.0,0.0,18.95,95.65,2.12,TNP_0009,2,2016
2016-01-29 18:00:00+00:00,0.0,0.0,18.85,96.49,1.73,TNP_0009,2,2016
2016-01-29 19:00:00+00:00,0.0,0.0,18.92,96.21,1.17,TNP_0009,2,2016
2016-01-29 20:00:00+00:00,0.0,0.0,19.02,95.41,0.59,TNP_0009,2,2016
2016-01-29 21:00:00+00:00,0.0,0.0,18.68,97.06,0.73,TNP_0009,2,2016
2016-01-29 22:00:00+00:00,0.0,0.0,17.93,100.0,1.11,TNP_0009,2,2016
2016-01-29 23:00:00+00:00,0.0,0.0,17.23,100.0,1.49,TNP_0009,2,2016
2016-01-30 00:00:00+00:00,0.0,0.0,16.39,100.0,1.95,TNP_0009,2,2016
2016-01-30 01:00:00+00:00,33.8,34.35,17.51,100.0,2.1,TNP_0009,2,2016
2016-01-30 02:00:00+00:00,230.45,238.27,20.79,87.31,2.59,TNP_0009,2,2016
2016-01-30 03:00:00+00:00,467.23,477.48,23.94,69.08,0.39,TNP_0009,2,2016
2016-01-30 04:00:00+00:00,678.12,680.42,26.15,57.32,1.75,TNP_0009,2,2016
2016-01-30 05:00:00+00:00,820.83,824.03,27.48,53.19,2.3,TNP_0009,2,2016
2016-01-30 06:00:00+00:00,860.7,863.97,28.35,51.72,2.55,TNP_0009,2,2016
2016-01-30 07:00:00+00:00,860.42,861.0,28.88,50.98,2.72,TNP_0009,2,2016
2016-01-30 08:00:00+00:00,777.22,780.92,29.03,50.87,2.83,TNP_0009,2,2016
2016-01-30 09:00:00+00:00,627.6,630.62,28.8,51.8,2.91,TNP_0009,2,2016
2016-01-30 10:00:00+00:00,421.75,425.42,28.16,53.97,2.93,TNP_0009,2,2016
2016-01-30 11:00:00+00:00,193.73,196.25,26.51,64.46,2.42,TNP_0009,2,2016
2016-01-30 12:00:00+00:00,20.2,20.33,23.12,80.81,2.3,TNP_0009,2,2016
2016-01-30 13:00:00+00:00,0.0,0.0,21.77,82.84,2.51,TNP_0009,2,2016
2016-01-30 14:00:00+00:00,0.0,0.0,21.01,85.29,2.48,TNP_0009,2,2016
2016-01-30 15:00:00+00:00,0.0,0.0,20.42,86.98,2.33,TNP_0009,2,2016
2016-01-30 16:00:00+00:00,0.0,0.0,20.02,87.76,2.08,TNP_0009,2,2016
2016-01-30 17:00:00+00:00,0.0,0.0,19.76,89.16,1.7,TNP_0009,2,2016
2016-01-30 18:00:00+00:00,0.0,0.0,19.49,91.24,1.28,TNP_0009,2,2016
2016-01-30 19:00:00+00:00,0.0,0.0,19.28,92.86,0.97,TNP_0009,2,2016
2016-01-30 20:00:00+00:00,0.0,0.0,19.03,94.53,0.78,TNP_0009,2,2016
2016-01-30 21:00:00+00:00,0.0,0.0,18.15,99.54,1.06,TNP_0009,2,2016
2016-01-30 22:00:00+00:00,0.0,0.0,17.19,100.0,1.6,TNP_0009,2,2016
2016-01-30 23:00:00+00:00,0.0,0.0,16.5,100.0,1.93,TNP_0009,2,2016
2016-01-31 00:00:00+00:00,0.0,0.0,16.16,100.0,2.04,TNP_0009,2,2016
2016-01-31 01:00:00+00:00,31.1,36.15,17.37,100.0,1.87,TNP_0009,2,2016
2016-01-31 02:00:00+00:00,197.57,246.3,20.51,87.92,2.23,TNP_0009,2,2016
2016-01-31 03:00:00+00:00,414.33,489.92,23.76,71.36,0.25,TNP_0009,2,2016
2016-01-31 04:00:00+00:00,625.6,696.72,26.04,60.35,1.76,TNP_0009,2,2016
2016-01-31 05:00:00+00:00,755.42,842.53,27.64,53.83,2.56,TNP_0009,2,2016
2016-01-31 06:00:00+00:00,850.92,886.9,28.92,47.83,3.24,TNP_0009,2,2016
2016-01-31 07:00:00+00:00,855.75,883.95,29.48,45.29,3.52,TNP_0009,2,2016
2016-01-31 08:00:00+00:00,760.22,802.33,29.55,44.49,3.66,TNP_0009,2,2016
2016-01-31 09:00:00+00:00,608.05,650.9,29.25,43.86,3.75,TNP_0009,2,2016
2016-01-31 10:00:00+00:00,400.27,443.75,28.15,48.19,3.4,TNP_0009,2,2016
2016-01-31 11:00:00+00:00,190.77,209.43,25.94,62.95,2.62,TNP_0009,2,2016
2016-01-31 12:00:00+00:00,21.2,22.48,22.22,77.25,2.65,TNP_0009,2,2016
2016-01-31 13:00:00+00:00,0.0,0.0,20.83,80.45,2.73,TNP_0009,2,2016
2016-01-31 14:00:00+00:00,0.0,0.0,20.1,83.79,2.59,TNP_0009,2,2016
2016-01-31 15:00:00+00:00,0.0,0.0,19.55,86.33,2.35,TNP_0009,2,2016
2016-01-31 16:00:00+00:00,0.0,0.0,19.15,88.45,2.04,TNP_0009,2,2016
2016-01-31 17:00:00+00:00,0.0,0.0,18.95,90.53,1.61,TNP_0009,2,2016
2016-01-31 18:00:00+00:00,0.0,0.0,18.95,91.48,1.03,TNP_0009,2,2016
2016-01-31 19:00:00+00:00,0.0,0.0,18.85,91.69,0.28,TNP_0009,2,2016
2016-01-31 20:00:00+00:00,0.0,0.0,18.11,96.72,0.53,TNP_0009,2,2016
2016-01-31 21:00:00+00:00,0.0,0.0,17.01,100.0,1.21,TNP_0009,2,2016
2016-01-31 22:00:00+00:00,0.0,0.0,16.02,100.0,1.76,TNP_0009,2,2016
2016-01-31 23:00:00+00:00,0.0,0.0,15.3,100.0,2.1,TNP_0009,2,2016
2016-02-01 00:00:00+00:00,0.0,0.0,14.9,100.0,2.25,TNP_0009,2,2016
2016-02-01 01:00:00+00:00,38.95,44.92,16.35,98.89,2.09,TNP_0009,2,2016
2016-02-01 02:00:00+00:00,241.25,272.9,20.12,81.64,2.28,TNP_0009,2,2016
2016-02-01 03:00:00+00:00,479.33,515.33,23.25,64.93,0.18,TNP_0009,2,2016
2016-02-01 04:00:00+00:00,670.25,720.22,25.45,55.36,1.58,TNP_0009,2,2016
2016-02-01 05:00:00+00:00,860.38,863.65,27.22,49.23,2.44,TNP_0009,2,2016
2016-02-01 06:00:00+00:00,898.7,910.47,28.47,45.72,3.01,TNP_0009,2,2016
2016-02-01 07:00:00+00:00,872.0,906.05,29.14,45.09,3.27,TNP_0009,2,2016
2016-02-01 08:00:00+00:00,801.92,823.97,29.36,45.31,3.42,TNP_0009,2,2016
2016-02-01 09:00:00+00:00,650.25,671.67,29.18,46.34,3.4,TNP_0009,2,2016
2016-02-01 10:00:00+00:00,436.17,463.3,28.39,49.19,3.25,TNP_0009,2,2016
2016-02-01 11:00:00+00:00,207.8,224.15,26.43,62.62,2.5,TNP_0009,2,2016
2016-02-01 12:00:00+00:00,23.0,25.15,22.63,78.89,2.48,TNP_0009,2,2016
2016-02-01 13:00:00+00:00,0.0,0.0,21.14,81.5,2.65,TNP_0009,2,2016
2016-02-01 14:00:00+00:00,0.0,0.0,20.3,84.21,2.6,TNP_0009,2,2016
2016-02-01 15:00:00+00:00,0.0,0.0,19.61,86.37,2.46,TNP_0009,2,2016
2016-02-01 16:00:00+00:00,0.0,0.0,19.11,87.85,2.26,TNP_0009,2,2016
2016-02-01 17:00:00+00:00,0.0,0.0,18.84,89.11,1.94,TNP_0009,2,2016
2016-02-01 18:00:00+00:00,0.0,0.0,18.69,90.64,1.56,TNP_0009,2,2016
2016-02-01 19:00:00+00:00,0.0,0.0,18.32,93.07,1.25,TNP_0009,2,2016
2016-02-01 20:00:00+00:00,0.0,0.0,17.73,96.68,1.25,TNP_0009,2,2016
2016-02-01 21:00:00+00:00,0.0,0.0,17.04,100.0,1.52,TNP_0009,2,2016
2016-02-01 22:00:00+00:00,0.0,0.0,16.13,100.0,1.9,TNP_0009,2,2016
2016-02-01 23:00:00+00:00,0.0,0.0,15.35,100.0,2.18,TNP_0009,2,2016
2016-02-02 00:00:00+00:00,0.0,0.0,15.0,100.0,2.3,TNP_0009,2,2016
2016-02-02 01:00:00+00:00,42.1,46.78,16.6,98.88,2.06,TNP_0009,2,2016
2016-02-02 02:00:00+00:00,242.0,275.85,20.48,81.78,2.03,TNP_0009,2,2016
2016-02-02 03:00:00+00:00,479.73,518.42,23.39,67.58,0.57,TNP_0009,2,2016
2016-02-02 04:00:00+00:00,681.33,722.88,25.3,60.8,1.43,TNP_0009,2,2016
2016-02-02 05:00:00+00:00,844.78,866.5,27.18,52.81,1.81,TNP_0009,2,2016
2016-02-02 06:00:00+00:00,877.92,914.7,28.89,44.56,2.15,TNP_0009,2,2016
2016-02-02 07:00:00+00:00,867.9,907.62,29.85,40.25,2.47,TNP_0009,2,2016
2016-02-02 08:00:00+00:00,792.72,823.12,30.14,39.32,2.69,TNP_0009,2,2016
2016-02-02 09:00:00+00:00,641.5,669.67,29.99,39.3,2.84,TNP_0009,2,2016
2016-02-02 10:00:00+00:00,433.7,459.85,29.15,42.63,2.74,TNP_0009,2,2016
2016-02-02 11:00:00+00:00,213.68,221.0,27.31,52.76,2.32,TNP_0009,2,2016
2016-02-02 12:00:00+00:00,24.35,24.75,23.24,69.99,2.37,TNP_0009,2,2016
2016-02-02 13:00:00+00:00,0.0,0.0,21.67,71.93,2.53,TNP_0009,2,2016
2016-02-02 14:00:00+00:00,0.0,0.0,20.78,75.21,2.44,TNP_0009,2,2016
2016-02-02 15:00:00+00:00,0.0,0.0,20.1,77.88,2.23,TNP_0009,2,2016
2016-02-02 16:00:00+00:00,0.0,0.0,19.62,79.9,1.96,TNP_0009,2,2016
2016-02-02 17:00:00+00:00,0.0,0.0,19.27,82.13,1.62,TNP_0009,2,2016
2016-02-02 18:00:00+00:00,0.0,0.0,18.73,85.55,1.34,TNP_0009,2,2016
2016-02-02 19:00:00+00:00,0.0,0.0,18.16,89.34,1.31,TNP_0009,2,2016
2016-02-02 20:00:00+00:00,0.0,0.0,17.43,93.86,1.53,TNP_0009,2,2016
2016-02-02 21:00:00+00:00,0.0,0.0,16.61,98.65,1.76,TNP_0009,2,2016
2016-02-02 22:00:00+00:00,0.0,0.0,15.9,100.0,1.97,TNP_0009,2,2016
2016-02-02 23:00:00+00:00,0.0,0.0,15.33,100.0,2.15,TNP_0009,2,2016
2016-02-03 00:00:00+00:00,0.0,0.0,14.95,100.0,2.27,TNP_0009,2,2016
2016-02-03 01:00:00+00:00,38.67,42.72,16.44,98.12,2.1,TNP_0009,2,2016
2016-02-03 02:00:00+00:00,227.15,267.23,19.63,83.99,2.64,TNP_0009,2,2016
2016-02-03 03:00:00+00:00,436.8,512.78,22.65,74.38,1.9,TNP_0009,2,2016
2016-02-03 04:00:00+00:00,582.33,719.2,24.86,65.06,1.64,TNP_0009,2,2016
2016-02-03 05:00:00+00:00,824.65,866.58,26.97,54.78,1.47,TNP_0009,2,2016
2016-02-03 06:00:00+00:00,792.42,904.15,28.61,47.2,1.95,TNP_0009,2,2016
2016-02-03 07:00:00+00:00,850.35,881.85,29.37,45.3,2.25,TNP_0009,2,2016
2016-02-03 08:00:00+00:00,776.05,798.12,29.6,45.19,2.43,TNP_0009,2,2016
2016-02-03 09:00:00+00:00,637.15,644.55,29.37,46.0,2.57,TNP_0009,2,2016
2016-02-03 10:00:00+00:00,431.12,436.7,28.64,48.23,2.63,TNP_0009,2,2016
2016-02-03 11:00:00+00:00,203.98,204.93,26.79,61.86,2.13,TNP_0009,2,2016
2016-02-03 12:00:00+00:00,22.62,22.77,23.24,76.05,2.36,TNP_0009,2,2016
2016-02-03 13:00:00+00:00,0.0,0.0,21.74,78.38,2.59,TNP_0009,2,2016
2016-02-03 14:00:00+00:00,0.0,0.0,20.84,81.61,2.59,TNP_0009,2,2016
2016-02-03 15:00:00+00:00,0.0,0.0,20.08,84.58,2.49,TNP_0009,2,2016
2016-02-03 16:00:00+00:00,0.0,0.0,19.43,87.38,2.36,TNP_0009,2,2016
2016-02-03 17:00:00+00:00,0.0,0.0,18.83,90.7,2.23,TNP_0009,2,2016
2016-02-03 18:00:00+00:00,0.0,0.0,18.32,95.02,2.09,TNP_0009,2,2016
2016-02-03 19:00:00+00:00,0.0,0.0,17.92,98.82,1.94,TNP_0009,2,2016
2016-02-03 20:00:00+00:00,0.0,0.0,17.61,100.0,1.79,TNP_0009,2,2016
2016-02-03 21:00:00+00:00,0.0,0.0,17.36,100.0,1.64,TNP_0009,2,2016
2016-02-03 22:00:00+00:00,0.0,0.0,16.99,100.0,1.7,TNP_0009,2,2016
2016-02-03 23:00:00+00:00,0.0,0.0,16.42,100.0,1.95,TNP_0009,2,2016
2016-02-04 00:00:00+00:00,0.0,0.0,15.88,100.0,2.18,TNP_0009,2,2016
2016-02-04 01:00:00+00:00,39.1,40.83,17.3,100.0,2.01,TNP_0009,2,2016
2016-02-04 02:00:00+00:00,248.9,262.35,20.82,86.66,2.15,TNP_0009,2,2016
2016-02-04 03:00:00+00:00,486.27,502.85,23.58,73.6,1.34,TNP_0009,2,2016
2016-02-04 04:00:00+00:00,702.72,707.62,26.2,56.86,1.85,TNP_0009,2,2016
2016-02-04 05:00:00+00:00,847.0,852.25,28.26,45.98,2.77,TNP_0009,2,2016
2016-02-04 06:00:00+00:00,874.55,892.58,29.38,42.84,3.29,TNP_0009,2,2016
2016-02-04 07:00:00+00:00,874.22,886.03,29.96,41.64,3.65,TNP_0009,2,2016
2016-02-04 08:00:00+00:00,797.05,802.22,30.12,41.59,3.84,TNP_0009,2,2016
2016-02-04 09:00:00+00:00,632.5,649.05,29.8,42.26,3.96,TNP_0009,2,2016
2016-02-04 10:00:00+00:00,417.98,441.62,28.84,45.78,3.9,TNP_0009,2,2016
2016-02-04 11:00:00+00:00,196.15,209.7,26.71,59.52,3.04,TNP_0009,2,2016
2016-02-04 12:00:00+00:00,21.95,23.85,22.9,77.9,2.75,TNP_0009,2,2016
2016-02-04 13:00:00+00:00,0.0,0.0,21.5,82.79,2.89,TNP_0009,2,2016
2016-02-04 14:00:00+00:00,0.0,0.0,20.78,87.21,2.78,TNP_0009,2,2016
2016-02-04 15:00:00+00:00,0.0,0.0,20.16,91.07,2.59,TNP_0009,2,2016
2016-02-04 16:00:00+00:00,0.0,0.0,19.68,93.98,2.35,TNP_0009,2,2016
2016-02-04 17:00:00+00:00,0.0,0.0,19.38,96.7,2.07,TNP_0009,2,2016
2016-02-04 18:00:00+00:00,0.0,0.0,19.42,97.32,1.74,TNP_0009,2,2016
2016-02-04 19:00:00+00:00,0.0,0.0,19.52,97.27,1.4,TNP_0009,2,2016
2016-02-04 20:00:00+00:00,0.0,0.0,19.57,97.17,1.09,TNP_0009,2,2016
2016-02-04 21:00:00+00:00,0.0,0.0,19.78,95.8,0.87,TNP_0009,2,2016
2016-02-04 22:00:00+00:00,0.0,0.0,19.88,95.13,0.79,TNP_0009,2,2016
2016-02-04 23:00:00+00:00,0.0,0.0,19.92,94.46,0.55,TNP_0009,2,2016
2016-02-05 00:00:00+00:00,0.0,0.0,19.93,93.93,0.32,TNP_0009,2,2016
2016-02-05 01:00:00+00:00,36.92,42.03,20.4,93.45,0.28,TNP_0009,2,2016
2016-02-05 02:00:00+00:00,196.18,262.42,22.6,83.95,0.27,TNP_0009,2,2016
2016-02-05 03:00:00+00:00,391.2,487.98,24.98,70.86,1.57,TNP_0009,2,2016
2016-02-05 04:00:00+00:00,580.97,693.22,26.7,60.59,1.98,TNP_0009,2,2016
2016-02-05 05:00:00+00:00,743.42,831.22,28.01,54.0,2.17,TNP_0009,2,2016
2016-02-05 06:00:00+00:00,837.95,877.88,28.92,49.52,2.41,TNP_0009,2,2016
2016-02-05 07:00:00+00:00,831.53,867.12,29.46,46.69,2.64,TNP_0009,2,2016
2016-02-05 08:00:00+00:00,704.3,775.12,29.57,45.41,2.82,TNP_0009,2,2016
2016-02-05 09:00:00+00:00,542.42,604.03,29.24,45.87,3.06,TNP_0009,2,2016
2016-02-05 10:00:00+00:00,330.58,403.2,28.49,47.7,3.3,TNP_0009,2,2016
2016-02-05 11:00:00+00:00,165.93,182.38,26.66,58.06,2.9,TNP_0009,2,2016
2016-02-05 12:00:00+00:00,20.08,21.25,23.06,77.12,2.63,TNP_0009,2,2016
2016-02-05 13:00:00+00:00,0.0,0.0,21.69,80.9,2.86,TNP_0009,2,2016
2016-02-05 14:00:00+00:00,0.0,0.0,21.01,84.44,2.84,TNP_0009,2,2016
2016-02-05 15:00:00+00:00,0.0,0.0,20.45,88.1,2.73,TNP_0009,2,2016
2016-02-05 16:00:00+00:00,0.0,0.0,19.92,91.44,2.54,TNP_0009,2,2016
2016-02-05 17:00:00+00:00,0.0,0.0,19.38,94.37,2.37,TNP_0009,2,2016
2016-02-05 18:00:00+00:00,0.0,0.0,18.92,96.9,2.14,TNP_0009,2,2016
2016-02-05 19:00:00+00:00,0.0,0.0,18.8,97.32,1.77,TNP_0009,2,2016
2016-02-05 20:00:00+00:00,0.0,0.0,18.99,95.87,1.29,TNP_0009,2,2016
2016-02-05 21:00:00+00:00,0.0,0.0,19.07,94.98,0.86,TNP_0009,2,2016
2016-02-05 22:00:00+00:00,0.0,0.0,19.17,93.6,0.54,TNP_0009,2,2016
2016-02-05 23:00:00+00:00,0.0,0.0,18.99,93.77,0.46,TNP_0009,2,2016
2016-02-06 00:00:00+00:00,0.0,0.0,18.54,96.22,0.73,TNP_0009,2,2016
2016-02-06 01:00:00+00:00,32.2,35.25,19.03,95.11,1.06,TNP_0009,2,2016
2016-02-06 02:00:00+00:00,196.98,224.23,21.69,83.41,1.15,TNP_0009,2,2016
2016-02-06 03:00:00+00:00,385.0,446.45,24.46,69.62,2.12,TNP_0009,2,2016
2016-02-06 04:00:00+00:00,503.48,628.08,26.35,59.99,2.26,TNP_0009,2,2016
2016-02-06 05:00:00+00:00,637.45,783.35,27.9,52.78,2.16,TNP_0009,2,2016
2016-02-06 06:00:00+00:00,704.7,869.47,28.96,48.6,2.07,TNP_0009,2,2016
2016-02-06 07:00:00+00:00,692.88,859.4,29.57,46.68,2.01,TNP_0009,2,2016
2016-02-06 08:00:00+00:00,557.5,770.97,29.76,46.13,2.08,TNP_0009,2,2016
2016-02-06 09:00:00+00:00,438.2,612.0,29.53,46.79,2.35,TNP_0009,2,2016
2016-02-06 10:00:00+00:00,312.52,400.1,28.84,48.97,2.75,TNP_0009,2,2016
2016-02-06 11:00:00+00:00,150.27,175.6,27.1,59.3,2.67,TNP_0009,2,2016
2016-02-06 12:00:00+00:00,18.6,20.9,23.72,76.75,2.61,TNP_0009,2,2016
2016-02-06 13:00:00+00:00,0.0,0.0,22.49,79.85,2.89,TNP_0009,2,2016
2016-02-06 14:00:00+00:00,0.0,0.0,21.88,83.26,2.95,TNP_0009,2,2016
2016-02-06 15:00:00+00:00,0.0,0.0,21.3,87.5,2.74,TNP_0009,2,2016
2016-02-06 16:00:00+00:00,0.0,0.0,20.74,91.46,2.48,TNP_0009,2,2016
2016-02-06 17:00:00+00:00,0.0,0.0,20.21,94.53,2.29,TNP_0009,2,2016
2016-02-06 18:00:00+00:00,0.0,0.0,19.77,97.22,2.07,TNP_0009,2,2016
2016-02-06 19:00:00+00:00,0.0,0.0,19.67,97.54,1.67,TNP_0009,2,2016
2016-02-06 20:00:00+00:00,0.0,0.0,19.91,95.82,1.11,TNP_0009,2,2016
2016-02-06 21:00:00+00:00,0.0,0.0,20.26,93.53,0.54,TNP_0009,2,2016
2016-02-06 22:00:00+00:00,0.0,0.0,19.94,94.82,0.7,TNP_0009,2,2016
2016-02-06 23:00:00+00:00,0.0,0.0,19.09,99.62,1.43,TNP_0009,2,2016
2016-02-07 00:00:00+00:00,0.0,0.0,18.34,100.0,1.93,TNP_0009,2,2016
2016-02-07 01:00:00+00:00,29.98,32.78,19.61,97.16,2.09,TNP_0009,2,2016
2016-02-07 02:00:00+00:00,191.12,208.77,22.47,83.76,1.55,TNP_0009,2,2016
2016-02-07 03:00:00+00:00,364.9,415.73,25.08,69.22,0.8,TNP_0009,2,2016
2016-02-07 04:00:00+00:00,547.75,624.45,27.11,58.24,1.44,TNP_0009,2,2016
2016-02-07 05:00:00+00:00,644.05,756.33,28.55,53.38,1.47,TNP_0009,2,2016
2016-02-07 06:00:00+00:00,834.4,866.72,29.6,50.59,1.45,TNP_0009,2,2016
2016-02-07 07:00:00+00:00,835.75,860.35,30.3,48.9,1.59,TNP_0009,2,2016
2016-02-07 08:00:00+00:00,738.33,774.2,30.59,48.32,1.86,TNP_0009,2,2016
2016-02-07 09:00:00+00:00,602.35,619.78,30.44,48.82,2.24,TNP_0009,2,2016
2016-02-07 10:00:00+00:00,401.25,414.85,29.8,50.83,2.67,TNP_0009,2,2016
2016-02-07 11:00:00+00:00,198.68,201.05,28.24,58.69,2.75,TNP_0009,2,2016
2016-02-07 12:00:00+00:00,23.48,23.8,24.85,75.79,2.64,TNP_0009,2,2016
2016-02-07 13:00:00+00:00,0.0,0.0,23.55,77.88,3.09,TNP_0009,2,2016
2016-02-07 14:00:00+00:00,0.0,0.0,22.87,80.62,3.26,TNP_0009,2,2016
2016-02-07 15:00:00+00:00,0.0,0.0,22.17,85.28,2.99,TNP_0009,2,2016
2016-02-07 16:00:00+00:00,0.0,0.0,21.56,89.93,2.53,TNP_0009,2,2016
2016-02-07 17:00:00+00:00,0.0,0.0,21.08,93.16,2.16,TNP_0009,2,2016
2016-02-07 18:00:00+00:00,0.0,0.0,20.78,94.66,1.84,TNP_0009,2,2016
2016-02-07 19:00:00+00:00,0.0,0.0,20.78,94.41,1.42,TNP_0009,2,2016
2016-02-07 20:00:00+00:00,0.0,0.0,20.92,93.21,0.92,TNP_0009,2,2016
2016-02-07 21:00:00+00:00,0.0,0.0,20.96,92.74,0.55,TNP_0009,2,2016
2016-02-07 22:00:00+00:00,0.0,0.0,20.6,94.43,0.64,TNP_0009,2,2016
2016-02-07 23:00:00+00:00,0.0,0.0,20.41,95.39,0.83,TNP_0009,2,2016
2016-02-08 00:00:00+00:00,0.0,0.0,20.32,95.82,0.82,TNP_0009,2,2016
2016-02-08 01:00:00+00:00,35.12,40.72,21.03,94.05,0.87,TNP_0009,2,2016
2016-02-08 02:00:00+00:00,202.93,249.15,23.35,82.76,1.08,TNP_0009,2,2016
2016-02-08 03:00:00+00:00,415.5,484.35,25.49,71.99,1.7,TNP_0009,2,2016
2016-02-08 04:00:00+00:00,629.75,684.6,27.23,63.7,2.07,TNP_0009,2,2016
2016-02-08 05:00:00+00:00,779.22,828.35,28.73,56.65,2.4,TNP_0009,2,2016
2016-02-08 06:00:00+00:00,782.28,839.58,29.88,51.65,2.76,TNP_0009,2,2016
2016-02-08 07:00:00+00:00,716.58,843.62,30.55,48.74,3.12,TNP_0009,2,2016
2016-02-08 08:00:00+00:00,681.62,767.2,30.74,47.57,3.39,TNP_0009,2,2016
2016-02-08 09:00:00+00:00,572.9,613.0,30.44,48.07,3.57,TNP_0009,2,2016
2016-02-08 10:00:00+00:00,391.42,409.5,29.69,49.74,3.7,TNP_0009,2,2016
2016-02-08 11:00:00+00:00,188.23,193.0,27.95,58.68,3.18,TNP_0009,2,2016
2016-02-08 12:00:00+00:00,23.1,23.6,24.61,76.83,2.53,TNP_0009,2,2016
2016-02-08 13:00:00+00:00,0.0,0.0,23.17,81.89,2.65,TNP_0009,2,2016
2016-02-08 14:00:00+00:00,0.0,0.0,22.36,85.81,2.56,TNP_0009,2,2016
2016-02-08 15:00:00+00:00,0.0,0.0,21.63,89.76,2.42,TNP_0009,2,2016
2016-02-08 16:00:00+00:00,0.0,0.0,20.99,93.04,2.29,TNP_0009,2,2016
2016-02-08 17:00:00+00:00,0.0,0.0,20.42,96.08,2.15,TNP_0009,2,2016
2016-02-08 18:00:00+00:00,0.0,0.0,19.94,99.46,1.95,TNP_0009,2,2016
2016-02-08 19:00:00+00:00,0.0,0.0,19.67,100.0,1.67,TNP_0009,2,2016
2016-02-08 20:00:00+00:00,0.0,0.0,19.75,100.0,1.36,TNP_0009,2,2016
2016-02-08 21:00:00+00:00,0.0,0.0,19.86,100.0,1.09,TNP_0009,2,2016
2016-02-08 22:00:00+00:00,0.0,0.0,19.8,100.0,0.84,TNP_0009,2,2016
2016-02-08 23:00:00+00:00,0.0,0.0,19.82,99.38,0.62,TNP_0009,2,2016
2016-02-09 00:00:00+00:00,0.0,0.0,19.98,97.76,0.45,TNP_0009,2,2016
2016-02-09 01:00:00+00:00,36.35,39.53,20.66,94.99,0.29,TNP_0009,2,2016
2016-02-09 02:00:00+00:00,216.52,243.35,22.72,84.11,0.98,TNP_0009,2,2016
2016-02-09 03:00:00+00:00,428.9,478.92,24.68,72.48,1.8,TNP_0009,2,2016
2016-02-09 04:00:00+00:00,620.42,683.65,26.51,63.71,2.05,TNP_0009,2,2016
2016-02-09 05:00:00+00:00,799.08,830.28,28.26,55.0,2.13,TNP_0009,2,2016
2016-02-09 06:00:00+00:00,869.28,877.7,29.76,47.38,2.31,TNP_0009,2,2016
2016-02-09 07:00:00+00:00,868.15,873.45,30.61,43.65,2.53,TNP_0009,2,2016
2016-02-09 08:00:00+00:00,789.42,791.17,30.9,42.01,2.76,TNP_0009,2,2016
2016-02-09 09:00:00+00:00,633.85,636.28,30.75,41.58,2.93,TNP_0009,2,2016
2016-02-09 10:00:00+00:00,423.83,425.27,30.0,42.96,3.11,TNP_0009,2,2016
2016-02-09 11:00:00+00:00,211.23,212.55,28.13,52.81,2.76,TNP_0009,2,2016
2016-02-09 12:00:00+00:00,23.1,23.2,24.23,72.63,2.7,TNP_0009,2,2016
2016-02-09 13:00:00+00:00,0.0,0.0,22.69,76.22,3.0,TNP_0009,2,2016
2016-02-09 14:00:00+00:00,0.0,0.0,21.86,80.72,2.99,TNP_0009,2,2016
2016-02-09 15:00:00+00:00,0.0,0.0,21.08,86.45,2.78,TNP_0009,2,2016
2016-02-09 16:00:00+00:00,0.0,0.0,20.39,91.75,2.48,TNP_0009,2,2016
2016-02-09 17:00:00+00:00,0.0,0.0,19.79,96.05,2.21,TNP_0009,2,2016
2016-02-09 18:00:00+00:00,0.0,0.0,19.49,98.95,1.79,TNP_0009,2,2016
2016-02-09 19:00:00+00:00,0.0,0.0,19.63,98.63,1.18,TNP_0009,2,2016
2016-02-09 20:00:00+00:00,0.0,0.0,19.83,96.62,0.47,TNP_0009,2,2016
2016-02-09 21:00:00+00:00,0.0,0.0,19.64,97.95,0.26,TNP_0009,2,2016
2016-02-09 22:00:00+00:00,0.0,0.0,19.13,100.0,0.83,TNP_0009,2,2016
2016-02-09 23:00:00+00:00,0.0,0.0,18.64,100.0,1.13,TNP_0009,2,2016
2016-02-10 00:00:00+00:00,0.0,0.0,18.24,100.0,1.33,TNP_0009,2,2016
2016-02-10 01:00:00+00:00,37.85,38.38,19.35,97.79,1.49,TNP_0009,2,2016
2016-02-10 02:00:00+00:00,216.3,235.98,22.12,84.16,1.51,TNP_0009,2,2016
2016-02-10 03:00:00+00:00,423.48,470.17,24.6,69.36,1.74,TNP_0009,2,2016
2016-02-10 04:00:00+00:00,658.67,675.62,26.98,54.87,1.66,TNP_0009,2,2016
2016-02-10 05:00:00+00:00,849.45,852.72,29.04,45.11,1.35,TNP_0009,2,2016
2016-02-10 06:00:00+00:00,892.7,895.65,30.32,41.56,1.42,TNP_0009,2,2016
2016-02-10 07:00:00+00:00,859.0,890.88,31.04,40.31,1.74,TNP_0009,2,2016
2016-02-10 08:00:00+00:00,798.2,805.08,31.28,40.1,2.14,TNP_0009,2,2016
2016-02-10 09:00:00+00:00,643.33,648.1,31.04,40.93,2.58,TNP_0009,2,2016
2016-02-10 10:00:00+00:00,435.83,437.85,30.28,42.49,3.04,TNP_0009,2,2016
2016-02-10 11:00:00+00:00,215.23,217.12,28.31,51.97,2.94,TNP_0009,2,2016
2016-02-10 12:00:00+00:00,25.58,25.67,24.4,69.68,2.87,TNP_0009,2,2016
2016-02-10 13:00:00+00:00,0.0,0.0,22.91,72.06,3.25,TNP_0009,2,2016
2016-02-10 14:00:00+00:00,0.0,0.0,22.04,76.23,3.28,TNP_0009,2,2016
2016-02-10 15:00:00+00:00,0.0,0.0,21.17,82.82,2.96,TNP_0009,2,2016
2016-02-10 16:00:00+00:00,0.0,0.0,20.44,89.09,2.54,TNP_0009,2,2016
2016-02-10 17:00:00+00:00,0.0,0.0,19.88,93.2,2.28,TNP_0009,2,2016
2016-02-10 18:00:00+00:00,0.0,0.0,19.43,96.4,2.07,TNP_0009,2,2016
2016-02-10 19:00:00+00:00,0.0,0.0,19.11,98.83,1.88,TNP_0009,2,2016
2016-02-10 20:00:00+00:00,0.0,0.0,18.93,100.0,1.75,TNP_0009,2,2016
2016-02-10 21:00:00+00:00,0.0,0.0,18.64,100.0,1.83,TNP_0009,2,2016
2016-02-10 22:00:00+00:00,0.0,0.0,18.22,100.0,2.0,TNP_0009,2,2016
2016-02-10 23:00:00+00:00,0.0,0.0,17.85,100.0,2.18,TNP_0009,2,2016
2016-02-11 00:00:00+00:00,0.0,0.0,17.59,100.0,2.29,TNP_0009,2,2016
2016-02-11 01:00:00+00:00,34.72,36.92,19.29,96.39,2.3,TNP_0009,2,2016
2016-02-11 02:00:00+00:00,204.65,231.6,22.37,79.91,2.67,TNP_0009,2,2016
2016-02-11 03:00:00+00:00,423.4,465.8,25.45,60.82,2.71,TNP_0009,2,2016
2016-02-11 04:00:00+00:00,609.2,670.22,27.65,51.14,2.81,TNP_0009,2,2016
2016-02-11 05:00:00+00:00,771.8,821.0,29.12,47.19,2.54,TNP_0009,2,2016
2016-02-11 06:00:00+00:00,846.7,877.03,30.23,45.05,2.17,TNP_0009,2,2016
2016-02-11 07:00:00+00:00,843.67,870.95,30.98,43.8,1.93,TNP_0009,2,2016
2016-02-11 08:00:00+00:00,770.4,785.78,31.29,43.51,2.01,TNP_0009,2,2016
2016-02-11 09:00:00+00:00,607.67,632.35,31.1,44.23,2.3,TNP_0009,2,2016
2016-02-11 10:00:00+00:00,417.73,425.75,30.44,45.82,2.72,TNP_0009,2,2016
2016-02-11 11:00:00+00:00,198.57,200.43,28.71,54.04,2.91,TNP_0009,2,2016
2016-02-11 12:00:00+00:00,24.6,24.8,25.04,71.35,2.89,TNP_0009,2,2016
2016-02-11 13:00:00+00:00,0.0,0.0,23.6,74.05,3.36,TNP_0009,2,2016
2016-02-11 14:00:00+00:00,0.0,0.0,22.72,77.77,3.35,TNP_0009,2,2016
2016-02-11 15:00:00+00:00,0.0,0.0,21.75,83.57,2.87,TNP_0009,2,2016
2016-02-11 16:00:00+00:00,0.0,0.0,20.94,88.67,2.4,TNP_0009,2,2016
2016-02-11 17:00:00+00:00,0.0,0.0,20.35,91.68,2.22,TNP_0009,2,2016
2016-02-11 18:00:00+00:00,0.0,0.0,19.85,93.86,2.18,TNP_0009,2,2016
2016-02-11 19:00:00+00:00,0.0,0.0,19.45,96.04,2.15,TNP_0009,2,2016
2016-02-11 20:00:00+00:00,0.0,0.0,19.1,98.46,2.11,TNP_0009,2,2016
2016-02-11 21:00:00+00:00,0.0,0.0,18.84,100.0,2.04,TNP_0009,2,2016
2016-02-11 22:00:00+00:00,0.0,0.0,18.62,100.0,1.95,TNP_0009,2,2016
2016-02-11 23:00:00+00:00,0.0,0.0,18.38,100.0,1.9,TNP_0009,2,2016
2016-02-12 00:00:00+00:00,0.0,0.0,18.07,100.0,1.92,TNP_0009,2,2016
2016-02-12 01:00:00+00:00,36.72,39.5,19.59,93.52,1.91,TNP_0009,2,2016
2016-02-12 02:00:00+00:00,214.77,240.43,22.58,76.46,2.22,TNP_0009,2,2016
2016-02-12 03:00:00+00:00,435.7,477.9,25.74,57.24,2.65,TNP_0009,2,2016
2016-02-12 04:00:00+00:00,664.05,685.17,28.09,47.1,3.02,TNP_0009,2,2016
2016-02-12 05:00:00+00:00,800.85,834.65,29.7,42.95,3.1,TNP_0009,2,2016
2016-02-12 06:00:00+00:00,838.9,848.92,30.7,41.32,3.04,TNP_0009,2,2016
2016-02-12 07:00:00+00:00,831.92,849.38,31.34,40.88,2.95,TNP_0009,2,2016
2016-02-12 08:00:00+00:00,730.9,769.62,31.55,41.25,2.96,TNP_0009,2,2016
2016-02-12 09:00:00+00:00,587.15,619.78,31.33,42.32,3.0,TNP_0009,2,2016
2016-02-12 10:00:00+00:00,397.12,416.08,30.49,44.89,3.01,TNP_0009,2,2016
2016-02-12 11:00:00+00:00,189.93,195.45,28.78,53.37,2.68,TNP_0009,2,2016
2016-02-12 12:00:00+00:00,24.35,24.55,25.11,73.41,2.48,TNP_0009,2,2016
2016-02-12 13:00:00+00:00,0.0,0.0,23.57,76.84,2.74,TNP_0009,2,2016
2016-02-12 14:00:00+00:00,0.0,0.0,22.68,80.14,2.71,TNP_0009,2,2016
2016-02-12 15:00:00+00:00,0.0,0.0,21.89,83.97,2.56,TNP_0009,2,2016
2016-02-12 16:00:00+00:00,0.0,0.0,21.22,87.69,2.39,TNP_0009,2,2016
2016-02-12 17:00:00+00:00,0.0,0.0,20.7,90.65,2.2,TNP_0009,2,2016
2016-02-12 18:00:00+00:00,0.0,0.0,20.36,92.08,1.9,TNP_0009,2,2016
2016-02-12 19:00:00+00:00,0.0,0.0,20.26,92.27,1.53,TNP_0009,2,2016
2016-02-12 20:00:00+00:00,0.0,0.0,20.16,93.06,1.26,TNP_0009,2,2016
2016-02-12 21:00:00+00:00,0.0,0.0,19.87,94.86,1.28,TNP_0009,2,2016
2016-02-12 22:00:00+00:00,0.0,0.0,19.44,97.15,1.49,TNP_0009,2,2016
2016-02-12 23:00:00+00:00,0.0,0.0,19.06,99.18,1.63,TNP_0009,2,2016
2016-02-13 00:00:00+00:00,0.0,0.0,18.7,100.0,1.76,TNP_0009,2,2016
2016-02-13 01:00:00+00:00,38.88,41.35,20.1,94.74,1.86,TNP_0009,2,2016
2016-02-13 02:00:00+00:00,215.95,245.62,22.99,81.27,2.01,TNP_0009,2,2016
2016-02-13 03:00:00+00:00,428.35,481.75,26.1,67.05,2.26,TNP_0009,2,2016
2016-02-13 04:00:00+00:00,580.83,687.17,28.42,55.38,2.73,TNP_0009,2,2016
2016-02-13 05:00:00+00:00,715.47,835.33,29.97,49.38,2.6,TNP_0009,2,2016
2016-02-13 06:00:00+00:00,791.1,866.58,31.05,46.22,2.32,TNP_0009,2,2016
2016-02-13 07:00:00+00:00,816.3,860.72,31.73,44.21,2.1,TNP_0009,2,2016
2016-02-13 08:00:00+00:00,737.28,775.22,31.97,43.2,2.02,TNP_0009,2,2016
2016-02-13 09:00:00+00:00,614.17,619.95,31.74,43.37,2.22,TNP_0009,2,2016
2016-02-13 10:00:00+00:00,410.58,412.67,31.01,44.83,2.67,TNP_0009,2,2016
2016-02-13 11:00:00+00:00,209.75,211.32,29.34,52.14,2.73,TNP_0009,2,2016
2016-02-13 12:00:00+00:00,25.08,25.23,25.55,72.22,2.61,TNP_0009,2,2016
2016-02-13 13:00:00+00:00,0.0,0.0,24.02,75.93,3.04,TNP_0009,2,2016
2016-02-13 14:00:00+00:00,0.0,0.0,23.17,80.56,3.11,TNP_0009,2,2016
2016-02-13 15:00:00+00:00,0.0,0.0,22.31,86.91,2.81,TNP_0009,2,2016
2016-02-13 16:00:00+00:00,0.0,0.0,21.59,92.28,2.41,TNP_0009,2,2016
2016-02-13 17:00:00+00:00,0.0,0.0,21.02,96.11,2.13,TNP_0009,2,2016
2016-02-13 18:00:00+00:00,0.0,0.0,20.56,99.25,1.94,TNP_0009,2,2016
2016-02-13 19:00:00+00:00,0.0,0.0,20.2,100.0,1.75,TNP_0009,2,2016
2016-02-13 20:00:00+00:00,0.0,0.0,20.14,100.0,1.49,TNP_0009,2,2016
2016-02-13 21:00:00+00:00,0.0,0.0,20.08,100.0,1.23,TNP_0009,2,2016
2016-02-13 22:00:00+00:00,0.0,0.0,20.1,99.5,0.96,TNP_0009,2,2016
2016-02-13 23:00:00+00:00,0.0,0.0,20.06,98.34,0.67,TNP_0009,2,2016
2016-02-14 00:00:00+00:00,0.0,0.0,20.06,96.82,0.31,TNP_0009,2,2016
2016-02-14 01:00:00+00:00,42.7,44.38,20.74,94.0,0.18,TNP_0009,2,2016
2016-02-14 02:00:00+00:00,225.32,260.2,23.21,79.2,1.13,TNP_0009,2,2016
2016-02-14 03:00:00+00:00,440.65,505.52,25.66,63.17,2.67,TNP_0009,2,2016
2016-02-14 04:00:00+00:00,645.78,715.75,27.76,51.8,3.47,TNP_0009,2,2016
2016-02-14 05:00:00+00:00,823.22,866.03,29.44,44.48,3.8,TNP_0009,2,2016
2016-02-14 06:00:00+00:00,902.25,919.55,30.56,39.99,3.91,TNP_0009,2,2016
2016-02-14 07:00:00+00:00,904.62,916.2,31.2,37.16,4.01,TNP_0009,2,2016
2016-02-14 08:00:00+00:00,832.83,834.72,31.31,36.0,4.18,TNP_0009,2,2016
2016-02-14 09:00:00+00:00,677.45,680.35,30.96,35.76,4.29,TNP_0009,2,2016
2016-02-14 10:00:00+00:00,469.02,470.77,29.92,37.66,4.29,TNP_0009,2,2016
2016-02-14 11:00:00+00:00,234.35,236.07,27.79,47.32,3.68,TNP_0009,2,2016
2016-02-14 12:00:00+00:00,30.77,30.92,23.69,68.46,2.85,TNP_0009,2,2016
2016-02-14 13:00:00+00:00,0.0,0.0,22.05,75.95,3.0,TNP_0009,2,2016
2016-02-14 14:00:00+00:00,0.0,0.0,21.21,82.24,2.82,TNP_0009,2,2016
2016-02-14 15:00:00+00:00,0.0,0.0,20.46,88.14,2.51,TNP_0009,2,2016
2016-02-14 16:00:00+00:00,0.0,0.0,19.85,91.81,2.28,TNP_0009,2,2016
2016-02-14 17:00:00+00:00,0.0,0.0,19.46,93.47,2.01,TNP_0009,2,2016
2016-02-14 18:00:00+00:00,0.0,0.0,19.35,93.48,1.68,TNP_0009,2,2016
2016-02-14 19:00:00+00:00,0.0,0.0,19.37,92.65,1.3,TNP_0009,2,2016
2016-02-14 20:00:00+00:00,0.0,0.0,19.34,92.27,0.9,TNP_0009,2,2016
2016-02-14 21:00:00+00:00,0.0,0.0,19.44,91.39,0.58,TNP_0009,2,2016
2016-02-14 22:00:00+00:00,0.0,0.0,19.27,92.09,0.36,TNP_0009,2,2016
2016-02-14 23:00:00+00:00,0.0,0.0,19.03,93.38,0.44,TNP_0009,2,2016
2016-02-15 00:00:00+00:00,0.0,0.0,18.55,96.03,0.64,TNP_0009,2,2016
2016-02-15 01:00:00+00:00,46.45,49.62,19.59,92.09,0.87,TNP_0009,2,2016
2016-02-15 02:00:00+00:00,240.45,273.95,22.64,78.47,0.38,TNP_0009,2,2016
2016-02-15 03:00:00+00:00,460.35,515.03,25.84,65.56,2.89,TNP_0009,2,2016
2016-02-15 04:00:00+00:00,601.53,720.25,27.71,58.86,3.31,TNP_0009,2,2016
2016-02-15 05:00:00+00:00,669.22,865.42,29.23,53.57,3.44,TNP_0009,2,2016
2016-02-15 06:00:00+00:00,713.72,922.7,30.4,49.77,3.59,TNP_0009,2,2016
2016-02-15 07:00:00+00:00,773.42,916.5,31.17,47.31,4.02,TNP_0009,2,2016
2016-02-15 08:00:00+00:00,708.83,830.42,31.37,46.46,4.54,TNP_0009,2,2016
2016-02-15 09:00:00+00:00,593.28,674.65,30.92,47.28,4.75,TNP_0009,2,2016
2016-02-15 10:00:00+00:00,418.25,465.02,29.98,49.24,4.72,TNP_0009,2,2016
2016-02-15 11:00:00+00:00,201.35,226.68,28.24,55.86,4.24,TNP_0009,2,2016
2016-02-15 12:00:00+00:00,28.08,29.45,25.21,71.68,2.92,TNP_0009,2,2016
2016-02-15 13:00:00+00:00,0.0,0.0,23.47,80.07,2.86,TNP_0009,2,2016
2016-02-15 14:00:00+00:00,0.0,0.0,22.53,85.42,2.66,TNP_0009,2,2016
2016-02-15 15:00:00+00:00,0.0,0.0,21.78,89.79,2.44,TNP_0009,2,2016
2016-02-15 16:00:00+00:00,0.0,0.0,21.13,93.2,2.28,TNP_0009,2,2016
2016-02-15 17:00:00+00:00,0.0,0.0,20.54,96.16,2.15,TNP_0009,2,2016
2016-02-15 18:00:00+00:00,0.0,0.0,20.05,98.71,1.95,TNP_0009,2,2016
2016-02-15 19:00:00+00:00,0.0,0.0,19.78,99.81,1.68,TNP_0009,2,2016
2016-02-15 20:00:00+00:00,0.0,0.0,19.7,99.67,1.44,TNP_0009,2,2016
2016-02-15 21:00:00+00:00,0.0,0.0,19.64,99.39,1.27,TNP_0009,2,2016
2016-02-15 22:00:00+00:00,0.0,0.0,19.55,99.4,1.16,TNP_0009,2,2016
2016-02-15 23:00:00+00:00,0.0,0.0,19.47,99.39,1.06,TNP_0009,2,2016
2016-02-16 00:00:00+00:00,0.0,0.0,19.45,99.12,0.99,TNP_0009,2,2016
2016-02-16 01:00:00+00:00,37.2,40.05,20.55,94.18,0.88,TNP_0009,2,2016
2016-02-16 02:00:00+00:00,196.3,235.27,23.21,80.47,1.17,TNP_0009,2,2016
2016-02-16 03:00:00+00:00,379.45,468.45,25.69,68.08,1.81,TNP_0009,2,2016
2016-02-16 04:00:00+00:00,659.9,685.88,28.1,56.91,2.4,TNP_0009,2,2016
2016-02-16 05:00:00+00:00,779.95,841.95,29.97,49.05,2.96,TNP_0009,2,2016
2016-02-16 06:00:00+00:00,791.55,940.28,31.19,44.76,3.43,TNP_0009,2,2016
2016-02-16 07:00:00+00:00,856.7,935.0,31.84,42.49,3.87,TNP_0009,2,2016
2016-02-16 08:00:00+00:00,738.65,848.45,31.99,41.55,4.22,TNP_0009,2,2016
2016-02-16 09:00:00+00:00,633.88,693.17,31.66,41.4,4.49,TNP_0009,2,2016
2016-02-16 10:00:00+00:00,444.45,479.95,30.74,42.53,4.76,TNP_0009,2,2016
2016-02-16 11:00:00+00:00,208.02,236.48,28.83,49.53,4.52,TNP_0009,2,2016
2016-02-16 12:00:00+00:00,30.77,33.28,25.13,66.65,3.33,TNP_0009,2,2016
2016-02-16 13:00:00+00:00,0.0,0.0,23.38,74.45,3.43,TNP_0009,2,2016
2016-02-16 14:00:00+00:00,0.0,0.0,22.36,80.45,3.17,TNP_0009,2,2016
2016-02-16 15:00:00+00:00,0.0,0.0,21.36,86.56,2.68,TNP_0009,2,2016
2016-02-16 16:00:00+00:00,0.0,0.0,20.57,90.75,2.4,TNP_0009,2,2016
2016-02-16 17:00:00+00:00,0.0,0.0,19.94,93.3,2.27,TNP_0009,2,2016
2016-02-16 18:00:00+00:00,0.0,0.0,19.45,95.5,2.17,TNP_0009,2,2016
2016-02-16 19:00:00+00:00,0.0,0.0,19.03,97.81,2.09,TNP_0009,2,2016
2016-02-16 20:00:00+00:00,0.0,0.0,18.62,100.0,2.09,TNP_0009,2,2016
2016-02-16 21:00:00+00:00,0.0,0.0,18.24,100.0,2.12,TNP_0009,2,2016
2016-02-16 22:00:00+00:00,0.0,0.0,17.9,100.0,2.16,TNP_0009,2,2016
2016-02-16 23:00:00+00:00,0.0,0.0,17.66,100.0,2.22,TNP_0009,2,2016
2016-02-17 00:00:00+00:00,0.0,0.0,17.56,100.0,2.26,TNP_0009,2,2016
2016-02-17 01:00:00+00:00,40.4,44.35,19.7,94.94,2.46,TNP_0009,2,2016
2016-02-17 02:00:00+00:00,196.32,251.73,22.97,80.27,2.95,TNP_0009,2,2016
2016-02-17 03:00:00+00:00,393.77,498.95,25.59,68.79,3.4,TNP_0009,2,2016
2016-02-17 04:00:00+00:00,568.55,701.25,27.62,60.03,3.52,TNP_0009,2,2016
2016-02-17 05:00:00+00:00,720.62,851.38,29.31,53.27,3.6,TNP_0009,2,2016
2016-02-17 06:00:00+00:00,757.03,879.38,30.59,48.22,3.75,TNP_0009,2,2016
2016-02-17 07:00:00+00:00,727.1,866.88,31.36,45.81,3.99,TNP_0009,2,2016
2016-02-17 08:00:00+00:00,689.0,786.17,31.61,45.38,4.31,TNP_0009,2,2016
2016-02-17 09:00:00+00:00,529.67,641.9,31.21,46.59,4.93,TNP_0009,2,2016
2016-02-17 10:00:00+00:00,415.9,438.35,30.19,49.05,5.7,TNP_0009,2,2016
2016-02-17 11:00:00+00:00,202.15,210.62,28.37,55.28,5.81,TNP_0009,2,2016
2016-02-17 12:00:00+00:00,28.48,29.08,25.64,67.74,4.45,TNP_0009,2,2016
2016-02-17 13:00:00+00:00,0.0,0.0,24.07,76.5,4.02,TNP_0009,2,2016
2016-02-17 14:00:00+00:00,0.0,0.0,23.19,82.55,3.5,TNP_0009,2,2016
2016-02-17 15:00:00+00:00,0.0,0.0,22.47,87.83,2.76,TNP_0009,2,2016
2016-02-17 16:00:00+00:00,0.0,0.0,22.15,90.67,2.37,TNP_0009,2,2016
2016-02-17 17:00:00+00:00,0.0,0.0,22.06,92.19,2.07,TNP_0009,2,2016
2016-02-17 18:00:00+00:00,0.0,0.0,21.94,93.56,1.88,TNP_0009,2,2016
2016-02-17 19:00:00+00:00,0.0,0.0,21.84,94.58,1.78,TNP_0009,2,2016
2016-02-17 20:00:00+00:00,0.0,0.0,21.64,95.92,1.73,TNP_0009,2,2016
2016-02-17 21:00:00+00:00,0.0,0.0,21.45,97.08,1.76,TNP_0009,2,2016
2016-02-17 22:00:00+00:00,0.0,0.0,21.3,97.94,1.81,TNP_0009,2,2016
2016-02-17 23:00:00+00:00,0.0,0.0,21.16,98.78,1.83,TNP_0009,2,2016
2016-02-18 00:00:00+00:00,0.0,0.0,21.05,99.29,1.86,TNP_0009,2,2016
2016-02-18 01:00:00+00:00,44.17,49.12,22.42,92.54,2.24,TNP_0009,2,2016
2016-02-18 02:00:00+00:00,222.75,267.25,24.82,77.95,3.45,TNP_0009,2,2016
2016-02-18 03:00:00+00:00,428.45,497.45,26.86,66.42,4.02,TNP_0009,2,2016
2016-02-18 04:00:00+00:00,615.47,710.12,28.62,58.5,4.12,TNP_0009,2,2016
2016-02-18 05:00:00+00:00,725.2,856.1,30.15,51.3,4.25,TNP_0009,2,2016
2016-02-18 06:00:00+00:00,844.12,914.58,31.34,44.94,4.52,TNP_0009,2,2016
2016-02-18 07:00:00+00:00,837.55,900.1,32.0,40.55,4.84,TNP_0009,2,2016
2016-02-18 08:00:00+00:00,783.78,819.55,32.11,38.03,5.07,TNP_0009,2,2016
2016-02-18 09:00:00+00:00,657.0,670.33,31.74,36.91,5.29,TNP_0009,2,2016
2016-02-18 10:00:00+00:00,463.7,465.73,30.73,37.75,5.34,TNP_0009,2,2016
2016-02-18 11:00:00+00:00,228.95,232.32,28.77,44.41,4.57,TNP_0009,2,2016
2016-02-18 12:00:00+00:00,32.0,32.62,24.84,63.62,2.95,TNP_0009,2,2016
2016-02-18 13:00:00+00:00,0.0,0.0,22.96,72.63,2.85,TNP_0009,2,2016
2016-02-18 14:00:00+00:00,0.0,0.0,21.99,78.95,2.62,TNP_0009,2,2016
2016-02-18 15:00:00+00:00,0.0,0.0,21.23,84.02,2.4,TNP_0009,2,2016
2016-02-18 16:00:00+00:00,0.0,0.0,20.71,87.03,2.14,TNP_0009,2,2016
2016-02-18 17:00:00+00:00,0.0,0.0,20.49,87.49,1.83,TNP_0009,2,2016
2016-02-18 18:00:00+00:00,0.0,0.0,20.38,87.33,1.51,TNP_0009,2,2016
2016-02-18 19:00:00+00:00,0.0,0.0,20.17,88.08,1.31,TNP_0009,2,2016
2016-02-18 20:00:00+00:00,0.0,0.0,19.67,90.8,1.37,TNP_0009,2,2016
2016-02-18 21:00:00+00:00,0.0,0.0,19.07,94.08,1.55,TNP_0009,2,2016
2016-02-18 22:00:00+00:00,0.0,0.0,18.61,96.32,1.69,TNP_0009,2,2016
2016-02-18 23:00:00+00:00,0.0,0.0,18.47,96.85,1.69,TNP_0009,2,2016
2016-02-19 00:00:00+00:00,0.0,0.0,18.28,97.58,1.72,TNP_0009,2,2016
2016-02-19 01:00:00+00:00,37.95,38.25,19.82,90.89,1.86,TNP_0009,2,2016
2016-02-19 02:00:00+00:00,224.2,227.25,23.07,75.71,1.77,TNP_0009,2,2016
2016-02-19 03:00:00+00:00,423.83,449.17,25.97,62.74,2.49,TNP_0009,2,2016
2016-02-19 04:00:00+00:00,618.08,671.53,28.13,54.45,2.89,TNP_0009,2,2016
2016-02-19 05:00:00+00:00,783.6,821.15,29.86,49.15,3.12,TNP_0009,2,2016
2016-02-19 06:00:00+00:00,886.78,905.6,31.14,45.11,3.32,TNP_0009,2,2016
2016-02-19 07:00:00+00:00,910.08,914.47,31.95,42.28,3.52,TNP_0009,2,2016
2016-02-19 08:00:00+00:00,815.7,832.65,32.25,40.92,3.74,TNP_0009,2,2016
2016-02-19 09:00:00+00:00,671.42,689.47,31.97,41.18,4.01,TNP_0009,2,2016
2016-02-19 10:00:00+00:00,474.92,488.4,31.08,43.25,4.34,TNP_0009,2,2016
2016-02-19 11:00:00+00:00,241.43,248.65,29.26,50.91,4.09,TNP_0009,2,2016
2016-02-19 12:00:00+00:00,34.3,35.3,25.82,68.72,2.93,TNP_0009,2,2016
2016-02-19 13:00:00+00:00,0.0,0.0,24.2,76.94,2.96,TNP_0009,2,2016
2016-02-19 14:00:00+00:00,0.0,0.0,23.33,83.07,2.68,TNP_0009,2,2016
2016-02-19 15:00:00+00:00,0.0,0.0,22.55,88.82,2.31,TNP_0009,2,2016
2016-02-19 16:00:00+00:00,0.0,0.0,21.95,92.75,2.04,TNP_0009,2,2016
2016-02-19 17:00:00+00:00,0.0,0.0,21.6,94.63,1.72,TNP_0009,2,2016
2016-02-19 18:00:00+00:00,0.0,0.0,21.57,94.87,1.3,TNP_0009,2,2016
2016-02-19 19:00:00+00:00,0.0,0.0,21.55,95.16,0.8,TNP_0009,2,2016
2016-02-19 20:00:00+00:00,0.0,0.0,21.57,94.98,0.33,TNP_0009,2,2016
2016-02-19 21:00:00+00:00,0.0,0.0,21.37,95.56,0.12,TNP_0009,2,2016
2016-02-19 22:00:00+00:00,0.0,0.0,20.99,97.68,0.39,TNP_0009,2,2016
2016-02-19 23:00:00+00:00,0.0,0.0,20.72,98.83,0.58,TNP_0009,2,2016
2016-02-20 00:00:00+00:00,0.0,0.0,20.47,99.78,0.71,TNP_0009,2,2016
2016-02-20 01:00:00+00:00,51.53,54.03,21.42,94.92,0.88,TNP_0009,2,2016
2016-02-20 02:00:00+00:00,270.12,286.62,24.53,79.28,0.69,TNP_0009,2,2016
2016-02-20 03:00:00+00:00,509.8,529.95,27.35,66.3,1.53,TNP_0009,2,2016
2016-02-20 04:00:00+00:00,720.53,734.85,29.61,56.6,1.73,TNP_0009,2,2016
2016-02-20 05:00:00+00:00,873.95,880.47,31.61,47.42,1.88,TNP_0009,2,2016
2016-02-20 06:00:00+00:00,929.05,938.25,33.08,41.49,2.18,TNP_0009,2,2016
2016-02-20 07:00:00+00:00,898.5,932.38,33.97,38.54,2.56,TNP_0009,2,2016
2016-02-20 08:00:00+00:00,816.78,848.95,34.26,37.87,2.91,TNP_0009,2,2016
2016-02-20 09:00:00+00:00,666.72,694.17,34.03,38.51,3.2,TNP_0009,2,2016
2016-02-20 10:00:00+00:00,463.48,482.95,33.16,40.62,3.51,TNP_0009,2,2016
2016-02-20 11:00:00+00:00,229.35,240.85,31.4,47.35,3.56,TNP_0009,2,2016
2016-02-20 12:00:00+00:00,32.62,33.4,27.55,66.68,3.0,TNP_0009,2,2016
2016-02-20 13:00:00+00:00,0.0,0.0,25.78,74.64,3.54,TNP_0009,2,2016
2016-02-20 14:00:00+00:00,0.0,0.0,24.77,82.05,3.52,TNP_0009,2,2016
2016-02-20 15:00:00+00:00,0.0,0.0,23.88,89.25,3.15,TNP_0009,2,2016
2016-02-20 16:00:00+00:00,0.0,0.0,23.12,94.84,2.64,TNP_0009,2,2016
2016-02-20 17:00:00+00:00,0.0,0.0,22.74,97.14,2.33,TNP_0009,2,2016
2016-02-20 18:00:00+00:00,0.0,0.0,22.47,98.18,2.17,TNP_0009,2,2016
2016-02-20 19:00:00+00:00,0.0,0.0,22.15,99.62,2.06,TNP_0009,2,2016
2016-02-20 20:00:00+00:00,0.0,0.0,21.94,100.0,2.0,TNP_0009,2,2016
2016-02-20 21:00:00+00:00,0.0,0.0,21.7,100.0,1.92,TNP_0009,2,2016
2016-02-20 22:00:00+00:00,0.0,0.0,21.39,100.0,1.9,TNP_0009,2,2016
2016-02-20 23:00:00+00:00,0.0,0.0,21.1,100.0,1.92,TNP_0009,2,2016
2016-02-21 00:00:00+00:00,0.0,0.0,20.92,100.0,1.99,TNP_0009,2,2016
2016-02-21 01:00:00+00:00,44.75,53.92,22.73,95.47,2.27,TNP_0009,2,2016
2016-02-21 02:00:00+00:00,216.55,280.55,25.47,78.42,2.9,TNP_0009,2,2016
2016-02-21 03:00:00+00:00,452.4,524.97,27.7,67.46,2.64,TNP_0009,2,2016
2016-02-21 04:00:00+00:00,675.78,733.4,29.99,56.62,2.11,TNP_0009,2,2016
2016-02-21 05:00:00+00:00,852.92,881.4,32.33,44.33,1.51,TNP_0009,2,2016
2016-02-21 06:00:00+00:00,910.33,938.25,34.03,36.28,1.31,TNP_0009,2,2016
2016-02-21 07:00:00+00:00,909.15,932.15,34.96,32.31,1.57,TNP_0009,2,2016
2016-02-21 08:00:00+00:00,823.1,846.12,35.31,30.4,1.96,TNP_0009,2,2016
2016-02-21 09:00:00+00:00,683.7,688.0,35.08,30.23,2.3,TNP_0009,2,2016
2016-02-21 10:00:00+00:00,473.2,475.08,34.19,31.95,2.71,TNP_0009,2,2016
2016-02-21 11:00:00+00:00,233.65,234.75,32.31,38.89,2.89,TNP_0009,2,2016
2016-02-21 12:00:00+00:00,33.03,33.15,27.68,61.6,2.95,TNP_0009,2,2016
2016-02-21 13:00:00+00:00,0.0,0.0,25.76,69.24,3.7,TNP_0009,2,2016
2016-02-21 14:00:00+00:00,0.0,0.0,24.64,78.65,3.74,TNP_0009,2,2016
2016-02-21 15:00:00+00:00,0.0,0.0,23.67,87.88,3.4,TNP_0009,2,2016
2016-02-21 16:00:00+00:00,0.0,0.0,22.87,95.36,2.83,TNP_0009,2,2016
2016-02-21 17:00:00+00:00,0.0,0.0,22.34,99.7,2.2,TNP_0009,2,2016
2016-02-21 18:00:00+00:00,0.0,0.0,21.96,100.0,2.02,TNP_0009,2,2016
2016-02-21 19:00:00+00:00,0.0,0.0,21.74,100.0,1.99,TNP_0009,2,2016
2016-02-21 20:00:00+00:00,0.0,0.0,21.49,100.0,2.02,TNP_0009,2,2016
2016-02-21 21:00:00+00:00,0.0,0.0,21.2,100.0,2.07,TNP_0009,2,2016
2016-02-21 22:00:00+00:00,0.0,0.0,20.88,100.0,2.17,TNP_0009,2,2016
2016-02-21 23:00:00+00:00,0.0,0.0,20.55,100.0,2.29,TNP_0009,2,2016
2016-02-22 00:00:00+00:00,0.0,0.0,20.3,100.0,2.37,TNP_0009,2,2016
2016-02-22 01:00:00+00:00,51.88,56.17,22.19,96.77,2.72,TNP_0009,2,2016
2016-02-22 02:00:00+00:00,232.32,283.45,25.07,79.48,3.4,TNP_0009,2,2016
2016-02-22 03:00:00+00:00,476.45,527.9,27.7,63.51,3.27,TNP_0009,2,2016
2016-02-22 04:00:00+00:00,701.03,737.33,30.5,47.4,2.9,TNP_0009,2,2016
2016-02-22 05:00:00+00:00,865.65,886.25,32.63,37.77,2.54,TNP_0009,2,2016
2016-02-22 06:00:00+00:00,956.05,968.12,34.05,32.69,2.45,TNP_0009,2,2016
2016-02-22 07:00:00+00:00,954.33,962.0,34.9,29.74,2.61,TNP_0009,2,2016
2016-02-22 08:00:00+00:00,872.6,876.55,35.14,28.54,2.91,TNP_0009,2,2016
2016-02-22 09:00:00+00:00,715.92,718.4,34.88,28.15,3.16,TNP_0009,2,2016
2016-02-22 10:00:00+00:00,501.23,503.23,33.99,29.28,3.47,TNP_0009,2,2016
2016-02-22 11:00:00+00:00,253.88,255.6,31.91,36.16,3.43,TNP_0009,2,2016
2016-02-22 12:00:00+00:00,37.6,37.78,26.93,58.56,3.15,TNP_0009,2,2016
2016-02-22 13:00:00+00:00,0.0,0.0,24.88,67.07,3.71,TNP_0009,2,2016
2016-02-22 14:00:00+00:00,0.0,0.0,23.59,77.49,3.54,TNP_0009,2,2016
2016-02-22 15:00:00+00:00,0.0,0.0,22.45,87.81,2.98,TNP_0009,2,2016
2016-02-22 16:00:00+00:00,0.0,0.0,21.51,95.82,2.5,TNP_0009,2,2016
2016-02-22 17:00:00+00:00,0.0,0.0,20.71,100.0,2.29,TNP_0009,2,2016
2016-02-22 18:00:00+00:00,0.0,0.0,20.09,100.0,2.27,TNP_0009,2,2016
2016-02-22 19:00:00+00:00,0.0,0.0,19.63,100.0,2.24,TNP_0009,2,2016
2016-02-22 20:00:00+00:00,0.0,0.0,19.26,100.0,2.17,TNP_0009,2,2016
2016-02-22 21:00:00+00:00,0.0,0.0,19.01,100.0,2.12,TNP_0009,2,2016
2016-02-22 22:00:00+00:00,0.0,0.0,18.79,100.0,2.16,TNP_0009,2,2016
2016-02-22 23:00:00+00:00,0.0,0.0,18.57,100.0,2.26,TNP_0009,2,2016
2016-02-23 00:00:00+00:00,0.0,0.0,18.5,100.0,2.38,TNP_0009,2,2016
2016-02-23 01:00:00+00:00,63.88,66.45,20.89,96.41,2.84,TNP_0009,2,2016
2016-02-23 02:00:00+00:00,285.42,310.7,23.76,79.44,3.83,TNP_0009,2,2016
2016-02-23 03:00:00+00:00,510.5,559.7,26.22,64.79,3.99,TNP_0009,2,2016
2016-02-23 04:00:00+00:00,712.12,769.7,28.66,51.95,3.99,TNP_0009,2,2016
2016-02-23 05:00:00+00:00,898.15,919.0,30.81,41.75,3.88,TNP_0009,2,2016
2016-02-23 06:00:00+00:00,973.7,980.85,32.37,35.61,3.72,TNP_0009,2,2016
2016-02-23 07:00:00+00:00,964.17,972.6,33.35,32.16,3.68,TNP_0009,2,2016
2016-02-23 08:00:00+00:00,885.03,885.58,33.75,30.7,3.81,TNP_0009,2,2016
2016-02-23 09:00:00+00:00,721.8,724.55,33.51,30.78,4.04,TNP_0009,2,2016
2016-02-23 10:00:00+00:00,504.5,506.55,32.58,32.81,4.34,TNP_0009,2,2016
2016-02-23 11:00:00+00:00,254.23,256.25,30.53,40.23,4.31,TNP_0009,2,2016
2016-02-23 12:00:00+00:00,37.75,38.0,26.18,59.56,3.44,TNP_0009,2,2016
2016-02-23 13:00:00+00:00,0.0,0.0,24.18,68.6,3.96,TNP_0009,2,2016
2016-02-23 14:00:00+00:00,0.0,0.0,22.97,77.26,3.78,TNP_0009,2,2016
2016-02-23 15:00:00+00:00,0.0,0.0,21.84,85.98,3.21,TNP_0009,2,2016
2016-02-23 16:00:00+00:00,0.0,0.0,20.91,92.37,2.82,TNP_0009,2,2016
2016-02-23 17:00:00+00:00,0.0,0.0,20.09,97.34,2.6,TNP_0009,2,2016
2016-02-23 18:00:00+00:00,0.0,0.0,19.4,100.0,2.5,TNP_0009,2,2016
2016-02-23 19:00:00+00:00,0.0,0.0,18.84,100.0,2.47,TNP_0009,2,2016
2016-02-23 20:00:00+00:00,0.0,0.0,18.39,100.0,2.45,TNP_0009,2,2016
2016-02-23 21:00:00+00:00,0.0,0.0,18.04,100.0,2.41,TNP_0009,2,2016
2016-02-23 22:00:00+00:00,0.0,0.0,17.72,100.0,2.4,TNP_0009,2,2016
2016-02-23 23:00:00+00:00,0.0,0.0,17.45,100.0,2.42,TNP_0009,2,2016
2016-02-24 00:00:00+00:00,0.0,0.0,17.22,100.0,2.48,TNP_0009,2,2016
2016-02-24 01:00:00+00:00,58.83,61.78,19.67,96.72,2.94,TNP_0009,2,2016
2016-02-24 02:00:00+00:00,286.35,297.1,23.18,77.13,3.85,TNP_0009,2,2016
2016-02-24 03:00:00+00:00,540.0,545.45,26.0,60.81,4.13,TNP_0009,2,2016
2016-02-24 04:00:00+00:00,747.85,756.83,28.53,49.26,4.01,TNP_0009,2,2016
2016-02-24 05:00:00+00:00,902.05,905.83,30.8,39.77,3.87,TNP_0009,2,2016
2016-02-24 06:00:00+00:00,984.12,986.78,32.62,32.46,3.71,TNP_0009,2,2016
2016-02-24 07:00:00+00:00,980.65,980.67,33.82,28.01,3.52,TNP_0009,2,2016
2016-02-24 08:00:00+00:00,882.9,894.55,34.44,25.63,3.39,TNP_0009,2,2016
2016-02-24 09:00:00+00:00,731.5,734.83,34.3,24.88,3.5,TNP_0009,2,2016
2016-02-24 10:00:00+00:00,515.0,517.08,33.39,26.17,3.87,TNP_0009,2,2016
2016-02-24 11:00:00+00:00,263.67,265.17,31.13,33.27,4.06,TNP_0009,2,2016
2016-02-24 12:00:00+00:00,39.92,40.17,26.23,52.08,3.78,TNP_0009,2,2016
2016-02-24 13:00:00+00:00,0.0,0.0,24.31,61.93,4.6,TNP_0009,2,2016
2016-02-24 14:00:00+00:00,0.0,0.0,23.08,73.78,4.38,TNP_0009,2,2016
2016-02-24 15:00:00+00:00,0.0,0.0,22.05,84.54,3.47,TNP_0009,2,2016
2016-02-24 16:00:00+00:00,0.0,0.0,21.24,91.69,2.6,TNP_0009,2,2016
2016-02-24 17:00:00+00:00,0.0,0.0,20.64,96.14,2.18,TNP_0009,2,2016
2016-02-24 18:00:00+00:00,0.0,0.0,20.28,98.72,1.94,TNP_0009,2,2016
2016-02-24 19:00:00+00:00,0.0,0.0,20.16,99.66,1.71,TNP_0009,2,2016
2016-02-24 20:00:00+00:00,0.0,0.0,20.04,100.0,1.62,TNP_0009,2,2016
2016-02-24 21:00:00+00:00,0.0,0.0,19.76,100.0,1.7,TNP_0009,2,2016
2016-02-24 22:00:00+00:00,0.0,0.0,19.41,100.0,1.88,TNP_0009,2,2016
2016-02-24 23:00:00+00:00,0.0,0.0,19.05,100.0,2.05,TNP_0009,2,2016
2016-02-25 00:00:00+00:00,0.0,0.0,18.78,100.0,2.16,TNP_0009,2,2016
2016-02-25 01:00:00+00:00,56.9,60.12,20.85,94.63,2.57,TNP_0009,2,2016
2016-02-25 02:00:00+00:00,248.38,289.2,24.26,78.27,2.73,TNP_0009,2,2016
2016-02-25 03:00:00+00:00,455.75,532.12,27.23,63.97,3.39,TNP_0009,2,2016
2016-02-25 04:00:00+00:00,657.95,737.8,29.57,53.19,3.39,TNP_0009,2,2016
2016-02-25 05:00:00+00:00,814.42,881.92,31.55,45.5,3.12,TNP_0009,2,2016
2016-02-25 06:00:00+00:00,889.5,945.55,33.06,40.35,3.01,TNP_0009,2,2016
2016-02-25 07:00:00+00:00,884.35,939.55,34.01,37.21,3.28,TNP_0009,2,2016
2016-02-25 08:00:00+00:00,803.08,852.95,34.39,35.65,3.82,TNP_0009,2,2016
2016-02-25 09:00:00+00:00,660.53,690.53,34.08,35.72,4.52,TNP_0009,2,2016
2016-02-25 10:00:00+00:00,460.33,473.25,32.99,38.03,5.15,TNP_0009,2,2016
2016-02-25 11:00:00+00:00,225.75,232.8,30.92,44.91,5.34,TNP_0009,2,2016
2016-02-25 12:00:00+00:00,32.75,33.2,27.45,59.65,4.4,TNP_0009,2,2016
2016-02-25 13:00:00+00:00,0.0,0.0,25.57,69.28,4.74,TNP_0009,2,2016
2016-02-25 14:00:00+00:00,0.0,0.0,24.43,77.29,4.33,TNP_0009,2,2016
2016-02-25 15:00:00+00:00,0.0,0.0,23.49,84.71,3.47,TNP_0009,2,2016
2016-02-25 16:00:00+00:00,0.0,0.0,22.78,90.25,2.78,TNP_0009,2,2016
2016-02-25 17:00:00+00:00,0.0,0.0,22.21,94.19,2.39,TNP_0009,2,2016
2016-02-25 18:00:00+00:00,0.0,0.0,21.73,97.32,2.26,TNP_0009,2,2016
2016-02-25 19:00:00+00:00,0.0,0.0,21.39,99.37,2.29,TNP_0009,2,2016
2016-02-25 20:00:00+00:00,0.0,0.0,21.1,100.0,2.27,TNP_0009,2,2016
2016-02-25 21:00:00+00:00,0.0,0.0,20.91,100.0,2.32,TNP_0009,2,2016
2016-02-25 22:00:00+00:00,0.0,0.0,20.96,100.0,2.28,TNP_0009,2,2016
2016-02-25 23:00:00+00:00,0.0,0.0,20.9,100.0,2.26,TNP_0009,2,2016
2016-02-26 00:00:00+00:00,0.0,0.0,20.92,100.0,2.24,TNP_0009,2,2016
2016-02-26 01:00:00+00:00,55.05,60.4,22.93,91.26,2.71,TNP_0009,2,2016
2016-02-26 02:00:00+00:00,226.2,291.02,25.73,74.07,4.04,TNP_0009,2,2016
2016-02-26 03:00:00+00:00,430.23,537.33,27.95,62.47,4.6,TNP_0009,2,2016
2016-02-26 04:00:00+00:00,623.47,745.33,30.06,54.51,4.76,TNP_0009,2,2016
2016-02-26 05:00:00+00:00,769.58,893.42,31.82,48.33,4.87,TNP_0009,2,2016
2016-02-26 06:00:00+00:00,847.6,961.22,33.05,44.04,4.9,TNP_0009,2,2016
2016-02-26 07:00:00+00:00,906.3,957.0,33.73,41.42,4.92,TNP_0009,2,2016
2016-02-26 08:00:00+00:00,741.42,872.88,33.82,40.17,4.95,TNP_0009,2,2016
2016-02-26 09:00:00+00:00,660.1,717.05,33.43,39.95,5.1,TNP_0009,2,2016
2016-02-26 10:00:00+00:00,477.48,503.67,32.36,41.69,5.4,TNP_0009,2,2016
2016-02-26 11:00:00+00:00,243.25,257.85,30.45,46.82,5.49,TNP_0009,2,2016
2016-02-26 12:00:00+00:00,37.72,38.85,27.18,59.84,4.19,TNP_0009,2,2016
2016-02-26 13:00:00+00:00,0.0,0.0,25.11,69.38,4.08,TNP_0009,2,2016
2016-02-26 14:00:00+00:00,0.0,0.0,23.81,76.73,3.42,TNP_0009,2,2016
2016-02-26 15:00:00+00:00,0.0,0.0,22.77,83.47,2.72,TNP_0009,2,2016
2016-02-26 16:00:00+00:00,0.0,0.0,21.99,88.49,2.35,TNP_0009,2,2016
2016-02-26 17:00:00+00:00,0.0,0.0,21.39,91.97,2.21,TNP_0009,2,2016
2016-02-26 18:00:00+00:00,0.0,0.0,20.9,94.55,2.14,TNP_0009,2,2016
2016-02-26 19:00:00+00:00,0.0,0.0,20.49,97.02,2.09,TNP_0009,2,2016
2016-02-26 20:00:00+00:00,0.0,0.0,20.27,98.87,2.03,TNP_0009,2,2016
2016-02-26 21:00:00+00:00,0.0,0.0,20.28,98.71,1.94,TNP_0009,2,2016
2016-02-26 22:00:00+00:00,0.0,0.0,20.3,98.06,1.76,TNP_0009,2,2016
2016-02-26 23:00:00+00:00,0.0,0.0,20.46,96.41,1.48,TNP_0009,2,2016
2016-02-27 00:00:00+00:00,0.0,0.0,20.74,94.26,1.07,TNP_0009,2,2016
2016-02-27 01:00:00+00:00,50.33,62.17,22.16,87.95,0.72,TNP_0009,2,2016
2016-02-27 02:00:00+00:00,192.7,292.88,24.68,75.01,1.83,TNP_0009,2,2016
2016-02-27 03:00:00+00:00,426.48,535.53,27.04,65.69,2.71,TNP_0009,2,2016
2016-02-27 04:00:00+00:00,602.88,740.3,28.82,58.97,3.32,TNP_0009,2,2016
2016-02-27 05:00:00+00:00,750.2,884.2,29.9,54.84,3.68,TNP_0009,2,2016
2016-02-27 06:00:00+00:00,814.8,934.58,30.72,51.87,3.97,TNP_0009,2,2016
2016-02-27 07:00:00+00:00,817.3,930.75,31.16,50.08,4.19,TNP_0009,2,2016
2016-02-27 08:00:00+00:00,670.3,846.47,31.15,49.47,4.28,TNP_0009,2,2016
2016-02-27 09:00:00+00:00,602.47,690.72,31.33,48.84,4.29,TNP_0009,2,2016
2016-02-27 10:00:00+00:00,426.6,481.73,30.97,49.44,4.26,TNP_0009,2,2016
2016-02-27 11:00:00+00:00,200.43,241.55,29.56,53.47,4.11,TNP_0009,2,2016
2016-02-27 12:00:00+00:00,30.3,35.83,26.9,67.27,2.8,TNP_0009,2,2016
2016-02-27 13:00:00+00:00,0.0,0.0,25.38,75.16,2.95,TNP_0009,2,2016
2016-02-27 14:00:00+00:00,0.0,0.0,24.34,81.09,2.95,TNP_0009,2,2016
2016-02-27 15:00:00+00:00,0.0,0.0,23.53,86.87,2.73,TNP_0009,2,2016
2016-02-27 16:00:00+00:00,0.0,0.0,22.88,91.88,2.46,TNP_0009,2,2016
2016-02-27 17:00:00+00:00,0.0,0.0,22.33,96.25,2.13,TNP_0009,2,2016
2016-02-27 18:00:00+00:00,0.0,0.0,21.95,99.58,1.87,TNP_0009,2,2016
2016-02-27 19:00:00+00:00,0.0,0.0,21.83,100.0,1.74,TNP_0009,2,2016
2016-02-27 20:00:00+00:00,0.0,0.0,21.91,100.0,1.64,TNP_0009,2,2016
2016-02-27 21:00:00+00:00,0.0,0.0,21.88,100.0,1.6,TNP_0009,2,2016
2016-02-27 22:00:00+00:00,0.0,0.0,21.82,100.0,1.53,TNP_0009,2,2016
2016-02-27 23:00:00+00:00,0.0,0.0,21.76,100.0,1.51,TNP_0009,2,2016
2016-02-28 00:00:00+00:00,0.0,0.0,21.69,100.0,1.52,TNP_0009,2,2016
2016-02-28 01:00:00+00:00,50.35,62.88,22.94,95.82,1.5,TNP_0009,2,2016
2016-02-28 02:00:00+00:00,203.18,295.25,25.22,82.49,2.37,TNP_0009,2,2016
2016-02-28 03:00:00+00:00,414.42,539.55,27.61,68.13,2.62,TNP_0009,2,2016
2016-02-28 04:00:00+00:00,627.6,744.85,29.79,57.21,2.82,TNP_0009,2,2016
2016-02-28 05:00:00+00:00,740.03,890.05,31.44,49.98,3.09,TNP_0009,2,2016
2016-02-28 06:00:00+00:00,791.67,961.2,32.66,44.65,3.47,TNP_0009,2,2016
2016-02-28 07:00:00+00:00,779.25,953.62,33.38,41.34,4.0,TNP_0009,2,2016
2016-02-28 08:00:00+00:00,703.72,866.92,33.36,40.67,4.51,TNP_0009,2,2016
2016-02-28 09:00:00+00:00,590.05,708.0,32.84,41.56,4.93,TNP_0009,2,2016
2016-02-28 10:00:00+00:00,426.85,492.48,31.78,44.36,5.21,TNP_0009,2,2016
2016-02-28 11:00:00+00:00,201.5,245.02,30.09,50.27,5.15,TNP_0009,2,2016
2016-02-28 12:00:00+00:00,32.53,36.17,27.07,64.89,3.64,TNP_0009,2,2016
2016-02-28 13:00:00+00:00,0.0,0.0,25.29,75.71,3.44,TNP_0009,2,2016
2016-02-28 14:00:00+00:00,0.0,0.0,24.31,82.98,3.11,TNP_0009,2,2016
2016-02-28 15:00:00+00:00,0.0,0.0,23.66,88.44,2.62,TNP_0009,2,2016
2016-02-28 16:00:00+00:00,0.0,0.0,23.34,91.66,2.22,TNP_0009,2,2016
2016-02-28 17:00:00+00:00,0.0,0.0,23.26,93.01,1.87,TNP_0009,2,2016
2016-02-28 18:00:00+00:00,0.0,0.0,23.09,94.11,1.61,TNP_0009,2,2016
2016-02-28 19:00:00+00:00,0.0,0.0,22.9,95.0,1.45,TNP_0009,2,2016
2016-02-28 20:00:00+00:00,0.0,0.0,22.75,95.5,1.29,TNP_0009,2,2016
2016-02-28 21:00:00+00:00,0.0,0.0,22.64,95.35,1.08,TNP_0009,2,2016
2016-02-28 22:00:00+00:00,0.0,0.0,22.59,94.66,0.93,TNP_0009,2,2016
2016-02-28 23:00:00+00:00,0.0,0.0,22.36,95.09,0.99,TNP_0009,2,2016
2016-02-29 00:00:00+00:00,0.0,0.0,22.27,94.98,0.95,TNP_0009,2,2016
2016-02-29 01:00:00+00:00,47.78,61.2,23.03,91.69,0.72,TNP_0009,2,2016
2016-02-29 02:00:00+00:00,202.18,285.58,24.75,79.0,1.39,TNP_0009,2,2016
2016-02-29 03:00:00+00:00,402.05,526.65,26.75,67.84,2.07,TNP_0009,2,2016
2016-02-29 04:00:00+00:00,566.17,730.1,28.9,57.84,2.6,TNP_0009,2,2016
2016-02-29 05:00:00+00:00,702.08,874.28,30.8,49.13,3.17,TNP_0009,2,2016
2016-02-29 06:00:00+00:00,687.88,887.9,32.0,43.53,3.75,TNP_0009,2,2016
2016-02-29 07:00:00+00:00,675.22,883.28,32.35,41.34,4.15,TNP_0009,2,2016
2016-02-29 08:00:00+00:00,559.12,798.92,32.09,41.38,4.36,TNP_0009,2,2016
2016-02-29 09:00:00+00:00,455.2,643.1,31.29,43.29,4.56,TNP_0009,2,2016
2016-02-29 10:00:00+00:00,306.15,433.0,30.05,47.19,4.91,TNP_0009,2,2016
2016-02-29 11:00:00+00:00,150.7,207.38,28.29,54.93,4.7,TNP_0009,2,2016
2016-02-29 12:00:00+00:00,27.12,30.0,26.1,67.23,3.54,TNP_0009,2,2016
2016-02-29 13:00:00+00:00,0.0,0.0,24.81,75.75,3.24,TNP_0009,2,2016
2016-02-29 14:00:00+00:00,0.0,0.0,23.99,82.09,2.88,TNP_0009,2,2016
2016-02-29 15:00:00+00:00,0.0,0.0,23.27,88.26,2.13,TNP_0009,2,2016
2016-02-29 16:00:00+00:00,0.0,0.0,22.72,92.66,1.79,TNP_0009,2,2016
2016-02-29 17:00:00+00:00,0.0,0.0,22.51,94.55,1.7,TNP_0009,2,2016
2016-02-29 18:00:00+00:00,0.0,0.0,22.49,95.15,1.6,TNP_0009,2,2016
2016-02-29 19:00:00+00:00,0.0,0.0,22.37,95.74,1.4,TNP_0009,2,2016
2016-02-29 20:00:00+00:00,0.0,0.0,22.38,95.31,1.17,TNP_0009,2,2016
2016-02-29 21:00:00+00:00,0.0,0.0,22.46,93.89,0.91,TNP_0009,2,2016
2016-02-29 22:00:00+00:00,0.0,0.0,22.52,92.75,0.63,TNP_0009,2,2016
2016-02-29 23:00:00+00:00,0.0,0.0,22.4,92.88,0.6,TNP_0009,2,2016
2016-03-01 00:00:00+00:00,0.0,0.0,22.26,93.15,0.73,TNP_0009,2,2016
2016-03-01 01:00:00+00:00,48.22,52.88,22.96,90.57,0.7,TNP_0009,2,2016
2016-03-01 02:00:00+00:00,210.75,257.3,24.66,78.62,1.55,TNP_0009,2,2016
2016-03-01 03:00:00+00:00,397.17,489.58,25.77,71.45,2.28,TNP_0009,2,2016
2016-03-01 04:00:00+00:00,579.55,695.8,27.15,64.58,1.93,TNP_0009,2,2016
2016-03-01 05:00:00+00:00,707.47,840.83,29.67,54.21,1.81,TNP_0009,2,2016
2016-03-01 06:00:00+00:00,746.55,889.3,31.7,45.73,2.52,TNP_0009,2,2016
2016-03-01 07:00:00+00:00,775.0,886.72,32.81,41.04,3.02,TNP_0009,2,2016
2016-03-01 08:00:00+00:00,762.2,799.53,33.38,38.8,3.02,TNP_0009,2,2016
2016-03-01 09:00:00+00:00,576.17,643.95,33.24,38.38,3.29,TNP_0009,2,2016
2016-03-01 10:00:00+00:00,403.1,436.75,31.95,40.83,4.1,TNP_0009,2,2016
2016-03-01 11:00:00+00:00,202.3,215.25,29.81,48.78,4.26,TNP_0009,2,2016
2016-03-01 12:00:00+00:00,29.6,31.0,27.25,61.09,3.71,TNP_0009,2,2016
2016-03-01 13:00:00+00:00,0.0,0.0,25.85,68.36,4.1,TNP_0009,2,2016
2016-03-01 14:00:00+00:00,0.0,0.0,24.95,74.3,4.35,TNP_0009,2,2016
2016-03-01 15:00:00+00:00,0.0,0.0,24.11,81.16,3.31,TNP_0009,2,2016
2016-03-01 16:00:00+00:00,0.0,0.0,23.47,86.9,2.31,TNP_0009,2,2016
2016-03-01 17:00:00+00:00,0.0,0.0,23.01,90.49,2.01,TNP_0009,2,2016
2016-03-01 18:00:00+00:00,0.0,0.0,22.48,93.55,1.7,TNP_0009,2,2016
2016-03-01 19:00:00+00:00,0.0,0.0,22.03,95.59,1.5,TNP_0009,2,2016
2016-03-01 20:00:00+00:00,0.0,0.0,21.96,95.39,1.22,TNP_0009,2,2016
2016-03-01 21:00:00+00:00,0.0,0.0,22.01,94.54,0.92,TNP_0009,2,2016
2016-03-01 22:00:00+00:00,0.0,0.0,22.06,93.44,0.65,TNP_0009,2,2016
2016-03-01 23:00:00+00:00,0.0,0.0,22.01,92.89,0.47,TNP_0009,2,2016
2016-03-02 00:00:00+00:00,0.0,0.0,21.8,93.63,0.49,TNP_0009,2,2016
2016-03-02 01:00:00+00:00,50.62,61.58,22.42,90.76,0.57,TNP_0009,2,2016
2016-03-02 02:00:00+00:00,194.88,279.23,24.02,80.62,1.72,TNP_0009,2,2016
2016-03-02 03:00:00+00:00,431.33,521.08,25.58,70.96,2.31,TNP_0009,2,2016
2016-03-02 04:00:00+00:00,580.12,726.47,27.27,61.4,2.25,TNP_0009,2,2016
2016-03-02 05:00:00+00:00,754.67,871.55,28.92,53.08,2.21,TNP_0009,2,2016
2016-03-02 06:00:00+00:00,760.42,856.58,30.05,47.43,2.48,TNP_0009,2,2016
2016-03-02 07:00:00+00:00,702.05,853.4,30.56,44.62,2.76,TNP_0009,2,2016
2016-03-02 08:00:00+00:00,661.92,771.62,30.85,42.86,2.91,TNP_0009,2,2016
2016-03-02 09:00:00+00:00,546.47,622.7,30.84,42.34,3.09,TNP_0009,2,2016
2016-03-02 10:00:00+00:00,368.48,420.2,30.31,43.46,3.27,TNP_0009,2,2016
2016-03-02 11:00:00+00:00,178.98,200.75,28.98,49.24,3.12,TNP_0009,2,2016
2016-03-02 12:00:00+00:00,27.6,28.98,26.11,67.14,2.38,TNP_0009,2,2016
2016-03-02 13:00:00+00:00,0.0,0.0,24.53,74.29,2.61,TNP_0009,2,2016
2016-03-02 14:00:00+00:00,0.0,0.0,23.82,78.77,2.62,TNP_0009,2,2016
2016-03-02 15:00:00+00:00,0.0,0.0,23.07,84.64,2.31,TNP_0009,2,2016
2016-03-02 16:00:00+00:00,0.0,0.0,22.4,89.62,2.05,TNP_0009,2,2016
2016-03-02 17:00:00+00:00,0.0,0.0,21.84,93.32,1.88,TNP_0009,2,2016
2016-03-02 18:00:00+00:00,0.0,0.0,21.46,95.4,1.69,TNP_0009,2,2016
2016-03-02 19:00:00+00:00,0.0,0.0,21.0,98.11,1.67,TNP_0009,2,2016
2016-03-02 20:00:00+00:00,0.0,0.0,20.8,99.43,1.63,TNP_0009,2,2016
2016-03-02 21:00:00+00:00,0.0,0.0,20.92,98.48,1.38,TNP_0009,2,2016
2016-03-02 22:00:00+00:00,0.0,0.0,20.97,97.69,1.12,TNP_0009,2,2016
2016-03-02 23:00:00+00:00,0.0,0.0,20.83,98.07,1.08,TNP_0009,2,2016
2016-03-03 00:00:00+00:00,0.0,0.0,20.42,100.0,1.19,TNP_0009,2,2016
2016-03-03 01:00:00+00:00,53.0,59.25,21.72,92.89,1.34,TNP_0009,2,2016
2016-03-03 02:00:00+00:00,192.52,268.6,24.54,75.46,1.84,TNP_0009,2,2016
2016-03-03 03:00:00+00:00,411.42,509.95,27.07,59.74,2.47,TNP_0009,2,2016
2016-03-03 04:00:00+00:00,632.17,716.9,29.75,46.73,3.54,TNP_0009,2,2016
2016-03-03 05:00:00+00:00,757.7,862.55,31.8,39.22,4.62,TNP_0009,2,2016
2016-03-03 06:00:00+00:00,884.15,950.95,33.11,35.41,5.24,TNP_0009,2,2016
2016-03-03 07:00:00+00:00,834.05,943.22,33.63,33.67,5.57,TNP_0009,2,2016
2016-03-03 08:00:00+00:00,799.83,856.8,33.66,33.2,5.66,TNP_0009,2,2016
2016-03-03 09:00:00+00:00,656.45,698.12,33.32,33.55,5.67,TNP_0009,2,2016
2016-03-03 10:00:00+00:00,470.6,483.0,32.39,35.06,5.67,TNP_0009,2,2016
2016-03-03 11:00:00+00:00,218.0,239.55,30.61,39.45,5.32,TNP_0009,2,2016
2016-03-03 12:00:00+00:00,33.3,35.65,27.05,54.24,3.47,TNP_0009,2,2016
2016-03-03 13:00:00+00:00,0.0,0.0,25.19,64.06,3.29,TNP_0009,2,2016
2016-03-03 14:00:00+00:00,0.0,0.0,24.32,71.13,2.84,TNP_0009,2,2016
2016-03-03 15:00:00+00:00,0.0,0.0,23.38,79.46,2.22,TNP_0009,2,2016
2016-03-03 16:00:00+00:00,0.0,0.0,22.68,85.41,1.9,TNP_0009,2,2016
2016-03-03 17:00:00+00:00,0.0,0.0,22.09,89.38,1.69,TNP_0009,2,2016
2016-03-03 18:00:00+00:00,0.0,0.0,21.89,90.14,1.28,TNP_0009,2,2016
2016-03-03 19:00:00+00:00,0.0,0.0,21.97,89.09,0.7,TNP_0009,2,2016
2016-03-03 20:00:00+00:00,0.0,0.0,21.73,89.97,0.45,TNP_0009,2,2016
2016-03-03 21:00:00+00:00,0.0,0.0,21.14,92.96,0.85,TNP_0009,2,2016
2016-03-03 22:00:00+00:00,0.0,0.0,20.68,94.98,1.11,TNP_0009,2,2016
2016-03-03 23:00:00+00:00,0.0,0.0,20.44,95.57,1.12,TNP_0009,2,2016
2016-03-04 00:00:00+00:00,0.0,0.0,20.22,95.95,1.18,TNP_0009,2,2016
2016-03-04 01:00:00+00:00,62.0,66.4,20.93,92.93,1.3,TNP_0009,2,2016
2016-03-04 02:00:00+00:00,236.05,290.6,22.78,81.28,1.48,TNP_0009,2,2016
2016-03-04 03:00:00+00:00,442.45,537.47,25.26,63.25,1.13,TNP_0009,2,2016
2016-03-04 04:00:00+00:00,642.03,745.2,27.32,50.74,1.7,TNP_0009,2,2016
2016-03-04 05:00:00+00:00,748.0,890.8,29.22,40.76,2.22,TNP_0009,2,2016
2016-03-04 06:00:00+00:00,872.38,944.35,30.26,36.35,2.78,TNP_0009,2,2016
2016-03-04 07:00:00+00:00,796.62,932.2,30.8,34.68,3.14,TNP_0009,2,2016
2016-03-04 08:00:00+00:00,751.65,839.53,30.95,34.63,3.41,TNP_0009,2,2016
2016-03-04 09:00:00+00:00,564.3,669.5,30.76,35.83,3.62,TNP_0009,2,2016
2016-03-04 10:00:00+00:00,364.15,449.0,30.15,38.41,3.8,TNP_0009,2,2016
2016-03-04 11:00:00+00:00,196.68,214.98,28.73,45.47,3.45,TNP_0009,2,2016
2016-03-04 12:00:00+00:00,30.98,30.92,25.6,64.75,2.45,TNP_0009,2,2016
2016-03-04 13:00:00+00:00,0.0,0.0,24.09,73.42,2.54,TNP_0009,2,2016
2016-03-04 14:00:00+00:00,0.0,0.0,23.42,78.74,2.44,TNP_0009,2,2016
2016-03-04 15:00:00+00:00,0.0,0.0,22.74,84.48,2.25,TNP_0009,2,2016
2016-03-04 16:00:00+00:00,0.0,0.0,22.15,89.33,2.06,TNP_0009,2,2016
2016-03-04 17:00:00+00:00,0.0,0.0,21.56,93.42,1.96,TNP_0009,2,2016
2016-03-04 18:00:00+00:00,0.0,0.0,20.95,97.43,1.81,TNP_0009,2,2016
2016-03-04 19:00:00+00:00,0.0,0.0,20.64,100.0,1.52,TNP_0009,2,2016
2016-03-04 20:00:00+00:00,0.0,0.0,20.59,100.0,1.29,TNP_0009,2,2016
2016-03-04 21:00:00+00:00,0.0,0.0,20.62,100.0,1.18,TNP_0009,2,2016
2016-03-04 22:00:00+00:00,0.0,0.0,20.65,100.0,1.05,TNP_0009,2,2016
2016-03-04 23:00:00+00:00,0.0,0.0,20.64,99.91,0.9,TNP_0009,2,2016
2016-03-05 00:00:00+00:00,0.0,0.0,20.92,97.88,0.73,TNP_0009,2,2016
2016-03-05 01:00:00+00:00,57.5,62.6,21.98,92.15,0.66,TNP_0009,2,2016
2016-03-05 02:00:00+00:00,229.25,274.88,24.13,79.77,1.27,TNP_0009,2,2016
2016-03-05 03:00:00+00:00,452.45,517.58,26.3,66.13,1.9,TNP_0009,2,2016
2016-03-05 04:00:00+00:00,643.8,721.08,28.31,53.86,2.14,TNP_0009,2,2016
2016-03-05 05:00:00+00:00,801.38,869.97,30.01,44.99,1.8,TNP_0009,2,2016
2016-03-05 06:00:00+00:00,932.0,979.95,31.54,38.31,1.42,TNP_0009,2,2016
2016-03-05 07:00:00+00:00,903.45,971.28,32.86,33.35,1.79,TNP_0009,2,2016
2016-03-05 08:00:00+00:00,828.8,882.2,33.42,31.01,2.44,TNP_0009,2,2016
2016-03-05 09:00:00+00:00,670.58,721.1,33.44,30.16,3.08,TNP_0009,2,2016
2016-03-05 10:00:00+00:00,468.02,502.17,32.82,31.16,3.63,TNP_0009,2,2016
2016-03-05 11:00:00+00:00,226.52,252.38,31.22,36.57,3.62,TNP_0009,2,2016
2016-03-05 12:00:00+00:00,36.12,38.15,27.12,56.46,2.81,TNP_0009,2,2016
2016-03-05 13:00:00+00:00,0.0,0.0,25.16,64.68,3.24,TNP_0009,2,2016
2016-03-05 14:00:00+00:00,0.0,0.0,24.3,71.45,3.41,TNP_0009,2,2016
2016-03-05 15:00:00+00:00,0.0,0.0,23.5,79.62,3.07,TNP_0009,2,2016
2016-03-05 16:00:00+00:00,0.0,0.0,22.79,86.95,2.55,TNP_0009,2,2016
2016-03-05 17:00:00+00:00,0.0,0.0,22.07,92.93,2.13,TNP_0009,2,2016
2016-03-05 18:00:00+00:00,0.0,0.0,21.31,97.85,1.98,TNP_0009,2,2016
2016-03-05 19:00:00+00:00,0.0,0.0,20.72,100.0,1.92,TNP_0009,2,2016
2016-03-05 20:00:00+00:00,0.0,0.0,20.42,100.0,1.84,TNP_0009,2,2016
2016-03-05 21:00:00+00:00,0.0,0.0,20.42,100.0,1.66,TNP_0009,2,2016
2016-03-05 22:00:00+00:00,0.0,0.0,20.4,100.0,1.57,TNP_0009,2,2016
2016-03-05 23:00:00+00:00,0.0,0.0,20.36,100.0,1.59,TNP_0009,2,2016
2016-03-06 00:00:00+00:00,0.0,0.0,20.2,100.0,1.66,TNP_0009,2,2016
2016-03-06 01:00:00+00:00,61.88,71.43,21.92,92.69,1.96,TNP_0009,2,2016
2016-03-06 02:00:00+00:00,223.3,306.62,24.14,77.78,2.28,TNP_0009,2,2016
2016-03-06 03:00:00+00:00,470.15,558.97,26.55,61.59,2.07,TNP_0009,2,2016
2016-03-06 04:00:00+00:00,716.15,771.9,29.35,45.89,1.84,TNP_0009,2,2016
2016-03-06 05:00:00+00:00,902.3,922.4,31.75,35.53,1.74,TNP_0009,2,2016
2016-03-06 06:00:00+00:00,1005.5,1005.5,33.29,30.92,1.69,TNP_0009,2,2016
2016-03-06 07:00:00+00:00,971.17,983.72,34.48,28.0,2.22,TNP_0009,2,2016
2016-03-06 08:00:00+00:00,867.4,894.15,35.15,26.45,3.1,TNP_0009,2,2016
2016-03-06 09:00:00+00:00,709.85,732.12,34.97,26.49,3.76,TNP_0009,2,2016
2016-03-06 10:00:00+00:00,510.33,512.25,34.02,28.12,4.26,TNP_0009,2,2016
2016-03-06 11:00:00+00:00,256.98,259.52,32.07,33.71,4.45,TNP_0009,2,2016
2016-03-06 12:00:00+00:00,40.03,40.58,27.87,51.13,3.51,TNP_0009,2,2016
2016-03-06 13:00:00+00:00,0.0,0.0,25.68,62.05,3.92,TNP_0009,2,2016
2016-03-06 14:00:00+00:00,0.0,0.0,24.51,71.37,3.78,TNP_0009,2,2016
2016-03-06 15:00:00+00:00,0.0,0.0,23.41,80.8,3.19,TNP_0009,2,2016
2016-03-06 16:00:00+00:00,0.0,0.0,22.5,88.43,2.55,TNP_0009,2,2016
2016-03-06 17:00:00+00:00,0.0,0.0,21.69,94.46,2.16,TNP_0009,2,2016
2016-03-06 18:00:00+00:00,0.0,0.0,21.18,98.22,1.92,TNP_0009,2,2016
2016-03-06 19:00:00+00:00,0.0,0.0,21.12,98.71,1.68,TNP_0009,2,2016
2016-03-06 20:00:00+00:00,0.0,0.0,21.01,99.25,1.51,TNP_0009,2,2016
2016-03-06 21:00:00+00:00,0.0,0.0,20.92,99.64,1.41,TNP_0009,2,2016
2016-03-06 22:00:00+00:00,0.0,0.0,20.78,100.0,1.41,TNP_0009,2,2016
2016-03-06 23:00:00+00:00,0.0,0.0,20.7,100.0,1.48,TNP_0009,2,2016
2016-03-07 00:00:00+00:00,0.0,0.0,20.54,100.0,1.5,TNP_0009,2,2016
2016-03-07 01:00:00+00:00,68.68,80.1,22.31,91.56,1.63,TNP_0009,2,2016
2016-03-07 02:00:00+00:00,238.5,320.3,24.9,75.58,2.38,TNP_0009,2,2016
2016-03-07 03:00:00+00:00,474.08,567.2,27.39,61.67,2.37,TNP_0009,2,2016
2016-03-07 04:00:00+00:00,686.28,776.15,29.93,48.93,2.34,TNP_0009,2,2016
2016-03-07 05:00:00+00:00,744.92,921.62,32.21,38.19,2.34,TNP_0009,2,2016
2016-03-07 06:00:00+00:00,903.17,976.95,33.96,31.44,2.43,TNP_0009,2,2016
2016-03-07 07:00:00+00:00,906.0,967.03,35.07,27.66,2.7,TNP_0009,2,2016
2016-03-07 08:00:00+00:00,804.92,877.08,35.53,25.94,3.07,TNP_0009,2,2016
2016-03-07 09:00:00+00:00,665.58,715.1,35.31,25.85,3.53,TNP_0009,2,2016
2016-03-07 10:00:00+00:00,464.23,496.92,34.27,27.35,4.02,TNP_0009,2,2016
2016-03-07 11:00:00+00:00,227.23,249.75,32.33,32.08,4.31,TNP_0009,2,2016
2016-03-07 12:00:00+00:00,36.17,37.9,28.58,46.61,3.55,TNP_0009,2,2016
2016-03-07 13:00:00+00:00,0.0,0.0,26.56,55.92,4.11,TNP_0009,2,2016
2016-03-07 14:00:00+00:00,0.0,0.0,25.25,65.44,3.88,TNP_0009,2,2016
2016-03-07 15:00:00+00:00,0.0,0.0,23.8,76.67,2.84,TNP_0009,2,2016
2016-03-07 16:00:00+00:00,0.0,0.0,22.6,85.86,2.23,TNP_0009,2,2016
2016-03-07 17:00:00+00:00,0.0,0.0,21.74,92.14,2.0,TNP_0009,2,2016
2016-03-07 18:00:00+00:00,0.0,0.0,21.07,97.14,1.88,TNP_0009,2,2016
2016-03-07 19:00:00+00:00,0.0,0.0,20.58,100.0,1.77,TNP_0009,2,2016
2016-03-07 20:00:00+00:00,0.0,0.0,20.39,100.0,1.67,TNP_0009,2,2016
2016-03-07 21:00:00+00:00,0.0,0.0,20.42,100.0,1.55,TNP_0009,2,2016
2016-03-07 22:00:00+00:00,0.0,0.0,20.47,100.0,1.47,TNP_0009,2,2016
2016-03-07 23:00:00+00:00,0.0,0.0,20.52,100.0,1.37,TNP_0009,2,2016
2016-03-08 00:00:00+00:00,0.0,0.0,20.65,100.0,1.15,TNP_0009,2,2016
2016-03-08 01:00:00+00:00,75.12,80.78,22.26,90.61,1.14,TNP_0009,2,2016
2016-03-08 02:00:00+00:00,281.75,320.05,24.74,74.98,1.72,TNP_0009,2,2016
2016-03-08 03:00:00+00:00,508.3,567.05,27.38,60.66,2.05,TNP_0009,2,2016
2016-03-08 04:00:00+00:00,690.47,775.97,30.02,48.01,2.26,TNP_0009,2,2016
2016-03-08 05:00:00+00:00,879.2,922.0,32.37,37.72,2.29,TNP_0009,2,2016
2016-03-08 06:00:00+00:00,811.08,983.78,34.1,31.71,2.21,TNP_0009,2,2016
2016-03-08 07:00:00+00:00,913.62,972.72,35.2,28.31,2.3,TNP_0009,2,2016
2016-03-08 08:00:00+00:00,836.22,881.72,35.69,26.72,2.63,TNP_0009,2,2016
2016-03-08 09:00:00+00:00,684.92,718.95,35.56,26.32,3.15,TNP_0009,2,2016
2016-03-08 10:00:00+00:00,479.38,499.08,34.72,27.37,3.92,TNP_0009,2,2016
2016-03-08 11:00:00+00:00,239.82,250.2,32.88,31.37,4.76,TNP_0009,2,2016
2016-03-08 12:00:00+00:00,37.45,38.03,29.12,43.73,4.37,TNP_0009,2,2016
2016-03-08 13:00:00+00:00,0.0,0.0,26.77,53.93,4.99,TNP_0009,2,2016
2016-03-08 14:00:00+00:00,0.0,0.0,25.25,64.26,4.54,TNP_0009,2,2016
2016-03-08 15:00:00+00:00,0.0,0.0,23.87,75.06,3.32,TNP_0009,2,2016
2016-03-08 16:00:00+00:00,0.0,0.0,22.82,83.58,2.37,TNP_0009,2,2016
2016-03-08 17:00:00+00:00,0.0,0.0,22.45,87.7,1.94,TNP_0009,2,2016
2016-03-08 18:00:00+00:00,0.0,0.0,22.12,90.72,1.53,TNP_0009,2,2016
2016-03-08 19:00:00+00:00,0.0,0.0,21.77,93.09,1.37,TNP_0009,2,2016
2016-03-08 20:00:00+00:00,0.0,0.0,21.5,94.71,1.27,TNP_0009,2,2016
2016-03-08 21:00:00+00:00,0.0,0.0,21.24,96.22,1.33,TNP_0009,2,2016
2016-03-08 22:00:00+00:00,0.0,0.0,20.74,99.0,1.56,TNP_0009,2,2016
2016-03-08 23:00:00+00:00,0.0,0.0,19.98,100.0,1.78,TNP_0009,2,2016
2016-03-09 00:00:00+00:00,0.0,0.0,19.42,100.0,1.99,TNP_0009,2,2016
2016-03-09 01:00:00+00:00,71.12,79.35,21.74,91.85,2.63,TNP_0009,2,2016
2016-03-09 02:00:00+00:00,238.38,313.92,24.97,72.52,2.76,TNP_0009,2,2016
2016-03-09 03:00:00+00:00,437.33,560.92,28.02,53.02,2.54,TNP_0009,2,2016
2016-03-09 04:00:00+00:00,668.42,767.97,31.16,36.8,2.44,TNP_0009,2,2016
2016-03-09 05:00:00+00:00,691.78,912.8,33.53,28.9,2.56,TNP_0009,2,2016
2016-03-09 06:00:00+00:00,957.03,977.67,35.21,24.98,2.64,TNP_0009,2,2016
2016-03-09 07:00:00+00:00,953.1,967.4,36.24,22.87,2.76,TNP_0009,2,2016
2016-03-09 08:00:00+00:00,852.8,876.2,36.65,22.01,3.06,TNP_0009,2,2016
2016-03-09 09:00:00+00:00,702.33,712.42,36.38,22.34,3.4,TNP_0009,2,2016
2016-03-09 10:00:00+00:00,479.8,492.75,34.97,24.67,3.85,TNP_0009,2,2016
2016-03-09 11:00:00+00:00,234.15,245.8,32.32,33.33,3.79,TNP_0009,2,2016
2016-03-09 12:00:00+00:00,35.38,37.22,29.24,44.65,3.94,TNP_0009,2,2016
2016-03-09 13:00:00+00:00,0.0,0.0,27.51,53.56,4.26,TNP_0009,2,2016
2016-03-09 14:00:00+00:00,0.0,0.0,26.29,62.82,3.87,TNP_0009,2,2016
2016-03-09 15:00:00+00:00,0.0,0.0,25.26,71.54,3.09,TNP_0009,2,2016
2016-03-09 16:00:00+00:00,0.0,0.0,24.53,78.04,2.38,TNP_0009,2,2016
2016-03-09 17:00:00+00:00,0.0,0.0,23.92,82.92,1.75,TNP_0009,2,2016
2016-03-09 18:00:00+00:00,0.0,0.0,23.34,86.95,1.37,TNP_0009,2,2016
2016-03-09 19:00:00+00:00,0.0,0.0,22.93,89.56,1.14,TNP_0009,2,2016
2016-03-09 20:00:00+00:00,0.0,0.0,22.69,91.2,0.89,TNP_0009,2,2016
2016-03-09 21:00:00+00:00,0.0,0.0,22.42,92.97,0.85,TNP_0009,2,2016
2016-03-09 22:00:00+00:00,0.0,0.0,22.13,94.69,1.01,TNP_0009,2,2016
2016-03-09 23:00:00+00:00,0.0,0.0,21.77,96.65,1.28,TNP_0009,2,2016
2016-03-10 00:00:00+00:00,0.0,0.0,21.51,98.08,1.52,TNP_0009,2,2016
2016-03-10 01:00:00+00:00,63.17,79.85,22.77,90.92,2.25,TNP_0009,2,2016
2016-03-10 02:00:00+00:00,234.27,313.5,24.62,79.34,2.97,TNP_0009,2,2016
2016-03-10 03:00:00+00:00,438.5,559.17,26.55,66.75,3.13,TNP_0009,2,2016
2016-03-10 04:00:00+00:00,621.8,767.85,28.63,55.16,2.92,TNP_0009,2,2016
2016-03-10 05:00:00+00:00,792.0,913.33,30.65,46.06,2.7,TNP_0009,2,2016
2016-03-10 06:00:00+00:00,914.2,979.92,32.27,39.44,2.79,TNP_0009,2,2016
2016-03-10 07:00:00+00:00,927.65,968.7,32.83,36.67,3.23,TNP_0009,2,2016
2016-03-10 08:00:00+00:00,854.53,877.25,32.69,36.48,3.72,TNP_0009,2,2016
2016-03-10 09:00:00+00:00,683.47,712.35,32.12,38.15,4.01,TNP_0009,2,2016
2016-03-10 10:00:00+00:00,471.48,490.75,31.18,41.38,4.1,TNP_0009,2,2016
2016-03-10 11:00:00+00:00,222.65,242.88,29.85,47.34,3.89,TNP_0009,2,2016
2016-03-10 12:00:00+00:00,33.95,36.83,27.31,61.13,2.68,TNP_0009,2,2016
2016-03-10 13:00:00+00:00,0.0,0.0,25.89,69.93,2.64,TNP_0009,2,2016
2016-03-10 14:00:00+00:00,0.0,0.0,25.23,75.36,2.62,TNP_0009,2,2016
2016-03-10 15:00:00+00:00,0.0,0.0,24.5,81.06,2.38,TNP_0009,2,2016
2016-03-10 16:00:00+00:00,0.0,0.0,23.85,86.19,2.06,TNP_0009,2,2016
2016-03-10 17:00:00+00:00,0.0,0.0,23.26,91.35,1.78,TNP_0009,2,2016
2016-03-10 18:00:00+00:00,0.0,0.0,22.61,96.77,1.57,TNP_0009,2,2016
2016-03-10 19:00:00+00:00,0.0,0.0,22.28,99.62,1.39,TNP_0009,2,2016
2016-03-10 20:00:00+00:00,0.0,0.0,22.29,99.53,1.18,TNP_0009,2,2016
2016-03-10 21:00:00+00:00,0.0,0.0,22.35,98.85,1.06,TNP_0009,2,2016
2016-03-10 22:00:00+00:00,0.0,0.0,22.22,99.13,1.14,TNP_0009,2,2016
2016-03-10 23:00:00+00:00,0.0,0.0,21.73,100.0,1.44,TNP_0009,2,2016
2016-03-11 00:00:00+00:00,0.0,0.0,21.16,100.0,1.71,TNP_0009,2,2016
2016-03-11 01:00:00+00:00,70.12,73.45,23.28,91.03,2.26,TNP_0009,2,2016
2016-03-11 02:00:00+00:00,237.75,288.0,26.03,74.0,2.66,TNP_0009,2,2016
2016-03-11 03:00:00+00:00,423.25,523.8,28.9,56.79,2.54,TNP_0009,2,2016
2016-03-11 04:00:00+00:00,634.17,725.22,31.8,40.95,2.31,TNP_0009,2,2016
2016-03-11 05:00:00+00:00,823.35,869.58,34.09,31.38,2.07,TNP_0009,2,2016
2016-03-11 06:00:00+00:00,948.92,977.7,35.68,26.29,1.86,TNP_0009,2,2016
2016-03-11 07:00:00+00:00,959.78,961.0,36.64,23.68,1.86,TNP_0009,2,2016
2016-03-11 08:00:00+00:00,861.35,864.15,37.1,22.45,2.18,TNP_0009,2,2016
2016-03-11 09:00:00+00:00,692.8,695.45,37.05,22.17,2.65,TNP_0009,2,2016
2016-03-11 10:00:00+00:00,470.77,473.6,36.35,23.13,3.21,TNP_0009,2,2016
2016-03-11 11:00:00+00:00,228.65,230.12,34.67,27.17,3.67,TNP_0009,2,2016
2016-03-11 12:00:00+00:00,36.42,36.55,30.39,42.84,3.51,TNP_0009,2,2016
2016-03-11 13:00:00+00:00,0.0,0.0,27.79,54.28,4.08,TNP_0009,2,2016
2016-03-11 14:00:00+00:00,0.0,0.0,26.42,64.72,3.97,TNP_0009,2,2016
2016-03-11 15:00:00+00:00,0.0,0.0,25.18,74.93,3.24,TNP_0009,2,2016
2016-03-11 16:00:00+00:00,0.0,0.0,24.16,82.97,2.36,TNP_0009,2,2016
2016-03-11 17:00:00+00:00,0.0,0.0,23.26,89.68,1.75,TNP_0009,2,2016
2016-03-11 18:00:00+00:00,0.0,0.0,22.54,94.98,1.54,TNP_0009,2,2016
2016-03-11 19:00:00+00:00,0.0,0.0,22.15,97.82,1.41,TNP_0009,2,2016
2016-03-11 20:00:00+00:00,0.0,0.0,21.89,99.37,1.57,TNP_0009,2,2016
2016-03-11 21:00:00+00:00,0.0,0.0,21.71,100.0,1.79,TNP_0009,2,2016
2016-03-11 22:00:00+00:00,0.0,0.0,21.58,100.0,1.96,TNP_0009,2,2016
2016-03-11 23:00:00+00:00,0.0,0.0,21.51,100.0,2.07,TNP_0009,2,2016
2016-03-12 00:00:00+00:00,0.0,0.0,21.61,100.0,2.13,TNP_0009,2,2016
2016-03-12 01:00:00+00:00,71.43,82.65,23.62,88.87,3.38,TNP_0009,2,2016
2016-03-12 02:00:00+00:00,224.43,315.4,26.17,74.27,3.9,TNP_0009,2,2016
2016-03-12 03:00:00+00:00,448.88,561.72,28.89,60.04,3.79,TNP_0009,2,2016
2016-03-12 04:00:00+00:00,670.33,768.4,31.67,47.76,3.43,TNP_0009,2,2016
2016-03-12 05:00:00+00:00,831.17,913.1,33.99,38.74,3.01,TNP_0009,2,2016
2016-03-12 06:00:00+00:00,938.8,975.05,35.65,32.86,2.84,TNP_0009,2,2016
2016-03-12 07:00:00+00:00,941.28,962.55,36.61,29.45,3.11,TNP_0009,2,2016
2016-03-12 08:00:00+00:00,846.62,869.83,36.91,28.11,3.71,TNP_0009,2,2016
2016-03-12 09:00:00+00:00,678.88,703.53,36.52,28.52,4.41,TNP_0009,2,2016
2016-03-12 10:00:00+00:00,470.95,480.3,35.46,30.49,5.03,TNP_0009,2,2016
2016-03-12 11:00:00+00:00,219.85,231.32,33.65,35.22,5.38,TNP_0009,2,2016
2016-03-12 12:00:00+00:00,34.47,35.65,30.69,45.62,5.0,TNP_0009,2,2016
2016-03-12 13:00:00+00:00,0.0,0.0,28.46,55.9,5.37,TNP_0009,2,2016
2016-03-12 14:00:00+00:00,0.0,0.0,26.88,65.65,5.22,TNP_0009,2,2016
2016-03-12 15:00:00+00:00,0.0,0.0,25.74,73.62,4.5,TNP_0009,2,2016
2016-03-12 16:00:00+00:00,0.0,0.0,25.01,79.01,3.67,TNP_0009,2,2016
2016-03-12 17:00:00+00:00,0.0,0.0,24.36,83.49,2.91,TNP_0009,2,2016
2016-03-12 18:00:00+00:00,0.0,0.0,23.69,88.08,2.39,TNP_0009,2,2016
2016-03-12 19:00:00+00:00,0.0,0.0,23.08,92.31,2.12,TNP_0009,2,2016
2016-03-12 20:00:00+00:00,0.0,0.0,22.69,95.19,2.14,TNP_0009,2,2016
2016-03-12 21:00:00+00:00,0.0,0.0,22.51,96.5,2.07,TNP_0009,2,2016
2016-03-12 22:00:00+00:00,0.0,0.0,22.3,97.64,1.94,TNP_0009,2,2016
2016-03-12 23:00:00+00:00,0.0,0.0,22.06,98.65,1.85,TNP_0009,2,2016
2016-03-13 00:00:00+00:00,0.0,0.0,21.99,98.38,1.7,TNP_0009,2,2016
2016-03-13 01:00:00+00:00,75.22,90.18,23.85,87.35,2.12,TNP_0009,2,2016
2016-03-13 02:00:00+00:00,272.23,327.73,26.65,70.04,2.66,TNP_0009,2,2016
2016-03-13 03:00:00+00:00,504.83,569.9,29.86,53.43,3.02,TNP_0009,2,2016
2016-03-13 04:00:00+00:00,744.9,773.7,32.49,44.6,2.88,TNP_0009,2,2016
2016-03-13 05:00:00+00:00,908.22,917.28,34.51,39.41,2.45,TNP_0009,2,2016
2016-03-13 06:00:00+00:00,956.08,974.22,36.05,35.73,2.04,TNP_0009,2,2016
2016-03-13 07:00:00+00:00,893.95,963.92,36.96,33.25,1.98,TNP_0009,2,2016
2016-03-13 08:00:00+00:00,801.7,873.03,37.33,31.7,2.21,TNP_0009,2,2016
2016-03-13 09:00:00+00:00,638.8,710.35,37.11,31.39,2.47,TNP_0009,2,2016
2016-03-13 10:00:00+00:00,448.17,493.2,36.54,31.96,3.02,TNP_0009,2,2016
2016-03-13 11:00:00+00:00,209.93,248.43,35.23,34.98,3.78,TNP_0009,2,2016
2016-03-13 12:00:00+00:00,34.05,38.33,31.94,46.3,3.82,TNP_0009,2,2016
2016-03-13 13:00:00+00:00,0.0,0.0,29.63,54.14,4.88,TNP_0009,2,2016
2016-03-13 14:00:00+00:00,0.0,0.0,28.02,62.35,5.43,TNP_0009,2,2016
2016-03-13 15:00:00+00:00,0.0,0.0,26.61,71.09,4.95,TNP_0009,2,2016
2016-03-13 16:00:00+00:00,0.0,0.0,25.73,77.32,3.99,TNP_0009,2,2016
2016-03-13 17:00:00+00:00,0.0,0.0,25.13,81.87,3.12,TNP_0009,2,2016
2016-03-13 18:00:00+00:00,0.0,0.0,24.7,85.36,2.7,TNP_0009,2,2016
2016-03-13 19:00:00+00:00,0.0,0.0,24.37,88.28,2.55,TNP_0009,2,2016
2016-03-13 20:00:00+00:00,0.0,0.0,24.15,90.38,2.59,TNP_0009,2,2016
2016-03-13 21:00:00+00:00,0.0,0.0,23.99,91.9,2.43,TNP_0009,2,2016
2016-03-13 22:00:00+00:00,0.0,0.0,23.8,93.43,2.29,TNP_0009,2,2016
2016-03-13 23:00:00+00:00,0.0,0.0,23.7,94.31,2.38,TNP_0009,2,2016
2016-03-14 00:00:00+00:00,0.0,0.0,23.65,94.84,2.35,TNP_0009,2,2016
2016-03-14 01:00:00+00:00,70.95,77.15,24.38,91.18,3.07,TNP_0009,2,2016
2016-03-14 02:00:00+00:00,237.1,300.75,26.07,80.96,3.49,TNP_0009,2,2016
2016-03-14 03:00:00+00:00,484.8,548.47,28.52,65.47,3.25,TNP_0009,2,2016
2016-03-14 04:00:00+00:00,699.7,754.7,31.18,50.47,2.74,TNP_0009,2,2016
2016-03-14 05:00:00+00:00,874.97,901.2,33.15,41.65,2.31,TNP_0009,2,2016
2016-03-14 06:00:00+00:00,888.8,942.7,34.35,37.26,2.18,TNP_0009,2,2016
2016-03-14 07:00:00+00:00,850.97,934.17,35.09,35.11,2.32,TNP_0009,2,2016
2016-03-14 08:00:00+00:00,801.22,844.55,35.43,34.3,2.53,TNP_0009,2,2016
2016-03-14 09:00:00+00:00,677.67,685.2,35.22,34.62,2.84,TNP_0009,2,2016
2016-03-14 10:00:00+00:00,460.05,471.85,34.75,35.46,3.36,TNP_0009,2,2016
2016-03-14 11:00:00+00:00,221.55,233.52,33.72,38.06,3.88,TNP_0009,2,2016
2016-03-14 12:00:00+00:00,34.15,35.67,30.83,48.12,3.73,TNP_0009,2,2016
2016-03-14 13:00:00+00:00,0.0,0.0,28.73,54.14,4.6,TNP_0009,2,2016
2016-03-14 14:00:00+00:00,0.0,0.0,27.41,60.36,5.38,TNP_0009,2,2016
2016-03-14 15:00:00+00:00,0.0,0.0,26.08,69.02,4.75,TNP_0009,2,2016
2016-03-14 16:00:00+00:00,0.0,0.0,25.21,76.09,3.57,TNP_0009,2,2016
2016-03-14 17:00:00+00:00,0.0,0.0,24.64,81.17,2.77,TNP_0009,2,2016
2016-03-14 18:00:00+00:00,0.0,0.0,24.15,84.95,2.36,TNP_0009,2,2016
2016-03-14 19:00:00+00:00,0.0,0.0,23.7,88.18,2.12,TNP_0009,2,2016
2016-03-14 20:00:00+00:00,0.0,0.0,23.31,90.88,2.09,TNP_0009,2,2016
2016-03-14 21:00:00+00:00,0.0,0.0,23.04,92.79,2.04,TNP_0009,2,2016
2016-03-14 22:00:00+00:00,0.0,0.0,22.76,94.4,1.92,TNP_0009,2,2016
2016-03-14 23:00:00+00:00,0.0,0.0,22.47,95.89,1.83,TNP_0009,2,2016
2016-03-15 00:00:00+00:00,0.0,0.0,22.22,97.09,1.75,TNP_0009,2,2016
2016-03-15 01:00:00+00:00,74.22,82.1,23.95,86.63,2.72,TNP_0009,2,2016
2016-03-15 02:00:00+00:00,226.38,308.4,26.63,69.5,3.3,TNP_0009,2,2016
2016-03-15 03:00:00+00:00,469.08,552.6,29.78,51.78,3.51,TNP_0009,2,2016
2016-03-15 04:00:00+00:00,696.92,755.03,32.61,40.87,3.4,TNP_0009,2,2016
2016-03-15 05:00:00+00:00,869.53,899.03,34.81,34.97,3.09,TNP_0009,2,2016
2016-03-15 06:00:00+00:00,944.83,951.15,36.29,31.81,2.81,TNP_0009,2,2016
2016-03-15 07:00:00+00:00,931.6,938.5,37.19,30.12,2.83,TNP_0009,2,2016
2016-03-15 08:00:00+00:00,840.3,846.03,37.45,29.56,3.2,TNP_0009,2,2016
2016-03-15 09:00:00+00:00,674.92,682.5,37.06,30.07,3.77,TNP_0009,2,2016
2016-03-15 10:00:00+00:00,460.15,462.9,35.93,32.14,4.48,TNP_0009,2,2016
2016-03-15 11:00:00+00:00,210.18,226.6,33.95,37.34,5.1,TNP_0009,2,2016
2016-03-15 12:00:00+00:00,31.0,34.4,30.6,48.76,5.31,TNP_0009,2,2016
2016-03-15 13:00:00+00:00,0.0,0.0,28.07,58.08,6.09,TNP_0009,2,2016
2016-03-15 14:00:00+00:00,0.0,0.0,26.3,67.32,5.62,TNP_0009,2,2016
2016-03-15 15:00:00+00:00,0.0,0.0,25.2,75.21,4.26,TNP_0009,2,2016
2016-03-15 16:00:00+00:00,0.0,0.0,24.59,80.92,3.15,TNP_0009,2,2016
2016-03-15 17:00:00+00:00,0.0,0.0,24.18,84.81,2.48,TNP_0009,2,2016
2016-03-15 18:00:00+00:00,0.0,0.0,23.83,87.67,2.18,TNP_0009,2,2016
2016-03-15 19:00:00+00:00,0.0,0.0,23.64,89.26,2.16,TNP_0009,2,2016
2016-03-15 20:00:00+00:00,0.0,0.0,23.5,90.45,2.3,TNP_0009,2,2016
2016-03-15 21:00:00+00:00,0.0,0.0,23.35,91.74,2.14,TNP_0009,2,2016
2016-03-15 22:00:00+00:00,0.0,0.0,23.18,92.93,1.97,TNP_0009,2,2016
2016-03-15 23:00:00+00:00,0.0,0.0,22.98,94.0,1.84,TNP_0009,2,2016
2016-03-16 00:00:00+00:00,0.0,0.0,22.74,95.11,1.74,TNP_0009,2,2016
2016-03-16 01:00:00+00:00,82.2,87.8,23.96,88.27,2.64,TNP_0009,2,2016
2016-03-16 02:00:00+00:00,262.2,314.38,26.46,73.46,2.89,TNP_0009,2,2016
2016-03-16 03:00:00+00:00,477.65,554.2,29.81,55.28,2.76,TNP_0009,2,2016
2016-03-16 04:00:00+00:00,662.42,754.42,32.91,42.76,2.36,TNP_0009,2,2016
2016-03-16 05:00:00+00:00,754.9,894.97,35.2,36.39,1.95,TNP_0009,2,2016
2016-03-16 06:00:00+00:00,915.83,918.95,36.8,32.98,1.88,TNP_0009,2,2016
2016-03-16 07:00:00+00:00,904.15,906.6,37.8,31.0,2.1,TNP_0009,2,2016
2016-03-16 08:00:00+00:00,807.33,813.25,38.19,30.03,2.41,TNP_0009,2,2016
2016-03-16 09:00:00+00:00,632.3,650.28,37.9,30.03,2.75,TNP_0009,2,2016
2016-03-16 10:00:00+00:00,428.3,436.9,36.93,31.23,3.16,TNP_0009,2,2016
2016-03-16 11:00:00+00:00,202.82,212.65,35.14,35.21,3.8,TNP_0009,2,2016
2016-03-16 12:00:00+00:00,29.2,31.42,32.27,45.49,4.31,TNP_0009,2,2016
2016-03-16 13:00:00+00:00,0.0,0.0,30.17,52.38,5.74,TNP_0009,2,2016
2016-03-16 14:00:00+00:00,0.0,0.0,28.4,61.02,6.12,TNP_0009,2,2016
2016-03-16 15:00:00+00:00,0.0,0.0,27.03,69.26,5.41,TNP_0009,2,2016
2016-03-16 16:00:00+00:00,0.0,0.0,26.25,74.64,4.8,TNP_0009,2,2016
2016-03-16 17:00:00+00:00,0.0,0.0,25.79,77.9,4.05,TNP_0009,2,2016
2016-03-16 18:00:00+00:00,0.0,0.0,25.43,80.45,3.46,TNP_0009,2,2016
2016-03-16 19:00:00+00:00,0.0,0.0,25.12,82.57,3.05,TNP_0009,2,2016
2016-03-16 20:00:00+00:00,0.0,0.0,24.8,85.15,2.72,TNP_0009,2,2016
2016-03-16 21:00:00+00:00,0.0,0.0,24.45,88.05,2.11,TNP_0009,2,2016
2016-03-16 22:00:00+00:00,0.0,0.0,24.11,90.5,1.86,TNP_0009,2,2016
2016-03-16 23:00:00+00:00,0.0,0.0,23.61,93.4,1.85,TNP_0009,2,2016
2016-03-17 00:00:00+00:00,0.0,0.0,23.31,95.17,1.89,TNP_0009,2,2016
2016-03-17 01:00:00+00:00,74.5,83.47,24.82,87.88,2.81,TNP_0009,2,2016
2016-03-17 02:00:00+00:00,226.9,306.88,27.47,71.98,2.95,TNP_0009,2,2016
2016-03-17 03:00:00+00:00,474.1,550.1,31.09,48.85,2.59,TNP_0009,2,2016
2016-03-17 04:00:00+00:00,657.88,753.97,34.52,33.58,2.09,TNP_0009,2,2016
2016-03-17 05:00:00+00:00,798.75,897.62,36.66,28.76,1.78,TNP_0009,2,2016
2016-03-17 06:00:00+00:00,820.8,900.2,38.01,26.53,1.79,TNP_0009,2,2016
2016-03-17 07:00:00+00:00,803.97,886.1,38.73,25.43,1.99,TNP_0009,2,2016
2016-03-17 08:00:00+00:00,772.88,794.53,38.89,25.14,2.22,TNP_0009,2,2016
2016-03-17 09:00:00+00:00,618.72,631.08,38.53,25.52,2.56,TNP_0009,2,2016
2016-03-17 10:00:00+00:00,415.0,420.7,37.49,26.89,3.19,TNP_0009,2,2016
2016-03-17 11:00:00+00:00,199.95,202.65,35.95,29.78,3.95,TNP_0009,2,2016
2016-03-17 12:00:00+00:00,29.27,29.62,32.8,39.58,4.01,TNP_0009,2,2016
2016-03-17 13:00:00+00:00,0.0,0.0,30.51,46.15,5.02,TNP_0009,2,2016
2016-03-17 14:00:00+00:00,0.0,0.0,28.73,54.09,5.34,TNP_0009,2,2016
2016-03-17 15:00:00+00:00,0.0,0.0,27.25,62.78,4.64,TNP_0009,2,2016
2016-03-17 16:00:00+00:00,0.0,0.0,26.27,69.77,3.51,TNP_0009,2,2016
2016-03-17 17:00:00+00:00,0.0,0.0,25.51,75.55,2.47,TNP_0009,2,2016
2016-03-17 18:00:00+00:00,0.0,0.0,24.92,79.73,1.87,TNP_0009,2,2016
2016-03-17 19:00:00+00:00,0.0,0.0,24.52,82.4,1.64,TNP_0009,2,2016
2016-03-17 20:00:00+00:00,0.0,0.0,24.08,84.96,1.54,TNP_0009,2,2016
2016-03-17 21:00:00+00:00,0.0,0.0,23.58,87.41,1.51,TNP_0009,2,2016
2016-03-17 22:00:00+00:00,0.0,0.0,23.06,89.87,1.65,TNP_0009,2,2016
2016-03-17 23:00:00+00:00,0.0,0.0,22.67,91.26,1.75,TNP_0009,2,2016
2016-03-18 00:00:00+00:00,0.0,0.0,22.4,91.46,1.81,TNP_0009,2,2016
2016-03-18 01:00:00+00:00,66.25,77.0,24.42,78.68,2.63,TNP_0009,2,2016
2016-03-18 02:00:00+00:00,193.12,279.52,27.75,55.63,2.63,TNP_0009,2,2016
2016-03-18 03:00:00+00:00,425.02,520.12,31.74,35.19,2.69,TNP_0009,2,2016
2016-03-18 04:00:00+00:00,689.92,722.9,34.77,27.97,2.73,TNP_0009,2,2016
2016-03-18 05:00:00+00:00,866.88,871.17,36.76,25.61,2.4,TNP_0009,2,2016
2016-03-18 06:00:00+00:00,932.47,939.1,38.1,24.37,2.25,TNP_0009,2,2016
2016-03-18 07:00:00+00:00,924.83,930.3,38.9,23.44,2.53,TNP_0009,2,2016
2016-03-18 08:00:00+00:00,837.6,839.92,39.15,23.01,2.97,TNP_0009,2,2016
2016-03-18 09:00:00+00:00,672.88,677.9,38.83,23.21,3.49,TNP_0009,2,2016
2016-03-18 10:00:00+00:00,456.0,457.33,37.8,24.36,4.25,TNP_0009,2,2016
2016-03-18 11:00:00+00:00,219.68,220.5,35.96,27.34,5.09,TNP_0009,2,2016
2016-03-18 12:00:00+00:00,34.88,35.1,32.66,35.28,5.12,TNP_0009,2,2016
2016-03-18 13:00:00+00:00,0.0,0.0,30.04,43.04,5.75,TNP_0009,2,2016
2016-03-18 14:00:00+00:00,0.0,0.0,28.09,51.36,5.36,TNP_0009,2,2016
2016-03-18 15:00:00+00:00,0.0,0.0,26.6,59.81,4.15,TNP_0009,2,2016
2016-03-18 16:00:00+00:00,0.0,0.0,25.46,67.54,2.94,TNP_0009,2,2016
2016-03-18 17:00:00+00:00,0.0,0.0,24.59,73.88,2.25,TNP_0009,2,2016
2016-03-18 18:00:00+00:00,0.0,0.0,23.86,78.87,2.02,TNP_0009,2,2016
2016-03-18 19:00:00+00:00,0.0,0.0,23.24,82.79,2.02,TNP_0009,2,2016
2016-03-18 20:00:00+00:00,0.0,0.0,22.73,85.44,2.15,TNP_0009,2,2016
2016-03-18 21:00:00+00:00,0.0,0.0,22.34,86.6,2.33,TNP_0009,2,2016
2016-03-18 22:00:00+00:00,0.0,0.0,22.07,86.23,2.49,TNP_0009,2,2016
2016-03-18 23:00:00+00:00,0.0,0.0,21.88,84.73,2.67,TNP_0009,2,2016
2016-03-19 00:00:00+00:00,0.0,0.0,21.74,82.47,2.84,TNP_0009,2,2016
2016-03-19 01:00:00+00:00,95.75,98.72,24.09,68.53,4.1,TNP_0009,2,2016
2016-03-19 02:00:00+00:00,317.5,332.62,27.94,47.85,4.2,TNP_0009,2,2016
2016-03-19 03:00:00+00:00,552.8,577.15,32.7,26.0,4.52,TNP_0009,2,2016
2016-03-19 04:00:00+00:00,779.33,782.33,35.76,20.0,4.39,TNP_0009,2,2016
2016-03-19 05:00:00+00:00,924.62,925.05,37.76,18.35,3.71,TNP_0009,2,2016
2016-03-19 06:00:00+00:00,995.6,997.35,39.18,17.64,2.87,TNP_0009,2,2016
2016-03-19 07:00:00+00:00,980.28,982.88,40.06,17.42,2.17,TNP_0009,2,2016
2016-03-19 08:00:00+00:00,887.22,888.0,40.38,17.39,1.78,TNP_0009,2,2016
2016-03-19 09:00:00+00:00,716.2,720.88,40.18,17.54,1.59,TNP_0009,2,2016
2016-03-19 10:00:00+00:00,494.88,498.42,39.42,18.07,1.89,TNP_0009,2,2016
2016-03-19 11:00:00+00:00,246.15,248.82,37.86,20.2,2.63,TNP_0009,2,2016
2016-03-19 12:00:00+00:00,38.45,38.72,33.6,32.18,3.34,TNP_0009,2,2016
2016-03-19 13:00:00+00:00,0.0,0.0,30.4,38.04,4.43,TNP_0009,2,2016
2016-03-19 14:00:00+00:00,0.0,0.0,28.47,45.95,4.77,TNP_0009,2,2016
2016-03-19 15:00:00+00:00,0.0,0.0,26.75,56.86,4.59,TNP_0009,2,2016
2016-03-19 16:00:00+00:00,0.0,0.0,25.61,66.79,4.07,TNP_0009,2,2016
2016-03-19 17:00:00+00:00,0.0,0.0,24.86,73.91,3.5,TNP_0009,2,2016
2016-03-19 18:00:00+00:00,0.0,0.0,24.25,78.58,3.09,TNP_0009,2,2016
2016-03-19 19:00:00+00:00,0.0,0.0,23.71,81.66,2.9,TNP_0009,2,2016
2016-03-19 20:00:00+00:00,0.0,0.0,23.22,84.07,2.88,TNP_0009,2,2016
2016-03-19 21:00:00+00:00,0.0,0.0,22.77,85.93,2.82,TNP_0009,2,2016
2016-03-19 22:00:00+00:00,0.0,0.0,22.36,87.12,2.85,TNP_0009,2,2016
2016-03-19 23:00:00+00:00,0.0,0.0,22.0,87.44,2.91,TNP_0009,2,2016
2016-03-20 00:00:00+00:00,0.0,0.0,21.73,86.75,2.99,TNP_0009,2,2016
2016-03-20 01:00:00+00:00,96.32,97.5,23.82,74.31,4.2,TNP_0009,2,2016
2016-03-20 02:00:00+00:00,314.27,326.12,27.7,52.95,4.77,TNP_0009,2,2016
2016-03-20 03:00:00+00:00,547.75,570.65,31.71,34.72,5.12,TNP_0009,2,2016
2016-03-20 04:00:00+00:00,776.65,777.7,34.9,25.58,4.78,TNP_0009,2,2016
2016-03-20 05:00:00+00:00,920.53,922.53,37.27,21.95,3.97,TNP_0009,2,2016
2016-03-20 06:00:00+00:00,976.55,979.05,38.9,20.29,3.15,TNP_0009,2,2016
2016-03-20 07:00:00+00:00,963.25,964.75,39.85,19.64,2.69,TNP_0009,2,2016
2016-03-20 08:00:00+00:00,866.67,870.67,40.19,19.71,2.69,TNP_0009,2,2016
2016-03-20 09:00:00+00:00,699.72,704.5,39.89,20.18,2.86,TNP_0009,2,2016
2016-03-20 10:00:00+00:00,479.42,483.8,39.04,21.05,3.23,TNP_0009,2,2016
2016-03-20 11:00:00+00:00,234.25,238.27,37.4,23.69,3.89,TNP_0009,2,2016
2016-03-20 12:00:00+00:00,35.78,36.17,33.68,33.48,4.09,TNP_0009,2,2016
2016-03-20 13:00:00+00:00,0.0,0.0,31.07,40.9,5.25,TNP_0009,2,2016
2016-03-20 14:00:00+00:00,0.0,0.0,29.15,49.85,5.23,TNP_0009,2,2016
2016-03-20 15:00:00+00:00,0.0,0.0,27.6,58.65,4.52,TNP_0009,2,2016
2016-03-20 16:00:00+00:00,0.0,0.0,26.51,65.62,3.83,TNP_0009,2,2016
2016-03-20 17:00:00+00:00,0.0,0.0,25.7,70.86,3.42,TNP_0009,2,2016
2016-03-20 18:00:00+00:00,0.0,0.0,25.02,74.79,3.3,TNP_0009,2,2016
2016-03-20 19:00:00+00:00,0.0,0.0,24.41,77.62,3.23,TNP_0009,2,2016
2016-03-20 20:00:00+00:00,0.0,0.0,23.83,79.64,3.15,TNP_0009,2,2016
2016-03-20 21:00:00+00:00,0.0,0.0,23.3,80.4,3.01,TNP_0009,2,2016
2016-03-20 22:00:00+00:00,0.0,0.0,22.89,79.51,2.89,TNP_0009,2,2016
2016-03-20 23:00:00+00:00,0.0,0.0,22.56,77.34,2.84,TNP_0009,2,2016
2016-03-21 00:00:00+00:00,0.0,0.0,22.33,74.49,2.82,TNP_0009,2,2016
2016-03-21 01:00:00+00:00,88.07,96.82,24.8,61.1,3.57,TNP_0009,2,2016
2016-03-21 02:00:00+00:00,278.52,321.23,28.66,42.79,3.75,TNP_0009,2,2016
2016-03-21 03:00:00+00:00,502.05,563.28,33.17,26.93,3.46,TNP_0009,2,2016
2016-03-21 04:00:00+00:00,737.15,768.12,36.41,20.61,2.71,TNP_0009,2,2016
2016-03-21 05:00:00+00:00,889.53,911.62,38.58,18.76,1.91,TNP_0009,2,2016
2016-03-21 06:00:00+00:00,927.53,956.15,40.03,18.03,1.62,TNP_0009,2,2016
2016-03-21 07:00:00+00:00,902.15,941.7,40.83,17.72,1.76,TNP_0009,2,2016
2016-03-21 08:00:00+00:00,806.3,844.78,41.11,17.67,2.1,TNP_0009,2,2016
2016-03-21 09:00:00+00:00,651.97,676.62,40.79,17.94,2.48,TNP_0009,2,2016
2016-03-21 10:00:00+00:00,443.67,455.55,39.9,18.61,2.95,TNP_0009,2,2016
2016-03-21 11:00:00+00:00,208.9,215.32,38.22,21.07,3.71,TNP_0009,2,2016
2016-03-21 12:00:00+00:00,32.2,32.53,34.51,30.55,4.3,TNP_0009,2,2016
2016-03-21 13:00:00+00:00,0.0,0.0,31.72,37.8,5.56,TNP_0009,2,2016
2016-03-21 14:00:00+00:00,0.0,0.0,29.74,46.36,5.61,TNP_0009,2,2016
2016-03-21 15:00:00+00:00,0.0,0.0,28.35,53.92,4.82,TNP_0009,2,2016
2016-03-21 16:00:00+00:00,0.0,0.0,27.48,58.86,4.08,TNP_0009,2,2016
2016-03-21 17:00:00+00:00,0.0,0.0,26.88,62.06,3.75,TNP_0009,2,2016
2016-03-21 18:00:00+00:00,0.0,0.0,26.45,63.6,3.77,TNP_0009,2,2016
2016-03-21 19:00:00+00:00,0.0,0.0,26.05,64.24,3.8,TNP_0009,2,2016
2016-03-21 20:00:00+00:00,0.0,0.0,25.65,64.55,3.83,TNP_0009,2,2016
2016-03-21 21:00:00+00:00,0.0,0.0,25.15,65.3,3.77,TNP_0009,2,2016
2016-03-21 22:00:00+00:00,0.0,0.0,24.61,66.5,3.71,TNP_0009,2,2016
2016-03-21 23:00:00+00:00,0.0,0.0,24.28,67.04,3.73,TNP_0009,2,2016
2016-03-22 00:00:00+00:00,0.0,0.0,24.08,67.39,3.68,TNP_0009,2,2016
2016-03-22 01:00:00+00:00,77.0,87.88,26.07,59.31,4.61,TNP_0009,2,2016
2016-03-22 02:00:00+00:00,243.48,292.65,29.84,46.01,5.05,TNP_0009,2,2016
2016-03-22 03:00:00+00:00,470.12,512.47,33.79,33.39,5.07,TNP_0009,2,2016
2016-03-22 04:00:00+00:00,638.1,672.53,36.69,26.66,4.45,TNP_0009,2,2016
2016-03-22 05:00:00+00:00,774.9,790.8,38.79,23.34,3.58,TNP_0009,2,2016
2016-03-22 06:00:00+00:00,904.38,978.03,40.28,21.51,2.74,TNP_0009,2,2016
2016-03-22 07:00:00+00:00,882.1,917.53,41.21,20.46,2.16,TNP_0009,2,2016
2016-03-22 08:00:00+00:00,787.6,795.08,41.55,20.09,1.96,TNP_0009,2,2016
2016-03-22 09:00:00+00:00,614.05,622.58,41.29,20.23,2.1,TNP_0009,2,2016
2016-03-22 10:00:00+00:00,397.52,403.52,40.51,21.02,2.59,TNP_0009,2,2016
2016-03-22 11:00:00+00:00,189.55,192.1,38.55,24.88,3.45,TNP_0009,2,2016
2016-03-22 12:00:00+00:00,30.2,30.73,35.32,34.19,4.61,TNP_0009,2,2016
2016-03-22 13:00:00+00:00,0.0,0.0,32.62,43.45,5.86,TNP_0009,2,2016
2016-03-22 14:00:00+00:00,0.0,0.0,30.53,55.05,5.74,TNP_0009,2,2016
2016-03-22 15:00:00+00:00,0.0,0.0,29.17,65.18,5.09,TNP_0009,2,2016
2016-03-22 16:00:00+00:00,0.0,0.0,28.33,72.65,4.2,TNP_0009,2,2016
2016-03-22 17:00:00+00:00,0.0,0.0,27.78,77.67,3.49,TNP_0009,2,2016
2016-03-22 18:00:00+00:00,0.0,0.0,27.31,81.24,3.05,TNP_0009,2,2016
2016-03-22 19:00:00+00:00,0.0,0.0,26.84,84.24,2.58,TNP_0009,2,2016
2016-03-22 20:00:00+00:00,0.0,0.0,26.37,86.64,2.39,TNP_0009,2,2016
2016-03-22 21:00:00+00:00,0.0,0.0,25.91,88.4,2.32,TNP_0009,2,2016
2016-03-22 22:00:00+00:00,0.0,0.0,25.52,89.21,2.35,TNP_0009,2,2016
2016-03-22 23:00:00+00:00,0.0,0.0,25.17,89.49,2.37,TNP_0009,2,2016
2016-03-23 00:00:00+00:00,0.0,0.0,24.89,89.34,2.35,TNP_0009,2,2016
2016-03-23 01:00:00+00:00,81.88,82.47,26.68,79.23,3.37,TNP_0009,2,2016
2016-03-23 02:00:00+00:00,279.73,283.02,30.26,60.57,4.27,TNP_0009,2,2016
2016-03-23 03:00:00+00:00,459.45,498.92,33.93,43.52,4.99,TNP_0009,2,2016
2016-03-23 04:00:00+00:00,698.78,702.65,36.54,33.69,4.89,TNP_0009,2,2016
2016-03-23 05:00:00+00:00,842.58,842.75,38.45,28.07,4.31,TNP_0009,2,2016
2016-03-23 06:00:00+00:00,978.22,979.38,39.8,24.86,3.6,TNP_0009,2,2016
2016-03-23 07:00:00+00:00,957.0,959.67,40.59,23.13,3.17,TNP_0009,2,2016
2016-03-23 08:00:00+00:00,857.15,858.3,40.79,22.42,3.2,TNP_0009,2,2016
2016-03-23 09:00:00+00:00,684.62,688.88,40.48,22.39,3.6,TNP_0009,2,2016
2016-03-23 10:00:00+00:00,468.77,473.3,39.43,23.48,4.35,TNP_0009,2,2016
2016-03-23 11:00:00+00:00,226.93,230.6,37.62,26.52,5.3,TNP_0009,2,2016
2016-03-23 12:00:00+00:00,34.97,35.47,34.68,33.93,5.85,TNP_0009,2,2016
2016-03-23 13:00:00+00:00,0.0,0.0,31.87,44.81,6.42,TNP_0009,2,2016
2016-03-23 14:00:00+00:00,0.0,0.0,29.82,57.36,5.83,TNP_0009,2,2016
2016-03-23 15:00:00+00:00,0.0,0.0,28.57,67.23,4.79,TNP_0009,2,2016
2016-03-23 16:00:00+00:00,0.0,0.0,27.74,74.18,3.64,TNP_0009,2,2016
2016-03-23 17:00:00+00:00,0.0,0.0,27.05,79.32,3.0,TNP_0009,2,2016
2016-03-23 18:00:00+00:00,0.0,0.0,26.37,84.2,2.51,TNP_0009,2,2016
2016-03-23 19:00:00+00:00,0.0,0.0,25.85,88.14,2.37,TNP_0009,2,2016
2016-03-23 20:00:00+00:00,0.0,0.0,25.61,90.03,2.64,TNP_0009,2,2016
2016-03-23 21:00:00+00:00,0.0,0.0,25.39,91.52,2.6,TNP_0009,2,2016
2016-03-23 22:00:00+00:00,0.0,0.0,25.2,92.66,2.56,TNP_0009,2,2016
2016-03-23 23:00:00+00:00,0.0,0.0,24.99,93.73,2.43,TNP_0009,2,2016
2016-03-24 00:00:00+00:00,0.0,0.0,24.84,94.35,2.41,TNP_0009,2,2016
2016-03-24 01:00:00+00:00,98.47,106.47,26.29,84.76,3.85,TNP_0009,2,2016
2016-03-24 02:00:00+00:00,280.88,332.38,28.67,69.3,4.39,TNP_0009,2,2016
2016-03-24 03:00:00+00:00,496.08,571.95,31.54,53.14,4.22,TNP_0009,2,2016
2016-03-24 04:00:00+00:00,721.62,774.67,34.42,38.98,3.67,TNP_0009,2,2016
2016-03-24 05:00:00+00:00,889.85,913.28,36.8,29.83,3.19,TNP_0009,2,2016
2016-03-24 06:00:00+00:00,957.75,963.58,38.44,24.84,2.95,TNP_0009,2,2016
2016-03-24 07:00:00+00:00,937.72,948.55,39.42,22.09,3.01,TNP_0009,2,2016
2016-03-24 08:00:00+00:00,847.53,849.97,39.7,21.03,3.31,TNP_0009,2,2016
2016-03-24 09:00:00+00:00,667.08,676.67,39.33,21.09,3.8,TNP_0009,2,2016
2016-03-24 10:00:00+00:00,440.48,441.95,38.27,22.3,4.57,TNP_0009,2,2016
2016-03-24 11:00:00+00:00,230.35,232.35,36.44,25.24,5.47,TNP_0009,2,2016
2016-03-24 12:00:00+00:00,32.95,33.08,33.42,32.41,5.69,TNP_0009,2,2016
2016-03-24 13:00:00+00:00,0.0,0.0,30.75,41.77,6.07,TNP_0009,2,2016
2016-03-24 14:00:00+00:00,0.0,0.0,28.76,52.67,5.43,TNP_0009,2,2016
2016-03-24 15:00:00+00:00,0.0,0.0,27.33,62.97,4.39,TNP_0009,2,2016
2016-03-24 16:00:00+00:00,0.0,0.0,26.31,71.63,3.54,TNP_0009,2,2016
2016-03-24 17:00:00+00:00,0.0,0.0,25.51,78.59,2.69,TNP_0009,2,2016
2016-03-24 18:00:00+00:00,0.0,0.0,24.78,84.58,1.82,TNP_0009,2,2016
2016-03-24 19:00:00+00:00,0.0,0.0,24.2,89.47,1.37,TNP_0009,2,2016
2016-03-24 20:00:00+00:00,0.0,0.0,23.78,92.93,1.15,TNP_0009,2,2016
2016-03-24 21:00:00+00:00,0.0,0.0,23.43,95.44,1.13,TNP_0009,2,2016
2016-03-24 22:00:00+00:00,0.0,0.0,23.07,97.62,1.42,TNP_0009,2,2016
2016-03-24 23:00:00+00:00,0.0,0.0,22.71,99.6,1.74,TNP_0009,2,2016
2016-03-25 00:00:00+00:00,0.0,0.0,22.44,100.0,1.94,TNP_0009,2,2016
2016-03-25 01:00:00+00:00,99.07,103.1,24.59,87.2,3.27,TNP_0009,2,2016
2016-03-25 02:00:00+00:00,286.1,323.6,27.14,69.08,3.84,TNP_0009,2,2016
2016-03-25 03:00:00+00:00,514.67,570.5,30.13,51.3,4.03,TNP_0009,2,2016
2016-03-25 04:00:00+00:00,774.8,777.05,33.15,37.07,3.86,TNP_0009,2,2016
2016-03-25 05:00:00+00:00,919.28,921.7,35.59,28.16,3.65,TNP_0009,2,2016
2016-03-25 06:00:00+00:00,967.17,968.88,37.26,23.57,3.61,TNP_0009,2,2016
2016-03-25 07:00:00+00:00,952.08,953.83,38.23,21.49,3.77,TNP_0009,2,2016
2016-03-25 08:00:00+00:00,853.92,857.3,38.56,20.74,4.07,TNP_0009,2,2016
2016-03-25 09:00:00+00:00,678.05,688.7,38.15,21.1,4.43,TNP_0009,2,2016
2016-03-25 10:00:00+00:00,461.7,466.05,37.05,22.64,4.89,TNP_0009,2,2016
2016-03-25 11:00:00+00:00,221.32,223.6,35.14,26.25,5.34,TNP_0009,2,2016
2016-03-25 12:00:00+00:00,34.15,34.33,31.82,35.75,4.94,TNP_0009,2,2016
2016-03-25 13:00:00+00:00,0.0,0.0,29.12,46.81,5.16,TNP_0009,2,2016
2016-03-25 14:00:00+00:00,0.0,0.0,27.31,57.96,4.94,TNP_0009,2,2016
2016-03-25 15:00:00+00:00,0.0,0.0,25.89,68.54,4.12,TNP_0009,2,2016
2016-03-25 16:00:00+00:00,0.0,0.0,24.87,76.88,3.34,TNP_0009,2,2016
2016-03-25 17:00:00+00:00,0.0,0.0,24.07,83.3,2.86,TNP_0009,2,2016
2016-03-25 18:00:00+00:00,0.0,0.0,23.33,88.74,2.56,TNP_0009,2,2016
2016-03-25 19:00:00+00:00,0.0,0.0,22.68,93.25,2.29,TNP_0009,2,2016
2016-03-25 20:00:00+00:00,0.0,0.0,22.26,95.95,2.07,TNP_0009,2,2016
2016-03-25 21:00:00+00:00,0.0,0.0,21.96,97.52,1.89,TNP_0009,2,2016
2016-03-25 22:00:00+00:00,0.0,0.0,21.62,99.16,1.89,TNP_0009,2,2016
2016-03-25 23:00:00+00:00,0.0,0.0,21.27,100.0,1.92,TNP_0009,2,2016
2016-03-26 00:00:00+00:00,0.0,0.0,20.97,100.0,1.99,TNP_0009,2,2016
2016-03-26 01:00:00+00:00,105.55,109.6,23.08,87.4,3.04,TNP_0009,2,2016
2016-03-26 02:00:00+00:00,307.27,337.12,25.86,68.81,3.35,TNP_0009,2,2016
2016-03-26 03:00:00+00:00,529.3,584.75,29.16,49.04,3.24,TNP_0009,2,2016
2016-03-26 04:00:00+00:00,778.17,793.72,33.04,30.88,2.86,TNP_0009,2,2016
2016-03-26 05:00:00+00:00,939.25,939.9,35.76,22.86,2.89,TNP_0009,2,2016
2016-03-26 06:00:00+00:00,980.47,982.58,37.38,19.79,3.21,TNP_0009,2,2016
2016-03-26 07:00:00+00:00,965.85,967.92,38.29,18.28,3.67,TNP_0009,2,2016
2016-03-26 08:00:00+00:00,871.33,872.2,38.59,17.57,4.07,TNP_0009,2,2016
2016-03-26 09:00:00+00:00,697.08,704.08,38.28,17.59,4.36,TNP_0009,2,2016
2016-03-26 10:00:00+00:00,475.95,477.58,37.26,18.46,4.64,TNP_0009,2,2016
2016-03-26 11:00:00+00:00,230.57,231.68,35.47,21.05,4.84,TNP_0009,2,2016
2016-03-26 12:00:00+00:00,37.53,37.62,31.67,30.74,3.94,TNP_0009,2,2016
2016-03-26 13:00:00+00:00,0.0,0.0,28.78,40.59,4.39,TNP_0009,2,2016
2016-03-26 14:00:00+00:00,0.0,0.0,27.09,51.0,4.51,TNP_0009,2,2016
2016-03-26 15:00:00+00:00,0.0,0.0,25.59,62.87,4.02,TNP_0009,2,2016
2016-03-26 16:00:00+00:00,0.0,0.0,24.46,73.55,3.39,TNP_0009,2,2016
2016-03-26 17:00:00+00:00,0.0,0.0,23.54,82.52,2.84,TNP_0009,2,2016
2016-03-26 18:00:00+00:00,0.0,0.0,22.7,90.06,2.36,TNP_0009,2,2016
2016-03-26 19:00:00+00:00,0.0,0.0,21.99,95.92,2.11,TNP_0009,2,2016
2016-03-26 20:00:00+00:00,0.0,0.0,21.44,99.89,2.01,TNP_0009,2,2016
2016-03-26 21:00:00+00:00,0.0,0.0,21.07,100.0,1.94,TNP_0009,2,2016
2016-03-26 22:00:00+00:00,0.0,0.0,20.8,100.0,1.93,TNP_0009,2,2016
2016-03-26 23:00:00+00:00,0.0,0.0,20.52,100.0,1.99,TNP_0009,2,2016
2016-03-27 00:00:00+00:00,0.0,0.0,20.3,100.0,2.08,TNP_0009,2,2016
2016-03-27 01:00:00+00:00,118.18,126.05,22.75,89.0,3.15,TNP_0009,2,2016
2016-03-27 02:00:00+00:00,327.17,365.98,25.82,67.42,4.03,TNP_0009,2,2016
2016-03-27 03:00:00+00:00,543.7,615.0,29.2,44.88,4.25,TNP_0009,2,2016
2016-03-27 04:00:00+00:00,816.28,820.2,32.23,31.64,4.18,TNP_0009,2,2016
2016-03-27 05:00:00+00:00,956.33,959.62,34.74,24.56,3.95,TNP_0009,2,2016
2016-03-27 06:00:00+00:00,989.6,991.78,36.65,20.38,3.71,TNP_0009,2,2016
2016-03-27 07:00:00+00:00,974.95,975.67,37.93,17.98,3.55,TNP_0009,2,2016
2016-03-27 08:00:00+00:00,874.65,877.9,38.51,16.99,3.54,TNP_0009,2,2016
2016-03-27 09:00:00+00:00,703.45,708.25,38.34,17.06,3.64,TNP_0009,2,2016
2016-03-27 10:00:00+00:00,481.08,482.98,37.48,18.11,3.96,TNP_0009,2,2016
2016-03-27 11:00:00+00:00,235.77,236.93,35.69,21.54,4.43,TNP_0009,2,2016
2016-03-27 12:00:00+00:00,37.75,37.9,31.7,33.43,4.2,TNP_0009,2,2016
2016-03-27 13:00:00+00:00,0.0,0.0,28.84,45.68,5.06,TNP_0009,2,2016
2016-03-27 14:00:00+00:00,0.0,0.0,27.2,58.12,5.56,TNP_0009,2,2016
2016-03-27 15:00:00+00:00,0.0,0.0,25.79,69.76,4.89,TNP_0009,2,2016
2016-03-27 16:00:00+00:00,0.0,0.0,24.87,77.43,3.84,TNP_0009,2,2016
2016-03-27 17:00:00+00:00,0.0,0.0,24.08,82.89,2.83,TNP_0009,2,2016
2016-03-27 18:00:00+00:00,0.0,0.0,23.31,87.76,2.18,TNP_0009,2,2016
2016-03-27 19:00:00+00:00,0.0,0.0,22.61,92.19,1.85,TNP_0009,2,2016
2016-03-27 20:00:00+00:00,0.0,0.0,22.07,95.62,1.78,TNP_0009,2,2016
2016-03-27 21:00:00+00:00,0.0,0.0,21.71,97.77,1.71,TNP_0009,2,2016
2016-03-27 22:00:00+00:00,0.0,0.0,21.4,99.54,1.78,TNP_0009,2,2016
2016-03-27 23:00:00+00:00,0.0,0.0,21.11,100.0,1.9,TNP_0009,2,2016
2016-03-28 00:00:00+00:00,0.0,0.0,21.12,100.0,1.93,TNP_0009,2,2016
2016-03-28 01:00:00+00:00,111.2,124.6,23.71,86.06,2.83,TNP_0009,2,2016
2016-03-28 02:00:00+00:00,279.35,360.35,26.71,68.8,2.98,TNP_0009,2,2016
2016-03-28 03:00:00+00:00,518.62,605.85,29.71,53.08,2.65,TNP_0009,2,2016
2016-03-28 04:00:00+00:00,760.58,811.65,33.06,37.27,2.24,TNP_0009,2,2016
2016-03-28 05:00:00+00:00,899.7,951.85,35.82,27.36,2.27,TNP_0009,2,2016
2016-03-28 06:00:00+00:00,990.35,998.5,37.67,22.46,2.82,TNP_0009,2,2016
2016-03-28 07:00:00+00:00,963.5,982.88,38.74,20.19,3.65,TNP_0009,2,2016
2016-03-28 08:00:00+00:00,862.1,887.12,39.09,19.54,4.53,TNP_0009,2,2016
2016-03-28 09:00:00+00:00,687.0,719.58,38.68,20.16,5.18,TNP_0009,2,2016
2016-03-28 10:00:00+00:00,469.3,497.45,37.5,22.21,5.58,TNP_0009,2,2016
2016-03-28 11:00:00+00:00,234.48,248.95,35.47,26.79,5.98,TNP_0009,2,2016
2016-03-28 12:00:00+00:00,38.08,38.92,32.23,36.99,5.81,TNP_0009,2,2016
2016-03-28 13:00:00+00:00,0.0,0.0,29.45,50.65,6.0,TNP_0009,2,2016
2016-03-28 14:00:00+00:00,0.0,0.0,27.71,63.15,5.58,TNP_0009,2,2016
2016-03-28 15:00:00+00:00,0.0,0.0,26.51,73.2,4.84,TNP_0009,2,2016
2016-03-28 16:00:00+00:00,0.0,0.0,25.74,80.35,4.27,TNP_0009,2,2016
2016-03-28 17:00:00+00:00,0.0,0.0,25.37,84.95,3.98,TNP_0009,2,2016
2016-03-28 18:00:00+00:00,0.0,0.0,25.18,87.37,3.51,TNP_0009,2,2016
2016-03-28 19:00:00+00:00,0.0,0.0,24.94,89.37,2.94,TNP_0009,2,2016
2016-03-28 20:00:00+00:00,0.0,0.0,24.71,91.11,2.47,TNP_0009,2,2016
2016-03-28 21:00:00+00:00,0.0,0.0,24.47,92.45,2.09,TNP_0009,2,2016
2016-03-28 22:00:00+00:00,0.0,0.0,24.15,94.31,1.96,TNP_0009,2,2016
2016-03-28 23:00:00+00:00,0.0,0.0,24.03,94.95,1.92,TNP_0009,2,2016
2016-03-29 00:00:00+00:00,0.0,0.0,23.79,96.2,1.91,TNP_0009,2,2016
2016-03-29 01:00:00+00:00,105.25,133.98,25.79,84.05,3.21,TNP_0009,2,2016
2016-03-29 02:00:00+00:00,261.12,370.62,28.5,66.43,3.75,TNP_0009,2,2016
2016-03-29 03:00:00+00:00,520.55,612.88,31.01,54.4,3.67,TNP_0009,2,2016
2016-03-29 04:00:00+00:00,799.22,811.5,33.49,43.89,3.65,TNP_0009,2,2016
2016-03-29 05:00:00+00:00,877.65,951.3,35.74,35.22,3.6,TNP_0009,2,2016
2016-03-29 06:00:00+00:00,966.12,1012.88,37.44,29.52,3.56,TNP_0009,2,2016
2016-03-29 07:00:00+00:00,904.1,998.3,38.44,26.36,3.68,TNP_0009,2,2016
2016-03-29 08:00:00+00:00,864.85,902.42,38.76,25.15,4.02,TNP_0009,2,2016
2016-03-29 09:00:00+00:00,713.28,736.08,38.37,25.69,4.45,TNP_0009,2,2016
2016-03-29 10:00:00+00:00,507.4,514.72,37.28,27.93,5.0,TNP_0009,2,2016
2016-03-29 11:00:00+00:00,252.23,263.85,35.48,32.34,5.47,TNP_0009,2,2016
2016-03-29 12:00:00+00:00,40.65,42.8,32.79,41.08,5.24,TNP_0009,2,2016
2016-03-29 13:00:00+00:00,0.0,0.0,30.5,51.76,5.45,TNP_0009,2,2016
2016-03-29 14:00:00+00:00,0.0,0.0,29.05,60.91,5.18,TNP_0009,2,2016
2016-03-29 15:00:00+00:00,0.0,0.0,27.87,68.74,4.27,TNP_0009,2,2016
2016-03-29 16:00:00+00:00,0.0,0.0,26.88,75.34,3.58,TNP_0009,2,2016
2016-03-29 17:00:00+00:00,0.0,0.0,26.03,81.22,3.01,TNP_0009,2,2016
2016-03-29 18:00:00+00:00,0.0,0.0,25.2,87.16,2.45,TNP_0009,2,2016
2016-03-29 19:00:00+00:00,0.0,0.0,24.41,92.93,1.97,TNP_0009,2,2016
2016-03-29 20:00:00+00:00,0.0,0.0,23.88,96.76,1.76,TNP_0009,2,2016
2016-03-29 21:00:00+00:00,0.0,0.0,23.57,98.66,1.71,TNP_0009,2,2016
2016-03-29 22:00:00+00:00,0.0,0.0,23.3,99.96,1.81,TNP_0009,2,2016
2016-03-29 23:00:00+00:00,0.0,0.0,23.08,100.0,1.95,TNP_0009,2,2016
2016-03-30 00:00:00+00:00,3.28,3.3,22.95,100.0,2.15,TNP_0009,2,2016
2016-03-30 01:00:00+00:00,107.47,119.68,25.24,86.73,3.6,TNP_0009,2,2016
2016-03-30 02:00:00+00:00,294.77,357.25,27.94,67.75,4.04,TNP_0009,2,2016
2016-03-30 03:00:00+00:00,527.25,604.45,31.08,49.58,4.19,TNP_0009,2,2016
2016-03-30 04:00:00+00:00,737.9,806.7,34.11,36.33,4.26,TNP_0009,2,2016
2016-03-30 05:00:00+00:00,872.38,948.15,36.58,28.44,4.19,TNP_0009,2,2016
2016-03-30 06:00:00+00:00,997.28,1007.38,38.2,24.37,4.2,TNP_0009,2,2016
2016-03-30 07:00:00+00:00,985.75,989.88,39.06,22.48,4.46,TNP_0009,2,2016
2016-03-30 08:00:00+00:00,892.33,894.08,39.2,22.22,4.96,TNP_0009,2,2016
2016-03-30 09:00:00+00:00,718.47,725.45,38.66,23.22,5.38,TNP_0009,2,2016
2016-03-30 10:00:00+00:00,500.58,502.23,37.39,25.43,5.75,TNP_0009,2,2016
2016-03-30 11:00:00+00:00,249.27,251.0,35.44,29.33,6.05,TNP_0009,2,2016
2016-03-30 12:00:00+00:00,40.65,41.0,32.67,36.89,5.67,TNP_0009,2,2016
2016-03-30 13:00:00+00:00,0.0,0.0,30.19,47.04,5.36,TNP_0009,2,2016
2016-03-30 14:00:00+00:00,0.0,0.0,28.61,56.69,4.83,TNP_0009,2,2016
2016-03-30 15:00:00+00:00,0.0,0.0,27.37,65.98,4.18,TNP_0009,2,2016
2016-03-30 16:00:00+00:00,0.0,0.0,26.43,74.0,3.54,TNP_0009,2,2016
2016-03-30 17:00:00+00:00,0.0,0.0,25.64,80.88,2.95,TNP_0009,2,2016
2016-03-30 18:00:00+00:00,0.0,0.0,24.89,87.2,2.36,TNP_0009,2,2016
2016-03-30 19:00:00+00:00,0.0,0.0,24.3,92.21,1.99,TNP_0009,2,2016
2016-03-30 20:00:00+00:00,0.0,0.0,23.95,95.15,1.8,TNP_0009,2,2016
2016-03-30 21:00:00+00:00,0.0,0.0,23.7,96.87,1.72,TNP_0009,2,2016
2016-03-30 22:00:00+00:00,0.0,0.0,23.52,97.59,1.89,TNP_0009,2,2016
2016-03-30 23:00:00+00:00,0.0,0.0,23.34,98.42,1.97,TNP_0009,2,2016
2016-03-31 00:00:00+00:00,2.97,3.45,23.26,98.3,2.08,TNP_0009,2,2016
2016-03-31 01:00:00+00:00,90.47,118.62,25.19,85.25,3.79,TNP_0009,2,2016
2016-03-31 02:00:00+00:00,241.38,351.67,27.76,67.35,4.11,TNP_0009,2,2016
2016-03-31 03:00:00+00:00,512.12,591.45,30.93,48.54,4.1,TNP_0009,2,2016
2016-03-31 04:00:00+00:00,707.55,788.3,33.85,35.85,3.81,TNP_0009,2,2016
2016-03-31 05:00:00+00:00,868.15,927.22,36.09,28.74,3.36,TNP_0009,2,2016
2016-03-31 06:00:00+00:00,958.5,977.67,37.64,24.62,3.19,TNP_0009,2,2016
2016-03-31 07:00:00+00:00,912.7,957.25,38.64,22.26,3.3,TNP_0009,2,2016
2016-03-31 08:00:00+00:00,853.4,860.6,38.99,21.44,3.52,TNP_0009,2,2016
2016-03-31 09:00:00+00:00,690.0,694.78,38.67,21.74,3.83,TNP_0009,2,2016
2016-03-31 10:00:00+00:00,471.2,474.1,37.73,23.09,4.23,TNP_0009,2,2016
2016-03-31 11:00:00+00:00,230.27,232.07,36.09,26.03,4.72,TNP_0009,2,2016
2016-03-31 12:00:00+00:00,37.78,38.0,33.25,33.52,4.47,TNP_0009,2,2016
2016-03-31 13:00:00+00:00,0.0,0.0,30.64,43.43,4.66,TNP_0009,2,2016
2016-03-31 14:00:00+00:00,0.0,0.0,29.05,52.83,4.66,TNP_0009,2,2016
2016-03-31 15:00:00+00:00,0.0,0.0,27.65,62.8,4.2,TNP_0009,2,2016
2016-03-31 16:00:00+00:00,0.0,0.0,26.58,71.63,3.57,TNP_0009,2,2016
2016-03-31 17:00:00+00:00,0.0,0.0,25.66,79.39,2.96,TNP_0009,2,2016
2016-03-31 18:00:00+00:00,0.0,0.0,24.85,86.03,2.38,TNP_0009,2,2016
2016-03-31 19:00:00+00:00,0.0,0.0,24.11,91.67,1.95,TNP_0009,2,2016
2016-03-31 20:00:00+00:00,0.0,0.0,23.55,95.59,1.84,TNP_0009,2,2016
2016-03-31 21:00:00+00:00,0.0,0.0,23.2,97.88,1.9,TNP_0009,2,2016
2016-03-31 22:00:00+00:00,0.0,0.0,23.05,98.34,2.03,TNP_0009,2,2016
2016-03-31 23:00:00+00:00,0.0,0.0,22.94,98.33,2.29,TNP_0009,2,2016
2016-04-01 00:00:00+00:00,3.92,3.97,22.93,97.73,2.57,TNP_0009,2,2016
2016-04-01 01:00:00+00:00,116.93,138.02,24.87,84.82,4.46,TNP_0009,2,2016
2016-04-01 02:00:00+00:00,325.62,386.4,27.53,67.22,4.83,TNP_0009,2,2016
2016-04-01 03:00:00+00:00,562.33,627.75,30.7,48.96,4.65,TNP_0009,2,2016
2016-04-01 04:00:00+00:00,810.28,827.65,33.73,35.23,4.26,TNP_0009,2,2016
2016-04-01 05:00:00+00:00,877.38,963.5,36.22,27.07,3.77,TNP_0009,2,2016
2016-04-01 06:00:00+00:00,987.45,995.85,38.02,22.58,3.37,TNP_0009,2,2016
2016-04-01 07:00:00+00:00,973.22,976.62,39.14,20.19,3.18,TNP_0009,2,2016
2016-04-01 08:00:00+00:00,875.67,879.6,39.63,19.17,3.3,TNP_0009,2,2016
2016-04-01 09:00:00+00:00,705.22,711.4,39.45,19.27,3.69,TNP_0009,2,2016
2016-04-01 10:00:00+00:00,486.7,488.38,38.55,20.45,4.32,TNP_0009,2,2016
2016-04-01 11:00:00+00:00,238.52,239.93,36.91,23.03,4.96,TNP_0009,2,2016
2016-04-01 12:00:00+00:00,38.45,38.55,33.91,29.91,4.62,TNP_0009,2,2016
2016-04-01 13:00:00+00:00,0.0,0.0,31.12,39.6,4.87,TNP_0009,2,2016
2016-04-01 14:00:00+00:00,0.0,0.0,29.4,49.77,4.9,TNP_0009,2,2016
2016-04-01 15:00:00+00:00,0.0,0.0,27.89,60.56,4.09,TNP_0009,2,2016
2016-04-01 16:00:00+00:00,0.0,0.0,26.76,69.61,3.17,TNP_0009,2,2016
2016-04-01 17:00:00+00:00,0.0,0.0,25.84,77.04,2.5,TNP_0009,2,2016
2016-04-01 18:00:00+00:00,0.0,0.0,25.0,83.45,2.11,TNP_0009,2,2016
2016-04-01 19:00:00+00:00,0.0,0.0,24.27,88.8,1.89,TNP_0009,2,2016
2016-04-01 20:00:00+00:00,0.0,0.0,23.65,93.23,1.85,TNP_0009,2,2016
2016-04-01 21:00:00+00:00,0.0,0.0,23.17,96.63,1.86,TNP_0009,2,2016
2016-04-01 22:00:00+00:00,0.0,0.0,22.87,98.57,1.86,TNP_0009,2,2016
2016-04-01 23:00:00+00:00,0.0,0.0,22.7,99.31,1.9,TNP_0009,2,2016
2016-04-02 00:00:00+00:00,4.12,4.2,22.58,99.54,1.98,TNP_0009,2,2016
2016-04-02 01:00:00+00:00,122.9,134.35,24.75,85.88,3.55,TNP_0009,2,2016
2016-04-02 02:00:00+00:00,329.05,379.4,27.66,67.08,4.05,TNP_0009,2,2016
2016-04-02 03:00:00+00:00,573.3,619.8,31.09,48.27,3.97,TNP_0009,2,2016
2016-04-02 04:00:00+00:00,804.2,819.05,34.43,34.44,3.71,TNP_0009,2,2016
2016-04-02 05:00:00+00:00,942.58,955.05,37.04,26.85,3.54,TNP_0009,2,2016
2016-04-02 06:00:00+00:00,990.4,992.58,38.79,22.81,3.6,TNP_0009,2,2016
2016-04-02 07:00:00+00:00,973.2,975.05,39.87,20.37,3.9,TNP_0009,2,2016
2016-04-02 08:00:00+00:00,874.83,876.08,40.26,19.34,4.31,TNP_0009,2,2016
2016-04-02 09:00:00+00:00,705.83,708.55,39.91,19.35,4.69,TNP_0009,2,2016
2016-04-02 10:00:00+00:00,481.85,483.35,38.93,20.23,5.0,TNP_0009,2,2016
2016-04-02 11:00:00+00:00,239.68,241.7,37.23,22.65,5.16,TNP_0009,2,2016
2016-04-02 12:00:00+00:00,37.85,37.95,34.09,29.72,4.22,TNP_0009,2,2016
2016-04-02 13:00:00+00:00,0.0,0.0,31.18,39.35,4.17,TNP_0009,2,2016
2016-04-02 14:00:00+00:00,0.0,0.0,29.6,48.1,4.17,TNP_0009,2,2016
2016-04-02 15:00:00+00:00,0.0,0.0,28.12,57.62,3.67,TNP_0009,2,2016
2016-04-02 16:00:00+00:00,0.0,0.0,26.94,66.28,3.18,TNP_0009,2,2016
2016-04-02 17:00:00+00:00,0.0,0.0,25.98,74.22,2.87,TNP_0009,2,2016
2016-04-02 18:00:00+00:00,0.0,0.0,25.17,81.53,2.7,TNP_0009,2,2016
2016-04-02 19:00:00+00:00,0.0,0.0,24.48,88.05,2.53,TNP_0009,2,2016
2016-04-02 20:00:00+00:00,0.0,0.0,23.87,93.74,2.3,TNP_0009,2,2016
2016-04-02 21:00:00+00:00,0.0,0.0,23.44,97.47,2.08,TNP_0009,2,2016
2016-04-02 22:00:00+00:00,0.0,0.0,23.12,99.78,2.04,TNP_0009,2,2016
2016-04-02 23:00:00+00:00,0.0,0.0,22.96,100.0,2.11,TNP_0009,2,2016
2016-04-03 00:00:00+00:00,4.1,4.32,22.92,99.91,2.23,TNP_0009,2,2016
2016-04-03 01:00:00+00:00,108.78,126.9,25.17,85.62,3.83,TNP_0009,2,2016
2016-04-03 02:00:00+00:00,286.73,364.3,28.29,65.01,4.68,TNP_0009,2,2016
2016-04-03 03:00:00+00:00,495.45,603.3,31.82,45.41,4.85,TNP_0009,2,2016
2016-04-03 04:00:00+00:00,760.7,802.58,35.03,32.71,4.54,TNP_0009,2,2016
2016-04-03 05:00:00+00:00,935.85,937.97,37.63,25.64,4.03,TNP_0009,2,2016
2016-04-03 06:00:00+00:00,981.4,983.45,39.37,21.78,3.65,TNP_0009,2,2016
2016-04-03 07:00:00+00:00,961.7,966.25,40.34,19.53,3.47,TNP_0009,2,2016
2016-04-03 08:00:00+00:00,866.33,868.88,40.68,18.4,3.5,TNP_0009,2,2016
2016-04-03 09:00:00+00:00,694.6,701.1,40.4,18.15,3.71,TNP_0009,2,2016
2016-04-03 10:00:00+00:00,477.3,481.35,39.46,18.83,4.2,TNP_0009,2,2016
2016-04-03 11:00:00+00:00,228.52,230.27,37.84,20.75,4.72,TNP_0009,2,2016
2016-04-03 12:00:00+00:00,37.72,37.83,34.79,26.6,4.1,TNP_0009,2,2016
2016-04-03 13:00:00+00:00,0.0,0.0,31.92,34.93,4.38,TNP_0009,2,2016
2016-04-03 14:00:00+00:00,0.0,0.0,30.26,43.62,4.45,TNP_0009,2,2016
2016-04-03 15:00:00+00:00,0.0,0.0,28.63,53.77,3.66,TNP_0009,2,2016
2016-04-03 16:00:00+00:00,0.0,0.0,27.38,62.78,2.88,TNP_0009,2,2016
2016-04-03 17:00:00+00:00,0.0,0.0,26.39,70.24,2.27,TNP_0009,2,2016
2016-04-03 18:00:00+00:00,0.0,0.0,25.54,76.49,1.97,TNP_0009,2,2016
2016-04-03 19:00:00+00:00,0.0,0.0,24.78,81.66,1.9,TNP_0009,2,2016
2016-04-03 20:00:00+00:00,0.0,0.0,24.12,86.04,1.95,TNP_0009,2,2016
2016-04-03 21:00:00+00:00,0.0,0.0,23.53,89.87,2.02,TNP_0009,2,2016
2016-04-03 22:00:00+00:00,0.0,0.0,23.03,92.96,2.1,TNP_0009,2,2016
2016-04-03 23:00:00+00:00,0.0,0.0,22.61,95.06,2.2,TNP_0009,2,2016
2016-04-04 00:00:00+00:00,4.62,4.8,22.35,95.72,2.31,TNP_0009,2,2016
2016-04-04 01:00:00+00:00,120.53,132.85,24.72,81.28,3.79,TNP_0009,2,2016
2016-04-04 02:00:00+00:00,325.83,374.02,28.58,57.51,4.34,TNP_0009,2,2016
2016-04-04 03:00:00+00:00,550.95,615.28,32.45,38.26,4.34,TNP_0009,2,2016
2016-04-04 04:00:00+00:00,803.45,814.33,35.59,27.04,4.15,TNP_0009,2,2016
2016-04-04 05:00:00+00:00,933.08,950.4,37.81,21.76,4.01,TNP_0009,2,2016
2016-04-04 06:00:00+00:00,1002.42,1004.55,39.32,18.94,4.07,TNP_0009,2,2016
2016-04-04 07:00:00+00:00,984.97,986.75,40.17,17.32,4.31,TNP_0009,2,2016
2016-04-04 08:00:00+00:00,887.55,888.92,40.38,16.79,4.75,TNP_0009,2,2016
2016-04-04 09:00:00+00:00,717.67,720.4,39.95,17.12,5.05,TNP_0009,2,2016
2016-04-04 10:00:00+00:00,494.83,496.42,38.91,18.07,5.27,TNP_0009,2,2016
2016-04-04 11:00:00+00:00,245.88,246.82,37.22,20.1,5.33,TNP_0009,2,2016
2016-04-04 12:00:00+00:00,40.3,40.5,34.03,26.12,4.0,TNP_0009,2,2016
2016-04-04 13:00:00+00:00,0.0,0.0,30.72,35.96,3.5,TNP_0009,2,2016
2016-04-04 14:00:00+00:00,0.0,0.0,29.09,44.8,3.43,TNP_0009,2,2016
2016-04-04 15:00:00+00:00,0.0,0.0,27.57,54.65,3.0,TNP_0009,2,2016
2016-04-04 16:00:00+00:00,0.0,0.0,26.33,63.72,2.68,TNP_0009,2,2016
2016-04-04 17:00:00+00:00,0.0,0.0,25.29,71.82,2.44,TNP_0009,2,2016
2016-04-04 18:00:00+00:00,0.0,0.0,24.39,78.84,2.3,TNP_0009,2,2016
2016-04-04 19:00:00+00:00,0.0,0.0,23.61,84.87,2.24,TNP_0009,2,2016
2016-04-04 20:00:00+00:00,0.0,0.0,22.94,89.76,2.22,TNP_0009,2,2016
2016-04-04 21:00:00+00:00,0.0,0.0,22.34,93.76,2.2,TNP_0009,2,2016
2016-04-04 22:00:00+00:00,0.0,0.0,21.87,96.21,2.24,TNP_0009,2,2016
2016-04-04 23:00:00+00:00,0.0,0.0,21.48,97.68,2.31,TNP_0009,2,2016
2016-04-05 00:00:00+00:00,5.38,5.5,21.3,97.07,2.38,TNP_0009,2,2016
2016-04-05 01:00:00+00:00,139.48,148.73,24.06,80.25,3.71,TNP_0009,2,2016
2016-04-05 02:00:00+00:00,371.8,402.98,28.27,57.91,4.49,TNP_0009,2,2016
2016-04-05 03:00:00+00:00,612.4,649.3,32.22,38.74,4.42,TNP_0009,2,2016
2016-04-05 04:00:00+00:00,807.88,850.35,35.37,26.73,3.82,TNP_0009,2,2016
2016-04-05 05:00:00+00:00,983.3,985.8,37.62,20.48,3.37,TNP_0009,2,2016
2016-04-05 06:00:00+00:00,1028.32,1030.35,39.12,17.15,3.11,TNP_0009,2,2016
2016-04-05 07:00:00+00:00,1008.53,1009.15,40.02,15.38,3.12,TNP_0009,2,2016
2016-04-05 08:00:00+00:00,902.55,909.62,40.32,14.68,3.29,TNP_0009,2,2016
2016-04-05 09:00:00+00:00,730.78,739.22,40.09,14.62,3.49,TNP_0009,2,2016
2016-04-05 10:00:00+00:00,508.83,514.35,39.19,15.33,3.86,TNP_0009,2,2016
2016-04-05 11:00:00+00:00,258.75,261.42,37.53,17.55,4.37,TNP_0009,2,2016
2016-04-05 12:00:00+00:00,42.12,42.25,34.07,24.95,4.09,TNP_0009,2,2016
2016-04-05 13:00:00+00:00,0.0,0.0,30.91,36.73,4.93,TNP_0009,2,2016
2016-04-05 14:00:00+00:00,0.0,0.0,29.33,49.54,5.69,TNP_0009,2,2016
2016-04-05 15:00:00+00:00,0.0,0.0,27.76,63.34,5.34,TNP_0009,2,2016
2016-04-05 16:00:00+00:00,0.0,0.0,26.67,73.69,4.45,TNP_0009,2,2016
2016-04-05 17:00:00+00:00,0.0,0.0,25.85,80.16,3.39,TNP_0009,2,2016
2016-04-05 18:00:00+00:00,0.0,0.0,25.11,85.0,2.53,TNP_0009,2,2016
2016-04-05 19:00:00+00:00,0.0,0.0,24.48,88.92,2.21,TNP_0009,2,2016
2016-04-05 20:00:00+00:00,0.0,0.0,24.04,91.67,2.2,TNP_0009,2,2016
2016-04-05 21:00:00+00:00,0.0,0.0,23.68,93.91,2.17,TNP_0009,2,2016
2016-04-05 22:00:00+00:00,0.0,0.0,23.35,95.82,2.14,TNP_0009,2,2016
2016-04-05 23:00:00+00:00,0.0,0.0,23.09,97.27,2.1,TNP_0009,2,2016
2016-04-06 00:00:00+00:00,5.35,5.35,22.98,97.72,1.99,TNP_0009,2,2016
2016-04-06 01:00:00+00:00,133.7,137.55,25.63,82.82,3.26,TNP_0009,2,2016
2016-04-06 02:00:00+00:00,360.45,376.65,29.2,63.26,4.26,TNP_0009,2,2016
2016-04-06 03:00:00+00:00,592.12,613.0,32.44,46.94,4.2,TNP_0009,2,2016
2016-04-06 04:00:00+00:00,799.38,806.83,35.17,36.31,3.35,TNP_0009,2,2016
2016-04-06 05:00:00+00:00,916.42,942.83,37.36,29.04,2.36,TNP_0009,2,2016
2016-04-06 06:00:00+00:00,973.15,999.0,39.03,24.09,1.76,TNP_0009,2,2016
2016-04-06 07:00:00+00:00,922.12,974.33,40.14,21.07,2.01,TNP_0009,2,2016
2016-04-06 08:00:00+00:00,806.7,863.67,40.59,19.67,2.74,TNP_0009,2,2016
2016-04-06 09:00:00+00:00,672.83,706.8,40.31,19.67,3.51,TNP_0009,2,2016
2016-04-06 10:00:00+00:00,466.4,486.7,39.36,20.91,4.27,TNP_0009,2,2016
2016-04-06 11:00:00+00:00,229.6,241.32,37.64,24.2,5.23,TNP_0009,2,2016
2016-04-06 12:00:00+00:00,37.25,38.08,34.81,32.23,6.23,TNP_0009,2,2016
2016-04-06 13:00:00+00:00,0.0,0.0,31.88,45.56,7.15,TNP_0009,2,2016
2016-04-06 14:00:00+00:00,0.0,0.0,29.83,59.01,7.05,TNP_0009,2,2016
2016-04-06 15:00:00+00:00,0.0,0.0,28.41,68.4,6.12,TNP_0009,2,2016
2016-04-06 16:00:00+00:00,0.0,0.0,27.54,73.6,4.65,TNP_0009,2,2016
2016-04-06 17:00:00+00:00,0.0,0.0,26.93,77.2,3.47,TNP_0009,2,2016
2016-04-06 18:00:00+00:00,0.0,0.0,26.38,80.73,2.74,TNP_0009,2,2016
2016-04-06 19:00:00+00:00,0.0,0.0,25.92,84.01,2.52,TNP_0009,2,2016
2016-04-06 20:00:00+00:00,0.0,0.0,25.61,86.59,2.63,TNP_0009,2,2016
2016-04-06 21:00:00+00:00,0.0,0.0,25.48,88.18,2.69,TNP_0009,2,2016
2016-04-06 22:00:00+00:00,0.0,0.0,25.38,89.24,2.47,TNP_0009,2,2016
2016-04-06 23:00:00+00:00,0.0,0.0,25.16,90.75,2.04,TNP_0009,2,2016
2016-04-07 00:00:00+00:00,5.47,5.43,24.97,91.84,1.95,TNP_0009,2,2016
2016-04-07 01:00:00+00:00,131.0,132.98,26.65,81.85,2.99,TNP_0009,2,2016
2016-04-07 02:00:00+00:00,356.02,366.38,29.39,65.62,3.08,TNP_0009,2,2016
2016-04-07 03:00:00+00:00,575.42,593.28,32.52,49.99,2.72,TNP_0009,2,2016
2016-04-07 04:00:00+00:00,761.75,780.45,35.33,38.93,2.08,TNP_0009,2,2016
2016-04-07 05:00:00+00:00,894.22,931.85,37.71,31.31,1.34,TNP_0009,2,2016
2016-04-07 06:00:00+00:00,897.38,992.47,39.59,26.27,1.05,TNP_0009,2,2016
2016-04-07 07:00:00+00:00,868.58,951.65,40.81,23.27,1.63,TNP_0009,2,2016
2016-04-07 08:00:00+00:00,803.25,845.42,41.3,21.87,2.61,TNP_0009,2,2016
2016-04-07 09:00:00+00:00,654.15,674.85,40.89,22.05,3.66,TNP_0009,2,2016
2016-04-07 10:00:00+00:00,443.08,458.25,39.76,23.8,4.87,TNP_0009,2,2016
2016-04-07 11:00:00+00:00,217.05,223.38,37.71,28.37,6.44,TNP_0009,2,2016
2016-04-07 12:00:00+00:00,35.47,35.75,34.65,38.29,7.99,TNP_0009,2,2016
2016-04-07 13:00:00+00:00,0.0,0.0,31.56,53.02,8.51,TNP_0009,2,2016
2016-04-07 14:00:00+00:00,0.0,0.0,29.37,66.27,7.58,TNP_0009,2,2016
2016-04-07 15:00:00+00:00,0.0,0.0,28.41,72.44,6.14,TNP_0009,2,2016
2016-04-07 16:00:00+00:00,0.0,0.0,28.03,75.04,5.02,TNP_0009,2,2016
2016-04-07 17:00:00+00:00,0.0,0.0,27.77,76.98,4.3,TNP_0009,2,2016
2016-04-07 18:00:00+00:00,0.0,0.0,27.6,78.31,3.89,TNP_0009,2,2016
2016-04-07 19:00:00+00:00,0.0,0.0,27.43,79.47,3.56,TNP_0009,2,2016
2016-04-07 20:00:00+00:00,0.0,0.0,27.17,80.77,3.07,TNP_0009,2,2016
2016-04-07 21:00:00+00:00,0.0,0.0,27.05,81.53,3.0,TNP_0009,2,2016
2016-04-07 22:00:00+00:00,0.0,0.0,26.93,82.13,2.93,TNP_0009,2,2016
2016-04-07 23:00:00+00:00,0.0,0.0,26.77,82.91,2.69,TNP_0009,2,2016
2016-04-08 00:00:00+00:00,4.8,4.88,26.56,84.03,2.52,TNP_0009,2,2016
2016-04-08 01:00:00+00:00,106.12,113.18,27.57,78.19,3.59,TNP_0009,2,2016
2016-04-08 02:00:00+00:00,289.67,331.95,29.63,65.79,3.91,TNP_0009,2,2016
2016-04-08 03:00:00+00:00,489.52,565.25,32.39,49.81,3.95,TNP_0009,2,2016
2016-04-08 04:00:00+00:00,667.3,760.65,35.09,38.11,3.74,TNP_0009,2,2016
2016-04-08 05:00:00+00:00,776.55,896.12,37.37,31.32,3.44,TNP_0009,2,2016
2016-04-08 06:00:00+00:00,948.1,981.97,38.99,27.52,3.28,TNP_0009,2,2016
2016-04-08 07:00:00+00:00,919.7,954.38,39.88,25.63,3.34,TNP_0009,2,2016
2016-04-08 08:00:00+00:00,767.22,847.2,40.13,25.11,3.58,TNP_0009,2,2016
2016-04-08 09:00:00+00:00,638.35,672.17,39.82,25.41,3.94,TNP_0009,2,2016
2016-04-08 10:00:00+00:00,437.08,467.67,38.88,26.69,4.51,TNP_0009,2,2016
2016-04-08 11:00:00+00:00,205.93,229.77,37.14,30.08,5.58,TNP_0009,2,2016
2016-04-08 12:00:00+00:00,34.03,36.4,34.7,36.84,6.87,TNP_0009,2,2016
2016-04-08 13:00:00+00:00,0.0,0.0,32.04,47.28,7.72,TNP_0009,2,2016
2016-04-08 14:00:00+00:00,0.0,0.0,29.94,57.91,7.5,TNP_0009,2,2016
2016-04-08 15:00:00+00:00,0.0,0.0,28.62,65.73,6.45,TNP_0009,2,2016
2016-04-08 16:00:00+00:00,0.0,0.0,27.86,71.06,5.4,TNP_0009,2,2016
2016-04-08 17:00:00+00:00,0.0,0.0,27.32,75.3,4.6,TNP_0009,2,2016
2016-04-08 18:00:00+00:00,0.0,0.0,26.86,78.82,4.14,TNP_0009,2,2016
2016-04-08 19:00:00+00:00,0.0,0.0,26.52,81.13,4.05,TNP_0009,2,2016
2016-04-08 20:00:00+00:00,0.0,0.0,26.28,82.28,3.92,TNP_0009,2,2016
2016-04-08 21:00:00+00:00,0.0,0.0,26.07,83.01,3.65,TNP_0009,2,2016
2016-04-08 22:00:00+00:00,0.0,0.0,25.86,83.59,3.23,TNP_0009,2,2016
2016-04-08 23:00:00+00:00,0.0,0.0,25.69,83.92,2.8,TNP_0009,2,2016
2016-04-09 00:00:00+00:00,5.57,5.68,25.57,83.98,2.54,TNP_0009,2,2016
2016-04-09 01:00:00+00:00,116.95,125.53,26.74,77.24,3.32,TNP_0009,2,2016
2016-04-09 02:00:00+00:00,315.12,360.17,29.05,64.31,3.29,TNP_0009,2,2016
2016-04-09 03:00:00+00:00,560.12,591.05,32.01,49.61,3.24,TNP_0009,2,2016
2016-04-09 04:00:00+00:00,766.22,782.25,34.68,38.84,3.13,TNP_0009,2,2016
2016-04-09 05:00:00+00:00,855.2,912.95,36.85,31.99,3.1,TNP_0009,2,2016
2016-04-09 06:00:00+00:00,1002.83,1009.25,38.46,27.74,3.28,TNP_0009,2,2016
2016-04-09 07:00:00+00:00,969.25,984.72,39.49,25.19,3.6,TNP_0009,2,2016
2016-04-09 08:00:00+00:00,879.08,887.45,39.82,24.18,3.99,TNP_0009,2,2016
2016-04-09 09:00:00+00:00,712.72,721.58,39.36,24.53,4.32,TNP_0009,2,2016
2016-04-09 10:00:00+00:00,493.08,500.52,38.15,26.34,4.76,TNP_0009,2,2016
2016-04-09 11:00:00+00:00,236.27,251.98,36.45,29.72,5.22,TNP_0009,2,2016
2016-04-09 12:00:00+00:00,38.1,41.05,34.39,35.4,5.61,TNP_0009,2,2016
2016-04-09 13:00:00+00:00,0.0,0.0,32.23,43.88,6.25,TNP_0009,2,2016
2016-04-09 14:00:00+00:00,0.0,0.0,30.39,53.63,6.41,TNP_0009,2,2016
2016-04-09 15:00:00+00:00,0.0,0.0,28.81,63.51,6.22,TNP_0009,2,2016
2016-04-09 16:00:00+00:00,0.0,0.0,27.74,70.3,5.65,TNP_0009,2,2016
2016-04-09 17:00:00+00:00,0.0,0.0,27.14,73.9,5.0,TNP_0009,2,2016
2016-04-09 18:00:00+00:00,0.0,0.0,26.76,76.15,4.41,TNP_0009,2,2016
2016-04-09 19:00:00+00:00,0.0,0.0,26.41,78.22,3.85,TNP_0009,2,2016
2016-04-09 20:00:00+00:00,0.0,0.0,26.11,79.94,3.42,TNP_0009,2,2016
2016-04-09 21:00:00+00:00,0.0,0.0,25.87,81.32,2.84,TNP_0009,2,2016
2016-04-09 22:00:00+00:00,0.0,0.0,25.64,82.73,2.21,TNP_0009,2,2016
2016-04-09 23:00:00+00:00,0.0,0.0,25.44,84.1,1.73,TNP_0009,2,2016
2016-04-10 00:00:00+00:00,6.38,6.85,25.28,85.25,1.32,TNP_0009,2,2016
2016-04-10 01:00:00+00:00,129.2,149.62,26.69,77.87,2.55,TNP_0009,2,2016
2016-04-10 02:00:00+00:00,331.75,392.7,29.23,65.1,3.23,TNP_0009,2,2016
2016-04-10 03:00:00+00:00,597.17,629.42,32.0,53.63,3.08,TNP_0009,2,2016
2016-04-10 04:00:00+00:00,803.2,824.78,34.58,43.9,2.91,TNP_0009,2,2016
2016-04-10 05:00:00+00:00,953.92,955.65,36.65,36.18,3.02,TNP_0009,2,2016
2016-04-10 06:00:00+00:00,1023.03,1025.18,38.1,30.9,3.36,TNP_0009,2,2016
2016-04-10 07:00:00+00:00,995.0,997.08,38.82,28.02,3.82,TNP_0009,2,2016
2016-04-10 08:00:00+00:00,739.7,891.45,38.62,27.43,4.35,TNP_0009,2,2016
2016-04-10 09:00:00+00:00,721.45,724.35,37.82,28.2,4.93,TNP_0009,2,2016
2016-04-10 10:00:00+00:00,495.3,497.6,36.58,30.21,5.43,TNP_0009,2,2016
2016-04-10 11:00:00+00:00,247.82,249.12,35.07,33.39,5.75,TNP_0009,2,2016
2016-04-10 12:00:00+00:00,41.9,42.08,33.29,38.17,5.72,TNP_0009,2,2016
2016-04-10 13:00:00+00:00,0.0,0.0,31.48,44.94,5.39,TNP_0009,2,2016
2016-04-10 14:00:00+00:00,0.0,0.0,29.95,52.92,5.03,TNP_0009,2,2016
2016-04-10 15:00:00+00:00,0.0,0.0,28.52,61.95,4.44,TNP_0009,2,2016
2016-04-10 16:00:00+00:00,0.0,0.0,27.17,71.97,4.0,TNP_0009,2,2016
2016-04-10 17:00:00+00:00,0.0,0.0,26.03,80.46,3.38,TNP_0009,2,2016
2016-04-10 18:00:00+00:00,0.0,0.0,25.13,86.95,2.79,TNP_0009,2,2016
2016-04-10 19:00:00+00:00,0.0,0.0,24.4,91.92,2.33,TNP_0009,2,2016
2016-04-10 20:00:00+00:00,0.0,0.0,23.82,95.64,2.11,TNP_0009,2,2016
2016-04-10 21:00:00+00:00,0.0,0.0,23.46,97.69,2.05,TNP_0009,2,2016
2016-04-10 22:00:00+00:00,0.0,0.0,23.26,98.57,2.01,TNP_0009,2,2016
2016-04-10 23:00:00+00:00,0.0,0.0,23.02,99.68,1.98,TNP_0009,2,2016
2016-04-11 00:00:00+00:00,5.78,6.32,22.99,99.59,1.95,TNP_0009,2,2016
2016-04-11 01:00:00+00:00,113.43,131.32,25.52,84.64,3.33,TNP_0009,2,2016
2016-04-11 02:00:00+00:00,316.58,383.38,28.86,66.31,3.75,TNP_0009,2,2016
2016-04-11 03:00:00+00:00,586.3,626.88,32.27,50.1,3.16,TNP_0009,2,2016
2016-04-11 04:00:00+00:00,817.05,823.25,35.12,37.46,2.4,TNP_0009,2,2016
2016-04-11 05:00:00+00:00,899.95,953.58,37.23,29.31,2.14,TNP_0009,2,2016
2016-04-11 06:00:00+00:00,1006.4,1013.0,38.47,25.31,2.32,TNP_0009,2,2016
2016-04-11 07:00:00+00:00,982.03,984.3,39.09,23.54,2.58,TNP_0009,2,2016
2016-04-11 08:00:00+00:00,861.15,879.7,39.18,23.07,2.88,TNP_0009,2,2016
2016-04-11 09:00:00+00:00,698.97,707.75,38.89,23.32,3.3,TNP_0009,2,2016
2016-04-11 10:00:00+00:00,482.48,488.58,38.15,24.33,3.98,TNP_0009,2,2016
2016-04-11 11:00:00+00:00,241.4,244.55,36.81,26.9,4.83,TNP_0009,2,2016
2016-04-11 12:00:00+00:00,39.62,39.83,34.71,32.49,5.46,TNP_0009,2,2016
2016-04-11 13:00:00+00:00,0.0,0.0,32.38,41.73,5.89,TNP_0009,2,2016
2016-04-11 14:00:00+00:00,0.0,0.0,30.67,51.53,5.68,TNP_0009,2,2016
2016-04-11 15:00:00+00:00,0.0,0.0,29.27,60.7,4.77,TNP_0009,2,2016
2016-04-11 16:00:00+00:00,0.0,0.0,28.15,68.75,3.57,TNP_0009,2,2016
2016-04-11 17:00:00+00:00,0.0,0.0,27.27,75.36,2.68,TNP_0009,2,2016
2016-04-11 18:00:00+00:00,0.0,0.0,26.51,80.95,2.14,TNP_0009,2,2016
2016-04-11 19:00:00+00:00,0.0,0.0,25.91,85.24,1.88,TNP_0009,2,2016
2016-04-11 20:00:00+00:00,0.0,0.0,25.43,88.46,1.87,TNP_0009,2,2016
2016-04-11 21:00:00+00:00,0.0,0.0,25.07,90.54,1.83,TNP_0009,2,2016
2016-04-11 22:00:00+00:00,0.0,0.0,24.79,91.92,1.75,TNP_0009,2,2016
2016-04-11 23:00:00+00:00,0.0,0.0,24.54,92.94,1.74,TNP_0009,2,2016
2016-04-12 00:00:00+00:00,7.03,7.22,24.47,92.94,1.77,TNP_0009,2,2016
2016-04-12 01:00:00+00:00,133.7,145.3,26.86,79.13,3.3,TNP_0009,2,2016
2016-04-12 02:00:00+00:00,339.1,384.6,30.32,59.72,4.3,TNP_0009,2,2016
2016-04-12 03:00:00+00:00,558.65,621.15,33.73,44.66,3.97,TNP_0009,2,2016
2016-04-12 04:00:00+00:00,668.33,815.08,36.54,34.99,3.34,TNP_0009,2,2016
2016-04-12 05:00:00+00:00,936.95,946.6,38.81,27.87,2.9,TNP_0009,2,2016
2016-04-12 06:00:00+00:00,982.4,995.05,40.55,22.95,2.72,TNP_0009,2,2016
2016-04-12 07:00:00+00:00,955.58,970.6,41.67,19.91,2.84,TNP_0009,2,2016
2016-04-12 08:00:00+00:00,854.92,868.4,42.13,18.32,3.13,TNP_0009,2,2016
2016-04-12 09:00:00+00:00,687.55,697.15,41.91,17.97,3.59,TNP_0009,2,2016
2016-04-12 10:00:00+00:00,471.02,475.77,40.97,18.88,4.18,TNP_0009,2,2016
2016-04-12 11:00:00+00:00,231.45,233.88,39.29,21.48,4.88,TNP_0009,2,2016
2016-04-12 12:00:00+00:00,37.35,37.45,36.48,28.09,5.3,TNP_0009,2,2016
2016-04-12 13:00:00+00:00,0.0,0.0,33.56,39.67,6.22,TNP_0009,2,2016
2016-04-12 14:00:00+00:00,0.0,0.0,31.54,52.25,6.49,TNP_0009,2,2016
2016-04-12 15:00:00+00:00,0.0,0.0,29.91,64.08,5.74,TNP_0009,2,2016
2016-04-12 16:00:00+00:00,0.0,0.0,28.79,72.69,4.81,TNP_0009,2,2016
2016-04-12 17:00:00+00:00,0.0,0.0,28.09,78.19,4.05,TNP_0009,2,2016
2016-04-12 18:00:00+00:00,0.0,0.0,27.58,81.56,3.32,TNP_0009,2,2016
2016-04-12 19:00:00+00:00,0.0,0.0,27.12,84.15,2.62,TNP_0009,2,2016
2016-04-12 20:00:00+00:00,0.0,0.0,26.7,86.06,2.19,TNP_0009,2,2016
2016-04-12 21:00:00+00:00,0.0,0.0,26.3,87.39,1.94,TNP_0009,2,2016
2016-04-12 22:00:00+00:00,0.0,0.0,25.91,88.49,1.74,TNP_0009,2,2016
2016-04-12 23:00:00+00:00,0.0,0.0,25.54,89.34,1.71,TNP_0009,2,2016
2016-04-13 00:00:00+00:00,6.53,6.55,25.41,89.08,1.8,TNP_0009,2,2016
2016-04-13 01:00:00+00:00,130.15,130.75,27.54,76.39,3.22,TNP_0009,2,2016
2016-04-13 02:00:00+00:00,362.62,364.1,31.35,57.52,4.23,TNP_0009,2,2016
2016-04-13 03:00:00+00:00,595.58,597.62,34.87,44.14,3.95,TNP_0009,2,2016
2016-04-13 04:00:00+00:00,784.47,785.67,37.75,34.39,2.92,TNP_0009,2,2016
2016-04-13 05:00:00+00:00,904.62,918.03,40.1,27.12,1.9,TNP_0009,2,2016
2016-04-13 06:00:00+00:00,963.2,965.53,41.8,22.53,1.44,TNP_0009,2,2016
2016-04-13 07:00:00+00:00,941.7,944.9,42.82,20.16,1.67,TNP_0009,2,2016
2016-04-13 08:00:00+00:00,833.75,838.88,43.19,19.34,2.16,TNP_0009,2,2016
2016-04-13 09:00:00+00:00,631.0,639.78,42.88,19.43,2.63,TNP_0009,2,2016
2016-04-13 10:00:00+00:00,380.62,382.52,42.01,20.1,3.3,TNP_0009,2,2016
2016-04-13 11:00:00+00:00,207.07,209.07,40.4,22.27,4.27,TNP_0009,2,2016
2016-04-13 12:00:00+00:00,32.03,32.28,37.95,27.76,5.25,TNP_0009,2,2016
2016-04-13 13:00:00+00:00,0.0,0.0,35.1,38.23,6.38,TNP_0009,2,2016
2016-04-13 14:00:00+00:00,0.0,0.0,32.78,50.78,6.55,TNP_0009,2,2016
2016-04-13 15:00:00+00:00,0.0,0.0,31.1,61.06,5.66,TNP_0009,2,2016
2016-04-13 16:00:00+00:00,0.0,0.0,30.14,67.42,4.52,TNP_0009,2,2016
2016-04-13 17:00:00+00:00,0.0,0.0,29.51,71.72,3.63,TNP_0009,2,2016
2016-04-13 18:00:00+00:00,0.0,0.0,29.08,74.49,3.31,TNP_0009,2,2016
2016-04-13 19:00:00+00:00,0.0,0.0,28.82,75.69,3.42,TNP_0009,2,2016
2016-04-13 20:00:00+00:00,0.0,0.0,28.64,76.29,3.2,TNP_0009,2,2016
2016-04-13 21:00:00+00:00,0.0,0.0,28.41,77.13,2.77,TNP_0009,2,2016
2016-04-13 22:00:00+00:00,0.0,0.0,28.02,78.96,2.43,TNP_0009,2,2016
2016-04-13 23:00:00+00:00,0.0,0.0,27.61,80.99,2.43,TNP_0009,2,2016
2016-04-14 00:00:00+00:00,7.03,7.1,27.3,82.62,2.61,TNP_0009,2,2016
2016-04-14 01:00:00+00:00,126.35,128.73,28.8,74.45,4.03,TNP_0009,2,2016
2016-04-14 02:00:00+00:00,296.58,299.62,31.77,58.55,5.38,TNP_0009,2,2016
2016-04-14 03:00:00+00:00,578.15,581.38,34.58,45.89,5.47,TNP_0009,2,2016
2016-04-14 04:00:00+00:00,755.0,755.15,37.15,36.19,5.01,TNP_0009,2,2016
2016-04-14 05:00:00+00:00,892.47,894.67,39.06,30.87,4.73,TNP_0009,2,2016
2016-04-14 06:00:00+00:00,944.58,946.83,40.2,28.33,4.73,TNP_0009,2,2016
2016-04-14 07:00:00+00:00,900.6,903.15,40.87,27.13,4.8,TNP_0009,2,2016
2016-04-14 08:00:00+00:00,786.75,790.78,41.08,26.78,4.84,TNP_0009,2,2016
2016-04-14 09:00:00+00:00,621.78,626.33,40.78,27.31,5.11,TNP_0009,2,2016
2016-04-14 10:00:00+00:00,391.4,392.6,39.8,29.04,5.7,TNP_0009,2,2016
2016-04-14 11:00:00+00:00,208.7,210.93,37.97,32.85,6.47,TNP_0009,2,2016
2016-04-14 12:00:00+00:00,32.08,32.3,35.48,39.76,7.0,TNP_0009,2,2016
2016-04-14 13:00:00+00:00,0.0,0.0,33.12,48.88,6.96,TNP_0009,2,2016
2016-04-14 14:00:00+00:00,0.0,0.0,31.51,56.99,6.58,TNP_0009,2,2016
2016-04-14 15:00:00+00:00,0.0,0.0,30.49,63.03,5.84,TNP_0009,2,2016
2016-04-14 16:00:00+00:00,0.0,0.0,29.85,67.63,5.29,TNP_0009,2,2016
2016-04-14 17:00:00+00:00,0.0,0.0,29.28,71.91,4.88,TNP_0009,2,2016
2016-04-14 18:00:00+00:00,0.0,0.0,28.78,75.72,4.55,TNP_0009,2,2016
2016-04-14 19:00:00+00:00,0.0,0.0,28.33,79.05,4.05,TNP_0009,2,2016
2016-04-14 20:00:00+00:00,0.0,0.0,27.96,81.69,3.54,TNP_0009,2,2016
2016-04-14 21:00:00+00:00,0.0,0.0,27.72,83.33,3.35,TNP_0009,2,2016
2016-04-14 22:00:00+00:00,0.0,0.0,27.57,83.99,3.27,TNP_0009,2,2016
2016-04-14 23:00:00+00:00,0.0,0.0,27.42,84.74,2.99,TNP_0009,2,2016
2016-04-15 00:00:00+00:00,6.68,7.25,27.27,85.47,2.71,TNP_0009,2,2016
2016-04-15 01:00:00+00:00,116.57,124.95,28.19,79.8,3.49,TNP_0009,2,2016
2016-04-15 02:00:00+00:00,308.75,338.55,30.27,66.63,3.91,TNP_0009,2,2016
2016-04-15 03:00:00+00:00,553.45,566.05,33.0,52.19,3.79,TNP_0009,2,2016
2016-04-15 04:00:00+00:00,757.5,759.08,35.7,40.87,3.48,TNP_0009,2,2016
2016-04-15 05:00:00+00:00,878.92,889.3,38.04,32.93,3.33,TNP_0009,2,2016
2016-04-15 06:00:00+00:00,978.1,980.97,39.74,28.07,3.45,TNP_0009,2,2016
2016-04-15 07:00:00+00:00,953.97,956.55,40.82,25.4,3.83,TNP_0009,2,2016
2016-04-15 08:00:00+00:00,851.38,857.42,41.16,24.62,4.42,TNP_0009,2,2016
2016-04-15 09:00:00+00:00,682.8,685.45,40.74,25.3,5.22,TNP_0009,2,2016
2016-04-15 10:00:00+00:00,459.7,461.6,39.52,27.49,6.11,TNP_0009,2,2016
2016-04-15 11:00:00+00:00,219.5,220.55,37.5,32.04,6.84,TNP_0009,2,2016
2016-04-15 12:00:00+00:00,37.47,37.62,34.77,40.35,7.15,TNP_0009,2,2016
2016-04-15 13:00:00+00:00,0.0,0.0,32.24,51.56,6.92,TNP_0009,2,2016
2016-04-15 14:00:00+00:00,0.0,0.0,30.53,61.81,6.46,TNP_0009,2,2016
2016-04-15 15:00:00+00:00,0.0,0.0,29.44,68.94,5.59,TNP_0009,2,2016
2016-04-15 16:00:00+00:00,0.0,0.0,28.71,73.9,4.73,TNP_0009,2,2016
2016-04-15 17:00:00+00:00,0.0,0.0,28.12,78.09,3.9,TNP_0009,2,2016
2016-04-15 18:00:00+00:00,0.0,0.0,27.61,81.7,3.28,TNP_0009,2,2016
2016-04-15 19:00:00+00:00,0.0,0.0,27.22,84.47,2.9,TNP_0009,2,2016
2016-04-15 20:00:00+00:00,0.0,0.0,27.02,86.07,2.87,TNP_0009,2,2016
2016-04-15 21:00:00+00:00,0.0,0.0,27.01,85.84,3.12,TNP_0009,2,2016
2016-04-15 22:00:00+00:00,0.0,0.0,26.97,85.66,3.05,TNP_0009,2,2016
2016-04-15 23:00:00+00:00,0.0,0.0,26.9,85.62,2.87,TNP_0009,2,2016
2016-04-16 00:00:00+00:00,8.15,8.3,26.85,85.35,2.82,TNP_0009,2,2016
2016-04-16 01:00:00+00:00,131.77,142.35,28.07,78.01,3.93,TNP_0009,2,2016
2016-04-16 02:00:00+00:00,312.88,369.8,30.3,64.89,4.31,TNP_0009,2,2016
2016-04-16 03:00:00+00:00,563.28,598.12,33.02,50.64,4.23,TNP_0009,2,2016
2016-04-16 04:00:00+00:00,778.95,789.78,35.63,39.57,4.04,TNP_0009,2,2016
2016-04-16 05:00:00+00:00,900.9,920.1,37.83,31.99,4.07,TNP_0009,2,2016
2016-04-16 06:00:00+00:00,984.4,990.2,39.33,27.51,4.24,TNP_0009,2,2016
2016-04-16 07:00:00+00:00,953.95,963.62,40.31,24.97,4.48,TNP_0009,2,2016
2016-04-16 08:00:00+00:00,849.15,862.67,40.78,23.85,4.77,TNP_0009,2,2016
2016-04-16 09:00:00+00:00,681.25,694.22,40.59,24.09,5.16,TNP_0009,2,2016
2016-04-16 10:00:00+00:00,462.62,476.12,39.6,25.95,5.6,TNP_0009,2,2016
2016-04-16 11:00:00+00:00,227.82,235.82,37.87,29.81,5.95,TNP_0009,2,2016
2016-04-16 12:00:00+00:00,36.92,37.22,35.4,37.09,5.99,TNP_0009,2,2016
2016-04-16 13:00:00+00:00,0.0,0.0,32.89,47.96,6.03,TNP_0009,2,2016
2016-04-16 14:00:00+00:00,0.0,0.0,31.08,58.67,5.97,TNP_0009,2,2016
2016-04-16 15:00:00+00:00,0.0,0.0,29.66,67.55,5.5,TNP_0009,2,2016
2016-04-16 16:00:00+00:00,0.0,0.0,28.64,73.83,4.78,TNP_0009,2,2016
2016-04-16 17:00:00+00:00,0.0,0.0,27.89,78.42,4.09,TNP_0009,2,2016
2016-04-16 18:00:00+00:00,0.0,0.0,27.29,82.15,3.46,TNP_0009,2,2016
2016-04-16 19:00:00+00:00,0.0,0.0,26.76,85.39,2.96,TNP_0009,2,2016
2016-04-16 20:00:00+00:00,0.0,0.0,26.32,87.98,2.64,TNP_0009,2,2016
2016-04-16 21:00:00+00:00,0.0,0.0,25.95,89.93,2.38,TNP_0009,2,2016
2016-04-16 22:00:00+00:00,0.0,0.0,25.63,91.48,2.17,TNP_0009,2,2016
2016-04-16 23:00:00+00:00,0.0,0.0,25.38,92.61,2.02,TNP_0009,2,2016
2016-04-17 00:00:00+00:00,7.78,7.7,25.3,92.93,2.06,TNP_0009,2,2016
2016-04-17 01:00:00+00:00,128.43,130.6,27.17,82.04,3.59,TNP_0009,2,2016
2016-04-17 02:00:00+00:00,330.27,348.08,30.19,65.64,3.99,TNP_0009,2,2016
2016-04-17 03:00:00+00:00,603.28,616.55,33.16,51.88,3.09,TNP_0009,2,2016
2016-04-17 04:00:00+00:00,800.92,809.85,36.03,39.82,3.11,TNP_0009,2,2016
2016-04-17 05:00:00+00:00,845.08,939.72,38.4,31.21,3.61,TNP_0009,2,2016
2016-04-17 06:00:00+00:00,983.4,987.4,39.96,26.31,4.08,TNP_0009,2,2016
2016-04-17 07:00:00+00:00,957.67,962.35,40.84,23.67,4.5,TNP_0009,2,2016
2016-04-17 08:00:00+00:00,847.53,860.35,40.99,22.8,4.92,TNP_0009,2,2016
2016-04-17 09:00:00+00:00,683.8,691.62,40.51,23.33,5.38,TNP_0009,2,2016
2016-04-17 10:00:00+00:00,469.42,473.55,39.35,25.43,6.02,TNP_0009,2,2016
2016-04-17 11:00:00+00:00,225.8,235.38,37.38,30.09,6.64,TNP_0009,2,2016
2016-04-17 12:00:00+00:00,38.05,39.3,34.75,38.26,6.87,TNP_0009,2,2016
2016-04-17 13:00:00+00:00,0.0,0.0,32.28,48.83,6.51,TNP_0009,2,2016
2016-04-17 14:00:00+00:00,0.0,0.0,30.58,58.57,6.28,TNP_0009,2,2016
2016-04-17 15:00:00+00:00,0.0,0.0,29.28,66.69,5.29,TNP_0009,2,2016
2016-04-17 16:00:00+00:00,0.0,0.0,28.32,73.0,4.11,TNP_0009,2,2016
2016-04-17 17:00:00+00:00,0.0,0.0,27.51,78.21,3.1,TNP_0009,2,2016
2016-04-17 18:00:00+00:00,0.0,0.0,26.75,82.98,2.29,TNP_0009,2,2016
2016-04-17 19:00:00+00:00,0.0,0.0,26.06,87.29,1.82,TNP_0009,2,2016
2016-04-17 20:00:00+00:00,0.0,0.0,25.46,91.06,1.67,TNP_0009,2,2016
2016-04-17 21:00:00+00:00,0.0,0.0,25.0,93.94,1.72,TNP_0009,2,2016
2016-04-17 22:00:00+00:00,0.0,0.0,24.73,95.58,1.8,TNP_0009,2,2016
2016-04-17 23:00:00+00:00,0.0,0.0,24.6,96.52,1.92,TNP_0009,2,2016
2016-04-18 00:00:00+00:00,10.23,10.38,24.71,96.19,2.31,TNP_0009,2,2016
2016-04-18 01:00:00+00:00,153.35,172.02,26.79,84.39,4.34,TNP_0009,2,2016
2016-04-18 02:00:00+00:00,351.7,421.23,29.51,67.69,4.95,TNP_0009,2,2016
2016-04-18 03:00:00+00:00,586.62,657.6,32.51,51.91,4.86,TNP_0009,2,2016
2016-04-18 04:00:00+00:00,828.6,850.0,35.37,39.08,4.72,TNP_0009,2,2016
2016-04-18 05:00:00+00:00,932.72,979.25,37.79,30.34,4.69,TNP_0009,2,2016
2016-04-18 06:00:00+00:00,1020.72,1029.62,39.57,25.03,4.82,TNP_0009,2,2016
2016-04-18 07:00:00+00:00,983.72,1003.72,40.62,22.15,5.1,TNP_0009,2,2016
2016-04-18 08:00:00+00:00,890.0,901.42,40.95,21.01,5.45,TNP_0009,2,2016
2016-04-18 09:00:00+00:00,722.78,731.88,40.6,21.39,5.72,TNP_0009,2,2016
2016-04-18 10:00:00+00:00,506.0,510.08,39.5,23.22,5.92,TNP_0009,2,2016
2016-04-18 11:00:00+00:00,258.48,262.15,37.66,27.18,6.17,TNP_0009,2,2016
2016-04-18 12:00:00+00:00,43.92,44.38,35.01,34.84,6.19,TNP_0009,2,2016
2016-04-18 13:00:00+00:00,0.0,0.0,32.3,46.74,6.13,TNP_0009,2,2016
2016-04-18 14:00:00+00:00,0.0,0.0,30.5,58.72,5.93,TNP_0009,2,2016
2016-04-18 15:00:00+00:00,0.0,0.0,29.14,69.18,5.75,TNP_0009,2,2016
2016-04-18 16:00:00+00:00,0.0,0.0,28.2,76.01,5.24,TNP_0009,2,2016
2016-04-18 17:00:00+00:00,0.0,0.0,27.43,80.99,4.8,TNP_0009,2,2016
2016-04-18 18:00:00+00:00,0.0,0.0,26.8,84.85,4.54,TNP_0009,2,2016
2016-04-18 19:00:00+00:00,0.0,0.0,26.43,86.99,4.48,TNP_0009,2,2016
2016-04-18 20:00:00+00:00,0.0,0.0,26.11,88.69,4.28,TNP_0009,2,2016
2016-04-18 21:00:00+00:00,0.0,0.0,25.81,90.32,3.78,TNP_0009,2,2016
2016-04-18 22:00:00+00:00,0.0,0.0,25.54,91.7,3.13,TNP_0009,2,2016
2016-04-18 23:00:00+00:00,0.0,0.0,25.26,93.59,2.55,TNP_0009,2,2016
2016-04-19 00:00:00+00:00,9.57,10.4,25.22,94.01,2.28,TNP_0009,2,2016
2016-04-19 01:00:00+00:00,134.98,168.27,27.06,81.87,3.74,TNP_0009,2,2016
2016-04-19 02:00:00+00:00,296.05,413.05,29.7,66.0,3.94,TNP_0009,2,2016
2016-04-19 03:00:00+00:00,540.53,645.22,32.45,53.44,3.57,TNP_0009,2,2016
2016-04-19 04:00:00+00:00,746.58,831.97,35.22,42.17,3.31,TNP_0009,2,2016
2016-04-19 05:00:00+00:00,934.5,957.5,37.65,33.31,3.22,TNP_0009,2,2016
2016-04-19 06:00:00+00:00,997.72,1009.83,39.44,27.8,3.36,TNP_0009,2,2016
2016-04-19 07:00:00+00:00,930.65,984.8,40.57,24.83,3.73,TNP_0009,2,2016
2016-04-19 08:00:00+00:00,869.97,884.25,41.03,23.71,4.3,TNP_0009,2,2016
2016-04-19 09:00:00+00:00,710.78,717.45,40.73,24.15,4.98,TNP_0009,2,2016
2016-04-19 10:00:00+00:00,498.48,500.08,39.68,26.03,5.72,TNP_0009,2,2016
2016-04-19 11:00:00+00:00,252.48,253.45,37.76,30.49,6.46,TNP_0009,2,2016
2016-04-19 12:00:00+00:00,42.75,42.85,35.01,38.7,7.02,TNP_0009,2,2016
2016-04-19 13:00:00+00:00,0.0,0.0,32.27,50.16,7.19,TNP_0009,2,2016
2016-04-19 14:00:00+00:00,0.0,0.0,30.3,60.84,7.21,TNP_0009,2,2016
2016-04-19 15:00:00+00:00,0.0,0.0,28.94,68.26,6.55,TNP_0009,2,2016
2016-04-19 16:00:00+00:00,0.0,0.0,28.09,72.75,5.71,TNP_0009,2,2016
2016-04-19 17:00:00+00:00,0.0,0.0,27.48,76.17,4.87,TNP_0009,2,2016
2016-04-19 18:00:00+00:00,0.0,0.0,26.92,79.48,4.21,TNP_0009,2,2016
2016-04-19 19:00:00+00:00,0.0,0.0,26.53,81.9,3.96,TNP_0009,2,2016
2016-04-19 20:00:00+00:00,0.0,0.0,26.22,83.79,3.69,TNP_0009,2,2016
2016-04-19 21:00:00+00:00,0.0,0.0,26.02,85.21,3.52,TNP_0009,2,2016
2016-04-19 22:00:00+00:00,0.0,0.0,25.93,86.0,3.32,TNP_0009,2,2016
2016-04-19 23:00:00+00:00,0.0,0.0,25.83,86.7,2.97,TNP_0009,2,2016
2016-04-20 00:00:00+00:00,10.05,10.55,25.84,86.71,2.81,TNP_0009,2,2016
2016-04-20 01:00:00+00:00,150.77,165.48,27.26,78.75,3.66,TNP_0009,2,2016
2016-04-20 02:00:00+00:00,370.05,407.77,29.85,65.38,3.75,TNP_0009,2,2016
2016-04-20 03:00:00+00:00,603.22,640.33,32.83,52.31,3.59,TNP_0009,2,2016
2016-04-20 04:00:00+00:00,821.5,829.65,35.76,40.48,3.18,TNP_0009,2,2016
2016-04-20 05:00:00+00:00,922.97,956.85,38.26,31.47,2.79,TNP_0009,2,2016
2016-04-20 06:00:00+00:00,1011.53,1013.55,40.16,25.54,2.71,TNP_0009,2,2016
2016-04-20 07:00:00+00:00,982.1,987.1,41.37,21.93,2.93,TNP_0009,2,2016
2016-04-20 08:00:00+00:00,882.12,887.65,41.92,20.13,3.35,TNP_0009,2,2016
2016-04-20 09:00:00+00:00,714.08,716.85,41.77,19.66,3.78,TNP_0009,2,2016
2016-04-20 10:00:00+00:00,493.45,496.77,40.94,20.31,4.21,TNP_0009,2,2016
2016-04-20 11:00:00+00:00,248.88,252.93,39.4,22.49,4.8,TNP_0009,2,2016
2016-04-20 12:00:00+00:00,42.22,42.6,36.89,27.79,5.43,TNP_0009,2,2016
2016-04-20 13:00:00+00:00,0.0,0.0,33.89,38.22,6.41,TNP_0009,2,2016
2016-04-20 14:00:00+00:00,0.0,0.0,31.68,50.64,6.92,TNP_0009,2,2016
2016-04-20 15:00:00+00:00,0.0,0.0,29.95,62.07,6.31,TNP_0009,2,2016
2016-04-20 16:00:00+00:00,0.0,0.0,28.83,70.04,5.54,TNP_0009,2,2016
2016-04-20 17:00:00+00:00,0.0,0.0,28.08,75.66,4.78,TNP_0009,2,2016
2016-04-20 18:00:00+00:00,0.0,0.0,27.55,79.89,4.07,TNP_0009,2,2016
2016-04-20 19:00:00+00:00,0.0,0.0,27.11,83.35,3.63,TNP_0009,2,2016
2016-04-20 20:00:00+00:00,0.0,0.0,26.84,85.28,3.67,TNP_0009,2,2016
2016-04-20 21:00:00+00:00,0.0,0.0,26.66,86.25,3.49,TNP_0009,2,2016
2016-04-20 22:00:00+00:00,0.0,0.0,26.51,86.7,3.03,TNP_0009,2,2016
2016-04-20 23:00:00+00:00,0.0,0.0,26.3,87.32,2.5,TNP_0009,2,2016
2016-04-21 00:00:00+00:00,10.32,10.5,26.06,88.02,2.42,TNP_0009,2,2016
2016-04-21 01:00:00+00:00,159.3,163.02,27.97,76.72,4.16,TNP_0009,2,2016
2016-04-21 02:00:00+00:00,395.83,405.25,30.91,60.46,4.86,TNP_0009,2,2016
2016-04-21 03:00:00+00:00,626.8,638.25,34.25,45.64,4.7,TNP_0009,2,2016
2016-04-21 04:00:00+00:00,812.03,827.0,37.14,36.19,4.16,TNP_0009,2,2016
2016-04-21 05:00:00+00:00,944.22,951.17,39.42,30.23,3.58,TNP_0009,2,2016
2016-04-21 06:00:00+00:00,997.1,1002.42,41.07,26.36,3.21,TNP_0009,2,2016
2016-04-21 07:00:00+00:00,966.67,974.92,42.11,23.88,3.19,TNP_0009,2,2016
2016-04-21 08:00:00+00:00,868.4,874.1,42.55,22.68,3.41,TNP_0009,2,2016
2016-04-21 09:00:00+00:00,698.17,705.42,42.39,22.19,3.7,TNP_0009,2,2016
2016-04-21 10:00:00+00:00,480.27,484.0,41.62,22.36,4.08,TNP_0009,2,2016
2016-04-21 11:00:00+00:00,230.27,234.32,40.14,24.11,4.67,TNP_0009,2,2016
2016-04-21 12:00:00+00:00,40.03,40.5,37.78,28.62,5.38,TNP_0009,2,2016
2016-04-21 13:00:00+00:00,0.0,0.0,34.96,37.67,6.34,TNP_0009,2,2016
2016-04-21 14:00:00+00:00,0.0,0.0,32.82,48.47,6.7,TNP_0009,2,2016
2016-04-21 15:00:00+00:00,0.0,0.0,31.13,59.4,6.11,TNP_0009,2,2016
2016-04-21 16:00:00+00:00,0.0,0.0,29.98,68.09,5.56,TNP_0009,2,2016
2016-04-21 17:00:00+00:00,0.0,0.0,29.11,75.15,5.11,TNP_0009,2,2016
2016-04-21 18:00:00+00:00,0.0,0.0,28.49,79.97,4.93,TNP_0009,2,2016
2016-04-21 19:00:00+00:00,0.0,0.0,28.07,82.47,4.84,TNP_0009,2,2016
2016-04-21 20:00:00+00:00,0.0,0.0,27.8,83.41,4.53,TNP_0009,2,2016
2016-04-21 21:00:00+00:00,0.0,0.0,27.61,82.89,4.01,TNP_0009,2,2016
2016-04-21 22:00:00+00:00,0.0,0.0,27.35,82.44,3.4,TNP_0009,2,2016
2016-04-21 23:00:00+00:00,0.0,0.0,27.05,81.99,3.2,TNP_0009,2,2016
2016-04-22 00:00:00+00:00,10.15,10.77,26.93,80.85,3.44,TNP_0009,2,2016
2016-04-22 01:00:00+00:00,149.95,159.85,28.82,69.89,4.85,TNP_0009,2,2016
2016-04-22 02:00:00+00:00,363.0,398.35,32.34,53.96,5.43,TNP_0009,2,2016
2016-04-22 03:00:00+00:00,618.28,632.67,35.68,41.7,4.87,TNP_0009,2,2016
2016-04-22 04:00:00+00:00,815.25,822.6,38.62,33.02,3.65,TNP_0009,2,2016
2016-04-22 05:00:00+00:00,939.6,953.35,40.91,26.9,2.45,TNP_0009,2,2016
2016-04-22 06:00:00+00:00,987.67,990.45,42.64,22.48,1.8,TNP_0009,2,2016
2016-04-22 07:00:00+00:00,959.65,965.38,43.7,19.98,1.94,TNP_0009,2,2016
2016-04-22 08:00:00+00:00,853.75,861.67,44.07,19.03,2.58,TNP_0009,2,2016
2016-04-22 09:00:00+00:00,685.5,691.95,43.74,19.04,3.19,TNP_0009,2,2016
2016-04-22 10:00:00+00:00,464.55,466.38,42.82,19.72,3.6,TNP_0009,2,2016
2016-04-22 11:00:00+00:00,218.9,220.52,41.3,21.61,3.93,TNP_0009,2,2016
2016-04-22 12:00:00+00:00,36.95,37.22,39.03,25.83,4.2,TNP_0009,2,2016
2016-04-22 13:00:00+00:00,0.0,0.0,36.59,32.89,4.68,TNP_0009,2,2016
2016-04-22 14:00:00+00:00,0.0,0.0,34.83,40.03,4.74,TNP_0009,2,2016
2016-04-22 15:00:00+00:00,0.0,0.0,33.46,46.39,4.24,TNP_0009,2,2016
2016-04-22 16:00:00+00:00,0.0,0.0,32.49,51.47,4.05,TNP_0009,2,2016
2016-04-22 17:00:00+00:00,0.0,0.0,31.7,55.75,4.03,TNP_0009,2,2016
2016-04-22 18:00:00+00:00,0.0,0.0,31.09,58.74,4.11,TNP_0009,2,2016
2016-04-22 19:00:00+00:00,0.0,0.0,30.46,61.44,3.94,TNP_0009,2,2016
2016-04-22 20:00:00+00:00,0.0,0.0,29.68,64.93,3.68,TNP_0009,2,2016
2016-04-22 21:00:00+00:00,0.0,0.0,28.86,69.05,3.57,TNP_0009,2,2016
2016-04-22 22:00:00+00:00,0.0,0.0,28.15,72.97,3.53,TNP_0009,2,2016
2016-04-22 23:00:00+00:00,0.0,0.0,27.56,75.9,2.96,TNP_0009,2,2016
2016-04-23 00:00:00+00:00,9.82,9.85,27.29,76.46,2.25,TNP_0009,2,2016
2016-04-23 01:00:00+00:00,142.32,142.65,29.38,64.84,2.6,TNP_0009,2,2016
2016-04-23 02:00:00+00:00,348.95,349.62,33.24,45.28,2.5,TNP_0009,2,2016
2016-04-23 03:00:00+00:00,586.55,587.53,36.86,31.39,2.17,TNP_0009,2,2016
2016-04-23 04:00:00+00:00,784.88,786.42,39.59,24.28,2.0,TNP_0009,2,2016
2016-04-23 05:00:00+00:00,913.22,915.2,41.71,20.19,1.75,TNP_0009,2,2016
2016-04-23 06:00:00+00:00,958.47,959.0,43.25,17.75,1.53,TNP_0009,2,2016
2016-04-23 07:00:00+00:00,914.1,918.12,44.13,16.63,1.54,TNP_0009,2,2016
2016-04-23 08:00:00+00:00,817.65,822.78,44.37,16.38,1.85,TNP_0009,2,2016
2016-04-23 09:00:00+00:00,644.53,654.45,44.0,16.78,2.4,TNP_0009,2,2016
2016-04-23 10:00:00+00:00,427.65,437.9,43.09,17.84,3.05,TNP_0009,2,2016
2016-04-23 11:00:00+00:00,199.95,207.73,41.4,20.43,4.0,TNP_0009,2,2016
2016-04-23 12:00:00+00:00,32.88,33.85,38.79,26.48,5.22,TNP_0009,2,2016
2016-04-23 13:00:00+00:00,0.0,0.0,35.85,36.88,6.42,TNP_0009,2,2016
2016-04-23 14:00:00+00:00,0.0,0.0,33.7,48.15,6.87,TNP_0009,2,2016
2016-04-23 15:00:00+00:00,0.0,0.0,32.14,57.08,6.45,TNP_0009,2,2016
2016-04-23 16:00:00+00:00,0.0,0.0,31.27,61.62,5.89,TNP_0009,2,2016
2016-04-23 17:00:00+00:00,0.0,0.0,30.85,62.87,5.59,TNP_0009,2,2016
2016-04-23 18:00:00+00:00,0.0,0.0,30.58,62.82,5.29,TNP_0009,2,2016
2016-04-23 19:00:00+00:00,0.0,0.0,30.31,62.81,4.69,TNP_0009,2,2016
2016-04-23 20:00:00+00:00,0.0,0.0,30.0,63.21,3.8,TNP_0009,2,2016
2016-04-23 21:00:00+00:00,0.0,0.0,29.67,63.87,3.54,TNP_0009,2,2016
2016-04-23 22:00:00+00:00,0.0,0.0,29.24,65.05,3.16,TNP_0009,2,2016
2016-04-23 23:00:00+00:00,0.0,0.0,28.82,66.68,3.01,TNP_0009,2,2016
2016-04-24 00:00:00+00:00,9.9,10.93,28.62,67.82,3.18,TNP_0009,2,2016
2016-04-24 01:00:00+00:00,141.0,152.5,30.59,59.89,4.79,TNP_0009,2,2016
2016-04-24 02:00:00+00:00,356.2,381.23,33.9,46.61,5.15,TNP_0009,2,2016
2016-04-24 03:00:00+00:00,591.58,609.1,37.18,35.74,4.04,TNP_0009,2,2016
2016-04-24 04:00:00+00:00,793.33,793.42,40.03,28.32,2.43,TNP_0009,2,2016
2016-04-24 05:00:00+00:00,912.78,916.65,42.2,23.03,0.99,TNP_0009,2,2016
2016-04-24 06:00:00+00:00,957.4,961.55,43.76,19.66,0.31,TNP_0009,2,2016
2016-04-24 07:00:00+00:00,905.9,923.35,44.66,17.91,1.06,TNP_0009,2,2016
2016-04-24 08:00:00+00:00,806.78,829.5,44.89,17.29,1.72,TNP_0009,2,2016
2016-04-24 09:00:00+00:00,644.9,660.67,44.53,17.49,2.5,TNP_0009,2,2016
2016-04-24 10:00:00+00:00,409.38,436.98,43.23,19.1,3.61,TNP_0009,2,2016
2016-04-24 11:00:00+00:00,183.77,191.85,41.24,22.66,5.2,TNP_0009,2,2016
2016-04-24 12:00:00+00:00,26.38,28.98,38.69,29.22,6.66,TNP_0009,2,2016
2016-04-24 13:00:00+00:00,0.0,0.0,35.89,39.46,7.61,TNP_0009,2,2016
2016-04-24 14:00:00+00:00,0.0,0.0,33.75,49.05,7.63,TNP_0009,2,2016
2016-04-24 15:00:00+00:00,0.0,0.0,32.37,55.41,6.89,TNP_0009,2,2016
2016-04-24 16:00:00+00:00,0.0,0.0,31.59,58.4,6.29,TNP_0009,2,2016
2016-04-24 17:00:00+00:00,0.0,0.0,31.18,59.31,5.91,TNP_0009,2,2016
2016-04-24 18:00:00+00:00,0.0,0.0,30.83,59.71,5.66,TNP_0009,2,2016
2016-04-24 19:00:00+00:00,0.0,0.0,30.5,60.07,5.55,TNP_0009,2,2016
2016-04-24 20:00:00+00:00,0.0,0.0,30.19,60.36,5.46,TNP_0009,2,2016
2016-04-24 21:00:00+00:00,0.0,0.0,29.93,60.52,5.36,TNP_0009,2,2016
2016-04-24 22:00:00+00:00,0.0,0.0,29.62,61.29,4.79,TNP_0009,2,2016
2016-04-24 23:00:00+00:00,0.0,0.0,29.27,62.88,4.19,TNP_0009,2,2016
2016-04-25 00:00:00+00:00,9.98,11.2,29.0,64.7,3.6,TNP_0009,2,2016
2016-04-25 01:00:00+00:00,140.6,150.35,30.44,60.47,4.29,TNP_0009,2,2016
2016-04-25 02:00:00+00:00,335.98,372.55,32.91,50.98,4.51,TNP_0009,2,2016
2016-04-25 03:00:00+00:00,591.2,591.9,35.56,40.97,4.15,TNP_0009,2,2016
2016-04-25 04:00:00+00:00,772.38,772.42,37.69,34.41,3.77,TNP_0009,2,2016
2016-04-25 05:00:00+00:00,846.7,895.58,39.41,30.32,3.7,TNP_0009,2,2016
2016-04-25 06:00:00+00:00,950.9,954.72,40.57,28.0,3.84,TNP_0009,2,2016
2016-04-25 07:00:00+00:00,924.2,928.33,41.25,26.82,4.13,TNP_0009,2,2016
2016-04-25 08:00:00+00:00,817.83,823.45,41.37,26.67,4.5,TNP_0009,2,2016
2016-04-25 09:00:00+00:00,655.42,661.17,40.88,27.48,5.09,TNP_0009,2,2016
2016-04-25 10:00:00+00:00,449.35,452.65,39.71,29.58,5.78,TNP_0009,2,2016
2016-04-25 11:00:00+00:00,211.0,212.3,37.93,33.49,6.45,TNP_0009,2,2016
2016-04-25 12:00:00+00:00,37.65,37.72,35.67,39.9,7.08,TNP_0009,2,2016
2016-04-25 13:00:00+00:00,0.0,0.0,33.38,48.41,7.34,TNP_0009,2,2016
2016-04-25 14:00:00+00:00,0.0,0.0,31.79,55.77,6.83,TNP_0009,2,2016
2016-04-25 15:00:00+00:00,0.0,0.0,30.73,61.32,6.17,TNP_0009,2,2016
2016-04-25 16:00:00+00:00,0.0,0.0,30.05,65.01,5.75,TNP_0009,2,2016
2016-04-25 17:00:00+00:00,0.0,0.0,29.54,68.14,5.36,TNP_0009,2,2016
2016-04-25 18:00:00+00:00,0.0,0.0,29.03,71.57,4.96,TNP_0009,2,2016
2016-04-25 19:00:00+00:00,0.0,0.0,28.67,74.02,4.88,TNP_0009,2,2016
2016-04-25 20:00:00+00:00,0.0,0.0,28.37,75.85,4.85,TNP_0009,2,2016
2016-04-25 21:00:00+00:00,0.0,0.0,28.14,77.11,4.54,TNP_0009,2,2016
2016-04-25 22:00:00+00:00,0.0,0.0,27.91,78.26,4.11,TNP_0009,2,2016
2016-04-25 23:00:00+00:00,0.0,0.0,27.59,80.11,3.6,TNP_0009,2,2016
2016-04-26 00:00:00+00:00,10.32,11.7,27.31,82.34,3.42,TNP_0009,2,2016
2016-04-26 01:00:00+00:00,122.28,153.52,28.34,76.88,4.43,TNP_0009,2,2016
2016-04-26 02:00:00+00:00,267.2,375.38,30.41,64.27,4.94,TNP_0009,2,2016
2016-04-26 03:00:00+00:00,508.05,601.45,32.86,52.35,4.8,TNP_0009,2,2016
2016-04-26 04:00:00+00:00,613.47,786.7,35.14,43.77,4.57,TNP_0009,2,2016
2016-04-26 05:00:00+00:00,850.9,906.8,37.06,37.72,4.66,TNP_0009,2,2016
2016-04-26 06:00:00+00:00,925.55,960.67,38.31,33.97,5.03,TNP_0009,2,2016
2016-04-26 07:00:00+00:00,899.2,926.8,38.94,32.02,5.49,TNP_0009,2,2016
2016-04-26 08:00:00+00:00,756.45,821.97,39.0,31.79,5.95,TNP_0009,2,2016
2016-04-26 09:00:00+00:00,650.22,656.2,38.27,32.95,6.21,TNP_0009,2,2016
2016-04-26 10:00:00+00:00,441.3,446.27,36.9,35.0,6.25,TNP_0009,2,2016
2016-04-26 11:00:00+00:00,209.35,220.32,35.14,38.54,6.14,TNP_0009,2,2016
2016-04-26 12:00:00+00:00,36.97,38.0,33.2,43.86,5.83,TNP_0009,2,2016
2016-04-26 13:00:00+00:00,0.0,0.0,31.59,50.14,5.26,TNP_0009,2,2016
2016-04-26 14:00:00+00:00,0.0,0.0,30.5,56.21,4.73,TNP_0009,2,2016
2016-04-26 15:00:00+00:00,0.0,0.0,29.56,62.48,4.3,TNP_0009,2,2016
2016-04-26 16:00:00+00:00,0.0,0.0,28.63,69.19,3.75,TNP_0009,2,2016
2016-04-26 17:00:00+00:00,0.0,0.0,27.67,76.17,3.21,TNP_0009,2,2016
2016-04-26 18:00:00+00:00,0.0,0.0,26.84,82.47,2.97,TNP_0009,2,2016
2016-04-26 19:00:00+00:00,0.0,0.0,26.11,88.1,2.83,TNP_0009,2,2016
2016-04-26 20:00:00+00:00,0.0,0.0,25.6,92.21,2.77,TNP_0009,2,2016
2016-04-26 21:00:00+00:00,0.0,0.0,25.38,93.48,2.47,TNP_0009,2,2016
2016-04-26 22:00:00+00:00,0.0,0.0,25.16,94.13,1.98,TNP_0009,2,2016
2016-04-26 23:00:00+00:00,0.0,0.0,24.85,95.13,1.57,TNP_0009,2,2016
2016-04-27 00:00:00+00:00,12.23,13.52,24.78,94.68,1.67,TNP_0009,2,2016
2016-04-27 01:00:00+00:00,137.7,175.55,26.72,81.4,2.69,TNP_0009,2,2016
2016-04-27 02:00:00+00:00,328.7,415.73,29.78,60.59,3.17,TNP_0009,2,2016
2016-04-27 03:00:00+00:00,546.33,646.38,33.13,42.28,3.6,TNP_0009,2,2016
2016-04-27 04:00:00+00:00,752.2,834.25,36.02,31.52,4.04,TNP_0009,2,2016
2016-04-27 05:00:00+00:00,812.83,960.42,38.07,26.11,4.51,TNP_0009,2,2016
2016-04-27 06:00:00+00:00,965.78,1014.8,39.35,23.43,5.06,TNP_0009,2,2016
2016-04-27 07:00:00+00:00,940.5,987.55,39.91,22.69,5.63,TNP_0009,2,2016
2016-04-27 08:00:00+00:00,804.55,885.95,39.81,23.32,6.11,TNP_0009,2,2016
2016-04-27 09:00:00+00:00,677.67,716.8,39.21,24.66,6.38,TNP_0009,2,2016
2016-04-27 10:00:00+00:00,451.75,498.17,38.05,26.76,6.51,TNP_0009,2,2016
2016-04-27 11:00:00+00:00,224.52,255.65,36.25,30.76,6.45,TNP_0009,2,2016
2016-04-27 12:00:00+00:00,40.7,44.9,33.87,37.67,5.99,TNP_0009,2,2016
2016-04-27 13:00:00+00:00,0.0,0.0,31.64,47.14,4.82,TNP_0009,2,2016
2016-04-27 14:00:00+00:00,0.0,0.0,30.28,55.44,4.02,TNP_0009,2,2016
2016-04-27 15:00:00+00:00,0.0,0.0,29.16,63.12,3.49,TNP_0009,2,2016
2016-04-27 16:00:00+00:00,0.0,0.0,28.22,70.2,3.18,TNP_0009,2,2016
2016-04-27 17:00:00+00:00,0.0,0.0,27.25,77.29,2.65,TNP_0009,2,2016
2016-04-27 18:00:00+00:00,0.0,0.0,26.42,83.49,2.39,TNP_0009,2,2016
2016-04-27 19:00:00+00:00,0.0,0.0,25.7,88.86,2.27,TNP_0009,2,2016
2016-04-27 20:00:00+00:00,0.0,0.0,25.19,92.76,2.35,TNP_0009,2,2016
2016-04-27 21:00:00+00:00,0.0,0.0,24.82,95.44,2.52,TNP_0009,2,2016
2016-04-27 22:00:00+00:00,0.0,0.0,24.89,95.26,2.91,TNP_0009,2,2016
2016-04-27 23:00:00+00:00,0.0,0.0,24.92,95.48,2.89,TNP_0009,2,2016
2016-04-28 00:00:00+00:00,13.88,13.98,25.1,94.81,3.12,TNP_0009,2,2016
2016-04-28 01:00:00+00:00,172.1,175.1,26.63,85.19,4.71,TNP_0009,2,2016
2016-04-28 02:00:00+00:00,403.88,413.05,28.79,69.81,5.15,TNP_0009,2,2016
2016-04-28 03:00:00+00:00,625.1,643.85,31.52,52.3,5.29,TNP_0009,2,2016
2016-04-28 04:00:00+00:00,800.6,831.62,34.83,36.09,5.2,TNP_0009,2,2016
2016-04-28 05:00:00+00:00,955.3,957.28,37.87,25.01,4.79,TNP_0009,2,2016
2016-04-28 06:00:00+00:00,1030.43,1032.35,40.03,19.08,4.34,TNP_0009,2,2016
2016-04-28 07:00:00+00:00,1005.83,1006.3,41.4,16.15,4.07,TNP_0009,2,2016
2016-04-28 08:00:00+00:00,897.38,904.33,41.96,15.0,4.13,TNP_0009,2,2016
2016-04-28 09:00:00+00:00,734.33,737.2,41.81,14.91,4.42,TNP_0009,2,2016
2016-04-28 10:00:00+00:00,514.65,516.25,40.92,15.87,5.06,TNP_0009,2,2016
2016-04-28 11:00:00+00:00,265.9,267.05,39.27,18.3,5.75,TNP_0009,2,2016
2016-04-28 12:00:00+00:00,48.33,48.47,36.66,23.67,5.74,TNP_0009,2,2016
2016-04-28 13:00:00+00:00,0.0,0.0,33.58,33.97,5.59,TNP_0009,2,2016
2016-04-28 14:00:00+00:00,0.0,0.0,31.67,45.33,5.49,TNP_0009,2,2016
2016-04-28 15:00:00+00:00,0.0,0.0,30.07,56.07,4.69,TNP_0009,2,2016
2016-04-28 16:00:00+00:00,0.0,0.0,28.85,64.36,3.94,TNP_0009,2,2016
2016-04-28 17:00:00+00:00,0.0,0.0,27.87,70.77,3.42,TNP_0009,2,2016
2016-04-28 18:00:00+00:00,0.0,0.0,27.03,76.12,3.04,TNP_0009,2,2016
2016-04-28 19:00:00+00:00,0.0,0.0,26.33,80.49,2.78,TNP_0009,2,2016
2016-04-28 20:00:00+00:00,0.0,0.0,25.7,84.35,2.67,TNP_0009,2,2016
2016-04-28 21:00:00+00:00,0.0,0.0,25.15,87.32,2.61,TNP_0009,2,2016
2016-04-28 22:00:00+00:00,0.0,0.0,24.69,89.28,2.62,TNP_0009,2,2016
2016-04-28 23:00:00+00:00,0.0,0.0,24.27,90.48,2.64,TNP_0009,2,2016
2016-04-29 00:00:00+00:00,14.52,14.75,24.14,89.71,2.84,TNP_0009,2,2016
2016-04-29 01:00:00+00:00,171.82,181.05,26.52,75.79,4.32,TNP_0009,2,2016
2016-04-29 02:00:00+00:00,382.88,419.88,30.56,52.44,5.09,TNP_0009,2,2016
2016-04-29 03:00:00+00:00,618.2,648.35,34.5,33.5,5.2,TNP_0009,2,2016
2016-04-29 04:00:00+00:00,827.2,836.12,37.47,24.71,4.67,TNP_0009,2,2016
2016-04-29 05:00:00+00:00,906.1,958.7,39.55,20.82,4.31,TNP_0009,2,2016
2016-04-29 06:00:00+00:00,1010.35,1012.88,40.97,18.74,4.24,TNP_0009,2,2016
2016-04-29 07:00:00+00:00,979.03,984.7,41.75,17.64,4.28,TNP_0009,2,2016
2016-04-29 08:00:00+00:00,881.17,883.83,41.95,17.22,4.42,TNP_0009,2,2016
2016-04-29 09:00:00+00:00,707.75,714.42,41.6,17.43,4.82,TNP_0009,2,2016
2016-04-29 10:00:00+00:00,494.15,495.98,40.59,18.55,5.42,TNP_0009,2,2016
2016-04-29 11:00:00+00:00,249.27,255.05,38.93,20.91,5.93,TNP_0009,2,2016
2016-04-29 12:00:00+00:00,44.15,44.72,36.57,25.31,5.97,TNP_0009,2,2016
2016-04-29 13:00:00+00:00,0.0,0.0,33.87,32.92,5.76,TNP_0009,2,2016
2016-04-29 14:00:00+00:00,0.0,0.0,32.0,41.65,5.48,TNP_0009,2,2016
2016-04-29 15:00:00+00:00,0.0,0.0,30.38,50.98,4.75,TNP_0009,2,2016
2016-04-29 16:00:00+00:00,0.0,0.0,29.04,60.0,4.05,TNP_0009,2,2016
2016-04-29 17:00:00+00:00,0.0,0.0,27.88,68.15,3.42,TNP_0009,2,2016
2016-04-29 18:00:00+00:00,0.0,0.0,26.79,75.74,2.91,TNP_0009,2,2016
2016-04-29 19:00:00+00:00,0.0,0.0,25.81,82.85,2.71,TNP_0009,2,2016
2016-04-29 20:00:00+00:00,0.0,0.0,25.0,89.12,2.68,TNP_0009,2,2016
2016-04-29 21:00:00+00:00,0.0,0.0,24.39,93.82,2.56,TNP_0009,2,2016
2016-04-29 22:00:00+00:00,0.0,0.0,23.99,96.65,2.58,TNP_0009,2,2016
2016-04-29 23:00:00+00:00,0.0,0.0,23.82,97.59,2.72,TNP_0009,2,2016
2016-04-30 00:00:00+00:00,14.12,14.15,24.04,95.75,3.07,TNP_0009,2,2016
2016-04-30 01:00:00+00:00,172.02,173.0,26.25,83.09,4.54,TNP_0009,2,2016
2016-04-30 02:00:00+00:00,305.42,306.65,29.52,63.92,5.07,TNP_0009,2,2016
2016-04-30 03:00:00+00:00,504.33,506.6,32.81,45.96,4.74,TNP_0009,2,2016
2016-04-30 04:00:00+00:00,805.2,809.72,36.09,31.8,4.18,TNP_0009,2,2016
2016-04-30 05:00:00+00:00,931.7,934.9,38.75,23.39,3.78,TNP_0009,2,2016
2016-04-30 06:00:00+00:00,1007.75,1011.2,40.55,18.98,3.71,TNP_0009,2,2016
2016-04-30 07:00:00+00:00,976.12,983.65,41.58,16.78,3.84,TNP_0009,2,2016
2016-04-30 08:00:00+00:00,874.05,881.47,41.9,15.97,4.13,TNP_0009,2,2016
2016-04-30 09:00:00+00:00,706.75,715.03,41.62,15.98,4.51,TNP_0009,2,2016
2016-04-30 10:00:00+00:00,491.2,497.38,40.7,16.86,4.97,TNP_0009,2,2016
2016-04-30 11:00:00+00:00,251.38,254.85,39.11,19.18,5.53,TNP_0009,2,2016
2016-04-30 12:00:00+00:00,44.47,44.72,36.6,24.38,5.75,TNP_0009,2,2016
2016-04-30 13:00:00+00:00,0.0,0.0,33.61,34.39,5.91,TNP_0009,2,2016
2016-04-30 14:00:00+00:00,0.0,0.0,31.63,45.83,6.08,TNP_0009,2,2016
2016-04-30 15:00:00+00:00,0.0,0.0,30.0,56.77,5.33,TNP_0009,2,2016
2016-04-30 16:00:00+00:00,0.0,0.0,28.8,64.83,4.77,TNP_0009,2,2016
2016-04-30 17:00:00+00:00,0.0,0.0,27.88,70.74,4.1,TNP_0009,2,2016
2016-04-30 18:00:00+00:00,0.0,0.0,27.07,75.66,3.67,TNP_0009,2,2016
2016-04-30 19:00:00+00:00,0.0,0.0,26.33,79.98,3.29,TNP_0009,2,2016
2016-04-30 20:00:00+00:00,0.0,0.0,25.67,83.64,3.02,TNP_0009,2,2016
2016-04-30 21:00:00+00:00,0.0,0.0,25.15,85.95,2.79,TNP_0009,2,2016
2016-04-30 22:00:00+00:00,0.0,0.0,24.77,86.99,2.64,TNP_0009,2,2016
2016-04-30 23:00:00+00:00,0.0,0.0,24.5,87.19,2.54,TNP_0009,2,2016
2016-05-01 00:00:00+00:00,13.3,13.3,24.52,85.77,2.62,TNP_0009,2,2016
2016-05-01 01:00:00+00:00,161.3,161.32,27.1,72.1,4.34,TNP_0009,2,2016
2016-05-01 02:00:00+00:00,402.55,402.58,30.78,53.12,5.5,TNP_0009,2,2016
2016-05-01 03:00:00+00:00,645.53,645.58,34.29,37.35,5.17,TNP_0009,2,2016
2016-05-01 04:00:00+00:00,835.97,836.7,37.33,27.22,4.31,TNP_0009,2,2016
2016-05-01 05:00:00+00:00,962.15,963.9,39.73,20.54,3.57,TNP_0009,2,2016
2016-05-01 06:00:00+00:00,1027.9,1029.4,41.5,16.37,3.2,TNP_0009,2,2016
2016-05-01 07:00:00+00:00,1001.53,1004.2,42.59,13.98,3.16,TNP_0009,2,2016
2016-05-01 08:00:00+00:00,902.95,903.3,43.02,12.84,3.39,TNP_0009,2,2016
2016-05-01 09:00:00+00:00,730.47,735.15,42.76,12.7,3.83,TNP_0009,2,2016
2016-05-01 10:00:00+00:00,513.3,514.97,41.8,13.52,4.46,TNP_0009,2,2016
2016-05-01 11:00:00+00:00,267.4,268.58,40.11,15.71,5.33,TNP_0009,2,2016
2016-05-01 12:00:00+00:00,48.7,49.08,37.36,21.08,6.03,TNP_0009,2,2016
2016-05-01 13:00:00+00:00,0.0,0.0,34.11,32.31,6.89,TNP_0009,2,2016
2016-05-01 14:00:00+00:00,0.0,0.0,31.81,46.14,6.83,TNP_0009,2,2016
2016-05-01 15:00:00+00:00,0.0,0.0,30.13,58.94,6.36,TNP_0009,2,2016
2016-05-01 16:00:00+00:00,0.0,0.0,29.07,67.11,5.56,TNP_0009,2,2016
2016-05-01 17:00:00+00:00,0.0,0.0,28.35,71.94,4.91,TNP_0009,2,2016
2016-05-01 18:00:00+00:00,0.0,0.0,27.81,75.26,4.48,TNP_0009,2,2016
2016-05-01 19:00:00+00:00,0.0,0.0,27.36,77.75,4.15,TNP_0009,2,2016
2016-05-01 20:00:00+00:00,0.0,0.0,27.0,79.47,4.03,TNP_0009,2,2016
2016-05-01 21:00:00+00:00,0.0,0.0,26.68,80.6,3.67,TNP_0009,2,2016
2016-05-01 22:00:00+00:00,0.0,0.0,26.34,81.31,3.11,TNP_0009,2,2016
2016-05-01 23:00:00+00:00,0.0,0.0,26.03,81.6,2.85,TNP_0009,2,2016
2016-05-02 00:00:00+00:00,15.45,15.55,25.97,80.73,2.73,TNP_0009,2,2016
2016-05-02 01:00:00+00:00,189.7,191.07,28.29,68.78,4.27,TNP_0009,2,2016
2016-05-02 02:00:00+00:00,432.83,434.65,32.02,50.88,5.24,TNP_0009,2,2016
2016-05-02 03:00:00+00:00,660.25,661.75,35.39,37.39,4.76,TNP_0009,2,2016
2016-05-02 04:00:00+00:00,841.25,842.12,38.27,27.94,3.75,TNP_0009,2,2016
2016-05-02 05:00:00+00:00,962.38,962.85,40.67,21.33,2.74,TNP_0009,2,2016
2016-05-02 06:00:00+00:00,1005.5,1007.45,42.41,17.63,2.08,TNP_0009,2,2016
2016-05-02 07:00:00+00:00,979.1,979.83,43.51,15.89,2.11,TNP_0009,2,2016
2016-05-02 08:00:00+00:00,878.25,881.12,43.97,15.17,2.77,TNP_0009,2,2016
2016-05-02 09:00:00+00:00,705.28,711.6,43.71,15.19,3.74,TNP_0009,2,2016
2016-05-02 10:00:00+00:00,496.9,498.6,42.63,16.19,4.99,TNP_0009,2,2016
2016-05-02 11:00:00+00:00,240.5,257.95,40.67,18.93,6.37,TNP_0009,2,2016
2016-05-02 12:00:00+00:00,42.42,46.2,37.68,25.11,7.42,TNP_0009,2,2016
2016-05-02 13:00:00+00:00,0.0,0.0,34.33,36.13,7.43,TNP_0009,2,2016
2016-05-02 14:00:00+00:00,0.0,0.0,31.91,49.39,7.19,TNP_0009,2,2016
2016-05-02 15:00:00+00:00,0.0,0.0,30.46,59.48,5.94,TNP_0009,2,2016
2016-05-02 16:00:00+00:00,0.0,0.0,29.66,65.91,4.81,TNP_0009,2,2016
2016-05-02 17:00:00+00:00,0.0,0.0,29.13,69.95,4.15,TNP_0009,2,2016
2016-05-02 18:00:00+00:00,0.0,0.0,28.7,72.82,3.83,TNP_0009,2,2016
2016-05-02 19:00:00+00:00,0.0,0.0,28.3,74.84,3.85,TNP_0009,2,2016
2016-05-02 20:00:00+00:00,0.0,0.0,27.94,76.34,3.82,TNP_0009,2,2016
2016-05-02 21:00:00+00:00,0.0,0.0,27.63,77.28,3.63,TNP_0009,2,2016
2016-05-02 22:00:00+00:00,0.0,0.0,27.27,78.17,3.08,TNP_0009,2,2016
2016-05-02 23:00:00+00:00,0.0,0.0,26.86,79.08,2.61,TNP_0009,2,2016
2016-05-03 00:00:00+00:00,13.93,13.95,26.58,79.47,2.69,TNP_0009,2,2016
2016-05-03 01:00:00+00:00,175.62,176.88,28.47,70.26,4.48,TNP_0009,2,2016
2016-05-03 02:00:00+00:00,419.45,422.77,31.5,54.69,5.57,TNP_0009,2,2016
2016-05-03 03:00:00+00:00,646.53,650.03,34.62,39.41,5.76,TNP_0009,2,2016
2016-05-03 04:00:00+00:00,824.65,833.9,37.29,30.02,5.49,TNP_0009,2,2016
2016-05-03 05:00:00+00:00,941.38,956.45,39.52,24.13,5.01,TNP_0009,2,2016
2016-05-03 06:00:00+00:00,1004.85,1006.6,41.15,20.41,4.55,TNP_0009,2,2016
2016-05-03 07:00:00+00:00,977.53,980.12,42.17,18.21,4.36,TNP_0009,2,2016
2016-05-03 08:00:00+00:00,879.17,880.42,42.52,17.32,4.52,TNP_0009,2,2016
2016-05-03 09:00:00+00:00,710.1,714.67,42.25,17.48,4.9,TNP_0009,2,2016
2016-05-03 10:00:00+00:00,496.27,499.85,41.32,18.77,5.46,TNP_0009,2,2016
2016-05-03 11:00:00+00:00,237.48,259.77,39.63,21.64,6.12,TNP_0009,2,2016
2016-05-03 12:00:00+00:00,39.1,46.78,37.1,27.29,6.68,TNP_0009,2,2016
2016-05-03 13:00:00+00:00,0.0,0.0,34.18,37.37,6.71,TNP_0009,2,2016
2016-05-03 14:00:00+00:00,0.0,0.0,31.93,49.39,6.65,TNP_0009,2,2016
2016-05-03 15:00:00+00:00,0.0,0.0,30.32,59.47,6.19,TNP_0009,2,2016
2016-05-03 16:00:00+00:00,0.0,0.0,29.29,66.58,5.8,TNP_0009,2,2016
2016-05-03 17:00:00+00:00,0.0,0.0,28.52,72.46,5.49,TNP_0009,2,2016
2016-05-03 18:00:00+00:00,0.0,0.0,27.87,77.44,5.3,TNP_0009,2,2016
2016-05-03 19:00:00+00:00,0.0,0.0,27.32,81.37,4.96,TNP_0009,2,2016
2016-05-03 20:00:00+00:00,0.0,0.0,26.85,84.26,4.63,TNP_0009,2,2016
2016-05-03 21:00:00+00:00,0.0,0.0,26.44,86.53,3.99,TNP_0009,2,2016
2016-05-03 22:00:00+00:00,0.0,0.0,26.08,88.36,3.34,TNP_0009,2,2016
2016-05-03 23:00:00+00:00,0.0,0.0,25.74,89.88,2.58,TNP_0009,2,2016
2016-05-04 00:00:00+00:00,13.18,14.35,25.58,90.34,2.1,TNP_0009,2,2016
2016-05-04 01:00:00+00:00,147.32,166.55,27.41,79.2,3.41,TNP_0009,2,2016
2016-05-04 02:00:00+00:00,345.98,401.75,30.26,61.42,4.22,TNP_0009,2,2016
2016-05-04 03:00:00+00:00,596.45,631.6,33.23,46.92,4.25,TNP_0009,2,2016
2016-05-04 04:00:00+00:00,784.97,816.4,35.9,37.24,4.14,TNP_0009,2,2016
2016-05-04 05:00:00+00:00,908.78,939.6,38.12,30.52,4.15,TNP_0009,2,2016
2016-05-04 06:00:00+00:00,975.92,983.53,39.68,26.38,4.25,TNP_0009,2,2016
2016-05-04 07:00:00+00:00,947.75,956.2,40.63,23.76,4.36,TNP_0009,2,2016
2016-05-04 08:00:00+00:00,851.85,855.38,40.86,22.74,4.5,TNP_0009,2,2016
2016-05-04 09:00:00+00:00,685.42,690.03,40.34,22.95,4.56,TNP_0009,2,2016
2016-05-04 10:00:00+00:00,473.85,475.5,39.42,24.01,4.67,TNP_0009,2,2016
2016-05-04 11:00:00+00:00,238.4,240.0,38.13,26.3,4.99,TNP_0009,2,2016
2016-05-04 12:00:00+00:00,42.78,43.08,36.21,31.01,5.44,TNP_0009,2,2016
2016-05-04 13:00:00+00:00,0.0,0.0,33.9,39.47,5.89,TNP_0009,2,2016
2016-05-04 14:00:00+00:00,0.0,0.0,32.12,49.14,6.44,TNP_0009,2,2016
2016-05-04 15:00:00+00:00,0.0,0.0,30.65,58.0,6.08,TNP_0009,2,2016
2016-05-04 16:00:00+00:00,0.0,0.0,29.65,64.13,5.42,TNP_0009,2,2016
2016-05-04 17:00:00+00:00,0.0,0.0,28.94,68.75,4.66,TNP_0009,2,2016
2016-05-04 18:00:00+00:00,0.0,0.0,28.35,72.48,4.09,TNP_0009,2,2016
2016-05-04 19:00:00+00:00,0.0,0.0,27.83,75.78,3.66,TNP_0009,2,2016
2016-05-04 20:00:00+00:00,0.0,0.0,27.34,79.08,3.24,TNP_0009,2,2016
2016-05-04 21:00:00+00:00,0.0,0.0,26.87,82.33,2.65,TNP_0009,2,2016
2016-05-04 22:00:00+00:00,0.0,0.0,26.4,85.47,1.89,TNP_0009,2,2016
2016-05-04 23:00:00+00:00,0.0,0.0,25.94,88.54,1.43,TNP_0009,2,2016
2016-05-05 00:00:00+00:00,11.82,13.27,25.85,89.61,1.58,TNP_0009,2,2016
2016-05-05 01:00:00+00:00,131.43,158.93,27.56,79.69,3.21,TNP_0009,2,2016
2016-05-05 02:00:00+00:00,305.33,390.7,30.06,63.43,4.05,TNP_0009,2,2016
2016-05-05 03:00:00+00:00,518.12,619.35,32.88,48.09,4.07,TNP_0009,2,2016
2016-05-05 04:00:00+00:00,635.08,803.8,35.58,36.81,3.94,TNP_0009,2,2016
2016-05-05 05:00:00+00:00,917.08,926.5,37.78,29.45,3.89,TNP_0009,2,2016
2016-05-05 06:00:00+00:00,948.95,959.38,39.25,25.04,3.94,TNP_0009,2,2016
2016-05-05 07:00:00+00:00,834.95,931.95,39.91,22.91,4.1,TNP_0009,2,2016
2016-05-05 08:00:00+00:00,812.03,830.95,39.97,22.28,4.35,TNP_0009,2,2016
2016-05-05 09:00:00+00:00,608.92,666.25,39.47,22.78,4.69,TNP_0009,2,2016
2016-05-05 10:00:00+00:00,442.77,455.33,38.53,24.18,5.13,TNP_0009,2,2016
2016-05-05 11:00:00+00:00,210.02,225.73,37.16,26.74,5.58,TNP_0009,2,2016
2016-05-05 12:00:00+00:00,37.47,39.5,35.26,31.49,5.94,TNP_0009,2,2016
2016-05-05 13:00:00+00:00,0.0,0.0,33.12,39.53,5.98,TNP_0009,2,2016
2016-05-05 14:00:00+00:00,0.0,0.0,31.57,48.7,5.94,TNP_0009,2,2016
2016-05-05 15:00:00+00:00,0.0,0.0,30.25,58.46,5.69,TNP_0009,2,2016
2016-05-05 16:00:00+00:00,0.0,0.0,29.24,65.84,4.95,TNP_0009,2,2016
2016-05-05 17:00:00+00:00,0.0,0.0,28.44,70.93,4.29,TNP_0009,2,2016
2016-05-05 18:00:00+00:00,0.0,0.0,27.75,75.34,3.58,TNP_0009,2,2016
2016-05-05 19:00:00+00:00,0.0,0.0,27.12,79.2,3.04,TNP_0009,2,2016
2016-05-05 20:00:00+00:00,0.0,0.0,26.59,82.28,2.59,TNP_0009,2,2016
2016-05-05 21:00:00+00:00,0.0,0.0,26.15,84.6,2.27,TNP_0009,2,2016
2016-05-05 22:00:00+00:00,0.0,0.0,25.79,86.34,2.13,TNP_0009,2,2016
2016-05-05 23:00:00+00:00,0.0,0.0,25.51,87.5,2.02,TNP_0009,2,2016
2016-05-06 00:00:00+00:00,13.15,13.7,25.54,86.88,2.04,TNP_0009,2,2016
2016-05-06 01:00:00+00:00,133.62,149.1,27.33,76.83,3.3,TNP_0009,2,2016
2016-05-06 02:00:00+00:00,327.4,394.77,30.1,60.5,4.33,TNP_0009,2,2016
2016-05-06 03:00:00+00:00,562.83,620.33,32.61,47.99,3.96,TNP_0009,2,2016
2016-05-06 04:00:00+00:00,759.1,799.95,34.87,38.62,2.92,TNP_0009,2,2016
2016-05-06 05:00:00+00:00,727.97,919.12,36.87,31.58,1.9,TNP_0009,2,2016
2016-05-06 06:00:00+00:00,918.1,939.08,38.31,27.23,1.57,TNP_0009,2,2016
2016-05-06 07:00:00+00:00,814.22,907.85,39.21,25.08,2.1,TNP_0009,2,2016
2016-05-06 08:00:00+00:00,577.75,799.35,39.49,24.57,2.84,TNP_0009,2,2016
2016-05-06 09:00:00+00:00,495.62,634.03,38.89,25.64,3.46,TNP_0009,2,2016
2016-05-06 10:00:00+00:00,307.12,423.48,37.81,27.77,3.95,TNP_0009,2,2016
2016-05-06 11:00:00+00:00,160.2,208.9,36.45,31.01,4.49,TNP_0009,2,2016
2016-05-06 12:00:00+00:00,28.58,37.35,34.61,36.91,4.73,TNP_0009,2,2016
2016-05-06 13:00:00+00:00,0.0,0.0,32.66,44.76,5.03,TNP_0009,2,2016
2016-05-06 14:00:00+00:00,0.0,0.0,31.22,52.21,5.41,TNP_0009,2,2016
2016-05-06 15:00:00+00:00,0.0,0.0,29.86,60.64,5.3,TNP_0009,2,2016
2016-05-06 16:00:00+00:00,0.0,0.0,28.77,67.74,4.67,TNP_0009,2,2016
2016-05-06 17:00:00+00:00,0.0,0.0,28.1,72.25,3.95,TNP_0009,2,2016
2016-05-06 18:00:00+00:00,0.0,0.0,27.63,75.72,3.43,TNP_0009,2,2016
2016-05-06 19:00:00+00:00,0.0,0.0,27.26,78.48,3.05,TNP_0009,2,2016
2016-05-06 20:00:00+00:00,0.0,0.0,26.96,80.87,2.86,TNP_0009,2,2016
2016-05-06 21:00:00+00:00,0.0,0.0,26.71,83.01,2.6,TNP_0009,2,2016
2016-05-06 22:00:00+00:00,0.0,0.0,26.54,84.61,2.32,TNP_0009,2,2016
2016-05-06 23:00:00+00:00,0.0,0.0,26.45,85.68,2.06,TNP_0009,2,2016
2016-05-07 00:00:00+00:00,12.73,14.32,26.4,86.44,1.89,TNP_0009,2,2016
2016-05-07 01:00:00+00:00,137.98,150.0,27.22,81.92,2.63,TNP_0009,2,2016
2016-05-07 02:00:00+00:00,325.42,358.2,28.85,70.62,3.19,TNP_0009,2,2016
2016-05-07 03:00:00+00:00,570.47,580.95,30.97,57.31,3.22,TNP_0009,2,2016
2016-05-07 04:00:00+00:00,750.6,770.38,33.23,46.31,2.64,TNP_0009,2,2016
2016-05-07 05:00:00+00:00,897.05,904.17,35.16,39.05,1.91,TNP_0009,2,2016
2016-05-07 06:00:00+00:00,937.22,946.08,36.42,35.07,1.63,TNP_0009,2,2016
2016-05-07 07:00:00+00:00,892.53,919.35,37.28,32.7,1.92,TNP_0009,2,2016
2016-05-07 08:00:00+00:00,778.05,819.95,37.67,31.55,2.58,TNP_0009,2,2016
2016-05-07 09:00:00+00:00,613.92,653.47,37.57,31.39,3.3,TNP_0009,2,2016
2016-05-07 10:00:00+00:00,419.7,437.98,36.77,32.81,4.03,TNP_0009,2,2016
2016-05-07 11:00:00+00:00,200.5,213.65,35.53,35.75,4.68,TNP_0009,2,2016
2016-05-07 12:00:00+00:00,37.62,38.67,33.72,41.9,4.91,TNP_0009,2,2016
2016-05-07 13:00:00+00:00,0.0,0.0,31.86,49.53,5.49,TNP_0009,2,2016
2016-05-07 14:00:00+00:00,0.0,0.0,30.65,56.22,6.02,TNP_0009,2,2016
2016-05-07 15:00:00+00:00,0.0,0.0,29.6,64.14,5.88,TNP_0009,2,2016
2016-05-07 16:00:00+00:00,0.0,0.0,28.74,71.96,5.59,TNP_0009,2,2016
2016-05-07 17:00:00+00:00,0.0,0.0,28.16,77.31,4.96,TNP_0009,2,2016
2016-05-07 18:00:00+00:00,0.0,0.0,27.76,80.42,4.48,TNP_0009,2,2016
2016-05-07 19:00:00+00:00,0.0,0.0,27.46,82.37,4.19,TNP_0009,2,2016
2016-05-07 20:00:00+00:00,0.0,0.0,27.19,83.7,3.91,TNP_0009,2,2016
2016-05-07 21:00:00+00:00,0.0,0.0,26.96,84.67,3.55,TNP_0009,2,2016
2016-05-07 22:00:00+00:00,0.0,0.0,26.77,85.37,3.18,TNP_0009,2,2016
2016-05-07 23:00:00+00:00,0.0,0.0,26.62,86.0,2.71,TNP_0009,2,2016
2016-05-08 00:00:00+00:00,15.07,15.18,26.53,86.49,2.02,TNP_0009,2,2016
2016-05-08 01:00:00+00:00,163.43,165.75,27.47,80.51,2.7,TNP_0009,2,2016
2016-05-08 02:00:00+00:00,394.02,401.0,28.9,70.78,3.19,TNP_0009,2,2016
2016-05-08 03:00:00+00:00,616.08,622.58,30.28,62.49,3.01,TNP_0009,2,2016
2016-05-08 04:00:00+00:00,795.83,802.9,31.63,55.82,2.36,TNP_0009,2,2016
2016-05-08 05:00:00+00:00,897.58,926.25,32.91,49.73,1.54,TNP_0009,2,2016
2016-05-08 06:00:00+00:00,944.72,956.62,34.0,45.15,1.02,TNP_0009,2,2016
2016-05-08 07:00:00+00:00,892.38,927.38,34.98,41.91,1.37,TNP_0009,2,2016
2016-05-08 08:00:00+00:00,694.78,823.58,35.32,40.77,1.98,TNP_0009,2,2016
2016-05-08 09:00:00+00:00,470.88,658.35,35.03,41.48,2.17,TNP_0009,2,2016
2016-05-08 10:00:00+00:00,219.48,450.42,34.47,42.89,1.99,TNP_0009,2,2016
2016-05-08 11:00:00+00:00,127.65,226.05,33.73,45.36,1.49,TNP_0009,2,2016
2016-05-08 12:00:00+00:00,24.58,40.85,32.55,52.31,0.77,TNP_0009,2,2016
2016-05-08 13:00:00+00:00,0.0,0.0,31.41,59.97,0.89,TNP_0009,2,2016
2016-05-08 14:00:00+00:00,0.0,0.0,30.55,62.93,2.1,TNP_0009,2,2016
2016-05-08 15:00:00+00:00,0.0,0.0,29.32,72.35,2.69,TNP_0009,2,2016
2016-05-08 16:00:00+00:00,0.0,0.0,28.56,75.25,2.8,TNP_0009,2,2016
2016-05-08 17:00:00+00:00,0.0,0.0,27.99,77.58,2.67,TNP_0009,2,2016
2016-05-08 18:00:00+00:00,0.0,0.0,27.48,80.06,2.49,TNP_0009,2,2016
2016-05-08 19:00:00+00:00,0.0,0.0,27.01,82.77,2.26,TNP_0009,2,2016
2016-05-08 20:00:00+00:00,0.0,0.0,26.55,85.66,2.0,TNP_0009,2,2016
2016-05-08 21:00:00+00:00,0.0,0.0,26.13,88.37,1.7,TNP_0009,2,2016
2016-05-08 22:00:00+00:00,0.0,0.0,25.81,90.54,1.38,TNP_0009,2,2016
2016-05-08 23:00:00+00:00,0.0,0.0,25.54,92.03,1.2,TNP_0009,2,2016
2016-05-09 00:00:00+00:00,10.1,15.15,25.57,91.92,1.13,TNP_0009,2,2016
2016-05-09 01:00:00+00:00,117.18,156.43,26.9,83.85,1.66,TNP_0009,2,2016
2016-05-09 02:00:00+00:00,282.4,369.1,28.92,70.54,1.91,TNP_0009,2,2016
2016-05-09 03:00:00+00:00,511.42,587.08,31.19,58.04,1.5,TNP_0009,2,2016
2016-05-09 04:00:00+00:00,701.28,775.2,33.09,49.58,0.99,TNP_0009,2,2016
2016-05-09 05:00:00+00:00,840.4,895.45,34.79,42.63,1.19,TNP_0009,2,2016
2016-05-09 06:00:00+00:00,876.17,958.88,36.1,37.59,1.81,TNP_0009,2,2016
2016-05-09 07:00:00+00:00,756.83,928.28,37.02,34.2,2.39,TNP_0009,2,2016
2016-05-09 08:00:00+00:00,721.8,825.72,37.61,32.15,2.91,TNP_0009,2,2016
2016-05-09 09:00:00+00:00,534.05,658.7,37.65,31.5,3.44,TNP_0009,2,2016
2016-05-09 10:00:00+00:00,404.23,450.9,37.08,32.36,4.01,TNP_0009,2,2016
2016-05-09 11:00:00+00:00,193.95,226.88,35.82,35.18,4.52,TNP_0009,2,2016
2016-05-09 12:00:00+00:00,38.03,42.4,33.57,43.08,4.35,TNP_0009,2,2016
2016-05-09 13:00:00+00:00,0.0,0.0,31.17,53.07,4.71,TNP_0009,2,2016
2016-05-09 14:00:00+00:00,0.0,0.0,30.05,58.87,5.45,TNP_0009,2,2016
2016-05-09 15:00:00+00:00,0.0,0.0,28.98,65.92,5.38,TNP_0009,2,2016
2016-05-09 16:00:00+00:00,0.0,0.0,28.19,72.09,4.84,TNP_0009,2,2016
2016-05-09 17:00:00+00:00,0.0,0.0,27.6,77.17,4.03,TNP_0009,2,2016
2016-05-09 18:00:00+00:00,0.0,0.0,27.15,81.25,3.31,TNP_0009,2,2016
2016-05-09 19:00:00+00:00,0.0,0.0,26.75,84.53,2.76,TNP_0009,2,2016
2016-05-09 20:00:00+00:00,0.0,0.0,26.39,87.01,2.41,TNP_0009,2,2016
2016-05-09 21:00:00+00:00,0.0,0.0,26.03,89.04,1.98,TNP_0009,2,2016
2016-05-09 22:00:00+00:00,0.0,0.0,25.67,90.79,1.56,TNP_0009,2,2016
2016-05-09 23:00:00+00:00,0.0,0.0,25.34,92.11,1.38,TNP_0009,2,2016
2016-05-10 00:00:00+00:00,15.02,15.43,25.38,91.43,1.48,TNP_0009,2,2016
2016-05-10 01:00:00+00:00,153.45,161.48,27.21,79.09,2.18,TNP_0009,2,2016
2016-05-10 02:00:00+00:00,368.92,400.35,30.16,59.13,2.53,TNP_0009,2,2016
2016-05-10 03:00:00+00:00,607.5,627.22,32.68,47.52,2.44,TNP_0009,2,2016
2016-05-10 04:00:00+00:00,789.45,805.22,34.66,40.37,2.35,TNP_0009,2,2016
2016-05-10 05:00:00+00:00,739.47,922.33,36.35,34.88,2.54,TNP_0009,2,2016
2016-05-10 06:00:00+00:00,959.17,979.1,37.75,30.9,2.75,TNP_0009,2,2016
2016-05-10 07:00:00+00:00,887.85,952.65,38.72,28.36,3.03,TNP_0009,2,2016
2016-05-10 08:00:00+00:00,729.03,855.38,39.15,27.09,3.48,TNP_0009,2,2016
2016-05-10 09:00:00+00:00,593.95,694.33,38.99,27.12,3.88,TNP_0009,2,2016
2016-05-10 10:00:00+00:00,418.98,484.58,38.15,28.41,4.38,TNP_0009,2,2016
2016-05-10 11:00:00+00:00,209.32,249.82,36.54,31.66,5.05,TNP_0009,2,2016
2016-05-10 12:00:00+00:00,41.17,46.28,34.43,37.64,5.37,TNP_0009,2,2016
2016-05-10 13:00:00+00:00,0.0,0.0,32.25,44.99,6.2,TNP_0009,2,2016
2016-05-10 14:00:00+00:00,0.0,0.0,30.56,52.59,6.5,TNP_0009,2,2016
2016-05-10 15:00:00+00:00,0.0,0.0,29.2,60.94,6.02,TNP_0009,2,2016
2016-05-10 16:00:00+00:00,0.0,0.0,28.39,68.39,5.31,TNP_0009,2,2016
2016-05-10 17:00:00+00:00,0.0,0.0,27.89,73.67,4.33,TNP_0009,2,2016
2016-05-10 18:00:00+00:00,0.0,0.0,27.44,77.67,3.55,TNP_0009,2,2016
2016-05-10 19:00:00+00:00,0.0,0.0,26.97,81.03,2.99,TNP_0009,2,2016
2016-05-10 20:00:00+00:00,0.0,0.0,26.54,83.4,2.86,TNP_0009,2,2016
2016-05-10 21:00:00+00:00,0.0,0.0,26.11,85.1,2.67,TNP_0009,2,2016
2016-05-10 22:00:00+00:00,0.0,0.0,25.59,86.67,2.39,TNP_0009,2,2016
2016-05-10 23:00:00+00:00,0.0,0.0,24.93,88.34,2.11,TNP_0009,2,2016
2016-05-11 00:00:00+00:00,10.32,15.7,24.68,87.53,2.19,TNP_0009,2,2016
2016-05-11 01:00:00+00:00,106.75,185.23,26.95,72.96,2.98,TNP_0009,2,2016
2016-05-11 02:00:00+00:00,272.45,418.3,30.16,50.85,2.54,TNP_0009,2,2016
2016-05-11 03:00:00+00:00,515.85,639.05,33.03,36.93,3.17,TNP_0009,2,2016
2016-05-11 04:00:00+00:00,757.8,816.97,35.32,29.56,3.72,TNP_0009,2,2016
2016-05-11 05:00:00+00:00,846.85,933.62,36.99,25.56,4.08,TNP_0009,2,2016
2016-05-11 06:00:00+00:00,923.17,962.2,38.12,23.46,4.41,TNP_0009,2,2016
2016-05-11 07:00:00+00:00,857.88,935.15,38.74,22.82,4.77,TNP_0009,2,2016
2016-05-11 08:00:00+00:00,736.53,834.28,38.88,23.14,5.11,TNP_0009,2,2016
2016-05-11 09:00:00+00:00,545.55,665.2,38.41,24.14,5.19,TNP_0009,2,2016
2016-05-11 10:00:00+00:00,311.67,445.88,37.58,25.53,4.97,TNP_0009,2,2016
2016-05-11 11:00:00+00:00,143.5,215.23,36.35,27.54,4.69,TNP_0009,2,2016
2016-05-11 12:00:00+00:00,30.52,41.2,34.54,31.76,4.05,TNP_0009,2,2016
2016-05-11 13:00:00+00:00,0.0,0.0,32.29,38.78,3.7,TNP_0009,2,2016
2016-05-11 14:00:00+00:00,0.0,0.0,31.33,41.34,4.29,TNP_0009,2,2016
2016-05-11 15:00:00+00:00,0.0,0.0,30.28,45.25,4.36,TNP_0009,2,2016
2016-05-11 16:00:00+00:00,0.0,0.0,29.37,49.44,4.06,TNP_0009,2,2016
2016-05-11 17:00:00+00:00,0.0,0.0,28.62,53.29,3.63,TNP_0009,2,2016
2016-05-11 18:00:00+00:00,0.0,0.0,27.93,57.0,3.26,TNP_0009,2,2016
2016-05-11 19:00:00+00:00,0.0,0.0,27.35,60.49,3.0,TNP_0009,2,2016
2016-05-11 20:00:00+00:00,0.0,0.0,26.84,63.86,2.74,TNP_0009,2,2016
2016-05-11 21:00:00+00:00,0.0,0.0,26.37,66.93,2.45,TNP_0009,2,2016
2016-05-11 22:00:00+00:00,0.0,0.0,25.92,69.66,2.21,TNP_0009,2,2016
2016-05-11 23:00:00+00:00,0.0,0.0,25.51,72.06,2.09,TNP_0009,2,2016
2016-05-12 00:00:00+00:00,16.35,16.7,25.53,72.21,2.3,TNP_0009,2,2016
2016-05-12 01:00:00+00:00,152.5,172.05,27.99,61.43,3.41,TNP_0009,2,2016
2016-05-12 02:00:00+00:00,343.2,397.52,31.74,45.61,2.94,TNP_0009,2,2016
2016-05-12 03:00:00+00:00,578.25,618.42,34.64,35.87,2.0,TNP_0009,2,2016
2016-05-12 04:00:00+00:00,772.88,797.95,36.9,29.68,0.95,TNP_0009,2,2016
2016-05-12 05:00:00+00:00,915.92,917.33,38.79,25.04,0.45,TNP_0009,2,2016
2016-05-12 06:00:00+00:00,950.25,963.03,40.15,22.37,1.33,TNP_0009,2,2016
2016-05-12 07:00:00+00:00,879.3,934.75,40.86,21.24,2.26,TNP_0009,2,2016
2016-05-12 08:00:00+00:00,781.4,836.88,40.99,21.05,3.36,TNP_0009,2,2016
2016-05-12 09:00:00+00:00,619.08,676.05,40.41,21.95,4.48,TNP_0009,2,2016
2016-05-12 10:00:00+00:00,429.45,470.92,39.73,23.4,5.55,TNP_0009,2,2016
2016-05-12 11:00:00+00:00,223.38,242.73,38.12,26.8,6.5,TNP_0009,2,2016
2016-05-12 12:00:00+00:00,44.4,45.53,35.85,32.54,6.88,TNP_0009,2,2016
2016-05-12 13:00:00+00:00,0.0,0.0,33.65,39.48,6.53,TNP_0009,2,2016
2016-05-12 14:00:00+00:00,0.0,0.0,32.27,45.08,5.9,TNP_0009,2,2016
2016-05-12 15:00:00+00:00,0.0,0.0,31.25,49.83,5.12,TNP_0009,2,2016
2016-05-12 16:00:00+00:00,0.0,0.0,30.44,53.99,4.52,TNP_0009,2,2016
2016-05-12 17:00:00+00:00,0.0,0.0,29.71,57.78,4.0,TNP_0009,2,2016
2016-05-12 18:00:00+00:00,0.0,0.0,29.07,61.04,3.65,TNP_0009,2,2016
2016-05-12 19:00:00+00:00,0.0,0.0,28.5,63.6,3.38,TNP_0009,2,2016
2016-05-12 20:00:00+00:00,0.0,0.0,27.99,65.96,3.09,TNP_0009,2,2016
2016-05-12 21:00:00+00:00,0.0,0.0,27.56,67.88,2.89,TNP_0009,2,2016
2016-05-12 22:00:00+00:00,0.0,0.0,27.11,69.74,2.46,TNP_0009,2,2016
2016-05-12 23:00:00+00:00,0.0,0.0,26.65,71.54,2.02,TNP_0009,2,2016
2016-05-13 00:00:00+00:00,16.92,17.55,26.44,72.31,2.03,TNP_0009,2,2016
2016-05-13 01:00:00+00:00,159.3,181.0,28.48,62.96,3.23,TNP_0009,2,2016
2016-05-13 02:00:00+00:00,362.35,410.95,31.94,49.25,3.81,TNP_0009,2,2016
2016-05-13 03:00:00+00:00,614.22,630.75,34.86,40.11,3.01,TNP_0009,2,2016
2016-05-13 04:00:00+00:00,796.33,808.25,37.18,34.03,2.16,TNP_0009,2,2016
2016-05-13 05:00:00+00:00,885.53,927.88,39.09,29.36,1.7,TNP_0009,2,2016
2016-05-13 06:00:00+00:00,925.95,943.97,40.55,25.86,1.7,TNP_0009,2,2016
2016-05-13 07:00:00+00:00,881.6,917.2,41.55,23.45,1.97,TNP_0009,2,2016
2016-05-13 08:00:00+00:00,728.72,822.75,42.03,22.08,2.42,TNP_0009,2,2016
2016-05-13 09:00:00+00:00,599.0,659.85,41.96,21.68,3.04,TNP_0009,2,2016
2016-05-13 10:00:00+00:00,388.48,451.73,41.23,22.31,3.8,TNP_0009,2,2016
2016-05-13 11:00:00+00:00,188.45,225.6,39.8,24.37,4.69,TNP_0009,2,2016
2016-05-13 12:00:00+00:00,38.42,42.03,37.5,29.12,5.56,TNP_0009,2,2016
2016-05-13 13:00:00+00:00,0.0,0.0,34.68,37.71,6.31,TNP_0009,2,2016
2016-05-13 14:00:00+00:00,0.0,0.0,32.6,46.98,6.72,TNP_0009,2,2016
2016-05-13 15:00:00+00:00,0.0,0.0,31.0,56.03,5.93,TNP_0009,2,2016
2016-05-13 16:00:00+00:00,0.0,0.0,29.95,63.03,5.05,TNP_0009,2,2016
2016-05-13 17:00:00+00:00,0.0,0.0,29.18,68.33,4.24,TNP_0009,2,2016
2016-05-13 18:00:00+00:00,0.0,0.0,28.57,72.65,3.74,TNP_0009,2,2016
2016-05-13 19:00:00+00:00,0.0,0.0,28.04,76.42,3.5,TNP_0009,2,2016
2016-05-13 20:00:00+00:00,0.0,0.0,27.56,79.64,3.42,TNP_0009,2,2016
2016-05-13 21:00:00+00:00,0.0,0.0,27.17,82.29,3.37,TNP_0009,2,2016
2016-05-13 22:00:00+00:00,0.0,0.0,26.87,84.18,3.4,TNP_0009,2,2016
2016-05-13 23:00:00+00:00,0.0,0.0,26.65,85.56,3.3,TNP_0009,2,2016
2016-05-14 00:00:00+00:00,16.85,17.17,26.59,85.62,3.26,TNP_0009,2,2016
2016-05-14 01:00:00+00:00,165.5,170.62,27.97,76.8,3.87,TNP_0009,2,2016
2016-05-14 02:00:00+00:00,383.23,392.4,30.34,63.02,3.61,TNP_0009,2,2016
2016-05-14 03:00:00+00:00,607.78,610.05,33.08,50.66,2.68,TNP_0009,2,2016
2016-05-14 04:00:00+00:00,758.12,788.2,35.75,41.07,1.64,TNP_0009,2,2016
2016-05-14 05:00:00+00:00,903.03,906.72,38.17,33.5,1.68,TNP_0009,2,2016
2016-05-14 06:00:00+00:00,943.0,955.45,39.87,28.49,2.64,TNP_0009,2,2016
2016-05-14 07:00:00+00:00,848.25,931.67,40.84,25.73,3.72,TNP_0009,2,2016
2016-05-14 08:00:00+00:00,790.1,834.47,41.08,24.55,4.84,TNP_0009,2,2016
2016-05-14 09:00:00+00:00,639.35,676.05,40.31,25.22,5.93,TNP_0009,2,2016
2016-05-14 10:00:00+00:00,417.4,470.9,38.76,27.63,7.01,TNP_0009,2,2016
2016-05-14 11:00:00+00:00,206.43,242.73,36.6,32.37,7.91,TNP_0009,2,2016
2016-05-14 12:00:00+00:00,40.92,46.28,34.03,40.03,8.15,TNP_0009,2,2016
2016-05-14 13:00:00+00:00,0.0,0.0,31.64,50.11,7.6,TNP_0009,2,2016
2016-05-14 14:00:00+00:00,0.0,0.0,30.12,59.22,6.73,TNP_0009,2,2016
2016-05-14 15:00:00+00:00,0.0,0.0,29.25,66.01,5.89,TNP_0009,2,2016
2016-05-14 16:00:00+00:00,0.0,0.0,28.69,71.08,5.16,TNP_0009,2,2016
2016-05-14 17:00:00+00:00,0.0,0.0,28.24,75.1,4.54,TNP_0009,2,2016
2016-05-14 18:00:00+00:00,0.0,0.0,27.82,78.37,3.97,TNP_0009,2,2016
2016-05-14 19:00:00+00:00,0.0,0.0,27.45,80.6,3.41,TNP_0009,2,2016
2016-05-14 20:00:00+00:00,0.0,0.0,27.1,82.24,2.8,TNP_0009,2,2016
2016-05-14 21:00:00+00:00,0.0,0.0,26.69,84.3,2.02,TNP_0009,2,2016
2016-05-14 22:00:00+00:00,0.0,0.0,26.25,86.33,1.53,TNP_0009,2,2016
2016-05-14 23:00:00+00:00,0.0,0.0,25.91,87.51,1.43,TNP_0009,2,2016
2016-05-15 00:00:00+00:00,16.77,17.48,25.88,86.88,1.72,TNP_0009,2,2016
2016-05-15 01:00:00+00:00,154.6,182.0,27.46,74.76,2.0,TNP_0009,2,2016
2016-05-15 02:00:00+00:00,350.25,414.6,30.25,54.69,2.08,TNP_0009,2,2016
2016-05-15 03:00:00+00:00,542.4,639.42,32.86,43.59,3.18,TNP_0009,2,2016
2016-05-15 04:00:00+00:00,683.28,819.38,35.04,35.89,3.8,TNP_0009,2,2016
2016-05-15 05:00:00+00:00,819.75,936.05,37.06,29.93,4.24,TNP_0009,2,2016
2016-05-15 06:00:00+00:00,916.0,969.08,38.34,26.67,4.68,TNP_0009,2,2016
2016-05-15 07:00:00+00:00,857.78,944.83,38.9,25.41,5.23,TNP_0009,2,2016
2016-05-15 08:00:00+00:00,799.97,849.08,38.61,26.28,5.96,TNP_0009,2,2016
2016-05-15 09:00:00+00:00,619.25,688.85,37.76,28.54,6.33,TNP_0009,2,2016
2016-05-15 10:00:00+00:00,443.35,481.23,36.49,31.85,6.34,TNP_0009,2,2016
2016-05-15 11:00:00+00:00,218.27,250.88,34.91,36.53,6.24,TNP_0009,2,2016
2016-05-15 12:00:00+00:00,42.67,49.2,33.1,42.79,5.98,TNP_0009,2,2016
2016-05-15 13:00:00+00:00,0.0,0.0,31.46,49.81,5.3,TNP_0009,2,2016
2016-05-15 14:00:00+00:00,0.0,0.0,30.5,54.89,4.62,TNP_0009,2,2016
2016-05-15 15:00:00+00:00,0.0,0.0,29.76,58.55,3.78,TNP_0009,2,2016
2016-05-15 16:00:00+00:00,0.0,0.0,29.01,61.85,2.55,TNP_0009,2,2016
2016-05-15 17:00:00+00:00,0.0,0.0,28.09,65.66,1.56,TNP_0009,2,2016
2016-05-15 18:00:00+00:00,0.0,0.0,27.34,68.85,1.15,TNP_0009,2,2016
2016-05-15 19:00:00+00:00,0.0,0.0,27.13,69.9,0.63,TNP_0009,2,2016
2016-05-15 20:00:00+00:00,0.0,0.0,26.92,70.85,0.17,TNP_0009,2,2016
2016-05-15 21:00:00+00:00,0.0,0.0,26.63,72.27,0.25,TNP_0009,2,2016
2016-05-15 22:00:00+00:00,0.0,0.0,26.45,73.41,0.31,TNP_0009,2,2016
2016-05-15 23:00:00+00:00,0.0,0.0,26.37,74.24,0.31,TNP_0009,2,2016
2016-05-16 00:00:00+00:00,15.48,18.6,26.4,74.49,0.56,TNP_0009,2,2016
2016-05-16 01:00:00+00:00,136.73,185.62,27.43,69.26,1.24,TNP_0009,2,2016
2016-05-16 02:00:00+00:00,319.48,418.08,28.95,61.17,2.34,TNP_0009,2,2016
2016-05-16 03:00:00+00:00,415.42,634.28,30.61,52.43,3.15,TNP_0009,2,2016
2016-05-16 04:00:00+00:00,200.95,805.25,32.15,46.41,3.84,TNP_0009,2,2016
2016-05-16 05:00:00+00:00,118.43,918.62,33.31,43.9,4.25,TNP_0009,2,2016
2016-05-16 06:00:00+00:00,192.23,964.55,33.94,43.16,4.44,TNP_0009,2,2016
2016-05-16 07:00:00+00:00,208.52,938.45,34.03,43.95,4.53,TNP_0009,2,2016
2016-05-16 08:00:00+00:00,199.65,841.92,33.64,46.1,4.56,TNP_0009,2,2016
2016-05-16 09:00:00+00:00,173.2,684.3,32.87,49.75,4.65,TNP_0009,2,2016
2016-05-16 10:00:00+00:00,124.2,479.4,31.78,55.3,4.77,TNP_0009,2,2016
2016-05-16 11:00:00+00:00,67.75,250.77,30.43,63.07,4.58,TNP_0009,2,2016
2016-05-16 12:00:00+00:00,13.7,48.38,28.85,74.59,3.59,TNP_0009,2,2016
2016-05-16 13:00:00+00:00,0.0,0.0,27.65,84.99,2.68,TNP_0009,2,2016
2016-05-16 14:00:00+00:00,0.0,0.0,27.11,89.82,2.26,TNP_0009,2,2016
2016-05-16 15:00:00+00:00,0.0,0.0,26.76,91.81,2.25,TNP_0009,2,2016
2016-05-16 16:00:00+00:00,0.0,0.0,26.5,92.56,2.4,TNP_0009,2,2016
2016-05-16 17:00:00+00:00,0.0,0.0,26.23,92.48,2.68,TNP_0009,2,2016
2016-05-16 18:00:00+00:00,0.0,0.0,25.91,92.11,2.77,TNP_0009,2,2016
2016-05-16 19:00:00+00:00,0.0,0.0,25.59,91.44,2.55,TNP_0009,2,2016
2016-05-16 20:00:00+00:00,0.0,0.0,25.35,90.94,2.25,TNP_0009,2,2016
2016-05-16 21:00:00+00:00,0.0,0.0,25.23,90.13,2.12,TNP_0009,2,2016
2016-05-16 22:00:00+00:00,0.0,0.0,25.04,88.6,2.24,TNP_0009,2,2016
2016-05-16 23:00:00+00:00,0.0,0.0,24.63,86.66,2.69,TNP_0009,2,2016
2016-05-17 00:00:00+00:00,2.08,19.2,24.1,84.3,3.63,TNP_0009,2,2016
2016-05-17 01:00:00+00:00,14.25,188.45,24.27,80.12,5.1,TNP_0009,2,2016
2016-05-17 02:00:00+00:00,28.62,416.95,25.24,76.8,6.08,TNP_0009,2,2016
2016-05-17 03:00:00+00:00,36.85,630.75,26.99,70.82,6.82,TNP_0009,2,2016
2016-05-17 04:00:00+00:00,41.7,801.65,28.78,62.18,7.69,TNP_0009,2,2016
2016-05-17 05:00:00+00:00,39.03,912.45,30.03,55.17,8.41,TNP_0009,2,2016
2016-05-17 06:00:00+00:00,51.53,959.62,30.65,50.92,8.91,TNP_0009,2,2016
2016-05-17 07:00:00+00:00,92.68,935.38,30.76,49.39,9.14,TNP_0009,2,2016
2016-05-17 08:00:00+00:00,107.7,839.92,30.55,50.55,9.03,TNP_0009,2,2016
2016-05-17 09:00:00+00:00,116.0,682.72,30.36,52.22,8.06,TNP_0009,2,2016
2016-05-17 10:00:00+00:00,43.28,478.98,29.43,56.47,6.54,TNP_0009,2,2016
2016-05-17 11:00:00+00:00,19.38,250.98,27.91,64.69,4.87,TNP_0009,2,2016
2016-05-17 12:00:00+00:00,3.5,50.03,26.47,74.71,3.44,TNP_0009,2,2016
2016-05-17 13:00:00+00:00,0.0,0.0,25.52,81.6,2.77,TNP_0009,2,2016
2016-05-17 14:00:00+00:00,0.0,0.0,25.28,84.94,2.1,TNP_0009,2,2016
2016-05-17 15:00:00+00:00,0.0,0.0,25.19,86.78,1.82,TNP_0009,2,2016
2016-05-17 16:00:00+00:00,0.0,0.0,24.97,85.97,2.29,TNP_0009,2,2016
2016-05-17 17:00:00+00:00,0.0,0.0,24.82,84.17,2.92,TNP_0009,2,2016
2016-05-17 18:00:00+00:00,0.0,0.0,24.8,82.32,3.93,TNP_0009,2,2016
2016-05-17 19:00:00+00:00,0.0,0.0,24.9,81.29,5.16,TNP_0009,2,2016
2016-05-17 20:00:00+00:00,0.0,0.0,25.0,81.82,5.95,TNP_0009,2,2016
2016-05-17 21:00:00+00:00,0.0,0.0,25.03,83.07,6.76,TNP_0009,2,2016
2016-05-17 22:00:00+00:00,0.0,0.0,25.05,83.72,7.4,TNP_0009,2,2016
2016-05-17 23:00:00+00:00,0.0,0.0,25.03,83.69,7.47,TNP_0009,2,2016
2016-05-18 00:00:00+00:00,1.12,17.2,24.89,84.26,6.93,TNP_0009,2,2016
2016-05-18 01:00:00+00:00,13.12,162.68,25.26,83.13,6.76,TNP_0009,2,2016
2016-05-18 02:00:00+00:00,43.58,383.45,26.23,80.29,6.59,TNP_0009,2,2016
2016-05-18 03:00:00+00:00,96.93,598.0,27.67,75.49,6.25,TNP_0009,2,2016
2016-05-18 04:00:00+00:00,113.53,770.05,29.9,65.01,7.09,TNP_0009,2,2016
2016-05-18 05:00:00+00:00,175.2,882.03,32.28,54.43,8.44,TNP_0009,2,2016
2016-05-18 06:00:00+00:00,157.38,920.2,33.74,48.33,9.36,TNP_0009,2,2016
2016-05-18 07:00:00+00:00,128.12,879.62,34.11,45.88,10.02,TNP_0009,2,2016
2016-05-18 08:00:00+00:00,73.38,763.1,33.86,45.71,10.04,TNP_0009,2,2016
2016-05-18 09:00:00+00:00,74.95,591.85,33.58,46.22,9.25,TNP_0009,2,2016
2016-05-18 10:00:00+00:00,71.82,405.83,32.75,49.31,7.74,TNP_0009,2,2016
2016-05-18 11:00:00+00:00,42.2,197.73,31.4,55.84,5.98,TNP_0009,2,2016
2016-05-18 12:00:00+00:00,10.88,37.7,29.49,66.1,4.52,TNP_0009,2,2016
2016-05-18 13:00:00+00:00,0.0,0.0,28.07,74.08,4.16,TNP_0009,2,2016
2016-05-18 14:00:00+00:00,0.0,0.0,27.3,79.21,4.33,TNP_0009,2,2016
2016-05-18 15:00:00+00:00,0.0,0.0,26.58,83.43,4.59,TNP_0009,2,2016
2016-05-18 16:00:00+00:00,0.0,0.0,26.1,85.6,4.8,TNP_0009,2,2016
2016-05-18 17:00:00+00:00,0.0,0.0,25.77,86.49,4.82,TNP_0009,2,2016
2016-05-18 18:00:00+00:00,0.0,0.0,25.54,86.69,4.73,TNP_0009,2,2016
2016-05-18 19:00:00+00:00,0.0,0.0,25.31,87.25,4.51,TNP_0009,2,2016
2016-05-18 20:00:00+00:00,0.0,0.0,25.14,87.66,4.57,TNP_0009,2,2016
2016-05-18 21:00:00+00:00,0.0,0.0,25.1,87.47,5.08,TNP_0009,2,2016
2016-05-18 22:00:00+00:00,0.0,0.0,25.12,87.17,5.74,TNP_0009,2,2016
2016-05-18 23:00:00+00:00,0.0,0.0,25.08,87.2,6.01,TNP_0009,2,2016
2016-05-19 00:00:00+00:00,9.6,16.5,25.2,86.21,6.34,TNP_0009,2,2016
2016-05-19 01:00:00+00:00,38.25,157.62,26.4,80.58,7.32,TNP_0009,2,2016
2016-05-19 02:00:00+00:00,103.12,370.1,28.64,69.9,8.8,TNP_0009,2,2016
2016-05-19 03:00:00+00:00,195.43,588.7,31.06,59.33,9.68,TNP_0009,2,2016
2016-05-19 04:00:00+00:00,276.38,765.75,32.62,53.53,8.79,TNP_0009,2,2016
2016-05-19 05:00:00+00:00,339.62,880.28,33.39,50.71,7.75,TNP_0009,2,2016
2016-05-19 06:00:00+00:00,327.3,922.33,33.65,49.74,7.22,TNP_0009,2,2016
2016-05-19 07:00:00+00:00,372.73,889.6,33.55,50.52,7.28,TNP_0009,2,2016
2016-05-19 08:00:00+00:00,343.0,789.65,33.2,52.84,7.69,TNP_0009,2,2016
2016-05-19 09:00:00+00:00,179.32,629.25,32.62,56.34,8.02,TNP_0009,2,2016
2016-05-19 10:00:00+00:00,93.32,427.17,31.85,61.22,7.91,TNP_0009,2,2016
2016-05-19 11:00:00+00:00,54.85,211.65,30.66,67.66,7.03,TNP_0009,2,2016
2016-05-19 12:00:00+00:00,14.25,40.58,29.11,74.51,6.19,TNP_0009,2,2016
2016-05-19 13:00:00+00:00,0.0,0.0,28.02,77.99,6.34,TNP_0009,2,2016
2016-05-19 14:00:00+00:00,0.0,0.0,27.46,80.1,5.86,TNP_0009,2,2016
2016-05-19 15:00:00+00:00,0.0,0.0,27.09,81.82,5.32,TNP_0009,2,2016
2016-05-19 16:00:00+00:00,0.0,0.0,26.81,83.27,5.31,TNP_0009,2,2016
2016-05-19 17:00:00+00:00,0.0,0.0,26.55,84.4,5.79,TNP_0009,2,2016
2016-05-19 18:00:00+00:00,0.0,0.0,26.29,85.06,6.38,TNP_0009,2,2016
2016-05-19 19:00:00+00:00,0.0,0.0,26.07,85.11,6.86,TNP_0009,2,2016
2016-05-19 20:00:00+00:00,0.0,0.0,25.81,85.6,6.81,TNP_0009,2,2016
2016-05-19 21:00:00+00:00,0.0,0.0,25.52,87.03,5.83,TNP_0009,2,2016
2016-05-19 22:00:00+00:00,0.0,0.0,25.26,87.88,5.28,TNP_0009,2,2016
2016-05-19 23:00:00+00:00,0.0,0.0,25.07,88.1,5.01,TNP_0009,2,2016
2016-05-20 00:00:00+00:00,12.1,16.8,25.01,87.79,4.82,TNP_0009,2,2016
2016-05-20 01:00:00+00:00,117.15,160.8,25.83,83.72,5.09,TNP_0009,2,2016
2016-05-20 02:00:00+00:00,314.02,377.9,27.71,73.57,6.12,TNP_0009,2,2016
2016-05-20 03:00:00+00:00,504.12,592.65,30.28,60.61,7.37,TNP_0009,2,2016
2016-05-20 04:00:00+00:00,631.33,768.95,32.61,51.28,7.44,TNP_0009,2,2016
2016-05-20 05:00:00+00:00,620.67,886.75,34.8,44.4,7.01,TNP_0009,2,2016
2016-05-20 06:00:00+00:00,791.3,897.7,36.41,39.83,6.59,TNP_0009,2,2016
2016-05-20 07:00:00+00:00,832.2,867.45,37.43,37.31,6.44,TNP_0009,2,2016
2016-05-20 08:00:00+00:00,670.45,774.55,37.8,36.32,6.49,TNP_0009,2,2016
2016-05-20 09:00:00+00:00,541.33,610.85,37.48,37.02,6.43,TNP_0009,2,2016
2016-05-20 10:00:00+00:00,364.15,409.98,36.4,40.5,5.9,TNP_0009,2,2016
2016-05-20 11:00:00+00:00,188.88,206.3,34.92,46.32,4.84,TNP_0009,2,2016
2016-05-20 12:00:00+00:00,37.17,38.88,32.43,59.95,3.12,TNP_0009,2,2016
2016-05-20 13:00:00+00:00,0.0,0.0,30.43,67.02,2.97,TNP_0009,2,2016
2016-05-20 14:00:00+00:00,0.0,0.0,29.71,68.41,3.19,TNP_0009,2,2016
2016-05-20 15:00:00+00:00,0.0,0.0,29.09,69.58,3.58,TNP_0009,2,2016
2016-05-20 16:00:00+00:00,0.0,0.0,28.66,69.84,4.34,TNP_0009,2,2016
2016-05-20 17:00:00+00:00,0.0,0.0,28.29,69.95,5.46,TNP_0009,2,2016
2016-05-20 18:00:00+00:00,0.0,0.0,27.73,71.74,6.0,TNP_0009,2,2016
2016-05-20 19:00:00+00:00,0.0,0.0,27.22,73.29,6.06,TNP_0009,2,2016
2016-05-20 20:00:00+00:00,0.0,0.0,26.76,74.38,6.0,TNP_0009,2,2016
2016-05-20 21:00:00+00:00,0.0,0.0,26.11,77.27,5.22,TNP_0009,2,2016
2016-05-20 22:00:00+00:00,0.0,0.0,25.66,79.85,4.7,TNP_0009,2,2016
2016-05-20 23:00:00+00:00,0.0,0.0,25.36,81.94,4.35,TNP_0009,2,2016
2016-05-21 00:00:00+00:00,16.92,17.33,25.29,83.11,3.96,TNP_0009,2,2016
2016-05-21 01:00:00+00:00,157.25,166.02,26.61,77.29,4.09,TNP_0009,2,2016
2016-05-21 02:00:00+00:00,362.58,385.3,28.71,67.37,5.19,TNP_0009,2,2016
2016-05-21 03:00:00+00:00,588.47,603.53,30.66,56.55,6.0,TNP_0009,2,2016
2016-05-21 04:00:00+00:00,774.55,781.92,32.19,48.68,6.09,TNP_0009,2,2016
2016-05-21 05:00:00+00:00,897.2,898.75,33.3,44.33,5.97,TNP_0009,2,2016
2016-05-21 06:00:00+00:00,948.05,950.08,34.39,41.18,5.88,TNP_0009,2,2016
2016-05-21 07:00:00+00:00,909.55,923.1,35.22,39.15,5.81,TNP_0009,2,2016
2016-05-21 08:00:00+00:00,819.42,825.22,35.65,38.38,5.84,TNP_0009,2,2016
2016-05-21 09:00:00+00:00,660.33,665.1,35.67,38.82,5.7,TNP_0009,2,2016
2016-05-21 10:00:00+00:00,454.98,459.0,35.16,41.3,5.32,TNP_0009,2,2016
2016-05-21 11:00:00+00:00,228.32,234.15,34.0,47.3,4.55,TNP_0009,2,2016
2016-05-21 12:00:00+00:00,45.6,46.3,31.74,58.65,3.4,TNP_0009,2,2016
2016-05-21 13:00:00+00:00,0.0,0.0,29.9,63.7,3.5,TNP_0009,2,2016
2016-05-21 14:00:00+00:00,0.0,0.0,29.24,64.3,3.88,TNP_0009,2,2016
2016-05-21 15:00:00+00:00,0.0,0.0,28.59,65.78,4.16,TNP_0009,2,2016
2016-05-21 16:00:00+00:00,0.0,0.0,27.97,67.68,4.25,TNP_0009,2,2016
2016-05-21 17:00:00+00:00,0.0,0.0,27.38,70.05,4.2,TNP_0009,2,2016
2016-05-21 18:00:00+00:00,0.0,0.0,26.88,72.4,4.17,TNP_0009,2,2016
2016-05-21 19:00:00+00:00,0.0,0.0,26.57,74.17,4.23,TNP_0009,2,2016
2016-05-21 20:00:00+00:00,0.0,0.0,26.4,75.06,4.48,TNP_0009,2,2016
2016-05-21 21:00:00+00:00,0.0,0.0,26.28,75.88,4.62,TNP_0009,2,2016
2016-05-21 22:00:00+00:00,0.0,0.0,26.16,76.74,4.56,TNP_0009,2,2016
2016-05-21 23:00:00+00:00,0.0,0.0,25.98,77.15,4.33,TNP_0009,2,2016
2016-05-22 00:00:00+00:00,18.23,18.5,25.86,76.73,4.09,TNP_0009,2,2016
2016-05-22 01:00:00+00:00,169.45,173.45,26.88,71.54,4.44,TNP_0009,2,2016
2016-05-22 02:00:00+00:00,385.42,393.35,28.49,64.49,4.99,TNP_0009,2,2016
2016-05-22 03:00:00+00:00,590.85,609.92,30.89,54.23,6.12,TNP_0009,2,2016
2016-05-22 04:00:00+00:00,776.0,786.45,33.52,44.2,6.3,TNP_0009,2,2016
2016-05-22 05:00:00+00:00,880.7,904.22,35.83,37.14,5.86,TNP_0009,2,2016
2016-05-22 06:00:00+00:00,946.6,954.2,37.67,33.33,4.9,TNP_0009,2,2016
2016-05-22 07:00:00+00:00,922.05,928.58,38.44,31.85,4.02,TNP_0009,2,2016
2016-05-22 08:00:00+00:00,821.17,832.08,38.49,31.51,3.6,TNP_0009,2,2016
2016-05-22 09:00:00+00:00,664.78,673.35,38.09,32.22,3.27,TNP_0009,2,2016
2016-05-22 10:00:00+00:00,463.25,468.1,37.39,34.54,2.82,TNP_0009,2,2016
2016-05-22 11:00:00+00:00,237.9,241.95,36.11,38.48,2.48,TNP_0009,2,2016
2016-05-22 12:00:00+00:00,48.4,48.8,33.42,55.89,1.94,TNP_0009,2,2016
2016-05-22 13:00:00+00:00,0.0,0.0,31.43,62.04,2.15,TNP_0009,2,2016
2016-05-22 14:00:00+00:00,0.0,0.0,30.48,64.03,2.4,TNP_0009,2,2016
2016-05-22 15:00:00+00:00,0.0,0.0,29.76,64.78,2.69,TNP_0009,2,2016
2016-05-22 16:00:00+00:00,0.0,0.0,29.19,64.59,3.02,TNP_0009,2,2016
2016-05-22 17:00:00+00:00,0.0,0.0,28.65,63.43,3.41,TNP_0009,2,2016
2016-05-22 18:00:00+00:00,0.0,0.0,28.12,62.1,4.06,TNP_0009,2,2016
2016-05-22 19:00:00+00:00,0.0,0.0,27.52,62.83,4.99,TNP_0009,2,2016
2016-05-22 20:00:00+00:00,0.0,0.0,26.78,66.71,5.48,TNP_0009,2,2016
2016-05-22 21:00:00+00:00,0.0,0.0,26.28,72.16,5.51,TNP_0009,2,2016
2016-05-22 22:00:00+00:00,0.0,0.0,26.01,75.94,5.48,TNP_0009,2,2016
2016-05-22 23:00:00+00:00,0.0,0.0,25.82,77.48,5.44,TNP_0009,2,2016
2016-05-23 00:00:00+00:00,20.45,20.6,25.74,77.49,5.41,TNP_0009,2,2016
2016-05-23 01:00:00+00:00,189.27,193.68,26.93,71.56,5.83,TNP_0009,2,2016
2016-05-23 02:00:00+00:00,415.2,423.23,29.25,61.88,6.63,TNP_0009,2,2016
2016-05-23 03:00:00+00:00,621.95,640.22,32.3,49.68,7.81,TNP_0009,2,2016
2016-05-23 04:00:00+00:00,774.78,815.1,34.95,39.97,7.84,TNP_0009,2,2016
2016-05-23 05:00:00+00:00,912.95,931.12,36.88,34.17,7.3,TNP_0009,2,2016
2016-05-23 06:00:00+00:00,945.47,949.6,38.22,31.1,6.46,TNP_0009,2,2016
2016-05-23 07:00:00+00:00,821.55,926.25,39.22,29.31,5.63,TNP_0009,2,2016
2016-05-23 08:00:00+00:00,781.67,829.7,39.79,28.46,4.93,TNP_0009,2,2016
2016-05-23 09:00:00+00:00,587.65,671.8,39.79,28.74,4.16,TNP_0009,2,2016
2016-05-23 10:00:00+00:00,383.2,469.73,39.39,30.1,3.22,TNP_0009,2,2016
2016-05-23 11:00:00+00:00,194.32,242.23,38.5,32.97,2.19,TNP_0009,2,2016
2016-05-23 12:00:00+00:00,45.15,49.2,35.63,53.03,1.13,TNP_0009,2,2016
2016-05-23 13:00:00+00:00,0.0,0.0,33.5,60.02,1.36,TNP_0009,2,2016
2016-05-23 14:00:00+00:00,0.0,0.0,32.21,64.27,2.07,TNP_0009,2,2016
2016-05-23 15:00:00+00:00,0.0,0.0,31.05,68.07,2.91,TNP_0009,2,2016
2016-05-23 16:00:00+00:00,0.0,0.0,30.1,70.05,3.4,TNP_0009,2,2016
2016-05-23 17:00:00+00:00,0.0,0.0,29.36,70.87,3.73,TNP_0009,2,2016
2016-05-23 18:00:00+00:00,0.0,0.0,28.73,71.54,3.94,TNP_0009,2,2016
2016-05-23 19:00:00+00:00,0.0,0.0,28.47,70.11,4.52,TNP_0009,2,2016
2016-05-23 20:00:00+00:00,0.0,0.0,28.01,70.4,5.14,TNP_0009,2,2016
2016-05-23 21:00:00+00:00,0.0,0.0,27.24,72.96,4.91,TNP_0009,2,2016
2016-05-23 22:00:00+00:00,0.0,0.0,26.54,75.91,4.63,TNP_0009,2,2016
2016-05-23 23:00:00+00:00,0.0,0.0,25.98,78.73,4.36,TNP_0009,2,2016
2016-05-24 00:00:00+00:00,20.98,21.1,25.79,79.73,4.47,TNP_0009,2,2016
2016-05-24 01:00:00+00:00,196.23,198.02,27.39,71.56,5.46,TNP_0009,2,2016
2016-05-24 02:00:00+00:00,425.12,426.48,30.31,57.92,7.47,TNP_0009,2,2016
2016-05-24 03:00:00+00:00,643.75,643.78,33.62,43.39,7.82,TNP_0009,2,2016
2016-05-24 04:00:00+00:00,817.33,819.6,36.5,33.08,7.29,TNP_0009,2,2016
2016-05-24 05:00:00+00:00,932.15,936.0,38.66,27.37,6.32,TNP_0009,2,2016
2016-05-24 06:00:00+00:00,983.53,985.55,40.07,24.77,5.26,TNP_0009,2,2016
2016-05-24 07:00:00+00:00,958.53,961.15,40.86,23.46,4.35,TNP_0009,2,2016
2016-05-24 08:00:00+00:00,865.72,867.95,41.12,23.15,3.67,TNP_0009,2,2016
2016-05-24 09:00:00+00:00,701.78,709.85,40.97,23.26,3.3,TNP_0009,2,2016
2016-05-24 10:00:00+00:00,502.6,504.65,40.23,24.63,2.93,TNP_0009,2,2016
2016-05-24 11:00:00+00:00,270.98,273.35,38.79,28.43,2.21,TNP_0009,2,2016
2016-05-24 12:00:00+00:00,59.55,60.0,35.53,48.42,1.26,TNP_0009,2,2016
2016-05-24 13:00:00+00:00,0.0,0.0,33.51,58.46,1.62,TNP_0009,2,2016
2016-05-24 14:00:00+00:00,0.0,0.0,32.4,62.3,2.4,TNP_0009,2,2016
2016-05-24 15:00:00+00:00,0.0,0.0,31.32,64.6,3.03,TNP_0009,2,2016
2016-05-24 16:00:00+00:00,0.0,0.0,30.54,64.4,3.74,TNP_0009,2,2016
2016-05-24 17:00:00+00:00,0.0,0.0,30.04,63.61,4.57,TNP_0009,2,2016
2016-05-24 18:00:00+00:00,0.0,0.0,29.69,62.93,5.66,TNP_0009,2,2016
2016-05-24 19:00:00+00:00,0.0,0.0,29.0,64.93,6.12,TNP_0009,2,2016
2016-05-24 20:00:00+00:00,0.0,0.0,28.34,67.8,6.52,TNP_0009,2,2016
2016-05-24 21:00:00+00:00,0.0,0.0,27.67,71.62,6.13,TNP_0009,2,2016
2016-05-24 22:00:00+00:00,0.0,0.0,27.05,75.34,5.69,TNP_0009,2,2016
2016-05-24 23:00:00+00:00,0.0,0.0,26.57,77.94,5.55,TNP_0009,2,2016
2016-05-25 00:00:00+00:00,21.98,22.35,26.33,78.97,5.7,TNP_0009,2,2016
2016-05-25 01:00:00+00:00,199.27,202.25,27.67,71.93,7.26,TNP_0009,2,2016
2016-05-25 02:00:00+00:00,430.92,433.83,30.33,57.34,8.93,TNP_0009,2,2016
2016-05-25 03:00:00+00:00,640.28,650.53,33.51,43.74,9.01,TNP_0009,2,2016
2016-05-25 04:00:00+00:00,821.35,825.55,36.36,35.15,8.4,TNP_0009,2,2016
2016-05-25 05:00:00+00:00,939.6,941.2,38.51,30.55,7.36,TNP_0009,2,2016
2016-05-25 06:00:00+00:00,976.88,979.12,39.85,28.17,6.3,TNP_0009,2,2016
2016-05-25 07:00:00+00:00,941.55,951.6,40.54,27.07,5.47,TNP_0009,2,2016
2016-05-25 08:00:00+00:00,851.1,854.0,40.7,26.77,4.82,TNP_0009,2,2016
2016-05-25 09:00:00+00:00,684.05,693.85,40.43,27.18,4.48,TNP_0009,2,2016
2016-05-25 10:00:00+00:00,466.52,487.7,39.47,29.09,4.11,TNP_0009,2,2016
2016-05-25 11:00:00+00:00,243.52,258.45,38.13,32.91,3.28,TNP_0009,2,2016
2016-05-25 12:00:00+00:00,52.47,54.62,35.87,46.29,1.86,TNP_0009,2,2016
2016-05-25 13:00:00+00:00,0.0,0.0,33.63,58.79,1.34,TNP_0009,2,2016
2016-05-25 14:00:00+00:00,0.0,0.0,32.35,64.64,1.11,TNP_0009,2,2016
2016-05-25 15:00:00+00:00,0.0,0.0,31.47,67.46,1.08,TNP_0009,2,2016
2016-05-25 16:00:00+00:00,0.0,0.0,30.83,69.88,1.17,TNP_0009,2,2016
2016-05-25 17:00:00+00:00,0.0,0.0,30.21,71.25,1.64,TNP_0009,2,2016
2016-05-25 18:00:00+00:00,0.0,0.0,29.68,70.64,2.51,TNP_0009,2,2016
2016-05-25 19:00:00+00:00,0.0,0.0,29.15,69.58,3.55,TNP_0009,2,2016
2016-05-25 20:00:00+00:00,0.0,0.0,28.55,69.45,4.41,TNP_0009,2,2016
2016-05-25 21:00:00+00:00,0.0,0.0,28.03,70.03,4.85,TNP_0009,2,2016
2016-05-25 22:00:00+00:00,0.0,0.0,27.58,71.67,4.9,TNP_0009,2,2016
2016-05-25 23:00:00+00:00,0.0,0.0,27.15,74.53,4.72,TNP_0009,2,2016
2016-05-26 00:00:00+00:00,20.6,21.02,27.0,76.38,4.73,TNP_0009,2,2016
2016-05-26 01:00:00+00:00,191.18,193.27,28.12,71.98,5.65,TNP_0009,2,2016
2016-05-26 02:00:00+00:00,417.77,419.67,30.45,61.02,7.24,TNP_0009,2,2016
2016-05-26 03:00:00+00:00,632.97,634.58,33.23,48.54,7.42,TNP_0009,2,2016
2016-05-26 04:00:00+00:00,803.9,807.75,35.6,40.02,6.54,TNP_0009,2,2016
2016-05-26 05:00:00+00:00,913.3,923.05,37.38,35.05,5.23,TNP_0009,2,2016
2016-05-26 06:00:00+00:00,971.42,975.05,38.6,32.29,4.0,TNP_0009,2,2016
2016-05-26 07:00:00+00:00,943.53,949.17,39.16,31.19,3.05,TNP_0009,2,2016
2016-05-26 08:00:00+00:00,823.53,853.38,39.08,31.16,2.55,TNP_0009,2,2016
2016-05-26 09:00:00+00:00,662.45,695.9,38.12,32.86,2.41,TNP_0009,2,2016
2016-05-26 10:00:00+00:00,450.23,491.05,36.84,36.54,2.48,TNP_0009,2,2016
2016-05-26 11:00:00+00:00,233.52,261.85,35.17,43.11,2.47,TNP_0009,2,2016
2016-05-26 12:00:00+00:00,50.7,55.9,32.86,55.29,2.33,TNP_0009,2,2016
2016-05-26 13:00:00+00:00,0.0,0.0,31.2,62.25,2.33,TNP_0009,2,2016
2016-05-26 14:00:00+00:00,0.0,0.0,30.2,67.27,2.0,TNP_0009,2,2016
2016-05-26 15:00:00+00:00,0.0,0.0,29.29,70.6,1.58,TNP_0009,2,2016
2016-05-26 16:00:00+00:00,0.0,0.0,28.69,71.88,0.95,TNP_0009,2,2016
2016-05-26 17:00:00+00:00,0.0,0.0,28.03,75.12,1.63,TNP_0009,2,2016
2016-05-26 18:00:00+00:00,0.0,0.0,27.38,78.44,2.48,TNP_0009,2,2016
2016-05-26 19:00:00+00:00,0.0,0.0,26.95,80.92,2.91,TNP_0009,2,2016
2016-05-26 20:00:00+00:00,0.0,0.0,26.74,82.61,2.99,TNP_0009,2,2016
2016-05-26 21:00:00+00:00,0.0,0.0,26.63,83.64,2.92,TNP_0009,2,2016
2016-05-26 22:00:00+00:00,0.0,0.0,26.56,84.09,2.84,TNP_0009,2,2016
2016-05-26 23:00:00+00:00,0.0,0.0,26.56,83.75,2.82,TNP_0009,2,2016
2016-05-27 00:00:00+00:00,17.6,20.77,26.54,83.62,2.77,TNP_0009,2,2016
2016-05-27 01:00:00+00:00,146.4,190.52,27.52,76.53,3.33,TNP_0009,2,2016
2016-05-27 02:00:00+00:00,343.4,417.1,29.1,66.68,3.51,TNP_0009,2,2016
2016-05-27 03:00:00+00:00,534.55,630.42,31.38,55.27,3.26,TNP_0009,2,2016
2016-05-27 04:00:00+00:00,706.75,802.65,33.14,48.12,2.41,TNP_0009,2,2016
2016-05-27 05:00:00+00:00,798.08,917.42,34.38,44.31,1.94,TNP_0009,2,2016
2016-05-27 06:00:00+00:00,908.83,932.62,35.19,42.2,2.21,TNP_0009,2,2016
2016-05-27 07:00:00+00:00,871.2,906.58,35.54,41.11,2.94,TNP_0009,2,2016
2016-05-27 08:00:00+00:00,730.75,808.85,35.54,40.7,3.71,TNP_0009,2,2016
2016-05-27 09:00:00+00:00,579.28,648.72,35.0,41.86,4.43,TNP_0009,2,2016
2016-05-27 10:00:00+00:00,333.25,443.15,34.1,44.69,4.97,TNP_0009,2,2016
2016-05-27 11:00:00+00:00,159.8,222.07,32.78,49.88,5.42,TNP_0009,2,2016
2016-05-27 12:00:00+00:00,36.5,45.88,30.82,58.58,5.16,TNP_0009,2,2016
2016-05-27 13:00:00+00:00,0.0,0.0,29.01,67.18,4.6,TNP_0009,2,2016
2016-05-27 14:00:00+00:00,0.0,0.0,28.37,70.99,4.4,TNP_0009,2,2016
2016-05-27 15:00:00+00:00,0.0,0.0,28.08,73.27,4.15,TNP_0009,2,2016
2016-05-27 16:00:00+00:00,0.0,0.0,27.89,74.83,3.94,TNP_0009,2,2016
2016-05-27 17:00:00+00:00,0.0,0.0,27.62,76.54,3.78,TNP_0009,2,2016
2016-05-27 18:00:00+00:00,0.0,0.0,27.35,77.77,3.81,TNP_0009,2,2016
2016-05-27 19:00:00+00:00,0.0,0.0,27.12,78.8,3.78,TNP_0009,2,2016
2016-05-27 20:00:00+00:00,0.0,0.0,26.75,81.1,3.09,TNP_0009,2,2016
2016-05-27 21:00:00+00:00,0.0,0.0,26.4,83.5,2.51,TNP_0009,2,2016
2016-05-27 22:00:00+00:00,0.0,0.0,26.03,85.7,2.33,TNP_0009,2,2016
2016-05-27 23:00:00+00:00,0.0,0.0,25.7,87.44,2.27,TNP_0009,2,2016
2016-05-28 00:00:00+00:00,17.48,18.15,25.47,87.95,2.82,TNP_0009,2,2016
2016-05-28 01:00:00+00:00,156.98,164.98,26.04,82.1,4.78,TNP_0009,2,2016
2016-05-28 02:00:00+00:00,366.52,380.5,27.15,72.94,6.62,TNP_0009,2,2016
2016-05-28 03:00:00+00:00,571.53,595.45,28.69,63.43,7.31,TNP_0009,2,2016
2016-05-28 04:00:00+00:00,743.67,773.15,30.94,54.17,7.46,TNP_0009,2,2016
2016-05-28 05:00:00+00:00,882.65,892.7,33.23,46.73,7.31,TNP_0009,2,2016
2016-05-28 06:00:00+00:00,940.92,944.47,34.91,42.07,7.06,TNP_0009,2,2016
2016-05-28 07:00:00+00:00,906.42,920.97,36.0,39.4,6.81,TNP_0009,2,2016
2016-05-28 08:00:00+00:00,798.67,826.35,36.52,38.13,6.35,TNP_0009,2,2016
2016-05-28 09:00:00+00:00,626.95,668.95,36.24,38.74,5.46,TNP_0009,2,2016
2016-05-28 10:00:00+00:00,421.02,464.02,35.52,40.88,4.49,TNP_0009,2,2016
2016-05-28 11:00:00+00:00,203.8,238.32,34.34,45.16,3.62,TNP_0009,2,2016
2016-05-28 12:00:00+00:00,41.83,50.1,32.17,57.8,2.54,TNP_0009,2,2016
2016-05-28 13:00:00+00:00,0.0,0.0,30.03,68.37,2.5,TNP_0009,2,2016
2016-05-28 14:00:00+00:00,0.0,0.0,29.04,70.04,2.82,TNP_0009,2,2016
2016-05-28 15:00:00+00:00,0.0,0.0,28.18,71.76,3.23,TNP_0009,2,2016
2016-05-28 16:00:00+00:00,0.0,0.0,27.44,73.68,3.65,TNP_0009,2,2016
2016-05-28 17:00:00+00:00,0.0,0.0,26.87,75.3,4.06,TNP_0009,2,2016
2016-05-28 18:00:00+00:00,0.0,0.0,26.37,76.88,4.49,TNP_0009,2,2016
2016-05-28 19:00:00+00:00,0.0,0.0,25.98,78.44,4.7,TNP_0009,2,2016
2016-05-28 20:00:00+00:00,0.0,0.0,25.72,80.04,4.67,TNP_0009,2,2016
2016-05-28 21:00:00+00:00,0.0,0.0,25.59,81.2,4.43,TNP_0009,2,2016
2016-05-28 22:00:00+00:00,0.0,0.0,25.5,82.59,4.01,TNP_0009,2,2016
2016-05-28 23:00:00+00:00,0.0,0.0,25.41,84.49,3.33,TNP_0009,2,2016
2016-05-29 00:00:00+00:00,14.8,18.62,25.5,85.18,3.05,TNP_0009,2,2016
2016-05-29 01:00:00+00:00,135.5,169.45,26.24,81.64,3.57,TNP_0009,2,2016
2016-05-29 02:00:00+00:00,323.23,389.67,27.32,76.42,4.28,TNP_0009,2,2016
2016-05-29 03:00:00+00:00,488.17,603.95,28.91,67.33,5.02,TNP_0009,2,2016
2016-05-29 04:00:00+00:00,576.55,777.7,30.79,58.14,4.85,TNP_0009,2,2016
2016-05-29 05:00:00+00:00,691.0,895.25,32.38,51.95,4.07,TNP_0009,2,2016
2016-05-29 06:00:00+00:00,865.85,944.2,33.36,48.59,3.27,TNP_0009,2,2016
2016-05-29 07:00:00+00:00,793.8,919.85,33.94,46.68,2.69,TNP_0009,2,2016
2016-05-29 08:00:00+00:00,603.75,825.45,34.27,45.56,2.34,TNP_0009,2,2016
2016-05-29 09:00:00+00:00,554.55,668.75,34.13,45.78,2.13,TNP_0009,2,2016
2016-05-29 10:00:00+00:00,350.08,464.7,33.24,48.56,2.33,TNP_0009,2,2016
2016-05-29 11:00:00+00:00,177.88,239.82,31.97,54.13,2.7,TNP_0009,2,2016
2016-05-29 12:00:00+00:00,42.83,50.58,30.03,64.71,2.85,TNP_0009,2,2016
2016-05-29 13:00:00+00:00,0.0,0.0,28.31,73.14,3.23,TNP_0009,2,2016
2016-05-29 14:00:00+00:00,0.0,0.0,27.21,78.74,2.9,TNP_0009,2,2016
2016-05-29 15:00:00+00:00,0.0,0.0,26.52,83.1,1.44,TNP_0009,2,2016
2016-05-29 16:00:00+00:00,0.0,0.0,26.14,85.36,0.06,TNP_0009,2,2016
2016-05-29 17:00:00+00:00,0.0,0.0,25.93,86.62,1.22,TNP_0009,2,2016
2016-05-29 18:00:00+00:00,0.0,0.0,25.75,87.48,2.28,TNP_0009,2,2016
2016-05-29 19:00:00+00:00,0.0,0.0,25.6,88.1,3.21,TNP_0009,2,2016
2016-05-29 20:00:00+00:00,0.0,0.0,25.59,87.96,3.98,TNP_0009,2,2016
2016-05-29 21:00:00+00:00,0.0,0.0,25.61,87.59,4.24,TNP_0009,2,2016
2016-05-29 22:00:00+00:00,0.0,0.0,25.56,87.7,3.98,TNP_0009,2,2016
2016-05-29 23:00:00+00:00,0.0,0.0,25.43,87.92,3.45,TNP_0009,2,2016
2016-05-30 00:00:00+00:00,19.27,19.65,25.45,87.02,3.25,TNP_0009,2,2016
2016-05-30 01:00:00+00:00,168.25,181.85,26.91,77.54,4.15,TNP_0009,2,2016
2016-05-30 02:00:00+00:00,363.45,404.2,29.07,64.57,4.78,TNP_0009,2,2016
2016-05-30 03:00:00+00:00,590.12,617.15,30.65,55.83,5.35,TNP_0009,2,2016
2016-05-30 04:00:00+00:00,749.15,789.9,31.36,52.72,5.41,TNP_0009,2,2016
2016-05-30 05:00:00+00:00,898.33,904.78,31.79,51.47,5.18,TNP_0009,2,2016
2016-05-30 06:00:00+00:00,926.88,934.38,31.97,51.35,4.88,TNP_0009,2,2016
2016-05-30 07:00:00+00:00,875.15,908.75,32.12,51.4,4.66,TNP_0009,2,2016
2016-05-30 08:00:00+00:00,757.05,812.95,32.24,51.52,4.45,TNP_0009,2,2016
2016-05-30 09:00:00+00:00,568.83,656.3,32.02,52.71,4.13,TNP_0009,2,2016
2016-05-30 10:00:00+00:00,365.5,453.92,31.46,55.12,3.77,TNP_0009,2,2016
2016-05-30 11:00:00+00:00,186.75,233.3,30.52,59.72,3.32,TNP_0009,2,2016
2016-05-30 12:00:00+00:00,43.85,49.6,29.1,68.77,2.58,TNP_0009,2,2016
2016-05-30 13:00:00+00:00,0.0,0.0,27.77,76.44,2.51,TNP_0009,2,2016
2016-05-30 14:00:00+00:00,0.0,0.0,27.3,77.67,3.16,TNP_0009,2,2016
2016-05-30 15:00:00+00:00,0.0,0.0,27.0,78.64,3.89,TNP_0009,2,2016
2016-05-30 16:00:00+00:00,0.0,0.0,26.69,80.24,4.43,TNP_0009,2,2016
2016-05-30 17:00:00+00:00,0.0,0.0,26.35,82.3,4.68,TNP_0009,2,2016
2016-05-30 18:00:00+00:00,0.0,0.0,26.04,84.18,4.82,TNP_0009,2,2016
2016-05-30 19:00:00+00:00,0.0,0.0,25.7,86.2,4.56,TNP_0009,2,2016
2016-05-30 20:00:00+00:00,0.0,0.0,25.33,88.31,4.18,TNP_0009,2,2016
2016-05-30 21:00:00+00:00,0.0,0.0,25.12,89.36,3.88,TNP_0009,2,2016
2016-05-30 22:00:00+00:00,0.0,0.0,25.08,89.21,3.85,TNP_0009,2,2016
2016-05-30 23:00:00+00:00,0.0,0.0,25.06,88.79,3.81,TNP_0009,2,2016
2016-05-31 00:00:00+00:00,18.9,19.05,25.16,87.55,4.02,TNP_0009,2,2016
2016-05-31 01:00:00+00:00,175.68,176.57,26.64,79.35,4.81,TNP_0009,2,2016
2016-05-31 02:00:00+00:00,392.75,396.12,29.22,66.21,5.37,TNP_0009,2,2016
2016-05-31 03:00:00+00:00,606.2,607.97,31.93,53.86,4.79,TNP_0009,2,2016
2016-05-31 04:00:00+00:00,778.8,779.88,34.03,46.16,3.48,TNP_0009,2,2016
2016-05-31 05:00:00+00:00,896.62,897.17,35.21,42.51,2.14,TNP_0009,2,2016
2016-05-31 06:00:00+00:00,901.25,906.88,35.71,41.04,1.4,TNP_0009,2,2016
2016-05-31 07:00:00+00:00,823.12,880.65,35.69,40.76,1.41,TNP_0009,2,2016
2016-05-31 08:00:00+00:00,742.8,788.2,35.4,41.27,1.6,TNP_0009,2,2016
2016-05-31 09:00:00+00:00,502.9,622.28,34.87,42.67,1.67,TNP_0009,2,2016
2016-05-31 10:00:00+00:00,296.77,419.62,34.35,44.11,1.66,TNP_0009,2,2016
2016-05-31 11:00:00+00:00,147.85,214.7,33.52,48.54,1.69,TNP_0009,2,2016
2016-05-31 12:00:00+00:00,32.17,44.78,31.63,61.12,1.71,TNP_0009,2,2016
2016-05-31 13:00:00+00:00,0.0,0.0,29.69,69.52,2.13,TNP_0009,2,2016
2016-05-31 14:00:00+00:00,0.0,0.0,28.85,70.94,2.59,TNP_0009,2,2016
2016-05-31 15:00:00+00:00,0.0,0.0,28.06,74.6,2.86,TNP_0009,2,2016
2016-05-31 16:00:00+00:00,0.0,0.0,27.45,79.18,3.08,TNP_0009,2,2016
2016-05-31 17:00:00+00:00,0.0,0.0,27.06,83.2,3.18,TNP_0009,2,2016
2016-05-31 18:00:00+00:00,0.0,0.0,26.85,85.32,3.14,TNP_0009,2,2016
2016-05-31 19:00:00+00:00,0.0,0.0,26.71,85.88,2.72,TNP_0009,2,2016
2016-05-31 20:00:00+00:00,0.0,0.0,26.67,85.38,2.17,TNP_0009,2,2016
2016-05-31 21:00:00+00:00,0.0,0.0,26.57,85.6,1.67,TNP_0009,2,2016
2016-05-31 22:00:00+00:00,0.0,0.0,26.39,85.54,1.62,TNP_0009,2,2016
2016-05-31 23:00:00+00:00,0.0,0.0,26.16,84.42,2.01,TNP_0009,2,2016
2016-06-01 00:00:00+00:00,18.05,18.05,26.01,82.8,2.73,TNP_0009,2,2016
2016-06-01 01:00:00+00:00,164.6,167.75,26.44,79.0,3.86,TNP_0009,2,2016
2016-06-01 02:00:00+00:00,376.73,383.98,27.44,72.89,4.8,TNP_0009,2,2016
2016-06-01 03:00:00+00:00,590.97,596.22,28.86,63.86,5.43,TNP_0009,2,2016
2016-06-01 04:00:00+00:00,745.2,770.47,30.22,57.35,5.05,TNP_0009,2,2016
2016-06-01 05:00:00+00:00,860.53,888.42,31.33,53.07,4.49,TNP_0009,2,2016
2016-06-01 06:00:00+00:00,920.4,927.58,32.13,50.46,4.1,TNP_0009,2,2016
2016-06-01 07:00:00+00:00,814.65,904.75,32.46,49.46,3.95,TNP_0009,2,2016
2016-06-01 08:00:00+00:00,754.88,810.9,32.33,49.91,3.89,TNP_0009,2,2016
2016-06-01 09:00:00+00:00,597.17,655.78,31.76,51.82,3.64,TNP_0009,2,2016
2016-06-01 10:00:00+00:00,406.77,454.35,31.09,54.29,3.16,TNP_0009,2,2016
2016-06-01 11:00:00+00:00,186.8,233.85,30.26,58.62,2.45,TNP_0009,2,2016
2016-06-01 12:00:00+00:00,41.42,50.2,29.05,68.74,1.59,TNP_0009,2,2016
2016-06-01 13:00:00+00:00,0.0,0.0,27.82,81.2,1.59,TNP_0009,2,2016
2016-06-01 14:00:00+00:00,0.0,0.0,27.41,80.93,1.98,TNP_0009,2,2016
2016-06-01 15:00:00+00:00,0.0,0.0,27.07,80.51,2.36,TNP_0009,2,2016
2016-06-01 16:00:00+00:00,0.0,0.0,26.71,81.33,2.55,TNP_0009,2,2016
2016-06-01 17:00:00+00:00,0.0,0.0,26.33,83.52,2.55,TNP_0009,2,2016
2016-06-01 18:00:00+00:00,0.0,0.0,25.95,86.2,2.54,TNP_0009,2,2016
2016-06-01 19:00:00+00:00,0.0,0.0,25.66,88.1,2.66,TNP_0009,2,2016
2016-06-01 20:00:00+00:00,0.0,0.0,25.46,88.87,3.06,TNP_0009,2,2016
2016-06-01 21:00:00+00:00,0.0,0.0,25.28,89.08,3.35,TNP_0009,2,2016
2016-06-01 22:00:00+00:00,0.0,0.0,25.08,89.08,3.42,TNP_0009,2,2016
2016-06-01 23:00:00+00:00,0.0,0.0,24.87,89.16,3.29,TNP_0009,2,2016
2016-06-02 00:00:00+00:00,12.68,18.4,24.9,88.57,3.22,TNP_0009,2,2016
2016-06-02 01:00:00+00:00,112.1,167.18,25.9,83.38,3.86,TNP_0009,2,2016
2016-06-02 02:00:00+00:00,274.73,383.05,27.37,76.94,3.97,TNP_0009,2,2016
2016-06-02 03:00:00+00:00,474.9,593.1,29.37,67.54,4.32,TNP_0009,2,2016
2016-06-02 04:00:00+00:00,637.75,764.1,30.98,60.03,3.67,TNP_0009,2,2016
2016-06-02 05:00:00+00:00,699.17,878.75,32.06,55.73,2.84,TNP_0009,2,2016
2016-06-02 06:00:00+00:00,770.38,899.75,32.55,53.75,2.4,TNP_0009,2,2016
2016-06-02 07:00:00+00:00,741.03,878.8,32.72,52.92,2.32,TNP_0009,2,2016
2016-06-02 08:00:00+00:00,606.42,787.53,32.7,52.54,2.36,TNP_0009,2,2016
2016-06-02 09:00:00+00:00,547.0,635.25,32.43,52.71,2.4,TNP_0009,2,2016
2016-06-02 10:00:00+00:00,368.67,438.05,32.02,53.64,2.55,TNP_0009,2,2016
2016-06-02 11:00:00+00:00,187.5,224.05,31.29,57.53,2.49,TNP_0009,2,2016
2016-06-02 12:00:00+00:00,43.8,48.08,29.72,70.98,1.88,TNP_0009,2,2016
2016-06-02 13:00:00+00:00,0.0,0.0,28.39,78.15,1.91,TNP_0009,2,2016
2016-06-02 14:00:00+00:00,0.0,0.0,28.09,78.7,1.76,TNP_0009,2,2016
2016-06-02 15:00:00+00:00,0.0,0.0,27.66,80.14,1.68,TNP_0009,2,2016
2016-06-02 16:00:00+00:00,0.0,0.0,27.11,82.32,1.77,TNP_0009,2,2016
2016-06-02 17:00:00+00:00,0.0,0.0,26.59,83.99,1.87,TNP_0009,2,2016
2016-06-02 18:00:00+00:00,0.0,0.0,26.14,84.98,1.99,TNP_0009,2,2016
2016-06-02 19:00:00+00:00,0.0,0.0,25.72,85.62,2.11,TNP_0009,2,2016
2016-06-02 20:00:00+00:00,0.0,0.0,25.34,85.96,2.28,TNP_0009,2,2016
2016-06-02 21:00:00+00:00,0.0,0.0,25.04,86.03,2.44,TNP_0009,2,2016
2016-06-02 22:00:00+00:00,0.0,0.0,24.76,86.03,2.64,TNP_0009,2,2016
2016-06-02 23:00:00+00:00,0.0,0.0,24.53,85.88,2.9,TNP_0009,2,2016
2016-06-03 00:00:00+00:00,16.8,17.45,24.56,84.65,3.33,TNP_0009,2,2016
2016-06-03 01:00:00+00:00,136.0,159.45,25.93,77.02,4.29,TNP_0009,2,2016
2016-06-03 02:00:00+00:00,319.4,372.58,28.33,66.95,3.78,TNP_0009,2,2016
2016-06-03 03:00:00+00:00,539.12,583.22,31.47,53.8,3.42,TNP_0009,2,2016
2016-06-03 04:00:00+00:00,708.5,754.95,33.39,46.28,2.49,TNP_0009,2,2016
2016-06-03 05:00:00+00:00,774.95,872.9,34.73,41.15,1.95,TNP_0009,2,2016
2016-06-03 06:00:00+00:00,862.38,909.15,35.74,37.68,1.96,TNP_0009,2,2016
2016-06-03 07:00:00+00:00,826.03,883.65,36.33,35.8,2.21,TNP_0009,2,2016
2016-06-03 08:00:00+00:00,713.9,787.85,36.44,35.4,2.6,TNP_0009,2,2016
2016-06-03 09:00:00+00:00,581.3,629.65,36.0,36.42,2.81,TNP_0009,2,2016
2016-06-03 10:00:00+00:00,353.88,423.42,35.22,38.72,2.82,TNP_0009,2,2016
2016-06-03 11:00:00+00:00,165.9,212.62,33.99,44.34,2.52,TNP_0009,2,2016
2016-06-03 12:00:00+00:00,42.58,46.83,31.87,58.34,2.01,TNP_0009,2,2016
2016-06-03 13:00:00+00:00,0.0,0.0,30.07,67.82,2.26,TNP_0009,2,2016
2016-06-03 14:00:00+00:00,0.0,0.0,29.09,72.29,3.1,TNP_0009,2,2016
2016-06-03 15:00:00+00:00,0.0,0.0,28.34,76.16,4.21,TNP_0009,2,2016
2016-06-03 16:00:00+00:00,0.0,0.0,27.76,80.39,4.71,TNP_0009,2,2016
2016-06-03 17:00:00+00:00,0.0,0.0,27.37,82.48,4.47,TNP_0009,2,2016
2016-06-03 18:00:00+00:00,0.0,0.0,27.01,83.03,4.16,TNP_0009,2,2016
2016-06-03 19:00:00+00:00,0.0,0.0,26.79,82.18,4.24,TNP_0009,2,2016
2016-06-03 20:00:00+00:00,0.0,0.0,26.44,82.19,4.23,TNP_0009,2,2016
2016-06-03 21:00:00+00:00,0.0,0.0,26.16,82.26,4.05,TNP_0009,2,2016
2016-06-03 22:00:00+00:00,0.0,0.0,26.04,82.13,4.04,TNP_0009,2,2016
2016-06-03 23:00:00+00:00,0.0,0.0,25.9,82.03,4.1,TNP_0009,2,2016
2016-06-04 00:00:00+00:00,16.6,17.02,25.85,81.37,4.1,TNP_0009,2,2016
2016-06-04 01:00:00+00:00,148.6,152.43,26.6,77.08,4.3,TNP_0009,2,2016
2016-06-04 02:00:00+00:00,341.98,354.45,27.84,70.59,4.47,TNP_0009,2,2016
2016-06-04 03:00:00+00:00,558.8,561.5,29.65,61.46,5.0,TNP_0009,2,2016
2016-06-04 04:00:00+00:00,725.2,733.15,31.48,53.28,4.69,TNP_0009,2,2016
2016-06-04 05:00:00+00:00,830.42,848.95,33.01,47.78,4.06,TNP_0009,2,2016
2016-06-04 06:00:00+00:00,816.25,880.28,33.94,44.97,3.42,TNP_0009,2,2016
2016-06-04 07:00:00+00:00,732.95,856.7,34.53,43.37,2.99,TNP_0009,2,2016
2016-06-04 08:00:00+00:00,622.78,760.4,34.6,43.11,2.79,TNP_0009,2,2016
2016-06-04 09:00:00+00:00,314.23,602.7,34.28,44.09,2.67,TNP_0009,2,2016
2016-06-04 10:00:00+00:00,171.77,404.62,33.64,46.91,2.43,TNP_0009,2,2016
2016-06-04 11:00:00+00:00,96.68,200.25,32.71,52.68,1.92,TNP_0009,2,2016
2016-06-04 12:00:00+00:00,14.6,43.42,30.97,67.65,1.48,TNP_0009,2,2016
2016-06-04 13:00:00+00:00,0.0,0.0,29.53,75.75,1.47,TNP_0009,2,2016
2016-06-04 14:00:00+00:00,0.0,0.0,28.84,78.11,1.57,TNP_0009,2,2016
2016-06-04 15:00:00+00:00,0.0,0.0,28.24,80.33,1.81,TNP_0009,2,2016
2016-06-04 16:00:00+00:00,0.0,0.0,27.72,82.43,1.98,TNP_0009,2,2016
2016-06-04 17:00:00+00:00,0.0,0.0,27.23,85.21,2.13,TNP_0009,2,2016
2016-06-04 18:00:00+00:00,0.0,0.0,26.83,87.44,2.26,TNP_0009,2,2016
2016-06-04 19:00:00+00:00,0.0,0.0,26.55,88.61,2.2,TNP_0009,2,2016
2016-06-04 20:00:00+00:00,0.0,0.0,26.34,89.01,2.1,TNP_0009,2,2016
2016-06-04 21:00:00+00:00,0.0,0.0,26.14,89.52,1.83,TNP_0009,2,2016
2016-06-04 22:00:00+00:00,0.0,0.0,25.91,90.19,1.58,TNP_0009,2,2016
2016-06-04 23:00:00+00:00,0.0,0.0,25.71,90.35,1.52,TNP_0009,2,2016
2016-06-05 00:00:00+00:00,13.77,14.8,25.71,89.09,1.62,TNP_0009,2,2016
2016-06-05 01:00:00+00:00,121.3,125.95,26.66,80.93,2.65,TNP_0009,2,2016
2016-06-05 02:00:00+00:00,282.4,298.4,28.31,69.89,3.43,TNP_0009,2,2016
2016-06-05 03:00:00+00:00,483.92,492.65,30.56,57.53,4.38,TNP_0009,2,2016
2016-06-05 04:00:00+00:00,657.35,660.58,32.55,49.21,4.48,TNP_0009,2,2016
2016-06-05 05:00:00+00:00,752.72,780.1,33.96,44.43,4.3,TNP_0009,2,2016
2016-06-05 06:00:00+00:00,823.5,884.47,34.78,42.14,4.1,TNP_0009,2,2016
2016-06-05 07:00:00+00:00,740.33,847.7,34.96,41.6,3.88,TNP_0009,2,2016
2016-06-05 08:00:00+00:00,631.58,740.62,34.56,42.51,3.67,TNP_0009,2,2016
2016-06-05 09:00:00+00:00,447.77,560.9,33.97,44.15,3.21,TNP_0009,2,2016
2016-06-05 10:00:00+00:00,280.17,373.0,33.44,45.98,2.56,TNP_0009,2,2016
2016-06-05 11:00:00+00:00,161.18,191.8,32.69,51.03,1.63,TNP_0009,2,2016
2016-06-05 12:00:00+00:00,39.08,44.08,31.39,61.66,1.01,TNP_0009,2,2016
2016-06-05 13:00:00+00:00,0.0,0.0,29.88,72.33,0.99,TNP_0009,2,2016
2016-06-05 14:00:00+00:00,0.0,0.0,29.05,75.78,1.58,TNP_0009,2,2016
2016-06-05 15:00:00+00:00,0.0,0.0,28.33,79.94,1.83,TNP_0009,2,2016
2016-06-05 16:00:00+00:00,0.0,0.0,27.8,82.82,1.49,TNP_0009,2,2016
2016-06-05 17:00:00+00:00,0.0,0.0,27.48,83.16,0.92,TNP_0009,2,2016
2016-06-05 18:00:00+00:00,0.0,0.0,27.16,84.9,0.25,TNP_0009,2,2016
2016-06-05 19:00:00+00:00,0.0,0.0,26.63,88.61,0.84,TNP_0009,2,2016
2016-06-05 20:00:00+00:00,0.0,0.0,26.2,90.42,1.5,TNP_0009,2,2016
2016-06-05 21:00:00+00:00,0.0,0.0,25.92,91.07,1.84,TNP_0009,2,2016
2016-06-05 22:00:00+00:00,0.0,0.0,25.76,91.38,1.97,TNP_0009,2,2016
2016-06-05 23:00:00+00:00,0.0,0.0,25.69,91.27,2.02,TNP_0009,2,2016
2016-06-06 00:00:00+00:00,12.35,19.17,25.74,90.96,1.94,TNP_0009,2,2016
2016-06-06 01:00:00+00:00,111.97,177.8,26.49,85.8,2.58,TNP_0009,2,2016
2016-06-06 02:00:00+00:00,262.3,398.02,27.42,80.67,2.97,TNP_0009,2,2016
2016-06-06 03:00:00+00:00,526.22,608.97,28.84,72.44,3.38,TNP_0009,2,2016
2016-06-06 04:00:00+00:00,737.65,780.17,30.26,64.56,3.36,TNP_0009,2,2016
2016-06-06 05:00:00+00:00,890.9,892.12,31.43,58.65,3.07,TNP_0009,2,2016
2016-06-06 06:00:00+00:00,929.9,936.97,32.31,54.41,2.89,TNP_0009,2,2016
2016-06-06 07:00:00+00:00,828.22,910.75,32.78,51.54,2.92,TNP_0009,2,2016
2016-06-06 08:00:00+00:00,718.3,813.5,32.91,50.1,2.96,TNP_0009,2,2016
2016-06-06 09:00:00+00:00,599.28,653.22,32.81,50.2,2.68,TNP_0009,2,2016
2016-06-06 10:00:00+00:00,380.8,449.45,32.54,52.19,2.1,TNP_0009,2,2016
2016-06-06 11:00:00+00:00,188.95,234.4,32.02,56.87,1.51,TNP_0009,2,2016
2016-06-06 12:00:00+00:00,46.88,53.62,31.12,65.71,0.98,TNP_0009,2,2016
2016-06-06 13:00:00+00:00,0.0,0.0,30.28,72.02,0.37,TNP_0009,2,2016
2016-06-06 14:00:00+00:00,0.0,0.0,29.64,70.78,0.81,TNP_0009,2,2016
2016-06-06 15:00:00+00:00,0.0,0.0,28.82,75.17,1.02,TNP_0009,2,2016
2016-06-06 16:00:00+00:00,0.0,0.0,28.17,77.9,0.97,TNP_0009,2,2016
2016-06-06 17:00:00+00:00,0.0,0.0,27.63,80.97,0.83,TNP_0009,2,2016
2016-06-06 18:00:00+00:00,0.0,0.0,26.98,88.9,0.85,TNP_0009,2,2016
2016-06-06 19:00:00+00:00,0.0,0.0,26.39,91.41,1.21,TNP_0009,2,2016
2016-06-06 20:00:00+00:00,0.0,0.0,25.97,91.07,1.77,TNP_0009,2,2016
2016-06-06 21:00:00+00:00,0.0,0.0,25.7,90.68,2.27,TNP_0009,2,2016
2016-06-06 22:00:00+00:00,0.0,0.0,25.55,90.55,2.59,TNP_0009,2,2016
2016-06-06 23:00:00+00:00,0.0,0.0,25.46,90.73,2.72,TNP_0009,2,2016
2016-06-07 00:00:00+00:00,10.45,18.58,25.46,90.7,2.75,TNP_0009,2,2016
2016-06-07 01:00:00+00:00,95.75,170.68,26.01,87.37,3.23,TNP_0009,2,2016
2016-06-07 02:00:00+00:00,245.98,389.27,27.12,80.44,3.84,TNP_0009,2,2016
2016-06-07 03:00:00+00:00,526.83,600.97,29.13,67.72,4.43,TNP_0009,2,2016
2016-06-07 04:00:00+00:00,686.97,773.8,31.24,56.67,4.61,TNP_0009,2,2016
2016-06-07 05:00:00+00:00,735.78,890.0,32.95,49.81,4.65,TNP_0009,2,2016
2016-06-07 06:00:00+00:00,843.28,916.25,34.06,45.98,4.47,TNP_0009,2,2016
2016-06-07 07:00:00+00:00,773.28,895.42,34.76,43.83,4.26,TNP_0009,2,2016
2016-06-07 08:00:00+00:00,592.28,805.17,35.04,42.9,4.03,TNP_0009,2,2016
2016-06-07 09:00:00+00:00,507.62,654.22,34.79,43.59,3.61,TNP_0009,2,2016
2016-06-07 10:00:00+00:00,346.42,457.33,33.87,47.02,3.11,TNP_0009,2,2016
2016-06-07 11:00:00+00:00,155.82,240.65,32.54,54.89,2.39,TNP_0009,2,2016
2016-06-07 12:00:00+00:00,34.22,54.8,30.77,67.83,1.79,TNP_0009,2,2016
2016-06-07 13:00:00+00:00,0.0,0.0,29.38,81.17,1.27,TNP_0009,2,2016
2016-06-07 14:00:00+00:00,0.0,0.0,28.94,83.25,1.02,TNP_0009,2,2016
2016-06-07 15:00:00+00:00,0.0,0.0,28.64,82.34,0.95,TNP_0009,2,2016
2016-06-07 16:00:00+00:00,0.0,0.0,28.15,84.26,1.02,TNP_0009,2,2016
2016-06-07 17:00:00+00:00,0.0,0.0,27.54,88.35,1.08,TNP_0009,2,2016
2016-06-07 18:00:00+00:00,0.0,0.0,26.99,91.55,1.17,TNP_0009,2,2016
2016-06-07 19:00:00+00:00,0.0,0.0,26.58,92.81,1.22,TNP_0009,2,2016
2016-06-07 20:00:00+00:00,0.0,0.0,26.25,93.28,1.24,TNP_0009,2,2016
2016-06-07 21:00:00+00:00,0.0,0.0,26.0,93.65,1.19,TNP_0009,2,2016
2016-06-07 22:00:00+00:00,0.0,0.0,25.81,93.65,1.22,TNP_0009,2,2016
2016-06-07 23:00:00+00:00,0.0,0.0,25.61,93.29,1.43,TNP_0009,2,2016
2016-06-08 00:00:00+00:00,15.02,18.23,25.59,92.32,1.67,TNP_0009,2,2016
2016-06-08 01:00:00+00:00,129.6,168.73,26.42,85.85,2.57,TNP_0009,2,2016
2016-06-08 02:00:00+00:00,312.2,384.83,27.7,79.01,2.85,TNP_0009,2,2016
2016-06-08 03:00:00+00:00,522.83,595.03,29.53,69.62,3.23,TNP_0009,2,2016
2016-06-08 04:00:00+00:00,588.58,766.0,31.1,62.08,3.33,TNP_0009,2,2016
2016-06-08 05:00:00+00:00,726.08,878.62,32.21,57.3,3.51,TNP_0009,2,2016
2016-06-08 06:00:00+00:00,730.92,921.97,32.86,54.17,3.9,TNP_0009,2,2016
2016-06-08 07:00:00+00:00,630.33,892.75,33.39,51.61,4.27,TNP_0009,2,2016
2016-06-08 08:00:00+00:00,454.92,794.88,33.6,50.19,4.49,TNP_0009,2,2016
2016-06-08 09:00:00+00:00,308.65,637.42,33.44,50.58,4.3,TNP_0009,2,2016
2016-06-08 10:00:00+00:00,187.5,443.83,32.87,54.31,3.68,TNP_0009,2,2016
2016-06-08 11:00:00+00:00,94.53,228.15,31.95,59.41,3.21,TNP_0009,2,2016
2016-06-08 12:00:00+00:00,23.45,52.53,30.19,73.83,2.29,TNP_0009,2,2016
2016-06-08 13:00:00+00:00,0.0,0.0,28.68,79.78,2.14,TNP_0009,2,2016
2016-06-08 14:00:00+00:00,0.0,0.0,28.1,81.48,2.08,TNP_0009,2,2016
2016-06-08 15:00:00+00:00,0.0,0.0,27.53,82.83,2.28,TNP_0009,2,2016
2016-06-08 16:00:00+00:00,0.0,0.0,26.91,83.81,2.81,TNP_0009,2,2016
2016-06-08 17:00:00+00:00,0.0,0.0,26.3,84.94,3.31,TNP_0009,2,2016
2016-06-08 18:00:00+00:00,0.0,0.0,25.7,85.97,3.53,TNP_0009,2,2016
2016-06-08 19:00:00+00:00,0.0,0.0,25.1,87.15,3.57,TNP_0009,2,2016
2016-06-08 20:00:00+00:00,0.0,0.0,24.59,88.25,3.48,TNP_0009,2,2016
2016-06-08 21:00:00+00:00,0.0,0.0,24.23,89.15,3.14,TNP_0009,2,2016
2016-06-08 22:00:00+00:00,0.0,0.0,23.94,89.53,2.92,TNP_0009,2,2016
2016-06-08 23:00:00+00:00,0.0,0.0,23.66,89.29,3.21,TNP_0009,2,2016
2016-06-09 00:00:00+00:00,14.27,16.8,23.54,88.3,3.98,TNP_0009,2,2016
2016-06-09 01:00:00+00:00,121.25,155.2,24.26,84.28,4.79,TNP_0009,2,2016
2016-06-09 02:00:00+00:00,288.62,364.2,25.94,75.05,5.34,TNP_0009,2,2016
2016-06-09 03:00:00+00:00,501.98,570.97,28.23,61.59,6.12,TNP_0009,2,2016
2016-06-09 04:00:00+00:00,700.8,739.1,30.48,50.89,6.25,TNP_0009,2,2016
2016-06-09 05:00:00+00:00,799.6,854.05,32.37,44.25,6.11,TNP_0009,2,2016
2016-06-09 06:00:00+00:00,889.53,924.08,33.68,41.13,5.91,TNP_0009,2,2016
2016-06-09 07:00:00+00:00,820.92,901.35,34.57,40.03,5.67,TNP_0009,2,2016
2016-06-09 08:00:00+00:00,781.65,806.65,34.9,40.84,5.48,TNP_0009,2,2016
2016-06-09 09:00:00+00:00,596.12,648.3,34.42,44.26,4.78,TNP_0009,2,2016
2016-06-09 10:00:00+00:00,395.15,441.65,33.72,48.34,3.85,TNP_0009,2,2016
2016-06-09 11:00:00+00:00,190.65,222.02,32.27,58.78,2.8,TNP_0009,2,2016
2016-06-09 12:00:00+00:00,47.35,52.67,30.3,74.37,2.15,TNP_0009,2,2016
2016-06-09 13:00:00+00:00,0.0,0.0,28.97,78.13,2.44,TNP_0009,2,2016
2016-06-09 14:00:00+00:00,0.0,0.0,28.31,79.21,2.68,TNP_0009,2,2016
2016-06-09 15:00:00+00:00,0.0,0.0,27.65,79.61,2.96,TNP_0009,2,2016
2016-06-09 16:00:00+00:00,0.0,0.0,26.95,80.01,3.3,TNP_0009,2,2016
2016-06-09 17:00:00+00:00,0.0,0.0,26.33,80.76,3.53,TNP_0009,2,2016
2016-06-09 18:00:00+00:00,0.0,0.0,25.76,81.85,3.62,TNP_0009,2,2016
2016-06-09 19:00:00+00:00,0.0,0.0,25.21,83.15,3.57,TNP_0009,2,2016
2016-06-09 20:00:00+00:00,0.0,0.0,24.66,85.03,3.24,TNP_0009,2,2016
2016-06-09 21:00:00+00:00,0.0,0.0,24.16,86.99,2.74,TNP_0009,2,2016
2016-06-09 22:00:00+00:00,0.0,0.0,23.72,88.73,2.31,TNP_0009,2,2016
2016-06-09 23:00:00+00:00,0.0,0.0,23.39,89.97,2.07,TNP_0009,2,2016
2016-06-10 00:00:00+00:00,16.45,18.52,23.45,89.98,2.0,TNP_0009,2,2016
2016-06-10 01:00:00+00:00,154.65,173.73,24.75,82.6,3.07,TNP_0009,2,2016
2016-06-10 02:00:00+00:00,349.27,389.3,26.56,72.32,4.27,TNP_0009,2,2016
2016-06-10 03:00:00+00:00,559.75,596.47,28.91,60.34,5.78,TNP_0009,2,2016
2016-06-10 04:00:00+00:00,748.6,763.58,30.97,52.15,6.49,TNP_0009,2,2016
2016-06-10 05:00:00+00:00,854.97,876.85,32.55,46.65,6.63,TNP_0009,2,2016
2016-06-10 06:00:00+00:00,887.9,945.92,33.66,43.08,6.45,TNP_0009,2,2016
2016-06-10 07:00:00+00:00,771.8,918.08,34.43,41.01,6.1,TNP_0009,2,2016
2016-06-10 08:00:00+00:00,710.05,815.9,34.86,40.17,5.73,TNP_0009,2,2016
2016-06-10 09:00:00+00:00,536.25,658.2,34.89,40.37,5.39,TNP_0009,2,2016
2016-06-10 10:00:00+00:00,360.33,456.9,34.32,43.29,4.69,TNP_0009,2,2016
2016-06-10 11:00:00+00:00,177.48,238.48,32.91,51.68,3.5,TNP_0009,2,2016
2016-06-10 12:00:00+00:00,47.88,56.42,30.77,63.86,2.86,TNP_0009,2,2016
2016-06-10 13:00:00+00:00,0.0,0.0,29.26,68.85,3.19,TNP_0009,2,2016
2016-06-10 14:00:00+00:00,0.0,0.0,28.59,69.89,3.61,TNP_0009,2,2016
2016-06-10 15:00:00+00:00,0.0,0.0,27.92,70.41,4.18,TNP_0009,2,2016
2016-06-10 16:00:00+00:00,0.0,0.0,27.42,70.83,4.95,TNP_0009,2,2016
2016-06-10 17:00:00+00:00,0.0,0.0,26.81,73.03,5.16,TNP_0009,2,2016
2016-06-10 18:00:00+00:00,0.0,0.0,26.22,75.41,5.15,TNP_0009,2,2016
2016-06-10 19:00:00+00:00,0.0,0.0,25.64,77.75,5.04,TNP_0009,2,2016
2016-06-10 20:00:00+00:00,0.0,0.0,25.07,80.12,4.75,TNP_0009,2,2016
2016-06-10 21:00:00+00:00,0.0,0.0,24.53,82.75,4.1,TNP_0009,2,2016
2016-06-10 22:00:00+00:00,0.0,0.0,24.14,84.47,3.6,TNP_0009,2,2016
2016-06-10 23:00:00+00:00,0.0,0.0,23.87,85.69,2.96,TNP_0009,2,2016
2016-06-11 00:00:00+00:00,16.65,18.92,23.82,85.92,3.12,TNP_0009,2,2016
2016-06-11 01:00:00+00:00,161.35,180.25,25.19,79.15,4.67,TNP_0009,2,2016
2016-06-11 02:00:00+00:00,368.52,400.77,27.67,67.91,5.73,TNP_0009,2,2016
2016-06-11 03:00:00+00:00,607.35,607.55,30.23,57.83,5.94,TNP_0009,2,2016
2016-06-11 04:00:00+00:00,777.62,778.28,32.59,49.23,6.03,TNP_0009,2,2016
2016-06-11 05:00:00+00:00,893.72,898.92,34.57,42.63,6.31,TNP_0009,2,2016
2016-06-11 06:00:00+00:00,939.38,946.42,36.14,38.13,6.7,TNP_0009,2,2016
2016-06-11 07:00:00+00:00,878.8,924.08,37.21,35.12,7.08,TNP_0009,2,2016
2016-06-11 08:00:00+00:00,686.15,833.55,37.66,33.44,7.36,TNP_0009,2,2016
2016-06-11 09:00:00+00:00,568.78,681.7,37.6,32.72,7.25,TNP_0009,2,2016
2016-06-11 10:00:00+00:00,415.5,483.0,36.97,33.46,6.69,TNP_0009,2,2016
2016-06-11 11:00:00+00:00,228.65,261.35,35.71,37.9,5.45,TNP_0009,2,2016
2016-06-11 12:00:00+00:00,59.45,63.38,32.92,52.46,3.35,TNP_0009,2,2016
2016-06-11 13:00:00+00:00,0.0,0.0,30.46,61.7,3.04,TNP_0009,2,2016
2016-06-11 14:00:00+00:00,0.0,0.0,29.6,63.75,3.24,TNP_0009,2,2016
2016-06-11 15:00:00+00:00,0.0,0.0,28.83,65.01,3.65,TNP_0009,2,2016
2016-06-11 16:00:00+00:00,0.0,0.0,28.07,66.45,4.14,TNP_0009,2,2016
2016-06-11 17:00:00+00:00,0.0,0.0,27.25,68.33,4.65,TNP_0009,2,2016
2016-06-11 18:00:00+00:00,0.0,0.0,26.54,70.01,5.36,TNP_0009,2,2016
2016-06-11 19:00:00+00:00,0.0,0.0,25.88,72.37,5.79,TNP_0009,2,2016
2016-06-11 20:00:00+00:00,0.0,0.0,25.22,75.8,5.5,TNP_0009,2,2016
2016-06-11 21:00:00+00:00,0.0,0.0,24.69,78.66,5.08,TNP_0009,2,2016
2016-06-11 22:00:00+00:00,0.0,0.0,24.25,80.81,4.63,TNP_0009,2,2016
2016-06-11 23:00:00+00:00,0.0,0.0,23.89,82.61,4.2,TNP_0009,2,2016
2016-06-12 00:00:00+00:00,15.55,18.85,23.82,82.82,4.11,TNP_0009,2,2016
2016-06-12 01:00:00+00:00,168.45,181.18,24.96,77.03,4.93,TNP_0009,2,2016
2016-06-12 02:00:00+00:00,384.88,402.48,26.9,67.28,6.3,TNP_0009,2,2016
2016-06-12 03:00:00+00:00,612.5,612.65,29.39,55.2,7.2,TNP_0009,2,2016
2016-06-12 04:00:00+00:00,783.0,783.08,31.8,45.15,7.73,TNP_0009,2,2016
2016-06-12 05:00:00+00:00,807.03,898.8,33.78,38.81,7.99,TNP_0009,2,2016
2016-06-12 06:00:00+00:00,839.1,941.83,35.29,34.95,7.85,TNP_0009,2,2016
2016-06-12 07:00:00+00:00,806.0,919.38,36.25,32.88,7.49,TNP_0009,2,2016
2016-06-12 08:00:00+00:00,637.28,828.75,36.48,32.39,7.09,TNP_0009,2,2016
2016-06-12 09:00:00+00:00,495.42,678.25,36.0,33.43,6.54,TNP_0009,2,2016
2016-06-12 10:00:00+00:00,348.42,481.25,35.27,35.42,5.9,TNP_0009,2,2016
2016-06-12 11:00:00+00:00,183.35,260.95,34.17,39.88,4.95,TNP_0009,2,2016
2016-06-12 12:00:00+00:00,46.6,63.0,31.74,54.02,3.15,TNP_0009,2,2016
2016-06-12 13:00:00+00:00,0.0,0.0,29.45,64.53,2.93,TNP_0009,2,2016
2016-06-12 14:00:00+00:00,0.0,0.0,28.75,65.89,3.23,TNP_0009,2,2016
2016-06-12 15:00:00+00:00,0.0,0.0,28.1,66.64,3.83,TNP_0009,2,2016
2016-06-12 16:00:00+00:00,0.0,0.0,27.51,67.23,4.56,TNP_0009,2,2016
2016-06-12 17:00:00+00:00,0.0,0.0,26.93,67.98,5.22,TNP_0009,2,2016
2016-06-12 18:00:00+00:00,0.0,0.0,26.33,68.79,5.61,TNP_0009,2,2016
2016-06-12 19:00:00+00:00,0.0,0.0,25.68,69.97,5.66,TNP_0009,2,2016
2016-06-12 20:00:00+00:00,0.0,0.0,25.05,71.13,5.59,TNP_0009,2,2016
2016-06-12 21:00:00+00:00,0.0,0.0,24.51,71.73,5.2,TNP_0009,2,2016
2016-06-12 22:00:00+00:00,0.0,0.0,24.09,71.5,4.91,TNP_0009,2,2016
2016-06-12 23:00:00+00:00,0.0,0.0,23.72,71.28,4.74,TNP_0009,2,2016
2016-06-13 00:00:00+00:00,16.95,18.7,23.63,70.8,4.69,TNP_0009,2,2016
2016-06-13 01:00:00+00:00,147.77,178.38,24.78,65.74,5.28,TNP_0009,2,2016
2016-06-13 02:00:00+00:00,338.62,399.52,26.93,56.87,5.99,TNP_0009,2,2016
2016-06-13 03:00:00+00:00,573.08,611.65,29.74,44.71,8.59,TNP_0009,2,2016
2016-06-13 04:00:00+00:00,717.78,783.97,31.65,38.28,9.62,TNP_0009,2,2016
2016-06-13 05:00:00+00:00,886.97,901.6,32.92,35.3,9.52,TNP_0009,2,2016
2016-06-13 06:00:00+00:00,908.15,935.88,33.95,33.8,8.98,TNP_0009,2,2016
2016-06-13 07:00:00+00:00,870.62,914.67,34.95,32.53,8.48,TNP_0009,2,2016
2016-06-13 08:00:00+00:00,730.62,824.0,35.41,32.02,8.02,TNP_0009,2,2016
2016-06-13 09:00:00+00:00,574.62,672.38,35.42,32.01,7.51,TNP_0009,2,2016
2016-06-13 10:00:00+00:00,378.7,475.6,35.0,32.67,6.91,TNP_0009,2,2016
2016-06-13 11:00:00+00:00,190.7,257.1,33.95,36.48,5.67,TNP_0009,2,2016
2016-06-13 12:00:00+00:00,48.25,63.33,31.38,48.98,3.69,TNP_0009,2,2016
2016-06-13 13:00:00+00:00,0.0,0.0,28.94,57.2,3.58,TNP_0009,2,2016
2016-06-13 14:00:00+00:00,0.0,0.0,28.13,58.5,4.06,TNP_0009,2,2016
2016-06-13 15:00:00+00:00,0.0,0.0,27.36,59.9,4.71,TNP_0009,2,2016
2016-06-13 16:00:00+00:00,0.0,0.0,26.68,61.38,5.54,TNP_0009,2,2016
2016-06-13 17:00:00+00:00,0.0,0.0,25.88,64.47,5.69,TNP_0009,2,2016
2016-06-13 18:00:00+00:00,0.0,0.0,25.09,67.78,5.64,TNP_0009,2,2016
2016-06-13 19:00:00+00:00,0.0,0.0,24.48,69.7,5.68,TNP_0009,2,2016
2016-06-13 20:00:00+00:00,0.0,0.0,23.95,70.66,5.59,TNP_0009,2,2016
2016-06-13 21:00:00+00:00,0.0,0.0,23.53,70.73,5.61,TNP_0009,2,2016
2016-06-13 22:00:00+00:00,0.0,0.0,23.25,70.07,5.75,TNP_0009,2,2016
2016-06-13 23:00:00+00:00,0.0,0.0,23.05,69.59,5.79,TNP_0009,2,2016
2016-06-14 00:00:00+00:00,18.15,18.27,23.04,68.72,5.64,TNP_0009,2,2016
2016-06-14 01:00:00+00:00,179.38,180.85,24.1,63.83,5.7,TNP_0009,2,2016
2016-06-14 02:00:00+00:00,391.23,392.92,26.33,53.98,6.67,TNP_0009,2,2016
2016-06-14 03:00:00+00:00,603.53,604.45,29.75,39.48,8.3,TNP_0009,2,2016
2016-06-14 04:00:00+00:00,777.28,777.7,32.87,31.07,8.69,TNP_0009,2,2016
2016-06-14 05:00:00+00:00,872.62,893.97,34.95,28.29,8.26,TNP_0009,2,2016
2016-06-14 06:00:00+00:00,891.12,944.78,36.34,27.5,7.6,TNP_0009,2,2016
2016-06-14 07:00:00+00:00,850.58,921.55,37.14,27.55,6.86,TNP_0009,2,2016
2016-06-14 08:00:00+00:00,606.05,828.22,37.35,28.18,6.19,TNP_0009,2,2016
2016-06-14 09:00:00+00:00,537.0,673.08,37.08,29.27,5.85,TNP_0009,2,2016
2016-06-14 10:00:00+00:00,369.4,470.85,36.52,30.7,5.63,TNP_0009,2,2016
2016-06-14 11:00:00+00:00,168.52,245.73,35.38,34.6,4.89,TNP_0009,2,2016
2016-06-14 12:00:00+00:00,41.1,59.3,32.62,49.66,3.04,TNP_0009,2,2016
2016-06-14 13:00:00+00:00,0.0,0.0,30.26,59.66,2.94,TNP_0009,2,2016
2016-06-14 14:00:00+00:00,0.0,0.0,29.57,60.77,3.49,TNP_0009,2,2016
2016-06-14 15:00:00+00:00,0.0,0.0,28.94,61.71,4.55,TNP_0009,2,2016
2016-06-14 16:00:00+00:00,0.0,0.0,28.14,64.54,4.99,TNP_0009,2,2016
2016-06-14 17:00:00+00:00,0.0,0.0,27.42,67.65,5.16,TNP_0009,2,2016
2016-06-14 18:00:00+00:00,0.0,0.0,26.77,70.76,5.2,TNP_0009,2,2016
2016-06-14 19:00:00+00:00,0.0,0.0,26.29,72.69,5.34,TNP_0009,2,2016
2016-06-14 20:00:00+00:00,0.0,0.0,25.88,73.97,5.52,TNP_0009,2,2016
2016-06-14 21:00:00+00:00,0.0,0.0,25.44,74.99,5.54,TNP_0009,2,2016
2016-06-14 22:00:00+00:00,0.0,0.0,24.98,75.99,5.47,TNP_0009,2,2016
2016-06-14 23:00:00+00:00,0.0,0.0,24.56,77.28,5.41,TNP_0009,2,2016
2016-06-15 00:00:00+00:00,14.3,17.3,24.43,77.77,5.57,TNP_0009,2,2016
2016-06-15 01:00:00+00:00,132.38,164.98,25.73,72.15,6.8,TNP_0009,2,2016
2016-06-15 02:00:00+00:00,308.55,378.98,28.2,60.5,8.9,TNP_0009,2,2016
2016-06-15 03:00:00+00:00,540.28,590.7,30.96,47.85,9.33,TNP_0009,2,2016
2016-06-15 04:00:00+00:00,745.17,764.67,33.43,38.37,9.15,TNP_0009,2,2016
2016-06-15 05:00:00+00:00,878.35,881.85,35.37,32.95,8.6,TNP_0009,2,2016
2016-06-15 06:00:00+00:00,952.0,955.6,36.69,30.17,8.02,TNP_0009,2,2016
2016-06-15 07:00:00+00:00,927.72,932.97,37.47,28.82,7.58,TNP_0009,2,2016
2016-06-15 08:00:00+00:00,835.08,841.6,37.74,28.37,7.2,TNP_0009,2,2016
2016-06-15 09:00:00+00:00,674.85,688.95,37.56,28.71,6.78,TNP_0009,2,2016
2016-06-15 10:00:00+00:00,443.27,489.52,36.92,30.04,6.24,TNP_0009,2,2016
2016-06-15 11:00:00+00:00,238.93,266.35,35.65,33.77,5.36,TNP_0009,2,2016
2016-06-15 12:00:00+00:00,57.22,66.5,32.9,47.43,3.3,TNP_0009,2,2016
2016-06-15 13:00:00+00:00,0.0,0.0,30.28,59.79,2.73,TNP_0009,2,2016
2016-06-15 14:00:00+00:00,0.0,0.0,29.57,63.37,2.55,TNP_0009,2,2016
2016-06-15 15:00:00+00:00,0.0,0.0,29.1,65.38,2.47,TNP_0009,2,2016
2016-06-15 16:00:00+00:00,0.0,0.0,28.76,65.49,2.72,TNP_0009,2,2016
2016-06-15 17:00:00+00:00,0.0,0.0,28.09,68.21,3.58,TNP_0009,2,2016
2016-06-15 18:00:00+00:00,0.0,0.0,27.26,70.52,4.37,TNP_0009,2,2016
2016-06-15 19:00:00+00:00,0.0,0.0,26.48,72.0,4.83,TNP_0009,2,2016
2016-06-15 20:00:00+00:00,0.0,0.0,25.96,72.41,5.72,TNP_0009,2,2016
2016-06-15 21:00:00+00:00,0.0,0.0,25.49,73.99,6.05,TNP_0009,2,2016
2016-06-15 22:00:00+00:00,0.0,0.0,25.12,75.78,6.03,TNP_0009,2,2016
2016-06-15 23:00:00+00:00,0.0,0.0,24.81,77.25,6.01,TNP_0009,2,2016
2016-06-16 00:00:00+00:00,17.1,17.77,24.64,78.13,5.91,TNP_0009,2,2016
2016-06-16 01:00:00+00:00,154.98,172.55,25.61,74.16,6.23,TNP_0009,2,2016
2016-06-16 02:00:00+00:00,358.7,393.85,27.7,65.03,7.64,TNP_0009,2,2016
2016-06-16 03:00:00+00:00,549.7,606.7,30.35,53.96,8.28,TNP_0009,2,2016
2016-06-16 04:00:00+00:00,683.55,780.95,32.75,45.37,8.13,TNP_0009,2,2016
2016-06-16 05:00:00+00:00,748.6,898.4,34.54,40.5,7.4,TNP_0009,2,2016
2016-06-16 06:00:00+00:00,828.45,906.42,35.68,37.94,6.52,TNP_0009,2,2016
2016-06-16 07:00:00+00:00,796.62,887.22,36.35,36.44,5.79,TNP_0009,2,2016
2016-06-16 08:00:00+00:00,619.25,795.65,36.62,35.52,5.27,TNP_0009,2,2016
2016-06-16 09:00:00+00:00,565.33,642.9,36.33,35.73,4.89,TNP_0009,2,2016
2016-06-16 10:00:00+00:00,341.8,441.17,35.89,36.31,4.67,TNP_0009,2,2016
2016-06-16 11:00:00+00:00,191.68,234.38,34.79,39.42,4.25,TNP_0009,2,2016
2016-06-16 12:00:00+00:00,50.45,57.12,32.44,52.66,2.82,TNP_0009,2,2016
2016-06-16 13:00:00+00:00,0.0,0.0,30.24,62.47,2.73,TNP_0009,2,2016
2016-06-16 14:00:00+00:00,0.0,0.0,29.4,64.44,2.86,TNP_0009,2,2016
2016-06-16 15:00:00+00:00,0.0,0.0,28.61,67.05,2.87,TNP_0009,2,2016
2016-06-16 16:00:00+00:00,0.0,0.0,27.95,69.61,2.82,TNP_0009,2,2016
2016-06-16 17:00:00+00:00,0.0,0.0,27.42,70.61,3.07,TNP_0009,2,2016
2016-06-16 18:00:00+00:00,0.0,0.0,26.91,70.7,3.8,TNP_0009,2,2016
2016-06-16 19:00:00+00:00,0.0,0.0,26.35,71.58,4.61,TNP_0009,2,2016
2016-06-16 20:00:00+00:00,0.0,0.0,25.81,73.32,5.27,TNP_0009,2,2016
2016-06-16 21:00:00+00:00,0.0,0.0,25.36,75.29,5.52,TNP_0009,2,2016
2016-06-16 22:00:00+00:00,0.0,0.0,25.06,77.29,5.43,TNP_0009,2,2016
2016-06-16 23:00:00+00:00,0.0,0.0,24.83,79.4,5.24,TNP_0009,2,2016
2016-06-17 00:00:00+00:00,15.68,16.95,24.75,80.37,5.21,TNP_0009,2,2016
2016-06-17 01:00:00+00:00,130.07,165.57,25.95,74.71,5.77,TNP_0009,2,2016
2016-06-17 02:00:00+00:00,299.5,383.7,28.18,62.8,6.99,TNP_0009,2,2016
2016-06-17 03:00:00+00:00,484.85,595.3,30.45,50.81,7.34,TNP_0009,2,2016
2016-06-17 04:00:00+00:00,613.35,768.5,32.36,42.34,6.84,TNP_0009,2,2016
2016-06-17 05:00:00+00:00,743.2,886.92,33.94,37.42,5.91,TNP_0009,2,2016
2016-06-17 06:00:00+00:00,812.53,938.95,35.12,34.77,5.08,TNP_0009,2,2016
2016-06-17 07:00:00+00:00,617.03,919.33,35.71,33.75,4.5,TNP_0009,2,2016
2016-06-17 08:00:00+00:00,626.92,830.0,35.77,33.79,4.11,TNP_0009,2,2016
2016-06-17 09:00:00+00:00,456.15,679.47,35.45,34.51,3.84,TNP_0009,2,2016
2016-06-17 10:00:00+00:00,257.85,480.67,34.85,35.97,3.56,TNP_0009,2,2016
2016-06-17 11:00:00+00:00,131.7,258.65,33.86,40.41,2.85,TNP_0009,2,2016
2016-06-17 12:00:00+00:00,33.35,64.2,31.89,55.69,1.82,TNP_0009,2,2016
2016-06-17 13:00:00+00:00,0.0,0.0,30.21,65.88,1.76,TNP_0009,2,2016
2016-06-17 14:00:00+00:00,0.0,0.0,29.49,68.56,1.77,TNP_0009,2,2016
2016-06-17 15:00:00+00:00,0.0,0.0,28.76,70.42,1.96,TNP_0009,2,2016
2016-06-17 16:00:00+00:00,0.0,0.0,28.08,70.52,2.33,TNP_0009,2,2016
2016-06-17 17:00:00+00:00,0.0,0.0,27.54,70.01,2.94,TNP_0009,2,2016
2016-06-17 18:00:00+00:00,0.0,0.0,26.97,70.48,3.74,TNP_0009,2,2016
2016-06-17 19:00:00+00:00,0.0,0.0,26.36,72.29,4.29,TNP_0009,2,2016
2016-06-17 20:00:00+00:00,0.0,0.0,25.95,73.82,4.67,TNP_0009,2,2016
2016-06-17 21:00:00+00:00,0.0,0.0,25.64,75.5,4.69,TNP_0009,2,2016
2016-06-17 22:00:00+00:00,0.0,0.0,25.6,75.84,5.04,TNP_0009,2,2016
2016-06-17 23:00:00+00:00,0.0,0.0,25.42,77.7,4.84,TNP_0009,2,2016
2016-06-18 00:00:00+00:00,13.77,17.12,25.36,78.9,4.75,TNP_0009,2,2016
2016-06-18 01:00:00+00:00,119.45,168.88,26.45,74.58,5.63,TNP_0009,2,2016
2016-06-18 02:00:00+00:00,276.62,387.8,28.19,66.18,7.38,TNP_0009,2,2016
2016-06-18 03:00:00+00:00,392.95,599.05,29.79,57.71,8.3,TNP_0009,2,2016
2016-06-18 04:00:00+00:00,495.4,772.35,30.93,52.11,8.17,TNP_0009,2,2016
2016-06-18 05:00:00+00:00,595.75,888.2,31.76,49.17,7.5,TNP_0009,2,2016
2016-06-18 06:00:00+00:00,686.67,861.9,32.47,47.37,6.81,TNP_0009,2,2016
2016-06-18 07:00:00+00:00,694.7,840.42,33.25,45.4,6.21,TNP_0009,2,2016
2016-06-18 08:00:00+00:00,539.2,748.62,33.85,43.37,5.64,TNP_0009,2,2016
2016-06-18 09:00:00+00:00,485.83,588.92,33.71,42.68,5.01,TNP_0009,2,2016
2016-06-18 10:00:00+00:00,290.6,387.6,33.12,43.46,4.33,TNP_0009,2,2016
2016-06-18 11:00:00+00:00,149.88,191.3,32.02,47.51,3.44,TNP_0009,2,2016
2016-06-18 12:00:00+00:00,39.45,46.2,30.36,59.29,2.07,TNP_0009,2,2016
2016-06-18 13:00:00+00:00,0.0,0.0,28.73,71.04,1.52,TNP_0009,2,2016
2016-06-18 14:00:00+00:00,0.0,0.0,28.11,75.16,0.96,TNP_0009,2,2016
2016-06-18 15:00:00+00:00,0.0,0.0,27.46,78.61,0.45,TNP_0009,2,2016
2016-06-18 16:00:00+00:00,0.0,0.0,27.04,79.51,0.17,TNP_0009,2,2016
2016-06-18 17:00:00+00:00,0.0,0.0,26.65,80.98,0.34,TNP_0009,2,2016
2016-06-18 18:00:00+00:00,0.0,0.0,26.2,84.15,0.73,TNP_0009,2,2016
2016-06-18 19:00:00+00:00,0.0,0.0,25.78,85.79,1.18,TNP_0009,2,2016
2016-06-18 20:00:00+00:00,0.0,0.0,25.49,85.34,1.77,TNP_0009,2,2016
2016-06-18 21:00:00+00:00,0.0,0.0,25.21,84.2,2.63,TNP_0009,2,2016
2016-06-18 22:00:00+00:00,0.0,0.0,24.78,84.56,2.98,TNP_0009,2,2016
2016-06-18 23:00:00+00:00,0.0,0.0,24.46,84.51,3.33,TNP_0009,2,2016
2016-06-19 00:00:00+00:00,15.62,15.5,24.39,83.72,3.68,TNP_0009,2,2016
2016-06-19 01:00:00+00:00,132.6,148.02,24.94,80.14,4.25,TNP_0009,2,2016
2016-06-19 02:00:00+00:00,301.62,349.38,25.89,73.89,5.03,TNP_0009,2,2016
2016-06-19 03:00:00+00:00,513.25,557.05,27.05,64.48,5.85,TNP_0009,2,2016
2016-06-19 04:00:00+00:00,666.83,730.97,28.19,57.9,5.73,TNP_0009,2,2016
2016-06-19 05:00:00+00:00,773.9,847.7,29.6,52.56,5.5,TNP_0009,2,2016
2016-06-19 06:00:00+00:00,893.22,932.42,30.76,49.18,5.06,TNP_0009,2,2016
2016-06-19 07:00:00+00:00,815.8,909.92,31.39,47.94,4.44,TNP_0009,2,2016
2016-06-19 08:00:00+00:00,668.88,816.42,31.65,47.97,3.84,TNP_0009,2,2016
2016-06-19 09:00:00+00:00,524.55,657.97,31.44,49.02,2.97,TNP_0009,2,2016
2016-06-19 10:00:00+00:00,287.4,451.17,30.46,52.79,2.15,TNP_0009,2,2016
2016-06-19 11:00:00+00:00,151.32,231.88,28.98,61.79,1.82,TNP_0009,2,2016
2016-06-19 12:00:00+00:00,39.62,57.4,27.51,69.5,1.82,TNP_0009,2,2016
2016-06-19 13:00:00+00:00,0.0,0.0,26.3,77.39,1.44,TNP_0009,2,2016
2016-06-19 14:00:00+00:00,0.0,0.0,25.67,80.13,1.21,TNP_0009,2,2016
2016-06-19 15:00:00+00:00,0.0,0.0,25.27,81.04,1.06,TNP_0009,2,2016
2016-06-19 16:00:00+00:00,0.0,0.0,24.83,84.12,1.04,TNP_0009,2,2016
2016-06-19 17:00:00+00:00,0.0,0.0,24.44,87.3,1.3,TNP_0009,2,2016
2016-06-19 18:00:00+00:00,0.0,0.0,24.15,89.94,1.61,TNP_0009,2,2016
2016-06-19 19:00:00+00:00,0.0,0.0,23.95,91.43,1.8,TNP_0009,2,2016
2016-06-19 20:00:00+00:00,0.0,0.0,23.84,92.29,1.86,TNP_0009,2,2016
2016-06-19 21:00:00+00:00,0.0,0.0,23.75,93.12,1.74,TNP_0009,2,2016
2016-06-19 22:00:00+00:00,0.0,0.0,23.64,93.46,1.74,TNP_0009,2,2016
2016-06-19 23:00:00+00:00,0.0,0.0,23.49,93.57,1.86,TNP_0009,2,2016
2016-06-20 00:00:00+00:00,13.05,15.43,23.58,92.56,2.13,TNP_0009,2,2016
2016-06-20 01:00:00+00:00,132.05,154.1,24.35,87.89,2.88,TNP_0009,2,2016
2016-06-20 02:00:00+00:00,306.52,363.8,25.5,82.07,3.12,TNP_0009,2,2016
2016-06-20 03:00:00+00:00,539.42,575.22,27.12,72.77,3.57,TNP_0009,2,2016
2016-06-20 04:00:00+00:00,706.15,751.33,28.61,65.26,3.28,TNP_0009,2,2016
2016-06-20 05:00:00+00:00,847.7,870.2,29.58,61.45,2.34,TNP_0009,2,2016
2016-06-20 06:00:00+00:00,876.78,899.53,29.97,60.17,1.34,TNP_0009,2,2016
2016-06-20 07:00:00+00:00,773.28,878.45,30.02,60.16,0.74,TNP_0009,2,2016
2016-06-20 08:00:00+00:00,676.65,786.5,29.86,60.92,0.95,TNP_0009,2,2016
2016-06-20 09:00:00+00:00,483.15,623.55,29.4,63.01,1.4,TNP_0009,2,2016
2016-06-20 10:00:00+00:00,269.58,412.9,28.91,65.69,1.73,TNP_0009,2,2016
2016-06-20 11:00:00+00:00,152.43,205.68,28.42,68.98,1.86,TNP_0009,2,2016
2016-06-20 12:00:00+00:00,40.25,50.3,27.57,76.01,1.74,TNP_0009,2,2016
2016-06-20 13:00:00+00:00,0.0,0.0,26.46,86.51,1.49,TNP_0009,2,2016
2016-06-20 14:00:00+00:00,0.0,0.0,26.02,87.92,1.58,TNP_0009,2,2016
2016-06-20 15:00:00+00:00,0.0,0.0,25.64,89.0,1.66,TNP_0009,2,2016
2016-06-20 16:00:00+00:00,0.0,0.0,25.27,90.06,1.8,TNP_0009,2,2016
2016-06-20 17:00:00+00:00,0.0,0.0,24.93,91.23,2.02,TNP_0009,2,2016
2016-06-20 18:00:00+00:00,0.0,0.0,24.64,92.39,2.31,TNP_0009,2,2016
2016-06-20 19:00:00+00:00,0.0,0.0,24.41,93.32,2.67,TNP_0009,2,2016
2016-06-20 20:00:00+00:00,0.0,0.0,24.25,93.98,3.05,TNP_0009,2,2016
2016-06-20 21:00:00+00:00,0.0,0.0,24.15,94.32,3.3,TNP_0009,2,2016
2016-06-20 22:00:00+00:00,0.0,0.0,24.07,94.57,3.14,TNP_0009,2,2016
2016-06-20 23:00:00+00:00,0.0,0.0,23.97,94.8,2.77,TNP_0009,2,2016
2016-06-21 00:00:00+00:00,13.12,15.35,23.99,94.47,2.44,TNP_0009,2,2016
2016-06-21 01:00:00+00:00,109.15,152.35,24.55,90.91,2.95,TNP_0009,2,2016
2016-06-21 02:00:00+00:00,258.88,363.55,25.61,83.76,3.89,TNP_0009,2,2016
2016-06-21 03:00:00+00:00,470.75,573.8,27.22,72.35,5.53,TNP_0009,2,2016
2016-06-21 04:00:00+00:00,638.78,745.08,29.03,62.52,5.95,TNP_0009,2,2016
2016-06-21 05:00:00+00:00,789.78,864.25,30.93,55.13,5.44,TNP_0009,2,2016
2016-06-21 06:00:00+00:00,878.9,914.83,32.1,51.19,4.38,TNP_0009,2,2016
2016-06-21 07:00:00+00:00,784.83,894.88,32.48,49.96,3.27,TNP_0009,2,2016
2016-06-21 08:00:00+00:00,535.7,803.17,32.5,50.25,2.42,TNP_0009,2,2016
2016-06-21 09:00:00+00:00,370.83,643.75,32.17,51.75,2.05,TNP_0009,2,2016
2016-06-21 10:00:00+00:00,183.88,445.12,31.62,54.57,2.15,TNP_0009,2,2016
2016-06-21 11:00:00+00:00,92.78,220.85,30.7,61.12,2.2,TNP_0009,2,2016
2016-06-21 12:00:00+00:00,24.9,55.28,29.15,71.36,2.3,TNP_0009,2,2016
2016-06-21 13:00:00+00:00,0.0,0.0,27.47,82.11,2.29,TNP_0009,2,2016
2016-06-21 14:00:00+00:00,0.0,0.0,26.71,84.7,2.57,TNP_0009,2,2016
2016-06-21 15:00:00+00:00,0.0,0.0,26.08,87.47,2.59,TNP_0009,2,2016
2016-06-21 16:00:00+00:00,0.0,0.0,25.55,89.63,2.5,TNP_0009,2,2016
2016-06-21 17:00:00+00:00,0.0,0.0,25.11,90.93,2.55,TNP_0009,2,2016
2016-06-21 18:00:00+00:00,0.0,0.0,24.76,91.62,2.67,TNP_0009,2,2016
2016-06-21 19:00:00+00:00,0.0,0.0,24.47,92.1,2.67,TNP_0009,2,2016
2016-06-21 20:00:00+00:00,0.0,0.0,24.2,92.32,2.62,TNP_0009,2,2016
2016-06-21 21:00:00+00:00,0.0,0.0,23.95,92.45,2.5,TNP_0009,2,2016
2016-06-21 22:00:00+00:00,0.0,0.0,23.86,91.5,2.75,TNP_0009,2,2016
2016-06-21 23:00:00+00:00,0.0,0.0,23.82,90.08,3.13,TNP_0009,2,2016
2016-06-22 00:00:00+00:00,11.25,15.88,23.82,89.04,3.22,TNP_0009,2,2016
2016-06-22 01:00:00+00:00,125.2,161.35,24.56,84.34,3.89,TNP_0009,2,2016
2016-06-22 02:00:00+00:00,305.98,375.58,25.59,77.15,4.41,TNP_0009,2,2016
2016-06-22 03:00:00+00:00,556.45,587.5,27.04,67.0,5.16,TNP_0009,2,2016
2016-06-22 04:00:00+00:00,656.72,764.25,28.68,58.89,5.26,TNP_0009,2,2016
2016-06-22 05:00:00+00:00,801.85,882.85,30.29,53.32,5.08,TNP_0009,2,2016
2016-06-22 06:00:00+00:00,857.78,923.92,31.5,49.93,4.78,TNP_0009,2,2016
2016-06-22 07:00:00+00:00,634.92,904.97,32.26,48.14,4.49,TNP_0009,2,2016
2016-06-22 08:00:00+00:00,607.2,814.53,32.37,48.21,4.26,TNP_0009,2,2016
2016-06-22 09:00:00+00:00,379.77,660.92,32.03,49.9,4.03,TNP_0009,2,2016
2016-06-22 10:00:00+00:00,235.35,464.42,31.36,54.32,3.4,TNP_0009,2,2016
2016-06-22 11:00:00+00:00,132.77,240.73,30.38,59.49,2.84,TNP_0009,2,2016
2016-06-22 12:00:00+00:00,35.05,61.53,28.82,73.02,2.04,TNP_0009,2,2016
2016-06-22 13:00:00+00:00,0.0,0.0,27.57,80.51,1.82,TNP_0009,2,2016
2016-06-22 14:00:00+00:00,0.0,0.0,26.92,82.96,1.87,TNP_0009,2,2016
2016-06-22 15:00:00+00:00,0.0,0.0,26.3,85.48,2.02,TNP_0009,2,2016
2016-06-22 16:00:00+00:00,0.0,0.0,25.75,87.38,2.24,TNP_0009,2,2016
2016-06-22 17:00:00+00:00,0.0,0.0,25.25,89.01,2.39,TNP_0009,2,2016
2016-06-22 18:00:00+00:00,0.0,0.0,24.78,90.41,2.5,TNP_0009,2,2016
2016-06-22 19:00:00+00:00,0.0,0.0,24.36,91.49,2.59,TNP_0009,2,2016
2016-06-22 20:00:00+00:00,0.0,0.0,23.99,92.2,2.6,TNP_0009,2,2016
2016-06-22 21:00:00+00:00,0.0,0.0,23.68,92.41,2.66,TNP_0009,2,2016
2016-06-22 22:00:00+00:00,0.0,0.0,23.44,91.83,3.17,TNP_0009,2,2016
2016-06-22 23:00:00+00:00,0.0,0.0,23.23,91.55,3.57,TNP_0009,2,2016
2016-06-23 00:00:00+00:00,5.62,15.73,23.16,90.68,4.18,TNP_0009,2,2016
2016-06-23 01:00:00+00:00,48.15,160.2,23.51,88.57,4.57,TNP_0009,2,2016
2016-06-23 02:00:00+00:00,121.4,376.58,24.21,84.34,5.26,TNP_0009,2,2016
2016-06-23 03:00:00+00:00,236.18,586.0,25.5,75.35,7.03,TNP_0009,2,2016
2016-06-23 04:00:00+00:00,419.23,758.0,27.38,64.07,8.28,TNP_0009,2,2016
2016-06-23 05:00:00+00:00,518.42,874.88,29.22,54.83,8.86,TNP_0009,2,2016
2016-06-23 06:00:00+00:00,468.6,912.83,30.4,50.83,8.57,TNP_0009,2,2016
2016-06-23 07:00:00+00:00,427.7,901.65,31.1,49.52,7.85,TNP_0009,2,2016
2016-06-23 08:00:00+00:00,293.88,813.4,31.3,49.79,6.92,TNP_0009,2,2016
2016-06-23 09:00:00+00:00,288.38,659.28,30.98,51.77,5.81,TNP_0009,2,2016
2016-06-23 10:00:00+00:00,162.45,454.62,30.31,56.78,4.41,TNP_0009,2,2016
2016-06-23 11:00:00+00:00,83.97,246.65,29.25,65.14,3.21,TNP_0009,2,2016
2016-06-23 12:00:00+00:00,23.58,64.68,27.68,74.43,2.89,TNP_0009,2,2016
2016-06-23 13:00:00+00:00,0.0,0.0,26.54,76.93,3.6,TNP_0009,2,2016
2016-06-23 14:00:00+00:00,0.0,0.0,26.27,75.61,4.8,TNP_0009,2,2016
2016-06-23 15:00:00+00:00,0.0,0.0,25.9,75.87,5.64,TNP_0009,2,2016
2016-06-23 16:00:00+00:00,0.0,0.0,25.46,76.77,5.82,TNP_0009,2,2016
2016-06-23 17:00:00+00:00,0.0,0.0,24.95,77.6,5.52,TNP_0009,2,2016
2016-06-23 18:00:00+00:00,0.0,0.0,24.38,78.76,5.04,TNP_0009,2,2016
2016-06-23 19:00:00+00:00,0.0,0.0,23.95,79.71,4.77,TNP_0009,2,2016
2016-06-23 20:00:00+00:00,0.0,0.0,23.63,80.62,4.69,TNP_0009,2,2016
2016-06-23 21:00:00+00:00,0.0,0.0,23.4,80.74,4.83,TNP_0009,2,2016
2016-06-23 22:00:00+00:00,0.0,0.0,23.21,80.79,4.65,TNP_0009,2,2016
2016-06-23 23:00:00+00:00,0.0,0.0,23.01,81.56,4.18,TNP_0009,2,2016
2016-06-24 00:00:00+00:00,13.98,16.85,22.96,82.28,3.62,TNP_0009,2,2016
2016-06-24 01:00:00+00:00,126.2,175.88,23.88,77.32,3.61,TNP_0009,2,2016
2016-06-24 02:00:00+00:00,287.33,395.55,25.12,71.5,3.96,TNP_0009,2,2016
2016-06-24 03:00:00+00:00,506.1,606.33,26.93,63.45,5.22,TNP_0009,2,2016
2016-06-24 04:00:00+00:00,552.55,778.33,28.55,56.58,5.75,TNP_0009,2,2016
2016-06-24 05:00:00+00:00,630.67,893.8,29.84,51.13,6.11,TNP_0009,2,2016
2016-06-24 06:00:00+00:00,584.5,958.65,30.49,48.52,6.27,TNP_0009,2,2016
2016-06-24 07:00:00+00:00,385.77,936.6,30.55,48.75,6.24,TNP_0009,2,2016
2016-06-24 08:00:00+00:00,382.58,845.08,30.24,50.85,5.95,TNP_0009,2,2016
2016-06-24 09:00:00+00:00,263.73,691.22,29.86,53.66,5.37,TNP_0009,2,2016
2016-06-24 10:00:00+00:00,116.78,490.27,29.36,57.52,4.49,TNP_0009,2,2016
2016-06-24 11:00:00+00:00,74.7,264.23,28.51,64.8,3.02,TNP_0009,2,2016
2016-06-24 12:00:00+00:00,22.65,69.05,27.31,76.13,1.7,TNP_0009,2,2016
2016-06-24 13:00:00+00:00,0.0,0.0,26.38,84.57,0.98,TNP_0009,2,2016
2016-06-24 14:00:00+00:00,0.0,0.0,25.8,87.0,0.99,TNP_0009,2,2016
2016-06-24 15:00:00+00:00,0.0,0.0,25.22,88.62,1.27,TNP_0009,2,2016
2016-06-24 16:00:00+00:00,0.0,0.0,24.81,88.91,1.71,TNP_0009,2,2016
2016-06-24 17:00:00+00:00,0.0,0.0,24.52,88.94,2.33,TNP_0009,2,2016
2016-06-24 18:00:00+00:00,0.0,0.0,24.26,89.14,2.92,TNP_0009,2,2016
2016-06-24 19:00:00+00:00,0.0,0.0,24.12,88.11,3.65,TNP_0009,2,2016
2016-06-24 20:00:00+00:00,0.0,0.0,23.99,86.14,4.56,TNP_0009,2,2016
2016-06-24 21:00:00+00:00,0.0,0.0,23.65,85.98,4.3,TNP_0009,2,2016
2016-06-24 22:00:00+00:00,0.0,0.0,23.37,84.85,4.56,TNP_0009,2,2016
2016-06-24 23:00:00+00:00,0.0,0.0,23.08,84.06,4.73,TNP_0009,2,2016
2016-06-25 00:00:00+00:00,4.72,15.7,22.99,82.74,4.97,TNP_0009,2,2016
2016-06-25 01:00:00+00:00,51.75,171.88,24.06,76.7,5.51,TNP_0009,2,2016
2016-06-25 02:00:00+00:00,142.3,394.88,25.95,66.27,6.62,TNP_0009,2,2016
2016-06-25 03:00:00+00:00,308.73,606.25,28.09,56.68,7.39,TNP_0009,2,2016
2016-06-25 04:00:00+00:00,399.52,778.05,29.91,50.65,7.5,TNP_0009,2,2016
2016-06-25 05:00:00+00:00,489.92,893.78,31.1,47.65,7.37,TNP_0009,2,2016
2016-06-25 06:00:00+00:00,671.08,943.3,31.58,46.87,7.2,TNP_0009,2,2016
2016-06-25 07:00:00+00:00,372.08,921.35,31.47,48.04,6.9,TNP_0009,2,2016
2016-06-25 08:00:00+00:00,314.73,830.08,30.91,50.81,6.4,TNP_0009,2,2016
2016-06-25 09:00:00+00:00,255.5,676.47,30.0,55.17,5.68,TNP_0009,2,2016
2016-06-25 10:00:00+00:00,138.77,476.02,28.95,60.99,4.84,TNP_0009,2,2016
2016-06-25 11:00:00+00:00,92.65,255.35,27.83,67.06,4.3,TNP_0009,2,2016
2016-06-25 12:00:00+00:00,28.4,66.3,26.54,73.02,3.94,TNP_0009,2,2016
2016-06-25 13:00:00+00:00,0.0,0.0,25.5,76.63,3.95,TNP_0009,2,2016
2016-06-25 14:00:00+00:00,0.0,0.0,24.91,78.78,3.88,TNP_0009,2,2016
2016-06-25 15:00:00+00:00,0.0,0.0,24.55,80.23,3.75,TNP_0009,2,2016
2016-06-25 16:00:00+00:00,0.0,0.0,24.36,80.55,3.97,TNP_0009,2,2016
2016-06-25 17:00:00+00:00,0.0,0.0,24.23,80.23,4.23,TNP_0009,2,2016
2016-06-25 18:00:00+00:00,0.0,0.0,24.05,80.06,4.23,TNP_0009,2,2016
2016-06-25 19:00:00+00:00,0.0,0.0,23.83,80.28,4.05,TNP_0009,2,2016
2016-06-25 20:00:00+00:00,0.0,0.0,23.62,80.71,3.85,TNP_0009,2,2016
2016-06-25 21:00:00+00:00,0.0,0.0,23.43,81.23,3.65,TNP_0009,2,2016
2016-06-25 22:00:00+00:00,0.0,0.0,23.21,82.36,3.4,TNP_0009,2,2016
2016-06-25 23:00:00+00:00,0.0,0.0,23.02,83.95,3.08,TNP_0009,2,2016
2016-06-26 00:00:00+00:00,8.73,13.77,22.98,84.88,2.76,TNP_0009,2,2016
2016-06-26 01:00:00+00:00,75.5,145.0,23.73,80.71,2.9,TNP_0009,2,2016
2016-06-26 02:00:00+00:00,168.82,352.73,24.72,76.01,3.33,TNP_0009,2,2016
2016-06-26 03:00:00+00:00,266.95,561.3,26.29,68.81,4.31,TNP_0009,2,2016
2016-06-26 04:00:00+00:00,351.62,735.1,27.91,61.81,4.91,TNP_0009,2,2016
2016-06-26 05:00:00+00:00,536.55,853.7,29.76,55.24,5.03,TNP_0009,2,2016
2016-06-26 06:00:00+00:00,596.88,903.35,31.5,49.91,4.81,TNP_0009,2,2016
2016-06-26 07:00:00+00:00,518.92,879.65,32.79,46.2,4.65,TNP_0009,2,2016
2016-06-26 08:00:00+00:00,401.4,782.5,33.69,43.79,4.65,TNP_0009,2,2016
2016-06-26 09:00:00+00:00,326.92,619.4,33.52,44.12,4.58,TNP_0009,2,2016
2016-06-26 10:00:00+00:00,299.92,424.35,32.72,47.16,4.19,TNP_0009,2,2016
2016-06-26 11:00:00+00:00,157.6,222.05,31.55,54.36,3.06,TNP_0009,2,2016
2016-06-26 12:00:00+00:00,42.6,57.95,29.87,69.98,1.92,TNP_0009,2,2016
2016-06-26 13:00:00+00:00,0.0,0.0,28.79,73.88,1.56,TNP_0009,2,2016
2016-06-26 14:00:00+00:00,0.0,0.0,28.08,76.84,1.63,TNP_0009,2,2016
2016-06-26 15:00:00+00:00,0.0,0.0,27.19,81.12,1.88,TNP_0009,2,2016
2016-06-26 16:00:00+00:00,0.0,0.0,26.4,84.42,2.06,TNP_0009,2,2016
2016-06-26 17:00:00+00:00,0.0,0.0,25.84,86.42,1.97,TNP_0009,2,2016
2016-06-26 18:00:00+00:00,0.0,0.0,25.43,86.63,2.02,TNP_0009,2,2016
2016-06-26 19:00:00+00:00,0.0,0.0,25.0,87.14,2.29,TNP_0009,2,2016
2016-06-26 20:00:00+00:00,0.0,0.0,24.48,88.93,2.48,TNP_0009,2,2016
2016-06-26 21:00:00+00:00,0.0,0.0,24.01,90.05,2.53,TNP_0009,2,2016
2016-06-26 22:00:00+00:00,0.0,0.0,23.59,90.98,2.46,TNP_0009,2,2016
2016-06-26 23:00:00+00:00,0.0,0.0,23.3,91.59,2.35,TNP_0009,2,2016
2016-06-27 00:00:00+00:00,10.3,13.68,23.36,90.93,2.4,TNP_0009,2,2016
2016-06-27 01:00:00+00:00,93.38,144.82,24.46,84.31,3.33,TNP_0009,2,2016
2016-06-27 02:00:00+00:00,187.98,355.2,26.27,75.94,4.32,TNP_0009,2,2016
2016-06-27 03:00:00+00:00,321.38,565.65,28.55,65.72,5.76,TNP_0009,2,2016
2016-06-27 04:00:00+00:00,487.95,739.25,30.42,57.7,6.51,TNP_0009,2,2016
2016-06-27 05:00:00+00:00,638.92,857.53,31.84,51.71,7.07,TNP_0009,2,2016
2016-06-27 06:00:00+00:00,474.17,878.72,32.66,47.79,7.58,TNP_0009,2,2016
2016-06-27 07:00:00+00:00,665.83,863.45,32.93,46.23,8.0,TNP_0009,2,2016
2016-06-27 08:00:00+00:00,437.08,777.8,32.82,46.32,8.1,TNP_0009,2,2016
2016-06-27 09:00:00+00:00,415.75,632.83,32.34,47.95,7.47,TNP_0009,2,2016
2016-06-27 10:00:00+00:00,190.1,442.38,31.41,52.08,6.1,TNP_0009,2,2016
2016-06-27 11:00:00+00:00,99.4,236.3,29.98,61.22,4.03,TNP_0009,2,2016
2016-06-27 12:00:00+00:00,27.67,62.15,28.31,74.94,2.2,TNP_0009,2,2016
2016-06-27 13:00:00+00:00,0.0,0.0,27.08,82.35,1.89,TNP_0009,2,2016
2016-06-27 14:00:00+00:00,0.0,0.0,26.4,83.95,2.08,TNP_0009,2,2016
2016-06-27 15:00:00+00:00,0.0,0.0,25.81,82.8,2.8,TNP_0009,2,2016
2016-06-27 16:00:00+00:00,0.0,0.0,25.26,82.62,3.28,TNP_0009,2,2016
2016-06-27 17:00:00+00:00,0.0,0.0,24.79,83.1,3.56,TNP_0009,2,2016
2016-06-27 18:00:00+00:00,0.0,0.0,24.35,83.63,3.93,TNP_0009,2,2016
2016-06-27 19:00:00+00:00,0.0,0.0,23.94,84.73,4.03,TNP_0009,2,2016
2016-06-27 20:00:00+00:00,0.0,0.0,23.64,86.03,3.95,TNP_0009,2,2016
2016-06-27 21:00:00+00:00,0.0,0.0,23.37,87.8,3.57,TNP_0009,2,2016
2016-06-27 22:00:00+00:00,0.0,0.0,23.13,89.8,3.05,TNP_0009,2,2016
2016-06-27 23:00:00+00:00,0.0,0.0,22.99,91.22,2.63,TNP_0009,2,2016
2016-06-28 00:00:00+00:00,7.0,13.75,23.2,91.28,2.31,TNP_0009,2,2016
2016-06-28 01:00:00+00:00,73.78,147.77,24.38,85.21,2.68,TNP_0009,2,2016
2016-06-28 02:00:00+00:00,180.73,361.25,25.6,80.1,3.59,TNP_0009,2,2016
2016-06-28 03:00:00+00:00,319.75,574.12,27.02,72.03,5.7,TNP_0009,2,2016
2016-06-28 04:00:00+00:00,421.58,750.42,28.61,61.49,7.03,TNP_0009,2,2016
2016-06-28 05:00:00+00:00,555.3,870.47,30.21,52.52,7.84,TNP_0009,2,2016
2016-06-28 06:00:00+00:00,648.83,922.8,31.45,47.29,8.29,TNP_0009,2,2016
2016-06-28 07:00:00+00:00,608.08,904.08,32.21,44.78,8.48,TNP_0009,2,2016
2016-06-28 08:00:00+00:00,659.17,815.85,32.55,43.98,8.31,TNP_0009,2,2016
2016-06-28 09:00:00+00:00,430.05,664.03,32.46,45.0,7.66,TNP_0009,2,2016
2016-06-28 10:00:00+00:00,148.23,463.7,31.82,49.07,6.57,TNP_0009,2,2016
2016-06-28 11:00:00+00:00,64.4,242.52,30.46,58.18,5.03,TNP_0009,2,2016
2016-06-28 12:00:00+00:00,14.55,62.78,28.29,71.5,3.66,TNP_0009,2,2016
2016-06-28 13:00:00+00:00,0.0,0.0,26.73,78.74,3.46,TNP_0009,2,2016
2016-06-28 14:00:00+00:00,0.0,0.0,26.16,80.62,3.72,TNP_0009,2,2016
2016-06-28 15:00:00+00:00,0.0,0.0,25.76,81.99,4.19,TNP_0009,2,2016
2016-06-28 16:00:00+00:00,0.0,0.0,25.5,82.29,5.61,TNP_0009,2,2016
2016-06-28 17:00:00+00:00,0.0,0.0,25.15,83.97,6.19,TNP_0009,2,2016
2016-06-28 18:00:00+00:00,0.0,0.0,24.68,86.52,5.73,TNP_0009,2,2016
2016-06-28 19:00:00+00:00,0.0,0.0,24.33,88.04,5.2,TNP_0009,2,2016
2016-06-28 20:00:00+00:00,0.0,0.0,24.32,86.62,5.69,TNP_0009,2,2016
2016-06-28 21:00:00+00:00,0.0,0.0,24.15,87.21,5.43,TNP_0009,2,2016
2016-06-28 22:00:00+00:00,0.0,0.0,23.89,88.98,4.74,TNP_0009,2,2016
2016-06-28 23:00:00+00:00,0.0,0.0,23.67,90.37,3.89,TNP_0009,2,2016
2016-06-29 00:00:00+00:00,9.18,13.52,23.59,91.09,3.34,TNP_0009,2,2016
2016-06-29 01:00:00+00:00,77.43,150.98,24.42,87.43,3.8,TNP_0009,2,2016
2016-06-29 02:00:00+00:00,164.38,365.48,25.93,80.6,4.73,TNP_0009,2,2016
2016-06-29 03:00:00+00:00,275.8,576.85,28.2,69.51,6.52,TNP_0009,2,2016
2016-06-29 04:00:00+00:00,235.62,749.12,30.27,60.13,7.2,TNP_0009,2,2016
2016-06-29 05:00:00+00:00,301.02,866.6,31.77,54.16,7.44,TNP_0009,2,2016
2016-06-29 06:00:00+00:00,401.52,918.0,32.59,50.9,7.85,TNP_0009,2,2016
2016-06-29 07:00:00+00:00,430.58,898.78,32.91,49.51,8.13,TNP_0009,2,2016
2016-06-29 08:00:00+00:00,362.75,808.47,32.79,50.03,7.99,TNP_0009,2,2016
2016-06-29 09:00:00+00:00,310.0,656.75,32.29,52.1,7.65,TNP_0009,2,2016
2016-06-29 10:00:00+00:00,131.75,467.5,31.6,54.86,7.14,TNP_0009,2,2016
2016-06-29 11:00:00+00:00,80.95,256.0,30.56,60.43,5.78,TNP_0009,2,2016
2016-06-29 12:00:00+00:00,25.15,67.85,28.71,71.0,4.08,TNP_0009,2,2016
2016-06-29 13:00:00+00:00,0.0,0.0,27.11,77.45,3.82,TNP_0009,2,2016
2016-06-29 14:00:00+00:00,0.0,0.0,26.5,78.68,4.3,TNP_0009,2,2016
2016-06-29 15:00:00+00:00,0.0,0.0,26.0,79.04,5.13,TNP_0009,2,2016
2016-06-29 16:00:00+00:00,0.0,0.0,25.41,80.55,5.04,TNP_0009,2,2016
2016-06-29 17:00:00+00:00,0.0,0.0,24.78,83.2,4.17,TNP_0009,2,2016
2016-06-29 18:00:00+00:00,0.0,0.0,24.32,85.22,3.53,TNP_0009,2,2016
2016-06-29 19:00:00+00:00,0.0,0.0,23.94,87.01,3.07,TNP_0009,2,2016
2016-06-29 20:00:00+00:00,0.0,0.0,23.61,88.3,3.02,TNP_0009,2,2016
2016-06-29 21:00:00+00:00,0.0,0.0,23.33,89.56,3.17,TNP_0009,2,2016
2016-06-29 22:00:00+00:00,0.0,0.0,23.17,90.19,3.48,TNP_0009,2,2016
2016-06-29 23:00:00+00:00,0.0,0.0,23.08,90.69,3.59,TNP_0009,2,2016
2016-06-30 00:00:00+00:00,9.02,13.32,23.14,90.38,3.76,TNP_0009,2,2016
2016-06-30 01:00:00+00:00,90.57,146.75,24.06,86.54,4.41,TNP_0009,2,2016
2016-06-30 02:00:00+00:00,223.43,356.95,25.7,79.21,5.2,TNP_0009,2,2016
2016-06-30 03:00:00+00:00,407.48,567.38,28.03,68.2,7.0,TNP_0009,2,2016
2016-06-30 04:00:00+00:00,531.75,741.2,30.12,59.39,7.76,TNP_0009,2,2016
2016-06-30 05:00:00+00:00,661.53,859.28,31.49,54.06,8.02,TNP_0009,2,2016
2016-06-30 06:00:00+00:00,631.7,923.67,32.66,49.63,8.4,TNP_0009,2,2016
2016-06-30 07:00:00+00:00,481.3,905.1,32.77,48.2,8.5,TNP_0009,2,2016
2016-06-30 08:00:00+00:00,426.45,819.53,32.55,48.43,8.28,TNP_0009,2,2016
2016-06-30 09:00:00+00:00,333.7,671.9,32.24,49.29,7.81,TNP_0009,2,2016
2016-06-30 10:00:00+00:00,306.17,476.55,31.77,50.88,7.1,TNP_0009,2,2016
2016-06-30 11:00:00+00:00,125.65,258.52,30.63,56.3,5.55,TNP_0009,2,2016
2016-06-30 12:00:00+00:00,35.3,68.47,28.81,65.64,4.07,TNP_0009,2,2016
2016-06-30 13:00:00+00:00,0.0,0.0,27.25,71.61,3.64,TNP_0009,2,2016
2016-06-30 14:00:00+00:00,0.0,0.0,26.65,73.36,3.8,TNP_0009,2,2016
2016-06-30 15:00:00+00:00,0.0,0.0,26.15,74.77,4.04,TNP_0009,2,2016
2016-06-30 16:00:00+00:00,0.0,0.0,25.58,77.37,3.94,TNP_0009,2,2016
2016-06-30 17:00:00+00:00,0.0,0.0,25.19,79.28,4.26,TNP_0009,2,2016
2016-06-30 18:00:00+00:00,0.0,0.0,24.82,81.07,4.8,TNP_0009,2,2016
2016-06-30 19:00:00+00:00,0.0,0.0,24.35,83.76,4.82,TNP_0009,2,2016
2016-06-30 20:00:00+00:00,0.0,0.0,23.97,85.89,4.69,TNP_0009,2,2016
2016-06-30 21:00:00+00:00,0.0,0.0,23.66,87.65,4.22,TNP_0009,2,2016
2016-06-30 22:00:00+00:00,0.0,0.0,23.41,89.11,3.65,TNP_0009,2,2016
2016-06-30 23:00:00+00:00,0.0,0.0,23.22,90.08,3.22,TNP_0009,2,2016
2016-07-01 00:00:00+00:00,13.75,13.77,23.31,89.49,3.38,TNP_0009,2,2016
2016-07-01 01:00:00+00:00,150.52,156.05,24.34,84.43,4.25,TNP_0009,2,2016
2016-07-01 02:00:00+00:00,355.12,372.88,26.32,75.23,5.52,TNP_0009,2,2016
2016-07-01 03:00:00+00:00,572.53,586.9,28.63,65.0,7.27,TNP_0009,2,2016
2016-07-01 04:00:00+00:00,712.85,762.65,30.56,57.23,8.11,TNP_0009,2,2016
2016-07-01 05:00:00+00:00,833.67,883.12,31.79,52.6,8.57,TNP_0009,2,2016
2016-07-01 06:00:00+00:00,852.92,921.67,32.4,50.05,8.88,TNP_0009,2,2016
2016-07-01 07:00:00+00:00,730.42,902.95,32.81,48.36,9.09,TNP_0009,2,2016
2016-07-01 08:00:00+00:00,676.2,815.75,32.92,47.75,9.09,TNP_0009,2,2016
2016-07-01 09:00:00+00:00,483.23,666.5,32.6,48.73,8.53,TNP_0009,2,2016
2016-07-01 10:00:00+00:00,264.0,471.62,31.84,52.01,7.18,TNP_0009,2,2016
2016-07-01 11:00:00+00:00,143.62,256.05,30.61,58.36,5.44,TNP_0009,2,2016
2016-07-01 12:00:00+00:00,38.47,68.05,29.02,65.84,4.25,TNP_0009,2,2016
2016-07-01 13:00:00+00:00,0.0,0.0,27.88,70.16,3.95,TNP_0009,2,2016
2016-07-01 14:00:00+00:00,0.0,0.0,27.35,71.93,4.03,TNP_0009,2,2016
2016-07-01 15:00:00+00:00,0.0,0.0,26.87,72.86,4.35,TNP_0009,2,2016
2016-07-01 16:00:00+00:00,0.0,0.0,26.41,73.07,5.17,TNP_0009,2,2016
2016-07-01 17:00:00+00:00,0.0,0.0,25.82,74.52,5.54,TNP_0009,2,2016
2016-07-01 18:00:00+00:00,0.0,0.0,25.2,76.62,5.59,TNP_0009,2,2016
2016-07-01 19:00:00+00:00,0.0,0.0,24.64,79.35,5.29,TNP_0009,2,2016
2016-07-01 20:00:00+00:00,0.0,0.0,24.2,81.96,4.91,TNP_0009,2,2016
2016-07-01 21:00:00+00:00,0.0,0.0,23.9,83.88,4.44,TNP_0009,2,2016
2016-07-01 22:00:00+00:00,0.0,0.0,23.75,84.4,3.94,TNP_0009,2,2016
2016-07-01 23:00:00+00:00,0.0,0.0,23.57,84.9,3.35,TNP_0009,2,2016
2016-07-02 00:00:00+00:00,11.57,13.2,23.58,84.44,3.22,TNP_0009,2,2016
2016-07-02 01:00:00+00:00,113.95,150.4,24.58,78.24,4.04,TNP_0009,2,2016
2016-07-02 02:00:00+00:00,290.6,365.62,25.93,71.43,5.18,TNP_0009,2,2016
2016-07-02 03:00:00+00:00,493.7,578.4,27.82,63.38,6.67,TNP_0009,2,2016
2016-07-02 04:00:00+00:00,646.53,754.9,29.89,56.33,7.41,TNP_0009,2,2016
2016-07-02 05:00:00+00:00,727.83,876.6,31.83,50.43,7.89,TNP_0009,2,2016
2016-07-02 06:00:00+00:00,824.12,904.85,33.43,45.79,8.16,TNP_0009,2,2016
2016-07-02 07:00:00+00:00,764.45,889.3,34.66,42.34,8.23,TNP_0009,2,2016
2016-07-02 08:00:00+00:00,610.7,803.15,35.61,40.08,8.17,TNP_0009,2,2016
2016-07-02 09:00:00+00:00,474.95,654.62,36.05,39.38,7.85,TNP_0009,2,2016
2016-07-02 10:00:00+00:00,241.43,461.1,35.46,41.7,6.91,TNP_0009,2,2016
2016-07-02 11:00:00+00:00,143.02,247.35,33.89,49.6,4.99,TNP_0009,2,2016
2016-07-02 12:00:00+00:00,43.9,65.28,31.35,64.06,3.22,TNP_0009,2,2016
2016-07-02 13:00:00+00:00,0.0,0.0,29.46,70.48,3.16,TNP_0009,2,2016
2016-07-02 14:00:00+00:00,0.0,0.0,28.79,71.78,3.43,TNP_0009,2,2016
2016-07-02 15:00:00+00:00,0.0,0.0,28.11,73.27,3.7,TNP_0009,2,2016
2016-07-02 16:00:00+00:00,0.0,0.0,27.39,75.02,4.0,TNP_0009,2,2016
2016-07-02 17:00:00+00:00,0.0,0.0,26.77,76.3,4.46,TNP_0009,2,2016
2016-07-02 18:00:00+00:00,0.0,0.0,26.24,77.14,5.07,TNP_0009,2,2016
2016-07-02 19:00:00+00:00,0.0,0.0,25.6,79.6,4.86,TNP_0009,2,2016
2016-07-02 20:00:00+00:00,0.0,0.0,25.02,82.17,4.4,TNP_0009,2,2016
2016-07-02 21:00:00+00:00,0.0,0.0,24.62,84.0,3.92,TNP_0009,2,2016
2016-07-02 22:00:00+00:00,0.0,0.0,24.37,84.81,3.8,TNP_0009,2,2016
2016-07-02 23:00:00+00:00,0.0,0.0,24.18,85.29,3.85,TNP_0009,2,2016
2016-07-03 00:00:00+00:00,11.0,13.2,24.17,85.18,3.83,TNP_0009,2,2016
2016-07-03 01:00:00+00:00,113.4,150.18,25.07,80.49,4.49,TNP_0009,2,2016
2016-07-03 02:00:00+00:00,285.17,365.42,26.64,72.38,6.12,TNP_0009,2,2016
2016-07-03 03:00:00+00:00,482.38,578.42,28.69,62.67,7.65,TNP_0009,2,2016
2016-07-03 04:00:00+00:00,663.6,755.05,30.77,54.72,8.09,TNP_0009,2,2016
2016-07-03 05:00:00+00:00,801.2,876.58,32.69,48.51,8.06,TNP_0009,2,2016
2016-07-03 06:00:00+00:00,902.92,932.9,34.38,43.78,7.65,TNP_0009,2,2016
2016-07-03 07:00:00+00:00,744.45,917.45,35.55,40.91,6.98,TNP_0009,2,2016
2016-07-03 08:00:00+00:00,694.33,833.03,35.96,39.96,6.28,TNP_0009,2,2016
2016-07-03 09:00:00+00:00,472.23,685.83,35.65,40.67,5.65,TNP_0009,2,2016
2016-07-03 10:00:00+00:00,311.25,489.85,34.78,43.85,4.89,TNP_0009,2,2016
2016-07-03 11:00:00+00:00,162.75,268.9,33.35,51.5,3.67,TNP_0009,2,2016
2016-07-03 12:00:00+00:00,44.85,72.12,31.06,65.67,2.58,TNP_0009,2,2016
2016-07-03 13:00:00+00:00,0.0,0.0,29.45,71.08,2.61,TNP_0009,2,2016
2016-07-03 14:00:00+00:00,0.0,0.0,28.81,71.96,2.84,TNP_0009,2,2016
2016-07-03 15:00:00+00:00,0.0,0.0,28.23,72.59,3.2,TNP_0009,2,2016
2016-07-03 16:00:00+00:00,0.0,0.0,27.72,73.16,3.71,TNP_0009,2,2016
2016-07-03 17:00:00+00:00,0.0,0.0,27.22,73.8,4.35,TNP_0009,2,2016
2016-07-03 18:00:00+00:00,0.0,0.0,26.7,74.82,4.85,TNP_0009,2,2016
2016-07-03 19:00:00+00:00,0.0,0.0,26.19,75.83,5.1,TNP_0009,2,2016
2016-07-03 20:00:00+00:00,0.0,0.0,25.53,78.3,4.75,TNP_0009,2,2016
2016-07-03 21:00:00+00:00,0.0,0.0,24.75,82.19,3.73,TNP_0009,2,2016
2016-07-03 22:00:00+00:00,0.0,0.0,24.21,84.84,3.17,TNP_0009,2,2016
2016-07-03 23:00:00+00:00,0.0,0.0,23.88,85.89,3.11,TNP_0009,2,2016
2016-07-04 00:00:00+00:00,11.07,14.05,23.89,85.27,3.21,TNP_0009,2,2016
2016-07-04 01:00:00+00:00,132.35,165.32,25.17,77.7,4.2,TNP_0009,2,2016
2016-07-04 02:00:00+00:00,326.83,386.27,27.06,67.98,5.85,TNP_0009,2,2016
2016-07-04 03:00:00+00:00,556.33,599.67,29.02,60.12,7.01,TNP_0009,2,2016
2016-07-04 04:00:00+00:00,735.3,774.78,30.66,54.43,7.62,TNP_0009,2,2016
2016-07-04 05:00:00+00:00,878.45,894.2,32.11,49.73,7.23,TNP_0009,2,2016
2016-07-04 06:00:00+00:00,862.22,912.0,33.46,45.85,6.49,TNP_0009,2,2016
2016-07-04 07:00:00+00:00,823.1,896.72,34.49,43.2,5.84,TNP_0009,2,2016
2016-07-04 08:00:00+00:00,726.8,813.5,34.72,42.8,5.51,TNP_0009,2,2016
2016-07-04 09:00:00+00:00,584.78,667.15,34.21,44.95,5.07,TNP_0009,2,2016
2016-07-04 10:00:00+00:00,369.48,473.52,33.34,50.33,3.94,TNP_0009,2,2016
2016-07-04 11:00:00+00:00,204.2,260.1,32.18,58.71,2.89,TNP_0009,2,2016
2016-07-04 12:00:00+00:00,55.53,69.4,30.25,71.6,2.32,TNP_0009,2,2016
2016-07-04 13:00:00+00:00,0.0,0.0,28.86,75.7,2.48,TNP_0009,2,2016
2016-07-04 14:00:00+00:00,0.0,0.0,28.28,77.41,2.6,TNP_0009,2,2016
2016-07-04 15:00:00+00:00,0.0,0.0,27.75,79.29,2.74,TNP_0009,2,2016
2016-07-04 16:00:00+00:00,0.0,0.0,27.19,81.73,2.79,TNP_0009,2,2016
2016-07-04 17:00:00+00:00,0.0,0.0,26.64,83.26,3.01,TNP_0009,2,2016
2016-07-04 18:00:00+00:00,0.0,0.0,26.13,83.99,3.28,TNP_0009,2,2016
2016-07-04 19:00:00+00:00,0.0,0.0,25.64,84.27,3.69,TNP_0009,2,2016
2016-07-04 20:00:00+00:00,0.0,0.0,25.17,84.71,4.06,TNP_0009,2,2016
2016-07-04 21:00:00+00:00,0.0,0.0,24.76,85.73,3.89,TNP_0009,2,2016
2016-07-04 22:00:00+00:00,0.0,0.0,24.44,86.87,3.54,TNP_0009,2,2016
2016-07-04 23:00:00+00:00,0.0,0.0,24.1,88.52,2.99,TNP_0009,2,2016
2016-07-05 00:00:00+00:00,7.85,13.35,24.09,88.73,2.78,TNP_0009,2,2016
2016-07-05 01:00:00+00:00,81.05,160.12,25.12,83.25,3.41,TNP_0009,2,2016
2016-07-05 02:00:00+00:00,208.27,378.83,26.87,75.38,4.53,TNP_0009,2,2016
2016-07-05 03:00:00+00:00,360.4,589.17,28.92,65.71,5.83,TNP_0009,2,2016
2016-07-05 04:00:00+00:00,508.38,763.25,30.63,58.08,6.19,TNP_0009,2,2016
2016-07-05 05:00:00+00:00,610.45,882.47,32.01,52.56,6.02,TNP_0009,2,2016
2016-07-05 06:00:00+00:00,772.2,927.88,33.11,48.48,5.81,TNP_0009,2,2016
2016-07-05 07:00:00+00:00,622.08,912.67,33.89,45.81,5.63,TNP_0009,2,2016
2016-07-05 08:00:00+00:00,545.8,828.97,34.22,44.61,5.43,TNP_0009,2,2016
2016-07-05 09:00:00+00:00,462.4,681.8,34.09,44.88,5.14,TNP_0009,2,2016
2016-07-05 10:00:00+00:00,290.85,488.38,33.43,47.18,4.7,TNP_0009,2,2016
2016-07-05 11:00:00+00:00,152.2,269.75,32.36,53.82,3.51,TNP_0009,2,2016
2016-07-05 12:00:00+00:00,42.25,72.68,30.48,68.25,2.14,TNP_0009,2,2016
2016-07-05 13:00:00+00:00,0.0,0.0,29.09,75.15,2.01,TNP_0009,2,2016
2016-07-05 14:00:00+00:00,0.0,0.0,28.53,77.31,1.97,TNP_0009,2,2016
2016-07-05 15:00:00+00:00,0.0,0.0,27.97,78.82,2.07,TNP_0009,2,2016
2016-07-05 16:00:00+00:00,0.0,0.0,27.46,80.3,2.13,TNP_0009,2,2016
2016-07-05 17:00:00+00:00,0.0,0.0,26.98,82.1,2.09,TNP_0009,2,2016
2016-07-05 18:00:00+00:00,0.0,0.0,26.48,83.61,2.2,TNP_0009,2,2016
2016-07-05 19:00:00+00:00,0.0,0.0,26.04,84.11,2.63,TNP_0009,2,2016
2016-07-05 20:00:00+00:00,0.0,0.0,25.65,84.19,3.18,TNP_0009,2,2016
2016-07-05 21:00:00+00:00,0.0,0.0,25.27,84.88,3.27,TNP_0009,2,2016
2016-07-05 22:00:00+00:00,0.0,0.0,24.88,86.2,3.11,TNP_0009,2,2016
2016-07-05 23:00:00+00:00,0.0,0.0,24.59,87.08,3.08,TNP_0009,2,2016
2016-07-06 00:00:00+00:00,12.02,12.43,24.51,87.14,3.18,TNP_0009,2,2016
2016-07-06 01:00:00+00:00,137.77,147.02,25.35,82.7,3.87,TNP_0009,2,2016
2016-07-06 02:00:00+00:00,332.98,355.12,26.6,76.81,4.53,TNP_0009,2,2016
2016-07-06 03:00:00+00:00,544.0,563.17,28.32,68.43,5.68,TNP_0009,2,2016
2016-07-06 04:00:00+00:00,714.45,734.15,30.05,60.75,6.39,TNP_0009,2,2016
2016-07-06 05:00:00+00:00,843.97,855.78,31.53,54.79,6.71,TNP_0009,2,2016
2016-07-06 06:00:00+00:00,837.6,923.88,32.76,50.43,6.7,TNP_0009,2,2016
2016-07-06 07:00:00+00:00,756.8,899.5,33.53,47.84,6.58,TNP_0009,2,2016
2016-07-06 08:00:00+00:00,610.42,806.53,33.59,47.29,6.58,TNP_0009,2,2016
2016-07-06 09:00:00+00:00,440.12,655.67,33.38,47.88,6.46,TNP_0009,2,2016
2016-07-06 10:00:00+00:00,284.2,458.92,33.06,49.25,6.16,TNP_0009,2,2016
2016-07-06 11:00:00+00:00,124.93,244.82,32.31,53.2,5.24,TNP_0009,2,2016
2016-07-06 12:00:00+00:00,29.2,64.35,30.35,64.4,3.48,TNP_0009,2,2016
2016-07-06 13:00:00+00:00,0.0,0.0,28.55,72.54,3.03,TNP_0009,2,2016
2016-07-06 14:00:00+00:00,0.0,0.0,27.98,74.36,3.1,TNP_0009,2,2016
2016-07-06 15:00:00+00:00,0.0,0.0,27.54,74.62,3.6,TNP_0009,2,2016
2016-07-06 16:00:00+00:00,0.0,0.0,27.07,75.26,4.21,TNP_0009,2,2016
2016-07-06 17:00:00+00:00,0.0,0.0,26.52,77.3,4.44,TNP_0009,2,2016
2016-07-06 18:00:00+00:00,0.0,0.0,25.93,80.11,4.31,TNP_0009,2,2016
2016-07-06 19:00:00+00:00,0.0,0.0,25.42,82.46,4.44,TNP_0009,2,2016
2016-07-06 20:00:00+00:00,0.0,0.0,24.94,84.89,4.44,TNP_0009,2,2016
2016-07-06 21:00:00+00:00,0.0,0.0,24.52,87.42,3.79,TNP_0009,2,2016
2016-07-06 22:00:00+00:00,0.0,0.0,24.2,89.37,3.36,TNP_0009,2,2016
2016-07-06 23:00:00+00:00,0.0,0.0,23.97,90.51,3.21,TNP_0009,2,2016
2016-07-07 00:00:00+00:00,7.35,11.43,23.93,90.62,3.36,TNP_0009,2,2016
2016-07-07 01:00:00+00:00,77.18,136.38,25.02,85.53,4.28,TNP_0009,2,2016
2016-07-07 02:00:00+00:00,189.65,343.33,26.99,75.68,5.36,TNP_0009,2,2016
2016-07-07 03:00:00+00:00,361.05,553.75,29.39,63.8,6.51,TNP_0009,2,2016
2016-07-07 04:00:00+00:00,454.0,731.03,31.4,54.55,6.78,TNP_0009,2,2016
2016-07-07 05:00:00+00:00,606.95,853.8,32.78,48.57,6.7,TNP_0009,2,2016
2016-07-07 06:00:00+00:00,729.67,942.08,33.52,45.55,6.84,TNP_0009,2,2016
2016-07-07 07:00:00+00:00,587.83,919.88,33.91,44.37,7.4,TNP_0009,2,2016
2016-07-07 08:00:00+00:00,470.58,829.92,33.71,45.29,7.92,TNP_0009,2,2016
2016-07-07 09:00:00+00:00,310.85,679.65,33.15,47.47,7.82,TNP_0009,2,2016
2016-07-07 10:00:00+00:00,205.62,482.62,32.33,51.01,7.34,TNP_0009,2,2016
2016-07-07 11:00:00+00:00,98.53,262.77,31.21,56.31,6.38,TNP_0009,2,2016
2016-07-07 12:00:00+00:00,25.83,69.75,29.21,66.44,4.35,TNP_0009,2,2016
2016-07-07 13:00:00+00:00,0.0,0.0,27.37,75.74,3.2,TNP_0009,2,2016
2016-07-07 14:00:00+00:00,0.0,0.0,26.71,77.12,3.28,TNP_0009,2,2016
2016-07-07 15:00:00+00:00,0.0,0.0,26.16,76.93,3.61,TNP_0009,2,2016
2016-07-07 16:00:00+00:00,0.0,0.0,25.65,76.89,3.95,TNP_0009,2,2016
2016-07-07 17:00:00+00:00,0.0,0.0,25.26,76.45,4.78,TNP_0009,2,2016
2016-07-07 18:00:00+00:00,0.0,0.0,24.83,77.34,5.3,TNP_0009,2,2016
2016-07-07 19:00:00+00:00,0.0,0.0,24.46,78.79,5.44,TNP_0009,2,2016
2016-07-07 20:00:00+00:00,0.0,0.0,24.18,80.27,5.61,TNP_0009,2,2016
2016-07-07 21:00:00+00:00,0.0,0.0,23.93,82.01,5.38,TNP_0009,2,2016
2016-07-07 22:00:00+00:00,0.0,0.0,23.7,83.72,5.09,TNP_0009,2,2016
2016-07-07 23:00:00+00:00,0.0,0.0,23.53,85.13,4.77,TNP_0009,2,2016
2016-07-08 00:00:00+00:00,8.7,11.23,23.58,85.61,4.5,TNP_0009,2,2016
2016-07-08 01:00:00+00:00,107.28,134.88,24.76,81.06,4.71,TNP_0009,2,2016
2016-07-08 02:00:00+00:00,267.12,335.2,26.97,72.69,5.61,TNP_0009,2,2016
2016-07-08 03:00:00+00:00,489.0,543.58,29.68,61.0,7.25,TNP_0009,2,2016
2016-07-08 04:00:00+00:00,580.17,721.2,31.83,51.81,7.87,TNP_0009,2,2016
2016-07-08 05:00:00+00:00,601.75,839.85,33.35,45.69,8.19,TNP_0009,2,2016
2016-07-08 06:00:00+00:00,545.78,907.75,34.26,42.13,8.3,TNP_0009,2,2016
2016-07-08 07:00:00+00:00,542.47,890.62,34.87,40.15,8.26,TNP_0009,2,2016
2016-07-08 08:00:00+00:00,452.52,802.38,35.04,39.53,8.26,TNP_0009,2,2016
2016-07-08 09:00:00+00:00,364.0,650.05,34.61,40.49,8.09,TNP_0009,2,2016
2016-07-08 10:00:00+00:00,280.62,451.38,33.59,43.27,7.59,TNP_0009,2,2016
2016-07-08 11:00:00+00:00,138.57,236.23,32.22,48.51,6.35,TNP_0009,2,2016
2016-07-08 12:00:00+00:00,39.1,61.55,30.37,56.81,4.82,TNP_0009,2,2016
2016-07-08 13:00:00+00:00,0.0,0.0,28.61,63.55,4.43,TNP_0009,2,2016
2016-07-08 14:00:00+00:00,0.0,0.0,28.04,65.14,5.07,TNP_0009,2,2016
2016-07-08 15:00:00+00:00,0.0,0.0,27.45,67.08,5.62,TNP_0009,2,2016
2016-07-08 16:00:00+00:00,0.0,0.0,26.87,68.93,6.04,TNP_0009,2,2016
2016-07-08 17:00:00+00:00,0.0,0.0,26.19,71.71,5.89,TNP_0009,2,2016
2016-07-08 18:00:00+00:00,0.0,0.0,25.49,75.29,5.63,TNP_0009,2,2016
2016-07-08 19:00:00+00:00,0.0,0.0,24.95,78.49,5.23,TNP_0009,2,2016
2016-07-08 20:00:00+00:00,0.0,0.0,24.46,81.78,4.52,TNP_0009,2,2016
2016-07-08 21:00:00+00:00,0.0,0.0,23.97,84.91,3.91,TNP_0009,2,2016
2016-07-08 22:00:00+00:00,0.0,0.0,23.8,86.2,3.85,TNP_0009,2,2016
2016-07-08 23:00:00+00:00,0.0,0.0,23.6,87.52,3.71,TNP_0009,2,2016
2016-07-09 00:00:00+00:00,6.28,9.55,23.6,88.1,3.39,TNP_0009,2,2016
2016-07-09 01:00:00+00:00,80.03,103.32,25.02,81.71,3.96,TNP_0009,2,2016
2016-07-09 02:00:00+00:00,208.95,260.77,27.5,70.62,5.83,TNP_0009,2,2016
2016-07-09 03:00:00+00:00,386.17,427.5,29.72,60.35,7.92,TNP_0009,2,2016
2016-07-09 04:00:00+00:00,540.53,590.33,31.52,52.46,9.12,TNP_0009,2,2016
2016-07-09 05:00:00+00:00,649.78,704.17,33.11,46.51,9.81,TNP_0009,2,2016
2016-07-09 06:00:00+00:00,842.88,924.7,34.21,42.67,10.23,TNP_0009,2,2016
2016-07-09 07:00:00+00:00,783.53,909.97,34.93,40.27,10.4,TNP_0009,2,2016
2016-07-09 08:00:00+00:00,757.92,829.53,35.2,39.16,10.37,TNP_0009,2,2016
2016-07-09 09:00:00+00:00,586.12,689.72,34.63,39.95,10.02,TNP_0009,2,2016
2016-07-09 10:00:00+00:00,448.5,496.42,33.7,41.98,9.39,TNP_0009,2,2016
2016-07-09 11:00:00+00:00,236.55,276.7,32.39,45.66,8.16,TNP_0009,2,2016
2016-07-09 12:00:00+00:00,66.07,76.72,30.65,51.91,6.27,TNP_0009,2,2016
2016-07-09 13:00:00+00:00,0.0,0.0,28.81,59.23,4.91,TNP_0009,2,2016
2016-07-09 14:00:00+00:00,0.0,0.0,28.0,62.79,4.78,TNP_0009,2,2016
2016-07-09 15:00:00+00:00,0.0,0.0,27.4,65.67,4.86,TNP_0009,2,2016
2016-07-09 16:00:00+00:00,0.0,0.0,26.79,69.46,4.63,TNP_0009,2,2016
2016-07-09 17:00:00+00:00,0.0,0.0,26.22,73.28,4.37,TNP_0009,2,2016
2016-07-09 18:00:00+00:00,0.0,0.0,25.67,76.93,4.1,TNP_0009,2,2016
2016-07-09 19:00:00+00:00,0.0,0.0,25.23,79.72,4.03,TNP_0009,2,2016
2016-07-09 20:00:00+00:00,0.0,0.0,24.85,82.27,3.88,TNP_0009,2,2016
2016-07-09 21:00:00+00:00,0.0,0.0,24.51,84.39,3.8,TNP_0009,2,2016
2016-07-09 22:00:00+00:00,0.0,0.0,24.18,86.12,3.71,TNP_0009,2,2016
2016-07-09 23:00:00+00:00,0.0,0.0,23.85,87.81,3.49,TNP_0009,2,2016
2016-07-10 00:00:00+00:00,9.8,10.7,23.83,87.76,3.68,TNP_0009,2,2016
2016-07-10 01:00:00+00:00,105.07,125.3,25.11,81.39,4.63,TNP_0009,2,2016
2016-07-10 02:00:00+00:00,265.02,321.73,27.61,69.22,6.93,TNP_0009,2,2016
2016-07-10 03:00:00+00:00,436.8,522.28,30.21,57.76,8.6,TNP_0009,2,2016
2016-07-10 04:00:00+00:00,599.35,705.47,32.24,49.65,9.45,TNP_0009,2,2016
2016-07-10 05:00:00+00:00,761.53,828.92,33.74,44.04,9.97,TNP_0009,2,2016
2016-07-10 06:00:00+00:00,839.05,897.65,34.99,40.08,10.15,TNP_0009,2,2016
2016-07-10 07:00:00+00:00,744.35,875.45,35.88,37.52,10.14,TNP_0009,2,2016
2016-07-10 08:00:00+00:00,673.72,785.92,36.24,36.19,10.15,TNP_0009,2,2016
2016-07-10 09:00:00+00:00,573.45,636.4,36.18,35.79,9.94,TNP_0009,2,2016
2016-07-10 10:00:00+00:00,372.3,442.77,35.57,36.74,9.56,TNP_0009,2,2016
2016-07-10 11:00:00+00:00,197.48,234.25,34.16,40.31,8.53,TNP_0009,2,2016
2016-07-10 12:00:00+00:00,55.7,62.3,32.06,46.59,7.27,TNP_0009,2,2016
2016-07-10 13:00:00+00:00,0.0,0.0,30.04,53.23,6.08,TNP_0009,2,2016
2016-07-10 14:00:00+00:00,0.0,0.0,28.69,59.33,4.96,TNP_0009,2,2016
2016-07-10 15:00:00+00:00,0.0,0.0,27.64,64.79,4.3,TNP_0009,2,2016
2016-07-10 16:00:00+00:00,0.0,0.0,26.83,69.17,3.99,TNP_0009,2,2016
2016-07-10 17:00:00+00:00,0.0,0.0,26.21,72.21,3.98,TNP_0009,2,2016
2016-07-10 18:00:00+00:00,0.0,0.0,25.65,75.09,4.03,TNP_0009,2,2016
2016-07-10 19:00:00+00:00,0.0,0.0,25.21,77.55,4.18,TNP_0009,2,2016
2016-07-10 20:00:00+00:00,0.0,0.0,24.88,79.76,4.24,TNP_0009,2,2016
2016-07-10 21:00:00+00:00,0.0,0.0,24.52,82.3,3.84,TNP_0009,2,2016
2016-07-10 22:00:00+00:00,0.0,0.0,24.19,84.56,3.45,TNP_0009,2,2016
2016-07-10 23:00:00+00:00,0.0,0.0,23.95,85.92,3.31,TNP_0009,2,2016
2016-07-11 00:00:00+00:00,9.43,10.75,23.93,86.12,3.32,TNP_0009,2,2016
2016-07-11 01:00:00+00:00,99.97,131.48,25.03,80.41,4.25,TNP_0009,2,2016
2016-07-11 02:00:00+00:00,254.93,336.25,26.73,72.22,5.76,TNP_0009,2,2016
2016-07-11 03:00:00+00:00,488.02,547.45,28.6,63.25,7.58,TNP_0009,2,2016
2016-07-11 04:00:00+00:00,688.78,723.08,30.48,54.9,8.44,TNP_0009,2,2016
2016-07-11 05:00:00+00:00,804.8,847.17,32.11,48.33,8.99,TNP_0009,2,2016
2016-07-11 06:00:00+00:00,875.65,893.67,33.11,44.42,9.38,TNP_0009,2,2016
2016-07-11 07:00:00+00:00,812.2,878.03,33.56,42.56,9.42,TNP_0009,2,2016
2016-07-11 08:00:00+00:00,671.38,791.78,33.63,42.07,9.21,TNP_0009,2,2016
2016-07-11 09:00:00+00:00,576.6,643.12,33.4,42.86,8.74,TNP_0009,2,2016
2016-07-11 10:00:00+00:00,365.95,449.15,32.95,44.63,7.92,TNP_0009,2,2016
2016-07-11 11:00:00+00:00,184.1,238.07,32.12,48.13,6.66,TNP_0009,2,2016
2016-07-11 12:00:00+00:00,54.6,65.03,30.45,54.55,5.38,TNP_0009,2,2016
2016-07-11 13:00:00+00:00,0.0,0.0,28.99,59.45,5.05,TNP_0009,2,2016
2016-07-11 14:00:00+00:00,0.0,0.0,28.31,61.1,5.31,TNP_0009,2,2016
2016-07-11 15:00:00+00:00,0.0,0.0,27.58,63.13,5.31,TNP_0009,2,2016
2016-07-11 16:00:00+00:00,0.0,0.0,26.81,65.78,5.14,TNP_0009,2,2016
2016-07-11 17:00:00+00:00,0.0,0.0,25.99,69.49,4.71,TNP_0009,2,2016
2016-07-11 18:00:00+00:00,0.0,0.0,25.27,73.58,4.14,TNP_0009,2,2016
2016-07-11 19:00:00+00:00,0.0,0.0,24.77,77.2,3.73,TNP_0009,2,2016
2016-07-11 20:00:00+00:00,0.0,0.0,24.38,80.54,3.38,TNP_0009,2,2016
2016-07-11 21:00:00+00:00,0.0,0.0,24.13,82.87,3.23,TNP_0009,2,2016
2016-07-11 22:00:00+00:00,0.0,0.0,23.94,84.29,3.25,TNP_0009,2,2016
2016-07-11 23:00:00+00:00,0.0,0.0,23.74,85.72,3.07,TNP_0009,2,2016
2016-07-12 00:00:00+00:00,9.18,9.95,23.72,86.32,2.85,TNP_0009,2,2016
2016-07-12 01:00:00+00:00,113.07,120.55,24.73,80.92,3.44,TNP_0009,2,2016
2016-07-12 02:00:00+00:00,280.0,308.12,26.23,73.76,4.43,TNP_0009,2,2016
2016-07-12 03:00:00+00:00,482.95,515.05,28.13,64.68,5.88,TNP_0009,2,2016
2016-07-12 04:00:00+00:00,684.6,696.58,29.79,57.1,6.25,TNP_0009,2,2016
2016-07-12 05:00:00+00:00,776.33,822.12,31.26,51.05,6.3,TNP_0009,2,2016
2016-07-12 06:00:00+00:00,859.12,918.97,32.52,46.55,6.18,TNP_0009,2,2016
2016-07-12 07:00:00+00:00,800.22,901.9,33.5,43.5,5.95,TNP_0009,2,2016
2016-07-12 08:00:00+00:00,682.97,816.05,34.04,41.94,5.78,TNP_0009,2,2016
2016-07-12 09:00:00+00:00,484.52,669.97,33.88,42.28,5.83,TNP_0009,2,2016
2016-07-12 10:00:00+00:00,385.83,471.05,33.35,43.93,5.79,TNP_0009,2,2016
2016-07-12 11:00:00+00:00,208.43,251.55,32.4,48.76,4.74,TNP_0009,2,2016
2016-07-12 12:00:00+00:00,62.33,67.45,30.32,60.31,3.27,TNP_0009,2,2016
2016-07-12 13:00:00+00:00,0.0,0.0,28.44,67.04,3.26,TNP_0009,2,2016
2016-07-12 14:00:00+00:00,0.0,0.0,27.8,67.92,3.63,TNP_0009,2,2016
2016-07-12 15:00:00+00:00,0.0,0.0,27.19,69.28,3.85,TNP_0009,2,2016
2016-07-12 16:00:00+00:00,0.0,0.0,26.5,72.19,3.59,TNP_0009,2,2016
2016-07-12 17:00:00+00:00,0.0,0.0,25.91,74.8,3.46,TNP_0009,2,2016
2016-07-12 18:00:00+00:00,0.0,0.0,25.47,76.17,3.73,TNP_0009,2,2016
2016-07-12 19:00:00+00:00,0.0,0.0,25.12,77.18,4.33,TNP_0009,2,2016
2016-07-12 20:00:00+00:00,0.0,0.0,24.69,79.43,4.51,TNP_0009,2,2016
2016-07-12 21:00:00+00:00,0.0,0.0,24.19,82.43,4.05,TNP_0009,2,2016
2016-07-12 22:00:00+00:00,0.0,0.0,23.73,85.18,3.5,TNP_0009,2,2016
2016-07-12 23:00:00+00:00,0.0,0.0,23.35,87.31,3.03,TNP_0009,2,2016
2016-07-13 00:00:00+00:00,10.55,11.02,23.29,87.53,2.98,TNP_0009,2,2016
2016-07-13 01:00:00+00:00,132.68,139.9,24.56,80.1,4.34,TNP_0009,2,2016
2016-07-13 02:00:00+00:00,323.33,348.35,26.49,69.93,5.93,TNP_0009,2,2016
2016-07-13 03:00:00+00:00,519.67,560.92,28.91,58.93,6.88,TNP_0009,2,2016
2016-07-13 04:00:00+00:00,717.8,739.35,31.39,49.31,7.37,TNP_0009,2,2016
2016-07-13 05:00:00+00:00,847.42,863.55,33.47,42.77,7.34,TNP_0009,2,2016
2016-07-13 06:00:00+00:00,914.88,919.53,35.14,38.75,6.99,TNP_0009,2,2016
2016-07-13 07:00:00+00:00,902.5,908.1,36.28,36.61,6.62,TNP_0009,2,2016
2016-07-13 08:00:00+00:00,804.12,824.97,36.8,35.76,6.42,TNP_0009,2,2016
2016-07-13 09:00:00+00:00,592.78,677.03,36.61,36.24,6.26,TNP_0009,2,2016
2016-07-13 10:00:00+00:00,383.45,480.6,35.75,38.24,5.91,TNP_0009,2,2016
2016-07-13 11:00:00+00:00,180.02,261.98,34.47,43.0,5.01,TNP_0009,2,2016
2016-07-13 12:00:00+00:00,55.9,70.85,32.09,55.6,3.31,TNP_0009,2,2016
2016-07-13 13:00:00+00:00,0.0,0.0,30.06,64.82,2.93,TNP_0009,2,2016
2016-07-13 14:00:00+00:00,0.0,0.0,29.39,68.46,2.73,TNP_0009,2,2016
2016-07-13 15:00:00+00:00,0.0,0.0,28.74,72.32,2.39,TNP_0009,2,2016
2016-07-13 16:00:00+00:00,0.0,0.0,28.05,75.24,2.25,TNP_0009,2,2016
2016-07-13 17:00:00+00:00,0.0,0.0,27.41,77.01,2.3,TNP_0009,2,2016
2016-07-13 18:00:00+00:00,0.0,0.0,26.82,78.38,2.47,TNP_0009,2,2016
2016-07-13 19:00:00+00:00,0.0,0.0,26.21,80.03,2.64,TNP_0009,2,2016
2016-07-13 20:00:00+00:00,0.0,0.0,25.59,81.76,2.8,TNP_0009,2,2016
2016-07-13 21:00:00+00:00,0.0,0.0,25.0,83.3,2.89,TNP_0009,2,2016
2016-07-13 22:00:00+00:00,0.0,0.0,24.51,84.76,2.83,TNP_0009,2,2016
2016-07-13 23:00:00+00:00,0.0,0.0,24.05,86.59,2.61,TNP_0009,2,2016
2016-07-14 00:00:00+00:00,10.7,11.07,23.92,86.64,2.66,TNP_0009,2,2016
2016-07-14 01:00:00+00:00,142.9,144.9,25.38,77.15,4.07,TNP_0009,2,2016
2016-07-14 02:00:00+00:00,351.23,359.42,27.65,65.18,5.49,TNP_0009,2,2016
2016-07-14 03:00:00+00:00,568.65,574.5,29.89,55.27,5.67,TNP_0009,2,2016
2016-07-14 04:00:00+00:00,751.25,753.65,31.71,47.89,5.3,TNP_0009,2,2016
2016-07-14 05:00:00+00:00,876.58,876.88,33.32,42.41,4.87,TNP_0009,2,2016
2016-07-14 06:00:00+00:00,943.33,948.15,34.82,38.34,4.53,TNP_0009,2,2016
2016-07-14 07:00:00+00:00,917.25,929.95,36.12,35.44,4.39,TNP_0009,2,2016
2016-07-14 08:00:00+00:00,787.3,841.42,36.75,34.05,4.38,TNP_0009,2,2016
2016-07-14 09:00:00+00:00,635.65,689.03,36.62,33.89,4.13,TNP_0009,2,2016
2016-07-14 10:00:00+00:00,439.83,487.35,35.76,35.86,3.58,TNP_0009,2,2016
2016-07-14 11:00:00+00:00,212.05,264.08,34.39,41.68,2.59,TNP_0009,2,2016
2016-07-14 12:00:00+00:00,58.53,70.55,32.04,59.82,1.82,TNP_0009,2,2016
2016-07-14 13:00:00+00:00,0.0,0.0,30.26,68.34,1.85,TNP_0009,2,2016
2016-07-14 14:00:00+00:00,0.0,0.0,29.48,70.68,1.94,TNP_0009,2,2016
2016-07-14 15:00:00+00:00,0.0,0.0,28.68,74.08,2.44,TNP_0009,2,2016
2016-07-14 16:00:00+00:00,0.0,0.0,27.88,78.73,2.85,TNP_0009,2,2016
2016-07-14 17:00:00+00:00,0.0,0.0,27.25,82.78,2.63,TNP_0009,2,2016
2016-07-14 18:00:00+00:00,0.0,0.0,26.75,85.87,2.03,TNP_0009,2,2016
2016-07-14 19:00:00+00:00,0.0,0.0,26.27,87.83,1.61,TNP_0009,2,2016
2016-07-14 20:00:00+00:00,0.0,0.0,25.79,88.12,1.87,TNP_0009,2,2016
2016-07-14 21:00:00+00:00,0.0,0.0,25.39,88.42,2.06,TNP_0009,2,2016
2016-07-14 22:00:00+00:00,0.0,0.0,25.12,89.14,2.05,TNP_0009,2,2016
2016-07-14 23:00:00+00:00,0.0,0.0,24.86,89.1,2.31,TNP_0009,2,2016
2016-07-15 00:00:00+00:00,7.35,10.85,24.75,87.98,2.68,TNP_0009,2,2016
2016-07-15 01:00:00+00:00,87.0,143.0,25.56,81.91,3.54,TNP_0009,2,2016
2016-07-15 02:00:00+00:00,215.45,357.33,27.17,71.49,4.2,TNP_0009,2,2016
2016-07-15 03:00:00+00:00,403.45,572.3,29.29,60.46,4.19,TNP_0009,2,2016
2016-07-15 04:00:00+00:00,587.17,749.92,31.13,53.48,3.32,TNP_0009,2,2016
2016-07-15 05:00:00+00:00,782.12,872.85,32.43,50.04,2.81,TNP_0009,2,2016
2016-07-15 06:00:00+00:00,816.05,901.17,33.13,48.59,2.78,TNP_0009,2,2016
2016-07-15 07:00:00+00:00,770.25,883.83,33.38,48.26,2.85,TNP_0009,2,2016
2016-07-15 08:00:00+00:00,632.17,794.4,33.07,49.12,2.93,TNP_0009,2,2016
2016-07-15 09:00:00+00:00,448.92,639.17,32.84,49.6,2.84,TNP_0009,2,2016
2016-07-15 10:00:00+00:00,330.4,435.52,32.64,50.0,2.2,TNP_0009,2,2016
2016-07-15 11:00:00+00:00,190.0,225.6,32.23,52.19,1.66,TNP_0009,2,2016
2016-07-15 12:00:00+00:00,51.0,58.7,30.74,63.42,1.69,TNP_0009,2,2016
2016-07-15 13:00:00+00:00,0.0,0.0,28.92,74.8,2.12,TNP_0009,2,2016
2016-07-15 14:00:00+00:00,0.0,0.0,28.21,76.36,2.67,TNP_0009,2,2016
2016-07-15 15:00:00+00:00,0.0,0.0,27.64,79.32,2.96,TNP_0009,2,2016
2016-07-15 16:00:00+00:00,0.0,0.0,27.07,82.7,2.93,TNP_0009,2,2016
2016-07-15 17:00:00+00:00,0.0,0.0,26.56,85.43,2.79,TNP_0009,2,2016
2016-07-15 18:00:00+00:00,0.0,0.0,26.13,87.72,2.55,TNP_0009,2,2016
2016-07-15 19:00:00+00:00,0.0,0.0,25.87,88.57,2.86,TNP_0009,2,2016
2016-07-15 20:00:00+00:00,0.0,0.0,25.72,88.15,3.69,TNP_0009,2,2016
2016-07-15 21:00:00+00:00,0.0,0.0,25.52,88.17,3.92,TNP_0009,2,2016
2016-07-15 22:00:00+00:00,0.0,0.0,25.25,89.17,3.51,TNP_0009,2,2016
2016-07-15 23:00:00+00:00,0.0,0.0,25.05,89.97,3.05,TNP_0009,2,2016
2016-07-16 00:00:00+00:00,8.62,9.7,24.98,90.16,2.8,TNP_0009,2,2016
2016-07-16 01:00:00+00:00,109.2,128.48,25.64,86.43,3.06,TNP_0009,2,2016
2016-07-16 02:00:00+00:00,276.7,331.02,26.97,78.7,2.96,TNP_0009,2,2016
2016-07-16 03:00:00+00:00,497.75,544.4,28.5,68.85,3.66,TNP_0009,2,2016
2016-07-16 04:00:00+00:00,679.28,725.42,29.52,62.76,3.7,TNP_0009,2,2016
2016-07-16 05:00:00+00:00,723.22,846.3,30.35,57.96,3.43,TNP_0009,2,2016
2016-07-16 06:00:00+00:00,896.62,936.03,31.06,54.2,2.69,TNP_0009,2,2016
2016-07-16 07:00:00+00:00,856.72,913.35,31.38,52.05,1.86,TNP_0009,2,2016
2016-07-16 08:00:00+00:00,771.12,816.28,31.39,51.15,1.19,TNP_0009,2,2016
2016-07-16 09:00:00+00:00,582.2,657.65,31.22,51.35,1.23,TNP_0009,2,2016
2016-07-16 10:00:00+00:00,374.5,460.52,30.82,52.82,1.69,TNP_0009,2,2016
2016-07-16 11:00:00+00:00,214.6,249.62,30.26,57.06,1.83,TNP_0009,2,2016
2016-07-16 12:00:00+00:00,57.53,65.43,28.95,68.84,1.76,TNP_0009,2,2016
2016-07-16 13:00:00+00:00,0.0,0.0,27.38,78.52,2.02,TNP_0009,2,2016
2016-07-16 14:00:00+00:00,0.0,0.0,26.79,79.73,2.39,TNP_0009,2,2016
2016-07-16 15:00:00+00:00,0.0,0.0,26.27,81.83,2.61,TNP_0009,2,2016
2016-07-16 16:00:00+00:00,0.0,0.0,25.81,84.74,2.47,TNP_0009,2,2016
2016-07-16 17:00:00+00:00,0.0,0.0,25.39,88.16,2.08,TNP_0009,2,2016
2016-07-16 18:00:00+00:00,0.0,0.0,24.98,91.03,1.81,TNP_0009,2,2016
2016-07-16 19:00:00+00:00,0.0,0.0,24.68,92.76,1.7,TNP_0009,2,2016
2016-07-16 20:00:00+00:00,0.0,0.0,24.54,93.76,1.59,TNP_0009,2,2016
2016-07-16 21:00:00+00:00,0.0,0.0,24.41,94.21,1.65,TNP_0009,2,2016
2016-07-16 22:00:00+00:00,0.0,0.0,24.35,94.11,1.8,TNP_0009,2,2016
2016-07-16 23:00:00+00:00,0.0,0.0,24.19,94.32,1.86,TNP_0009,2,2016
2016-07-17 00:00:00+00:00,6.6,9.68,24.16,94.19,1.92,TNP_0009,2,2016
2016-07-17 01:00:00+00:00,94.8,129.9,24.91,89.04,2.54,TNP_0009,2,2016
2016-07-17 02:00:00+00:00,264.9,334.38,26.04,82.12,2.84,TNP_0009,2,2016
2016-07-17 03:00:00+00:00,480.12,541.7,27.57,73.49,3.4,TNP_0009,2,2016
2016-07-17 04:00:00+00:00,564.6,721.7,28.77,66.91,3.83,TNP_0009,2,2016
2016-07-17 05:00:00+00:00,782.55,843.65,29.43,62.16,4.19,TNP_0009,2,2016
2016-07-17 06:00:00+00:00,816.62,919.08,29.81,59.3,4.33,TNP_0009,2,2016
2016-07-17 07:00:00+00:00,704.5,897.75,30.2,57.06,4.31,TNP_0009,2,2016
2016-07-17 08:00:00+00:00,677.55,806.25,30.61,55.05,4.2,TNP_0009,2,2016
2016-07-17 09:00:00+00:00,482.58,651.0,30.94,53.65,3.88,TNP_0009,2,2016
2016-07-17 10:00:00+00:00,350.85,448.9,30.66,54.43,3.32,TNP_0009,2,2016
2016-07-17 11:00:00+00:00,215.05,240.77,29.93,57.42,2.72,TNP_0009,2,2016
2016-07-17 12:00:00+00:00,57.05,62.05,28.46,68.25,1.89,TNP_0009,2,2016
2016-07-17 13:00:00+00:00,0.0,0.0,26.84,82.75,1.55,TNP_0009,2,2016
2016-07-17 14:00:00+00:00,0.0,0.0,26.34,84.16,1.55,TNP_0009,2,2016
2016-07-17 15:00:00+00:00,0.0,0.0,25.88,85.46,1.55,TNP_0009,2,2016
2016-07-17 16:00:00+00:00,0.0,0.0,25.48,86.74,1.54,TNP_0009,2,2016
2016-07-17 17:00:00+00:00,0.0,0.0,25.09,88.17,1.62,TNP_0009,2,2016
2016-07-17 18:00:00+00:00,0.0,0.0,24.69,89.19,1.76,TNP_0009,2,2016
2016-07-17 19:00:00+00:00,0.0,0.0,24.33,89.91,1.91,TNP_0009,2,2016
2016-07-17 20:00:00+00:00,0.0,0.0,24.06,89.97,2.09,TNP_0009,2,2016
2016-07-17 21:00:00+00:00,0.0,0.0,23.8,89.83,2.21,TNP_0009,2,2016
2016-07-17 22:00:00+00:00,0.0,0.0,23.57,89.7,2.34,TNP_0009,2,2016
2016-07-17 23:00:00+00:00,0.0,0.0,23.41,89.57,2.48,TNP_0009,2,2016
2016-07-18 00:00:00+00:00,7.82,9.57,23.39,89.52,2.53,TNP_0009,2,2016
2016-07-18 01:00:00+00:00,112.3,133.4,24.34,84.15,3.45,TNP_0009,2,2016
2016-07-18 02:00:00+00:00,285.12,340.88,25.69,78.36,3.82,TNP_0009,2,2016
2016-07-18 03:00:00+00:00,527.83,555.67,27.96,66.65,4.43,TNP_0009,2,2016
2016-07-18 04:00:00+00:00,724.6,737.53,29.53,59.56,4.3,TNP_0009,2,2016
2016-07-18 05:00:00+00:00,815.1,864.53,30.31,56.73,3.72,TNP_0009,2,2016
2016-07-18 06:00:00+00:00,917.03,928.7,31.07,54.31,3.1,TNP_0009,2,2016
2016-07-18 07:00:00+00:00,853.7,915.95,31.75,52.38,2.34,TNP_0009,2,2016
2016-07-18 08:00:00+00:00,733.67,830.85,31.37,53.51,1.66,TNP_0009,2,2016
2016-07-18 09:00:00+00:00,601.75,682.45,30.71,55.98,1.04,TNP_0009,2,2016
2016-07-18 10:00:00+00:00,330.98,483.0,30.19,58.16,0.88,TNP_0009,2,2016
2016-07-18 11:00:00+00:00,171.82,256.55,29.66,62.71,0.95,TNP_0009,2,2016
2016-07-18 12:00:00+00:00,50.83,65.0,28.82,68.98,1.09,TNP_0009,2,2016
2016-07-18 13:00:00+00:00,0.0,0.0,27.42,81.95,1.3,TNP_0009,2,2016
2016-07-18 14:00:00+00:00,0.0,0.0,26.76,83.0,1.63,TNP_0009,2,2016
2016-07-18 15:00:00+00:00,0.0,0.0,26.15,84.35,1.87,TNP_0009,2,2016
2016-07-18 16:00:00+00:00,0.0,0.0,25.66,85.89,2.04,TNP_0009,2,2016
2016-07-18 17:00:00+00:00,0.0,0.0,25.18,87.6,2.27,TNP_0009,2,2016
2016-07-18 18:00:00+00:00,0.0,0.0,24.75,88.88,2.54,TNP_0009,2,2016
2016-07-18 19:00:00+00:00,0.0,0.0,24.36,90.42,2.63,TNP_0009,2,2016
2016-07-18 20:00:00+00:00,0.0,0.0,24.06,91.81,2.53,TNP_0009,2,2016
2016-07-18 21:00:00+00:00,0.0,0.0,23.83,92.85,2.33,TNP_0009,2,2016
2016-07-18 22:00:00+00:00,0.0,0.0,23.7,93.37,2.17,TNP_0009,2,2016
2016-07-18 23:00:00+00:00,0.0,0.0,23.65,93.53,2.22,TNP_0009,2,2016
2016-07-19 00:00:00+00:00,3.85,10.23,23.72,92.87,2.57,TNP_0009,2,2016
2016-07-19 01:00:00+00:00,53.28,147.93,24.37,89.33,3.49,TNP_0009,2,2016
2016-07-19 02:00:00+00:00,142.88,370.58,25.36,83.59,4.07,TNP_0009,2,2016
2016-07-19 03:00:00+00:00,269.58,586.33,26.8,73.45,5.15,TNP_0009,2,2016
2016-07-19 04:00:00+00:00,364.9,764.55,28.33,63.38,5.82,TNP_0009,2,2016
2016-07-19 05:00:00+00:00,508.35,887.47,29.85,55.91,6.06,TNP_0009,2,2016
2016-07-19 06:00:00+00:00,756.17,944.0,31.12,50.78,5.91,TNP_0009,2,2016
2016-07-19 07:00:00+00:00,558.8,931.83,31.89,48.06,5.47,TNP_0009,2,2016
2016-07-19 08:00:00+00:00,653.22,846.4,32.11,47.39,4.92,TNP_0009,2,2016
2016-07-19 09:00:00+00:00,542.42,696.35,31.87,48.37,4.37,TNP_0009,2,2016
2016-07-19 10:00:00+00:00,326.45,496.77,31.33,51.18,3.74,TNP_0009,2,2016
2016-07-19 11:00:00+00:00,170.48,272.4,30.53,56.76,2.88,TNP_0009,2,2016
2016-07-19 12:00:00+00:00,48.67,73.97,28.91,72.01,1.93,TNP_0009,2,2016
2016-07-19 13:00:00+00:00,0.0,0.0,27.82,76.83,1.66,TNP_0009,2,2016
2016-07-19 14:00:00+00:00,0.0,0.0,27.42,78.03,1.63,TNP_0009,2,2016
2016-07-19 15:00:00+00:00,0.0,0.0,26.88,80.28,1.74,TNP_0009,2,2016
2016-07-19 16:00:00+00:00,0.0,0.0,26.25,82.8,1.93,TNP_0009,2,2016
2016-07-19 17:00:00+00:00,0.0,0.0,25.69,83.62,2.2,TNP_0009,2,2016
2016-07-19 18:00:00+00:00,0.0,0.0,25.19,84.07,2.52,TNP_0009,2,2016
2016-07-19 19:00:00+00:00,0.0,0.0,24.71,84.82,2.88,TNP_0009,2,2016
2016-07-19 20:00:00+00:00,0.0,0.0,24.28,85.7,3.2,TNP_0009,2,2016
2016-07-19 21:00:00+00:00,0.0,0.0,23.88,87.19,3.05,TNP_0009,2,2016
2016-07-19 22:00:00+00:00,0.0,0.0,23.58,88.62,2.75,TNP_0009,2,2016
2016-07-19 23:00:00+00:00,0.0,0.0,23.34,89.5,2.62,TNP_0009,2,2016
2016-07-20 00:00:00+00:00,4.68,9.98,23.31,89.48,2.71,TNP_0009,2,2016
2016-07-20 01:00:00+00:00,55.42,141.88,24.37,83.61,3.51,TNP_0009,2,2016
2016-07-20 02:00:00+00:00,134.02,358.0,26.05,74.75,4.63,TNP_0009,2,2016
2016-07-20 03:00:00+00:00,233.35,572.38,27.9,65.02,5.41,TNP_0009,2,2016
2016-07-20 04:00:00+00:00,433.92,750.8,29.49,58.12,5.4,TNP_0009,2,2016
2016-07-20 05:00:00+00:00,580.8,872.55,30.95,53.21,4.9,TNP_0009,2,2016
2016-07-20 06:00:00+00:00,670.62,927.25,32.24,49.67,4.34,TNP_0009,2,2016
2016-07-20 07:00:00+00:00,552.65,907.67,33.05,47.8,3.96,TNP_0009,2,2016
2016-07-20 08:00:00+00:00,499.02,816.58,32.86,48.29,3.76,TNP_0009,2,2016
2016-07-20 09:00:00+00:00,572.55,662.28,31.99,50.47,3.82,TNP_0009,2,2016
2016-07-20 10:00:00+00:00,363.33,462.92,31.01,54.0,3.97,TNP_0009,2,2016
2016-07-20 11:00:00+00:00,193.57,247.9,29.82,60.88,3.54,TNP_0009,2,2016
2016-07-20 12:00:00+00:00,52.33,64.22,28.22,71.75,2.64,TNP_0009,2,2016
2016-07-20 13:00:00+00:00,0.0,0.0,26.79,79.74,2.28,TNP_0009,2,2016
2016-07-20 14:00:00+00:00,0.0,0.0,26.18,81.67,2.32,TNP_0009,2,2016
2016-07-20 15:00:00+00:00,0.0,0.0,25.59,83.1,2.47,TNP_0009,2,2016
2016-07-20 16:00:00+00:00,0.0,0.0,25.06,84.71,2.64,TNP_0009,2,2016
2016-07-20 17:00:00+00:00,0.0,0.0,24.68,85.89,2.83,TNP_0009,2,2016
2016-07-20 18:00:00+00:00,0.0,0.0,24.36,86.62,3.23,TNP_0009,2,2016
2016-07-20 19:00:00+00:00,0.0,0.0,24.05,87.7,3.5,TNP_0009,2,2016
2016-07-20 20:00:00+00:00,0.0,0.0,23.75,88.59,3.58,TNP_0009,2,2016
2016-07-20 21:00:00+00:00,0.0,0.0,23.46,88.87,3.5,TNP_0009,2,2016
2016-07-20 22:00:00+00:00,0.0,0.0,23.16,89.46,3.04,TNP_0009,2,2016
2016-07-20 23:00:00+00:00,0.0,0.0,22.99,89.8,2.7,TNP_0009,2,2016
2016-07-21 00:00:00+00:00,5.38,9.0,23.19,88.88,2.57,TNP_0009,2,2016
2016-07-21 01:00:00+00:00,70.0,126.1,24.09,83.75,3.2,TNP_0009,2,2016
2016-07-21 02:00:00+00:00,181.98,334.3,25.45,76.89,4.13,TNP_0009,2,2016
2016-07-21 03:00:00+00:00,370.92,549.3,27.49,66.62,5.35,TNP_0009,2,2016
2016-07-21 04:00:00+00:00,593.38,731.67,29.32,58.46,5.73,TNP_0009,2,2016
2016-07-21 05:00:00+00:00,676.22,857.62,30.84,52.54,5.82,TNP_0009,2,2016
2016-07-21 06:00:00+00:00,751.3,903.12,32.06,48.39,5.9,TNP_0009,2,2016
2016-07-21 07:00:00+00:00,681.62,892.65,32.73,46.37,5.94,TNP_0009,2,2016
2016-07-21 08:00:00+00:00,480.75,805.65,32.84,46.2,5.83,TNP_0009,2,2016
2016-07-21 09:00:00+00:00,362.2,656.38,32.21,48.36,5.49,TNP_0009,2,2016
2016-07-21 10:00:00+00:00,276.58,456.27,31.42,51.28,5.21,TNP_0009,2,2016
2016-07-21 11:00:00+00:00,135.32,227.32,30.3,56.64,4.47,TNP_0009,2,2016
2016-07-21 12:00:00+00:00,33.67,59.58,28.55,69.01,2.82,TNP_0009,2,2016
2016-07-21 13:00:00+00:00,0.0,0.0,27.04,77.45,2.49,TNP_0009,2,2016
2016-07-21 14:00:00+00:00,0.0,0.0,26.47,79.33,2.65,TNP_0009,2,2016
2016-07-21 15:00:00+00:00,0.0,0.0,25.94,81.0,2.76,TNP_0009,2,2016
2016-07-21 16:00:00+00:00,0.0,0.0,25.47,82.32,2.82,TNP_0009,2,2016
2016-07-21 17:00:00+00:00,0.0,0.0,25.05,82.73,3.14,TNP_0009,2,2016
2016-07-21 18:00:00+00:00,0.0,0.0,24.63,83.48,3.33,TNP_0009,2,2016
2016-07-21 19:00:00+00:00,0.0,0.0,24.23,84.59,3.29,TNP_0009,2,2016
2016-07-21 20:00:00+00:00,0.0,0.0,23.91,85.3,3.4,TNP_0009,2,2016
2016-07-21 21:00:00+00:00,0.0,0.0,23.67,85.77,3.44,TNP_0009,2,2016
2016-07-21 22:00:00+00:00,0.0,0.0,23.49,86.28,3.25,TNP_0009,2,2016
2016-07-21 23:00:00+00:00,0.0,0.0,23.34,86.79,3.04,TNP_0009,2,2016
2016-07-22 00:00:00+00:00,4.65,8.95,23.37,86.09,3.25,TNP_0009,2,2016
2016-07-22 01:00:00+00:00,69.0,128.32,24.2,81.27,4.09,TNP_0009,2,2016
2016-07-22 02:00:00+00:00,187.38,337.65,25.77,73.67,5.37,TNP_0009,2,2016
2016-07-22 03:00:00+00:00,362.23,552.4,27.84,64.29,6.92,TNP_0009,2,2016
2016-07-22 04:00:00+00:00,532.7,732.62,29.39,57.75,7.25,TNP_0009,2,2016
2016-07-22 05:00:00+00:00,610.0,857.78,30.42,53.46,7.14,TNP_0009,2,2016
2016-07-22 06:00:00+00:00,689.83,915.15,31.01,51.03,7.03,TNP_0009,2,2016
2016-07-22 07:00:00+00:00,597.08,900.53,31.23,50.08,6.79,TNP_0009,2,2016
2016-07-22 08:00:00+00:00,490.25,814.62,31.43,49.43,6.44,TNP_0009,2,2016
2016-07-22 09:00:00+00:00,328.88,662.7,31.68,48.81,5.96,TNP_0009,2,2016
2016-07-22 10:00:00+00:00,212.65,460.42,31.39,50.12,5.06,TNP_0009,2,2016
2016-07-22 11:00:00+00:00,101.82,235.77,30.33,56.73,3.44,TNP_0009,2,2016
2016-07-22 12:00:00+00:00,27.0,62.03,28.47,71.09,2.13,TNP_0009,2,2016
2016-07-22 13:00:00+00:00,0.0,0.0,27.06,77.93,2.21,TNP_0009,2,2016
2016-07-22 14:00:00+00:00,0.0,0.0,26.52,79.21,2.43,TNP_0009,2,2016
2016-07-22 15:00:00+00:00,0.0,0.0,26.03,81.41,2.44,TNP_0009,2,2016
2016-07-22 16:00:00+00:00,0.0,0.0,25.57,83.57,2.39,TNP_0009,2,2016
2016-07-22 17:00:00+00:00,0.0,0.0,25.13,85.2,2.44,TNP_0009,2,2016
2016-07-22 18:00:00+00:00,0.0,0.0,24.74,86.41,2.5,TNP_0009,2,2016
2016-07-22 19:00:00+00:00,0.0,0.0,24.36,87.48,2.61,TNP_0009,2,2016
2016-07-22 20:00:00+00:00,0.0,0.0,24.0,88.15,2.79,TNP_0009,2,2016
2016-07-22 21:00:00+00:00,0.0,0.0,23.64,88.6,2.91,TNP_0009,2,2016
2016-07-22 22:00:00+00:00,0.0,0.0,23.25,89.22,2.88,TNP_0009,2,2016
2016-07-22 23:00:00+00:00,0.0,0.0,22.9,89.87,2.65,TNP_0009,2,2016
2016-07-23 00:00:00+00:00,6.1,9.18,22.81,89.61,2.49,TNP_0009,2,2016
2016-07-23 01:00:00+00:00,69.07,136.5,23.96,82.42,3.29,TNP_0009,2,2016
2016-07-23 02:00:00+00:00,181.32,354.67,26.0,71.24,4.77,TNP_0009,2,2016
2016-07-23 03:00:00+00:00,306.0,573.28,28.53,59.26,5.71,TNP_0009,2,2016
2016-07-23 04:00:00+00:00,439.9,756.17,30.73,50.7,5.28,TNP_0009,2,2016
2016-07-23 05:00:00+00:00,542.47,882.15,32.34,45.48,4.37,TNP_0009,2,2016
2016-07-23 06:00:00+00:00,710.6,939.3,33.39,42.69,3.56,TNP_0009,2,2016
2016-07-23 07:00:00+00:00,690.47,922.3,33.97,41.29,2.94,TNP_0009,2,2016
2016-07-23 08:00:00+00:00,498.62,832.62,34.11,40.87,2.32,TNP_0009,2,2016
2016-07-23 09:00:00+00:00,386.48,673.6,33.66,41.99,1.76,TNP_0009,2,2016
2016-07-23 10:00:00+00:00,209.88,460.25,32.9,44.16,1.37,TNP_0009,2,2016
2016-07-23 11:00:00+00:00,119.95,233.3,32.0,48.39,1.17,TNP_0009,2,2016
2016-07-23 12:00:00+00:00,32.97,59.78,30.72,56.99,0.9,TNP_0009,2,2016
2016-07-23 13:00:00+00:00,0.0,0.0,29.25,71.01,0.34,TNP_0009,2,2016
2016-07-23 14:00:00+00:00,0.0,0.0,28.69,70.67,0.15,TNP_0009,2,2016
2016-07-23 15:00:00+00:00,0.0,0.0,28.04,72.71,0.32,TNP_0009,2,2016
2016-07-23 16:00:00+00:00,0.0,0.0,27.04,80.62,0.74,TNP_0009,2,2016
2016-07-23 17:00:00+00:00,0.0,0.0,26.23,84.92,0.97,TNP_0009,2,2016
2016-07-23 18:00:00+00:00,0.0,0.0,25.52,85.69,1.47,TNP_0009,2,2016
2016-07-23 19:00:00+00:00,0.0,0.0,24.99,87.21,2.21,TNP_0009,2,2016
2016-07-23 20:00:00+00:00,0.0,0.0,24.63,87.79,2.73,TNP_0009,2,2016
2016-07-23 21:00:00+00:00,0.0,0.0,24.38,88.87,2.33,TNP_0009,2,2016
2016-07-23 22:00:00+00:00,0.0,0.0,24.19,90.14,1.81,TNP_0009,2,2016
2016-07-23 23:00:00+00:00,0.0,0.0,24.01,90.68,1.75,TNP_0009,2,2016
2016-07-24 00:00:00+00:00,8.45,9.45,23.95,90.06,2.1,TNP_0009,2,2016
2016-07-24 01:00:00+00:00,121.97,140.88,24.82,84.14,3.09,TNP_0009,2,2016
2016-07-24 02:00:00+00:00,303.1,356.02,26.25,75.77,3.77,TNP_0009,2,2016
2016-07-24 03:00:00+00:00,535.6,572.45,28.17,65.26,4.28,TNP_0009,2,2016
2016-07-24 04:00:00+00:00,737.7,753.12,30.05,56.39,4.2,TNP_0009,2,2016
2016-07-24 05:00:00+00:00,869.8,877.33,31.64,49.57,3.9,TNP_0009,2,2016
2016-07-24 06:00:00+00:00,943.85,952.25,32.69,45.67,3.46,TNP_0009,2,2016
2016-07-24 07:00:00+00:00,858.7,933.03,33.41,43.67,2.85,TNP_0009,2,2016
2016-07-24 08:00:00+00:00,728.92,839.42,33.82,42.94,2.21,TNP_0009,2,2016
2016-07-24 09:00:00+00:00,519.03,669.15,33.45,44.38,1.46,TNP_0009,2,2016
2016-07-24 10:00:00+00:00,338.52,456.85,32.63,47.41,0.82,TNP_0009,2,2016
2016-07-24 11:00:00+00:00,192.5,246.4,31.65,53.14,0.36,TNP_0009,2,2016
2016-07-24 12:00:00+00:00,47.08,63.95,29.98,62.15,0.63,TNP_0009,2,2016
2016-07-24 13:00:00+00:00,0.0,0.0,28.13,73.06,1.44,TNP_0009,2,2016
2016-07-24 14:00:00+00:00,0.0,0.0,26.82,81.53,2.11,TNP_0009,2,2016
2016-07-24 15:00:00+00:00,0.0,0.0,25.98,86.38,2.45,TNP_0009,2,2016
2016-07-24 16:00:00+00:00,0.0,0.0,25.44,89.41,2.6,TNP_0009,2,2016
2016-07-24 17:00:00+00:00,0.0,0.0,25.03,91.84,2.56,TNP_0009,2,2016
2016-07-24 18:00:00+00:00,0.0,0.0,24.73,93.48,2.34,TNP_0009,2,2016
2016-07-24 19:00:00+00:00,0.0,0.0,24.54,94.28,1.91,TNP_0009,2,2016
2016-07-24 20:00:00+00:00,0.0,0.0,24.38,94.93,1.53,TNP_0009,2,2016
2016-07-24 21:00:00+00:00,0.0,0.0,24.22,95.27,1.5,TNP_0009,2,2016
2016-07-24 22:00:00+00:00,0.0,0.0,24.04,95.01,1.81,TNP_0009,2,2016
2016-07-24 23:00:00+00:00,0.0,0.0,23.83,94.37,2.26,TNP_0009,2,2016
2016-07-25 00:00:00+00:00,8.02,9.4,23.7,93.29,2.68,TNP_0009,2,2016
2016-07-25 01:00:00+00:00,136.95,142.9,24.18,89.63,3.41,TNP_0009,2,2016
2016-07-25 02:00:00+00:00,340.38,361.38,25.16,84.58,3.54,TNP_0009,2,2016
2016-07-25 03:00:00+00:00,577.15,577.28,26.93,73.71,3.78,TNP_0009,2,2016
2016-07-25 04:00:00+00:00,755.8,757.28,28.42,65.1,3.4,TNP_0009,2,2016
2016-07-25 05:00:00+00:00,879.58,882.6,29.41,60.02,2.92,TNP_0009,2,2016
2016-07-25 06:00:00+00:00,909.83,939.15,30.07,56.99,2.65,TNP_0009,2,2016
2016-07-25 07:00:00+00:00,855.62,921.33,30.5,55.13,2.31,TNP_0009,2,2016
2016-07-25 08:00:00+00:00,673.55,831.33,30.94,53.59,1.81,TNP_0009,2,2016
2016-07-25 09:00:00+00:00,563.03,677.53,31.45,51.89,1.12,TNP_0009,2,2016
2016-07-25 10:00:00+00:00,390.73,475.08,31.32,52.12,0.46,TNP_0009,2,2016
2016-07-25 11:00:00+00:00,210.12,255.12,30.63,56.48,1.11,TNP_0009,2,2016
2016-07-25 12:00:00+00:00,51.17,65.6,28.96,66.71,1.93,TNP_0009,2,2016
2016-07-25 13:00:00+00:00,0.0,0.0,26.84,81.33,2.3,TNP_0009,2,2016
2016-07-25 14:00:00+00:00,0.0,0.0,25.97,83.32,2.86,TNP_0009,2,2016
2016-07-25 15:00:00+00:00,0.0,0.0,25.32,87.04,3.07,TNP_0009,2,2016
2016-07-25 16:00:00+00:00,0.0,0.0,24.87,91.2,2.93,TNP_0009,2,2016
2016-07-25 17:00:00+00:00,0.0,0.0,24.55,94.4,2.66,TNP_0009,2,2016
2016-07-25 18:00:00+00:00,0.0,0.0,24.36,96.13,2.33,TNP_0009,2,2016
2016-07-25 19:00:00+00:00,0.0,0.0,24.23,97.02,2.02,TNP_0009,2,2016
2016-07-25 20:00:00+00:00,0.0,0.0,24.17,97.42,1.65,TNP_0009,2,2016
2016-07-25 21:00:00+00:00,0.0,0.0,24.13,97.52,1.48,TNP_0009,2,2016
2016-07-25 22:00:00+00:00,0.0,0.0,24.03,97.51,1.59,TNP_0009,2,2016
2016-07-25 23:00:00+00:00,0.0,0.0,23.91,97.55,1.58,TNP_0009,2,2016
2016-07-26 00:00:00+00:00,8.35,9.25,23.87,97.45,1.49,TNP_0009,2,2016
2016-07-26 01:00:00+00:00,117.7,145.7,24.76,93.24,1.84,TNP_0009,2,2016
2016-07-26 02:00:00+00:00,298.25,366.98,25.73,87.06,1.89,TNP_0009,2,2016
2016-07-26 03:00:00+00:00,536.12,583.92,27.06,79.14,1.82,TNP_0009,2,2016
2016-07-26 04:00:00+00:00,681.62,764.1,28.32,72.2,1.72,TNP_0009,2,2016
2016-07-26 05:00:00+00:00,797.62,887.95,29.03,68.78,1.99,TNP_0009,2,2016
2016-07-26 06:00:00+00:00,711.58,945.12,29.23,67.41,2.37,TNP_0009,2,2016
2016-07-26 07:00:00+00:00,688.92,927.45,29.29,66.71,2.57,TNP_0009,2,2016
2016-07-26 08:00:00+00:00,731.47,838.62,29.54,65.63,2.73,TNP_0009,2,2016
2016-07-26 09:00:00+00:00,590.97,684.3,29.66,65.21,3.02,TNP_0009,2,2016
2016-07-26 10:00:00+00:00,398.92,480.8,29.36,66.72,3.4,TNP_0009,2,2016
2016-07-26 11:00:00+00:00,223.32,251.48,28.59,71.02,3.74,TNP_0009,2,2016
2016-07-26 12:00:00+00:00,58.1,62.62,27.16,80.65,3.11,TNP_0009,2,2016
2016-07-26 13:00:00+00:00,0.0,0.0,25.96,87.72,2.86,TNP_0009,2,2016
2016-07-26 14:00:00+00:00,0.0,0.0,25.51,90.14,3.03,TNP_0009,2,2016
2016-07-26 15:00:00+00:00,0.0,0.0,25.17,92.11,3.08,TNP_0009,2,2016
2016-07-26 16:00:00+00:00,0.0,0.0,24.89,93.62,3.02,TNP_0009,2,2016
2016-07-26 17:00:00+00:00,0.0,0.0,24.65,94.64,2.99,TNP_0009,2,2016
2016-07-26 18:00:00+00:00,0.0,0.0,24.45,95.48,2.96,TNP_0009,2,2016
2016-07-26 19:00:00+00:00,0.0,0.0,24.25,96.35,2.71,TNP_0009,2,2016
2016-07-26 20:00:00+00:00,0.0,0.0,24.11,96.8,2.49,TNP_0009,2,2016
2016-07-26 21:00:00+00:00,0.0,0.0,23.98,96.98,2.29,TNP_0009,2,2016
2016-07-26 22:00:00+00:00,0.0,0.0,23.82,97.25,2.11,TNP_0009,2,2016
2016-07-26 23:00:00+00:00,0.0,0.0,23.64,97.55,1.88,TNP_0009,2,2016
2016-07-27 00:00:00+00:00,7.97,8.4,23.59,97.48,1.68,TNP_0009,2,2016
2016-07-27 01:00:00+00:00,120.05,132.25,24.34,93.71,2.06,TNP_0009,2,2016
2016-07-27 02:00:00+00:00,303.5,348.05,25.29,87.12,2.13,TNP_0009,2,2016
2016-07-27 03:00:00+00:00,540.83,568.6,26.5,79.25,2.59,TNP_0009,2,2016
2016-07-27 04:00:00+00:00,714.83,750.05,27.61,73.57,3.02,TNP_0009,2,2016
2016-07-27 05:00:00+00:00,649.1,875.62,28.53,69.43,3.42,TNP_0009,2,2016
2016-07-27 06:00:00+00:00,632.97,937.1,29.12,66.6,3.6,TNP_0009,2,2016
2016-07-27 07:00:00+00:00,757.72,920.33,29.44,64.96,3.59,TNP_0009,2,2016
2016-07-27 08:00:00+00:00,627.8,830.2,29.46,64.48,3.51,TNP_0009,2,2016
2016-07-27 09:00:00+00:00,613.33,677.83,29.3,64.94,3.47,TNP_0009,2,2016
2016-07-27 10:00:00+00:00,447.2,474.45,28.94,66.42,3.55,TNP_0009,2,2016
2016-07-27 11:00:00+00:00,234.4,254.68,28.28,70.67,3.3,TNP_0009,2,2016
2016-07-27 12:00:00+00:00,61.03,65.1,27.01,80.3,2.52,TNP_0009,2,2016
2016-07-27 13:00:00+00:00,0.0,0.0,25.59,87.61,2.29,TNP_0009,2,2016
2016-07-27 14:00:00+00:00,0.0,0.0,25.15,89.51,2.36,TNP_0009,2,2016
2016-07-27 15:00:00+00:00,0.0,0.0,24.77,91.61,2.39,TNP_0009,2,2016
2016-07-27 16:00:00+00:00,0.0,0.0,24.46,93.56,2.4,TNP_0009,2,2016
2016-07-27 17:00:00+00:00,0.0,0.0,24.19,95.43,2.37,TNP_0009,2,2016
2016-07-27 18:00:00+00:00,0.0,0.0,24.01,96.83,2.19,TNP_0009,2,2016
2016-07-27 19:00:00+00:00,0.0,0.0,23.9,97.55,1.97,TNP_0009,2,2016
2016-07-27 20:00:00+00:00,0.0,0.0,23.8,97.92,1.78,TNP_0009,2,2016
2016-07-27 21:00:00+00:00,0.0,0.0,23.71,98.11,1.58,TNP_0009,2,2016
2016-07-27 22:00:00+00:00,0.0,0.0,23.71,97.62,1.26,TNP_0009,2,2016
2016-07-27 23:00:00+00:00,0.0,0.0,23.7,96.95,0.96,TNP_0009,2,2016
2016-07-28 00:00:00+00:00,8.25,8.65,23.71,96.77,0.79,TNP_0009,2,2016
2016-07-28 01:00:00+00:00,137.55,140.3,24.85,91.82,1.28,TNP_0009,2,2016
2016-07-28 02:00:00+00:00,337.2,362.15,26.24,83.03,1.89,TNP_0009,2,2016
2016-07-28 03:00:00+00:00,564.78,581.42,27.94,73.48,2.0,TNP_0009,2,2016
2016-07-28 04:00:00+00:00,756.42,762.42,29.34,67.24,1.53,TNP_0009,2,2016
2016-07-28 05:00:00+00:00,870.83,886.95,30.19,63.82,0.92,TNP_0009,2,2016
2016-07-28 06:00:00+00:00,939.0,958.55,30.67,61.87,0.54,TNP_0009,2,2016
2016-07-28 07:00:00+00:00,863.35,940.95,30.96,60.77,0.72,TNP_0009,2,2016
2016-07-28 08:00:00+00:00,733.4,851.25,31.02,60.46,0.95,TNP_0009,2,2016
2016-07-28 09:00:00+00:00,601.62,693.53,30.87,61.4,1.38,TNP_0009,2,2016
2016-07-28 10:00:00+00:00,371.25,490.2,30.33,64.6,1.98,TNP_0009,2,2016
2016-07-28 11:00:00+00:00,193.32,265.7,29.41,71.36,2.21,TNP_0009,2,2016
2016-07-28 12:00:00+00:00,51.38,67.12,27.92,80.61,2.19,TNP_0009,2,2016
2016-07-28 13:00:00+00:00,0.0,0.0,26.58,87.61,2.2,TNP_0009,2,2016
2016-07-28 14:00:00+00:00,0.0,0.0,26.03,89.28,2.42,TNP_0009,2,2016
2016-07-28 15:00:00+00:00,0.0,0.0,25.58,91.13,2.56,TNP_0009,2,2016
2016-07-28 16:00:00+00:00,0.0,0.0,25.2,92.94,2.68,TNP_0009,2,2016
2016-07-28 17:00:00+00:00,0.0,0.0,24.89,94.4,2.78,TNP_0009,2,2016
2016-07-28 18:00:00+00:00,0.0,0.0,24.68,95.23,2.91,TNP_0009,2,2016
2016-07-28 19:00:00+00:00,0.0,0.0,24.58,95.4,2.91,TNP_0009,2,2016
2016-07-28 20:00:00+00:00,0.0,0.0,24.47,95.78,2.7,TNP_0009,2,2016
2016-07-28 21:00:00+00:00,0.0,0.0,24.36,95.88,2.62,TNP_0009,2,2016
2016-07-28 22:00:00+00:00,0.0,0.0,24.28,95.73,2.56,TNP_0009,2,2016
2016-07-28 23:00:00+00:00,0.0,0.0,24.15,95.63,2.41,TNP_0009,2,2016
2016-07-29 00:00:00+00:00,4.9,8.85,24.01,95.51,2.28,TNP_0009,2,2016
2016-07-29 01:00:00+00:00,65.75,145.2,24.21,93.98,2.54,TNP_0009,2,2016
2016-07-29 02:00:00+00:00,183.02,370.65,24.48,91.4,3.06,TNP_0009,2,2016
2016-07-29 03:00:00+00:00,342.35,589.5,25.0,87.44,3.39,TNP_0009,2,2016
2016-07-29 04:00:00+00:00,481.85,770.12,25.82,82.16,3.35,TNP_0009,2,2016
2016-07-29 05:00:00+00:00,607.38,893.3,26.82,76.76,3.23,TNP_0009,2,2016
2016-07-29 06:00:00+00:00,848.45,944.95,27.94,71.45,3.38,TNP_0009,2,2016
2016-07-29 07:00:00+00:00,835.47,924.97,28.94,67.16,3.72,TNP_0009,2,2016
2016-07-29 08:00:00+00:00,593.6,834.92,29.65,63.8,3.96,TNP_0009,2,2016
2016-07-29 09:00:00+00:00,599.65,679.55,30.05,62.02,3.97,TNP_0009,2,2016
2016-07-29 10:00:00+00:00,368.4,477.55,30.06,62.58,3.59,TNP_0009,2,2016
2016-07-29 11:00:00+00:00,189.35,253.57,29.43,67.5,2.7,TNP_0009,2,2016
2016-07-29 12:00:00+00:00,51.62,63.5,27.87,80.88,1.75,TNP_0009,2,2016
2016-07-29 13:00:00+00:00,0.0,0.0,26.88,82.56,1.55,TNP_0009,2,2016
2016-07-29 14:00:00+00:00,0.0,0.0,26.42,84.69,1.42,TNP_0009,2,2016
2016-07-29 15:00:00+00:00,0.0,0.0,25.85,88.31,1.44,TNP_0009,2,2016
2016-07-29 16:00:00+00:00,0.0,0.0,25.32,90.56,1.64,TNP_0009,2,2016
2016-07-29 17:00:00+00:00,0.0,0.0,24.91,91.41,1.84,TNP_0009,2,2016
2016-07-29 18:00:00+00:00,0.0,0.0,24.53,92.35,1.93,TNP_0009,2,2016
2016-07-29 19:00:00+00:00,0.0,0.0,24.21,93.15,1.92,TNP_0009,2,2016
2016-07-29 20:00:00+00:00,0.0,0.0,23.86,93.86,1.95,TNP_0009,2,2016
2016-07-29 21:00:00+00:00,0.0,0.0,23.52,94.32,1.99,TNP_0009,2,2016
2016-07-29 22:00:00+00:00,0.0,0.0,23.23,94.67,1.99,TNP_0009,2,2016
2016-07-29 23:00:00+00:00,0.0,0.0,23.0,94.8,2.02,TNP_0009,2,2016
2016-07-30 00:00:00+00:00,5.18,7.9,23.0,94.24,2.21,TNP_0009,2,2016
2016-07-30 01:00:00+00:00,51.55,124.55,23.98,88.9,3.31,TNP_0009,2,2016
2016-07-30 02:00:00+00:00,161.55,340.27,25.33,81.16,3.7,TNP_0009,2,2016
2016-07-30 03:00:00+00:00,258.05,560.1,27.02,72.14,4.24,TNP_0009,2,2016
2016-07-30 04:00:00+00:00,379.1,744.03,28.55,66.34,4.32,TNP_0009,2,2016
2016-07-30 05:00:00+00:00,444.08,872.08,29.84,62.21,4.2,TNP_0009,2,2016
2016-07-30 06:00:00+00:00,562.6,931.47,30.61,59.8,4.1,TNP_0009,2,2016
2016-07-30 07:00:00+00:00,612.6,915.45,30.56,59.85,4.09,TNP_0009,2,2016
2016-07-30 08:00:00+00:00,499.55,826.92,30.02,61.68,4.19,TNP_0009,2,2016
2016-07-30 09:00:00+00:00,408.65,673.78,29.42,64.35,4.28,TNP_0009,2,2016
2016-07-30 10:00:00+00:00,385.83,473.42,28.68,68.22,4.18,TNP_0009,2,2016
2016-07-30 11:00:00+00:00,181.18,252.8,27.6,75.44,3.47,TNP_0009,2,2016
2016-07-30 12:00:00+00:00,42.28,62.45,26.27,84.39,2.66,TNP_0009,2,2016
2016-07-30 13:00:00+00:00,0.0,0.0,25.34,88.86,2.44,TNP_0009,2,2016
2016-07-30 14:00:00+00:00,0.0,0.0,24.95,89.21,2.6,TNP_0009,2,2016
2016-07-30 15:00:00+00:00,0.0,0.0,24.63,88.77,2.77,TNP_0009,2,2016
2016-07-30 16:00:00+00:00,0.0,0.0,24.27,88.58,2.92,TNP_0009,2,2016
2016-07-30 17:00:00+00:00,0.0,0.0,23.91,88.71,3.11,TNP_0009,2,2016
2016-07-30 18:00:00+00:00,0.0,0.0,23.54,89.16,3.32,TNP_0009,2,2016
2016-07-30 19:00:00+00:00,0.0,0.0,23.21,89.58,3.62,TNP_0009,2,2016
2016-07-30 20:00:00+00:00,0.0,0.0,22.84,90.39,3.75,TNP_0009,2,2016
2016-07-30 21:00:00+00:00,0.0,0.0,22.42,91.38,3.56,TNP_0009,2,2016
2016-07-30 22:00:00+00:00,0.0,0.0,22.04,91.83,3.38,TNP_0009,2,2016
2016-07-30 23:00:00+00:00,0.0,0.0,21.7,91.93,3.32,TNP_0009,2,2016
2016-07-31 00:00:00+00:00,7.25,8.3,21.61,91.22,3.47,TNP_0009,2,2016
2016-07-31 01:00:00+00:00,98.47,138.98,22.86,84.88,4.26,TNP_0009,2,2016
2016-07-31 02:00:00+00:00,267.5,365.55,25.07,74.25,5.5,TNP_0009,2,2016
2016-07-31 03:00:00+00:00,461.58,586.95,27.64,61.99,6.55,TNP_0009,2,2016
2016-07-31 04:00:00+00:00,607.08,768.7,29.76,52.6,7.01,TNP_0009,2,2016
2016-07-31 05:00:00+00:00,753.22,893.92,31.37,47.08,7.16,TNP_0009,2,2016
2016-07-31 06:00:00+00:00,850.47,954.45,32.54,44.45,7.13,TNP_0009,2,2016
2016-07-31 07:00:00+00:00,867.15,937.88,33.3,43.24,7.13,TNP_0009,2,2016
2016-07-31 08:00:00+00:00,733.9,850.4,33.63,43.18,7.14,TNP_0009,2,2016
2016-07-31 09:00:00+00:00,568.38,696.75,33.4,44.24,7.01,TNP_0009,2,2016
2016-07-31 10:00:00+00:00,416.83,494.88,32.63,46.87,6.47,TNP_0009,2,2016
2016-07-31 11:00:00+00:00,225.7,268.35,31.2,55.77,4.55,TNP_0009,2,2016
2016-07-31 12:00:00+00:00,60.97,68.12,28.91,71.92,2.72,TNP_0009,2,2016
2016-07-31 13:00:00+00:00,0.0,0.0,27.05,77.86,2.61,TNP_0009,2,2016
2016-07-31 14:00:00+00:00,0.0,0.0,26.31,79.19,2.66,TNP_0009,2,2016
2016-07-31 15:00:00+00:00,0.0,0.0,25.59,79.41,2.95,TNP_0009,2,2016
2016-07-31 16:00:00+00:00,0.0,0.0,24.92,78.59,3.66,TNP_0009,2,2016
2016-07-31 17:00:00+00:00,0.0,0.0,24.24,78.7,4.43,TNP_0009,2,2016
2016-07-31 18:00:00+00:00,0.0,0.0,23.52,80.58,4.67,TNP_0009,2,2016
2016-07-31 19:00:00+00:00,0.0,0.0,22.84,83.45,4.48,TNP_0009,2,2016
2016-07-31 20:00:00+00:00,0.0,0.0,22.34,86.26,4.23,TNP_0009,2,2016
2016-07-31 21:00:00+00:00,0.0,0.0,21.97,88.71,3.96,TNP_0009,2,2016
2016-07-31 22:00:00+00:00,0.0,0.0,21.65,90.76,3.64,TNP_0009,2,2016
2016-07-31 23:00:00+00:00,0.0,0.0,21.44,91.89,3.43,TNP_0009,2,2016
2016-08-01 00:00:00+00:00,5.7,8.2,21.56,91.38,3.53,TNP_0009,2,2016
2016-08-01 01:00:00+00:00,74.75,141.0,23.12,84.42,4.49,TNP_0009,2,2016
2016-08-01 02:00:00+00:00,205.43,369.5,25.57,73.7,6.1,TNP_0009,2,2016
2016-08-01 03:00:00+00:00,355.4,589.03,28.21,61.95,7.24,TNP_0009,2,2016
2016-08-01 04:00:00+00:00,532.22,773.83,30.46,51.8,7.88,TNP_0009,2,2016
2016-08-01 05:00:00+00:00,692.85,899.58,32.04,45.7,8.18,TNP_0009,2,2016
2016-08-01 06:00:00+00:00,834.35,952.83,33.03,42.97,8.21,TNP_0009,2,2016
2016-08-01 07:00:00+00:00,791.1,932.75,33.63,41.92,8.05,TNP_0009,2,2016
2016-08-01 08:00:00+00:00,618.17,844.88,33.81,41.82,7.79,TNP_0009,2,2016
2016-08-01 09:00:00+00:00,633.3,692.6,33.5,42.67,7.5,TNP_0009,2,2016
2016-08-01 10:00:00+00:00,430.5,491.17,32.69,45.56,6.9,TNP_0009,2,2016
2016-08-01 11:00:00+00:00,229.68,264.52,30.98,54.59,5.4,TNP_0009,2,2016
2016-08-01 12:00:00+00:00,57.55,65.05,28.45,66.8,4.15,TNP_0009,2,2016
2016-08-01 13:00:00+00:00,0.0,0.0,26.62,71.94,3.97,TNP_0009,2,2016
2016-08-01 14:00:00+00:00,0.0,0.0,25.87,73.64,4.12,TNP_0009,2,2016
2016-08-01 15:00:00+00:00,0.0,0.0,25.29,74.87,4.37,TNP_0009,2,2016
2016-08-01 16:00:00+00:00,0.0,0.0,24.8,76.28,4.54,TNP_0009,2,2016
2016-08-01 17:00:00+00:00,0.0,0.0,24.22,79.25,4.34,TNP_0009,2,2016
2016-08-01 18:00:00+00:00,0.0,0.0,23.75,81.55,4.47,TNP_0009,2,2016
2016-08-01 19:00:00+00:00,0.0,0.0,23.33,83.77,4.66,TNP_0009,2,2016
2016-08-01 20:00:00+00:00,0.0,0.0,22.95,85.96,4.79,TNP_0009,2,2016
2016-08-01 21:00:00+00:00,0.0,0.0,22.61,87.59,4.76,TNP_0009,2,2016
2016-08-01 22:00:00+00:00,0.0,0.0,22.29,88.71,4.67,TNP_0009,2,2016
2016-08-01 23:00:00+00:00,0.0,0.0,22.04,89.46,4.63,TNP_0009,2,2016
2016-08-02 00:00:00+00:00,8.95,8.52,21.98,89.41,4.79,TNP_0009,2,2016
2016-08-02 01:00:00+00:00,125.38,151.12,23.0,85.09,5.38,TNP_0009,2,2016
2016-08-02 02:00:00+00:00,295.77,382.25,25.02,76.23,6.91,TNP_0009,2,2016
2016-08-02 03:00:00+00:00,466.33,606.78,27.33,66.23,8.52,TNP_0009,2,2016
2016-08-02 04:00:00+00:00,619.05,791.67,29.3,58.9,9.0,TNP_0009,2,2016
2016-08-02 05:00:00+00:00,546.55,918.8,30.67,54.22,9.02,TNP_0009,2,2016
2016-08-02 06:00:00+00:00,640.83,943.88,31.35,51.76,8.85,TNP_0009,2,2016
2016-08-02 07:00:00+00:00,557.58,932.12,31.72,50.41,8.75,TNP_0009,2,2016
2016-08-02 08:00:00+00:00,606.3,849.45,31.99,49.37,8.77,TNP_0009,2,2016
2016-08-02 09:00:00+00:00,550.55,702.62,32.08,48.81,8.49,TNP_0009,2,2016
2016-08-02 10:00:00+00:00,399.55,503.95,31.66,50.49,7.67,TNP_0009,2,2016
2016-08-02 11:00:00+00:00,218.95,278.1,30.37,56.73,6.15,TNP_0009,2,2016
2016-08-02 12:00:00+00:00,61.75,69.88,28.38,65.07,5.06,TNP_0009,2,2016
2016-08-02 13:00:00+00:00,0.0,0.0,27.06,68.71,5.13,TNP_0009,2,2016
2016-08-02 14:00:00+00:00,0.0,0.0,26.4,70.59,5.32,TNP_0009,2,2016
2016-08-02 15:00:00+00:00,0.0,0.0,25.65,74.03,4.93,TNP_0009,2,2016
2016-08-02 16:00:00+00:00,0.0,0.0,24.99,77.56,4.5,TNP_0009,2,2016
2016-08-02 17:00:00+00:00,0.0,0.0,24.53,79.71,4.57,TNP_0009,2,2016
2016-08-02 18:00:00+00:00,0.0,0.0,24.1,81.58,4.84,TNP_0009,2,2016
2016-08-02 19:00:00+00:00,0.0,0.0,23.66,83.86,4.67,TNP_0009,2,2016
2016-08-02 20:00:00+00:00,0.0,0.0,23.3,85.86,4.35,TNP_0009,2,2016
2016-08-02 21:00:00+00:00,0.0,0.0,22.98,87.45,3.89,TNP_0009,2,2016
2016-08-02 22:00:00+00:00,0.0,0.0,22.68,88.97,3.34,TNP_0009,2,2016
2016-08-02 23:00:00+00:00,0.0,0.0,22.43,90.2,2.91,TNP_0009,2,2016
2016-08-03 00:00:00+00:00,8.0,8.18,22.35,90.47,2.84,TNP_0009,2,2016
2016-08-03 01:00:00+00:00,126.75,139.1,23.31,85.44,3.64,TNP_0009,2,2016
2016-08-03 02:00:00+00:00,326.17,362.55,24.9,77.93,4.82,TNP_0009,2,2016
2016-08-03 03:00:00+00:00,565.67,585.85,26.86,69.25,6.54,TNP_0009,2,2016
2016-08-03 04:00:00+00:00,768.17,771.67,28.67,62.06,7.37,TNP_0009,2,2016
2016-08-03 05:00:00+00:00,867.15,900.92,30.13,56.29,7.84,TNP_0009,2,2016
2016-08-03 06:00:00+00:00,888.35,944.8,31.2,51.94,8.14,TNP_0009,2,2016
2016-08-03 07:00:00+00:00,812.3,935.67,31.92,49.02,8.28,TNP_0009,2,2016
2016-08-03 08:00:00+00:00,672.33,853.28,32.35,47.47,8.1,TNP_0009,2,2016
2016-08-03 09:00:00+00:00,623.25,703.38,32.43,47.7,7.31,TNP_0009,2,2016
2016-08-03 10:00:00+00:00,402.8,503.3,31.95,51.46,5.73,TNP_0009,2,2016
2016-08-03 11:00:00+00:00,192.15,273.75,30.72,59.51,4.32,TNP_0009,2,2016
2016-08-03 12:00:00+00:00,46.9,66.97,28.76,68.21,3.65,TNP_0009,2,2016
2016-08-03 13:00:00+00:00,0.0,0.0,27.24,71.88,3.64,TNP_0009,2,2016
2016-08-03 14:00:00+00:00,0.0,0.0,26.57,73.61,3.67,TNP_0009,2,2016
2016-08-03 15:00:00+00:00,0.0,0.0,25.97,75.34,3.72,TNP_0009,2,2016
2016-08-03 16:00:00+00:00,0.0,0.0,25.53,76.25,3.96,TNP_0009,2,2016
2016-08-03 17:00:00+00:00,0.0,0.0,25.09,77.29,4.28,TNP_0009,2,2016
2016-08-03 18:00:00+00:00,0.0,0.0,24.56,79.18,4.51,TNP_0009,2,2016
2016-08-03 19:00:00+00:00,0.0,0.0,23.99,81.72,4.47,TNP_0009,2,2016
2016-08-03 20:00:00+00:00,0.0,0.0,23.42,84.73,4.09,TNP_0009,2,2016
2016-08-03 21:00:00+00:00,0.0,0.0,22.84,87.85,3.63,TNP_0009,2,2016
2016-08-03 22:00:00+00:00,0.0,0.0,22.19,90.94,3.24,TNP_0009,2,2016
2016-08-03 23:00:00+00:00,0.0,0.0,21.7,92.97,2.98,TNP_0009,2,2016
2016-08-04 00:00:00+00:00,7.28,8.1,21.61,93.06,3.03,TNP_0009,2,2016
2016-08-04 01:00:00+00:00,117.97,139.65,23.23,85.16,4.14,TNP_0009,2,2016
2016-08-04 02:00:00+00:00,308.33,361.52,25.8,73.77,6.13,TNP_0009,2,2016
2016-08-04 03:00:00+00:00,505.75,581.92,28.22,63.73,7.17,TNP_0009,2,2016
2016-08-04 04:00:00+00:00,606.58,764.2,29.97,57.01,7.43,TNP_0009,2,2016
2016-08-04 05:00:00+00:00,729.35,890.67,30.97,53.05,7.66,TNP_0009,2,2016
2016-08-04 06:00:00+00:00,810.1,944.0,31.66,50.36,7.84,TNP_0009,2,2016
2016-08-04 07:00:00+00:00,613.35,927.22,32.24,48.5,7.43,TNP_0009,2,2016
2016-08-04 08:00:00+00:00,545.78,838.38,32.87,46.85,6.85,TNP_0009,2,2016
2016-08-04 09:00:00+00:00,493.7,685.47,32.81,47.08,6.43,TNP_0009,2,2016
2016-08-04 10:00:00+00:00,291.15,482.2,31.72,52.17,5.53,TNP_0009,2,2016
2016-08-04 11:00:00+00:00,149.02,255.3,30.14,61.96,4.12,TNP_0009,2,2016
2016-08-04 12:00:00+00:00,36.12,60.58,28.2,70.73,3.47,TNP_0009,2,2016
2016-08-04 13:00:00+00:00,0.0,0.0,26.89,74.47,3.37,TNP_0009,2,2016
2016-08-04 14:00:00+00:00,0.0,0.0,26.26,77.31,3.08,TNP_0009,2,2016
2016-08-04 15:00:00+00:00,0.0,0.0,25.77,79.55,2.95,TNP_0009,2,2016
2016-08-04 16:00:00+00:00,0.0,0.0,25.37,81.11,2.93,TNP_0009,2,2016
2016-08-04 17:00:00+00:00,0.0,0.0,24.99,82.32,3.08,TNP_0009,2,2016
2016-08-04 18:00:00+00:00,0.0,0.0,24.7,82.52,3.56,TNP_0009,2,2016
2016-08-04 19:00:00+00:00,0.0,0.0,24.33,83.23,4.0,TNP_0009,2,2016
2016-08-04 20:00:00+00:00,0.0,0.0,23.85,85.03,3.99,TNP_0009,2,2016
2016-08-04 21:00:00+00:00,0.0,0.0,23.34,87.17,3.59,TNP_0009,2,2016
2016-08-04 22:00:00+00:00,0.0,0.0,22.93,88.71,3.29,TNP_0009,2,2016
2016-08-04 23:00:00+00:00,0.0,0.0,22.6,89.57,3.22,TNP_0009,2,2016
2016-08-05 00:00:00+00:00,6.32,8.1,22.45,89.6,3.38,TNP_0009,2,2016
2016-08-05 01:00:00+00:00,89.57,146.7,23.63,83.33,4.4,TNP_0009,2,2016
2016-08-05 02:00:00+00:00,236.02,377.0,25.78,72.27,5.99,TNP_0009,2,2016
2016-08-05 03:00:00+00:00,405.25,599.97,28.23,61.88,7.31,TNP_0009,2,2016
2016-08-05 04:00:00+00:00,585.2,784.03,30.34,54.81,7.76,TNP_0009,2,2016
2016-08-05 05:00:00+00:00,648.53,909.55,31.82,50.69,7.74,TNP_0009,2,2016
2016-08-05 06:00:00+00:00,671.83,935.45,32.87,48.17,7.55,TNP_0009,2,2016
2016-08-05 07:00:00+00:00,705.12,920.9,33.65,46.59,7.46,TNP_0009,2,2016
2016-08-05 08:00:00+00:00,608.88,835.0,34.2,45.65,7.44,TNP_0009,2,2016
2016-08-05 09:00:00+00:00,420.4,684.8,33.9,46.49,7.21,TNP_0009,2,2016
2016-08-05 10:00:00+00:00,356.3,480.58,33.24,48.2,6.54,TNP_0009,2,2016
2016-08-05 11:00:00+00:00,174.38,243.73,32.01,54.59,4.75,TNP_0009,2,2016
2016-08-05 12:00:00+00:00,45.67,58.95,29.68,68.46,3.06,TNP_0009,2,2016
2016-08-05 13:00:00+00:00,0.0,0.0,28.03,72.5,3.28,TNP_0009,2,2016
2016-08-05 14:00:00+00:00,0.0,0.0,27.52,72.12,3.94,TNP_0009,2,2016
2016-08-05 15:00:00+00:00,0.0,0.0,26.94,73.15,4.36,TNP_0009,2,2016
2016-08-05 16:00:00+00:00,0.0,0.0,26.26,75.9,4.24,TNP_0009,2,2016
2016-08-05 17:00:00+00:00,0.0,0.0,25.65,78.46,4.06,TNP_0009,2,2016
2016-08-05 18:00:00+00:00,0.0,0.0,25.09,80.79,3.91,TNP_0009,2,2016
2016-08-05 19:00:00+00:00,0.0,0.0,24.57,82.97,3.84,TNP_0009,2,2016
2016-08-05 20:00:00+00:00,0.0,0.0,24.09,85.13,3.69,TNP_0009,2,2016
2016-08-05 21:00:00+00:00,0.0,0.0,23.66,87.29,3.35,TNP_0009,2,2016
2016-08-05 22:00:00+00:00,0.0,0.0,23.36,88.78,3.09,TNP_0009,2,2016
2016-08-05 23:00:00+00:00,0.0,0.0,23.14,89.46,3.05,TNP_0009,2,2016
2016-08-06 00:00:00+00:00,6.78,8.05,23.1,89.01,3.32,TNP_0009,2,2016
2016-08-06 01:00:00+00:00,123.7,145.88,24.09,83.64,4.42,TNP_0009,2,2016
2016-08-06 02:00:00+00:00,330.4,375.42,25.7,75.91,5.91,TNP_0009,2,2016
2016-08-06 03:00:00+00:00,562.65,599.8,27.63,66.55,7.27,TNP_0009,2,2016
2016-08-06 04:00:00+00:00,767.53,785.3,29.56,58.38,7.36,TNP_0009,2,2016
2016-08-06 05:00:00+00:00,896.78,912.55,31.24,52.2,7.33,TNP_0009,2,2016
2016-08-06 06:00:00+00:00,958.03,961.67,32.29,48.57,7.28,TNP_0009,2,2016
2016-08-06 07:00:00+00:00,902.33,946.33,32.64,47.2,7.13,TNP_0009,2,2016
2016-08-06 08:00:00+00:00,702.25,858.47,32.59,47.21,6.83,TNP_0009,2,2016
2016-08-06 09:00:00+00:00,603.28,704.2,32.43,48.05,6.35,TNP_0009,2,2016
2016-08-06 10:00:00+00:00,433.95,497.67,32.04,50.77,5.49,TNP_0009,2,2016
2016-08-06 11:00:00+00:00,213.02,257.27,30.78,59.77,3.77,TNP_0009,2,2016
2016-08-06 12:00:00+00:00,50.2,58.42,28.82,72.15,2.68,TNP_0009,2,2016
2016-08-06 13:00:00+00:00,0.0,0.0,27.52,76.64,2.67,TNP_0009,2,2016
2016-08-06 14:00:00+00:00,0.0,0.0,27.05,77.61,2.73,TNP_0009,2,2016
2016-08-06 15:00:00+00:00,0.0,0.0,26.57,77.89,2.98,TNP_0009,2,2016
2016-08-06 16:00:00+00:00,0.0,0.0,26.11,78.71,3.2,TNP_0009,2,2016
2016-08-06 17:00:00+00:00,0.0,0.0,25.72,78.71,3.74,TNP_0009,2,2016
2016-08-06 18:00:00+00:00,0.0,0.0,25.25,79.73,4.12,TNP_0009,2,2016
2016-08-06 19:00:00+00:00,0.0,0.0,24.68,82.23,3.9,TNP_0009,2,2016
2016-08-06 20:00:00+00:00,0.0,0.0,24.14,84.95,3.45,TNP_0009,2,2016
2016-08-06 21:00:00+00:00,0.0,0.0,23.69,87.0,3.14,TNP_0009,2,2016
2016-08-06 22:00:00+00:00,0.0,0.0,23.3,88.45,3.05,TNP_0009,2,2016
2016-08-06 23:00:00+00:00,0.0,0.0,23.07,88.9,3.24,TNP_0009,2,2016
2016-08-07 00:00:00+00:00,7.07,8.15,22.98,88.81,3.48,TNP_0009,2,2016
2016-08-07 01:00:00+00:00,136.55,150.5,23.86,84.34,3.95,TNP_0009,2,2016
2016-08-07 02:00:00+00:00,357.15,382.5,25.6,76.26,4.54,TNP_0009,2,2016
2016-08-07 03:00:00+00:00,582.88,607.12,27.95,65.7,5.74,TNP_0009,2,2016
2016-08-07 04:00:00+00:00,779.62,792.33,29.75,58.11,6.24,TNP_0009,2,2016
2016-08-07 05:00:00+00:00,918.95,920.65,31.0,53.43,6.54,TNP_0009,2,2016
2016-08-07 06:00:00+00:00,959.0,959.85,32.2,49.77,6.58,TNP_0009,2,2016
2016-08-07 07:00:00+00:00,918.47,945.58,33.45,46.74,6.51,TNP_0009,2,2016
2016-08-07 08:00:00+00:00,754.0,858.38,34.21,44.96,6.63,TNP_0009,2,2016
2016-08-07 09:00:00+00:00,602.03,706.5,34.08,45.2,6.57,TNP_0009,2,2016
2016-08-07 10:00:00+00:00,392.38,502.65,33.48,46.98,5.97,TNP_0009,2,2016
2016-08-07 11:00:00+00:00,210.35,270.48,32.25,53.83,4.42,TNP_0009,2,2016
2016-08-07 12:00:00+00:00,55.15,62.75,29.92,69.34,2.77,TNP_0009,2,2016
2016-08-07 13:00:00+00:00,0.0,0.0,28.06,75.84,2.83,TNP_0009,2,2016
2016-08-07 14:00:00+00:00,0.0,0.0,27.53,76.4,3.1,TNP_0009,2,2016
2016-08-07 15:00:00+00:00,0.0,0.0,26.99,77.14,3.39,TNP_0009,2,2016
2016-08-07 16:00:00+00:00,0.0,0.0,26.42,78.41,3.61,TNP_0009,2,2016
2016-08-07 17:00:00+00:00,0.0,0.0,25.86,79.83,3.79,TNP_0009,2,2016
2016-08-07 18:00:00+00:00,0.0,0.0,25.31,81.24,4.0,TNP_0009,2,2016
2016-08-07 19:00:00+00:00,0.0,0.0,24.76,82.99,4.09,TNP_0009,2,2016
2016-08-07 20:00:00+00:00,0.0,0.0,24.26,84.69,4.01,TNP_0009,2,2016
2016-08-07 21:00:00+00:00,0.0,0.0,23.84,86.04,3.72,TNP_0009,2,2016
2016-08-07 22:00:00+00:00,0.0,0.0,23.48,86.97,3.44,TNP_0009,2,2016
2016-08-07 23:00:00+00:00,0.0,0.0,23.16,87.56,3.28,TNP_0009,2,2016
2016-08-08 00:00:00+00:00,6.5,7.97,22.96,87.46,3.31,TNP_0009,2,2016
2016-08-08 01:00:00+00:00,129.57,145.07,24.09,80.73,4.26,TNP_0009,2,2016
2016-08-08 02:00:00+00:00,338.45,373.9,26.12,70.57,5.32,TNP_0009,2,2016
2016-08-08 03:00:00+00:00,559.78,598.45,28.74,58.63,6.49,TNP_0009,2,2016
2016-08-08 04:00:00+00:00,763.47,784.42,31.13,50.78,6.6,TNP_0009,2,2016
2016-08-08 05:00:00+00:00,910.3,912.9,33.1,45.8,6.32,TNP_0009,2,2016
2016-08-08 06:00:00+00:00,970.12,972.62,34.55,42.77,5.95,TNP_0009,2,2016
2016-08-08 07:00:00+00:00,951.22,956.92,35.36,41.16,5.76,TNP_0009,2,2016
2016-08-08 08:00:00+00:00,831.12,868.78,35.62,40.48,5.63,TNP_0009,2,2016
2016-08-08 09:00:00+00:00,671.33,715.33,35.33,41.03,5.18,TNP_0009,2,2016
2016-08-08 10:00:00+00:00,441.5,508.27,34.26,44.71,4.29,TNP_0009,2,2016
2016-08-08 11:00:00+00:00,221.88,272.23,32.85,52.32,3.12,TNP_0009,2,2016
2016-08-08 12:00:00+00:00,54.25,61.95,30.71,69.37,2.06,TNP_0009,2,2016
2016-08-08 13:00:00+00:00,0.0,0.0,29.16,75.74,2.0,TNP_0009,2,2016
2016-08-08 14:00:00+00:00,0.0,0.0,28.4,77.67,2.06,TNP_0009,2,2016
2016-08-08 15:00:00+00:00,0.0,0.0,27.71,78.58,2.28,TNP_0009,2,2016
2016-08-08 16:00:00+00:00,0.0,0.0,27.13,78.61,2.65,TNP_0009,2,2016
2016-08-08 17:00:00+00:00,0.0,0.0,26.66,78.5,3.36,TNP_0009,2,2016
2016-08-08 18:00:00+00:00,0.0,0.0,26.11,79.44,4.13,TNP_0009,2,2016
2016-08-08 19:00:00+00:00,0.0,0.0,25.43,81.8,4.27,TNP_0009,2,2016
2016-08-08 20:00:00+00:00,0.0,0.0,24.9,83.21,4.51,TNP_0009,2,2016
2016-08-08 21:00:00+00:00,0.0,0.0,24.42,84.29,4.5,TNP_0009,2,2016
2016-08-08 22:00:00+00:00,0.0,0.0,23.94,85.52,4.3,TNP_0009,2,2016
2016-08-08 23:00:00+00:00,0.0,0.0,23.55,86.14,4.19,TNP_0009,2,2016
2016-08-09 00:00:00+00:00,7.6,7.8,23.32,85.97,4.26,TNP_0009,2,2016
2016-08-09 01:00:00+00:00,140.82,146.3,24.39,80.27,4.88,TNP_0009,2,2016
2016-08-09 02:00:00+00:00,358.45,377.02,26.82,69.09,5.89,TNP_0009,2,2016
2016-08-09 03:00:00+00:00,601.17,601.6,29.73,57.08,6.42,TNP_0009,2,2016
2016-08-09 04:00:00+00:00,782.5,786.58,32.15,49.03,6.07,TNP_0009,2,2016
2016-08-09 05:00:00+00:00,913.0,914.35,33.89,44.44,5.65,TNP_0009,2,2016
2016-08-09 06:00:00+00:00,963.55,966.53,35.09,41.7,5.43,TNP_0009,2,2016
2016-08-09 07:00:00+00:00,909.38,951.03,35.77,40.12,5.38,TNP_0009,2,2016
2016-08-09 08:00:00+00:00,770.85,862.1,35.89,39.56,5.36,TNP_0009,2,2016
2016-08-09 09:00:00+00:00,603.17,707.9,35.57,39.85,5.1,TNP_0009,2,2016
2016-08-09 10:00:00+00:00,410.48,501.95,34.67,42.32,4.55,TNP_0009,2,2016
2016-08-09 11:00:00+00:00,214.1,268.4,33.09,49.72,3.44,TNP_0009,2,2016
2016-08-09 12:00:00+00:00,52.25,60.62,30.79,66.94,2.24,TNP_0009,2,2016
2016-08-09 13:00:00+00:00,0.0,0.0,29.29,74.0,2.08,TNP_0009,2,2016
2016-08-09 14:00:00+00:00,0.0,0.0,28.7,76.28,1.92,TNP_0009,2,2016
2016-08-09 15:00:00+00:00,0.0,0.0,28.11,78.27,1.82,TNP_0009,2,2016
2016-08-09 16:00:00+00:00,0.0,0.0,27.49,79.8,2.0,TNP_0009,2,2016
2016-08-09 17:00:00+00:00,0.0,0.0,26.92,80.59,2.54,TNP_0009,2,2016
2016-08-09 18:00:00+00:00,0.0,0.0,26.36,81.13,3.27,TNP_0009,2,2016
2016-08-09 19:00:00+00:00,0.0,0.0,25.69,82.59,3.61,TNP_0009,2,2016
2016-08-09 20:00:00+00:00,0.0,0.0,25.11,83.61,3.96,TNP_0009,2,2016
2016-08-09 21:00:00+00:00,0.0,0.0,24.66,83.68,4.41,TNP_0009,2,2016
2016-08-09 22:00:00+00:00,0.0,0.0,24.22,84.34,4.39,TNP_0009,2,2016
2016-08-09 23:00:00+00:00,0.0,0.0,23.8,84.9,4.36,TNP_0009,2,2016
2016-08-10 00:00:00+00:00,7.38,7.82,23.5,85.0,4.28,TNP_0009,2,2016
2016-08-10 01:00:00+00:00,138.98,147.5,24.23,80.54,4.87,TNP_0009,2,2016
2016-08-10 02:00:00+00:00,366.2,379.1,25.89,72.68,5.91,TNP_0009,2,2016
2016-08-10 03:00:00+00:00,602.67,603.12,28.32,62.31,6.96,TNP_0009,2,2016
2016-08-10 04:00:00+00:00,789.03,790.58,30.88,53.34,6.88,TNP_0009,2,2016
2016-08-10 05:00:00+00:00,916.1,918.65,32.96,46.97,6.44,TNP_0009,2,2016
2016-08-10 06:00:00+00:00,975.08,977.78,34.46,42.96,6.04,TNP_0009,2,2016
2016-08-10 07:00:00+00:00,945.08,958.83,35.34,40.71,5.79,TNP_0009,2,2016
2016-08-10 08:00:00+00:00,754.67,868.78,35.64,39.82,5.59,TNP_0009,2,2016
2016-08-10 09:00:00+00:00,571.03,713.97,35.35,40.41,5.14,TNP_0009,2,2016
2016-08-10 10:00:00+00:00,406.4,506.15,34.51,42.56,4.55,TNP_0009,2,2016
2016-08-10 11:00:00+00:00,189.88,268.6,33.01,49.42,3.53,TNP_0009,2,2016
2016-08-10 12:00:00+00:00,42.58,59.42,30.76,65.95,2.26,TNP_0009,2,2016
2016-08-10 13:00:00+00:00,0.0,0.0,29.26,74.42,2.0,TNP_0009,2,2016
2016-08-10 14:00:00+00:00,0.0,0.0,28.67,76.8,1.83,TNP_0009,2,2016
2016-08-10 15:00:00+00:00,0.0,0.0,27.99,79.14,1.75,TNP_0009,2,2016
2016-08-10 16:00:00+00:00,0.0,0.0,27.33,81.74,1.74,TNP_0009,2,2016
2016-08-10 17:00:00+00:00,0.0,0.0,26.75,84.12,1.86,TNP_0009,2,2016
2016-08-10 18:00:00+00:00,0.0,0.0,26.25,85.87,2.05,TNP_0009,2,2016
2016-08-10 19:00:00+00:00,0.0,0.0,25.74,87.09,2.27,TNP_0009,2,2016
2016-08-10 20:00:00+00:00,0.0,0.0,25.26,87.8,2.63,TNP_0009,2,2016
2016-08-10 21:00:00+00:00,0.0,0.0,24.78,88.36,2.82,TNP_0009,2,2016
2016-08-10 22:00:00+00:00,0.0,0.0,24.26,89.07,2.85,TNP_0009,2,2016
2016-08-10 23:00:00+00:00,0.0,0.0,23.79,89.4,2.85,TNP_0009,2,2016
2016-08-11 00:00:00+00:00,7.05,7.78,23.48,89.05,2.94,TNP_0009,2,2016
2016-08-11 01:00:00+00:00,132.95,146.5,24.24,83.39,3.68,TNP_0009,2,2016
2016-08-11 02:00:00+00:00,345.88,379.0,26.1,72.78,4.72,TNP_0009,2,2016
2016-08-11 03:00:00+00:00,584.53,606.08,28.71,60.6,5.21,TNP_0009,2,2016
2016-08-11 04:00:00+00:00,762.0,793.5,31.26,50.99,4.74,TNP_0009,2,2016
2016-08-11 05:00:00+00:00,915.47,922.17,32.97,45.49,4.11,TNP_0009,2,2016
2016-08-11 06:00:00+00:00,961.6,964.78,33.93,42.86,3.74,TNP_0009,2,2016
2016-08-11 07:00:00+00:00,910.97,947.22,34.41,41.17,3.59,TNP_0009,2,2016
2016-08-11 08:00:00+00:00,808.72,856.2,34.37,40.82,3.59,TNP_0009,2,2016
2016-08-11 09:00:00+00:00,632.3,698.55,34.1,41.36,3.52,TNP_0009,2,2016
2016-08-11 10:00:00+00:00,408.62,489.65,33.61,44.04,3.0,TNP_0009,2,2016
2016-08-11 11:00:00+00:00,202.52,256.75,32.81,48.19,2.52,TNP_0009,2,2016
2016-08-11 12:00:00+00:00,46.55,55.3,30.66,66.03,1.8,TNP_0009,2,2016
2016-08-11 13:00:00+00:00,0.0,0.0,29.26,71.57,1.74,TNP_0009,2,2016
2016-08-11 14:00:00+00:00,0.0,0.0,28.76,73.49,1.6,TNP_0009,2,2016
2016-08-11 15:00:00+00:00,0.0,0.0,28.13,75.66,1.56,TNP_0009,2,2016
2016-08-11 16:00:00+00:00,0.0,0.0,27.45,77.87,1.63,TNP_0009,2,2016
2016-08-11 17:00:00+00:00,0.0,0.0,26.86,79.99,1.71,TNP_0009,2,2016
2016-08-11 18:00:00+00:00,0.0,0.0,26.32,81.82,1.93,TNP_0009,2,2016
2016-08-11 19:00:00+00:00,0.0,0.0,25.88,82.78,2.49,TNP_0009,2,2016
2016-08-11 20:00:00+00:00,0.0,0.0,25.52,82.98,3.19,TNP_0009,2,2016
2016-08-11 21:00:00+00:00,0.0,0.0,25.18,82.83,3.56,TNP_0009,2,2016
2016-08-11 22:00:00+00:00,0.0,0.0,24.89,82.2,3.8,TNP_0009,2,2016
2016-08-11 23:00:00+00:00,0.0,0.0,24.4,83.2,3.6,TNP_0009,2,2016
2016-08-12 00:00:00+00:00,7.57,7.75,24.01,84.95,3.32,TNP_0009,2,2016
2016-08-12 01:00:00+00:00,139.4,147.5,25.09,78.61,4.22,TNP_0009,2,2016
2016-08-12 02:00:00+00:00,364.6,381.23,27.25,67.62,5.12,TNP_0009,2,2016
2016-08-12 03:00:00+00:00,586.95,608.67,29.91,56.13,5.23,TNP_0009,2,2016
2016-08-12 04:00:00+00:00,795.1,795.67,32.27,48.33,4.6,TNP_0009,2,2016
2016-08-12 05:00:00+00:00,919.97,923.78,33.96,43.87,4.0,TNP_0009,2,2016
2016-08-12 06:00:00+00:00,953.6,962.9,35.08,41.35,3.64,TNP_0009,2,2016
2016-08-12 07:00:00+00:00,911.33,944.05,35.6,40.08,3.55,TNP_0009,2,2016
2016-08-12 08:00:00+00:00,725.2,850.15,35.53,39.87,3.66,TNP_0009,2,2016
2016-08-12 09:00:00+00:00,589.65,688.9,35.03,40.6,3.9,TNP_0009,2,2016
2016-08-12 10:00:00+00:00,392.6,467.25,34.1,43.55,3.81,TNP_0009,2,2016
2016-08-12 11:00:00+00:00,202.5,241.3,33.0,49.42,3.19,TNP_0009,2,2016
2016-08-12 12:00:00+00:00,46.62,51.7,30.99,65.25,2.13,TNP_0009,2,2016
2016-08-12 13:00:00+00:00,0.0,0.0,29.49,73.75,1.99,TNP_0009,2,2016
2016-08-12 14:00:00+00:00,0.0,0.0,28.93,76.04,1.94,TNP_0009,2,2016
2016-08-12 15:00:00+00:00,0.0,0.0,28.35,78.3,1.96,TNP_0009,2,2016
2016-08-12 16:00:00+00:00,0.0,0.0,27.68,80.59,2.01,TNP_0009,2,2016
2016-08-12 17:00:00+00:00,0.0,0.0,27.0,82.7,2.04,TNP_0009,2,2016
2016-08-12 18:00:00+00:00,0.0,0.0,26.39,84.87,2.13,TNP_0009,2,2016
2016-08-12 19:00:00+00:00,0.0,0.0,25.92,86.95,2.16,TNP_0009,2,2016
2016-08-12 20:00:00+00:00,0.0,0.0,25.39,89.23,2.02,TNP_0009,2,2016
2016-08-12 21:00:00+00:00,0.0,0.0,24.89,90.96,2.03,TNP_0009,2,2016
2016-08-12 22:00:00+00:00,0.0,0.0,24.55,91.92,2.15,TNP_0009,2,2016
2016-08-12 23:00:00+00:00,0.0,0.0,24.26,92.65,2.07,TNP_0009,2,2016
2016-08-13 00:00:00+00:00,7.12,7.45,24.07,92.63,1.98,TNP_0009,2,2016
2016-08-13 01:00:00+00:00,130.27,139.43,25.11,85.22,3.15,TNP_0009,2,2016
2016-08-13 02:00:00+00:00,337.73,366.08,27.03,72.92,4.47,TNP_0009,2,2016
2016-08-13 03:00:00+00:00,549.47,590.8,29.44,60.83,5.22,TNP_0009,2,2016
2016-08-13 04:00:00+00:00,759.42,776.1,31.73,52.33,5.19,TNP_0009,2,2016
2016-08-13 05:00:00+00:00,887.2,903.65,33.51,47.18,4.84,TNP_0009,2,2016
2016-08-13 06:00:00+00:00,923.03,956.55,34.51,44.66,4.48,TNP_0009,2,2016
2016-08-13 07:00:00+00:00,833.0,936.4,34.73,44.1,4.32,TNP_0009,2,2016
2016-08-13 08:00:00+00:00,648.7,842.03,34.45,44.84,4.21,TNP_0009,2,2016
2016-08-13 09:00:00+00:00,512.7,682.67,33.83,46.74,3.84,TNP_0009,2,2016
2016-08-13 10:00:00+00:00,334.67,468.58,33.17,49.92,3.06,TNP_0009,2,2016
2016-08-13 11:00:00+00:00,173.38,229.95,32.38,54.97,2.09,TNP_0009,2,2016
2016-08-13 12:00:00+00:00,39.62,47.97,30.87,68.64,1.3,TNP_0009,2,2016
2016-08-13 13:00:00+00:00,0.0,0.0,29.68,77.36,1.09,TNP_0009,2,2016
2016-08-13 14:00:00+00:00,0.0,0.0,28.83,80.33,1.29,TNP_0009,2,2016
2016-08-13 15:00:00+00:00,0.0,0.0,28.02,83.17,1.5,TNP_0009,2,2016
2016-08-13 16:00:00+00:00,0.0,0.0,27.25,85.8,1.7,TNP_0009,2,2016
2016-08-13 17:00:00+00:00,0.0,0.0,26.59,87.17,2.03,TNP_0009,2,2016
2016-08-13 18:00:00+00:00,0.0,0.0,26.09,88.21,2.37,TNP_0009,2,2016
2016-08-13 19:00:00+00:00,0.0,0.0,25.71,88.85,2.67,TNP_0009,2,2016
2016-08-13 20:00:00+00:00,0.0,0.0,25.33,88.97,3.01,TNP_0009,2,2016
2016-08-13 21:00:00+00:00,0.0,0.0,24.95,89.03,3.12,TNP_0009,2,2016
2016-08-13 22:00:00+00:00,0.0,0.0,24.53,89.31,3.08,TNP_0009,2,2016
2016-08-13 23:00:00+00:00,0.0,0.0,24.14,89.53,3.04,TNP_0009,2,2016
2016-08-14 00:00:00+00:00,6.88,7.18,23.85,89.28,3.1,TNP_0009,2,2016
2016-08-14 01:00:00+00:00,112.1,134.35,24.52,84.22,3.91,TNP_0009,2,2016
2016-08-14 02:00:00+00:00,306.95,359.02,26.01,75.76,5.39,TNP_0009,2,2016
2016-08-14 03:00:00+00:00,542.78,585.72,28.24,64.39,6.57,TNP_0009,2,2016
2016-08-14 04:00:00+00:00,750.22,773.72,30.42,55.38,6.6,TNP_0009,2,2016
2016-08-14 05:00:00+00:00,862.28,903.0,32.3,48.97,6.35,TNP_0009,2,2016
2016-08-14 06:00:00+00:00,897.4,932.8,33.73,44.85,6.04,TNP_0009,2,2016
2016-08-14 07:00:00+00:00,799.12,914.53,34.69,42.31,5.85,TNP_0009,2,2016
2016-08-14 08:00:00+00:00,646.47,822.25,34.97,41.2,5.74,TNP_0009,2,2016
2016-08-14 09:00:00+00:00,598.25,662.97,34.5,42.15,5.65,TNP_0009,2,2016
2016-08-14 10:00:00+00:00,420.9,453.45,33.66,44.81,5.39,TNP_0009,2,2016
2016-08-14 11:00:00+00:00,202.18,226.4,32.22,52.73,4.0,TNP_0009,2,2016
2016-08-14 12:00:00+00:00,44.33,47.8,30.11,67.65,2.45,TNP_0009,2,2016
2016-08-14 13:00:00+00:00,0.0,0.0,28.71,74.38,2.34,TNP_0009,2,2016
2016-08-14 14:00:00+00:00,0.0,0.0,28.24,75.73,2.41,TNP_0009,2,2016
2016-08-14 15:00:00+00:00,0.0,0.0,27.75,76.6,2.59,TNP_0009,2,2016
2016-08-14 16:00:00+00:00,0.0,0.0,27.24,77.63,2.8,TNP_0009,2,2016
2016-08-14 17:00:00+00:00,0.0,0.0,26.77,78.2,3.23,TNP_0009,2,2016
2016-08-14 18:00:00+00:00,0.0,0.0,26.18,79.71,3.6,TNP_0009,2,2016
2016-08-14 19:00:00+00:00,0.0,0.0,25.58,81.83,3.71,TNP_0009,2,2016
2016-08-14 20:00:00+00:00,0.0,0.0,25.05,83.48,3.89,TNP_0009,2,2016
2016-08-14 21:00:00+00:00,0.0,0.0,24.62,84.65,4.01,TNP_0009,2,2016
2016-08-14 22:00:00+00:00,0.0,0.0,24.21,85.29,4.04,TNP_0009,2,2016
2016-08-14 23:00:00+00:00,0.0,0.0,23.8,85.56,4.17,TNP_0009,2,2016
2016-08-15 00:00:00+00:00,6.47,7.1,23.43,85.5,4.33,TNP_0009,2,2016
2016-08-15 01:00:00+00:00,124.6,134.95,24.42,79.4,5.31,TNP_0009,2,2016
2016-08-15 02:00:00+00:00,341.88,360.0,26.69,68.42,7.41,TNP_0009,2,2016
2016-08-15 03:00:00+00:00,585.83,587.45,29.18,58.65,8.34,TNP_0009,2,2016
2016-08-15 04:00:00+00:00,775.8,777.05,31.33,51.47,8.44,TNP_0009,2,2016
2016-08-15 05:00:00+00:00,880.55,907.6,33.06,46.53,8.22,TNP_0009,2,2016
2016-08-15 06:00:00+00:00,954.17,973.33,34.42,42.86,7.95,TNP_0009,2,2016
2016-08-15 07:00:00+00:00,857.72,954.28,35.34,40.26,7.78,TNP_0009,2,2016
2016-08-15 08:00:00+00:00,729.62,860.83,35.69,38.9,7.76,TNP_0009,2,2016
2016-08-15 09:00:00+00:00,602.2,700.58,35.53,38.76,7.52,TNP_0009,2,2016
2016-08-15 10:00:00+00:00,438.3,489.8,34.77,40.33,6.95,TNP_0009,2,2016
2016-08-15 11:00:00+00:00,206.18,253.12,33.31,45.84,5.47,TNP_0009,2,2016
2016-08-15 12:00:00+00:00,44.7,52.17,30.74,59.24,3.41,TNP_0009,2,2016
2016-08-15 13:00:00+00:00,0.0,0.0,28.93,66.84,3.03,TNP_0009,2,2016
2016-08-15 14:00:00+00:00,0.0,0.0,28.32,68.75,3.14,TNP_0009,2,2016
2016-08-15 15:00:00+00:00,0.0,0.0,27.76,69.34,3.6,TNP_0009,2,2016
2016-08-15 16:00:00+00:00,0.0,0.0,27.24,69.85,4.26,TNP_0009,2,2016
2016-08-15 17:00:00+00:00,0.0,0.0,26.72,70.89,4.83,TNP_0009,2,2016
2016-08-15 18:00:00+00:00,0.0,0.0,26.03,73.74,4.57,TNP_0009,2,2016
2016-08-15 19:00:00+00:00,0.0,0.0,25.35,76.58,4.3,TNP_0009,2,2016
2016-08-15 20:00:00+00:00,0.0,0.0,24.73,78.92,4.2,TNP_0009,2,2016
2016-08-15 21:00:00+00:00,0.0,0.0,24.19,80.98,4.19,TNP_0009,2,2016
2016-08-15 22:00:00+00:00,0.0,0.0,23.76,82.47,4.26,TNP_0009,2,2016
2016-08-15 23:00:00+00:00,0.0,0.0,23.44,83.41,4.46,TNP_0009,2,2016
2016-08-16 00:00:00+00:00,6.93,7.68,23.23,83.97,4.63,TNP_0009,2,2016
2016-08-16 01:00:00+00:00,139.12,146.88,24.36,78.6,5.52,TNP_0009,2,2016
2016-08-16 02:00:00+00:00,360.7,380.73,26.97,66.76,7.65,TNP_0009,2,2016
2016-08-16 03:00:00+00:00,601.42,608.72,29.75,56.11,8.39,TNP_0009,2,2016
2016-08-16 04:00:00+00:00,719.55,795.33,32.05,48.26,8.57,TNP_0009,2,2016
2016-08-16 05:00:00+00:00,898.25,924.38,33.87,42.97,8.55,TNP_0009,2,2016
2016-08-16 06:00:00+00:00,842.15,948.7,35.19,39.65,8.41,TNP_0009,2,2016
2016-08-16 07:00:00+00:00,770.62,930.5,36.05,37.71,8.21,TNP_0009,2,2016
2016-08-16 08:00:00+00:00,692.3,835.65,36.39,36.96,8.04,TNP_0009,2,2016
2016-08-16 09:00:00+00:00,594.5,679.6,35.99,37.86,7.79,TNP_0009,2,2016
2016-08-16 10:00:00+00:00,404.4,470.02,35.31,39.49,7.43,TNP_0009,2,2016
2016-08-16 11:00:00+00:00,209.55,244.62,33.93,44.23,6.13,TNP_0009,2,2016
2016-08-16 12:00:00+00:00,44.3,51.35,31.44,55.54,4.04,TNP_0009,2,2016
2016-08-16 13:00:00+00:00,0.0,0.0,29.5,62.82,3.73,TNP_0009,2,2016
2016-08-16 14:00:00+00:00,0.0,0.0,28.82,64.31,4.2,TNP_0009,2,2016
2016-08-16 15:00:00+00:00,0.0,0.0,28.16,65.62,4.63,TNP_0009,2,2016
2016-08-16 16:00:00+00:00,0.0,0.0,27.57,66.99,4.99,TNP_0009,2,2016
2016-08-16 17:00:00+00:00,0.0,0.0,26.77,69.97,4.83,TNP_0009,2,2016
2016-08-16 18:00:00+00:00,0.0,0.0,26.03,72.71,4.87,TNP_0009,2,2016
2016-08-16 19:00:00+00:00,0.0,0.0,25.34,75.64,4.92,TNP_0009,2,2016
2016-08-16 20:00:00+00:00,0.0,0.0,24.69,78.71,4.93,TNP_0009,2,2016
2016-08-16 21:00:00+00:00,0.0,0.0,24.07,81.81,4.57,TNP_0009,2,2016
2016-08-16 22:00:00+00:00,0.0,0.0,23.46,84.87,4.03,TNP_0009,2,2016
2016-08-16 23:00:00+00:00,0.0,0.0,23.0,87.04,3.67,TNP_0009,2,2016
2016-08-17 00:00:00+00:00,7.45,7.45,22.82,87.84,3.44,TNP_0009,2,2016
2016-08-17 01:00:00+00:00,136.82,141.48,24.43,79.4,4.5,TNP_0009,2,2016
2016-08-17 02:00:00+00:00,353.15,371.88,27.1,66.9,6.52,TNP_0009,2,2016
2016-08-17 03:00:00+00:00,571.53,601.03,29.9,56.19,7.23,TNP_0009,2,2016
2016-08-17 04:00:00+00:00,750.4,790.33,32.23,48.64,7.12,TNP_0009,2,2016
2016-08-17 05:00:00+00:00,769.22,920.22,34.01,43.69,6.68,TNP_0009,2,2016
2016-08-17 06:00:00+00:00,789.35,958.55,35.3,40.25,6.25,TNP_0009,2,2016
2016-08-17 07:00:00+00:00,798.45,937.33,35.96,38.2,5.94,TNP_0009,2,2016
2016-08-17 08:00:00+00:00,744.28,843.55,36.17,37.0,5.76,TNP_0009,2,2016
2016-08-17 09:00:00+00:00,620.7,681.53,35.79,37.33,5.65,TNP_0009,2,2016
2016-08-17 10:00:00+00:00,420.3,470.42,34.89,39.83,5.23,TNP_0009,2,2016
2016-08-17 11:00:00+00:00,205.05,238.2,33.26,48.33,3.78,TNP_0009,2,2016
2016-08-17 12:00:00+00:00,43.53,48.08,30.93,61.56,2.66,TNP_0009,2,2016
2016-08-17 13:00:00+00:00,0.0,0.0,29.48,65.74,2.74,TNP_0009,2,2016
2016-08-17 14:00:00+00:00,0.0,0.0,28.84,66.53,2.96,TNP_0009,2,2016
2016-08-17 15:00:00+00:00,0.0,0.0,28.22,67.61,3.21,TNP_0009,2,2016
2016-08-17 16:00:00+00:00,0.0,0.0,27.5,68.87,3.53,TNP_0009,2,2016
2016-08-17 17:00:00+00:00,0.0,0.0,26.83,70.27,3.79,TNP_0009,2,2016
2016-08-17 18:00:00+00:00,0.0,0.0,26.16,72.72,3.81,TNP_0009,2,2016
2016-08-17 19:00:00+00:00,0.0,0.0,25.57,75.22,3.82,TNP_0009,2,2016
2016-08-17 20:00:00+00:00,0.0,0.0,25.02,77.64,3.88,TNP_0009,2,2016
2016-08-17 21:00:00+00:00,0.0,0.0,24.5,80.08,3.97,TNP_0009,2,2016
2016-08-17 22:00:00+00:00,0.0,0.0,23.96,82.89,3.9,TNP_0009,2,2016
2016-08-17 23:00:00+00:00,0.0,0.0,23.4,85.85,3.65,TNP_0009,2,2016
2016-08-18 00:00:00+00:00,7.2,7.22,23.16,86.8,3.82,TNP_0009,2,2016
2016-08-18 01:00:00+00:00,135.77,136.43,24.58,79.57,5.19,TNP_0009,2,2016
2016-08-18 02:00:00+00:00,362.7,364.52,26.99,67.37,6.82,TNP_0009,2,2016
2016-08-18 03:00:00+00:00,593.58,593.9,29.27,56.8,6.94,TNP_0009,2,2016
2016-08-18 04:00:00+00:00,780.67,783.7,31.23,49.7,6.46,TNP_0009,2,2016
2016-08-18 05:00:00+00:00,911.17,913.95,32.88,44.93,5.92,TNP_0009,2,2016
2016-08-18 06:00:00+00:00,972.72,977.72,34.12,41.7,5.43,TNP_0009,2,2016
2016-08-18 07:00:00+00:00,861.85,958.25,34.96,39.51,4.98,TNP_0009,2,2016
2016-08-18 08:00:00+00:00,755.6,862.12,35.42,38.18,4.57,TNP_0009,2,2016
2016-08-18 09:00:00+00:00,603.17,697.7,35.33,38.13,4.31,TNP_0009,2,2016
2016-08-18 10:00:00+00:00,399.6,481.2,34.68,39.98,4.07,TNP_0009,2,2016
2016-08-18 11:00:00+00:00,203.52,246.27,33.19,47.9,2.97,TNP_0009,2,2016
2016-08-18 12:00:00+00:00,42.35,48.62,30.81,66.07,1.96,TNP_0009,2,2016
2016-08-18 13:00:00+00:00,0.0,0.0,29.62,70.23,1.76,TNP_0009,2,2016
2016-08-18 14:00:00+00:00,0.0,0.0,29.12,72.73,1.46,TNP_0009,2,2016
2016-08-18 15:00:00+00:00,0.0,0.0,28.46,75.2,1.37,TNP_0009,2,2016
2016-08-18 16:00:00+00:00,0.0,0.0,27.75,77.27,1.45,TNP_0009,2,2016
2016-08-18 17:00:00+00:00,0.0,0.0,27.09,79.51,1.61,TNP_0009,2,2016
2016-08-18 18:00:00+00:00,0.0,0.0,26.49,81.9,1.78,TNP_0009,2,2016
2016-08-18 19:00:00+00:00,0.0,0.0,25.98,83.48,2.13,TNP_0009,2,2016
2016-08-18 20:00:00+00:00,0.0,0.0,25.45,84.06,2.78,TNP_0009,2,2016
2016-08-18 21:00:00+00:00,0.0,0.0,24.97,83.63,3.49,TNP_0009,2,2016
2016-08-18 22:00:00+00:00,0.0,0.0,24.44,83.76,3.86,TNP_0009,2,2016
2016-08-18 23:00:00+00:00,0.0,0.0,23.96,84.11,4.05,TNP_0009,2,2016
2016-08-19 00:00:00+00:00,6.82,7.35,23.65,84.42,4.25,TNP_0009,2,2016
2016-08-19 01:00:00+00:00,135.77,143.27,24.81,77.94,5.28,TNP_0009,2,2016
2016-08-19 02:00:00+00:00,361.02,376.7,27.52,64.53,6.82,TNP_0009,2,2016
2016-08-19 03:00:00+00:00,594.53,606.33,30.45,52.0,6.92,TNP_0009,2,2016
2016-08-19 04:00:00+00:00,794.17,794.6,32.87,43.66,6.21,TNP_0009,2,2016
2016-08-19 05:00:00+00:00,916.45,924.5,34.67,38.88,5.43,TNP_0009,2,2016
2016-08-19 06:00:00+00:00,978.42,981.95,35.96,36.02,4.93,TNP_0009,2,2016
2016-08-19 07:00:00+00:00,913.45,964.55,36.81,34.31,4.54,TNP_0009,2,2016
2016-08-19 08:00:00+00:00,728.42,872.05,37.21,33.51,4.17,TNP_0009,2,2016
2016-08-19 09:00:00+00:00,653.0,709.88,36.84,34.05,3.98,TNP_0009,2,2016
2016-08-19 10:00:00+00:00,471.1,493.95,35.71,36.45,3.69,TNP_0009,2,2016
2016-08-19 11:00:00+00:00,211.6,241.48,34.35,41.92,2.83,TNP_0009,2,2016
2016-08-19 12:00:00+00:00,40.22,46.78,32.13,59.37,1.67,TNP_0009,2,2016
2016-08-19 13:00:00+00:00,0.0,0.0,30.5,68.78,1.42,TNP_0009,2,2016
2016-08-19 14:00:00+00:00,0.0,0.0,29.74,69.52,1.43,TNP_0009,2,2016
2016-08-19 15:00:00+00:00,0.0,0.0,28.8,72.78,1.73,TNP_0009,2,2016
2016-08-19 16:00:00+00:00,0.0,0.0,27.96,75.8,2.12,TNP_0009,2,2016
2016-08-19 17:00:00+00:00,0.0,0.0,27.26,78.76,2.24,TNP_0009,2,2016
2016-08-19 18:00:00+00:00,0.0,0.0,26.73,81.18,2.21,TNP_0009,2,2016
2016-08-19 19:00:00+00:00,0.0,0.0,26.23,83.71,2.02,TNP_0009,2,2016
2016-08-19 20:00:00+00:00,0.0,0.0,25.81,85.82,1.86,TNP_0009,2,2016
2016-08-19 21:00:00+00:00,0.0,0.0,25.5,87.16,1.71,TNP_0009,2,2016
2016-08-19 22:00:00+00:00,0.0,0.0,25.27,87.84,1.66,TNP_0009,2,2016
2016-08-19 23:00:00+00:00,0.0,0.0,25.04,88.25,1.69,TNP_0009,2,2016
2016-08-20 00:00:00+00:00,6.45,7.15,24.87,88.06,1.79,TNP_0009,2,2016
2016-08-20 01:00:00+00:00,113.25,140.1,25.35,82.88,2.67,TNP_0009,2,2016
2016-08-20 02:00:00+00:00,301.8,370.3,26.73,72.69,3.61,TNP_0009,2,2016
2016-08-20 03:00:00+00:00,552.72,597.75,28.79,60.8,3.84,TNP_0009,2,2016
2016-08-20 04:00:00+00:00,782.38,785.88,30.78,52.2,3.29,TNP_0009,2,2016
2016-08-20 05:00:00+00:00,913.17,916.4,32.48,46.61,2.69,TNP_0009,2,2016
2016-08-20 06:00:00+00:00,974.88,976.72,33.72,42.87,2.33,TNP_0009,2,2016
2016-08-20 07:00:00+00:00,950.22,958.75,34.51,40.3,2.06,TNP_0009,2,2016
2016-08-20 08:00:00+00:00,819.25,864.83,34.86,38.71,1.79,TNP_0009,2,2016
2016-08-20 09:00:00+00:00,617.7,702.33,34.83,38.12,1.45,TNP_0009,2,2016
2016-08-20 10:00:00+00:00,403.42,489.33,34.53,39.03,0.82,TNP_0009,2,2016
2016-08-20 11:00:00+00:00,192.25,252.55,33.77,41.84,0.18,TNP_0009,2,2016
2016-08-20 12:00:00+00:00,36.72,47.88,31.89,52.54,0.79,TNP_0009,2,2016
2016-08-20 13:00:00+00:00,0.0,0.0,29.54,67.36,1.79,TNP_0009,2,2016
2016-08-20 14:00:00+00:00,0.0,0.0,28.19,72.35,2.42,TNP_0009,2,2016
2016-08-20 15:00:00+00:00,0.0,0.0,27.09,77.36,2.77,TNP_0009,2,2016
2016-08-20 16:00:00+00:00,0.0,0.0,26.21,83.21,3.41,TNP_0009,2,2016
2016-08-20 17:00:00+00:00,0.0,0.0,25.61,87.79,3.89,TNP_0009,2,2016
2016-08-20 18:00:00+00:00,0.0,0.0,25.28,90.18,4.15,TNP_0009,2,2016
2016-08-20 19:00:00+00:00,0.0,0.0,25.07,91.4,4.09,TNP_0009,2,2016
2016-08-20 20:00:00+00:00,0.0,0.0,24.81,92.63,3.32,TNP_0009,2,2016
2016-08-20 21:00:00+00:00,0.0,0.0,24.53,93.52,2.7,TNP_0009,2,2016
2016-08-20 22:00:00+00:00,0.0,0.0,24.28,94.27,2.14,TNP_0009,2,2016
2016-08-20 23:00:00+00:00,0.0,0.0,24.05,94.57,1.77,TNP_0009,2,2016
2016-08-21 00:00:00+00:00,6.62,7.05,24.04,94.26,1.56,TNP_0009,2,2016
2016-08-21 01:00:00+00:00,94.62,136.73,25.57,85.86,2.19,TNP_0009,2,2016
2016-08-21 02:00:00+00:00,241.95,365.35,27.62,73.31,2.4,TNP_0009,2,2016
2016-08-21 03:00:00+00:00,396.73,594.05,30.02,60.24,2.37,TNP_0009,2,2016
2016-08-21 04:00:00+00:00,594.88,781.58,31.89,52.24,2.24,TNP_0009,2,2016
2016-08-21 05:00:00+00:00,758.88,909.7,33.17,47.35,1.95,TNP_0009,2,2016
2016-08-21 06:00:00+00:00,880.8,917.47,33.92,44.55,1.52,TNP_0009,2,2016
2016-08-21 07:00:00+00:00,768.22,898.7,34.27,42.98,1.01,TNP_0009,2,2016
2016-08-21 08:00:00+00:00,731.83,803.75,34.38,42.26,0.55,TNP_0009,2,2016
2016-08-21 09:00:00+00:00,556.75,641.67,34.05,42.69,0.17,TNP_0009,2,2016
2016-08-21 10:00:00+00:00,383.15,430.1,33.71,43.41,0.6,TNP_0009,2,2016
2016-08-21 11:00:00+00:00,199.4,212.52,32.97,47.01,1.13,TNP_0009,2,2016
2016-08-21 12:00:00+00:00,35.58,38.7,31.03,61.15,1.57,TNP_0009,2,2016
2016-08-21 13:00:00+00:00,0.0,0.0,28.91,70.97,2.22,TNP_0009,2,2016
2016-08-21 14:00:00+00:00,0.0,0.0,28.07,71.65,2.58,TNP_0009,2,2016
2016-08-21 15:00:00+00:00,0.0,0.0,27.34,74.81,2.58,TNP_0009,2,2016
2016-08-21 16:00:00+00:00,0.0,0.0,26.78,78.38,2.44,TNP_0009,2,2016
2016-08-21 17:00:00+00:00,0.0,0.0,26.38,81.65,2.21,TNP_0009,2,2016
2016-08-21 18:00:00+00:00,0.0,0.0,26.16,83.8,2.06,TNP_0009,2,2016
2016-08-21 19:00:00+00:00,0.0,0.0,25.96,84.44,2.26,TNP_0009,2,2016
2016-08-21 20:00:00+00:00,0.0,0.0,25.7,84.96,2.38,TNP_0009,2,2016
2016-08-21 21:00:00+00:00,0.0,0.0,25.42,85.45,2.33,TNP_0009,2,2016
2016-08-21 22:00:00+00:00,0.0,0.0,25.12,85.83,2.41,TNP_0009,2,2016
2016-08-21 23:00:00+00:00,0.0,0.0,24.89,85.88,2.68,TNP_0009,2,2016
2016-08-22 00:00:00+00:00,5.8,6.8,24.85,85.25,3.1,TNP_0009,2,2016
2016-08-22 01:00:00+00:00,97.78,129.4,26.22,77.38,4.4,TNP_0009,2,2016
2016-08-22 02:00:00+00:00,257.8,353.73,28.48,65.33,5.34,TNP_0009,2,2016
2016-08-22 03:00:00+00:00,514.2,584.33,30.91,54.44,5.1,TNP_0009,2,2016
2016-08-22 04:00:00+00:00,752.3,772.55,32.81,47.64,4.05,TNP_0009,2,2016
2016-08-22 05:00:00+00:00,841.3,902.6,34.31,43.24,3.17,TNP_0009,2,2016
2016-08-22 06:00:00+00:00,940.65,953.72,35.39,40.12,2.58,TNP_0009,2,2016
2016-08-22 07:00:00+00:00,844.28,933.15,35.77,38.69,2.04,TNP_0009,2,2016
2016-08-22 08:00:00+00:00,678.33,836.3,35.9,37.83,1.4,TNP_0009,2,2016
2016-08-22 09:00:00+00:00,541.2,673.08,35.47,38.28,0.7,TNP_0009,2,2016
2016-08-22 10:00:00+00:00,394.48,457.65,34.77,39.79,0.28,TNP_0009,2,2016
2016-08-22 11:00:00+00:00,189.68,226.85,33.61,45.51,0.85,TNP_0009,2,2016
2016-08-22 12:00:00+00:00,36.97,41.12,31.71,58.33,1.44,TNP_0009,2,2016
2016-08-22 13:00:00+00:00,0.0,0.0,29.8,69.07,2.3,TNP_0009,2,2016
2016-08-22 14:00:00+00:00,0.0,0.0,28.71,73.26,2.48,TNP_0009,2,2016
2016-08-22 15:00:00+00:00,0.0,0.0,27.79,77.8,2.45,TNP_0009,2,2016
2016-08-22 16:00:00+00:00,0.0,0.0,27.06,81.21,2.65,TNP_0009,2,2016
2016-08-22 17:00:00+00:00,0.0,0.0,26.44,84.4,2.85,TNP_0009,2,2016
2016-08-22 18:00:00+00:00,0.0,0.0,26.0,86.99,2.86,TNP_0009,2,2016
2016-08-22 19:00:00+00:00,0.0,0.0,25.64,89.24,2.45,TNP_0009,2,2016
2016-08-22 20:00:00+00:00,0.0,0.0,25.38,90.81,1.96,TNP_0009,2,2016
2016-08-22 21:00:00+00:00,0.0,0.0,25.18,91.79,1.66,TNP_0009,2,2016
2016-08-22 22:00:00+00:00,0.0,0.0,24.98,92.21,1.63,TNP_0009,2,2016
2016-08-22 23:00:00+00:00,0.0,0.0,24.79,91.83,1.9,TNP_0009,2,2016
2016-08-23 00:00:00+00:00,5.03,6.43,24.61,90.53,2.52,TNP_0009,2,2016
2016-08-23 01:00:00+00:00,95.18,122.07,25.41,84.7,3.7,TNP_0009,2,2016
2016-08-23 02:00:00+00:00,261.42,338.98,26.88,75.09,4.04,TNP_0009,2,2016
2016-08-23 03:00:00+00:00,511.7,566.3,29.11,61.28,4.33,TNP_0009,2,2016
2016-08-23 04:00:00+00:00,722.35,757.9,31.21,51.93,4.01,TNP_0009,2,2016
2016-08-23 05:00:00+00:00,725.5,890.47,32.79,46.4,3.63,TNP_0009,2,2016
2016-08-23 06:00:00+00:00,891.72,921.5,33.87,42.86,3.37,TNP_0009,2,2016
2016-08-23 07:00:00+00:00,862.95,901.65,34.51,40.71,3.21,TNP_0009,2,2016
2016-08-23 08:00:00+00:00,768.83,806.92,34.72,39.74,3.06,TNP_0009,2,2016
2016-08-23 09:00:00+00:00,599.9,645.15,34.43,40.45,2.63,TNP_0009,2,2016
2016-08-23 10:00:00+00:00,408.75,433.52,33.91,43.29,2.01,TNP_0009,2,2016
2016-08-23 11:00:00+00:00,190.02,207.9,32.86,48.83,1.76,TNP_0009,2,2016
2016-08-23 12:00:00+00:00,35.67,38.03,30.84,66.75,1.56,TNP_0009,2,2016
2016-08-23 13:00:00+00:00,0.0,0.0,29.32,73.22,1.88,TNP_0009,2,2016
2016-08-23 14:00:00+00:00,0.0,0.0,28.54,75.39,2.12,TNP_0009,2,2016
2016-08-23 15:00:00+00:00,0.0,0.0,27.83,77.79,2.32,TNP_0009,2,2016
2016-08-23 16:00:00+00:00,0.0,0.0,27.25,80.08,2.35,TNP_0009,2,2016
2016-08-23 17:00:00+00:00,0.0,0.0,26.77,81.93,2.23,TNP_0009,2,2016
2016-08-23 18:00:00+00:00,0.0,0.0,26.31,83.15,2.18,TNP_0009,2,2016
2016-08-23 19:00:00+00:00,0.0,0.0,25.91,83.58,2.44,TNP_0009,2,2016
2016-08-23 20:00:00+00:00,0.0,0.0,25.55,83.17,3.29,TNP_0009,2,2016
2016-08-23 21:00:00+00:00,0.0,0.0,25.09,83.38,3.6,TNP_0009,2,2016
2016-08-23 22:00:00+00:00,0.0,0.0,24.66,83.98,3.44,TNP_0009,2,2016
2016-08-23 23:00:00+00:00,0.0,0.0,24.3,84.52,3.36,TNP_0009,2,2016
2016-08-24 00:00:00+00:00,5.62,6.9,24.06,84.76,3.34,TNP_0009,2,2016
2016-08-24 01:00:00+00:00,116.93,132.62,24.8,80.1,3.99,TNP_0009,2,2016
2016-08-24 02:00:00+00:00,331.6,359.4,26.4,71.91,4.71,TNP_0009,2,2016
2016-08-24 03:00:00+00:00,586.83,588.53,28.74,60.7,5.6,TNP_0009,2,2016
2016-08-24 04:00:00+00:00,776.03,778.12,31.01,51.23,5.48,TNP_0009,2,2016
2016-08-24 05:00:00+00:00,883.9,907.2,32.9,44.67,4.93,TNP_0009,2,2016
2016-08-24 06:00:00+00:00,978.03,981.22,34.29,40.86,4.37,TNP_0009,2,2016
2016-08-24 07:00:00+00:00,909.3,958.17,35.18,38.94,4.02,TNP_0009,2,2016
2016-08-24 08:00:00+00:00,709.62,861.35,35.5,38.27,3.74,TNP_0009,2,2016
2016-08-24 09:00:00+00:00,587.47,698.33,35.29,38.85,3.37,TNP_0009,2,2016
2016-08-24 10:00:00+00:00,373.67,484.77,34.46,41.32,2.9,TNP_0009,2,2016
2016-08-24 11:00:00+00:00,179.23,246.2,33.43,46.84,2.26,TNP_0009,2,2016
2016-08-24 12:00:00+00:00,32.45,42.83,31.38,63.91,1.64,TNP_0009,2,2016
2016-08-24 13:00:00+00:00,0.0,0.0,29.76,73.18,1.66,TNP_0009,2,2016
2016-08-24 14:00:00+00:00,0.0,0.0,29.0,75.06,1.78,TNP_0009,2,2016
2016-08-24 15:00:00+00:00,0.0,0.0,28.23,76.73,1.96,TNP_0009,2,2016
2016-08-24 16:00:00+00:00,0.0,0.0,27.51,78.72,2.2,TNP_0009,2,2016
2016-08-24 17:00:00+00:00,0.0,0.0,26.9,81.02,2.44,TNP_0009,2,2016
2016-08-24 18:00:00+00:00,0.0,0.0,26.36,83.6,2.52,TNP_0009,2,2016
2016-08-24 19:00:00+00:00,0.0,0.0,25.97,85.36,2.39,TNP_0009,2,2016
2016-08-24 20:00:00+00:00,0.0,0.0,25.54,86.59,2.43,TNP_0009,2,2016
2016-08-24 21:00:00+00:00,0.0,0.0,25.1,87.59,2.58,TNP_0009,2,2016
2016-08-24 22:00:00+00:00,0.0,0.0,24.73,88.13,2.66,TNP_0009,2,2016
2016-08-24 23:00:00+00:00,0.0,0.0,24.42,88.53,2.58,TNP_0009,2,2016
2016-08-25 00:00:00+00:00,4.43,7.15,24.19,88.79,2.39,TNP_0009,2,2016
2016-08-25 01:00:00+00:00,70.07,140.7,24.76,84.58,2.87,TNP_0009,2,2016
2016-08-25 02:00:00+00:00,180.82,373.88,25.8,78.73,3.39,TNP_0009,2,2016
2016-08-25 03:00:00+00:00,291.0,601.45,27.53,69.04,3.95,TNP_0009,2,2016
2016-08-25 04:00:00+00:00,345.38,787.38,28.84,61.65,3.71,TNP_0009,2,2016
2016-08-25 05:00:00+00:00,453.67,912.95,29.27,59.61,3.11,TNP_0009,2,2016
2016-08-25 06:00:00+00:00,480.23,936.1,29.36,59.56,2.61,TNP_0009,2,2016
2016-08-25 07:00:00+00:00,498.27,916.9,29.22,60.71,2.08,TNP_0009,2,2016
2016-08-25 08:00:00+00:00,530.88,820.62,28.88,62.95,1.53,TNP_0009,2,2016
2016-08-25 09:00:00+00:00,420.2,656.9,28.45,65.58,0.87,TNP_0009,2,2016
2016-08-25 10:00:00+00:00,339.58,442.33,27.93,68.53,0.55,TNP_0009,2,2016
2016-08-25 11:00:00+00:00,156.75,209.6,27.32,72.1,1.21,TNP_0009,2,2016
2016-08-25 12:00:00+00:00,28.27,36.47,26.32,78.94,2.03,TNP_0009,2,2016
2016-08-25 13:00:00+00:00,0.0,0.0,25.25,85.26,2.77,TNP_0009,2,2016
2016-08-25 14:00:00+00:00,0.0,0.0,24.71,87.95,3.16,TNP_0009,2,2016
2016-08-25 15:00:00+00:00,0.0,0.0,24.36,89.73,3.14,TNP_0009,2,2016
2016-08-25 16:00:00+00:00,0.0,0.0,24.15,90.95,3.05,TNP_0009,2,2016
2016-08-25 17:00:00+00:00,0.0,0.0,24.02,91.74,2.84,TNP_0009,2,2016
2016-08-25 18:00:00+00:00,0.0,0.0,23.93,92.17,2.68,TNP_0009,2,2016
2016-08-25 19:00:00+00:00,0.0,0.0,23.87,92.65,2.46,TNP_0009,2,2016
2016-08-25 20:00:00+00:00,0.0,0.0,23.84,93.29,2.11,TNP_0009,2,2016
2016-08-25 21:00:00+00:00,0.0,0.0,23.85,93.73,1.88,TNP_0009,2,2016
2016-08-25 22:00:00+00:00,0.0,0.0,23.87,94.08,1.68,TNP_0009,2,2016
2016-08-25 23:00:00+00:00,0.0,0.0,23.95,94.31,1.4,TNP_0009,2,2016
2016-08-26 00:00:00+00:00,5.62,7.05,24.01,94.62,1.23,TNP_0009,2,2016
2016-08-26 01:00:00+00:00,74.03,136.75,24.47,91.9,1.6,TNP_0009,2,2016
2016-08-26 02:00:00+00:00,188.25,366.1,25.22,87.94,1.52,TNP_0009,2,2016
2016-08-26 03:00:00+00:00,205.95,592.3,26.35,81.57,2.37,TNP_0009,2,2016
2016-08-26 04:00:00+00:00,330.75,778.72,27.56,75.21,2.85,TNP_0009,2,2016
2016-08-26 05:00:00+00:00,459.62,904.85,28.58,70.09,3.05,TNP_0009,2,2016
2016-08-26 06:00:00+00:00,598.83,959.12,29.19,66.71,3.16,TNP_0009,2,2016
2016-08-26 07:00:00+00:00,471.9,936.0,29.69,63.58,2.95,TNP_0009,2,2016
2016-08-26 08:00:00+00:00,349.9,836.85,29.7,61.95,2.52,TNP_0009,2,2016
2016-08-26 09:00:00+00:00,268.25,671.67,29.32,62.19,2.27,TNP_0009,2,2016
2016-08-26 10:00:00+00:00,151.98,457.0,29.01,63.13,1.96,TNP_0009,2,2016
2016-08-26 11:00:00+00:00,77.38,223.27,28.47,67.22,1.4,TNP_0009,2,2016
2016-08-26 12:00:00+00:00,14.77,37.4,27.5,75.78,0.96,TNP_0009,2,2016
2016-08-26 13:00:00+00:00,0.0,0.0,26.63,80.72,0.8,TNP_0009,2,2016
2016-08-26 14:00:00+00:00,0.0,0.0,26.17,82.74,0.64,TNP_0009,2,2016
2016-08-26 15:00:00+00:00,0.0,0.0,25.74,85.24,0.5,TNP_0009,2,2016
2016-08-26 16:00:00+00:00,0.0,0.0,25.47,85.04,0.33,TNP_0009,2,2016
2016-08-26 17:00:00+00:00,0.0,0.0,24.96,89.01,0.74,TNP_0009,2,2016
2016-08-26 18:00:00+00:00,0.0,0.0,24.39,92.09,1.26,TNP_0009,2,2016
2016-08-26 19:00:00+00:00,0.0,0.0,24.04,92.42,1.61,TNP_0009,2,2016
2016-08-26 20:00:00+00:00,0.0,0.0,23.82,92.75,1.77,TNP_0009,2,2016
2016-08-26 21:00:00+00:00,0.0,0.0,23.66,93.21,1.8,TNP_0009,2,2016
2016-08-26 22:00:00+00:00,0.0,0.0,23.54,93.43,1.79,TNP_0009,2,2016
2016-08-26 23:00:00+00:00,0.0,0.0,23.43,93.57,1.83,TNP_0009,2,2016
2016-08-27 00:00:00+00:00,5.25,6.7,23.39,93.15,2.04,TNP_0009,2,2016
2016-08-27 01:00:00+00:00,69.93,127.28,24.37,87.45,3.08,TNP_0009,2,2016
2016-08-27 02:00:00+00:00,197.93,349.3,25.81,79.7,3.98,TNP_0009,2,2016
2016-08-27 03:00:00+00:00,376.88,573.6,28.01,68.28,4.67,TNP_0009,2,2016
2016-08-27 04:00:00+00:00,506.25,761.05,29.8,60.6,4.3,TNP_0009,2,2016
2016-08-27 05:00:00+00:00,609.33,887.65,30.93,56.22,3.75,TNP_0009,2,2016
2016-08-27 06:00:00+00:00,612.47,940.45,31.82,52.3,3.36,TNP_0009,2,2016
2016-08-27 07:00:00+00:00,438.48,915.47,32.5,48.65,3.04,TNP_0009,2,2016
2016-08-27 08:00:00+00:00,337.75,815.38,32.93,45.76,2.8,TNP_0009,2,2016
2016-08-27 09:00:00+00:00,279.9,650.55,32.91,44.64,2.42,TNP_0009,2,2016
2016-08-27 10:00:00+00:00,170.82,435.88,32.4,45.21,1.94,TNP_0009,2,2016
2016-08-27 11:00:00+00:00,119.4,204.93,31.53,48.78,1.3,TNP_0009,2,2016
2016-08-27 12:00:00+00:00,22.33,33.53,29.9,61.88,0.91,TNP_0009,2,2016
2016-08-27 13:00:00+00:00,0.0,0.0,28.09,72.82,1.39,TNP_0009,2,2016
2016-08-27 14:00:00+00:00,0.0,0.0,27.06,75.8,2.06,TNP_0009,2,2016
2016-08-27 15:00:00+00:00,0.0,0.0,26.18,79.21,2.86,TNP_0009,2,2016
2016-08-27 16:00:00+00:00,0.0,0.0,25.36,83.62,3.31,TNP_0009,2,2016
2016-08-27 17:00:00+00:00,0.0,0.0,24.8,86.49,3.52,TNP_0009,2,2016
2016-08-27 18:00:00+00:00,0.0,0.0,24.49,88.28,3.6,TNP_0009,2,2016
2016-08-27 19:00:00+00:00,0.0,0.0,24.27,89.39,3.33,TNP_0009,2,2016
2016-08-27 20:00:00+00:00,0.0,0.0,24.1,89.87,2.94,TNP_0009,2,2016
2016-08-27 21:00:00+00:00,0.0,0.0,24.0,90.02,2.56,TNP_0009,2,2016
2016-08-27 22:00:00+00:00,0.0,0.0,23.92,89.94,2.42,TNP_0009,2,2016
2016-08-27 23:00:00+00:00,0.0,0.0,23.79,90.0,2.27,TNP_0009,2,2016
2016-08-28 00:00:00+00:00,5.95,6.5,23.69,89.65,2.25,TNP_0009,2,2016
2016-08-28 01:00:00+00:00,87.35,123.75,24.56,83.85,3.03,TNP_0009,2,2016
2016-08-28 02:00:00+00:00,214.0,344.98,25.99,75.31,3.85,TNP_0009,2,2016
2016-08-28 03:00:00+00:00,362.92,571.05,28.13,62.29,4.82,TNP_0009,2,2016
2016-08-28 04:00:00+00:00,566.47,757.17,30.25,51.54,4.94,TNP_0009,2,2016
2016-08-28 05:00:00+00:00,678.58,884.8,32.06,44.19,4.68,TNP_0009,2,2016
2016-08-28 06:00:00+00:00,898.97,970.9,33.59,39.13,4.4,TNP_0009,2,2016
2016-08-28 07:00:00+00:00,876.72,949.17,34.7,35.85,4.08,TNP_0009,2,2016
2016-08-28 08:00:00+00:00,704.67,851.85,35.24,34.4,3.69,TNP_0009,2,2016
2016-08-28 09:00:00+00:00,567.05,690.08,35.24,34.24,3.25,TNP_0009,2,2016
2016-08-28 10:00:00+00:00,381.75,473.88,34.47,36.37,2.83,TNP_0009,2,2016
2016-08-28 11:00:00+00:00,175.38,232.77,33.43,41.17,2.31,TNP_0009,2,2016
2016-08-28 12:00:00+00:00,31.95,37.97,31.29,55.55,1.57,TNP_0009,2,2016
2016-08-28 13:00:00+00:00,0.0,0.0,29.53,67.17,1.22,TNP_0009,2,2016
2016-08-28 14:00:00+00:00,0.0,0.0,28.61,73.2,0.76,TNP_0009,2,2016
2016-08-28 15:00:00+00:00,0.0,0.0,28.03,75.49,0.22,TNP_0009,2,2016
2016-08-28 16:00:00+00:00,0.0,0.0,27.33,78.3,0.68,TNP_0009,2,2016
2016-08-28 17:00:00+00:00,0.0,0.0,26.43,82.41,1.39,TNP_0009,2,2016
2016-08-28 18:00:00+00:00,0.0,0.0,25.74,84.5,1.79,TNP_0009,2,2016
2016-08-28 19:00:00+00:00,0.0,0.0,25.23,86.08,2.1,TNP_0009,2,2016
2016-08-28 20:00:00+00:00,0.0,0.0,24.84,87.45,2.4,TNP_0009,2,2016
2016-08-28 21:00:00+00:00,0.0,0.0,24.56,88.5,2.61,TNP_0009,2,2016
2016-08-28 22:00:00+00:00,0.0,0.0,24.4,88.88,2.74,TNP_0009,2,2016
2016-08-28 23:00:00+00:00,0.0,0.0,24.22,89.73,2.45,TNP_0009,2,2016
2016-08-29 00:00:00+00:00,5.95,6.95,24.12,90.21,2.28,TNP_0009,2,2016
2016-08-29 01:00:00+00:00,109.07,137.0,24.92,85.27,3.01,TNP_0009,2,2016
2016-08-29 02:00:00+00:00,289.85,369.7,26.69,74.87,4.17,TNP_0009,2,2016
2016-08-29 03:00:00+00:00,498.83,601.9,29.28,60.3,5.3,TNP_0009,2,2016
2016-08-29 04:00:00+00:00,580.6,793.83,31.49,51.51,5.05,TNP_0009,2,2016
2016-08-29 05:00:00+00:00,570.1,922.33,33.1,47.06,4.43,TNP_0009,2,2016
2016-08-29 06:00:00+00:00,787.5,987.12,33.87,45.37,3.85,TNP_0009,2,2016
2016-08-29 07:00:00+00:00,787.17,953.25,33.93,45.37,3.37,TNP_0009,2,2016
2016-08-29 08:00:00+00:00,577.75,854.15,33.61,46.5,2.87,TNP_0009,2,2016
2016-08-29 09:00:00+00:00,416.23,685.88,33.05,48.38,2.38,TNP_0009,2,2016
2016-08-29 10:00:00+00:00,221.4,466.98,32.1,51.65,1.95,TNP_0009,2,2016
2016-08-29 11:00:00+00:00,110.65,227.38,31.16,56.3,1.55,TNP_0009,2,2016
2016-08-29 12:00:00+00:00,21.48,35.42,29.88,65.41,0.99,TNP_0009,2,2016
2016-08-29 13:00:00+00:00,0.0,0.0,28.66,76.74,0.52,TNP_0009,2,2016
2016-08-29 14:00:00+00:00,0.0,0.0,28.01,80.86,0.52,TNP_0009,2,2016
2016-08-29 15:00:00+00:00,0.0,0.0,27.35,83.54,0.86,TNP_0009,2,2016
2016-08-29 16:00:00+00:00,0.0,0.0,26.73,85.26,1.25,TNP_0009,2,2016
2016-08-29 17:00:00+00:00,0.0,0.0,26.19,86.22,1.58,TNP_0009,2,2016
2016-08-29 18:00:00+00:00,0.0,0.0,25.69,87.36,1.85,TNP_0009,2,2016
2016-08-29 19:00:00+00:00,0.0,0.0,25.3,88.68,2.06,TNP_0009,2,2016
2016-08-29 20:00:00+00:00,0.0,0.0,25.02,89.76,2.31,TNP_0009,2,2016
2016-08-29 21:00:00+00:00,0.0,0.0,24.8,90.42,2.49,TNP_0009,2,2016
2016-08-29 22:00:00+00:00,0.0,0.0,24.68,90.43,2.72,TNP_0009,2,2016
2016-08-29 23:00:00+00:00,0.0,0.0,24.65,88.84,3.39,TNP_0009,2,2016
2016-08-30 00:00:00+00:00,6.32,7.0,24.57,87.9,3.58,TNP_0009,2,2016
2016-08-30 01:00:00+00:00,124.8,137.4,25.43,82.85,4.42,TNP_0009,2,2016
2016-08-30 02:00:00+00:00,328.17,365.17,27.21,72.89,5.18,TNP_0009,2,2016
2016-08-30 03:00:00+00:00,567.55,590.8,29.37,61.36,5.7,TNP_0009,2,2016
2016-08-30 04:00:00+00:00,712.35,776.38,30.92,55.02,5.44,TNP_0009,2,2016
2016-08-30 05:00:00+00:00,729.3,901.9,31.91,51.98,4.75,TNP_0009,2,2016
2016-08-30 06:00:00+00:00,713.05,925.55,32.15,51.78,4.08,TNP_0009,2,2016
2016-08-30 07:00:00+00:00,581.9,903.12,31.78,53.46,3.58,TNP_0009,2,2016
2016-08-30 08:00:00+00:00,404.3,802.88,31.35,55.41,3.26,TNP_0009,2,2016
2016-08-30 09:00:00+00:00,174.8,633.75,30.83,57.75,2.8,TNP_0009,2,2016
2016-08-30 10:00:00+00:00,100.05,414.73,30.13,61.16,2.17,TNP_0009,2,2016
2016-08-30 11:00:00+00:00,60.53,184.62,29.15,67.97,1.38,TNP_0009,2,2016
2016-08-30 12:00:00+00:00,11.88,28.62,28.13,73.54,0.85,TNP_0009,2,2016
2016-08-30 13:00:00+00:00,0.0,0.0,27.26,78.54,0.37,TNP_0009,2,2016
2016-08-30 14:00:00+00:00,0.0,0.0,26.6,81.8,0.38,TNP_0009,2,2016
2016-08-30 15:00:00+00:00,0.0,0.0,25.89,86.82,0.86,TNP_0009,2,2016
2016-08-30 16:00:00+00:00,0.0,0.0,25.32,90.17,1.43,TNP_0009,2,2016
2016-08-30 17:00:00+00:00,0.0,0.0,24.86,92.7,1.91,TNP_0009,2,2016
2016-08-30 18:00:00+00:00,0.0,0.0,24.57,94.39,2.2,TNP_0009,2,2016
2016-08-30 19:00:00+00:00,0.0,0.0,24.47,95.15,2.21,TNP_0009,2,2016
2016-08-30 20:00:00+00:00,0.0,0.0,24.43,95.48,2.32,TNP_0009,2,2016
2016-08-30 21:00:00+00:00,0.0,0.0,24.34,95.77,2.5,TNP_0009,2,2016
2016-08-30 22:00:00+00:00,0.0,0.0,24.23,95.79,2.83,TNP_0009,2,2016
2016-08-30 23:00:00+00:00,0.0,0.0,24.09,95.41,3.32,TNP_0009,2,2016
2016-08-31 00:00:00+00:00,1.35,6.32,23.93,94.7,3.79,TNP_0009,2,2016
2016-08-31 01:00:00+00:00,35.12,121.22,24.02,93.16,4.2,TNP_0009,2,2016
2016-08-31 02:00:00+00:00,121.4,344.77,24.45,90.9,4.48,TNP_0009,2,2016
2016-08-31 03:00:00+00:00,275.15,571.75,25.3,86.33,5.39,TNP_0009,2,2016
2016-08-31 04:00:00+00:00,439.38,758.5,26.55,77.03,6.64,TNP_0009,2,2016
2016-08-31 05:00:00+00:00,509.98,884.1,27.79,68.64,6.89,TNP_0009,2,2016
2016-08-31 06:00:00+00:00,716.35,937.45,28.89,63.25,6.43,TNP_0009,2,2016
2016-08-31 07:00:00+00:00,663.17,914.95,29.67,60.2,5.46,TNP_0009,2,2016
2016-08-31 08:00:00+00:00,578.53,817.45,29.91,59.45,4.35,TNP_0009,2,2016
2016-08-31 09:00:00+00:00,458.25,652.65,29.76,60.35,3.4,TNP_0009,2,2016
2016-08-31 10:00:00+00:00,304.17,440.35,29.52,61.97,2.64,TNP_0009,2,2016
2016-08-31 11:00:00+00:00,144.43,210.32,28.98,66.73,1.73,TNP_0009,2,2016
2016-08-31 12:00:00+00:00,25.62,31.88,27.85,77.12,1.19,TNP_0009,2,2016
2016-08-31 13:00:00+00:00,0.0,0.0,26.77,85.6,1.16,TNP_0009,2,2016
2016-08-31 14:00:00+00:00,0.0,0.0,26.17,87.0,1.4,TNP_0009,2,2016
2016-08-31 15:00:00+00:00,0.0,0.0,25.71,87.61,1.54,TNP_0009,2,2016
2016-08-31 16:00:00+00:00,0.0,0.0,25.37,88.57,1.62,TNP_0009,2,2016
2016-08-31 17:00:00+00:00,0.0,0.0,25.04,89.67,1.68,TNP_0009,2,2016
2016-08-31 18:00:00+00:00,0.0,0.0,24.69,90.45,1.76,TNP_0009,2,2016
2016-08-31 19:00:00+00:00,0.0,0.0,24.29,90.83,1.97,TNP_0009,2,2016
2016-08-31 20:00:00+00:00,0.0,0.0,23.96,90.31,2.33,TNP_0009,2,2016
2016-08-31 21:00:00+00:00,0.0,0.0,23.6,89.5,2.67,TNP_0009,2,2016
2016-08-31 22:00:00+00:00,0.0,0.0,23.27,88.55,2.94,TNP_0009,2,2016
2016-08-31 23:00:00+00:00,0.0,0.0,23.14,86.08,3.5,TNP_0009,2,2016
2016-09-01 00:00:00+00:00,7.25,6.62,22.9,85.85,3.31,TNP_0009,2,2016
2016-09-01 01:00:00+00:00,114.12,131.52,23.76,79.94,4.06,TNP_0009,2,2016
2016-09-01 02:00:00+00:00,293.65,359.48,25.8,67.98,4.74,TNP_0009,2,2016
2016-09-01 03:00:00+00:00,511.23,589.12,28.44,55.17,4.86,TNP_0009,2,2016
2016-09-01 04:00:00+00:00,727.38,778.58,30.45,48.85,3.73,TNP_0009,2,2016
2016-09-01 05:00:00+00:00,882.7,906.88,31.33,47.48,2.43,TNP_0009,2,2016
2016-09-01 06:00:00+00:00,903.72,930.12,31.36,48.31,1.36,TNP_0009,2,2016
2016-09-01 07:00:00+00:00,825.17,906.58,31.0,49.99,0.52,TNP_0009,2,2016
2016-09-01 08:00:00+00:00,667.88,808.7,30.77,51.33,0.41,TNP_0009,2,2016
2016-09-01 09:00:00+00:00,551.1,640.9,30.77,51.68,0.87,TNP_0009,2,2016
2016-09-01 10:00:00+00:00,334.12,427.02,30.77,52.19,1.28,TNP_0009,2,2016
2016-09-01 11:00:00+00:00,160.07,205.38,30.4,55.86,1.36,TNP_0009,2,2016
2016-09-01 12:00:00+00:00,23.73,30.08,28.94,67.8,1.32,TNP_0009,2,2016
2016-09-01 13:00:00+00:00,0.0,0.0,27.62,76.17,1.48,TNP_0009,2,2016
2016-09-01 14:00:00+00:00,0.0,0.0,26.91,79.79,1.53,TNP_0009,2,2016
2016-09-01 15:00:00+00:00,0.0,0.0,26.3,83.1,1.36,TNP_0009,2,2016
2016-09-01 16:00:00+00:00,0.0,0.0,25.75,85.7,1.28,TNP_0009,2,2016
2016-09-01 17:00:00+00:00,0.0,0.0,25.28,87.1,1.47,TNP_0009,2,2016
2016-09-01 18:00:00+00:00,0.0,0.0,24.87,88.26,1.74,TNP_0009,2,2016
2016-09-01 19:00:00+00:00,0.0,0.0,24.48,89.46,1.95,TNP_0009,2,2016
2016-09-01 20:00:00+00:00,0.0,0.0,24.14,90.42,2.13,TNP_0009,2,2016
2016-09-01 21:00:00+00:00,0.0,0.0,23.77,91.3,2.19,TNP_0009,2,2016
2016-09-01 22:00:00+00:00,0.0,0.0,23.31,92.69,2.05,TNP_0009,2,2016
2016-09-01 23:00:00+00:00,0.0,0.0,22.9,93.56,1.94,TNP_0009,2,2016
2016-09-02 00:00:00+00:00,4.32,6.82,22.69,93.54,1.94,TNP_0009,2,2016
2016-09-02 01:00:00+00:00,84.45,136.8,23.62,87.44,2.73,TNP_0009,2,2016
2016-09-02 02:00:00+00:00,250.85,370.75,25.42,77.2,3.29,TNP_0009,2,2016
2016-09-02 03:00:00+00:00,517.58,600.47,27.97,61.94,3.97,TNP_0009,2,2016
2016-09-02 04:00:00+00:00,719.05,788.92,30.4,50.71,3.92,TNP_0009,2,2016
2016-09-02 05:00:00+00:00,707.28,915.08,32.03,45.28,3.59,TNP_0009,2,2016
2016-09-02 06:00:00+00:00,869.75,957.47,32.84,43.05,3.33,TNP_0009,2,2016
2016-09-02 07:00:00+00:00,844.42,932.5,32.85,42.95,3.22,TNP_0009,2,2016
2016-09-02 08:00:00+00:00,630.22,831.25,32.66,43.53,3.45,TNP_0009,2,2016
2016-09-02 09:00:00+00:00,582.35,662.17,32.27,45.07,3.73,TNP_0009,2,2016
2016-09-02 10:00:00+00:00,396.25,445.48,31.45,49.28,3.56,TNP_0009,2,2016
2016-09-02 11:00:00+00:00,185.77,211.9,30.11,57.63,2.91,TNP_0009,2,2016
2016-09-02 12:00:00+00:00,28.1,30.8,28.09,72.33,2.16,TNP_0009,2,2016
2016-09-02 13:00:00+00:00,0.0,0.0,26.95,76.47,2.25,TNP_0009,2,2016
2016-09-02 14:00:00+00:00,0.0,0.0,26.54,77.28,2.31,TNP_0009,2,2016
2016-09-02 15:00:00+00:00,0.0,0.0,26.14,78.0,2.46,TNP_0009,2,2016
2016-09-02 16:00:00+00:00,0.0,0.0,25.75,78.67,2.7,TNP_0009,2,2016
2016-09-02 17:00:00+00:00,0.0,0.0,25.36,79.36,3.14,TNP_0009,2,2016
2016-09-02 18:00:00+00:00,0.0,0.0,24.91,80.49,3.56,TNP_0009,2,2016
2016-09-02 19:00:00+00:00,0.0,0.0,24.41,82.11,3.84,TNP_0009,2,2016
2016-09-02 20:00:00+00:00,0.0,0.0,23.94,83.57,3.93,TNP_0009,2,2016
2016-09-02 21:00:00+00:00,0.0,0.0,23.56,84.5,3.82,TNP_0009,2,2016
2016-09-02 22:00:00+00:00,0.0,0.0,23.26,84.9,3.65,TNP_0009,2,2016
2016-09-02 23:00:00+00:00,0.0,0.0,22.91,85.51,3.59,TNP_0009,2,2016
2016-09-03 00:00:00+00:00,5.95,6.97,22.66,85.96,3.38,TNP_0009,2,2016
2016-09-03 01:00:00+00:00,102.18,141.82,23.46,81.33,3.81,TNP_0009,2,2016
2016-09-03 02:00:00+00:00,274.58,377.27,25.16,72.55,4.36,TNP_0009,2,2016
2016-09-03 03:00:00+00:00,510.0,606.15,27.42,61.02,5.12,TNP_0009,2,2016
2016-09-03 04:00:00+00:00,686.6,792.88,29.39,52.6,4.9,TNP_0009,2,2016
2016-09-03 05:00:00+00:00,854.62,918.58,30.95,47.11,4.16,TNP_0009,2,2016
2016-09-03 06:00:00+00:00,914.4,977.88,32.17,43.57,3.44,TNP_0009,2,2016
2016-09-03 07:00:00+00:00,682.33,949.42,32.84,42.0,2.95,TNP_0009,2,2016
2016-09-03 08:00:00+00:00,625.65,847.7,33.17,41.42,2.64,TNP_0009,2,2016
2016-09-03 09:00:00+00:00,421.17,680.7,33.09,41.64,2.47,TNP_0009,2,2016
2016-09-03 10:00:00+00:00,255.32,459.25,32.45,44.34,2.03,TNP_0009,2,2016
2016-09-03 11:00:00+00:00,113.07,219.02,31.62,48.99,1.36,TNP_0009,2,2016
2016-09-03 12:00:00+00:00,18.05,30.45,29.83,66.58,0.75,TNP_0009,2,2016
2016-09-03 13:00:00+00:00,0.0,0.0,28.82,69.21,0.36,TNP_0009,2,2016
2016-09-03 14:00:00+00:00,0.0,0.0,28.18,71.28,0.51,TNP_0009,2,2016
2016-09-03 15:00:00+00:00,0.0,0.0,27.44,75.5,0.71,TNP_0009,2,2016
2016-09-03 16:00:00+00:00,0.0,0.0,26.73,79.84,0.82,TNP_0009,2,2016
2016-09-03 17:00:00+00:00,0.0,0.0,26.01,85.0,0.97,TNP_0009,2,2016
2016-09-03 18:00:00+00:00,0.0,0.0,25.38,88.24,1.14,TNP_0009,2,2016
2016-09-03 19:00:00+00:00,0.0,0.0,24.83,89.74,1.37,TNP_0009,2,2016
2016-09-03 20:00:00+00:00,0.0,0.0,24.33,90.39,1.61,TNP_0009,2,2016
2016-09-03 21:00:00+00:00,0.0,0.0,23.75,90.98,1.89,TNP_0009,2,2016
2016-09-03 22:00:00+00:00,0.0,0.0,23.22,91.22,2.23,TNP_0009,2,2016
2016-09-03 23:00:00+00:00,0.0,0.0,22.77,91.33,2.63,TNP_0009,2,2016
2016-09-04 00:00:00+00:00,2.53,6.85,22.43,91.36,2.9,TNP_0009,2,2016
2016-09-04 01:00:00+00:00,46.35,136.35,23.11,87.14,3.86,TNP_0009,2,2016
2016-09-04 02:00:00+00:00,144.27,368.73,24.73,80.03,3.79,TNP_0009,2,2016
2016-09-04 03:00:00+00:00,267.58,597.92,28.01,61.67,4.36,TNP_0009,2,2016
2016-09-04 04:00:00+00:00,393.95,786.28,30.64,48.03,4.13,TNP_0009,2,2016
2016-09-04 05:00:00+00:00,500.42,913.15,31.95,42.62,3.88,TNP_0009,2,2016
2016-09-04 06:00:00+00:00,721.25,910.33,32.81,39.57,3.84,TNP_0009,2,2016
2016-09-04 07:00:00+00:00,814.83,888.97,33.48,37.67,3.97,TNP_0009,2,2016
2016-09-04 08:00:00+00:00,659.62,794.33,33.88,36.57,4.08,TNP_0009,2,2016
2016-09-04 09:00:00+00:00,593.03,626.67,33.9,36.77,4.05,TNP_0009,2,2016
2016-09-04 10:00:00+00:00,385.23,414.62,33.38,39.33,3.9,TNP_0009,2,2016
2016-09-04 11:00:00+00:00,187.0,197.52,31.92,46.88,3.14,TNP_0009,2,2016
2016-09-04 12:00:00+00:00,26.45,27.12,29.38,65.21,2.1,TNP_0009,2,2016
2016-09-04 13:00:00+00:00,0.0,0.0,28.4,67.81,1.94,TNP_0009,2,2016
2016-09-04 14:00:00+00:00,0.0,0.0,27.97,69.36,1.82,TNP_0009,2,2016
2016-09-04 15:00:00+00:00,0.0,0.0,27.31,71.31,1.91,TNP_0009,2,2016
2016-09-04 16:00:00+00:00,0.0,0.0,26.7,73.1,1.97,TNP_0009,2,2016
2016-09-04 17:00:00+00:00,0.0,0.0,26.0,76.9,2.19,TNP_0009,2,2016
2016-09-04 18:00:00+00:00,0.0,0.0,25.32,79.48,2.87,TNP_0009,2,2016
2016-09-04 19:00:00+00:00,0.0,0.0,24.75,80.62,3.4,TNP_0009,2,2016
2016-09-04 20:00:00+00:00,0.0,0.0,24.21,82.54,3.49,TNP_0009,2,2016
2016-09-04 21:00:00+00:00,0.0,0.0,23.73,83.91,3.58,TNP_0009,2,2016
2016-09-04 22:00:00+00:00,0.0,0.0,23.32,84.82,3.64,TNP_0009,2,2016
2016-09-04 23:00:00+00:00,0.0,0.0,22.95,85.77,3.61,TNP_0009,2,2016
2016-09-05 00:00:00+00:00,5.45,6.88,22.6,86.92,3.47,TNP_0009,2,2016
2016-09-05 01:00:00+00:00,103.5,140.3,23.34,82.22,4.16,TNP_0009,2,2016
2016-09-05 02:00:00+00:00,301.15,375.45,25.09,73.61,4.71,TNP_0009,2,2016
2016-09-05 03:00:00+00:00,538.08,606.88,27.61,61.41,5.69,TNP_0009,2,2016
2016-09-05 04:00:00+00:00,660.5,795.2,29.83,51.67,5.75,TNP_0009,2,2016
2016-09-05 05:00:00+00:00,897.88,924.28,31.79,44.6,5.38,TNP_0009,2,2016
2016-09-05 06:00:00+00:00,937.62,974.72,33.19,40.53,5.08,TNP_0009,2,2016
2016-09-05 07:00:00+00:00,759.25,945.78,33.8,38.36,5.06,TNP_0009,2,2016
2016-09-05 08:00:00+00:00,634.4,842.0,33.84,37.49,5.0,TNP_0009,2,2016
2016-09-05 09:00:00+00:00,445.38,672.47,33.62,37.75,4.66,TNP_0009,2,2016
2016-09-05 10:00:00+00:00,281.8,453.83,32.98,40.3,4.14,TNP_0009,2,2016
2016-09-05 11:00:00+00:00,128.45,216.23,31.62,48.0,3.04,TNP_0009,2,2016
2016-09-05 12:00:00+00:00,19.55,29.12,29.24,65.32,2.15,TNP_0009,2,2016
2016-09-05 13:00:00+00:00,0.0,0.0,28.05,68.73,2.12,TNP_0009,2,2016
2016-09-05 14:00:00+00:00,0.0,0.0,27.45,70.77,2.04,TNP_0009,2,2016
2016-09-05 15:00:00+00:00,0.0,0.0,27.0,71.76,1.83,TNP_0009,2,2016
2016-09-05 16:00:00+00:00,0.0,0.0,26.69,71.26,1.64,TNP_0009,2,2016
2016-09-05 17:00:00+00:00,0.0,0.0,25.91,74.52,1.83,TNP_0009,2,2016
2016-09-05 18:00:00+00:00,0.0,0.0,24.95,78.86,2.21,TNP_0009,2,2016
2016-09-05 19:00:00+00:00,0.0,0.0,24.24,80.38,2.68,TNP_0009,2,2016
2016-09-05 20:00:00+00:00,0.0,0.0,23.71,80.92,3.28,TNP_0009,2,2016
2016-09-05 21:00:00+00:00,0.0,0.0,23.2,81.84,3.7,TNP_0009,2,2016
2016-09-05 22:00:00+00:00,0.0,0.0,22.74,82.99,3.83,TNP_0009,2,2016
2016-09-05 23:00:00+00:00,0.0,0.0,22.38,84.23,3.89,TNP_0009,2,2016
2016-09-06 00:00:00+00:00,6.75,7.2,22.23,84.6,4.07,TNP_0009,2,2016
2016-09-06 01:00:00+00:00,118.7,145.35,23.4,78.65,4.92,TNP_0009,2,2016
2016-09-06 02:00:00+00:00,320.92,382.52,25.81,67.45,5.5,TNP_0009,2,2016
2016-09-06 03:00:00+00:00,557.12,614.15,28.57,54.0,6.18,TNP_0009,2,2016
2016-09-06 04:00:00+00:00,749.65,803.65,30.79,44.64,6.0,TNP_0009,2,2016
2016-09-06 05:00:00+00:00,783.38,929.5,32.52,39.39,5.45,TNP_0009,2,2016
2016-09-06 06:00:00+00:00,895.5,932.75,33.95,36.03,5.1,TNP_0009,2,2016
2016-09-06 07:00:00+00:00,827.78,910.95,35.03,33.27,5.23,TNP_0009,2,2016
2016-09-06 08:00:00+00:00,603.3,811.92,35.49,31.83,5.55,TNP_0009,2,2016
2016-09-06 09:00:00+00:00,508.08,646.03,35.33,32.03,5.64,TNP_0009,2,2016
2016-09-06 10:00:00+00:00,350.75,429.2,34.36,34.49,5.42,TNP_0009,2,2016
2016-09-06 11:00:00+00:00,153.05,199.05,32.68,41.11,4.43,TNP_0009,2,2016
2016-09-06 12:00:00+00:00,23.33,26.55,29.79,57.52,2.72,TNP_0009,2,2016
2016-09-06 13:00:00+00:00,0.0,0.0,28.15,66.19,2.39,TNP_0009,2,2016
2016-09-06 14:00:00+00:00,0.0,0.0,27.79,68.78,2.01,TNP_0009,2,2016
2016-09-06 15:00:00+00:00,0.0,0.0,27.42,70.62,1.69,TNP_0009,2,2016
2016-09-06 16:00:00+00:00,0.0,0.0,26.47,75.05,1.81,TNP_0009,2,2016
2016-09-06 17:00:00+00:00,0.0,0.0,25.73,75.33,2.28,TNP_0009,2,2016
2016-09-06 18:00:00+00:00,0.0,0.0,25.2,75.07,3.16,TNP_0009,2,2016
2016-09-06 19:00:00+00:00,0.0,0.0,24.61,75.95,3.91,TNP_0009,2,2016
2016-09-06 20:00:00+00:00,0.0,0.0,24.05,76.59,4.43,TNP_0009,2,2016
2016-09-06 21:00:00+00:00,0.0,0.0,23.56,77.63,4.48,TNP_0009,2,2016
2016-09-06 22:00:00+00:00,0.0,0.0,23.23,78.87,4.5,TNP_0009,2,2016
2016-09-06 23:00:00+00:00,0.0,0.0,22.99,80.1,4.53,TNP_0009,2,2016
2016-09-07 00:00:00+00:00,7.15,7.28,22.79,81.17,4.62,TNP_0009,2,2016
2016-09-07 01:00:00+00:00,142.98,146.9,23.34,78.62,5.11,TNP_0009,2,2016
2016-09-07 02:00:00+00:00,379.67,385.4,24.89,70.8,6.03,TNP_0009,2,2016
2016-09-07 03:00:00+00:00,615.78,618.83,27.26,59.09,6.82,TNP_0009,2,2016
2016-09-07 04:00:00+00:00,805.0,808.47,29.92,48.76,6.55,TNP_0009,2,2016
2016-09-07 05:00:00+00:00,931.75,932.78,32.18,41.87,5.81,TNP_0009,2,2016
2016-09-07 06:00:00+00:00,996.25,997.85,33.78,38.11,5.02,TNP_0009,2,2016
2016-09-07 07:00:00+00:00,965.65,970.55,34.66,35.99,4.41,TNP_0009,2,2016
2016-09-07 08:00:00+00:00,842.1,863.6,34.86,35.11,4.05,TNP_0009,2,2016
2016-09-07 09:00:00+00:00,652.28,692.75,34.6,34.95,3.85,TNP_0009,2,2016
2016-09-07 10:00:00+00:00,438.15,471.8,33.65,37.17,3.42,TNP_0009,2,2016
2016-09-07 11:00:00+00:00,198.75,227.57,32.42,42.54,2.6,TNP_0009,2,2016
2016-09-07 12:00:00+00:00,24.85,29.48,30.22,60.52,1.67,TNP_0009,2,2016
2016-09-07 13:00:00+00:00,0.0,0.0,29.58,61.79,1.16,TNP_0009,2,2016
2016-09-07 14:00:00+00:00,0.0,0.0,29.16,62.75,0.34,TNP_0009,2,2016
2016-09-07 15:00:00+00:00,0.0,0.0,28.55,63.82,0.68,TNP_0009,2,2016
2016-09-07 16:00:00+00:00,0.0,0.0,27.21,71.56,1.35,TNP_0009,2,2016
2016-09-07 17:00:00+00:00,0.0,0.0,26.13,75.74,1.89,TNP_0009,2,2016
2016-09-07 18:00:00+00:00,0.0,0.0,25.53,77.17,2.26,TNP_0009,2,2016
2016-09-07 19:00:00+00:00,0.0,0.0,25.05,78.98,2.4,TNP_0009,2,2016
2016-09-07 20:00:00+00:00,0.0,0.0,24.69,79.75,2.52,TNP_0009,2,2016
2016-09-07 21:00:00+00:00,0.0,0.0,24.35,79.67,2.6,TNP_0009,2,2016
2016-09-07 22:00:00+00:00,0.0,0.0,23.95,80.04,2.71,TNP_0009,2,2016
2016-09-07 23:00:00+00:00,0.0,0.0,23.5,80.88,2.77,TNP_0009,2,2016
2016-09-08 00:00:00+00:00,6.2,7.3,23.09,81.61,3.0,TNP_0009,2,2016
2016-09-08 01:00:00+00:00,136.15,149.12,24.43,72.98,4.62,TNP_0009,2,2016
2016-09-08 02:00:00+00:00,374.12,387.27,26.98,60.65,5.34,TNP_0009,2,2016
2016-09-08 03:00:00+00:00,606.33,617.7,29.89,48.8,5.07,TNP_0009,2,2016
2016-09-08 04:00:00+00:00,801.12,805.83,32.18,42.01,4.09,TNP_0009,2,2016
2016-09-08 05:00:00+00:00,931.58,932.83,33.85,37.78,3.27,TNP_0009,2,2016
2016-09-08 06:00:00+00:00,977.6,981.33,34.96,34.98,2.69,TNP_0009,2,2016
2016-09-08 07:00:00+00:00,907.92,956.62,35.66,33.06,2.35,TNP_0009,2,2016
2016-09-08 08:00:00+00:00,747.88,855.45,35.93,31.8,2.19,TNP_0009,2,2016
2016-09-08 09:00:00+00:00,614.03,685.42,35.41,31.87,1.91,TNP_0009,2,2016
2016-09-08 10:00:00+00:00,416.83,464.05,34.7,33.06,1.31,TNP_0009,2,2016
2016-09-08 11:00:00+00:00,181.85,220.52,33.62,37.21,0.76,TNP_0009,2,2016
2016-09-08 12:00:00+00:00,21.58,27.3,31.34,55.62,0.75,TNP_0009,2,2016
2016-09-08 13:00:00+00:00,0.0,0.0,29.59,64.32,1.29,TNP_0009,2,2016
2016-09-08 14:00:00+00:00,0.0,0.0,28.46,68.97,1.78,TNP_0009,2,2016
2016-09-08 15:00:00+00:00,0.0,0.0,27.49,73.88,1.96,TNP_0009,2,2016
2016-09-08 16:00:00+00:00,0.0,0.0,26.74,77.78,1.86,TNP_0009,2,2016
2016-09-08 17:00:00+00:00,0.0,0.0,26.23,80.53,1.62,TNP_0009,2,2016
2016-09-08 18:00:00+00:00,0.0,0.0,25.78,83.94,1.29,TNP_0009,2,2016
2016-09-08 19:00:00+00:00,0.0,0.0,25.36,87.96,0.9,TNP_0009,2,2016
2016-09-08 20:00:00+00:00,0.0,0.0,25.1,89.33,0.53,TNP_0009,2,2016
2016-09-08 21:00:00+00:00,0.0,0.0,24.67,89.59,0.95,TNP_0009,2,2016
2016-09-08 22:00:00+00:00,0.0,0.0,24.29,87.68,1.63,TNP_0009,2,2016
2016-09-08 23:00:00+00:00,0.0,0.0,23.95,85.68,2.22,TNP_0009,2,2016
2016-09-09 00:00:00+00:00,6.2,6.78,23.76,83.66,2.78,TNP_0009,2,2016
2016-09-09 01:00:00+00:00,125.18,133.57,25.22,74.06,4.25,TNP_0009,2,2016
2016-09-09 02:00:00+00:00,346.3,362.7,28.03,59.82,4.95,TNP_0009,2,2016
2016-09-09 03:00:00+00:00,590.6,595.42,30.73,48.67,5.08,TNP_0009,2,2016
2016-09-09 04:00:00+00:00,772.42,788.05,32.38,43.67,4.8,TNP_0009,2,2016
2016-09-09 05:00:00+00:00,877.12,918.2,32.93,42.15,4.51,TNP_0009,2,2016
2016-09-09 06:00:00+00:00,883.72,960.53,33.07,41.68,4.34,TNP_0009,2,2016
2016-09-09 07:00:00+00:00,822.58,932.25,33.26,41.1,4.27,TNP_0009,2,2016
2016-09-09 08:00:00+00:00,647.45,826.72,33.34,40.94,4.2,TNP_0009,2,2016
2016-09-09 09:00:00+00:00,520.58,650.5,33.07,41.85,3.9,TNP_0009,2,2016
2016-09-09 10:00:00+00:00,297.6,420.67,32.32,45.15,3.13,TNP_0009,2,2016
2016-09-09 11:00:00+00:00,145.45,193.5,31.17,51.89,2.17,TNP_0009,2,2016
2016-09-09 12:00:00+00:00,19.08,23.17,29.61,67.49,1.22,TNP_0009,2,2016
2016-09-09 13:00:00+00:00,0.0,0.0,29.18,65.76,0.64,TNP_0009,2,2016
2016-09-09 14:00:00+00:00,0.0,0.0,28.87,65.03,0.39,TNP_0009,2,2016
2016-09-09 15:00:00+00:00,0.0,0.0,28.14,67.41,0.85,TNP_0009,2,2016
2016-09-09 16:00:00+00:00,0.0,0.0,26.81,74.12,1.4,TNP_0009,2,2016
2016-09-09 17:00:00+00:00,0.0,0.0,25.46,82.63,1.99,TNP_0009,2,2016
2016-09-09 18:00:00+00:00,0.0,0.0,24.82,86.57,2.51,TNP_0009,2,2016
2016-09-09 19:00:00+00:00,0.0,0.0,24.53,89.28,2.62,TNP_0009,2,2016
2016-09-09 20:00:00+00:00,0.0,0.0,24.4,90.11,2.32,TNP_0009,2,2016
2016-09-09 21:00:00+00:00,0.0,0.0,24.37,89.55,2.04,TNP_0009,2,2016
2016-09-09 22:00:00+00:00,0.0,0.0,24.16,88.56,2.04,TNP_0009,2,2016
2016-09-09 23:00:00+00:00,0.0,0.0,23.8,87.64,2.26,TNP_0009,2,2016
2016-09-10 00:00:00+00:00,5.75,6.68,23.56,86.56,2.61,TNP_0009,2,2016
2016-09-10 01:00:00+00:00,96.4,130.02,24.41,81.2,3.58,TNP_0009,2,2016
2016-09-10 02:00:00+00:00,271.25,356.23,26.19,72.86,3.98,TNP_0009,2,2016
2016-09-10 03:00:00+00:00,541.6,586.12,29.67,56.92,4.0,TNP_0009,2,2016
2016-09-10 04:00:00+00:00,669.67,774.75,32.07,48.71,3.3,TNP_0009,2,2016
2016-09-10 05:00:00+00:00,867.62,900.97,33.45,44.97,3.1,TNP_0009,2,2016
2016-09-10 06:00:00+00:00,853.62,916.47,34.32,42.47,3.28,TNP_0009,2,2016
2016-09-10 07:00:00+00:00,704.47,888.62,34.82,40.97,3.53,TNP_0009,2,2016
2016-09-10 08:00:00+00:00,618.55,781.58,34.7,41.09,3.61,TNP_0009,2,2016
2016-09-10 09:00:00+00:00,397.77,608.83,34.01,43.1,3.45,TNP_0009,2,2016
2016-09-10 10:00:00+00:00,237.75,396.38,33.28,46.64,3.04,TNP_0009,2,2016
2016-09-10 11:00:00+00:00,115.72,172.02,32.11,52.9,2.54,TNP_0009,2,2016
2016-09-10 12:00:00+00:00,14.73,20.45,29.81,71.05,2.01,TNP_0009,2,2016
2016-09-10 13:00:00+00:00,0.0,0.0,28.35,79.26,1.89,TNP_0009,2,2016
2016-09-10 14:00:00+00:00,0.0,0.0,27.61,81.92,1.85,TNP_0009,2,2016
2016-09-10 15:00:00+00:00,0.0,0.0,26.92,85.32,1.7,TNP_0009,2,2016
2016-09-10 16:00:00+00:00,0.0,0.0,26.36,89.19,1.31,TNP_0009,2,2016
2016-09-10 17:00:00+00:00,0.0,0.0,25.94,91.84,0.97,TNP_0009,2,2016
2016-09-10 18:00:00+00:00,0.0,0.0,25.55,93.29,0.68,TNP_0009,2,2016
2016-09-10 19:00:00+00:00,0.0,0.0,25.16,93.9,0.57,TNP_0009,2,2016
2016-09-10 20:00:00+00:00,0.0,0.0,24.89,92.89,0.82,TNP_0009,2,2016
2016-09-10 21:00:00+00:00,0.0,0.0,24.58,92.53,1.36,TNP_0009,2,2016
2016-09-10 22:00:00+00:00,0.0,0.0,24.18,93.67,1.7,TNP_0009,2,2016
2016-09-10 23:00:00+00:00,0.0,0.0,23.86,93.39,1.85,TNP_0009,2,2016
2016-09-11 00:00:00+00:00,3.78,6.82,23.61,93.25,1.88,TNP_0009,2,2016
2016-09-11 01:00:00+00:00,65.78,136.2,24.05,89.42,2.47,TNP_0009,2,2016
2016-09-11 02:00:00+00:00,178.88,370.3,24.9,83.86,3.2,TNP_0009,2,2016
2016-09-11 03:00:00+00:00,323.4,600.22,26.45,73.87,4.29,TNP_0009,2,2016
2016-09-11 04:00:00+00:00,458.65,787.22,28.38,63.56,4.61,TNP_0009,2,2016
2016-09-11 05:00:00+00:00,567.92,910.78,30.04,55.99,4.52,TNP_0009,2,2016
2016-09-11 06:00:00+00:00,649.6,961.33,31.28,50.4,4.41,TNP_0009,2,2016
2016-09-11 07:00:00+00:00,483.85,932.88,32.16,46.14,4.42,TNP_0009,2,2016
2016-09-11 08:00:00+00:00,381.25,829.1,32.68,43.14,4.47,TNP_0009,2,2016
2016-09-11 09:00:00+00:00,313.05,658.72,32.61,42.02,4.57,TNP_0009,2,2016
2016-09-11 10:00:00+00:00,188.85,438.85,31.94,43.58,4.46,TNP_0009,2,2016
2016-09-11 11:00:00+00:00,82.3,200.6,30.62,49.85,3.61,TNP_0009,2,2016
2016-09-11 12:00:00+00:00,12.07,22.75,28.13,65.1,2.47,TNP_0009,2,2016
2016-09-11 13:00:00+00:00,0.0,0.0,26.71,70.71,2.47,TNP_0009,2,2016
2016-09-11 14:00:00+00:00,0.0,0.0,26.06,72.98,2.44,TNP_0009,2,2016
2016-09-11 15:00:00+00:00,0.0,0.0,25.48,75.24,2.4,TNP_0009,2,2016
2016-09-11 16:00:00+00:00,0.0,0.0,24.97,77.18,2.43,TNP_0009,2,2016
2016-09-11 17:00:00+00:00,0.0,0.0,24.57,78.88,2.49,TNP_0009,2,2016
2016-09-11 18:00:00+00:00,0.0,0.0,24.31,79.57,2.73,TNP_0009,2,2016
2016-09-11 19:00:00+00:00,0.0,0.0,24.05,80.35,2.89,TNP_0009,2,2016
2016-09-11 20:00:00+00:00,0.0,0.0,23.81,81.3,2.95,TNP_0009,2,2016
2016-09-11 21:00:00+00:00,0.0,0.0,23.61,82.46,2.85,TNP_0009,2,2016
2016-09-11 22:00:00+00:00,0.0,0.0,23.42,83.95,2.65,TNP_0009,2,2016
2016-09-11 23:00:00+00:00,0.0,0.0,23.27,85.24,2.44,TNP_0009,2,2016
2016-09-12 00:00:00+00:00,5.05,6.72,23.13,86.23,2.29,TNP_0009,2,2016
2016-09-12 01:00:00+00:00,68.93,130.7,24.02,80.81,3.12,TNP_0009,2,2016
2016-09-12 02:00:00+00:00,182.4,357.85,25.98,72.23,3.97,TNP_0009,2,2016
2016-09-12 03:00:00+00:00,254.85,585.47,28.42,62.19,4.76,TNP_0009,2,2016
2016-09-12 04:00:00+00:00,291.73,772.58,30.32,55.26,4.6,TNP_0009,2,2016
2016-09-12 05:00:00+00:00,249.18,896.5,31.54,51.36,4.25,TNP_0009,2,2016
2016-09-12 06:00:00+00:00,585.28,945.55,32.1,49.67,3.94,TNP_0009,2,2016
2016-09-12 07:00:00+00:00,282.77,915.03,32.19,49.52,3.75,TNP_0009,2,2016
2016-09-12 08:00:00+00:00,370.42,809.67,32.14,49.87,3.71,TNP_0009,2,2016
2016-09-12 09:00:00+00:00,287.88,638.35,31.75,51.06,3.67,TNP_0009,2,2016
2016-09-12 10:00:00+00:00,171.38,418.92,31.04,53.31,3.69,TNP_0009,2,2016
2016-09-12 11:00:00+00:00,83.68,185.48,30.08,57.29,3.46,TNP_0009,2,2016
2016-09-12 12:00:00+00:00,11.27,20.7,28.27,69.66,2.14,TNP_0009,2,2016
2016-09-12 13:00:00+00:00,0.0,0.0,26.96,78.92,1.74,TNP_0009,2,2016
2016-09-12 14:00:00+00:00,0.0,0.0,26.41,80.45,1.75,TNP_0009,2,2016
2016-09-12 15:00:00+00:00,0.0,0.0,25.92,81.07,1.86,TNP_0009,2,2016
2016-09-12 16:00:00+00:00,0.0,0.0,25.46,81.43,2.0,TNP_0009,2,2016
2016-09-12 17:00:00+00:00,0.0,0.0,25.03,81.57,2.17,TNP_0009,2,2016
2016-09-12 18:00:00+00:00,0.0,0.0,24.64,81.44,2.48,TNP_0009,2,2016
2016-09-12 19:00:00+00:00,0.0,0.0,24.28,81.35,2.88,TNP_0009,2,2016
2016-09-12 20:00:00+00:00,0.0,0.0,23.87,82.53,2.84,TNP_0009,2,2016
2016-09-12 21:00:00+00:00,0.0,0.0,23.52,83.87,2.57,TNP_0009,2,2016
2016-09-12 22:00:00+00:00,0.0,0.0,23.23,85.03,2.38,TNP_0009,2,2016
2016-09-12 23:00:00+00:00,0.0,0.0,23.01,86.09,2.24,TNP_0009,2,2016
2016-09-13 00:00:00+00:00,6.22,6.9,22.93,86.68,2.2,TNP_0009,2,2016
2016-09-13 01:00:00+00:00,111.07,137.0,23.95,80.75,3.11,TNP_0009,2,2016
2016-09-13 02:00:00+00:00,291.15,367.92,25.32,74.42,3.81,TNP_0009,2,2016
2016-09-13 03:00:00+00:00,451.48,597.05,27.59,65.09,4.61,TNP_0009,2,2016
2016-09-13 04:00:00+00:00,575.03,783.58,30.03,55.81,4.87,TNP_0009,2,2016
2016-09-13 05:00:00+00:00,663.62,905.92,31.66,50.22,4.69,TNP_0009,2,2016
2016-09-13 06:00:00+00:00,802.62,906.88,32.88,46.25,4.47,TNP_0009,2,2016
2016-09-13 07:00:00+00:00,570.15,878.65,33.72,43.48,4.42,TNP_0009,2,2016
2016-09-13 08:00:00+00:00,408.15,771.17,34.05,42.12,4.47,TNP_0009,2,2016
2016-09-13 09:00:00+00:00,347.9,594.62,33.79,42.39,4.54,TNP_0009,2,2016
2016-09-13 10:00:00+00:00,193.18,375.88,32.85,44.59,4.5,TNP_0009,2,2016
2016-09-13 11:00:00+00:00,77.0,162.4,31.6,49.3,3.96,TNP_0009,2,2016
2016-09-13 12:00:00+00:00,8.75,18.4,29.2,64.27,2.55,TNP_0009,2,2016
2016-09-13 13:00:00+00:00,0.0,0.0,27.44,72.93,2.41,TNP_0009,2,2016
2016-09-13 14:00:00+00:00,0.0,0.0,26.68,74.96,2.5,TNP_0009,2,2016
2016-09-13 15:00:00+00:00,0.0,0.0,26.01,76.88,2.51,TNP_0009,2,2016
2016-09-13 16:00:00+00:00,0.0,0.0,25.41,78.62,2.48,TNP_0009,2,2016
2016-09-13 17:00:00+00:00,0.0,0.0,24.92,79.85,2.48,TNP_0009,2,2016
2016-09-13 18:00:00+00:00,0.0,0.0,24.46,80.72,2.63,TNP_0009,2,2016
2016-09-13 19:00:00+00:00,0.0,0.0,23.95,81.68,2.83,TNP_0009,2,2016
2016-09-13 20:00:00+00:00,0.0,0.0,23.48,82.93,2.83,TNP_0009,2,2016
2016-09-13 21:00:00+00:00,0.0,0.0,23.07,84.67,2.54,TNP_0009,2,2016
2016-09-13 22:00:00+00:00,0.0,0.0,22.69,86.43,2.27,TNP_0009,2,2016
2016-09-13 23:00:00+00:00,0.0,0.0,22.38,87.35,2.28,TNP_0009,2,2016
2016-09-14 00:00:00+00:00,5.38,6.88,22.16,88.3,2.24,TNP_0009,2,2016
2016-09-14 01:00:00+00:00,72.38,135.1,23.79,79.32,3.51,TNP_0009,2,2016
2016-09-14 02:00:00+00:00,190.23,367.48,26.84,67.33,4.42,TNP_0009,2,2016
2016-09-14 03:00:00+00:00,282.1,598.0,29.97,54.93,4.82,TNP_0009,2,2016
2016-09-14 04:00:00+00:00,318.23,786.33,32.25,46.9,4.6,TNP_0009,2,2016
2016-09-14 05:00:00+00:00,379.38,911.58,34.02,42.05,4.32,TNP_0009,2,2016
2016-09-14 06:00:00+00:00,533.78,962.47,35.15,39.15,4.04,TNP_0009,2,2016
2016-09-14 07:00:00+00:00,361.8,921.58,35.33,38.69,3.66,TNP_0009,2,2016
2016-09-14 08:00:00+00:00,425.17,817.62,34.66,40.39,3.08,TNP_0009,2,2016
2016-09-14 09:00:00+00:00,349.45,647.78,33.69,43.44,2.37,TNP_0009,2,2016
2016-09-14 10:00:00+00:00,209.23,428.95,32.76,47.35,1.79,TNP_0009,2,2016
2016-09-14 11:00:00+00:00,94.47,192.18,31.62,53.34,1.35,TNP_0009,2,2016
2016-09-14 12:00:00+00:00,12.8,20.27,29.93,68.3,0.83,TNP_0009,2,2016
2016-09-14 13:00:00+00:00,0.0,0.0,29.01,74.87,0.36,TNP_0009,2,2016
2016-09-14 14:00:00+00:00,0.0,0.0,28.6,74.26,0.25,TNP_0009,2,2016
2016-09-14 15:00:00+00:00,0.0,0.0,27.92,77.01,0.4,TNP_0009,2,2016
2016-09-14 16:00:00+00:00,0.0,0.0,27.03,82.37,0.77,TNP_0009,2,2016
2016-09-14 17:00:00+00:00,0.0,0.0,26.2,86.4,1.28,TNP_0009,2,2016
2016-09-14 18:00:00+00:00,0.0,0.0,25.55,87.83,1.61,TNP_0009,2,2016
2016-09-14 19:00:00+00:00,0.0,0.0,24.92,88.94,1.81,TNP_0009,2,2016
2016-09-14 20:00:00+00:00,0.0,0.0,24.35,89.9,1.96,TNP_0009,2,2016
2016-09-14 21:00:00+00:00,0.0,0.0,23.84,90.72,2.07,TNP_0009,2,2016
2016-09-14 22:00:00+00:00,0.0,0.0,23.47,91.32,2.13,TNP_0009,2,2016
2016-09-14 23:00:00+00:00,0.0,0.0,23.26,91.23,2.26,TNP_0009,2,2016
2016-09-15 00:00:00+00:00,5.22,7.25,23.16,90.74,2.46,TNP_0009,2,2016
2016-09-15 01:00:00+00:00,87.4,145.05,24.02,85.7,3.28,TNP_0009,2,2016
2016-09-15 02:00:00+00:00,240.52,380.35,25.49,76.65,4.33,TNP_0009,2,2016
2016-09-15 03:00:00+00:00,431.3,607.9,27.95,61.25,5.53,TNP_0009,2,2016
2016-09-15 04:00:00+00:00,536.47,792.53,30.19,49.9,5.9,TNP_0009,2,2016
2016-09-15 05:00:00+00:00,642.6,914.3,31.9,43.24,5.82,TNP_0009,2,2016
2016-09-15 06:00:00+00:00,770.75,938.3,33.0,39.79,5.66,TNP_0009,2,2016
2016-09-15 07:00:00+00:00,841.0,908.0,33.25,38.92,5.7,TNP_0009,2,2016
2016-09-15 08:00:00+00:00,665.28,801.47,33.0,39.52,5.63,TNP_0009,2,2016
2016-09-15 09:00:00+00:00,534.05,628.17,32.42,41.52,5.17,TNP_0009,2,2016
2016-09-15 10:00:00+00:00,331.3,407.9,31.65,45.49,4.24,TNP_0009,2,2016
2016-09-15 11:00:00+00:00,155.45,179.32,30.12,56.67,2.83,TNP_0009,2,2016
2016-09-15 12:00:00+00:00,16.9,18.42,28.12,69.54,2.38,TNP_0009,2,2016
2016-09-15 13:00:00+00:00,0.0,0.0,27.12,73.02,2.39,TNP_0009,2,2016
2016-09-15 14:00:00+00:00,0.0,0.0,26.74,74.49,2.15,TNP_0009,2,2016
2016-09-15 15:00:00+00:00,0.0,0.0,26.26,78.33,1.71,TNP_0009,2,2016
2016-09-15 16:00:00+00:00,0.0,0.0,25.4,85.06,1.61,TNP_0009,2,2016
2016-09-15 17:00:00+00:00,0.0,0.0,24.74,88.64,1.76,TNP_0009,2,2016
2016-09-15 18:00:00+00:00,0.0,0.0,24.25,90.66,1.93,TNP_0009,2,2016
2016-09-15 19:00:00+00:00,0.0,0.0,23.87,91.9,1.99,TNP_0009,2,2016
2016-09-15 20:00:00+00:00,0.0,0.0,23.53,92.87,1.98,TNP_0009,2,2016
2016-09-15 21:00:00+00:00,0.0,0.0,23.25,93.43,1.98,TNP_0009,2,2016
2016-09-15 22:00:00+00:00,0.0,0.0,22.97,93.93,2.03,TNP_0009,2,2016
2016-09-15 23:00:00+00:00,0.0,0.0,22.69,94.22,2.13,TNP_0009,2,2016
2016-09-16 00:00:00+00:00,5.62,7.12,22.53,94.17,2.27,TNP_0009,2,2016
2016-09-16 01:00:00+00:00,107.15,143.27,23.31,90.32,3.02,TNP_0009,2,2016
2016-09-16 02:00:00+00:00,296.88,378.92,24.88,82.94,3.54,TNP_0009,2,2016
2016-09-16 03:00:00+00:00,558.7,608.53,27.67,67.12,4.43,TNP_0009,2,2016
2016-09-16 04:00:00+00:00,758.47,794.53,30.25,53.84,5.06,TNP_0009,2,2016
2016-09-16 05:00:00+00:00,826.78,917.15,32.06,46.05,5.08,TNP_0009,2,2016
2016-09-16 06:00:00+00:00,956.75,987.03,33.22,42.25,4.67,TNP_0009,2,2016
2016-09-16 07:00:00+00:00,914.97,955.47,33.85,40.65,4.2,TNP_0009,2,2016
2016-09-16 08:00:00+00:00,768.53,850.17,33.98,40.64,3.69,TNP_0009,2,2016
2016-09-16 09:00:00+00:00,572.2,678.83,33.65,42.88,3.14,TNP_0009,2,2016
2016-09-16 10:00:00+00:00,332.83,456.8,32.92,46.3,2.82,TNP_0009,2,2016
2016-09-16 11:00:00+00:00,157.82,208.8,31.22,57.89,2.13,TNP_0009,2,2016
2016-09-16 12:00:00+00:00,14.73,20.4,29.22,73.82,1.55,TNP_0009,2,2016
2016-09-16 13:00:00+00:00,0.0,0.0,28.29,77.86,1.39,TNP_0009,2,2016
2016-09-16 14:00:00+00:00,0.0,0.0,27.71,80.62,1.3,TNP_0009,2,2016
2016-09-16 15:00:00+00:00,0.0,0.0,27.18,82.75,1.21,TNP_0009,2,2016
2016-09-16 16:00:00+00:00,0.0,0.0,26.68,84.79,1.08,TNP_0009,2,2016
2016-09-16 17:00:00+00:00,0.0,0.0,26.11,86.75,1.12,TNP_0009,2,2016
2016-09-16 18:00:00+00:00,0.0,0.0,25.39,88.9,1.36,TNP_0009,2,2016
2016-09-16 19:00:00+00:00,0.0,0.0,24.77,90.17,1.66,TNP_0009,2,2016
2016-09-16 20:00:00+00:00,0.0,0.0,24.23,90.59,2.19,TNP_0009,2,2016
2016-09-16 21:00:00+00:00,0.0,0.0,23.73,90.91,2.69,TNP_0009,2,2016
2016-09-16 22:00:00+00:00,0.0,0.0,23.31,91.29,2.93,TNP_0009,2,2016
2016-09-16 23:00:00+00:00,0.0,0.0,22.92,91.88,2.88,TNP_0009,2,2016
2016-09-17 00:00:00+00:00,3.1,7.22,22.63,92.63,2.65,TNP_0009,2,2016
2016-09-17 01:00:00+00:00,53.83,146.27,23.23,89.89,3.07,TNP_0009,2,2016
2016-09-17 02:00:00+00:00,166.23,383.5,24.15,85.78,3.46,TNP_0009,2,2016
2016-09-17 03:00:00+00:00,342.35,611.55,25.73,77.72,4.11,TNP_0009,2,2016
2016-09-17 04:00:00+00:00,439.2,796.35,27.75,66.22,4.63,TNP_0009,2,2016
2016-09-17 05:00:00+00:00,706.67,917.47,29.54,57.37,4.7,TNP_0009,2,2016
2016-09-17 06:00:00+00:00,721.62,921.58,31.08,50.52,4.49,TNP_0009,2,2016
2016-09-17 07:00:00+00:00,707.25,886.95,32.11,46.21,4.09,TNP_0009,2,2016
2016-09-17 08:00:00+00:00,529.55,775.58,32.57,44.2,3.75,TNP_0009,2,2016
2016-09-17 09:00:00+00:00,511.35,594.4,32.68,43.75,3.58,TNP_0009,2,2016
2016-09-17 10:00:00+00:00,309.6,370.98,32.47,45.34,3.35,TNP_0009,2,2016
2016-09-17 11:00:00+00:00,127.47,143.52,31.37,51.44,2.7,TNP_0009,2,2016
2016-09-17 12:00:00+00:00,13.8,14.52,28.6,69.73,2.2,TNP_0009,2,2016
2016-09-17 13:00:00+00:00,0.0,0.0,27.23,72.68,2.46,TNP_0009,2,2016
2016-09-17 14:00:00+00:00,0.0,0.0,26.68,74.02,2.54,TNP_0009,2,2016
2016-09-17 15:00:00+00:00,0.0,0.0,26.17,76.1,2.5,TNP_0009,2,2016
2016-09-17 16:00:00+00:00,0.0,0.0,25.66,78.36,2.44,TNP_0009,2,2016
2016-09-17 17:00:00+00:00,0.0,0.0,25.16,79.51,2.69,TNP_0009,2,2016
2016-09-17 18:00:00+00:00,0.0,0.0,24.75,79.4,3.3,TNP_0009,2,2016
2016-09-17 19:00:00+00:00,0.0,0.0,24.26,79.98,3.62,TNP_0009,2,2016
2016-09-17 20:00:00+00:00,0.0,0.0,23.77,81.48,3.72,TNP_0009,2,2016
2016-09-17 21:00:00+00:00,0.0,0.0,23.44,82.99,3.68,TNP_0009,2,2016
2016-09-17 22:00:00+00:00,0.0,0.0,23.16,84.19,3.63,TNP_0009,2,2016
2016-09-17 23:00:00+00:00,0.0,0.0,22.86,85.22,3.46,TNP_0009,2,2016
2016-09-18 00:00:00+00:00,6.03,6.25,22.56,86.11,3.28,TNP_0009,2,2016
2016-09-18 01:00:00+00:00,97.5,121.78,23.26,82.23,3.75,TNP_0009,2,2016
2016-09-18 02:00:00+00:00,244.07,341.55,24.87,74.04,4.39,TNP_0009,2,2016
2016-09-18 03:00:00+00:00,460.73,576.6,27.47,62.56,5.31,TNP_0009,2,2016
2016-09-18 04:00:00+00:00,704.8,774.55,29.79,53.02,5.23,TNP_0009,2,2016
2016-09-18 05:00:00+00:00,820.55,908.2,31.4,47.05,4.58,TNP_0009,2,2016
2016-09-18 06:00:00+00:00,935.42,971.88,32.47,43.49,3.93,TNP_0009,2,2016
2016-09-18 07:00:00+00:00,914.72,943.7,33.12,41.63,3.5,TNP_0009,2,2016
2016-09-18 08:00:00+00:00,731.0,837.78,33.49,40.98,3.23,TNP_0009,2,2016
2016-09-18 09:00:00+00:00,585.05,664.05,33.47,41.48,2.83,TNP_0009,2,2016
2016-09-18 10:00:00+00:00,353.58,440.55,33.18,43.47,2.13,TNP_0009,2,2016
2016-09-18 11:00:00+00:00,160.48,196.52,32.21,47.59,1.44,TNP_0009,2,2016
2016-09-18 12:00:00+00:00,16.6,18.25,30.33,64.93,0.4,TNP_0009,2,2016
2016-09-18 13:00:00+00:00,0.0,0.0,29.44,65.0,0.27,TNP_0009,2,2016
2016-09-18 14:00:00+00:00,0.0,0.0,28.97,64.4,0.6,TNP_0009,2,2016
2016-09-18 15:00:00+00:00,0.0,0.0,28.06,70.4,0.84,TNP_0009,2,2016
2016-09-18 16:00:00+00:00,0.0,0.0,27.08,76.79,0.8,TNP_0009,2,2016
2016-09-18 17:00:00+00:00,0.0,0.0,26.29,82.89,0.39,TNP_0009,2,2016
2016-09-18 18:00:00+00:00,0.0,0.0,25.56,87.65,0.11,TNP_0009,2,2016
2016-09-18 19:00:00+00:00,0.0,0.0,25.05,89.43,0.57,TNP_0009,2,2016
2016-09-18 20:00:00+00:00,0.0,0.0,24.64,89.49,1.08,TNP_0009,2,2016
2016-09-18 21:00:00+00:00,0.0,0.0,24.17,89.14,1.56,TNP_0009,2,2016
2016-09-18 22:00:00+00:00,0.0,0.0,23.67,89.1,1.9,TNP_0009,2,2016
2016-09-18 23:00:00+00:00,0.0,0.0,23.26,88.75,2.17,TNP_0009,2,2016
2016-09-19 00:00:00+00:00,6.88,7.68,22.85,88.29,2.52,TNP_0009,2,2016
2016-09-19 01:00:00+00:00,132.07,155.8,23.63,83.1,3.44,TNP_0009,2,2016
2016-09-19 02:00:00+00:00,344.95,399.5,25.5,72.79,4.41,TNP_0009,2,2016
2016-09-19 03:00:00+00:00,619.95,631.55,28.6,57.37,5.13,TNP_0009,2,2016
2016-09-19 04:00:00+00:00,758.92,818.15,31.2,46.5,4.82,TNP_0009,2,2016
2016-09-19 05:00:00+00:00,934.78,940.1,32.75,41.19,4.19,TNP_0009,2,2016
2016-09-19 06:00:00+00:00,985.7,989.7,33.56,38.69,3.8,TNP_0009,2,2016
2016-09-19 07:00:00+00:00,904.53,954.15,34.03,37.32,3.64,TNP_0009,2,2016
2016-09-19 08:00:00+00:00,766.45,844.6,34.57,36.23,3.59,TNP_0009,2,2016
2016-09-19 09:00:00+00:00,599.8,668.83,34.99,35.46,3.55,TNP_0009,2,2016
2016-09-19 10:00:00+00:00,383.55,442.67,34.64,36.54,3.46,TNP_0009,2,2016
2016-09-19 11:00:00+00:00,163.43,193.8,33.37,41.77,2.82,TNP_0009,2,2016
2016-09-19 12:00:00+00:00,14.5,16.88,30.72,59.0,1.77,TNP_0009,2,2016
2016-09-19 13:00:00+00:00,0.0,0.0,29.16,66.49,1.53,TNP_0009,2,2016
2016-09-19 14:00:00+00:00,0.0,0.0,28.2,71.3,1.49,TNP_0009,2,2016
2016-09-19 15:00:00+00:00,0.0,0.0,27.47,74.63,1.31,TNP_0009,2,2016
2016-09-19 16:00:00+00:00,0.0,0.0,26.86,77.92,1.02,TNP_0009,2,2016
2016-09-19 17:00:00+00:00,0.0,0.0,26.33,80.3,0.92,TNP_0009,2,2016
2016-09-19 18:00:00+00:00,0.0,0.0,25.76,82.6,1.26,TNP_0009,2,2016
2016-09-19 19:00:00+00:00,0.0,0.0,25.29,83.73,1.67,TNP_0009,2,2016
2016-09-19 20:00:00+00:00,0.0,0.0,24.89,84.7,1.91,TNP_0009,2,2016
2016-09-19 21:00:00+00:00,0.0,0.0,24.54,85.34,2.03,TNP_0009,2,2016
2016-09-19 22:00:00+00:00,0.0,0.0,24.16,86.37,2.03,TNP_0009,2,2016
2016-09-19 23:00:00+00:00,0.0,0.0,23.77,87.72,2.01,TNP_0009,2,2016
2016-09-20 00:00:00+00:00,6.05,7.7,23.51,87.5,2.32,TNP_0009,2,2016
2016-09-20 01:00:00+00:00,78.18,156.5,24.49,80.74,3.69,TNP_0009,2,2016
2016-09-20 02:00:00+00:00,193.43,398.75,26.06,72.11,5.28,TNP_0009,2,2016
2016-09-20 03:00:00+00:00,206.4,627.38,28.24,61.57,5.96,TNP_0009,2,2016
2016-09-20 04:00:00+00:00,326.42,810.85,30.51,52.48,5.89,TNP_0009,2,2016
2016-09-20 05:00:00+00:00,417.65,930.33,32.33,46.43,5.55,TNP_0009,2,2016
2016-09-20 06:00:00+00:00,523.08,958.67,33.33,43.3,5.19,TNP_0009,2,2016
2016-09-20 07:00:00+00:00,471.58,924.65,33.58,42.41,4.92,TNP_0009,2,2016
2016-09-20 08:00:00+00:00,317.35,814.78,32.97,44.12,4.62,TNP_0009,2,2016
2016-09-20 09:00:00+00:00,256.27,637.5,32.15,47.5,4.2,TNP_0009,2,2016
2016-09-20 10:00:00+00:00,160.93,409.95,31.15,52.07,3.67,TNP_0009,2,2016
2016-09-20 11:00:00+00:00,67.2,170.15,29.73,60.31,2.68,TNP_0009,2,2016
2016-09-20 12:00:00+00:00,7.28,14.88,28.02,74.45,1.72,TNP_0009,2,2016
2016-09-20 13:00:00+00:00,0.0,0.0,27.12,80.41,1.46,TNP_0009,2,2016
2016-09-20 14:00:00+00:00,0.0,0.0,26.74,81.68,1.26,TNP_0009,2,2016
2016-09-20 15:00:00+00:00,0.0,0.0,26.36,82.2,1.26,TNP_0009,2,2016
2016-09-20 16:00:00+00:00,0.0,0.0,25.93,83.24,1.38,TNP_0009,2,2016
2016-09-20 17:00:00+00:00,0.0,0.0,25.54,84.14,1.48,TNP_0009,2,2016
2016-09-20 18:00:00+00:00,0.0,0.0,25.13,85.89,1.61,TNP_0009,2,2016
2016-09-20 19:00:00+00:00,0.0,0.0,24.67,88.02,1.85,TNP_0009,2,2016
2016-09-20 20:00:00+00:00,0.0,0.0,24.22,89.41,2.08,TNP_0009,2,2016
2016-09-20 21:00:00+00:00,0.0,0.0,23.79,91.0,2.09,TNP_0009,2,2016
2016-09-20 22:00:00+00:00,0.0,0.0,23.42,92.27,2.03,TNP_0009,2,2016
2016-09-20 23:00:00+00:00,0.0,0.0,23.17,92.63,2.07,TNP_0009,2,2016
2016-09-21 00:00:00+00:00,3.25,6.7,23.07,92.21,2.24,TNP_0009,2,2016
2016-09-21 01:00:00+00:00,52.35,125.5,23.49,89.05,2.95,TNP_0009,2,2016
2016-09-21 02:00:00+00:00,146.95,344.7,24.23,84.61,3.94,TNP_0009,2,2016
2016-09-21 03:00:00+00:00,296.2,567.3,25.86,73.38,5.55,TNP_0009,2,2016
2016-09-21 04:00:00+00:00,508.67,749.47,27.54,62.48,6.61,TNP_0009,2,2016
2016-09-21 05:00:00+00:00,559.72,870.53,28.72,56.92,6.75,TNP_0009,2,2016
2016-09-21 06:00:00+00:00,575.42,917.47,29.7,53.29,6.65,TNP_0009,2,2016
2016-09-21 07:00:00+00:00,611.67,883.08,30.69,50.35,6.5,TNP_0009,2,2016
2016-09-21 08:00:00+00:00,551.5,769.58,31.68,47.77,6.49,TNP_0009,2,2016
2016-09-21 09:00:00+00:00,426.77,589.3,32.18,46.69,6.58,TNP_0009,2,2016
2016-09-21 10:00:00+00:00,246.23,365.58,31.69,48.53,6.42,TNP_0009,2,2016
2016-09-21 11:00:00+00:00,98.7,146.12,30.33,54.29,5.41,TNP_0009,2,2016
2016-09-21 12:00:00+00:00,8.98,13.27,27.85,67.04,3.35,TNP_0009,2,2016
2016-09-21 13:00:00+00:00,0.0,0.0,26.34,75.16,2.74,TNP_0009,2,2016
2016-09-21 14:00:00+00:00,0.0,0.0,25.81,77.8,2.66,TNP_0009,2,2016
2016-09-21 15:00:00+00:00,0.0,0.0,25.38,80.2,2.61,TNP_0009,2,2016
2016-09-21 16:00:00+00:00,0.0,0.0,25.1,81.86,2.68,TNP_0009,2,2016
2016-09-21 17:00:00+00:00,0.0,0.0,24.79,83.07,3.08,TNP_0009,2,2016
2016-09-21 18:00:00+00:00,0.0,0.0,24.45,84.52,3.39,TNP_0009,2,2016
2016-09-21 19:00:00+00:00,0.0,0.0,24.11,86.2,3.28,TNP_0009,2,2016
2016-09-21 20:00:00+00:00,0.0,0.0,23.8,87.6,2.92,TNP_0009,2,2016
2016-09-21 21:00:00+00:00,0.0,0.0,23.55,88.33,2.68,TNP_0009,2,2016
2016-09-21 22:00:00+00:00,0.0,0.0,23.3,88.54,2.62,TNP_0009,2,2016
2016-09-21 23:00:00+00:00,0.0,0.0,23.02,88.51,2.67,TNP_0009,2,2016
2016-09-22 00:00:00+00:00,6.2,7.03,22.74,88.15,2.8,TNP_0009,2,2016
2016-09-22 01:00:00+00:00,105.18,139.35,23.45,82.96,3.76,TNP_0009,2,2016
2016-09-22 02:00:00+00:00,285.12,370.77,25.62,69.52,5.72,TNP_0009,2,2016
2016-09-22 03:00:00+00:00,517.72,598.5,28.88,54.44,7.47,TNP_0009,2,2016
2016-09-22 04:00:00+00:00,722.9,783.85,31.53,48.22,7.73,TNP_0009,2,2016
2016-09-22 05:00:00+00:00,840.33,904.67,33.41,44.68,7.46,TNP_0009,2,2016
2016-09-22 06:00:00+00:00,906.55,958.35,34.56,42.36,7.16,TNP_0009,2,2016
2016-09-22 07:00:00+00:00,824.0,922.17,35.13,40.85,6.87,TNP_0009,2,2016
2016-09-22 08:00:00+00:00,633.33,810.1,35.29,40.04,6.6,TNP_0009,2,2016
2016-09-22 09:00:00+00:00,470.83,630.7,34.97,40.32,6.16,TNP_0009,2,2016
2016-09-22 10:00:00+00:00,264.8,404.7,34.06,42.47,5.59,TNP_0009,2,2016
2016-09-22 11:00:00+00:00,109.38,167.23,32.8,47.39,4.74,TNP_0009,2,2016
2016-09-22 12:00:00+00:00,8.0,13.62,30.2,60.39,3.2,TNP_0009,2,2016
2016-09-22 13:00:00+00:00,0.0,0.0,28.65,67.03,2.92,TNP_0009,2,2016
2016-09-22 14:00:00+00:00,0.0,0.0,28.14,69.15,2.57,TNP_0009,2,2016
2016-09-22 15:00:00+00:00,0.0,0.0,27.55,71.0,1.92,TNP_0009,2,2016
2016-09-22 16:00:00+00:00,0.0,0.0,26.36,77.64,1.46,TNP_0009,2,2016
2016-09-22 17:00:00+00:00,0.0,0.0,25.54,80.03,1.49,TNP_0009,2,2016
2016-09-22 18:00:00+00:00,0.0,0.0,24.96,81.57,1.69,TNP_0009,2,2016
2016-09-22 19:00:00+00:00,0.0,0.0,24.53,82.11,1.98,TNP_0009,2,2016
2016-09-22 20:00:00+00:00,0.0,0.0,24.15,80.99,2.55,TNP_0009,2,2016
2016-09-22 21:00:00+00:00,0.0,0.0,23.65,80.5,2.87,TNP_0009,2,2016
2016-09-22 22:00:00+00:00,0.0,0.0,23.26,79.91,3.27,TNP_0009,2,2016
2016-09-22 23:00:00+00:00,0.0,0.0,22.9,80.12,3.53,TNP_0009,2,2016
2016-09-23 00:00:00+00:00,4.97,7.07,22.62,81.12,3.62,TNP_0009,2,2016
2016-09-23 01:00:00+00:00,107.0,143.1,23.73,75.84,4.75,TNP_0009,2,2016
2016-09-23 02:00:00+00:00,302.48,377.67,26.43,65.82,6.83,TNP_0009,2,2016
2016-09-23 03:00:00+00:00,551.17,605.62,29.53,55.55,7.52,TNP_0009,2,2016
2016-09-23 04:00:00+00:00,733.67,788.75,32.21,47.57,7.16,TNP_0009,2,2016
2016-09-23 05:00:00+00:00,767.78,906.45,34.3,42.08,6.47,TNP_0009,2,2016
2016-09-23 06:00:00+00:00,871.22,963.0,35.74,38.72,5.83,TNP_0009,2,2016
2016-09-23 07:00:00+00:00,780.78,920.65,36.57,36.85,5.3,TNP_0009,2,2016
2016-09-23 08:00:00+00:00,651.35,801.67,36.4,37.05,4.79,TNP_0009,2,2016
2016-09-23 09:00:00+00:00,519.08,610.62,35.85,38.29,4.45,TNP_0009,2,2016
2016-09-23 10:00:00+00:00,286.92,368.92,34.85,41.41,4.2,TNP_0009,2,2016
2016-09-23 11:00:00+00:00,110.18,142.2,33.2,47.69,3.61,TNP_0009,2,2016
2016-09-23 12:00:00+00:00,9.7,12.0,30.79,62.09,2.53,TNP_0009,2,2016
2016-09-23 13:00:00+00:00,0.0,0.0,29.37,70.19,2.2,TNP_0009,2,2016
2016-09-23 14:00:00+00:00,0.0,0.0,28.5,70.89,2.21,TNP_0009,2,2016
2016-09-23 15:00:00+00:00,0.0,0.0,27.72,73.7,1.98,TNP_0009,2,2016
2016-09-23 16:00:00+00:00,0.0,0.0,27.06,77.76,1.63,TNP_0009,2,2016
2016-09-23 17:00:00+00:00,0.0,0.0,26.35,81.8,1.58,TNP_0009,2,2016
2016-09-23 18:00:00+00:00,0.0,0.0,25.8,85.55,1.63,TNP_0009,2,2016
2016-09-23 19:00:00+00:00,0.0,0.0,25.37,87.11,1.66,TNP_0009,2,2016
2016-09-23 20:00:00+00:00,0.0,0.0,25.01,88.64,1.54,TNP_0009,2,2016
2016-09-23 21:00:00+00:00,0.0,0.0,24.62,89.56,1.61,TNP_0009,2,2016
2016-09-23 22:00:00+00:00,0.0,0.0,24.25,89.33,1.9,TNP_0009,2,2016
2016-09-23 23:00:00+00:00,0.0,0.0,23.98,88.13,2.37,TNP_0009,2,2016
2016-09-24 00:00:00+00:00,5.97,6.8,23.84,86.42,2.95,TNP_0009,2,2016
2016-09-24 01:00:00+00:00,118.35,133.98,24.7,80.0,4.25,TNP_0009,2,2016
2016-09-24 02:00:00+00:00,309.55,361.48,26.62,67.61,5.96,TNP_0009,2,2016
2016-09-24 03:00:00+00:00,532.08,589.38,29.15,57.04,6.7,TNP_0009,2,2016
2016-09-24 04:00:00+00:00,626.42,773.35,31.8,49.16,6.61,TNP_0009,2,2016
2016-09-24 05:00:00+00:00,740.53,893.17,34.11,43.36,6.41,TNP_0009,2,2016
2016-09-24 06:00:00+00:00,829.95,957.62,35.7,39.62,6.42,TNP_0009,2,2016
2016-09-24 07:00:00+00:00,777.35,918.7,36.56,37.61,6.52,TNP_0009,2,2016
2016-09-24 08:00:00+00:00,613.17,803.8,36.53,37.63,6.37,TNP_0009,2,2016
2016-09-24 09:00:00+00:00,425.23,621.1,35.75,39.6,5.9,TNP_0009,2,2016
2016-09-24 10:00:00+00:00,253.38,392.38,34.56,43.34,5.22,TNP_0009,2,2016
2016-09-24 11:00:00+00:00,117.38,159.98,32.63,51.93,3.94,TNP_0009,2,2016
2016-09-24 12:00:00+00:00,8.9,12.4,30.49,63.49,2.68,TNP_0009,2,2016
2016-09-24 13:00:00+00:00,0.0,0.0,29.32,69.46,2.37,TNP_0009,2,2016
2016-09-24 14:00:00+00:00,0.0,0.0,28.57,72.43,2.01,TNP_0009,2,2016
2016-09-24 15:00:00+00:00,0.0,0.0,28.02,73.06,1.58,TNP_0009,2,2016
2016-09-24 16:00:00+00:00,0.0,0.0,27.32,78.21,1.32,TNP_0009,2,2016
2016-09-24 17:00:00+00:00,0.0,0.0,26.68,82.35,1.4,TNP_0009,2,2016
2016-09-24 18:00:00+00:00,0.0,0.0,26.18,83.18,1.65,TNP_0009,2,2016
2016-09-24 19:00:00+00:00,0.0,0.0,25.69,83.81,1.85,TNP_0009,2,2016
2016-09-24 20:00:00+00:00,0.0,0.0,25.27,84.41,1.93,TNP_0009,2,2016
2016-09-24 21:00:00+00:00,0.0,0.0,24.84,84.77,2.01,TNP_0009,2,2016
2016-09-24 22:00:00+00:00,0.0,0.0,24.42,84.82,2.12,TNP_0009,2,2016
2016-09-24 23:00:00+00:00,0.0,0.0,24.02,84.9,2.24,TNP_0009,2,2016
2016-09-25 00:00:00+00:00,6.6,6.97,23.68,85.29,2.3,TNP_0009,2,2016
2016-09-25 01:00:00+00:00,129.7,134.52,24.66,78.45,3.32,TNP_0009,2,2016
2016-09-25 02:00:00+00:00,352.17,358.7,26.75,67.69,5.37,TNP_0009,2,2016
2016-09-25 03:00:00+00:00,574.6,582.6,29.47,57.36,6.48,TNP_0009,2,2016
2016-09-25 04:00:00+00:00,749.55,764.0,32.21,48.38,6.78,TNP_0009,2,2016
2016-09-25 05:00:00+00:00,829.0,881.4,34.2,42.52,6.7,TNP_0009,2,2016
2016-09-25 06:00:00+00:00,892.38,968.72,35.22,39.79,6.33,TNP_0009,2,2016
2016-09-25 07:00:00+00:00,741.28,927.83,35.36,39.22,5.74,TNP_0009,2,2016
2016-09-25 08:00:00+00:00,569.58,809.92,34.99,39.83,4.87,TNP_0009,2,2016
2016-09-25 09:00:00+00:00,346.83,624.72,34.45,41.33,3.82,TNP_0009,2,2016
2016-09-25 10:00:00+00:00,219.65,391.33,33.84,43.58,2.77,TNP_0009,2,2016
2016-09-25 11:00:00+00:00,89.78,160.25,32.86,48.71,1.53,TNP_0009,2,2016
2016-09-25 12:00:00+00:00,8.8,12.25,30.98,64.56,0.53,TNP_0009,2,2016
2016-09-25 13:00:00+00:00,0.0,0.0,29.73,70.38,0.38,TNP_0009,2,2016
2016-09-25 14:00:00+00:00,0.0,0.0,28.72,74.88,0.83,TNP_0009,2,2016
2016-09-25 15:00:00+00:00,0.0,0.0,27.88,78.16,1.01,TNP_0009,2,2016
2016-09-25 16:00:00+00:00,0.0,0.0,27.35,78.36,0.95,TNP_0009,2,2016
2016-09-25 17:00:00+00:00,0.0,0.0,27.0,78.11,0.78,TNP_0009,2,2016
2016-09-25 18:00:00+00:00,0.0,0.0,26.58,81.54,0.62,TNP_0009,2,2016
2016-09-25 19:00:00+00:00,0.0,0.0,26.09,83.7,0.76,TNP_0009,2,2016
2016-09-25 20:00:00+00:00,0.0,0.0,25.46,86.93,1.09,TNP_0009,2,2016
2016-09-25 21:00:00+00:00,0.0,0.0,25.02,87.81,1.49,TNP_0009,2,2016
2016-09-25 22:00:00+00:00,0.0,0.0,24.73,87.49,1.84,TNP_0009,2,2016
2016-09-25 23:00:00+00:00,0.0,0.0,24.51,87.04,2.18,TNP_0009,2,2016
2016-09-26 00:00:00+00:00,5.97,7.07,24.31,86.33,2.6,TNP_0009,2,2016
2016-09-26 01:00:00+00:00,96.0,138.15,25.41,78.72,4.06,TNP_0009,2,2016
2016-09-26 02:00:00+00:00,238.62,367.67,27.62,66.09,5.06,TNP_0009,2,2016
2016-09-26 03:00:00+00:00,497.7,594.65,30.54,53.65,5.02,TNP_0009,2,2016
2016-09-26 04:00:00+00:00,754.45,778.25,32.99,46.06,4.29,TNP_0009,2,2016
2016-09-26 05:00:00+00:00,883.8,896.2,34.8,41.55,3.67,TNP_0009,2,2016
2016-09-26 06:00:00+00:00,909.4,945.33,35.7,39.32,3.12,TNP_0009,2,2016
2016-09-26 07:00:00+00:00,706.53,904.15,35.85,38.79,2.37,TNP_0009,2,2016
2016-09-26 08:00:00+00:00,574.42,783.55,35.71,38.92,1.68,TNP_0009,2,2016
2016-09-26 09:00:00+00:00,384.7,598.88,35.38,39.67,1.36,TNP_0009,2,2016
2016-09-26 10:00:00+00:00,222.55,374.33,34.98,40.94,1.2,TNP_0009,2,2016
2016-09-26 11:00:00+00:00,101.28,148.43,34.07,44.62,0.87,TNP_0009,2,2016
2016-09-26 12:00:00+00:00,7.7,10.75,32.14,59.0,0.3,TNP_0009,2,2016
2016-09-26 13:00:00+00:00,0.0,0.0,30.89,64.79,0.35,TNP_0009,2,2016
2016-09-26 14:00:00+00:00,0.0,0.0,29.8,70.14,0.86,TNP_0009,2,2016
2016-09-26 15:00:00+00:00,0.0,0.0,28.68,77.01,1.12,TNP_0009,2,2016
2016-09-26 16:00:00+00:00,0.0,0.0,27.94,77.81,1.11,TNP_0009,2,2016
2016-09-26 17:00:00+00:00,0.0,0.0,27.38,79.77,1.15,TNP_0009,2,2016
2016-09-26 18:00:00+00:00,0.0,0.0,26.88,81.97,1.42,TNP_0009,2,2016
2016-09-26 19:00:00+00:00,0.0,0.0,26.45,84.24,1.57,TNP_0009,2,2016
2016-09-26 20:00:00+00:00,0.0,0.0,26.1,86.59,1.49,TNP_0009,2,2016
2016-09-26 21:00:00+00:00,0.0,0.0,25.82,88.41,1.34,TNP_0009,2,2016
2016-09-26 22:00:00+00:00,0.0,0.0,25.59,89.48,1.32,TNP_0009,2,2016
2016-09-26 23:00:00+00:00,0.0,0.0,25.43,90.23,1.31,TNP_0009,2,2016
2016-09-27 00:00:00+00:00,1.45,6.6,25.29,91.0,1.32,TNP_0009,2,2016
2016-09-27 01:00:00+00:00,40.22,124.12,25.63,88.4,1.71,TNP_0009,2,2016
2016-09-27 02:00:00+00:00,147.18,342.95,26.59,82.38,1.76,TNP_0009,2,2016
2016-09-27 03:00:00+00:00,374.0,563.9,27.79,75.09,1.67,TNP_0009,2,2016
2016-09-27 04:00:00+00:00,484.08,743.08,28.88,69.38,1.33,TNP_0009,2,2016
2016-09-27 05:00:00+00:00,575.08,857.65,29.9,64.2,0.85,TNP_0009,2,2016
2016-09-27 06:00:00+00:00,617.15,891.33,30.59,60.8,0.63,TNP_0009,2,2016
2016-09-27 07:00:00+00:00,613.92,854.95,30.84,59.51,1.0,TNP_0009,2,2016
2016-09-27 08:00:00+00:00,501.98,742.42,30.66,60.29,1.69,TNP_0009,2,2016
2016-09-27 09:00:00+00:00,518.15,559.55,30.2,62.52,2.25,TNP_0009,2,2016
2016-09-27 10:00:00+00:00,310.73,340.62,29.54,66.16,2.65,TNP_0009,2,2016
2016-09-27 11:00:00+00:00,125.32,132.85,28.56,72.92,2.74,TNP_0009,2,2016
2016-09-27 12:00:00+00:00,9.95,9.7,27.25,82.2,2.31,TNP_0009,2,2016
2016-09-27 13:00:00+00:00,0.0,0.0,26.51,88.06,2.1,TNP_0009,2,2016
2016-09-27 14:00:00+00:00,0.0,0.0,26.28,89.37,1.75,TNP_0009,2,2016
2016-09-27 15:00:00+00:00,0.0,0.0,26.08,90.39,1.38,TNP_0009,2,2016
2016-09-27 16:00:00+00:00,0.0,0.0,25.81,91.78,1.32,TNP_0009,2,2016
2016-09-27 17:00:00+00:00,0.0,0.0,25.52,93.05,1.39,TNP_0009,2,2016
2016-09-27 18:00:00+00:00,0.0,0.0,25.31,93.97,1.49,TNP_0009,2,2016
2016-09-27 19:00:00+00:00,0.0,0.0,25.12,94.69,1.64,TNP_0009,2,2016
2016-09-27 20:00:00+00:00,0.0,0.0,24.88,95.28,1.73,TNP_0009,2,2016
2016-09-27 21:00:00+00:00,0.0,0.0,24.67,95.6,1.79,TNP_0009,2,2016
2016-09-27 22:00:00+00:00,0.0,0.0,24.62,95.4,1.8,TNP_0009,2,2016
2016-09-27 23:00:00+00:00,0.0,0.0,24.4,95.33,1.76,TNP_0009,2,2016
2016-09-28 00:00:00+00:00,1.0,6.38,24.17,95.65,1.71,TNP_0009,2,2016
2016-09-28 01:00:00+00:00,27.5,124.07,24.76,92.92,2.13,TNP_0009,2,2016
2016-09-28 02:00:00+00:00,94.0,348.08,25.82,86.47,2.32,TNP_0009,2,2016
2016-09-28 03:00:00+00:00,216.02,572.95,27.86,73.62,1.98,TNP_0009,2,2016
2016-09-28 04:00:00+00:00,302.15,753.83,29.66,64.46,1.68,TNP_0009,2,2016
2016-09-28 05:00:00+00:00,459.8,870.3,30.48,60.88,1.59,TNP_0009,2,2016
2016-09-28 06:00:00+00:00,606.65,909.5,30.6,60.11,1.51,TNP_0009,2,2016
2016-09-28 07:00:00+00:00,458.65,872.72,30.61,60.08,1.32,TNP_0009,2,2016
2016-09-28 08:00:00+00:00,518.75,762.1,30.71,59.9,1.26,TNP_0009,2,2016
2016-09-28 09:00:00+00:00,492.02,585.3,30.61,60.49,1.18,TNP_0009,2,2016
2016-09-28 10:00:00+00:00,300.12,364.25,30.31,62.46,1.04,TNP_0009,2,2016
2016-09-28 11:00:00+00:00,117.7,140.68,29.77,67.16,0.92,TNP_0009,2,2016
2016-09-28 12:00:00+00:00,9.43,9.57,28.86,75.03,0.62,TNP_0009,2,2016
2016-09-28 13:00:00+00:00,0.0,0.0,28.41,75.47,0.06,TNP_0009,2,2016
2016-09-28 14:00:00+00:00,0.0,0.0,27.82,78.37,0.59,TNP_0009,2,2016
2016-09-28 15:00:00+00:00,0.0,0.0,27.06,82.24,0.9,TNP_0009,2,2016
2016-09-28 16:00:00+00:00,0.0,0.0,26.29,88.91,1.22,TNP_0009,2,2016
2016-09-28 17:00:00+00:00,0.0,0.0,25.67,90.96,1.58,TNP_0009,2,2016
2016-09-28 18:00:00+00:00,0.0,0.0,25.27,91.39,1.9,TNP_0009,2,2016
2016-09-28 19:00:00+00:00,0.0,0.0,24.96,91.93,2.25,TNP_0009,2,2016
2016-09-28 20:00:00+00:00,0.0,0.0,24.7,92.58,2.49,TNP_0009,2,2016
2016-09-28 21:00:00+00:00,0.0,0.0,24.48,93.17,2.42,TNP_0009,2,2016
2016-09-28 22:00:00+00:00,0.0,0.0,24.28,93.52,2.36,TNP_0009,2,2016
2016-09-28 23:00:00+00:00,0.0,0.0,24.12,93.42,2.61,TNP_0009,2,2016
2016-09-29 00:00:00+00:00,2.65,6.75,23.98,93.24,3.0,TNP_0009,2,2016
2016-09-29 01:00:00+00:00,59.72,133.4,24.23,91.77,3.58,TNP_0009,2,2016
2016-09-29 02:00:00+00:00,170.1,363.45,24.95,88.57,3.97,TNP_0009,2,2016
2016-09-29 03:00:00+00:00,317.33,589.0,26.38,81.44,4.15,TNP_0009,2,2016
2016-09-29 04:00:00+00:00,451.98,770.67,28.2,70.81,4.5,TNP_0009,2,2016
2016-09-29 05:00:00+00:00,549.58,889.12,29.6,62.53,4.48,TNP_0009,2,2016
2016-09-29 06:00:00+00:00,792.45,874.12,30.25,57.85,4.27,TNP_0009,2,2016
2016-09-29 07:00:00+00:00,732.83,831.55,30.49,55.94,3.88,TNP_0009,2,2016
2016-09-29 08:00:00+00:00,575.47,718.1,30.57,55.28,3.29,TNP_0009,2,2016
2016-09-29 09:00:00+00:00,434.83,531.17,30.55,56.2,2.46,TNP_0009,2,2016
2016-09-29 10:00:00+00:00,262.58,323.08,30.45,57.41,1.65,TNP_0009,2,2016
2016-09-29 11:00:00+00:00,99.97,116.03,29.95,60.13,1.0,TNP_0009,2,2016
2016-09-29 12:00:00+00:00,6.4,8.15,28.83,70.59,0.59,TNP_0009,2,2016
2016-09-29 13:00:00+00:00,0.0,0.0,27.7,76.31,1.1,TNP_0009,2,2016
2016-09-29 14:00:00+00:00,0.0,0.0,26.92,81.29,1.32,TNP_0009,2,2016
2016-09-29 15:00:00+00:00,0.0,0.0,26.63,81.86,1.12,TNP_0009,2,2016
2016-09-29 16:00:00+00:00,0.0,0.0,26.55,79.69,0.79,TNP_0009,2,2016
2016-09-29 17:00:00+00:00,0.0,0.0,26.0,82.44,0.98,TNP_0009,2,2016
2016-09-29 18:00:00+00:00,0.0,0.0,25.21,89.43,1.35,TNP_0009,2,2016
2016-09-29 19:00:00+00:00,0.0,0.0,24.72,90.87,1.63,TNP_0009,2,2016
2016-09-29 20:00:00+00:00,0.0,0.0,24.38,90.8,1.91,TNP_0009,2,2016
2016-09-29 21:00:00+00:00,0.0,0.0,24.11,90.9,2.07,TNP_0009,2,2016
2016-09-29 22:00:00+00:00,0.0,0.0,23.86,91.27,2.1,TNP_0009,2,2016
2016-09-29 23:00:00+00:00,0.0,0.0,23.66,91.51,2.12,TNP_0009,2,2016
2016-09-30 00:00:00+00:00,5.32,6.6,23.48,91.71,2.17,TNP_0009,2,2016
2016-09-30 01:00:00+00:00,114.78,131.07,24.26,87.93,2.88,TNP_0009,2,2016
2016-09-30 02:00:00+00:00,322.83,359.75,25.52,82.24,3.63,TNP_0009,2,2016
2016-09-30 03:00:00+00:00,579.67,589.6,28.08,69.96,3.96,TNP_0009,2,2016
2016-09-30 04:00:00+00:00,770.55,776.97,30.55,58.65,3.63,TNP_0009,2,2016
2016-09-30 05:00:00+00:00,887.35,899.3,32.13,52.32,3.11,TNP_0009,2,2016
2016-09-30 06:00:00+00:00,792.42,916.47,33.18,48.35,2.77,TNP_0009,2,2016
2016-09-30 07:00:00+00:00,801.33,867.12,33.87,45.7,2.51,TNP_0009,2,2016
2016-09-30 08:00:00+00:00,695.88,753.5,34.07,44.4,2.2,TNP_0009,2,2016
2016-09-30 09:00:00+00:00,514.5,574.33,33.82,44.2,1.71,TNP_0009,2,2016
2016-09-30 10:00:00+00:00,306.58,352.77,33.19,46.5,1.03,TNP_0009,2,2016
2016-09-30 11:00:00+00:00,121.28,135.82,32.3,50.0,0.25,TNP_0009,2,2016
2016-09-30 12:00:00+00:00,8.38,8.62,30.25,64.18,0.74,TNP_0009,2,2016
2016-09-30 13:00:00+00:00,0.0,0.0,28.45,76.23,1.46,TNP_0009,2,2016
2016-09-30 14:00:00+00:00,0.0,0.0,27.6,78.1,1.71,TNP_0009,2,2016
2016-09-30 15:00:00+00:00,0.0,0.0,27.01,80.28,1.73,TNP_0009,2,2016
2016-09-30 16:00:00+00:00,0.0,0.0,26.51,83.81,1.46,TNP_0009,2,2016
2016-09-30 17:00:00+00:00,0.0,0.0,26.08,88.09,1.11,TNP_0009,2,2016
2016-09-30 18:00:00+00:00,0.0,0.0,25.78,90.04,0.87,TNP_0009,2,2016
2016-09-30 19:00:00+00:00,0.0,0.0,25.37,90.61,0.91,TNP_0009,2,2016
2016-09-30 20:00:00+00:00,0.0,0.0,24.99,90.53,1.12,TNP_0009,2,2016
2016-09-30 21:00:00+00:00,0.0,0.0,24.61,90.08,1.47,TNP_0009,2,2016
2016-09-30 22:00:00+00:00,0.0,0.0,24.29,89.1,1.87,TNP_0009,2,2016
2016-09-30 23:00:00+00:00,0.0,0.0,24.06,88.06,2.29,TNP_0009,2,2016
2016-10-01 00:00:00+00:00,6.28,6.65,23.87,87.42,2.64,TNP_0009,2,2016
2016-10-01 01:00:00+00:00,112.55,130.57,24.69,82.61,3.52,TNP_0009,2,2016
2016-10-01 02:00:00+00:00,295.4,354.5,26.32,74.36,4.06,TNP_0009,2,2016
2016-10-01 03:00:00+00:00,528.6,580.92,28.55,64.46,4.1,TNP_0009,2,2016
2016-10-01 04:00:00+00:00,728.28,764.22,30.41,56.38,3.23,TNP_0009,2,2016
2016-10-01 05:00:00+00:00,842.8,882.17,31.6,51.49,2.15,TNP_0009,2,2016
2016-10-01 06:00:00+00:00,831.08,911.05,32.23,48.55,1.36,TNP_0009,2,2016
2016-10-01 07:00:00+00:00,799.17,871.85,32.4,47.12,1.26,TNP_0009,2,2016
2016-10-01 08:00:00+00:00,658.8,756.03,32.41,46.48,1.61,TNP_0009,2,2016
2016-10-01 09:00:00+00:00,531.5,574.6,32.2,46.73,2.04,TNP_0009,2,2016
2016-10-01 10:00:00+00:00,310.35,351.48,31.75,49.25,2.31,TNP_0009,2,2016
2016-10-01 11:00:00+00:00,125.22,133.75,30.57,56.03,2.21,TNP_0009,2,2016
2016-10-01 12:00:00+00:00,7.62,8.2,28.0,71.64,2.16,TNP_0009,2,2016
2016-10-01 13:00:00+00:00,0.0,0.0,26.84,74.17,2.43,TNP_0009,2,2016
2016-10-01 14:00:00+00:00,0.0,0.0,26.3,76.46,2.55,TNP_0009,2,2016
2016-10-01 15:00:00+00:00,0.0,0.0,25.78,80.37,2.5,TNP_0009,2,2016
2016-10-01 16:00:00+00:00,0.0,0.0,25.31,84.89,2.27,TNP_0009,2,2016
2016-10-01 17:00:00+00:00,0.0,0.0,25.0,88.72,1.93,TNP_0009,2,2016
2016-10-01 18:00:00+00:00,0.0,0.0,24.72,91.13,1.85,TNP_0009,2,2016
2016-10-01 19:00:00+00:00,0.0,0.0,24.46,92.12,2.05,TNP_0009,2,2016
2016-10-01 20:00:00+00:00,0.0,0.0,24.12,92.69,2.1,TNP_0009,2,2016
2016-10-01 21:00:00+00:00,0.0,0.0,23.73,92.88,2.1,TNP_0009,2,2016
2016-10-01 22:00:00+00:00,0.0,0.0,23.43,92.35,1.96,TNP_0009,2,2016
2016-10-01 23:00:00+00:00,0.0,0.0,23.16,91.52,1.9,TNP_0009,2,2016
2016-10-02 00:00:00+00:00,5.12,5.57,22.96,90.72,1.89,TNP_0009,2,2016
2016-10-02 01:00:00+00:00,101.47,106.07,24.23,83.55,2.38,TNP_0009,2,2016
2016-10-02 02:00:00+00:00,313.5,320.4,25.83,74.2,2.76,TNP_0009,2,2016
2016-10-02 03:00:00+00:00,532.22,535.35,27.8,64.58,2.3,TNP_0009,2,2016
2016-10-02 04:00:00+00:00,731.25,734.85,29.34,58.14,1.36,TNP_0009,2,2016
2016-10-02 05:00:00+00:00,853.38,857.05,30.48,53.7,1.02,TNP_0009,2,2016
2016-10-02 06:00:00+00:00,947.85,950.67,31.39,50.45,1.29,TNP_0009,2,2016
2016-10-02 07:00:00+00:00,881.88,891.78,32.03,48.11,1.46,TNP_0009,2,2016
2016-10-02 08:00:00+00:00,727.42,744.55,32.41,46.47,1.5,TNP_0009,2,2016
2016-10-02 09:00:00+00:00,566.47,574.92,32.47,45.6,1.41,TNP_0009,2,2016
2016-10-02 10:00:00+00:00,347.8,354.98,32.08,46.5,1.29,TNP_0009,2,2016
2016-10-02 11:00:00+00:00,139.85,140.48,31.06,50.92,1.31,TNP_0009,2,2016
2016-10-02 12:00:00+00:00,8.23,8.43,28.57,68.09,1.62,TNP_0009,2,2016
2016-10-02 13:00:00+00:00,0.0,0.0,26.89,73.37,2.28,TNP_0009,2,2016
2016-10-02 14:00:00+00:00,0.0,0.0,26.04,75.36,2.62,TNP_0009,2,2016
2016-10-02 15:00:00+00:00,0.0,0.0,25.39,78.23,2.76,TNP_0009,2,2016
2016-10-02 16:00:00+00:00,0.0,0.0,24.8,82.69,2.81,TNP_0009,2,2016
2016-10-02 17:00:00+00:00,0.0,0.0,24.32,87.64,2.83,TNP_0009,2,2016
2016-10-02 18:00:00+00:00,0.0,0.0,23.94,92.12,2.72,TNP_0009,2,2016
2016-10-02 19:00:00+00:00,0.0,0.0,23.71,94.83,2.41,TNP_0009,2,2016
2016-10-02 20:00:00+00:00,0.0,0.0,23.55,96.35,1.96,TNP_0009,2,2016
2016-10-02 21:00:00+00:00,0.0,0.0,23.39,97.15,1.82,TNP_0009,2,2016
2016-10-02 22:00:00+00:00,0.0,0.0,23.24,97.46,1.86,TNP_0009,2,2016
2016-10-02 23:00:00+00:00,0.0,0.0,23.03,97.51,1.84,TNP_0009,2,2016
2016-10-03 00:00:00+00:00,6.07,6.8,22.83,97.01,1.8,TNP_0009,2,2016
2016-10-03 01:00:00+00:00,116.07,133.65,23.99,89.44,2.48,TNP_0009,2,2016
2016-10-03 02:00:00+00:00,300.05,357.3,25.82,77.86,2.82,TNP_0009,2,2016
2016-10-03 03:00:00+00:00,524.3,573.1,27.9,66.32,2.61,TNP_0009,2,2016
2016-10-03 04:00:00+00:00,737.83,765.38,29.54,59.09,2.15,TNP_0009,2,2016
2016-10-03 05:00:00+00:00,890.78,897.28,30.96,53.7,1.92,TNP_0009,2,2016
2016-10-03 06:00:00+00:00,907.88,925.15,32.21,49.28,1.85,TNP_0009,2,2016
2016-10-03 07:00:00+00:00,842.65,869.0,33.19,45.93,1.81,TNP_0009,2,2016
2016-10-03 08:00:00+00:00,709.8,739.38,33.99,43.43,1.83,TNP_0009,2,2016
2016-10-03 09:00:00+00:00,536.4,556.6,34.04,42.73,1.89,TNP_0009,2,2016
2016-10-03 10:00:00+00:00,317.38,330.25,33.59,43.24,2.04,TNP_0009,2,2016
2016-10-03 11:00:00+00:00,114.05,117.97,32.22,48.46,2.15,TNP_0009,2,2016
2016-10-03 12:00:00+00:00,6.7,6.93,29.08,67.53,2.3,TNP_0009,2,2016
2016-10-03 13:00:00+00:00,0.0,0.0,27.36,73.1,3.18,TNP_0009,2,2016
2016-10-03 14:00:00+00:00,0.0,0.0,26.48,77.76,3.47,TNP_0009,2,2016
2016-10-03 15:00:00+00:00,0.0,0.0,25.69,83.32,3.47,TNP_0009,2,2016
2016-10-03 16:00:00+00:00,0.0,0.0,25.02,88.44,3.28,TNP_0009,2,2016
2016-10-03 17:00:00+00:00,0.0,0.0,24.54,92.15,3.02,TNP_0009,2,2016
2016-10-03 18:00:00+00:00,0.0,0.0,24.23,94.45,2.81,TNP_0009,2,2016
2016-10-03 19:00:00+00:00,0.0,0.0,24.05,95.53,2.65,TNP_0009,2,2016
2016-10-03 20:00:00+00:00,0.0,0.0,23.91,96.1,2.36,TNP_0009,2,2016
2016-10-03 21:00:00+00:00,0.0,0.0,23.76,96.43,2.06,TNP_0009,2,2016
2016-10-03 22:00:00+00:00,0.0,0.0,23.54,96.83,1.81,TNP_0009,2,2016
2016-10-03 23:00:00+00:00,0.0,0.0,23.28,96.99,1.65,TNP_0009,2,2016
2016-10-04 00:00:00+00:00,5.1,6.12,22.99,96.89,1.63,TNP_0009,2,2016
2016-10-04 01:00:00+00:00,89.7,118.38,24.16,90.87,2.22,TNP_0009,2,2016
2016-10-04 02:00:00+00:00,227.1,329.92,26.08,79.5,2.44,TNP_0009,2,2016
2016-10-04 03:00:00+00:00,383.33,555.4,28.89,63.77,2.27,TNP_0009,2,2016
2016-10-04 04:00:00+00:00,524.35,740.38,31.03,54.39,1.89,TNP_0009,2,2016
2016-10-04 05:00:00+00:00,664.42,856.9,32.49,49.11,1.64,TNP_0009,2,2016
2016-10-04 06:00:00+00:00,776.88,903.78,33.23,46.36,1.39,TNP_0009,2,2016
2016-10-04 07:00:00+00:00,727.95,853.83,33.61,44.85,1.07,TNP_0009,2,2016
2016-10-04 08:00:00+00:00,546.38,731.35,33.58,44.76,0.96,TNP_0009,2,2016
2016-10-04 09:00:00+00:00,444.83,550.58,32.97,46.64,1.31,TNP_0009,2,2016
2016-10-04 10:00:00+00:00,253.95,337.05,32.14,50.07,1.86,TNP_0009,2,2016
2016-10-04 11:00:00+00:00,96.68,125.45,30.98,55.92,1.99,TNP_0009,2,2016
2016-10-04 12:00:00+00:00,5.47,7.05,29.01,71.26,1.59,TNP_0009,2,2016
2016-10-04 13:00:00+00:00,0.0,0.0,27.91,78.24,1.48,TNP_0009,2,2016
2016-10-04 14:00:00+00:00,0.0,0.0,27.44,80.57,1.32,TNP_0009,2,2016
2016-10-04 15:00:00+00:00,0.0,0.0,26.96,81.83,1.25,TNP_0009,2,2016
2016-10-04 16:00:00+00:00,0.0,0.0,26.41,83.33,1.35,TNP_0009,2,2016
2016-10-04 17:00:00+00:00,0.0,0.0,25.8,86.29,1.52,TNP_0009,2,2016
2016-10-04 18:00:00+00:00,0.0,0.0,25.18,89.82,1.7,TNP_0009,2,2016
2016-10-04 19:00:00+00:00,0.0,0.0,24.72,92.67,1.97,TNP_0009,2,2016
2016-10-04 20:00:00+00:00,0.0,0.0,24.43,93.74,2.14,TNP_0009,2,2016
2016-10-04 21:00:00+00:00,0.0,0.0,24.14,93.4,2.2,TNP_0009,2,2016
2016-10-04 22:00:00+00:00,0.0,0.0,23.82,92.14,2.29,TNP_0009,2,2016
2016-10-04 23:00:00+00:00,0.0,0.0,23.43,91.15,2.4,TNP_0009,2,2016
2016-10-05 00:00:00+00:00,5.82,6.78,23.06,90.58,2.44,TNP_0009,2,2016
2016-10-05 01:00:00+00:00,94.65,136.82,23.78,85.62,3.37,TNP_0009,2,2016
2016-10-05 02:00:00+00:00,240.23,370.48,25.49,76.58,3.92,TNP_0009,2,2016
2016-10-05 03:00:00+00:00,443.52,599.92,28.43,62.53,4.0,TNP_0009,2,2016
2016-10-05 04:00:00+00:00,592.47,784.05,30.9,53.85,3.16,TNP_0009,2,2016
2016-10-05 05:00:00+00:00,820.15,902.83,32.51,48.76,2.49,TNP_0009,2,2016
2016-10-05 06:00:00+00:00,885.2,933.03,33.71,44.93,2.12,TNP_0009,2,2016
2016-10-05 07:00:00+00:00,870.22,896.67,34.55,42.03,1.91,TNP_0009,2,2016
2016-10-05 08:00:00+00:00,763.58,785.78,34.93,40.24,1.71,TNP_0009,2,2016
2016-10-05 09:00:00+00:00,599.97,609.75,34.78,39.57,1.48,TNP_0009,2,2016
2016-10-05 10:00:00+00:00,374.42,387.05,34.03,40.87,1.03,TNP_0009,2,2016
2016-10-05 11:00:00+00:00,146.4,151.75,33.08,44.46,0.6,TNP_0009,2,2016
2016-10-05 12:00:00+00:00,7.47,7.68,30.7,62.82,1.05,TNP_0009,2,2016
2016-10-05 13:00:00+00:00,0.0,0.0,29.01,69.45,1.54,TNP_0009,2,2016
2016-10-05 14:00:00+00:00,0.0,0.0,28.01,73.15,1.62,TNP_0009,2,2016
2016-10-05 15:00:00+00:00,0.0,0.0,27.17,78.07,1.34,TNP_0009,2,2016
2016-10-05 16:00:00+00:00,0.0,0.0,26.46,82.42,0.93,TNP_0009,2,2016
2016-10-05 17:00:00+00:00,0.0,0.0,25.87,85.2,0.94,TNP_0009,2,2016
2016-10-05 18:00:00+00:00,0.0,0.0,25.31,86.91,1.36,TNP_0009,2,2016
2016-10-05 19:00:00+00:00,0.0,0.0,24.87,87.05,1.71,TNP_0009,2,2016
2016-10-05 20:00:00+00:00,0.0,0.0,24.51,86.37,1.83,TNP_0009,2,2016
2016-10-05 21:00:00+00:00,0.0,0.0,24.08,85.71,1.82,TNP_0009,2,2016
2016-10-05 22:00:00+00:00,0.0,0.0,23.65,85.22,1.87,TNP_0009,2,2016
2016-10-05 23:00:00+00:00,0.0,0.0,23.23,84.94,2.06,TNP_0009,2,2016
2016-10-06 00:00:00+00:00,6.28,7.22,22.88,84.77,2.39,TNP_0009,2,2016
2016-10-06 01:00:00+00:00,134.98,147.3,23.78,78.56,3.48,TNP_0009,2,2016
2016-10-06 02:00:00+00:00,348.45,383.42,26.01,66.65,4.16,TNP_0009,2,2016
2016-10-06 03:00:00+00:00,605.3,609.0,29.04,54.0,3.92,TNP_0009,2,2016
2016-10-06 04:00:00+00:00,785.05,788.5,30.74,48.8,3.06,TNP_0009,2,2016
2016-10-06 05:00:00+00:00,901.3,902.45,31.87,45.53,2.47,TNP_0009,2,2016
2016-10-06 06:00:00+00:00,931.05,939.75,32.89,42.72,1.91,TNP_0009,2,2016
2016-10-06 07:00:00+00:00,863.85,901.17,33.68,40.35,1.49,TNP_0009,2,2016
2016-10-06 08:00:00+00:00,720.28,788.03,33.98,39.26,1.41,TNP_0009,2,2016
2016-10-06 09:00:00+00:00,582.38,610.62,33.84,39.12,1.29,TNP_0009,2,2016
2016-10-06 10:00:00+00:00,354.12,387.2,33.66,39.62,0.92,TNP_0009,2,2016
2016-10-06 11:00:00+00:00,140.95,151.43,32.84,43.77,0.77,TNP_0009,2,2016
2016-10-06 12:00:00+00:00,6.82,7.4,30.36,60.98,1.3,TNP_0009,2,2016
2016-10-06 13:00:00+00:00,0.0,0.0,28.44,69.13,2.3,TNP_0009,2,2016
2016-10-06 14:00:00+00:00,0.0,0.0,27.45,72.75,2.47,TNP_0009,2,2016
2016-10-06 15:00:00+00:00,0.0,0.0,26.57,78.25,2.16,TNP_0009,2,2016
2016-10-06 16:00:00+00:00,0.0,0.0,25.86,83.58,1.72,TNP_0009,2,2016
2016-10-06 17:00:00+00:00,0.0,0.0,25.38,87.47,1.29,TNP_0009,2,2016
2016-10-06 18:00:00+00:00,0.0,0.0,25.04,90.21,0.94,TNP_0009,2,2016
2016-10-06 19:00:00+00:00,0.0,0.0,24.63,91.81,1.06,TNP_0009,2,2016
2016-10-06 20:00:00+00:00,0.0,0.0,24.28,91.18,1.43,TNP_0009,2,2016
2016-10-06 21:00:00+00:00,0.0,0.0,23.99,88.93,1.69,TNP_0009,2,2016
2016-10-06 22:00:00+00:00,0.0,0.0,23.64,86.51,1.92,TNP_0009,2,2016
2016-10-06 23:00:00+00:00,0.0,0.0,23.25,84.53,2.17,TNP_0009,2,2016
2016-10-07 00:00:00+00:00,6.43,7.65,22.83,83.42,2.48,TNP_0009,2,2016
2016-10-07 01:00:00+00:00,107.07,157.8,23.71,76.25,3.71,TNP_0009,2,2016
2016-10-07 02:00:00+00:00,284.73,397.83,25.87,64.18,4.26,TNP_0009,2,2016
2016-10-07 03:00:00+00:00,446.58,621.5,28.73,51.09,3.92,TNP_0009,2,2016
2016-10-07 04:00:00+00:00,282.05,797.38,30.68,45.95,2.85,TNP_0009,2,2016
2016-10-07 05:00:00+00:00,793.78,912.25,32.17,42.15,2.12,TNP_0009,2,2016
2016-10-07 06:00:00+00:00,818.88,937.5,33.5,38.61,1.48,TNP_0009,2,2016
2016-10-07 07:00:00+00:00,662.1,896.58,34.44,36.11,0.82,TNP_0009,2,2016
2016-10-07 08:00:00+00:00,597.85,780.1,34.95,34.62,0.35,TNP_0009,2,2016
2016-10-07 09:00:00+00:00,345.4,598.17,34.92,34.35,0.68,TNP_0009,2,2016
2016-10-07 10:00:00+00:00,205.93,370.83,34.36,35.25,1.2,TNP_0009,2,2016
2016-10-07 11:00:00+00:00,82.5,136.6,32.95,41.03,1.73,TNP_0009,2,2016
2016-10-07 12:00:00+00:00,5.18,6.45,30.01,58.4,2.16,TNP_0009,2,2016
2016-10-07 13:00:00+00:00,0.0,0.0,28.49,63.34,2.81,TNP_0009,2,2016
2016-10-07 14:00:00+00:00,0.0,0.0,27.59,68.42,2.78,TNP_0009,2,2016
2016-10-07 15:00:00+00:00,0.0,0.0,26.81,74.58,2.33,TNP_0009,2,2016
2016-10-07 16:00:00+00:00,0.0,0.0,26.17,80.03,1.89,TNP_0009,2,2016
2016-10-07 17:00:00+00:00,0.0,0.0,25.68,84.26,1.55,TNP_0009,2,2016
2016-10-07 18:00:00+00:00,0.0,0.0,25.23,86.66,1.35,TNP_0009,2,2016
2016-10-07 19:00:00+00:00,0.0,0.0,24.79,86.69,1.37,TNP_0009,2,2016
2016-10-07 20:00:00+00:00,0.0,0.0,24.24,85.55,1.6,TNP_0009,2,2016
2016-10-07 21:00:00+00:00,0.0,0.0,23.63,85.27,1.77,TNP_0009,2,2016
2016-10-07 22:00:00+00:00,0.0,0.0,23.12,85.16,1.89,TNP_0009,2,2016
2016-10-07 23:00:00+00:00,0.0,0.0,22.66,85.08,2.12,TNP_0009,2,2016
2016-10-08 00:00:00+00:00,6.85,6.85,22.35,85.1,2.41,TNP_0009,2,2016
2016-10-08 01:00:00+00:00,138.07,141.73,23.56,78.14,3.61,TNP_0009,2,2016
2016-10-08 02:00:00+00:00,368.05,376.58,25.99,68.0,3.82,TNP_0009,2,2016
2016-10-08 03:00:00+00:00,601.33,604.67,29.38,54.89,3.56,TNP_0009,2,2016
2016-10-08 04:00:00+00:00,783.88,787.47,31.97,45.92,2.86,TNP_0009,2,2016
2016-10-08 05:00:00+00:00,904.62,905.08,33.93,39.65,2.4,TNP_0009,2,2016
2016-10-08 06:00:00+00:00,934.53,936.47,35.43,35.25,2.27,TNP_0009,2,2016
2016-10-08 07:00:00+00:00,891.55,897.25,36.44,32.25,2.39,TNP_0009,2,2016
2016-10-08 08:00:00+00:00,738.15,781.95,36.92,30.49,2.51,TNP_0009,2,2016
2016-10-08 09:00:00+00:00,576.53,602.67,36.71,29.94,2.56,TNP_0009,2,2016
2016-10-08 10:00:00+00:00,340.88,377.6,35.97,31.04,2.67,TNP_0009,2,2016
2016-10-08 11:00:00+00:00,122.38,142.82,34.11,37.61,2.39,TNP_0009,2,2016
2016-10-08 12:00:00+00:00,5.65,6.4,30.72,56.47,2.17,TNP_0009,2,2016
2016-10-08 13:00:00+00:00,0.0,0.0,29.18,61.13,2.51,TNP_0009,2,2016
2016-10-08 14:00:00+00:00,0.0,0.0,28.31,65.04,2.75,TNP_0009,2,2016
2016-10-08 15:00:00+00:00,0.0,0.0,27.44,70.73,2.55,TNP_0009,2,2016
2016-10-08 16:00:00+00:00,0.0,0.0,26.81,76.04,2.03,TNP_0009,2,2016
2016-10-08 17:00:00+00:00,0.0,0.0,26.36,80.36,1.52,TNP_0009,2,2016
2016-10-08 18:00:00+00:00,0.0,0.0,26.1,82.89,1.1,TNP_0009,2,2016
2016-10-08 19:00:00+00:00,0.0,0.0,25.77,84.2,0.75,TNP_0009,2,2016
2016-10-08 20:00:00+00:00,0.0,0.0,25.23,85.05,0.96,TNP_0009,2,2016
2016-10-08 21:00:00+00:00,0.0,0.0,24.77,85.65,1.46,TNP_0009,2,2016
2016-10-08 22:00:00+00:00,0.0,0.0,24.29,86.62,1.89,TNP_0009,2,2016
2016-10-08 23:00:00+00:00,0.0,0.0,24.03,87.0,2.19,TNP_0009,2,2016
2016-10-09 00:00:00+00:00,6.4,7.32,23.84,86.96,2.38,TNP_0009,2,2016
2016-10-09 01:00:00+00:00,130.8,153.8,24.94,80.35,3.37,TNP_0009,2,2016
2016-10-09 02:00:00+00:00,346.67,392.58,26.65,70.17,3.82,TNP_0009,2,2016
2016-10-09 03:00:00+00:00,597.45,617.12,28.62,58.83,3.76,TNP_0009,2,2016
2016-10-09 04:00:00+00:00,778.58,794.58,30.42,51.32,3.28,TNP_0009,2,2016
2016-10-09 05:00:00+00:00,857.58,907.28,31.98,46.52,3.07,TNP_0009,2,2016
2016-10-09 06:00:00+00:00,925.47,945.9,33.35,42.98,3.23,TNP_0009,2,2016
2016-10-09 07:00:00+00:00,817.5,906.12,34.55,39.84,3.59,TNP_0009,2,2016
2016-10-09 08:00:00+00:00,665.22,791.8,35.25,37.81,3.92,TNP_0009,2,2016
2016-10-09 09:00:00+00:00,522.62,613.28,34.99,37.91,4.05,TNP_0009,2,2016
2016-10-09 10:00:00+00:00,297.77,388.12,34.09,40.19,3.85,TNP_0009,2,2016
2016-10-09 11:00:00+00:00,116.57,149.2,32.48,48.3,2.93,TNP_0009,2,2016
2016-10-09 12:00:00+00:00,5.0,6.38,29.73,68.6,1.97,TNP_0009,2,2016
2016-10-09 13:00:00+00:00,0.0,0.0,28.56,73.39,1.81,TNP_0009,2,2016
2016-10-09 14:00:00+00:00,0.0,0.0,27.92,76.58,1.66,TNP_0009,2,2016
2016-10-09 15:00:00+00:00,0.0,0.0,27.28,79.58,1.55,TNP_0009,2,2016
2016-10-09 16:00:00+00:00,0.0,0.0,26.62,82.78,1.47,TNP_0009,2,2016
2016-10-09 17:00:00+00:00,0.0,0.0,26.07,85.57,1.44,TNP_0009,2,2016
2016-10-09 18:00:00+00:00,0.0,0.0,25.56,87.84,1.5,TNP_0009,2,2016
2016-10-09 19:00:00+00:00,0.0,0.0,25.04,89.61,1.71,TNP_0009,2,2016
2016-10-09 20:00:00+00:00,0.0,0.0,24.59,90.64,1.95,TNP_0009,2,2016
2016-10-09 21:00:00+00:00,0.0,0.0,24.22,91.05,2.25,TNP_0009,2,2016
2016-10-09 22:00:00+00:00,0.0,0.0,23.89,91.03,2.55,TNP_0009,2,2016
2016-10-09 23:00:00+00:00,0.0,0.0,23.56,90.9,2.83,TNP_0009,2,2016
2016-10-10 00:00:00+00:00,6.85,7.4,23.25,90.84,2.99,TNP_0009,2,2016
2016-10-10 01:00:00+00:00,143.07,152.52,24.02,86.16,4.0,TNP_0009,2,2016
2016-10-10 02:00:00+00:00,380.45,391.65,26.29,72.83,5.37,TNP_0009,2,2016
2016-10-10 03:00:00+00:00,615.47,617.8,29.47,57.09,6.12,TNP_0009,2,2016
2016-10-10 04:00:00+00:00,793.9,796.5,32.01,48.43,5.6,TNP_0009,2,2016
2016-10-10 05:00:00+00:00,910.3,910.45,33.65,43.65,4.84,TNP_0009,2,2016
2016-10-10 06:00:00+00:00,938.28,945.8,34.39,41.43,4.19,TNP_0009,2,2016
2016-10-10 07:00:00+00:00,847.45,903.35,34.67,40.37,3.7,TNP_0009,2,2016
2016-10-10 08:00:00+00:00,693.2,787.38,34.85,39.87,3.36,TNP_0009,2,2016
2016-10-10 09:00:00+00:00,483.65,607.8,34.71,40.27,2.99,TNP_0009,2,2016
2016-10-10 10:00:00+00:00,272.7,382.75,34.3,41.68,2.54,TNP_0009,2,2016
2016-10-10 11:00:00+00:00,96.53,144.95,33.22,47.27,1.99,TNP_0009,2,2016
2016-10-10 12:00:00+00:00,4.53,5.95,30.87,64.64,1.55,TNP_0009,2,2016
2016-10-10 13:00:00+00:00,0.0,0.0,29.78,68.39,1.47,TNP_0009,2,2016
2016-10-10 14:00:00+00:00,0.0,0.0,28.7,74.7,1.3,TNP_0009,2,2016
2016-10-10 15:00:00+00:00,0.0,0.0,27.78,80.07,1.07,TNP_0009,2,2016
2016-10-10 16:00:00+00:00,0.0,0.0,27.06,83.68,0.86,TNP_0009,2,2016
2016-10-10 17:00:00+00:00,0.0,0.0,26.45,85.52,0.9,TNP_0009,2,2016
2016-10-10 18:00:00+00:00,0.0,0.0,25.85,87.32,1.23,TNP_0009,2,2016
2016-10-10 19:00:00+00:00,0.0,0.0,25.33,89.28,1.73,TNP_0009,2,2016
2016-10-10 20:00:00+00:00,0.0,0.0,24.93,90.69,2.09,TNP_0009,2,2016
2016-10-10 21:00:00+00:00,0.0,0.0,24.64,91.9,2.08,TNP_0009,2,2016
2016-10-10 22:00:00+00:00,0.0,0.0,24.41,92.85,2.0,TNP_0009,2,2016
2016-10-10 23:00:00+00:00,0.0,0.0,24.24,93.24,2.0,TNP_0009,2,2016
2016-10-11 00:00:00+00:00,4.25,7.2,24.03,93.68,2.03,TNP_0009,2,2016
2016-10-11 01:00:00+00:00,66.85,152.9,24.7,89.96,2.96,TNP_0009,2,2016
2016-10-11 02:00:00+00:00,165.88,392.52,26.41,80.34,3.77,TNP_0009,2,2016
2016-10-11 03:00:00+00:00,314.9,616.83,29.49,62.83,4.36,TNP_0009,2,2016
2016-10-11 04:00:00+00:00,486.27,793.4,32.04,51.92,3.83,TNP_0009,2,2016
2016-10-11 05:00:00+00:00,628.6,905.88,33.58,46.2,3.16,TNP_0009,2,2016
2016-10-11 06:00:00+00:00,766.92,907.15,34.49,42.7,2.65,TNP_0009,2,2016
2016-10-11 07:00:00+00:00,761.33,869.22,34.83,40.79,2.19,TNP_0009,2,2016
2016-10-11 08:00:00+00:00,620.58,755.22,34.69,40.19,1.88,TNP_0009,2,2016
2016-10-11 09:00:00+00:00,509.7,576.78,34.32,40.89,1.84,TNP_0009,2,2016
2016-10-11 10:00:00+00:00,304.23,354.15,33.62,43.59,1.82,TNP_0009,2,2016
2016-10-11 11:00:00+00:00,106.28,127.9,32.6,49.1,1.59,TNP_0009,2,2016
2016-10-11 12:00:00+00:00,4.4,5.18,30.46,67.41,1.38,TNP_0009,2,2016
2016-10-11 13:00:00+00:00,0.0,0.0,29.1,74.5,1.5,TNP_0009,2,2016
2016-10-11 14:00:00+00:00,0.0,0.0,28.39,76.53,1.56,TNP_0009,2,2016
2016-10-11 15:00:00+00:00,0.0,0.0,27.64,78.66,1.75,TNP_0009,2,2016
2016-10-11 16:00:00+00:00,0.0,0.0,26.96,79.89,1.98,TNP_0009,2,2016
2016-10-11 17:00:00+00:00,0.0,0.0,26.49,80.22,2.2,TNP_0009,2,2016
2016-10-11 18:00:00+00:00,0.0,0.0,26.04,81.14,2.56,TNP_0009,2,2016
2016-10-11 19:00:00+00:00,0.0,0.0,25.49,83.39,2.99,TNP_0009,2,2016
2016-10-11 20:00:00+00:00,0.0,0.0,25.02,86.17,3.07,TNP_0009,2,2016
2016-10-11 21:00:00+00:00,0.0,0.0,24.67,88.92,2.69,TNP_0009,2,2016
2016-10-11 22:00:00+00:00,0.0,0.0,24.43,90.86,2.35,TNP_0009,2,2016
2016-10-11 23:00:00+00:00,0.0,0.0,24.25,92.1,2.23,TNP_0009,2,2016
2016-10-12 00:00:00+00:00,6.25,6.75,24.14,92.67,2.18,TNP_0009,2,2016
2016-10-12 01:00:00+00:00,113.3,135.68,24.77,89.71,2.73,TNP_0009,2,2016
2016-10-12 02:00:00+00:00,294.4,359.25,25.92,83.75,3.25,TNP_0009,2,2016
2016-10-12 03:00:00+00:00,518.17,577.4,27.82,72.48,3.3,TNP_0009,2,2016
2016-10-12 04:00:00+00:00,683.33,751.5,29.82,61.66,2.62,TNP_0009,2,2016
2016-10-12 05:00:00+00:00,809.17,860.88,31.57,54.18,2.12,TNP_0009,2,2016
2016-10-12 06:00:00+00:00,805.67,875.95,32.72,49.8,2.08,TNP_0009,2,2016
2016-10-12 07:00:00+00:00,753.6,830.12,33.37,47.1,2.17,TNP_0009,2,2016
2016-10-12 08:00:00+00:00,607.28,661.88,33.59,45.56,2.23,TNP_0009,2,2016
2016-10-12 09:00:00+00:00,409.83,480.3,33.24,45.95,1.86,TNP_0009,2,2016
2016-10-12 10:00:00+00:00,249.68,284.35,32.49,48.19,1.52,TNP_0009,2,2016
2016-10-12 11:00:00+00:00,88.4,97.22,31.39,54.0,1.24,TNP_0009,2,2016
2016-10-12 12:00:00+00:00,3.58,4.28,29.45,69.59,1.12,TNP_0009,2,2016
2016-10-12 13:00:00+00:00,0.0,0.0,28.21,78.05,1.14,TNP_0009,2,2016
2016-10-12 14:00:00+00:00,0.0,0.0,27.56,80.42,1.18,TNP_0009,2,2016
2016-10-12 15:00:00+00:00,0.0,0.0,27.01,83.51,1.1,TNP_0009,2,2016
2016-10-12 16:00:00+00:00,0.0,0.0,26.57,86.35,0.96,TNP_0009,2,2016
2016-10-12 17:00:00+00:00,0.0,0.0,26.27,87.47,0.82,TNP_0009,2,2016
2016-10-12 18:00:00+00:00,0.0,0.0,25.93,87.87,0.83,TNP_0009,2,2016
2016-10-12 19:00:00+00:00,0.0,0.0,25.49,88.89,0.96,TNP_0009,2,2016
2016-10-12 20:00:00+00:00,0.0,0.0,24.93,90.77,1.24,TNP_0009,2,2016
2016-10-12 21:00:00+00:00,0.0,0.0,24.43,91.84,1.47,TNP_0009,2,2016
2016-10-12 22:00:00+00:00,0.0,0.0,24.15,92.24,1.65,TNP_0009,2,2016
2016-10-12 23:00:00+00:00,0.0,0.0,23.94,92.27,1.79,TNP_0009,2,2016
2016-10-13 00:00:00+00:00,5.35,5.93,23.79,92.04,1.95,TNP_0009,2,2016
2016-10-13 01:00:00+00:00,105.4,113.62,24.52,88.88,2.23,TNP_0009,2,2016
2016-10-13 02:00:00+00:00,293.35,318.42,26.09,79.78,2.33,TNP_0009,2,2016
2016-10-13 03:00:00+00:00,520.75,538.62,28.65,63.13,1.35,TNP_0009,2,2016
2016-10-13 04:00:00+00:00,700.3,719.25,30.58,51.94,1.79,TNP_0009,2,2016
2016-10-13 05:00:00+00:00,762.67,832.15,31.69,47.79,2.28,TNP_0009,2,2016
2016-10-13 06:00:00+00:00,843.75,867.55,32.21,45.93,2.48,TNP_0009,2,2016
2016-10-13 07:00:00+00:00,796.38,829.05,32.56,44.53,2.6,TNP_0009,2,2016
2016-10-13 08:00:00+00:00,588.78,715.85,32.61,43.84,2.63,TNP_0009,2,2016
2016-10-13 09:00:00+00:00,446.0,528.38,32.23,44.31,2.61,TNP_0009,2,2016
2016-10-13 10:00:00+00:00,283.9,314.92,31.51,46.35,2.57,TNP_0009,2,2016
2016-10-13 11:00:00+00:00,95.15,104.12,30.33,53.18,2.07,TNP_0009,2,2016
2016-10-13 12:00:00+00:00,4.22,4.22,27.99,70.05,1.89,TNP_0009,2,2016
2016-10-13 13:00:00+00:00,0.0,0.0,26.73,73.93,2.19,TNP_0009,2,2016
2016-10-13 14:00:00+00:00,0.0,0.0,26.03,75.74,2.32,TNP_0009,2,2016
2016-10-13 15:00:00+00:00,0.0,0.0,25.43,78.83,2.33,TNP_0009,2,2016
2016-10-13 16:00:00+00:00,0.0,0.0,24.91,83.07,2.05,TNP_0009,2,2016
2016-10-13 17:00:00+00:00,0.0,0.0,24.53,86.72,1.7,TNP_0009,2,2016
2016-10-13 18:00:00+00:00,0.0,0.0,24.34,88.08,1.48,TNP_0009,2,2016
2016-10-13 19:00:00+00:00,0.0,0.0,24.24,88.24,1.21,TNP_0009,2,2016
2016-10-13 20:00:00+00:00,0.0,0.0,24.13,87.99,1.04,TNP_0009,2,2016
2016-10-13 21:00:00+00:00,0.0,0.0,24.02,87.46,0.89,TNP_0009,2,2016
2016-10-13 22:00:00+00:00,0.0,0.0,23.86,87.06,0.74,TNP_0009,2,2016
2016-10-13 23:00:00+00:00,0.0,0.0,23.53,87.64,0.71,TNP_0009,2,2016
2016-10-14 00:00:00+00:00,6.0,6.18,23.28,88.07,0.85,TNP_0009,2,2016
2016-10-14 01:00:00+00:00,114.12,124.1,24.17,85.68,1.12,TNP_0009,2,2016
2016-10-14 02:00:00+00:00,294.45,341.98,27.05,66.54,1.17,TNP_0009,2,2016
2016-10-14 03:00:00+00:00,542.25,569.47,29.71,51.85,2.24,TNP_0009,2,2016
2016-10-14 04:00:00+00:00,743.47,752.67,31.34,46.04,2.85,TNP_0009,2,2016
2016-10-14 05:00:00+00:00,865.72,870.17,32.67,41.9,3.1,TNP_0009,2,2016
2016-10-14 06:00:00+00:00,822.12,872.05,33.73,38.75,3.22,TNP_0009,2,2016
2016-10-14 07:00:00+00:00,672.88,831.83,34.46,36.52,3.27,TNP_0009,2,2016
2016-10-14 08:00:00+00:00,650.3,714.35,34.93,34.85,3.3,TNP_0009,2,2016
2016-10-14 09:00:00+00:00,483.12,533.05,34.69,34.39,3.38,TNP_0009,2,2016
2016-10-14 10:00:00+00:00,285.48,313.2,33.83,35.25,3.56,TNP_0009,2,2016
2016-10-14 11:00:00+00:00,102.3,106.18,32.03,41.14,3.28,TNP_0009,2,2016
2016-10-14 12:00:00+00:00,4.03,4.07,28.9,56.38,2.81,TNP_0009,2,2016
2016-10-14 13:00:00+00:00,0.0,0.0,27.28,61.47,3.35,TNP_0009,2,2016
2016-10-14 14:00:00+00:00,0.0,0.0,26.29,66.64,3.57,TNP_0009,2,2016
2016-10-14 15:00:00+00:00,0.0,0.0,25.24,73.85,3.02,TNP_0009,2,2016
2016-10-14 16:00:00+00:00,0.0,0.0,24.31,80.69,2.22,TNP_0009,2,2016
2016-10-14 17:00:00+00:00,0.0,0.0,23.69,85.4,1.71,TNP_0009,2,2016
2016-10-14 18:00:00+00:00,0.0,0.0,23.33,87.34,1.33,TNP_0009,2,2016
2016-10-14 19:00:00+00:00,0.0,0.0,22.98,87.66,1.2,TNP_0009,2,2016
2016-10-14 20:00:00+00:00,0.0,0.0,22.37,89.3,1.47,TNP_0009,2,2016
2016-10-14 21:00:00+00:00,0.0,0.0,21.93,89.65,1.68,TNP_0009,2,2016
2016-10-14 22:00:00+00:00,0.0,0.0,21.47,89.86,1.86,TNP_0009,2,2016
2016-10-14 23:00:00+00:00,0.0,0.0,21.1,89.55,2.02,TNP_0009,2,2016
2016-10-15 00:00:00+00:00,6.28,6.28,20.79,88.82,2.16,TNP_0009,2,2016
2016-10-15 01:00:00+00:00,132.45,133.3,22.56,78.12,2.9,TNP_0009,2,2016
2016-10-15 02:00:00+00:00,330.9,332.88,25.86,61.28,3.21,TNP_0009,2,2016
2016-10-15 03:00:00+00:00,552.7,555.67,28.66,52.3,3.78,TNP_0009,2,2016
2016-10-15 04:00:00+00:00,740.97,743.97,30.58,46.39,3.7,TNP_0009,2,2016
2016-10-15 05:00:00+00:00,867.3,872.58,32.21,41.27,3.46,TNP_0009,2,2016
2016-10-15 06:00:00+00:00,865.88,906.72,33.5,37.01,3.25,TNP_0009,2,2016
2016-10-15 07:00:00+00:00,801.62,864.8,34.38,33.62,3.18,TNP_0009,2,2016
2016-10-15 08:00:00+00:00,655.97,744.83,34.74,31.49,3.25,TNP_0009,2,2016
2016-10-15 09:00:00+00:00,534.45,561.05,34.5,30.75,3.43,TNP_0009,2,2016
2016-10-15 10:00:00+00:00,316.35,334.8,33.62,31.7,3.64,TNP_0009,2,2016
2016-10-15 11:00:00+00:00,111.03,114.28,31.87,37.17,3.66,TNP_0009,2,2016
2016-10-15 12:00:00+00:00,3.97,4.05,28.11,54.31,3.28,TNP_0009,2,2016
2016-10-15 13:00:00+00:00,0.0,0.0,26.43,61.52,3.97,TNP_0009,2,2016
2016-10-15 14:00:00+00:00,0.0,0.0,25.47,68.93,3.92,TNP_0009,2,2016
2016-10-15 15:00:00+00:00,0.0,0.0,24.63,76.45,3.25,TNP_0009,2,2016
2016-10-15 16:00:00+00:00,0.0,0.0,24.05,81.82,2.52,TNP_0009,2,2016
2016-10-15 17:00:00+00:00,0.0,0.0,23.6,85.59,1.88,TNP_0009,2,2016
2016-10-15 18:00:00+00:00,0.0,0.0,23.27,87.7,1.48,TNP_0009,2,2016
2016-10-15 19:00:00+00:00,0.0,0.0,23.09,87.94,1.18,TNP_0009,2,2016
2016-10-15 20:00:00+00:00,0.0,0.0,23.08,86.8,0.82,TNP_0009,2,2016
2016-10-15 21:00:00+00:00,0.0,0.0,22.72,88.02,0.87,TNP_0009,2,2016
2016-10-15 22:00:00+00:00,0.0,0.0,22.09,91.07,1.27,TNP_0009,2,2016
2016-10-15 23:00:00+00:00,0.0,0.0,21.58,93.11,1.6,TNP_0009,2,2016
2016-10-16 00:00:00+00:00,6.15,6.53,21.22,94.1,1.84,TNP_0009,2,2016
2016-10-16 01:00:00+00:00,128.5,135.6,22.76,85.9,2.59,TNP_0009,2,2016
2016-10-16 02:00:00+00:00,336.85,355.08,25.83,68.37,1.83,TNP_0009,2,2016
2016-10-16 03:00:00+00:00,549.65,566.3,28.49,53.94,1.89,TNP_0009,2,2016
2016-10-16 04:00:00+00:00,735.97,741.88,30.56,45.26,2.44,TNP_0009,2,2016
2016-10-16 05:00:00+00:00,883.3,887.17,32.26,39.37,2.68,TNP_0009,2,2016
2016-10-16 06:00:00+00:00,901.33,922.1,33.58,35.04,2.76,TNP_0009,2,2016
2016-10-16 07:00:00+00:00,816.83,868.05,34.38,32.04,2.84,TNP_0009,2,2016
2016-10-16 08:00:00+00:00,715.25,746.03,34.58,30.35,3.02,TNP_0009,2,2016
2016-10-16 09:00:00+00:00,539.2,554.88,33.81,30.71,3.25,TNP_0009,2,2016
2016-10-16 10:00:00+00:00,306.02,321.77,32.54,33.54,3.48,TNP_0009,2,2016
2016-10-16 11:00:00+00:00,102.97,104.82,30.38,42.96,3.24,TNP_0009,2,2016
2016-10-16 12:00:00+00:00,3.5,3.53,27.53,55.31,3.27,TNP_0009,2,2016
2016-10-16 13:00:00+00:00,0.0,0.0,26.14,61.54,3.74,TNP_0009,2,2016
2016-10-16 14:00:00+00:00,0.0,0.0,25.03,68.79,3.51,TNP_0009,2,2016
2016-10-16 15:00:00+00:00,0.0,0.0,24.05,75.81,2.8,TNP_0009,2,2016
2016-10-16 16:00:00+00:00,0.0,0.0,23.25,81.64,2.11,TNP_0009,2,2016
2016-10-16 17:00:00+00:00,0.0,0.0,22.74,85.2,1.72,TNP_0009,2,2016
2016-10-16 18:00:00+00:00,0.0,0.0,22.51,86.13,1.39,TNP_0009,2,2016
2016-10-16 19:00:00+00:00,0.0,0.0,22.55,84.51,0.99,TNP_0009,2,2016
2016-10-16 20:00:00+00:00,0.0,0.0,22.22,85.59,1.02,TNP_0009,2,2016
2016-10-16 21:00:00+00:00,0.0,0.0,21.56,88.65,1.42,TNP_0009,2,2016
2016-10-16 22:00:00+00:00,0.0,0.0,21.17,90.12,1.74,TNP_0009,2,2016
2016-10-16 23:00:00+00:00,0.0,0.0,20.97,90.32,1.91,TNP_0009,2,2016
2016-10-17 00:00:00+00:00,5.82,5.9,20.8,90.38,2.02,TNP_0009,2,2016
2016-10-17 01:00:00+00:00,117.05,119.05,22.34,82.25,2.59,TNP_0009,2,2016
2016-10-17 02:00:00+00:00,307.95,315.23,25.31,66.62,2.27,TNP_0009,2,2016
2016-10-17 03:00:00+00:00,538.78,545.12,28.2,53.0,2.39,TNP_0009,2,2016
2016-10-17 04:00:00+00:00,725.88,730.45,30.36,44.76,2.62,TNP_0009,2,2016
2016-10-17 05:00:00+00:00,838.47,854.7,32.16,38.87,2.49,TNP_0009,2,2016
2016-10-17 06:00:00+00:00,863.83,886.55,33.6,34.37,2.17,TNP_0009,2,2016
2016-10-17 07:00:00+00:00,792.22,833.47,34.6,30.99,1.79,TNP_0009,2,2016
2016-10-17 08:00:00+00:00,618.03,697.38,35.06,28.88,1.52,TNP_0009,2,2016
2016-10-17 09:00:00+00:00,474.23,489.52,34.92,28.02,1.36,TNP_0009,2,2016
2016-10-17 10:00:00+00:00,258.52,259.67,34.34,28.28,1.4,TNP_0009,2,2016
2016-10-17 11:00:00+00:00,81.5,82.2,32.98,32.72,1.48,TNP_0009,2,2016
2016-10-17 12:00:00+00:00,2.92,2.95,29.26,51.54,1.86,TNP_0009,2,2016
2016-10-17 13:00:00+00:00,0.0,0.0,26.86,59.81,2.58,TNP_0009,2,2016
2016-10-17 14:00:00+00:00,0.0,0.0,25.51,65.14,2.81,TNP_0009,2,2016
2016-10-17 15:00:00+00:00,0.0,0.0,24.52,71.14,2.6,TNP_0009,2,2016
2016-10-17 16:00:00+00:00,0.0,0.0,23.83,77.02,2.21,TNP_0009,2,2016
2016-10-17 17:00:00+00:00,0.0,0.0,23.37,81.56,1.84,TNP_0009,2,2016
2016-10-17 18:00:00+00:00,0.0,0.0,23.0,84.59,1.53,TNP_0009,2,2016
2016-10-17 19:00:00+00:00,0.0,0.0,22.88,84.72,1.08,TNP_0009,2,2016
2016-10-17 20:00:00+00:00,0.0,0.0,22.92,82.86,0.38,TNP_0009,2,2016
2016-10-17 21:00:00+00:00,0.0,0.0,22.5,85.02,0.57,TNP_0009,2,2016
2016-10-17 22:00:00+00:00,0.0,0.0,21.83,88.27,1.19,TNP_0009,2,2016
2016-10-17 23:00:00+00:00,0.0,0.0,21.44,88.98,1.54,TNP_0009,2,2016
2016-10-18 00:00:00+00:00,5.7,5.75,21.19,88.56,1.74,TNP_0009,2,2016
2016-10-18 01:00:00+00:00,120.25,121.5,22.61,79.62,2.32,TNP_0009,2,2016
2016-10-18 02:00:00+00:00,324.58,331.05,25.54,63.86,2.24,TNP_0009,2,2016
2016-10-18 03:00:00+00:00,537.88,540.35,28.54,50.2,2.61,TNP_0009,2,2016
2016-10-18 04:00:00+00:00,715.4,718.05,30.79,41.84,2.92,TNP_0009,2,2016
2016-10-18 05:00:00+00:00,815.88,820.65,32.6,36.49,2.86,TNP_0009,2,2016
2016-10-18 06:00:00+00:00,803.83,812.45,33.99,32.86,2.67,TNP_0009,2,2016
2016-10-18 07:00:00+00:00,757.78,762.83,34.94,30.38,2.5,TNP_0009,2,2016
2016-10-18 08:00:00+00:00,661.25,665.25,35.44,28.78,2.42,TNP_0009,2,2016
2016-10-18 09:00:00+00:00,499.02,503.4,35.38,28.2,2.5,TNP_0009,2,2016
2016-10-18 10:00:00+00:00,289.95,296.2,34.65,28.88,2.7,TNP_0009,2,2016
2016-10-18 11:00:00+00:00,98.32,100.62,32.84,34.8,2.67,TNP_0009,2,2016
2016-10-18 12:00:00+00:00,3.05,3.22,28.93,52.51,2.81,TNP_0009,2,2016
2016-10-18 13:00:00+00:00,0.0,0.0,27.33,56.76,3.44,TNP_0009,2,2016
2016-10-18 14:00:00+00:00,0.0,0.0,26.26,62.43,3.53,TNP_0009,2,2016
2016-10-18 15:00:00+00:00,0.0,0.0,25.18,70.41,2.9,TNP_0009,2,2016
2016-10-18 16:00:00+00:00,0.0,0.0,24.43,76.56,2.22,TNP_0009,2,2016
2016-10-18 17:00:00+00:00,0.0,0.0,23.88,81.27,1.59,TNP_0009,2,2016
2016-10-18 18:00:00+00:00,0.0,0.0,23.53,84.3,1.13,TNP_0009,2,2016
2016-10-18 19:00:00+00:00,0.0,0.0,23.38,84.53,0.78,TNP_0009,2,2016
2016-10-18 20:00:00+00:00,0.0,0.0,23.01,85.45,0.9,TNP_0009,2,2016
2016-10-18 21:00:00+00:00,0.0,0.0,22.49,86.9,1.32,TNP_0009,2,2016
2016-10-18 22:00:00+00:00,0.0,0.0,22.15,86.62,1.63,TNP_0009,2,2016
2016-10-18 23:00:00+00:00,0.0,0.0,21.95,85.78,1.85,TNP_0009,2,2016
2016-10-19 00:00:00+00:00,5.68,5.75,21.79,84.9,2.0,TNP_0009,2,2016
2016-10-19 01:00:00+00:00,117.47,119.12,22.97,77.43,2.38,TNP_0009,2,2016
2016-10-19 02:00:00+00:00,315.48,320.4,25.49,63.15,2.4,TNP_0009,2,2016
2016-10-19 03:00:00+00:00,503.38,505.8,28.5,49.85,1.59,TNP_0009,2,2016
2016-10-19 04:00:00+00:00,666.35,669.9,31.16,39.85,1.46,TNP_0009,2,2016
2016-10-19 05:00:00+00:00,789.38,791.0,33.17,34.24,1.28,TNP_0009,2,2016
2016-10-19 06:00:00+00:00,862.25,872.17,34.55,31.35,1.05,TNP_0009,2,2016
2016-10-19 07:00:00+00:00,821.67,828.25,35.45,29.62,0.92,TNP_0009,2,2016
2016-10-19 08:00:00+00:00,705.15,720.97,35.89,28.61,1.12,TNP_0009,2,2016
2016-10-19 09:00:00+00:00,533.35,544.33,35.7,28.54,1.56,TNP_0009,2,2016
2016-10-19 10:00:00+00:00,302.42,321.55,34.97,29.33,2.09,TNP_0009,2,2016
2016-10-19 11:00:00+00:00,97.25,101.72,33.27,34.71,2.46,TNP_0009,2,2016
2016-10-19 12:00:00+00:00,2.85,2.88,29.71,51.11,2.73,TNP_0009,2,2016
2016-10-19 13:00:00+00:00,0.0,0.0,27.98,55.07,3.47,TNP_0009,2,2016
2016-10-19 14:00:00+00:00,0.0,0.0,26.72,60.63,3.68,TNP_0009,2,2016
2016-10-19 15:00:00+00:00,0.0,0.0,25.45,68.9,3.15,TNP_0009,2,2016
2016-10-19 16:00:00+00:00,0.0,0.0,24.67,74.49,2.69,TNP_0009,2,2016
2016-10-19 17:00:00+00:00,0.0,0.0,24.16,78.29,2.25,TNP_0009,2,2016
2016-10-19 18:00:00+00:00,0.0,0.0,23.92,81.08,1.67,TNP_0009,2,2016
2016-10-19 19:00:00+00:00,0.0,0.0,23.92,82.28,1.05,TNP_0009,2,2016
2016-10-19 20:00:00+00:00,0.0,0.0,23.95,81.4,0.43,TNP_0009,2,2016
2016-10-19 21:00:00+00:00,0.0,0.0,23.92,81.05,0.22,TNP_0009,2,2016
2016-10-19 22:00:00+00:00,0.0,0.0,23.6,82.41,0.74,TNP_0009,2,2016
2016-10-19 23:00:00+00:00,0.0,0.0,23.2,83.63,1.06,TNP_0009,2,2016
2016-10-20 00:00:00+00:00,5.6,5.65,22.84,84.98,1.3,TNP_0009,2,2016
2016-10-20 01:00:00+00:00,111.78,115.03,23.66,79.93,1.61,TNP_0009,2,2016
2016-10-20 02:00:00+00:00,298.1,313.58,25.95,64.63,1.67,TNP_0009,2,2016
2016-10-20 03:00:00+00:00,504.38,507.42,28.65,51.95,1.92,TNP_0009,2,2016
2016-10-20 04:00:00+00:00,664.47,668.45,30.87,44.11,2.19,TNP_0009,2,2016
2016-10-20 05:00:00+00:00,722.62,736.8,32.76,38.47,2.19,TNP_0009,2,2016
2016-10-20 06:00:00+00:00,806.33,838.5,34.25,34.33,2.04,TNP_0009,2,2016
2016-10-20 07:00:00+00:00,737.67,790.33,35.28,31.38,1.75,TNP_0009,2,2016
2016-10-20 08:00:00+00:00,596.28,666.17,35.81,29.46,1.44,TNP_0009,2,2016
2016-10-20 09:00:00+00:00,477.9,494.08,35.75,28.63,1.16,TNP_0009,2,2016
2016-10-20 10:00:00+00:00,271.23,289.7,35.06,29.07,0.95,TNP_0009,2,2016
2016-10-20 11:00:00+00:00,90.93,95.43,33.55,33.84,1.12,TNP_0009,2,2016
2016-10-20 12:00:00+00:00,2.72,2.75,30.27,50.06,2.28,TNP_0009,2,2016
2016-10-20 13:00:00+00:00,0.0,0.0,28.48,54.43,3.42,TNP_0009,2,2016
2016-10-20 14:00:00+00:00,0.0,0.0,27.47,57.49,4.09,TNP_0009,2,2016
2016-10-20 15:00:00+00:00,0.0,0.0,26.33,64.62,3.74,TNP_0009,2,2016
2016-10-20 16:00:00+00:00,0.0,0.0,25.24,72.62,2.75,TNP_0009,2,2016
2016-10-20 17:00:00+00:00,0.0,0.0,24.56,77.83,1.96,TNP_0009,2,2016
2016-10-20 18:00:00+00:00,0.0,0.0,24.19,79.26,1.17,TNP_0009,2,2016
2016-10-20 19:00:00+00:00,0.0,0.0,23.83,80.19,0.71,TNP_0009,2,2016
2016-10-20 20:00:00+00:00,0.0,0.0,23.3,82.89,0.73,TNP_0009,2,2016
2016-10-20 21:00:00+00:00,0.0,0.0,22.73,85.67,1.11,TNP_0009,2,2016
2016-10-20 22:00:00+00:00,0.0,0.0,22.3,88.19,1.36,TNP_0009,2,2016
2016-10-20 23:00:00+00:00,0.0,0.0,22.01,90.11,1.51,TNP_0009,2,2016
2016-10-21 00:00:00+00:00,5.57,5.65,21.76,91.69,1.65,TNP_0009,2,2016
2016-10-21 01:00:00+00:00,110.62,121.05,23.18,84.96,2.08,TNP_0009,2,2016
2016-10-21 02:00:00+00:00,284.3,337.25,25.89,69.93,1.71,TNP_0009,2,2016
2016-10-21 03:00:00+00:00,496.35,556.33,28.52,54.13,1.43,TNP_0009,2,2016
2016-10-21 04:00:00+00:00,597.33,729.6,30.53,43.94,1.91,TNP_0009,2,2016
2016-10-21 05:00:00+00:00,694.72,837.97,32.13,37.81,1.95,TNP_0009,2,2016
2016-10-21 06:00:00+00:00,693.25,800.83,33.43,33.65,1.74,TNP_0009,2,2016
2016-10-21 07:00:00+00:00,524.58,740.47,34.4,31.01,1.63,TNP_0009,2,2016
2016-10-21 08:00:00+00:00,449.9,590.95,34.74,29.92,1.77,TNP_0009,2,2016
2016-10-21 09:00:00+00:00,290.7,377.6,34.4,29.99,1.96,TNP_0009,2,2016
2016-10-21 10:00:00+00:00,159.38,202.55,33.29,31.97,2.51,TNP_0009,2,2016
2016-10-21 11:00:00+00:00,55.42,68.68,31.69,37.67,3.4,TNP_0009,2,2016
2016-10-21 12:00:00+00:00,0.0,0.0,28.94,50.29,3.86,TNP_0009,2,2016
2016-10-21 13:00:00+00:00,0.0,0.0,27.2,59.38,4.42,TNP_0009,2,2016
2016-10-21 14:00:00+00:00,0.0,0.0,26.08,66.94,3.97,TNP_0009,2,2016
2016-10-21 15:00:00+00:00,0.0,0.0,25.25,73.81,3.0,TNP_0009,2,2016
2016-10-21 16:00:00+00:00,0.0,0.0,24.69,79.39,2.24,TNP_0009,2,2016
2016-10-21 17:00:00+00:00,0.0,0.0,24.29,83.56,1.68,TNP_0009,2,2016
2016-10-21 18:00:00+00:00,0.0,0.0,23.88,87.1,1.2,TNP_0009,2,2016
2016-10-21 19:00:00+00:00,0.0,0.0,23.5,89.12,0.99,TNP_0009,2,2016
2016-10-21 20:00:00+00:00,0.0,0.0,23.26,89.34,0.77,TNP_0009,2,2016
2016-10-21 21:00:00+00:00,0.0,0.0,22.96,89.78,0.75,TNP_0009,2,2016
2016-10-21 22:00:00+00:00,0.0,0.0,22.7,90.32,0.86,TNP_0009,2,2016
2016-10-21 23:00:00+00:00,0.0,0.0,22.44,90.94,0.99,TNP_0009,2,2016
2016-10-22 00:00:00+00:00,3.28,4.35,22.12,91.92,1.17,TNP_0009,2,2016
2016-10-22 01:00:00+00:00,73.28,90.75,23.11,86.46,1.66,TNP_0009,2,2016
2016-10-22 02:00:00+00:00,210.55,265.5,25.8,70.22,1.16,TNP_0009,2,2016
2016-10-22 03:00:00+00:00,433.38,467.92,28.65,55.35,0.81,TNP_0009,2,2016
2016-10-22 04:00:00+00:00,636.88,645.7,31.01,44.64,1.18,TNP_0009,2,2016
2016-10-22 05:00:00+00:00,736.12,748.53,32.84,37.46,1.42,TNP_0009,2,2016
2016-10-22 06:00:00+00:00,746.6,807.0,34.22,32.6,1.4,TNP_0009,2,2016
2016-10-22 07:00:00+00:00,650.42,757.53,34.93,29.8,1.25,TNP_0009,2,2016
2016-10-22 08:00:00+00:00,501.6,644.0,34.9,28.63,1.2,TNP_0009,2,2016
2016-10-22 09:00:00+00:00,410.12,464.55,34.25,29.03,1.76,TNP_0009,2,2016
2016-10-22 10:00:00+00:00,210.55,241.27,33.03,31.83,2.78,TNP_0009,2,2016
2016-10-22 11:00:00+00:00,70.18,78.57,30.89,41.04,3.39,TNP_0009,2,2016
2016-10-22 12:00:00+00:00,0.0,0.0,28.35,52.22,3.94,TNP_0009,2,2016
2016-10-22 13:00:00+00:00,0.0,0.0,26.89,60.02,4.15,TNP_0009,2,2016
2016-10-22 14:00:00+00:00,0.0,0.0,25.91,66.69,3.56,TNP_0009,2,2016
2016-10-22 15:00:00+00:00,0.0,0.0,25.23,72.4,2.84,TNP_0009,2,2016
2016-10-22 16:00:00+00:00,0.0,0.0,24.67,77.98,2.01,TNP_0009,2,2016
2016-10-22 17:00:00+00:00,0.0,0.0,24.23,82.36,1.5,TNP_0009,2,2016
2016-10-22 18:00:00+00:00,0.0,0.0,23.88,85.1,1.33,TNP_0009,2,2016
2016-10-22 19:00:00+00:00,0.0,0.0,23.55,87.28,1.28,TNP_0009,2,2016
2016-10-22 20:00:00+00:00,0.0,0.0,23.23,88.93,1.29,TNP_0009,2,2016
2016-10-22 21:00:00+00:00,0.0,0.0,22.94,90.04,1.26,TNP_0009,2,2016
2016-10-22 22:00:00+00:00,0.0,0.0,22.72,90.43,1.21,TNP_0009,2,2016
2016-10-22 23:00:00+00:00,0.0,0.0,22.56,90.23,1.17,TNP_0009,2,2016
2016-10-23 00:00:00+00:00,4.78,5.0,22.31,90.01,1.29,TNP_0009,2,2016
2016-10-23 01:00:00+00:00,87.62,107.4,23.34,83.06,1.84,TNP_0009,2,2016
2016-10-23 02:00:00+00:00,240.85,309.0,25.79,69.96,1.35,TNP_0009,2,2016
2016-10-23 03:00:00+00:00,413.58,521.3,28.39,57.47,1.29,TNP_0009,2,2016
2016-10-23 04:00:00+00:00,622.17,693.08,30.59,46.45,1.91,TNP_0009,2,2016
2016-10-23 05:00:00+00:00,729.9,803.97,32.48,38.21,2.14,TNP_0009,2,2016
2016-10-23 06:00:00+00:00,783.08,834.45,33.86,32.89,2.04,TNP_0009,2,2016
2016-10-23 07:00:00+00:00,713.22,785.62,34.79,29.45,1.84,TNP_0009,2,2016
2016-10-23 08:00:00+00:00,631.88,639.38,35.29,27.22,1.67,TNP_0009,2,2016
2016-10-23 09:00:00+00:00,437.5,439.65,35.15,26.25,1.54,TNP_0009,2,2016
2016-10-23 10:00:00+00:00,247.43,252.68,34.47,26.43,1.46,TNP_0009,2,2016
2016-10-23 11:00:00+00:00,80.97,81.9,32.79,32.02,1.39,TNP_0009,2,2016
2016-10-23 12:00:00+00:00,0.0,0.0,29.38,49.48,2.05,TNP_0009,2,2016
2016-10-23 13:00:00+00:00,0.0,0.0,27.44,58.08,2.67,TNP_0009,2,2016
2016-10-23 14:00:00+00:00,0.0,0.0,26.33,64.21,2.44,TNP_0009,2,2016
2016-10-23 15:00:00+00:00,0.0,0.0,25.43,70.76,1.96,TNP_0009,2,2016
2016-10-23 16:00:00+00:00,0.0,0.0,24.76,76.5,1.63,TNP_0009,2,2016
2016-10-23 17:00:00+00:00,0.0,0.0,24.25,81.01,1.46,TNP_0009,2,2016
2016-10-23 18:00:00+00:00,0.0,0.0,23.85,84.58,1.32,TNP_0009,2,2016
2016-10-23 19:00:00+00:00,0.0,0.0,23.52,87.23,1.19,TNP_0009,2,2016
2016-10-23 20:00:00+00:00,0.0,0.0,23.19,89.53,1.1,TNP_0009,2,2016
2016-10-23 21:00:00+00:00,0.0,0.0,22.88,90.91,1.1,TNP_0009,2,2016
2016-10-23 22:00:00+00:00,0.0,0.0,22.57,91.39,1.2,TNP_0009,2,2016
2016-10-23 23:00:00+00:00,0.0,0.0,22.13,89.89,1.54,TNP_0009,2,2016
2016-10-24 00:00:00+00:00,5.18,5.2,21.51,86.47,2.01,TNP_0009,2,2016
2016-10-24 01:00:00+00:00,109.45,111.3,22.59,72.62,3.14,TNP_0009,2,2016
2016-10-24 02:00:00+00:00,304.58,318.1,25.5,58.58,3.22,TNP_0009,2,2016
2016-10-24 03:00:00+00:00,527.67,538.12,28.56,47.32,3.19,TNP_0009,2,2016
2016-10-24 04:00:00+00:00,707.08,717.17,30.95,38.07,3.63,TNP_0009,2,2016
2016-10-24 05:00:00+00:00,796.92,826.08,32.82,32.17,3.76,TNP_0009,2,2016
2016-10-24 06:00:00+00:00,823.7,846.83,34.1,28.62,3.59,TNP_0009,2,2016
2016-10-24 07:00:00+00:00,752.45,789.83,34.81,26.66,3.42,TNP_0009,2,2016
2016-10-24 08:00:00+00:00,602.92,650.3,34.9,25.99,3.37,TNP_0009,2,2016
2016-10-24 09:00:00+00:00,422.52,439.7,34.35,26.29,3.55,TNP_0009,2,2016
2016-10-24 10:00:00+00:00,245.45,249.27,33.39,27.67,3.77,TNP_0009,2,2016
2016-10-24 11:00:00+00:00,78.0,79.93,31.5,33.53,3.47,TNP_0009,2,2016
2016-10-24 12:00:00+00:00,0.0,0.0,27.79,48.08,2.94,TNP_0009,2,2016
2016-10-24 13:00:00+00:00,0.0,0.0,26.12,54.65,3.02,TNP_0009,2,2016
2016-10-24 14:00:00+00:00,0.0,0.0,25.21,60.66,2.73,TNP_0009,2,2016
2016-10-24 15:00:00+00:00,0.0,0.0,24.4,67.44,2.32,TNP_0009,2,2016
2016-10-24 16:00:00+00:00,0.0,0.0,23.73,73.57,1.97,TNP_0009,2,2016
2016-10-24 17:00:00+00:00,0.0,0.0,23.34,77.86,1.67,TNP_0009,2,2016
2016-10-24 18:00:00+00:00,0.0,0.0,23.19,80.25,1.27,TNP_0009,2,2016
2016-10-24 19:00:00+00:00,0.0,0.0,23.3,78.42,0.75,TNP_0009,2,2016
2016-10-24 20:00:00+00:00,0.0,0.0,22.9,80.28,0.68,TNP_0009,2,2016
2016-10-24 21:00:00+00:00,0.0,0.0,22.13,84.16,1.13,TNP_0009,2,2016
2016-10-24 22:00:00+00:00,0.0,0.0,21.49,86.84,1.46,TNP_0009,2,2016
2016-10-24 23:00:00+00:00,0.0,0.0,21.03,88.43,1.67,TNP_0009,2,2016
2016-10-25 00:00:00+00:00,4.57,4.62,20.71,89.3,1.82,TNP_0009,2,2016
2016-10-25 01:00:00+00:00,99.15,99.47,22.13,81.75,2.23,TNP_0009,2,2016
2016-10-25 02:00:00+00:00,304.35,307.25,25.06,64.16,2.0,TNP_0009,2,2016
2016-10-25 03:00:00+00:00,533.53,536.12,27.97,47.04,0.91,TNP_0009,2,2016
2016-10-25 04:00:00+00:00,721.4,724.22,30.0,38.44,1.11,TNP_0009,2,2016
2016-10-25 05:00:00+00:00,823.12,834.85,31.21,34.47,1.13,TNP_0009,2,2016
2016-10-25 06:00:00+00:00,879.85,882.33,31.86,32.41,0.88,TNP_0009,2,2016
2016-10-25 07:00:00+00:00,811.4,817.4,32.15,31.15,0.67,TNP_0009,2,2016
2016-10-25 08:00:00+00:00,655.55,674.85,32.22,30.45,0.68,TNP_0009,2,2016
2016-10-25 09:00:00+00:00,485.48,492.38,32.09,30.19,0.85,TNP_0009,2,2016
2016-10-25 10:00:00+00:00,284.05,288.0,31.68,30.92,1.16,TNP_0009,2,2016
2016-10-25 11:00:00+00:00,90.43,92.0,30.34,38.92,1.44,TNP_0009,2,2016
2016-10-25 12:00:00+00:00,0.0,0.0,26.98,57.17,2.06,TNP_0009,2,2016
2016-10-25 13:00:00+00:00,0.0,0.0,25.54,59.03,2.43,TNP_0009,2,2016
2016-10-25 14:00:00+00:00,0.0,0.0,24.75,62.23,2.42,TNP_0009,2,2016
2016-10-25 15:00:00+00:00,0.0,0.0,24.06,66.88,2.28,TNP_0009,2,2016
2016-10-25 16:00:00+00:00,0.0,0.0,23.51,71.62,2.11,TNP_0009,2,2016
2016-10-25 17:00:00+00:00,0.0,0.0,23.12,75.32,1.94,TNP_0009,2,2016
2016-10-25 18:00:00+00:00,0.0,0.0,22.81,77.75,1.69,TNP_0009,2,2016
2016-10-25 19:00:00+00:00,0.0,0.0,22.79,76.99,1.26,TNP_0009,2,2016
2016-10-25 20:00:00+00:00,0.0,0.0,22.9,74.99,0.61,TNP_0009,2,2016
2016-10-25 21:00:00+00:00,0.0,0.0,22.4,76.65,0.75,TNP_0009,2,2016
2016-10-25 22:00:00+00:00,0.0,0.0,21.39,82.5,1.45,TNP_0009,2,2016
2016-10-25 23:00:00+00:00,0.0,0.0,20.66,85.49,1.86,TNP_0009,2,2016
2016-10-26 00:00:00+00:00,4.85,4.82,20.27,85.94,2.07,TNP_0009,2,2016
2016-10-26 01:00:00+00:00,118.72,119.43,21.77,77.3,2.44,TNP_0009,2,2016
2016-10-26 02:00:00+00:00,315.55,318.27,25.05,60.47,2.25,TNP_0009,2,2016
2016-10-26 03:00:00+00:00,531.55,535.03,28.55,46.44,1.69,TNP_0009,2,2016
2016-10-26 04:00:00+00:00,711.75,714.47,30.9,38.89,2.62,TNP_0009,2,2016
2016-10-26 05:00:00+00:00,815.6,817.28,32.67,34.3,2.84,TNP_0009,2,2016
2016-10-26 06:00:00+00:00,864.25,868.67,34.03,30.94,2.67,TNP_0009,2,2016
2016-10-26 07:00:00+00:00,811.97,819.05,35.0,28.4,2.47,TNP_0009,2,2016
2016-10-26 08:00:00+00:00,667.53,694.0,35.52,26.65,2.43,TNP_0009,2,2016
2016-10-26 09:00:00+00:00,506.95,509.4,35.38,26.0,2.7,TNP_0009,2,2016
2016-10-26 10:00:00+00:00,290.55,293.4,34.63,26.47,3.07,TNP_0009,2,2016
2016-10-26 11:00:00+00:00,97.43,98.43,32.77,32.3,2.81,TNP_0009,2,2016
2016-10-26 12:00:00+00:00,0.0,0.0,28.47,49.77,2.81,TNP_0009,2,2016
2016-10-26 13:00:00+00:00,0.0,0.0,26.67,55.26,3.27,TNP_0009,2,2016
2016-10-26 14:00:00+00:00,0.0,0.0,25.53,61.53,3.17,TNP_0009,2,2016
2016-10-26 15:00:00+00:00,0.0,0.0,24.46,68.79,2.77,TNP_0009,2,2016
2016-10-26 16:00:00+00:00,0.0,0.0,23.57,74.95,2.3,TNP_0009,2,2016
2016-10-26 17:00:00+00:00,0.0,0.0,22.91,79.45,1.92,TNP_0009,2,2016
2016-10-26 18:00:00+00:00,0.0,0.0,22.55,81.42,1.59,TNP_0009,2,2016
2016-10-26 19:00:00+00:00,0.0,0.0,22.56,80.26,1.07,TNP_0009,2,2016
2016-10-26 20:00:00+00:00,0.0,0.0,22.53,79.53,0.51,TNP_0009,2,2016
2016-10-26 21:00:00+00:00,0.0,0.0,22.1,81.51,0.73,TNP_0009,2,2016
2016-10-26 22:00:00+00:00,0.0,0.0,21.4,85.2,1.23,TNP_0009,2,2016
2016-10-26 23:00:00+00:00,0.0,0.0,20.89,86.89,1.64,TNP_0009,2,2016
2016-10-27 00:00:00+00:00,5.05,5.22,20.66,86.34,1.97,TNP_0009,2,2016
2016-10-27 01:00:00+00:00,104.07,118.05,22.15,77.0,2.91,TNP_0009,2,2016
2016-10-27 02:00:00+00:00,270.7,325.05,25.29,60.86,3.18,TNP_0009,2,2016
2016-10-27 03:00:00+00:00,464.38,538.8,28.27,48.03,3.54,TNP_0009,2,2016
2016-10-27 04:00:00+00:00,669.88,722.67,30.37,40.52,3.83,TNP_0009,2,2016
2016-10-27 05:00:00+00:00,693.42,833.78,32.34,34.57,3.86,TNP_0009,2,2016
2016-10-27 06:00:00+00:00,654.67,801.78,34.01,29.82,3.74,TNP_0009,2,2016
2016-10-27 07:00:00+00:00,587.67,755.4,35.3,26.14,3.51,TNP_0009,2,2016
2016-10-27 08:00:00+00:00,404.55,638.85,35.84,24.13,3.23,TNP_0009,2,2016
2016-10-27 09:00:00+00:00,281.9,468.15,35.62,23.57,3.13,TNP_0009,2,2016
2016-10-27 10:00:00+00:00,137.55,266.05,34.78,24.23,3.14,TNP_0009,2,2016
2016-10-27 11:00:00+00:00,31.62,84.3,33.01,30.88,2.35,TNP_0009,2,2016
2016-10-27 12:00:00+00:00,0.0,0.0,29.32,46.68,2.31,TNP_0009,2,2016
2016-10-27 13:00:00+00:00,0.0,0.0,27.93,49.14,3.46,TNP_0009,2,2016
2016-10-27 14:00:00+00:00,0.0,0.0,26.54,55.41,4.09,TNP_0009,2,2016
2016-10-27 15:00:00+00:00,0.0,0.0,25.41,62.47,4.57,TNP_0009,2,2016
2016-10-27 16:00:00+00:00,0.0,0.0,24.48,69.86,4.41,TNP_0009,2,2016
2016-10-27 17:00:00+00:00,0.0,0.0,23.7,76.43,3.03,TNP_0009,2,2016
2016-10-27 18:00:00+00:00,0.0,0.0,23.22,80.91,1.27,TNP_0009,2,2016
2016-10-27 19:00:00+00:00,0.0,0.0,22.98,81.98,0.15,TNP_0009,2,2016
2016-10-27 20:00:00+00:00,0.0,0.0,22.93,81.24,0.51,TNP_0009,2,2016
2016-10-27 21:00:00+00:00,0.0,0.0,22.88,81.82,0.76,TNP_0009,2,2016
2016-10-27 22:00:00+00:00,0.0,0.0,22.73,81.69,0.95,TNP_0009,2,2016
2016-10-27 23:00:00+00:00,0.0,0.0,22.58,79.3,1.31,TNP_0009,2,2016
2016-10-28 00:00:00+00:00,4.6,4.68,22.38,76.52,1.64,TNP_0009,2,2016
2016-10-28 01:00:00+00:00,104.68,109.12,23.52,67.21,2.16,TNP_0009,2,2016
2016-10-28 02:00:00+00:00,294.85,314.12,26.53,49.53,2.54,TNP_0009,2,2016
2016-10-28 03:00:00+00:00,511.33,528.55,29.76,37.6,2.74,TNP_0009,2,2016
2016-10-28 04:00:00+00:00,653.35,705.03,32.22,31.5,2.88,TNP_0009,2,2016
2016-10-28 05:00:00+00:00,772.45,817.7,34.16,27.5,2.59,TNP_0009,2,2016
2016-10-28 06:00:00+00:00,794.22,824.38,35.61,24.72,2.22,TNP_0009,2,2016
2016-10-28 07:00:00+00:00,718.45,776.42,36.59,23.31,1.91,TNP_0009,2,2016
2016-10-28 08:00:00+00:00,573.53,652.62,37.06,23.02,1.71,TNP_0009,2,2016
2016-10-28 09:00:00+00:00,331.08,472.95,36.93,23.39,1.75,TNP_0009,2,2016
2016-10-28 10:00:00+00:00,176.38,261.15,36.15,24.69,1.96,TNP_0009,2,2016
2016-10-28 11:00:00+00:00,51.17,78.88,34.38,30.36,2.07,TNP_0009,2,2016
2016-10-28 12:00:00+00:00,0.0,0.0,30.97,46.73,2.65,TNP_0009,2,2016
2016-10-28 13:00:00+00:00,0.0,0.0,29.2,52.02,3.57,TNP_0009,2,2016
2016-10-28 14:00:00+00:00,0.0,0.0,28.12,57.18,4.24,TNP_0009,2,2016
2016-10-28 15:00:00+00:00,0.0,0.0,26.88,66.65,4.07,TNP_0009,2,2016
2016-10-28 16:00:00+00:00,0.0,0.0,25.82,76.58,3.28,TNP_0009,2,2016
2016-10-28 17:00:00+00:00,0.0,0.0,25.14,83.46,2.32,TNP_0009,2,2016
2016-10-28 18:00:00+00:00,0.0,0.0,24.8,85.88,1.47,TNP_0009,2,2016
2016-10-28 19:00:00+00:00,0.0,0.0,24.45,87.34,0.68,TNP_0009,2,2016
2016-10-28 20:00:00+00:00,0.0,0.0,24.01,90.12,0.48,TNP_0009,2,2016
2016-10-28 21:00:00+00:00,0.0,0.0,23.66,91.46,0.57,TNP_0009,2,2016
2016-10-28 22:00:00+00:00,0.0,0.0,23.49,91.81,0.52,TNP_0009,2,2016
2016-10-28 23:00:00+00:00,0.0,0.0,23.41,91.86,0.4,TNP_0009,2,2016
2016-10-29 00:00:00+00:00,3.97,4.32,23.23,92.59,0.56,TNP_0009,2,2016
2016-10-29 01:00:00+00:00,84.0,101.95,23.93,88.63,1.1,TNP_0009,2,2016
2016-10-29 02:00:00+00:00,246.48,306.77,26.46,74.03,1.27,TNP_0009,2,2016
2016-10-29 03:00:00+00:00,429.45,517.9,29.24,59.95,1.53,TNP_0009,2,2016
2016-10-29 04:00:00+00:00,594.2,685.28,31.61,50.11,1.82,TNP_0009,2,2016
2016-10-29 05:00:00+00:00,630.22,793.75,33.56,42.65,2.25,TNP_0009,2,2016
2016-10-29 06:00:00+00:00,715.42,780.4,34.98,37.37,2.66,TNP_0009,2,2016
2016-10-29 07:00:00+00:00,656.75,732.75,35.83,34.45,3.04,TNP_0009,2,2016
2016-10-29 08:00:00+00:00,496.7,616.1,36.09,33.53,3.48,TNP_0009,2,2016
2016-10-29 09:00:00+00:00,371.02,440.77,35.55,34.57,3.95,TNP_0009,2,2016
2016-10-29 10:00:00+00:00,197.1,231.6,34.41,37.41,4.48,TNP_0009,2,2016
2016-10-29 11:00:00+00:00,59.28,59.65,32.73,42.41,4.97,TNP_0009,2,2016
2016-10-29 12:00:00+00:00,0.0,0.0,30.41,51.28,4.85,TNP_0009,2,2016
2016-10-29 13:00:00+00:00,0.0,0.0,28.76,59.28,5.26,TNP_0009,2,2016
2016-10-29 14:00:00+00:00,0.0,0.0,27.48,67.13,5.2,TNP_0009,2,2016
2016-10-29 15:00:00+00:00,0.0,0.0,26.44,74.48,4.69,TNP_0009,2,2016
2016-10-29 16:00:00+00:00,0.0,0.0,25.73,79.94,4.38,TNP_0009,2,2016
2016-10-29 17:00:00+00:00,0.0,0.0,25.34,83.04,4.03,TNP_0009,2,2016
2016-10-29 18:00:00+00:00,0.0,0.0,25.08,84.49,3.84,TNP_0009,2,2016
2016-10-29 19:00:00+00:00,0.0,0.0,24.82,85.75,3.6,TNP_0009,2,2016
2016-10-29 20:00:00+00:00,0.0,0.0,24.53,86.94,3.43,TNP_0009,2,2016
2016-10-29 21:00:00+00:00,0.0,0.0,24.22,88.18,3.14,TNP_0009,2,2016
2016-10-29 22:00:00+00:00,0.0,0.0,23.9,89.31,3.02,TNP_0009,2,2016
2016-10-29 23:00:00+00:00,0.0,0.0,23.68,89.96,3.47,TNP_0009,2,2016
2016-10-30 00:00:00+00:00,4.15,4.57,23.45,90.7,3.94,TNP_0009,2,2016
2016-10-30 01:00:00+00:00,91.8,107.97,23.9,88.35,4.82,TNP_0009,2,2016
2016-10-30 02:00:00+00:00,245.98,311.77,25.44,80.21,5.84,TNP_0009,2,2016
2016-10-30 03:00:00+00:00,429.38,523.75,26.97,71.61,6.45,TNP_0009,2,2016
2016-10-30 04:00:00+00:00,451.95,696.72,27.77,68.09,6.57,TNP_0009,2,2016
2016-10-30 05:00:00+00:00,569.67,801.92,28.26,66.42,6.56,TNP_0009,2,2016
2016-10-30 06:00:00+00:00,520.55,823.72,28.59,65.05,6.7,TNP_0009,2,2016
2016-10-30 07:00:00+00:00,436.23,766.2,28.82,63.79,6.82,TNP_0009,2,2016
2016-10-30 08:00:00+00:00,422.17,658.72,28.92,62.41,6.68,TNP_0009,2,2016
2016-10-30 09:00:00+00:00,334.75,484.92,28.72,62.13,6.2,TNP_0009,2,2016
2016-10-30 10:00:00+00:00,187.38,275.08,28.31,63.03,5.62,TNP_0009,2,2016
2016-10-30 11:00:00+00:00,61.45,86.68,27.56,66.08,4.81,TNP_0009,2,2016
2016-10-30 12:00:00+00:00,0.0,0.0,26.19,73.68,3.2,TNP_0009,2,2016
2016-10-30 13:00:00+00:00,0.0,0.0,25.29,79.48,2.6,TNP_0009,2,2016
2016-10-30 14:00:00+00:00,0.0,0.0,24.75,83.06,2.38,TNP_0009,2,2016
2016-10-30 15:00:00+00:00,0.0,0.0,24.35,85.74,2.34,TNP_0009,2,2016
2016-10-30 16:00:00+00:00,0.0,0.0,24.16,87.21,2.34,TNP_0009,2,2016
2016-10-30 17:00:00+00:00,0.0,0.0,23.95,88.67,2.33,TNP_0009,2,2016
2016-10-30 18:00:00+00:00,0.0,0.0,23.75,89.87,2.29,TNP_0009,2,2016
2016-10-30 19:00:00+00:00,0.0,0.0,23.49,91.28,2.22,TNP_0009,2,2016
2016-10-30 20:00:00+00:00,0.0,0.0,23.3,92.37,2.19,TNP_0009,2,2016
2016-10-30 21:00:00+00:00,0.0,0.0,23.13,93.46,2.09,TNP_0009,2,2016
2016-10-30 22:00:00+00:00,0.0,0.0,22.97,94.39,1.93,TNP_0009,2,2016
2016-10-30 23:00:00+00:00,0.0,0.0,22.84,95.15,1.85,TNP_0009,2,2016
2016-10-31 00:00:00+00:00,3.8,4.45,22.71,95.82,1.87,TNP_0009,2,2016
2016-10-31 01:00:00+00:00,79.38,104.53,23.71,90.77,2.84,TNP_0009,2,2016
2016-10-31 02:00:00+00:00,230.7,308.83,25.75,78.31,3.84,TNP_0009,2,2016
2016-10-31 03:00:00+00:00,415.42,523.4,27.93,66.03,4.2,TNP_0009,2,2016
2016-10-31 04:00:00+00:00,567.5,694.5,29.76,57.75,4.2,TNP_0009,2,2016
2016-10-31 05:00:00+00:00,632.28,801.65,31.3,51.67,4.36,TNP_0009,2,2016
2016-10-31 06:00:00+00:00,745.4,847.92,32.35,48.08,4.65,TNP_0009,2,2016
2016-10-31 07:00:00+00:00,708.78,805.9,32.92,46.1,4.99,TNP_0009,2,2016
2016-10-31 08:00:00+00:00,516.47,691.45,32.88,46.0,5.35,TNP_0009,2,2016
2016-10-31 09:00:00+00:00,406.42,515.08,32.18,47.79,5.59,TNP_0009,2,2016
2016-10-31 10:00:00+00:00,234.5,301.27,31.11,50.73,5.59,TNP_0009,2,2016
2016-10-31 11:00:00+00:00,78.53,97.07,29.76,54.58,5.14,TNP_0009,2,2016
2016-10-31 12:00:00+00:00,0.0,0.0,27.65,63.74,3.49,TNP_0009,2,2016
2016-10-31 13:00:00+00:00,0.0,0.0,26.22,71.08,2.85,TNP_0009,2,2016
2016-10-31 14:00:00+00:00,0.0,0.0,25.31,76.01,2.52,TNP_0009,2,2016
2016-10-31 15:00:00+00:00,0.0,0.0,24.59,80.24,2.33,TNP_0009,2,2016
2016-10-31 16:00:00+00:00,0.0,0.0,23.95,84.22,2.06,TNP_0009,2,2016
2016-10-31 17:00:00+00:00,0.0,0.0,23.31,88.0,1.79,TNP_0009,2,2016
2016-10-31 18:00:00+00:00,0.0,0.0,22.61,91.71,1.7,TNP_0009,2,2016
2016-10-31 19:00:00+00:00,0.0,0.0,21.94,95.63,1.73,TNP_0009,2,2016
2016-10-31 20:00:00+00:00,0.0,0.0,21.5,98.4,1.77,TNP_0009,2,2016
2016-10-31 21:00:00+00:00,0.0,0.0,21.24,99.57,1.81,TNP_0009,2,2016
2016-10-31 22:00:00+00:00,0.0,0.0,21.15,99.58,1.82,TNP_0009,2,2016
2016-10-31 23:00:00+00:00,0.0,0.0,21.21,99.08,1.8,TNP_0009,2,2016
2016-11-01 00:00:00+00:00,4.72,5.25,21.28,98.67,1.82,TNP_0009,2,2016
2016-11-01 01:00:00+00:00,116.5,137.48,22.45,94.5,2.51,TNP_0009,2,2016
2016-11-01 02:00:00+00:00,327.9,372.98,24.05,87.98,3.17,TNP_0009,2,2016
2016-11-01 03:00:00+00:00,543.0,596.1,26.32,75.46,4.02,TNP_0009,2,2016
2016-11-01 04:00:00+00:00,696.33,770.33,28.94,61.18,4.84,TNP_0009,2,2016
2016-11-01 05:00:00+00:00,818.62,879.4,30.92,52.43,5.38,TNP_0009,2,2016
2016-11-01 06:00:00+00:00,787.92,903.88,32.23,47.42,5.73,TNP_0009,2,2016
2016-11-01 07:00:00+00:00,718.17,844.85,32.83,45.29,5.95,TNP_0009,2,2016
2016-11-01 08:00:00+00:00,598.72,723.72,32.8,45.2,6.08,TNP_0009,2,2016
2016-11-01 09:00:00+00:00,372.15,541.8,32.19,47.15,6.05,TNP_0009,2,2016
2016-11-01 10:00:00+00:00,195.5,318.62,31.07,50.74,5.89,TNP_0009,2,2016
2016-11-01 11:00:00+00:00,59.25,101.7,29.48,56.56,5.37,TNP_0009,2,2016
2016-11-01 12:00:00+00:00,0.0,0.0,27.19,68.33,3.53,TNP_0009,2,2016
2016-11-01 13:00:00+00:00,0.0,0.0,25.73,77.59,2.84,TNP_0009,2,2016
2016-11-01 14:00:00+00:00,0.0,0.0,24.92,83.22,2.45,TNP_0009,2,2016
2016-11-01 15:00:00+00:00,0.0,0.0,24.34,87.17,2.21,TNP_0009,2,2016
2016-11-01 16:00:00+00:00,0.0,0.0,23.88,90.08,2.02,TNP_0009,2,2016
2016-11-01 17:00:00+00:00,0.0,0.0,23.5,92.28,1.88,TNP_0009,2,2016
2016-11-01 18:00:00+00:00,0.0,0.0,23.18,94.02,1.82,TNP_0009,2,2016
2016-11-01 19:00:00+00:00,0.0,0.0,22.97,95.2,1.77,TNP_0009,2,2016
2016-11-01 20:00:00+00:00,0.0,0.0,22.8,96.17,1.74,TNP_0009,2,2016
2016-11-01 21:00:00+00:00,0.0,0.0,22.66,96.85,1.76,TNP_0009,2,2016
2016-11-01 22:00:00+00:00,0.0,0.0,22.6,97.14,1.88,TNP_0009,2,2016
2016-11-01 23:00:00+00:00,0.0,0.0,22.68,96.93,2.05,TNP_0009,2,2016
2016-11-02 00:00:00+00:00,2.72,4.85,22.75,96.75,2.2,TNP_0009,2,2016
2016-11-02 01:00:00+00:00,54.0,127.38,23.48,94.42,3.11,TNP_0009,2,2016
2016-11-02 02:00:00+00:00,161.88,353.55,24.83,89.55,3.96,TNP_0009,2,2016
2016-11-02 03:00:00+00:00,285.83,570.62,26.79,78.13,4.89,TNP_0009,2,2016
2016-11-02 04:00:00+00:00,472.55,740.85,28.83,64.5,5.45,TNP_0009,2,2016
2016-11-02 05:00:00+00:00,529.97,846.47,29.93,58.5,5.57,TNP_0009,2,2016
2016-11-02 06:00:00+00:00,585.67,879.0,30.48,55.72,5.62,TNP_0009,2,2016
2016-11-02 07:00:00+00:00,507.42,832.9,30.42,55.35,5.54,TNP_0009,2,2016
2016-11-02 08:00:00+00:00,400.3,715.45,29.69,58.24,5.38,TNP_0009,2,2016
2016-11-02 09:00:00+00:00,303.35,535.65,28.86,62.09,5.11,TNP_0009,2,2016
2016-11-02 10:00:00+00:00,176.85,315.88,28.11,65.85,4.85,TNP_0009,2,2016
2016-11-02 11:00:00+00:00,56.25,99.62,27.1,71.72,4.08,TNP_0009,2,2016
2016-11-02 12:00:00+00:00,0.0,0.0,25.56,82.3,2.59,TNP_0009,2,2016
2016-11-02 13:00:00+00:00,0.0,0.0,24.77,87.44,2.31,TNP_0009,2,2016
2016-11-02 14:00:00+00:00,0.0,0.0,24.35,90.06,2.14,TNP_0009,2,2016
2016-11-02 15:00:00+00:00,0.0,0.0,23.97,92.02,2.03,TNP_0009,2,2016
2016-11-02 16:00:00+00:00,0.0,0.0,23.64,93.47,2.01,TNP_0009,2,2016
2016-11-02 17:00:00+00:00,0.0,0.0,23.34,94.74,2.01,TNP_0009,2,2016
2016-11-02 18:00:00+00:00,0.0,0.0,23.08,95.85,2.06,TNP_0009,2,2016
2016-11-02 19:00:00+00:00,0.0,0.0,22.86,96.72,2.15,TNP_0009,2,2016
2016-11-02 20:00:00+00:00,0.0,0.0,22.73,97.35,2.31,TNP_0009,2,2016
2016-11-02 21:00:00+00:00,0.0,0.0,22.6,97.86,2.25,TNP_0009,2,2016
2016-11-02 22:00:00+00:00,0.0,0.0,22.44,98.31,2.17,TNP_0009,2,2016
2016-11-02 23:00:00+00:00,0.0,0.0,22.41,98.25,2.32,TNP_0009,2,2016
2016-11-03 00:00:00+00:00,3.92,4.62,22.51,97.74,2.61,TNP_0009,2,2016
2016-11-03 01:00:00+00:00,104.68,124.78,23.13,95.7,3.33,TNP_0009,2,2016
2016-11-03 02:00:00+00:00,300.15,354.85,24.2,92.23,3.96,TNP_0009,2,2016
2016-11-03 03:00:00+00:00,512.72,573.15,25.89,82.97,4.91,TNP_0009,2,2016
2016-11-03 04:00:00+00:00,671.92,744.7,28.2,67.69,5.71,TNP_0009,2,2016
2016-11-03 05:00:00+00:00,681.0,850.9,30.02,57.37,6.09,TNP_0009,2,2016
2016-11-03 06:00:00+00:00,801.17,885.1,31.52,50.74,6.25,TNP_0009,2,2016
2016-11-03 07:00:00+00:00,723.45,839.53,32.2,47.85,6.23,TNP_0009,2,2016
2016-11-03 08:00:00+00:00,636.1,721.85,32.26,46.92,6.16,TNP_0009,2,2016
2016-11-03 09:00:00+00:00,418.45,542.78,31.88,47.43,6.16,TNP_0009,2,2016
2016-11-03 10:00:00+00:00,252.32,321.5,30.97,49.69,6.12,TNP_0009,2,2016
2016-11-03 11:00:00+00:00,81.07,102.35,29.63,54.4,5.53,TNP_0009,2,2016
2016-11-03 12:00:00+00:00,0.0,0.0,27.32,65.75,3.4,TNP_0009,2,2016
2016-11-03 13:00:00+00:00,0.0,0.0,25.93,74.56,2.47,TNP_0009,2,2016
2016-11-03 14:00:00+00:00,0.0,0.0,25.26,79.77,2.02,TNP_0009,2,2016
2016-11-03 15:00:00+00:00,0.0,0.0,24.74,84.07,1.74,TNP_0009,2,2016
2016-11-03 16:00:00+00:00,0.0,0.0,24.38,86.81,1.62,TNP_0009,2,2016
2016-11-03 17:00:00+00:00,0.0,0.0,24.11,88.19,1.58,TNP_0009,2,2016
2016-11-03 18:00:00+00:00,0.0,0.0,23.83,89.0,1.65,TNP_0009,2,2016
2016-11-03 19:00:00+00:00,0.0,0.0,23.55,89.37,1.82,TNP_0009,2,2016
2016-11-03 20:00:00+00:00,0.0,0.0,23.33,88.98,2.05,TNP_0009,2,2016
2016-11-03 21:00:00+00:00,0.0,0.0,23.14,88.49,2.24,TNP_0009,2,2016
2016-11-03 22:00:00+00:00,0.0,0.0,22.97,88.02,2.37,TNP_0009,2,2016
2016-11-03 23:00:00+00:00,0.0,0.0,22.79,87.63,2.47,TNP_0009,2,2016
2016-11-04 00:00:00+00:00,4.18,4.25,22.66,87.14,2.74,TNP_0009,2,2016
2016-11-04 01:00:00+00:00,112.4,113.22,23.51,82.07,3.93,TNP_0009,2,2016
2016-11-04 02:00:00+00:00,321.83,325.3,25.45,73.12,4.57,TNP_0009,2,2016
2016-11-04 03:00:00+00:00,534.7,537.08,27.99,61.45,5.18,TNP_0009,2,2016
2016-11-04 04:00:00+00:00,704.17,705.7,30.32,50.55,5.47,TNP_0009,2,2016
2016-11-04 05:00:00+00:00,810.15,812.9,32.31,42.63,5.33,TNP_0009,2,2016
2016-11-04 06:00:00+00:00,813.28,843.72,33.69,37.48,5.18,TNP_0009,2,2016
2016-11-04 07:00:00+00:00,705.83,792.33,34.46,34.31,5.15,TNP_0009,2,2016
2016-11-04 08:00:00+00:00,567.88,664.05,34.87,32.09,4.92,TNP_0009,2,2016
2016-11-04 09:00:00+00:00,448.33,476.3,34.78,30.98,4.48,TNP_0009,2,2016
2016-11-04 10:00:00+00:00,235.6,263.25,34.1,31.33,4.24,TNP_0009,2,2016
2016-11-04 11:00:00+00:00,74.4,80.62,32.02,39.41,2.98,TNP_0009,2,2016
2016-11-04 12:00:00+00:00,0.0,0.0,28.14,57.21,2.46,TNP_0009,2,2016
2016-11-04 13:00:00+00:00,0.0,0.0,26.63,60.29,2.58,TNP_0009,2,2016
2016-11-04 14:00:00+00:00,0.0,0.0,25.8,62.18,2.45,TNP_0009,2,2016
2016-11-04 15:00:00+00:00,0.0,0.0,25.34,64.01,1.98,TNP_0009,2,2016
2016-11-04 16:00:00+00:00,0.0,0.0,25.83,59.66,1.09,TNP_0009,2,2016
2016-11-04 17:00:00+00:00,0.0,0.0,25.41,62.52,0.55,TNP_0009,2,2016
2016-11-04 18:00:00+00:00,0.0,0.0,24.1,70.67,1.16,TNP_0009,2,2016
2016-11-04 19:00:00+00:00,0.0,0.0,23.39,76.21,1.4,TNP_0009,2,2016
2016-11-04 20:00:00+00:00,0.0,0.0,22.64,79.63,1.76,TNP_0009,2,2016
2016-11-04 21:00:00+00:00,0.0,0.0,22.0,80.05,2.09,TNP_0009,2,2016
2016-11-04 22:00:00+00:00,0.0,0.0,21.39,75.83,2.38,TNP_0009,2,2016
2016-11-04 23:00:00+00:00,0.0,0.0,20.85,68.74,2.76,TNP_0009,2,2016
2016-11-05 00:00:00+00:00,3.88,4.03,20.35,62.39,3.22,TNP_0009,2,2016
2016-11-05 01:00:00+00:00,107.32,109.82,21.36,54.07,4.3,TNP_0009,2,2016
2016-11-05 02:00:00+00:00,312.55,320.38,23.85,46.14,4.71,TNP_0009,2,2016
2016-11-05 03:00:00+00:00,521.67,524.3,27.84,36.91,4.56,TNP_0009,2,2016
2016-11-05 04:00:00+00:00,679.42,682.0,30.87,30.64,4.63,TNP_0009,2,2016
2016-11-05 05:00:00+00:00,764.33,766.42,32.54,28.72,4.07,TNP_0009,2,2016
2016-11-05 06:00:00+00:00,857.95,860.42,33.66,27.86,3.46,TNP_0009,2,2016
2016-11-05 07:00:00+00:00,807.3,811.28,34.34,27.17,2.91,TNP_0009,2,2016
2016-11-05 08:00:00+00:00,679.12,684.12,34.57,26.85,2.48,TNP_0009,2,2016
2016-11-05 09:00:00+00:00,494.42,501.77,34.27,27.02,2.11,TNP_0009,2,2016
2016-11-05 10:00:00+00:00,278.6,284.48,33.54,28.44,1.69,TNP_0009,2,2016
2016-11-05 11:00:00+00:00,85.82,86.93,31.64,40.67,1.34,TNP_0009,2,2016
2016-11-05 12:00:00+00:00,0.0,0.0,27.98,56.02,2.03,TNP_0009,2,2016
2016-11-05 13:00:00+00:00,0.0,0.0,26.3,58.79,2.44,TNP_0009,2,2016
2016-11-05 14:00:00+00:00,0.0,0.0,25.11,63.74,2.51,TNP_0009,2,2016
2016-11-05 15:00:00+00:00,0.0,0.0,24.11,70.04,2.33,TNP_0009,2,2016
2016-11-05 16:00:00+00:00,0.0,0.0,23.38,75.64,2.05,TNP_0009,2,2016
2016-11-05 17:00:00+00:00,0.0,0.0,22.83,79.71,1.79,TNP_0009,2,2016
2016-11-05 18:00:00+00:00,0.0,0.0,22.36,82.62,1.61,TNP_0009,2,2016
2016-11-05 19:00:00+00:00,0.0,0.0,21.75,86.18,1.69,TNP_0009,2,2016
2016-11-05 20:00:00+00:00,0.0,0.0,21.14,89.11,1.91,TNP_0009,2,2016
2016-11-05 21:00:00+00:00,0.0,0.0,20.83,89.98,2.03,TNP_0009,2,2016
2016-11-05 22:00:00+00:00,0.0,0.0,20.58,89.28,2.15,TNP_0009,2,2016
2016-11-05 23:00:00+00:00,0.0,0.0,20.29,86.44,2.24,TNP_0009,2,2016
2016-11-06 00:00:00+00:00,4.1,4.2,19.98,82.4,2.34,TNP_0009,2,2016
2016-11-06 01:00:00+00:00,116.0,120.93,21.3,69.25,2.88,TNP_0009,2,2016
2016-11-06 02:00:00+00:00,325.23,345.15,24.54,49.3,3.74,TNP_0009,2,2016
2016-11-06 03:00:00+00:00,530.78,558.28,28.51,39.16,2.61,TNP_0009,2,2016
2016-11-06 04:00:00+00:00,714.95,734.7,31.18,32.97,2.41,TNP_0009,2,2016
2016-11-06 05:00:00+00:00,835.35,845.6,33.02,29.16,2.5,TNP_0009,2,2016
2016-11-06 06:00:00+00:00,770.83,824.5,34.22,27.12,2.4,TNP_0009,2,2016
2016-11-06 07:00:00+00:00,661.0,774.42,35.03,26.01,2.26,TNP_0009,2,2016
2016-11-06 08:00:00+00:00,609.38,647.42,35.36,25.62,2.24,TNP_0009,2,2016
2016-11-06 09:00:00+00:00,433.58,461.8,35.01,26.22,2.34,TNP_0009,2,2016
2016-11-06 10:00:00+00:00,248.98,260.58,34.12,27.87,2.52,TNP_0009,2,2016
2016-11-06 11:00:00+00:00,71.68,74.0,32.04,36.01,2.38,TNP_0009,2,2016
2016-11-06 12:00:00+00:00,0.0,0.0,28.07,51.83,2.83,TNP_0009,2,2016
2016-11-06 13:00:00+00:00,0.0,0.0,26.66,56.44,3.53,TNP_0009,2,2016
2016-11-06 14:00:00+00:00,0.0,0.0,25.66,63.41,3.69,TNP_0009,2,2016
2016-11-06 15:00:00+00:00,0.0,0.0,24.66,71.75,3.03,TNP_0009,2,2016
2016-11-06 16:00:00+00:00,0.0,0.0,23.86,78.84,2.28,TNP_0009,2,2016
2016-11-06 17:00:00+00:00,0.0,0.0,23.28,83.93,1.8,TNP_0009,2,2016
2016-11-06 18:00:00+00:00,0.0,0.0,22.82,87.22,1.59,TNP_0009,2,2016
2016-11-06 19:00:00+00:00,0.0,0.0,22.39,89.47,1.55,TNP_0009,2,2016
2016-11-06 20:00:00+00:00,0.0,0.0,21.94,91.37,1.69,TNP_0009,2,2016
2016-11-06 21:00:00+00:00,0.0,0.0,21.54,92.93,1.8,TNP_0009,2,2016
2016-11-06 22:00:00+00:00,0.0,0.0,21.17,94.32,1.82,TNP_0009,2,2016
2016-11-06 23:00:00+00:00,0.0,0.0,20.87,95.36,1.85,TNP_0009,2,2016
2016-11-07 00:00:00+00:00,3.35,3.55,20.62,95.89,1.89,TNP_0009,2,2016
2016-11-07 01:00:00+00:00,90.57,101.75,21.85,88.05,2.45,TNP_0009,2,2016
2016-11-07 02:00:00+00:00,241.93,300.2,24.82,71.37,2.25,TNP_0009,2,2016
2016-11-07 03:00:00+00:00,423.88,471.5,27.93,55.08,1.34,TNP_0009,2,2016
2016-11-07 04:00:00+00:00,532.47,639.25,30.2,45.68,1.69,TNP_0009,2,2016
2016-11-07 05:00:00+00:00,606.3,748.08,31.85,39.59,2.19,TNP_0009,2,2016
2016-11-07 06:00:00+00:00,684.17,779.9,32.85,35.65,2.59,TNP_0009,2,2016
2016-11-07 07:00:00+00:00,566.85,736.12,33.63,32.77,2.91,TNP_0009,2,2016
2016-11-07 08:00:00+00:00,475.58,614.5,33.79,31.4,3.21,TNP_0009,2,2016
2016-11-07 09:00:00+00:00,394.5,438.8,33.41,31.63,3.6,TNP_0009,2,2016
2016-11-07 10:00:00+00:00,214.18,249.32,32.34,33.87,3.99,TNP_0009,2,2016
2016-11-07 11:00:00+00:00,63.9,71.93,30.84,38.64,4.08,TNP_0009,2,2016
2016-11-07 12:00:00+00:00,0.0,0.0,28.24,49.56,3.68,TNP_0009,2,2016
2016-11-07 13:00:00+00:00,0.0,0.0,26.93,56.33,4.5,TNP_0009,2,2016
2016-11-07 14:00:00+00:00,0.0,0.0,25.85,63.85,4.39,TNP_0009,2,2016
2016-11-07 15:00:00+00:00,0.0,0.0,24.92,70.89,3.66,TNP_0009,2,2016
2016-11-07 16:00:00+00:00,0.0,0.0,24.15,76.88,2.79,TNP_0009,2,2016
2016-11-07 17:00:00+00:00,0.0,0.0,23.34,82.33,1.97,TNP_0009,2,2016
2016-11-07 18:00:00+00:00,0.0,0.0,22.78,85.68,1.61,TNP_0009,2,2016
2016-11-07 19:00:00+00:00,0.0,0.0,22.6,86.41,1.21,TNP_0009,2,2016
2016-11-07 20:00:00+00:00,0.0,0.0,22.62,85.92,0.72,TNP_0009,2,2016
2016-11-07 21:00:00+00:00,0.0,0.0,22.11,88.38,0.95,TNP_0009,2,2016
2016-11-07 22:00:00+00:00,0.0,0.0,21.35,92.17,1.44,TNP_0009,2,2016
2016-11-07 23:00:00+00:00,0.0,0.0,20.84,94.4,1.77,TNP_0009,2,2016
2016-11-08 00:00:00+00:00,3.72,3.78,20.56,95.09,1.95,TNP_0009,2,2016
2016-11-08 01:00:00+00:00,111.4,115.1,21.76,87.62,2.7,TNP_0009,2,2016
2016-11-08 02:00:00+00:00,318.27,333.1,24.69,70.99,3.55,TNP_0009,2,2016
2016-11-08 03:00:00+00:00,530.7,552.28,27.44,56.56,4.3,TNP_0009,2,2016
2016-11-08 04:00:00+00:00,642.47,732.6,29.48,46.94,4.54,TNP_0009,2,2016
2016-11-08 05:00:00+00:00,774.38,843.53,31.2,39.58,4.5,TNP_0009,2,2016
2016-11-08 06:00:00+00:00,700.53,816.7,32.45,34.45,4.42,TNP_0009,2,2016
2016-11-08 07:00:00+00:00,644.22,773.17,33.33,30.64,4.44,TNP_0009,2,2016
2016-11-08 08:00:00+00:00,569.12,654.0,33.65,28.23,4.53,TNP_0009,2,2016
2016-11-08 09:00:00+00:00,420.85,473.5,33.3,27.28,4.69,TNP_0009,2,2016
2016-11-08 10:00:00+00:00,232.23,259.5,32.33,27.97,4.81,TNP_0009,2,2016
2016-11-08 11:00:00+00:00,71.45,74.25,30.44,32.38,4.47,TNP_0009,2,2016
2016-11-08 12:00:00+00:00,0.0,0.0,26.63,46.84,3.56,TNP_0009,2,2016
2016-11-08 13:00:00+00:00,0.0,0.0,25.22,54.97,4.29,TNP_0009,2,2016
2016-11-08 14:00:00+00:00,0.0,0.0,24.25,63.23,4.38,TNP_0009,2,2016
2016-11-08 15:00:00+00:00,0.0,0.0,23.39,70.67,4.01,TNP_0009,2,2016
2016-11-08 16:00:00+00:00,0.0,0.0,22.69,75.97,3.51,TNP_0009,2,2016
2016-11-08 17:00:00+00:00,0.0,0.0,22.04,79.56,2.9,TNP_0009,2,2016
2016-11-08 18:00:00+00:00,0.0,0.0,21.37,82.36,2.4,TNP_0009,2,2016
2016-11-08 19:00:00+00:00,0.0,0.0,20.74,84.48,2.19,TNP_0009,2,2016
2016-11-08 20:00:00+00:00,0.0,0.0,20.21,85.79,2.09,TNP_0009,2,2016
2016-11-08 21:00:00+00:00,0.0,0.0,19.82,86.1,1.87,TNP_0009,2,2016
2016-11-08 22:00:00+00:00,0.0,0.0,19.54,85.77,1.7,TNP_0009,2,2016
2016-11-08 23:00:00+00:00,0.0,0.0,19.05,86.68,1.76,TNP_0009,2,2016
2016-11-09 00:00:00+00:00,3.28,3.3,18.38,88.83,1.98,TNP_0009,2,2016
2016-11-09 01:00:00+00:00,108.88,110.22,19.42,83.24,2.14,TNP_0009,2,2016
2016-11-09 02:00:00+00:00,301.12,303.27,22.83,62.49,3.08,TNP_0009,2,2016
2016-11-09 03:00:00+00:00,517.62,520.1,26.44,40.22,4.02,TNP_0009,2,2016
2016-11-09 04:00:00+00:00,698.45,701.1,28.79,30.04,4.64,TNP_0009,2,2016
2016-11-09 05:00:00+00:00,812.6,812.7,30.56,24.95,4.75,TNP_0009,2,2016
2016-11-09 06:00:00+00:00,864.95,867.67,32.11,21.47,4.79,TNP_0009,2,2016
2016-11-09 07:00:00+00:00,820.12,823.3,33.0,19.58,4.84,TNP_0009,2,2016
2016-11-09 08:00:00+00:00,701.35,701.55,33.26,18.85,4.92,TNP_0009,2,2016
2016-11-09 09:00:00+00:00,512.78,515.78,32.83,19.33,4.96,TNP_0009,2,2016
2016-11-09 10:00:00+00:00,286.7,292.4,31.74,21.2,4.93,TNP_0009,2,2016
2016-11-09 11:00:00+00:00,83.38,84.88,29.7,26.13,4.38,TNP_0009,2,2016
2016-11-09 12:00:00+00:00,0.0,0.0,25.22,41.81,3.11,TNP_0009,2,2016
2016-11-09 13:00:00+00:00,0.0,0.0,23.57,49.06,3.37,TNP_0009,2,2016
2016-11-09 14:00:00+00:00,0.0,0.0,22.59,55.72,3.25,TNP_0009,2,2016
2016-11-09 15:00:00+00:00,0.0,0.0,21.62,62.86,2.78,TNP_0009,2,2016
2016-11-09 16:00:00+00:00,0.0,0.0,20.85,68.65,2.43,TNP_0009,2,2016
2016-11-09 17:00:00+00:00,0.0,0.0,20.23,73.03,2.24,TNP_0009,2,2016
2016-11-09 18:00:00+00:00,0.0,0.0,19.81,75.73,2.06,TNP_0009,2,2016
2016-11-09 19:00:00+00:00,0.0,0.0,19.53,77.22,1.88,TNP_0009,2,2016
2016-11-09 20:00:00+00:00,0.0,0.0,19.26,78.47,1.8,TNP_0009,2,2016
2016-11-09 21:00:00+00:00,0.0,0.0,18.93,80.06,1.79,TNP_0009,2,2016
2016-11-09 22:00:00+00:00,0.0,0.0,18.58,81.62,1.87,TNP_0009,2,2016
2016-11-09 23:00:00+00:00,0.0,0.0,18.21,83.13,2.0,TNP_0009,2,2016
2016-11-10 00:00:00+00:00,3.15,3.15,17.84,84.47,2.14,TNP_0009,2,2016
2016-11-10 01:00:00+00:00,108.62,109.18,19.23,77.99,2.3,TNP_0009,2,2016
2016-11-10 02:00:00+00:00,302.2,304.48,22.73,62.02,2.56,TNP_0009,2,2016
2016-11-10 03:00:00+00:00,518.8,522.0,26.14,49.0,2.88,TNP_0009,2,2016
2016-11-10 04:00:00+00:00,696.35,698.97,28.48,40.17,3.36,TNP_0009,2,2016
2016-11-10 05:00:00+00:00,798.92,813.83,30.39,34.13,3.48,TNP_0009,2,2016
2016-11-10 06:00:00+00:00,845.08,848.75,31.81,29.84,3.53,TNP_0009,2,2016
2016-11-10 07:00:00+00:00,796.25,800.33,32.79,26.93,3.64,TNP_0009,2,2016
2016-11-10 08:00:00+00:00,667.05,671.75,33.2,25.61,3.87,TNP_0009,2,2016
2016-11-10 09:00:00+00:00,473.4,476.12,32.91,25.7,4.17,TNP_0009,2,2016
2016-11-10 10:00:00+00:00,284.62,286.58,31.93,27.32,4.42,TNP_0009,2,2016
2016-11-10 11:00:00+00:00,73.72,74.18,30.05,31.86,4.35,TNP_0009,2,2016
2016-11-10 12:00:00+00:00,0.0,0.0,26.19,45.36,3.43,TNP_0009,2,2016
2016-11-10 13:00:00+00:00,0.0,0.0,24.6,52.74,4.03,TNP_0009,2,2016
2016-11-10 14:00:00+00:00,0.0,0.0,23.35,60.74,3.72,TNP_0009,2,2016
2016-11-10 15:00:00+00:00,0.0,0.0,22.34,67.8,3.11,TNP_0009,2,2016
2016-11-10 16:00:00+00:00,0.0,0.0,21.5,73.64,2.37,TNP_0009,2,2016
2016-11-10 17:00:00+00:00,0.0,0.0,20.82,78.1,1.99,TNP_0009,2,2016
2016-11-10 18:00:00+00:00,0.0,0.0,20.32,80.96,1.84,TNP_0009,2,2016
2016-11-10 19:00:00+00:00,0.0,0.0,20.04,82.25,1.61,TNP_0009,2,2016
2016-11-10 20:00:00+00:00,0.0,0.0,20.02,82.1,1.32,TNP_0009,2,2016
2016-11-10 21:00:00+00:00,0.0,0.0,20.1,81.6,0.96,TNP_0009,2,2016
2016-11-10 22:00:00+00:00,0.0,0.0,20.03,82.03,0.87,TNP_0009,2,2016
2016-11-10 23:00:00+00:00,0.0,0.0,19.61,84.16,1.18,TNP_0009,2,2016
2016-11-11 00:00:00+00:00,2.92,2.92,19.09,86.85,1.56,TNP_0009,2,2016
2016-11-11 01:00:00+00:00,104.0,105.05,20.13,81.81,2.0,TNP_0009,2,2016
2016-11-11 02:00:00+00:00,287.48,290.17,23.19,67.41,1.53,TNP_0009,2,2016
2016-11-11 03:00:00+00:00,495.33,497.6,26.03,55.51,1.54,TNP_0009,2,2016
2016-11-11 04:00:00+00:00,663.53,670.2,28.3,45.95,1.92,TNP_0009,2,2016
2016-11-11 05:00:00+00:00,726.15,780.3,30.31,38.92,2.24,TNP_0009,2,2016
2016-11-11 06:00:00+00:00,810.42,822.83,31.9,34.02,2.56,TNP_0009,2,2016
2016-11-11 07:00:00+00:00,707.55,762.22,32.93,30.77,2.93,TNP_0009,2,2016
2016-11-11 08:00:00+00:00,518.25,609.9,33.29,29.24,3.37,TNP_0009,2,2016
2016-11-11 09:00:00+00:00,398.2,411.45,32.97,29.34,3.8,TNP_0009,2,2016
2016-11-11 10:00:00+00:00,227.6,230.88,32.0,31.22,4.21,TNP_0009,2,2016
2016-11-11 11:00:00+00:00,63.08,64.0,30.25,36.0,4.51,TNP_0009,2,2016
2016-11-11 12:00:00+00:00,0.0,0.0,27.07,48.3,3.87,TNP_0009,2,2016
2016-11-11 13:00:00+00:00,0.0,0.0,25.61,56.84,4.67,TNP_0009,2,2016
2016-11-11 14:00:00+00:00,0.0,0.0,24.49,65.05,4.43,TNP_0009,2,2016
2016-11-11 15:00:00+00:00,0.0,0.0,23.52,72.12,3.5,TNP_0009,2,2016
2016-11-11 16:00:00+00:00,0.0,0.0,22.72,77.74,2.67,TNP_0009,2,2016
2016-11-11 17:00:00+00:00,0.0,0.0,22.0,82.22,2.04,TNP_0009,2,2016
2016-11-11 18:00:00+00:00,0.0,0.0,21.38,85.79,1.79,TNP_0009,2,2016
2016-11-11 19:00:00+00:00,0.0,0.0,20.88,88.61,1.68,TNP_0009,2,2016
2016-11-11 20:00:00+00:00,0.0,0.0,20.53,90.56,1.5,TNP_0009,2,2016
2016-11-11 21:00:00+00:00,0.0,0.0,20.34,91.41,1.33,TNP_0009,2,2016
2016-11-11 22:00:00+00:00,0.0,0.0,20.09,92.64,1.35,TNP_0009,2,2016
2016-11-11 23:00:00+00:00,0.0,0.0,19.7,94.62,1.53,TNP_0009,2,2016
2016-11-12 00:00:00+00:00,2.78,2.8,19.33,96.49,1.76,TNP_0009,2,2016
2016-11-12 01:00:00+00:00,99.85,100.93,20.52,89.57,2.28,TNP_0009,2,2016
2016-11-12 02:00:00+00:00,281.92,284.27,23.65,72.94,2.34,TNP_0009,2,2016
2016-11-12 03:00:00+00:00,487.38,490.42,26.69,56.95,2.44,TNP_0009,2,2016
2016-11-12 04:00:00+00:00,649.08,662.1,29.18,45.53,2.63,TNP_0009,2,2016
2016-11-12 05:00:00+00:00,714.53,763.33,31.25,38.17,2.82,TNP_0009,2,2016
2016-11-12 06:00:00+00:00,784.95,802.53,32.67,33.84,3.05,TNP_0009,2,2016
2016-11-12 07:00:00+00:00,734.47,756.12,33.59,31.5,3.36,TNP_0009,2,2016
2016-11-12 08:00:00+00:00,614.0,640.65,33.94,30.83,3.75,TNP_0009,2,2016
2016-11-12 09:00:00+00:00,451.1,461.2,33.58,31.92,4.11,TNP_0009,2,2016
2016-11-12 10:00:00+00:00,246.5,259.02,32.61,34.79,4.42,TNP_0009,2,2016
2016-11-12 11:00:00+00:00,68.1,71.82,30.91,40.45,4.54,TNP_0009,2,2016
2016-11-12 12:00:00+00:00,0.0,0.0,28.03,52.83,3.69,TNP_0009,2,2016
2016-11-12 13:00:00+00:00,0.0,0.0,26.72,61.64,4.54,TNP_0009,2,2016
2016-11-12 14:00:00+00:00,0.0,0.0,25.66,70.1,4.55,TNP_0009,2,2016
2016-11-12 15:00:00+00:00,0.0,0.0,24.72,77.43,4.03,TNP_0009,2,2016
2016-11-12 16:00:00+00:00,0.0,0.0,24.01,83.06,3.74,TNP_0009,2,2016
2016-11-12 17:00:00+00:00,0.0,0.0,23.51,86.97,3.49,TNP_0009,2,2016
2016-11-12 18:00:00+00:00,0.0,0.0,23.22,89.29,3.24,TNP_0009,2,2016
2016-11-12 19:00:00+00:00,0.0,0.0,22.93,91.26,2.82,TNP_0009,2,2016
2016-11-12 20:00:00+00:00,0.0,0.0,22.65,93.17,2.42,TNP_0009,2,2016
2016-11-12 21:00:00+00:00,0.0,0.0,22.43,94.7,2.03,TNP_0009,2,2016
2016-11-12 22:00:00+00:00,0.0,0.0,22.22,95.87,1.86,TNP_0009,2,2016
2016-11-12 23:00:00+00:00,0.0,0.0,22.05,96.69,1.83,TNP_0009,2,2016
2016-11-13 00:00:00+00:00,0.0,0.0,21.94,97.12,1.83,TNP_0009,2,2016
2016-11-13 01:00:00+00:00,85.5,93.07,22.62,94.51,2.53,TNP_0009,2,2016
2016-11-13 02:00:00+00:00,241.0,270.5,24.27,88.13,2.96,TNP_0009,2,2016
2016-11-13 03:00:00+00:00,431.15,476.17,26.68,75.5,3.49,TNP_0009,2,2016
2016-11-13 04:00:00+00:00,521.03,643.78,29.19,62.79,3.73,TNP_0009,2,2016
2016-11-13 05:00:00+00:00,497.8,748.58,30.99,55.51,4.01,TNP_0009,2,2016
2016-11-13 06:00:00+00:00,529.67,845.67,32.06,51.09,4.36,TNP_0009,2,2016
2016-11-13 07:00:00+00:00,608.75,802.58,32.55,48.82,4.81,TNP_0009,2,2016
2016-11-13 08:00:00+00:00,543.58,682.7,32.66,47.9,5.23,TNP_0009,2,2016
2016-11-13 09:00:00+00:00,372.4,513.75,31.82,50.14,5.55,TNP_0009,2,2016
2016-11-13 10:00:00+00:00,223.48,303.05,30.43,55.53,5.77,TNP_0009,2,2016
2016-11-13 11:00:00+00:00,74.82,91.47,28.8,62.6,5.46,TNP_0009,2,2016
2016-11-13 12:00:00+00:00,0.0,0.0,26.99,72.2,4.26,TNP_0009,2,2016
2016-11-13 13:00:00+00:00,0.0,0.0,25.88,79.77,3.59,TNP_0009,2,2016
2016-11-13 14:00:00+00:00,0.0,0.0,25.16,85.22,3.04,TNP_0009,2,2016
2016-11-13 15:00:00+00:00,0.0,0.0,24.65,89.16,2.53,TNP_0009,2,2016
2016-11-13 16:00:00+00:00,0.0,0.0,24.25,91.88,2.18,TNP_0009,2,2016
2016-11-13 17:00:00+00:00,0.0,0.0,23.92,93.8,1.91,TNP_0009,2,2016
2016-11-13 18:00:00+00:00,0.0,0.0,23.58,95.42,1.63,TNP_0009,2,2016
2016-11-13 19:00:00+00:00,0.0,0.0,23.3,96.45,1.52,TNP_0009,2,2016
2016-11-13 20:00:00+00:00,0.0,0.0,23.06,97.08,1.48,TNP_0009,2,2016
2016-11-13 21:00:00+00:00,0.0,0.0,22.9,97.37,1.46,TNP_0009,2,2016
2016-11-13 22:00:00+00:00,0.0,0.0,22.76,97.59,1.45,TNP_0009,2,2016
2016-11-13 23:00:00+00:00,0.0,0.0,22.61,97.77,1.47,TNP_0009,2,2016
2016-11-14 00:00:00+00:00,0.0,0.0,22.47,97.82,1.49,TNP_0009,2,2016
2016-11-14 01:00:00+00:00,111.53,116.15,23.43,94.58,1.7,TNP_0009,2,2016
2016-11-14 02:00:00+00:00,297.67,324.48,25.19,85.79,2.45,TNP_0009,2,2016
2016-11-14 03:00:00+00:00,489.65,538.62,27.69,70.49,2.8,TNP_0009,2,2016
2016-11-14 04:00:00+00:00,665.4,702.15,30.3,57.14,2.98,TNP_0009,2,2016
2016-11-14 05:00:00+00:00,683.3,809.85,32.26,48.68,3.3,TNP_0009,2,2016
2016-11-14 06:00:00+00:00,769.65,858.75,33.64,43.11,3.68,TNP_0009,2,2016
2016-11-14 07:00:00+00:00,708.22,814.95,34.41,39.76,4.07,TNP_0009,2,2016
2016-11-14 08:00:00+00:00,552.95,699.53,34.62,38.04,4.42,TNP_0009,2,2016
2016-11-14 09:00:00+00:00,468.12,522.78,34.19,38.1,4.69,TNP_0009,2,2016
2016-11-14 10:00:00+00:00,256.7,307.83,33.13,40.28,4.87,TNP_0009,2,2016
2016-11-14 11:00:00+00:00,76.2,95.07,31.35,45.31,4.85,TNP_0009,2,2016
2016-11-14 12:00:00+00:00,0.0,0.0,28.61,56.78,3.77,TNP_0009,2,2016
2016-11-14 13:00:00+00:00,0.0,0.0,26.9,66.32,3.83,TNP_0009,2,2016
2016-11-14 14:00:00+00:00,0.0,0.0,25.7,74.71,3.45,TNP_0009,2,2016
2016-11-14 15:00:00+00:00,0.0,0.0,24.77,81.8,3.16,TNP_0009,2,2016
2016-11-14 16:00:00+00:00,0.0,0.0,24.07,87.45,2.9,TNP_0009,2,2016
2016-11-14 17:00:00+00:00,0.0,0.0,23.6,91.31,2.79,TNP_0009,2,2016
2016-11-14 18:00:00+00:00,0.0,0.0,23.42,92.86,2.58,TNP_0009,2,2016
2016-11-14 19:00:00+00:00,0.0,0.0,23.29,93.41,2.4,TNP_0009,2,2016
2016-11-14 20:00:00+00:00,0.0,0.0,23.1,93.99,1.99,TNP_0009,2,2016
2016-11-14 21:00:00+00:00,0.0,0.0,22.95,94.37,1.44,TNP_0009,2,2016
2016-11-14 22:00:00+00:00,0.0,0.0,22.68,95.53,1.17,TNP_0009,2,2016
2016-11-14 23:00:00+00:00,0.0,0.0,22.38,96.7,1.18,TNP_0009,2,2016
2016-11-15 00:00:00+00:00,0.0,0.0,22.1,97.67,1.23,TNP_0009,2,2016
2016-11-15 01:00:00+00:00,111.2,123.22,23.06,91.45,1.53,TNP_0009,2,2016
2016-11-15 02:00:00+00:00,294.55,337.1,25.42,75.89,2.35,TNP_0009,2,2016
2016-11-15 03:00:00+00:00,513.7,549.85,27.76,62.71,2.88,TNP_0009,2,2016
2016-11-15 04:00:00+00:00,592.6,722.17,30.09,50.61,3.36,TNP_0009,2,2016
2016-11-15 05:00:00+00:00,804.95,830.3,32.04,41.84,3.82,TNP_0009,2,2016
2016-11-15 06:00:00+00:00,812.1,862.67,33.39,36.63,4.25,TNP_0009,2,2016
2016-11-15 07:00:00+00:00,732.67,818.25,34.1,34.02,4.65,TNP_0009,2,2016
2016-11-15 08:00:00+00:00,661.25,700.65,34.09,33.62,5.0,TNP_0009,2,2016
2016-11-15 09:00:00+00:00,478.3,520.38,33.25,35.53,5.16,TNP_0009,2,2016
2016-11-15 10:00:00+00:00,270.83,302.67,31.95,39.15,5.13,TNP_0009,2,2016
2016-11-15 11:00:00+00:00,86.0,90.82,30.28,45.21,4.73,TNP_0009,2,2016
2016-11-15 12:00:00+00:00,0.0,0.0,27.98,56.35,3.55,TNP_0009,2,2016
2016-11-15 13:00:00+00:00,0.0,0.0,26.88,64.09,3.62,TNP_0009,2,2016
2016-11-15 14:00:00+00:00,0.0,0.0,26.08,71.05,3.41,TNP_0009,2,2016
2016-11-15 15:00:00+00:00,0.0,0.0,25.4,77.39,3.2,TNP_0009,2,2016
2016-11-15 16:00:00+00:00,0.0,0.0,24.79,83.09,2.95,TNP_0009,2,2016
2016-11-15 17:00:00+00:00,0.0,0.0,24.26,87.9,2.83,TNP_0009,2,2016
2016-11-15 18:00:00+00:00,0.0,0.0,23.96,90.6,2.78,TNP_0009,2,2016
2016-11-15 19:00:00+00:00,0.0,0.0,23.67,92.88,2.36,TNP_0009,2,2016
2016-11-15 20:00:00+00:00,0.0,0.0,23.43,94.27,2.06,TNP_0009,2,2016
2016-11-15 21:00:00+00:00,0.0,0.0,23.17,95.18,1.78,TNP_0009,2,2016
2016-11-15 22:00:00+00:00,0.0,0.0,22.92,95.92,1.74,TNP_0009,2,2016
2016-11-15 23:00:00+00:00,0.0,0.0,22.7,96.3,1.79,TNP_0009,2,2016
2016-11-16 00:00:00+00:00,0.0,0.0,22.51,96.63,1.85,TNP_0009,2,2016
2016-11-16 01:00:00+00:00,100.07,106.65,23.27,93.33,2.56,TNP_0009,2,2016
2016-11-16 02:00:00+00:00,277.4,310.17,25.02,83.58,3.63,TNP_0009,2,2016
2016-11-16 03:00:00+00:00,474.98,520.92,27.57,67.62,4.41,TNP_0009,2,2016
2016-11-16 04:00:00+00:00,680.42,693.95,30.16,53.86,5.07,TNP_0009,2,2016
2016-11-16 05:00:00+00:00,740.12,801.85,31.99,46.51,5.58,TNP_0009,2,2016
2016-11-16 06:00:00+00:00,712.55,832.47,33.2,42.29,6.0,TNP_0009,2,2016
2016-11-16 07:00:00+00:00,702.35,783.5,33.74,40.12,6.35,TNP_0009,2,2016
2016-11-16 08:00:00+00:00,593.08,683.45,33.71,39.58,6.64,TNP_0009,2,2016
2016-11-16 09:00:00+00:00,460.65,511.38,33.1,40.65,6.77,TNP_0009,2,2016
2016-11-16 10:00:00+00:00,262.1,296.88,31.99,43.28,6.78,TNP_0009,2,2016
2016-11-16 11:00:00+00:00,82.35,87.75,30.24,48.61,6.49,TNP_0009,2,2016
2016-11-16 12:00:00+00:00,0.0,0.0,27.85,58.53,5.07,TNP_0009,2,2016
2016-11-16 13:00:00+00:00,0.0,0.0,26.29,67.9,4.1,TNP_0009,2,2016
2016-11-16 14:00:00+00:00,0.0,0.0,25.34,75.19,3.47,TNP_0009,2,2016
2016-11-16 15:00:00+00:00,0.0,0.0,24.63,81.11,3.21,TNP_0009,2,2016
2016-11-16 16:00:00+00:00,0.0,0.0,24.14,85.49,3.19,TNP_0009,2,2016
2016-11-16 17:00:00+00:00,0.0,0.0,23.98,87.6,3.46,TNP_0009,2,2016
2016-11-16 18:00:00+00:00,0.0,0.0,23.86,88.83,3.34,TNP_0009,2,2016
2016-11-16 19:00:00+00:00,0.0,0.0,23.64,90.34,2.94,TNP_0009,2,2016
2016-11-16 20:00:00+00:00,0.0,0.0,23.51,91.42,2.75,TNP_0009,2,2016
2016-11-16 21:00:00+00:00,0.0,0.0,23.37,92.59,2.58,TNP_0009,2,2016
2016-11-16 22:00:00+00:00,0.0,0.0,23.29,93.37,2.44,TNP_0009,2,2016
2016-11-16 23:00:00+00:00,0.0,0.0,23.21,94.02,2.3,TNP_0009,2,2016
2016-11-17 00:00:00+00:00,0.0,0.0,23.11,94.6,2.14,TNP_0009,2,2016
2016-11-17 01:00:00+00:00,76.18,99.88,23.54,92.83,2.65,TNP_0009,2,2016
2016-11-17 02:00:00+00:00,195.9,297.35,24.64,87.36,3.64,TNP_0009,2,2016
2016-11-17 03:00:00+00:00,390.1,513.1,26.26,76.6,4.54,TNP_0009,2,2016
2016-11-17 04:00:00+00:00,579.33,692.1,28.26,63.94,5.14,TNP_0009,2,2016
2016-11-17 05:00:00+00:00,718.83,809.45,30.05,55.31,5.47,TNP_0009,2,2016
2016-11-17 06:00:00+00:00,676.97,801.25,31.66,48.73,5.8,TNP_0009,2,2016
2016-11-17 07:00:00+00:00,649.6,743.03,32.69,44.57,6.14,TNP_0009,2,2016
2016-11-17 08:00:00+00:00,549.33,621.55,33.0,42.3,6.51,TNP_0009,2,2016
2016-11-17 09:00:00+00:00,401.48,442.05,32.45,42.65,6.77,TNP_0009,2,2016
2016-11-17 10:00:00+00:00,231.07,247.35,31.27,45.19,6.89,TNP_0009,2,2016
2016-11-17 11:00:00+00:00,63.97,68.0,29.49,50.38,6.59,TNP_0009,2,2016
2016-11-17 12:00:00+00:00,0.0,0.0,27.21,59.55,5.17,TNP_0009,2,2016
2016-11-17 13:00:00+00:00,0.0,0.0,25.7,67.76,4.19,TNP_0009,2,2016
2016-11-17 14:00:00+00:00,0.0,0.0,24.83,73.41,3.7,TNP_0009,2,2016
2016-11-17 15:00:00+00:00,0.0,0.0,24.21,77.66,3.28,TNP_0009,2,2016
2016-11-17 16:00:00+00:00,0.0,0.0,23.6,81.48,2.71,TNP_0009,2,2016
2016-11-17 17:00:00+00:00,0.0,0.0,23.01,84.84,2.42,TNP_0009,2,2016
2016-11-17 18:00:00+00:00,0.0,0.0,22.77,85.76,2.46,TNP_0009,2,2016
2016-11-17 19:00:00+00:00,0.0,0.0,22.46,86.7,2.47,TNP_0009,2,2016
2016-11-17 20:00:00+00:00,0.0,0.0,22.08,87.91,2.56,TNP_0009,2,2016
2016-11-17 21:00:00+00:00,0.0,0.0,21.7,89.33,2.69,TNP_0009,2,2016
2016-11-17 22:00:00+00:00,0.0,0.0,21.44,90.2,2.94,TNP_0009,2,2016
2016-11-17 23:00:00+00:00,0.0,0.0,21.22,91.08,3.15,TNP_0009,2,2016
2016-11-18 00:00:00+00:00,0.0,0.0,21.03,91.84,3.31,TNP_0009,2,2016
2016-11-18 01:00:00+00:00,88.78,97.12,21.57,88.44,4.03,TNP_0009,2,2016
2016-11-18 02:00:00+00:00,266.95,302.27,23.85,75.6,4.87,TNP_0009,2,2016
2016-11-18 03:00:00+00:00,477.5,514.3,26.31,63.19,5.67,TNP_0009,2,2016
2016-11-18 04:00:00+00:00,650.28,698.9,28.42,53.94,5.81,TNP_0009,2,2016
2016-11-18 05:00:00+00:00,696.03,810.97,30.34,46.7,5.92,TNP_0009,2,2016
2016-11-18 06:00:00+00:00,731.58,813.92,32.02,41.13,6.03,TNP_0009,2,2016
2016-11-18 07:00:00+00:00,683.55,767.08,33.05,37.61,6.09,TNP_0009,2,2016
2016-11-18 08:00:00+00:00,546.1,646.2,33.18,36.28,6.14,TNP_0009,2,2016
2016-11-18 09:00:00+00:00,416.0,463.98,32.54,36.99,6.21,TNP_0009,2,2016
2016-11-18 10:00:00+00:00,223.5,254.85,31.35,39.6,6.31,TNP_0009,2,2016
2016-11-18 11:00:00+00:00,67.62,71.8,29.57,44.99,6.04,TNP_0009,2,2016
2016-11-18 12:00:00+00:00,0.0,0.0,26.83,56.08,4.44,TNP_0009,2,2016
2016-11-18 13:00:00+00:00,0.0,0.0,25.1,65.89,3.86,TNP_0009,2,2016
2016-11-18 14:00:00+00:00,0.0,0.0,23.99,73.47,3.35,TNP_0009,2,2016
2016-11-18 15:00:00+00:00,0.0,0.0,23.09,79.82,2.79,TNP_0009,2,2016
2016-11-18 16:00:00+00:00,0.0,0.0,22.3,85.31,2.33,TNP_0009,2,2016
2016-11-18 17:00:00+00:00,0.0,0.0,21.69,89.43,2.1,TNP_0009,2,2016
2016-11-18 18:00:00+00:00,0.0,0.0,21.24,92.26,1.98,TNP_0009,2,2016
2016-11-18 19:00:00+00:00,0.0,0.0,20.85,94.45,1.95,TNP_0009,2,2016
2016-11-18 20:00:00+00:00,0.0,0.0,20.42,96.73,1.98,TNP_0009,2,2016
2016-11-18 21:00:00+00:00,0.0,0.0,19.97,99.13,2.06,TNP_0009,2,2016
2016-11-18 22:00:00+00:00,0.0,0.0,19.58,100.0,2.11,TNP_0009,2,2016
2016-11-18 23:00:00+00:00,0.0,0.0,19.31,100.0,2.17,TNP_0009,2,2016
2016-11-19 00:00:00+00:00,0.0,0.0,19.14,100.0,2.22,TNP_0009,2,2016
2016-11-19 01:00:00+00:00,79.12,97.82,20.48,95.03,2.75,TNP_0009,2,2016
2016-11-19 02:00:00+00:00,228.32,300.17,23.26,79.77,3.91,TNP_0009,2,2016
2016-11-19 03:00:00+00:00,420.85,517.8,25.6,67.2,4.86,TNP_0009,2,2016
2016-11-19 04:00:00+00:00,540.28,694.22,27.42,57.59,5.26,TNP_0009,2,2016
2016-11-19 05:00:00+00:00,596.12,807.75,28.89,49.85,5.42,TNP_0009,2,2016
2016-11-19 06:00:00+00:00,581.35,794.03,29.92,44.33,5.53,TNP_0009,2,2016
2016-11-19 07:00:00+00:00,526.33,751.08,30.77,40.14,5.65,TNP_0009,2,2016
2016-11-19 08:00:00+00:00,433.27,635.62,31.34,37.59,5.7,TNP_0009,2,2016
2016-11-19 09:00:00+00:00,314.17,461.17,31.3,37.42,5.59,TNP_0009,2,2016
2016-11-19 10:00:00+00:00,184.3,254.62,30.44,39.52,5.4,TNP_0009,2,2016
2016-11-19 11:00:00+00:00,57.53,70.12,28.83,44.25,4.89,TNP_0009,2,2016
2016-11-19 12:00:00+00:00,0.0,0.0,25.57,57.51,2.97,TNP_0009,2,2016
2016-11-19 13:00:00+00:00,0.0,0.0,24.02,65.86,2.82,TNP_0009,2,2016
2016-11-19 14:00:00+00:00,0.0,0.0,23.1,72.04,2.68,TNP_0009,2,2016
2016-11-19 15:00:00+00:00,0.0,0.0,22.29,78.08,2.57,TNP_0009,2,2016
2016-11-19 16:00:00+00:00,0.0,0.0,21.55,84.05,2.34,TNP_0009,2,2016
2016-11-19 17:00:00+00:00,0.0,0.0,20.87,89.64,2.11,TNP_0009,2,2016
2016-11-19 18:00:00+00:00,0.0,0.0,20.33,94.15,1.98,TNP_0009,2,2016
2016-11-19 19:00:00+00:00,0.0,0.0,19.9,97.79,1.92,TNP_0009,2,2016
2016-11-19 20:00:00+00:00,0.0,0.0,19.64,100.0,1.91,TNP_0009,2,2016
2016-11-19 21:00:00+00:00,0.0,0.0,19.43,100.0,1.95,TNP_0009,2,2016
2016-11-19 22:00:00+00:00,0.0,0.0,19.36,100.0,2.0,TNP_0009,2,2016
2016-11-19 23:00:00+00:00,0.0,0.0,19.32,100.0,2.05,TNP_0009,2,2016
2016-11-20 00:00:00+00:00,0.0,0.0,19.25,100.0,2.16,TNP_0009,2,2016
2016-11-20 01:00:00+00:00,87.65,92.97,20.05,95.72,2.83,TNP_0009,2,2016
2016-11-20 02:00:00+00:00,269.98,288.15,21.89,84.35,3.86,TNP_0009,2,2016
2016-11-20 03:00:00+00:00,482.73,500.15,23.88,72.23,4.34,TNP_0009,2,2016
2016-11-20 04:00:00+00:00,558.95,673.08,25.58,63.02,4.46,TNP_0009,2,2016
2016-11-20 05:00:00+00:00,684.92,783.08,27.11,55.37,4.46,TNP_0009,2,2016
2016-11-20 06:00:00+00:00,696.4,838.3,28.44,49.62,4.49,TNP_0009,2,2016
2016-11-20 07:00:00+00:00,619.72,795.8,29.51,45.42,4.54,TNP_0009,2,2016
2016-11-20 08:00:00+00:00,447.42,680.12,30.34,42.25,4.57,TNP_0009,2,2016
2016-11-20 09:00:00+00:00,366.27,501.62,30.64,40.48,4.58,TNP_0009,2,2016
2016-11-20 10:00:00+00:00,197.9,288.25,30.04,41.34,4.6,TNP_0009,2,2016
2016-11-20 11:00:00+00:00,63.83,83.1,28.53,45.76,4.34,TNP_0009,2,2016
2016-11-20 12:00:00+00:00,0.0,0.0,25.07,60.01,2.74,TNP_0009,2,2016
2016-11-20 13:00:00+00:00,0.0,0.0,23.59,68.22,2.78,TNP_0009,2,2016
2016-11-20 14:00:00+00:00,0.0,0.0,22.74,74.66,2.74,TNP_0009,2,2016
2016-11-20 15:00:00+00:00,0.0,0.0,21.92,81.14,2.59,TNP_0009,2,2016
2016-11-20 16:00:00+00:00,0.0,0.0,21.17,86.76,2.41,TNP_0009,2,2016
2016-11-20 17:00:00+00:00,0.0,0.0,20.51,91.28,2.28,TNP_0009,2,2016
2016-11-20 18:00:00+00:00,0.0,0.0,19.97,94.73,2.17,TNP_0009,2,2016
2016-11-20 19:00:00+00:00,0.0,0.0,19.58,97.05,2.09,TNP_0009,2,2016
2016-11-20 20:00:00+00:00,0.0,0.0,19.32,98.42,2.04,TNP_0009,2,2016
2016-11-20 21:00:00+00:00,0.0,0.0,19.03,100.0,2.09,TNP_0009,2,2016
2016-11-20 22:00:00+00:00,0.0,0.0,18.7,100.0,2.19,TNP_0009,2,2016
2016-11-20 23:00:00+00:00,0.0,0.0,18.42,100.0,2.29,TNP_0009,2,2016
2016-11-21 00:00:00+00:00,0.0,0.0,18.17,100.0,2.39,TNP_0009,2,2016
2016-11-21 01:00:00+00:00,86.68,105.47,19.5,96.33,3.1,TNP_0009,2,2016
2016-11-21 02:00:00+00:00,250.73,318.5,22.98,77.05,4.07,TNP_0009,2,2016
2016-11-21 03:00:00+00:00,436.15,537.0,26.12,60.62,4.76,TNP_0009,2,2016
2016-11-21 04:00:00+00:00,631.05,712.8,28.62,48.96,5.07,TNP_0009,2,2016
2016-11-21 05:00:00+00:00,744.38,824.1,30.69,40.84,5.25,TNP_0009,2,2016
2016-11-21 06:00:00+00:00,816.65,837.47,32.24,35.44,5.41,TNP_0009,2,2016
2016-11-21 07:00:00+00:00,766.62,796.33,33.1,32.52,5.52,TNP_0009,2,2016
2016-11-21 08:00:00+00:00,611.62,681.67,33.27,31.35,5.63,TNP_0009,2,2016
2016-11-21 09:00:00+00:00,475.35,506.02,32.76,31.71,5.68,TNP_0009,2,2016
2016-11-21 10:00:00+00:00,269.38,291.23,31.55,33.75,5.66,TNP_0009,2,2016
2016-11-21 11:00:00+00:00,80.2,85.72,29.65,38.32,5.37,TNP_0009,2,2016
2016-11-21 12:00:00+00:00,0.0,0.0,26.59,49.06,3.93,TNP_0009,2,2016
2016-11-21 13:00:00+00:00,0.0,0.0,24.92,57.8,3.99,TNP_0009,2,2016
2016-11-21 14:00:00+00:00,0.0,0.0,23.62,66.19,3.5,TNP_0009,2,2016
2016-11-21 15:00:00+00:00,0.0,0.0,22.48,73.89,2.96,TNP_0009,2,2016
2016-11-21 16:00:00+00:00,0.0,0.0,21.52,80.41,2.49,TNP_0009,2,2016
2016-11-21 17:00:00+00:00,0.0,0.0,20.63,86.16,2.17,TNP_0009,2,2016
2016-11-21 18:00:00+00:00,0.0,0.0,19.81,91.19,2.02,TNP_0009,2,2016
2016-11-21 19:00:00+00:00,0.0,0.0,19.08,95.56,1.96,TNP_0009,2,2016
2016-11-21 20:00:00+00:00,0.0,0.0,18.46,99.12,1.93,TNP_0009,2,2016
2016-11-21 21:00:00+00:00,0.0,0.0,17.92,100.0,1.94,TNP_0009,2,2016
2016-11-21 22:00:00+00:00,0.0,0.0,17.46,100.0,2.02,TNP_0009,2,2016
2016-11-21 23:00:00+00:00,0.0,0.0,17.04,100.0,2.12,TNP_0009,2,2016
2016-11-22 00:00:00+00:00,0.0,0.0,16.69,100.0,2.2,TNP_0009,2,2016
2016-11-22 01:00:00+00:00,88.15,102.88,17.99,97.89,2.59,TNP_0009,2,2016
2016-11-22 02:00:00+00:00,272.48,315.23,21.47,76.99,3.06,TNP_0009,2,2016
2016-11-22 03:00:00+00:00,488.2,535.97,25.26,55.4,3.43,TNP_0009,2,2016
2016-11-22 04:00:00+00:00,680.12,711.97,28.07,42.28,3.51,TNP_0009,2,2016
2016-11-22 05:00:00+00:00,804.47,823.45,30.44,33.61,3.48,TNP_0009,2,2016
2016-11-22 06:00:00+00:00,831.35,840.45,32.24,28.15,3.49,TNP_0009,2,2016
2016-11-22 07:00:00+00:00,760.08,801.7,33.35,24.86,3.63,TNP_0009,2,2016
2016-11-22 08:00:00+00:00,669.55,688.83,33.76,23.19,3.91,TNP_0009,2,2016
2016-11-22 09:00:00+00:00,505.52,513.85,33.44,23.02,4.26,TNP_0009,2,2016
2016-11-22 10:00:00+00:00,289.42,297.77,32.4,24.79,4.74,TNP_0009,2,2016
2016-11-22 11:00:00+00:00,87.65,88.25,30.34,30.2,4.92,TNP_0009,2,2016
2016-11-22 12:00:00+00:00,0.0,0.0,26.51,44.08,4.11,TNP_0009,2,2016
2016-11-22 13:00:00+00:00,0.0,0.0,24.98,55.04,4.94,TNP_0009,2,2016
2016-11-22 14:00:00+00:00,0.0,0.0,23.69,66.42,4.55,TNP_0009,2,2016
2016-11-22 15:00:00+00:00,0.0,0.0,22.53,76.22,3.43,TNP_0009,2,2016
2016-11-22 16:00:00+00:00,0.0,0.0,21.52,83.74,2.61,TNP_0009,2,2016
2016-11-22 17:00:00+00:00,0.0,0.0,20.64,89.58,2.2,TNP_0009,2,2016
2016-11-22 18:00:00+00:00,0.0,0.0,19.99,93.66,2.06,TNP_0009,2,2016
2016-11-22 19:00:00+00:00,0.0,0.0,19.45,96.92,2.01,TNP_0009,2,2016
2016-11-22 20:00:00+00:00,0.0,0.0,18.98,99.66,1.97,TNP_0009,2,2016
2016-11-22 21:00:00+00:00,0.0,0.0,18.58,100.0,1.93,TNP_0009,2,2016
2016-11-22 22:00:00+00:00,0.0,0.0,18.22,100.0,1.89,TNP_0009,2,2016
2016-11-22 23:00:00+00:00,0.0,0.0,17.89,100.0,1.85,TNP_0009,2,2016
2016-11-23 00:00:00+00:00,0.0,0.0,17.58,100.0,1.84,TNP_0009,2,2016
2016-11-23 01:00:00+00:00,95.25,95.97,18.59,98.92,1.87,TNP_0009,2,2016
2016-11-23 02:00:00+00:00,305.9,307.38,21.76,78.48,2.53,TNP_0009,2,2016
2016-11-23 03:00:00+00:00,526.67,528.8,24.93,55.95,3.44,TNP_0009,2,2016
2016-11-23 04:00:00+00:00,704.2,707.03,27.9,39.51,4.12,TNP_0009,2,2016
2016-11-23 05:00:00+00:00,817.0,820.97,30.38,29.68,4.49,TNP_0009,2,2016
2016-11-23 06:00:00+00:00,853.5,856.8,32.15,24.26,4.73,TNP_0009,2,2016
2016-11-23 07:00:00+00:00,812.08,817.2,33.19,21.37,4.97,TNP_0009,2,2016
2016-11-23 08:00:00+00:00,695.97,702.7,33.49,20.14,5.21,TNP_0009,2,2016
2016-11-23 09:00:00+00:00,516.08,525.35,33.04,20.3,5.33,TNP_0009,2,2016
2016-11-23 10:00:00+00:00,295.5,305.98,31.88,22.04,5.31,TNP_0009,2,2016
2016-11-23 11:00:00+00:00,87.5,91.45,29.78,26.66,4.83,TNP_0009,2,2016
2016-11-23 12:00:00+00:00,0.0,0.0,25.28,40.56,3.2,TNP_0009,2,2016
2016-11-23 13:00:00+00:00,0.0,0.0,23.57,50.27,3.46,TNP_0009,2,2016
2016-11-23 14:00:00+00:00,0.0,0.0,22.43,59.98,3.31,TNP_0009,2,2016
2016-11-23 15:00:00+00:00,0.0,0.0,21.37,69.58,2.95,TNP_0009,2,2016
2016-11-23 16:00:00+00:00,0.0,0.0,20.46,78.09,2.61,TNP_0009,2,2016
2016-11-23 17:00:00+00:00,0.0,0.0,19.66,85.45,2.36,TNP_0009,2,2016
2016-11-23 18:00:00+00:00,0.0,0.0,18.97,91.37,2.25,TNP_0009,2,2016
2016-11-23 19:00:00+00:00,0.0,0.0,18.38,95.94,2.21,TNP_0009,2,2016
2016-11-23 20:00:00+00:00,0.0,0.0,17.86,99.61,2.21,TNP_0009,2,2016
2016-11-23 21:00:00+00:00,0.0,0.0,17.42,100.0,2.19,TNP_0009,2,2016
2016-11-23 22:00:00+00:00,0.0,0.0,17.06,100.0,2.15,TNP_0009,2,2016
2016-11-23 23:00:00+00:00,0.0,0.0,16.75,100.0,2.15,TNP_0009,2,2016
2016-11-24 00:00:00+00:00,0.0,0.0,16.45,100.0,2.2,TNP_0009,2,2016
2016-11-24 01:00:00+00:00,93.03,95.43,17.8,98.3,2.35,TNP_0009,2,2016
2016-11-24 02:00:00+00:00,294.95,306.6,21.58,76.1,3.02,TNP_0009,2,2016
2016-11-24 03:00:00+00:00,519.5,525.7,24.68,58.03,3.55,TNP_0009,2,2016
2016-11-24 04:00:00+00:00,700.88,701.45,27.3,45.27,3.92,TNP_0009,2,2016
2016-11-24 05:00:00+00:00,782.5,816.97,29.57,36.51,4.2,TNP_0009,2,2016
2016-11-24 06:00:00+00:00,807.72,825.45,31.32,30.66,4.42,TNP_0009,2,2016
2016-11-24 07:00:00+00:00,765.15,788.5,32.41,27.24,4.65,TNP_0009,2,2016
2016-11-24 08:00:00+00:00,672.0,675.78,32.81,25.69,4.92,TNP_0009,2,2016
2016-11-24 09:00:00+00:00,495.88,498.77,32.43,25.91,5.13,TNP_0009,2,2016
2016-11-24 10:00:00+00:00,282.75,284.58,31.36,27.94,5.3,TNP_0009,2,2016
2016-11-24 11:00:00+00:00,87.07,87.62,29.41,32.89,5.2,TNP_0009,2,2016
2016-11-24 12:00:00+00:00,0.0,0.0,25.79,45.12,3.88,TNP_0009,2,2016
2016-11-24 13:00:00+00:00,0.0,0.0,24.24,54.25,4.39,TNP_0009,2,2016
2016-11-24 14:00:00+00:00,0.0,0.0,22.85,63.55,3.84,TNP_0009,2,2016
2016-11-24 15:00:00+00:00,0.0,0.0,21.59,72.12,3.07,TNP_0009,2,2016
2016-11-24 16:00:00+00:00,0.0,0.0,20.47,79.81,2.44,TNP_0009,2,2016
2016-11-24 17:00:00+00:00,0.0,0.0,19.52,86.27,2.16,TNP_0009,2,2016
2016-11-24 18:00:00+00:00,0.0,0.0,18.79,91.17,2.05,TNP_0009,2,2016
2016-11-24 19:00:00+00:00,0.0,0.0,18.26,94.87,1.94,TNP_0009,2,2016
2016-11-24 20:00:00+00:00,0.0,0.0,17.76,98.31,1.93,TNP_0009,2,2016
2016-11-24 21:00:00+00:00,0.0,0.0,17.29,100.0,2.09,TNP_0009,2,2016
2016-11-24 22:00:00+00:00,0.0,0.0,16.88,100.0,2.3,TNP_0009,2,2016
2016-11-24 23:00:00+00:00,0.0,0.0,16.66,100.0,2.46,TNP_0009,2,2016
2016-11-25 00:00:00+00:00,0.0,0.0,16.57,100.0,2.65,TNP_0009,2,2016
2016-11-25 01:00:00+00:00,95.2,98.5,17.88,94.52,3.43,TNP_0009,2,2016
2016-11-25 02:00:00+00:00,294.62,312.92,21.26,76.05,4.32,TNP_0009,2,2016
2016-11-25 03:00:00+00:00,509.08,531.78,24.67,59.01,5.25,TNP_0009,2,2016
2016-11-25 04:00:00+00:00,687.2,706.7,27.23,47.41,5.61,TNP_0009,2,2016
2016-11-25 05:00:00+00:00,813.83,817.8,29.43,39.12,5.75,TNP_0009,2,2016
2016-11-25 06:00:00+00:00,827.0,830.33,31.48,32.71,5.86,TNP_0009,2,2016
2016-11-25 07:00:00+00:00,788.75,794.88,32.73,28.58,5.91,TNP_0009,2,2016
2016-11-25 08:00:00+00:00,680.85,685.88,33.21,26.19,5.94,TNP_0009,2,2016
2016-11-25 09:00:00+00:00,508.75,511.75,32.88,25.78,5.84,TNP_0009,2,2016
2016-11-25 10:00:00+00:00,292.55,298.35,31.75,27.41,5.66,TNP_0009,2,2016
2016-11-25 11:00:00+00:00,88.03,89.25,29.77,31.79,5.14,TNP_0009,2,2016
2016-11-25 12:00:00+00:00,0.0,0.0,25.61,44.82,3.36,TNP_0009,2,2016
2016-11-25 13:00:00+00:00,0.0,0.0,23.86,54.52,3.47,TNP_0009,2,2016
2016-11-25 14:00:00+00:00,0.0,0.0,22.6,63.97,3.15,TNP_0009,2,2016
2016-11-25 15:00:00+00:00,0.0,0.0,21.39,73.21,2.65,TNP_0009,2,2016
2016-11-25 16:00:00+00:00,0.0,0.0,20.38,81.12,2.32,TNP_0009,2,2016
2016-11-25 17:00:00+00:00,0.0,0.0,19.57,87.31,2.14,TNP_0009,2,2016
2016-11-25 18:00:00+00:00,0.0,0.0,18.98,91.6,1.98,TNP_0009,2,2016
2016-11-25 19:00:00+00:00,0.0,0.0,18.52,94.58,1.75,TNP_0009,2,2016
2016-11-25 20:00:00+00:00,0.0,0.0,18.19,96.58,1.56,TNP_0009,2,2016
2016-11-25 21:00:00+00:00,0.0,0.0,17.65,99.51,1.54,TNP_0009,2,2016
2016-11-25 22:00:00+00:00,0.0,0.0,16.91,100.0,1.76,TNP_0009,2,2016
2016-11-25 23:00:00+00:00,0.0,0.0,16.17,100.0,2.06,TNP_0009,2,2016
2016-11-26 00:00:00+00:00,0.0,0.0,15.68,100.0,2.28,TNP_0009,2,2016
2016-11-26 01:00:00+00:00,96.05,98.9,17.01,96.71,2.48,TNP_0009,2,2016
2016-11-26 02:00:00+00:00,309.52,315.88,21.0,71.43,2.89,TNP_0009,2,2016
2016-11-26 03:00:00+00:00,533.58,536.28,25.28,47.48,3.3,TNP_0009,2,2016
2016-11-26 04:00:00+00:00,711.4,714.35,28.19,36.18,3.95,TNP_0009,2,2016
2016-11-26 05:00:00+00:00,725.38,826.88,30.51,29.36,4.31,TNP_0009,2,2016
2016-11-26 06:00:00+00:00,808.58,820.47,32.19,25.09,4.55,TNP_0009,2,2016
2016-11-26 07:00:00+00:00,758.5,783.1,33.22,22.69,4.75,TNP_0009,2,2016
2016-11-26 08:00:00+00:00,654.78,671.88,33.57,21.67,4.95,TNP_0009,2,2016
2016-11-26 09:00:00+00:00,468.8,498.58,33.19,22.07,5.12,TNP_0009,2,2016
2016-11-26 10:00:00+00:00,264.62,285.83,32.09,23.87,5.21,TNP_0009,2,2016
2016-11-26 11:00:00+00:00,81.2,84.5,30.05,28.38,4.83,TNP_0009,2,2016
2016-11-26 12:00:00+00:00,0.0,0.0,25.75,41.29,3.44,TNP_0009,2,2016
2016-11-26 13:00:00+00:00,0.0,0.0,24.09,50.71,3.81,TNP_0009,2,2016
2016-11-26 14:00:00+00:00,0.0,0.0,22.68,60.5,3.3,TNP_0009,2,2016
2016-11-26 15:00:00+00:00,0.0,0.0,21.27,70.19,2.5,TNP_0009,2,2016
2016-11-26 16:00:00+00:00,0.0,0.0,20.22,77.91,2.11,TNP_0009,2,2016
2016-11-26 17:00:00+00:00,0.0,0.0,19.65,82.38,1.74,TNP_0009,2,2016
2016-11-26 18:00:00+00:00,0.0,0.0,19.55,83.71,1.23,TNP_0009,2,2016
2016-11-26 19:00:00+00:00,0.0,0.0,18.93,87.22,1.29,TNP_0009,2,2016
2016-11-26 20:00:00+00:00,0.0,0.0,18.04,92.01,1.76,TNP_0009,2,2016
2016-11-26 21:00:00+00:00,0.0,0.0,17.47,94.4,2.11,TNP_0009,2,2016
2016-11-26 22:00:00+00:00,0.0,0.0,17.08,95.09,2.29,TNP_0009,2,2016
2016-11-26 23:00:00+00:00,0.0,0.0,16.76,94.97,2.41,TNP_0009,2,2016
2016-11-27 00:00:00+00:00,0.0,0.0,16.47,94.24,2.48,TNP_0009,2,2016
2016-11-27 01:00:00+00:00,88.28,97.07,17.75,84.22,2.42,TNP_0009,2,2016
2016-11-27 02:00:00+00:00,276.7,314.92,22.01,62.17,3.03,TNP_0009,2,2016
2016-11-27 03:00:00+00:00,477.25,536.75,26.01,42.61,3.53,TNP_0009,2,2016
2016-11-27 04:00:00+00:00,654.55,716.17,29.33,29.77,4.52,TNP_0009,2,2016
2016-11-27 05:00:00+00:00,689.0,831.65,31.91,22.64,4.98,TNP_0009,2,2016
2016-11-27 06:00:00+00:00,801.65,829.53,33.82,18.25,5.14,TNP_0009,2,2016
2016-11-27 07:00:00+00:00,772.2,791.65,35.05,15.82,5.29,TNP_0009,2,2016
2016-11-27 08:00:00+00:00,628.58,678.53,35.52,14.88,5.49,TNP_0009,2,2016
2016-11-27 09:00:00+00:00,488.05,503.17,35.11,15.24,5.71,TNP_0009,2,2016
2016-11-27 10:00:00+00:00,274.4,288.48,33.88,16.88,5.81,TNP_0009,2,2016
2016-11-27 11:00:00+00:00,84.12,85.55,31.48,21.1,5.01,TNP_0009,2,2016
2016-11-27 12:00:00+00:00,0.0,0.0,26.41,33.47,3.54,TNP_0009,2,2016
2016-11-27 13:00:00+00:00,0.0,0.0,24.42,43.21,3.48,TNP_0009,2,2016
2016-11-27 14:00:00+00:00,0.0,0.0,22.77,54.07,2.84,TNP_0009,2,2016
2016-11-27 15:00:00+00:00,0.0,0.0,21.36,64.2,2.36,TNP_0009,2,2016
2016-11-27 16:00:00+00:00,0.0,0.0,20.5,71.58,1.97,TNP_0009,2,2016
2016-11-27 17:00:00+00:00,0.0,0.0,20.58,73.33,1.16,TNP_0009,2,2016
2016-11-27 18:00:00+00:00,0.0,0.0,20.51,74.2,0.15,TNP_0009,2,2016
2016-11-27 19:00:00+00:00,0.0,0.0,19.46,78.3,1.0,TNP_0009,2,2016
2016-11-27 20:00:00+00:00,0.0,0.0,18.11,82.73,1.75,TNP_0009,2,2016
2016-11-27 21:00:00+00:00,0.0,0.0,17.25,83.34,2.21,TNP_0009,2,2016
2016-11-27 22:00:00+00:00,0.0,0.0,16.91,79.81,2.42,TNP_0009,2,2016
2016-11-27 23:00:00+00:00,0.0,0.0,16.91,74.09,2.48,TNP_0009,2,2016
2016-11-28 00:00:00+00:00,0.0,0.0,16.95,68.29,2.48,TNP_0009,2,2016
2016-11-28 01:00:00+00:00,92.53,99.15,18.27,58.84,2.27,TNP_0009,2,2016
2016-11-28 02:00:00+00:00,296.92,319.83,22.62,45.71,2.18,TNP_0009,2,2016
2016-11-28 03:00:00+00:00,514.83,542.7,26.18,40.19,1.92,TNP_0009,2,2016
2016-11-28 04:00:00+00:00,692.5,720.55,29.49,30.37,2.92,TNP_0009,2,2016
2016-11-28 05:00:00+00:00,718.4,834.75,32.08,23.84,3.32,TNP_0009,2,2016
2016-11-28 06:00:00+00:00,763.92,840.72,33.98,19.59,3.59,TNP_0009,2,2016
2016-11-28 07:00:00+00:00,678.35,803.97,35.18,17.2,3.9,TNP_0009,2,2016
2016-11-28 08:00:00+00:00,460.02,693.3,35.64,16.24,4.22,TNP_0009,2,2016
2016-11-28 09:00:00+00:00,346.85,519.72,35.28,16.52,4.54,TNP_0009,2,2016
2016-11-28 10:00:00+00:00,218.25,304.25,34.12,18.15,4.83,TNP_0009,2,2016
2016-11-28 11:00:00+00:00,70.88,92.35,31.81,22.65,4.43,TNP_0009,2,2016
2016-11-28 12:00:00+00:00,0.0,0.0,26.95,35.92,3.51,TNP_0009,2,2016
2016-11-28 13:00:00+00:00,0.0,0.0,25.15,47.36,3.89,TNP_0009,2,2016
2016-11-28 14:00:00+00:00,0.0,0.0,23.54,60.0,3.28,TNP_0009,2,2016
2016-11-28 15:00:00+00:00,0.0,0.0,21.99,72.07,2.43,TNP_0009,2,2016
2016-11-28 16:00:00+00:00,0.0,0.0,20.89,81.16,2.02,TNP_0009,2,2016
2016-11-28 17:00:00+00:00,0.0,0.0,20.22,86.66,1.65,TNP_0009,2,2016
2016-11-28 18:00:00+00:00,0.0,0.0,20.25,87.25,0.95,TNP_0009,2,2016
2016-11-28 19:00:00+00:00,0.0,0.0,20.04,88.54,0.27,TNP_0009,2,2016
2016-11-28 20:00:00+00:00,0.0,0.0,19.09,93.8,1.01,TNP_0009,2,2016
2016-11-28 21:00:00+00:00,0.0,0.0,18.06,99.64,1.6,TNP_0009,2,2016
2016-11-28 22:00:00+00:00,0.0,0.0,17.26,100.0,1.97,TNP_0009,2,2016
2016-11-28 23:00:00+00:00,0.0,0.0,16.77,100.0,2.23,TNP_0009,2,2016
2016-11-29 00:00:00+00:00,0.0,0.0,16.44,100.0,2.39,TNP_0009,2,2016
2016-11-29 01:00:00+00:00,79.53,93.7,17.79,94.29,2.53,TNP_0009,2,2016
2016-11-29 02:00:00+00:00,228.4,308.73,21.92,68.63,2.71,TNP_0009,2,2016
2016-11-29 03:00:00+00:00,397.92,529.03,25.92,46.58,1.98,TNP_0009,2,2016
2016-11-29 04:00:00+00:00,430.75,704.92,29.06,33.71,2.83,TNP_0009,2,2016
2016-11-29 05:00:00+00:00,501.25,818.15,31.58,25.63,3.45,TNP_0009,2,2016
2016-11-29 06:00:00+00:00,626.17,821.78,33.5,20.88,3.88,TNP_0009,2,2016
2016-11-29 07:00:00+00:00,626.97,782.08,34.67,18.31,4.28,TNP_0009,2,2016
2016-11-29 08:00:00+00:00,604.33,670.8,35.04,17.39,4.67,TNP_0009,2,2016
2016-11-29 09:00:00+00:00,447.62,497.62,34.56,18.05,5.07,TNP_0009,2,2016
2016-11-29 10:00:00+00:00,249.3,285.12,33.06,20.74,5.36,TNP_0009,2,2016
2016-11-29 11:00:00+00:00,77.1,85.18,30.72,26.4,5.06,TNP_0009,2,2016
2016-11-29 12:00:00+00:00,0.0,0.0,27.22,37.83,4.08,TNP_0009,2,2016
2016-11-29 13:00:00+00:00,0.0,0.0,25.46,48.57,4.24,TNP_0009,2,2016
2016-11-29 14:00:00+00:00,0.0,0.0,23.91,59.52,3.35,TNP_0009,2,2016
2016-11-29 15:00:00+00:00,0.0,0.0,22.56,69.59,2.47,TNP_0009,2,2016
2016-11-29 16:00:00+00:00,0.0,0.0,21.62,77.39,2.03,TNP_0009,2,2016
2016-11-29 17:00:00+00:00,0.0,0.0,20.93,83.29,1.8,TNP_0009,2,2016
2016-11-29 18:00:00+00:00,0.0,0.0,20.38,87.95,1.65,TNP_0009,2,2016
2016-11-29 19:00:00+00:00,0.0,0.0,20.01,91.2,1.38,TNP_0009,2,2016
2016-11-29 20:00:00+00:00,0.0,0.0,19.75,93.44,1.0,TNP_0009,2,2016
2016-11-29 21:00:00+00:00,0.0,0.0,19.41,95.82,0.84,TNP_0009,2,2016
2016-11-29 22:00:00+00:00,0.0,0.0,18.59,100.0,1.29,TNP_0009,2,2016
2016-11-29 23:00:00+00:00,0.0,0.0,17.69,100.0,1.81,TNP_0009,2,2016
2016-11-30 00:00:00+00:00,0.0,0.0,17.16,100.0,2.09,TNP_0009,2,2016
2016-11-30 01:00:00+00:00,60.03,85.6,18.35,99.91,2.25,TNP_0009,2,2016
2016-11-30 02:00:00+00:00,183.25,295.45,21.91,78.03,2.76,TNP_0009,2,2016
2016-11-30 03:00:00+00:00,325.52,512.17,24.84,60.46,3.59,TNP_0009,2,2016
2016-11-30 04:00:00+00:00,556.83,686.88,26.9,49.82,4.47,TNP_0009,2,2016
2016-11-30 05:00:00+00:00,603.38,800.5,28.66,42.29,5.14,TNP_0009,2,2016
2016-11-30 06:00:00+00:00,608.95,818.15,30.08,37.05,5.62,TNP_0009,2,2016
2016-11-30 07:00:00+00:00,596.05,781.08,31.08,33.81,5.97,TNP_0009,2,2016
2016-11-30 08:00:00+00:00,458.62,671.85,31.69,31.91,6.22,TNP_0009,2,2016
2016-11-30 09:00:00+00:00,370.1,500.42,31.56,31.72,6.43,TNP_0009,2,2016
2016-11-30 10:00:00+00:00,204.02,290.4,30.67,33.26,6.52,TNP_0009,2,2016
2016-11-30 11:00:00+00:00,61.05,87.45,29.06,37.2,6.03,TNP_0009,2,2016
2016-11-30 12:00:00+00:00,0.0,0.0,26.4,45.72,4.03,TNP_0009,2,2016
2016-11-30 13:00:00+00:00,0.0,0.0,24.92,52.7,3.49,TNP_0009,2,2016
2016-11-30 14:00:00+00:00,0.0,0.0,23.99,58.39,3.2,TNP_0009,2,2016
2016-11-30 15:00:00+00:00,0.0,0.0,23.08,63.92,3.09,TNP_0009,2,2016
2016-11-30 16:00:00+00:00,0.0,0.0,22.34,68.41,3.22,TNP_0009,2,2016
2016-11-30 17:00:00+00:00,0.0,0.0,21.69,72.1,3.32,TNP_0009,2,2016
2016-11-30 18:00:00+00:00,0.0,0.0,21.1,75.33,3.41,TNP_0009,2,2016
2016-11-30 19:00:00+00:00,0.0,0.0,20.6,78.14,3.53,TNP_0009,2,2016
2016-11-30 20:00:00+00:00,0.0,0.0,20.26,80.26,3.72,TNP_0009,2,2016
2016-11-30 21:00:00+00:00,0.0,0.0,19.94,82.76,3.85,TNP_0009,2,2016
2016-11-30 22:00:00+00:00,0.0,0.0,19.7,84.73,3.99,TNP_0009,2,2016
2016-11-30 23:00:00+00:00,0.0,0.0,19.67,85.47,4.32,TNP_0009,2,2016
2016-12-01 00:00:00+00:00,0.0,0.0,19.69,85.75,4.57,TNP_0009,2,2016
2016-12-01 01:00:00+00:00,15.3,77.68,19.97,85.0,4.94,TNP_0009,2,2016
2016-12-01 02:00:00+00:00,42.25,274.7,21.06,80.72,5.17,TNP_0009,2,2016
2016-12-01 03:00:00+00:00,82.7,477.75,23.02,71.55,6.24,TNP_0009,2,2016
2016-12-01 04:00:00+00:00,117.68,636.47,24.71,62.27,7.17,TNP_0009,2,2016
2016-12-01 05:00:00+00:00,232.8,733.85,25.56,58.3,7.37,TNP_0009,2,2016
2016-12-01 06:00:00+00:00,197.65,770.42,26.08,57.05,7.29,TNP_0009,2,2016
2016-12-01 07:00:00+00:00,243.65,739.62,26.41,57.01,7.5,TNP_0009,2,2016
2016-12-01 08:00:00+00:00,255.18,638.17,26.27,59.23,7.98,TNP_0009,2,2016
2016-12-01 09:00:00+00:00,256.38,477.48,25.75,63.15,8.18,TNP_0009,2,2016
2016-12-01 10:00:00+00:00,144.32,276.1,24.89,68.65,7.79,TNP_0009,2,2016
2016-12-01 11:00:00+00:00,43.03,82.4,23.84,74.93,6.63,TNP_0009,2,2016
2016-12-01 12:00:00+00:00,0.0,0.0,22.77,80.71,5.72,TNP_0009,2,2016
2016-12-01 13:00:00+00:00,0.0,0.0,22.22,84.34,5.58,TNP_0009,2,2016
2016-12-01 14:00:00+00:00,0.0,0.0,21.97,87.47,5.02,TNP_0009,2,2016
2016-12-01 15:00:00+00:00,0.0,0.0,21.85,90.29,4.61,TNP_0009,2,2016
2016-12-01 16:00:00+00:00,0.0,0.0,21.82,92.36,4.28,TNP_0009,2,2016
2016-12-01 17:00:00+00:00,0.0,0.0,21.83,93.93,3.94,TNP_0009,2,2016
2016-12-01 18:00:00+00:00,0.0,0.0,21.88,95.14,3.57,TNP_0009,2,2016
2016-12-01 19:00:00+00:00,0.0,0.0,21.87,96.27,3.21,TNP_0009,2,2016
2016-12-01 20:00:00+00:00,0.0,0.0,21.84,96.93,2.79,TNP_0009,2,2016
2016-12-01 21:00:00+00:00,0.0,0.0,21.77,97.43,2.46,TNP_0009,2,2016
2016-12-01 22:00:00+00:00,0.0,0.0,21.65,97.68,2.53,TNP_0009,2,2016
2016-12-01 23:00:00+00:00,0.0,0.0,21.47,97.73,2.47,TNP_0009,2,2016
2016-12-02 00:00:00+00:00,0.0,0.0,21.33,97.68,2.47,TNP_0009,2,2016
2016-12-02 01:00:00+00:00,58.83,83.62,21.82,95.97,2.74,TNP_0009,2,2016
2016-12-02 02:00:00+00:00,154.32,292.27,23.19,89.54,3.82,TNP_0009,2,2016
2016-12-02 03:00:00+00:00,252.3,508.95,24.89,78.13,4.68,TNP_0009,2,2016
2016-12-02 04:00:00+00:00,262.23,678.22,27.18,65.24,4.96,TNP_0009,2,2016
2016-12-02 05:00:00+00:00,300.83,778.85,28.76,58.47,5.13,TNP_0009,2,2016
2016-12-02 06:00:00+00:00,274.15,818.95,29.87,54.48,5.33,TNP_0009,2,2016
2016-12-02 07:00:00+00:00,256.48,782.58,30.45,52.77,5.59,TNP_0009,2,2016
2016-12-02 08:00:00+00:00,222.0,675.67,30.4,53.22,5.83,TNP_0009,2,2016
2016-12-02 09:00:00+00:00,174.75,511.15,29.62,55.85,6.01,TNP_0009,2,2016
2016-12-02 10:00:00+00:00,98.68,302.25,28.39,60.35,6.08,TNP_0009,2,2016
2016-12-02 11:00:00+00:00,27.9,93.35,26.7,68.31,5.4,TNP_0009,2,2016
2016-12-02 12:00:00+00:00,0.0,0.0,24.62,81.59,3.51,TNP_0009,2,2016
2016-12-02 13:00:00+00:00,0.0,0.0,23.72,88.44,2.95,TNP_0009,2,2016
2016-12-02 14:00:00+00:00,0.0,0.0,23.25,92.16,2.66,TNP_0009,2,2016
2016-12-02 15:00:00+00:00,0.0,0.0,22.92,94.52,2.41,TNP_0009,2,2016
2016-12-02 16:00:00+00:00,0.0,0.0,22.67,95.8,2.28,TNP_0009,2,2016
2016-12-02 17:00:00+00:00,0.0,0.0,22.5,96.26,2.36,TNP_0009,2,2016
2016-12-02 18:00:00+00:00,0.0,0.0,22.32,96.75,2.34,TNP_0009,2,2016
2016-12-02 19:00:00+00:00,0.0,0.0,22.2,96.94,2.33,TNP_0009,2,2016
2016-12-02 20:00:00+00:00,0.0,0.0,22.05,97.17,2.26,TNP_0009,2,2016
2016-12-02 21:00:00+00:00,0.0,0.0,21.92,97.31,2.23,TNP_0009,2,2016
2016-12-02 22:00:00+00:00,0.0,0.0,21.8,97.55,2.21,TNP_0009,2,2016
2016-12-02 23:00:00+00:00,0.0,0.0,21.75,97.53,2.26,TNP_0009,2,2016
2016-12-03 00:00:00+00:00,0.0,0.0,21.72,97.52,2.31,TNP_0009,2,2016
2016-12-03 01:00:00+00:00,57.6,77.57,22.39,95.99,2.9,TNP_0009,2,2016
2016-12-03 02:00:00+00:00,205.57,267.25,23.8,91.6,4.06,TNP_0009,2,2016
2016-12-03 03:00:00+00:00,382.02,460.88,25.48,82.81,4.88,TNP_0009,2,2016
2016-12-03 04:00:00+00:00,448.62,621.47,27.27,72.07,5.36,TNP_0009,2,2016
2016-12-03 05:00:00+00:00,534.25,722.62,28.36,66.19,5.69,TNP_0009,2,2016
2016-12-03 06:00:00+00:00,524.95,819.67,28.78,63.82,5.94,TNP_0009,2,2016
2016-12-03 07:00:00+00:00,638.55,781.05,28.92,62.93,6.1,TNP_0009,2,2016
2016-12-03 08:00:00+00:00,500.27,676.28,28.56,64.19,6.18,TNP_0009,2,2016
2016-12-03 09:00:00+00:00,353.67,509.98,27.8,67.32,6.05,TNP_0009,2,2016
2016-12-03 10:00:00+00:00,210.1,301.88,26.93,71.22,5.66,TNP_0009,2,2016
2016-12-03 11:00:00+00:00,73.88,98.0,25.8,77.73,4.64,TNP_0009,2,2016
2016-12-03 12:00:00+00:00,0.0,0.0,24.15,88.53,2.79,TNP_0009,2,2016
2016-12-03 13:00:00+00:00,0.0,0.0,23.42,92.93,2.35,TNP_0009,2,2016
2016-12-03 14:00:00+00:00,0.0,0.0,23.06,94.66,2.26,TNP_0009,2,2016
2016-12-03 15:00:00+00:00,0.0,0.0,22.86,95.8,2.22,TNP_0009,2,2016
2016-12-03 16:00:00+00:00,0.0,0.0,22.68,96.78,2.12,TNP_0009,2,2016
2016-12-03 17:00:00+00:00,0.0,0.0,22.52,97.33,1.97,TNP_0009,2,2016
2016-12-03 18:00:00+00:00,0.0,0.0,22.33,97.88,1.86,TNP_0009,2,2016
2016-12-03 19:00:00+00:00,0.0,0.0,22.17,98.3,1.82,TNP_0009,2,2016
2016-12-03 20:00:00+00:00,0.0,0.0,22.01,98.67,1.82,TNP_0009,2,2016
2016-12-03 21:00:00+00:00,0.0,0.0,21.86,98.87,1.82,TNP_0009,2,2016
2016-12-03 22:00:00+00:00,0.0,0.0,21.69,99.13,1.83,TNP_0009,2,2016
2016-12-03 23:00:00+00:00,0.0,0.0,21.56,99.25,1.82,TNP_0009,2,2016
2016-12-04 00:00:00+00:00,0.0,0.0,21.5,99.21,1.77,TNP_0009,2,2016
2016-12-04 01:00:00+00:00,68.97,79.97,22.41,97.21,1.85,TNP_0009,2,2016
2016-12-04 02:00:00+00:00,195.57,287.08,24.09,91.54,2.59,TNP_0009,2,2016
2016-12-04 03:00:00+00:00,297.48,499.88,25.94,81.74,2.99,TNP_0009,2,2016
2016-12-04 04:00:00+00:00,424.58,671.22,27.79,70.8,3.18,TNP_0009,2,2016
2016-12-04 05:00:00+00:00,515.78,782.25,29.11,64.6,3.34,TNP_0009,2,2016
2016-12-04 06:00:00+00:00,591.38,825.5,29.97,60.9,3.57,TNP_0009,2,2016
2016-12-04 07:00:00+00:00,615.42,786.08,30.36,58.99,3.87,TNP_0009,2,2016
2016-12-04 08:00:00+00:00,496.95,674.72,30.12,59.67,4.19,TNP_0009,2,2016
2016-12-04 09:00:00+00:00,266.5,510.1,29.49,62.26,4.59,TNP_0009,2,2016
2016-12-04 10:00:00+00:00,153.02,303.98,28.14,68.6,4.79,TNP_0009,2,2016
2016-12-04 11:00:00+00:00,46.6,97.65,26.54,77.78,4.24,TNP_0009,2,2016
2016-12-04 12:00:00+00:00,0.0,0.0,24.88,87.78,3.07,TNP_0009,2,2016
2016-12-04 13:00:00+00:00,0.0,0.0,24.08,91.77,2.85,TNP_0009,2,2016
2016-12-04 14:00:00+00:00,0.0,0.0,23.54,94.23,2.62,TNP_0009,2,2016
2016-12-04 15:00:00+00:00,0.0,0.0,23.12,95.75,2.34,TNP_0009,2,2016
2016-12-04 16:00:00+00:00,0.0,0.0,22.78,96.66,2.07,TNP_0009,2,2016
2016-12-04 17:00:00+00:00,0.0,0.0,22.46,97.29,1.89,TNP_0009,2,2016
2016-12-04 18:00:00+00:00,0.0,0.0,22.19,97.8,1.73,TNP_0009,2,2016
2016-12-04 19:00:00+00:00,0.0,0.0,21.91,98.28,1.69,TNP_0009,2,2016
2016-12-04 20:00:00+00:00,0.0,0.0,21.62,98.81,1.71,TNP_0009,2,2016
2016-12-04 21:00:00+00:00,0.0,0.0,21.29,99.29,1.8,TNP_0009,2,2016
2016-12-04 22:00:00+00:00,0.0,0.0,21.03,99.5,1.88,TNP_0009,2,2016
2016-12-04 23:00:00+00:00,0.0,0.0,20.79,99.55,1.96,TNP_0009,2,2016
2016-12-05 00:00:00+00:00,0.0,0.0,20.56,99.68,2.05,TNP_0009,2,2016
2016-12-05 01:00:00+00:00,80.8,86.1,21.47,97.26,2.55,TNP_0009,2,2016
2016-12-05 02:00:00+00:00,268.58,301.55,23.25,91.29,3.42,TNP_0009,2,2016
2016-12-05 03:00:00+00:00,456.85,513.22,25.33,79.58,3.75,TNP_0009,2,2016
2016-12-05 04:00:00+00:00,596.6,682.58,27.59,66.89,4.18,TNP_0009,2,2016
2016-12-05 05:00:00+00:00,699.53,793.83,28.89,61.04,4.7,TNP_0009,2,2016
2016-12-05 06:00:00+00:00,605.4,804.75,29.56,58.35,5.09,TNP_0009,2,2016
2016-12-05 07:00:00+00:00,546.88,763.85,29.98,55.9,5.31,TNP_0009,2,2016
2016-12-05 08:00:00+00:00,523.78,650.88,30.06,54.27,5.33,TNP_0009,2,2016
2016-12-05 09:00:00+00:00,418.55,478.23,29.68,54.29,5.29,TNP_0009,2,2016
2016-12-05 10:00:00+00:00,233.8,270.52,28.82,56.2,5.21,TNP_0009,2,2016
2016-12-05 11:00:00+00:00,76.22,82.9,27.23,62.34,4.59,TNP_0009,2,2016
2016-12-05 12:00:00+00:00,0.0,0.0,24.74,75.58,3.08,TNP_0009,2,2016
2016-12-05 13:00:00+00:00,0.0,0.0,23.56,81.96,2.95,TNP_0009,2,2016
2016-12-05 14:00:00+00:00,0.0,0.0,22.84,86.02,2.76,TNP_0009,2,2016
2016-12-05 15:00:00+00:00,0.0,0.0,22.23,89.31,2.59,TNP_0009,2,2016
2016-12-05 16:00:00+00:00,0.0,0.0,21.65,92.16,2.44,TNP_0009,2,2016
2016-12-05 17:00:00+00:00,0.0,0.0,21.02,95.31,2.23,TNP_0009,2,2016
2016-12-05 18:00:00+00:00,0.0,0.0,20.42,98.2,2.11,TNP_0009,2,2016
2016-12-05 19:00:00+00:00,0.0,0.0,19.92,100.0,2.12,TNP_0009,2,2016
2016-12-05 20:00:00+00:00,0.0,0.0,19.75,100.0,2.12,TNP_0009,2,2016
2016-12-05 21:00:00+00:00,0.0,0.0,19.64,100.0,2.09,TNP_0009,2,2016
2016-12-05 22:00:00+00:00,0.0,0.0,19.5,100.0,2.11,TNP_0009,2,2016
2016-12-05 23:00:00+00:00,0.0,0.0,19.39,100.0,2.14,TNP_0009,2,2016
2016-12-06 00:00:00+00:00,0.0,0.0,19.24,100.0,2.22,TNP_0009,2,2016
2016-12-06 01:00:00+00:00,55.97,56.9,20.2,95.44,2.48,TNP_0009,2,2016
2016-12-06 02:00:00+00:00,240.3,250.95,22.66,82.1,3.83,TNP_0009,2,2016
2016-12-06 03:00:00+00:00,402.15,452.75,24.86,68.46,4.84,TNP_0009,2,2016
2016-12-06 04:00:00+00:00,542.6,626.92,26.61,58.9,5.45,TNP_0009,2,2016
2016-12-06 05:00:00+00:00,662.55,754.15,28.01,52.35,5.94,TNP_0009,2,2016
2016-12-06 06:00:00+00:00,711.78,797.5,29.11,47.74,6.3,TNP_0009,2,2016
2016-12-06 07:00:00+00:00,701.22,761.95,29.69,44.87,6.58,TNP_0009,2,2016
2016-12-06 08:00:00+00:00,598.58,653.62,29.78,43.55,6.77,TNP_0009,2,2016
2016-12-06 09:00:00+00:00,456.25,484.9,29.2,43.98,6.73,TNP_0009,2,2016
2016-12-06 10:00:00+00:00,264.4,278.38,28.14,46.04,6.42,TNP_0009,2,2016
2016-12-06 11:00:00+00:00,84.5,86.07,26.29,52.26,5.25,TNP_0009,2,2016
2016-12-06 12:00:00+00:00,0.0,0.0,23.05,67.43,3.4,TNP_0009,2,2016
2016-12-06 13:00:00+00:00,0.0,0.0,21.72,73.78,3.34,TNP_0009,2,2016
2016-12-06 14:00:00+00:00,0.0,0.0,20.8,78.65,3.1,TNP_0009,2,2016
2016-12-06 15:00:00+00:00,0.0,0.0,19.97,83.15,2.81,TNP_0009,2,2016
2016-12-06 16:00:00+00:00,0.0,0.0,19.29,86.8,2.63,TNP_0009,2,2016
2016-12-06 17:00:00+00:00,0.0,0.0,18.75,89.6,2.48,TNP_0009,2,2016
2016-12-06 18:00:00+00:00,0.0,0.0,18.3,92.03,2.37,TNP_0009,2,2016
2016-12-06 19:00:00+00:00,0.0,0.0,17.95,93.95,2.29,TNP_0009,2,2016
2016-12-06 20:00:00+00:00,0.0,0.0,17.64,95.67,2.28,TNP_0009,2,2016
2016-12-06 21:00:00+00:00,0.0,0.0,17.39,97.06,2.34,TNP_0009,2,2016
2016-12-06 22:00:00+00:00,0.0,0.0,17.26,97.72,2.49,TNP_0009,2,2016
2016-12-06 23:00:00+00:00,0.0,0.0,17.29,97.35,2.72,TNP_0009,2,2016
2016-12-07 00:00:00+00:00,0.0,0.0,17.48,96.03,3.09,TNP_0009,2,2016
2016-12-07 01:00:00+00:00,57.4,74.75,18.55,90.22,3.91,TNP_0009,2,2016
2016-12-07 02:00:00+00:00,165.8,282.73,21.25,78.66,4.49,TNP_0009,2,2016
2016-12-07 03:00:00+00:00,286.45,496.83,24.28,68.27,4.85,TNP_0009,2,2016
2016-12-07 04:00:00+00:00,308.2,668.92,26.41,63.18,4.78,TNP_0009,2,2016
2016-12-07 05:00:00+00:00,307.65,780.25,27.91,60.3,4.72,TNP_0009,2,2016
2016-12-07 06:00:00+00:00,260.95,747.58,29.25,57.07,4.86,TNP_0009,2,2016
2016-12-07 07:00:00+00:00,268.2,721.6,29.95,55.16,5.11,TNP_0009,2,2016
2016-12-07 08:00:00+00:00,184.77,624.1,30.08,54.92,5.4,TNP_0009,2,2016
2016-12-07 09:00:00+00:00,188.93,466.15,29.3,57.91,5.55,TNP_0009,2,2016
2016-12-07 10:00:00+00:00,120.62,270.3,28.13,62.84,5.5,TNP_0009,2,2016
2016-12-07 11:00:00+00:00,42.42,83.65,26.66,69.76,4.8,TNP_0009,2,2016
2016-12-07 12:00:00+00:00,0.0,0.0,24.83,79.8,3.34,TNP_0009,2,2016
2016-12-07 13:00:00+00:00,0.0,0.0,23.9,84.82,3.07,TNP_0009,2,2016
2016-12-07 14:00:00+00:00,0.0,0.0,23.13,89.08,2.49,TNP_0009,2,2016
2016-12-07 15:00:00+00:00,0.0,0.0,22.47,92.24,2.12,TNP_0009,2,2016
2016-12-07 16:00:00+00:00,0.0,0.0,21.98,94.31,2.03,TNP_0009,2,2016
2016-12-07 17:00:00+00:00,0.0,0.0,21.57,96.0,1.99,TNP_0009,2,2016
2016-12-07 18:00:00+00:00,0.0,0.0,21.21,97.72,1.97,TNP_0009,2,2016
2016-12-07 19:00:00+00:00,0.0,0.0,20.88,99.46,1.98,TNP_0009,2,2016
2016-12-07 20:00:00+00:00,0.0,0.0,20.62,100.0,2.02,TNP_0009,2,2016
2016-12-07 21:00:00+00:00,0.0,0.0,20.41,100.0,2.03,TNP_0009,2,2016
2016-12-07 22:00:00+00:00,0.0,0.0,20.18,100.0,2.05,TNP_0009,2,2016
2016-12-07 23:00:00+00:00,0.0,0.0,19.97,100.0,2.11,TNP_0009,2,2016
2016-12-08 00:00:00+00:00,0.0,0.0,19.79,100.0,2.16,TNP_0009,2,2016
2016-12-08 01:00:00+00:00,53.25,65.93,20.83,97.22,2.73,TNP_0009,2,2016
2016-12-08 02:00:00+00:00,202.27,260.15,23.33,85.25,3.77,TNP_0009,2,2016
2016-12-08 03:00:00+00:00,376.7,470.48,25.89,70.16,4.64,TNP_0009,2,2016
2016-12-08 04:00:00+00:00,600.08,647.12,27.93,58.9,5.07,TNP_0009,2,2016
2016-12-08 05:00:00+00:00,743.0,765.03,29.44,52.49,5.24,TNP_0009,2,2016
2016-12-08 06:00:00+00:00,741.75,795.8,30.12,49.96,5.34,TNP_0009,2,2016
2016-12-08 07:00:00+00:00,655.08,766.78,30.35,49.32,5.34,TNP_0009,2,2016
2016-12-08 08:00:00+00:00,533.67,664.65,30.43,49.07,5.16,TNP_0009,2,2016
2016-12-08 09:00:00+00:00,402.45,500.5,30.19,49.43,4.84,TNP_0009,2,2016
2016-12-08 10:00:00+00:00,219.43,294.7,29.36,51.34,4.38,TNP_0009,2,2016
2016-12-08 11:00:00+00:00,75.07,93.75,27.88,57.22,3.45,TNP_0009,2,2016
2016-12-08 12:00:00+00:00,0.0,0.0,24.98,72.9,2.42,TNP_0009,2,2016
2016-12-08 13:00:00+00:00,0.0,0.0,23.6,78.24,2.52,TNP_0009,2,2016
2016-12-08 14:00:00+00:00,0.0,0.0,22.52,83.08,2.37,TNP_0009,2,2016
2016-12-08 15:00:00+00:00,0.0,0.0,21.66,87.0,2.18,TNP_0009,2,2016
2016-12-08 16:00:00+00:00,0.0,0.0,20.96,89.81,2.02,TNP_0009,2,2016
2016-12-08 17:00:00+00:00,0.0,0.0,20.36,92.12,1.77,TNP_0009,2,2016
2016-12-08 18:00:00+00:00,0.0,0.0,20.07,92.88,1.38,TNP_0009,2,2016
2016-12-08 19:00:00+00:00,0.0,0.0,19.87,93.44,0.85,TNP_0009,2,2016
2016-12-08 20:00:00+00:00,0.0,0.0,19.36,95.73,0.61,TNP_0009,2,2016
2016-12-08 21:00:00+00:00,0.0,0.0,18.49,99.99,1.33,TNP_0009,2,2016
2016-12-08 22:00:00+00:00,0.0,0.0,17.61,100.0,1.99,TNP_0009,2,2016
2016-12-08 23:00:00+00:00,0.0,0.0,17.17,100.0,2.31,TNP_0009,2,2016
2016-12-09 00:00:00+00:00,0.0,0.0,16.91,100.0,2.47,TNP_0009,2,2016
2016-12-09 01:00:00+00:00,63.65,65.43,17.96,95.02,2.8,TNP_0009,2,2016
2016-12-09 02:00:00+00:00,250.7,261.73,20.95,77.34,3.52,TNP_0009,2,2016
2016-12-09 03:00:00+00:00,464.6,474.17,24.33,58.26,3.86,TNP_0009,2,2016
2016-12-09 04:00:00+00:00,647.05,651.7,26.8,45.54,4.45,TNP_0009,2,2016
2016-12-09 05:00:00+00:00,745.67,770.53,28.54,38.93,4.55,TNP_0009,2,2016
2016-12-09 06:00:00+00:00,742.88,775.05,29.88,34.83,4.67,TNP_0009,2,2016
2016-12-09 07:00:00+00:00,706.3,748.12,30.8,31.68,4.84,TNP_0009,2,2016
2016-12-09 08:00:00+00:00,621.35,649.65,31.22,29.59,4.98,TNP_0009,2,2016
2016-12-09 09:00:00+00:00,446.08,483.25,30.97,28.7,4.98,TNP_0009,2,2016
2016-12-09 10:00:00+00:00,253.45,280.42,29.97,30.2,4.65,TNP_0009,2,2016
2016-12-09 11:00:00+00:00,84.72,89.32,27.07,42.59,3.15,TNP_0009,2,2016
2016-12-09 12:00:00+00:00,0.0,0.0,23.11,55.18,3.19,TNP_0009,2,2016
2016-12-09 13:00:00+00:00,0.0,0.0,21.68,58.46,3.24,TNP_0009,2,2016
2016-12-09 14:00:00+00:00,0.0,0.0,20.62,62.39,3.11,TNP_0009,2,2016
2016-12-09 15:00:00+00:00,0.0,0.0,19.64,66.9,2.97,TNP_0009,2,2016
2016-12-09 16:00:00+00:00,0.0,0.0,18.78,71.1,2.85,TNP_0009,2,2016
2016-12-09 17:00:00+00:00,0.0,0.0,18.05,73.94,2.79,TNP_0009,2,2016
2016-12-09 18:00:00+00:00,0.0,0.0,17.41,75.77,2.79,TNP_0009,2,2016
2016-12-09 19:00:00+00:00,0.0,0.0,16.84,77.14,2.81,TNP_0009,2,2016
2016-12-09 20:00:00+00:00,0.0,0.0,16.27,78.08,2.87,TNP_0009,2,2016
2016-12-09 21:00:00+00:00,0.0,0.0,15.71,78.7,2.89,TNP_0009,2,2016
2016-12-09 22:00:00+00:00,0.0,0.0,15.24,78.49,2.92,TNP_0009,2,2016
2016-12-09 23:00:00+00:00,0.0,0.0,14.9,77.1,3.0,TNP_0009,2,2016
2016-12-10 00:00:00+00:00,0.0,0.0,14.66,74.88,3.12,TNP_0009,2,2016
2016-12-10 01:00:00+00:00,47.4,71.18,15.73,68.9,3.14,TNP_0009,2,2016
2016-12-10 02:00:00+00:00,183.1,284.12,20.0,48.87,4.28,TNP_0009,2,2016
2016-12-10 03:00:00+00:00,341.83,503.92,23.55,39.53,4.24,TNP_0009,2,2016
2016-12-10 04:00:00+00:00,539.9,684.28,26.7,31.1,5.34,TNP_0009,2,2016
2016-12-10 05:00:00+00:00,689.22,805.35,28.61,25.55,5.69,TNP_0009,2,2016
2016-12-10 06:00:00+00:00,696.3,792.33,29.82,22.56,5.61,TNP_0009,2,2016
2016-12-10 07:00:00+00:00,663.53,771.05,30.62,20.77,5.38,TNP_0009,2,2016
2016-12-10 08:00:00+00:00,611.45,669.62,31.06,19.57,5.17,TNP_0009,2,2016
2016-12-10 09:00:00+00:00,468.85,500.6,30.92,19.11,4.99,TNP_0009,2,2016
2016-12-10 10:00:00+00:00,265.52,292.55,29.94,20.73,4.67,TNP_0009,2,2016
2016-12-10 11:00:00+00:00,89.22,94.43,26.47,35.3,3.08,TNP_0009,2,2016
2016-12-10 12:00:00+00:00,0.0,0.0,21.99,47.11,3.41,TNP_0009,2,2016
2016-12-10 13:00:00+00:00,0.0,0.0,21.07,48.39,3.46,TNP_0009,2,2016
2016-12-10 14:00:00+00:00,0.0,0.0,20.4,50.54,3.36,TNP_0009,2,2016
2016-12-10 15:00:00+00:00,0.0,0.0,19.74,53.29,3.2,TNP_0009,2,2016
2016-12-10 16:00:00+00:00,0.0,0.0,19.1,56.6,3.04,TNP_0009,2,2016
2016-12-10 17:00:00+00:00,0.0,0.0,18.46,58.95,2.94,TNP_0009,2,2016
2016-12-10 18:00:00+00:00,0.0,0.0,17.9,60.11,2.95,TNP_0009,2,2016
2016-12-10 19:00:00+00:00,0.0,0.0,17.69,60.08,2.97,TNP_0009,2,2016
2016-12-10 20:00:00+00:00,0.0,0.0,17.51,59.54,3.03,TNP_0009,2,2016
2016-12-10 21:00:00+00:00,0.0,0.0,17.41,57.52,3.18,TNP_0009,2,2016
2016-12-10 22:00:00+00:00,0.0,0.0,17.47,54.64,3.36,TNP_0009,2,2016
2016-12-10 23:00:00+00:00,0.0,0.0,17.63,53.19,3.52,TNP_0009,2,2016
2016-12-11 00:00:00+00:00,0.0,0.0,17.68,54.14,3.65,TNP_0009,2,2016
2016-12-11 01:00:00+00:00,50.65,62.42,18.07,54.84,3.88,TNP_0009,2,2016
2016-12-11 02:00:00+00:00,184.0,260.62,19.65,50.96,4.7,TNP_0009,2,2016
2016-12-11 03:00:00+00:00,328.35,471.38,21.47,47.77,5.17,TNP_0009,2,2016
2016-12-11 04:00:00+00:00,424.15,642.95,24.17,42.16,6.14,TNP_0009,2,2016
2016-12-11 05:00:00+00:00,543.28,754.67,26.61,35.41,6.64,TNP_0009,2,2016
2016-12-11 06:00:00+00:00,695.78,759.55,28.39,30.33,6.44,TNP_0009,2,2016
2016-12-11 07:00:00+00:00,597.3,732.45,29.71,27.24,6.26,TNP_0009,2,2016
2016-12-11 08:00:00+00:00,455.95,635.45,30.35,26.66,6.08,TNP_0009,2,2016
2016-12-11 09:00:00+00:00,309.2,476.02,30.45,28.03,6.0,TNP_0009,2,2016
2016-12-11 10:00:00+00:00,172.93,278.48,29.84,31.22,5.85,TNP_0009,2,2016
2016-12-11 11:00:00+00:00,52.15,89.47,27.74,40.01,4.4,TNP_0009,2,2016
2016-12-11 12:00:00+00:00,0.0,0.0,24.58,52.96,3.76,TNP_0009,2,2016
2016-12-11 13:00:00+00:00,0.0,0.0,23.85,55.18,4.15,TNP_0009,2,2016
2016-12-11 14:00:00+00:00,0.0,0.0,23.14,58.15,4.06,TNP_0009,2,2016
2016-12-11 15:00:00+00:00,0.0,0.0,22.72,59.62,4.11,TNP_0009,2,2016
2016-12-11 16:00:00+00:00,0.0,0.0,22.23,60.53,4.23,TNP_0009,2,2016
2016-12-11 17:00:00+00:00,0.0,0.0,21.85,59.39,4.41,TNP_0009,2,2016
2016-12-11 18:00:00+00:00,0.0,0.0,21.43,57.96,4.54,TNP_0009,2,2016
2016-12-11 19:00:00+00:00,0.0,0.0,21.33,56.24,5.09,TNP_0009,2,2016
2016-12-11 20:00:00+00:00,0.0,0.0,21.39,55.79,5.88,TNP_0009,2,2016
2016-12-11 21:00:00+00:00,0.0,0.0,21.08,58.19,6.43,TNP_0009,2,2016
2016-12-11 22:00:00+00:00,0.0,0.0,20.46,61.49,6.61,TNP_0009,2,2016
2016-12-11 23:00:00+00:00,0.0,0.0,19.96,62.84,6.96,TNP_0009,2,2016
2016-12-12 00:00:00+00:00,0.0,0.0,19.31,64.98,6.89,TNP_0009,2,2016
2016-12-12 01:00:00+00:00,17.8,69.25,19.15,64.49,7.49,TNP_0009,2,2016
2016-12-12 02:00:00+00:00,59.17,276.83,19.81,62.69,7.93,TNP_0009,2,2016
2016-12-12 03:00:00+00:00,102.12,484.58,20.32,62.74,8.12,TNP_0009,2,2016
2016-12-12 04:00:00+00:00,90.88,653.08,20.61,63.71,9.22,TNP_0009,2,2016
2016-12-12 05:00:00+00:00,83.25,763.2,21.32,63.39,9.95,TNP_0009,2,2016
2016-12-12 06:00:00+00:00,93.2,804.75,22.36,64.54,10.08,TNP_0009,2,2016
2016-12-12 07:00:00+00:00,108.15,770.8,23.36,66.77,10.07,TNP_0009,2,2016
2016-12-12 08:00:00+00:00,79.7,667.17,23.89,70.06,9.59,TNP_0009,2,2016
2016-12-12 09:00:00+00:00,41.15,502.33,23.84,74.48,8.86,TNP_0009,2,2016
2016-12-12 10:00:00+00:00,22.83,295.38,23.15,81.63,7.92,TNP_0009,2,2016
2016-12-12 11:00:00+00:00,6.93,95.55,22.51,87.73,7.42,TNP_0009,2,2016
2016-12-12 12:00:00+00:00,0.0,0.0,22.27,90.0,6.88,TNP_0009,2,2016
2016-12-12 13:00:00+00:00,0.0,0.0,22.23,91.85,5.12,TNP_0009,2,2016
2016-12-12 14:00:00+00:00,0.0,0.0,22.11,94.43,2.57,TNP_0009,2,2016
2016-12-12 15:00:00+00:00,0.0,0.0,21.95,96.35,0.05,TNP_0009,2,2016
2016-12-12 16:00:00+00:00,0.0,0.0,21.73,96.69,2.33,TNP_0009,2,2016
2016-12-12 17:00:00+00:00,0.0,0.0,21.48,96.6,4.42,TNP_0009,2,2016
2016-12-12 18:00:00+00:00,0.0,0.0,21.26,95.95,6.55,TNP_0009,2,2016
2016-12-12 19:00:00+00:00,0.0,0.0,21.14,95.57,7.29,TNP_0009,2,2016
2016-12-12 20:00:00+00:00,0.0,0.0,21.27,95.36,7.15,TNP_0009,2,2016
2016-12-12 21:00:00+00:00,0.0,0.0,21.53,95.52,6.59,TNP_0009,2,2016
2016-12-12 22:00:00+00:00,0.0,0.0,21.78,95.81,6.15,TNP_0009,2,2016
2016-12-12 23:00:00+00:00,0.0,0.0,21.83,96.15,5.66,TNP_0009,2,2016
2016-12-13 00:00:00+00:00,0.0,0.0,21.73,96.65,4.98,TNP_0009,2,2016
2016-12-13 01:00:00+00:00,45.3,45.65,21.98,96.41,4.47,TNP_0009,2,2016
2016-12-13 02:00:00+00:00,178.98,198.23,23.17,92.04,4.88,TNP_0009,2,2016
2016-12-13 03:00:00+00:00,303.77,367.77,24.59,81.19,5.12,TNP_0009,2,2016
2016-12-13 04:00:00+00:00,455.92,534.47,26.2,70.85,5.12,TNP_0009,2,2016
2016-12-13 05:00:00+00:00,536.08,649.8,27.43,65.6,5.05,TNP_0009,2,2016
2016-12-13 06:00:00+00:00,645.0,778.0,28.27,62.21,4.87,TNP_0009,2,2016
2016-12-13 07:00:00+00:00,631.12,753.15,28.72,60.31,4.62,TNP_0009,2,2016
2016-12-13 08:00:00+00:00,521.28,659.3,28.71,60.11,4.48,TNP_0009,2,2016
2016-12-13 09:00:00+00:00,367.85,502.8,28.33,61.55,4.41,TNP_0009,2,2016
2016-12-13 10:00:00+00:00,212.8,302.7,27.59,64.83,4.33,TNP_0009,2,2016
2016-12-13 11:00:00+00:00,66.15,105.15,26.18,73.34,3.54,TNP_0009,2,2016
2016-12-13 12:00:00+00:00,0.0,0.0,24.05,86.2,2.58,TNP_0009,2,2016
2016-12-13 13:00:00+00:00,0.0,0.0,23.26,90.71,2.76,TNP_0009,2,2016
2016-12-13 14:00:00+00:00,0.0,0.0,22.87,93.74,2.86,TNP_0009,2,2016
2016-12-13 15:00:00+00:00,0.0,0.0,22.54,96.21,2.71,TNP_0009,2,2016
2016-12-13 16:00:00+00:00,0.0,0.0,22.3,97.45,2.56,TNP_0009,2,2016
2016-12-13 17:00:00+00:00,0.0,0.0,22.09,98.15,2.37,TNP_0009,2,2016
2016-12-13 18:00:00+00:00,0.0,0.0,21.82,98.8,2.21,TNP_0009,2,2016
2016-12-13 19:00:00+00:00,0.0,0.0,21.52,99.38,2.11,TNP_0009,2,2016
2016-12-13 20:00:00+00:00,0.0,0.0,21.14,100.0,2.06,TNP_0009,2,2016
2016-12-13 21:00:00+00:00,0.0,0.0,20.85,100.0,2.04,TNP_0009,2,2016
2016-12-13 22:00:00+00:00,0.0,0.0,20.64,100.0,2.03,TNP_0009,2,2016
2016-12-13 23:00:00+00:00,0.0,0.0,20.49,100.0,2.05,TNP_0009,2,2016
2016-12-14 00:00:00+00:00,0.0,0.0,20.38,100.0,2.03,TNP_0009,2,2016
2016-12-14 01:00:00+00:00,52.22,68.68,21.36,97.35,2.13,TNP_0009,2,2016
2016-12-14 02:00:00+00:00,171.93,275.7,23.39,89.7,3.14,TNP_0009,2,2016
2016-12-14 03:00:00+00:00,289.08,482.08,25.27,79.1,3.71,TNP_0009,2,2016
2016-12-14 04:00:00+00:00,405.12,651.47,26.75,70.13,3.91,TNP_0009,2,2016
2016-12-14 05:00:00+00:00,511.7,760.6,27.88,65.2,4.0,TNP_0009,2,2016
2016-12-14 06:00:00+00:00,588.03,783.25,28.75,61.78,4.1,TNP_0009,2,2016
2016-12-14 07:00:00+00:00,594.9,749.12,29.25,59.64,4.19,TNP_0009,2,2016
2016-12-14 08:00:00+00:00,497.48,654.97,29.33,58.74,4.25,TNP_0009,2,2016
2016-12-14 09:00:00+00:00,331.33,494.77,28.99,58.99,4.25,TNP_0009,2,2016
2016-12-14 10:00:00+00:00,186.57,298.05,28.19,61.06,4.17,TNP_0009,2,2016
2016-12-14 11:00:00+00:00,73.38,104.88,26.63,68.13,3.51,TNP_0009,2,2016
2016-12-14 12:00:00+00:00,0.0,0.0,23.91,82.42,2.51,TNP_0009,2,2016
2016-12-14 13:00:00+00:00,0.0,0.0,22.92,86.36,2.63,TNP_0009,2,2016
2016-12-14 14:00:00+00:00,0.0,0.0,22.17,89.66,2.49,TNP_0009,2,2016
2016-12-14 15:00:00+00:00,0.0,0.0,21.34,93.27,2.25,TNP_0009,2,2016
2016-12-14 16:00:00+00:00,0.0,0.0,20.75,95.71,2.08,TNP_0009,2,2016
2016-12-14 17:00:00+00:00,0.0,0.0,20.25,98.21,1.95,TNP_0009,2,2016
2016-12-14 18:00:00+00:00,0.0,0.0,19.87,100.0,1.78,TNP_0009,2,2016
2016-12-14 19:00:00+00:00,0.0,0.0,19.66,100.0,1.65,TNP_0009,2,2016
2016-12-14 20:00:00+00:00,0.0,0.0,19.54,100.0,1.55,TNP_0009,2,2016
2016-12-14 21:00:00+00:00,0.0,0.0,19.56,100.0,1.49,TNP_0009,2,2016
2016-12-14 22:00:00+00:00,0.0,0.0,19.55,100.0,1.48,TNP_0009,2,2016
2016-12-14 23:00:00+00:00,0.0,0.0,19.44,100.0,1.53,TNP_0009,2,2016
2016-12-15 00:00:00+00:00,0.0,0.0,19.33,100.0,1.58,TNP_0009,2,2016
2016-12-15 01:00:00+00:00,60.83,64.03,20.19,98.38,1.61,TNP_0009,2,2016
2016-12-15 02:00:00+00:00,241.2,268.6,22.66,85.33,2.32,TNP_0009,2,2016
2016-12-15 03:00:00+00:00,437.42,484.12,24.66,73.94,2.57,TNP_0009,2,2016
2016-12-15 04:00:00+00:00,621.42,661.03,26.43,63.93,2.74,TNP_0009,2,2016
2016-12-15 05:00:00+00:00,736.0,777.05,27.92,56.25,2.92,TNP_0009,2,2016
2016-12-15 06:00:00+00:00,781.12,831.5,28.9,52.1,3.08,TNP_0009,2,2016
2016-12-15 07:00:00+00:00,753.7,803.53,29.44,50.48,3.26,TNP_0009,2,2016
2016-12-15 08:00:00+00:00,633.72,704.7,29.5,50.71,3.45,TNP_0009,2,2016
2016-12-15 09:00:00+00:00,489.52,542.62,29.14,52.17,3.63,TNP_0009,2,2016
2016-12-15 10:00:00+00:00,292.5,334.92,28.31,55.51,3.76,TNP_0009,2,2016
2016-12-15 11:00:00+00:00,109.55,123.07,26.62,65.11,3.22,TNP_0009,2,2016
2016-12-15 12:00:00+00:00,0.0,0.0,23.61,82.28,2.44,TNP_0009,2,2016
2016-12-15 13:00:00+00:00,0.0,0.0,22.58,87.79,2.52,TNP_0009,2,2016
2016-12-15 14:00:00+00:00,0.0,0.0,21.97,91.91,2.44,TNP_0009,2,2016
2016-12-15 15:00:00+00:00,0.0,0.0,21.46,95.37,2.3,TNP_0009,2,2016
2016-12-15 16:00:00+00:00,0.0,0.0,21.03,98.31,2.14,TNP_0009,2,2016
2016-12-15 17:00:00+00:00,0.0,0.0,20.66,100.0,2.02,TNP_0009,2,2016
2016-12-15 18:00:00+00:00,0.0,0.0,20.57,100.0,1.93,TNP_0009,2,2016
2016-12-15 19:00:00+00:00,0.0,0.0,20.56,100.0,1.84,TNP_0009,2,2016
2016-12-15 20:00:00+00:00,0.0,0.0,20.54,100.0,1.77,TNP_0009,2,2016
2016-12-15 21:00:00+00:00,0.0,0.0,20.5,99.8,1.71,TNP_0009,2,2016
2016-12-15 22:00:00+00:00,0.0,0.0,20.49,99.47,1.69,TNP_0009,2,2016
2016-12-15 23:00:00+00:00,0.0,0.0,20.47,99.38,1.78,TNP_0009,2,2016
2016-12-16 00:00:00+00:00,0.0,0.0,20.39,99.5,1.93,TNP_0009,2,2016
2016-12-16 01:00:00+00:00,35.9,57.85,21.42,97.53,2.2,TNP_0009,2,2016
2016-12-16 02:00:00+00:00,133.68,251.55,23.31,92.33,3.64,TNP_0009,2,2016
2016-12-16 03:00:00+00:00,287.92,459.15,24.73,83.85,4.85,TNP_0009,2,2016
2016-12-16 04:00:00+00:00,451.23,626.4,26.43,72.26,5.44,TNP_0009,2,2016
2016-12-16 05:00:00+00:00,544.92,741.28,27.58,65.43,5.58,TNP_0009,2,2016
2016-12-16 06:00:00+00:00,494.1,794.75,28.35,61.36,5.5,TNP_0009,2,2016
2016-12-16 07:00:00+00:00,520.55,772.0,28.81,58.64,5.37,TNP_0009,2,2016
2016-12-16 08:00:00+00:00,546.65,676.4,28.9,57.58,5.31,TNP_0009,2,2016
2016-12-16 09:00:00+00:00,480.75,515.47,28.49,58.74,5.26,TNP_0009,2,2016
2016-12-16 10:00:00+00:00,291.73,310.67,27.62,61.89,5.11,TNP_0009,2,2016
2016-12-16 11:00:00+00:00,107.62,110.4,26.1,68.9,4.25,TNP_0009,2,2016
2016-12-16 12:00:00+00:00,0.0,0.0,23.78,82.11,2.74,TNP_0009,2,2016
2016-12-16 13:00:00+00:00,0.0,0.0,22.8,86.97,2.64,TNP_0009,2,2016
2016-12-16 14:00:00+00:00,0.0,0.0,21.87,91.4,2.31,TNP_0009,2,2016
2016-12-16 15:00:00+00:00,0.0,0.0,21.21,94.21,2.14,TNP_0009,2,2016
2016-12-16 16:00:00+00:00,0.0,0.0,20.68,96.24,2.05,TNP_0009,2,2016
2016-12-16 17:00:00+00:00,0.0,0.0,20.23,98.2,2.0,TNP_0009,2,2016
2016-12-16 18:00:00+00:00,0.0,0.0,19.91,99.45,1.93,TNP_0009,2,2016
2016-12-16 19:00:00+00:00,0.0,0.0,19.58,100.0,1.91,TNP_0009,2,2016
2016-12-16 20:00:00+00:00,0.0,0.0,19.2,100.0,1.94,TNP_0009,2,2016
2016-12-16 21:00:00+00:00,0.0,0.0,18.8,100.0,2.0,TNP_0009,2,2016
2016-12-16 22:00:00+00:00,0.0,0.0,18.44,100.0,2.09,TNP_0009,2,2016
2016-12-16 23:00:00+00:00,0.0,0.0,18.16,100.0,2.18,TNP_0009,2,2016
2016-12-17 00:00:00+00:00,0.0,0.0,17.94,100.0,2.24,TNP_0009,2,2016
2016-12-17 01:00:00+00:00,60.62,63.6,19.02,99.22,2.44,TNP_0009,2,2016
2016-12-17 02:00:00+00:00,255.18,274.15,21.87,84.53,3.13,TNP_0009,2,2016
2016-12-17 03:00:00+00:00,460.38,490.1,24.42,72.38,3.44,TNP_0009,2,2016
2016-12-17 04:00:00+00:00,592.62,667.08,26.4,64.05,3.86,TNP_0009,2,2016
2016-12-17 05:00:00+00:00,608.72,782.95,27.94,58.14,4.13,TNP_0009,2,2016
2016-12-17 06:00:00+00:00,675.72,770.78,29.01,54.17,4.24,TNP_0009,2,2016
2016-12-17 07:00:00+00:00,591.03,741.97,29.6,51.88,4.27,TNP_0009,2,2016
2016-12-17 08:00:00+00:00,555.7,645.92,29.69,51.18,4.26,TNP_0009,2,2016
2016-12-17 09:00:00+00:00,422.45,483.75,29.31,52.02,4.34,TNP_0009,2,2016
2016-12-17 10:00:00+00:00,249.55,285.2,28.4,54.59,4.33,TNP_0009,2,2016
2016-12-17 11:00:00+00:00,93.1,98.93,26.63,63.53,3.4,TNP_0009,2,2016
2016-12-17 12:00:00+00:00,0.0,0.0,23.5,79.89,2.47,TNP_0009,2,2016
2016-12-17 13:00:00+00:00,0.0,0.0,22.34,84.64,2.48,TNP_0009,2,2016
2016-12-17 14:00:00+00:00,0.0,0.0,21.58,88.07,2.35,TNP_0009,2,2016
2016-12-17 15:00:00+00:00,0.0,0.0,20.9,90.92,2.2,TNP_0009,2,2016
2016-12-17 16:00:00+00:00,0.0,0.0,20.35,92.93,2.01,TNP_0009,2,2016
2016-12-17 17:00:00+00:00,0.0,0.0,19.94,94.32,1.75,TNP_0009,2,2016
2016-12-17 18:00:00+00:00,0.0,0.0,19.74,95.1,1.42,TNP_0009,2,2016
2016-12-17 19:00:00+00:00,0.0,0.0,19.62,95.46,1.02,TNP_0009,2,2016
2016-12-17 20:00:00+00:00,0.0,0.0,19.57,95.36,0.66,TNP_0009,2,2016
2016-12-17 21:00:00+00:00,0.0,0.0,19.23,96.68,0.59,TNP_0009,2,2016
2016-12-17 22:00:00+00:00,0.0,0.0,18.65,99.82,1.0,TNP_0009,2,2016
2016-12-17 23:00:00+00:00,0.0,0.0,17.96,100.0,1.48,TNP_0009,2,2016
2016-12-18 00:00:00+00:00,0.0,0.0,17.38,100.0,1.9,TNP_0009,2,2016
2016-12-18 01:00:00+00:00,54.95,55.85,18.29,100.0,2.2,TNP_0009,2,2016
2016-12-18 02:00:00+00:00,248.07,254.7,21.31,84.12,3.06,TNP_0009,2,2016
2016-12-18 03:00:00+00:00,458.15,469.2,24.01,69.71,3.44,TNP_0009,2,2016
2016-12-18 04:00:00+00:00,568.15,647.28,26.01,60.66,4.13,TNP_0009,2,2016
2016-12-18 05:00:00+00:00,685.65,767.22,27.56,54.45,4.63,TNP_0009,2,2016
2016-12-18 06:00:00+00:00,743.47,792.95,28.65,50.65,4.92,TNP_0009,2,2016
2016-12-18 07:00:00+00:00,711.95,764.88,29.22,48.73,5.08,TNP_0009,2,2016
2016-12-18 08:00:00+00:00,569.17,664.3,29.37,47.96,5.14,TNP_0009,2,2016
2016-12-18 09:00:00+00:00,449.62,503.1,29.09,48.37,5.09,TNP_0009,2,2016
2016-12-18 10:00:00+00:00,265.33,300.23,28.24,50.49,4.88,TNP_0009,2,2016
2016-12-18 11:00:00+00:00,98.93,106.35,26.35,59.8,3.65,TNP_0009,2,2016
2016-12-18 12:00:00+00:00,0.0,0.0,22.95,76.34,2.72,TNP_0009,2,2016
2016-12-18 13:00:00+00:00,0.0,0.0,21.72,81.32,2.72,TNP_0009,2,2016
2016-12-18 14:00:00+00:00,0.0,0.0,20.87,85.36,2.55,TNP_0009,2,2016
2016-12-18 15:00:00+00:00,0.0,0.0,20.13,88.52,2.43,TNP_0009,2,2016
2016-12-18 16:00:00+00:00,0.0,0.0,19.48,91.05,2.36,TNP_0009,2,2016
2016-12-18 17:00:00+00:00,0.0,0.0,18.88,93.24,2.29,TNP_0009,2,2016
2016-12-18 18:00:00+00:00,0.0,0.0,18.3,95.73,2.27,TNP_0009,2,2016
2016-12-18 19:00:00+00:00,0.0,0.0,17.71,98.76,2.3,TNP_0009,2,2016
2016-12-18 20:00:00+00:00,0.0,0.0,17.2,100.0,2.38,TNP_0009,2,2016
2016-12-18 21:00:00+00:00,0.0,0.0,16.86,100.0,2.42,TNP_0009,2,2016
2016-12-18 22:00:00+00:00,0.0,0.0,16.56,100.0,2.47,TNP_0009,2,2016
2016-12-18 23:00:00+00:00,0.0,0.0,16.32,100.0,2.53,TNP_0009,2,2016
2016-12-19 00:00:00+00:00,0.0,0.0,16.16,100.0,2.59,TNP_0009,2,2016
2016-12-19 01:00:00+00:00,60.88,62.05,17.25,98.21,2.88,TNP_0009,2,2016
2016-12-19 02:00:00+00:00,270.95,277.55,20.13,84.42,3.85,TNP_0009,2,2016
2016-12-19 03:00:00+00:00,490.45,499.58,23.37,71.42,4.53,TNP_0009,2,2016
2016-12-19 04:00:00+00:00,611.97,682.17,25.78,60.03,5.2,TNP_0009,2,2016
2016-12-19 05:00:00+00:00,788.67,803.9,27.48,52.57,5.41,TNP_0009,2,2016
2016-12-19 06:00:00+00:00,823.53,823.53,28.66,48.15,5.41,TNP_0009,2,2016
2016-12-19 07:00:00+00:00,757.42,787.8,29.31,45.74,5.3,TNP_0009,2,2016
2016-12-19 08:00:00+00:00,656.88,690.15,29.45,45.1,5.12,TNP_0009,2,2016
2016-12-19 09:00:00+00:00,508.75,529.65,29.04,45.99,4.98,TNP_0009,2,2016
2016-12-19 10:00:00+00:00,311.08,324.5,28.09,48.56,4.86,TNP_0009,2,2016
2016-12-19 11:00:00+00:00,117.38,120.07,26.1,58.48,3.75,TNP_0009,2,2016
2016-12-19 12:00:00+00:00,0.0,0.0,22.69,75.69,2.84,TNP_0009,2,2016
2016-12-19 13:00:00+00:00,0.0,0.0,21.54,80.71,3.0,TNP_0009,2,2016
2016-12-19 14:00:00+00:00,0.0,0.0,20.81,84.28,3.04,TNP_0009,2,2016
2016-12-19 15:00:00+00:00,0.0,0.0,20.13,87.53,3.02,TNP_0009,2,2016
2016-12-19 16:00:00+00:00,0.0,0.0,19.48,90.78,2.9,TNP_0009,2,2016
2016-12-19 17:00:00+00:00,0.0,0.0,18.99,93.26,2.67,TNP_0009,2,2016
2016-12-19 18:00:00+00:00,0.0,0.0,18.52,95.48,2.41,TNP_0009,2,2016
2016-12-19 19:00:00+00:00,0.0,0.0,17.98,98.1,2.23,TNP_0009,2,2016
2016-12-19 20:00:00+00:00,0.0,0.0,17.38,100.0,2.17,TNP_0009,2,2016
2016-12-19 21:00:00+00:00,0.0,0.0,16.84,100.0,2.18,TNP_0009,2,2016
2016-12-19 22:00:00+00:00,0.0,0.0,16.41,100.0,2.26,TNP_0009,2,2016
2016-12-19 23:00:00+00:00,0.0,0.0,16.06,100.0,2.36,TNP_0009,2,2016
2016-12-20 00:00:00+00:00,0.0,0.0,15.82,100.0,2.48,TNP_0009,2,2016
2016-12-20 01:00:00+00:00,47.42,56.8,16.92,94.71,2.74,TNP_0009,2,2016
2016-12-20 02:00:00+00:00,174.3,260.33,20.0,78.1,3.7,TNP_0009,2,2016
2016-12-20 03:00:00+00:00,350.15,474.2,23.29,63.51,4.11,TNP_0009,2,2016
2016-12-20 04:00:00+00:00,531.53,646.15,25.59,54.0,4.72,TNP_0009,2,2016
2016-12-20 05:00:00+00:00,566.42,758.4,27.21,50.31,4.83,TNP_0009,2,2016
2016-12-20 06:00:00+00:00,500.75,800.2,28.3,48.75,4.85,TNP_0009,2,2016
2016-12-20 07:00:00+00:00,502.98,776.0,28.87,48.12,4.8,TNP_0009,2,2016
2016-12-20 08:00:00+00:00,426.8,675.83,28.99,48.52,4.73,TNP_0009,2,2016
2016-12-20 09:00:00+00:00,290.75,515.03,28.62,50.27,4.59,TNP_0009,2,2016
2016-12-20 10:00:00+00:00,158.23,307.27,27.78,53.33,4.37,TNP_0009,2,2016
2016-12-20 11:00:00+00:00,61.9,104.38,26.12,61.59,3.48,TNP_0009,2,2016
2016-12-20 12:00:00+00:00,2.55,3.2,22.89,78.43,2.49,TNP_0009,2,2016
2016-12-20 13:00:00+00:00,0.0,0.0,21.78,82.74,2.54,TNP_0009,2,2016
2016-12-20 14:00:00+00:00,0.0,0.0,21.09,85.58,2.44,TNP_0009,2,2016
2016-12-20 15:00:00+00:00,0.0,0.0,20.47,87.99,2.33,TNP_0009,2,2016
2016-12-20 16:00:00+00:00,0.0,0.0,19.97,89.77,2.21,TNP_0009,2,2016
2016-12-20 17:00:00+00:00,0.0,0.0,19.55,91.21,2.05,TNP_0009,2,2016
2016-12-20 18:00:00+00:00,0.0,0.0,19.18,92.23,1.92,TNP_0009,2,2016
2016-12-20 19:00:00+00:00,0.0,0.0,18.83,93.19,1.83,TNP_0009,2,2016
2016-12-20 20:00:00+00:00,0.0,0.0,18.39,94.69,1.86,TNP_0009,2,2016
2016-12-20 21:00:00+00:00,0.0,0.0,17.88,96.58,1.94,TNP_0009,2,2016
2016-12-20 22:00:00+00:00,0.0,0.0,17.46,97.77,2.06,TNP_0009,2,2016
2016-12-20 23:00:00+00:00,0.0,0.0,17.13,98.02,2.18,TNP_0009,2,2016
2016-12-21 00:00:00+00:00,0.0,0.0,16.81,97.65,2.3,TNP_0009,2,2016
2016-12-21 01:00:00+00:00,54.75,55.3,17.87,91.48,2.33,TNP_0009,2,2016
2016-12-21 02:00:00+00:00,261.88,263.45,21.21,73.65,2.82,TNP_0009,2,2016
2016-12-21 03:00:00+00:00,479.7,483.17,24.89,58.79,2.7,TNP_0009,2,2016
2016-12-21 04:00:00+00:00,608.8,663.35,27.14,52.77,2.6,TNP_0009,2,2016
2016-12-21 05:00:00+00:00,704.15,784.67,28.64,47.95,2.52,TNP_0009,2,2016
2016-12-21 06:00:00+00:00,676.67,789.58,29.68,44.28,2.6,TNP_0009,2,2016
2016-12-21 07:00:00+00:00,647.38,765.8,30.27,41.99,2.76,TNP_0009,2,2016
2016-12-21 08:00:00+00:00,569.72,669.58,30.41,41.21,2.89,TNP_0009,2,2016
2016-12-21 09:00:00+00:00,447.77,507.67,30.11,41.6,2.94,TNP_0009,2,2016
2016-12-21 10:00:00+00:00,271.92,306.52,29.31,43.14,3.01,TNP_0009,2,2016
2016-12-21 11:00:00+00:00,97.05,102.38,27.26,54.06,2.52,TNP_0009,2,2016
2016-12-21 12:00:00+00:00,3.38,3.33,23.22,72.64,2.62,TNP_0009,2,2016
2016-12-21 13:00:00+00:00,0.0,0.0,21.85,77.0,2.77,TNP_0009,2,2016
2016-12-21 14:00:00+00:00,0.0,0.0,20.94,81.55,2.64,TNP_0009,2,2016
2016-12-21 15:00:00+00:00,0.0,0.0,20.18,85.52,2.47,TNP_0009,2,2016
2016-12-21 16:00:00+00:00,0.0,0.0,19.58,88.35,2.27,TNP_0009,2,2016
2016-12-21 17:00:00+00:00,0.0,0.0,19.16,90.3,1.92,TNP_0009,2,2016
2016-12-21 18:00:00+00:00,0.0,0.0,19.01,91.52,1.37,TNP_0009,2,2016
2016-12-21 19:00:00+00:00,0.0,0.0,18.93,92.27,0.67,TNP_0009,2,2016
2016-12-21 20:00:00+00:00,0.0,0.0,18.38,95.43,0.34,TNP_0009,2,2016
2016-12-21 21:00:00+00:00,0.0,0.0,17.38,100.0,1.07,TNP_0009,2,2016
2016-12-21 22:00:00+00:00,0.0,0.0,16.35,100.0,1.78,TNP_0009,2,2016
2016-12-21 23:00:00+00:00,0.0,0.0,15.51,100.0,2.27,TNP_0009,2,2016
2016-12-22 00:00:00+00:00,0.0,0.0,15.04,100.0,2.57,TNP_0009,2,2016
2016-12-22 01:00:00+00:00,50.3,51.62,16.2,98.75,2.6,TNP_0009,2,2016
2016-12-22 02:00:00+00:00,234.45,250.6,20.14,76.84,3.41,TNP_0009,2,2016
2016-12-22 03:00:00+00:00,435.38,470.52,23.9,56.68,2.36,TNP_0009,2,2016
2016-12-22 04:00:00+00:00,654.1,655.35,26.89,39.85,3.07,TNP_0009,2,2016
2016-12-22 05:00:00+00:00,777.75,783.67,28.81,31.75,3.85,TNP_0009,2,2016
2016-12-22 06:00:00+00:00,805.97,810.33,29.91,28.79,4.26,TNP_0009,2,2016
2016-12-22 07:00:00+00:00,781.35,790.95,30.55,27.36,4.46,TNP_0009,2,2016
2016-12-22 08:00:00+00:00,694.7,695.17,30.71,26.79,4.5,TNP_0009,2,2016
2016-12-22 09:00:00+00:00,535.12,537.47,30.29,27.43,4.42,TNP_0009,2,2016
2016-12-22 10:00:00+00:00,330.73,332.3,29.2,30.67,4.09,TNP_0009,2,2016
2016-12-22 11:00:00+00:00,122.43,123.03,26.27,46.91,2.74,TNP_0009,2,2016
2016-12-22 12:00:00+00:00,3.92,3.92,21.77,62.88,2.93,TNP_0009,2,2016
2016-12-22 13:00:00+00:00,0.0,0.0,20.33,67.24,2.93,TNP_0009,2,2016
2016-12-22 14:00:00+00:00,0.0,0.0,19.46,70.82,2.73,TNP_0009,2,2016
2016-12-22 15:00:00+00:00,0.0,0.0,18.82,73.23,2.46,TNP_0009,2,2016
2016-12-22 16:00:00+00:00,0.0,0.0,18.58,73.03,2.07,TNP_0009,2,2016
2016-12-22 17:00:00+00:00,0.0,0.0,18.45,72.35,1.55,TNP_0009,2,2016
2016-12-22 18:00:00+00:00,0.0,0.0,18.49,71.26,1.02,TNP_0009,2,2016
2016-12-22 19:00:00+00:00,0.0,0.0,18.24,72.06,0.58,TNP_0009,2,2016
2016-12-22 20:00:00+00:00,0.0,0.0,17.52,75.04,0.53,TNP_0009,2,2016
2016-12-22 21:00:00+00:00,0.0,0.0,16.91,76.91,1.12,TNP_0009,2,2016
2016-12-22 22:00:00+00:00,0.0,0.0,15.8,80.43,1.74,TNP_0009,2,2016
2016-12-22 23:00:00+00:00,0.0,0.0,15.06,81.53,2.13,TNP_0009,2,2016
2016-12-23 00:00:00+00:00,0.0,0.0,14.65,80.38,2.33,TNP_0009,2,2016
2016-12-23 01:00:00+00:00,54.6,57.53,15.46,77.96,2.26,TNP_0009,2,2016
2016-12-23 02:00:00+00:00,266.98,272.48,19.52,60.03,2.5,TNP_0009,2,2016
2016-12-23 03:00:00+00:00,494.75,497.1,23.01,46.58,1.86,TNP_0009,2,2016
2016-12-23 04:00:00+00:00,678.78,682.05,25.92,37.52,2.52,TNP_0009,2,2016
2016-12-23 05:00:00+00:00,806.45,806.83,27.82,31.97,3.06,TNP_0009,2,2016
2016-12-23 06:00:00+00:00,836.05,839.25,29.06,28.97,3.32,TNP_0009,2,2016
2016-12-23 07:00:00+00:00,806.7,815.97,29.76,27.64,3.4,TNP_0009,2,2016
2016-12-23 08:00:00+00:00,718.12,718.3,29.99,27.1,3.38,TNP_0009,2,2016
2016-12-23 09:00:00+00:00,552.3,554.65,29.69,27.44,3.4,TNP_0009,2,2016
2016-12-23 10:00:00+00:00,343.23,344.8,28.69,30.31,3.39,TNP_0009,2,2016
2016-12-23 11:00:00+00:00,127.12,127.72,25.84,46.93,2.5,TNP_0009,2,2016
2016-12-23 12:00:00+00:00,4.12,4.12,21.31,63.68,2.94,TNP_0009,2,2016
2016-12-23 13:00:00+00:00,0.0,0.0,19.86,68.96,2.99,TNP_0009,2,2016
2016-12-23 14:00:00+00:00,0.0,0.0,18.95,74.26,2.86,TNP_0009,2,2016
2016-12-23 15:00:00+00:00,0.0,0.0,18.22,78.97,2.66,TNP_0009,2,2016
2016-12-23 16:00:00+00:00,0.0,0.0,17.7,82.15,2.38,TNP_0009,2,2016
2016-12-23 17:00:00+00:00,0.0,0.0,17.52,83.45,1.97,TNP_0009,2,2016
2016-12-23 18:00:00+00:00,0.0,0.0,17.48,84.49,1.46,TNP_0009,2,2016
2016-12-23 19:00:00+00:00,0.0,0.0,17.54,84.98,0.86,TNP_0009,2,2016
2016-12-23 20:00:00+00:00,0.0,0.0,17.28,86.8,0.22,TNP_0009,2,2016
2016-12-23 21:00:00+00:00,0.0,0.0,16.75,89.82,0.5,TNP_0009,2,2016
2016-12-23 22:00:00+00:00,0.0,0.0,15.83,94.74,1.23,TNP_0009,2,2016
2016-12-23 23:00:00+00:00,0.0,0.0,14.82,100.0,1.78,TNP_0009,2,2016
2016-12-24 00:00:00+00:00,0.0,0.0,13.95,100.0,2.18,TNP_0009,2,2016
2016-12-24 01:00:00+00:00,50.1,54.9,14.8,98.71,2.21,TNP_0009,2,2016
2016-12-24 02:00:00+00:00,260.15,266.23,18.83,77.71,2.86,TNP_0009,2,2016
2016-12-24 03:00:00+00:00,488.58,491.65,22.76,56.61,0.82,TNP_0009,2,2016
2016-12-24 04:00:00+00:00,675.35,676.12,25.59,42.58,1.79,TNP_0009,2,2016
2016-12-24 05:00:00+00:00,797.4,801.25,27.46,36.31,2.53,TNP_0009,2,2016
2016-12-24 06:00:00+00:00,828.0,833.35,28.63,33.67,3.04,TNP_0009,2,2016
2016-12-24 07:00:00+00:00,807.22,811.0,29.23,32.68,3.47,TNP_0009,2,2016
2016-12-24 08:00:00+00:00,697.78,711.97,29.22,33.13,3.83,TNP_0009,2,2016
2016-12-24 09:00:00+00:00,543.38,548.85,28.64,34.88,4.05,TNP_0009,2,2016
2016-12-24 10:00:00+00:00,335.0,338.7,27.31,39.37,4.13,TNP_0009,2,2016
2016-12-24 11:00:00+00:00,119.68,120.32,24.84,52.71,3.25,TNP_0009,2,2016
2016-12-24 12:00:00+00:00,4.3,4.3,21.57,69.48,2.95,TNP_0009,2,2016
2016-12-24 13:00:00+00:00,0.0,0.0,20.5,76.09,3.0,TNP_0009,2,2016
2016-12-24 14:00:00+00:00,0.0,0.0,19.81,81.52,2.77,TNP_0009,2,2016
2016-12-24 15:00:00+00:00,0.0,0.0,19.2,85.93,2.51,TNP_0009,2,2016
2016-12-24 16:00:00+00:00,0.0,0.0,18.71,88.98,2.31,TNP_0009,2,2016
2016-12-24 17:00:00+00:00,0.0,0.0,18.25,91.49,2.1,TNP_0009,2,2016
2016-12-24 18:00:00+00:00,0.0,0.0,17.79,92.9,1.87,TNP_0009,2,2016
2016-12-24 19:00:00+00:00,0.0,0.0,17.7,92.84,1.5,TNP_0009,2,2016
2016-12-24 20:00:00+00:00,0.0,0.0,17.67,92.81,1.06,TNP_0009,2,2016
2016-12-24 21:00:00+00:00,0.0,0.0,17.69,92.27,0.56,TNP_0009,2,2016
2016-12-24 22:00:00+00:00,0.0,0.0,17.61,92.22,0.2,TNP_0009,2,2016
2016-12-24 23:00:00+00:00,0.0,0.0,17.04,95.33,0.61,TNP_0009,2,2016
2016-12-25 00:00:00+00:00,0.0,0.0,16.3,99.76,1.07,TNP_0009,2,2016
2016-12-25 01:00:00+00:00,48.12,50.4,16.3,99.67,1.32,TNP_0009,2,2016
2016-12-25 02:00:00+00:00,246.77,253.77,18.95,85.69,1.55,TNP_0009,2,2016
2016-12-25 03:00:00+00:00,469.6,475.67,21.79,68.52,0.19,TNP_0009,2,2016
2016-12-25 04:00:00+00:00,657.65,661.05,24.37,51.77,0.53,TNP_0009,2,2016
2016-12-25 05:00:00+00:00,785.88,787.45,26.73,39.02,0.94,TNP_0009,2,2016
2016-12-25 06:00:00+00:00,821.85,825.03,28.16,34.08,1.27,TNP_0009,2,2016
2016-12-25 07:00:00+00:00,789.88,802.17,29.16,30.77,1.63,TNP_0009,2,2016
2016-12-25 08:00:00+00:00,703.4,704.58,29.63,29.05,2.07,TNP_0009,2,2016
2016-12-25 09:00:00+00:00,541.08,543.7,29.51,28.97,2.45,TNP_0009,2,2016
2016-12-25 10:00:00+00:00,332.42,333.88,28.66,31.14,2.81,TNP_0009,2,2016
2016-12-25 11:00:00+00:00,117.97,118.32,25.92,47.06,2.4,TNP_0009,2,2016
2016-12-25 12:00:00+00:00,4.45,4.43,21.3,66.04,2.96,TNP_0009,2,2016
2016-12-25 13:00:00+00:00,0.0,0.0,19.93,73.08,3.11,TNP_0009,2,2016
2016-12-25 14:00:00+00:00,0.0,0.0,19.05,80.88,2.99,TNP_0009,2,2016
2016-12-25 15:00:00+00:00,0.0,0.0,18.25,88.07,2.71,TNP_0009,2,2016
2016-12-25 16:00:00+00:00,0.0,0.0,17.53,93.88,2.47,TNP_0009,2,2016
2016-12-25 17:00:00+00:00,0.0,0.0,16.97,98.69,2.2,TNP_0009,2,2016
2016-12-25 18:00:00+00:00,0.0,0.0,16.56,100.0,1.94,TNP_0009,2,2016
2016-12-25 19:00:00+00:00,0.0,0.0,16.08,100.0,1.9,TNP_0009,2,2016
2016-12-25 20:00:00+00:00,0.0,0.0,15.43,100.0,2.06,TNP_0009,2,2016
2016-12-25 21:00:00+00:00,0.0,0.0,14.88,100.0,2.22,TNP_0009,2,2016
2016-12-25 22:00:00+00:00,0.0,0.0,14.44,100.0,2.36,TNP_0009,2,2016
2016-12-25 23:00:00+00:00,0.0,0.0,14.11,100.0,2.48,TNP_0009,2,2016
2016-12-26 00:00:00+00:00,0.0,0.0,13.86,100.0,2.57,TNP_0009,2,2016
2016-12-26 01:00:00+00:00,60.3,60.97,15.16,100.0,2.47,TNP_0009,2,2016
2016-12-26 02:00:00+00:00,238.8,240.23,19.2,78.81,3.24,TNP_0009,2,2016
2016-12-26 03:00:00+00:00,454.23,456.92,23.22,58.53,3.09,TNP_0009,2,2016
2016-12-26 04:00:00+00:00,648.3,648.4,26.01,46.08,3.71,TNP_0009,2,2016
2016-12-26 05:00:00+00:00,766.8,770.15,27.97,39.08,3.85,TNP_0009,2,2016
2016-12-26 06:00:00+00:00,801.92,805.75,29.44,34.28,3.89,TNP_0009,2,2016
2016-12-26 07:00:00+00:00,776.25,784.95,30.33,31.84,3.96,TNP_0009,2,2016
2016-12-26 08:00:00+00:00,682.65,688.97,30.57,31.45,4.11,TNP_0009,2,2016
2016-12-26 09:00:00+00:00,524.25,529.03,30.15,32.6,4.42,TNP_0009,2,2016
2016-12-26 10:00:00+00:00,321.17,324.3,28.99,36.22,4.68,TNP_0009,2,2016
2016-12-26 11:00:00+00:00,114.38,115.12,26.4,48.52,3.71,TNP_0009,2,2016
2016-12-26 12:00:00+00:00,4.38,4.4,22.29,67.6,3.19,TNP_0009,2,2016
2016-12-26 13:00:00+00:00,0.0,0.0,21.02,74.78,3.3,TNP_0009,2,2016
2016-12-26 14:00:00+00:00,0.0,0.0,20.16,81.05,3.16,TNP_0009,2,2016
2016-12-26 15:00:00+00:00,0.0,0.0,19.35,86.74,2.94,TNP_0009,2,2016
2016-12-26 16:00:00+00:00,0.0,0.0,18.6,91.93,2.75,TNP_0009,2,2016
2016-12-26 17:00:00+00:00,0.0,0.0,17.95,96.85,2.61,TNP_0009,2,2016
2016-12-26 18:00:00+00:00,0.0,0.0,17.37,100.0,2.52,TNP_0009,2,2016
2016-12-26 19:00:00+00:00,0.0,0.0,16.86,100.0,2.48,TNP_0009,2,2016
2016-12-26 20:00:00+00:00,0.0,0.0,16.45,100.0,2.53,TNP_0009,2,2016
2016-12-26 21:00:00+00:00,0.0,0.0,16.18,100.0,2.65,TNP_0009,2,2016
2016-12-26 22:00:00+00:00,0.0,0.0,16.04,100.0,2.75,TNP_0009,2,2016
2016-12-26 23:00:00+00:00,0.0,0.0,16.01,100.0,2.81,TNP_0009,2,2016
2016-12-27 00:00:00+00:00,0.0,0.0,16.02,99.07,2.88,TNP_0009,2,2016
2016-12-27 01:00:00+00:00,50.03,50.55,17.18,92.18,3.06,TNP_0009,2,2016
2016-12-27 02:00:00+00:00,258.75,259.05,20.52,76.25,4.27,TNP_0009,2,2016
2016-12-27 03:00:00+00:00,479.65,482.33,23.98,64.84,4.76,TNP_0009,2,2016
2016-12-27 04:00:00+00:00,663.75,667.12,26.66,54.48,5.67,TNP_0009,2,2016
2016-12-27 05:00:00+00:00,791.85,792.17,28.45,47.13,5.9,TNP_0009,2,2016
2016-12-27 06:00:00+00:00,836.08,844.97,29.96,41.63,5.91,TNP_0009,2,2016
2016-12-27 07:00:00+00:00,773.97,823.85,30.66,38.7,5.78,TNP_0009,2,2016
2016-12-27 08:00:00+00:00,675.92,729.42,30.76,37.49,5.66,TNP_0009,2,2016
2016-12-27 09:00:00+00:00,526.12,571.35,30.29,37.73,5.6,TNP_0009,2,2016
2016-12-27 10:00:00+00:00,323.17,364.3,29.13,40.02,5.52,TNP_0009,2,2016
2016-12-27 11:00:00+00:00,119.0,139.55,26.95,47.98,4.51,TNP_0009,2,2016
2016-12-27 12:00:00+00:00,4.65,5.3,23.06,66.44,3.16,TNP_0009,2,2016
2016-12-27 13:00:00+00:00,0.0,0.0,21.74,74.24,3.21,TNP_0009,2,2016
2016-12-27 14:00:00+00:00,0.0,0.0,20.95,81.23,3.05,TNP_0009,2,2016
2016-12-27 15:00:00+00:00,0.0,0.0,20.33,87.46,2.91,TNP_0009,2,2016
2016-12-27 16:00:00+00:00,0.0,0.0,19.81,92.9,2.8,TNP_0009,2,2016
2016-12-27 17:00:00+00:00,0.0,0.0,19.3,98.5,2.71,TNP_0009,2,2016
2016-12-27 18:00:00+00:00,0.0,0.0,18.82,100.0,2.62,TNP_0009,2,2016
2016-12-27 19:00:00+00:00,0.0,0.0,18.5,100.0,2.55,TNP_0009,2,2016
2016-12-27 20:00:00+00:00,0.0,0.0,18.42,100.0,2.5,TNP_0009,2,2016
2016-12-27 21:00:00+00:00,0.0,0.0,18.37,100.0,2.44,TNP_0009,2,2016
2016-12-27 22:00:00+00:00,0.0,0.0,18.26,100.0,2.42,TNP_0009,2,2016
2016-12-27 23:00:00+00:00,0.0,0.0,18.19,100.0,2.41,TNP_0009,2,2016
2016-12-28 00:00:00+00:00,0.0,0.0,18.1,100.0,2.44,TNP_0009,2,2016
2016-12-28 01:00:00+00:00,41.97,44.15,19.31,99.42,2.87,TNP_0009,2,2016
2016-12-28 02:00:00+00:00,186.93,233.0,22.24,82.75,4.23,TNP_0009,2,2016
2016-12-28 03:00:00+00:00,358.27,443.55,24.67,68.84,4.88,TNP_0009,2,2016
2016-12-28 04:00:00+00:00,428.75,616.12,26.74,57.98,5.01,TNP_0009,2,2016
2016-12-28 05:00:00+00:00,593.72,742.0,28.45,50.45,5.03,TNP_0009,2,2016
2016-12-28 06:00:00+00:00,666.95,815.65,29.67,45.9,5.02,TNP_0009,2,2016
2016-12-28 07:00:00+00:00,647.3,798.42,30.4,43.1,5.04,TNP_0009,2,2016
2016-12-28 08:00:00+00:00,575.67,707.22,30.55,41.43,5.07,TNP_0009,2,2016
2016-12-28 09:00:00+00:00,485.65,552.7,30.08,41.18,5.13,TNP_0009,2,2016
2016-12-28 10:00:00+00:00,302.85,348.48,28.96,43.34,5.17,TNP_0009,2,2016
2016-12-28 11:00:00+00:00,119.12,131.57,26.81,51.33,4.42,TNP_0009,2,2016
2016-12-28 12:00:00+00:00,5.45,5.47,23.08,69.1,3.21,TNP_0009,2,2016
2016-12-28 13:00:00+00:00,0.0,0.0,21.67,75.97,3.41,TNP_0009,2,2016
2016-12-28 14:00:00+00:00,0.0,0.0,20.6,82.18,3.09,TNP_0009,2,2016
2016-12-28 15:00:00+00:00,0.0,0.0,19.64,87.68,2.69,TNP_0009,2,2016
2016-12-28 16:00:00+00:00,0.0,0.0,18.87,91.86,2.5,TNP_0009,2,2016
2016-12-28 17:00:00+00:00,0.0,0.0,18.2,95.48,2.42,TNP_0009,2,2016
2016-12-28 18:00:00+00:00,0.0,0.0,17.6,99.19,2.4,TNP_0009,2,2016
2016-12-28 19:00:00+00:00,0.0,0.0,17.08,100.0,2.39,TNP_0009,2,2016
2016-12-28 20:00:00+00:00,0.0,0.0,16.63,100.0,2.4,TNP_0009,2,2016
2016-12-28 21:00:00+00:00,0.0,0.0,16.24,100.0,2.44,TNP_0009,2,2016
2016-12-28 22:00:00+00:00,0.0,0.0,15.91,100.0,2.49,TNP_0009,2,2016
2016-12-28 23:00:00+00:00,0.0,0.0,15.61,100.0,2.51,TNP_0009,2,2016
2016-12-29 00:00:00+00:00,0.0,0.0,15.34,100.0,2.51,TNP_0009,2,2016
2016-12-29 01:00:00+00:00,52.67,52.92,16.5,100.0,2.38,TNP_0009,2,2016
2016-12-29 02:00:00+00:00,262.92,264.95,20.24,83.68,3.35,TNP_0009,2,2016
2016-12-29 03:00:00+00:00,484.45,485.75,23.67,65.01,4.14,TNP_0009,2,2016
2016-12-29 04:00:00+00:00,665.75,669.67,25.89,53.83,4.37,TNP_0009,2,2016
2016-12-29 05:00:00+00:00,790.95,796.78,27.66,46.3,4.48,TNP_0009,2,2016
2016-12-29 06:00:00+00:00,771.62,822.03,28.92,41.8,4.6,TNP_0009,2,2016
2016-12-29 07:00:00+00:00,726.1,798.97,29.59,39.63,4.71,TNP_0009,2,2016
2016-12-29 08:00:00+00:00,660.22,704.05,29.71,38.94,4.79,TNP_0009,2,2016
2016-12-29 09:00:00+00:00,515.17,544.6,29.31,39.75,4.78,TNP_0009,2,2016
2016-12-29 10:00:00+00:00,320.85,339.67,28.25,42.76,4.68,TNP_0009,2,2016
2016-12-29 11:00:00+00:00,121.78,126.4,26.2,51.69,3.87,TNP_0009,2,2016
2016-12-29 12:00:00+00:00,5.4,5.4,22.43,71.93,2.82,TNP_0009,2,2016
2016-12-29 13:00:00+00:00,0.0,0.0,21.21,79.06,2.98,TNP_0009,2,2016
2016-12-29 14:00:00+00:00,0.0,0.0,20.39,85.0,2.85,TNP_0009,2,2016
2016-12-29 15:00:00+00:00,0.0,0.0,19.62,90.1,2.63,TNP_0009,2,2016
2016-12-29 16:00:00+00:00,0.0,0.0,18.9,94.25,2.47,TNP_0009,2,2016
2016-12-29 17:00:00+00:00,0.0,0.0,18.23,97.96,2.36,TNP_0009,2,2016
2016-12-29 18:00:00+00:00,0.0,0.0,17.65,100.0,2.28,TNP_0009,2,2016
2016-12-29 19:00:00+00:00,0.0,0.0,17.16,100.0,2.25,TNP_0009,2,2016
2016-12-29 20:00:00+00:00,0.0,0.0,16.75,100.0,2.27,TNP_0009,2,2016
2016-12-29 21:00:00+00:00,0.0,0.0,16.41,100.0,2.21,TNP_0009,2,2016
2016-12-29 22:00:00+00:00,0.0,0.0,16.17,100.0,2.07,TNP_0009,2,2016
2016-12-29 23:00:00+00:00,0.0,0.0,16.12,100.0,1.91,TNP_0009,2,2016
2016-12-30 00:00:00+00:00,0.0,0.0,16.14,100.0,1.76,TNP_0009,2,2016
2016-12-30 01:00:00+00:00,40.42,45.42,17.01,100.0,1.57,TNP_0009,2,2016
2016-12-30 02:00:00+00:00,211.45,249.57,20.52,82.05,1.81,TNP_0009,2,2016
2016-12-30 03:00:00+00:00,440.08,477.25,23.65,64.95,2.75,TNP_0009,2,2016
2016-12-30 04:00:00+00:00,616.03,665.5,25.63,56.11,3.14,TNP_0009,2,2016
2016-12-30 05:00:00+00:00,696.33,783.72,27.18,49.91,3.45,TNP_0009,2,2016
2016-12-30 06:00:00+00:00,701.0,803.25,28.29,45.91,3.78,TNP_0009,2,2016
2016-12-30 07:00:00+00:00,659.65,789.95,29.01,43.4,4.1,TNP_0009,2,2016
2016-12-30 08:00:00+00:00,594.42,697.95,29.2,42.49,4.37,TNP_0009,2,2016
2016-12-30 09:00:00+00:00,463.2,543.65,28.81,43.31,4.56,TNP_0009,2,2016
2016-12-30 10:00:00+00:00,259.65,340.6,27.79,46.21,4.65,TNP_0009,2,2016
2016-12-30 11:00:00+00:00,105.22,126.88,25.84,54.43,3.91,TNP_0009,2,2016
2016-12-30 12:00:00+00:00,5.1,5.7,22.37,72.59,2.82,TNP_0009,2,2016
2016-12-30 13:00:00+00:00,0.0,0.0,21.22,78.15,2.96,TNP_0009,2,2016
2016-12-30 14:00:00+00:00,0.0,0.0,20.57,81.82,2.83,TNP_0009,2,2016
2016-12-30 15:00:00+00:00,0.0,0.0,19.86,85.41,2.61,TNP_0009,2,2016
2016-12-30 16:00:00+00:00,0.0,0.0,19.08,88.88,2.45,TNP_0009,2,2016
2016-12-30 17:00:00+00:00,0.0,0.0,18.39,91.72,2.34,TNP_0009,2,2016
2016-12-30 18:00:00+00:00,0.0,0.0,17.9,93.62,2.2,TNP_0009,2,2016
2016-12-30 19:00:00+00:00,0.0,0.0,17.49,95.22,2.06,TNP_0009,2,2016
2016-12-30 20:00:00+00:00,0.0,0.0,16.99,97.45,2.06,TNP_0009,2,2016
2016-12-30 21:00:00+00:00,0.0,0.0,16.45,100.0,2.16,TNP_0009,2,2016
2016-12-30 22:00:00+00:00,0.0,0.0,15.95,100.0,2.29,TNP_0009,2,2016
2016-12-30 23:00:00+00:00,0.0,0.0,15.49,100.0,2.39,TNP_0009,2,2016
2016-12-31 00:00:00+00:00,0.0,0.0,15.14,100.0,2.44,TNP_0009,2,2016
2016-12-31 01:00:00+00:00,38.47,45.03,16.21,100.0,2.39,TNP_0009,2,2016
2016-12-31 02:00:00+00:00,207.27,250.82,19.57,83.14,3.03,TNP_0009,2,2016
2016-12-31 03:00:00+00:00,437.77,479.6,23.1,64.84,2.89,TNP_0009,2,2016
2016-12-31 04:00:00+00:00,639.05,671.55,25.19,56.16,3.27,TNP_0009,2,2016
2016-12-31 05:00:00+00:00,768.78,801.0,26.86,49.99,3.58,TNP_0009,2,2016
2016-12-31 06:00:00+00:00,818.0,825.2,28.12,45.56,3.9,TNP_0009,2,2016
2016-12-31 07:00:00+00:00,802.22,808.67,28.92,42.96,4.17,TNP_0009,2,2016
2016-12-31 08:00:00+00:00,700.5,715.58,29.16,41.89,4.36,TNP_0009,2,2016
2016-12-31 09:00:00+00:00,550.4,556.35,28.88,42.08,4.48,TNP_0009,2,2016
2016-12-31 10:00:00+00:00,346.15,349.83,27.91,44.09,4.5,TNP_0009,2,2016
2016-12-31 11:00:00+00:00,132.27,132.95,25.96,51.8,3.69,TNP_0009,2,2016
2016-12-31 12:00:00+00:00,6.28,6.25,22.13,71.47,2.69,TNP_0009,2,2016
2016-12-31 13:00:00+00:00,0.0,0.0,20.8,77.05,2.79,TNP_0009,2,2016
2016-12-31 14:00:00+00:00,0.0,0.0,19.91,80.88,2.69,TNP_0009,2,2016
2016-12-31 15:00:00+00:00,0.0,0.0,19.14,84.2,2.54,TNP_0009,2,2016
2016-12-31 16:00:00+00:00,0.0,0.0,18.51,86.79,2.4,TNP_0009,2,2016
2016-12-31 17:00:00+00:00,0.0,0.0,18.0,88.89,2.29,TNP_0009,2,2016
2016-12-31 18:00:00+00:00,0.0,0.0,17.53,91.04,2.26,TNP_0009,2,2016
2016-12-31 19:00:00+00:00,0.0,0.0,17.05,93.62,2.38,TNP_0009,2,2016
2016-12-31 20:00:00+00:00,0.0,0.0,16.58,96.4,2.53,TNP_0009,2,2016
2016-12-31 21:00:00+00:00,0.0,0.0,16.22,98.44,2.57,TNP_0009,2,2016
2016-12-31 22:00:00+00:00,0.0,0.0,15.96,99.77,2.55,TNP_0009,2,2016
2016-12-31 23:00:00+00:00,0.0,0.0,15.79,100.0,2.49,TNP_0009,2,2016
