point_id,date,GHI_daily_kWh,GHIcs_daily_kWh,kt_daily,Ta_mean_C,Ta_max_C,Ta_min_C,DTR_C,RH_mean_pct,wind_mean_ms,cluster_id
TNP_0005,2016-01-01,5.10254,5.84962,0.8722857211237653,21.35333333333333,28.88,14.95,13.93,76.95791666666666,3.715,1
TNP_0005,2016-01-02,5.5995,5.89344,0.950124205896726,21.105,29.58,14.12,15.46,73.72958333333334,3.49375,1
TNP_0005,2016-01-03,5.92096,5.94925,0.9952447787536244,21.27083333333333,30.33,13.8,16.529999999999998,71.91,3.3320833333333333,1
TNP_0005,2016-01-04,5.79812,5.92877,0.9779633886961376,21.40458333333333,29.95,14.47,15.48,71.69375000000001,3.3229166666666665,1
TNP_0005,2016-01-05,5.4496400000000005,5.73501,0.950240714488728,22.29041666666667,30.39,14.72,15.67,72.44916666666667,3.0104166666666665,1
TNP_0005,2016-01-06,4.37193,5.47528,0.7984851916249032,22.855416666666667,30.84,16.22,14.62,72.33458333333333,3.005416666666666,1
TNP_0005,2016-01-07,4.33833,5.37818,0.8066539238180945,22.53333333333333,30.24,16.35,13.889999999999995,71.94166666666666,3.1275,1
TNP_0005,2016-01-08,4.85831,5.5461100000000005,0.8759851499519483,22.399583333333336,29.44,16.37,13.07,71.74083333333333,2.790833333333333,1
TNP_0005,2016-01-09,5.34304,5.814559999999999,0.9189070196197134,22.021666666666665,30.13,15.13,14.999999999999998,68.10875,2.97625,1
TNP_0005,2016-01-10,5.69527,5.96954,0.954055086321559,21.815416666666668,30.67,14.73,15.94,68.27208333333333,3.0425,1
TNP_0005,2016-01-11,5.66926,5.83408,0.9717487590159888,21.793333333333333,30.37,14.35,16.020000000000003,69.60041666666667,3.154583333333333,1
TNP_0005,2016-01-12,5.76986,5.79889,0.9949938695164072,22.16708333333333,30.74,14.9,15.839999999999998,68.29791666666667,2.936666666666667,1
TNP_0005,2016-01-13,4.25619,5.42827,0.7840785369924488,21.78125,28.95,15.51,13.44,72.04375,2.3291666666666666,1
TNP_0005,2016-01-14,5.56655,5.60678,0.992824758595843,21.49,29.45,15.09,14.36,68.90124999999999,2.7729166666666667,1
TNP_0005,2016-01-15,5.77971,5.84121,0.9894713595299603,21.780833333333334,29.75,15.1,14.65,72.80416666666666,2.4791666666666665,1
TNP_0005,2016-01-16,5.43661,5.691739999999999,0.9551753945190752,23.18166666666667,30.96,15.94,15.02,70.49708333333334,2.0795833333333333,1
TNP_0005,2016-01-17,4.65749,5.3651,0.8681087025404932,22.50791666666667,29.54,17.23,12.31,71.24249999999999,2.1725,1
TNP_0005,2016-01-18,4.920640000000001,5.39819,0.9115351627119462,24.0975,31.5,16.88,14.62,69.55916666666667,2.4337500000000003,1
TNP_0005,2016-01-19,3.96988,5.436439999999999,0.7302352274650324,24.985416666666666,32.05,18.72,13.329999999999998,71.79541666666667,2.43125,1
TNP_0005,2016-01-20,3.33542,4.70269,0.7092578928230439,25.47083333333333,32.03,20.34,11.69,72.03458333333333,2.4529166666666664,1
TNP_0005,2016-01-21,3.2977200000000004,4.83165,0.6825246033963555,25.72583333333333,32.65,20.63,12.02,73.15916666666666,2.68625,1
TNP_0005,2016-01-22,4.11511,4.85818,0.8470476598232259,24.662916666666664,31.82,19.5,12.32,72.22333333333333,3.03375,1
TNP_0005,2016-01-23,3.88904,5.432060000000001,0.7159420183134942,25.687083333333334,33.15,19.28,13.869999999999996,73.31041666666667,3.7604166666666665,1
TNP_0005,2016-01-24,3.9416,5.62875,0.7002620475238729,25.949166666666667,32.67,20.56,12.110000000000005,71.62791666666666,3.3341666666666665,1
TNP_0005,2016-01-25,4.74261,5.76639,0.8224573780129335,26.177916666666665,33.04,20.91,12.13,68.40666666666667,2.939166666666667,1
TNP_0005,2016-01-26,4.87359,5.49462,0.886974895443179,25.772916666666664,33.07,20.12,12.95,67.81375,2.59875,1
TNP_0005,2016-01-27,5.08096,5.90304,0.8607361630617445,25.590416666666663,33.39,19.33,14.060000000000002,66.35583333333334,2.629583333333333,1
TNP_0005,2016-01-28,6.01305,6.07306,0.99011865517548,25.08666666666667,34.01,18.15,15.86,62.55625,2.47875,1
TNP_0005,2016-01-29,6.05104,6.108779999999999,0.9905480308670472,24.75208333333333,34.42,17.7,16.720000000000002,62.54416666666666,3.137083333333333,1
TNP_0005,2016-01-30,6.16305,6.21566,0.991535894820502,24.299166666666665,33.55,17.32,16.229999999999997,63.77583333333333,2.9291666666666667,1
TNP_0005,2016-01-31,6.16269,6.36014,0.9689550858943357,24.0075,33.72,16.43,17.29,65.14083333333333,3.4466666666666668,1
TNP_0005,2016-02-01,5.7908800000000005,6.60425,0.8768414278684181,23.789583333333336,34.13,16.03,18.1,59.19791666666666,2.8791666666666664,1
TNP_0005,2016-02-02,6.29455,6.61526,0.9515196681611908,24.12125,34.42,15.61,18.81,55.2325,3.06375,1
TNP_0005,2016-02-03,5.79511,6.40375,0.9049556900253758,23.977083333333336,33.31,16.77,16.540000000000003,59.32125,2.68875,1
TNP_0005,2016-02-04,6.14596,6.45026,0.952823607110411,24.362916666666667,33.78,16.82,16.96,61.89416666666667,3.4266666666666663,1
TNP_0005,2016-02-05,5.49538,6.202520000000001,0.8859915002289391,24.946250000000003,33.62,17.78,15.839999999999996,62.12083333333334,2.8808333333333334,1
TNP_0005,2016-02-06,5.268050000000001,5.93757,0.8872400662223773,25.735,33.7,17.96,15.740000000000002,62.62291666666667,2.5975,1
TNP_0005,2016-02-07,5.557600000000001,5.91772,0.9391454817057924,26.78333333333333,34.47,20.2,14.27,63.376666666666665,2.344583333333333,1
TNP_0005,2016-02-08,5.25371,6.086069999999999,0.8632352240444162,27.055833333333336,35.38,20.51,14.87,63.25,3.15625,1
TNP_0005,2016-02-09,6.051889999999999,6.21738,0.9733826788775978,26.274583333333336,34.93,19.22,15.71,60.00791666666667,2.7675,1
TNP_0005,2016-02-10,6.10747,6.23811,0.979057759481638,26.625,35.27,18.87,16.400000000000002,58.680416666666666,2.381666666666667,1
TNP_0005,2016-02-11,6.04827,6.15045,0.9833865814696484,27.044166666666666,35.69,20.06,15.63,56.06958333333333,2.364583333333333,1
TNP_0005,2016-02-12,5.96928,6.13546,0.9729148262721946,26.957916666666662,35.66,19.88,15.779999999999998,54.60958333333334,2.83375,1
TNP_0005,2016-02-13,6.0263800000000005,6.18509,0.9743399045123032,27.18166666666667,35.6,20.04,15.560000000000002,58.16083333333333,2.587916666666666,1
TNP_0005,2016-02-14,6.35214,6.58487,0.9646568573107748,25.740416666666665,34.94,17.74,17.2,58.66833333333333,3.555,1
TNP_0005,2016-02-15,5.87134,6.628729999999999,0.8857413109298464,26.230833333333333,35.0,17.47,17.53,62.071666666666665,3.474166666666666,1
TNP_0005,2016-02-16,6.2171400000000006,6.55234,0.948842703522711,26.664583333333336,35.54,19.52,16.02,62.31958333333333,3.6454166666666654,1
TNP_0005,2016-02-17,5.3295,6.31513,0.8439256199001446,26.774583333333336,34.72,19.45,15.27,62.635,4.152916666666667,1
TNP_0005,2016-02-18,5.51916,6.50787,0.8480747156903873,26.46,34.73,19.47,15.259999999999998,62.98458333333334,4.198333333333333,1
TNP_0005,2016-02-19,6.08505,6.37708,0.9542063138615164,26.85458333333333,35.24,19.21,16.03,63.15625,3.470416666666667,1
TNP_0005,2016-02-20,6.49572,6.77742,0.9584355108581142,28.88958333333333,37.73,20.48,17.249999999999996,59.14375,2.995416666666667,1
TNP_0005,2016-02-21,6.407100000000001,6.70877,0.9550334860190468,29.445,38.78,22.71,16.07,56.035,2.3679166666666664,1
TNP_0005,2016-02-22,6.87606,6.91347,0.9945888244253608,28.734583333333333,38.69,20.31,18.38,54.04083333333333,2.799166666666667,1
TNP_0005,2016-02-23,7.002770000000001,7.12197,0.9832630578337176,27.662916666666664,37.51,20.08,17.43,53.22958333333333,2.4433333333333334,1
TNP_0005,2016-02-24,7.03971,7.09012,0.9928901062323346,27.875833333333333,37.8,19.8,17.999999999999996,51.095416666666665,2.2745833333333336,1
TNP_0005,2016-02-25,6.49153,6.815270000000001,0.952497846747084,29.25125,38.1,20.58,17.520000000000003,56.00875,3.020833333333333,1
TNP_0005,2016-02-26,5.91476,6.95023,0.851016441182522,28.2025,37.11,20.15,16.96,58.55416666666667,3.880833333333333,1
TNP_0005,2016-02-27,5.65092,6.791399999999999,0.8320699708454812,28.13583333333333,36.26,19.86,16.4,61.45541666666667,4.2195833333333335,1
TNP_0005,2016-02-28,5.64241,6.861890000000001,0.8222821992191655,28.871666666666663,37.22,22.98,14.239999999999998,58.87708333333333,4.064166666666667,1
TNP_0005,2016-02-29,4.994350000000001,6.4973,0.7686808366552261,27.29041666666667,34.77,21.71,13.060000000000002,61.09583333333333,3.71375,1
TNP_0005,2016-03-01,5.21414,6.33917,0.8225272393704539,28.28375,36.33,21.57,14.759999999999998,59.401250000000005,3.83625,1
TNP_0005,2016-03-02,5.532520000000001,6.30105,0.8780314392045772,28.071250000000003,36.19,22.31,13.88,57.56708333333333,3.6183333333333336,1
TNP_0005,2016-03-03,6.39647,6.737010000000001,0.9494523534921278,27.84583333333333,35.84,21.39,14.450000000000005,54.835,3.745,1
TNP_0005,2016-03-04,6.04699,6.71255,0.9008484108125824,26.243333333333336,33.59,20.3,13.290000000000004,56.61625,2.827083333333333,1
TNP_0005,2016-03-05,6.672689999999999,6.89641,0.9675599333566304,27.93458333333333,36.94,20.46,16.479999999999997,56.57750000000001,2.810416666666667,1
TNP_0005,2016-03-06,7.06867,7.10893,0.994336700459844,28.680000000000003,37.64,21.69,15.95,51.82916666666667,2.6425,1
TNP_0005,2016-03-07,6.61478,7.08567,0.9335433346458416,28.41916666666667,37.37,21.55,15.819999999999997,54.33791666666667,2.8516666666666666,1
TNP_0005,2016-03-08,6.99958,7.11496,0.9837834646997312,29.00125,38.0,21.45,16.55,51.91833333333333,2.5658333333333334,1
TNP_0005,2016-03-09,6.25134,7.00762,0.8920774813702798,29.883333333333336,38.35,22.14,16.21,48.93208333333333,2.522083333333333,1
TNP_0005,2016-03-10,6.287059999999999,6.9945,0.8988576738866251,29.032083333333333,36.43,23.55,12.88,52.90083333333333,2.8504166666666664,1
TNP_0005,2016-03-11,6.46224,6.76243,0.9556091523313364,30.740416666666665,39.69,23.47,16.22,50.46791666666667,2.020833333333333,1
TNP_0005,2016-03-12,6.61426,6.95134,0.9515086299907644,30.887083333333333,38.76,24.46,14.299999999999995,48.58125,2.8425,1
TNP_0005,2016-03-13,6.36246,7.05152,0.9022820611726268,31.304583333333337,38.65,24.68,13.97,47.24916666666667,2.469583333333333,1
TNP_0005,2016-03-14,6.20607,6.80908,0.9114403120539044,30.67375,37.82,23.86,13.96,52.01083333333333,2.71375,1
TNP_0005,2016-03-15,6.02481,6.81524,0.8840202252598588,30.90958333333333,38.53,23.57,14.96,50.88,2.42,1
TNP_0005,2016-03-16,6.37033,6.67082,0.9549545633070596,31.482083333333332,39.39,23.85,15.54,51.00708333333333,2.745416666666667,1
TNP_0005,2016-03-17,6.066649999999999,6.5343800000000005,0.9284201408549853,31.401666666666667,39.6,24.0,15.6,48.04375,2.5329166666666665,1
TNP_0005,2016-03-18,6.37758,6.65218,0.9587202992101836,31.191666666666663,40.01,23.57,16.439999999999998,42.66625,2.848333333333333,1
TNP_0005,2016-03-19,7.10453,7.13275,0.9960436016964004,31.410416666666663,40.47,23.23,17.24,38.80875,2.11625,1
TNP_0005,2016-03-20,6.98345,7.02224,0.994476121579439,31.8225,40.79,23.18,17.61,35.24666666666666,2.6179166666666664,1
TNP_0005,2016-03-21,6.616680000000001,6.85235,0.965607419352485,32.5575,41.03,24.05,16.98,34.71125,2.3425,1
TNP_0005,2016-03-22,6.08103,6.324260000000001,0.9615401643828684,34.01125,41.02,25.68,15.340000000000003,40.3325,2.720833333333333,1
TNP_0005,2016-03-23,6.46662,6.68966,0.9666589931326852,33.195,41.01,25.2,15.81,44.400416666666665,3.114583333333333,1
TNP_0005,2016-03-24,6.641,6.86078,0.9679657415046102,31.66708333333333,40.27,23.73,16.540000000000003,43.45249999999999,3.197083333333333,1
TNP_0005,2016-03-25,6.77374,6.96732,0.9722160027097936,30.44541666666667,39.78,22.5,17.28,46.89416666666667,2.671666666666667,1
TNP_0005,2016-03-26,7.03284,7.13551,0.9856113998859228,30.07875,39.94,22.13,17.81,43.50083333333333,2.7579166666666666,1
TNP_0005,2016-03-27,7.08129,7.22116,0.9806305358141904,30.258750000000003,39.28,21.81,17.470000000000002,46.92041666666666,2.2583333333333333,1
TNP_0005,2016-03-28,7.05725,7.22554,0.9767090072160696,31.527916666666663,40.34,23.22,17.120000000000005,50.705000000000005,3.3716666666666666,1
TNP_0005,2016-03-29,6.59286,7.36747,0.8948607866743943,31.6825,39.79,24.19,15.599999999999998,51.48291666666666,3.220833333333333,1
TNP_0005,2016-03-30,7.04386,7.32491,0.9616309278885338,31.418333333333333,40.03,24.2,15.830000000000002,50.2375,3.120416666666667,1
TNP_0005,2016-03-31,6.84958,7.11203,0.9630977372142692,30.557916666666667,38.08,24.11,13.97,50.06666666666666,2.254583333333333,1
TNP_0005,2016-04-01,7.01575,7.341979999999999,0.9555664820661456,31.425833333333333,40.02,23.98,16.040000000000003,46.062916666666666,2.585,1
TNP_0005,2016-04-02,7.1374,7.273569999999999,0.9812787943197082,31.969583333333333,40.82,23.94,16.88,43.65875,2.876666666666667,1
TNP_0005,2016-04-03,6.89736,7.160099999999999,0.9633049817739976,32.13041666666667,40.87,24.0,16.869999999999997,41.815,2.5033333333333334,1
TNP_0005,2016-04-04,7.24635,7.30241,0.9923230823796528,31.89333333333333,40.89,24.05,16.84,40.25333333333334,2.82,1
TNP_0005,2016-04-05,7.4393,7.545319999999999,0.9859489060768796,32.2825,40.49,23.83,16.660000000000004,42.08125,2.5125,1
TNP_0005,2016-04-06,6.930680000000001,7.20929,0.9613540307020524,33.26083333333333,40.67,25.39,15.28,45.08291666666667,2.904166666666667,1
TNP_0005,2016-04-07,6.4789200000000005,6.92634,0.9354031133325826,33.2975,40.45,26.96,13.490000000000002,47.78833333333333,3.17625,1
TNP_0005,2016-04-08,5.93168,6.89343,0.8604830976741622,33.086666666666666,40.41,26.83,13.579999999999998,47.62041666666667,3.1725,1
TNP_0005,2016-04-09,5.40074,7.15962,0.7543333305398889,30.235,34.27,26.07,8.200000000000003,58.587916666666665,1.9370833333333333,1
TNP_0005,2016-04-10,6.71575,7.38543,0.9093241693442358,30.0,34.63,25.84,8.790000000000003,55.844166666666666,1.735,1
TNP_0005,2016-04-11,6.6731300000000005,7.27401,0.9173935697091424,32.56666666666667,39.61,25.68,13.93,48.15291666666667,2.53375,1
TNP_0005,2016-04-12,7.0785,7.20429,0.982539570172772,33.6625,41.26,26.08,15.18,45.01583333333334,2.4854166666666666,1
TNP_0005,2016-04-13,6.61026,6.76179,0.9775902534683863,35.09625,42.0,27.28,14.72,42.40166666666666,2.657083333333333,1
TNP_0005,2016-04-14,6.33526,6.57433,0.963635838176666,33.98416666666667,40.62,27.89,12.729999999999997,47.51375,3.53125,1
TNP_0005,2016-04-15,6.60647,6.89646,0.9579508907468468,33.264583333333334,40.55,27.69,12.859999999999996,49.57625,3.4250000000000003,1
TNP_0005,2016-04-16,6.82619,7.08049,0.9640844065876796,33.84375,41.06,27.51,13.55,46.26458333333333,2.873333333333333,1
TNP_0005,2016-04-17,6.8513,7.14243,0.9592393625138784,33.45166666666667,40.44,27.25,13.189999999999998,46.30125,3.1983333333333337,1
TNP_0005,2016-04-18,7.358029999999999,7.57374,0.9715186948588148,32.98375,40.86,26.93,13.93,49.458333333333336,3.824583333333333,1
TNP_0005,2016-04-19,7.00908,7.43071,0.9432584504037972,33.25,41.06,26.92,14.14,49.67458333333334,3.64125,1
TNP_0005,2016-04-20,6.98941,7.382569999999999,0.9467448327614908,33.16583333333333,40.45,26.95,13.500000000000004,48.59708333333333,2.978333333333333,1
TNP_0005,2016-04-21,6.83535,7.28689,0.9380339211927172,33.89333333333334,41.37,27.05,14.319999999999997,45.34041666666667,2.7079166666666663,1
TNP_0005,2016-04-22,6.93343,7.23084,0.9588692323436836,35.1025,42.49,27.05,15.44,39.92,2.317916666666666,1
TNP_0005,2016-04-23,6.652220000000001,6.81134,0.9766389579730274,35.888333333333335,43.63,27.87,15.760000000000002,38.1125,2.7975,1
TNP_0005,2016-04-24,6.22762,6.92219,0.8996603676004271,36.0525,43.74,28.29,15.450000000000005,38.7225,3.66375,1
TNP_0005,2016-04-25,6.67816,6.90676,0.9669019916719273,34.52875,41.3,28.26,13.039999999999996,43.33791666666667,3.4133333333333336,1
TNP_0005,2016-04-26,6.5439,6.93944,0.9430011643590837,32.018750000000004,37.53,26.04,11.490000000000002,52.58083333333334,3.467916666666667,1
TNP_0005,2016-04-27,7.217020000000001,7.47203,0.9658713897026644,32.651666666666664,40.3,25.73,14.569999999999997,48.915,3.4508333333333336,1
TNP_0005,2016-04-28,7.42454,7.53878,0.9848463544499244,32.800000000000004,41.14,25.56,15.580000000000002,46.01875,3.08625,1
TNP_0005,2016-04-29,7.35341,7.450579999999999,0.9869580623253492,32.49916666666667,40.28,25.27,15.010000000000002,44.75416666666666,3.143333333333333,1
TNP_0005,2016-04-30,7.24984,7.37251,0.9833611619380644,33.39833333333333,41.39,25.5,15.89,43.2375,3.4025,1
TNP_0005,2016-05-01,7.50022,7.5247,0.9967467141547172,33.41708333333333,41.18,26.57,14.61,43.36916666666667,2.71375,1
TNP_0005,2016-05-02,7.35018,7.51522,0.9780392323844144,34.503750000000004,42.6,27.03,15.57,42.5025,2.907916666666667,1
TNP_0005,2016-05-03,7.26917,7.4401,0.9770258464267954,33.96458333333333,41.5,27.27,14.23,44.27375,3.458333333333333,1
TNP_0005,2016-05-04,6.98991,7.21884,0.9682871486277572,33.34875,40.16,27.32,12.839999999999996,47.07083333333333,3.2291666666666665,1
TNP_0005,2016-05-05,6.292260000000001,7.02212,0.8960627274954003,32.59,38.94,27.08,11.86,48.16458333333333,2.6975,1
TNP_0005,2016-05-06,6.17776,6.840409999999999,0.9031271517350568,31.767916666666665,37.89,26.43,11.46,56.0825,1.9154166666666663,1
TNP_0005,2016-05-07,6.269309999999999,6.8052,0.9212528654558276,28.99458333333333,32.92,25.7,7.220000000000002,72.01416666666667,1.9975,1
TNP_0005,2016-05-08,6.11557,6.98894,0.8750354130955481,29.4375,33.58,25.66,7.919999999999998,69.74458333333332,1.1954166666666668,1
TNP_0005,2016-05-09,6.07801,6.866680000000001,0.8851453686497696,29.582083333333333,34.82,25.28,9.54,65.77208333333333,2.32,1
TNP_0005,2016-05-10,5.91429,7.19688,0.821785273618568,29.49208333333333,36.35,23.91,12.44,65.33541666666666,2.1679166666666667,1
TNP_0005,2016-05-11,5.365639999999999,7.12201,0.7533884394995232,29.102500000000003,35.67,23.68,11.990000000000002,65.08,2.1325,1
TNP_0005,2016-05-12,6.282760000000001,7.07783,0.8876675478218607,29.840416666666663,36.63,24.3,12.330000000000002,60.3875,2.1025,1
TNP_0005,2016-05-13,6.6421,7.0004,0.9488172104451176,31.089166666666667,38.26,24.89,13.369999999999996,58.98583333333334,1.6983333333333333,1
TNP_0005,2016-05-14,6.12558,7.002149999999999,0.8748141642209893,30.542916666666667,37.35,24.77,12.580000000000002,62.88791666666666,2.27625,1
TNP_0005,2016-05-15,5.48247,7.23754,0.7575046217361148,29.05375,35.1,24.53,10.57,62.22541666666666,2.5795833333333333,1
TNP_0005,2016-05-16,1.22134,7.2203,0.169153636275501,28.06958333333333,33.12,24.07,9.049999999999995,68.95375,2.1308333333333334,1
TNP_0005,2016-05-17,1.74548,7.17414,0.2433016361542986,27.75625,33.19,23.6,9.589999999999996,65.37625,4.025833333333334,1
TNP_0005,2016-05-18,2.79323,6.61672,0.4221472270248703,28.60125,34.5,23.91,10.59,72.05666666666666,3.92875,1
TNP_0005,2016-05-19,3.4507,6.68756,0.5159878939403908,28.429166666666664,35.28,24.27,11.010000000000002,75.05416666666666,3.36875,1
TNP_0005,2016-05-20,5.38989,6.62268,0.8138533041004549,28.95583333333333,35.93,23.51,12.419999999999998,65.72833333333334,4.54625,1
TNP_0005,2016-05-21,6.36262,6.95525,0.9147938607526688,31.12375,38.67,23.57,15.1,58.7375,3.8229166666666665,1
TNP_0005,2016-05-22,6.96683,7.0073,0.9942245943516048,31.396666666666665,38.95,25.31,13.640000000000004,58.55916666666667,4.37625,1
TNP_0005,2016-05-23,6.85425,7.121989999999999,0.96240657456694,31.450416666666666,38.76,25.11,13.65,58.20166666666666,4.3675,1
TNP_0005,2016-05-24,7.35971,7.379809999999999,0.9972763526432252,32.07333333333333,39.87,25.47,14.4,55.74041666666667,4.600416666666667,1
TNP_0005,2016-05-25,7.19787,7.30963,0.9847105804260954,31.96375,39.91,26.07,13.839999999999996,56.17,4.22,1
TNP_0005,2016-05-26,7.08185,7.2402,0.9781290572083644,30.777083333333334,36.79,25.95,10.84,59.12875,4.1345833333333335,1
TNP_0005,2016-05-27,6.02463,6.95525,0.8661989144890551,28.495,32.96,24.99,7.970000000000002,69.42166666666667,2.1054166666666667,1
TNP_0005,2016-05-28,6.4985,6.92809,0.9379930110607684,29.40625,35.33,24.97,10.36,70.07125,2.339166666666667,1
TNP_0005,2016-05-29,5.83905,6.90584,0.8455234989516119,28.887916666666666,34.43,24.54,9.89,67.40583333333333,3.2412499999999995,1
TNP_0005,2016-05-30,6.418019999999999,6.91454,0.9281918970748596,28.26625,33.56,24.41,9.150000000000002,70.75291666666666,3.0987500000000003,1
TNP_0005,2016-05-31,5.84704,6.74188,0.8672714435736025,29.905,37.15,24.33,12.82,62.189166666666665,3.10375,1
TNP_0005,2016-06-01,6.183260000000001,6.82329,0.906199208886036,27.973333333333333,32.76,24.12,8.639999999999997,75.435,2.86,1
TNP_0005,2016-06-02,5.59724,6.70089,0.83529799772866,27.530833333333334,30.97,24.07,6.899999999999999,75.65791666666667,2.2895833333333333,1
TNP_0005,2016-06-03,5.66394,6.65562,0.8510011088373435,28.04833333333333,33.11,23.55,9.56,71.61874999999999,3.221666666666667,1
TNP_0005,2016-06-04,5.62899,6.3862,0.8814302715229715,29.3675,35.92,23.72,12.200000000000005,66.3175,3.1316666666666664,1
TNP_0005,2016-06-05,5.33007,5.988239999999999,0.8900895755681136,29.240416666666665,36.68,24.23,12.45,64.62333333333333,3.93625,1
TNP_0005,2016-06-06,6.456510000000001,6.92188,0.9327682652689732,28.905833333333334,35.52,24.23,11.290000000000004,66.75208333333333,3.74625,1
TNP_0005,2016-06-07,5.74221,6.85138,0.8381099866012395,28.31125,32.49,24.45,8.040000000000003,74.94041666666666,2.862083333333333,1
TNP_0005,2016-06-08,5.27628,6.759729999999999,0.7805459685519984,27.88958333333333,33.88,22.43,11.450000000000005,70.49791666666667,3.827916666666667,1
TNP_0005,2016-06-09,5.14349,6.687,0.7691775085987737,28.725416666666664,35.84,22.4,13.440000000000005,67.00833333333334,4.489999999999999,1
TNP_0005,2016-06-10,5.553019999999999,6.88635,0.8063807387077333,28.16375,35.0,22.77,12.23,65.38250000000001,5.446666666666666,1
TNP_0005,2016-06-11,5.72745,7.0408800000000005,0.8134565565667927,28.70375,36.73,22.68,14.049999999999995,64.85125000000001,5.083333333333333,1
TNP_0005,2016-06-12,5.98553,7.05701,0.8481679918265668,29.17083333333333,37.17,22.82,14.35,59.2125,5.321666666666666,1
TNP_0005,2016-06-13,6.1628,7.01564,0.8784373200449281,27.964166666666667,34.89,21.73,13.16,62.0075,4.678333333333334,1
TNP_0005,2016-06-14,6.01716,6.99672,0.8599972558570301,29.71375,37.52,21.71,15.810000000000002,55.577916666666674,5.1066666666666665,1
TNP_0005,2016-06-15,6.874770000000001,7.04192,0.976263575842952,29.644166666666667,37.88,23.1,14.78,56.71625,5.922916666666667,1
TNP_0005,2016-06-16,5.63362,6.802239999999999,0.8282007103542363,30.04958333333333,37.2,23.17,14.03,59.7,4.73,1
TNP_0005,2016-06-17,5.98813,6.96689,0.8595126376331476,27.19375,31.91,22.85,9.06,70.61666666666666,3.87875,1
TNP_0005,2016-06-18,5.201479999999999,6.45364,0.8059761622898084,27.676666666666662,33.74,22.71,11.03,64.62291666666667,4.516666666666667,1
TNP_0005,2016-06-19,5.81823,6.67701,0.8713825499737158,27.732916666666668,32.41,22.77,9.639999999999995,65.93416666666667,2.91875,1
TNP_0005,2016-06-20,5.41366,6.590229999999999,0.8214675360344026,27.0775,31.58,23.57,8.009999999999998,70.6375,2.4408333333333334,1
TNP_0005,2016-06-21,4.74038,6.65503,0.7123003202089246,26.539583333333336,31.2,22.16,9.04,72.4275,2.80125,1
TNP_0005,2016-06-22,4.95779,6.83746,0.7250923588584065,27.16416666666667,34.11,22.07,12.04,68.56041666666667,3.831666666666667,1
TNP_0005,2016-06-23,2.37719,6.80902,0.349123662436004,25.879583333333333,31.72,21.83,9.89,67.34791666666666,5.226666666666667,1
TNP_0005,2016-06-24,3.45053,7.08991,0.4866817773427307,27.065416666666664,33.32,21.84,11.48,61.31541666666666,4.2700000000000005,1
TNP_0005,2016-06-25,4.49977,6.99949,0.6428711234675669,27.57,34.08,22.42,11.659999999999997,60.12041666666667,4.7283333333333335,1
TNP_0005,2016-06-26,4.46781,6.504029999999999,0.6869294883326185,28.29875,34.61,22.64,11.97,63.865833333333335,4.176666666666667,1
TNP_0005,2016-06-27,3.41364,6.53104,0.5226793894999877,27.91375,34.58,23.04,11.54,64.21375,5.049166666666667,1
TNP_0005,2016-06-28,3.48542,6.77226,0.5146612799862971,27.0525,32.24,22.97,9.270000000000003,70.3475,5.045,1
TNP_0005,2016-06-29,3.46729,6.796690000000001,0.510143908284768,27.16708333333333,32.97,22.96,10.009999999999998,69.98625,5.43625,1
TNP_0005,2016-06-30,4.87518,6.78367,0.7186640859593701,27.951666666666668,33.87,23.34,10.529999999999998,63.24041666666667,6.177499999999999,1
TNP_0005,2016-07-01,5.40187,6.8753,0.7856922607013511,28.8575,35.72,23.74,11.98,58.44791666666666,6.925833333333333,1
TNP_0005,2016-07-02,5.95737,6.760269999999999,0.8812325543210553,29.04958333333333,35.91,23.99,11.919999999999998,57.56583333333333,6.396666666666667,1
TNP_0005,2016-07-03,6.12217,6.92751,0.8837475514290127,29.645416666666662,36.96,23.75,13.21,56.28041666666667,5.845,1
TNP_0005,2016-07-04,5.9365,6.91363,0.858666142099013,28.86583333333333,35.72,23.67,12.049999999999995,61.44416666666667,5.04375,1
TNP_0005,2016-07-05,5.54263,6.98682,0.7932979524304333,28.812083333333334,34.97,23.87,11.099999999999998,64.45416666666667,4.305833333333333,1
TNP_0005,2016-07-06,4.73978,6.71231,0.7061324640846445,28.432916666666667,33.55,23.99,9.56,67.76083333333334,4.343333333333333,1
TNP_0005,2016-07-07,4.38109,6.81397,0.6429570426638216,27.909166666666668,33.73,23.25,10.479999999999997,60.03791666666667,5.2,1
TNP_0005,2016-07-08,4.91413,6.57035,0.7479251485841699,28.019166666666667,34.07,23.19,10.88,63.876666666666665,6.309583333333333,1
TNP_0005,2016-07-09,5.59394,6.292949999999999,0.8889217298723175,28.46708333333333,34.31,23.57,10.740000000000002,62.8875,6.695,1
TNP_0005,2016-07-10,4.87287,6.43485,0.7572624070491153,28.86125,34.41,23.89,10.519999999999996,60.645,6.83875,1
TNP_0005,2016-07-11,4.96336,6.5684,0.7556421655197613,28.968333333333334,35.17,23.97,11.200000000000005,58.63125,6.63,1
TNP_0005,2016-07-12,5.32703,6.55733,0.8123779038114598,28.675833333333333,34.88,23.41,11.470000000000002,60.12125,5.504583333333333,1
TNP_0005,2016-07-13,5.71598,6.7910900000000005,0.8416881531536174,29.7925,37.33,23.32,14.009999999999998,56.29624999999999,5.275,1
TNP_0005,2016-07-14,6.46575,6.92773,0.933314375704596,30.29208333333333,37.94,23.75,14.189999999999998,56.15958333333333,4.204583333333333,1
TNP_0005,2016-07-15,5.67001,6.64436,0.8533568319597373,29.444166666666664,36.19,24.16,12.029999999999998,63.15166666666666,3.54875,1
TNP_0005,2016-07-16,5.60343,6.69579,0.8368586828439961,27.21291666666667,31.51,23.64,7.870000000000001,73.21291666666666,1.8916666666666664,1
TNP_0005,2016-07-17,4.75309,6.63295,0.716587641999412,26.649583333333336,31.01,23.4,7.610000000000003,74.57625,1.9841666666666664,1
TNP_0005,2016-07-18,5.25004,6.827769999999999,0.7689245536976202,25.89208333333333,29.75,22.23,7.52,76.42666666666666,2.3908333333333336,1
TNP_0005,2016-07-19,5.33028,7.0448,0.7566261639791051,26.897916666666664,32.72,22.06,10.66,69.32083333333334,3.1166666666666667,1
TNP_0005,2016-07-20,4.89269,6.79555,0.7199844015569011,28.311666666666667,34.59,22.94,11.650000000000002,64.66541666666667,2.73,1
TNP_0005,2016-07-21,4.51537,6.62484,0.6815817438609838,27.50125,33.82,22.8,11.02,64.14999999999999,4.344166666666667,1
TNP_0005,2016-07-22,4.08065,6.67239,0.6115724650387642,28.074166666666667,34.77,22.74,12.030000000000005,62.20291666666666,4.62,1
TNP_0005,2016-07-23,4.76423,6.83643,0.6968885807358518,28.27875,35.0,22.98,12.02,64.17791666666666,3.9441666666666655,1
TNP_0005,2016-07-24,5.94597,6.88228,0.8639535154047787,28.151666666666667,34.99,23.6,11.39,67.91291666666666,2.619166666666666,1
TNP_0005,2016-07-25,6.13925,6.925590000000001,0.8864587710216746,27.792916666666667,34.39,23.61,10.78,71.97583333333334,1.9945833333333327,1
TNP_0005,2016-07-26,5.85276,6.97616,0.8389658494071237,26.062083333333334,30.34,22.91,7.43,77.19500000000001,2.0141666666666667,1
TNP_0005,2016-07-27,5.84019,6.85446,0.8520277308496949,26.09208333333333,30.24,22.82,7.419999999999998,79.77166666666666,1.535,1
TNP_0005,2016-07-28,5.49525,7.0353900000000005,0.7810867627807414,26.93583333333333,31.36,22.83,8.530000000000001,77.36583333333333,1.6458333333333333,1
TNP_0005,2016-07-29,4.50569,7.0045,0.6432564779784424,27.05208333333333,32.04,22.86,9.18,73.14416666666666,2.65625,1
TNP_0005,2016-07-30,4.33228,6.800859999999999,0.63701943577724,26.467916666666667,32.55,20.64,11.909999999999997,70.765,3.520833333333333,1
TNP_0005,2016-07-31,6.5730900000000005,7.06725,0.9300774700201636,27.883750000000003,36.13,20.33,15.800000000000004,64.37083333333334,4.54125,1
TNP_0005,2016-08-01,5.96072,7.0462,0.8459481706451705,27.493333333333336,34.36,21.51,12.849999999999998,65.44916666666667,5.234583333333333,1
TNP_0005,2016-08-02,5.647,7.181850000000001,0.7862876556876013,26.81958333333333,33.37,21.82,11.549999999999995,66.63458333333334,5.747083333333333,1
TNP_0005,2016-08-03,6.2835600000000005,7.098730000000001,0.8851667833542056,27.579166666666666,34.75,21.81,12.94,65.86874999999999,5.8133333333333335,1
TNP_0005,2016-08-04,5.04772,6.97603,0.723580603867816,27.286666666666665,33.42,22.28,11.14,66.15458333333333,5.085,1
TNP_0005,2016-08-05,4.60369,7.00504,0.6571968182908307,27.16708333333333,33.47,22.14,11.329999999999998,66.35083333333334,4.961250000000001,1
TNP_0005,2016-08-06,6.37764,7.11478,0.8963931421632153,27.705416666666665,34.4,22.15,12.25,65.33875,4.420833333333333,1
TNP_0005,2016-08-07,6.58567,7.174270000000001,0.9179568095429916,28.44375,35.94,22.22,13.72,63.615,4.306666666666667,1
TNP_0005,2016-08-08,6.951239999999999,7.19451,0.966186717371996,28.00625,34.3,22.76,11.539999999999996,64.65333333333334,3.964166666666667,1
TNP_0005,2016-08-09,6.43073,7.14441,0.9001065168432383,29.051666666666662,36.53,23.21,13.32,61.23166666666666,4.31375,1
TNP_0005,2016-08-10,6.765980000000001,7.19323,0.9406038733642608,29.15458333333333,36.39,23.0,13.39,61.16791666666666,3.753333333333333,1
TNP_0005,2016-08-11,6.71866,7.11847,0.943834840913848,29.11375,36.2,22.69,13.510000000000002,61.20625,3.7470833333333338,1
TNP_0005,2016-08-12,6.72787,7.07472,0.9509733247393536,28.689166666666665,34.68,23.35,11.329999999999998,65.455,3.6316666666666655,1
TNP_0005,2016-08-13,6.38013,6.941809999999999,0.91908738499037,28.94833333333333,35.77,23.15,12.620000000000005,64.53166666666667,3.83,1
TNP_0005,2016-08-14,5.859439999999999,6.85087,0.8552840734096545,28.48875,34.84,22.8,12.040000000000004,63.32,4.175833333333333,1
TNP_0005,2016-08-15,6.02345,7.06917,0.8520731571033091,28.65875,36.64,22.66,13.98,62.45250000000001,5.108333333333333,1
TNP_0005,2016-08-16,5.63459,7.034979999999999,0.8009390218593373,28.620833333333334,36.11,22.56,13.55,61.49666666666667,5.535833333333333,1
TNP_0005,2016-08-17,5.99915,7.00694,0.8561725945990689,28.370833333333334,34.64,22.41,12.23,62.51083333333333,4.707083333333333,1
TNP_0005,2016-08-18,6.597390000000001,7.0604,0.9344215625177046,28.98166666666667,35.78,22.96,12.82,61.09708333333333,4.390416666666667,1
TNP_0005,2016-08-19,6.58131,7.169980000000001,0.9178979578743596,29.742500000000003,37.43,23.05,14.38,59.19375,3.888333333333333,1
TNP_0005,2016-08-20,6.70086,7.12871,0.9399821286039128,30.285833333333333,37.42,23.33,14.090000000000003,57.78541666666666,2.860416666666667,1
TNP_0005,2016-08-21,5.684279999999999,6.77487,0.8390242174388585,30.48875,36.94,25.0,11.939999999999998,55.998333333333335,2.7295833333333337,1
TNP_0005,2016-08-22,6.081150000000001,6.87721,0.8842466639814693,30.474166666666665,37.51,25.18,12.329999999999998,56.814166666666665,3.205,1
TNP_0005,2016-08-23,5.668279999999999,6.64874,0.8525344651768605,28.207083333333333,33.5,23.49,10.010000000000002,65.43458333333334,3.410833333333333,1
TNP_0005,2016-08-24,6.41967,7.04491,0.9112493985018972,28.89208333333333,34.68,23.41,11.27,63.41833333333333,3.60375,1
TNP_0005,2016-08-25,5.59578,6.84284,0.8177569547147091,27.49791666666667,31.78,23.74,8.040000000000003,69.71041666666666,3.095416666666667,1
TNP_0005,2016-08-26,4.82519,6.91891,0.6973916411689125,27.8075,33.07,23.34,9.73,71.10458333333334,2.1591666666666667,1
TNP_0005,2016-08-27,4.9235500000000005,6.70856,0.733920543305866,26.77625,31.82,23.15,8.670000000000002,75.15458333333333,3.07375,1
TNP_0005,2016-08-28,6.16503,6.916510000000001,0.8913498281647824,28.59958333333333,35.74,23.23,12.510000000000002,63.86625,2.9458333333333333,1
TNP_0005,2016-08-29,5.81875,7.0227200000000005,0.8285607286065797,28.35166666666667,35.21,23.39,11.82,64.12083333333334,3.26375,1
TNP_0005,2016-08-30,4.45505,6.7079,0.6641497338958542,26.625833333333333,32.89,21.93,10.96,74.99333333333333,3.492083333333333,1
TNP_0005,2016-08-31,4.33861,6.75743,0.6420503061074995,26.7775,33.76,21.4,12.36,69.60791666666667,3.293333333333333,1
TNP_0005,2016-09-01,4.917560000000001,6.79432,0.7237751533633978,26.315416666666668,32.38,21.34,11.040000000000004,66.56166666666667,3.7525,1
TNP_0005,2016-09-02,5.24378,6.95665,0.7537794771908893,26.81125,33.39,21.49,11.900000000000002,63.62125,3.954583333333333,1
TNP_0005,2016-09-03,5.85522,7.05872,0.829501666024435,27.199166666666667,33.31,21.68,11.630000000000004,65.44833333333334,3.13125,1
TNP_0005,2016-09-04,4.82757,6.74458,0.7157702925904948,27.776666666666667,34.32,22.17,12.15,62.67249999999999,3.4566666666666666,1
TNP_0005,2016-09-05,6.134399999999999,7.03672,0.8717698018394934,27.747083333333336,34.75,21.79,12.96,61.48166666666666,3.6041666666666665,1
TNP_0005,2016-09-06,6.063479999999999,6.88564,0.8805978819688509,27.508750000000003,34.8,21.77,13.029999999999998,63.47875,3.928333333333333,1
TNP_0005,2016-09-07,6.91599,7.2418,0.9550098041923278,27.28833333333333,34.11,21.43,12.68,61.29291666666666,3.7183333333333337,1
TNP_0005,2016-09-08,6.8452,7.18265,0.95301873264046,28.62375,35.9,21.59,14.31,58.24875,3.4370833333333333,1
TNP_0005,2016-09-09,6.01706,6.8548,0.8777878275077318,29.5925,36.83,22.59,14.239999999999998,56.70291666666666,2.2020833333333334,1
TNP_0005,2016-09-10,4.80721,6.64081,0.7238891038894353,28.789583333333336,34.15,23.22,10.93,59.47291666666666,3.0429166666666667,1
TNP_0005,2016-09-11,5.04371,6.97678,0.7229280556359811,28.235416666666666,33.97,23.28,10.689999999999998,56.890833333333326,2.825,1
TNP_0005,2016-09-12,4.314970000000001,6.758229999999999,0.6384763466173837,27.99833333333333,33.61,22.78,10.829999999999998,59.35,2.605,1
TNP_0005,2016-09-13,5.18414,6.59821,0.7856888459142707,28.8875,35.98,22.63,13.349999999999998,59.20666666666667,3.311666666666667,1
TNP_0005,2016-09-14,4.42203,6.83655,0.6468218619040305,29.513333333333332,36.89,23.21,13.68,59.625416666666666,3.452916666666667,1
TNP_0005,2016-09-15,6.02388,6.829140000000001,0.8820847134485454,29.4125,36.75,23.26,13.489999999999998,58.395,3.7429166666666656,1
TNP_0005,2016-09-16,6.3714,7.10151,0.8971894709716665,28.437083333333334,35.1,23.06,12.040000000000004,61.7625,4.001666666666667,1
TNP_0005,2016-09-17,5.12121,6.67217,0.7675478892174509,28.580416666666665,35.03,22.72,12.310000000000002,58.08958333333334,3.984166666666667,1
TNP_0005,2016-09-18,6.49016,6.873600000000001,0.9442155493482308,28.906666666666663,35.71,22.44,13.27,56.80041666666667,4.22125,1
TNP_0005,2016-09-19,6.7122,7.13037,0.94135367449375,30.09208333333333,37.74,22.85,14.89,52.0975,3.5083333333333333,1
TNP_0005,2016-09-20,5.70347,6.95995,0.8194699674566628,29.52208333333333,36.77,23.51,13.260000000000002,52.665,3.512916666666667,1
TNP_0005,2016-09-21,4.12058,6.4333800000000005,0.6405000170983216,29.745,37.35,23.16,14.19,54.04958333333334,3.6670833333333337,1
TNP_0005,2016-09-22,5.404739999999999,6.79374,0.7955470771622111,29.942083333333333,38.17,22.8,15.37,50.672083333333326,4.777916666666667,1
TNP_0005,2016-09-23,5.329680000000001,6.75646,0.7888272852943703,30.11125,37.98,22.81,15.169999999999998,52.38166666666667,4.980416666666667,1
TNP_0005,2016-09-24,5.16444,6.71674,0.7688908607449447,29.796666666666667,38.28,23.27,15.010000000000002,53.06,5.677083333333333,1
TNP_0005,2016-09-25,5.24854,6.71632,0.7814606808490364,30.10083333333333,37.63,22.92,14.71,53.4175,4.67375,1
TNP_0005,2016-09-26,4.78305,6.64661,0.7196224842438477,30.64208333333333,37.49,23.68,13.810000000000002,53.17875,3.408333333333333,1
TNP_0005,2016-09-27,4.60737,6.29353,0.7320804063856055,26.64583333333333,29.98,24.35,5.629999999999999,71.95416666666667,2.4566666666666666,1
TNP_0005,2016-09-28,4.23904,6.42888,0.6593745722427545,27.10375,30.58,24.29,6.289999999999999,72.33833333333334,1.7870833333333334,1
TNP_0005,2016-09-29,4.4076,6.27017,0.7029474479958279,27.455,31.85,24.04,7.810000000000002,72.01541666666667,1.9633333333333327,1
TNP_0005,2016-09-30,5.3325,6.41836,0.8308197109542,28.58666666666667,35.12,23.73,11.389999999999995,60.06583333333333,3.197083333333333,1
TNP_0005,2016-10-01,5.93038,6.44355,0.9203591188087312,28.07375,35.66,21.97,13.689999999999998,56.65833333333333,2.897083333333333,1
TNP_0005,2016-10-02,6.12049,6.3497200000000005,0.9638991955550796,29.501666666666665,36.67,21.69,14.98,52.22125,1.58,1
TNP_0005,2016-10-03,5.67973,6.35861,0.8932345276719283,29.27958333333333,34.84,23.5,11.340000000000003,54.67166666666666,1.5508333333333333,1
TNP_0005,2016-10-04,5.35535,6.22494,0.8603054808560403,30.62375,37.64,23.37,14.27,53.461666666666666,1.8391666666666664,1
TNP_0005,2016-10-05,6.07065,6.69459,0.9067993708352564,28.995,35.39,23.9,11.490000000000002,57.3375,2.2570833333333336,1
TNP_0005,2016-10-06,6.11013,6.73799,0.9068179086047916,29.45041666666667,35.42,23.5,11.920000000000002,52.66291666666667,2.035833333333333,1
TNP_0005,2016-10-07,5.897279999999999,6.77908,0.8699233524313034,27.97,33.65,22.22,11.43,53.15833333333333,2.41,1
TNP_0005,2016-10-08,6.29117,6.71489,0.9368984450973882,29.624583333333334,36.57,22.04,14.53,51.18625,3.68125,1
TNP_0005,2016-10-09,6.33355,6.796279999999999,0.9319142236635336,30.0425,36.8,24.23,12.569999999999997,49.76833333333334,3.327916666666667,1
TNP_0005,2016-10-10,6.1737,6.80632,0.9070540321348396,30.72875,38.29,23.78,14.509999999999998,45.22666666666667,3.26,1
TNP_0005,2016-10-11,5.26647,6.6084700000000005,0.7969272766616176,27.99833333333333,34.31,23.17,11.14,61.95249999999999,2.617083333333333,1
TNP_0005,2016-10-12,4.87167,6.0400100000000005,0.8065665454196267,26.74,30.73,23.09,7.640000000000001,75.22375,1.3916666666666666,1
TNP_0005,2016-10-13,4.32638,5.97401,0.7242003277530503,26.915000000000003,31.9,23.22,8.68,76.20166666666667,1.0575,1
TNP_0005,2016-10-14,4.62793,6.06528,0.7630200089690831,27.65875,33.39,23.0,10.39,68.83708333333333,1.2170833333333333,1
TNP_0005,2016-10-15,5.72626,6.1589,0.9297536897822662,27.032916666666665,33.45,21.91,11.540000000000004,66.68124999999999,1.9670833333333333,1
TNP_0005,2016-10-16,5.68625,6.19097,0.918474810893931,27.473333333333333,35.15,21.48,13.669999999999998,62.615833333333335,2.075416666666667,1
TNP_0005,2016-10-17,5.48908,5.90257,0.929947463562482,28.265,35.32,21.3,14.02,61.465833333333336,1.2270833333333333,1
TNP_0005,2016-10-18,4.98871,5.77446,0.8639266701994646,28.641666666666666,35.19,23.2,11.989999999999998,60.81666666666666,1.56625,1
TNP_0005,2016-10-19,5.084440000000001,5.87805,0.8649875383843283,28.709166666666665,34.34,23.11,11.230000000000004,61.185833333333335,1.1670833333333333,1
TNP_0005,2016-10-20,4.49826,5.613449999999999,0.8013360767442483,28.274583333333336,34.72,23.4,11.32,65.33458333333333,1.6825,1
TNP_0005,2016-10-21,2.55752,5.46092,0.468331343436637,26.727083333333336,32.09,22.8,9.290000000000004,70.30083333333333,1.6641666666666666,1
TNP_0005,2016-10-22,4.03436,5.325819999999999,0.7575096417077559,26.8025,32.48,22.53,9.949999999999996,67.39083333333333,1.64125,1
TNP_0005,2016-10-23,4.45503,5.56391,0.800701305376974,28.144166666666667,34.68,22.25,12.43,61.62416666666667,1.502916666666667,1
TNP_0005,2016-10-24,4.68096,5.64032,0.8299103596959038,27.120416666666667,33.55,22.05,11.499999999999996,51.2375,2.0954166666666665,1
TNP_0005,2016-10-25,5.38806,5.8426800000000005,0.9221898170017868,27.980416666666667,34.96,21.83,13.130000000000004,55.16041666666666,1.4454166666666666,1
TNP_0005,2016-10-26,5.52074,5.853800000000001,0.9431036249957292,28.52291666666667,35.24,22.91,12.330000000000002,56.73166666666666,1.6783333333333337,1
TNP_0005,2016-10-27,4.73921,5.64841,0.8390343477190926,28.83375,35.39,22.96,12.43,52.40208333333334,1.3675,1
TNP_0005,2016-10-28,5.31051,5.6283,0.943537124886733,29.92958333333333,36.91,22.9,14.009999999999998,47.29291666666666,1.385,1
TNP_0005,2016-10-29,4.81163,5.35262,0.8989298698581256,30.314166666666665,37.98,23.43,14.549999999999995,54.17166666666666,1.8795833333333332,1
TNP_0005,2016-10-30,3.95358,5.6595,0.6985740789822422,28.00916666666667,34.91,23.01,11.899999999999997,66.94500000000001,3.057916666666667,1
TNP_0005,2016-10-31,3.03835,5.81587,0.522423988156544,26.155833333333334,31.38,22.46,8.919999999999998,74.80541666666666,2.710833333333333,1
TNP_0005,2016-11-01,5.61555,6.277,0.8946232276565238,27.630416666666665,35.35,21.89,13.46,62.805416666666666,3.155,1
TNP_0005,2016-11-02,3.81213,6.163930000000001,0.6184577047435645,26.137916666666666,31.94,21.65,10.290000000000004,74.91083333333333,2.685,1
TNP_0005,2016-11-03,5.05679,6.20159,0.8154021791185809,27.664583333333336,34.74,22.1,12.64,66.60708333333334,2.3783333333333334,1
TNP_0005,2016-11-04,4.7024,5.67536,0.828564179188633,29.00375,35.89,23.37,12.52,62.00208333333333,2.135,1
TNP_0005,2016-11-05,5.37417,5.70973,0.941230145733686,29.215,36.79,23.67,13.119999999999996,51.105,2.29875,1
TNP_0005,2016-11-06,4.96048,5.78817,0.8570031633486922,28.52125,35.79,21.31,14.48,55.092083333333335,1.7416666666666665,1
TNP_0005,2016-11-07,4.60059,5.267399999999999,0.873408133044766,28.045,35.59,20.83,14.760000000000003,53.07291666666666,2.2291666666666665,1
TNP_0005,2016-11-08,4.76405,5.73903,0.830114148209715,27.320416666666663,34.14,20.75,13.39,57.94166666666666,2.7845833333333334,1
TNP_0005,2016-11-09,5.217359999999999,5.79223,0.9007515240244256,25.426666666666662,34.2,18.2,16.000000000000004,48.27875,3.205833333333333,1
TNP_0005,2016-11-10,5.72359,5.732609999999999,0.9984265456746578,25.94083333333333,34.73,17.89,16.839999999999996,51.93375,2.505,1
TNP_0005,2016-11-11,5.312900000000001,5.36165,0.990907649697388,26.746666666666663,34.87,19.25,15.619999999999996,57.17166666666666,2.1933333333333334,1
TNP_0005,2016-11-12,5.36853,5.4453000000000005,0.9859016032174536,27.857083333333332,35.53,21.33,14.200000000000005,57.54083333333333,2.7883333333333336,1
TNP_0005,2016-11-13,3.7752,5.62016,0.6717246484085861,27.77875,35.4,22.58,12.82,67.12208333333334,3.085833333333333,1
TNP_0005,2016-11-14,3.85013,5.92599,0.6497024125926639,27.811666666666667,35.53,22.35,13.18,67.5275,3.108333333333333,1
TNP_0005,2016-11-15,5.22675,5.97496,0.8747757307161889,25.70833333333333,32.5,20.69,11.81,70.38958333333333,2.891666666666667,1
TNP_0005,2016-11-16,5.00852,5.76544,0.8687142698562469,27.42125,35.18,20.78,14.4,64.07375,4.03125,1
TNP_0005,2016-11-17,4.40653,5.41259,0.8141259544875928,26.668333333333333,33.95,20.73,13.220000000000002,63.33625,4.24375,1
TNP_0005,2016-11-18,4.89083,5.53667,0.8833522676988154,26.209166666666665,34.43,19.44,14.989999999999998,61.19708333333333,3.7425,1
TNP_0005,2016-11-19,3.9656,5.46284,0.7259227800924061,25.633333333333336,32.81,19.31,13.500000000000004,58.77041666666667,3.4258333333333333,1
TNP_0005,2016-11-20,3.49417,5.62819,0.6208336960905726,25.53833333333333,34.04,18.78,15.259999999999998,58.21541666666667,3.170833333333333,1
TNP_0005,2016-11-21,5.587359999999999,5.77521,0.9674730442702516,25.72375,33.11,18.27,14.84,61.22541666666667,3.276666666666667,1
TNP_0005,2016-11-22,5.54575,5.82739,0.9516696153852754,24.92083333333333,32.91,18.57,14.339999999999996,59.90625,2.654166666666667,1
TNP_0005,2016-11-23,5.55616,5.84786,0.950118504888968,25.199583333333333,35.35,17.04,18.31,54.82875000000001,3.4795833333333337,1
TNP_0005,2016-11-24,5.710859999999999,5.73468,0.9958463244679736,24.7025,34.95,16.55,18.4,54.93708333333333,3.2745833333333336,1
TNP_0005,2016-11-25,5.79146,5.842689999999999,0.9912317785129796,25.03,34.9,16.29,18.61,55.68666666666667,3.235416666666667,1
TNP_0005,2016-11-26,5.547440000000001,5.72431,0.9691019528991268,25.347916666666663,36.02,17.0,19.020000000000003,51.7625,2.6125000000000003,1
TNP_0005,2016-11-27,5.31736,5.77828,0.92023231826772,25.669166666666666,36.83,16.99,19.84,44.870000000000005,2.7358333333333333,1
TNP_0005,2016-11-28,5.141109999999999,5.89259,0.8724703398675284,25.692916666666665,36.62,17.95,18.67,45.40958333333333,2.49875,1
TNP_0005,2016-11-29,3.65574,5.723529999999999,0.6387212087645212,25.859166666666667,36.25,17.77,18.48,45.07458333333333,2.3216666666666668,1
TNP_0005,2016-11-30,4.10555,5.675739999999999,0.7233506115502121,24.269166666666667,31.08,18.69,12.389999999999995,48.390833333333326,2.7254166666666664,1
TNP_0005,2016-12-01,1.60895,5.333,0.3016969810613163,24.3625,30.3,18.91,11.39,57.65416666666667,4.520416666666667,1
TNP_0005,2016-12-02,1.64956,5.67988,0.2904216286259569,24.769166666666667,30.91,20.58,10.330000000000002,80.32583333333334,4.281666666666667,1
TNP_0005,2016-12-03,3.29496,5.43779,0.6059373385143597,24.715416666666663,30.11,20.92,9.189999999999998,81.93958333333333,3.90625,1
TNP_0005,2016-12-04,4.99359,5.69458,0.8769022474001594,25.92958333333333,33.37,20.8,12.569999999999997,72.56541666666666,2.5825,1
TNP_0005,2016-12-05,4.78651,5.54346,0.8634517070566037,26.50958333333333,34.09,20.86,13.230000000000004,66.22291666666666,3.14875,1
TNP_0005,2016-12-06,4.69435,5.327100000000001,0.8812205515195884,24.53833333333333,33.09,16.45,16.640000000000004,61.04625000000001,3.764166666666666,1
TNP_0005,2016-12-07,4.45971,5.43701,0.8202504685479703,25.78125,33.57,15.97,17.6,64.47208333333333,3.0004166666666667,1
TNP_0005,2016-12-08,4.68888,5.41355,0.8661377469497835,26.274583333333336,32.82,20.88,11.94,64.93333333333334,2.6908333333333334,1
TNP_0005,2016-12-09,4.780390000000001,5.28503,0.9045152061577704,26.797916666666666,35.3,20.0,15.299999999999995,54.025,1.81875,1
TNP_0005,2016-12-10,4.31645,5.54428,0.7785411270715044,25.649583333333336,35.54,17.0,18.54,37.39041666666667,1.59375,1
TNP_0005,2016-12-11,4.45629,5.45526,0.8168794887869689,24.68041666666667,32.54,16.39,16.15,29.0525,2.0070833333333336,1
TNP_0005,2016-12-12,2.70908,5.5475,0.488342496620099,25.84,34.56,18.07,16.490000000000002,57.11416666666667,4.001666666666667,1
TNP_0005,2016-12-13,3.18282,5.07278,0.6274311127232011,24.652916666666663,30.4,19.87,10.529999999999998,78.70041666666667,2.678333333333333,1
TNP_0005,2016-12-14,3.75331,5.47256,0.6858417267238733,24.855416666666667,31.06,20.43,10.63,77.72291666666666,3.438333333333333,1
TNP_0005,2016-12-15,4.948300000000001,5.71889,0.8652553205254867,24.44125,32.25,18.84,13.41,71.50041666666667,3.0091666666666668,1
TNP_0005,2016-12-16,2.96099,5.47669,0.5406532047641915,24.956666666666667,32.25,18.92,13.329999999999998,71.34041666666667,3.29625,1
TNP_0005,2016-12-17,5.13286,5.41587,0.947744314394548,24.868333333333336,33.18,18.59,14.59,67.15958333333333,3.015,1
TNP_0005,2016-12-18,5.383940000000001,5.45602,0.9867889047327542,24.47,33.27,17.62,15.650000000000002,65.36333333333333,3.095833333333333,1
TNP_0005,2016-12-19,5.55003,5.64356,0.9834271275577826,24.64833333333333,33.48,17.09,16.389999999999997,59.7325,3.3175000000000003,1
TNP_0005,2016-12-20,2.83044,5.50681,0.5139890426580906,25.322916666666668,32.98,17.99,14.989999999999998,67.38791666666667,3.82,1
TNP_0005,2016-12-21,4.683059999999999,5.501399999999999,0.8512487730395899,25.280416666666667,33.79,18.92,14.869999999999996,68.43291666666667,2.9658333333333338,1
TNP_0005,2016-12-22,5.44679,5.58496,0.9752603420615368,24.11208333333333,34.41,15.95,18.46,56.9275,2.467083333333333,1
TNP_0005,2016-12-23,5.81726,5.84219,0.9957327645968378,22.706666666666667,33.46,15.17,18.29,51.405,2.3183333333333334,1
TNP_0005,2016-12-24,5.75928,5.78369,0.9957795110042204,23.22791666666667,33.13,14.84,18.290000000000003,56.81541666666666,2.0816666666666666,1
TNP_0005,2016-12-25,5.6831700000000005,5.71759,0.9939799810759428,22.706666666666667,32.42,15.2,17.220000000000002,58.21791666666667,1.78875,1
TNP_0005,2016-12-26,5.43896,5.49378,0.9900214424312586,24.1525,34.38,14.99,19.39,51.7325,2.671666666666667,1
TNP_0005,2016-12-27,5.7058,5.82913,0.9788424687732132,25.546666666666667,34.96,15.99,18.97,58.086666666666666,4.006666666666667,1
TNP_0005,2016-12-28,3.96232,5.5288900000000005,0.7166574122473045,24.666666666666668,33.29,17.74,15.55,69.735,4.264166666666667,1
TNP_0005,2016-12-29,5.44607,5.73683,0.9493169572743134,24.12875,33.43,16.72,16.71,62.85875000000001,3.938333333333333,1
TNP_0005,2016-12-30,5.161449999999999,5.666270000000001,0.9109078811987426,23.615416666666665,32.52,16.27,16.250000000000004,58.995000000000005,3.36125,1
TNP_0005,2016-12-31,5.7321,5.79531,0.989092904434793,23.2375,32.41,15.9,16.509999999999998,58.67208333333334,3.1595833333333334,1
TNP_0005,2017-01-01,5.064220000000001,5.83926,0.8672708528135415,24.47208333333333,32.96,15.47,17.490000000000002,60.98416666666666,3.367083333333333,1
TNP_0005,2017-01-02,5.482819999999999,5.88459,0.9317250649577964,24.397916666666664,33.38,16.66,16.720000000000002,58.029583333333335,3.0925,1
TNP_0005,2017-01-03,5.96114,5.97629,0.9974649824556708,23.962083333333336,33.9,15.78,18.12,48.75083333333333,3.4791666666666665,1
TNP_0005,2017-01-04,5.6757100000000005,5.7023,0.9953369692930925,24.377916666666668,33.52,15.44,18.080000000000005,55.42625,2.762916666666667,1
TNP_0005,2017-01-05,5.1279200000000005,5.43777,0.9430189213593074,24.29833333333333,33.56,16.95,16.610000000000003,57.546666666666674,3.02125,1
TNP_0005,2017-01-06,5.56155,5.58667,0.995503582635094,24.425,33.45,17.61,15.840000000000003,56.76208333333333,2.375833333333333,1
TNP_0005,2017-01-07,4.94516,5.49194,0.9004395532361971,24.3375,32.75,17.49,15.260000000000002,57.89375,1.9008333333333327,1
TNP_0005,2017-01-08,5.534470000000001,5.82233,0.9505593121654048,24.08833333333333,33.26,16.53,16.729999999999997,56.62875,2.61125,1
TNP_0005,2017-01-09,6.00611,6.04791,0.9930885214892416,23.46166666666667,33.18,15.58,17.6,52.72416666666667,2.373333333333333,1
TNP_0005,2017-01-10,5.53041,5.738090000000001,0.9638067719397916,24.230833333333333,33.32,15.36,17.96,51.78791666666667,1.5404166666666663,1
TNP_0005,2017-01-11,4.404979999999999,5.39113,0.8170791652213912,24.952916666666667,33.01,17.57,15.439999999999998,56.8125,1.9129166666666668,1
TNP_0005,2017-01-12,4.336690000000001,5.08388,0.8530276088341977,25.49125,32.54,18.6,13.939999999999998,58.63375,2.1004166666666664,1
TNP_0005,2017-01-13,3.89172,4.89105,0.7956819087925905,25.433333333333334,32.57,19.85,12.72,59.00333333333333,2.87625,1
TNP_0005,2017-01-14,4.70466,5.31821,0.8846322352821719,24.8575,32.37,17.83,14.54,56.51375,3.724583333333333,1
TNP_0005,2017-01-15,4.83313,5.44703,0.8872963798620532,24.86791666666667,33.25,17.47,15.78,56.6675,3.720416666666667,1
TNP_0005,2017-01-16,4.87062,5.54548,0.8783044930285566,24.675416666666667,33.54,17.54,16.0,55.53666666666667,2.905,1
TNP_0005,2017-01-17,5.80919,5.92274,0.9808281302235116,23.515833333333333,33.17,15.29,17.880000000000003,53.44958333333333,3.393333333333333,1
TNP_0005,2017-01-18,5.35897,6.10426,0.877906576718554,23.2525,32.47,14.93,17.54,57.66958333333333,4.201666666666667,1
TNP_0005,2017-01-19,4.47692,5.8417,0.7663728024376466,24.1825,32.73,16.02,16.709999999999997,58.38291666666667,4.200833333333333,1
TNP_0005,2017-01-20,5.0583,5.95023,0.8501015927115423,25.129166666666663,33.71,15.91,17.8,62.49,4.278333333333333,1
TNP_0005,2017-01-21,2.33917,5.62761,0.4156595784000668,24.542916666666667,31.75,19.14,12.61,74.12583333333333,4.86875,1
TNP_0005,2017-01-22,5.49149,5.86915,0.9356533739979382,24.38291666666667,33.42,16.05,17.37,62.53375,4.152083333333334,1
TNP_0005,2017-01-23,5.87478,6.16725,0.9525769183996108,24.3825,33.32,15.71,17.61,56.8525,4.1120833333333335,1
TNP_0005,2017-01-24,5.87632,6.044359999999999,0.9721988763078308,24.937916666666663,33.33,17.53,15.799999999999995,60.11416666666667,4.642916666666667,1
TNP_0005,2017-01-25,4.902690000000001,5.756810000000001,0.8516331093088012,25.451666666666668,33.26,18.84,14.419999999999998,60.88125,4.585833333333333,1
TNP_0005,2017-01-26,2.00784,5.25476,0.3820992776073502,24.85875,30.45,20.07,10.38,73.03875000000001,3.39,1
TNP_0005,2017-01-27,2.36938,5.66188,0.4184793743420913,25.0725,32.27,21.09,11.180000000000003,78.56833333333333,3.8370833333333336,1
TNP_0005,2017-01-28,2.8296,6.05605,0.4672352440947482,24.934166666666663,31.23,20.33,10.900000000000002,77.15583333333333,3.567083333333333,1
TNP_0005,2017-01-29,4.06206,6.21572,0.653513993551833,25.507916666666663,33.74,18.96,14.78,66.62791666666666,3.4933333333333336,1
TNP_0005,2017-01-30,6.0556,6.204890000000001,0.9759399441408309,25.579166666666666,34.19,18.62,15.569999999999997,63.73833333333334,3.467083333333333,1
TNP_0005,2017-01-31,6.01129,6.402100000000001,0.93895596757314,24.690416666666668,34.8,16.14,18.66,58.45666666666667,3.0354166666666664,1
TNP_0005,2017-02-01,6.40299,6.416720000000001,0.997860277524966,23.50208333333333,33.93,15.11,18.82,56.52166666666667,3.186666666666667,1
TNP_0005,2017-02-02,6.54957,6.63574,0.9870142591481884,23.63458333333333,33.51,14.92,18.59,59.060833333333335,3.30125,1
TNP_0005,2017-02-03,6.1412,6.288399999999999,0.9765918198587876,24.03458333333333,33.41,15.22,18.19,59.57416666666666,3.0204166666666663,1
TNP_0005,2017-02-04,5.73858,6.15529,0.9323005089930776,24.20958333333333,33.82,16.55,17.27,56.25958333333333,3.4958333333333336,1
TNP_0005,2017-02-05,6.355060000000001,6.390569999999999,0.9944433751605884,24.02875,33.82,16.35,17.47,57.59791666666666,2.5966666666666667,1
TNP_0005,2017-02-06,6.36002,6.49262,0.9795768118263504,24.674166666666665,34.94,16.51,18.43,51.12041666666666,1.8004166666666668,1
TNP_0005,2017-02-07,6.48725,6.502800000000001,0.997608722396506,25.0275,35.3,16.02,19.28,46.458333333333336,2.3625000000000003,1
TNP_0005,2017-02-08,6.49502,6.5654,0.9892801657172452,24.879166666666663,35.8,15.97,19.83,48.434583333333336,3.18875,1
TNP_0005,2017-02-09,6.46632,6.49843,0.9950588065117266,24.785833333333333,35.64,15.53,20.11,53.97083333333333,2.78375,1
TNP_0005,2017-02-10,6.41556,6.43095,0.9976068854523826,24.754583333333333,35.07,16.8,18.27,55.06,2.6108333333333333,1
TNP_0005,2017-02-11,6.56915,6.59066,0.9967362904473906,24.664583333333336,34.72,16.54,18.18,55.91291666666667,2.8695833333333334,1
TNP_0005,2017-02-12,6.45709,6.798100000000001,0.949837454582898,24.51375,33.91,16.42,17.489999999999995,56.71416666666667,3.65125,1
TNP_0005,2017-02-13,6.35116,6.78196,0.936478540127043,25.50583333333333,34.26,16.07,18.19,57.585,4.381666666666667,1
TNP_0005,2017-02-14,3.74675,6.35074,0.5899706175973194,25.822916666666668,34.03,19.34,14.69,63.71041666666667,5.922916666666667,1
TNP_0005,2017-02-15,6.447640000000001,6.59917,0.977038021448152,25.76083333333333,35.22,17.04,18.18,55.709583333333335,4.60875,1
TNP_0005,2017-02-16,6.717359999999999,6.77058,0.9921395212817808,24.30666666666667,34.39,15.3,19.09,55.60541666666666,4.444583333333333,1
TNP_0005,2017-02-17,6.69095,6.71199,0.9968653111819296,23.769583333333333,34.2,14.83,19.370000000000005,52.81583333333333,4.1554166666666665,1
TNP_0005,2017-02-18,6.9238,7.002680000000001,0.9887357411733791,24.61958333333333,35.02,15.06,19.96,51.72541666666667,3.6033333333333335,1
TNP_0005,2017-02-19,6.56837,6.87519,0.9553728696952376,25.875416666666663,35.42,16.56,18.860000000000003,42.6175,2.20375,1
TNP_0005,2017-02-20,6.05616,6.67204,0.90769239992566,27.18541666666667,36.8,17.88,18.92,38.10875,1.8783333333333327,1
TNP_0005,2017-02-21,5.94014,6.46115,0.9193626521594452,28.637083333333333,38.1,20.97,17.130000000000003,44.57708333333333,1.9258333333333333,1
TNP_0005,2017-02-22,6.7218100000000005,6.73527,0.9980015648964332,28.729166666666668,39.09,20.39,18.700000000000003,44.967083333333335,2.220833333333333,1
TNP_0005,2017-02-23,7.00433,7.04212,0.994633718255298,27.977500000000003,38.15,20.14,18.009999999999998,46.31208333333333,2.43625,1
TNP_0005,2017-02-24,7.07653,7.130109999999999,0.9924853894259696,27.576666666666668,38.67,19.14,19.53,44.031666666666666,3.46625,1
TNP_0005,2017-02-25,7.007059999999999,7.17636,0.9764086528546504,27.945,38.65,18.58,20.07,39.67083333333333,3.2291666666666665,1
TNP_0005,2017-02-26,6.49418,6.81075,0.9535190691186728,27.69083333333333,37.32,19.88,17.44,46.977916666666665,3.272083333333333,1
TNP_0005,2017-02-27,4.71699,6.7657,0.6971917170433215,27.250833333333333,36.59,18.6,17.990000000000002,45.39958333333333,3.809583333333333,1
TNP_0005,2017-02-28,6.59562,6.87733,0.959037882434026,26.77125,37.09,17.27,19.820000000000004,49.865833333333335,3.785,1
TNP_0005,2017-03-01,5.96902,6.94833,0.8590582197448884,25.876666666666665,36.35,16.87,19.48,45.2375,3.93375,1
TNP_0005,2017-03-02,5.16095,6.77263,0.7620304076850499,26.551666666666662,35.02,16.58,18.440000000000005,42.619166666666665,3.2025,1
TNP_0005,2017-03-03,5.30703,6.67223,0.7953907464221108,28.39625,36.99,19.23,17.76,54.73166666666666,3.33,1
TNP_0005,2017-03-04,4.12883,6.48536,0.6366385212231858,27.804166666666664,35.0,22.84,12.16,67.55624999999999,2.89875,1
TNP_0005,2017-03-05,5.6047,6.63186,0.8451173577246807,29.55541666666667,36.21,22.79,13.420000000000002,57.935833333333335,2.3475,1
TNP_0005,2017-03-06,4.41593,6.62942,0.6661110625062223,30.0575,36.56,23.92,12.64,56.84791666666666,2.3470833333333334,1
TNP_0005,2017-03-07,5.27985,6.47423,0.8155178299195426,29.510416666666668,35.44,24.47,10.97,57.53958333333333,2.672083333333333,1
TNP_0005,2017-03-08,5.227399999999999,6.50029,0.8041795058374318,29.626666666666665,36.2,23.95,12.250000000000004,58.76291666666666,3.137916666666667,1
TNP_0005,2017-03-09,4.995730000000001,6.56956,0.7604360109352835,29.69125,36.12,23.76,12.359999999999996,59.42166666666666,2.92625,1
TNP_0005,2017-03-10,4.95214,6.64301,0.7454662871198448,26.10083333333333,31.24,23.23,8.009999999999998,79.10625,2.3183333333333334,1
TNP_0005,2017-03-11,5.55955,6.67845,0.8324611249616303,28.40875,35.4,22.49,12.91,62.94125,1.8904166666666664,1
TNP_0005,2017-03-12,5.44125,6.27741,0.8667985681993052,29.25583333333333,36.2,22.26,13.94,58.026250000000005,2.129166666666667,1
TNP_0005,2017-03-13,5.77145,6.50265,0.8875535358661468,29.473333333333333,36.79,23.38,13.41,61.17583333333334,2.637083333333333,1
TNP_0005,2017-03-14,4.150519999999999,6.63224,0.6258096811936842,27.215416666666663,33.58,22.56,11.02,73.50125,2.93125,1
TNP_0005,2017-03-15,5.22673,6.7924,0.7694967905305931,27.0875,34.59,21.93,12.660000000000004,69.93916666666667,2.927083333333333,1
TNP_0005,2017-03-16,4.89543,6.78441,0.7215704829159795,26.79041666666667,33.48,21.79,11.689999999999998,67.1275,2.1825,1
TNP_0005,2017-03-17,6.3548100000000005,6.834029999999999,0.9298773929877394,28.65833333333333,35.71,21.94,13.77,60.69125,1.3741666666666663,1
TNP_0005,2017-03-18,5.70847,6.389349999999999,0.8934351694616824,29.282916666666665,36.49,22.09,14.400000000000002,57.57458333333333,2.129166666666667,1
TNP_0005,2017-03-19,6.06839,6.62507,0.9159737180135455,30.156666666666663,37.32,23.12,14.2,53.83708333333333,1.8516666666666663,1
TNP_0005,2017-03-20,5.95898,6.4581800000000005,0.92270268094107,30.360416666666666,37.5,23.84,13.66,55.26666666666667,2.075833333333333,1
TNP_0005,2017-03-21,5.67702,6.334599999999999,0.8961923404792727,28.797916666666666,34.93,22.94,11.989999999999998,62.208333333333336,1.8658333333333332,1
TNP_0005,2017-03-22,6.32774,6.84849,0.9239613403830624,28.735,36.52,22.2,14.320000000000004,56.63625,2.595833333333333,1
TNP_0005,2017-03-23,7.07359,7.12662,0.9925588848570572,28.429583333333337,37.88,20.44,17.44,50.25208333333333,2.6845833333333338,1
TNP_0005,2017-03-24,7.38896,7.39794,0.9987861485764956,27.94333333333333,38.09,20.02,18.070000000000004,45.355,2.7725000000000004,1
TNP_0005,2017-03-25,7.402939999999999,7.40764,0.9993655199226744,28.406666666666663,38.77,19.8,18.97,43.88708333333333,3.2133333333333334,1
TNP_0005,2017-03-26,7.09132,7.31331,0.9696457554787092,28.47125,39.37,19.79,19.58,45.06875,3.6845833333333338,1
TNP_0005,2017-03-27,7.36612,7.490309999999999,0.9834199118594558,28.29041666666667,38.27,19.59,18.680000000000003,46.17458333333334,2.9408333333333334,1
TNP_0005,2017-03-28,7.00059,7.29521,0.9596145964269706,29.337083333333336,38.72,20.35,18.37,47.872083333333336,2.6054166666666667,1
TNP_0005,2017-03-29,7.103140000000001,7.31013,0.9716844980869014,29.667916666666667,39.83,21.62,18.21,45.19541666666667,2.8366666666666664,1
TNP_0005,2017-03-30,7.37716,7.50314,0.983209696207188,30.33875,39.24,21.39,17.85,48.33208333333334,2.1491666666666664,1
TNP_0005,2017-03-31,7.092569999999999,7.425350000000001,0.955183257354872,30.117083333333337,38.07,23.0,15.07,49.58916666666667,2.845416666666667,1
TNP_0005,2017-04-01,7.15271,7.178730000000001,0.9963754034487994,30.777916666666663,39.87,22.59,17.279999999999998,42.79,2.8708333333333336,1
TNP_0005,2017-04-02,7.18579,7.19467,0.9987657529810262,30.962083333333336,39.9,23.21,16.689999999999998,45.63791666666666,2.58375,1
TNP_0005,2017-04-03,7.02342,7.11355,0.9873298142277764,31.782083333333333,40.63,23.99,16.640000000000004,47.00125,2.91625,1
TNP_0005,2017-04-04,6.69175,6.83317,0.979303895556528,32.29625,40.33,25.27,15.06,48.35583333333333,3.1208333333333336,1
TNP_0005,2017-04-05,6.582649999999999,6.7607,0.9736639697072788,31.905416666666667,39.1,25.74,13.360000000000005,45.85375,2.3312500000000003,1
TNP_0005,2017-04-06,6.3731,6.80103,0.9370786483812013,32.19875,39.55,25.52,14.029999999999998,46.142500000000005,2.307916666666667,1
TNP_0005,2017-04-07,6.632569999999999,6.859310000000001,0.9669441970110696,32.22833333333333,40.17,25.14,15.03,44.14333333333334,2.5654166666666667,1
TNP_0005,2017-04-08,6.678940000000001,6.82803,0.9781650051332524,31.927916666666665,40.01,24.59,15.419999999999998,43.92458333333334,2.840833333333333,1
TNP_0005,2017-04-09,6.7916300000000005,6.958060000000001,0.9760809765940508,32.170833333333334,40.14,24.27,15.87,44.13625,2.8208333333333333,1
TNP_0005,2017-04-10,6.19774,6.69259,0.9260600156292256,32.93416666666666,40.15,24.8,15.349999999999998,38.47916666666666,1.9954166666666664,1
TNP_0005,2017-04-11,6.11449,6.77725,0.9022081227636578,33.336666666666666,41.33,26.63,14.7,41.36291666666667,2.7625,1
TNP_0005,2017-04-12,6.54074,6.84221,0.9559396744619064,32.51541666666667,40.74,25.18,15.560000000000002,47.367916666666666,3.24375,1
TNP_0005,2017-04-13,6.587980000000001,6.81322,0.9669407416757424,32.040416666666665,40.79,24.84,15.95,47.63541666666666,3.004583333333333,1
TNP_0005,2017-04-14,5.60343,7.17203,0.7812892584107988,32.37166666666666,41.09,24.53,16.560000000000002,36.14416666666667,2.2979166666666666,1
TNP_0005,2017-04-15,6.43656,6.743189999999999,0.9545274565895372,33.365,42.02,25.22,16.800000000000004,35.0875,2.45875,1
TNP_0005,2017-04-16,6.266859999999999,6.89166,0.909339694645412,34.281666666666666,41.57,26.16,15.41,39.28916666666667,2.442916666666666,1
TNP_0005,2017-04-17,6.29841,6.73264,0.9355037548420828,34.70916666666667,41.98,26.97,15.009999999999998,38.153333333333336,2.03375,1
TNP_0005,2017-04-18,6.561730000000001,6.90229,0.9506598534689212,34.61291666666667,41.56,27.62,13.94,38.48625,2.268333333333333,1
TNP_0005,2017-04-19,6.387029999999999,6.83521,0.9344306904981704,34.71875,41.74,27.22,14.520000000000003,39.74166666666667,3.1733333333333333,1
TNP_0005,2017-04-20,5.61542,6.51455,0.8619812573393405,33.39208333333333,40.68,26.65,14.03,47.825,3.259583333333333,1
TNP_0005,2017-04-21,5.96197,6.58091,0.9059491772414452,31.801666666666662,38.71,25.86,12.85,56.74458333333334,2.898333333333333,1
TNP_0005,2017-04-22,6.2951500000000005,6.8497200000000005,0.9190375664990684,31.11916666666667,37.63,25.14,12.490000000000002,59.36291666666667,2.3945833333333333,1
TNP_0005,2017-04-23,6.4211,6.94848,0.92410138620245,32.9075,39.91,24.89,15.019999999999996,50.03833333333333,2.7104166666666667,1
TNP_0005,2017-04-24,5.91282,6.90127,0.8567727389306605,33.5425,40.61,26.68,13.93,46.56333333333333,2.8954166666666663,1
TNP_0005,2017-04-25,5.75595,6.585,0.8741002277904327,32.74583333333333,39.24,26.46,12.78,50.37083333333334,2.42625,1
TNP_0005,2017-04-26,6.63792,6.93446,0.9572367567193408,30.86208333333333,35.02,26.81,8.210000000000004,56.65916666666666,1.7479166666666668,1
TNP_0005,2017-04-27,7.10863,7.16513,0.9921145882907916,31.582083333333333,39.42,25.65,13.770000000000003,46.24208333333333,2.232083333333333,1
TNP_0005,2017-04-28,7.01011,7.14732,0.980802594538932,32.94166666666667,40.81,25.64,15.170000000000002,40.28833333333333,2.0116666666666667,1
TNP_0005,2017-04-29,6.47602,6.95908,0.9305856521264304,33.61833333333333,40.92,25.96,14.96,40.806666666666665,1.9841666666666664,1
TNP_0005,2017-04-30,5.99092,6.67683,0.897270111714691,33.15291666666666,40.29,26.16,14.13,41.55791666666666,2.6079166666666667,1
TNP_0005,2017-05-01,6.24568,6.84102,0.912974965721486,31.19708333333333,36.45,25.84,10.610000000000005,51.583333333333336,1.8654166666666667,1
TNP_0005,2017-05-02,6.5875,6.99195,0.94215490671415,30.165000000000003,36.66,24.28,12.379999999999995,58.92416666666667,1.6716666666666666,1
TNP_0005,2017-05-03,6.636220000000001,7.279319999999999,0.9116538357978494,30.50791666666667,37.95,24.17,13.78,56.67249999999999,2.367083333333333,1
TNP_0005,2017-05-04,7.18591,7.46535,0.9625683993382762,31.61375,38.99,24.59,14.400000000000002,51.23041666666666,1.9195833333333332,1
TNP_0005,2017-05-05,6.82009,7.35734,0.9269776848698036,32.503750000000004,40.14,25.17,14.97,51.49166666666667,2.9025,1
TNP_0005,2017-05-06,6.51915,7.257599999999999,0.8982514880952381,31.01458333333333,36.34,26.06,10.280000000000005,58.84708333333333,2.44,1
TNP_0005,2017-05-07,6.36189,7.29659,0.871899065179762,29.267916666666665,34.04,25.3,8.739999999999998,70.99708333333334,1.6679166666666667,1
TNP_0005,2017-05-08,7.0192,7.16167,0.980106595249432,28.72791666666667,33.09,21.98,11.110000000000005,52.69875,2.208333333333333,1
TNP_0005,2017-05-09,6.42369,6.84101,0.9389973118004504,31.3625,38.69,21.65,17.04,51.34041666666667,1.69625,1
TNP_0005,2017-05-10,6.177809999999999,6.61888,0.9333618376522916,28.56875,32.89,25.2,7.690000000000001,71.41875,1.715833333333333,1
TNP_0005,2017-05-11,4.41403,6.5008,0.6789979694806793,27.67958333333333,31.23,24.61,6.620000000000001,72.25291666666666,1.84375,1
TNP_0005,2017-05-12,5.556229999999999,7.13093,0.7791732635154179,28.703333333333333,33.82,24.6,9.22,71.52499999999999,1.940416666666667,1
TNP_0005,2017-05-13,6.59123,7.188560000000001,0.9169054720277772,29.422083333333333,35.51,24.99,10.52,67.23791666666666,1.5891666666666666,1
TNP_0005,2017-05-14,6.40068,6.90366,0.9271429937163768,31.093333333333334,38.17,25.24,12.930000000000003,62.01166666666666,2.97,1
TNP_0005,2017-05-15,5.64511,6.80594,0.8294386961977331,30.45833333333333,36.18,25.26,10.919999999999998,62.03041666666667,3.5666666666666664,1
TNP_0005,2017-05-16,6.11344,6.65678,0.9183779545065331,32.000416666666666,39.69,25.67,14.019999999999996,57.66833333333333,3.9766666666666666,1
TNP_0005,2017-05-17,6.02606,6.53356,0.9223241234487785,31.47625,38.93,25.83,13.1,60.99333333333333,3.459583333333333,1
TNP_0005,2017-05-18,5.475020000000001,6.43534,0.8507740072785588,27.525,33.31,24.35,8.96,78.18416666666667,2.9754166666666664,1
TNP_0005,2017-05-19,5.91814,6.41429,0.9226492721719785,29.436666666666667,36.54,24.31,12.23,67.3125,3.3608333333333333,1
TNP_0005,2017-05-20,5.19468,6.4514000000000005,0.8052019716650649,29.47791666666667,35.9,24.67,11.229999999999997,68.60083333333334,2.921666666666667,1
TNP_0005,2017-05-21,5.20664,6.2481800000000005,0.8333050584330156,29.22625,34.43,24.68,9.75,69.92416666666666,1.8504166666666664,1
TNP_0005,2017-05-22,5.45293,6.29741,0.8659004257305781,28.457916666666662,33.16,23.79,9.369999999999996,73.78375,2.4120833333333334,1
TNP_0005,2017-05-23,5.03333,6.6444600000000005,0.7575228084750303,29.314166666666665,35.68,23.75,11.93,65.27291666666666,2.23125,1
TNP_0005,2017-05-24,4.45452,6.200729999999999,0.7183863835387124,29.37,34.47,24.82,9.65,68.07791666666667,2.67,1
TNP_0005,2017-05-25,5.4935,6.3197600000000005,0.8692576933301264,28.617500000000003,33.22,24.93,8.29,73.97250000000001,2.7887500000000003,1
TNP_0005,2017-05-26,5.72756,6.34776,0.9022962430841744,28.56625,34.24,24.84,9.400000000000002,72.2325,2.5825,1
TNP_0005,2017-05-27,3.79905,6.26641,0.6062562136853479,27.965,32.75,24.6,8.149999999999999,78.11958333333332,3.01375,1
TNP_0005,2017-05-28,4.84072,6.28056,0.7707465576318037,27.78125,31.62,24.54,7.080000000000002,76.32416666666667,3.400416666666666,1
TNP_0005,2017-05-29,5.37607,6.96099,0.7723139955667226,28.77416666666667,34.75,23.61,11.14,68.04208333333334,4.444166666666667,1
TNP_0005,2017-05-30,6.45025,7.11407,0.9066891385662496,29.93375,37.25,23.57,13.68,62.6275,4.985416666666667,1
TNP_0005,2017-05-31,6.09682,6.97807,0.873711499024802,28.85625,34.72,23.25,11.47,66.52125,4.2,1
TNP_0005,2017-06-01,6.3718,6.97309,0.9137699355665851,29.320416666666663,36.88,23.3,13.580000000000002,61.821666666666665,4.56125,1
TNP_0005,2017-06-02,6.591600000000001,6.97063,0.9456247139785072,29.19875,35.77,23.52,12.250000000000004,63.67333333333334,4.706666666666667,1
TNP_0005,2017-06-03,6.57686,7.12319,0.923302621437867,28.751666666666665,34.8,23.96,10.839999999999996,62.79208333333333,5.294583333333333,1
TNP_0005,2017-06-04,6.95822,7.2187,0.9639159405433112,30.312083333333334,37.87,23.92,13.949999999999996,60.28041666666667,4.377916666666667,1
TNP_0005,2017-06-05,6.76442,7.04804,0.9597590252041702,30.06125,36.8,24.86,11.939999999999998,64.0975,3.6441666666666666,1
TNP_0005,2017-06-06,6.23247,7.08269,0.8799580385418535,27.468333333333334,31.66,23.48,8.18,74.60000000000001,2.5466666666666664,1
TNP_0005,2017-06-07,4.16076,7.056520000000001,0.5896334170384268,28.29041666666667,35.7,22.59,13.110000000000005,62.09916666666667,3.3295833333333333,1
TNP_0005,2017-06-08,5.013019999999999,6.95919,0.7203453275453033,29.4275,37.45,22.54,14.910000000000004,55.528333333333336,4.579583333333333,1
TNP_0005,2017-06-09,4.33492,6.7817,0.6392084580562396,28.33,33.73,23.89,9.839999999999996,62.69291666666667,4.760833333333333,1
TNP_0005,2017-06-10,5.082409999999999,6.60648,0.769306801806711,28.37333333333333,34.42,23.64,10.78,61.61958333333333,5.6554166666666665,1
TNP_0005,2017-06-11,5.2138800000000005,6.7217,0.7756787717392922,27.85625,33.59,23.18,10.410000000000004,63.772083333333335,5.677499999999999,1
TNP_0005,2017-06-12,4.36803,6.70979,0.6509935482332532,28.537916666666664,34.86,23.25,11.61,67.16083333333333,4.081666666666666,1
TNP_0005,2017-06-13,4.42803,6.99889,0.6326760386289825,29.11625,35.38,24.05,11.330000000000002,67.01791666666666,3.803333333333333,1
TNP_0005,2017-06-14,5.989769999999999,6.91931,0.8656600152327326,29.595,35.66,24.61,11.049999999999995,66.39125,3.7,1
TNP_0005,2017-06-15,5.79313,7.01507,0.8258121444262139,28.955416666666665,34.9,24.62,10.279999999999998,66.26625,3.3320833333333333,1
TNP_0005,2017-06-16,4.84201,6.8272,0.7092234005155847,27.755416666666665,32.58,22.97,9.61,69.30125,3.46875,1
TNP_0005,2017-06-17,6.26555,6.947730000000001,0.9018125344536992,28.72791666666667,36.51,22.88,13.63,56.95166666666666,4.45125,1
TNP_0005,2017-06-18,6.66354,7.08874,0.9400175489579248,29.616666666666664,37.27,23.0,14.270000000000003,58.90833333333333,4.03125,1
TNP_0005,2017-06-19,5.54528,6.87111,0.8070428213199905,28.875833333333333,35.6,22.55,13.05,59.88583333333333,3.762916666666667,1
TNP_0005,2017-06-20,5.10061,7.02145,0.7264325744682366,28.751666666666665,35.88,22.47,13.410000000000004,60.10791666666666,3.873333333333333,1
TNP_0005,2017-06-21,5.960850000000001,6.930610000000001,0.8600758086229062,27.669166666666666,33.37,23.04,10.329999999999998,67.30708333333332,3.5050000000000003,1
TNP_0005,2017-06-22,6.01261,7.019489999999999,0.856559379670033,28.610416666666666,34.45,22.97,11.480000000000004,64.34875,3.98125,1
TNP_0005,2017-06-23,6.44351,6.96068,0.9257012245929996,29.205,35.99,23.69,12.3,62.715833333333336,4.673333333333333,1
TNP_0005,2017-06-24,5.419989999999999,6.77006,0.8005822695810672,27.621666666666663,33.53,22.69,10.84,62.94166666666666,5.1475,1
TNP_0005,2017-06-25,4.88205,6.67087,0.7318460710522017,27.552916666666665,32.52,22.68,9.840000000000003,69.09083333333334,5.07875,1
TNP_0005,2017-06-26,5.299939999999999,6.81079,0.7781681713868728,27.98958333333333,33.41,23.76,9.649999999999997,65.07458333333334,5.760000000000001,1
TNP_0005,2017-06-27,5.18569,6.76681,0.7663418952209387,26.906666666666663,31.69,22.98,8.71,68.23916666666666,4.962083333333333,1
TNP_0005,2017-06-28,5.03219,6.84441,0.7352262649373723,28.014166666666668,35.31,22.18,13.130000000000004,59.26833333333334,5.13875,1
TNP_0005,2017-06-29,5.8439700000000006,6.83694,0.8547639733565017,28.565416666666664,35.57,22.09,13.48,57.25833333333333,5.090416666666667,1
TNP_0005,2017-06-30,5.22032,6.63438,0.7868587569599571,28.846666666666668,34.76,23.75,11.009999999999998,57.03958333333333,3.655,1
TNP_0005,2017-07-01,5.85045,6.74353,0.8675649103659359,29.49083333333333,36.41,24.02,12.389999999999995,59.615833333333335,4.1000000000000005,1
TNP_0005,2017-07-02,5.74311,6.746989999999999,0.8512106880253268,27.80333333333333,33.26,23.55,9.709999999999996,65.585,3.735,1
TNP_0005,2017-07-03,6.10735,6.865,0.8896358339402768,28.5275,36.0,22.92,13.079999999999998,59.76458333333333,4.61125,1
TNP_0005,2017-07-04,5.95871,6.91814,0.8613167701145105,28.714166666666667,36.09,22.98,13.110000000000005,58.23291666666666,3.90375,1
TNP_0005,2017-07-05,5.311319999999999,6.8648,0.7737035310569863,28.59708333333333,34.93,22.85,12.079999999999998,60.06583333333333,3.9475,1
TNP_0005,2017-07-06,5.216349999999999,6.59387,0.791090816167137,29.13,36.92,23.3,13.62,61.40708333333333,4.055000000000001,1
TNP_0005,2017-07-07,4.67997,6.45411,0.7251146943575489,28.86916666666667,35.1,23.82,11.28,62.02041666666667,3.732083333333333,1
TNP_0005,2017-07-08,4.03302,6.93178,0.5818159260680518,29.070000000000004,35.26,23.66,11.599999999999998,54.80041666666667,3.870416666666667,1
TNP_0005,2017-07-09,5.23666,6.56927,0.7971448882448124,28.475416666666664,34.56,23.7,10.860000000000005,58.16625,3.955833333333333,1
TNP_0005,2017-07-10,6.29274,7.05321,0.8921810069457736,29.063333333333333,34.3,23.87,10.429999999999996,59.47833333333333,3.987083333333333,1
TNP_0005,2017-07-11,5.56061,7.08272,0.7850952741319718,27.9175,32.48,23.32,9.159999999999997,64.28,3.82875,1
TNP_0005,2017-07-12,3.0827,6.72491,0.4584001867682988,28.73375,35.69,23.01,12.679999999999996,58.147083333333335,3.255416666666666,1
TNP_0005,2017-07-13,5.3873,6.89853,0.780934488941847,29.34958333333333,36.85,22.87,13.98,51.23791666666667,5.556666666666668,1
TNP_0005,2017-07-14,3.02659,6.75826,0.4478356855166863,29.265416666666667,36.65,22.74,13.91,48.989583333333336,5.218333333333333,1
TNP_0005,2017-07-15,4.95943,6.55435,0.7566623692662126,29.44458333333333,36.87,22.63,14.239999999999998,56.0275,5.277083333333334,1
TNP_0005,2017-07-16,4.91147,7.00496,0.7011417624083508,30.11625,38.32,23.93,14.39,51.38541666666666,6.18875,1
TNP_0005,2017-07-17,5.050559999999999,6.95611,0.7260609737338828,29.234166666666667,35.48,24.54,10.939999999999998,55.303333333333335,5.812083333333334,1
TNP_0005,2017-07-18,4.35619,6.62826,0.6572147139671648,28.617500000000003,33.21,24.17,9.04,61.13125,5.794583333333333,1
TNP_0005,2017-07-19,4.19367,6.86141,0.6111965324911351,28.67875,34.74,23.89,10.85,59.41458333333333,6.733750000000001,1
TNP_0005,2017-07-20,5.25892,6.95925,0.7556733843445773,29.09,35.21,23.79,11.420000000000002,56.32041666666667,6.443333333333334,1
TNP_0005,2017-07-21,5.95004,6.99671,0.8504054048259824,29.71333333333333,36.59,24.21,12.380000000000004,55.34291666666667,5.824583333333333,1
TNP_0005,2017-07-22,6.20154,6.94127,0.8934301647969319,29.692083333333333,35.53,24.09,11.44,56.98833333333334,4.802083333333333,1
TNP_0005,2017-07-23,6.12241,6.78798,0.9019487388000552,31.005,38.54,23.88,14.66,51.89416666666667,5.283333333333333,1
TNP_0005,2017-07-24,6.616,7.09637,0.932307644612668,31.302916666666665,38.94,24.74,14.2,51.0825,4.942083333333334,1
TNP_0005,2017-07-25,6.469609999999999,6.87409,0.9411587570136556,31.81375,39.76,24.47,15.29,49.14166666666667,4.7491666666666665,1
TNP_0005,2017-07-26,5.998069999999999,6.743650000000001,0.8894396951205947,30.579166666666666,36.97,24.91,12.06,52.30041666666667,4.808333333333333,1
TNP_0005,2017-07-27,6.52968,6.97091,0.9367041031945614,30.574583333333333,37.72,24.58,13.14,52.89166666666667,5.2995833333333335,1
TNP_0005,2017-07-28,5.72986,6.90449,0.8298744729878672,31.160833333333333,38.16,24.77,13.389999999999995,50.80458333333333,4.229166666666667,1
TNP_0005,2017-07-29,5.40509,6.85773,0.7881748041990572,29.907916666666665,35.99,24.89,11.1,59.60458333333333,2.7925,1
TNP_0005,2017-07-30,4.12438,6.71825,0.6139068953968668,28.894583333333333,34.25,24.6,9.65,67.73125,1.805416666666667,1
TNP_0005,2017-07-31,5.57943,6.86264,0.8130151078885094,27.1475,31.0,24.19,6.809999999999999,77.51541666666667,2.558333333333333,1
TNP_0005,2017-08-01,6.347770000000001,6.92447,0.916715647551365,28.69375,34.65,23.72,10.93,67.3225,2.4854166666666666,1
TNP_0005,2017-08-02,5.905810000000001,6.9489600000000005,0.849884011420414,28.40416666666667,34.06,23.54,10.520000000000003,65.77958333333333,3.6633333333333336,1
TNP_0005,2017-08-03,6.09296,6.87862,0.8857823226170366,28.785833333333333,35.54,23.48,12.06,62.89291666666667,4.559166666666667,1
TNP_0005,2017-08-04,5.00455,6.865069999999999,0.7289874684453328,28.835416666666664,35.02,23.38,11.640000000000004,64.75916666666667,4.314166666666667,1
TNP_0005,2017-08-05,4.08467,6.62249,0.6167876433184497,28.63625,34.57,23.71,10.86,65.94708333333334,4.787916666666667,1
TNP_0005,2017-08-06,5.5861,6.66439,0.8382012457254152,29.455416666666668,36.28,23.63,12.650000000000002,64.47458333333334,3.9441666666666655,1
TNP_0005,2017-08-07,5.6223,6.78484,0.828656239498647,28.390416666666667,34.45,23.78,10.670000000000002,67.43791666666667,3.255416666666666,1
TNP_0005,2017-08-08,6.02661,6.80087,0.8861528010386907,27.640416666666667,32.91,24.05,8.859999999999996,73.46625,2.762916666666667,1
TNP_0005,2017-08-09,4.918609999999999,6.77453,0.7260444636011649,26.984166666666667,32.47,23.66,8.809999999999999,76.94166666666666,2.255,1
TNP_0005,2017-08-10,5.40313,6.91294,0.7815965421369201,26.640833333333333,30.54,23.51,7.029999999999998,74.44875,2.4075,1
TNP_0005,2017-08-11,5.146610000000001,6.8146,0.7552328823408565,26.54125,31.51,22.8,8.71,74.01416666666667,3.58625,1
TNP_0005,2017-08-12,5.793699999999999,7.0067200000000005,0.82687762605042,27.22625,32.28,22.74,9.540000000000004,71.33958333333334,2.0325,1
TNP_0005,2017-08-13,3.6675,6.821440000000001,0.537643078294319,25.33,27.57,23.27,4.300000000000001,80.49833333333333,2.143333333333333,1
TNP_0005,2017-08-14,4.52366,6.67483,0.6777191329217372,24.90041666666667,28.74,21.93,6.809999999999999,83.0,1.600833333333333,1
TNP_0005,2017-08-15,5.33664,6.56046,0.813455154059319,25.845,30.37,21.9,8.470000000000002,79.13333333333334,1.7045833333333331,1
TNP_0005,2017-08-16,6.13875,7.07759,0.8673503268768041,26.223333333333333,30.46,22.45,8.010000000000002,77.05125,3.1604166666666664,1
TNP_0005,2017-08-17,5.11104,6.793279999999999,0.7523670450798436,26.9525,31.59,22.44,9.15,74.73458333333333,3.25375,1
TNP_0005,2017-08-18,5.0470500000000005,6.64264,0.7597958040778968,26.2325,31.48,22.2,9.28,76.19166666666666,3.26,1
TNP_0005,2017-08-19,4.8569700000000005,6.72828,0.7218739410369367,26.769583333333333,32.76,21.92,10.839999999999996,71.50750000000001,4.573333333333333,1
TNP_0005,2017-08-20,4.70257,6.86388,0.6851183295745263,27.2125,34.46,21.74,12.720000000000002,70.73958333333333,4.272083333333334,1
TNP_0005,2017-08-21,4.9915,6.95109,0.71808881772499,27.12125,33.6,22.05,11.55,71.78416666666666,4.171666666666667,1
TNP_0005,2017-08-22,4.84689,6.77087,0.7158444926575167,27.84583333333333,34.78,22.3,12.48,69.36375,3.112083333333333,1
TNP_0005,2017-08-23,5.839729999999999,7.08796,0.8238943222027212,28.39125,35.03,22.98,12.05,70.5275,2.0975,1
TNP_0005,2017-08-24,4.35166,7.05163,0.6171140573172443,26.87,31.8,23.08,8.720000000000002,74.85541666666667,2.5483333333333333,1
TNP_0005,2017-08-25,3.31638,7.00389,0.4735054376924823,27.754583333333333,33.59,22.95,10.640000000000004,69.53416666666666,3.06875,1
TNP_0005,2017-08-26,6.49001,7.038939999999999,0.9220152466138368,27.762916666666666,33.91,22.87,11.039999999999996,72.45541666666666,3.54625,1
TNP_0005,2017-08-27,3.96466,6.88254,0.5760460527654034,27.83458333333333,34.7,22.56,12.140000000000004,68.89,4.299166666666667,1
TNP_0005,2017-08-28,3.4743600000000003,6.77947,0.5124825391955419,26.87625,32.82,22.58,10.240000000000002,74.965,4.3525,1
TNP_0005,2017-08-29,4.16027,6.90434,0.6025586804821315,26.86458333333333,32.59,22.64,9.950000000000005,73.57000000000001,4.955,1
TNP_0005,2017-08-30,6.28653,7.10439,0.8848796307635137,28.565416666666664,36.05,22.52,13.529999999999998,68.39208333333333,3.6575,1
TNP_0005,2017-08-31,4.65569,6.97909,0.6670912683458732,27.75958333333333,32.32,23.16,9.16,71.31708333333334,1.8829166666666663,1
TNP_0005,2017-09-01,5.312939999999999,6.77955,0.7836714826205278,26.945833333333336,30.62,23.92,6.699999999999999,80.67958333333333,1.7345833333333334,1
TNP_0005,2017-09-02,5.75813,6.682300000000001,0.8616988162758331,24.925416666666667,28.62,21.67,6.949999999999999,88.00666666666666,2.1408333333333336,1
TNP_0005,2017-09-03,5.3437600000000005,7.05415,0.7575342174464678,27.281666666666663,32.05,21.61,10.439999999999998,77.12375,1.6283333333333332,1
TNP_0005,2017-09-04,5.8362,6.86717,0.8498697425577058,27.12833333333333,30.39,23.74,6.650000000000002,79.72166666666666,1.105,1
TNP_0005,2017-09-05,5.99901,6.75267,0.8883908143001212,27.05208333333333,30.52,23.58,6.940000000000001,82.44416666666667,1.4262500000000002,1
TNP_0005,2017-09-06,5.8135,6.5918600000000005,0.8819210359443314,25.58875,28.0,23.72,4.280000000000001,87.93374999999999,1.4920833333333334,1
TNP_0005,2017-09-07,4.91841,6.527810000000001,0.753454834010181,26.26708333333333,30.29,22.83,7.460000000000001,83.34833333333333,1.4183333333333332,1
TNP_0005,2017-09-08,5.23133,6.73323,0.7769421213889917,26.12125,30.25,22.58,7.670000000000002,83.27666666666667,1.5916666666666668,1
TNP_0005,2017-09-09,3.47777,6.683680000000001,0.5203375984487587,26.84625,31.25,22.93,8.32,78.06958333333334,0.8170833333333333,1
TNP_0005,2017-09-10,5.12795,7.08208,0.7240740008585049,26.51083333333333,30.75,22.78,7.969999999999999,81.22916666666667,1.6854166666666668,1
TNP_0005,2017-09-11,4.59873,6.914689999999999,0.6650666913484191,26.77541666666667,31.35,22.8,8.55,81.28708333333333,2.495833333333333,1
TNP_0005,2017-09-12,5.65533,7.0667,0.8002787722699422,26.27916666666667,30.57,22.62,7.949999999999999,81.93541666666667,2.3979166666666667,1
TNP_0005,2017-09-13,5.69852,7.03812,0.8096650810159531,25.95833333333333,29.5,22.8,6.699999999999999,85.52208333333334,2.254166666666667,1
TNP_0005,2017-09-14,5.20492,6.93795,0.7502100764635088,25.12291666666667,28.03,22.28,5.75,89.03791666666666,1.3045833333333332,1
TNP_0005,2017-09-15,5.8163,7.02252,0.8282354482436505,25.53,29.27,22.32,6.949999999999999,83.74,2.191666666666667,1
TNP_0005,2017-09-16,5.0381800000000005,6.75979,0.7453160527176141,25.399583333333336,29.34,22.13,7.210000000000001,84.34875,3.2425,1
TNP_0005,2017-09-17,3.06014,6.65031,0.4601499779709517,24.885416666666668,30.77,21.27,9.5,80.3025,4.699583333333333,1
TNP_0005,2017-09-18,4.63069,6.76375,0.684633524302347,25.49708333333333,31.48,20.83,10.650000000000002,79.48875,4.739583333333333,1
TNP_0005,2017-09-19,5.41458,6.99033,0.7745814575277562,26.1275,32.03,20.7,11.330000000000002,78.10000000000001,4.289166666666667,1
TNP_0005,2017-09-20,5.98784,6.897600000000001,0.8681048480630944,25.86458333333333,32.81,20.03,12.78,76.78583333333333,3.9133333333333336,1
TNP_0005,2017-09-21,6.69786,7.05103,0.9499122823190372,26.36125,33.12,19.76,13.359999999999996,73.26625,3.6925,1
TNP_0005,2017-09-22,6.41317,6.85082,0.9361171363428028,27.392916666666665,33.2,21.09,12.110000000000005,69.18833333333333,2.308333333333333,1
TNP_0005,2017-09-23,5.90807,6.80292,0.868460896203395,27.35333333333333,32.03,22.5,9.53,74.21666666666667,1.96125,1
TNP_0005,2017-09-24,5.044689999999999,6.27557,0.8038616412533044,25.064166666666665,27.47,22.4,5.07,88.14625000000001,1.9329166666666664,1
TNP_0005,2017-09-25,5.62111,6.54075,0.8593983870351259,24.842916666666667,28.01,22.26,5.75,88.91666666666667,2.2841666666666667,1
TNP_0005,2017-09-26,4.32612,6.53454,0.66203894994904,25.08791666666667,28.89,22.21,6.68,86.06916666666666,2.22375,1
TNP_0005,2017-09-27,4.20503,6.30237,0.6672140797826849,24.820416666666663,28.05,21.89,6.16,84.60958333333333,2.6575,1
TNP_0005,2017-09-28,4.94761,6.42829,0.7696619163105586,24.56375,29.02,20.23,8.79,86.62791666666668,3.3829166666666666,1
TNP_0005,2017-09-29,4.86178,6.44922,0.7538555050068069,24.84958333333333,29.61,20.1,9.509999999999998,83.33,2.890416666666667,1
TNP_0005,2017-09-30,4.99031,6.15286,0.8110553466192958,26.69666666666667,31.03,22.36,8.670000000000002,81.9025,2.455416666666667,1
TNP_0005,2017-10-01,4.53527,6.29461,0.7205005552369408,26.175416666666667,30.76,22.91,7.850000000000001,82.81458333333333,2.5404166666666668,1
TNP_0005,2017-10-02,5.660810000000001,6.67225,0.8484109558244971,26.301666666666662,29.87,23.11,6.760000000000002,83.9225,1.79875,1
TNP_0005,2017-10-03,6.25297,6.745520000000001,0.9269811667595678,26.22125,30.06,23.0,7.059999999999999,83.22333333333334,2.0475,1
TNP_0005,2017-10-04,4.659350000000001,6.58946,0.7070913246305465,26.4625,30.33,22.84,7.489999999999998,84.19166666666666,1.7770833333333331,1
TNP_0005,2017-10-05,5.73761,6.56051,0.8745676784274393,25.3075,27.71,22.89,4.82,87.91541666666666,1.49375,1
TNP_0005,2017-10-06,4.261769999999999,6.03609,0.7060481205548624,24.94458333333333,28.2,22.34,5.859999999999999,88.29791666666667,1.7545833333333334,1
TNP_0005,2017-10-07,5.13831,6.119269999999999,0.8396932967494489,26.114166666666662,30.61,22.28,8.329999999999998,81.01875,1.8454166666666667,1
TNP_0005,2017-10-08,5.6036,6.335730000000001,0.8844442550424338,26.620416666666667,30.83,22.78,8.049999999999997,83.39333333333333,1.4116666666666668,1
TNP_0005,2017-10-09,5.447760000000001,6.265689999999999,0.869458910351454,26.595,30.25,23.18,7.07,83.77875,1.778333333333333,1
TNP_0005,2017-10-10,5.93829,6.4907,0.9148920763554008,25.89375,28.61,23.7,4.91,87.24874999999999,1.7787499999999998,1
TNP_0005,2017-10-11,5.76523,6.3832,0.903188056147387,24.582083333333333,27.16,22.03,5.129999999999999,90.0475,1.94875,1
TNP_0005,2017-10-12,3.15729,6.3577200000000005,0.4966072743058832,26.277916666666663,31.33,21.8,9.529999999999998,80.17083333333333,2.1979166666666665,1
TNP_0005,2017-10-13,3.5790900000000003,6.38061,0.5609322619624143,25.432916666666667,29.52,22.21,7.309999999999999,84.75916666666667,2.3633333333333333,1
TNP_0005,2017-10-14,4.31538,6.44549,0.6695193072985918,24.635,27.91,21.46,6.449999999999999,87.18041666666666,2.8520833333333333,1
TNP_0005,2017-10-15,3.61051,6.36436,0.5673013468754126,24.5925,29.48,21.15,8.330000000000002,82.17791666666666,3.170833333333333,1
TNP_0005,2017-10-16,1.81679,6.322649999999999,0.2873462867626707,24.9125,29.29,21.18,8.11,85.23541666666667,2.8825000000000003,1
TNP_0005,2017-10-17,2.5085900000000003,5.9673,0.4203894558678129,25.072916666666668,29.95,21.45,8.5,80.12958333333333,2.634583333333333,1
TNP_0005,2017-10-18,4.45678,5.71314,0.7800929086281799,26.704166666666666,31.35,21.4,9.950000000000005,76.28083333333333,2.0241666666666664,1
TNP_0005,2017-10-19,5.7584800000000005,5.97154,0.9643207614786136,26.652916666666663,31.22,22.49,8.73,77.2475,1.74375,1
TNP_0005,2017-10-20,5.1277,5.92059,0.8660792252123521,26.364166666666662,30.47,22.19,8.279999999999998,80.72500000000001,2.182916666666667,1
TNP_0005,2017-10-21,4.45207,5.921860000000001,0.751802643088489,26.262083333333333,30.58,21.91,8.669999999999998,82.15208333333334,2.2191666666666667,1
TNP_0005,2017-10-22,5.450819999999999,5.80228,0.9394272596289732,25.700833333333332,31.03,21.16,9.87,80.735,2.643333333333333,1
TNP_0005,2017-10-23,5.14072,5.80647,0.8853434186347299,26.245833333333334,30.82,20.79,10.03,70.40916666666666,1.45125,1
TNP_0005,2017-10-24,4.99454,5.80173,0.8608708092241452,26.540000000000003,31.63,21.14,10.489999999999998,75.09583333333333,1.4291666666666665,1
TNP_0005,2017-10-25,4.87584,5.96573,0.8173081919563909,25.456666666666667,30.0,21.8,8.2,83.63375,2.475,1
TNP_0005,2017-10-26,4.58144,6.159190000000001,0.7438380696162968,25.364166666666662,29.97,21.62,8.349999999999998,82.13833333333334,2.3675,1
TNP_0005,2017-10-27,5.11687,6.1073900000000005,0.8378161538726033,25.33583333333333,30.22,21.47,8.75,81.72666666666667,2.3891666666666667,1
TNP_0005,2017-10-28,4.40001,5.9669300000000005,0.7373992991370771,24.79125,29.59,21.13,8.46,81.85083333333334,3.161666666666666,1
TNP_0005,2017-10-29,5.395309999999999,5.91333,0.9123979213066072,24.835833333333337,30.21,20.98,9.23,78.88625,3.3616666666666664,1
TNP_0005,2017-10-30,2.53128,5.78618,0.437469971552907,24.256666666666664,28.89,21.0,7.890000000000001,85.34083333333332,3.865,1
TNP_0005,2017-10-31,2.97318,5.93423,0.5010220365573966,23.702916666666667,27.43,20.87,6.559999999999999,88.23666666666666,3.05875,1
TNP_0005,2017-11-01,3.1683000000000003,6.004269999999999,0.5276744716676633,23.7925,28.25,20.68,7.57,86.53458333333333,3.2045833333333333,1
TNP_0005,2017-11-02,3.71037,5.76965,0.6430840692243031,24.477500000000003,29.29,20.57,8.719999999999999,85.20041666666667,3.234166666666667,1
TNP_0005,2017-11-03,4.19099,5.88413,0.7122531283299316,23.84,27.94,20.71,7.23,86.485,3.9904166666666665,1
TNP_0005,2017-11-04,2.68075,5.96104,0.4497117952572035,23.74083333333333,27.83,20.71,7.119999999999997,86.8125,3.2133333333333334,1
TNP_0005,2017-11-05,4.05316,6.11346,0.662989534567986,24.83458333333333,29.67,20.57,9.1,85.73708333333333,3.5529166666666665,1
TNP_0005,2017-11-06,3.50876,6.04992,0.5799679995768539,23.735416666666666,27.38,20.9,6.48,87.2925,3.2495833333333333,1
TNP_0005,2017-11-07,4.13516,5.88522,0.7026347358297566,24.24083333333333,28.58,20.71,7.869999999999997,85.94166666666666,2.8891666666666667,1
TNP_0005,2017-11-08,3.47603,6.121269999999999,0.5678609177507283,23.513333333333332,27.37,19.68,7.690000000000001,89.06333333333333,2.987916666666667,1
TNP_0005,2017-11-09,6.04538,6.20788,0.9738235919508752,23.29041666666667,29.19,18.68,10.510000000000002,80.72041666666667,3.005416666666666,1
TNP_0005,2017-11-10,3.71314,5.88372,0.6310871353497446,24.16541666666667,29.44,18.4,11.040000000000004,80.97375000000001,3.40375,1
TNP_0005,2017-11-11,4.535699999999999,5.786989999999999,0.7837753305258864,24.023750000000003,29.68,19.3,10.38,78.35791666666667,3.380416666666666,1
TNP_0005,2017-11-12,3.92621,5.5363,0.7091758033343569,24.65875,30.19,19.41,10.78,78.71333333333332,2.92125,1
TNP_0005,2017-11-13,4.40607,5.749140000000001,0.7663876684164934,25.392916666666665,30.11,20.06,10.05,80.17666666666666,1.87875,1
TNP_0005,2017-11-14,4.29362,5.62228,0.7636795036888948,25.2375,29.62,21.76,7.859999999999999,83.7575,1.07875,1
TNP_0005,2017-11-15,2.9424,5.374149999999999,0.5475098387652002,26.1325,30.74,21.51,9.229999999999997,79.74708333333334,1.7283333333333333,1
TNP_0005,2017-11-16,4.39477,5.10126,0.861506764995315,26.004166666666663,30.79,22.22,8.57,79.29625,1.5058333333333334,1
TNP_0005,2017-11-17,4.35077,5.1014,0.8528580389696946,25.911666666666665,31.36,21.78,9.579999999999998,77.90125,1.8233333333333333,1
TNP_0005,2017-11-18,4.83774,5.70508,0.8479705806053554,25.8575,31.47,21.61,9.86,78.88166666666667,1.96125,1
TNP_0005,2017-11-19,4.93135,5.61156,0.8787841527133275,25.907083333333333,31.11,21.54,9.57,81.19541666666667,2.4804166666666667,1
TNP_0005,2017-11-20,4.932,5.91113,0.8343582360733058,25.707083333333333,31.02,22.04,8.98,79.68541666666667,2.4441666666666664,1
TNP_0005,2017-11-21,4.129779999999999,5.89654,0.7003734393390021,24.982083333333332,30.46,21.38,9.080000000000002,83.30833333333334,2.7533333333333334,1
TNP_0005,2017-11-22,4.88976,5.55158,0.8807870912424932,24.68125,30.22,20.0,10.22,81.79583333333333,3.01,1
TNP_0005,2017-11-23,5.10158,5.45417,0.935354050203789,25.179166666666664,31.68,19.67,12.009999999999998,77.36291666666666,2.68125,1
TNP_0005,2017-11-24,4.59533,5.19874,0.8839314910920723,25.477500000000003,31.26,20.6,10.66,78.14708333333333,2.627083333333333,1
TNP_0005,2017-11-25,4.39135,5.16803,0.8497144946914008,24.925416666666667,30.38,20.98,9.4,75.72333333333334,3.1558333333333333,1
TNP_0005,2017-11-26,2.54989,5.24267,0.4863724018486763,24.25375,28.76,20.94,7.82,83.33958333333334,3.247916666666667,1
TNP_0005,2017-11-27,2.6484,5.42997,0.487737501312162,24.414583333333336,29.39,21.05,8.34,86.81875000000001,3.4291666666666667,1
TNP_0005,2017-11-28,3.80733,5.405279999999999,0.7043723914394815,24.61208333333333,29.74,20.34,9.4,78.59666666666666,3.8925,1
TNP_0005,2017-11-29,2.35379,5.456180000000001,0.4313988907990572,24.47958333333333,29.9,20.12,9.779999999999998,81.19333333333334,5.09,1
TNP_0005,2017-11-30,1.78777,5.7283800000000005,0.3120899800641717,24.114166666666662,26.93,21.0,5.93,90.78416666666668,5.089166666666666,1
TNP_0005,2017-12-01,2.3939700000000004,5.63171,0.4250875844104189,24.12625,25.94,22.15,3.7900000000000023,95.62208333333332,3.605833333333333,1
TNP_0005,2017-12-02,1.98285,5.48437,0.3615456287595476,22.695,25.47,20.6,4.869999999999997,92.70291666666668,3.217083333333333,1
TNP_0005,2017-12-03,3.65772,5.40251,0.6770408569350171,22.70833333333333,25.98,19.68,6.300000000000001,89.37458333333332,2.583333333333333,1
TNP_0005,2017-12-04,4.0928,5.35054,0.7649321376907753,23.58,28.54,19.39,9.15,84.24,1.9745833333333331,1
TNP_0005,2017-12-05,3.91584,5.49955,0.7120291660226745,24.03375,29.16,19.16,10.0,83.63708333333334,1.9320833333333327,1
TNP_0005,2017-12-06,4.09413,5.32232,0.7692378511626509,24.11125,29.08,20.14,8.939999999999998,83.84666666666666,2.45,1
TNP_0005,2017-12-07,4.3207,5.24945,0.8230767032736763,23.3925,29.8,17.4,12.400000000000002,82.67208333333333,2.271666666666667,1
TNP_0005,2017-12-08,5.4574,5.60306,0.9740034909495882,23.000416666666663,30.37,17.01,13.36,66.69083333333333,2.0854166666666667,1
TNP_0005,2017-12-09,5.41667,5.440849999999999,0.9955558414585958,23.221666666666668,30.37,16.74,13.630000000000004,66.80541666666666,1.7254166666666666,1
TNP_0005,2017-12-10,5.23819,5.31962,0.9846925156308156,23.276666666666667,30.03,17.81,12.220000000000002,73.40125,2.51,1
TNP_0005,2017-12-11,5.344399999999999,5.42158,0.9857642974926129,24.227500000000003,30.81,18.34,12.47,75.80875,2.049166666666667,1
TNP_0005,2017-12-12,4.34699,5.1326,0.8469372247983478,24.857083333333332,30.24,20.55,9.689999999999998,79.71083333333333,1.4745833333333334,1
TNP_0005,2017-12-13,3.96787,5.01881,0.790599763689002,24.120833333333334,28.68,20.56,8.120000000000001,81.87666666666667,1.9425,1
TNP_0005,2017-12-14,5.315939999999999,5.45166,0.9751048304553108,23.83833333333333,30.66,18.48,12.18,76.41041666666666,2.671666666666667,1
TNP_0005,2017-12-15,2.69986,5.277340000000001,0.511594856499676,23.887916666666666,30.62,18.31,12.310000000000002,78.98,3.31625,1
TNP_0005,2017-12-16,4.63511,5.46178,0.84864458107064,23.041666666666668,29.83,17.54,12.29,78.91333333333334,3.88,1
TNP_0005,2017-12-17,3.8696,5.532850000000001,0.6993863921848594,22.19458333333333,29.35,16.16,13.19,76.90125,4.2491666666666665,1
TNP_0005,2017-12-18,4.74242,5.317559999999999,0.8918413708543017,21.934166666666663,29.04,15.86,13.18,75.11166666666666,4.0720833333333335,1
TNP_0005,2017-12-19,4.49995,5.40265,0.8329153285887482,23.114166666666662,29.68,16.32,13.36,76.86333333333333,3.8016666666666654,1
TNP_0005,2017-12-20,5.477309999999999,5.57789,0.9819680918770358,22.0575,29.99,15.98,14.009999999999998,72.77041666666666,4.339166666666666,1
TNP_0005,2017-12-21,3.06226,5.36897,0.5703626580144795,23.0425,29.53,15.83,13.7,78.53291666666667,4.198333333333333,1
TNP_0005,2017-12-22,4.25229,5.69055,0.7472546590399874,23.18208333333333,29.88,17.89,11.989999999999998,76.78375,3.778333333333333,1
TNP_0005,2017-12-23,5.1399,5.86308,0.8766552733375632,22.47666666666667,30.12,16.05,14.07,73.22458333333334,3.73,1
TNP_0005,2017-12-24,5.14517,5.68906,0.9043972114901232,22.727500000000003,30.18,15.86,14.32,74.4025,3.345833333333333,1
TNP_0005,2017-12-25,3.29359,5.39709,0.6102529325988634,23.62291666666667,31.27,16.88,14.39,75.06916666666667,3.44875,1
TNP_0005,2017-12-26,5.331270000000001,5.35843,0.9949313511606944,22.942083333333333,31.03,16.99,14.040000000000004,71.32125,3.8370833333333336,1
TNP_0005,2017-12-27,4.8843000000000005,5.241899999999999,0.9317804612831228,22.15458333333333,30.21,15.88,14.33,73.10958333333333,3.512916666666667,1
TNP_0005,2017-12-28,5.3506100000000005,5.77583,0.9263794121364376,20.605833333333333,27.37,15.41,11.96,74.11625,3.4975,1
TNP_0005,2017-12-29,4.878310000000001,5.69708,0.8562825166576564,22.35458333333333,29.99,15.33,14.659999999999998,72.88791666666667,3.494166666666666,1
TNP_0005,2017-12-30,5.38662,5.67326,0.9494752576120254,22.91625,30.74,16.22,14.52,70.35375,3.3479166666666664,1
TNP_0005,2017-12-31,5.66898,5.91122,0.9590203037613216,23.72958333333333,31.62,15.8,15.82,70.09875000000001,2.5541666666666667,1
TNP_0005,2018-01-01,5.42191,5.73914,0.944725167882296,24.839166666666667,32.07,18.53,13.54,68.49625,1.5145833333333334,1
TNP_0005,2018-01-02,4.9378,5.38733,0.9165579238695236,24.98625,31.68,19.16,12.52,71.38958333333333,1.7745833333333332,1
TNP_0005,2018-01-03,4.96192,5.24125,0.9467054614834248,25.046666666666667,31.93,19.75,12.18,68.56666666666666,2.919166666666667,1
TNP_0005,2018-01-04,4.28266,5.13033,0.8347728118853953,23.745416666666667,31.44,17.01,14.43,67.49249999999999,3.4458333333333333,1
TNP_0005,2018-01-05,4.942159999999999,5.212680000000001,0.948103470767436,22.22583333333333,30.58,15.14,15.439999999999998,66.32833333333333,3.3525,1
TNP_0005,2018-01-06,4.74824,5.09073,0.93272281185606,21.66125,30.36,14.83,15.53,65.44166666666666,2.3016666666666667,1
TNP_0005,2018-01-07,5.40107,5.4946,0.9829778327812762,21.75,30.38,14.67,15.71,64.73333333333333,2.7125,1
TNP_0005,2018-01-08,5.52523,5.57969,0.9902396011247936,22.065416666666668,30.57,14.32,16.25,65.04416666666667,3.407083333333333,1
TNP_0005,2018-01-09,3.25119,5.4465900000000005,0.5969221108987458,23.54041666666667,29.94,16.16,13.78,74.44625,3.2566666666666664,1
TNP_0005,2018-01-10,2.20485,5.56358,0.3963005834372832,24.26375,31.42,19.12,12.3,78.55708333333332,3.965833333333333,1
TNP_0005,2018-01-11,3.63595,5.6479,0.6437702508897112,25.14875,31.81,19.48,12.329999999999998,76.23958333333333,3.0658333333333334,1
TNP_0005,2018-01-12,4.37211,5.755679999999999,0.7596165874405806,25.3475,32.85,19.75,13.1,70.50041666666667,3.2533333333333334,1
TNP_0005,2018-01-13,5.22891,6.08035,0.8599685873346107,23.79125,32.41,16.98,15.429999999999996,70.9825,3.065,1
TNP_0005,2018-01-14,5.82885,5.882140000000001,0.9909403720414678,23.97125,33.38,16.47,16.910000000000004,65.36416666666666,3.1779166666666665,1
TNP_0005,2018-01-15,5.71668,5.75728,0.9929480588055472,24.418333333333333,33.64,17.86,15.78,67.93958333333333,3.1008333333333336,1
TNP_0005,2018-01-16,4.8054,4.95067,0.970656496999396,25.070000000000004,32.98,18.42,14.559999999999995,67.69958333333334,2.661666666666666,1
TNP_0005,2018-01-17,5.3497,5.56366,0.9615433006330364,23.756666666666664,32.05,16.31,15.739999999999998,66.63041666666668,2.9825,1
TNP_0005,2018-01-18,6.095680000000001,6.11044,0.9975844620027364,22.491666666666664,31.95,15.15,16.799999999999997,63.96958333333333,3.5070833333333336,1
TNP_0005,2018-01-19,5.591060000000001,5.92337,0.943898490217562,22.13458333333333,31.22,14.82,16.4,65.97833333333334,3.20375,1
TNP_0005,2018-01-20,5.89798,5.94717,0.9917288390948972,22.450833333333332,31.61,14.91,16.7,65.62541666666667,2.8858333333333337,1
TNP_0005,2018-01-21,5.72477,5.820399999999999,0.983569857741736,22.60333333333333,31.99,15.05,16.939999999999998,65.3875,3.279166666666667,1
TNP_0005,2018-01-22,5.788939999999999,5.943569999999999,0.9739836495574208,23.1975,32.46,15.59,16.87,63.23583333333334,2.66875,1
TNP_0005,2018-01-23,5.23379,5.75712,0.909098646545495,24.32625,32.58,16.58,16.0,65.08333333333333,1.9766666666666663,1
TNP_0005,2018-01-24,4.7290600000000005,5.419020000000001,0.8726780857055335,25.026666666666667,32.5,18.03,14.47,64.28625,2.1083333333333334,1
TNP_0005,2018-01-25,5.30971,5.55788,0.9553480823623396,25.041666666666668,34.3,17.66,16.639999999999997,61.23500000000001,2.895,1
TNP_0005,2018-01-26,5.39262,5.56188,0.9695678439664286,24.192916666666665,33.23,17.23,15.999999999999996,59.76458333333333,3.1254166666666667,1
TNP_0005,2018-01-27,5.26452,5.45352,0.9653434845751,24.35458333333333,33.08,17.28,15.799999999999995,61.07541666666666,2.84375,1
TNP_0005,2018-01-28,5.39948,5.50326,0.9811420866904343,24.54375,33.0,17.69,15.31,60.41125,3.106666666666667,1
TNP_0005,2018-01-29,6.02949,6.08201,0.991364696868305,24.38291666666667,33.5,17.01,16.49,57.23333333333333,3.856666666666667,1
TNP_0005,2018-01-30,6.27445,6.282,0.998798153454314,24.24458333333333,33.99,16.37,17.62,55.79666666666666,3.8329166666666654,1
TNP_0005,2018-01-31,6.17082,6.332199999999999,0.9745143867850036,23.63416666666667,34.32,14.51,19.81,52.90625,3.849166666666666,1
TNP_0005,2018-02-01,6.60567,6.61398,0.998743570437165,23.3175,34.43,14.04,20.39,53.022083333333335,3.3479166666666664,1
TNP_0005,2018-02-02,6.62568,6.65044,0.9962769380672556,23.559166666666663,34.64,14.45,20.19,53.026250000000005,3.46375,1
TNP_0005,2018-02-03,6.67395,6.688020000000001,0.9978962383485692,23.015833333333333,33.73,14.04,19.69,55.213750000000005,3.39625,1
TNP_0005,2018-02-04,6.607,6.62629,0.9970888687334843,23.24,33.13,13.94,19.190000000000005,55.57083333333333,2.855,1
TNP_0005,2018-02-05,6.409770000000001,6.4708000000000006,0.99056839957965,25.40375,34.5,17.13,17.37,55.90708333333333,3.5187500000000003,1
TNP_0005,2018-02-06,5.425470000000001,6.19555,0.8757043361767721,26.629166666666663,34.51,19.05,15.459999999999996,66.92833333333333,3.411666666666666,1
TNP_0005,2018-02-07,4.44407,5.98642,0.742358538158031,25.138333333333332,30.3,21.46,8.84,78.32458333333334,1.5941666666666665,1
TNP_0005,2018-02-08,4.7082,5.99842,0.7849066920955851,25.17833333333333,31.19,20.87,10.32,74.30041666666666,1.50375,1
TNP_0005,2018-02-09,6.1176,6.18304,0.989416209502122,25.75375,31.85,20.84,11.010000000000002,69.58041666666666,1.5566666666666666,1
TNP_0005,2018-02-10,6.07534,6.23591,0.9742507508928128,25.171666666666667,32.25,20.76,11.489999999999998,68.04166666666667,2.23,1
TNP_0005,2018-02-11,6.07962,6.3016000000000005,0.9647740256442808,24.97625,31.42,20.11,11.310000000000002,69.87083333333334,3.2625,1
TNP_0005,2018-02-12,5.35585,6.282100000000001,0.8525572658824278,24.08666666666667,30.37,19.15,11.220000000000002,71.505,2.8195833333333336,1
TNP_0005,2018-02-13,5.66481,6.24317,0.9073611642803256,23.390416666666667,29.68,18.51,11.169999999999998,71.60833333333333,2.9250000000000003,1
TNP_0005,2018-02-14,5.7359,6.43171,0.8918157068648929,23.82166666666667,30.29,17.58,12.71,70.95791666666666,3.501666666666667,1
TNP_0005,2018-02-15,5.71867,6.32059,0.9047683839641552,24.825,33.62,17.28,16.339999999999996,67.11583333333333,3.70625,1
TNP_0005,2018-02-16,6.580010000000001,6.6250100000000005,0.9932075574225548,24.694166666666664,32.64,18.02,14.62,61.48125,3.3820833333333336,1
TNP_0005,2018-02-17,6.11133,6.478260000000001,0.9433597910550052,24.785,33.17,18.42,14.75,61.8325,2.1625,1
TNP_0005,2018-02-18,6.62053,6.65496,0.9948264151850648,25.38875,35.5,17.27,18.23,58.06791666666667,2.8866666666666667,1
TNP_0005,2018-02-19,6.7408,6.81021,0.9898079501219492,25.07166666666667,34.95,16.87,18.08,60.10541666666666,3.168333333333333,1
TNP_0005,2018-02-20,6.65387,6.67922,0.9962046466503574,25.764166666666668,35.51,17.69,17.819999999999997,57.74541666666666,3.58625,1
TNP_0005,2018-02-21,6.74505,6.75887,0.9979552795067814,25.434166666666663,35.35,17.21,18.14,54.779583333333335,3.77375,1
TNP_0005,2018-02-22,6.828069999999999,6.83549,0.9989144889393444,25.49458333333333,36.07,16.8,19.27,51.225,3.842916666666667,1
TNP_0005,2018-02-23,6.98379,7.01691,0.9952799736636212,25.27875,35.55,16.61,18.94,54.635,3.702083333333333,1
TNP_0005,2018-02-24,6.509390000000001,7.0154,0.9278715397553954,25.85708333333333,35.43,17.19,18.24,59.130833333333335,3.407083333333333,1
TNP_0005,2018-02-25,6.82067,7.09378,0.9615000747133404,26.26375,35.89,17.82,18.07,58.685833333333335,3.921666666666667,1
TNP_0005,2018-02-26,7.09131,7.1907700000000006,0.986168379742364,27.77625,36.9,17.41,19.49,55.64333333333334,3.4566666666666666,1
TNP_0005,2018-02-27,6.83733,7.02063,0.9738912319834544,27.209166666666665,37.05,17.79,19.26,50.47416666666666,3.4683333333333333,1
TNP_0005,2018-02-28,6.86642,7.0512,0.9737945314272748,27.203333333333333,37.13,17.46,19.67,51.62166666666667,3.5225000000000004,1
TNP_0005,2018-03-01,6.980770000000001,7.0427800000000005,0.9911952382439888,26.94875,37.02,18.36,18.660000000000004,47.93666666666667,3.5820833333333333,1
TNP_0005,2018-03-02,7.22406,7.22683,0.9996167060799824,26.828333333333333,37.66,17.24,20.42,45.07416666666666,3.7729166666666663,1
TNP_0005,2018-03-03,7.355539999999999,7.36508,0.998704698387526,27.224166666666665,38.38,16.86,21.520000000000003,39.17083333333333,2.766666666666667,1
TNP_0005,2018-03-04,7.390519999999999,7.39811,0.9989740622942886,27.16125,38.34,17.34,21.000000000000004,40.13833333333333,2.94,1
TNP_0005,2018-03-05,7.534689999999999,7.55414,0.997425252907677,26.907916666666665,38.14,16.92,21.22,42.34166666666667,3.0279166666666666,1
TNP_0005,2018-03-06,7.5527,7.56724,0.9980785596862264,27.263333333333332,38.27,17.04,21.230000000000004,43.1225,3.45125,1
TNP_0005,2018-03-07,7.10798,7.1477200000000005,0.9944401851219687,27.645416666666662,38.07,17.58,20.49,46.11041666666667,3.265833333333333,1
TNP_0005,2018-03-08,6.98126,7.08122,0.9858837883867468,27.71,37.89,18.18,19.71,45.43166666666667,3.661666666666666,1
TNP_0005,2018-03-09,6.22247,6.682189999999999,0.9312021956873422,27.595,37.25,18.33,18.92,46.42875,3.8954166666666654,1
TNP_0005,2018-03-10,5.35321,6.33219,0.8453963004900358,28.562083333333334,38.23,19.0,19.23,45.54833333333334,3.64875,1
TNP_0005,2018-03-11,6.65229,6.94454,0.957916579067872,27.92458333333333,37.68,19.78,17.9,52.84875,3.9454166666666666,1
TNP_0005,2018-03-12,6.15029,6.88859,0.892822769245956,28.500833333333333,36.87,20.07,16.799999999999997,59.1675,4.6033333333333335,1
TNP_0005,2018-03-13,3.93736,6.94921,0.566591022576667,27.72833333333333,33.56,22.75,10.810000000000002,64.49625,3.66375,1
TNP_0005,2018-03-14,5.735480000000001,6.925860000000001,0.8281253158452524,28.427916666666665,34.73,22.79,11.939999999999998,57.16583333333333,2.6425,1
TNP_0005,2018-03-15,5.9245,7.04601,0.8408304842031163,29.2125,35.01,23.57,11.439999999999998,59.314166666666665,2.3808333333333334,1
TNP_0005,2018-03-16,5.37442,6.8357600000000005,0.7862212833686377,29.239166666666662,34.98,24.19,10.789999999999996,63.18833333333333,2.0283333333333333,1
TNP_0005,2018-03-17,4.12497,6.3011,0.6546428401390234,24.82375,28.0,21.66,6.34,79.16416666666667,2.81875,1
TNP_0005,2018-03-18,6.11178,6.74474,0.9061550185774396,27.59375,34.93,21.53,13.4,65.45416666666667,2.8075,1
TNP_0005,2018-03-19,6.976439999999999,7.057740000000001,0.98848073179233,27.684166666666663,36.43,20.42,16.009999999999998,55.38041666666666,3.1791666666666667,1
TNP_0005,2018-03-20,7.063770000000001,7.07852,0.9979162310765528,28.246666666666663,37.79,20.23,17.56,49.102916666666665,2.8829166666666666,1
TNP_0005,2018-03-21,6.83743,6.85135,0.9979682836229355,29.426666666666662,38.32,20.66,17.66,43.26291666666666,1.6675000000000002,1
TNP_0005,2018-03-22,5.88021,6.25166,0.9405837809477804,31.590833333333336,39.28,23.27,16.01,41.82375,1.7275,1
TNP_0005,2018-03-23,5.51511,5.92878,0.9302267920212928,31.59166666666667,39.1,25.05,14.05,44.99791666666667,2.299583333333333,1
TNP_0005,2018-03-24,5.98494,6.04072,0.990766001403806,30.668333333333333,38.63,22.78,15.85,45.26833333333334,2.955416666666667,1
TNP_0005,2018-03-25,6.31925,6.58932,0.9590139801982602,29.75208333333333,39.02,21.67,17.35,46.06041666666667,3.6016666666666666,1
TNP_0005,2018-03-26,6.20439,7.06762,0.877861288524284,29.42833333333333,39.41,21.25,18.16,40.86208333333334,3.203333333333333,1
TNP_0005,2018-03-27,6.77352,7.01148,0.9660613736329564,30.895,39.15,20.85,18.3,47.23416666666666,2.380416666666666,1
TNP_0005,2018-03-28,6.5090200000000005,6.73128,0.9669810199546,31.5175,39.1,25.14,13.96,49.02291666666667,2.0695833333333336,1
TNP_0005,2018-03-29,6.1881,6.66617,0.9282841571697092,32.39958333333333,38.24,24.88,13.360000000000005,45.017500000000005,1.8683333333333332,1
TNP_0005,2018-03-30,6.37592,6.62972,0.9617178402707808,30.3325,35.67,25.67,10.0,51.97708333333333,2.1891666666666665,1
TNP_0005,2018-03-31,5.99945,6.5036700000000005,0.9224714661106728,30.08083333333333,35.45,24.93,10.520000000000003,58.03083333333333,2.262083333333333,1
TNP_0005,2018-04-01,5.81918,6.40031,0.909202835487656,30.33,37.36,24.55,12.81,55.69708333333333,2.55625,1
TNP_0005,2018-04-02,5.85989,6.327,0.9261719614351194,30.821250000000003,37.98,24.29,13.689999999999998,52.46833333333333,2.99625,1
TNP_0005,2018-04-03,6.05029,6.69686,0.9034517669474948,31.29208333333333,38.43,24.37,14.06,49.56916666666667,2.724166666666666,1
TNP_0005,2018-04-04,6.491029999999999,6.99329,0.9281797265664656,31.31458333333333,39.67,24.19,15.48,48.095416666666665,2.9737500000000003,1
TNP_0005,2018-04-05,6.77566,7.08229,0.956704681677819,30.151666666666667,37.25,23.6,13.65,49.725,3.08,1
TNP_0005,2018-04-06,6.09509,7.00548,0.8700460211148987,30.374166666666667,37.88,22.96,14.920000000000002,48.15958333333333,2.532083333333333,1
TNP_0005,2018-04-07,6.74673,7.002470000000001,0.9634786011221752,30.717916666666667,39.24,22.78,16.46,51.86166666666667,3.42625,1
TNP_0005,2018-04-08,6.93801,7.43975,0.932559561813233,30.152916666666663,37.92,23.55,14.37,52.37,4.0125,1
TNP_0005,2018-04-09,6.242979999999999,7.21647,0.8651016355642023,29.98208333333333,36.97,24.17,12.799999999999995,54.41916666666666,3.3529166666666668,1
TNP_0005,2018-04-10,6.450609999999999,7.2846,0.8855132745792492,30.45958333333333,38.29,24.12,14.169999999999998,55.20916666666667,3.749583333333333,1
TNP_0005,2018-04-11,6.41475,7.447820000000001,0.8612922976119185,30.4975,36.89,24.71,12.18,55.22166666666666,2.7583333333333333,1
TNP_0005,2018-04-12,6.47796,7.3685,0.8791422949039832,31.285,38.61,24.99,13.62,52.727916666666665,3.345416666666667,1
TNP_0005,2018-04-13,6.38829,7.43996,0.8586457454072333,31.240416666666665,38.57,25.21,13.36,53.62166666666667,3.825416666666667,1
TNP_0005,2018-04-14,6.31231,7.37197,0.856258232195736,31.514166666666668,39.03,25.14,13.89,53.69708333333333,3.2716666666666665,1
TNP_0005,2018-04-15,5.662850000000001,7.23728,0.7824555634160901,29.61083333333333,35.27,24.79,10.480000000000004,62.60625,2.8029166666666665,1
TNP_0005,2018-04-16,6.2115,7.29095,0.8519465913221186,30.60083333333333,37.23,24.6,12.629999999999995,58.1875,2.5966666666666667,1
TNP_0005,2018-04-17,6.31801,7.36693,0.8576177593651629,31.664583333333336,38.96,25.0,13.96,48.520833333333336,2.762916666666667,1
TNP_0005,2018-04-18,6.80178,7.308140000000001,0.9307128763269448,32.689166666666665,40.81,25.07,15.740000000000002,45.682500000000005,2.978333333333333,1
TNP_0005,2018-04-19,5.584479999999999,7.06181,0.7908000923276043,33.024166666666666,40.69,25.24,15.45,43.93666666666667,3.1029166666666668,1
TNP_0005,2018-04-20,6.30023,6.78676,0.9283118896203784,32.805,39.35,26.57,12.78,46.540416666666665,1.4466666666666663,1
TNP_0005,2018-04-21,6.48364,6.874230000000001,0.943180545311984,32.623333333333335,39.93,25.89,14.04,48.05375,3.217083333333333,1
TNP_0005,2018-04-22,6.92764,7.17134,0.9660175085827754,33.48833333333334,40.72,25.53,15.189999999999998,44.55708333333333,2.5145833333333334,1
TNP_0005,2018-04-23,6.49727,7.14591,0.9092291954418682,32.87916666666667,40.48,26.66,13.819999999999997,44.93291666666666,3.43,1
TNP_0005,2018-04-24,6.70627,6.98871,0.9595862469611702,33.29208333333333,41.05,26.25,14.799999999999995,43.51291666666666,2.87875,1
TNP_0005,2018-04-25,6.32398,6.760470000000001,0.935434962362084,33.38333333333333,40.31,26.17,14.14,45.57916666666667,2.035833333333333,1
TNP_0005,2018-04-26,5.94761,6.69543,0.8883088912885356,32.5125,38.98,27.14,11.839999999999996,50.5325,2.3979166666666667,1
TNP_0005,2018-04-27,6.1923200000000005,7.075900000000001,0.8751282522364646,31.30666666666667,37.67,25.45,12.220000000000002,54.71541666666667,3.2445833333333334,1
TNP_0005,2018-04-28,6.677029999999999,7.40511,0.9016787056505574,31.700833333333332,38.67,25.3,13.37,51.56583333333333,3.1904166666666662,1
TNP_0005,2018-04-29,5.75858,7.0136400000000005,0.8210544025641464,33.1975,40.14,25.65,14.490000000000002,47.1625,2.6283333333333334,1
TNP_0005,2018-04-30,6.23049,6.5423800000000005,0.9523277461718824,32.00083333333333,38.57,25.68,12.89,57.611250000000005,1.8358333333333332,1
TNP_0005,2018-05-01,5.86817,6.66226,0.8808077138988872,29.94375,34.69,25.61,9.079999999999998,69.17166666666667,1.8445833333333332,1
TNP_0005,2018-05-02,5.5079400000000005,6.34218,0.8684616330662328,29.495,33.88,25.62,8.260000000000002,71.92458333333333,1.586666666666667,1
TNP_0005,2018-05-03,5.222180000000001,6.16046,0.8476931917421753,29.53333333333333,34.9,24.99,9.91,69.49833333333333,1.8670833333333332,1
TNP_0005,2018-05-04,5.74159,6.91422,0.8304031401951342,28.319166666666664,33.93,24.2,9.73,72.32208333333334,2.185,1
TNP_0005,2018-05-05,5.8273,7.22703,0.8063201619475774,28.987916666666667,35.2,24.12,11.080000000000002,67.49708333333334,2.345833333333333,1
TNP_0005,2018-05-06,5.90409,7.37365,0.800701145294393,30.196250000000003,37.3,24.0,13.299999999999995,63.63458333333333,2.237083333333333,1
TNP_0005,2018-05-07,6.03751,7.10234,0.850073356105171,29.59625,35.03,24.65,10.380000000000004,66.74166666666666,2.138333333333333,1
TNP_0005,2018-05-08,4.404059999999999,6.70545,0.656788135024495,27.3175,31.53,23.41,8.120000000000001,75.98208333333334,2.032083333333333,1
TNP_0005,2018-05-09,4.733779999999999,6.84145,0.6919264191070605,27.022916666666664,32.53,23.38,9.150000000000002,75.57791666666667,2.2625,1
TNP_0005,2018-05-10,6.10156,7.27417,0.8387981034262328,27.44666666666667,32.07,23.36,8.71,76.24458333333332,2.03875,1
TNP_0005,2018-05-11,5.89488,7.25566,0.8124526231934793,28.24375,33.0,23.82,9.18,73.65458333333333,1.78875,1
TNP_0005,2018-05-12,6.07286,7.003850000000001,0.8670745375757617,28.855416666666667,34.02,24.13,9.890000000000004,69.785,1.7616666666666667,1
TNP_0005,2018-05-13,5.92039,6.75221,0.876807741465387,28.9725,33.89,24.11,9.78,68.97958333333334,1.5770833333333334,1
TNP_0005,2018-05-14,5.9855,6.93608,0.8629514077115604,28.790000000000003,33.05,24.32,8.729999999999997,69.45,1.3412499999999998,1
TNP_0005,2018-05-15,5.39682,6.94133,0.7774907690601081,25.53625,29.54,22.32,7.219999999999999,66.83624999999999,1.5116666666666667,1
TNP_0005,2018-05-16,5.73589,7.1359,0.8038075085132921,28.02,33.47,22.36,11.11,67.71958333333333,1.6866666666666663,1
TNP_0005,2018-05-17,5.59105,6.97049,0.8021028650783517,29.201666666666668,35.19,24.16,11.029999999999998,65.61708333333333,1.9708333333333328,1
TNP_0005,2018-05-18,5.32903,6.57616,0.8103558915841463,29.20625,35.05,24.36,10.689999999999998,66.16291666666667,1.940416666666667,1
TNP_0005,2018-05-19,5.068029999999999,6.25776,0.8098792539183348,29.835,36.36,24.03,12.329999999999998,66.43333333333334,1.515,1
TNP_0005,2018-05-20,5.8724300000000005,6.427020000000001,0.9137096196993318,29.96125,35.87,23.96,11.909999999999997,65.91416666666667,1.5145833333333334,1
TNP_0005,2018-05-21,5.12021,6.42117,0.7973951787602571,29.792916666666667,35.95,24.6,11.35,66.44416666666667,1.8145833333333328,1
TNP_0005,2018-05-22,6.08364,6.5630500000000005,0.926953169639116,29.881666666666664,35.37,24.6,10.769999999999996,64.11291666666666,1.5458333333333334,1
TNP_0005,2018-05-23,5.60867,6.6439200000000005,0.8441808450432876,30.099166666666665,36.16,24.74,11.419999999999998,65.50666666666667,1.4820833333333334,1
TNP_0005,2018-05-24,5.58419,6.59103,0.8472408713053954,28.79375,34.11,24.23,9.88,71.86416666666666,1.8504166666666664,1
TNP_0005,2018-05-25,3.89633,6.41549,0.6073316301638689,27.13083333333333,30.68,24.09,6.59,81.30958333333334,1.59375,1
TNP_0005,2018-05-26,5.36333,6.87857,0.7797158421009017,27.477500000000003,32.5,23.89,8.61,77.29125,2.955416666666667,1
TNP_0005,2018-05-27,5.857609999999999,6.96566,0.840926775065105,27.885,32.38,24.06,8.320000000000004,75.57208333333334,3.217916666666667,1
TNP_0005,2018-05-28,6.13734,7.02983,0.8730424491061662,27.32041666666667,30.63,24.5,6.129999999999999,79.86708333333333,2.7841666666666662,1
TNP_0005,2018-05-29,6.54458,7.11588,0.919714778776483,28.098333333333333,34.02,24.06,9.960000000000004,74.22041666666667,3.9604166666666663,1
TNP_0005,2018-05-30,6.06246,7.00167,0.8658591450325422,29.32208333333333,35.15,23.96,11.189999999999998,69.91458333333334,3.56125,1
TNP_0005,2018-05-31,5.18321,6.246180000000001,0.8298207864646872,29.25,35.02,24.24,10.780000000000005,70.08749999999999,3.065416666666667,1
TNP_0005,2018-06-01,5.26364,6.05629,0.8691195434828913,28.485416666666666,32.24,24.79,7.450000000000003,75.89333333333333,1.5333333333333332,1
TNP_0005,2018-06-02,5.2355,6.276800000000001,0.8341033647718582,28.91125,34.28,24.66,9.62,71.47875,2.026666666666667,1
TNP_0005,2018-06-03,4.97615,6.480770000000001,0.7678331432838997,26.27625,29.43,24.17,5.259999999999998,84.5025,2.591666666666667,1
TNP_0005,2018-06-04,5.941440000000001,6.85767,0.8663933960076821,27.095,31.01,23.41,7.600000000000001,79.66916666666667,2.4616666666666664,1
TNP_0005,2018-06-05,5.708480000000001,7.07897,0.8063998011010077,27.44458333333333,32.78,22.8,9.98,75.66041666666666,3.30625,1
TNP_0005,2018-06-06,6.481739999999999,7.06188,0.9178490713521044,27.496666666666663,33.93,22.7,11.23,69.53708333333334,3.921666666666667,1
TNP_0005,2018-06-07,5.752800000000001,7.17111,0.8022189033496907,27.699583333333333,33.46,22.89,10.57,72.03041666666667,4.755833333333333,1
TNP_0005,2018-06-08,3.93039,6.81991,0.5763111243403505,28.74833333333333,35.16,22.97,12.189999999999998,66.41916666666667,5.50875,1
TNP_0005,2018-06-09,4.221889999999999,6.85722,0.615685365206308,27.304166666666664,32.4,23.07,9.329999999999998,68.075,6.138750000000001,1
TNP_0005,2018-06-10,5.17867,6.60393,0.7841800261359524,28.18041666666667,33.18,23.23,9.95,72.10125000000001,5.421666666666667,1
TNP_0005,2018-06-11,4.6758500000000005,6.447400000000001,0.7252303254024878,28.125833333333333,33.0,23.94,9.06,73.0775,5.63625,1
TNP_0005,2018-06-12,4.15791,6.27968,0.6621213182837342,28.04875,33.42,23.31,10.110000000000005,72.01375,4.983333333333333,1
TNP_0005,2018-06-13,4.95851,6.55266,0.7567171194598836,27.80625,33.36,23.25,10.11,70.76041666666667,5.2595833333333335,1
TNP_0005,2018-06-14,3.90309,6.82576,0.5718176437495606,28.11208333333333,34.83,22.52,12.31,60.52666666666666,4.648333333333333,1
TNP_0005,2018-06-15,4.81863,6.64378,0.725284401349834,28.44083333333333,36.28,22.39,13.89,59.44791666666666,4.6883333333333335,1
TNP_0005,2018-06-16,5.90525,6.89102,0.8569486084788608,28.06583333333333,35.45,22.19,13.260000000000002,60.61958333333333,4.147916666666666,1
TNP_0005,2018-06-17,5.95488,6.79863,0.8758941139611951,27.812916666666663,35.73,21.56,14.169999999999998,58.67791666666667,4.616666666666666,1
TNP_0005,2018-06-18,6.08922,6.91388,0.8807239928954509,28.361666666666665,36.13,21.26,14.87,61.431666666666665,5.190416666666667,1
TNP_0005,2018-06-19,6.40651,6.7932,0.9430769004298416,28.78916666666667,35.54,22.79,12.75,66.17333333333333,5.349166666666666,1
TNP_0005,2018-06-20,5.4000900000000005,7.007479999999999,0.7706179682282362,27.649583333333336,32.92,23.61,9.310000000000002,71.79791666666667,4.588333333333334,1
TNP_0005,2018-06-21,5.0452200000000005,6.988689999999999,0.72191211800781,26.980416666666667,31.48,22.55,8.93,71.49958333333333,4.422083333333333,1
TNP_0005,2018-06-22,5.23623,6.64299,0.7882339127411,27.58375,34.21,22.34,11.87,65.45291666666667,4.350833333333333,1
TNP_0005,2018-06-23,5.4001,6.9246300000000005,0.7798395004498435,28.23,34.81,22.35,12.46,63.71625,4.132499999999999,1
TNP_0005,2018-06-24,5.99314,6.70354,0.8940261414118511,28.343333333333334,35.4,22.35,13.049999999999995,60.3775,4.22875,1
TNP_0005,2018-06-25,5.96265,7.01261,0.8502754323996344,27.8725,34.77,22.14,12.630000000000004,59.43291666666666,4.776666666666666,1
TNP_0005,2018-06-26,5.08663,6.89447,0.7377840501155274,27.8325,35.22,22.03,13.189999999999998,65.04375,5.182916666666666,1
TNP_0005,2018-06-27,4.785,6.780390000000001,0.705711618358236,27.61958333333333,34.83,22.55,12.279999999999998,70.6125,4.733333333333333,1
TNP_0005,2018-06-28,4.7662700000000005,6.63654,0.7181859824547129,26.740416666666665,32.62,22.61,10.009999999999998,70.17583333333333,4.869583333333334,1
TNP_0005,2018-06-29,5.93573,6.82367,0.869873543122689,27.22583333333333,33.2,22.45,10.750000000000004,66.64458333333333,3.344583333333333,1
TNP_0005,2018-06-30,5.53178,6.99725,0.7905648647683018,27.845416666666665,34.44,22.35,12.089999999999996,64.80125,2.7304166666666667,1
TNP_0005,2018-07-01,4.76204,6.724810000000001,0.7081300438227993,27.595,33.6,22.4,11.200000000000005,70.09,2.052083333333333,1
TNP_0005,2018-07-02,6.19163,7.01099,0.8831320541036288,26.69,32.89,22.25,10.64,74.32458333333334,3.32875,1
TNP_0005,2018-07-03,5.77335,7.00806,0.8238157207558153,26.491666666666664,31.99,22.27,9.72,74.33583333333333,2.719583333333333,1
TNP_0005,2018-07-04,6.423400000000001,7.01929,0.9151067985508508,27.662916666666664,34.43,21.45,12.98,69.29625,3.3925,1
TNP_0005,2018-07-05,6.8042,6.94892,0.9791737421066872,28.046666666666667,35.64,21.4,14.240000000000002,65.43458333333334,3.890833333333333,1
TNP_0005,2018-07-06,5.24077,6.77958,0.7730228126226107,28.31833333333333,35.23,22.07,13.159999999999997,64.15541666666667,5.095833333333333,1
TNP_0005,2018-07-07,3.53868,6.73349,0.5255343068750381,27.559166666666663,33.44,23.62,9.819999999999997,66.91166666666666,5.638750000000001,1
TNP_0005,2018-07-08,4.24303,6.85308,0.6191420499979571,27.499583333333334,32.85,23.53,9.32,71.27083333333333,4.64625,1
TNP_0005,2018-07-09,4.48769,6.72979,0.6668395299110372,26.30875,30.77,22.55,8.219999999999999,77.36458333333333,4.5929166666666665,1
TNP_0005,2018-07-10,4.69968,6.58512,0.713681755229973,26.512083333333333,31.25,22.69,8.559999999999999,77.73625,4.349166666666666,1
TNP_0005,2018-07-11,3.54732,6.61403,0.5363326141550613,26.11708333333333,31.23,22.62,8.61,76.13458333333334,5.641666666666667,1
TNP_0005,2018-07-12,5.06018,6.6734,0.7582611562322055,27.482916666666668,33.7,22.8,10.900000000000002,67.07916666666667,5.909583333333334,1
TNP_0005,2018-07-13,4.80307,6.64709,0.7225823631092704,27.6375,33.36,22.92,10.439999999999998,68.15708333333333,5.43125,1
TNP_0005,2018-07-14,4.90083,6.79558,0.7211790605069766,27.64583333333333,33.34,23.27,10.070000000000004,69.82291666666667,5.134166666666666,1
TNP_0005,2018-07-15,4.5794,6.65996,0.6876017273377016,27.88083333333333,33.96,23.22,10.740000000000002,66.46708333333333,6.2025,1
TNP_0005,2018-07-16,4.2217,6.72876,0.6274112912334516,27.439166666666665,33.6,22.76,10.84,65.44500000000001,6.565416666666667,1
TNP_0005,2018-07-17,4.98639,6.790229999999999,0.7343477319619514,28.02416666666667,34.47,22.56,11.91,62.88666666666666,6.728333333333333,1
TNP_0005,2018-07-18,5.03816,6.758859999999999,0.7454156470173964,28.0725,34.38,23.34,11.040000000000004,65.05291666666666,5.66,1
TNP_0005,2018-07-19,3.92763,6.6252200000000006,0.5928301248864188,27.364166666666662,33.51,23.29,10.22,71.96666666666667,5.482500000000001,1
TNP_0005,2018-07-20,4.40885,6.683599999999999,0.6596519839607398,27.214583333333334,33.32,23.24,10.080000000000002,70.48875,5.792916666666667,1
TNP_0005,2018-07-21,4.27448,6.84087,0.6248445007725625,27.348333333333333,33.63,22.82,10.810000000000002,68.88583333333334,5.840416666666666,1
TNP_0005,2018-07-22,5.48405,6.79704,0.8068291491590457,28.36625,35.16,22.81,12.349999999999998,63.54958333333334,5.472916666666666,1
TNP_0005,2018-07-23,4.70658,6.72583,0.6997768305175718,28.44333333333333,35.46,22.86,12.6,64.47791666666667,5.40125,1
TNP_0005,2018-07-24,5.04632,6.77636,0.7446947918941733,28.249166666666667,35.05,22.78,12.269999999999996,66.92375,4.742916666666667,1
TNP_0005,2018-07-25,5.97252,6.983350000000001,0.8552514194476862,27.857083333333332,34.01,23.02,10.989999999999998,69.3725,4.097916666666666,1
TNP_0005,2018-07-26,5.12818,6.47617,0.7918538271848948,27.682916666666667,33.52,22.54,10.980000000000004,67.83291666666666,4.419583333333334,1
TNP_0005,2018-07-27,4.87066,6.375,0.7640250980392157,28.82875,36.07,22.45,13.62,62.852916666666665,4.71875,1
TNP_0005,2018-07-28,5.276269999999999,6.141850000000001,0.8590685216994878,28.501666666666665,35.23,23.28,11.949999999999996,66.4725,3.825833333333333,1
TNP_0005,2018-07-29,5.10526,6.03143,0.8464427175644914,27.90875,33.04,23.6,9.439999999999998,68.71333333333332,3.783333333333333,1
TNP_0005,2018-07-30,4.39562,5.76588,0.7623502396858762,27.62875,32.26,23.54,8.719999999999999,70.69041666666666,3.820833333333333,1
TNP_0005,2018-07-31,4.91932,6.159269999999999,0.7986855585158632,27.346666666666668,32.77,22.42,10.35,69.68375,4.407916666666667,1
TNP_0005,2018-08-01,5.504989999999999,6.45943,0.8522408323954279,27.808333333333334,34.54,22.28,12.259999999999998,67.10083333333334,4.547083333333333,1
TNP_0005,2018-08-02,5.6426300000000005,6.19124,0.9113893178103256,28.98,36.43,22.26,14.169999999999998,62.31541666666666,3.7616666666666663,1
TNP_0005,2018-08-03,4.57117,6.3228800000000005,0.7229569436712384,26.46625,31.35,21.8,9.55,65.96416666666666,4.255833333333333,1
TNP_0005,2018-08-04,5.09446,6.300590000000001,0.8085687213419694,28.771666666666665,36.37,21.59,14.779999999999998,59.93291666666667,4.388333333333333,1
TNP_0005,2018-08-05,4.89041,6.05888,0.8071475256152952,28.407916666666665,35.43,23.09,12.34,62.01333333333333,4.9750000000000005,1
TNP_0005,2018-08-06,5.50676,6.473409999999999,0.8506737561810546,28.35,36.58,21.84,14.739999999999998,61.55083333333334,5.832083333333333,1
TNP_0005,2018-08-07,4.6422300000000005,6.639,0.6992363307727067,28.117500000000003,36.22,21.74,14.48,61.72625,6.075833333333333,1
TNP_0005,2018-08-08,5.07993,6.80803,0.7461673935044353,27.2775,33.51,22.6,10.909999999999997,67.75583333333333,5.647916666666667,1
TNP_0005,2018-08-09,5.25549,6.7115,0.7830574387245772,28.23708333333333,35.69,22.5,13.189999999999998,61.105,5.104166666666667,1
TNP_0005,2018-08-10,4.58244,6.66287,0.6877576779976197,27.492500000000003,33.31,22.89,10.420000000000002,67.21249999999999,4.265833333333333,1
TNP_0005,2018-08-11,3.01588,6.85636,0.4398660513741986,27.152083333333334,34.05,22.67,11.379999999999995,65.74875,5.917083333333333,1
TNP_0005,2018-08-12,3.6098,6.43413,0.561039332434999,26.12291666666667,32.03,21.79,10.240000000000002,66.63041666666668,5.530833333333334,1
TNP_0005,2018-08-13,4.6254800000000005,6.55785,0.7053348277255503,27.19125,34.2,21.77,12.430000000000003,64.92291666666667,6.040416666666666,1
TNP_0005,2018-08-14,3.46062,6.8362300000000005,0.5062176082431399,27.52083333333333,34.11,22.67,11.439999999999998,68.56541666666668,6.933333333333334,1
TNP_0005,2018-08-15,4.56364,5.72417,0.7972579430729696,25.639166666666668,29.81,23.03,6.779999999999998,81.13791666666667,5.929166666666667,1
TNP_0005,2018-08-16,4.53185,6.504779999999999,0.6966953532632927,27.3025,33.46,22.82,10.64,67.34666666666666,6.642083333333333,1
TNP_0005,2018-08-17,4.50561,6.275720000000001,0.7179431204706391,28.112916666666667,34.72,23.34,11.38,63.45083333333333,6.259166666666666,1
TNP_0005,2018-08-18,4.1748,6.35991,0.6564243833639155,28.15875,34.84,22.97,11.870000000000005,62.92208333333334,6.0808333333333335,1
TNP_0005,2018-08-19,3.55268,6.35792,0.558780230012331,27.84875,33.66,22.81,10.849999999999998,63.3325,5.468333333333334,1
TNP_0005,2018-08-20,4.584560000000001,6.521859999999999,0.7029528386073913,28.37208333333333,36.06,22.38,13.680000000000003,60.62083333333334,5.460833333333333,1
TNP_0005,2018-08-21,6.02703,6.9878800000000005,0.8624976387688397,28.952916666666667,37.16,22.14,15.019999999999996,57.77916666666667,5.457083333333333,1
TNP_0005,2018-08-22,6.23149,7.04422,0.8846245574385808,28.773750000000003,36.74,22.78,13.96,57.86541666666667,4.627083333333333,1
TNP_0005,2018-08-23,5.93983,7.04889,0.8426617524177565,29.187083333333334,35.67,23.55,12.12,59.5225,3.9445833333333336,1
TNP_0005,2018-08-24,4.95064,7.02286,0.7049321786280803,28.40333333333333,35.02,23.33,11.690000000000005,65.53750000000001,3.36125,1
TNP_0005,2018-08-25,4.90489,6.46548,0.7586273563602393,28.882500000000004,35.65,23.06,12.59,63.07291666666666,2.474166666666666,1
TNP_0005,2018-08-26,5.62143,6.98569,0.80470647852968,28.90041666666667,35.64,23.25,12.39,59.665,3.627916666666666,1
TNP_0005,2018-08-27,4.80858,6.840059999999999,0.703002605240305,27.62375,34.8,21.54,13.259999999999998,67.51333333333334,3.608333333333333,1
TNP_0005,2018-08-28,5.15941,6.949350000000001,0.7424305870333197,27.84375,36.2,21.33,14.870000000000005,67.20708333333333,4.125,1
TNP_0005,2018-08-29,4.87332,6.9543800000000005,0.7007554950980532,28.32375,36.38,21.75,14.630000000000004,65.1225,3.8529166666666663,1
TNP_0005,2018-08-30,5.89495,7.04953,0.8362188684919419,27.5675,34.19,22.8,11.389999999999995,70.28416666666666,3.3575,1
TNP_0005,2018-08-31,4.32574,6.865729999999999,0.630048079373934,26.875416666666663,33.08,22.7,10.38,74.12458333333333,3.0529166666666665,1
TNP_0005,2018-09-01,5.00074,6.74366,0.7415468751390194,27.835,34.44,22.86,11.579999999999998,67.28583333333333,2.8554166666666667,1
TNP_0005,2018-09-02,4.39167,6.6536800000000005,0.6600362506162004,28.183333333333334,33.86,23.3,10.56,63.974583333333335,2.6833333333333336,1
TNP_0005,2018-09-03,6.72909,7.050859999999999,0.954364432140193,29.21583333333333,36.74,22.85,13.89,56.33708333333333,2.129166666666667,1
TNP_0005,2018-09-04,6.7591,7.12323,0.9488813361354328,29.55125,37.14,22.56,14.580000000000002,55.787083333333335,3.2570833333333336,1
TNP_0005,2018-09-05,6.56898,6.87815,0.9550504132651948,29.82708333333333,37.48,23.07,14.409999999999997,54.39458333333334,3.345,1
TNP_0005,2018-09-06,6.35913,7.046519999999999,0.9024497198617192,29.74291666666667,37.88,22.6,15.28,52.76791666666667,4.757916666666667,1
TNP_0005,2018-09-07,6.65004,7.11534,0.9346060764489118,29.59625,38.01,22.05,15.959999999999996,53.005833333333335,4.997083333333333,1
TNP_0005,2018-09-08,6.80951,7.34737,0.9267955744708652,31.00625,38.94,22.64,16.299999999999997,48.76499999999999,3.3008333333333333,1
TNP_0005,2018-09-09,5.46857,6.9418500000000005,0.787768390270605,30.52,36.68,25.17,11.509999999999998,52.78791666666667,1.8895833333333332,1
TNP_0005,2018-09-10,4.105300000000001,6.459779999999999,0.635516999030927,26.883750000000003,31.68,22.74,8.940000000000001,70.07166666666667,1.5620833333333335,1
TNP_0005,2018-09-11,5.85471,6.320810000000001,0.9262594509248022,29.910416666666663,37.2,22.57,14.630000000000004,59.38958333333333,2.1620833333333334,1
TNP_0005,2018-09-12,6.06228,6.56844,0.9229406069020956,30.434583333333336,37.4,24.12,13.279999999999998,59.59291666666667,1.3666666666666665,1
TNP_0005,2018-09-13,5.067270000000001,6.6217,0.765252125587085,29.636666666666667,35.81,24.09,11.720000000000002,62.78125,1.4379166666666665,1
TNP_0005,2018-09-14,5.0978900000000005,6.64419,0.7672703519917402,28.29625,34.58,23.86,10.72,69.70041666666667,2.151666666666667,1
TNP_0005,2018-09-15,5.80692,6.692060000000001,0.8677328057429251,26.940416666666668,32.77,22.36,10.410000000000004,74.1925,2.6808333333333336,1
TNP_0005,2018-09-16,5.175050000000001,6.6972,0.7727184495012842,25.53708333333333,29.81,22.15,7.66,81.63583333333334,1.6404166666666666,1
TNP_0005,2018-09-17,4.4233,6.84169,0.6465215465769423,26.98875,32.89,22.41,10.48,71.51625,2.8579166666666667,1
TNP_0005,2018-09-18,5.2972,6.93163,0.7642069758483935,28.796666666666667,36.53,22.73,13.8,62.094166666666666,3.436666666666667,1
TNP_0005,2018-09-19,4.31733,6.37341,0.6773971861217151,28.3325,36.39,22.1,14.29,61.4125,3.304583333333333,1
TNP_0005,2018-09-20,5.78033,6.57387,0.8792887598933352,28.484583333333333,37.05,21.75,15.299999999999995,57.725,3.5025,1
TNP_0005,2018-09-21,4.05987,6.44603,0.6298248689503463,26.813333333333333,33.49,20.87,12.62,65.08958333333334,3.1025,1
TNP_0005,2018-09-22,6.56848,7.060770000000001,0.9302781424688809,28.59625,35.87,20.54,15.329999999999998,63.60874999999999,1.8504166666666664,1
TNP_0005,2018-09-23,5.84937,6.53182,0.8955191661742056,27.926666666666662,33.75,23.73,10.02,73.16916666666667,1.63375,1
TNP_0005,2018-09-24,6.08934,6.85118,0.8888016370902531,26.785,31.51,23.2,8.310000000000002,77.97625000000001,1.4470833333333333,1
TNP_0005,2018-09-25,5.76467,6.70379,0.8599120795848318,27.16708333333333,31.54,22.96,8.579999999999998,75.85291666666667,1.1708333333333334,1
TNP_0005,2018-09-26,6.13179,6.86645,0.8930073036285125,26.980416666666667,32.65,22.32,10.329999999999998,73.46249999999999,2.063333333333333,1
TNP_0005,2018-09-27,5.78852,6.85333,0.8446288154809415,27.669166666666666,34.97,22.38,12.59,75.17041666666667,2.055,1
TNP_0005,2018-09-28,4.842530000000001,6.75113,0.7172917718959643,26.812083333333334,31.76,22.94,8.82,79.06375,2.0625,1
TNP_0005,2018-09-29,5.385770000000001,6.89324,0.7813118359436203,27.53333333333333,33.52,22.96,10.560000000000002,76.44166666666666,2.3095833333333333,1
TNP_0005,2018-09-30,6.15853,7.0139700000000005,0.8780376876433745,27.409166666666668,33.75,22.79,10.96,76.32375,2.32125,1
TNP_0005,2018-10-01,5.38873,6.9974300000000005,0.7701013086233087,27.177916666666665,32.69,22.59,10.099999999999998,77.34875,2.56,1
TNP_0005,2018-10-02,4.12764,6.84985,0.6025883778476901,27.11458333333333,32.62,23.14,9.479999999999997,77.33,2.51625,1
TNP_0005,2018-10-03,3.98723,6.75814,0.5899892573992253,25.895,29.89,23.15,6.740000000000002,82.82833333333333,2.349166666666666,1
TNP_0005,2018-10-04,1.48276,6.71732,0.2207368414784467,25.237916666666667,29.76,22.11,7.650000000000002,83.17,3.2,1
TNP_0005,2018-10-05,2.93808,6.50533,0.4516419612840547,25.444166666666664,29.56,22.12,7.439999999999998,85.30875,3.3375,1
TNP_0005,2018-10-06,3.36918,6.59611,0.510782870510043,25.56375,30.35,21.99,8.360000000000003,84.41333333333334,2.936666666666667,1
TNP_0005,2018-10-07,5.66734,6.60634,0.8578638096131898,26.50333333333333,31.46,21.91,9.55,78.81708333333334,1.8945833333333333,1
TNP_0005,2018-10-08,4.26058,6.37497,0.6683294195894255,25.73875,29.41,22.41,7.0,80.64999999999999,1.6566666666666665,1
TNP_0005,2018-10-09,5.2879700000000005,6.17645,0.8561503776441161,25.566666666666663,29.9,21.98,7.919999999999998,80.3225,1.8529166666666663,1
TNP_0005,2018-10-10,5.60655,6.14022,0.9130861760653528,26.375416666666663,31.91,19.64,12.27,71.73125,2.018333333333333,1
TNP_0005,2018-10-11,5.90109,6.25558,0.9433321930180736,27.444166666666664,34.53,19.12,15.41,57.55416666666667,1.7333333333333334,1
TNP_0005,2018-10-12,5.79359,6.057519999999999,0.9564293638320632,27.55333333333333,34.24,21.79,12.450000000000005,69.41875,1.4529166666666669,1
TNP_0005,2018-10-13,5.21402,6.11859,0.8521603833562961,26.857916666666668,32.15,22.22,9.93,77.08916666666666,1.93,1
TNP_0005,2018-10-14,4.75052,5.944190000000001,0.7991871053919877,26.67875,31.29,22.67,8.619999999999997,81.53375,1.54875,1
TNP_0005,2018-10-15,4.62519,6.17989,0.748425942856588,26.27083333333333,30.46,23.03,7.43,81.52791666666667,1.2904166666666663,1
TNP_0005,2018-10-16,3.21429,6.41407,0.501131107081775,25.469583333333333,28.79,22.62,6.169999999999998,85.42708333333333,1.7483333333333333,1
TNP_0005,2018-10-17,4.73329,6.2873,0.7528334897332719,24.587083333333336,27.98,21.35,6.629999999999999,83.4475,1.7166666666666668,1
TNP_0005,2018-10-18,3.99219,6.25558,0.6381806323314545,25.62,30.73,21.18,9.55,79.59416666666667,1.5820833333333333,1
TNP_0005,2018-10-19,4.44739,6.174939999999999,0.7202320994212091,25.370416666666667,30.34,21.44,8.899999999999999,81.46291666666666,2.0154166666666664,1
TNP_0005,2018-10-20,5.46224,6.18468,0.8831887826047587,25.707083333333333,31.72,21.07,10.65,73.73958333333333,2.1533333333333333,1
TNP_0005,2018-10-21,3.0385500000000003,6.41811,0.4734337678849382,25.875416666666663,31.75,20.87,10.88,77.73791666666666,2.6437500000000003,1
TNP_0005,2018-10-22,5.03367,6.19879,0.8120407369825401,25.2175,32.29,18.65,13.64,72.21208333333333,2.554583333333333,1
TNP_0005,2018-10-23,5.278779999999999,6.2216700000000005,0.8484506571386781,24.83625,32.98,18.2,14.779999999999998,66.33291666666666,2.69375,1
TNP_0005,2018-10-24,5.8781300000000005,6.25932,0.9391004134634434,25.07625,32.96,18.14,14.82,71.43124999999999,2.7470833333333338,1
TNP_0005,2018-10-25,5.29033,6.03229,0.8770019345886886,25.12125,32.55,18.07,14.479999999999997,71.67916666666666,3.5075000000000003,1
TNP_0005,2018-10-26,5.14841,5.63872,0.9130458685659156,25.589583333333334,32.88,19.53,13.35,73.36458333333333,3.619583333333333,1
TNP_0005,2018-10-27,5.411860000000001,6.04793,0.8948284785042157,25.66708333333333,33.28,19.23,14.05,68.37916666666666,3.5191666666666666,1
TNP_0005,2018-10-28,6.14135,6.21282,0.9884963671891348,25.635,33.59,19.17,14.420000000000002,63.93375,3.471666666666667,1
TNP_0005,2018-10-29,4.63587,6.36155,0.7287327773891582,26.40875,34.49,18.6,15.89,50.94875,2.1566666666666667,1
TNP_0005,2018-10-30,6.05354,6.28991,0.9624207659569056,27.385416666666668,34.9,19.09,15.81,63.0125,2.2341666666666664,1
TNP_0005,2018-10-31,5.183590000000001,6.067939999999999,0.8542586116540376,27.07625,34.0,22.16,11.84,74.63,3.612916666666667,1
TNP_0005,2018-11-01,4.00105,6.1481,0.6507782892275662,26.05375,31.37,22.28,9.09,79.73791666666666,3.03125,1
TNP_0005,2018-11-02,1.86462,5.984730000000001,0.3115629276508714,24.56833333333333,28.14,21.57,6.57,86.24666666666667,2.9566666666666666,1
TNP_0005,2018-11-03,4.32058,6.0513900000000005,0.713981415839997,25.02083333333333,30.34,21.02,9.32,83.98583333333333,3.141666666666667,1
TNP_0005,2018-11-04,5.105980000000001,6.25929,0.8157442777056184,26.153333333333336,32.96,20.84,12.12,77.1725,3.210833333333333,1
TNP_0005,2018-11-05,5.78569,6.40512,0.9032914293565149,26.12125,33.36,20.83,12.53,74.23375,3.1375,1
TNP_0005,2018-11-06,4.34616,6.1641,0.7050761668370078,26.16708333333333,33.39,20.59,12.8,71.83833333333334,3.32125,1
TNP_0005,2018-11-07,5.19288,6.240309999999999,0.8321509668590182,25.24875,33.04,18.91,14.13,66.30583333333333,2.9891666666666663,1
TNP_0005,2018-11-08,3.24873,6.1688,0.5266388924912463,25.90458333333333,32.93,18.56,14.37,73.45083333333334,2.6979166666666665,1
TNP_0005,2018-11-09,5.2959,6.00337,0.8821545232094639,25.88125,33.25,19.95,13.3,70.83333333333333,3.27,1
TNP_0005,2018-11-10,5.6113,5.81033,0.965745491219948,25.8925,33.5,19.58,13.920000000000002,68.17541666666666,3.0741666666666667,1
TNP_0005,2018-11-11,5.30671,5.92339,0.8958906977254578,25.52333333333333,33.76,18.92,14.839999999999996,67.53791666666667,2.54,1
TNP_0005,2018-11-12,5.26382,5.88119,0.8950263467087443,25.516666666666666,33.81,18.57,15.240000000000002,64.31541666666666,1.877916666666667,1
TNP_0005,2018-11-13,5.18328,5.72945,0.9046732234333138,25.69458333333333,34.21,19.09,15.12,56.81375,1.319583333333333,1
TNP_0005,2018-11-14,5.763019999999999,6.0825,0.94747554459515,25.390833333333333,34.59,18.28,16.310000000000002,54.50083333333333,1.774166666666667,1
TNP_0005,2018-11-15,4.2599,5.79739,0.7347961755203635,26.374166666666667,34.16,17.82,16.339999999999996,70.53041666666667,3.5933333333333333,1
TNP_0005,2018-11-16,1.37478,5.86584,0.2343705249376048,24.455416666666668,29.54,21.74,7.800000000000001,87.68958333333335,4.310833333333333,1
TNP_0005,2018-11-17,5.05892,5.73439,0.8822071746079355,26.383750000000003,32.39,21.5,10.89,76.84291666666667,2.06875,1
TNP_0005,2018-11-18,4.56819,5.90013,0.7742524317260807,26.16541666666667,32.41,21.88,10.529999999999998,79.40666666666667,2.4945833333333334,1
TNP_0005,2018-11-19,4.53228,6.00889,0.754262434492893,26.336250000000003,32.95,21.65,11.300000000000004,75.86625,2.775416666666666,1
TNP_0005,2018-11-20,3.77375,5.729010000000001,0.6587089217857884,24.92958333333333,29.72,21.45,8.27,78.80708333333332,3.1175,1
TNP_0005,2018-11-21,2.3094900000000003,5.50336,0.4196509041749041,23.769583333333333,28.02,21.26,6.759999999999998,80.6775,4.444166666666667,1
TNP_0005,2018-11-22,1.93869,5.70427,0.3398664509218532,23.64333333333333,27.27,21.48,5.789999999999999,86.83041666666666,5.595,1
TNP_0005,2018-11-23,1.97518,5.629569999999999,0.3508580584307506,25.1325,29.92,21.76,8.16,83.40333333333334,2.9025,1
TNP_0005,2018-11-24,4.19222,5.38717,0.7781859492089538,25.137083333333333,32.31,20.29,12.020000000000003,76.05624999999999,3.1645833333333333,1
TNP_0005,2018-11-25,4.08585,5.32646,0.7670854563819122,24.962083333333336,32.02,19.39,12.630000000000004,76.01791666666666,2.782916666666667,1
TNP_0005,2018-11-26,4.3442,5.4663900000000005,0.7947109518347574,23.555833333333336,31.47,16.73,14.739999999999998,72.54375,3.127083333333333,1
TNP_0005,2018-11-27,5.30266,5.73643,0.9243832836799192,22.883750000000003,30.73,16.31,14.420000000000002,71.50916666666667,3.31875,1
TNP_0005,2018-11-28,5.22267,5.538399999999999,0.942992561028456,24.44125,31.86,16.95,14.91,74.76166666666667,3.353333333333333,1
TNP_0005,2018-11-29,1.87802,5.41859,0.3465883191014636,24.385,30.71,19.89,10.82,81.37541666666667,3.591666666666667,1
TNP_0005,2018-11-30,4.45437,5.69634,0.7819705284445801,24.947916666666668,32.21,19.57,12.64,75.71666666666667,3.2100000000000004,1
TNP_0005,2018-12-01,5.12427,5.63551,0.90928238970386,24.505,32.07,18.83,13.240000000000002,69.49499999999999,3.252916666666667,1
TNP_0005,2018-12-02,5.69208,5.96982,0.9534759842005288,24.36208333333333,31.82,18.41,13.41,71.51208333333334,3.126666666666667,1
TNP_0005,2018-12-03,4.471100000000001,5.6152,0.79624946573586,25.457083333333333,32.87,18.78,14.089999999999996,72.16166666666666,3.1916666666666664,1
TNP_0005,2018-12-04,2.9296100000000003,5.5817,0.5248598097353854,24.68458333333333,30.48,20.62,9.86,81.79958333333333,2.78125,1
TNP_0005,2018-12-05,3.73767,5.44402,0.6865643403220414,26.1125,32.74,20.46,12.28,76.89541666666666,2.7091666666666665,1
TNP_0005,2018-12-06,4.13813,5.54101,0.7468187207747324,25.36125,31.67,19.96,11.71,76.71208333333333,2.7325,1
TNP_0005,2018-12-07,4.72234,5.40618,0.873507726342815,25.3775,32.68,19.62,13.06,74.88125000000001,3.2975,1
TNP_0005,2018-12-08,4.03132,5.00686,0.8051593214110241,25.11375,32.81,19.44,13.37,73.98541666666667,3.3695833333333334,1
TNP_0005,2018-12-09,4.69183,5.10602,0.918882025530648,25.058333333333334,32.97,19.14,13.829999999999998,71.4725,3.41,1
TNP_0005,2018-12-10,4.20365,5.19036,0.8098956527100238,25.1125,33.02,19.14,13.880000000000004,68.86083333333333,2.848333333333333,1
TNP_0005,2018-12-11,4.97725,5.20608,0.956045623578585,25.18458333333333,33.38,19.01,14.37,68.31083333333333,2.535416666666667,1
TNP_0005,2018-12-12,4.7477,5.05507,0.9391956985758853,25.47625,33.32,19.22,14.1,67.91958333333334,2.1408333333333336,1
TNP_0005,2018-12-13,3.88074,4.92113,0.788587174084001,25.496666666666663,33.6,18.92,14.68,66.57208333333334,2.504166666666667,1
TNP_0005,2018-12-14,5.46272,5.60679,0.9743043702368022,25.03708333333333,33.07,18.62,14.45,66.80541666666666,3.509583333333333,1
TNP_0005,2018-12-15,4.4827200000000005,5.18213,0.8650342619733585,25.055833333333336,33.01,18.45,14.56,64.74041666666666,4.6883333333333335,1
TNP_0005,2018-12-16,3.70013,5.64342,0.6556538411105323,23.26833333333333,29.6,17.41,12.19,64.03625,2.5766666666666667,1
TNP_0005,2018-12-17,4.45687,5.48458,0.8126182861768814,25.48875,34.25,16.86,17.39,56.88375,2.025416666666666,1
TNP_0005,2018-12-18,4.5579,4.654319999999999,0.9792837621822308,25.569166666666664,33.25,19.65,13.6,65.28083333333333,2.56375,1
TNP_0005,2018-12-19,4.05915,5.17232,0.7847832307359173,23.46625,30.47,17.61,12.86,69.00458333333334,2.904583333333333,1
TNP_0005,2018-12-20,5.21109,5.379689999999999,0.9686599041952234,24.45583333333333,32.61,17.32,15.29,66.32125,2.8808333333333334,1
TNP_0005,2018-12-21,5.03575,5.46754,0.9210266408659106,25.925,33.85,18.92,14.93,65.72166666666666,2.5704166666666666,1
TNP_0005,2018-12-22,3.16493,5.194640000000001,0.6092683997351115,22.8825,25.27,20.16,5.109999999999999,80.01875,3.3625000000000003,1
TNP_0005,2018-12-23,3.08547,5.34997,0.5767265984669073,25.282916666666665,31.7,20.64,11.06,75.03375,3.7779166666666666,1
TNP_0005,2018-12-24,3.70497,5.31221,0.6974441898946013,25.68041666666667,33.24,19.72,13.520000000000003,69.62291666666667,3.279166666666667,1
TNP_0005,2018-12-25,4.77988,5.13133,0.9315089849999902,25.749583333333334,33.59,19.41,14.180000000000003,63.2425,3.1300000000000003,1
TNP_0005,2018-12-26,5.378690000000001,5.404850000000001,0.9951599026800004,25.75708333333333,34.53,19.31,15.220000000000002,63.61875,2.587916666666666,1
TNP_0005,2018-12-27,5.04482,5.1054,0.9881341324871704,26.131666666666664,33.78,19.13,14.650000000000002,61.79375,1.86125,1
TNP_0005,2018-12-28,3.61786,4.56378,0.7927332167632971,25.562083333333334,31.71,20.17,11.54,68.95208333333333,2.737083333333333,1
TNP_0005,2018-12-29,3.0670300000000004,4.59867,0.6669384843878774,24.946250000000003,32.25,18.68,13.57,68.82791666666667,4.4375,1
TNP_0005,2018-12-30,4.496060000000001,5.07742,0.8855009040024265,24.089583333333334,32.01,17.87,14.139999999999995,65.44875,3.945833333333333,1
TNP_0005,2018-12-31,4.939970000000001,5.41841,0.9117010340671896,23.107083333333332,31.75,15.03,16.72,63.61625,3.5795833333333333,1
TNP_0005,2019-01-01,5.86597,5.90247,0.9938161481549248,21.78708333333333,31.79,13.6,18.19,60.13208333333333,3.25125,1
TNP_0005,2019-01-02,5.50515,5.93822,0.9270707383694102,21.805833333333336,31.37,13.15,18.22,64.69166666666666,3.61125,1
TNP_0005,2019-01-03,5.91577,5.93437,0.9968657161585814,22.24083333333333,32.04,14.42,17.619999999999997,63.31875,3.4879166666666666,1
TNP_0005,2019-01-04,5.83101,5.87711,0.9921560086505102,21.905416666666667,31.6,14.12,17.480000000000004,64.34541666666667,3.920833333333333,1
TNP_0005,2019-01-05,5.57282,5.94594,0.9372479372479372,22.510416666666668,32.24,14.04,18.200000000000003,64.28083333333333,3.2495833333333333,1
TNP_0005,2019-01-06,5.29056,5.70815,0.9268431978837276,22.796666666666667,32.18,15.26,16.92,63.95666666666667,3.0325,1
TNP_0005,2019-01-07,5.70892,5.87366,0.9719527517765754,23.767916666666665,32.87,15.15,17.72,63.54083333333333,2.9379166666666667,1
TNP_0005,2019-01-08,5.863779999999999,5.88776,0.995927143769447,23.645416666666662,33.98,15.24,18.739999999999995,57.524166666666666,3.344583333333333,1
TNP_0005,2019-01-09,5.92454,5.93233,0.9986868565976608,23.1725,33.9,14.88,19.02,58.41291666666667,3.089166666666667,1
TNP_0005,2019-01-10,5.94032,5.98586,0.9923920706464904,23.4275,33.55,14.89,18.66,61.17416666666667,3.237083333333333,1
TNP_0005,2019-01-11,5.64675,5.79991,0.9735926936797296,23.77833333333333,33.65,16.4,17.25,61.62083333333334,3.1454166666666663,1
TNP_0005,2019-01-12,5.66209,5.80955,0.9746176554122092,23.4425,33.39,14.92,18.47,59.557500000000005,3.7516666666666665,1
TNP_0005,2019-01-13,4.83986,5.948390000000001,0.8136420106953309,24.044583333333332,33.67,14.52,19.15,60.72916666666666,3.18125,1
TNP_0005,2019-01-14,5.60657,5.699730000000001,0.983655366131378,23.489166666666662,32.48,16.06,16.419999999999998,60.321666666666665,3.339166666666667,1
TNP_0005,2019-01-15,5.222720000000001,5.905939999999999,0.8843164678273063,23.74291666666667,33.92,15.35,18.57,52.27333333333333,3.798333333333333,1
TNP_0005,2019-01-16,5.749029999999999,5.86736,0.9798324970685284,23.78708333333333,33.78,15.02,18.76,56.72208333333333,3.58875,1
TNP_0005,2019-01-17,5.22984,5.42108,0.9647228965446,23.61583333333333,33.03,15.77,17.26,60.91666666666666,3.56625,1
TNP_0005,2019-01-18,4.92606,5.66027,0.8702871064454523,23.309166666666663,32.83,15.36,17.47,60.83375,3.39125,1
TNP_0005,2019-01-19,5.977390000000001,6.07186,0.9844413408741308,23.180000000000003,33.27,15.11,18.160000000000004,57.837916666666665,3.2558333333333334,1
TNP_0005,2019-01-20,5.040019999999999,6.18553,0.8148081086018497,22.97666666666667,33.45,14.6,18.85,56.61541666666667,3.48625,1
TNP_0005,2019-01-21,4.53261,5.87939,0.7709320184576972,23.24458333333333,33.78,14.17,19.61,56.8125,3.219583333333333,1
TNP_0005,2019-01-22,5.82683,5.89537,0.9883739273361978,23.940416666666664,33.9,14.75,19.15,58.66458333333333,2.658333333333333,1
TNP_0005,2019-01-23,5.721550000000001,5.74547,0.9958367200594556,25.16958333333333,34.43,17.67,16.759999999999998,60.35708333333333,2.6054166666666667,1
TNP_0005,2019-01-24,5.84344,5.98629,0.976137140031639,26.15875,34.78,18.45,16.330000000000002,59.46208333333333,2.65,1
TNP_0005,2019-01-25,4.80799,5.82106,0.8259646868439768,26.96875,34.12,20.17,13.949999999999996,61.96541666666667,2.7925,1
TNP_0005,2019-01-26,4.73376,5.847479999999999,0.8095384678528188,27.52125,34.58,21.58,13.0,59.70625,2.995,1
TNP_0005,2019-01-27,4.3766300000000005,5.78167,0.7569837088592051,27.47875,34.75,22.14,12.61,57.95166666666668,3.3341666666666665,1
TNP_0005,2019-01-28,4.22966,5.68903,0.7434764801732457,27.207916666666662,34.61,21.73,12.88,54.79208333333333,3.458333333333333,1
TNP_0005,2019-01-29,5.00512,5.644270000000001,0.8867612640784369,25.879166666666663,32.77,19.28,13.490000000000002,56.750416666666666,3.686666666666667,1
TNP_0005,2019-01-30,5.372649999999999,5.86259,0.9164294279490804,25.8,33.83,18.97,14.86,58.969166666666666,4.2725,1
TNP_0005,2019-01-31,5.25689,6.02653,0.8722913517397242,25.41125,33.72,18.38,15.34,57.97958333333333,3.9483333333333337,1
TNP_0005,2019-02-01,4.81642,6.02231,0.7997628816849348,25.76458333333333,33.68,18.13,15.55,58.18,3.609166666666667,1
TNP_0005,2019-02-02,5.19163,5.989730000000001,0.8667552627580875,26.282916666666665,34.86,19.34,15.52,57.2575,2.9391666666666665,1
TNP_0005,2019-02-03,6.05117,6.23762,0.9701087914941916,27.008750000000003,36.0,19.74,16.26,56.03708333333333,3.869583333333333,1
TNP_0005,2019-02-04,5.17096,6.03885,0.8562822391680535,27.434166666666663,35.91,20.65,15.259999999999998,56.45333333333334,4.482083333333333,1
TNP_0005,2019-02-05,5.15377,5.913189999999999,0.8715718588443802,26.74291666666667,34.33,19.74,14.59,58.651250000000005,3.942916666666666,1
TNP_0005,2019-02-06,5.95353,6.08019,0.9791684141449528,27.19333333333333,36.01,19.55,16.459999999999997,52.13291666666667,3.19375,1
TNP_0005,2019-02-07,5.97088,6.06519,0.984450610780536,27.80958333333333,36.31,20.1,16.21,54.38958333333333,2.855,1
TNP_0005,2019-02-08,6.14011,6.24068,0.9838847689674842,28.739166666666662,37.1,21.02,16.080000000000002,54.105,2.364583333333333,1
TNP_0005,2019-02-09,4.78207,5.82066,0.8215683444832717,29.177916666666665,36.37,22.77,13.599999999999998,58.22208333333333,2.8745833333333333,1
TNP_0005,2019-02-10,5.06819,6.213229999999999,0.8157093814328458,28.09083333333333,35.02,23.16,11.860000000000005,60.9,3.6145833333333335,1
TNP_0005,2019-02-11,4.79241,6.1100200000000005,0.7843525880439016,27.42875,35.21,21.55,13.66,58.434583333333336,4.985833333333333,1
TNP_0005,2019-02-12,5.89216,6.31166,0.9335357100984528,26.67333333333333,35.5,18.98,16.52,57.64833333333333,4.732916666666667,1
TNP_0005,2019-02-13,6.34987,6.53039,0.9723569342719196,26.66541666666667,35.91,18.68,17.229999999999997,56.88833333333333,4.320833333333334,1
TNP_0005,2019-02-14,6.028980000000001,6.47071,0.9317339210071228,27.911666666666665,36.55,19.1,17.449999999999996,59.29666666666666,4.01375,1
TNP_0005,2019-02-15,5.5377600000000005,6.59287,0.839961958904089,28.747083333333336,37.23,21.13,16.099999999999998,55.15375,2.955,1
TNP_0005,2019-02-16,5.81678,6.10106,0.953404818179136,30.332916666666662,38.11,22.29,15.82,49.4025,2.165,1
TNP_0005,2019-02-17,5.50953,6.00087,0.9181218723285124,31.12125,38.03,23.71,14.32,49.990833333333335,2.441666666666667,1
TNP_0005,2019-02-18,5.87139,6.27019,0.9363974616399184,30.575,37.62,24.47,13.15,53.77041666666667,3.032916666666667,1
TNP_0005,2019-02-19,5.33215,6.24182,0.8542620581817483,29.57166666666667,36.94,23.29,13.65,56.95083333333333,3.8958333333333335,1
TNP_0005,2019-02-20,6.25288,6.64969,0.9403265415380266,28.419583333333332,37.34,21.5,15.840000000000003,56.50833333333333,4.1000000000000005,1
TNP_0005,2019-02-21,6.51858,6.90258,0.9443686273828048,27.29375,36.84,18.7,18.140000000000004,54.94541666666667,3.814583333333333,1
TNP_0005,2019-02-22,7.13379,7.16021,0.9963101640873662,26.635416666666668,37.36,18.38,18.98,44.43833333333333,3.810833333333333,1
TNP_0005,2019-02-23,7.13283,7.14505,0.9982897250544084,27.114166666666662,37.79,18.08,19.71,44.66666666666666,3.7279166666666663,1
TNP_0005,2019-02-24,7.09016,7.11704,0.9962231489495632,27.332083333333333,37.98,18.31,19.67,47.55458333333333,3.556666666666666,1
TNP_0005,2019-02-25,7.17112,7.1895500000000006,0.9974365572254174,27.9275,38.79,18.49,20.3,45.95208333333333,2.5775,1
TNP_0005,2019-02-26,6.806439999999999,6.86918,0.9908664498528208,29.67708333333333,38.8,20.02,18.78,49.00125,2.408333333333333,1
TNP_0005,2019-02-27,5.721640000000001,6.4713,0.8841561973637446,31.061666666666667,38.52,23.09,15.430000000000003,49.30375,2.931666666666666,1
TNP_0005,2019-02-28,5.22593,6.18531,0.8448937886702526,30.785,37.39,24.55,12.84,49.98666666666667,2.431666666666666,1
TNP_0005,2019-03-01,5.411849999999999,6.088220000000001,0.8889051315491225,30.40833333333333,38.57,24.13,14.44,54.85333333333333,3.65375,1
TNP_0005,2019-03-02,6.03482,6.79657,0.8879214074157994,29.515833333333333,37.76,23.69,14.069999999999997,52.81375,3.939583333333333,1
TNP_0005,2019-03-03,6.687690000000001,6.84233,0.9773995115698894,29.741666666666664,37.82,23.2,14.62,51.64375,2.872083333333333,1
TNP_0005,2019-03-04,6.22699,6.87332,0.9059653849958972,30.2625,38.86,23.03,15.829999999999998,45.94875,2.355,1
TNP_0005,2019-03-05,6.408600000000001,6.77202,0.9463350669371916,31.96625,40.12,23.3,16.819999999999997,38.38958333333333,2.252083333333333,1
TNP_0005,2019-03-06,6.18404,6.62762,0.933070996828424,33.21791666666667,40.77,25.75,15.020000000000003,39.56208333333333,2.8095833333333338,1
TNP_0005,2019-03-07,6.52843,6.79432,0.9608658408788516,33.083333333333336,41.05,26.14,14.909999999999997,41.656666666666666,3.4762500000000003,1
TNP_0005,2019-03-08,6.12623,6.47304,0.9464223919518494,32.56,39.7,25.71,13.990000000000002,45.17208333333334,3.713333333333333,1
TNP_0005,2019-03-09,5.0381800000000005,6.25187,0.8058676843888309,31.08333333333333,37.63,24.92,12.71,50.83833333333333,3.215,1
TNP_0005,2019-03-10,6.42408,6.81226,0.9430174420823632,31.09375,39.01,24.05,14.959999999999996,49.05375,3.115,1
TNP_0005,2019-03-11,6.97932,7.0065100000000005,0.9961193233150312,29.955416666666665,38.6,21.91,16.69,44.96416666666666,3.374166666666667,1
TNP_0005,2019-03-12,7.13964,7.15273,0.9981699295234128,28.970416666666665,38.31,20.84,17.470000000000002,40.391666666666666,3.2975,1
TNP_0005,2019-03-13,6.96128,7.04047,0.9887521713749224,28.812916666666663,38.3,20.47,17.83,37.912083333333335,3.80125,1
TNP_0005,2019-03-14,6.90459,7.19712,0.9593545751633986,29.396666666666665,38.71,21.07,17.64,34.8625,3.903333333333333,1
TNP_0005,2019-03-15,6.97284,7.06382,0.9871202833594288,28.95208333333333,38.4,20.93,17.47,38.47625,3.904583333333333,1
TNP_0005,2019-03-16,7.01196,7.15768,0.9796414480669714,28.94833333333333,38.29,20.78,17.509999999999998,45.59166666666667,3.4308333333333336,1
TNP_0005,2019-03-17,7.27437,7.341060000000001,0.99091548087061,29.19125,38.14,20.88,17.26,47.645833333333336,2.697083333333333,1
TNP_0005,2019-03-18,7.11655,7.24196,0.9826828648597894,30.1875,38.83,22.04,16.79,50.44125,3.0420833333333337,1
TNP_0005,2019-03-19,6.84921,7.06158,0.9699259938993824,30.819166666666664,39.11,23.41,15.7,47.82,2.9425000000000003,1
TNP_0005,2019-03-20,6.50783,6.91682,0.9408702264913646,29.962083333333336,37.83,22.41,15.419999999999998,49.5925,3.370416666666667,1
TNP_0005,2019-03-21,7.37671,7.38566,0.9987881922536376,29.9175,39.03,22.13,16.900000000000002,47.09708333333333,2.599166666666666,1
TNP_0005,2019-03-22,7.06524,7.23717,0.976243476386488,30.73125,39.81,22.75,17.060000000000002,48.04624999999999,2.7383333333333333,1
TNP_0005,2019-03-23,6.96443,7.17638,0.9704656107954148,31.300833333333333,40.16,23.48,16.679999999999996,46.06375,2.341666666666667,1
TNP_0005,2019-03-24,6.99068,7.1247300000000005,0.981185251932354,31.75333333333333,40.67,23.5,17.17,38.72916666666666,2.6479166666666667,1
TNP_0005,2019-03-25,7.1972700000000005,7.214860000000001,0.9975619762545634,31.185,40.28,23.22,17.060000000000002,40.020833333333336,3.3520833333333333,1
TNP_0005,2019-03-26,7.27692,7.29739,0.99719488748717,30.526666666666667,39.57,22.22,17.35,41.21375,3.392916666666667,1
TNP_0005,2019-03-27,7.521389999999999,7.53104,0.9987186364698634,30.121666666666663,39.51,21.79,17.72,39.62875,2.572083333333333,1
TNP_0005,2019-03-28,7.486759999999999,7.495850000000001,0.9987873289887068,31.131666666666664,41.24,22.03,19.21,34.7925,2.9233333333333333,1
TNP_0005,2019-03-29,7.16063,7.16625,0.9992157683586256,32.09125,41.09,23.77,17.320000000000004,32.005833333333335,2.3833333333333333,1
TNP_0005,2019-03-30,7.16387,7.19319,0.9959239224877976,31.822916666666668,40.51,23.34,17.169999999999998,35.33166666666667,2.82125,1
TNP_0005,2019-03-31,7.25299,7.29847,0.9937685569715295,32.202083333333334,41.16,24.22,16.939999999999998,34.84583333333333,2.1870833333333333,1
TNP_0005,2019-04-01,7.37081,7.38512,0.9980623199081398,32.23375,41.23,23.92,17.309999999999995,39.69583333333333,3.0141666666666667,1
TNP_0005,2019-04-02,7.04347,7.11434,0.9900384294256388,32.09625,40.62,23.81,16.81,41.55416666666667,3.217916666666667,1
TNP_0005,2019-04-03,7.07537,7.234109999999999,0.9780567340004508,31.22666666666667,40.08,23.02,17.06,43.5025,3.619583333333333,1
TNP_0005,2019-04-04,7.47032,7.544560000000001,0.9901597972578916,31.232916666666668,39.54,22.71,16.83,46.14875,3.1491666666666664,1
TNP_0005,2019-04-05,7.25611,7.45303,0.9735785311477344,31.821250000000003,40.57,23.88,16.69,44.93166666666667,3.07125,1
TNP_0005,2019-04-06,7.508190000000001,7.53398,0.9965768425188282,31.710416666666664,40.83,23.5,17.33,40.42208333333333,2.9120833333333334,1
TNP_0005,2019-04-07,7.121270000000001,7.15669,0.995050784650446,32.33291666666667,41.04,23.24,17.8,44.23333333333333,3.0904166666666666,1
TNP_0005,2019-04-08,7.03558,7.24154,0.9715585358915368,32.8075,40.33,24.73,15.599999999999998,46.84833333333333,3.035,1
TNP_0005,2019-04-09,6.34281,7.00058,0.906040642346777,32.91125,40.38,25.93,14.450000000000005,47.03875,3.545833333333333,1
TNP_0005,2019-04-10,7.04546,7.293,0.9660578637049224,32.5,40.39,25.15,15.240000000000002,45.92083333333333,3.3754166666666667,1
TNP_0005,2019-04-11,7.1908,7.42676,0.9682284064652688,32.08875,40.15,24.81,15.34,43.69375,2.8091666666666666,1
TNP_0005,2019-04-12,7.34468,7.47477,0.9825961200143952,32.53,41.26,24.54,16.72,40.86625,2.904166666666667,1
TNP_0005,2019-04-13,7.39269,7.48646,0.9874747210296988,31.9625,40.91,24.2,16.709999999999997,38.84041666666666,3.150416666666666,1
TNP_0005,2019-04-14,7.4077,7.453930000000001,0.9937979025829328,31.909166666666668,40.9,23.79,17.11,33.65625,3.3475,1
TNP_0005,2019-04-15,7.58669,7.6467,0.992152170217218,32.09041666666666,39.97,23.86,16.11,37.05,2.4679166666666665,1
TNP_0005,2019-04-16,7.38213,7.590649999999999,0.9725293617806118,33.091249999999995,41.39,25.28,16.11,40.86833333333333,3.265416666666667,1
TNP_0005,2019-04-17,6.70048,7.231649999999999,0.9265492660734412,32.932916666666664,40.04,26.38,13.66,41.42458333333334,2.8641666666666663,1
TNP_0005,2019-04-18,6.09382,7.02977,0.8668590864281477,32.17791666666667,39.61,26.12,13.489999999999998,49.85,3.37625,1
TNP_0005,2019-04-19,6.49064,7.39955,0.8771668547411666,31.001666666666665,37.1,25.45,11.650000000000002,56.97125,2.1729166666666666,1
TNP_0005,2019-04-20,6.32425,7.39052,0.8557246310137852,29.586250000000003,35.38,24.46,10.920000000000002,67.23541666666667,2.5829166666666667,1
TNP_0005,2019-04-21,6.004989999999999,7.21228,0.8326063325328467,30.10333333333333,36.49,24.37,12.12,60.95,2.089166666666667,1
TNP_0005,2019-04-22,6.26701,7.08314,0.8847785021897068,31.195,39.21,24.7,14.510000000000002,59.42875,1.885,1
TNP_0005,2019-04-23,6.24694,7.17146,0.8710834334988969,30.3925,37.72,24.49,13.23,58.60333333333333,2.191666666666667,1
TNP_0005,2019-04-24,6.88457,7.33663,0.938383154118444,30.74625,38.7,24.21,14.490000000000002,49.36000000000001,2.1979166666666665,1
TNP_0005,2019-04-25,6.73773,7.30438,0.9224232583737428,31.050833333333333,38.59,24.7,13.890000000000004,52.13916666666666,1.9704166666666667,1
TNP_0005,2019-04-26,6.27382,7.07219,0.8871113474044108,31.078333333333333,39.06,24.74,14.320000000000004,52.88208333333333,2.3820833333333336,1
TNP_0005,2019-04-27,6.36469,7.03299,0.9049764040614304,31.9425,40.39,24.68,15.71,52.51041666666666,2.6787500000000004,1
TNP_0005,2019-04-28,5.6286000000000005,7.19748,0.7820237082979044,31.31,37.26,25.1,12.159999999999997,54.35874999999999,2.2154166666666666,1
TNP_0005,2019-04-29,4.81362,7.04676,0.6830969126236739,30.83583333333333,36.25,26.15,10.1,58.81708333333333,1.6116666666666666,1
TNP_0005,2019-04-30,5.13062,6.78355,0.7563325987130631,30.406666666666663,36.67,24.75,11.920000000000002,60.92291666666667,3.487083333333333,1
TNP_0005,2019-05-01,4.90557,6.5856900000000005,0.7448832240813035,29.07875,34.75,23.83,10.920000000000002,64.23333333333333,3.0004166666666667,1
TNP_0005,2019-05-02,5.60258,6.72599,0.8329747739737942,31.714583333333334,40.69,23.69,16.999999999999996,50.53041666666667,3.640833333333333,1
TNP_0005,2019-05-03,6.22105,6.94099,0.8962770440527936,31.3025,40.15,24.32,15.829999999999998,49.23374999999999,3.72125,1
TNP_0005,2019-05-04,5.96643,6.73459,0.8859381194697822,32.38916666666667,40.32,24.3,16.02,48.36416666666667,1.79375,1
TNP_0005,2019-05-05,6.16399,6.6092,0.9326378381649822,33.985,41.57,26.1,15.47,44.51291666666666,2.4391666666666665,1
TNP_0005,2019-05-06,6.38246,6.83426,0.9338918917337063,34.19541666666667,41.44,27.81,13.63,44.57291666666666,2.39,1
TNP_0005,2019-05-07,5.45424,6.71229,0.812575142015616,31.885416666666668,40.61,25.32,15.29,57.91416666666667,3.07625,1
TNP_0005,2019-05-08,4.94596,6.5545100000000005,0.7545888250990539,28.687916666666663,33.78,24.43,9.35,67.64916666666666,3.28,1
TNP_0005,2019-05-09,6.453069999999999,6.61577,0.9754072466243536,30.979166666666668,38.08,24.48,13.599999999999998,58.78958333333333,2.23125,1
TNP_0005,2019-05-10,6.07879,6.794980000000001,0.8946001312733811,32.31875,39.51,24.64,14.869999999999996,54.55708333333333,2.2504166666666667,1
TNP_0005,2019-05-11,6.26023,6.75905,0.926199687825952,32.822916666666664,39.73,26.76,12.969999999999995,52.24458333333333,1.8825,1
TNP_0005,2019-05-12,6.06095,6.64811,0.911680161730176,33.24916666666667,39.7,26.9,12.800000000000004,50.30583333333333,1.7825,1
TNP_0005,2019-05-13,6.27633,6.6965,0.9372552826103188,33.184583333333336,39.64,26.81,12.830000000000002,50.14625,1.6283333333333332,1
TNP_0005,2019-05-14,5.83842,6.49324,0.8991535812629751,33.54083333333333,40.23,26.56,13.669999999999998,49.41125,1.95875,1
TNP_0005,2019-05-15,6.20574,6.51454,0.9525983415559656,31.781666666666663,37.1,26.74,10.360000000000005,57.48541666666667,1.7904166666666663,1
TNP_0005,2019-05-16,6.13075,6.54019,0.9373963141743588,32.180416666666666,39.12,26.58,12.54,54.58958333333334,1.9583333333333333,1
TNP_0005,2019-05-17,5.74653,6.68741,0.8593057700963452,31.135416666666668,35.69,26.4,9.29,62.1075,1.3004166666666668,1
TNP_0005,2019-05-18,6.46144,6.879980000000001,0.9391655208300024,31.35875,38.31,26.0,12.310000000000002,56.998333333333335,1.71,1
TNP_0005,2019-05-19,6.91044,7.09206,0.9743910796016954,33.20041666666666,40.75,26.09,14.66,49.80125,2.5475,1
TNP_0005,2019-05-20,7.019609999999999,7.17037,0.978974585690836,32.475833333333334,40.63,25.2,15.430000000000003,49.1375,2.7237500000000003,1
TNP_0005,2019-05-21,6.91214,7.0265200000000005,0.9837216716098438,31.84125,38.4,25.18,13.22,51.44958333333333,2.017916666666667,1
TNP_0005,2019-05-22,6.38057,6.84752,0.931807428090754,31.68166666666667,37.74,26.68,11.060000000000002,56.048750000000005,1.9741666666666668,1
TNP_0005,2019-05-23,6.35821,6.74665,0.942424758954444,32.8675,38.41,26.68,11.729999999999997,51.86875,1.5375,1
TNP_0005,2019-05-24,5.84116,6.76333,0.8636514852890513,32.16833333333333,37.58,27.26,10.319999999999997,54.689166666666665,2.8516666666666666,1
TNP_0005,2019-05-25,5.83557,6.62743,0.880517787437966,31.82208333333333,38.18,26.55,11.63,56.17458333333334,3.5108333333333337,1
TNP_0005,2019-05-26,6.43295,6.8329,0.941467019859796,31.760416666666668,37.5,26.41,11.09,58.29624999999999,2.8375,1
TNP_0005,2019-05-27,6.6978100000000005,6.86883,0.97510201882999,33.535833333333336,39.61,26.41,13.2,50.82874999999999,2.129166666666667,1
TNP_0005,2019-05-28,5.88783,6.54131,0.9000995213496991,32.587916666666665,38.4,26.75,11.65,59.1375,1.9333333333333331,1
TNP_0005,2019-05-29,5.78751,6.43389,0.8995351179457529,29.46666666666667,34.2,26.08,8.120000000000005,68.34083333333334,2.6025,1
TNP_0005,2019-05-30,5.85903,6.41092,0.9139140716153064,29.87833333333333,34.93,25.32,9.61,67.08,2.368333333333333,1
TNP_0005,2019-05-31,5.78592,6.26483,0.9235557868290122,28.536666666666665,32.76,23.97,8.79,68.35583333333334,2.93,1
TNP_0005,2019-06-01,6.119770000000001,6.50961,0.940113155780454,30.88625,36.94,23.94,12.999999999999996,61.88999999999999,2.4141666666666666,1
TNP_0005,2019-06-02,5.19836,6.370229999999999,0.8160396092448782,29.71,35.44,25.24,10.2,69.98083333333334,3.442916666666666,1
TNP_0005,2019-06-03,5.56222,6.28854,0.8845010129537221,28.86625,33.14,25.3,7.84,69.93583333333333,2.33625,1
TNP_0005,2019-06-04,5.814520000000001,6.3833400000000005,0.910889910297744,29.337083333333336,34.84,24.86,9.980000000000004,72.45333333333333,2.7679166666666664,1
TNP_0005,2019-06-05,5.69255,6.59006,0.8638085237463695,28.9225,34.4,24.64,9.759999999999998,74.06333333333333,2.1679166666666667,1
TNP_0005,2019-06-06,6.33246,6.73328,0.9404718057172732,28.845416666666665,33.04,24.63,8.41,73.86791666666666,1.4079166666666667,1
TNP_0005,2019-06-07,5.704149999999999,6.36945,0.8955482812487734,29.214166666666667,34.04,24.32,9.72,72.74166666666666,2.7533333333333334,1
TNP_0005,2019-06-08,6.061529999999999,6.4633,0.9378382559992572,29.425,34.04,24.3,9.739999999999998,67.70791666666666,2.4370833333333333,1
TNP_0005,2019-06-09,6.34877,6.72754,0.943698588191226,29.269166666666667,36.72,23.69,13.029999999999998,63.08708333333333,4.1225,1
TNP_0005,2019-06-10,5.42671,7.03215,0.7716999779583769,29.245416666666667,36.01,23.69,12.319999999999997,62.81625,4.599583333333333,1
TNP_0005,2019-06-11,6.08539,6.98277,0.8714865304170123,29.32708333333333,35.69,24.17,11.519999999999996,64.29375,5.1225,1
TNP_0005,2019-06-12,5.278639999999999,7.14608,0.7386763092492666,29.24625,34.88,24.28,10.6,65.67625,4.837083333333333,1
TNP_0005,2019-06-13,5.653569999999999,6.95328,0.8130795825854849,28.969166666666663,34.65,23.7,10.95,65.8875,4.49625,1
TNP_0005,2019-06-14,6.05672,7.15666,0.8463053994461104,29.21708333333333,37.09,23.02,14.070000000000004,57.245000000000005,5.5,1
TNP_0005,2019-06-15,6.92879,7.11516,0.9738066325985644,30.212083333333336,38.7,22.9,15.800000000000004,59.02333333333333,4.312916666666667,1
TNP_0005,2019-06-16,6.61483,7.07965,0.9343442119313808,30.415000000000003,37.18,23.87,13.31,62.34333333333333,3.841666666666667,1
TNP_0005,2019-06-17,5.865150000000001,6.95425,0.8433907322860122,30.586250000000003,37.68,24.9,12.78,58.25833333333333,4.394583333333333,1
TNP_0005,2019-06-18,5.19833,6.89346,0.7540959111969896,29.39708333333333,34.88,24.84,10.040000000000004,62.14208333333334,3.487083333333333,1
TNP_0005,2019-06-19,6.31237,7.0113,0.9003137791850297,29.98625,36.74,23.77,12.970000000000002,62.07749999999999,4.673333333333333,1
TNP_0005,2019-06-20,6.34752,6.91788,0.917552776284064,30.195000000000004,37.71,23.7,14.010000000000002,55.72208333333333,4.74625,1
TNP_0005,2019-06-21,4.5964,6.99855,0.6567646155275021,28.459166666666665,34.05,24.0,10.049999999999995,64.20625,4.003333333333333,1
TNP_0005,2019-06-22,5.109970000000001,6.99214,0.730816316606933,28.66375,34.29,23.98,10.31,66.83208333333333,4.631666666666667,1
TNP_0005,2019-06-23,5.793159999999999,7.04615,0.8221738112302462,28.953333333333333,35.45,23.81,11.640000000000004,62.92250000000001,4.559166666666667,1
TNP_0005,2019-06-24,5.6747,6.7652,0.8388074262401702,30.487916666666667,38.39,23.76,14.63,58.67583333333334,4.035833333333334,1
TNP_0005,2019-06-25,6.04345,6.67674,0.9051498186240592,29.395,35.63,24.3,11.330000000000002,66.45083333333334,3.1391666666666667,1
TNP_0005,2019-06-26,4.91477,6.95689,0.7064607892319701,27.437916666666663,31.55,23.8,7.75,73.57291666666667,2.38,1
TNP_0005,2019-06-27,5.7515,6.93756,0.829037874987748,29.43041666666667,35.93,23.76,12.169999999999998,63.50833333333333,4.2175,1
TNP_0005,2019-06-28,6.393689999999999,7.11958,0.89804314299439,30.450833333333332,38.32,23.62,14.7,57.49041666666667,5.080416666666667,1
TNP_0005,2019-06-29,6.35268,7.03696,0.9027591459948616,30.570416666666663,37.91,24.55,13.359999999999996,56.07291666666666,5.274166666666667,1
TNP_0005,2019-06-30,4.56823,6.90338,0.6617381630447693,29.28833333333333,34.89,24.49,10.400000000000002,60.70916666666667,5.105,1
TNP_0005,2019-07-01,5.67836,6.86687,0.8269211445680492,30.5575,37.78,24.44,13.34,57.61666666666667,5.1025,1
TNP_0005,2019-07-02,5.27672,6.63868,0.7948447582953238,28.78458333333333,34.32,24.53,9.79,65.34791666666666,5.01125,1
TNP_0005,2019-07-03,6.4847,7.05811,0.9187587045257158,29.06833333333333,34.22,24.57,9.65,64.51041666666667,4.685,1
TNP_0005,2019-07-04,5.55063,6.88473,0.8062233377343774,28.50791666666667,33.31,24.34,8.970000000000002,67.8125,4.644583333333333,1
TNP_0005,2019-07-05,5.15112,6.8331800000000005,0.7538393544440508,29.03916666666667,34.99,24.22,10.770000000000003,62.59583333333333,5.462083333333333,1
TNP_0005,2019-07-06,4.95087,6.80776,0.7272392093728334,28.735,34.06,24.22,9.840000000000003,64.05958333333334,5.0425,1
TNP_0005,2019-07-07,5.59272,6.85957,0.8153164119616827,29.06,34.99,24.14,10.85,61.59125,4.789583333333334,1
TNP_0005,2019-07-08,6.03565,6.77497,0.8908747935415212,29.93166666666667,36.77,24.11,12.660000000000004,59.09916666666667,4.56625,1
TNP_0005,2019-07-09,5.35953,6.95382,0.770731770451349,28.892916666666665,35.23,22.99,12.239999999999998,61.78,4.999583333333333,1
TNP_0005,2019-07-10,6.10107,6.96546,0.8759033861367376,28.3625,35.13,22.91,12.220000000000002,62.465833333333336,3.95125,1
TNP_0005,2019-07-11,4.98935,6.81152,0.7324870219862821,29.18375,35.51,23.2,12.31,56.57083333333333,3.220833333333333,1
TNP_0005,2019-07-12,5.82151,7.0924700000000005,0.8208014979266742,29.388333333333332,35.23,23.95,11.279999999999998,58.43833333333333,2.5741666666666667,1
TNP_0005,2019-07-13,4.53349,6.90491,0.6565603317059888,29.57583333333333,35.55,24.26,11.289999999999996,62.213750000000005,2.7729166666666667,1
TNP_0005,2019-07-14,5.77959,6.98068,0.8279408309792169,27.90833333333333,32.79,24.36,8.43,72.26708333333333,2.9020833333333336,1
TNP_0005,2019-07-15,6.41263,6.99865,0.916266708579512,28.720416666666665,35.63,23.67,11.96,62.47708333333333,3.914583333333333,1
TNP_0005,2019-07-16,5.55347,7.13626,0.7782045497221234,28.5225,34.9,23.56,11.34,63.06583333333333,3.591666666666667,1
TNP_0005,2019-07-17,4.89083,6.87401,0.7114959099564883,28.88125,34.62,23.72,10.9,61.35583333333333,3.53375,1
TNP_0005,2019-07-18,4.345610000000001,6.74883,0.6439056843927022,26.57583333333333,31.25,23.29,7.960000000000001,71.36083333333333,3.0516666666666663,1
TNP_0005,2019-07-19,4.5022,6.70625,0.6713438956197577,26.620416666666667,31.65,23.06,8.59,72.92666666666666,3.1445833333333333,1
TNP_0005,2019-07-20,5.17588,7.05804,0.7333310664150388,27.535,33.83,23.0,10.829999999999998,67.20541666666666,4.537083333333333,1
TNP_0005,2019-07-21,4.501189999999999,7.16766,0.6279859814779161,28.73333333333333,35.24,23.68,11.560000000000002,62.31625,5.551666666666667,1
TNP_0005,2019-07-22,2.73645,7.18145,0.3810442180896615,26.27375,30.08,22.46,7.619999999999997,72.55958333333334,3.6329166666666666,1
TNP_0005,2019-07-23,5.43129,7.16345,0.7581947246089523,27.4325,34.37,22.35,12.019999999999996,69.13333333333334,3.9891666666666654,1
TNP_0005,2019-07-24,6.70403,7.10981,0.9429267448778518,28.31083333333333,34.96,22.3,12.66,66.07291666666667,3.605,1
TNP_0005,2019-07-25,5.37257,6.91887,0.7765097479790775,27.71333333333333,34.02,22.54,11.480000000000004,66.27125,4.083333333333333,1
TNP_0005,2019-07-26,3.68399,6.75737,0.5451810393688669,27.8025,34.88,22.42,12.46,65.46,4.1554166666666665,1
TNP_0005,2019-07-27,3.43874,6.96603,0.4936441559970313,28.41333333333333,35.4,22.55,12.849999999999998,62.98500000000001,3.865833333333333,1
TNP_0005,2019-07-28,5.58009,6.5654,0.849923843177872,28.83333333333333,36.49,22.97,13.520000000000003,60.835,4.482083333333334,1
TNP_0005,2019-07-29,4.989109999999999,6.75078,0.7390420069977098,29.137083333333333,36.53,23.14,13.39,61.215,4.685416666666667,1
TNP_0005,2019-07-30,4.9369700000000005,6.982399999999999,0.7070591773602202,28.75625,36.96,22.67,14.29,56.84333333333333,4.077083333333333,1
TNP_0005,2019-07-31,6.2922,7.11048,0.8849191615755899,28.980833333333333,36.32,22.66,13.66,57.50541666666667,3.723333333333333,1
TNP_0005,2019-08-01,6.26828,7.25698,0.8637587536413218,30.19541666666667,38.09,23.21,14.880000000000004,57.29,4.699166666666667,1
TNP_0005,2019-08-02,4.911,6.89885,0.7118577733970154,28.77916666666667,34.97,24.05,10.919999999999998,60.69416666666667,4.937083333333333,1
TNP_0005,2019-08-03,4.537,6.94599,0.6531826276743847,28.22958333333333,34.18,22.72,11.46,61.992916666666666,5.1425,1
TNP_0005,2019-08-04,4.90415,6.90161,0.7105805746775028,28.8225,36.38,22.52,13.860000000000005,59.46333333333334,5.6925,1
TNP_0005,2019-08-05,3.6873,6.787139999999999,0.5432774334992354,27.325416666666666,33.36,22.99,10.37,64.30416666666666,5.6000000000000005,1
TNP_0005,2019-08-06,3.21712,6.70796,0.4795973738662723,27.99375,34.41,22.97,11.439999999999998,63.1275,6.440416666666667,1
TNP_0005,2019-08-07,4.03676,6.73735,0.5991613913482304,26.83333333333333,31.18,23.48,7.699999999999999,70.73791666666666,6.400833333333334,1
TNP_0005,2019-08-08,3.7912,6.62488,0.5722669693639734,27.055000000000003,32.46,23.02,9.44,74.30541666666666,6.758333333333333,1
TNP_0005,2019-08-09,3.49164,6.50549,0.5367220609054814,26.96,32.63,22.94,9.69,72.80208333333333,6.13625,1
TNP_0005,2019-08-10,3.97263,6.724069999999999,0.5908073532845435,27.73875,33.67,22.98,10.69,64.3325,5.692916666666666,1
TNP_0005,2019-08-11,5.05016,6.56204,0.7696021359211465,28.09125,35.48,22.96,12.519999999999996,61.63833333333333,5.29875,1
TNP_0005,2019-08-12,5.318689999999999,6.49256,0.8191976662518328,28.907916666666665,36.21,22.82,13.39,59.02666666666667,5.1425,1
TNP_0005,2019-08-13,4.91496,6.431610000000001,0.7641881270786007,28.249166666666667,34.61,23.22,11.39,66.56666666666666,4.008333333333334,1
TNP_0005,2019-08-14,5.37827,6.775729999999999,0.7937550640300012,27.26625,34.71,22.59,12.12,73.26583333333333,4.591666666666667,1
TNP_0005,2019-08-15,5.70761,7.16909,0.796141490761031,28.496666666666663,35.91,22.4,13.509999999999998,64.88583333333334,3.6183333333333336,1
TNP_0005,2019-08-16,4.50168,6.79378,0.6626178651649008,27.44083333333333,33.83,22.93,10.9,71.98458333333333,3.62625,1
TNP_0005,2019-08-17,3.23545,6.64778,0.4866963106480659,25.852500000000003,29.94,22.77,7.170000000000002,80.44333333333333,3.0558333333333336,1
TNP_0005,2019-08-18,3.10531,6.74474,0.4604047005518374,24.950833333333332,27.98,22.58,5.400000000000002,84.44083333333333,2.4604166666666667,1
TNP_0005,2019-08-19,6.18471,6.97325,0.8869192987487899,26.875416666666663,31.29,22.61,8.68,78.8625,2.3666666666666667,1
TNP_0005,2019-08-20,4.42967,6.86816,0.6449573102548573,26.3725,30.4,23.31,7.09,80.93916666666667,2.8370833333333336,1
TNP_0005,2019-08-21,5.47539,6.70954,0.8160604154681246,25.7025,30.26,22.4,7.860000000000003,82.27291666666666,2.9929166666666664,1
TNP_0005,2019-08-22,4.03451,6.83029,0.5906791658919314,25.23958333333333,29.88,21.94,7.939999999999998,81.32375,3.3541666666666665,1
TNP_0005,2019-08-23,5.6589,6.7673000000000005,0.8362123742112807,25.27208333333333,30.33,21.07,9.259999999999998,75.85541666666667,4.4675,1
TNP_0005,2019-08-24,5.39409,6.92934,0.7784421027110807,25.92,30.85,20.97,9.880000000000004,75.07333333333334,3.755,1
TNP_0005,2019-08-25,5.446899999999999,6.93391,0.7855452407083449,26.15458333333333,32.66,21.24,11.419999999999998,71.36874999999999,4.175,1
TNP_0005,2019-08-26,5.199949999999999,7.05186,0.7373870156242466,26.77416666666667,33.37,21.24,12.13,70.4975,4.3825,1
TNP_0005,2019-08-27,5.73388,7.06751,0.8113012928174137,27.112916666666667,33.55,21.19,12.359999999999996,69.18041666666666,4.309583333333333,1
TNP_0005,2019-08-28,5.4093800000000005,7.13045,0.7586309419461605,27.4025,34.39,22.57,11.82,68.99916666666667,4.064166666666667,1
TNP_0005,2019-08-29,6.23151,7.13895,0.872888870212006,25.99083333333333,31.17,22.04,9.130000000000004,78.58958333333334,4.172916666666667,1
TNP_0005,2019-08-30,6.45066,7.083060000000001,0.9107165547094052,26.40125,32.44,21.87,10.569999999999997,70.59583333333333,4.198333333333333,1
TNP_0005,2019-08-31,5.2846,6.949929999999999,0.7603817592407407,26.273750000000003,31.47,22.28,9.189999999999998,75.77791666666667,4.37125,1
TNP_0005,2019-09-01,3.94113,6.7681,0.5823096585452342,26.21166666666667,30.94,22.14,8.8,77.12291666666667,3.45,1
TNP_0005,2019-09-02,4.67369,6.88804,0.6785224824478371,26.222916666666663,32.17,21.68,10.490000000000002,76.64541666666666,3.389583333333333,1
TNP_0005,2019-09-03,4.67611,6.83438,0.6842039804634801,27.06625,33.36,21.68,11.68,74.44916666666667,4.041666666666667,1
TNP_0005,2019-09-04,4.84435,6.71135,0.7218145380586619,26.613333333333333,33.01,21.83,11.18,72.55291666666666,4.645416666666667,1
TNP_0005,2019-09-05,4.553529999999999,6.92341,0.6577004684107975,27.24416666666667,33.66,22.32,11.339999999999996,70.6425,4.8812500000000005,1
TNP_0005,2019-09-06,5.34729,6.79654,0.7867665017788463,27.269166666666667,32.95,22.14,10.810000000000002,72.7925,4.589583333333334,1
TNP_0005,2019-09-07,5.55298,6.84417,0.811344545795911,27.949166666666667,35.1,22.14,12.96,68.20375,5.050833333333333,1
TNP_0005,2019-09-08,5.3345,6.86864,0.7766457406415244,27.5275,35.16,21.85,13.309999999999995,67.15125,4.940833333333333,1
TNP_0005,2019-09-09,5.36974,6.92026,0.7759448344426366,27.398750000000003,33.09,21.65,11.440000000000005,70.05,3.5483333333333333,1
TNP_0005,2019-09-10,5.69654,6.80965,0.8365393228726881,28.515,35.23,22.96,12.269999999999996,70.24666666666667,3.37875,1
TNP_0005,2019-09-11,5.26669,6.75464,0.779714388923762,26.687083333333334,31.27,23.2,8.07,80.70291666666667,2.955833333333333,1
TNP_0005,2019-09-12,5.300739999999999,6.7418000000000005,0.7862499629179149,25.55708333333333,29.3,22.15,7.150000000000002,83.57000000000001,2.387083333333333,1
TNP_0005,2019-09-13,5.83082,6.72849,0.866586708161861,25.615416666666665,30.61,21.93,8.68,82.59041666666667,2.688333333333333,1
TNP_0005,2019-09-14,5.82017,6.7970500000000005,0.8562788268439985,27.092916666666667,32.52,21.76,10.760000000000002,76.21291666666666,2.55125,1
TNP_0005,2019-09-15,5.23804,6.74182,0.77694747115764,27.067083333333333,32.67,22.84,9.830000000000002,76.15333333333334,2.7104166666666667,1
TNP_0005,2019-09-16,5.62284,6.89228,0.8158171171223456,27.07333333333333,33.01,22.28,10.729999999999997,77.46666666666667,3.0400000000000005,1
TNP_0005,2019-09-17,4.5006,6.58895,0.6830526866951487,26.110416666666666,30.8,22.06,8.740000000000002,80.86041666666667,2.0970833333333334,1
TNP_0005,2019-09-18,4.66549,6.62589,0.7041303130598304,26.75208333333333,31.92,23.27,8.650000000000002,78.91333333333334,2.862083333333333,1
TNP_0005,2019-09-19,4.30204,6.608560000000001,0.6509799411672134,25.144583333333333,29.64,21.61,8.030000000000001,83.20291666666667,3.018333333333333,1
TNP_0005,2019-09-20,5.39237,6.672860000000001,0.8081047706680492,25.697916666666668,29.88,21.45,8.43,76.33833333333334,2.08125,1
TNP_0005,2019-09-21,5.41164,6.5322700000000005,0.8284470788868188,27.410416666666663,32.73,22.51,10.219999999999995,75.83416666666666,1.8125,1
TNP_0005,2019-09-22,4.60384,6.52496,0.7055736740148598,25.27958333333333,27.59,23.12,4.469999999999999,88.28791666666666,1.5325,1
TNP_0005,2019-09-23,5.31321,6.6683900000000005,0.7967755335245839,25.300833333333333,28.39,22.72,5.670000000000002,88.69625,2.0541666666666667,1
TNP_0005,2019-09-24,5.509,6.567609999999999,0.8388135105464546,25.52916666666667,29.26,22.56,6.700000000000003,86.335,1.9766666666666663,1
TNP_0005,2019-09-25,4.82964,6.67719,0.7233042642189305,25.034166666666664,27.9,22.57,5.329999999999998,89.35916666666667,3.6970833333333335,1
TNP_0005,2019-09-26,4.92065,6.63578,0.7415330224932111,25.17833333333333,28.68,22.28,6.399999999999999,80.52916666666667,2.1016666666666666,1
TNP_0005,2019-09-27,5.67911,6.72842,0.8440480826107764,26.07208333333333,31.7,21.84,9.86,78.35875,1.88,1
TNP_0005,2019-09-28,5.69438,6.57194,0.8664686530917811,26.044583333333332,30.83,22.32,8.509999999999998,81.12666666666667,1.8883333333333332,1
TNP_0005,2019-09-29,5.53488,6.67454,0.829252652617259,25.105833333333333,29.45,21.74,7.710000000000001,82.49416666666666,2.353333333333333,1
TNP_0005,2019-09-30,4.443350000000001,6.83095,0.6504732138282378,24.7075,27.78,21.57,6.210000000000001,83.10208333333334,2.0375,1
TNP_0005,2019-10-01,5.83169,6.8310900000000006,0.8536983116896424,26.19666666666667,29.77,22.22,7.550000000000001,78.39833333333333,1.2308333333333332,1
TNP_0005,2019-10-02,6.52867,6.7716,0.9641251698269242,26.52958333333333,31.96,22.16,9.8,80.645,1.6875,1
TNP_0005,2019-10-03,6.027810000000001,6.60358,0.912809415498866,26.55541666666667,32.1,22.0,10.1,80.00166666666667,1.7837500000000002,1
TNP_0005,2019-10-04,6.12438,6.69886,0.91424212477944,26.67833333333333,31.06,22.52,8.54,80.29958333333333,1.3370833333333334,1
TNP_0005,2019-10-05,5.85492,6.5217,0.8977597865587194,26.11125,30.82,22.35,8.469999999999999,82.36458333333333,1.997083333333333,1
TNP_0005,2019-10-06,5.94976,6.75733,0.8804897792471288,26.36875,30.93,22.26,8.669999999999998,80.46958333333333,1.8025,1
TNP_0005,2019-10-07,6.12304,6.67016,0.9179749811098984,25.99375,29.76,22.5,7.260000000000002,83.33749999999999,1.6191666666666666,1
TNP_0005,2019-10-08,5.97608,6.54666,0.9128441067658928,26.63458333333333,31.19,22.35,8.84,80.40833333333333,1.6141666666666667,1
TNP_0005,2019-10-09,5.02386,6.4622,0.7774225495961128,26.8975,31.11,23.28,7.829999999999998,80.49458333333334,2.1079166666666667,1
TNP_0005,2019-10-10,5.08524,6.4013,0.7944073859997187,26.354166666666668,30.52,23.13,7.390000000000001,81.89166666666667,2.2654166666666664,1
TNP_0005,2019-10-11,5.58926,6.41155,0.8717486411242211,25.83333333333333,29.94,22.4,7.540000000000003,83.09916666666668,1.935,1
TNP_0005,2019-10-12,5.57886,6.68462,0.8345814720956464,26.16333333333333,31.23,22.36,8.870000000000001,80.9425,1.8766666666666667,1
TNP_0005,2019-10-13,5.5458,6.69616,0.8282060165826384,25.8,29.96,22.41,7.550000000000001,85.33916666666666,1.8458333333333328,1
TNP_0005,2019-10-14,6.18668,6.64675,0.9307827133561516,26.133750000000003,30.59,22.8,7.789999999999999,83.60416666666667,2.15,1
TNP_0005,2019-10-15,3.66292,6.35896,0.5760250103790557,25.58,29.29,22.72,6.57,86.72916666666667,2.3475,1
TNP_0005,2019-10-16,4.10383,6.41722,0.6395027753450871,24.578333333333333,27.85,21.66,6.190000000000001,89.34083333333332,2.512916666666667,1
TNP_0005,2019-10-17,3.70192,6.56061,0.5642646034438871,25.15416666666667,29.45,21.56,7.890000000000001,86.40458333333333,2.7412500000000004,1
TNP_0005,2019-10-18,4.5774300000000006,6.43183,0.711683921994207,24.886666666666667,28.2,22.15,6.050000000000001,88.19625,1.8995833333333327,1
TNP_0005,2019-10-19,4.612010000000001,6.29183,0.7330156727057153,24.899583333333336,28.73,21.99,6.740000000000002,88.76416666666667,2.255416666666666,1
TNP_0005,2019-10-20,4.2464,6.17197,0.6880137136116993,24.646666666666665,28.06,22.06,6.0,88.765,2.67375,1
TNP_0005,2019-10-21,3.3758,6.2412,0.5408895725181054,24.730416666666667,28.09,22.03,6.059999999999999,88.73541666666667,1.5795833333333331,1
TNP_0005,2019-10-22,2.71994,6.37521,0.4266432007729941,24.995416666666667,29.12,21.89,7.23,88.09458333333333,1.9783333333333333,1
TNP_0005,2019-10-23,5.44428,6.300560000000001,0.8640946201607475,24.809583333333336,28.66,21.73,6.93,87.82916666666667,2.2558333333333334,1
TNP_0005,2019-10-24,4.01718,6.18249,0.6497673267566951,24.215416666666663,28.46,21.55,6.91,88.25375000000001,2.8841666666666668,1
TNP_0005,2019-10-25,4.50819,6.36745,0.7080055595253987,24.145,27.89,21.39,6.5,85.41583333333334,2.0995833333333334,1
TNP_0005,2019-10-26,4.65807,6.17546,0.7542871300275606,24.78125,28.47,21.47,7.0,86.11958333333332,2.1083333333333334,1
TNP_0005,2019-10-27,4.55818,6.19512,0.7357694443368329,24.793333333333333,28.04,22.05,5.989999999999998,85.64833333333333,1.3866666666666667,1
TNP_0005,2019-10-28,2.65462,6.31255,0.4205305304512439,24.54125,27.81,22.19,5.619999999999997,88.48166666666667,2.0125,1
TNP_0005,2019-10-29,3.13743,6.23851,0.5029133559135115,23.582916666666662,26.37,21.99,4.380000000000003,87.97458333333333,3.4720833333333334,1
TNP_0005,2019-10-30,2.76332,6.32866,0.4366358755249926,23.92333333333333,26.91,22.28,4.629999999999999,92.42,3.3487500000000003,1
TNP_0005,2019-10-31,3.8663,6.14636,0.6290389759141997,24.067083333333333,27.01,21.95,5.060000000000002,91.7225,2.877083333333333,1
TNP_0005,2019-11-01,5.737850000000001,6.23954,0.9195950342493198,25.26833333333333,29.27,21.94,7.329999999999998,82.93124999999999,1.4054166666666663,1
TNP_0005,2019-11-02,5.414899999999999,6.248399999999999,0.866605851097881,24.534166666666668,28.06,21.1,6.959999999999997,85.90708333333333,2.105,1
TNP_0005,2019-11-03,5.15456,5.80684,0.8876704024908556,24.866666666666664,28.92,21.0,7.920000000000002,85.3575,1.90375,1
TNP_0005,2019-11-04,5.50842,5.80545,0.9488360075446348,24.686666666666667,30.19,19.91,10.28,81.64874999999999,1.9266666666666667,1
TNP_0005,2019-11-05,5.74389,5.77129,0.9952523612571887,26.042916666666667,30.94,19.72,11.220000000000002,76.56833333333334,1.3395833333333331,1
TNP_0005,2019-11-06,4.918279999999999,5.356310000000001,0.9182216861981474,26.639166666666668,31.3,22.8,8.5,78.48666666666666,0.9091666666666668,1
TNP_0005,2019-11-07,4.65941,5.15512,0.9038412296900944,25.53,28.86,22.74,6.120000000000001,85.91541666666667,1.305416666666667,1
TNP_0005,2019-11-08,4.3590100000000005,5.08042,0.858001897480917,25.67458333333333,29.02,22.87,6.149999999999999,87.09291666666667,0.9858333333333332,1
TNP_0005,2019-11-09,4.6588400000000005,5.08326,0.9165063364848542,25.061666666666667,29.09,22.76,6.329999999999998,88.4325,1.5575,1
TNP_0005,2019-11-10,4.42893,5.34499,0.8286133369753732,25.92958333333333,29.99,22.33,7.66,83.32125,1.60625,1
TNP_0005,2019-11-11,4.58976,5.60975,0.8181754980168456,24.041666666666668,27.55,20.42,7.129999999999999,85.85125,1.9179166666666667,1
TNP_0005,2019-11-12,5.45897,5.86174,0.9312883205328112,23.40625,27.26,19.62,7.640000000000001,88.12958333333334,2.515,1
TNP_0005,2019-11-13,5.61819,5.94307,0.9453346502733436,24.11791666666667,29.1,19.38,9.720000000000002,86.39999999999999,3.0058333333333334,1
TNP_0005,2019-11-14,4.07027,5.96039,0.6828865225262105,24.495,29.1,20.24,8.860000000000003,87.51583333333333,2.8195833333333336,1
TNP_0005,2019-11-15,4.51446,5.99642,0.7528592059929091,24.70583333333333,29.26,21.02,8.240000000000002,88.36125,2.9858333333333333,1
TNP_0005,2019-11-16,4.3278,5.83916,0.7411682502277726,24.65958333333333,29.14,20.78,8.36,87.52749999999999,2.566666666666667,1
TNP_0005,2019-11-17,5.67174,5.949190000000001,0.9533633990509632,24.709166666666665,29.57,20.45,9.12,83.50916666666667,2.5795833333333333,1
TNP_0005,2019-11-18,4.100899999999999,5.972899999999999,0.6865844062348273,25.0625,29.98,20.72,9.260000000000002,88.14666666666666,3.005416666666666,1
TNP_0005,2019-11-19,5.4269,6.06369,0.8949830878557445,25.17458333333333,29.96,21.56,8.400000000000002,85.30958333333334,2.384583333333333,1
TNP_0005,2019-11-20,3.65209,5.93875,0.6149593769732687,24.692916666666665,28.8,21.37,7.43,88.48375,2.6020833333333333,1
TNP_0005,2019-11-21,3.6064,5.6439200000000005,0.6389885044437199,24.718333333333334,29.56,20.96,8.599999999999998,87.32208333333334,3.045,1
TNP_0005,2019-11-22,2.27862,5.73255,0.3974880288876678,23.94708333333333,28.54,19.95,8.59,85.78625,3.40375,1
TNP_0005,2019-11-23,4.0351,5.85308,0.6893977188078755,23.43583333333333,28.48,19.51,8.969999999999999,85.7275,3.682916666666667,1
TNP_0005,2019-11-24,4.331989999999999,5.64616,0.7672453490513905,23.9975,29.02,19.25,9.77,85.84041666666667,3.2891666666666666,1
TNP_0005,2019-11-25,4.47201,5.652690000000001,0.7911295330187927,23.829166666666666,29.12,19.45,9.670000000000002,85.16458333333334,3.732916666666666,1
TNP_0005,2019-11-26,5.47042,5.9082,0.9259029822957924,23.8875,29.18,19.14,10.04,83.95708333333333,3.6466666666666665,1
TNP_0005,2019-11-27,3.53371,5.72444,0.6173023038061365,24.766666666666666,29.95,20.89,9.06,85.61458333333333,3.7391666666666654,1
TNP_0005,2019-11-28,3.34402,5.760890000000001,0.5804693372031057,24.57708333333333,28.79,21.56,7.23,89.30583333333334,3.545,1
TNP_0005,2019-11-29,3.81402,5.71357,0.6675371090229052,24.6675,29.62,20.92,8.7,88.05666666666667,3.8679166666666656,1
TNP_0005,2019-11-30,1.6983199999999998,5.5173000000000005,0.3078172294419371,24.701666666666668,28.44,20.8,7.640000000000001,90.31166666666668,3.747916666666667,1
TNP_0005,2019-12-01,1.95963,5.56984,0.3518287778464014,24.013333333333332,26.86,21.98,4.879999999999999,92.69333333333331,3.001666666666667,1
TNP_0005,2019-12-02,3.13249,5.49595,0.5699633366387977,23.99375,27.6,21.66,5.940000000000001,89.34333333333332,2.9633333333333334,1
TNP_0005,2019-12-03,3.16643,5.52816,0.572781902115713,23.39208333333333,28.09,19.35,8.739999999999998,87.59916666666668,3.7779166666666666,1
TNP_0005,2019-12-04,3.70367,5.30662,0.6979339014287815,23.32208333333333,28.85,18.95,9.900000000000002,85.8575,4.12625,1
TNP_0005,2019-12-05,4.1032,4.78354,0.8577747860371189,22.59,28.1,17.92,10.18,84.82583333333334,4.1425,1
TNP_0005,2019-12-06,3.85459,5.34991,0.7204962326469044,22.54625,27.74,17.6,10.139999999999995,83.94125000000001,3.931666666666666,1
TNP_0005,2019-12-07,4.029780000000001,5.50103,0.7325500860747898,22.88416666666667,28.96,18.71,10.25,86.81625000000001,3.829166666666667,1
TNP_0005,2019-12-08,3.00801,5.71457,0.5263755628157499,22.782916666666665,28.16,18.4,9.760000000000002,84.73375,3.20875,1
TNP_0005,2019-12-09,5.429279999999999,5.97799,0.9082116229702624,22.4225,28.27,17.0,11.27,83.3575,3.4375,1
TNP_0005,2019-12-10,4.72504,5.77372,0.8183701322544218,22.669583333333332,28.75,16.87,11.88,81.80458333333333,2.9600000000000004,1
TNP_0005,2019-12-11,5.55629,5.7245,0.9706157743034326,23.058333333333334,29.52,17.8,11.72,79.6025,2.834583333333333,1
TNP_0005,2019-12-12,5.38112,5.690729999999999,0.9455939747624648,23.648750000000003,29.88,17.52,12.36,81.61666666666666,2.8937500000000003,1
TNP_0005,2019-12-13,3.67818,5.60369,0.656385346084455,24.48625,29.91,19.46,10.45,82.62666666666667,3.5075000000000003,1
TNP_0005,2019-12-14,2.42327,5.5652,0.4354326888521527,23.692916666666665,28.59,19.86,8.73,87.59083333333332,3.696250000000001,1
TNP_0005,2019-12-15,4.484319999999999,5.50634,0.8143921370638209,23.219583333333333,29.07,18.75,10.32,83.56583333333333,3.3366666666666664,1
TNP_0005,2019-12-16,5.0124,5.685,0.881688654353562,23.914166666666663,29.3,18.59,10.71,83.66916666666667,3.14,1
TNP_0005,2019-12-17,2.75514,5.35999,0.5140196157082383,23.42333333333333,29.36,18.52,10.84,80.83749999999999,4.050416666666666,1
TNP_0005,2019-12-18,3.61236,5.36307,0.6735619710352467,24.02875,30.13,18.28,11.849999999999998,81.39125,4.054583333333333,1
TNP_0005,2019-12-19,3.77431,5.4643500000000005,0.6907152726307794,23.60458333333333,29.79,18.83,10.96,81.66041666666666,3.857916666666666,1
TNP_0005,2019-12-20,3.579,5.46031,0.6554572908864149,23.95083333333333,30.09,18.67,11.419999999999998,80.49458333333332,3.5079166666666666,1
TNP_0005,2019-12-21,3.81152,5.34475,0.7131334487113522,22.65416666666667,27.27,18.91,8.36,83.96083333333333,2.59875,1
TNP_0005,2019-12-22,4.94857,5.43406,0.9106579610825056,23.526666666666667,30.15,18.3,11.849999999999998,78.19041666666666,3.0425,1
TNP_0005,2019-12-23,3.98283,5.32124,0.74847779840789,23.18208333333333,29.73,18.0,11.73,77.57583333333334,2.955,1
TNP_0005,2019-12-24,2.01527,5.53565,0.3640530019058286,24.418333333333333,30.41,18.44,11.97,81.41541666666667,3.05125,1
TNP_0005,2019-12-25,2.40805,5.47624,0.4397268929046207,24.26125,30.19,20.22,9.970000000000002,82.9425,3.36125,1
TNP_0005,2019-12-26,4.7837700000000005,5.59551,0.8549301136089472,24.33875,31.27,19.35,11.919999999999998,77.54166666666667,2.4545833333333333,1
TNP_0005,2019-12-27,4.679939999999999,5.76781,0.8113894181673806,23.98,31.47,18.3,13.169999999999998,76.78,2.658333333333333,1
TNP_0005,2019-12-28,5.139390000000001,5.56616,0.9233277519870072,23.93875,30.68,18.13,12.55,76.87625,2.9795833333333337,1
TNP_0005,2019-12-29,4.736400000000001,5.376810000000001,0.8808940617206112,24.052916666666665,30.68,18.94,11.739999999999998,77.19291666666666,3.1675,1
TNP_0005,2019-12-30,4.726859999999999,5.104970000000001,0.9259329633670714,24.11625,30.62,18.73,11.89,78.18083333333333,3.0187500000000003,1
TNP_0005,2019-12-31,4.3408500000000005,5.31661,0.8164695172299643,24.55708333333333,31.26,19.47,11.790000000000004,78.34,3.03125,1
TNP_0005,2020-01-01,2.93078,5.31771,0.5511357332385557,25.11458333333333,31.56,19.59,11.97,79.22916666666667,2.982083333333333,1
TNP_0005,2020-01-02,4.41905,5.45842,0.8095840920999117,25.60125,32.21,20.4,11.810000000000002,77.23916666666666,2.6758333333333333,1
TNP_0005,2020-01-03,4.91038,5.5654200000000005,0.8823017849506416,26.07166666666667,32.88,20.21,12.670000000000002,76.49249999999999,2.429583333333333,1
TNP_0005,2020-01-04,4.99674,5.64968,0.8844288526075813,26.671666666666667,33.22,21.69,11.529999999999998,75.33583333333333,2.091666666666667,1
TNP_0005,2020-01-05,4.43604,5.33583,0.8313683157072097,26.055000000000003,32.36,21.12,11.239999999999998,76.27458333333333,3.01625,1
TNP_0005,2020-01-06,3.17903,5.697220000000001,0.5579967071659511,24.930833333333336,31.66,19.52,12.14,77.435,3.640833333333333,1
TNP_0005,2020-01-07,4.37729,5.7593000000000005,0.760038546351119,24.627916666666668,31.83,19.25,12.579999999999998,75.43458333333334,3.445,1
TNP_0005,2020-01-08,5.43013,5.77765,0.9398509774735402,24.589583333333334,32.24,18.69,13.55,71.47333333333333,2.967916666666667,1
TNP_0005,2020-01-09,5.73379,5.75816,0.9957677452519554,24.2825,32.45,18.15,14.300000000000004,69.67875,2.70125,1
TNP_0005,2020-01-10,5.49674,5.7916300000000005,0.9490834186576144,23.675,31.41,16.97,14.44,73.39958333333333,3.487083333333333,1
TNP_0005,2020-01-11,5.79902,5.94014,0.97624298417209,22.73625,30.97,16.58,14.39,69.43916666666667,3.356666666666667,1
TNP_0005,2020-01-12,5.18696,5.58608,0.9285509695528886,23.777916666666663,31.68,16.98,14.7,72.42833333333333,3.29125,1
TNP_0005,2020-01-13,4.739850000000001,5.59271,0.847505055688566,23.772916666666664,31.9,17.35,14.549999999999995,70.0725,2.668333333333333,1
TNP_0005,2020-01-14,5.15077,5.82186,0.884729278958958,23.33875,32.1,16.37,15.73,65.99208333333333,2.65,1
TNP_0005,2020-01-15,6.10437,6.13529,0.99496030342494,22.6425,31.35,15.96,15.39,65.8725,2.995,1
TNP_0005,2020-01-16,6.058260000000001,6.17354,0.9813267590393844,23.479166666666668,31.71,15.61,16.1,68.44166666666668,2.728333333333333,1
TNP_0005,2020-01-17,5.57185,6.066859999999999,0.9184075452540524,25.139166666666668,32.94,17.28,15.659999999999997,70.80541666666666,2.9425000000000003,1
TNP_0005,2020-01-18,3.00148,5.78249,0.5190635867939244,25.425416666666667,32.22,20.13,12.09,77.29666666666667,3.3866666666666667,1
TNP_0005,2020-01-19,4.7935,5.92455,0.8090909858132685,25.03375,32.33,19.25,13.079999999999998,74.24791666666667,3.4204166666666667,1
TNP_0005,2020-01-20,6.0374300000000005,6.09975,0.9897831878355672,24.785833333333333,33.43,17.4,16.03,68.25791666666667,3.35625,1
TNP_0005,2020-01-21,6.030139999999999,6.14915,0.9806461055593048,24.317916666666665,32.91,17.0,15.909999999999997,66.65458333333333,3.73875,1
TNP_0005,2020-01-22,5.62516,6.01976,0.9344492139221496,24.84583333333333,33.14,17.43,15.71,69.74541666666667,4.014166666666667,1
TNP_0005,2020-01-23,4.58371,6.00841,0.7628823598922178,24.79375,33.13,17.27,15.860000000000005,72.4025,3.9658333333333338,1
TNP_0005,2020-01-24,6.31811,6.334059999999999,0.9974818678698972,23.4725,33.45,15.41,18.040000000000003,60.78125,3.580833333333333,1
TNP_0005,2020-01-25,6.15846,6.3706000000000005,0.966700153831664,23.379166666666663,33.78,15.03,18.75,57.31125,2.6404166666666664,1
TNP_0005,2020-01-26,6.38536,6.40962,0.9962150642315768,24.387500000000003,33.92,16.69,17.23,61.16708333333333,2.279166666666667,1
TNP_0005,2020-01-27,6.07473,6.084059999999999,0.9984664845514344,25.05333333333333,34.16,17.62,16.539999999999996,61.54458333333333,2.14875,1
TNP_0005,2020-01-28,5.93951,5.99457,0.9908150209272728,25.51708333333333,34.05,18.86,15.189999999999998,65.1575,2.4625,1
TNP_0005,2020-01-29,6.17298,6.21635,0.9930232371085926,25.89,35.0,18.97,16.03,63.2175,2.2725,1
TNP_0005,2020-01-30,6.29016,6.32109,0.9951068565706233,26.24875,35.83,19.16,16.669999999999998,61.72666666666667,2.220833333333333,1
TNP_0005,2020-01-31,6.199479999999999,6.276,0.9878075207138304,26.113333333333333,35.15,19.48,15.669999999999998,63.22833333333333,2.8295833333333333,1
TNP_0005,2020-02-01,5.54817,6.04783,0.9173819369922764,25.649583333333336,33.42,19.28,14.14,67.46,3.137916666666667,1
TNP_0005,2020-02-02,5.706060000000001,6.20451,0.9196632771967488,25.361666666666665,33.74,18.14,15.6,62.6675,3.669166666666667,1
TNP_0005,2020-02-03,6.10899,6.3231,0.9661384447502016,25.631666666666664,34.1,17.87,16.23,60.57083333333333,3.5179166666666664,1
TNP_0005,2020-02-04,5.41742,6.1428,0.8819137852445138,26.20583333333333,34.2,18.5,15.700000000000005,62.25083333333333,3.5108333333333337,1
TNP_0005,2020-02-05,5.5451,6.39583,0.8669867710680239,25.85625,34.23,18.92,15.309999999999995,59.986250000000005,3.3295833333333333,1
TNP_0005,2020-02-06,6.07316,6.45406,0.9409828851916467,26.093333333333334,34.85,18.68,16.17,58.1925,2.86375,1
TNP_0005,2020-02-07,5.86387,6.24705,0.9386622485813304,26.58458333333333,34.37,19.11,15.259999999999998,59.153333333333336,2.921666666666667,1
TNP_0005,2020-02-08,5.32472,6.03387,0.8824717801344742,27.15,34.89,20.57,14.32,57.73041666666666,2.5975,1
TNP_0005,2020-02-09,5.35508,6.024649999999999,0.8888615936195464,26.77541666666667,34.42,20.61,13.810000000000002,61.07291666666666,3.6825,1
TNP_0005,2020-02-10,5.35264,6.20451,0.8627014864993368,26.669583333333332,34.52,20.55,13.970000000000002,62.17416666666667,4.5529166666666665,1
TNP_0005,2020-02-11,5.24059,6.43808,0.8139988940802226,26.25958333333333,34.9,18.82,16.08,59.26458333333333,4.482916666666667,1
TNP_0005,2020-02-12,4.7763,6.1713000000000005,0.7739536240338339,26.37333333333333,34.77,18.36,16.410000000000004,60.7,4.234583333333333,1
TNP_0005,2020-02-13,6.48001,6.55477,0.9885945654843724,26.401666666666667,35.9,18.56,17.34,54.52166666666667,3.6329166666666666,1
TNP_0005,2020-02-14,6.39633,6.41206,0.9975468102294738,26.96875,36.33,18.76,17.569999999999997,55.372083333333336,2.3775,1
TNP_0005,2020-02-15,6.558260000000001,6.56306,0.999268633838484,27.25791666666667,37.53,18.26,19.27,51.835,2.48125,1
TNP_0005,2020-02-16,6.86296,6.8718,0.9987135830495648,26.07875,36.61,17.07,19.54,50.838750000000005,3.3641666666666663,1
TNP_0005,2020-02-17,6.96807,6.9922200000000005,0.9965461613049932,25.75375,36.06,16.72,19.340000000000003,52.9425,3.1779166666666665,1
TNP_0005,2020-02-18,6.8863900000000005,6.90607,0.9971503329679544,26.140833333333333,35.91,17.36,18.55,53.34916666666667,3.599166666666666,1
TNP_0005,2020-02-19,6.158189999999999,6.73103,0.9148956400432028,24.85833333333333,33.24,17.2,16.040000000000003,61.442083333333336,3.2175,1
TNP_0005,2020-02-20,6.75183,6.96995,0.9687056578598126,25.38083333333333,35.4,16.87,18.53,57.48291666666666,3.77125,1
TNP_0005,2020-02-21,6.24991,6.84038,0.913678772231952,26.85166666666667,36.06,16.49,19.570000000000004,58.825,4.315416666666667,1
TNP_0005,2020-02-22,5.3472,6.56162,0.8149207055574691,27.116666666666664,36.02,19.86,16.160000000000004,61.94583333333333,5.01375,1
TNP_0005,2020-02-23,5.29689,6.7450600000000005,0.78529916709414,26.9975,35.59,19.43,16.160000000000004,59.83416666666667,4.394583333333333,1
TNP_0005,2020-02-24,5.80804,6.52634,0.8899383115191669,27.297916666666666,35.74,20.39,15.35,57.98500000000001,3.58625,1
TNP_0005,2020-02-25,6.889480000000001,6.92581,0.9947544041779952,28.547083333333333,37.35,21.04,16.310000000000002,56.09583333333333,3.06875,1
TNP_0005,2020-02-26,6.00915,6.57993,0.9132543963233652,28.59958333333333,37.17,21.67,15.5,54.66416666666667,3.56,1
TNP_0005,2020-02-27,5.86363,6.37691,0.9195096057494933,28.845,36.88,22.15,14.730000000000004,54.39041666666666,3.83125,1
TNP_0005,2020-02-28,5.16323,6.183949999999999,0.8349404506828162,28.32875,36.03,22.29,13.740000000000002,57.55416666666667,4.082083333333333,1
TNP_0005,2020-02-29,5.84984,6.37354,0.9178321623462,28.705,36.99,22.1,14.89,54.29833333333334,3.6479166666666663,1
TNP_0005,2020-03-01,6.10767,6.590059999999999,0.9268003629708986,28.774166666666662,36.8,22.74,14.06,54.57916666666667,3.455,1
TNP_0005,2020-03-02,5.93465,6.29467,0.9428055799589176,27.883750000000003,34.38,22.64,11.740000000000002,53.78958333333333,1.4570833333333333,1
TNP_0005,2020-03-03,5.73763,6.07449,0.9445451387688514,29.49458333333333,36.58,23.03,13.549999999999995,45.35874999999999,2.1275,1
TNP_0005,2020-03-04,4.941529999999999,5.82303,0.848618331006366,29.531666666666663,37.07,23.62,13.45,50.44291666666667,2.80125,1
TNP_0005,2020-03-05,5.35212,5.6451,0.9481001222298984,30.271666666666665,37.53,23.65,13.880000000000004,44.461666666666666,3.138333333333333,1
TNP_0005,2020-03-06,5.00561,5.56917,0.8988071831170533,30.05541666666667,36.72,24.36,12.36,52.75875,3.98,1
TNP_0005,2020-03-07,4.78388,5.81363,0.822873144661769,29.885416666666668,37.01,24.4,12.61,57.91041666666666,3.8533333333333335,1
TNP_0005,2020-03-08,5.42159,6.69712,0.8095405189096209,29.94541666666667,37.46,23.61,13.85,55.35625,3.4600000000000004,1
TNP_0005,2020-03-09,5.6271,6.90402,0.8150468857274458,29.969583333333333,38.78,23.21,15.57,51.88625,3.141666666666667,1
TNP_0005,2020-03-10,6.978560000000001,7.13945,0.9774646506383546,29.8325,39.17,22.35,16.82,48.345,2.839166666666667,1
TNP_0005,2020-03-11,6.796849999999999,7.2089,0.9428414876055984,29.426666666666662,38.4,22.06,16.34,48.205000000000005,2.387083333333333,1
TNP_0005,2020-03-12,6.332439999999999,7.12763,0.888435566941606,29.27916666666667,38.71,20.83,17.880000000000003,45.626666666666665,2.939166666666667,1
TNP_0005,2020-03-13,7.094720000000001,7.24235,0.9796157324625296,29.2825,38.35,20.48,17.87,48.61000000000001,3.4254166666666666,1
TNP_0005,2020-03-14,7.08698,7.20089,0.9841811220557458,29.9025,39.22,21.94,17.279999999999998,50.84708333333333,3.467916666666667,1
TNP_0005,2020-03-15,7.08742,7.159560000000001,0.9899239618077088,29.874166666666667,39.02,23.25,15.770000000000003,51.15375,4.065,1
TNP_0005,2020-03-16,6.506819999999999,7.10738,0.9155019149109798,30.082083333333333,39.32,22.4,16.92,52.11000000000001,3.575,1
TNP_0005,2020-03-17,6.55075,7.253109999999999,0.9031642977977724,29.4475,38.96,21.55,17.41,51.27916666666667,3.736666666666667,1
TNP_0005,2020-03-18,7.19617,7.29561,0.986369885451662,29.689166666666665,38.28,21.36,16.92,48.1475,2.8608333333333333,1
TNP_0005,2020-03-19,7.2349,7.31235,0.989408329743516,30.50958333333333,39.95,21.83,18.120000000000005,43.102916666666665,2.305833333333333,1
TNP_0005,2020-03-20,6.78971,6.92508,0.9804522113823956,31.574166666666667,39.46,22.61,16.85,43.72125,2.4483333333333333,1
TNP_0005,2020-03-21,6.17912,6.79774,0.9089962252160276,30.98583333333333,37.56,24.54,13.020000000000003,46.88375,2.76125,1
TNP_0005,2020-03-22,6.52909,6.98665,0.9345093857571224,31.64833333333333,39.33,24.13,15.2,43.4025,2.98875,1
TNP_0005,2020-03-23,6.24853,6.823510000000001,0.9157354499370556,30.935,38.86,24.54,14.32,45.71333333333333,3.4287500000000004,1
TNP_0005,2020-03-24,6.735720000000001,7.02568,0.958728550118992,30.92458333333333,39.44,23.46,15.979999999999997,46.38875,3.400416666666666,1
TNP_0005,2020-03-25,6.61767,7.07458,0.935415247265562,30.445833333333336,38.86,22.98,15.88,48.23291666666666,3.3504166666666664,1
TNP_0005,2020-03-26,6.680980000000001,7.232439999999999,0.9237518735032716,30.249166666666667,39.18,22.63,16.55,49.39166666666667,3.951666666666666,1
TNP_0005,2020-03-27,6.781689999999999,7.29346,0.9298316574026592,30.102500000000003,38.81,22.79,16.020000000000003,47.68541666666667,3.30875,1
TNP_0005,2020-03-28,7.535810000000001,7.54218,0.9991554166036876,30.2075,39.61,22.11,17.5,43.335,2.4633333333333334,1
TNP_0005,2020-03-29,7.47655,7.53706,0.9919716706514212,30.16375,39.83,21.74,18.09,39.855,2.3158333333333334,1
TNP_0005,2020-03-30,7.54332,7.5582,0.9980312772882431,30.008750000000003,40.07,21.17,18.9,38.4875,3.442083333333333,1
TNP_0005,2020-03-31,7.30963,7.38876,0.989290489879222,30.220416666666665,39.88,20.62,19.26,41.80375,3.44625,1
TNP_0005,2020-04-01,7.45113,7.46468,0.9981847848802629,30.8125,39.92,22.09,17.830000000000002,42.662083333333335,3.210833333333333,1
TNP_0005,2020-04-02,7.15048,7.167560000000001,0.9976170412246286,31.44375,40.47,23.32,17.15,44.717083333333335,3.311666666666667,1
TNP_0005,2020-04-03,7.3027,7.34156,0.9947068470461318,30.87375,40.2,22.6,17.6,47.5525,3.1316666666666664,1
TNP_0005,2020-04-04,7.49805,7.52915,0.99586938764668,31.343333333333334,40.1,22.55,17.55,48.8125,3.1670833333333337,1
TNP_0005,2020-04-05,6.35112,7.236110000000001,0.877698100222357,31.69,38.97,25.32,13.65,52.82875000000001,3.26125,1
TNP_0005,2020-04-06,5.6004700000000005,6.80667,0.8227914677808679,31.942916666666665,39.19,25.17,14.019999999999996,52.97416666666667,2.9250000000000003,1
TNP_0005,2020-04-07,3.84736,6.614739999999999,0.5816343499517744,28.9675,32.73,25.79,6.939999999999998,57.975,1.1245833333333333,1
TNP_0005,2020-04-08,5.92801,6.74709,0.8786024789946482,31.669166666666666,38.12,25.69,12.429999999999996,49.50291666666666,2.099166666666666,1
TNP_0005,2020-04-09,6.34183,6.978800000000001,0.908727861523471,29.349166666666665,36.21,22.59,13.62,62.92291666666667,2.765,1
TNP_0005,2020-04-10,5.29659,7.28089,0.7274646368781839,29.67958333333333,37.66,22.44,15.219999999999995,55.99041666666667,2.950416666666667,1
TNP_0005,2020-04-11,6.75132,7.071470000000001,0.9547265278647862,29.79833333333333,38.13,22.92,15.21,52.91583333333333,2.895,1
TNP_0005,2020-04-12,7.46775,7.48325,0.9979287074466308,30.371666666666663,38.84,22.83,16.010000000000005,45.26958333333334,2.8312500000000003,1
TNP_0005,2020-04-13,7.449899999999999,7.46429,0.9980721542169448,30.815,39.64,23.04,16.6,42.965833333333336,2.784166666666667,1
TNP_0005,2020-04-14,7.47592,7.51786,0.9944212847805094,31.117500000000003,40.23,22.67,17.559999999999995,44.43625,3.2425,1
TNP_0005,2020-04-15,7.386310000000001,7.63359,0.9676063293941646,31.44875,40.11,23.41,16.7,46.92166666666666,2.68875,1
TNP_0005,2020-04-16,7.307300000000001,7.45289,0.9804652960126876,31.757500000000004,39.84,24.12,15.720000000000002,47.59166666666667,2.67,1
TNP_0005,2020-04-17,6.80255,7.24011,0.9395644541312218,32.39083333333333,40.34,24.65,15.690000000000005,48.01666666666667,3.39875,1
TNP_0005,2020-04-18,6.85078,7.43924,0.920897833649674,32.629583333333336,40.3,25.47,14.829999999999998,48.250416666666666,3.4654166666666666,1
TNP_0005,2020-04-19,6.610600000000001,7.50762,0.8805187263074051,32.00875,39.73,24.92,14.809999999999995,50.580000000000005,3.5866666666666664,1
TNP_0005,2020-04-20,7.32366,7.59412,0.9643856035985736,31.85291666666667,40.06,24.2,15.860000000000005,48.94583333333333,3.333333333333333,1
TNP_0005,2020-04-21,7.40767,7.73554,0.9576151115500664,32.6,40.77,23.96,16.810000000000002,44.81583333333333,2.8720833333333338,1
TNP_0005,2020-04-22,6.85171,7.49281,0.9144379745382571,33.545833333333334,41.19,25.58,15.61,42.817083333333336,3.384583333333333,1
TNP_0005,2020-04-23,6.76309,7.20129,0.9391497912179624,33.37375,40.72,27.15,13.57,49.25375,2.8875,1
TNP_0005,2020-04-24,5.89608,6.908860000000001,0.8534085218111236,32.725833333333334,39.62,27.18,12.439999999999998,51.28458333333333,3.4958333333333336,1
TNP_0005,2020-04-25,5.85178,6.66059,0.8785678145629741,32.975,39.65,27.27,12.38,50.61333333333334,3.2983333333333333,1
TNP_0005,2020-04-26,3.32752,7.18504,0.463117811452685,29.6825,33.55,25.91,7.639999999999997,63.864583333333336,2.398333333333333,1
TNP_0005,2020-04-27,6.42266,6.82911,0.940482727617508,31.565,38.67,25.85,12.82,58.427083333333336,2.174583333333333,1
TNP_0005,2020-04-28,5.13416,6.76742,0.7586583956662952,29.781666666666663,34.51,25.64,8.869999999999997,59.88708333333333,2.0820833333333333,1
TNP_0005,2020-04-29,4.52289,6.83612,0.6616165310146692,28.9325,33.74,24.83,8.910000000000004,66.70875,2.263333333333333,1
TNP_0005,2020-04-30,6.36827,7.08112,0.8993308968072846,30.640416666666667,36.87,24.73,12.139999999999995,54.47416666666667,1.9604166666666665,1
TNP_0005,2020-05-01,6.539149999999999,7.04404,0.9283238028177012,32.31125,39.81,25.06,14.750000000000004,51.85791666666666,2.125833333333333,1
TNP_0005,2020-05-02,5.872769999999999,6.70897,0.8753608974253871,32.69625,40.38,25.91,14.470000000000002,49.95416666666667,2.0641666666666665,1
TNP_0005,2020-05-03,6.30405,7.02018,0.8979897951334581,32.73041666666666,40.68,25.51,15.169999999999998,48.925,2.891666666666667,1
TNP_0005,2020-05-04,6.12193,7.29026,0.8397409694578793,33.39541666666667,41.11,25.37,15.739999999999998,43.76499999999999,2.8995833333333336,1
TNP_0005,2020-05-05,6.8938500000000005,7.359109999999999,0.9367776809967512,33.54875,41.27,26.55,14.720000000000002,44.66291666666667,3.609166666666667,1
TNP_0005,2020-05-06,6.142399999999999,7.240519999999999,0.8483368597835514,32.64541666666667,38.41,26.86,11.549999999999995,50.48208333333333,3.02375,1
TNP_0005,2020-05-07,6.17618,7.26261,0.8504077735139297,32.165416666666665,37.6,26.67,10.93,53.55375,2.8800000000000003,1
TNP_0005,2020-05-08,6.01687,7.27757,0.826769100125454,32.264583333333334,38.51,26.44,12.069999999999997,51.41875,3.0729166666666665,1
TNP_0005,2020-05-09,6.7589,7.41373,0.911673341219602,33.18458333333333,40.97,26.3,14.669999999999998,49.475,3.954583333333333,1
TNP_0005,2020-05-10,6.42986,7.28353,0.8827944691653635,33.209583333333335,40.62,26.12,14.499999999999996,48.37958333333333,3.275416666666666,1
TNP_0005,2020-05-11,6.08872,7.29483,0.8346623567649966,31.645416666666662,37.67,26.84,10.830000000000002,52.209583333333335,3.231666666666667,1
TNP_0005,2020-05-12,6.10146,7.18234,0.8495086559533523,29.96375,34.99,25.15,9.840000000000003,49.22708333333333,2.8129166666666667,1
TNP_0005,2020-05-13,6.22518,7.41408,0.8396429496309724,33.13041666666667,40.3,24.95,15.349999999999998,39.17958333333333,2.891666666666667,1
TNP_0005,2020-05-14,6.55932,7.34996,0.8924293465542669,32.924166666666665,38.28,27.62,10.66,46.64333333333334,2.21375,1
TNP_0005,2020-05-15,6.34241,7.41066,0.8558495464641476,32.815,39.94,27.62,12.319999999999997,45.427083333333336,1.555,1
TNP_0005,2020-05-16,5.56562,7.19119,0.7739497913419059,33.422916666666666,39.83,27.46,12.369999999999996,43.88291666666667,2.9466666666666668,1
TNP_0005,2020-05-17,5.13294,6.80255,0.7545611572131038,32.162083333333335,39.0,25.34,13.66,53.61833333333333,3.731666666666667,1
TNP_0005,2020-05-18,4.40557,6.50461,0.6772996382565596,31.087083333333336,38.18,24.96,13.22,54.00708333333333,5.858750000000001,1
TNP_0005,2020-05-19,5.336390000000001,6.34117,0.8415465915596019,32.23083333333333,39.73,26.85,12.879999999999995,50.33708333333333,6.59875,1
TNP_0005,2020-05-20,5.87417,6.58872,0.8915494967155988,33.04666666666667,40.28,26.84,13.44,45.99166666666667,5.125,1
TNP_0005,2020-05-21,6.51873,6.84081,0.952917856218781,31.709166666666665,38.03,26.35,11.68,47.73125,5.470416666666666,1
TNP_0005,2020-05-22,6.30066,6.994269999999999,0.9008316807901324,33.4375,40.96,26.25,14.71,45.24333333333333,3.330416666666667,1
TNP_0005,2020-05-23,6.28717,6.92029,0.9085125045337696,34.764583333333334,42.19,27.09,15.099999999999998,43.66958333333333,2.648333333333333,1
TNP_0005,2020-05-24,6.66421,6.92192,0.9627690005085294,34.13875,40.47,28.34,12.13,47.09041666666667,2.807916666666667,1
TNP_0005,2020-05-25,6.07685,6.66373,0.911929204814721,32.71666666666666,37.88,28.04,9.840000000000003,53.68416666666667,2.638333333333333,1
TNP_0005,2020-05-26,6.11988,6.49019,0.9429431187684798,32.12083333333333,37.28,27.61,9.670000000000002,55.4125,2.523333333333333,1
TNP_0005,2020-05-27,5.1046000000000005,6.40286,0.7972374844991146,31.64,36.26,27.3,8.959999999999997,59.055416666666666,3.348333333333333,1
TNP_0005,2020-05-28,6.14051,6.81759,0.9006863129052934,30.63625,36.68,25.75,10.93,64.4225,3.3054166666666664,1
TNP_0005,2020-05-29,5.62018,6.7328,0.834746316539924,30.14208333333333,36.0,25.63,10.37,64.02708333333332,2.094583333333333,1
TNP_0005,2020-05-30,5.04032,6.7169300000000005,0.7503904313428902,30.574583333333333,36.29,25.63,10.66,59.248333333333335,2.1029166666666668,1
TNP_0005,2020-05-31,6.1929300000000005,6.9644,0.889226638332089,30.510416666666668,36.01,25.89,10.119999999999996,63.5275,2.5691666666666664,1
TNP_0005,2020-06-01,5.54249,6.77613,0.8179432803089669,28.60083333333333,33.56,24.61,8.950000000000003,73.53625,2.674583333333333,1
TNP_0005,2020-06-02,5.99302,7.0905,0.84521824977082,27.14833333333333,31.26,23.79,7.470000000000002,75.06833333333334,2.7883333333333336,1
TNP_0005,2020-06-03,6.13771,7.16078,0.8571286926843166,27.367500000000003,31.53,23.33,8.200000000000003,71.99708333333334,3.2220833333333334,1
TNP_0005,2020-06-04,6.18362,7.07808,0.8736295718612956,28.29958333333333,33.92,23.36,10.560000000000002,66.69875,4.14375,1
TNP_0005,2020-06-05,5.9385900000000005,7.04233,0.8432706220810443,28.700833333333332,35.16,23.82,11.339999999999996,68.98291666666667,3.9141666666666666,1
TNP_0005,2020-06-06,5.8099300000000005,6.83407,0.8501420090809724,27.916666666666668,33.06,23.78,9.28,71.46333333333332,2.6566666666666667,1
TNP_0005,2020-06-07,5.76162,6.91938,0.8326786503993132,29.10166666666667,35.7,23.81,11.890000000000004,64.72041666666667,3.755833333333333,1
TNP_0005,2020-06-08,6.18345,7.00841,0.8822899915958113,29.482083333333332,35.83,24.03,11.799999999999995,57.69125,3.0933333333333333,1
TNP_0005,2020-06-09,6.00456,6.9008400000000005,0.8701201592849565,29.5675,36.22,23.8,12.419999999999998,54.61208333333334,3.554583333333333,1
TNP_0005,2020-06-10,4.86488,7.04943,0.6901096968123664,29.235,36.22,23.62,12.599999999999998,59.96875,3.690416666666666,1
TNP_0005,2020-06-11,3.89646,7.13432,0.5461571670460535,28.187916666666663,34.11,23.83,10.28,61.223333333333336,4.750416666666667,1
TNP_0005,2020-06-12,4.44011,6.90854,0.6426987467684923,28.720416666666665,35.73,23.19,12.539999999999996,57.44291666666667,5.5683333333333325,1
TNP_0005,2020-06-13,5.786099999999999,6.90176,0.8383513770400592,29.91125,37.49,23.16,14.330000000000002,53.708333333333336,5.6570833333333335,1
TNP_0005,2020-06-14,5.98002,7.1802,0.8328486671680454,29.48375,36.42,24.19,12.23,56.14333333333334,5.299166666666667,1
TNP_0005,2020-06-15,5.9074800000000005,6.96462,0.8482128242459748,30.46166666666667,36.8,24.27,12.529999999999998,56.0125,4.564166666666667,1
TNP_0005,2020-06-16,6.27148,6.99658,0.8963636519556698,30.039583333333336,36.32,25.19,11.13,59.63333333333333,4.525,1
TNP_0005,2020-06-17,5.80405,7.015140000000001,0.8273605373520699,29.287916666666664,35.15,24.68,10.47,60.87,4.587083333333333,1
TNP_0005,2020-06-18,5.253220000000001,6.8654,0.7651731872869754,29.285,36.13,24.3,11.830000000000002,59.126666666666665,4.707916666666667,1
TNP_0005,2020-06-19,5.44027,7.00664,0.7764449151090965,29.94833333333333,36.07,24.29,11.78,57.00625,4.224166666666666,1
TNP_0005,2020-06-20,5.75978,7.002260000000001,0.8225601448675142,28.794583333333332,35.38,23.64,11.740000000000002,59.3775,5.034583333333333,1
TNP_0005,2020-06-21,5.19571,6.94751,0.7478521081653714,28.212083333333336,33.78,23.53,10.25,63.142500000000005,4.224166666666666,1
TNP_0005,2020-06-22,5.69508,6.88834,0.8267710362728901,29.809583333333336,36.02,24.14,11.880000000000004,51.821666666666665,4.7575,1
TNP_0005,2020-06-23,4.8595,7.19403,0.6754906498860861,29.87708333333333,36.34,24.33,12.010000000000003,49.49666666666667,4.104166666666667,1
TNP_0005,2020-06-24,4.78347,6.96624,0.686664542134638,29.949583333333333,37.18,24.14,13.04,53.662083333333335,3.185,1
TNP_0005,2020-06-25,4.92626,6.87474,0.7165740086170531,27.047083333333333,31.81,23.52,8.29,72.49374999999999,2.3675,1
TNP_0005,2020-06-26,5.93597,6.998399999999999,0.8481895861911295,27.67333333333333,32.7,23.5,9.200000000000005,71.57125,2.8725,1
TNP_0005,2020-06-27,5.98183,6.947550000000001,0.8609984814790824,28.7125,34.65,23.82,10.829999999999998,68.31166666666667,3.305,1
TNP_0005,2020-06-28,4.32294,6.91894,0.6247980181935383,28.25583333333333,32.86,24.44,8.419999999999998,74.77458333333333,2.4758333333333336,1
TNP_0005,2020-06-29,5.11448,6.77818,0.7545506315854698,28.314166666666665,33.87,23.92,9.949999999999996,73.30833333333334,2.36,1
TNP_0005,2020-06-30,5.55821,7.097099999999999,0.783166363726029,28.179583333333337,34.52,23.87,10.650000000000002,69.42625,2.9325,1
TNP_0005,2020-07-01,4.65783,6.72624,0.6924864411617784,27.97375,34.3,23.32,10.979999999999997,64.26875,3.498333333333333,1
TNP_0005,2020-07-02,4.338019999999999,6.91497,0.62733750110268,27.925,34.59,22.73,11.860000000000005,66.8075,4.009166666666666,1
TNP_0005,2020-07-03,4.187600000000001,7.08135,0.5913561679623237,26.857083333333332,33.48,22.1,11.379999999999995,70.9475,4.687916666666667,1
TNP_0005,2020-07-04,5.38178,6.77602,0.7942390961065641,26.81083333333333,31.93,22.13,9.8,69.76375,5.16125,1
TNP_0005,2020-07-05,4.11898,6.78882,0.6067298882574585,27.57625,33.72,22.49,11.23,65.49291666666666,3.7204166666666665,1
TNP_0005,2020-07-06,5.39264,6.7715,0.7963730340397254,27.45458333333333,33.86,22.49,11.37,67.10375,4.712083333333333,1
TNP_0005,2020-07-07,6.78956,7.1346300000000005,0.9516344926085863,27.47875,32.37,22.53,9.839999999999996,68.54541666666667,4.1525,1
TNP_0005,2020-07-08,4.59508,7.01592,0.6549504555354109,26.98958333333333,31.61,23.46,8.149999999999999,76.90833333333333,2.341666666666667,1
TNP_0005,2020-07-09,6.0487,7.12226,0.8492669461659642,26.220416666666665,30.47,23.27,7.199999999999999,77.97041666666667,2.4716666666666667,1
TNP_0005,2020-07-10,4.09345,6.877149999999999,0.5952247660731553,26.499583333333334,31.43,23.12,8.309999999999999,75.76708333333333,2.4995833333333333,1
TNP_0005,2020-07-11,5.37077,6.92346,0.7757349648874985,26.648750000000003,31.36,22.48,8.879999999999999,76.47291666666666,2.3508333333333336,1
TNP_0005,2020-07-12,6.2803,7.035480000000001,0.892661197245959,28.427916666666665,34.8,22.46,12.339999999999996,68.87166666666667,3.05875,1
TNP_0005,2020-07-13,4.01198,6.77141,0.592488122857721,27.54958333333333,31.33,24.16,7.169999999999998,71.80958333333334,2.1341666666666668,1
TNP_0005,2020-07-14,5.60125,6.79688,0.8240913477948707,26.88458333333333,30.76,23.34,7.420000000000002,78.11958333333334,2.6329166666666666,1
TNP_0005,2020-07-15,3.94898,6.85756,0.5758578853119769,26.433333333333334,30.67,22.33,8.340000000000003,79.27541666666666,3.575416666666667,1
TNP_0005,2020-07-16,3.71461,6.92351,0.5365212153950814,27.106666666666666,33.81,22.33,11.480000000000004,74.1825,3.485416666666667,1
TNP_0005,2020-07-17,4.08215,6.69838,0.609423472541122,25.868333333333336,29.55,22.72,6.830000000000002,76.32958333333333,3.24,1
TNP_0005,2020-07-18,5.14667,7.019399999999999,0.7332065418696756,27.488333333333333,33.23,23.09,10.139999999999995,71.19875,2.467083333333333,1
TNP_0005,2020-07-19,5.402279999999999,6.6947600000000005,0.8069415483153988,26.7575,31.33,23.13,8.2,78.5275,1.5333333333333332,1
TNP_0005,2020-07-20,5.57509,6.87686,0.8107028498471687,26.7525,31.13,23.19,7.939999999999998,80.00125,2.6366666666666667,1
TNP_0005,2020-07-21,6.63999,7.01501,0.9465403470558132,26.540000000000003,30.74,23.23,7.509999999999998,76.91,1.6679166666666667,1
TNP_0005,2020-07-22,5.979,6.85384,0.872357685618573,26.75583333333333,31.01,23.11,7.900000000000002,77.76958333333333,2.1104166666666666,1
TNP_0005,2020-07-23,4.88675,6.92921,0.7052391253837017,26.71375,30.53,23.44,7.09,79.90916666666666,2.025,1
TNP_0005,2020-07-24,4.82151,6.86043,0.7027999702642546,26.454166666666666,30.71,22.69,8.02,78.90458333333333,2.3000000000000003,1
TNP_0005,2020-07-25,5.90077,7.16628,0.8234076815307244,25.820833333333336,31.5,22.48,9.02,78.54,2.5141666666666667,1
TNP_0005,2020-07-26,6.378760000000001,7.14573,0.8926673691841143,26.6275,31.68,22.45,9.23,76.27499999999999,2.5170833333333333,1
TNP_0005,2020-07-27,6.40317,6.9302600000000005,0.923943690424313,26.87291666666667,31.75,22.73,9.02,75.14874999999999,3.01,1
TNP_0005,2020-07-28,5.629149999999999,7.02796,0.8009650026465716,26.785833333333333,31.37,23.13,8.240000000000002,76.52416666666666,3.3725,1
TNP_0005,2020-07-29,3.01263,6.94975,0.4334875355228605,25.311666666666667,28.75,23.12,5.629999999999999,84.7675,2.7258333333333336,1
TNP_0005,2020-07-30,6.3725,7.13802,0.8927545733971045,26.566666666666663,32.03,22.69,9.34,76.97250000000001,3.3295833333333333,1
TNP_0005,2020-07-31,6.26757,6.99962,0.8954157511407762,27.0975,32.49,22.69,9.8,77.2325,3.55875,1
TNP_0005,2020-08-01,4.78242,7.1468,0.6691694184809985,26.195,31.13,22.44,8.689999999999998,77.80583333333333,3.297916666666667,1
TNP_0005,2020-08-02,4.67904,6.857279999999999,0.6823463530729386,25.48583333333333,30.06,22.15,7.91,78.54791666666667,4.912083333333333,1
TNP_0005,2020-08-03,3.86724,6.797980000000001,0.5688807557539151,25.995416666666667,30.76,22.12,8.64,78.46,5.01625,1
TNP_0005,2020-08-04,4.13875,6.935779999999999,0.5967245212506741,26.365,31.72,22.4,9.32,69.59791666666666,6.9750000000000005,1
TNP_0005,2020-08-05,4.50475,6.83333,0.6592320288936726,26.88833333333333,32.0,23.1,8.899999999999999,70.33083333333333,7.129166666666666,1
TNP_0005,2020-08-06,4.82362,6.78566,0.7108549499974948,27.49375,33.17,23.1,10.07,75.13875,5.019583333333333,1
TNP_0005,2020-08-07,5.26401,6.726070000000001,0.7826278941491835,27.951666666666668,34.46,22.88,11.580000000000002,69.92875,5.15,1
TNP_0005,2020-08-08,4.87635,6.909140000000001,0.7057824852297102,26.544583333333332,32.41,22.34,10.069999999999997,76.85125000000001,4.010833333333333,1
TNP_0005,2020-08-09,3.47357,6.682270000000001,0.5198188639489274,25.017916666666665,29.31,21.24,8.07,81.85333333333334,3.589166666666667,1
TNP_0005,2020-08-10,5.20236,6.69079,0.7775404698099925,25.545,29.65,21.15,8.5,79.65458333333333,3.5825,1
TNP_0005,2020-08-11,5.516109999999999,6.6684,0.8272014276288164,26.546666666666667,32.41,21.97,10.439999999999998,77.91083333333333,3.797916666666667,1
TNP_0005,2020-08-12,4.59466,6.74779,0.680913306430698,26.97625,32.63,22.01,10.62,75.72291666666666,3.9575,1
TNP_0005,2020-08-13,4.79352,6.666900000000001,0.7190028349007783,27.104166666666668,33.49,22.36,11.130000000000004,74.41375000000001,3.705833333333333,1
TNP_0005,2020-08-14,4.482690000000001,6.50659,0.6889461300005073,26.59708333333333,32.56,21.81,10.750000000000004,73.94916666666667,4.10375,1
TNP_0005,2020-08-15,4.518820000000001,6.77537,0.6669480781123394,26.275,32.12,21.71,10.409999999999997,75.72291666666666,3.7883333333333336,1
TNP_0005,2020-08-16,4.490069999999999,6.71037,0.669124057242745,27.15625,33.45,22.06,11.390000000000004,73.01041666666667,3.734166666666667,1
TNP_0005,2020-08-17,5.55724,6.69253,0.8303646005322353,28.156666666666663,35.21,22.44,12.77,70.37083333333334,3.653333333333333,1
TNP_0005,2020-08-18,5.30563,6.58966,0.805144726738557,28.3375,35.07,22.52,12.55,71.36125,3.64375,1
TNP_0005,2020-08-19,5.3664700000000005,6.90559,0.777119695782692,27.26708333333333,32.86,22.96,9.9,73.88000000000001,3.357083333333333,1
TNP_0005,2020-08-20,4.90747,6.64304,0.7387385895614056,26.21083333333333,31.18,22.41,8.77,77.99541666666667,3.2695833333333333,1
TNP_0005,2020-08-21,5.64973,6.75859,0.8359332345947897,28.46083333333333,35.34,22.22,13.120000000000005,69.50333333333333,2.6841666666666666,1
TNP_0005,2020-08-22,5.87312,6.707020000000001,0.8756675841133618,28.019166666666667,33.1,23.2,9.900000000000002,73.44041666666666,2.0308333333333333,1
TNP_0005,2020-08-23,5.30587,6.80978,0.7791543926529197,27.31583333333333,32.31,23.4,8.910000000000004,77.05708333333334,2.147083333333333,1
TNP_0005,2020-08-24,5.78575,6.93989,0.8336947703782048,26.57958333333333,30.69,23.15,7.540000000000003,79.80833333333334,1.6679166666666667,1
TNP_0005,2020-08-25,5.324319999999999,6.75578,0.7881132896571528,27.453333333333333,31.57,23.06,8.510000000000002,77.53416666666666,1.6529166666666668,1
TNP_0005,2020-08-26,4.42641,6.746149999999999,0.6561386865100836,26.93625,30.81,23.24,7.57,78.36333333333333,1.5516666666666667,1
TNP_0005,2020-08-27,5.65396,6.7434400000000005,0.8384385417531703,26.982916666666668,31.58,22.12,9.459999999999996,73.65541666666667,1.8770833333333328,1
TNP_0005,2020-08-28,6.663609999999999,6.98322,0.9542317154550478,28.30541666666667,34.36,21.92,12.439999999999998,67.64541666666666,2.5995833333333334,1
TNP_0005,2020-08-29,6.61712,6.85806,0.9648676156230772,27.5725,33.14,23.35,9.79,72.04166666666667,3.00375,1
TNP_0005,2020-08-30,6.312189999999999,6.87539,0.9180846468345796,28.109583333333333,32.7,23.2,9.500000000000004,73.41458333333334,1.9533333333333331,1
TNP_0005,2020-08-31,6.027430000000001,6.98604,0.8627820625132407,27.14625,30.79,23.51,7.279999999999998,79.44125,1.7008333333333334,1
TNP_0005,2020-09-01,5.50941,6.82124,0.8076845265670172,24.86375,27.76,22.27,5.490000000000002,85.03041666666667,3.285833333333333,1
TNP_0005,2020-09-02,3.89421,6.8184700000000005,0.5711266603798213,25.482083333333332,30.09,22.04,8.05,82.04666666666667,2.5166666666666666,1
TNP_0005,2020-09-03,5.003019999999999,6.87033,0.7282066509177869,26.030833333333334,29.61,22.65,6.960000000000001,82.55916666666667,1.3758333333333337,1
TNP_0005,2020-09-04,5.21862,6.947979999999999,0.7510988805379405,26.613333333333333,30.32,23.23,7.09,81.86916666666667,1.1104166666666666,1
TNP_0005,2020-09-05,4.54515,7.049390000000001,0.6447579152238703,26.527916666666663,30.47,23.23,7.239999999999998,82.1075,1.41,1
TNP_0005,2020-09-06,5.1167,6.86167,0.7456931038653855,26.53833333333333,30.48,22.74,7.740000000000002,82.17833333333333,2.0316666666666667,1
TNP_0005,2020-09-07,5.26705,6.89374,0.7640337465584719,25.689166666666665,30.07,22.09,7.98,83.52416666666666,3.123333333333333,1
TNP_0005,2020-09-08,5.40469,6.90808,0.7823722365693506,26.484166666666667,31.02,22.01,9.009999999999998,80.34166666666667,2.235,1
TNP_0005,2020-09-09,4.25821,6.827529999999999,0.6236823565769759,25.92625,30.95,22.12,8.829999999999998,82.72291666666666,2.7433333333333336,1
TNP_0005,2020-09-10,5.0744,6.84714,0.7410977429992669,25.296666666666667,29.3,22.09,7.210000000000001,87.08083333333333,2.295,1
TNP_0005,2020-09-11,4.45003,7.03237,0.6327923587638307,25.316666666666663,29.7,21.99,7.710000000000001,82.3525,3.6175,1
TNP_0005,2020-09-12,3.96763,6.869770000000001,0.5775491755910314,24.74708333333333,29.01,21.39,7.620000000000001,82.99291666666666,3.3175000000000003,1
TNP_0005,2020-09-13,2.47961,6.824260000000001,0.3633522169436686,24.29958333333333,29.13,20.75,8.379999999999999,82.91833333333334,3.263333333333333,1
TNP_0005,2020-09-14,4.02673,6.83245,0.5893537457281063,25.609583333333333,32.18,20.55,11.63,75.75375,4.255416666666666,1
TNP_0005,2020-09-15,5.10424,6.8465,0.7455254509603447,26.493333333333336,32.45,20.49,11.960000000000004,77.46666666666667,3.7191666666666663,1
TNP_0005,2020-09-16,5.90111,6.9911,0.8440889130465877,26.578333333333333,32.5,21.92,10.579999999999998,77.08166666666666,3.1225,1
TNP_0005,2020-09-17,5.76716,6.7782,0.850839455902747,26.52583333333333,31.81,21.97,9.84,79.24583333333334,3.35375,1
TNP_0005,2020-09-18,4.38994,6.93261,0.6332304860651329,26.89708333333333,33.43,21.72,11.71,73.8225,4.249583333333333,1
TNP_0005,2020-09-19,3.4277800000000003,6.972110000000001,0.4916416981372927,25.87375,32.07,21.41,10.66,74.48875,4.855416666666667,1
TNP_0005,2020-09-20,3.62626,6.82964,0.5309591720793483,25.10375,29.3,21.24,8.060000000000002,77.86541666666666,5.348333333333334,1
TNP_0005,2020-09-21,4.29095,6.72666,0.6379020197244992,25.46708333333333,31.07,20.89,10.18,76.32833333333333,5.023333333333333,1
TNP_0005,2020-09-22,5.17267,6.789440000000001,0.7618699038506856,25.41125,32.23,20.25,11.979999999999997,71.80041666666666,4.416666666666667,1
TNP_0005,2020-09-23,6.56127,7.04416,0.9314481783491574,26.56375,33.63,20.15,13.480000000000004,72.11458333333333,3.9575,1
TNP_0005,2020-09-24,6.28464,6.91962,0.9082348452660696,27.18458333333333,32.81,21.65,11.160000000000004,73.51916666666666,2.6966666666666668,1
TNP_0005,2020-09-25,3.92272,6.660159999999999,0.5889828472589248,25.91625,30.14,22.36,7.780000000000001,75.905,2.061666666666667,1
TNP_0005,2020-09-26,4.22713,6.56862,0.6435339538594103,24.637083333333333,29.09,21.06,8.030000000000001,79.88875,2.823333333333333,1
TNP_0005,2020-09-27,5.565180000000001,6.76558,0.8225724919371289,26.95583333333333,32.12,20.94,11.179999999999996,73.7975,1.7787499999999998,1
TNP_0005,2020-09-28,5.49571,6.71021,0.8190071547686287,26.674166666666665,31.12,22.58,8.540000000000003,78.13333333333334,2.35625,1
TNP_0005,2020-09-29,4.75863,6.18075,0.7699114185171703,25.45208333333333,29.33,22.4,6.93,86.58,3.1316666666666664,1
TNP_0005,2020-09-30,5.05172,6.24898,0.8084071320439495,24.59583333333333,28.25,21.64,6.609999999999999,85.62458333333332,2.9058333333333333,1
TNP_0005,2020-10-01,5.54645,6.52287,0.8503082232207602,24.86875,29.53,20.93,8.600000000000001,80.53333333333333,2.7729166666666667,1
TNP_0005,2020-10-02,5.953399999999999,6.31204,0.9431816021444732,26.4275,32.59,20.81,11.780000000000005,76.7325,2.88375,1
TNP_0005,2020-10-03,4.70463,6.291270000000001,0.7478029078389576,25.01833333333333,28.77,22.44,6.329999999999998,82.33041666666666,2.8512500000000003,1
TNP_0005,2020-10-04,4.86057,6.46017,0.7523904169704513,25.75916666666667,31.11,21.87,9.239999999999998,79.38083333333333,2.5629166666666667,1
TNP_0005,2020-10-05,6.29664,6.46828,0.9734643521925458,26.782083333333333,32.67,21.7,10.970000000000002,72.72333333333334,2.560833333333333,1
TNP_0005,2020-10-06,6.24208,6.3926300000000005,0.9764494425611993,27.91875,33.58,21.7,11.88,74.72333333333334,1.9291666666666665,1
TNP_0005,2020-10-07,5.95308,6.20825,0.9588982402448356,27.439166666666665,31.81,23.39,8.419999999999998,81.24249999999999,1.76875,1
TNP_0005,2020-10-08,5.10809,5.89169,0.8669991123090319,26.825,31.11,23.34,7.77,81.42333333333333,1.4349999999999998,1
TNP_0005,2020-10-09,4.67955,5.866440000000001,0.7976813876899788,25.09,28.37,22.14,6.23,89.80375,2.42625,1
TNP_0005,2020-10-10,4.96621,6.29225,0.7892582144701816,25.214583333333334,29.17,21.86,7.310000000000002,84.98416666666667,2.6183333333333336,1
TNP_0005,2020-10-11,4.03989,6.4006300000000005,0.6311706816360264,24.097916666666663,28.28,20.35,7.93,83.78750000000001,3.0908333333333338,1
TNP_0005,2020-10-12,4.49474,6.1698200000000005,0.728504235131657,25.205,31.35,20.25,11.1,80.59125,3.827083333333333,1
TNP_0005,2020-10-13,4.73262,6.40705,0.7386581968300544,25.28916666666667,30.42,21.17,9.25,80.31791666666668,4.325,1
TNP_0005,2020-10-14,5.77661,6.31094,0.9153327396552652,25.08666666666667,30.91,20.76,10.15,78.24583333333334,3.954583333333333,1
TNP_0005,2020-10-15,6.249569999999999,6.45952,0.967497584959873,25.857083333333332,32.14,20.44,11.7,76.95875,3.5241666666666664,1
TNP_0005,2020-10-16,5.9183,6.16513,0.9599635368597256,25.575,29.7,21.35,8.349999999999998,80.27458333333333,2.0829166666666667,1
TNP_0005,2020-10-17,4.67437,5.899439999999999,0.7923413069715092,26.285833333333333,30.88,21.04,9.84,77.14333333333333,1.55875,1
TNP_0005,2020-10-18,3.42441,5.74092,0.5964915031040321,26.2375,30.67,22.17,8.5,79.59083333333334,1.28625,1
TNP_0005,2020-10-19,3.89397,6.11932,0.6363403123222843,25.5675,29.35,22.37,6.98,84.98458333333333,1.88,1
TNP_0005,2020-10-20,3.07718,5.87201,0.5240420230891977,24.73375,27.57,22.44,5.129999999999999,89.53500000000001,2.2133333333333334,1
TNP_0005,2020-10-21,4.63038,6.07859,0.7617523142702501,25.293333333333333,28.81,22.26,6.549999999999997,86.08291666666666,2.504583333333333,1
TNP_0005,2020-10-22,5.26929,6.2974,0.8367405595960238,25.52333333333333,29.64,22.41,7.23,85.605,2.3158333333333334,1
TNP_0005,2020-10-23,4.27583,6.085859999999999,0.7025843512667068,25.86208333333333,30.41,22.42,7.989999999999998,82.96249999999999,2.2425,1
TNP_0005,2020-10-24,3.2945900000000004,5.71148,0.5768364767100647,24.77,28.07,21.49,6.580000000000002,79.86999999999999,1.8945833333333333,1
TNP_0005,2020-10-25,4.113090000000001,5.69328,0.7224464631987186,26.15958333333333,30.98,21.06,9.920000000000002,71.89999999999999,1.2829166666666667,1
TNP_0005,2020-10-26,5.20812,5.70963,0.9121641857703564,26.116666666666664,31.02,21.77,9.25,79.05291666666666,1.6266666666666667,1
TNP_0005,2020-10-27,5.10807,5.48904,0.93059442088234,25.4875,30.86,20.88,9.98,79.245,2.105833333333333,1
TNP_0005,2020-10-28,5.56152,5.7981,0.9591969783204845,25.44541666666667,31.2,20.56,10.64,77.19625,2.47125,1
TNP_0005,2020-10-29,4.67041,5.67185,0.8234367975175647,25.31958333333333,30.96,20.31,10.650000000000002,78.53041666666667,2.545,1
TNP_0005,2020-10-30,5.32843,5.8917,0.90439601473259,25.5825,30.31,20.67,9.639999999999995,77.11666666666666,1.77125,1
TNP_0005,2020-10-31,5.718310000000001,5.78587,0.9883232772253784,26.206666666666667,32.13,21.29,10.840000000000003,71.45541666666666,1.5145833333333334,1
TNP_0005,2020-11-01,5.45038,5.7135,0.9539476678043232,26.35166666666667,31.96,20.86,11.1,73.85000000000001,1.3608333333333336,1
TNP_0005,2020-11-02,4.88134,5.59704,0.8721288395294655,26.13958333333333,31.39,21.8,9.59,79.28458333333333,1.5516666666666667,1
TNP_0005,2020-11-03,5.24173,5.57994,0.9393882371495036,25.82375,31.42,21.79,9.630000000000004,77.83291666666666,2.442916666666666,1
TNP_0005,2020-11-04,4.55832,5.323810000000001,0.8562138769039465,26.14208333333333,30.87,21.86,9.010000000000002,80.64333333333333,2.2779166666666666,1
TNP_0005,2020-11-05,4.59792,6.09324,0.7545936152194892,25.785833333333333,31.34,21.26,10.079999999999998,78.67333333333333,2.5683333333333334,1
TNP_0005,2020-11-06,4.47381,6.19447,0.7222264374514689,25.44125,30.8,21.09,9.71,81.80208333333333,2.735416666666667,1
TNP_0005,2020-11-07,5.48116,6.27901,0.872933790517932,25.812083333333334,31.37,21.66,9.71,81.04708333333333,2.87125,1
TNP_0005,2020-11-08,3.38884,5.538189999999999,0.611903889176789,24.4575,28.8,20.47,8.330000000000002,87.33541666666667,3.2675,1
TNP_0005,2020-11-09,5.20101,5.88027,0.8844848961017096,24.7525,31.56,18.63,12.93,77.2925,3.47,1
TNP_0005,2020-11-10,5.26657,6.18463,0.851557813482779,23.55666666666667,30.87,17.93,12.94,69.50416666666666,3.29625,1
TNP_0005,2020-11-11,4.07864,5.81536,0.7013564078578111,25.116666666666664,31.08,17.82,13.259999999999998,79.89,3.204166666666667,1
TNP_0005,2020-11-12,4.37027,5.95512,0.7338676634559841,24.52875,28.2,21.82,6.379999999999999,90.44125,2.885,1
TNP_0005,2020-11-13,2.48406,5.92415,0.4193107872015394,24.775,29.61,21.43,8.18,87.58083333333333,2.845,1
TNP_0005,2020-11-14,4.48473,5.98448,0.7493934310082079,24.952916666666667,30.09,21.28,8.809999999999999,84.9975,3.6875,1
TNP_0005,2020-11-15,2.76658,5.94792,0.4651340300474788,25.126666666666665,28.48,21.31,7.170000000000002,90.08666666666666,3.5041666666666664,1
TNP_0005,2020-11-16,2.37666,5.88923,0.4035603975392369,24.093333333333334,27.22,21.58,5.640000000000001,91.26291666666668,2.5925,1
TNP_0005,2020-11-17,2.82893,5.67854,0.4981791094189703,24.388333333333332,28.76,21.35,7.41,87.7275,2.7433333333333336,1
TNP_0005,2020-11-18,4.26608,5.81694,0.7333890327216716,24.54625,29.05,21.11,7.940000000000001,87.38958333333333,2.7716666666666665,1
TNP_0005,2020-11-19,4.779349999999999,5.841519999999999,0.8181689012448814,24.21666666666667,29.27,20.34,8.93,85.82875,2.79125,1
TNP_0005,2020-11-20,5.49487,6.06825,0.905511473653854,23.49416666666667,28.86,18.19,10.669999999999998,84.83958333333334,3.0558333333333336,1
TNP_0005,2020-11-21,6.229430000000001,6.23705,0.9987782685724824,22.49708333333333,29.1,16.87,12.23,78.48333333333333,2.6595833333333334,1
TNP_0005,2020-11-22,5.126309999999999,6.01907,0.851678083159026,22.442916666666665,28.65,16.51,12.139999999999995,76.63916666666667,2.3908333333333336,1
TNP_0005,2020-11-23,4.38213,5.471970000000001,0.8008322414048322,22.96166666666667,28.71,17.4,11.310000000000002,80.33541666666666,3.0987500000000003,1
TNP_0005,2020-11-24,3.22218,5.33115,0.6044061787794378,23.7675,28.54,19.0,9.54,83.99958333333333,3.9133333333333336,1
TNP_0005,2020-11-25,1.6689500000000002,5.73786,0.2908662811570865,24.267916666666668,29.39,20.85,8.54,83.98333333333333,4.590833333333333,1
TNP_0005,2020-11-26,2.5841,5.70706,0.4527900530220463,22.95208333333333,25.86,20.52,5.34,86.97458333333333,6.08125,1
TNP_0005,2020-11-27,4.67071,5.57326,0.838057079698417,22.70208333333333,25.24,20.42,4.819999999999997,88.95458333333333,1.5533333333333337,1
TNP_0005,2020-11-28,3.61015,5.58266,0.6466720165655798,23.55958333333333,28.07,20.65,7.420000000000002,87.33875,2.81,1
TNP_0005,2020-11-29,3.59824,5.7812600000000005,0.6223971936913406,24.256666666666664,29.02,20.66,8.36,85.86458333333333,3.0933333333333333,1
TNP_0005,2020-11-30,3.68679,5.77308,0.638617514394396,23.609166666666667,29.14,18.57,10.57,85.20666666666666,3.6070833333333336,1
TNP_0005,2020-12-01,4.61945,5.91558,0.7808955334895309,23.29625,28.72,17.92,10.799999999999995,77.84791666666666,3.74375,1
TNP_0005,2020-12-02,2.52958,5.690600000000001,0.4445190313850911,24.165000000000003,29.68,19.23,10.45,79.05833333333334,4.34625,1
TNP_0005,2020-12-03,0.92612,5.5004,0.1683732092211475,23.45,26.77,20.56,6.210000000000001,89.64666666666666,4.538333333333333,1
TNP_0005,2020-12-04,1.0809000000000002,5.55721,0.1945040766859629,23.523750000000003,27.43,21.25,6.18,89.21125,5.434583333333333,1
TNP_0005,2020-12-05,2.48387,5.54642,0.4478330166125176,23.545,27.37,21.03,6.34,90.16166666666668,3.5204166666666663,1
TNP_0005,2020-12-06,3.42983,5.6433100000000005,0.6077691992819816,24.155,28.32,20.88,7.440000000000001,88.02541666666667,3.97875,1
TNP_0005,2020-12-07,2.46556,5.582319999999999,0.441672996173634,24.266666666666666,28.41,21.33,7.080000000000002,88.52875,3.8029166666666665,1
TNP_0005,2020-12-08,2.97519,5.6232,0.5290919760990184,23.97208333333333,28.39,20.42,7.969999999999999,89.21625,3.1366666666666667,1
TNP_0005,2020-12-09,3.63487,5.56858,0.6527463015705979,23.741666666666664,29.04,18.93,10.11,86.82291666666667,2.9137500000000003,1
TNP_0005,2020-12-10,5.41493,5.527,0.9797231771304504,22.34375,28.06,17.23,10.829999999999998,82.38333333333334,2.57,1
TNP_0005,2020-12-11,5.51389,5.59131,0.9861535132196212,21.866666666666664,28.3,16.39,11.91,80.27499999999999,2.7770833333333336,1
TNP_0005,2020-12-12,5.12095,5.417949999999999,0.9451822183667254,22.258333333333336,28.51,16.03,12.48,79.32791666666667,2.645,1
TNP_0005,2020-12-13,4.69783,5.44971,0.8620330256105371,22.037916666666664,28.61,16.46,12.15,76.61,2.5925,1
TNP_0005,2020-12-14,5.25969,5.58441,0.941852406968686,21.447916666666668,27.47,16.32,11.15,77.90166666666666,2.75625,1
TNP_0005,2020-12-15,3.67383,5.21351,0.7046749694543598,22.83625,28.59,16.21,12.38,80.40666666666667,3.282083333333333,1
TNP_0005,2020-12-16,2.04885,4.99925,0.4098314747212082,23.64375,28.43,19.14,9.29,85.16958333333334,3.648333333333333,1
TNP_0005,2020-12-17,1.73188,5.17935,0.3343817274368406,22.9625,26.91,19.93,6.98,89.26166666666667,3.4175,1
TNP_0005,2020-12-18,3.24908,5.21007,0.623615421673797,22.452916666666667,26.73,18.29,8.440000000000001,87.32041666666667,3.139583333333333,1
TNP_0005,2020-12-19,3.4105100000000004,4.481109999999999,0.7610859809288326,22.505,28.37,17.88,10.490000000000002,83.56125,3.90625,1
TNP_0005,2020-12-20,4.156770000000001,5.25095,0.7916224683152574,21.93583333333333,28.88,15.71,13.169999999999998,81.14625,3.946250000000001,1
TNP_0005,2020-12-21,4.82911,5.69198,0.8484060028320549,21.111666666666668,27.38,15.46,11.919999999999998,80.54541666666667,3.5175,1
TNP_0005,2020-12-22,4.5588,5.44203,0.8377021074856257,21.7775,28.37,15.98,12.39,78.87125,2.8941666666666666,1
TNP_0005,2020-12-23,4.183470000000001,5.376060000000001,0.7781665383198848,22.60291666666667,28.57,16.96,11.61,78.33333333333333,2.56375,1
TNP_0005,2020-12-24,4.9523,5.37221,0.9218366370637038,23.059166666666663,30.18,17.6,12.579999999999998,78.29041666666667,3.0270833333333336,1
TNP_0005,2020-12-25,5.261100000000001,5.576899999999999,0.94337355878714,22.273750000000003,29.39,16.51,12.88,77.53750000000001,2.9287499999999995,1
TNP_0005,2020-12-26,5.53659,5.55129,0.99735196684014,21.630416666666665,29.45,15.3,14.15,75.98791666666666,3.2887500000000003,1
TNP_0005,2020-12-27,5.569109999999999,5.6325,0.9887456724367508,22.176666666666662,30.32,14.98,15.34,76.42041666666667,3.1354166666666665,1
TNP_0005,2020-12-28,4.45825,5.45074,0.81791646638805,22.0875,29.6,15.69,13.910000000000002,73.53708333333334,2.662916666666667,1
TNP_0005,2020-12-29,2.94947,5.206060000000001,0.5665455257910972,23.61791666666667,29.8,16.8,13.0,78.82625,3.2641666666666667,1
TNP_0005,2020-12-30,3.64015,5.41854,0.6717953544681778,24.240416666666665,30.66,19.41,11.25,81.43916666666667,4.194583333333333,1
TNP_0005,2020-12-31,2.06254,5.33644,0.3865011131016183,23.64,29.82,18.34,11.48,84.70708333333333,4.5475,1
TNP_0005,2021-01-01,4.505979999999999,5.10466,0.8827189274114239,21.82625,28.05,16.82,11.23,80.8275,3.48125,1
TNP_0005,2021-01-02,2.94007,5.430350000000001,0.5414144576316443,23.4725,29.54,16.72,12.82,81.32041666666667,3.842916666666667,1
TNP_0005,2021-01-03,2.11609,5.51666,0.3835817324250543,24.093333333333334,29.76,19.63,10.130000000000004,83.40583333333333,3.8408333333333338,1
TNP_0005,2021-01-04,3.01156,5.56312,0.541343706409353,24.160833333333333,29.87,20.53,9.34,81.3325,3.94125,1
TNP_0005,2021-01-05,2.72207,5.63662,0.4829259378847607,23.77208333333333,28.72,20.54,8.18,86.39708333333334,2.879583333333333,1
TNP_0005,2021-01-06,2.11078,5.51735,0.3825713431266822,23.63583333333333,27.07,20.51,6.559999999999999,89.42416666666666,2.1983333333333333,1
TNP_0005,2021-01-07,3.1033600000000003,5.5812,0.5560381280011468,24.29041666666667,28.73,21.33,7.400000000000002,87.57041666666667,2.9408333333333334,1
TNP_0005,2021-01-08,3.61011,5.6812,0.6354484967964515,24.58083333333333,29.26,21.17,8.09,86.8775,2.4766666666666666,1
TNP_0005,2021-01-09,3.22953,5.53794,0.5831644979902274,23.81375,28.29,20.79,7.5,87.90666666666668,2.8937500000000003,1
TNP_0005,2021-01-10,2.87497,5.45,0.5275174311926605,23.27958333333333,27.17,20.3,6.870000000000001,88.67583333333333,2.591666666666667,1
TNP_0005,2021-01-11,2.12333,5.58609,0.3801102381093035,23.43625,27.35,20.26,7.09,88.4975,3.208333333333333,1
TNP_0005,2021-01-12,1.89789,5.39694,0.3516603853294645,22.795,26.07,20.48,5.59,89.6225,4.077916666666667,1
TNP_0005,2021-01-13,2.1997,5.22076,0.4213371233307028,22.89,27.47,19.4,8.07,86.85041666666666,3.967083333333333,1
TNP_0005,2021-01-14,2.47174,5.65472,0.4371109444853148,23.24208333333333,28.16,19.24,8.920000000000002,86.74874999999999,3.817083333333333,1
TNP_0005,2021-01-15,2.82195,5.684900000000001,0.4963939559183098,23.280416666666667,28.65,18.92,9.729999999999997,84.49833333333333,3.2591666666666668,1
TNP_0005,2021-01-16,4.83954,5.814310000000001,0.8323498403077922,22.782916666666665,29.44,16.64,12.8,82.34125,3.0033333333333334,1
TNP_0005,2021-01-17,4.71698,5.65617,0.8339530106061169,22.29208333333333,29.9,15.93,13.97,79.13958333333333,2.8937500000000003,1
TNP_0005,2021-01-18,5.78894,6.06463,0.9545413322824312,21.857916666666668,29.26,15.62,13.640000000000002,78.27041666666666,3.3154166666666662,1
TNP_0005,2021-01-19,4.8585,5.82497,0.8340815489178485,22.11625,29.65,15.85,13.8,76.64666666666666,2.8974999999999995,1
TNP_0005,2021-01-20,4.957739999999999,5.83336,0.8498944004827406,24.195,31.13,16.93,14.2,77.55208333333333,2.3070833333333334,1
TNP_0005,2021-01-21,4.42858,5.91753,0.7483831936635725,24.80333333333333,30.88,20.18,10.7,81.70916666666666,2.1529166666666666,1
TNP_0005,2021-01-22,4.25451,5.80831,0.7324867302192892,24.98166666666667,31.17,19.94,11.23,79.25708333333334,2.75375,1
TNP_0005,2021-01-23,4.94305,5.69725,0.8676203431480101,23.9,30.82,18.95,11.87,76.82875,2.8366666666666664,1
TNP_0005,2021-01-24,5.71963,6.00999,0.9516871076324588,23.215416666666663,30.87,17.21,13.66,75.56125,2.7154166666666666,1
TNP_0005,2021-01-25,5.72055,6.13741,0.9320788410746552,22.74833333333333,30.06,16.36,13.7,77.39583333333333,2.75625,1
TNP_0005,2021-01-26,6.1786,6.32193,0.9773281260627688,22.04125,30.44,15.08,15.36,71.45333333333333,2.9883333333333333,1
TNP_0005,2021-01-27,5.541399999999999,5.90069,0.9391105108046686,22.25,29.77,14.76,15.01,70.9875,2.840833333333333,1
TNP_0005,2021-01-28,5.409730000000001,5.91278,0.9149215766526068,22.7375,30.47,16.5,13.97,74.61166666666666,3.4716666666666662,1
TNP_0005,2021-01-29,3.29362,5.45885,0.6033541863212948,23.793333333333333,30.82,16.95,13.87,74.79916666666666,3.2375000000000003,1
TNP_0005,2021-01-30,5.4818,5.79686,0.9456498863177653,24.2375,32.24,18.02,14.220000000000002,67.82666666666667,3.1979166666666665,1
TNP_0005,2021-01-31,5.99869,6.2482,0.960066899266989,23.65,31.92,16.6,15.32,70.94166666666666,3.66625,1
TNP_0005,2021-02-01,6.14378,6.33089,0.970444913748304,23.300833333333333,31.92,16.26,15.66,68.855,3.7904166666666663,1
TNP_0005,2021-02-02,5.578720000000001,5.760689999999999,0.968411770117816,23.78375,31.86,16.64,15.22,69.96416666666666,3.5729166666666665,1
TNP_0005,2021-02-03,4.74734,6.04409,0.7854515733551288,23.6225,30.07,18.2,11.87,72.31458333333333,3.4683333333333333,1
TNP_0005,2021-02-04,6.06144,6.087230000000001,0.9957632617791672,23.30875,31.17,16.51,14.66,66.14083333333333,3.39625,1
TNP_0005,2021-02-05,6.133439999999999,6.14743,0.9977242522485004,23.332083333333333,32.23,16.17,16.059999999999995,65.96249999999999,3.302083333333333,1
TNP_0005,2021-02-06,6.21571,6.29632,0.9871972834925796,22.81375,32.54,14.51,18.03,64.85791666666667,3.678333333333333,1
TNP_0005,2021-02-07,6.58388,6.62776,0.9933793619563772,22.659166666666668,32.69,14.07,18.62,60.265416666666674,3.9825,1
TNP_0005,2021-02-08,6.48852,6.52109,0.9950054362077506,22.87125,32.15,14.61,17.54,65.94958333333334,4.15625,1
TNP_0005,2021-02-09,5.86852,6.49815,0.9031062687072476,22.15958333333333,31.39,14.18,17.21,68.02708333333334,3.669166666666667,1
TNP_0005,2021-02-10,6.66707,6.68876,0.9967572464851482,21.92833333333333,31.86,13.84,18.02,63.54624999999999,3.1558333333333333,1
TNP_0005,2021-02-11,6.57896,6.702859999999999,0.981515353147761,22.05958333333333,32.23,13.87,18.36,63.71958333333333,3.1950000000000003,1
TNP_0005,2021-02-12,6.80534,6.86397,0.991458296000711,22.48625,32.21,13.94,18.270000000000003,64.23416666666667,3.1941666666666664,1
TNP_0005,2021-02-13,6.86341,6.88173,0.9973378787020124,22.92125,32.66,14.89,17.769999999999996,63.70541666666667,2.8891666666666667,1
TNP_0005,2021-02-14,6.51608,6.641019999999999,0.981186624946168,23.585416666666664,33.8,15.11,18.69,60.251666666666665,2.4425000000000003,1
TNP_0005,2021-02-15,6.3954,6.54724,0.9768085483348709,24.910416666666663,34.42,16.08,18.340000000000003,63.14208333333334,2.2670833333333333,1
TNP_0005,2021-02-16,5.50861,6.5707,0.8383596877045064,25.41,34.06,17.69,16.37,62.73125,2.642916666666667,1
TNP_0005,2021-02-17,6.14104,6.430560000000001,0.9549774825209624,25.148750000000003,33.46,18.09,15.37,65.00541666666668,3.1012500000000003,1
TNP_0005,2021-02-18,5.03846,6.37645,0.7901669424209394,24.932916666666667,32.82,18.8,14.02,65.53958333333334,3.5229166666666667,1
TNP_0005,2021-02-19,5.76612,6.544569999999999,0.8810540646673503,25.70625,33.11,18.56,14.55,68.25291666666666,3.36875,1
TNP_0005,2021-02-20,4.3889700000000005,6.43018,0.6825578755182593,25.7375,32.37,20.58,11.79,72.94833333333334,4.3308333333333335,1
TNP_0005,2021-02-21,4.25309,6.64119,0.6404108299867945,24.76458333333333,30.21,20.43,9.78,76.46916666666667,4.707916666666667,1
TNP_0005,2021-02-22,5.66925,6.761340000000001,0.8384802420821907,25.328333333333333,32.98,19.56,13.419999999999998,71.76208333333334,3.358333333333333,1
TNP_0005,2021-02-23,6.606859999999999,6.68178,0.9887874189213052,25.81833333333333,35.01,18.96,16.049999999999997,65.70208333333333,3.147083333333333,1
TNP_0005,2021-02-24,6.70539,6.74515,0.9941053942462362,25.68458333333333,34.93,18.65,16.28,61.399166666666666,2.6629166666666664,1
TNP_0005,2021-02-25,6.85645,6.883319999999999,0.9960963604772116,26.4225,36.29,18.49,17.8,57.923750000000005,2.4466666666666668,1
TNP_0005,2021-02-26,6.63565,6.746569999999999,0.9835590529706209,27.10458333333333,37.2,18.84,18.360000000000003,53.43,2.526666666666667,1
TNP_0005,2021-02-27,6.73988,6.86833,0.9812982195089636,27.215416666666663,37.46,19.1,18.36,53.37833333333333,2.4066666666666667,1
TNP_0005,2021-02-28,6.77223,6.79025,0.997346194911822,26.49208333333333,36.54,18.5,18.04,56.1,3.1641666666666666,1
TNP_0005,2021-03-01,6.923520000000001,6.95838,0.9949902132392886,26.58666666666667,36.01,18.45,17.56,55.50291666666666,2.893333333333333,1
TNP_0005,2021-03-02,6.63529,6.64825,0.9980506148234498,26.32208333333333,36.22,18.41,17.81,56.28958333333333,3.1041666666666665,1
TNP_0005,2021-03-03,6.9012,6.91117,0.9985574077905768,25.741666666666664,35.74,18.07,17.67,59.709583333333335,3.6491666666666656,1
TNP_0005,2021-03-04,7.228779999999999,7.31502,0.9882105585493955,25.27958333333333,34.86,17.21,17.65,60.490833333333335,3.5504166666666666,1
TNP_0005,2021-03-05,7.31864,7.3542,0.9951646678088713,26.282083333333333,36.09,16.87,19.22,57.47416666666667,2.78125,1
TNP_0005,2021-03-06,7.29134,7.32427,0.9955039887934224,27.546666666666667,38.0,18.35,19.65,55.07708333333333,2.742083333333333,1
TNP_0005,2021-03-07,7.13232,7.208729999999999,0.9894003520731116,27.94,37.22,19.47,17.75,58.1925,2.829166666666667,1
TNP_0005,2021-03-08,7.156770000000001,7.35446,0.9731197123922084,27.734166666666667,36.65,20.79,15.86,58.59791666666666,3.43375,1
TNP_0005,2021-03-09,6.77359,7.30592,0.927137170951776,27.99,36.65,20.62,16.029999999999998,58.29625000000001,3.4241666666666664,1
TNP_0005,2021-03-10,6.7853,7.306970000000001,0.928606522265727,28.207916666666662,36.85,20.76,16.09,62.76,3.56375,1
TNP_0005,2021-03-11,6.94086,7.29218,0.9518223631342068,26.419166666666666,32.66,20.45,12.209999999999996,69.75875,2.7358333333333333,1
TNP_0005,2021-03-12,7.372850000000001,7.44137,0.9907920181364454,26.25333333333333,35.35,18.25,17.1,59.26791666666667,3.0308333333333333,1
TNP_0005,2021-03-13,7.14358,7.37589,0.9685041398393957,26.8625,35.69,17.67,18.02,60.54708333333334,3.266666666666667,1
TNP_0005,2021-03-14,7.18241,7.38531,0.972526542555424,27.35833333333333,36.91,19.18,17.729999999999997,56.060833333333335,3.335833333333333,1
TNP_0005,2021-03-15,7.190270000000001,7.28462,0.9870480546686032,28.09125,37.31,19.22,18.090000000000003,52.38708333333333,3.022083333333333,1
TNP_0005,2021-03-16,7.097300000000001,7.110810000000001,0.9981000758000846,28.30208333333333,37.86,20.15,17.71,50.40916666666666,2.825,1
TNP_0005,2021-03-17,6.51574,6.72095,0.969467114024059,28.210416666666664,36.96,19.85,17.11,53.46,3.469583333333333,1
TNP_0005,2021-03-18,6.63313,7.1181,0.9318680546775124,27.004166666666663,35.59,20.42,15.170000000000002,53.25208333333333,3.3695833333333334,1
TNP_0005,2021-03-19,7.02169,7.20744,0.974228019934956,26.84166666666667,36.52,19.67,16.85,51.60874999999999,2.8641666666666663,1
TNP_0005,2021-03-20,6.49541,7.17027,0.9058808106249834,28.4575,37.27,19.34,17.930000000000003,47.285,2.3783333333333334,1
TNP_0005,2021-03-21,6.80644,7.08562,0.9605990724876582,28.29583333333333,36.91,21.17,15.739999999999997,49.564166666666665,2.71875,1
TNP_0005,2021-03-22,6.97292,7.0175,0.9936473102956894,29.06041666666667,38.33,20.93,17.4,50.72666666666667,2.97875,1
TNP_0005,2021-03-23,6.95336,7.089600000000001,0.9807831189347777,29.30708333333333,38.38,21.71,16.67,49.91833333333333,2.9766666666666666,1
TNP_0005,2021-03-24,6.70638,6.90129,0.971757454041201,29.67083333333333,37.93,21.85,16.08,48.42625,2.8175000000000003,1
TNP_0005,2021-03-25,5.9058,6.6133500000000005,0.8930118623692984,29.030416666666667,36.75,22.27,14.48,50.59708333333333,3.0850000000000004,1
TNP_0005,2021-03-26,6.69311,6.81421,0.9822283140672212,29.215416666666663,37.78,22.01,15.77,57.06,3.42125,1
TNP_0005,2021-03-27,6.3724300000000005,6.73924,0.9455710139422252,30.36625,38.93,21.84,17.09,51.380833333333335,3.095,1
TNP_0005,2021-03-28,5.878220000000001,6.46659,0.9090138697520642,30.482083333333332,38.31,23.66,14.650000000000002,51.080000000000005,2.80625,1
TNP_0005,2021-03-29,5.83107,6.415109999999999,0.9089586928361322,30.75916666666667,39.38,23.36,16.020000000000003,47.37708333333333,3.1566666666666667,1
TNP_0005,2021-03-30,6.2237,6.70496,0.9282232854483844,32.39833333333333,40.61,23.48,17.13,41.52125,2.87625,1
TNP_0005,2021-03-31,6.65934,6.691979999999999,0.9951225197923488,33.80875,42.13,25.83,16.300000000000004,41.78541666666667,2.822083333333333,1
TNP_0005,2021-04-01,6.57367,6.93968,0.9472583750259378,33.610416666666666,41.97,26.53,15.439999999999998,44.355,3.249166666666667,1
TNP_0005,2021-04-02,7.2022,7.28465,0.9886816799708976,33.562916666666666,42.59,25.45,17.140000000000004,40.32666666666667,3.39,1
TNP_0005,2021-04-03,6.37788,7.08161,0.9006257051715642,33.025,41.13,25.0,16.130000000000003,40.23333333333333,3.4883333333333333,1
TNP_0005,2021-04-04,5.8125,6.75068,0.8610243708781931,33.905833333333334,42.07,26.24,15.830000000000002,38.80833333333333,2.657083333333333,1
TNP_0005,2021-04-05,5.8103,6.27561,0.925854219749156,32.971250000000005,41.21,25.35,15.86,44.71375,3.192916666666666,1
TNP_0005,2021-04-06,5.88785,6.68167,0.8811943720656662,30.924166666666665,39.3,23.97,15.329999999999998,47.48,3.495,1
TNP_0005,2021-04-07,6.97296,7.01018,0.9946905785586104,30.530833333333334,40.0,22.46,17.54,44.31,3.174583333333333,1
TNP_0005,2021-04-08,6.18414,6.88849,0.8977497245405016,30.42333333333333,39.36,22.16,17.2,45.04083333333333,2.995416666666667,1
TNP_0005,2021-04-09,6.273890000000001,6.88781,0.9108686215212092,30.414583333333336,38.9,22.89,16.009999999999998,49.89833333333333,3.4754166666666664,1
TNP_0005,2021-04-10,6.5438600000000005,7.086810000000001,0.923385839326862,30.8875,38.78,24.05,14.73,50.24375,3.36125,1
TNP_0005,2021-04-11,5.81745,7.22881,0.8047590128942385,30.844583333333333,38.81,23.99,14.820000000000004,51.54833333333334,3.5970833333333334,1
TNP_0005,2021-04-12,5.30436,7.2948,0.7271426221417996,30.540000000000003,37.64,24.66,12.98,55.03375,3.397083333333333,1
TNP_0005,2021-04-13,5.96438,7.2282,0.8251542569381035,30.452916666666667,37.72,24.82,12.9,54.809583333333336,3.1,1
TNP_0005,2021-04-14,5.8137,7.16537,0.8113607531781332,28.31833333333333,33.14,23.95,9.19,68.36833333333333,2.100416666666667,1
TNP_0005,2021-04-15,5.67658,7.26968,0.7808569290532732,26.63458333333333,30.48,23.37,7.109999999999999,76.67208333333333,2.0816666666666666,1
TNP_0005,2021-04-16,6.32247,6.88045,0.918903560086913,28.03625,33.48,23.18,10.299999999999995,68.24916666666667,1.3549999999999998,1
TNP_0005,2021-04-17,6.22358,6.9461,0.8959819179107701,29.32375,34.27,24.24,10.030000000000005,63.84833333333333,1.2054166666666666,1
TNP_0005,2021-04-18,6.25657,6.95481,0.8996032961360555,30.360416666666666,36.87,24.8,12.069999999999997,59.625,1.5983333333333334,1
TNP_0005,2021-04-19,6.12296,6.738300000000001,0.9086802309187776,29.90416666666667,35.13,24.78,10.35,62.03625,1.3550000000000002,1
TNP_0005,2021-04-20,5.06356,6.30891,0.8026045703615997,28.65833333333333,33.91,24.48,9.429999999999996,68.61791666666666,1.7095833333333337,1
TNP_0005,2021-04-21,5.955550000000001,6.520569999999999,0.9133480661966672,29.49083333333333,35.05,24.22,10.829999999999998,64.86083333333333,1.33,1
TNP_0005,2021-04-22,6.32941,6.824280000000001,0.9274839250441071,30.418333333333333,37.32,24.27,13.05,60.580000000000005,1.8916666666666664,1
TNP_0005,2021-04-23,5.54126,6.19279,0.8947921696036844,29.95625,35.81,24.75,11.060000000000002,65.74583333333334,1.19875,1
TNP_0005,2021-04-24,5.09081,6.32833,0.8044476188820747,28.429166666666664,33.01,23.88,9.13,71.0875,1.6391666666666669,1
TNP_0005,2021-04-25,6.10935,6.7712200000000005,0.9022524744433056,29.45583333333333,35.66,23.81,11.849999999999998,66.5725,2.2929166666666667,1
TNP_0005,2021-04-26,5.55201,6.7446,0.8231785428342674,28.92625,33.83,24.33,9.5,66.80499999999999,1.6908333333333332,1
TNP_0005,2021-04-27,6.22733,6.98834,0.8911028942495643,28.58833333333333,33.93,24.25,9.68,67.18541666666667,1.60875,1
TNP_0005,2021-04-28,6.89222,7.0381,0.9792728151063496,29.74208333333333,37.32,24.17,13.15,58.85583333333333,2.0525,1
TNP_0005,2021-04-29,6.70356,7.11226,0.9425358465522916,30.49083333333333,37.13,24.54,12.590000000000003,58.59875,1.9945833333333327,1
TNP_0005,2021-04-30,5.72194,6.784980000000001,0.8433245197480316,30.197916666666668,36.31,25.1,11.21,62.525416666666665,2.6325,1
TNP_0005,2021-05-01,6.19942,7.20596,0.8603184030996563,29.5625,35.78,24.6,11.18,65.08624999999999,2.629583333333333,1
TNP_0005,2021-05-02,6.4787,7.42869,0.8721187719503708,29.631666666666664,36.0,24.46,11.54,64.04916666666666,2.3291666666666666,1
TNP_0005,2021-05-03,6.25753,7.503220000000001,0.8339792782298799,29.5975,36.21,24.61,11.6,65.42875,2.441666666666667,1
TNP_0005,2021-05-04,5.22487,7.31081,0.7146773066185553,29.266666666666666,35.3,24.25,11.049999999999995,68.78541666666666,2.084583333333333,1
TNP_0005,2021-05-05,6.52876,7.34467,0.8889112785189804,29.6775,36.17,24.1,12.07,64.83624999999999,2.365833333333333,1
TNP_0005,2021-05-06,6.70563,7.512020000000001,0.8926533741922944,30.62708333333333,38.01,24.33,13.68,59.677083333333336,3.0391666666666666,1
TNP_0005,2021-05-07,6.14315,7.47978,0.8213008938765578,29.78875,37.13,24.8,12.330000000000002,64.45041666666667,2.796666666666667,1
TNP_0005,2021-05-08,6.14372,7.486059999999999,0.8206880521930094,29.287916666666664,34.67,25.0,9.670000000000002,64.64708333333333,2.7541666666666664,1
TNP_0005,2021-05-09,6.44011,7.396529999999999,0.8706934197522352,30.06958333333333,36.1,25.39,10.71,63.01791666666667,2.2258333333333336,1
TNP_0005,2021-05-10,6.31661,7.32323,0.8625442598416273,30.14375,35.8,25.38,10.419999999999998,63.82416666666666,2.0104166666666665,1
TNP_0005,2021-05-11,6.23736,7.08228,0.8806994357749199,30.269583333333333,34.54,25.67,8.869999999999997,63.80833333333334,1.7808333333333335,1
TNP_0005,2021-05-12,5.1694700000000005,7.05069,0.7331863973596912,30.473333333333333,36.33,25.27,11.06,66.22958333333334,1.8066666666666664,1
TNP_0005,2021-05-13,5.09918,6.92825,0.7359982679608847,29.7875,36.13,24.38,11.750000000000004,70.02499999999999,1.9925,1
TNP_0005,2021-05-14,6.41637,7.35811,0.8720133295098877,29.69333333333333,37.39,24.26,13.13,65.2325,3.59625,1
TNP_0005,2021-05-15,3.19184,7.01854,0.454772645023039,27.63875,31.36,23.92,7.439999999999998,74.62083333333334,4.068333333333333,1
TNP_0005,2021-05-16,4.91418,7.13504,0.6887389559133515,27.41333333333333,31.78,22.99,8.790000000000003,73.4225,3.5229166666666667,1
TNP_0005,2021-05-17,6.73071,7.18022,0.9373960686441364,29.71708333333333,36.75,23.0,13.75,66.68041666666666,2.545,1
TNP_0005,2021-05-18,6.706600000000001,7.21219,0.9298978534952628,28.934166666666663,34.83,24.44,10.389999999999995,71.13708333333334,2.46375,1
TNP_0005,2021-05-19,6.29287,7.15139,0.8799506110000992,27.855416666666667,31.49,24.62,6.869999999999997,81.20416666666667,2.5733333333333333,1
TNP_0005,2021-05-20,5.17984,7.065840000000001,0.7330819831753903,26.821250000000003,30.87,23.14,7.73,82.49541666666667,2.49625,1
TNP_0005,2021-05-21,4.47187,6.9422,0.6441574716948518,25.84875,29.86,22.84,7.02,80.7975,2.8025,1
TNP_0005,2021-05-22,4.46891,6.97492,0.6407112913123019,26.682916666666667,32.01,22.77,9.239999999999998,78.59,3.349166666666666,1
TNP_0005,2021-05-23,5.67155,6.699140000000001,0.8466086691724608,28.56375,34.7,22.67,12.03,69.10125000000001,3.2470833333333338,1
TNP_0005,2021-05-24,5.90267,6.8401000000000005,0.8629508340521336,28.211250000000003,33.53,23.37,10.16,70.8975,3.4625,1
TNP_0005,2021-05-25,5.91237,6.5092,0.9083097769311128,26.71083333333333,32.95,22.06,10.890000000000004,74.78375,4.46875,1
TNP_0005,2021-05-26,5.12063,6.70418,0.7637966164392961,26.84375,32.94,22.13,10.81,70.80541666666666,5.004166666666666,1
TNP_0005,2021-05-27,6.86502,6.9100600000000005,0.9934819668714888,28.11958333333333,34.76,22.3,12.459999999999996,68.12916666666666,4.43625,1
TNP_0005,2021-05-28,7.02903,7.08893,0.9915502057433208,28.719166666666663,35.8,22.64,13.159999999999997,65.30624999999999,3.89375,1
TNP_0005,2021-05-29,6.478440000000001,6.99963,0.9255403499899282,28.394583333333333,35.41,22.46,12.949999999999996,65.99083333333333,3.8858333333333337,1
TNP_0005,2021-05-30,6.91624,7.16615,0.9651263230604996,28.532083333333333,35.77,22.4,13.370000000000005,65.67041666666667,3.901666666666667,1
TNP_0005,2021-05-31,6.96088,7.27301,0.9570837933675328,28.769166666666667,35.58,22.59,12.989999999999998,64.63833333333334,3.724166666666666,1
TNP_0005,2021-06-01,6.33147,7.285279999999999,0.8690770979289747,29.09208333333333,35.34,23.36,11.980000000000004,69.16875,3.216666666666667,1
TNP_0005,2021-06-02,6.031140000000001,6.97446,0.8647465180099966,29.743333333333336,34.92,23.89,11.03,68.68083333333333,1.60625,1
TNP_0005,2021-06-03,5.058260000000001,6.52086,0.7757044316240497,27.4525,30.32,24.91,5.41,81.98708333333333,1.40125,1
TNP_0005,2021-06-04,4.213439999999999,6.6787,0.6308772665339062,26.345416666666665,29.92,23.71,6.210000000000001,85.16916666666667,1.9004166666666664,1
TNP_0005,2021-06-05,4.54646,6.86465,0.6623003357782261,26.02958333333333,30.82,22.09,8.73,77.72375,2.330833333333333,1
TNP_0005,2021-06-06,6.37986,6.97166,0.915113473692062,28.022916666666664,33.84,21.97,11.870000000000005,70.80708333333332,2.7295833333333337,1
TNP_0005,2021-06-07,6.683520000000001,7.06372,0.9461756694772728,28.569166666666664,34.49,23.46,11.03,67.04166666666667,2.592083333333333,1
TNP_0005,2021-06-08,5.63749,7.06612,0.7978197369985225,28.61958333333333,35.54,22.91,12.63,67.25666666666667,3.4479166666666665,1
TNP_0005,2021-06-09,6.726100000000001,7.11091,0.945884563297806,27.92833333333333,33.93,22.76,11.169999999999998,70.86916666666666,3.847083333333333,1
TNP_0005,2021-06-10,6.75746,7.2421,0.9330801839245524,28.475416666666664,35.65,22.72,12.93,66.10208333333334,4.357916666666667,1
TNP_0005,2021-06-11,5.58524,7.356149999999999,0.7592612983693916,27.594583333333333,34.01,22.54,11.47,68.36791666666666,4.047916666666667,1
TNP_0005,2021-06-12,5.93958,7.04375,0.8432411712511092,27.715416666666663,34.14,22.67,11.47,64.83624999999999,5.309166666666667,1
TNP_0005,2021-06-13,4.3514800000000005,6.99196,0.6223548189634953,27.47958333333333,34.42,22.56,11.860000000000005,62.83833333333333,5.791666666666667,1
TNP_0005,2021-06-14,4.26689,7.00612,0.6090232539551135,25.99625,31.41,21.4,10.010000000000002,64.65791666666667,5.96,1
TNP_0005,2021-06-15,5.33341,6.811979999999999,0.7829456340153671,27.6725,33.97,21.68,12.29,66.97500000000001,5.0200000000000005,1
TNP_0005,2021-06-16,4.99189,6.56768,0.7600690045800038,27.54083333333333,32.85,22.86,9.990000000000002,72.16375000000001,4.224583333333333,1
TNP_0005,2021-06-17,5.446070000000001,6.63338,0.821009801941092,27.44375,33.67,22.63,11.040000000000004,70.20291666666667,4.648333333333333,1
TNP_0005,2021-06-18,4.61719,6.18433,0.7465950232280618,27.33875,33.69,22.49,11.2,67.25375,4.703333333333333,1
TNP_0005,2021-06-19,5.71745,6.439640000000001,0.8878524265331601,27.10083333333333,32.8,22.47,10.329999999999998,70.25791666666667,4.08875,1
TNP_0005,2021-06-20,6.310989999999999,6.74229,0.9360306364751442,27.95958333333333,33.71,22.47,11.240000000000002,69.01875,3.388333333333333,1
TNP_0005,2021-06-21,6.3083800000000005,6.71529,0.9394054463768506,28.36,34.58,22.86,11.72,68.29666666666667,3.199583333333333,1
TNP_0005,2021-06-22,5.15439,6.51846,0.7907373827560498,28.125416666666663,33.46,23.7,9.760000000000002,68.12458333333333,3.002916666666667,1
TNP_0005,2021-06-23,4.71241,6.47639,0.7276291267202871,27.339166666666667,31.94,23.74,8.200000000000003,75.51416666666667,2.1320833333333336,1
TNP_0005,2021-06-24,5.38521,6.85139,0.7860025483879913,27.46875,33.55,22.52,11.029999999999998,69.25041666666667,3.455833333333333,1
TNP_0005,2021-06-25,6.61034,6.780270000000001,0.9749375762322148,28.214583333333334,35.37,22.39,12.979999999999997,62.31958333333333,3.8016666666666654,1
TNP_0005,2021-06-26,5.72699,6.72066,0.8521469617567322,27.7525,34.24,22.39,11.85,67.40625,4.1554166666666665,1
TNP_0005,2021-06-27,3.70569,6.60839,0.5607553428293427,26.92833333333333,33.28,21.53,11.75,62.13999999999999,3.205833333333333,1
TNP_0005,2021-06-28,5.0071,6.75526,0.7412149939454589,26.636666666666667,33.19,21.46,11.729999999999997,66.64791666666666,2.3954166666666667,1
TNP_0005,2021-06-29,5.62121,6.82658,0.823429887293491,28.38083333333333,34.64,22.06,12.580000000000002,71.23583333333333,2.177916666666667,1
TNP_0005,2021-06-30,6.22097,6.97339,0.8921012592153889,28.5925,33.64,23.68,9.96,73.71875,2.165833333333333,1
TNP_0005,2021-07-01,5.210940000000001,6.61132,0.7881845077836197,27.406666666666663,30.92,24.02,6.900000000000002,81.26666666666667,2.143333333333333,1
TNP_0005,2021-07-02,5.976730000000001,6.84068,0.8737040762029508,27.285,31.32,23.29,8.030000000000001,77.66041666666668,2.7900000000000005,1
TNP_0005,2021-07-03,5.36759,6.99314,0.767550771184332,26.907916666666665,30.76,23.17,7.59,77.21791666666667,2.0908333333333333,1
TNP_0005,2021-07-04,5.2881100000000005,6.849399999999999,0.7720544865243673,25.420416666666668,28.24,22.82,5.419999999999998,84.21,2.28375,1
TNP_0005,2021-07-05,6.81608,7.21546,0.9446494055819034,27.53916666666667,31.82,22.87,8.95,74.99333333333334,1.98875,1
TNP_0005,2021-07-06,6.02266,6.9604,0.8652749841963105,27.289583333333336,31.37,23.7,7.670000000000002,78.23083333333334,1.9808333333333328,1
TNP_0005,2021-07-07,6.00809,6.93453,0.8664019046712611,27.16541666666667,31.99,22.72,9.27,77.23,2.3191666666666664,1
TNP_0005,2021-07-08,6.42471,7.081989999999999,0.9071899282546292,27.70375,32.02,22.72,9.300000000000004,77.03291666666667,2.1183333333333336,1
TNP_0005,2021-07-09,4.73749,6.81727,0.6949248012767575,26.16416666666667,30.59,22.58,8.010000000000002,81.84416666666667,3.6625,1
TNP_0005,2021-07-10,3.5916900000000003,6.93518,0.5178942723909113,25.807916666666667,30.94,21.64,9.3,74.63583333333334,5.189583333333333,1
TNP_0005,2021-07-11,4.52333,6.64296,0.680920854558811,26.06583333333333,31.57,21.69,9.88,71.98041666666667,4.637083333333334,1
TNP_0005,2021-07-12,4.67717,7.144979999999999,0.6546092501308612,26.46625,32.28,21.92,10.36,71.87666666666667,5.05625,1
TNP_0005,2021-07-13,4.32361,7.1808000000000005,0.6021070075757574,26.89833333333333,33.24,22.02,11.220000000000002,72.21791666666667,4.9525,1
TNP_0005,2021-07-14,3.81812,6.81451,0.5602926696123419,26.26,32.38,21.91,10.470000000000002,75.77416666666666,4.235833333333333,1
TNP_0005,2021-07-15,2.88099,7.000769999999999,0.4115247322794493,26.08875,30.63,21.92,8.709999999999997,78.17666666666666,3.439166666666667,1
TNP_0005,2021-07-16,4.9716700000000005,6.96836,0.7134634261146096,27.080416666666665,32.87,22.17,10.699999999999996,75.86625,3.0812500000000003,1
TNP_0005,2021-07-17,4.92624,6.977189999999999,0.7060492834507875,27.05125,32.14,22.74,9.400000000000002,76.93625,2.817916666666666,1
TNP_0005,2021-07-18,3.3348,7.10257,0.469520187763021,25.469583333333333,29.41,22.22,7.190000000000001,83.46708333333333,3.3875,1
TNP_0005,2021-07-19,5.719939999999999,7.11154,0.8043180520674846,26.772916666666664,32.98,22.21,10.769999999999996,76.09916666666668,4.3675,1
TNP_0005,2021-07-20,6.00647,6.90633,0.8697050387108639,27.691666666666663,34.61,22.15,12.46,69.73083333333334,5.1675,1
TNP_0005,2021-07-21,4.16841,6.93699,0.6008960658729506,27.1675,33.16,22.55,10.609999999999996,70.71,5.238333333333333,1
TNP_0005,2021-07-22,4.37788,6.78138,0.6455736148099649,26.475416666666664,31.64,22.74,8.900000000000002,72.88583333333334,6.18875,1
TNP_0005,2021-07-23,4.06333,6.644100000000001,0.6115696633103053,27.18375,33.07,22.52,10.55,71.17416666666666,5.579166666666667,1
TNP_0005,2021-07-24,5.68675,6.89784,0.824424747457175,27.33791666666667,33.83,22.54,11.29,71.9325,4.439583333333333,1
TNP_0005,2021-07-25,6.04645,6.9682200000000005,0.8677180111994167,26.446250000000003,32.93,21.93,11.0,72.76625,4.67,1
TNP_0005,2021-07-26,5.45046,7.08952,0.7688052223563795,27.265833333333333,34.33,21.97,12.36,73.60875,3.775,1
TNP_0005,2021-07-27,5.871989999999999,6.98363,0.8408220366772008,25.655416666666667,30.53,21.96,8.57,80.30416666666666,3.39625,1
TNP_0005,2021-07-28,6.09906,7.20057,0.8470246105516647,27.292916666666667,34.1,21.95,12.150000000000002,70.02083333333333,4.3725,1
TNP_0005,2021-07-29,6.03584,7.30101,0.8267130164182764,27.46625,34.17,21.9,12.270000000000003,70.41208333333333,3.875833333333333,1
TNP_0005,2021-07-30,5.36929,7.20787,0.7449204827501051,27.544166666666666,33.54,21.8,11.739999999999998,69.7025,4.1241666666666665,1
TNP_0005,2021-07-31,5.87771,7.06416,0.8320465561368938,27.589166666666667,34.34,22.26,12.080000000000002,70.1025,3.918333333333333,1
TNP_0005,2021-08-01,5.03124,6.66669,0.754683358608245,27.96333333333333,34.97,22.12,12.849999999999998,67.05624999999999,4.2387500000000005,1
TNP_0005,2021-08-02,5.80239,6.809780000000001,0.8520671739762516,27.539166666666663,34.48,22.08,12.4,65.99916666666667,4.655833333333333,1
TNP_0005,2021-08-03,5.230779999999999,6.982279999999999,0.7491507072188454,27.953333333333333,35.45,21.89,13.560000000000002,66.98,4.4125000000000005,1
TNP_0005,2021-08-04,4.72496,6.93693,0.6811312785338759,28.429166666666664,35.92,22.47,13.450000000000005,64.53333333333333,5.420416666666667,1
TNP_0005,2021-08-05,4.929480000000001,6.89741,0.7146856573699404,28.22,35.65,22.49,13.16,66.52125,5.024166666666667,1
TNP_0005,2021-08-06,4.95217,6.76963,0.7315274246893847,28.62833333333333,35.81,22.76,13.05,69.10958333333333,4.3575,1
TNP_0005,2021-08-07,5.63317,6.90805,0.8154500908360536,27.69666666666667,33.46,22.8,10.66,73.15583333333333,3.662083333333333,1
TNP_0005,2021-08-08,6.33215,6.94307,0.9120101050399896,27.852083333333336,34.2,22.7,11.500000000000004,69.3325,3.306666666666666,1
TNP_0005,2021-08-09,6.240150000000001,7.055650000000001,0.8844188699836302,27.68458333333333,33.73,22.57,11.159999999999997,70.45166666666667,3.39,1
TNP_0005,2021-08-10,5.989649999999999,7.00848,0.8546289637696047,26.835416666666664,33.54,22.37,11.169999999999998,69.72791666666667,4.105,1
TNP_0005,2021-08-11,5.01413,6.82831,0.7343149329775596,27.11583333333333,32.9,22.95,9.95,71.76791666666666,3.525416666666666,1
TNP_0005,2021-08-12,4.16749,6.57642,0.633701922930713,26.377916666666668,31.57,22.87,8.7,74.83791666666667,3.415833333333333,1
TNP_0005,2021-08-13,5.07224,6.86713,0.7386258888356562,26.575,32.38,22.81,9.570000000000004,77.21041666666666,2.4625,1
TNP_0005,2021-08-14,5.37281,6.827229999999999,0.7869677746318786,27.245416666666667,33.2,22.28,10.920000000000002,71.18375,3.580416666666667,1
TNP_0005,2021-08-15,4.57713,6.92753,0.6607160127780032,27.40416666666667,34.59,21.98,12.610000000000005,68.01458333333333,3.6458333333333335,1
TNP_0005,2021-08-16,4.78917,7.00066,0.6841026417509207,28.07708333333333,34.52,21.83,12.690000000000005,64.71833333333333,3.3979166666666667,1
TNP_0005,2021-08-17,5.04589,6.76055,0.746372706362648,27.63125,35.29,22.23,13.06,67.88333333333334,4.0325,1
TNP_0005,2021-08-18,5.24464,6.94678,0.7549742470612285,26.1725,32.39,20.83,11.560000000000002,71.31125,3.9270833333333335,1
TNP_0005,2021-08-19,5.45685,7.02968,0.7762586632677448,27.4175,35.12,20.57,14.549999999999995,63.02875,4.345833333333333,1
TNP_0005,2021-08-20,4.97521,7.00279,0.7104611162122525,27.21291666666667,34.12,21.95,12.169999999999998,68.74125,2.4566666666666666,1
TNP_0005,2021-08-21,2.18048,6.39521,0.3409551836452595,26.081666666666667,30.37,22.54,7.830000000000002,77.01916666666666,1.211666666666667,1
TNP_0005,2021-08-22,4.69057,6.80495,0.6892879448048848,26.027916666666663,30.54,22.78,7.759999999999998,79.76541666666667,1.70625,1
TNP_0005,2021-08-23,3.67319,6.763529999999999,0.5430877071588357,25.84125,30.34,22.06,8.280000000000001,78.16708333333334,2.10875,1
TNP_0005,2021-08-24,6.0232,6.894430000000001,0.8736327731226511,27.385416666666668,34.01,21.96,12.049999999999995,71.875,2.805,1
TNP_0005,2021-08-25,6.29806,7.01539,0.8977490916399516,28.03333333333333,34.71,21.86,12.85,69.99333333333333,2.9204166666666667,1
TNP_0005,2021-08-26,6.25237,7.03123,0.8892284849165794,27.430000000000003,32.68,22.96,9.72,74.37541666666667,3.03,1
TNP_0005,2021-08-27,4.45369,6.77654,0.6572218270680908,26.705416666666668,31.48,23.17,8.309999999999999,79.40583333333333,2.9995833333333333,1
TNP_0005,2021-08-28,4.581510000000001,7.06672,0.6483219937962733,26.172916666666666,31.43,22.65,8.780000000000001,77.69083333333333,2.99875,1
TNP_0005,2021-08-29,3.8083,6.95496,0.5475660535790285,25.25125,29.9,21.91,7.989999999999998,81.25291666666666,3.0270833333333336,1
TNP_0005,2021-08-30,4.95299,6.84083,0.7240334871645693,26.55666666666667,32.72,21.72,11.0,71.88250000000001,3.945,1
TNP_0005,2021-08-31,5.72713,6.93011,0.8264125677658796,28.035,34.2,21.48,12.720000000000002,67.16083333333333,2.822083333333333,1
TNP_0005,2021-09-01,4.586060000000001,6.73608,0.6808202990463297,27.44875,32.57,22.86,9.71,68.85916666666667,2.1620833333333334,1
TNP_0005,2021-09-02,3.97115,6.78219,0.5855262090858557,25.40625,29.04,22.65,6.390000000000001,82.38000000000001,2.5195833333333333,1
TNP_0005,2021-09-03,4.602729999999999,6.85534,0.6714079826821134,26.05625,31.5,21.57,9.93,77.91833333333334,2.6741666666666664,1
TNP_0005,2021-09-04,3.56217,6.85679,0.5195098581114487,26.076666666666668,31.73,21.45,10.28,79.15125,3.2229166666666664,1
TNP_0005,2021-09-05,5.65811,7.13144,0.7934035762763201,26.58791666666667,34.47,21.56,12.91,72.70541666666666,4.617916666666667,1
TNP_0005,2021-09-06,4.256390000000001,6.98116,0.6096966693214309,24.989166666666662,31.29,20.81,10.48,77.77625,4.181666666666667,1
TNP_0005,2021-09-07,5.52356,7.0074,0.7882467106202015,26.27,32.83,20.77,12.06,75.3625,4.06625,1
TNP_0005,2021-09-08,5.53229,6.925770000000001,0.7987978232023297,25.429166666666664,30.02,21.18,8.84,81.84833333333333,3.16625,1
TNP_0005,2021-09-09,6.51862,7.1010100000000005,0.9179849063724738,26.97083333333333,33.23,21.0,12.229999999999997,74.46416666666667,2.9762500000000003,1
TNP_0005,2021-09-10,5.8753400000000005,7.03334,0.8353556062980035,26.6775,31.82,22.16,9.66,74.88666666666667,3.608333333333334,1
TNP_0005,2021-09-11,5.10531,6.8641000000000005,0.743769758599088,25.72791666666667,30.19,22.17,8.02,80.61708333333333,3.5825,1
TNP_0005,2021-09-12,5.55045,6.93211,0.8006869481297901,26.28625,31.37,22.1,9.27,77.40041666666666,4.362916666666666,1
TNP_0005,2021-09-13,5.59922,6.88384,0.8133861333209371,26.176666666666662,31.39,21.97,9.420000000000002,77.46291666666666,4.194166666666667,1
TNP_0005,2021-09-14,6.05812,6.75687,0.8965867332063514,27.04208333333333,32.68,21.9,10.78,75.77125,3.2991666666666664,1
TNP_0005,2021-09-15,6.31543,6.73681,0.9374511081654372,27.051666666666662,33.03,22.11,10.920000000000002,76.32875,3.407083333333333,1
TNP_0005,2021-09-16,5.75,6.76154,0.8503979862575686,26.857083333333332,31.99,22.51,9.479999999999997,78.36958333333334,2.6245833333333333,1
TNP_0005,2021-09-17,5.349189999999999,6.5722,0.8139116277654361,27.35083333333333,32.3,22.99,9.31,74.09875,2.1283333333333334,1
TNP_0005,2021-09-18,4.39104,6.22204,0.705723524760368,27.1225,31.56,23.3,8.259999999999998,76.27083333333333,1.2633333333333334,1
TNP_0005,2021-09-19,5.57361,6.375,0.8742917647058823,26.725416666666664,30.73,23.16,7.57,80.18916666666667,1.8166666666666669,1
TNP_0005,2021-09-20,5.33355,6.40749,0.8323930275349629,26.910833333333333,31.13,22.95,8.18,79.2075,1.66625,1
TNP_0005,2021-09-21,5.79309,6.94977,0.8335657151243855,26.84625,32.17,22.19,9.98,75.3275,2.8266666666666667,1
TNP_0005,2021-09-22,5.27591,6.66134,0.792019323439428,28.324166666666667,34.53,21.67,12.86,69.19333333333333,1.8370833333333332,1
TNP_0005,2021-09-23,5.14562,6.69824,0.7682047821517294,26.57041666666667,30.56,23.48,7.079999999999998,79.73416666666667,2.065,1
TNP_0005,2021-09-24,5.953860000000001,6.75175,0.8818247121116748,26.89833333333333,31.0,22.97,8.030000000000001,75.25958333333334,1.8320833333333333,1
TNP_0005,2021-09-25,6.10038,6.66485,0.9153064209997226,26.81458333333333,31.2,22.79,8.41,80.77,2.105833333333333,1
TNP_0005,2021-09-26,4.57269,6.71663,0.6808012351432191,25.932916666666667,30.41,22.18,8.23,79.91333333333334,2.59375,1
TNP_0005,2021-09-27,4.660819999999999,6.882639999999999,0.6771849174154103,26.515416666666667,33.28,21.86,11.420000000000002,76.24291666666666,4.217083333333333,1
TNP_0005,2021-09-28,5.202109999999999,6.64151,0.7832721775620302,25.19083333333333,31.33,20.68,10.65,77.46416666666667,3.82125,1
TNP_0005,2021-09-29,5.92465,6.78637,0.873021954299574,26.386666666666667,33.68,20.48,13.2,68.56,2.8575,1
TNP_0005,2021-09-30,5.61961,6.5214300000000005,0.8617143785948786,26.832916666666662,32.97,20.94,12.029999999999998,72.17,1.58625,1
TNP_0005,2021-10-01,3.75934,6.5871,0.5707124531280837,26.67833333333333,31.24,22.54,8.7,80.77916666666667,1.7833333333333332,1
TNP_0005,2021-10-02,5.209560000000001,6.911650000000001,0.75373608327968,25.682916666666667,28.89,23.18,5.710000000000001,86.94333333333333,2.0558333333333336,1
TNP_0005,2021-10-03,4.0464,6.81338,0.5938902571117419,26.222916666666663,30.99,22.55,8.439999999999998,81.63833333333334,2.3208333333333333,1
TNP_0005,2021-10-04,5.18233,6.87215,0.7541060657872719,26.741666666666664,30.96,22.42,8.54,81.63541666666667,1.6445833333333333,1
TNP_0005,2021-10-05,1.9173,6.718319999999999,0.2853838459614904,25.739166666666662,29.4,22.21,7.189999999999998,85.00125,1.5691666666666666,1
TNP_0005,2021-10-06,4.71326,6.60059,0.7140664698155771,26.16708333333333,31.53,22.15,9.380000000000004,82.06375,1.7445833333333332,1
TNP_0005,2021-10-07,5.88019,6.65771,0.8832150994861596,26.999166666666667,32.06,22.31,9.750000000000004,77.70708333333333,2.16875,1
TNP_0005,2021-10-08,4.72881,6.55394,0.7215217106046135,26.246666666666663,30.38,22.9,7.48,83.63583333333334,2.86125,1
TNP_0005,2021-10-09,4.21015,6.58749,0.6391129246496009,25.692916666666665,29.38,22.71,6.669999999999998,86.03958333333333,2.766666666666667,1
TNP_0005,2021-10-10,5.712470000000001,6.51965,0.876192740407844,26.446250000000003,30.86,22.48,8.379999999999999,82.32041666666667,2.270833333333333,1
TNP_0005,2021-10-11,5.066470000000001,6.10292,0.8301714589081949,25.27583333333333,29.4,22.37,7.029999999999998,85.95416666666667,2.4675,1
TNP_0005,2021-10-12,5.16668,6.39075,0.8084622305676173,24.917916666666667,29.87,21.36,8.510000000000002,84.86166666666666,3.4287500000000004,1
TNP_0005,2021-10-13,5.39825,6.53708,0.8257891902806759,25.16125,29.76,21.29,8.470000000000002,82.64375,2.859166666666667,1
TNP_0005,2021-10-14,5.57781,6.544989999999999,0.8522259010326985,26.730416666666667,31.94,21.9,10.040000000000004,80.70875,2.2466666666666666,1
TNP_0005,2021-10-15,4.658189999999999,6.0251,0.7731307364193124,26.387083333333333,30.09,22.71,7.379999999999999,83.22291666666666,1.585,1
TNP_0005,2021-10-16,4.82961,6.2084,0.7779154049352489,27.010416666666668,31.08,23.37,7.709999999999997,84.95666666666666,1.7179166666666663,1
TNP_0005,2021-10-17,4.1412,6.05539,0.6838865869910938,25.162916666666664,27.6,22.64,4.960000000000001,90.66708333333334,3.5058333333333334,1
TNP_0005,2021-10-18,4.4886,6.1386400000000005,0.73120430583973,25.28875,28.88,22.46,6.419999999999998,86.27416666666666,2.645833333333333,1
TNP_0005,2021-10-19,4.70338,5.900810000000001,0.7970736220959495,25.25125,27.97,22.59,5.379999999999999,84.39125,1.83125,1
TNP_0005,2021-10-20,3.3966099999999995,5.398689999999999,0.6291544800683129,25.532083333333333,29.09,22.61,6.48,86.9775,1.3025,1
TNP_0005,2021-10-21,4.55316,5.94679,0.7656500397693545,25.20208333333333,27.73,22.9,4.830000000000002,87.45208333333333,1.1604166666666669,1
TNP_0005,2021-10-22,5.15949,6.39245,0.8071224647826732,25.12708333333333,28.17,22.55,5.620000000000001,88.36583333333334,1.768333333333333,1
TNP_0005,2021-10-23,5.31183,6.36692,0.8342856514609889,25.077916666666667,28.57,21.98,6.59,87.61916666666667,1.565416666666667,1
TNP_0005,2021-10-24,5.278309999999999,6.11237,0.8635455641592376,25.80333333333333,30.6,21.63,8.970000000000002,79.95916666666666,0.8208333333333333,1
TNP_0005,2021-10-25,4.07149,5.6972,0.7146475461630275,25.21875,29.36,21.42,7.939999999999998,85.09458333333333,1.8695833333333327,1
TNP_0005,2021-10-26,4.75111,5.89107,0.8064935571975889,25.17125,29.59,21.73,7.859999999999999,85.045,1.9216666666666664,1
TNP_0005,2021-10-27,4.78641,5.49311,0.8713479249459778,25.446250000000003,30.1,21.5,8.600000000000001,83.33041666666666,2.2225,1
TNP_0005,2021-10-28,3.0074500000000004,5.64842,0.5324409303840721,25.157916666666665,29.65,21.73,7.919999999999998,83.00833333333334,2.0816666666666666,1
TNP_0005,2021-10-29,1.97168,6.35199,0.3104035113405405,23.78916666666667,27.25,21.24,6.010000000000002,87.94166666666666,2.7775,1
TNP_0005,2021-10-30,4.01095,6.22303,0.6445332900532378,23.9125,27.63,21.12,6.509999999999998,89.78125,2.9466666666666668,1
TNP_0005,2021-10-31,2.2051100000000003,6.262899999999999,0.3520908844145684,24.311666666666667,27.95,21.73,6.219999999999999,90.01583333333333,2.830833333333333,1
TNP_0005,2021-11-01,2.72964,6.18502,0.4413308283562543,24.14208333333333,27.08,21.75,5.329999999999998,92.24,2.618333333333333,1
TNP_0005,2021-11-02,2.8777,6.27415,0.4586597387693951,23.94458333333333,26.39,22.05,4.34,92.51875,3.1437500000000003,1
TNP_0005,2021-11-03,2.08875,6.15642,0.3392799711520656,23.78625,26.2,21.87,4.329999999999998,93.1075,2.5275,1
TNP_0005,2021-11-04,3.77493,6.0214300000000005,0.6269158655003877,24.06375,26.65,21.8,4.849999999999998,90.87708333333336,1.600833333333333,1
TNP_0005,2021-11-05,4.115489999999999,5.948720000000001,0.6918278217835095,24.482083333333332,27.91,21.7,6.210000000000001,87.25958333333334,0.9608333333333332,1
TNP_0005,2021-11-06,4.22412,5.89843,0.7161431092680595,25.12708333333333,28.6,21.48,7.120000000000001,85.14874999999999,1.3404166666666668,1
TNP_0005,2021-11-07,2.59396,5.43815,0.4769930950782894,24.816666666666663,27.68,21.15,6.530000000000001,84.97791666666667,1.4995833333333335,1
TNP_0005,2021-11-08,1.52479,5.14909,0.2961280536949247,23.99875,26.87,21.24,5.630000000000003,90.85291666666666,1.13,1
TNP_0005,2021-11-09,2.95535,5.57229,0.5303654332419885,23.10833333333333,25.83,20.85,4.979999999999997,89.545,2.0725,1
TNP_0005,2021-11-10,2.22698,5.66592,0.3930482604766746,22.64125,26.1,20.16,5.940000000000001,88.32333333333334,3.0241666666666664,1
TNP_0005,2021-11-11,2.34635,5.732819999999999,0.409283738195164,22.78916666666667,25.58,20.05,5.529999999999998,88.93208333333332,4.300833333333333,1
TNP_0005,2021-11-12,2.06512,5.8450500000000005,0.353310921206833,24.4475,28.53,21.13,7.400000000000002,89.13125000000001,2.342083333333333,1
TNP_0005,2021-11-13,3.53479,5.68581,0.6216862680954869,24.7925,28.32,21.58,6.740000000000002,84.97541666666667,1.6145833333333333,1
TNP_0005,2021-11-14,3.1503,5.70851,0.5518602927909383,24.61708333333333,27.87,21.86,6.010000000000002,89.64125,1.6625,1
TNP_0005,2021-11-15,3.51954,5.62164,0.6260699724635516,24.99708333333333,28.5,22.21,6.289999999999999,89.52541666666667,1.43875,1
TNP_0005,2021-11-16,3.84724,5.68634,0.6765757939201665,24.85291666666667,27.5,22.67,4.829999999999998,89.27958333333333,1.0391666666666668,1
TNP_0005,2021-11-17,2.97592,5.79141,0.5138506857570091,24.61208333333333,27.46,21.41,6.050000000000001,90.345,1.5525,1
TNP_0005,2021-11-18,0.41894,5.91535,0.0708225210680686,23.11125,25.19,21.13,4.060000000000002,90.68083333333334,4.729583333333333,1
TNP_0005,2021-11-19,3.47566,5.54346,0.6269838692801969,23.95583333333333,26.48,21.84,4.640000000000001,93.65625,3.529166666666667,1
TNP_0005,2021-11-20,4.31645,5.63253,0.7663430110447702,24.125,27.98,20.52,7.460000000000001,92.34416666666668,3.0729166666666665,1
TNP_0005,2021-11-21,4.58276,5.666720000000001,0.8087147415083152,24.20458333333333,28.4,20.31,8.09,80.33041666666666,1.6029166666666663,1
TNP_0005,2021-11-22,4.22063,5.752890000000001,0.7336538678820557,24.01333333333333,27.79,20.13,7.66,90.12791666666668,2.242083333333333,1
TNP_0005,2021-11-23,4.5633,5.92826,0.7697536882660342,24.136666666666667,27.4,21.39,6.009999999999998,91.46333333333332,2.462916666666666,1
TNP_0005,2021-11-24,3.71281,5.54921,0.6690700117674407,23.9525,27.25,21.19,6.059999999999999,89.88375,2.495833333333333,1
TNP_0005,2021-11-25,2.46855,5.422890000000001,0.4552093072144188,23.829166666666666,26.74,21.68,5.059999999999999,90.47291666666666,3.619583333333333,1
TNP_0005,2021-11-26,1.3371499999999998,5.38189,0.2484536101629724,23.329166666666666,26.05,20.9,5.150000000000002,91.17,3.969583333333333,1
TNP_0005,2021-11-27,2.27883,5.29296,0.4305398113720867,23.22833333333333,25.48,20.76,4.719999999999999,93.58208333333332,2.8937500000000003,1
TNP_0005,2021-11-28,1.72195,5.69711,0.3022497371474309,23.18208333333333,25.78,21.05,4.73,92.77708333333334,3.612083333333333,1
TNP_0005,2021-11-29,2.98761,5.6650100000000005,0.5273794750582964,22.330416666666665,25.05,20.39,4.66,93.39875,2.9779166666666668,1
TNP_0005,2021-11-30,4.19192,5.52834,0.7582601648957914,23.317916666666665,26.3,20.89,5.41,92.99583333333334,2.8716666666666666,1
TNP_0005,2021-12-01,3.31698,5.38533,0.6159288288739966,24.45208333333333,28.79,21.07,7.719999999999999,90.27708333333334,3.12375,1
TNP_0005,2021-12-02,3.5003,5.319640000000001,0.6579956538412374,23.832083333333333,28.47,20.23,8.239999999999998,88.59750000000001,2.692083333333333,1
TNP_0005,2021-12-03,4.503729999999999,5.44662,0.8268852976708488,22.746666666666663,26.45,19.42,7.029999999999998,80.12041666666666,1.5704166666666666,1
TNP_0005,2021-12-04,3.57917,5.31244,0.673733726875033,24.98708333333333,29.17,19.24,9.930000000000003,76.3025,1.0941666666666667,1
TNP_0005,2021-12-05,4.10783,5.00349,0.8209929469230477,25.6275,30.2,21.49,8.71,82.08375,1.2925,1
TNP_0005,2021-12-06,2.36071,4.9167700000000005,0.4801343158211589,25.238333333333333,29.52,21.85,7.669999999999998,87.45916666666666,2.12125,1
TNP_0005,2021-12-07,3.99583,5.00168,0.79889757041634,23.83083333333333,28.3,19.88,8.420000000000002,88.08999999999999,2.6825,1
TNP_0005,2021-12-08,5.0712600000000005,5.605689999999999,0.90466294069062,23.68041666666667,28.28,19.68,8.600000000000001,87.28500000000001,2.7875,1
TNP_0005,2021-12-09,3.13832,5.63285,0.5571460273218707,23.37833333333333,28.35,19.21,9.14,90.74583333333334,2.8625000000000003,1
TNP_0005,2021-12-10,5.03127,5.73619,0.8771100678324812,23.18625,27.92,19.01,8.91,87.21499999999999,3.209583333333333,1
TNP_0005,2021-12-11,3.7435,5.69589,0.6572282821473027,23.71291666666667,28.13,20.01,8.119999999999997,88.72625,3.674166666666667,1
TNP_0005,2021-12-12,4.32757,5.64362,0.7668074746350746,23.180833333333336,27.98,19.27,8.71,89.27083333333333,3.689583333333333,1
TNP_0005,2021-12-13,4.29905,5.54237,0.7756699751189473,23.47833333333333,28.26,19.19,9.07,88.40916666666668,3.4254166666666666,1
TNP_0005,2021-12-14,2.86977,5.28378,0.5431282150278778,22.660416666666663,26.12,20.05,6.07,90.63708333333334,3.5654166666666662,1
TNP_0005,2021-12-15,4.12045,4.93654,0.8346838068768814,22.74208333333333,27.43,18.65,8.780000000000001,88.04166666666667,3.50875,1
TNP_0005,2021-12-16,4.31325,4.8132600000000005,0.8961182234078358,22.219166666666663,27.45,17.96,9.489999999999998,86.11458333333333,3.4079166666666665,1
TNP_0005,2021-12-17,4.95703,5.13754,0.9648645071376574,21.664583333333336,27.24,17.35,9.889999999999995,85.08875,2.8775,1
TNP_0005,2021-12-18,5.05338,5.107189999999999,0.9894638734803288,21.252916666666668,26.99,16.74,10.25,84.5025,3.12125,1
TNP_0005,2021-12-19,5.36489,5.49482,0.9763540934916886,19.97791666666667,26.07,14.75,11.32,83.11041666666667,3.1291666666666664,1
TNP_0005,2021-12-20,5.0549800000000005,5.239529999999999,0.9647773750699016,20.75333333333333,26.58,14.42,12.159999999999998,83.95875,2.920833333333333,1
TNP_0005,2021-12-21,5.01738,5.17416,0.96969942947261,20.65041666666667,26.98,15.35,11.63,76.16041666666666,2.1179166666666664,1
TNP_0005,2021-12-22,4.3637,4.9400200000000005,0.8833365047105071,20.42,26.86,14.72,12.14,81.65041666666667,2.1275,1
TNP_0005,2021-12-23,5.22044,5.462219999999999,0.9557359461903768,19.895416666666662,26.85,13.99,12.86,79.27333333333333,2.209583333333333,1
TNP_0005,2021-12-24,5.71159,5.78464,0.9873717292692372,20.432916666666667,26.98,13.68,13.3,77.87166666666667,2.12875,1
TNP_0005,2021-12-25,5.65333,5.67871,0.995530675100507,20.71625,27.51,14.68,12.830000000000002,83.34291666666667,2.26625,1
TNP_0005,2021-12-26,5.369230000000001,5.42546,0.9896359018405814,21.00708333333333,27.26,15.08,12.18,84.63291666666667,2.3775,1
TNP_0005,2021-12-27,5.439439999999999,5.74397,0.9469826618175232,21.33375,27.29,15.69,11.6,84.91458333333334,2.69625,1
TNP_0005,2021-12-28,5.35351,5.72055,0.9358383372228194,21.2925,27.41,15.66,11.75,84.05416666666666,2.8183333333333334,1
TNP_0005,2021-12-29,5.352810000000001,5.8619200000000005,0.913149616507902,21.45208333333333,27.62,15.98,11.64,83.79625,2.780416666666667,1
TNP_0005,2021-12-30,3.16651,5.72541,0.5530625754312791,22.639166666666668,27.51,16.57,10.94,87.35583333333334,3.5741666666666667,1
TNP_0005,2021-12-31,2.87523,5.57028,0.5161733341950495,23.73583333333333,28.7,19.69,9.009999999999998,87.33166666666666,4.685833333333334,1
TNP_0005,2022-01-01,2.50667,5.44299,0.4605318032919406,23.46166666666667,28.44,19.77,8.670000000000002,87.9425,4.277083333333334,1
TNP_0005,2022-01-02,4.40748,5.5697600000000005,0.7913231449829076,22.502916666666668,28.02,17.45,10.57,86.90708333333333,3.7616666666666663,1
TNP_0005,2022-01-03,5.08415,5.40709,0.9402747133855732,22.284166666666668,28.08,17.17,10.909999999999997,83.89916666666666,3.234166666666667,1
TNP_0005,2022-01-04,4.51174,5.18886,0.8695050550602637,21.85625,27.81,16.21,11.599999999999998,84.5025,3.124166666666667,1
TNP_0005,2022-01-05,5.39383,5.46632,0.9867387931917636,21.832083333333333,28.4,15.9,12.499999999999998,82.32000000000001,2.42,1
TNP_0005,2022-01-06,4.24033,5.4773000000000005,0.7741642780201924,22.620833333333334,28.28,16.86,11.420000000000002,83.45916666666666,2.724166666666666,1
TNP_0005,2022-01-07,5.09861,5.65501,0.9016093693910356,23.30375,28.89,18.14,10.75,83.1225,2.679583333333333,1
TNP_0005,2022-01-08,4.559609999999999,5.62268,0.8109317976480965,23.00958333333333,28.4,18.53,9.869999999999996,83.97416666666666,2.827916666666667,1
TNP_0005,2022-01-09,5.11183,5.86999,0.8708413472595354,22.6925,29.1,17.54,11.560000000000002,81.97291666666666,2.5166666666666666,1
TNP_0005,2022-01-10,5.34168,5.95716,0.8966823117055779,23.045,29.14,17.41,11.73,79.91125,2.3725,1
TNP_0005,2022-01-11,5.44542,5.9093,0.9215000084612393,23.470416666666665,29.79,17.8,11.989999999999998,80.83666666666666,2.419583333333333,1
TNP_0005,2022-01-12,4.834569999999999,5.862850000000001,0.8246108974304304,23.99708333333333,30.0,18.27,11.73,80.39583333333333,1.8754166666666665,1
TNP_0005,2022-01-13,5.26208,5.92071,0.8887582739232288,24.549166666666668,30.0,19.59,10.41,81.33041666666666,2.026666666666667,1
TNP_0005,2022-01-14,5.221100000000001,5.88063,0.8878470504010626,24.792916666666667,30.21,20.52,9.69,81.74625,2.263333333333333,1
TNP_0005,2022-01-15,4.56383,5.84703,0.7805381535583023,24.743333333333336,30.55,19.95,10.6,80.19166666666666,2.316666666666667,1
TNP_0005,2022-01-16,4.67535,5.83947,0.8006462915298821,24.146666666666665,29.88,19.89,9.989999999999998,80.93375,3.2891666666666666,1
TNP_0005,2022-01-17,4.5183,5.74397,0.786616225363294,23.31041666666667,29.45,17.87,11.579999999999998,81.38083333333333,3.4308333333333336,1
TNP_0005,2022-01-18,5.2053,5.70268,0.9127813589400072,23.15375,29.25,17.59,11.66,78.09333333333333,3.364583333333333,1
TNP_0005,2022-01-19,5.566050000000001,5.723310000000001,0.9725228932208808,22.62291666666667,30.24,16.42,13.819999999999997,75.58583333333333,2.6825,1
TNP_0005,2022-01-20,5.46377,5.51711,0.9903318947782443,22.77625,30.38,16.07,14.31,72.49791666666667,1.7141666666666666,1
TNP_0005,2022-01-21,5.63924,5.68361,0.992193341907696,23.837083333333336,31.42,17.73,13.69,72.15291666666667,1.3741666666666668,1
TNP_0005,2022-01-22,5.84923,5.880190000000001,0.9947348640094964,25.354166666666668,32.82,18.23,14.59,67.00166666666667,1.62125,1
TNP_0005,2022-01-23,5.10928,5.2499,0.973214727899579,25.355833333333333,31.74,19.75,11.989999999999998,69.27291666666666,1.695,1
TNP_0005,2022-01-24,5.09345,5.63266,0.9042708063330648,24.6,30.91,19.58,11.330000000000002,74.95958333333333,1.9375,1
TNP_0005,2022-01-25,4.64594,5.4109300000000005,0.8586213460532661,24.420416666666668,29.93,20.4,9.53,78.00583333333334,2.460833333333333,1
TNP_0005,2022-01-26,4.38501,5.76947,0.760036883803885,24.000833333333333,30.11,19.47,10.64,77.19500000000001,2.7625,1
TNP_0005,2022-01-27,4.7730500000000005,5.8996,0.8090463760254932,23.89375,30.67,18.46,12.21,73.9025,3.12625,1
TNP_0005,2022-01-28,3.53358,5.894979999999999,0.5994218809902663,23.439166666666665,30.05,18.09,11.96,77.33125,4.016666666666667,1
TNP_0005,2022-01-29,3.63733,5.79753,0.6273930449691506,24.36708333333333,31.08,18.33,12.75,75.84541666666667,4.072916666666667,1
TNP_0005,2022-01-30,3.79893,5.85141,0.6492332617266607,25.004583333333333,32.0,18.97,13.03,75.58541666666666,2.555,1
TNP_0005,2022-01-31,4.96045,5.69424,0.8711346904942538,25.605833333333333,32.93,19.77,13.16,73.40416666666667,2.450416666666667,1
TNP_0005,2022-02-01,4.58949,5.692480000000001,0.8062373517342176,24.78125,32.56,18.62,13.94,73.83083333333333,2.5883333333333334,1
TNP_0005,2022-02-02,5.59989,6.06832,0.922807300867456,23.69833333333333,32.54,17.51,15.029999999999998,68.18208333333332,2.4529166666666664,1
TNP_0005,2022-02-03,6.01604,6.18752,0.9722861501861813,23.730416666666667,32.07,17.36,14.71,67.25375,1.4783333333333333,1
TNP_0005,2022-02-04,5.97484,6.00663,0.9947075148627432,25.093333333333334,33.28,17.67,15.61,69.06541666666666,2.0258333333333334,1
TNP_0005,2022-02-05,4.65035,5.253340000000001,0.8852177852566175,25.825416666666666,32.86,19.43,13.43,71.26708333333333,2.6841666666666666,1
TNP_0005,2022-02-06,4.856319999999999,5.93011,0.818925787211367,25.156666666666663,31.7,20.03,11.669999999999998,70.99208333333333,3.0329166666666665,1
TNP_0005,2022-02-07,5.517939999999999,6.192069999999999,0.8911301067332895,24.65625,32.07,18.04,14.03,69.0125,2.91875,1
TNP_0005,2022-02-08,5.94875,6.28725,0.9461608811483558,24.364166666666662,32.77,17.66,15.110000000000005,67.065,3.1333333333333333,1
TNP_0005,2022-02-09,6.21345,6.39864,0.9710579123063652,23.2825,32.72,15.08,17.64,66.22416666666668,3.5725,1
TNP_0005,2022-02-10,5.78995,6.55192,0.8837027924638885,23.857083333333332,33.2,14.73,18.47,59.64833333333333,3.29875,1
TNP_0005,2022-02-11,4.368639999999999,6.37918,0.684827830536213,24.72208333333333,32.3,17.53,14.769999999999996,68.21166666666666,4.095,1
TNP_0005,2022-02-12,4.62996,6.2353000000000005,0.7425400542074959,24.502916666666668,31.84,18.49,13.35,70.53041666666667,3.75125,1
TNP_0005,2022-02-13,5.24696,6.16424,0.8511933344581003,24.484166666666667,32.57,18.18,14.39,66.82541666666667,3.57875,1
TNP_0005,2022-02-14,4.81703,5.5221,0.8723185020191594,24.910416666666663,32.91,18.62,14.289999999999996,66.62875,3.2245833333333334,1
TNP_0005,2022-02-15,5.52585,6.2436300000000005,0.8850380307609516,24.652916666666663,32.52,18.35,14.170000000000002,63.76,3.18,1
TNP_0005,2022-02-16,5.62391,6.063980000000001,0.9274288503590048,25.09208333333333,33.32,18.23,15.09,61.53958333333333,2.8633333333333333,1
TNP_0005,2022-02-17,5.94317,6.01777,0.9876033813189936,25.4325,33.97,19.08,14.89,61.13666666666666,3.140416666666667,1
TNP_0005,2022-02-18,5.69937,6.28143,0.90733638677817,25.021666666666665,33.68,17.76,15.919999999999998,66.31583333333333,3.5225000000000004,1
TNP_0005,2022-02-19,5.32846,6.31961,0.8431627901088833,25.46166666666667,34.2,17.48,16.720000000000002,64.75291666666666,3.6654166666666663,1
TNP_0005,2022-02-20,6.37466,6.41854,0.9931635543285544,26.42333333333333,35.22,18.5,16.72,63.04416666666666,2.3904166666666664,1
TNP_0005,2022-02-21,5.76829,6.1257,0.941654015051341,28.03875,36.38,20.62,15.760000000000002,59.18958333333333,1.61,1
TNP_0005,2022-02-22,5.84793,5.97791,0.9782566147700452,27.300833333333333,35.73,20.37,15.359999999999996,61.559583333333336,2.967916666666667,1
TNP_0005,2022-02-23,6.28215,6.654859999999999,0.94399431392997,25.7725,35.0,17.72,17.28,62.790416666666665,3.8725,1
TNP_0005,2022-02-24,5.77628,6.81029,0.8481694612123712,25.475,34.32,17.41,16.91,59.66666666666666,3.159166666666667,1
TNP_0005,2022-02-25,7.02817,7.04321,0.997864610028666,25.0725,35.38,16.41,18.97,56.49,3.7404166666666665,1
TNP_0005,2022-02-26,6.581980000000001,7.12778,0.9234263683783732,26.25583333333333,34.7,16.13,18.570000000000004,61.69583333333333,3.755416666666666,1
TNP_0005,2022-02-27,6.42197,7.04596,0.9114400308829456,26.381666666666664,35.11,18.46,16.65,60.62375,3.94375,1
TNP_0005,2022-02-28,7.15549,7.3356,0.9754471345220568,25.95833333333333,34.96,17.98,16.98,56.61708333333333,3.034166666666667,1
TNP_0005,2022-03-01,7.274439999999999,7.30687,0.9955617111020176,26.04958333333333,35.87,17.17,18.7,51.33416666666667,3.8375,1
TNP_0005,2022-03-02,6.16782,7.309069999999999,0.8438583841719945,25.975,35.92,16.76,19.16,50.46541666666667,3.998333333333333,1
TNP_0005,2022-03-03,6.26683,6.90592,0.9074576595153144,25.66375,35.45,17.45,18.000000000000004,51.60791666666666,4.3825,1
TNP_0005,2022-03-04,6.0323400000000005,6.82137,0.884329687438154,27.20833333333333,35.77,17.75,18.020000000000003,50.7925,4.59625,1
TNP_0005,2022-03-05,6.544440000000001,6.940639999999999,0.9429159270614816,27.758750000000003,35.8,20.73,15.069999999999997,54.029583333333335,4.2700000000000005,1
TNP_0005,2022-03-06,5.4026000000000005,7.03256,0.7682266486172887,27.2325,35.25,20.24,15.010000000000002,54.73708333333334,5.1433333333333335,1
TNP_0005,2022-03-07,2.54314,6.6665,0.3814805370134252,26.409166666666668,34.4,19.99,14.41,64.97833333333334,3.74625,1
TNP_0005,2022-03-08,6.52184,6.98547,0.9336293764055962,27.504583333333333,36.15,20.17,15.979999999999997,58.34375,3.3225,1
TNP_0005,2022-03-09,6.80747,6.90007,0.9865798462914146,27.905833333333334,37.84,19.62,18.22,50.38,3.1891666666666665,1
TNP_0005,2022-03-10,6.90166,6.96315,0.9911692265713076,27.79375,37.45,18.84,18.610000000000003,48.49458333333333,3.64875,1
TNP_0005,2022-03-11,6.8644,7.05823,0.9725384409405756,27.265833333333333,37.61,18.02,19.59,47.84583333333333,3.9525,1
TNP_0005,2022-03-12,7.1134,7.120439999999999,0.9990112970546764,27.46291666666667,37.83,17.7,20.13,43.955000000000005,4.022083333333334,1
TNP_0005,2022-03-13,6.5854,6.723319999999999,0.9794863252083792,27.769166666666667,36.61,18.89,17.72,46.85833333333333,4.0525,1
TNP_0005,2022-03-14,6.55219,6.58188,0.99548913076507,28.4825,38.23,19.86,18.37,46.01958333333334,3.66625,1
TNP_0005,2022-03-15,6.06591,6.56858,0.9234735665851675,29.0725,38.52,19.88,18.640000000000004,42.57875,2.433333333333333,1
TNP_0005,2022-03-16,6.21783,6.79912,0.914505112426314,29.547916666666666,39.34,21.09,18.250000000000004,38.522083333333335,2.4825,1
TNP_0005,2022-03-17,6.15305,6.81092,0.9034095247044452,30.089166666666667,40.16,20.75,19.41,38.66416666666667,3.1775,1
TNP_0005,2022-03-18,6.1857,6.82547,0.906267260716112,29.819166666666664,39.36,21.79,17.57,39.27666666666666,2.54875,1
TNP_0005,2022-03-19,5.747199999999999,6.278899999999999,0.9153195623437228,31.58083333333333,38.96,22.03,16.93,41.49541666666666,1.8804166666666668,1
TNP_0005,2022-03-20,4.49422,5.69611,0.7889981057247841,31.209166666666665,38.37,25.2,13.169999999999998,48.192083333333336,2.3208333333333333,1
TNP_0005,2022-03-21,5.42438,5.873069999999999,0.9236021365316608,31.18541666666667,38.59,24.5,14.090000000000003,53.4675,1.3333333333333333,1
TNP_0005,2022-03-22,3.83239,5.60902,0.6832548288292785,29.599166666666665,36.36,24.24,12.12,61.85416666666666,1.8120833333333333,1
TNP_0005,2022-03-23,4.70648,5.45226,0.8632163543191264,28.887916666666666,34.19,23.73,10.459999999999996,67.11375,1.73375,1
TNP_0005,2022-03-24,5.296729999999999,6.06225,0.8737234525135056,28.961250000000003,35.58,23.4,12.18,64.62666666666667,1.4858333333333336,1
TNP_0005,2022-03-25,5.3804,6.3925600000000005,0.8416659366513571,28.980833333333333,35.82,23.24,12.580000000000002,63.60083333333333,1.74,1
TNP_0005,2022-03-26,5.68432,6.38298,0.8905432885580089,29.385,36.41,23.3,13.109999999999996,63.72583333333333,1.9333333333333331,1
TNP_0005,2022-03-27,5.8515500000000005,6.59232,0.8876313649822825,29.649583333333336,36.77,23.96,12.810000000000002,62.486250000000005,1.9720833333333327,1
TNP_0005,2022-03-28,6.48528,6.880019999999999,0.942625166787306,30.30875,38.16,23.81,14.349999999999998,57.751666666666665,2.8470833333333334,1
TNP_0005,2022-03-29,6.37889,6.76196,0.9433492655975486,30.626666666666665,38.0,23.62,14.38,53.81375,2.04,1
TNP_0005,2022-03-30,6.0727,6.483149999999999,0.9366897264447068,31.26,38.71,24.34,14.37,52.26166666666666,2.7741666666666664,1
TNP_0005,2022-03-31,6.1311100000000005,6.350140000000001,0.9655078470710882,31.057916666666667,38.63,24.25,14.380000000000004,50.92208333333334,2.544583333333333,1
TNP_0005,2022-04-01,5.90383,6.58995,0.8958838837927451,30.805833333333336,38.71,23.84,14.87,51.50625,2.796666666666667,1
TNP_0005,2022-04-02,6.0636,6.80184,0.8914646625030874,31.005416666666665,38.37,24.32,14.049999999999995,52.24625,2.64125,1
TNP_0005,2022-04-03,6.709890000000001,7.17279,0.9354644427063946,30.64833333333333,37.93,24.3,13.63,54.59125,2.749166666666667,1
TNP_0005,2022-04-04,6.67199,7.01412,0.9512226765438856,30.735416666666666,39.18,23.99,15.19,52.89333333333334,3.2983333333333333,1
TNP_0005,2022-04-05,6.68527,7.1221,0.938665562123531,30.52083333333333,39.04,23.57,15.47,49.46791666666667,2.96625,1
TNP_0005,2022-04-06,6.99184,7.22747,0.9673979968093952,31.15375,39.14,23.38,15.760000000000002,50.59958333333333,2.8316666666666666,1
TNP_0005,2022-04-07,7.02001,7.15419,0.9812445573852526,31.32625,38.86,24.77,14.09,50.392500000000005,3.072083333333333,1
TNP_0005,2022-04-08,5.92554,7.2708,0.8149777190955603,30.44833333333333,36.75,25.18,11.57,56.135,2.5316666666666667,1
TNP_0005,2022-04-09,6.16117,7.35675,0.8374853026132464,29.530416666666667,36.74,23.59,13.150000000000002,58.3325,2.6104166666666666,1
TNP_0005,2022-04-10,4.843109999999999,7.386699999999999,0.6556527271988845,29.732916666666668,37.77,23.16,14.610000000000005,54.64416666666667,2.3141666666666665,1
TNP_0005,2022-04-11,3.96154,7.24554,0.546755659343541,29.965833333333336,37.11,23.25,13.86,55.91875,2.41125,1
TNP_0005,2022-04-12,4.581,7.380409999999999,0.6206972241379545,30.24083333333333,37.7,24.26,13.44,59.1575,2.3829166666666666,1
TNP_0005,2022-04-13,4.56851,7.29352,0.6263793065625377,28.00333333333333,33.72,23.34,10.38,71.98583333333333,2.677083333333333,1
TNP_0005,2022-04-14,5.5225,7.30972,0.7555008946991129,27.015416666666667,30.73,23.07,7.66,73.34875000000001,1.5191666666666668,1
TNP_0005,2022-04-15,6.83581,7.31304,0.934742596786015,30.414583333333336,37.66,22.88,14.779999999999998,60.904583333333335,1.9845833333333331,1
TNP_0005,2022-04-16,6.89109,7.08986,0.9719641854705172,30.081666666666667,36.62,24.45,12.169999999999998,65.17375,2.4620833333333336,1
TNP_0005,2022-04-17,6.32658,6.79401,0.9311996891379316,30.27791666666667,36.09,24.8,11.290000000000004,65.96208333333333,1.7616666666666667,1
TNP_0005,2022-04-18,6.155,6.58486,0.934719948487895,29.120833333333334,35.64,24.11,11.53,67.005,1.725833333333333,1
TNP_0005,2022-04-19,6.030609999999999,6.6854700000000005,0.9020472756590036,29.53,35.86,23.85,12.009999999999998,62.55041666666667,1.6525,1
TNP_0005,2022-04-20,6.59292,6.90983,0.9541363535716508,30.407916666666665,37.85,23.55,14.3,62.38708333333333,2.5816666666666666,1
TNP_0005,2022-04-21,7.041180000000001,7.228359999999999,0.9741047761871298,29.147916666666664,35.8,24.54,11.259999999999998,67.655,2.64125,1
TNP_0005,2022-04-22,6.72989,7.422359999999999,0.9067048755382386,28.827916666666667,34.45,24.27,10.180000000000003,68.45166666666667,2.6804166666666664,1
TNP_0005,2022-04-23,6.02102,7.30197,0.8245747380501427,27.07708333333333,31.85,23.06,8.790000000000003,75.42291666666667,1.97125,1
TNP_0005,2022-04-24,6.9124,7.28993,0.94821212275015,29.702916666666667,37.81,22.71,15.1,60.54958333333334,2.435416666666667,1
TNP_0005,2022-04-25,7.02433,7.1878400000000005,0.9772518586946844,29.57166666666667,37.09,23.3,13.790000000000004,61.83958333333334,1.8729166666666668,1
TNP_0005,2022-04-26,6.67752,7.137779999999999,0.9355177660280928,30.03458333333333,37.63,23.95,13.680000000000003,62.00208333333333,2.169583333333333,1
TNP_0005,2022-04-27,7.26277,7.34859,0.988321569171773,30.48333333333333,38.51,23.89,14.619999999999996,58.99,2.555,1
TNP_0005,2022-04-28,7.2125,7.38683,0.9763998900746328,31.005,38.63,24.14,14.490000000000002,59.0575,2.0258333333333334,1
TNP_0005,2022-04-29,6.722,7.09556,0.9473529925756388,31.395416666666662,39.53,25.01,14.52,58.05458333333333,2.2958333333333334,1
TNP_0005,2022-04-30,6.75365,6.85839,0.9847281942263416,31.00958333333333,37.52,25.39,12.130000000000004,60.5525,2.01125,1
TNP_0005,2022-05-01,5.84387,6.592569999999999,0.8864327568763017,31.5725,39.09,25.36,13.730000000000004,59.842083333333335,2.025,1
TNP_0005,2022-05-02,6.73469,6.8460600000000005,0.9837322489139736,31.347916666666663,38.03,25.29,12.740000000000002,61.58416666666667,2.072083333333333,1
TNP_0005,2022-05-03,5.984859999999999,6.480090000000001,0.9235766787189682,29.08625,32.95,25.0,7.950000000000003,72.59916666666668,1.5208333333333333,1
TNP_0005,2022-05-04,5.443779999999999,6.40125,0.8504245264596757,30.495,37.9,24.63,13.27,63.73208333333333,2.023333333333333,1
TNP_0005,2022-05-05,5.53149,6.03738,0.9162070302018426,29.937916666666663,36.08,24.54,11.54,64.88333333333334,1.53125,1
TNP_0005,2022-05-06,5.68071,6.566560000000001,0.865096793450452,29.070416666666663,36.77,23.18,13.590000000000003,57.0125,1.86125,1
TNP_0005,2022-05-07,5.65478,6.43192,0.8791744922200525,31.14916666666667,38.44,23.04,15.4,59.23083333333333,1.17875,1
TNP_0005,2022-05-08,4.67818,6.15285,0.7603273279862178,31.19833333333333,38.63,25.08,13.550000000000004,61.715833333333336,1.96625,1
TNP_0005,2022-05-09,4.25847,6.38095,0.6673724131986617,29.395416666666662,35.79,25.44,10.349999999999998,69.48875,3.442916666666666,1
TNP_0005,2022-05-10,2.22644,6.4993,0.3425661225055006,29.39875,35.82,24.79,11.03,64.6725,4.352916666666666,1
TNP_0005,2022-05-11,4.15975,6.60956,0.6293535424445802,29.922083333333333,37.99,23.75,14.240000000000002,58.58291666666667,5.730833333333333,1
TNP_0005,2022-05-12,1.89491,6.16884,0.3071744444660584,28.605416666666667,34.93,23.61,11.32,66.64541666666666,4.71625,1
TNP_0005,2022-05-13,4.5659600000000005,6.65038,0.6865712936704369,29.32375,36.62,23.9,12.72,64.52,3.43875,1
TNP_0005,2022-05-14,4.99518,6.43191,0.7766246729198637,28.660416666666663,36.08,23.97,12.11,69.49458333333332,3.66125,1
TNP_0005,2022-05-15,5.73754,6.681,0.8587846130818739,26.434166666666663,30.09,24.08,6.010000000000002,84.78875000000001,2.7258333333333336,1
TNP_0005,2022-05-16,3.459,6.37848,0.5422922075478798,26.35458333333333,29.32,23.71,5.609999999999999,86.0425,2.316666666666667,1
TNP_0005,2022-05-17,5.42496,6.50922,0.8334270465585739,26.925833333333333,30.61,23.55,7.059999999999999,77.53875000000001,1.9941666666666664,1
TNP_0005,2022-05-18,4.4116800000000005,6.85615,0.6434631681045485,27.52125,32.27,23.49,8.780000000000005,78.23333333333333,2.5375,1
TNP_0005,2022-05-19,4.97594,6.693560000000001,0.7433921560425243,26.223333333333333,31.88,21.71,10.169999999999998,77.55624999999999,4.595,1
TNP_0005,2022-05-20,5.82046,6.69479,0.8694014300672612,27.17,33.89,21.75,12.14,69.63875,4.507916666666667,1
TNP_0005,2022-05-21,5.36773,6.8309,0.7858012853357538,28.085,36.03,21.62,14.41,67.06625,4.605833333333334,1
TNP_0005,2022-05-22,5.58996,6.519,0.8574873446847675,28.75125,36.55,21.98,14.569999999999997,64.97,4.36625,1
TNP_0005,2022-05-23,6.90553,7.075519999999999,0.9759749106779432,30.035416666666663,37.4,22.42,14.979999999999997,65.17875,3.6725,1
TNP_0005,2022-05-24,6.96203,7.13675,0.975518268119242,30.89708333333333,37.63,24.12,13.510000000000002,62.76416666666666,2.3312500000000003,1
TNP_0005,2022-05-25,5.72004,6.9088,0.8279353867531264,29.14708333333333,33.72,24.58,9.14,70.4475,1.7604166666666667,1
TNP_0005,2022-05-26,5.92694,6.714779999999999,0.8826707650883574,28.28708333333333,33.73,22.88,10.849999999999998,70.08916666666666,3.4575,1
TNP_0005,2022-05-27,6.53769,6.97037,0.9379258202936144,29.101666666666663,35.86,22.65,13.21,63.93666666666667,3.1595833333333334,1
TNP_0005,2022-05-28,6.78579,6.99098,0.9706493224125944,28.695,34.98,23.3,11.679999999999996,67.1975,3.848333333333333,1
TNP_0005,2022-05-29,6.63637,7.19529,0.9223214074762796,27.86375,34.8,22.84,11.959999999999996,66.65791666666667,3.4600000000000004,1
TNP_0005,2022-05-30,6.221850000000001,7.05158,0.8823341719160814,28.79375,35.34,22.74,12.600000000000003,66.89458333333333,2.9904166666666665,1
TNP_0005,2022-05-31,5.850770000000001,7.00576,0.835137087196821,28.480833333333333,34.41,23.54,10.869999999999996,70.06291666666667,3.2445833333333334,1
TNP_0005,2022-06-01,6.34496,6.7775,0.9361800073773516,28.01708333333333,33.9,23.48,10.419999999999998,70.105,3.6833333333333336,1
TNP_0005,2022-06-02,5.952529999999999,6.5063,0.9148871094170264,28.8825,36.32,23.29,13.03,64.29583333333333,3.565,1
TNP_0005,2022-06-03,6.298109999999999,6.3892,0.9857431290302384,28.53125,34.59,23.14,11.450000000000005,66.15333333333334,2.8275,1
TNP_0005,2022-06-04,6.29443,6.42123,0.9802530044866794,28.808333333333334,34.21,23.79,10.420000000000002,66.39708333333333,2.2825,1
TNP_0005,2022-06-05,5.71039,6.33917,0.900810358453867,28.612916666666667,34.17,23.75,10.420000000000002,70.335,2.3429166666666665,1
TNP_0005,2022-06-06,5.39216,6.34408,0.849951450801377,27.03333333333333,32.26,23.69,8.569999999999997,77.96333333333332,1.71125,1
TNP_0005,2022-06-07,3.8902,6.21999,0.6254350891239374,27.620833333333334,32.1,23.25,8.850000000000001,74.77208333333333,2.7504166666666667,1
TNP_0005,2022-06-08,6.500190000000001,6.563140000000001,0.9904085544419288,28.41541666666667,35.43,23.1,12.329999999999998,67.35958333333333,3.1454166666666663,1
TNP_0005,2022-06-09,6.636640000000001,6.71488,0.9883482653450248,28.429583333333337,34.67,23.05,11.62,66.12166666666667,2.84,1
TNP_0005,2022-06-10,5.848949999999999,6.76704,0.8643291601645623,27.92333333333333,34.36,22.69,11.669999999999998,68.07000000000001,4.25125,1
TNP_0005,2022-06-11,5.98682,6.8528400000000005,0.8736261170551186,28.562083333333334,36.15,22.52,13.63,61.23791666666667,3.93375,1
TNP_0005,2022-06-12,6.45271,7.02621,0.9183770482237223,27.44083333333333,34.53,22.32,12.21,65.28125,3.7375,1
TNP_0005,2022-06-13,6.539470000000001,7.09392,0.9218415206261136,28.49375,34.47,22.26,12.209999999999996,65.22458333333334,2.655416666666667,1
TNP_0005,2022-06-14,6.71975,7.11666,0.9442280507991108,27.73708333333333,34.11,23.29,10.82,73.035,3.2879166666666664,1
TNP_0005,2022-06-15,6.44945,7.049480000000001,0.9148830835749584,26.74125,30.96,23.2,7.760000000000002,75.47875,2.695,1
TNP_0005,2022-06-16,6.21575,6.80588,0.913291154119673,26.865,31.45,23.36,8.09,79.2175,1.9195833333333332,1
TNP_0005,2022-06-17,4.62069,6.43989,0.7175107028225637,25.492083333333337,29.69,22.6,7.09,83.6475,1.9233333333333336,1
TNP_0005,2022-06-18,5.5459700000000005,6.7144200000000005,0.825979012334647,25.94375,29.58,22.58,7.0,79.70208333333333,2.07375,1
TNP_0005,2022-06-19,5.840409999999999,6.786899999999999,0.8605416316727814,26.670416666666668,30.83,22.7,8.129999999999999,78.69541666666667,2.365416666666667,1
TNP_0005,2022-06-20,5.635190000000001,7.02071,0.8026524382861563,27.22375,33.28,22.52,10.760000000000002,72.03833333333334,3.043333333333333,1
TNP_0005,2022-06-21,4.755109999999999,6.96599,0.6826179767699925,27.13958333333333,33.19,22.08,11.11,74.9225,2.9441666666666664,1
TNP_0005,2022-06-22,4.85831,6.929069999999999,0.7011489276338673,26.52333333333333,31.59,21.99,9.6,75.35416666666667,2.34875,1
TNP_0005,2022-06-23,4.9197,6.693650000000001,0.734980167770947,27.362916666666667,33.34,22.44,10.900000000000002,69.12916666666666,2.96375,1
TNP_0005,2022-06-24,6.39846,7.00366,0.913588038254284,26.48875,32.1,22.07,10.03,70.84333333333333,4.45125,1
TNP_0005,2022-06-25,3.96019,6.75192,0.5865279801893387,27.025,33.63,22.2,11.430000000000003,68.36916666666667,4.56625,1
TNP_0005,2022-06-26,5.50497,6.78666,0.8111456887482209,27.67333333333333,34.81,22.24,12.570000000000004,67.18583333333333,4.2700000000000005,1
TNP_0005,2022-06-27,5.58234,6.86713,0.8129072844113917,28.325,35.21,22.16,13.05,65.19083333333333,3.8875,1
TNP_0005,2022-06-28,5.9981,6.85246,0.8753206877530113,27.73125,33.25,22.85,10.4,67.07291666666667,3.6833333333333336,1
TNP_0005,2022-06-29,5.73574,6.96251,0.8238034846628587,28.52125,34.99,23.03,11.96,67.17791666666666,3.717916666666667,1
TNP_0005,2022-06-30,5.558770000000001,6.9568900000000005,0.7990308888023241,26.73208333333333,31.85,22.79,9.060000000000002,76.46124999999999,3.624166666666667,1
TNP_0005,2022-07-01,6.178109999999999,6.94873,0.8890991591269195,27.71708333333333,33.83,22.76,11.069999999999997,71.74041666666666,3.90875,1
TNP_0005,2022-07-02,5.93043,6.67966,0.8878341113170432,27.145416666666662,32.16,22.81,9.349999999999998,73.615,3.639583333333333,1
TNP_0005,2022-07-03,4.70756,6.864649999999999,0.6857683931445886,26.94,32.34,22.65,9.690000000000005,71.38833333333334,4.952083333333333,1
TNP_0005,2022-07-04,4.3744700000000005,6.8259,0.6408634758786388,27.881666666666664,34.26,22.64,11.619999999999996,64.97625000000001,5.520416666666667,1
TNP_0005,2022-07-05,3.79045,6.38062,0.594056690415665,26.65458333333333,32.39,22.63,9.760000000000002,68.53333333333333,5.370833333333334,1
TNP_0005,2022-07-06,3.73658,6.475770000000001,0.5770093749469174,27.157083333333333,33.36,22.33,11.03,67.82833333333333,4.519166666666667,1
TNP_0005,2022-07-07,3.60872,6.53334,0.5523545384137364,26.043333333333333,31.29,22.23,9.06,72.52916666666667,4.89,1
TNP_0005,2022-07-08,4.54808,6.67438,0.6814235929030111,27.147916666666664,33.3,22.24,11.06,68.335,4.863333333333333,1
TNP_0005,2022-07-09,3.4733,6.77275,0.5128345206895278,25.875833333333333,30.2,21.84,8.36,74.31916666666667,4.7125,1
TNP_0005,2022-07-10,4.32782,6.11332,0.7079328417292077,27.23958333333333,34.31,21.75,12.560000000000002,68.76125,5.320416666666667,1
TNP_0005,2022-07-11,3.27025,6.0786500000000006,0.5379895206994973,27.109583333333333,33.82,22.33,11.490000000000002,68.45416666666667,5.626666666666666,1
TNP_0005,2022-07-12,5.1655500000000005,6.59876,0.7828061635822489,26.93208333333333,32.96,22.37,10.59,66.55541666666666,6.254583333333333,1
TNP_0005,2022-07-13,4.72083,6.56442,0.7191541674664327,27.26,33.5,22.36,11.14,64.15375,7.029583333333334,1
TNP_0005,2022-07-14,4.71611,6.90278,0.6832189349798197,27.449583333333333,33.43,22.45,10.98,64.1525,7.014583333333333,1
TNP_0005,2022-07-15,4.94001,6.8593,0.7201915647369265,27.96291666666667,34.85,22.78,12.07,65.06291666666667,5.528333333333333,1
TNP_0005,2022-07-16,4.871239999999999,6.76201,0.7203834362859562,28.15,34.63,22.89,11.740000000000002,68.2075,4.1762500000000005,1
TNP_0005,2022-07-17,4.990349999999999,6.44095,0.7747847755377699,28.942916666666665,36.38,22.73,13.650000000000002,62.835,4.437916666666667,1
TNP_0005,2022-07-18,4.25718,6.83289,0.6230423729929796,26.66416666666667,31.74,22.79,8.95,69.83833333333332,3.5116666666666667,1
TNP_0005,2022-07-19,5.77797,7.0756000000000006,0.8166049522301995,28.51375,34.32,22.74,11.580000000000002,67.22375,2.1454166666666667,1
TNP_0005,2022-07-20,4.52601,6.86595,0.6591964695344418,27.96875,32.67,24.33,8.340000000000003,73.79458333333334,2.1391666666666667,1
TNP_0005,2022-07-21,5.74217,7.00974,0.81917018320223,28.015416666666667,33.45,24.06,9.390000000000004,73.57791666666667,2.95375,1
TNP_0005,2022-07-22,5.13785,6.55154,0.7842201986097925,26.290000000000003,30.55,22.89,7.66,79.66,2.7325,1
TNP_0005,2022-07-23,5.78865,6.79559,0.851824492060292,27.06625,32.71,22.64,10.07,71.56791666666668,3.579166666666667,1
TNP_0005,2022-07-24,5.49879,6.72966,0.8170977434224017,26.81041666666667,32.02,22.53,9.490000000000002,72.00541666666666,3.03375,1
TNP_0005,2022-07-25,5.96295,6.979360000000001,0.8543691685197496,27.86791666666667,32.92,22.81,10.110000000000005,69.40416666666667,2.335,1
TNP_0005,2022-07-26,5.07684,6.722569999999999,0.7551933263617933,26.492500000000003,30.68,23.26,7.419999999999998,77.66541666666667,1.9283333333333332,1
TNP_0005,2022-07-27,5.64721,6.95676,0.8117586347667592,26.12333333333333,29.66,23.27,6.390000000000001,80.23541666666667,1.1104166666666666,1
TNP_0005,2022-07-28,6.03477,7.107489999999999,0.8490718945788176,27.53916666666667,32.12,23.44,8.679999999999996,72.31125,1.3179166666666666,1
TNP_0005,2022-07-29,5.39282,7.10475,0.7590443013476899,27.374583333333334,33.62,22.34,11.279999999999998,71.10208333333334,1.7904166666666663,1
TNP_0005,2022-07-30,5.47028,6.882029999999999,0.7948643060259837,28.4,34.22,22.3,11.919999999999998,71.25625000000001,1.2345833333333334,1
TNP_0005,2022-07-31,6.27643,6.65098,0.9436849907833132,26.225416666666664,30.4,22.76,7.639999999999997,81.00583333333334,2.31875,1
TNP_0005,2022-08-01,5.5668,6.74134,0.8257705441351422,27.09708333333333,32.5,22.66,9.84,78.12958333333333,2.5458333333333334,1
TNP_0005,2022-08-02,4.86869,6.6833,0.7284859276106115,25.85833333333333,29.72,23.0,6.719999999999999,83.10208333333334,2.91625,1
TNP_0005,2022-08-03,3.50046,6.688,0.5233941387559808,24.61208333333333,27.67,22.56,5.110000000000003,86.40166666666666,2.271666666666667,1
TNP_0005,2022-08-04,2.89629,6.61454,0.4378671835078478,24.677916666666665,27.8,22.17,5.629999999999999,88.71708333333333,3.3725,1
TNP_0005,2022-08-05,3.28779,6.90918,0.4758582060389221,25.920416666666668,31.57,21.05,10.52,76.99666666666667,5.11,1
TNP_0005,2022-08-06,4.27832,6.90534,0.6195668859172756,25.934166666666663,31.87,21.02,10.85,75.72291666666666,5.230416666666667,1
TNP_0005,2022-08-07,4.314220000000001,6.928559999999999,0.6226719549228124,26.03125,31.34,21.21,10.13,77.635,5.17375,1
TNP_0005,2022-08-08,4.87404,6.78362,0.7185013311476763,25.849166666666665,30.65,22.08,8.57,77.08958333333334,5.800833333333333,1
TNP_0005,2022-08-09,5.64088,6.87217,0.8208295196422674,26.237916666666667,32.62,21.19,11.429999999999996,73.36125,5.600416666666667,1
TNP_0005,2022-08-10,5.874899999999999,7.025690000000001,0.8362025651573011,26.16583333333333,33.01,20.73,12.279999999999998,72.35041666666667,5.12125,1
TNP_0005,2022-08-11,5.7195,7.06586,0.8094556076684225,26.8625,34.09,20.67,13.420000000000002,71.75458333333333,4.4245833333333335,1
TNP_0005,2022-08-12,5.7373,7.05444,0.8132892192718346,26.58,32.97,21.26,11.709999999999996,72.93666666666667,3.8845833333333335,1
TNP_0005,2022-08-13,6.15297,7.08886,0.8679773616632294,26.335416666666664,32.06,21.29,10.770000000000003,72.44208333333333,3.3991666666666664,1
TNP_0005,2022-08-14,5.966279999999999,6.9313400000000005,0.8607686248257911,27.824166666666667,34.58,21.13,13.45,66.3025,3.723333333333333,1
TNP_0005,2022-08-15,6.00694,6.9233,0.8676411537850447,28.89583333333333,34.7,22.27,12.430000000000003,64.69791666666667,1.88625,1
TNP_0005,2022-08-16,6.02537,6.7304,0.8952469392606679,28.39833333333333,33.4,23.89,9.509999999999998,71.08458333333333,1.5066666666666666,1
TNP_0005,2022-08-17,5.96005,6.72518,0.8862290674747739,27.58333333333333,31.62,24.15,7.470000000000002,75.31375,1.507083333333333,1
TNP_0005,2022-08-18,6.21749,6.859520000000001,0.9064030719350624,26.637916666666666,30.78,23.49,7.290000000000003,78.05916666666667,2.4408333333333334,1
TNP_0005,2022-08-19,4.5851,6.811529999999999,0.6731380468118029,26.957083333333333,32.1,22.91,9.19,77.89083333333333,2.6725,1
TNP_0005,2022-08-20,4.81457,6.79017,0.7090499943300389,26.72125,31.88,22.64,9.239999999999998,74.83708333333333,3.3329166666666663,1
TNP_0005,2022-08-21,6.0250900000000005,6.83007,0.8821417642864569,26.7575,32.23,22.38,9.849999999999998,77.06458333333333,3.52375,1
TNP_0005,2022-08-22,5.46164,6.97872,0.7826134305431368,27.152083333333334,33.46,22.27,11.19,75.4275,3.994583333333333,1
TNP_0005,2022-08-23,5.80746,6.93787,0.8370667077936023,26.64916666666667,32.03,22.17,9.86,76.53833333333334,3.595833333333333,1
TNP_0005,2022-08-24,3.97862,6.66611,0.5968428363768375,26.010416666666668,30.13,22.37,7.759999999999998,79.2325,2.1991666666666667,1
TNP_0005,2022-08-25,4.51742,6.824350000000001,0.6619560837295859,25.356666666666666,29.19,22.76,6.43,83.66,2.0875,1
TNP_0005,2022-08-26,4.671939999999999,6.84425,0.6826080286371771,25.236666666666665,29.37,22.15,7.220000000000002,86.81374999999998,1.51375,1
TNP_0005,2022-08-27,5.04472,6.66851,0.7564988280740375,24.66708333333333,27.96,22.04,5.920000000000002,89.09375,1.9854166666666664,1
TNP_0005,2022-08-28,5.97789,6.94253,0.8610535352385946,25.450416666666666,29.4,22.24,7.16,84.53958333333334,1.7787499999999998,1
TNP_0005,2022-08-29,4.88438,6.740270000000001,0.7246564306771093,25.24708333333333,28.7,22.69,6.009999999999998,86.29083333333334,1.7804166666666668,1
TNP_0005,2022-08-30,4.98715,6.86842,0.7260985787124258,25.95125,29.28,23.08,6.200000000000003,84.72375,1.8854166666666667,1
TNP_0005,2022-08-31,3.03302,7.0085500000000005,0.4327599860170791,25.324166666666667,28.05,22.32,5.73,82.86958333333332,1.2758333333333334,1
TNP_0005,2022-09-01,2.28675,7.09003,0.3225303701112689,25.03875,28.61,22.03,6.579999999999998,84.71166666666666,1.2541666666666669,1
TNP_0005,2022-09-02,5.0846,7.0443500000000006,0.7217983206399454,26.51458333333333,30.81,21.91,8.899999999999999,80.26791666666666,1.43,1
TNP_0005,2022-09-03,5.61654,6.87541,0.8169025556294097,27.418333333333333,31.7,22.64,9.06,78.56125,1.4783333333333333,1
TNP_0005,2022-09-04,5.8966,6.85452,0.8602498789120172,26.90333333333333,30.14,23.37,6.77,82.21208333333333,1.23,1
TNP_0005,2022-09-05,5.907100000000001,6.86785,0.8601090588757764,26.5125,30.15,23.12,7.029999999999998,84.97708333333334,1.9175,1
TNP_0005,2022-09-06,5.547059999999999,6.86183,0.8083936792371713,25.745833333333334,30.49,22.07,8.419999999999998,80.50416666666666,2.2816666666666667,1
TNP_0005,2022-09-07,4.3021400000000005,6.85774,0.6273407857399086,24.839583333333334,28.52,21.96,6.559999999999999,87.04666666666667,2.4841666666666664,1
TNP_0005,2022-09-08,4.61444,6.9368,0.6652116249567525,25.2125,29.4,21.83,7.57,84.49875,2.98125,1
TNP_0005,2022-09-09,5.122739999999999,6.89376,0.7430981061133546,25.368333333333336,30.09,21.58,8.510000000000002,84.03166666666667,3.478333333333333,1
TNP_0005,2022-09-10,4.532970000000001,6.95175,0.652061711079944,25.844583333333333,31.61,21.49,10.12,81.45666666666666,4.0,1
TNP_0005,2022-09-11,5.2909,6.95074,0.761199526956842,25.42333333333333,31.09,21.13,9.96,81.84583333333333,4.235416666666667,1
TNP_0005,2022-09-12,6.07096,6.97641,0.8702126165176647,25.72458333333333,31.66,20.88,10.78,80.14125,4.145416666666667,1
TNP_0005,2022-09-13,6.41305,7.0212200000000005,0.9133811502844236,26.32041666666667,32.09,20.75,11.340000000000003,79.44333333333334,3.1733333333333333,1
TNP_0005,2022-09-14,6.06851,6.9122200000000005,0.8779393595689952,26.78833333333333,32.02,21.73,10.290000000000004,79.2,2.5591666666666666,1
TNP_0005,2022-09-15,5.93678,6.874,0.8636572592377073,26.576666666666668,31.92,21.76,10.16,75.66375000000001,2.425,1
TNP_0005,2022-09-16,6.4627300000000005,6.98462,0.9252801154536684,26.780416666666667,31.52,21.56,9.96,76.68249999999999,2.4804166666666667,1
TNP_0005,2022-09-17,6.23274,6.949050000000001,0.8969197228398125,26.8925,31.74,22.23,9.509999999999998,76.02499999999999,2.52625,1
TNP_0005,2022-09-18,5.604559999999999,6.880859999999999,0.8145144647616722,27.505,32.79,21.88,10.91,74.15916666666666,2.4345833333333333,1
TNP_0005,2022-09-19,5.73621,6.441349999999999,0.8905291592600931,26.136666666666667,30.55,21.51,9.04,78.80624999999999,2.8054166666666664,1
TNP_0005,2022-09-20,5.64233,6.894609999999999,0.8183682615840491,25.854166666666668,31.43,20.78,10.65,74.05583333333333,3.0516666666666663,1
TNP_0005,2022-09-21,6.79542,7.06283,0.9621384062762376,26.815,33.47,20.41,13.06,73.02625,3.1325,1
TNP_0005,2022-09-22,6.38242,6.820069999999999,0.9358291043933568,27.066666666666663,33.46,20.97,12.490000000000002,70.13541666666667,3.119166666666666,1
TNP_0005,2022-09-23,6.559729999999999,6.96341,0.942028402750951,26.205416666666665,31.89,21.79,10.1,72.46041666666666,2.75125,1
TNP_0005,2022-09-24,5.84197,7.05741,0.8277781792470609,27.06041666666667,32.45,21.36,11.090000000000003,73.17791666666666,2.4208333333333334,1
TNP_0005,2022-09-25,5.9297,6.92347,0.8564635941226003,27.91875,33.61,22.18,11.43,71.42166666666667,2.1008333333333336,1
TNP_0005,2022-09-26,3.67453,6.43074,0.5714008030180041,27.58666666666667,32.56,22.68,9.880000000000004,76.93208333333332,1.73125,1
TNP_0005,2022-09-27,4.4767,6.52478,0.6861074243116243,25.88833333333333,30.61,22.15,8.46,77.64166666666667,2.60625,1
TNP_0005,2022-09-28,4.56675,6.40022,0.7135301599007534,26.82333333333333,32.4,21.96,10.439999999999998,75.92125,2.060416666666667,1
TNP_0005,2022-09-29,4.5402,6.43873,0.7051390569258223,25.826666666666668,30.29,22.35,7.939999999999998,78.06125,2.521666666666667,1
TNP_0005,2022-09-30,3.81137,6.349270000000001,0.6002847571453095,25.35375,29.87,21.48,8.39,79.99541666666666,2.8875,1
TNP_0005,2022-10-01,3.26824,6.33662,0.5157702371295737,24.504583333333333,28.9,20.82,8.079999999999998,79.88958333333333,3.2533333333333334,1
TNP_0005,2022-10-02,4.53632,6.31454,0.7183927887066991,26.21583333333333,32.54,20.56,11.98,76.26458333333333,3.27,1
TNP_0005,2022-10-03,4.54411,6.35808,0.7146984624289093,26.222916666666663,31.66,21.45,10.21,77.07666666666667,3.664583333333333,1
TNP_0005,2022-10-04,3.85511,5.57717,0.6912304986220611,26.225,30.43,22.68,7.75,79.33833333333332,2.6954166666666666,1
TNP_0005,2022-10-05,2.95234,5.49533,0.5372452609761379,25.317083333333333,30.01,21.91,8.100000000000001,82.48166666666667,3.005416666666666,1
TNP_0005,2022-10-06,3.6819,5.64007,0.6528110466714067,25.062916666666663,30.48,20.65,9.830000000000002,75.96124999999999,2.747916666666667,1
TNP_0005,2022-10-07,4.4077,6.1263000000000005,0.7194717855802033,26.515833333333333,32.29,20.43,11.86,73.41458333333334,1.5795833333333331,1
TNP_0005,2022-10-08,4.50486,6.23238,0.722815361065917,25.045416666666668,29.6,21.72,7.880000000000003,78.47625000000001,2.6441666666666666,1
TNP_0005,2022-10-09,3.32297,6.38253,0.5206352339902829,25.470416666666665,29.11,22.0,7.109999999999999,86.735,2.48875,1
TNP_0005,2022-10-10,3.10171,6.13169,0.505849121530932,25.403333333333336,29.32,22.67,6.649999999999999,87.50666666666666,2.325833333333333,1
TNP_0005,2022-10-11,4.698720000000001,6.28012,0.7481895250409228,25.570833333333336,29.8,22.28,7.52,85.78625,2.2875,1
TNP_0005,2022-10-12,5.1558,6.36505,0.8100172033212623,26.05,30.41,22.25,8.16,82.36708333333333,1.84125,1
TNP_0005,2022-10-13,5.286359999999999,6.5010200000000005,0.8131585505043822,25.93166666666667,30.08,22.47,7.609999999999999,84.85708333333334,1.4566666666666668,1
TNP_0005,2022-10-14,4.88123,6.46199,0.7553756660100063,26.32166666666667,30.82,22.92,7.899999999999999,83.91583333333334,1.35375,1
TNP_0005,2022-10-15,5.20203,6.345560000000001,0.8197905307017819,25.287916666666664,29.41,22.1,7.309999999999999,85.96958333333333,1.2245833333333334,1
TNP_0005,2022-10-16,4.8470200000000006,6.4158,0.755481779357212,25.939166666666665,30.37,22.16,8.21,84.165,1.7245833333333334,1
TNP_0005,2022-10-17,4.59991,6.44191,0.7140599604775602,26.2025,30.35,22.79,7.560000000000002,84.44833333333334,1.9125,1
TNP_0005,2022-10-18,5.0673,6.50025,0.779554632514134,25.20208333333333,28.79,21.92,6.869999999999997,85.90791666666667,1.9083333333333328,1
TNP_0005,2022-10-19,5.28845,6.35411,0.8322880781100738,25.85875,29.11,21.88,7.23,80.38916666666667,1.0666666666666669,1
TNP_0005,2022-10-20,4.91293,6.19407,0.7931666900761535,25.987916666666667,30.25,22.55,7.699999999999999,83.10375,1.35375,1
TNP_0005,2022-10-21,3.52588,6.30411,0.5592986162995253,24.93166666666667,28.14,21.96,6.18,85.78083333333332,1.4466666666666663,1
TNP_0005,2022-10-22,5.01979,6.05755,0.8286832135104125,25.20125,29.04,21.82,7.219999999999999,86.17458333333333,2.353333333333333,1
TNP_0005,2022-10-23,5.2667600000000006,6.20116,0.8493185146004942,25.90833333333333,30.26,22.03,8.23,80.70333333333333,1.1716666666666666,1
TNP_0005,2022-10-24,5.47303,6.27812,0.8717625658636662,24.94125,30.41,18.3,12.11,71.53875000000001,1.9154166666666663,1
TNP_0005,2022-10-25,6.42306,6.51487,0.9859076236363886,23.724166666666665,30.4,17.47,12.93,67.05541666666666,1.9695833333333328,1
TNP_0005,2022-10-26,5.86438,6.358689999999999,0.9222622898741722,23.72666666666667,30.23,17.12,13.11,70.91291666666667,2.02,1
TNP_0005,2022-10-27,6.03032,6.3440900000000005,0.9505413699994796,23.921666666666667,30.3,17.44,12.86,74.92375,2.642916666666667,1
TNP_0005,2022-10-28,4.50663,6.0351300000000005,0.746732878993493,25.161666666666665,30.96,19.47,11.490000000000002,80.64625,2.2529166666666667,1
TNP_0005,2022-10-29,2.33814,5.72001,0.4087650196415739,25.04208333333333,30.16,20.48,9.68,84.28583333333334,3.012916666666667,1
TNP_0005,2022-10-30,3.55262,5.682429999999999,0.6251937991317096,25.129583333333333,29.79,20.7,9.09,83.52625,2.6420833333333333,1
TNP_0005,2022-10-31,4.23312,5.782649999999999,0.7320380794272522,24.419583333333332,28.27,21.69,6.579999999999998,83.86625,2.55,1
TNP_0005,2022-11-01,2.1232,5.73652,0.3701198636106907,23.016666666666666,25.64,20.36,5.280000000000001,90.275,2.6283333333333334,1
TNP_0005,2022-11-02,2.71403,5.90875,0.4593238840702348,23.839583333333334,29.11,19.68,9.43,84.71249999999999,2.670833333333333,1
TNP_0005,2022-11-03,2.6240900000000003,5.875520000000001,0.4466140869233702,24.02416666666667,29.34,19.45,9.89,84.22375,2.8866666666666667,1
TNP_0005,2022-11-04,3.131,6.013310000000001,0.5206782953148931,23.679166666666664,28.68,19.79,8.89,84.67541666666666,2.997916666666667,1
TNP_0005,2022-11-05,4.0952,6.12251,0.6688760002025314,24.295,29.51,19.71,9.8,83.93333333333334,2.895,1
TNP_0005,2022-11-06,3.65455,5.8435,0.625404295370925,23.787916666666664,27.68,20.36,7.32,88.26375,2.8025,1
TNP_0005,2022-11-07,5.191479999999999,5.8599,0.8859332070513148,24.633333333333336,29.36,20.2,9.16,84.17458333333333,2.9491666666666667,1
TNP_0005,2022-11-08,3.63445,5.53429,0.6567147728073519,24.725,29.66,20.79,8.870000000000001,83.7675,2.9916666666666667,1
TNP_0005,2022-11-09,4.67156,5.81575,0.8032601126251988,24.68375,30.07,20.08,9.990000000000002,82.32625,2.995,1
TNP_0005,2022-11-10,4.48338,5.83264,0.7686707905853954,24.74125,30.22,19.74,10.48,82.09375,3.033333333333333,1
TNP_0005,2022-11-11,0.5565800000000001,5.64126,0.0986623555730457,22.88208333333333,24.97,20.81,4.16,91.86541666666666,3.587916666666666,1
TNP_0005,2022-11-12,2.49608,5.91592,0.4219259219191605,23.7075,26.32,21.77,4.550000000000001,91.86958333333332,4.17375,1
TNP_0005,2022-11-13,2.66906,5.883640000000001,0.4536409433615924,23.690416666666664,28.47,19.79,8.68,88.79041666666666,3.290833333333333,1
TNP_0005,2022-11-14,4.14275,5.72736,0.7233262794725668,23.88,28.07,19.65,8.420000000000002,87.43166666666667,2.3629166666666666,1
TNP_0005,2022-11-15,4.59395,5.27771,0.8704438099099798,23.902083333333334,27.28,20.64,6.640000000000001,85.99041666666666,2.183333333333333,1
TNP_0005,2022-11-16,4.53617,5.08542,0.8919951547758102,23.68541666666667,28.64,18.64,10.0,85.65958333333333,2.3720833333333333,1
TNP_0005,2022-11-17,4.95716,5.88801,0.8419075375211659,21.839166666666667,28.72,15.76,12.96,75.51708333333333,2.960833333333333,1
TNP_0005,2022-11-18,5.69558,5.99856,0.949491211224027,21.3325,27.53,15.42,12.11,77.27208333333333,3.0141666666666667,1
TNP_0005,2022-11-19,4.714689999999999,5.8775,0.8021590812420245,21.315416666666668,27.27,15.67,11.6,76.94458333333334,2.782083333333333,1
TNP_0005,2022-11-20,4.86337,5.76535,0.8435515623509414,21.23375,26.43,15.31,11.12,71.60083333333334,2.465,1
TNP_0005,2022-11-21,4.596520000000001,5.4779,0.8391025758045968,22.04625,27.9,16.57,11.329999999999998,78.01958333333333,2.526666666666667,1
TNP_0005,2022-11-22,3.59593,5.66518,0.634742408890803,24.255,29.46,18.39,11.07,82.24041666666666,1.3583333333333334,1
TNP_0005,2022-11-23,3.58028,5.41883,0.6607108914655008,25.096666666666668,29.87,20.3,9.57,81.36541666666666,0.9554166666666668,1
TNP_0005,2022-11-24,3.10726,5.14522,0.6039119804400978,24.81375,29.96,21.07,8.89,85.10041666666667,2.1933333333333334,1
TNP_0005,2022-11-25,4.28709,5.51463,0.7774030170655147,24.439166666666665,29.48,20.38,9.1,83.58291666666666,2.330833333333333,1
TNP_0005,2022-11-26,4.23813,5.14529,0.8236911816437946,24.25208333333333,28.33,20.39,7.939999999999998,84.87666666666667,1.39125,1
TNP_0005,2022-11-27,3.30225,5.016100000000001,0.6583301768306054,24.894583333333333,29.94,21.32,8.620000000000001,83.67458333333333,2.004166666666667,1
TNP_0005,2022-11-28,3.2992000000000004,4.40634,0.7487393165302724,25.339166666666667,30.5,21.31,9.19,82.77125,1.8079166666666664,1
TNP_0005,2022-11-29,3.46293,4.78943,0.7230359353827072,23.684166666666663,29.09,18.42,10.669999999999998,83.96916666666667,2.553333333333333,1
TNP_0005,2022-11-30,4.94559,5.35127,0.924189958645331,22.64625,28.55,17.94,10.61,77.14666666666666,2.6495833333333336,1
TNP_0005,2022-12-01,3.2084,5.30857,0.6043812175406937,24.74,29.97,19.6,10.369999999999996,84.51791666666666,2.795833333333333,1
TNP_0005,2022-12-02,4.95315,5.81508,0.8517767597350338,24.68541666666667,30.31,20.39,9.919999999999998,82.4725,2.4404166666666667,1
TNP_0005,2022-12-03,4.50476,5.68384,0.7925557369665578,24.63583333333333,30.23,20.2,10.03,83.06291666666667,2.889583333333333,1
TNP_0005,2022-12-04,2.72406,5.52037,0.493456054576052,23.59958333333333,27.04,20.52,6.52,88.3875,2.942916666666666,1
TNP_0005,2022-12-05,3.684,4.797470000000001,0.7679047497952045,23.844166666666663,30.08,19.61,10.47,83.44208333333333,3.0091666666666668,1
TNP_0005,2022-12-06,3.25607,4.58165,0.710676284744579,23.86375,29.82,18.78,11.04,80.58791666666667,2.637083333333333,1
TNP_0005,2022-12-07,3.58348,5.46237,0.6560302579283351,22.164166666666663,28.04,16.81,11.23,75.82125,2.560833333333333,1
TNP_0005,2022-12-08,2.10333,5.38671,0.3904665370885011,21.820833333333336,27.14,16.49,10.650000000000002,69.955,3.6216666666666666,1
TNP_0005,2022-12-09,1.93653,5.44406,0.3557143014588376,21.02,25.55,18.11,7.440000000000001,80.26875,5.138333333333333,1
TNP_0005,2022-12-10,1.63675,5.5281400000000005,0.296076076220935,22.625833333333333,26.68,19.17,7.509999999999998,89.22041666666667,4.63875,1
TNP_0005,2022-12-11,2.8447600000000004,5.10517,0.5572311989610532,23.762916666666666,27.51,21.24,6.270000000000003,89.46541666666667,2.5458333333333334,1
TNP_0005,2022-12-12,2.76322,4.97702,0.555195679342257,24.046666666666667,28.02,21.26,6.759999999999998,88.70458333333333,2.1083333333333334,1
TNP_0005,2022-12-13,2.42447,5.3793500000000005,0.4506994339464805,23.89708333333333,28.07,20.85,7.219999999999999,88.55333333333334,2.9729166666666664,1
TNP_0005,2022-12-14,4.21792,5.60553,0.7524569487630965,23.575833333333332,28.55,19.91,8.64,86.52291666666667,2.599166666666666,1
TNP_0005,2022-12-15,5.6675,5.797890000000001,0.9775107840955932,22.486666666666668,29.16,16.23,12.93,80.70125,2.8974999999999995,1
TNP_0005,2022-12-16,5.7081,5.72182,0.9976021615499964,22.5975,29.53,15.96,13.57,78.06333333333333,2.52875,1
TNP_0005,2022-12-17,4.90946,5.24166,0.93662313084023,23.30125,29.34,17.4,11.94,81.47541666666667,3.110416666666667,1
TNP_0005,2022-12-18,3.20617,4.98004,0.6438040658307966,23.23875,29.46,18.17,11.29,83.19166666666666,3.5875,1
TNP_0005,2022-12-19,4.93488,5.50853,0.8958615093318908,22.831666666666667,28.81,17.87,10.939999999999998,77.18875,3.4633333333333334,1
TNP_0005,2022-12-20,4.08015,5.26803,0.7745115346723538,23.420416666666668,29.63,18.42,11.209999999999996,79.29208333333334,3.067083333333333,1
TNP_0005,2022-12-21,4.22357,5.35731,0.7883751360290892,23.430833333333336,30.11,18.31,11.8,74.5125,3.283333333333333,1
TNP_0005,2022-12-22,5.3753400000000005,5.41592,0.992507274848964,22.64916666666667,28.98,18.29,10.69,73.6875,3.4658333333333338,1
TNP_0005,2022-12-23,5.08752,5.26854,0.9656413351706544,23.56375,30.29,18.09,12.2,80.87541666666667,3.03125,1
TNP_0005,2022-12-24,4.87807,5.22551,0.933510796075407,24.67458333333333,31.01,19.53,11.48,76.96249999999999,3.39125,1
TNP_0005,2022-12-25,2.1493200000000003,5.64855,0.3805082720344159,24.707916666666662,30.49,20.35,10.139999999999995,82.93041666666666,3.8479166666666655,1
TNP_0005,2022-12-26,2.95762,5.54976,0.532927550020181,24.339583333333334,30.15,20.4,9.75,83.98916666666666,3.8041666666666663,1
TNP_0005,2022-12-27,2.84063,5.54385,0.512393012076445,24.44541666666667,29.7,20.3,9.4,84.32208333333334,3.18375,1
TNP_0005,2022-12-28,5.29026,5.82671,0.9079326069085298,24.343333333333334,30.96,19.42,11.54,79.76625,2.864583333333333,1
TNP_0005,2022-12-29,5.71963,5.8582,0.9763459765798368,24.047083333333333,31.17,18.15,13.020000000000003,77.80083333333333,2.710833333333333,1
TNP_0005,2022-12-30,5.66239,5.93861,0.9534874322442458,23.33375,30.86,17.97,12.89,74.69416666666667,2.544166666666667,1
TNP_0005,2022-12-31,5.49033,5.73491,0.9573524257573354,23.144166666666667,30.78,17.39,13.39,72.86791666666666,2.07375,1
TNP_0005,2023-01-01,5.717639999999999,5.74145,0.9958529639725155,22.672083333333333,30.8,16.86,13.94,71.48791666666666,2.5704166666666666,1
TNP_0005,2023-01-02,5.31712,5.7334700000000005,0.9273825449509632,22.831666666666667,30.34,16.95,13.39,74.53541666666666,3.0500000000000003,1
TNP_0005,2023-01-03,4.79892,5.537739999999999,0.8665845633778401,22.88625,29.56,17.19,12.369999999999996,75.73541666666667,3.057916666666667,1
TNP_0005,2023-01-04,4.88271,5.48076,0.8908819214853415,22.99083333333333,30.33,16.95,13.38,74.35875,3.2279166666666668,1
TNP_0005,2023-01-05,3.61355,5.53908,0.6523736793835799,23.07708333333333,30.41,16.61,13.8,71.15375,3.753333333333333,1
TNP_0005,2023-01-06,3.3296300000000003,5.061229999999999,0.6578697273192486,23.25208333333333,30.32,17.75,12.57,73.2825,4.190416666666667,1
TNP_0005,2023-01-07,4.03918,5.24408,0.7702361520037833,23.2675,30.34,17.82,12.52,74.1425,3.7929166666666663,1
TNP_0005,2023-01-08,3.88565,4.96495,0.7826161391353388,23.56833333333333,30.64,17.62,13.02,74.4575,3.252916666666667,1
TNP_0005,2023-01-09,5.88049,5.93092,0.9914971033161802,22.01708333333333,30.62,14.28,16.340000000000003,68.19875,3.41375,1
TNP_0005,2023-01-10,5.89224,6.05039,0.973861189113429,21.43583333333333,30.18,13.76,16.42,70.57916666666667,3.6425,1
TNP_0005,2023-01-11,5.9073400000000005,5.918900000000001,0.998046934396594,21.78708333333333,31.15,14.55,16.599999999999998,68.62,2.8487500000000003,1
TNP_0005,2023-01-12,6.15027,6.16867,0.997017185227934,22.075833333333332,32.2,14.38,17.82,65.31083333333333,2.796666666666667,1
TNP_0005,2023-01-13,5.77716,6.11196,0.9452221545952526,22.157916666666665,32.15,14.89,17.259999999999998,67.31375,2.3516666666666666,1
TNP_0005,2023-01-14,5.76064,6.18435,0.9314867366821088,21.85833333333333,32.27,14.35,17.92,65.82458333333334,2.379166666666667,1
TNP_0005,2023-01-15,6.1616,6.21614,0.9912260663369872,21.87708333333333,31.95,14.05,17.9,66.53875000000001,2.3525,1
TNP_0005,2023-01-16,6.00476,6.16443,0.9740981729048752,22.06125,32.33,14.11,18.22,65.50166666666667,2.8395833333333336,1
TNP_0005,2023-01-17,6.009600000000001,6.16054,0.9754989010703607,22.169583333333332,31.87,14.44,17.43,68.46291666666667,2.6004166666666664,1
TNP_0005,2023-01-18,5.82252,5.9636000000000005,0.976343148433832,22.27125,31.48,14.82,16.66,68.5525,3.185416666666667,1
TNP_0005,2023-01-19,6.13669,6.2277700000000005,0.9853751824489344,22.095416666666665,31.64,14.71,16.93,66.29041666666667,3.27125,1
TNP_0005,2023-01-20,4.60237,5.77214,0.7973420603103873,23.062916666666663,31.19,14.95,16.240000000000002,71.76625,3.3370833333333336,1
TNP_0005,2023-01-21,5.0599300000000005,6.00928,0.8420193434155174,23.73333333333333,31.89,16.9,14.990000000000002,67.61833333333333,3.442083333333333,1
TNP_0005,2023-01-22,5.05538,5.9155,0.8545989350012679,23.71083333333333,31.37,17.18,14.19,64.17583333333333,3.3325,1
TNP_0005,2023-01-23,3.52561,5.636100000000001,0.6255407107751814,24.422916666666666,31.47,18.14,13.329999999999998,74.09291666666667,3.157083333333333,1
TNP_0005,2023-01-24,3.65792,5.84468,0.6258546233497814,24.195,31.55,17.57,13.98,71.965,2.614583333333333,1
TNP_0005,2023-01-25,5.794569999999999,5.96797,0.9709448941599906,23.58833333333333,32.53,16.36,16.17,66.86625,2.96625,1
TNP_0005,2023-01-26,5.375319999999999,5.8609,0.9171492432902796,23.38875,32.28,16.02,16.26,66.66916666666667,2.984166666666667,1
TNP_0005,2023-01-27,5.851100000000001,6.05063,0.9670232686513636,22.63125,32.05,14.86,17.189999999999998,63.774166666666666,3.0625,1
TNP_0005,2023-01-28,5.9227,6.011340000000001,0.9852545355943932,22.99791666666667,32.6,14.56,18.04,64.23208333333334,3.405,1
TNP_0005,2023-01-29,4.933770000000001,5.72505,0.8617863599444547,24.422916666666666,32.45,15.39,17.060000000000002,67.90333333333334,3.376666666666667,1
TNP_0005,2023-01-30,2.3759900000000003,5.70406,0.4165436548703906,25.444166666666664,32.41,19.2,13.209999999999996,69.88583333333334,3.1679166666666667,1
TNP_0005,2023-01-31,4.7717,6.05276,0.7883510993331967,25.49416666666667,32.44,20.31,12.13,62.04624999999999,3.8233333333333337,1
TNP_0005,2023-02-01,4.4480900000000005,5.969390000000001,0.7451498394308296,25.787916666666664,33.5,20.33,13.170000000000002,59.53583333333333,4.290416666666666,1
TNP_0005,2023-02-02,2.538,5.98902,0.4237755091818027,24.820833333333336,30.78,20.0,10.78,65.69708333333334,4.058333333333334,1
TNP_0005,2023-02-03,1.945,5.90655,0.3292954431944198,25.328333333333333,33.25,19.73,13.52,71.04875,3.889583333333334,1
TNP_0005,2023-02-04,5.67414,6.17389,0.919054275343422,25.079166666666666,33.8,17.5,16.299999999999997,66.87125,3.95625,1
TNP_0005,2023-02-05,6.253340000000001,6.51903,0.9592439365979296,25.2825,34.92,17.03,17.89,58.87791666666666,3.51375,1
TNP_0005,2023-02-06,5.73129,6.49129,0.8829200359250625,24.84125,33.99,17.55,16.44,61.45416666666667,2.9958333333333336,1
TNP_0005,2023-02-07,6.33383,6.42587,0.9856766476757232,25.29458333333333,34.88,17.74,17.140000000000004,60.33041666666667,2.2416666666666667,1
TNP_0005,2023-02-08,6.055560000000001,6.31136,0.9594699082289714,25.652083333333334,35.21,17.52,17.69,58.81041666666667,3.1820833333333334,1
TNP_0005,2023-02-09,6.03359,6.37132,0.9469921460545068,25.290000000000003,34.72,17.88,16.84,58.00416666666666,3.018333333333333,1
TNP_0005,2023-02-10,6.33359,6.49768,0.9747463710124228,25.33791666666667,35.13,17.54,17.590000000000003,56.2825,3.3937500000000003,1
TNP_0005,2023-02-11,4.7245,6.485729999999999,0.7284453716081305,25.180000000000003,35.12,17.3,17.819999999999997,52.21125,2.69375,1
TNP_0005,2023-02-12,6.70988,6.72799,0.99730825997066,25.21625,36.18,16.91,19.27,49.70791666666667,3.02625,1
TNP_0005,2023-02-13,6.71108,6.715809999999999,0.9992956918078386,25.41125,36.18,16.61,19.57,51.96416666666666,3.5429166666666667,1
TNP_0005,2023-02-14,6.76301,6.77191,0.9986857474479136,25.200833333333332,35.62,16.45,19.17,52.83166666666667,2.763333333333333,1
TNP_0005,2023-02-15,6.7658000000000005,6.76651,0.9998950714622458,25.562083333333334,36.32,16.68,19.64,51.75333333333333,3.06125,1
TNP_0005,2023-02-16,6.67754,6.70444,0.9959877335019778,25.075416666666666,35.39,17.1,18.29,56.31541666666666,3.5733333333333337,1
TNP_0005,2023-02-17,6.72562,6.80261,0.9886822851817172,25.258333333333336,35.42,16.65,18.770000000000003,56.92166666666666,3.21875,1
TNP_0005,2023-02-18,6.92847,6.947,0.9973326615805383,25.671666666666667,35.18,18.06,17.12,55.49541666666666,2.6670833333333337,1
TNP_0005,2023-02-19,6.662529999999999,6.94505,0.9593206672378168,26.21125,36.07,18.18,17.89,53.905,3.04125,1
TNP_0005,2023-02-20,6.87326,6.99302,0.9828743518537056,26.475416666666664,36.72,18.0,18.72,49.486250000000005,2.2625,1
TNP_0005,2023-02-21,6.6668400000000005,6.671889999999999,0.999243093036606,26.42625,36.54,17.84,18.7,50.384166666666665,3.169583333333333,1
TNP_0005,2023-02-22,6.65991,6.66102,0.9998333588549502,25.79125,36.39,16.81,19.58,50.88125,3.664583333333333,1
TNP_0005,2023-02-23,7.13619,7.14196,0.9991920985275752,25.447916666666668,35.36,16.41,18.95,56.156666666666666,3.2583333333333333,1
TNP_0005,2023-02-24,7.09476,7.19604,0.9859255924091584,26.202916666666667,36.78,16.81,19.97,52.880833333333335,2.9025,1
TNP_0005,2023-02-25,7.17013,7.22751,0.9920608895733108,26.28125,37.37,16.25,21.12,48.51875,3.775833333333333,1
TNP_0005,2023-02-26,7.00358,7.01099,0.9989430879233888,25.65083333333333,35.99,16.34,19.65,53.44625,3.9066666666666663,1
TNP_0005,2023-02-27,7.1256900000000005,7.12647,0.99989054889728,25.137083333333333,35.36,16.58,18.78,49.64875,3.627083333333333,1
TNP_0005,2023-02-28,4.58994,6.546810000000001,0.7010956481095373,26.638333333333332,34.38,16.41,17.970000000000002,57.91916666666666,4.006666666666667,1
TNP_0005,2023-03-01,5.78334,6.87821,0.8408205041718703,27.701666666666668,35.82,20.7,15.12,59.875416666666666,4.89125,1
TNP_0005,2023-03-02,7.22258,7.29213,0.9904623203371306,25.915000000000003,36.27,16.5,19.770000000000003,46.939166666666665,4.0008333333333335,1
TNP_0005,2023-03-03,7.24907,7.2537,0.9993617050608654,25.880416666666665,36.58,16.02,20.56,47.91125,4.455416666666667,1
TNP_0005,2023-03-04,6.95604,6.99545,0.9943663381197778,27.256666666666664,36.9,17.27,19.63,49.01625000000001,4.130833333333333,1
TNP_0005,2023-03-05,6.88821,7.02696,0.9802546193517538,27.187916666666663,37.3,17.76,19.54,45.314166666666665,4.141666666666667,1
TNP_0005,2023-03-06,7.20052,7.24175,0.994306624779922,26.60666666666667,36.53,17.27,19.26,44.595,3.7225,1
TNP_0005,2023-03-07,6.67206,7.15865,0.9320276867845196,25.888333333333332,34.92,17.77,17.150000000000002,53.29083333333333,3.29125,1
TNP_0005,2023-03-08,6.705690000000001,7.00962,0.9566410162034462,26.88208333333333,36.59,18.11,18.480000000000004,53.93125,4.23375,1
TNP_0005,2023-03-09,6.01037,6.74582,0.8909769308994311,27.34375,36.12,18.73,17.389999999999997,53.33291666666667,3.9795833333333337,1
TNP_0005,2023-03-10,5.82482,6.85074,0.8502468346485197,27.34208333333333,35.41,19.83,15.579999999999998,52.00416666666666,3.86125,1
TNP_0005,2023-03-11,6.41881,6.89757,0.9305900483793568,27.277916666666663,36.46,19.71,16.75,54.49375,3.766666666666667,1
TNP_0005,2023-03-12,6.7408,7.06072,0.9546901732401228,27.7775,36.99,19.37,17.62,57.31791666666667,4.0529166666666665,1
TNP_0005,2023-03-13,6.723190000000001,6.86151,0.9798411719869242,28.30208333333333,37.55,20.21,17.339999999999996,51.04166666666666,3.84,1
TNP_0005,2023-03-14,6.457199999999999,6.47444,0.99733722144309,28.935,38.08,20.34,17.74,45.992916666666666,3.1425,1
TNP_0005,2023-03-15,6.25608,6.397609999999999,0.977877676194704,29.897916666666664,38.58,22.17,16.409999999999997,49.552083333333336,2.9454166666666666,1
TNP_0005,2023-03-16,5.27446,6.30389,0.8366992444347856,29.8925,37.42,23.02,14.400000000000002,53.7775,3.0620833333333333,1
TNP_0005,2023-03-17,5.4842,6.69523,0.8191204783106779,29.91875,37.97,23.49,14.48,54.90916666666666,3.43625,1
TNP_0005,2023-03-18,5.83955,6.98328,0.8362187968977329,29.570833333333336,37.08,23.77,13.31,57.77708333333334,3.768333333333333,1
TNP_0005,2023-03-19,5.3010600000000005,6.66626,0.7952075076579672,27.13,32.8,22.47,10.329999999999998,63.807500000000005,2.4933333333333336,1
TNP_0005,2023-03-20,5.94513,6.65709,0.8930523697291158,28.024583333333336,35.14,22.17,12.97,64.49958333333333,2.4145833333333333,1
TNP_0005,2023-03-21,6.40035,6.9648900000000005,0.918944879244324,30.06125,38.29,21.86,16.43,48.54208333333333,2.6029166666666668,1
TNP_0005,2023-03-22,5.81453,6.60354,0.8805171165768663,30.5725,37.95,23.39,14.560000000000002,49.23708333333334,2.55875,1
TNP_0005,2023-03-23,5.61612,6.6425600000000005,0.8454752384622795,30.629583333333333,37.43,24.14,13.29,51.47333333333333,2.441666666666667,1
TNP_0005,2023-03-24,5.92504,6.648899999999999,0.8911308637518989,30.011666666666667,36.62,23.99,12.63,58.03666666666667,2.4525,1
TNP_0005,2023-03-25,5.28716,6.68435,0.7909759363288876,28.95458333333333,34.91,23.68,11.229999999999997,64.14291666666666,2.1366666666666667,1
TNP_0005,2023-03-26,5.377929999999999,6.455979999999999,0.8330152819556442,29.914166666666663,36.44,23.88,12.56,59.98166666666666,1.7154166666666668,1
TNP_0005,2023-03-27,5.49641,6.270519999999999,0.8765477185305207,29.99458333333333,36.02,24.98,11.040000000000004,58.04458333333333,1.4891666666666667,1
TNP_0005,2023-03-28,5.800859999999999,6.73715,0.8610258046800204,30.812083333333334,37.81,24.16,13.650000000000002,54.88333333333333,2.752083333333333,1
TNP_0005,2023-03-29,6.456720000000001,7.068890000000001,0.9133994163157158,30.20125,38.3,23.13,15.169999999999998,54.18083333333333,2.5191666666666666,1
TNP_0005,2023-03-30,5.65253,6.86599,0.8232651081635713,30.4075,38.51,22.81,15.7,49.568333333333335,2.365,1
TNP_0005,2023-03-31,6.6147,6.93009,0.9544897685311446,31.495416666666667,39.51,23.51,15.999999999999996,48.45916666666667,2.5770833333333334,1
TNP_0005,2023-04-01,5.7014700000000005,6.47801,0.8801267673251508,31.481666666666666,38.49,24.09,14.400000000000002,50.352916666666665,2.3633333333333333,1
TNP_0005,2023-04-02,5.08103,6.5581000000000005,0.7747716564248791,29.9575,34.51,25.33,9.18,56.46458333333333,2.200416666666667,1
TNP_0005,2023-04-03,6.29592,6.999899999999999,0.8994299918570265,29.901666666666667,35.48,25.08,10.4,56.50125,2.41125,1
TNP_0005,2023-04-04,5.84135,7.08397,0.8245870606453727,28.66708333333333,33.46,24.19,9.27,63.6975,1.8791666666666669,1
TNP_0005,2023-04-05,6.30362,6.87607,0.9167475025705092,29.981666666666666,36.94,24.06,12.88,54.97666666666667,2.6633333333333336,1
TNP_0005,2023-04-06,6.56043,6.9665,0.9417110457187972,30.657916666666665,38.78,23.96,14.82,53.16625,2.8875,1
TNP_0005,2023-04-07,6.5400100000000005,7.24257,0.9029957597924496,30.381666666666664,38.43,23.23,15.2,51.469166666666666,3.2891666666666666,1
TNP_0005,2023-04-08,6.68262,7.42036,0.9005789476521355,29.705,38.43,22.14,16.29,49.802083333333336,3.9654166666666666,1
TNP_0005,2023-04-09,6.92588,7.50846,0.9224101879746311,30.234166666666667,38.99,21.89,17.1,50.19375,3.555,1
TNP_0005,2023-04-10,6.91155,7.49432,0.9222384419133424,30.18041666666667,38.94,22.31,16.63,50.555,3.3233333333333337,1
TNP_0005,2023-04-11,7.17327,7.55936,0.9489255704186598,30.54208333333333,40.01,22.07,17.939999999999998,40.92583333333334,2.7875,1
TNP_0005,2023-04-12,7.5177,7.519849999999999,0.9997140900416898,30.56583333333333,39.96,22.62,17.34,34.272083333333335,2.9008333333333334,1
TNP_0005,2023-04-13,7.574829999999999,7.58264,0.9989700157201185,31.464583333333334,40.9,23.32,17.58,31.546666666666667,2.4516666666666667,1
TNP_0005,2023-04-14,7.37141,7.41655,0.9939136121242356,31.105,38.7,23.55,15.150000000000002,33.708333333333336,2.17125,1
TNP_0005,2023-04-15,6.2746900000000005,7.19182,0.872475951845291,32.14791666666667,40.91,24.22,16.689999999999998,36.52708333333333,2.69625,1
TNP_0005,2023-04-16,7.16067,7.18034,0.9972605754045072,30.85125,38.86,24.39,14.47,40.02041666666667,2.1991666666666667,1
TNP_0005,2023-04-17,7.34747,7.357769999999999,0.998600119329634,31.66875,40.43,23.88,16.55,40.935,2.893333333333333,1
TNP_0005,2023-04-18,7.35461,7.36087,0.9991495570496424,32.08875,41.09,23.6,17.490000000000002,39.82541666666666,2.6591666666666667,1
TNP_0005,2023-04-19,7.16238,7.25306,0.9874976906298858,32.75666666666667,41.07,23.93,17.14,41.63666666666666,2.65875,1
TNP_0005,2023-04-20,7.01393,7.162649999999999,0.9792367350072948,33.63333333333333,41.18,25.72,15.46,43.52,2.7183333333333333,1
TNP_0005,2023-04-21,6.19297,6.832019999999999,0.906462510355649,34.16291666666667,41.32,26.62,14.7,42.54291666666666,2.6354166666666665,1
TNP_0005,2023-04-22,5.706809999999999,6.48136,0.8804957601491045,33.4175,40.63,26.98,13.650000000000002,46.895833333333336,2.8633333333333333,1
TNP_0005,2023-04-23,5.17312,6.59575,0.7843111094265247,32.70166666666667,39.56,26.34,13.220000000000002,49.57416666666666,2.9720833333333334,1
TNP_0005,2023-04-24,5.68981,7.084309999999999,0.803156553002339,31.04875,37.01,25.73,11.279999999999998,54.20791666666667,2.799166666666667,1
TNP_0005,2023-04-25,5.40878,7.07929,0.7640285960880258,30.360416666666666,36.82,25.49,11.330000000000002,58.15708333333333,2.9133333333333336,1
TNP_0005,2023-04-26,5.847480000000001,6.878430000000001,0.8501184136496265,29.106666666666666,34.66,25.34,9.319999999999997,61.349583333333335,2.6558333333333333,1
TNP_0005,2023-04-27,5.78709,6.91774,0.8365578931847684,30.133333333333336,36.24,24.84,11.400000000000002,57.583333333333336,2.904583333333333,1
TNP_0005,2023-04-28,6.71884,7.33934,0.9154556131750268,30.946250000000003,38.09,24.6,13.490000000000002,54.209583333333335,2.8295833333333333,1
TNP_0005,2023-04-29,5.0888100000000005,6.99769,0.7272128373791924,29.55875,36.27,24.33,11.940000000000005,65.72916666666667,2.6983333333333337,1
TNP_0005,2023-04-30,5.37964,7.14011,0.7534393727827723,29.395416666666662,36.17,24.27,11.900000000000002,65.46166666666666,2.731666666666667,1
TNP_0005,2023-05-01,4.86188,6.80281,0.7146870190406611,26.970416666666665,31.66,24.27,7.390000000000001,81.7725,2.498333333333333,1
TNP_0005,2023-05-02,4.45987,6.81267,0.6546434804562675,26.677916666666665,29.96,24.38,5.580000000000002,83.16291666666667,2.773333333333333,1
TNP_0005,2023-05-03,5.64939,6.99498,0.807634903888217,26.277916666666663,29.45,23.92,5.529999999999998,82.44541666666667,2.337083333333333,1
TNP_0005,2023-05-04,4.635680000000001,6.86173,0.6755847286325753,26.40458333333333,30.55,23.67,6.879999999999999,80.58833333333332,1.413333333333333,1
TNP_0005,2023-05-05,4.83955,6.681220000000001,0.7243512412403722,26.26125,29.63,23.51,6.119999999999997,76.735,1.6504166666666666,1
TNP_0005,2023-05-06,4.16032,6.8988000000000005,0.603049805763321,26.817083333333333,31.92,23.45,8.470000000000002,77.34041666666667,1.825,1
TNP_0005,2023-05-07,4.02779,6.85429,0.5876305204477779,26.175833333333333,30.5,23.32,7.18,83.20958333333333,2.098333333333333,1
TNP_0005,2023-05-08,5.82526,6.88934,0.8455468883811802,26.63458333333333,31.44,22.72,8.720000000000002,80.54416666666667,2.2758333333333334,1
TNP_0005,2023-05-09,6.30455,6.86064,0.91894487977798,28.645,34.62,22.74,11.88,70.89791666666666,2.1558333333333333,1
TNP_0005,2023-05-10,5.469399999999999,6.80679,0.8035211898707025,28.969166666666663,34.24,23.99,10.250000000000004,70.16208333333333,1.5725,1
TNP_0005,2023-05-11,5.9124,6.41355,0.9218607479477045,29.50333333333333,35.09,24.42,10.670000000000002,67.16291666666667,2.1979166666666665,1
TNP_0005,2023-05-12,4.60852,6.34195,0.7266723957142519,30.53708333333333,37.48,24.31,13.169999999999998,61.01416666666666,2.965,1
TNP_0005,2023-05-13,5.29742,6.4886,0.8164195666245415,31.2925,38.53,24.96,13.57,57.08166666666667,4.087916666666667,1
TNP_0005,2023-05-14,6.67667,6.79955,0.9819282158378128,30.725,38.16,25.31,12.849999999999998,60.58708333333333,3.79375,1
TNP_0005,2023-05-15,6.539980000000001,6.83878,0.9563079964555082,30.99,38.18,25.27,12.91,62.92291666666667,3.2566666666666664,1
TNP_0005,2023-05-16,7.03171,7.11165,0.9887592893351052,32.37125,39.59,25.18,14.410000000000004,56.990833333333335,2.31125,1
TNP_0005,2023-05-17,5.56396,6.99867,0.7950024790424466,31.16708333333333,38.66,25.8,12.859999999999996,57.81,2.3979166666666667,1
TNP_0005,2023-05-18,6.11245,6.75525,0.904844380296806,31.800833333333333,38.45,25.64,12.810000000000002,57.84375,1.9625,1
TNP_0005,2023-05-19,6.50026,6.65907,0.9761513244341928,28.8925,33.78,24.82,8.96,70.84166666666667,2.214166666666667,1
TNP_0005,2023-05-20,6.43351,6.77396,0.949741362511736,31.10375,37.55,24.85,12.699999999999996,61.43875,1.9691666666666665,1
TNP_0005,2023-05-21,6.32925,6.6805,0.9474216001796272,30.234166666666667,35.71,25.01,10.7,67.44791666666667,1.7325,1
TNP_0005,2023-05-22,5.64584,6.50096,0.8684625039994093,29.291666666666668,34.11,25.13,8.98,70.90625,1.8579166666666669,1
TNP_0005,2023-05-23,6.43472,6.83536,0.941387139814143,30.2575,37.14,25.01,12.13,62.306666666666665,1.7804166666666663,1
TNP_0005,2023-05-24,6.08077,6.6991000000000005,0.907699541729486,28.52875,33.04,24.18,8.86,74.1075,2.393333333333333,1
TNP_0005,2023-05-25,6.28555,6.59136,0.9536044154772308,30.086250000000003,36.81,24.12,12.69,65.08541666666666,2.8608333333333333,1
TNP_0005,2023-05-26,5.960109999999999,6.71927,0.887017488506936,29.970416666666665,36.67,23.93,12.740000000000002,66.30624999999999,3.074583333333333,1
TNP_0005,2023-05-27,6.75782,6.85666,0.985584818264286,30.335833333333337,37.07,23.85,13.22,64.37041666666666,2.3633333333333333,1
TNP_0005,2023-05-28,5.714390000000001,6.8384,0.8356326041179224,29.174166666666665,33.83,25.51,8.319999999999997,68.53875000000001,1.4879166666666668,1
TNP_0005,2023-05-29,6.44231,6.7717,0.9513578569635396,30.077916666666667,35.6,25.33,10.270000000000003,65.5,1.8479166666666669,1
TNP_0005,2023-05-30,5.75128,6.30176,0.912646625704565,30.473333333333333,36.59,25.02,11.570000000000004,64.60625,1.39125,1
TNP_0005,2023-05-31,6.01989,6.45907,0.9320056912218012,28.914166666666663,34.3,24.22,10.079999999999998,67.65666666666667,2.0316666666666667,1
TNP_0005,2023-06-01,6.14519,6.56137,0.9365711733982384,30.951666666666668,37.99,24.15,13.840000000000003,61.16458333333333,3.2895833333333333,1
TNP_0005,2023-06-02,5.763520000000001,6.46913,0.8909266006402717,28.890416666666667,34.85,24.97,9.880000000000004,66.92625,3.063333333333333,1
TNP_0005,2023-06-03,6.09263,6.39404,0.9528607891098584,30.00625,35.14,24.79,10.35,64.1125,2.54125,1
TNP_0005,2023-06-04,6.02442,6.30029,0.9562131266973424,30.4025,37.51,25.27,12.239999999999998,62.90708333333333,3.23375,1
TNP_0005,2023-06-05,6.08369,6.56116,0.9272278072779812,29.07625,34.87,24.3,10.569999999999997,67.17708333333333,3.1216666666666666,1
TNP_0005,2023-06-06,6.8847700000000005,7.01415,0.9815544292608512,30.191666666666663,37.03,24.19,12.84,61.33958333333334,3.3675,1
TNP_0005,2023-06-07,5.51624,6.70071,0.8232321649496844,29.4375,34.74,25.16,9.580000000000002,66.07125,3.4137500000000003,1
TNP_0005,2023-06-08,6.175590000000001,6.613390000000001,0.9338009704553942,29.71333333333333,35.68,25.09,10.59,64.4975,2.8487500000000003,1
TNP_0005,2023-06-09,6.3853800000000005,6.83808,0.9337972062333288,29.801666666666662,36.46,23.82,12.64,61.95,4.164583333333334,1
TNP_0005,2023-06-10,6.53716,7.17146,0.9115521804486116,30.24833333333333,38.29,23.72,14.57,58.00958333333333,4.945833333333334,1
TNP_0005,2023-06-11,6.865060000000001,7.22853,0.9497173007513284,30.593333333333334,38.16,24.12,14.039999999999996,59.02791666666667,4.275416666666667,1
TNP_0005,2023-06-12,6.5919,7.221,0.912879102617366,30.019166666666667,36.8,24.74,12.06,64.5625,4.1691666666666665,1
TNP_0005,2023-06-13,6.56008,7.07577,0.9271188860010996,30.139166666666668,37.03,24.62,12.41,63.46083333333333,4.0925,1
TNP_0005,2023-06-14,6.585430000000001,7.040850000000001,0.935317468771526,28.05625,32.36,23.56,8.8,71.21124999999999,3.20875,1
TNP_0005,2023-06-15,6.960529999999999,7.12938,0.9763163136205392,31.10291666666667,38.67,23.58,15.090000000000003,58.19916666666666,2.9458333333333333,1
TNP_0005,2023-06-16,7.07576,7.15629,0.9887469624623932,31.94333333333333,39.34,24.97,14.370000000000005,54.099583333333335,4.260000000000001,1
TNP_0005,2023-06-17,4.83106,6.90691,0.6994531563318473,28.332916666666662,32.33,24.73,7.599999999999998,69.83041666666666,2.9370833333333333,1
TNP_0005,2023-06-18,2.42094,6.70494,0.3610681079920178,28.92,33.94,24.5,9.439999999999998,64.00833333333334,3.5816666666666666,1
TNP_0005,2023-06-19,3.11773,6.57077,0.4744847255344503,30.015416666666667,36.62,24.39,12.229999999999997,58.72875,3.067083333333333,1
TNP_0005,2023-06-20,3.72791,6.34566,0.5874739585795646,28.06958333333333,33.54,24.16,9.38,68.13,1.5454166666666664,1
TNP_0005,2023-06-21,3.84368,6.32256,0.6079309646725377,28.57333333333333,33.96,24.19,9.77,71.60541666666667,1.955,1
TNP_0005,2023-06-22,4.93013,6.615399999999999,0.7452504761616835,28.15625,34.39,23.19,11.2,70.81208333333333,2.48125,1
TNP_0005,2023-06-23,5.32043,6.6319,0.8022482244907191,28.148333333333337,35.27,23.02,12.250000000000004,61.68541666666667,3.778333333333333,1
TNP_0005,2023-06-24,5.30783,6.831110000000001,0.7770084217645448,28.276666666666667,34.37,23.17,11.199999999999996,66.40041666666666,4.28125,1
TNP_0005,2023-06-25,5.31012,6.72912,0.7891254725729366,27.157916666666665,31.28,22.93,8.350000000000001,71.87958333333333,3.2575000000000003,1
TNP_0005,2023-06-26,5.31711,6.79063,0.7830068785959475,28.109583333333333,35.03,22.7,12.330000000000002,58.99166666666667,4.109166666666667,1
TNP_0005,2023-06-27,5.71474,6.77032,0.8440871332521949,28.74208333333333,36.72,22.32,14.4,60.81666666666666,4.08,1
TNP_0005,2023-06-28,5.727390000000001,7.02189,0.815647923849562,29.632916666666663,37.55,22.23,15.319999999999997,55.92625,4.00625,1
TNP_0005,2023-06-29,5.52307,7.0273900000000005,0.7859347496012032,29.83791666666667,37.85,22.84,15.010000000000002,57.83041666666667,4.401666666666666,1
TNP_0005,2023-06-30,6.5586400000000005,7.07714,0.9267359413548412,29.168333333333333,37.17,23.08,14.090000000000003,56.677083333333336,4.347916666666666,1
TNP_0005,2023-07-01,5.487220000000001,6.8195,0.8046367035706431,29.296666666666667,35.48,23.52,11.959999999999996,59.56583333333333,2.8366666666666664,1
TNP_0005,2023-07-02,3.86974,6.78374,0.5704434427026979,28.059166666666663,34.61,23.34,11.27,63.17791666666667,3.3129166666666667,1
TNP_0005,2023-07-03,3.92611,6.586,0.5961296689948375,28.38958333333333,35.39,23.4,11.990000000000002,67.635,4.425,1
TNP_0005,2023-07-04,4.3168,6.7626,0.6383343684381746,27.845,33.97,23.57,10.4,67.07791666666667,6.087083333333333,1
TNP_0005,2023-07-05,4.34525,6.75758,0.6430186546071227,26.886666666666667,32.06,23.13,8.930000000000003,69.66958333333334,5.519583333333333,1
TNP_0005,2023-07-06,3.56665,6.78884,0.5253695771295243,27.3625,33.27,22.54,10.730000000000004,67.86041666666667,4.860416666666667,1
TNP_0005,2023-07-07,4.54434,6.955979999999999,0.6532997507180872,27.48958333333333,32.89,22.54,10.35,67.31583333333333,4.3933333333333335,1
TNP_0005,2023-07-08,4.47275,7.03294,0.6359715851407803,27.954166666666666,33.86,22.61,11.25,65.56583333333333,3.518333333333333,1
TNP_0005,2023-07-09,6.03596,7.06205,0.85470366253425,28.90041666666667,34.8,22.54,12.259999999999998,66.05375,2.9020833333333336,1
TNP_0005,2023-07-10,3.87569,6.707979999999999,0.5777730404682185,29.12375,36.15,23.57,12.579999999999998,67.45333333333333,2.3183333333333334,1
TNP_0005,2023-07-11,4.04758,6.14501,0.6586775285963733,28.050833333333333,35.09,21.89,13.200000000000005,64.42583333333333,3.5658333333333334,1
TNP_0005,2023-07-12,5.10963,6.3824,0.8005812860366007,28.022916666666664,34.97,21.75,13.22,60.48541666666667,3.8679166666666656,1
TNP_0005,2023-07-13,4.804930000000001,6.83153,0.7033461025568212,28.09958333333333,35.74,21.84,13.900000000000002,62.9975,3.877083333333333,1
TNP_0005,2023-07-14,6.039899999999999,7.0502,0.8566991007347308,28.875416666666663,36.26,23.21,13.049999999999995,60.66083333333333,4.357916666666667,1
TNP_0005,2023-07-15,6.2340100000000005,6.91808,0.90111851843286,29.29625,36.41,23.27,13.139999999999995,60.70125,3.888333333333333,1
TNP_0005,2023-07-16,5.20298,7.02171,0.7409847458809892,30.12875,37.69,23.85,13.839999999999996,60.41958333333333,3.76625,1
TNP_0005,2023-07-17,5.61185,6.85329,0.8188548857556006,29.546666666666667,36.8,24.07,12.729999999999997,61.50833333333333,4.54625,1
TNP_0005,2023-07-18,5.56925,6.90373,0.8067015946452136,28.90375,34.81,24.18,10.630000000000004,61.79541666666666,5.98875,1
TNP_0005,2023-07-19,5.33854,6.71629,0.7948644266403029,29.204166666666666,35.31,24.07,11.240000000000002,58.81916666666667,6.767916666666667,1
TNP_0005,2023-07-20,5.52117,6.51436,0.8475383614046507,29.66875,36.16,24.25,11.909999999999997,55.51083333333333,7.192916666666666,1
TNP_0005,2023-07-21,4.80309,6.63659,0.7237286015860555,29.54875,36.44,24.22,12.22,55.8725,7.185,1
TNP_0005,2023-07-22,4.01354,6.51207,0.616323227483734,28.7775,34.79,24.17,10.619999999999996,56.35958333333334,6.859166666666667,1
TNP_0005,2023-07-23,3.5356300000000003,6.623270000000001,0.5338193973671616,27.86958333333333,34.46,23.03,11.43,68.02374999999999,5.400833333333334,1
TNP_0005,2023-07-24,3.19331,6.58332,0.48506072923692,26.004583333333333,31.61,21.92,9.689999999999998,74.55,5.316666666666666,1
TNP_0005,2023-07-25,3.18811,6.623810000000001,0.4813106052256933,25.511666666666667,29.77,21.97,7.800000000000001,75.87166666666667,4.038749999999999,1
TNP_0005,2023-07-26,3.81147,6.71148,0.5679030556598545,27.925833333333333,34.9,22.1,12.799999999999995,66.2,5.307083333333334,1
TNP_0005,2023-07-27,5.84543,6.96705,0.8390107721345477,27.973333333333333,33.8,22.61,11.189999999999998,61.09166666666667,5.52375,1
TNP_0005,2023-07-28,5.51809,6.95016,0.7939515061523764,29.18041666666667,37.07,22.42,14.65,59.114583333333336,5.244166666666667,1
TNP_0005,2023-07-29,5.88785,7.0343100000000005,0.8370188405117204,30.252916666666668,38.47,22.71,15.759999999999998,55.31041666666667,5.767083333333333,1
TNP_0005,2023-07-30,6.15451,6.96645,0.8834499637548536,30.924166666666665,39.07,23.53,15.54,53.98083333333333,5.422499999999999,1
TNP_0005,2023-07-31,6.130859999999999,6.84898,0.8951493507062365,30.88416666666667,38.83,24.4,14.43,54.23666666666667,5.639583333333333,1
TNP_0005,2023-08-01,5.42644,6.91308,0.7849525826404439,30.55,38.84,23.31,15.530000000000005,54.69708333333333,5.5625,1
TNP_0005,2023-08-02,6.22542,7.16716,0.8686034635755305,29.15041666666667,35.57,23.09,12.48,58.37458333333333,5.100416666666667,1
TNP_0005,2023-08-03,6.32998,6.84916,0.924198003842807,30.63625,38.71,23.07,15.64,54.53125,5.305,1
TNP_0005,2023-08-04,5.38391,6.88432,0.7820540009761313,30.83791666666667,38.65,23.72,14.93,53.85375,5.205416666666667,1
TNP_0005,2023-08-05,6.22196,7.0377,0.8840899725762679,31.635,39.47,24.36,15.11,50.76666666666667,4.570833333333334,1
TNP_0005,2023-08-06,6.201099999999999,6.983890000000001,0.8879149012942642,31.474166666666665,38.73,25.1,13.629999999999995,53.02541666666667,3.912083333333333,1
TNP_0005,2023-08-07,5.98386,6.94533,0.8615659731071094,31.480833333333333,38.15,25.7,12.45,51.404583333333335,3.639583333333333,1
TNP_0005,2023-08-08,5.4780500000000005,6.83323,0.8016779765937926,30.90458333333333,37.53,25.32,12.21,52.49875,3.442083333333333,1
TNP_0005,2023-08-09,5.57625,6.66938,0.8360972084361664,30.56458333333333,37.56,25.12,12.44,57.98583333333334,2.521666666666667,1
TNP_0005,2023-08-10,4.849609999999999,6.68713,0.7252154511726255,26.572916666666668,29.49,23.9,5.59,79.03291666666667,1.731666666666667,1
TNP_0005,2023-08-11,5.1453500000000005,6.648359999999999,0.7739277054792462,28.15125,32.97,23.75,9.22,72.62333333333333,1.13875,1
TNP_0005,2023-08-12,5.22441,6.60918,0.7904777899830235,27.499583333333334,32.42,23.63,8.790000000000003,72.94166666666666,3.0537500000000004,1
TNP_0005,2023-08-13,5.91314,6.486470000000001,0.9116114003456424,28.38875,33.49,23.57,9.920000000000002,66.75875,2.5829166666666667,1
TNP_0005,2023-08-14,4.87562,6.49484,0.7506913180309291,29.082916666666662,35.17,23.59,11.580000000000002,62.63375,2.85625,1
TNP_0005,2023-08-15,6.326,6.782970000000001,0.9326298067070912,29.014166666666668,35.54,23.59,11.95,61.72166666666666,2.92375,1
TNP_0005,2023-08-16,6.76431,7.03172,0.9619708975897788,30.47625,37.51,23.47,14.04,57.73125,3.2145833333333336,1
TNP_0005,2023-08-17,6.56583,7.01872,0.93547398955935,30.851666666666663,38.38,24.77,13.610000000000005,55.24041666666667,4.502916666666667,1
TNP_0005,2023-08-18,5.57424,6.83191,0.8159123876046376,29.44,36.73,23.27,13.459999999999996,57.655,4.897083333333334,1
TNP_0005,2023-08-19,5.12771,6.82012,0.7518504073242114,29.739166666666662,36.8,23.11,13.689999999999998,57.94791666666666,4.6745833333333335,1
TNP_0005,2023-08-20,5.81244,6.97042,0.833872277423742,30.885,38.76,23.69,15.069999999999997,56.95791666666667,3.625,1
TNP_0005,2023-08-21,6.66776,7.05158,0.9455696453844388,31.63625,38.57,24.15,14.420000000000002,53.19041666666666,2.46875,1
TNP_0005,2023-08-22,4.52766,6.67605,0.6781944413238367,30.8025,36.71,25.7,11.010000000000002,59.3175,1.20375,1
TNP_0005,2023-08-23,6.06243,6.8393500000000005,0.8864044097757827,29.40125,34.65,24.46,10.189999999999998,62.267500000000005,2.2558333333333334,1
TNP_0005,2023-08-24,5.48801,6.86287,0.7996669032052188,30.464166666666667,36.78,24.4,12.380000000000004,56.23041666666666,3.2591666666666668,1
TNP_0005,2023-08-25,6.29133,6.89823,0.9120209097116218,29.84708333333333,35.36,24.66,10.7,55.44875,2.623333333333333,1
TNP_0005,2023-08-26,5.96921,6.81895,0.8753855065662602,30.86958333333333,37.46,24.45,13.010000000000002,56.9575,1.96375,1
TNP_0005,2023-08-27,4.28709,6.8845,0.6227162466410051,29.4225,33.59,25.04,8.550000000000004,63.12791666666666,2.03,1
TNP_0005,2023-08-28,4.55178,7.16174,0.6355690097657831,29.9825,35.15,24.81,10.34,58.406666666666666,2.67375,1
TNP_0005,2023-08-29,5.7381400000000005,7.01433,0.8180596008456974,27.61958333333333,33.63,24.42,9.21,71.82083333333334,1.7074999999999998,1
TNP_0005,2023-08-30,5.65451,6.95277,0.8132744215614783,26.77083333333333,32.14,23.38,8.760000000000002,78.08791666666667,3.1220833333333338,1
TNP_0005,2023-08-31,4.93382,6.88082,0.7170395388921669,26.98,31.31,23.24,8.07,80.24958333333333,1.6933333333333334,1
TNP_0005,2023-09-01,6.30121,6.81037,0.9252375421599708,26.58375,29.94,23.63,6.310000000000002,82.19916666666667,2.3325,1
TNP_0005,2023-09-02,6.32149,6.869260000000001,0.9202577861370802,26.81,31.71,23.09,8.620000000000001,79.11416666666666,3.06875,1
TNP_0005,2023-09-03,5.98074,6.7967200000000005,0.8799450323097022,26.57333333333333,32.23,22.77,9.459999999999996,75.71249999999999,3.54,1
TNP_0005,2023-09-04,5.032,6.42824,0.7827959130337386,26.60166666666667,31.88,22.65,9.23,72.52416666666666,3.693333333333333,1
TNP_0005,2023-09-05,3.63867,6.44359,0.5646960778075576,26.151666666666667,32.38,22.61,9.770000000000003,76.87875,3.693333333333333,1
TNP_0005,2023-09-06,5.27971,6.846940000000001,0.7711050483865783,26.07208333333333,32.08,22.32,9.759999999999998,76.54791666666667,3.8233333333333337,1
TNP_0005,2023-09-07,5.13018,7.00072,0.7328074826589265,25.91541666666667,31.9,21.48,10.419999999999998,73.98875,3.99,1
TNP_0005,2023-09-08,5.53741,6.95079,0.796659084794678,27.18208333333333,34.31,21.19,13.12,68.84583333333333,4.21875,1
TNP_0005,2023-09-09,6.01409,7.03349,0.855064839787929,27.453333333333333,33.62,22.09,11.529999999999998,71.33208333333333,4.457916666666667,1
TNP_0005,2023-09-10,5.825019999999999,6.68261,0.87166840500942,26.98333333333333,33.94,22.29,11.65,70.79583333333333,4.4750000000000005,1
TNP_0005,2023-09-11,5.45261,6.8666,0.7940771269623976,26.92083333333333,34.11,21.77,12.34,71.00833333333334,4.237916666666666,1
TNP_0005,2023-09-12,5.68519,6.94556,0.8185358703977793,26.58875,31.91,21.69,10.22,74.85291666666667,2.9716666666666662,1
TNP_0005,2023-09-13,6.14441,6.9835,0.8798467816997207,28.27625,35.54,22.01,13.529999999999998,65.81833333333334,3.5104166666666665,1
TNP_0005,2023-09-14,4.75967,6.87007,0.6928124458702749,28.14375,35.56,22.25,13.310000000000002,66.3425,4.308333333333334,1
TNP_0005,2023-09-15,6.0374300000000005,7.0035,0.8620589705147427,27.45958333333333,34.38,22.42,11.96,68.63083333333334,4.122083333333333,1
TNP_0005,2023-09-16,5.30183,6.82553,0.7767645882444294,27.976250000000004,34.13,22.9,11.230000000000004,70.57416666666667,3.4454166666666666,1
TNP_0005,2023-09-17,5.08333,6.85139,0.741941416267356,27.85083333333333,34.35,23.16,11.19,75.14458333333333,2.775,1
TNP_0005,2023-09-18,6.05358,6.75647,0.8959678648761853,28.31,35.48,22.91,12.569999999999997,72.95375,3.0704166666666666,1
TNP_0005,2023-09-19,5.65271,6.79964,0.8313248936708414,27.2875,32.8,23.26,9.539999999999996,78.37166666666667,2.6758333333333333,1
TNP_0005,2023-09-20,6.17986,6.65627,0.9284268817220456,27.004583333333333,32.49,23.37,9.12,75.61208333333333,2.200833333333333,1
TNP_0005,2023-09-21,5.001519999999999,6.58741,0.7592543958854845,26.304166666666664,30.22,22.57,7.649999999999999,77.8075,1.9016666666666664,1
TNP_0005,2023-09-22,5.63525,6.6221000000000005,0.850976276407786,27.33,32.59,22.43,10.160000000000004,76.64791666666666,2.2641666666666667,1
TNP_0005,2023-09-23,6.21746,6.65631,0.9340700778659649,28.125416666666663,33.96,23.27,10.69,74.45458333333333,2.895833333333333,1
TNP_0005,2023-09-24,5.81332,6.815,0.8530183418928833,26.49083333333333,30.8,23.36,7.440000000000001,78.26166666666667,3.114583333333333,1
TNP_0005,2023-09-25,5.52859,6.820309999999999,0.810606849248788,27.37333333333333,31.95,23.09,8.86,73.62083333333334,1.99625,1
TNP_0005,2023-09-26,5.32734,6.60277,0.8068341014453027,27.31875,32.71,22.99,9.720000000000002,74.92583333333333,2.532083333333333,1
TNP_0005,2023-09-27,6.16922,6.772939999999999,0.9108629339695908,27.385,34.48,21.21,13.269999999999996,69.22416666666668,3.0658333333333334,1
TNP_0005,2023-09-28,5.35371,6.8676,0.7795605451686178,26.085,31.69,21.03,10.66,75.92333333333333,3.5370833333333334,1
TNP_0005,2023-09-29,5.20784,6.77366,0.7688369360139128,26.42333333333333,32.91,21.48,11.429999999999996,73.65791666666667,4.149583333333333,1
TNP_0005,2023-09-30,5.048280000000001,6.71007,0.7523438652651911,27.35833333333333,34.86,21.24,13.62,70.03375,4.079583333333333,1
TNP_0005,2023-10-01,4.37375,6.79635,0.6435439610967651,27.575,34.61,22.09,12.52,72.25166666666667,4.609583333333333,1
TNP_0005,2023-10-02,5.63883,6.62781,0.8507832904081438,27.07375,33.51,22.23,11.279999999999998,74.69958333333334,3.620416666666667,1
TNP_0005,2023-10-03,6.57162,6.714930000000001,0.9786580053701228,28.473333333333333,36.45,21.86,14.590000000000003,64.32000000000001,3.2920833333333337,1
TNP_0005,2023-10-04,5.987310000000001,6.33988,0.9443885373224732,28.98958333333333,36.76,21.92,14.839999999999996,62.10833333333333,2.5658333333333334,1
TNP_0005,2023-10-05,5.7611300000000005,6.03403,0.954773178124736,28.854166666666668,35.62,22.16,13.459999999999996,62.685,2.115,1
TNP_0005,2023-10-06,4.19528,5.69887,0.736159975574105,28.620416666666667,36.09,22.37,13.720000000000002,61.69291666666667,1.4720833333333332,1
TNP_0005,2023-10-07,4.80484,5.813890000000001,0.8264415047412318,27.91208333333333,34.5,22.64,11.86,65.72708333333334,1.2425,1
TNP_0005,2023-10-08,4.8571800000000005,5.8357600000000005,0.8323131862859336,28.74833333333333,35.46,22.82,12.64,69.98208333333334,1.7700000000000002,1
TNP_0005,2023-10-09,5.06238,5.932,0.8534018880647336,27.285,31.82,23.54,8.280000000000001,79.01708333333333,1.6537499999999998,1
TNP_0005,2023-10-10,5.118729999999999,5.93975,0.8617753272444125,28.17458333333333,33.55,23.68,9.869999999999996,75.93333333333334,1.7300000000000002,1
TNP_0005,2023-10-11,4.22205,5.98237,0.7057487250036358,25.9725,28.92,23.39,5.530000000000001,87.4225,1.9925,1
TNP_0005,2023-10-12,4.84707,6.225440000000001,0.7785907502120331,26.71,31.13,22.88,8.25,80.49833333333333,2.2495833333333333,1
TNP_0005,2023-10-13,5.22991,6.353260000000001,0.8231852623692403,26.782916666666665,33.02,22.58,10.440000000000005,68.08208333333333,2.504166666666667,1
TNP_0005,2023-10-14,4.471150000000001,6.08069,0.7353030659349516,26.79125,31.96,22.48,9.48,77.52083333333333,1.742916666666667,1
TNP_0005,2023-10-15,4.7796,5.93989,0.8046613657828681,26.6975,30.96,23.26,7.699999999999999,79.03583333333333,1.42125,1
TNP_0005,2023-10-16,3.6969,5.78778,0.6387423157065404,26.636666666666667,31.48,23.15,8.330000000000002,83.14375,1.2808333333333333,1
TNP_0005,2023-10-17,4.96842,5.862850000000001,0.8474410909370015,25.700416666666666,29.73,21.76,7.969999999999999,83.92291666666667,1.7608333333333333,1
TNP_0005,2023-10-18,4.98304,5.88764,0.8463560951416866,26.137916666666666,31.7,21.5,10.2,77.42583333333333,2.3504166666666664,1
TNP_0005,2023-10-19,5.54785,5.799930000000001,0.9565374064859404,26.41208333333333,32.57,21.33,11.240000000000002,73.40708333333333,2.52375,1
TNP_0005,2023-10-20,5.62835,5.75821,0.9774478527181192,26.67375,33.43,21.34,12.09,73.04791666666667,2.41375,1
TNP_0005,2023-10-21,4.90115,5.4774400000000005,0.894788441315651,27.262916666666666,33.89,21.15,12.740000000000002,72.70166666666667,2.4404166666666667,1
TNP_0005,2023-10-22,5.23553,5.723649999999999,0.9147187546408324,27.58375,33.39,23.12,10.27,69.89916666666666,2.2358333333333333,1
TNP_0005,2023-10-23,4.23957,5.14144,0.8245880531524241,26.889166666666668,32.74,22.35,10.39,72.48791666666666,1.5870833333333334,1
TNP_0005,2023-10-24,5.40812,5.6113,0.9637909218897582,27.084166666666665,32.64,22.27,10.37,69.785,1.169166666666667,1
TNP_0005,2023-10-25,5.23741,5.78125,0.9059303783783784,27.50625,33.72,22.41,11.31,69.95791666666666,1.5679166666666668,1
TNP_0005,2023-10-26,5.212149999999999,5.73017,0.9095977955278812,27.16583333333333,33.82,22.03,11.79,68.72583333333334,2.0587500000000003,1
TNP_0005,2023-10-27,5.41566,6.036029999999999,0.8972221808042704,27.454166666666666,34.04,21.89,12.15,70.25083333333333,2.7062500000000003,1
TNP_0005,2023-10-28,5.19969,6.172680000000001,0.8423715468807712,27.7175,34.61,22.71,11.9,70.07916666666667,2.645,1
TNP_0005,2023-10-29,3.69706,6.10753,0.6053281768570928,25.847916666666663,31.38,22.2,9.18,81.50541666666666,2.3329166666666667,1
TNP_0005,2023-10-30,3.81464,5.871239999999999,0.6497162439280288,24.50333333333333,28.37,21.3,7.07,86.0475,1.7654166666666666,1
TNP_0005,2023-10-31,4.0475,5.31292,0.7618221241803002,24.79625,29.29,21.2,8.09,82.82208333333334,2.3425,1
TNP_0005,2023-11-01,4.3096000000000005,5.55766,0.7754342655002285,26.4975,31.71,21.74,9.970000000000002,81.90958333333333,2.817083333333333,1
TNP_0005,2023-11-02,4.20645,6.08012,0.6918366742761657,26.3875,31.23,22.87,8.36,79.83416666666666,1.9516666666666664,1
TNP_0005,2023-11-03,3.63778,6.0416300000000005,0.6021189645840609,25.5575,30.15,22.18,7.969999999999999,83.60416666666667,2.4258333333333333,1
TNP_0005,2023-11-04,3.65568,6.07266,0.6019899022833486,24.5925,27.83,22.07,5.759999999999998,89.2425,2.7541666666666664,1
TNP_0005,2023-11-05,4.07908,6.06966,0.6720442331201418,24.263333333333332,28.11,21.97,6.140000000000001,86.60000000000001,2.295,1
TNP_0005,2023-11-06,4.69622,5.86396,0.8008615338440236,26.175,31.11,21.83,9.28,81.67875,1.309583333333333,1
TNP_0005,2023-11-07,4.300859999999999,5.92017,0.726475759986622,25.100416666666664,28.56,22.65,5.91,88.45125,1.7691666666666668,1
TNP_0005,2023-11-08,4.1536800000000005,5.95632,0.6973567571923605,25.52541666666667,29.46,22.29,7.170000000000002,85.93208333333332,1.6529166666666668,1
TNP_0005,2023-11-09,4.223310000000001,5.9418,0.7107795617489651,24.37708333333333,27.89,20.73,7.16,82.94916666666667,1.97375,1
TNP_0005,2023-11-10,3.61277,5.5193900000000005,0.6545596524253585,24.666666666666668,28.39,20.65,7.740000000000002,86.01708333333333,2.552083333333333,1
TNP_0005,2023-11-11,5.00644,5.50589,0.909288053339242,23.969583333333333,29.34,19.02,10.32,81.62666666666667,2.830416666666667,1
TNP_0005,2023-11-12,5.50931,5.72363,0.9625552315575956,24.1575,30.32,18.77,11.55,79.42,3.2391666666666663,1
TNP_0005,2023-11-13,4.85735,5.42243,0.8957884195831021,25.36375,30.78,19.15,11.630000000000004,80.36666666666666,3.37625,1
TNP_0005,2023-11-14,2.00515,5.63192,0.356033111265785,23.40041666666667,27.33,20.36,6.969999999999999,80.29875,3.536666666666666,1
TNP_0005,2023-11-15,3.04232,5.32247,0.5715992762758644,24.729166666666668,29.43,20.26,9.169999999999998,84.38125000000001,2.486666666666667,1
TNP_0005,2023-11-16,4.183560000000001,5.31916,0.7865076440641005,25.699583333333333,31.08,21.36,9.72,80.08041666666666,1.9641666666666664,1
TNP_0005,2023-11-17,4.980779999999999,5.68466,0.8761790502862087,26.145416666666662,31.96,21.59,10.37,78.015,2.2829166666666665,1
TNP_0005,2023-11-18,4.97614,5.92902,0.8392854131036833,26.20125,31.95,21.36,10.59,79.16666666666667,3.5795833333333333,1
TNP_0005,2023-11-19,4.89011,5.79505,0.8438425897964642,25.34583333333333,30.63,21.56,9.07,81.46833333333333,3.237083333333333,1
TNP_0005,2023-11-20,3.23254,5.67276,0.5698354945388134,25.30375,30.18,21.31,8.870000000000001,80.40041666666666,3.0812500000000003,1
TNP_0005,2023-11-21,4.50326,5.71705,0.7876894552260344,26.145,30.91,21.83,9.080000000000002,82.93124999999999,2.35625,1
TNP_0005,2023-11-22,3.06456,5.78917,0.529360858292294,25.25625,29.26,22.18,7.080000000000002,88.55333333333333,2.3825,1
TNP_0005,2023-11-23,3.4791800000000004,5.76298,0.6037119684607617,24.621666666666663,29.26,21.44,7.82,85.94583333333333,2.3454166666666665,1
TNP_0005,2023-11-24,3.87604,5.792979999999999,0.6690925913778402,25.526666666666667,30.15,21.5,8.649999999999999,85.14916666666666,2.3095833333333333,1
TNP_0005,2023-11-25,3.67193,5.6529300000000005,0.6495622624019755,25.343333333333334,30.27,21.69,8.579999999999998,84.46249999999999,3.2237500000000003,1
TNP_0005,2023-11-26,2.71511,5.37401,0.5052298004655741,24.955,29.84,21.51,8.329999999999998,85.95,3.7741666666666656,1
TNP_0005,2023-11-27,4.9821100000000005,5.6851,0.8763451830222864,25.33458333333333,31.11,21.17,9.939999999999998,83.13416666666667,3.0854166666666667,1
TNP_0005,2023-11-28,3.91536,5.57469,0.7023457806622432,25.441666666666663,30.67,21.04,9.630000000000004,84.49708333333334,2.8266666666666667,1
TNP_0005,2023-11-29,3.40789,5.2881800000000005,0.6444353255751506,24.77916666666667,29.87,20.9,8.970000000000002,84.58041666666666,2.7204166666666665,1
TNP_0005,2023-11-30,3.3088800000000003,5.528479999999999,0.5985153242844328,24.625,29.44,20.73,8.71,84.88625,2.5091666666666668,1
TNP_0005,2023-12-01,3.82865,5.54503,0.6904651552831996,25.232083333333332,30.63,20.51,10.119999999999996,82.42083333333333,2.625833333333333,1
TNP_0005,2023-12-02,3.55202,5.587809999999999,0.6356730096406286,25.921666666666667,32.28,20.81,11.470000000000002,79.64333333333333,3.2829166666666665,1
TNP_0005,2023-12-03,2.48673,5.59517,0.4444422600206964,26.11625,31.43,21.85,9.579999999999998,83.18625,2.6254166666666667,1
TNP_0005,2023-12-04,2.32893,5.58065,0.4173223549228135,26.457083333333333,32.13,21.9,10.230000000000004,76.94125,2.521666666666667,1
TNP_0005,2023-12-05,4.14213,5.62986,0.7357429847278618,26.64708333333333,32.73,21.49,11.239999999999998,74.76625,2.3354166666666667,1
TNP_0005,2023-12-06,4.555490000000001,5.35875,0.8501031024026128,26.659166666666664,32.62,22.45,10.169999999999998,79.65666666666667,2.0141666666666667,1
TNP_0005,2023-12-07,4.268050000000001,5.32003,0.8022605135685326,27.21875,33.0,22.85,10.15,78.39625,1.93875,1
TNP_0005,2023-12-08,3.51952,5.1523,0.6830968693593152,25.75,29.63,22.58,7.050000000000001,85.19083333333333,2.3241666666666667,1
TNP_0005,2023-12-09,3.57507,5.16009,0.6928309389952501,25.43041666666667,31.12,20.98,10.14,82.27708333333334,3.0241666666666664,1
TNP_0005,2023-12-10,4.32671,5.15047,0.8400611982984078,24.97125,31.74,19.9,11.84,78.64625,2.9291666666666667,1
TNP_0005,2023-12-11,3.72477,5.030810000000001,0.7403917063057439,24.83666666666667,31.44,19.64,11.8,76.61416666666666,2.8475,1
TNP_0005,2023-12-12,3.35447,5.155390000000001,0.6506724030577705,24.532916666666665,30.66,19.46,11.2,76.84833333333333,2.51125,1
TNP_0005,2023-12-13,3.25377,5.15907,0.6306892521326518,23.640416666666667,30.42,18.13,12.290000000000004,74.845,3.3775,1
TNP_0005,2023-12-14,4.5343800000000005,5.381480000000001,0.8425897708437085,23.61958333333333,30.52,17.85,12.669999999999998,73.45916666666666,3.577083333333333,1
TNP_0005,2023-12-15,2.25122,5.30067,0.4247048014684936,24.552916666666665,29.68,19.02,10.66,81.41333333333334,3.4333333333333336,1
TNP_0005,2023-12-16,3.15674,5.40133,0.5844375366807805,25.28916666666667,31.52,21.1,10.419999999999998,82.44041666666666,4.036666666666666,1
TNP_0005,2023-12-17,2.15169,5.4464,0.3950664659224442,23.97,28.69,21.04,7.650000000000002,85.245,4.270416666666667,1
TNP_0005,2023-12-18,1.991,4.5019,0.4422577134098936,23.419583333333332,28.67,19.41,9.260000000000002,83.09916666666668,4.1033333333333335,1
TNP_0005,2023-12-19,4.01758,5.07853,0.7910911228249119,23.28875,29.33,18.96,10.369999999999996,78.25083333333333,3.7504166666666663,1
TNP_0005,2023-12-20,2.91136,5.12196,0.5684074065396841,24.275,30.78,18.71,12.07,77.39125,3.799583333333333,1
TNP_0005,2023-12-21,2.37589,5.05432,0.470071147058358,24.7,30.91,19.72,11.19,79.60166666666667,3.429583333333333,1
TNP_0005,2023-12-22,4.676519999999999,5.03967,0.9279417104691376,24.78708333333333,32.03,19.03,13.0,74.7825,3.013333333333333,1
TNP_0005,2023-12-23,4.56228,5.42426,0.8410880009439075,22.48708333333333,29.34,17.94,11.4,71.32125,3.030416666666667,1
TNP_0005,2023-12-24,3.79491,5.2265,0.7260901176695685,24.001666666666665,30.15,17.88,12.27,77.13958333333333,3.560416666666667,1
TNP_0005,2023-12-25,3.09291,5.52688,0.5596122948209478,24.636666666666667,32.03,18.41,13.62,78.35458333333334,4.422916666666667,1
TNP_0005,2023-12-26,5.5552,5.90115,0.9413758335239742,23.55458333333333,31.89,17.43,14.46,74.53541666666666,3.8175,1
TNP_0005,2023-12-27,5.6392,5.907310000000001,0.9546138597771234,24.10333333333333,32.22,17.19,15.029999999999998,72.21458333333334,4.213333333333334,1
TNP_0005,2023-12-28,3.72371,5.5157300000000005,0.6751073747264641,24.9725,32.3,18.9,13.4,76.915,4.545,1
TNP_0005,2023-12-29,3.71691,5.58962,0.664966491460958,25.03125,31.81,19.9,11.91,76.33958333333334,4.161666666666666,1
TNP_0005,2023-12-30,3.77351,5.7255,0.6590708235088639,23.29625,30.13,16.89,13.239999999999998,77.47375,3.49375,1
TNP_0005,2023-12-31,4.3840200000000005,5.53344,0.7922774982650939,23.680833333333336,31.95,16.5,15.45,72.43208333333332,3.2475,1
TNP_0005,2024-01-01,4.62668,5.45404,0.8483032761035857,24.27083333333333,32.33,17.3,15.029999999999998,70.36583333333333,2.5941666666666667,1
TNP_0005,2024-01-02,3.94833,5.13828,0.7684147224363016,24.29083333333333,31.43,18.55,12.88,69.7725,3.0395833333333333,1
TNP_0005,2024-01-03,3.80679,5.08551,0.7485561920043416,24.785416666666663,31.06,19.04,12.02,72.27624999999999,2.7025,1
TNP_0005,2024-01-04,2.51561,5.3638900000000005,0.4689898562423912,24.35458333333333,29.86,20.51,9.349999999999998,79.95083333333334,2.5316666666666667,1
TNP_0005,2024-01-05,2.37849,5.36464,0.4433643264040084,24.995416666666667,31.35,20.3,11.05,75.63208333333334,2.9875000000000003,1
TNP_0005,2024-01-06,3.21321,5.63977,0.5697413192381958,25.22958333333333,32.42,20.12,12.3,71.79916666666666,3.3516666666666666,1
TNP_0005,2024-01-07,3.04454,5.387779999999999,0.5650824643916419,25.169583333333332,32.22,20.43,11.79,74.35916666666667,5.399583333333333,1
TNP_0005,2024-01-08,1.91584,5.37397,0.3565036648883414,24.72833333333333,30.95,21.25,9.7,81.97916666666667,4.849583333333333,1
TNP_0005,2024-01-09,2.07264,5.257,0.3942628875784668,23.41625,28.56,19.93,8.629999999999999,83.34333333333333,4.045,1
TNP_0005,2024-01-10,3.57496,5.26679,0.6787739780777285,23.53125,28.82,19.45,9.37,76.91583333333334,3.5041666666666664,1
TNP_0005,2024-01-11,5.36791,5.69184,0.943088702423118,23.7975,31.84,18.67,13.169999999999998,72.46833333333333,3.806666666666666,1
TNP_0005,2024-01-12,4.64905,5.47897,0.8485262740989638,24.11083333333333,31.9,18.46,13.439999999999998,75.00458333333333,3.911666666666666,1
TNP_0005,2024-01-13,3.9426,5.101109999999999,0.7728906061621883,24.769166666666667,32.17,18.25,13.920000000000002,74.55708333333332,3.35375,1
TNP_0005,2024-01-14,4.8811800000000005,5.00999,0.9742893698390616,24.488333333333333,32.78,19.15,13.630000000000004,71.03208333333333,3.265833333333333,1
TNP_0005,2024-01-15,5.25207,5.33807,0.9838893083080588,24.157083333333333,32.65,18.12,14.529999999999998,70.20291666666667,2.65625,1
TNP_0005,2024-01-16,5.46965,5.53235,0.9886666606414994,23.754583333333333,32.07,17.81,14.260000000000002,69.05333333333333,2.4091666666666667,1
TNP_0005,2024-01-17,5.80061,5.84581,0.9922679662869645,23.820833333333336,32.3,17.5,14.799999999999995,69.65625,2.1416666666666666,1
TNP_0005,2024-01-18,5.32429,5.88845,0.9041921048832884,24.55541666666667,32.65,17.25,15.4,68.74374999999999,2.2116666666666664,1
TNP_0005,2024-01-19,5.09034,5.795640000000001,0.8783050707083255,26.159166666666668,34.18,18.51,15.669999999999998,68.38333333333334,2.834583333333333,1
TNP_0005,2024-01-20,3.54205,5.65723,0.626110304866516,26.012916666666666,33.2,20.38,12.820000000000004,69.53583333333333,3.212916666666666,1
TNP_0005,2024-01-21,5.78119,5.9333,0.9743633391198826,25.679166666666664,33.97,19.48,14.489999999999998,65.81,2.962916666666666,1
TNP_0005,2024-01-22,5.90908,5.98547,0.987237426634834,25.690416666666668,34.52,18.82,15.700000000000005,66.06291666666667,3.178333333333333,1
TNP_0005,2024-01-23,5.345980000000001,5.83992,0.9154200742475924,25.43208333333333,33.3,18.61,14.689999999999998,67.25583333333333,2.405,1
TNP_0005,2024-01-24,5.57272,5.78021,0.9641033803270124,25.82958333333333,33.77,19.73,14.040000000000004,64.87791666666666,2.275,1
TNP_0005,2024-01-25,5.32846,5.822550000000001,0.9151419910520304,25.5025,33.52,18.7,14.820000000000004,65.10833333333333,2.905,1
TNP_0005,2024-01-26,5.88051,6.09183,0.9653109164241288,25.095,33.51,18.44,15.069999999999997,66.47375,3.4945833333333334,1
TNP_0005,2024-01-27,4.46296,6.19641,0.7202493056463338,25.484166666666667,33.18,18.53,14.65,65.04208333333334,4.168333333333334,1
TNP_0005,2024-01-28,4.43992,5.86221,0.7573798959777968,25.16958333333333,33.43,18.46,14.97,65.8875,4.029583333333333,1
TNP_0005,2024-01-29,4.84872,6.06393,0.7996002592378211,24.700833333333332,34.13,17.17,16.96,59.77541666666667,3.5258333333333334,1
TNP_0005,2024-01-30,5.91462,6.12971,0.9649102486088248,25.682916666666667,34.81,16.74,18.070000000000004,62.38166666666667,2.4520833333333334,1
TNP_0005,2024-01-31,5.78644,6.12717,0.9443903139622368,26.85,34.91,19.56,15.349999999999998,63.4275,2.03625,1
TNP_0005,2024-02-01,4.71948,5.85472,0.8060983275032794,28.032916666666665,35.75,21.47,14.28,62.96125,1.95625,1
TNP_0005,2024-02-02,4.303859999999999,5.678109999999999,0.7579740441801938,28.075,35.22,22.47,12.75,64.22208333333333,2.53625,1
TNP_0005,2024-02-03,5.29833,5.9796700000000005,0.886057257340288,27.7725,36.04,21.09,14.95,62.16875,3.3629166666666666,1
TNP_0005,2024-02-04,6.22237,6.28909,0.989391151979062,26.059166666666663,35.12,18.48,16.639999999999997,61.55083333333334,3.5,1
TNP_0005,2024-02-05,6.16528,6.270149999999999,0.98327472229532,25.70833333333333,35.4,18.2,17.2,61.18625,3.4929166666666664,1
TNP_0005,2024-02-06,6.31825,6.3750100000000005,0.991096484554534,25.70208333333333,35.89,17.87,18.02,62.477916666666665,3.465,1
TNP_0005,2024-02-07,6.65649,6.66412,0.9988550626339262,25.92375,36.52,17.48,19.040000000000003,58.04958333333334,3.2191666666666667,1
TNP_0005,2024-02-08,6.03063,6.503430000000001,0.9272999017441566,26.62291666666667,37.61,17.29,20.32,57.10833333333333,3.1941666666666664,1
TNP_0005,2024-02-09,6.302449999999999,6.3689800000000005,0.9895540573215804,26.559583333333336,36.3,19.23,17.069999999999997,61.14666666666667,3.407916666666667,1
TNP_0005,2024-02-10,5.12267,6.06304,0.8449012376629546,26.674166666666668,35.55,19.67,15.879999999999995,63.94708333333333,3.9483333333333337,1
TNP_0005,2024-02-11,5.84901,6.45688,0.9058570083383926,25.919166666666666,35.62,17.94,17.679999999999996,63.81625,4.09125,1
TNP_0005,2024-02-12,6.431760000000001,6.782760000000001,0.948251154397325,25.57958333333333,35.65,17.75,17.9,60.49,4.02625,1
TNP_0005,2024-02-13,5.70302,6.43691,0.8859872205763324,26.84083333333333,35.44,18.12,17.319999999999997,63.7375,3.94375,1
TNP_0005,2024-02-14,5.7923100000000005,6.56981,0.8816556338767789,26.50916666666667,35.84,18.3,17.540000000000003,62.11166666666667,4.195416666666667,1
TNP_0005,2024-02-15,6.05986,6.570180000000001,0.9223278509873396,26.09625,35.49,18.15,17.340000000000003,61.80708333333333,4.1433333333333335,1
TNP_0005,2024-02-16,5.73823,6.6551,0.8622304698652161,26.609166666666667,35.74,18.89,16.85,59.86291666666667,4.336250000000001,1
TNP_0005,2024-02-17,6.57721,6.797,0.967663675150802,26.897916666666664,37.06,18.66,18.4,53.70583333333334,3.762916666666667,1
TNP_0005,2024-02-18,6.80902,6.86296,0.992140417545782,27.13,36.73,18.32,18.41,53.338750000000005,3.15375,1
TNP_0005,2024-02-19,6.41425,6.68654,0.959277892602153,28.03375,36.61,20.57,16.04,56.69125,3.13625,1
TNP_0005,2024-02-20,6.37824,6.51087,0.9796294504421068,28.475416666666664,36.67,21.91,14.760000000000002,53.35666666666666,2.629583333333333,1
TNP_0005,2024-02-21,5.89638,6.32519,0.932205989069103,29.5425,37.15,21.69,15.459999999999996,49.622083333333336,2.643333333333333,1
TNP_0005,2024-02-22,5.10004,5.929609999999999,0.8600970384224258,29.79083333333333,36.61,23.19,13.419999999999998,52.9575,2.62875,1
TNP_0005,2024-02-23,5.64303,6.16223,0.9157447871955444,30.68041666666667,38.68,23.51,15.169999999999998,50.53375,2.6962500000000005,1
TNP_0005,2024-02-24,4.7699,5.80351,0.8218991610249659,29.57041666666667,36.51,23.69,12.819999999999997,57.50708333333333,3.44625,1
TNP_0005,2024-02-25,5.93652,6.44284,0.921413538129148,28.672083333333333,37.49,22.18,15.310000000000002,55.95416666666667,4.1225,1
TNP_0005,2024-02-26,5.36144,6.70801,0.7992593928750852,28.484583333333333,37.33,21.98,15.349999999999998,57.182500000000005,5.22375,1
TNP_0005,2024-02-27,5.53696,6.759390000000001,0.8191508405344268,28.589583333333334,37.66,21.67,15.989999999999997,58.37,4.681666666666667,1
TNP_0005,2024-02-28,6.799309999999999,6.97603,0.9746675401338584,28.315,38.13,19.96,18.17,51.80458333333333,3.885,1
TNP_0005,2024-02-29,6.80808,6.964840000000001,0.9774926631480408,28.18166666666667,37.78,19.47,18.31,50.49916666666667,3.5091666666666668,1
TNP_0005,2024-03-01,6.699979999999999,6.91034,0.9695586613683262,27.508750000000003,36.53,19.35,17.18,51.26583333333334,3.889583333333333,1
TNP_0005,2024-03-02,5.64478,6.874149999999999,0.8211604343809781,28.73708333333333,38.11,19.06,19.05,41.85875,2.82125,1
TNP_0005,2024-03-03,6.73766,6.85027,0.9835612318930494,28.89708333333333,38.35,20.69,17.66,46.07875000000001,2.529583333333333,1
TNP_0005,2024-03-04,6.886699999999999,6.90053,0.99799580611924,29.325,39.06,20.27,18.790000000000003,47.73583333333334,2.7687500000000003,1
TNP_0005,2024-03-05,6.65329,6.731859999999999,0.988328634285324,29.61125,39.29,20.92,18.37,40.86,2.764583333333334,1
TNP_0005,2024-03-06,5.84136,6.59112,0.8862469504424134,29.825833333333332,39.17,21.48,17.69,37.72958333333333,2.29625,1
TNP_0005,2024-03-07,6.58577,6.773020000000001,0.9723535439139408,28.33791666666667,35.54,21.84,13.7,41.11666666666667,1.9741666666666668,1
TNP_0005,2024-03-08,6.6811300000000005,6.72499,0.993478057216442,29.7,38.04,21.43,16.61,42.584583333333335,2.4620833333333336,1
TNP_0005,2024-03-09,6.389069999999999,6.48904,0.9845940231528854,30.731666666666666,39.19,22.79,16.4,43.91708333333333,2.59,1
TNP_0005,2024-03-10,6.37817,6.61062,0.9648368836811072,30.21,38.68,23.0,15.68,47.46375,2.8937500000000003,1
TNP_0005,2024-03-11,6.27354,6.39249,0.9813922274418888,30.245416666666667,38.67,22.87,15.8,47.765833333333326,3.0416666666666665,1
TNP_0005,2024-03-12,6.55277,6.56736,0.9977784071529504,30.212083333333336,38.87,22.69,16.179999999999996,43.50291666666666,2.595,1
TNP_0005,2024-03-13,6.44129,6.49921,0.9910881476364052,30.38,39.06,22.83,16.230000000000004,38.022083333333335,2.44625,1
TNP_0005,2024-03-14,6.22609,6.430140000000001,0.968266631830722,30.86916666666667,39.59,22.81,16.780000000000005,36.91708333333333,2.0708333333333333,1
TNP_0005,2024-03-15,6.38174,6.61841,0.9642406559883718,30.95125,40.18,22.63,17.55,41.2725,2.79375,1
TNP_0005,2024-03-16,6.48175,6.8123000000000005,0.9514774745680606,29.951666666666668,38.8,21.78,17.019999999999996,48.16416666666667,3.4370833333333333,1
TNP_0005,2024-03-17,6.8083100000000005,7.073770000000001,0.9624726277501248,29.61791666666667,38.81,21.48,17.330000000000002,44.30375,3.3920833333333333,1
TNP_0005,2024-03-18,6.974,7.01263,0.9944913677179604,29.704166666666666,38.63,21.29,17.340000000000003,40.73833333333334,2.41625,1
TNP_0005,2024-03-19,6.85747,6.89532,0.9945107696234547,29.902083333333334,39.25,21.9,17.35,41.48166666666666,2.782916666666667,1
TNP_0005,2024-03-20,7.21155,7.2299,0.9974619289340102,29.98375,39.26,21.93,17.33,48.20875,3.237083333333333,1
TNP_0005,2024-03-21,5.937609999999999,6.97008,0.8518711406468791,30.5375,38.77,23.71,15.060000000000002,52.60125,4.038749999999999,1
TNP_0005,2024-03-22,6.05913,6.95694,0.8709475717772469,30.91208333333333,39.21,24.05,15.16,50.989583333333336,3.3516666666666666,1
TNP_0005,2024-03-23,7.01292,7.0817,0.9902876427976334,30.76708333333333,39.82,23.48,16.34,44.96875,3.189583333333333,1
TNP_0005,2024-03-24,5.71309,7.21866,0.7914335901677043,30.284166666666668,40.38,21.72,18.660000000000004,44.182500000000005,3.628333333333333,1
TNP_0005,2024-03-25,6.93656,6.97575,0.9943819660968356,29.995416666666667,39.75,21.5,18.25,41.68625,3.6341666666666663,1
TNP_0005,2024-03-26,7.42315,7.43387,0.9985579516456436,29.617500000000003,40.23,20.7,19.53,36.35458333333333,3.3920833333333333,1
TNP_0005,2024-03-27,7.37892,7.66577,0.9625804061431532,29.77958333333333,40.27,20.12,20.15,33.70166666666667,2.8833333333333333,1
TNP_0005,2024-03-28,6.95242,7.40087,0.9394057725645768,31.187083333333334,40.64,21.33,19.31,37.34041666666666,2.306666666666666,1
TNP_0005,2024-03-29,7.07583,7.20969,0.9814333209888358,31.48333333333333,40.45,23.48,16.970000000000002,40.27041666666667,2.8745833333333333,1
TNP_0005,2024-03-30,7.441229999999999,7.48012,0.9948008855472904,30.93875,40.34,22.8,17.540000000000003,43.49375,2.9433333333333334,1
TNP_0005,2024-03-31,7.37184,7.53529,0.9783087313162466,31.593333333333334,40.19,22.47,17.72,47.053333333333335,2.70875,1
TNP_0005,2024-04-01,6.91634,7.325769999999999,0.9441109944756662,32.58083333333333,40.69,25.59,15.099999999999998,47.20625,2.3404166666666666,1
TNP_0005,2024-04-02,7.13953,7.38282,0.9670464673390384,32.60875,41.5,24.54,16.96,44.87833333333333,2.47625,1
TNP_0005,2024-04-03,7.00327,7.476769999999999,0.9366705141391268,32.53333333333333,41.03,24.18,16.85,46.97291666666666,2.848333333333333,1
TNP_0005,2024-04-04,7.13674,7.47988,0.9541249324855476,32.970416666666665,41.1,25.69,15.41,47.26291666666666,2.9766666666666666,1
TNP_0005,2024-04-05,7.1825,7.48178,0.9599988238093072,33.30458333333333,42.34,25.3,17.040000000000003,38.20625,2.6175,1
TNP_0005,2024-04-06,7.1414800000000005,7.27375,0.9818154322048464,33.13875,41.77,25.07,16.700000000000003,39.78,2.9716666666666662,1
TNP_0005,2024-04-07,7.31242,7.322900000000001,0.9985688729874777,32.94041666666667,41.61,25.49,16.12,41.6325,3.1333333333333333,1
TNP_0005,2024-04-08,7.42945,7.463649999999999,0.9954177915631092,33.00125,41.66,25.28,16.379999999999995,47.8225,4.024166666666667,1
TNP_0005,2024-04-09,6.99346,7.2038400000000005,0.9707961309523808,31.91333333333333,40.96,24.08,16.880000000000003,45.79791666666667,3.925833333333333,1
TNP_0005,2024-04-10,7.27756,7.36226,0.9884953804945764,31.730416666666667,40.54,23.73,16.81,49.67416666666667,3.844583333333333,1
TNP_0005,2024-04-11,6.86104,7.37943,0.929752026918068,32.149166666666666,40.74,24.04,16.700000000000003,49.4075,3.7470833333333338,1
TNP_0005,2024-04-12,5.80096,7.23697,0.8015730340183805,31.59,39.67,25.12,14.55,52.98708333333334,3.985,1
TNP_0005,2024-04-13,5.76785,7.02427,0.8211315908984137,31.135416666666668,38.8,24.51,14.289999999999996,51.44875,3.314583333333333,1
TNP_0005,2024-04-14,6.483,7.29007,0.8892918723688523,31.347916666666663,40.04,23.39,16.65,49.33375,3.775833333333333,1
TNP_0005,2024-04-15,6.67966,7.40304,0.9022860878774126,31.835,40.82,23.08,17.740000000000002,49.071666666666665,3.924166666666667,1
TNP_0005,2024-04-16,6.8958900000000005,7.43562,0.9274129124403884,32.8275,40.94,24.33,16.61,44.06625,2.859166666666667,1
TNP_0005,2024-04-17,6.77386,6.94512,0.9753409588315248,34.01416666666667,41.78,26.06,15.720000000000002,43.81166666666667,3.0933333333333333,1
TNP_0005,2024-04-18,6.18362,6.61058,0.9354126264261228,34.37791666666667,41.28,27.34,13.94,44.14791666666667,2.43625,1
TNP_0005,2024-04-19,6.58518,6.92386,0.9510850883755594,33.295833333333334,39.57,27.51,12.06,46.0,2.178333333333333,1
TNP_0005,2024-04-20,6.0844,7.02353,0.8662880346492433,34.38166666666667,42.8,26.75,16.049999999999997,41.53,3.189583333333333,1
TNP_0005,2024-04-21,6.60996,7.31934,0.9030814253744188,33.537083333333335,41.69,26.43,15.259999999999998,48.41125,3.2225,1
TNP_0005,2024-04-22,7.26371,7.430689999999999,0.977528331823828,33.045833333333334,40.1,26.24,13.860000000000005,48.38541666666666,2.766666666666667,1
TNP_0005,2024-04-23,7.54911,7.60154,0.9931027133975484,32.7075,40.73,25.2,15.529999999999998,43.55791666666667,3.270833333333333,1
TNP_0005,2024-04-24,7.10285,7.2726,0.9766589665319144,33.54875,41.41,25.06,16.349999999999998,38.76875,3.0708333333333333,1
TNP_0005,2024-04-25,6.7670900000000005,6.95709,0.9726897309076066,33.92958333333333,42.01,26.72,15.29,38.93,3.4466666666666668,1
TNP_0005,2024-04-26,7.1151800000000005,7.18363,0.9904713912047252,33.388333333333335,41.76,25.29,16.47,39.72833333333333,3.24,1
TNP_0005,2024-04-27,7.45622,7.53174,0.9899731005053282,32.99583333333333,41.8,25.04,16.759999999999998,41.2875,3.16875,1
TNP_0005,2024-04-28,6.74422,7.55538,0.892638093649823,33.711666666666666,42.61,24.73,17.88,40.80833333333333,2.6725,1
TNP_0005,2024-04-29,7.21087,7.643359999999999,0.9434162462581902,33.5525,42.57,25.41,17.16,40.75708333333333,2.44,1
TNP_0005,2024-04-30,6.88177,7.496329999999999,0.9180185504106676,34.42583333333334,42.86,25.76,17.099999999999998,42.39833333333333,2.87,1
TNP_0005,2024-05-01,6.73407,7.2963,0.92294313556186,35.89125,43.1,27.51,15.59,42.04541666666667,3.10625,1
TNP_0005,2024-05-02,6.34249,6.894730000000001,0.9199040426528666,35.34666666666667,41.97,29.5,12.47,44.73083333333333,3.089166666666667,1
TNP_0005,2024-05-03,5.11013,6.58927,0.7755229334964268,34.35666666666666,40.85,27.85,13.0,50.00416666666666,2.822083333333333,1
TNP_0005,2024-05-04,5.58805,6.45063,0.8662797277165175,33.216249999999995,39.21,27.58,11.630000000000004,53.23583333333334,2.4266666666666667,1
TNP_0005,2024-05-05,6.412139999999999,6.71548,0.954829736668116,34.09916666666667,40.62,27.37,13.249999999999996,47.35916666666666,2.68625,1
TNP_0005,2024-05-06,6.40526,6.7106,0.954498852561619,34.63666666666666,42.24,26.49,15.750000000000004,47.13958333333333,2.605,1
TNP_0005,2024-05-07,5.96372,6.86974,0.8681143682293654,30.761666666666667,37.02,26.21,10.810000000000002,62.77708333333334,2.32625,1
TNP_0005,2024-05-08,5.586519999999999,6.75155,0.8274425872577407,29.72625,33.53,26.02,7.510000000000002,68.31083333333333,1.8241666666666667,1
TNP_0005,2024-05-09,5.43774,6.524150000000001,0.8334786907106672,30.382500000000004,35.71,26.05,9.66,65.035,2.4320833333333334,1
TNP_0005,2024-05-10,5.302059999999999,7.12689,0.7439514290244411,29.61458333333333,34.14,25.63,8.510000000000002,65.14958333333333,1.8504166666666668,1
TNP_0005,2024-05-11,4.85289,7.05445,0.6879189731304355,29.3625,34.04,24.71,9.329999999999998,71.96708333333333,1.6958333333333335,1
TNP_0005,2024-05-12,5.5948,7.06507,0.7918959047822598,29.76833333333333,35.22,24.67,10.549999999999995,68.60625,1.9391666666666667,1
TNP_0005,2024-05-13,5.1043,6.99305,0.7299104110509721,28.91208333333333,34.01,25.37,8.639999999999997,71.75166666666667,2.114583333333333,1
TNP_0005,2024-05-14,4.278149999999999,6.82681,0.6266689713057781,29.644583333333333,35.28,25.25,10.03,65.18333333333334,1.4916666666666665,1
TNP_0005,2024-05-15,4.94847,6.91241,0.7158820151003775,30.512916666666666,37.81,25.15,12.660000000000004,62.73041666666666,2.32875,1
TNP_0005,2024-05-16,3.92378,6.77944,0.5787764181112305,28.035416666666663,33.29,24.0,9.29,68.87375,2.182916666666667,1
TNP_0005,2024-05-17,3.50464,6.44962,0.5433870522604433,28.97833333333333,36.12,23.72,12.4,69.45875,1.78125,1
TNP_0005,2024-05-18,5.094480000000001,7.05901,0.7216989351197974,29.417916666666667,35.41,24.26,11.149999999999997,72.46416666666667,1.6204166666666666,1
TNP_0005,2024-05-19,3.71317,6.9961,0.5307485599119509,27.032916666666665,31.1,23.74,7.360000000000003,80.84125,2.0170833333333333,1
TNP_0005,2024-05-20,3.5437800000000004,6.94929,0.5099484983358012,27.121666666666663,31.26,23.7,7.560000000000002,80.9175,2.8545833333333337,1
TNP_0005,2024-05-21,4.00737,7.02085,0.5707813156526631,27.155833333333334,30.7,24.22,6.48,81.88333333333334,1.965833333333333,1
TNP_0005,2024-05-22,4.78883,7.08462,0.675947333801954,28.36083333333333,32.94,24.31,8.629999999999999,80.06875000000001,2.0866666666666664,1
TNP_0005,2024-05-23,4.1374,6.87065,0.6021846550180842,27.80666666666667,32.53,24.61,7.920000000000002,82.37666666666667,2.03375,1
TNP_0005,2024-05-24,4.14859,6.72846,0.6165734804100791,28.615,33.53,24.62,8.91,75.84625,2.5775,1
TNP_0005,2024-05-25,4.151260000000001,5.927350000000001,0.7003568205015732,27.44708333333333,32.34,23.16,9.180000000000003,74.69916666666667,3.7433333333333336,1
TNP_0005,2024-05-26,4.4644,5.88868,0.758132552626395,28.493333333333336,34.18,23.03,11.15,73.30416666666666,4.6883333333333335,1
TNP_0005,2024-05-27,5.33449,5.6500900000000005,0.9441424826861164,29.33625,36.23,23.79,12.439999999999998,67.3725,4.792083333333333,1
TNP_0005,2024-05-28,5.74816,6.36911,0.9025060016234606,28.3925,33.65,23.62,10.029999999999998,72.71333333333332,4.440833333333333,1
TNP_0005,2024-05-29,6.18916,6.566230000000001,0.942574353929119,29.1975,35.51,23.56,11.95,70.42125,4.132916666666667,1
TNP_0005,2024-05-30,6.33408,6.64357,0.9534151066369436,29.40375,35.61,24.2,11.41,72.86708333333333,3.5683333333333334,1
TNP_0005,2024-05-31,6.43817,6.614109999999999,0.973399293328959,29.91583333333333,34.88,25.34,9.540000000000004,72.10208333333334,3.0850000000000004,1
TNP_0005,2024-06-01,5.19664,6.316269999999999,0.8227387366277884,29.366666666666664,33.9,25.31,8.59,78.27,3.029583333333333,1
TNP_0005,2024-06-02,5.78142,6.26215,0.9232324361441356,27.40083333333333,32.46,24.31,8.150000000000002,79.725,1.6695833333333334,1
TNP_0005,2024-06-03,5.33068,6.0497700000000005,0.8811376300256042,27.73625,31.44,24.31,7.130000000000003,78.12625,1.7220833333333332,1
TNP_0005,2024-06-04,5.86813,6.46554,0.9076009119114568,27.95,31.89,24.4,7.490000000000002,78.96666666666667,2.410833333333333,1
TNP_0005,2024-06-05,5.13258,6.58622,0.7792907008876108,27.63416666666667,31.58,24.33,7.25,81.65541666666667,2.462083333333333,1
TNP_0005,2024-06-06,4.361350000000001,6.485609999999999,0.6724656585887836,26.689166666666665,31.61,23.07,8.54,81.36749999999999,2.671666666666667,1
TNP_0005,2024-06-07,5.264279999999999,6.632689999999999,0.7936870259276402,27.231666666666666,32.16,23.06,9.099999999999998,77.94833333333334,2.3875,1
TNP_0005,2024-06-08,5.609649999999999,6.96083,0.8058880909316848,27.23,32.48,23.15,9.329999999999998,79.38958333333333,3.397083333333333,1
TNP_0005,2024-06-09,6.07064,7.0481300000000005,0.8613121494637584,27.459166666666665,33.7,22.26,11.44,74.74,3.985,1
TNP_0005,2024-06-10,6.07241,7.04595,0.8618298455140897,27.355833333333333,33.55,22.23,11.319999999999997,72.61166666666666,4.5754166666666665,1
TNP_0005,2024-06-11,5.351640000000001,6.92008,0.7733494410469245,27.375416666666663,34.17,22.51,11.66,68.06125,3.970833333333333,1
TNP_0005,2024-06-12,4.3127,6.65424,0.6481130827863136,26.41916666666667,32.28,21.57,10.71,70.94291666666668,3.877083333333333,1
TNP_0005,2024-06-13,5.26703,6.97004,0.7556671123838601,27.8025,35.91,21.5,14.409999999999997,64.19208333333333,4.175833333333333,1
TNP_0005,2024-06-14,5.53987,7.02851,0.788199774916732,28.155833333333334,34.91,21.71,13.199999999999996,65.65791666666667,3.66,1
TNP_0005,2024-06-15,6.2665,6.98309,0.8973821044838316,28.7325,35.54,22.83,12.71,68.54833333333333,3.620416666666667,1
TNP_0005,2024-06-16,6.628979999999999,7.065510000000001,0.9382167741606762,29.23125,36.64,22.91,13.73,65.40583333333333,3.3070833333333334,1
TNP_0005,2024-06-17,6.55441,7.135260000000001,0.9185944170219444,28.08333333333333,33.89,22.85,11.04,66.62833333333333,3.4091666666666662,1
TNP_0005,2024-06-18,5.55249,7.03725,0.7890141745710326,28.5575,36.05,22.75,13.299999999999995,69.47916666666667,3.78375,1
TNP_0005,2024-06-19,5.51412,6.96753,0.7914024051564902,27.455,34.07,22.73,11.34,72.11458333333333,4.069166666666667,1
TNP_0005,2024-06-20,5.03557,6.72194,0.7491245086983817,27.291666666666668,34.06,22.31,11.750000000000004,70.88375,4.310833333333333,1
TNP_0005,2024-06-21,6.15678,6.836810000000001,0.9005340209834702,26.75208333333333,31.63,22.33,9.3,70.4275,4.276666666666666,1
TNP_0005,2024-06-22,6.04697,6.83774,0.8843521397420785,27.383333333333336,33.47,22.86,10.61,70.37333333333333,4.062916666666667,1
TNP_0005,2024-06-23,5.69796,6.951560000000001,0.8196663770434262,26.758333333333336,32.99,22.34,10.650000000000002,72.82791666666667,4.67,1
TNP_0005,2024-06-24,5.45454,6.85744,0.7954192818311207,26.266666666666666,31.28,22.33,8.950000000000003,73.50833333333334,4.750416666666667,1
TNP_0005,2024-06-25,4.9888900000000005,6.86236,0.7269933375689996,25.81125,30.68,22.24,8.440000000000001,72.8975,5.485416666666667,1
TNP_0005,2024-06-26,4.12994,6.74542,0.6122583916197952,26.66541666666667,32.59,22.28,10.310000000000002,68.45166666666667,5.607500000000001,1
TNP_0005,2024-06-27,4.0852,7.02466,0.5815512779266184,26.264166666666668,32.85,21.43,11.420000000000002,68.29291666666667,4.861666666666666,1
TNP_0005,2024-06-28,5.5654,7.01968,0.7928281631071501,26.81125,33.2,21.48,11.720000000000002,68.33916666666667,3.9975,1
TNP_0005,2024-06-29,5.95388,7.07996,0.8409482539449376,26.815416666666668,32.39,21.46,10.93,73.55,3.64,1
TNP_0005,2024-06-30,4.83809,6.94272,0.6968580037794985,27.1325,31.85,22.66,9.19,72.93208333333332,2.983333333333333,1
TNP_0005,2024-07-01,4.06463,6.86922,0.5917163811902952,26.290000000000003,30.47,22.14,8.329999999999998,75.49208333333333,3.306666666666666,1
TNP_0005,2024-07-02,5.05043,6.87446,0.7346657046517109,28.46666666666667,36.49,21.77,14.720000000000002,63.54791666666667,3.5700000000000003,1
TNP_0005,2024-07-03,6.01195,6.91917,0.8688831174837444,28.437916666666663,36.04,21.83,14.21,66.9225,4.042083333333333,1
TNP_0005,2024-07-04,4.69683,6.4558,0.7275364788252424,28.72458333333333,36.25,22.65,13.6,65.6125,4.14125,1
TNP_0005,2024-07-05,6.0841400000000005,6.89701,0.8821416816852521,27.359583333333333,33.67,22.67,11.0,70.55666666666666,3.9125,1
TNP_0005,2024-07-06,3.60824,6.618600000000001,0.5451666515577311,26.34166666666667,30.94,22.53,8.41,73.27291666666666,4.247916666666667,1
TNP_0005,2024-07-07,5.30351,6.64789,0.7977734288623909,27.92958333333333,35.04,22.7,12.34,66.96708333333333,4.3925,1
TNP_0005,2024-07-08,3.83461,6.463010000000001,0.5933164268661196,26.499166666666667,31.4,22.36,9.04,75.73375,4.19625,1
TNP_0005,2024-07-09,5.575019999999999,6.59574,0.8452455675936285,26.609166666666667,32.13,22.33,9.800000000000004,75.05041666666666,3.627916666666666,1
TNP_0005,2024-07-10,6.39294,6.88488,0.928547774253146,26.2025,31.07,22.98,8.09,77.51333333333334,3.14625,1
TNP_0005,2024-07-11,5.006060000000001,6.79513,0.7367129105697757,28.25125,34.45,22.97,11.480000000000004,66.05583333333333,3.2741666666666664,1
TNP_0005,2024-07-12,5.97398,6.83868,0.8735574701550591,28.1125,34.32,22.81,11.510000000000002,67.69333333333334,3.9133333333333336,1
TNP_0005,2024-07-13,5.02298,6.6614,0.754042693728045,26.96,32.92,22.24,10.680000000000003,68.99458333333332,5.415416666666666,1
TNP_0005,2024-07-14,3.49662,6.24888,0.5595594730575719,27.93958333333333,35.21,22.26,12.95,65.01041666666667,5.597083333333333,1
TNP_0005,2024-07-15,3.25069,6.4579,0.5033664194242711,26.95125,31.84,23.87,7.969999999999999,74.40416666666667,7.366666666666667,1
TNP_0005,2024-07-16,2.97629,6.51883,0.4565681264889558,26.40958333333333,32.28,22.48,9.8,72.34916666666668,6.155,1
TNP_0005,2024-07-17,3.2710100000000004,6.69763,0.4883832042080557,26.557916666666667,31.91,22.53,9.38,73.36833333333333,5.521249999999999,1
TNP_0005,2024-07-18,3.54025,6.42666,0.5508693473748416,26.56125,31.32,22.8,8.52,69.79041666666667,7.0875,1
TNP_0005,2024-07-19,3.641140000000001,6.60648,0.5511467528850463,27.130416666666665,31.72,22.72,9.0,71.11958333333332,6.1000000000000005,1
TNP_0005,2024-07-20,4.91242,6.67633,0.7357964630268425,27.669166666666666,33.96,22.31,11.650000000000002,70.24,5.535,1
TNP_0005,2024-07-21,5.61376,6.87116,0.8170032425383779,27.60333333333333,34.3,22.27,12.029999999999998,69.39833333333333,5.905,1
TNP_0005,2024-07-22,3.78784,6.8465,0.5532520265829256,27.679166666666664,34.81,22.62,12.19,64.95166666666667,5.5425,1
TNP_0005,2024-07-23,4.51219,6.940180000000001,0.6501546069410302,27.63458333333333,34.5,21.98,12.52,65.12041666666666,5.486666666666667,1
TNP_0005,2024-07-24,5.47627,6.84275,0.8003025099557926,27.66625,33.57,22.05,11.52,64.90249999999999,5.513750000000001,1
TNP_0005,2024-07-25,4.49071,6.88914,0.6518534969531755,28.0925,34.46,22.74,11.720000000000002,62.92875,6.802916666666667,1
TNP_0005,2024-07-26,4.49303,6.75325,0.6653137378299337,27.649583333333336,33.2,23.94,9.260000000000002,65.625,6.89875,1
TNP_0005,2024-07-27,5.05822,6.54516,0.7728183879385684,28.0275,34.25,22.59,11.66,62.33291666666667,6.744583333333334,1
TNP_0005,2024-07-28,4.15406,6.14117,0.6764281073476227,28.27958333333333,35.08,22.54,12.54,63.83125,6.27,1
TNP_0005,2024-07-29,3.4464500000000005,6.28248,0.5485811335650891,28.534166666666664,35.4,23.56,11.84,70.55208333333333,5.514166666666667,1
TNP_0005,2024-07-30,5.28694,6.70145,0.7889247849346038,26.74458333333333,30.93,23.19,7.739999999999998,74.5975,3.895,1
TNP_0005,2024-07-31,5.40173,6.7954,0.7949097919180622,28.539583333333336,34.76,23.16,11.599999999999998,70.07083333333334,3.6970833333333335,1
TNP_0005,2024-08-01,5.490060000000001,6.61153,0.8303766299177348,28.4075,35.1,22.87,12.23,70.7225,4.319583333333333,1
TNP_0005,2024-08-02,5.07291,6.71689,0.7552468478715596,28.11083333333333,34.06,22.68,11.380000000000004,65.125,4.962916666666667,1
TNP_0005,2024-08-03,5.754029999999999,6.68671,0.8605173545734748,28.02583333333333,33.99,23.3,10.69,68.40875,3.3375,1
TNP_0005,2024-08-04,5.61394,6.934279999999999,0.8095923441222449,27.098333333333333,31.8,22.99,8.810000000000002,73.96249999999999,3.11375,1
TNP_0005,2024-08-05,4.58784,6.76091,0.6785832084734156,28.15,34.67,22.8,11.87,69.68916666666667,2.764583333333333,1
TNP_0005,2024-08-06,4.89918,6.7457,0.726267103488148,27.424166666666668,33.42,23.4,10.020000000000003,74.34916666666668,2.8208333333333333,1
TNP_0005,2024-08-07,4.7727,6.81421,0.7004040086818574,25.85166666666667,29.02,23.34,5.68,82.78,2.191666666666667,1
TNP_0005,2024-08-08,5.24551,6.52071,0.8044384737244871,26.891666666666666,32.58,23.11,9.47,76.23833333333333,2.7433333333333336,1
TNP_0005,2024-08-09,6.214600000000001,6.86584,0.905147804201671,27.90083333333333,32.79,23.12,9.669999999999998,75.16791666666667,2.2825,1
TNP_0005,2024-08-10,6.33712,6.88941,0.9198349350670086,27.18625,30.69,24.01,6.68,81.2825,1.825416666666667,1
TNP_0005,2024-08-11,5.55539,6.79182,0.81795306707186,26.81125,29.84,24.23,5.609999999999999,85.21,1.8045833333333332,1
TNP_0005,2024-08-12,6.39525,6.71265,0.952716140421443,28.19375,31.89,24.11,7.780000000000001,77.46416666666667,1.8141666666666667,1
TNP_0005,2024-08-13,5.928520000000001,6.71756,0.8825406844151746,27.76125,31.46,24.43,7.030000000000001,81.31875000000001,1.5199999999999998,1
TNP_0005,2024-08-14,5.3873,7.131270000000001,0.7554474869132706,27.47791666666667,31.63,23.44,8.189999999999998,80.17291666666667,1.8725,1
TNP_0005,2024-08-15,5.32029,7.080010000000001,0.7514523284571631,27.785833333333333,32.36,23.45,8.91,79.61791666666666,1.5666666666666669,1
TNP_0005,2024-08-16,4.95413,6.96059,0.7117399530786902,27.527083333333334,31.66,24.17,7.489999999999998,83.14,2.0779166666666664,1
TNP_0005,2024-08-17,6.05986,6.87854,0.8809805569205093,27.62291666666667,30.96,24.57,6.390000000000001,84.45708333333333,2.0241666666666664,1
TNP_0005,2024-08-18,6.12521,7.02611,0.8717782670638519,27.665000000000003,31.38,24.38,7.0,81.45416666666667,1.3845833333333333,1
TNP_0005,2024-08-19,5.11859,6.782940000000001,0.7546270496274476,27.376666666666665,31.48,23.64,7.84,81.53541666666666,1.6108333333333331,1
TNP_0005,2024-08-20,5.85079,6.95365,0.8413984022779404,27.27416666666667,31.32,23.57,7.75,82.39666666666666,1.8983333333333332,1
TNP_0005,2024-08-21,4.92218,6.91409,0.7119056882395225,25.90333333333333,30.78,22.33,8.450000000000003,82.59333333333333,3.987083333333333,1
TNP_0005,2024-08-22,5.07431,7.00287,0.724604340791704,25.845416666666665,30.77,21.74,9.03,81.91791666666667,2.939166666666667,1
TNP_0005,2024-08-23,6.39479,7.00004,0.9135362083645236,27.115416666666665,33.02,21.64,11.380000000000004,76.81958333333334,2.8791666666666664,1
TNP_0005,2024-08-24,5.85769,6.87276,0.8523053329375679,26.329166666666666,31.9,22.27,9.63,78.39833333333333,3.7429166666666656,1
TNP_0005,2024-08-25,5.9452,7.067729999999999,0.8411753137145873,26.367500000000003,32.09,22.1,9.990000000000002,78.91125,4.12625,1
TNP_0005,2024-08-26,5.79071,7.10966,0.8144847995544091,26.955416666666665,33.08,21.98,11.099999999999998,75.1475,4.4366666666666665,1
TNP_0005,2024-08-27,5.70462,6.97287,0.8181165000925015,27.23958333333333,33.21,22.19,11.02,76.39166666666667,3.609166666666667,1
TNP_0005,2024-08-28,4.0942,7.12024,0.5750087075716549,26.505,32.31,22.29,10.020000000000003,75.5175,3.630416666666666,1
TNP_0005,2024-08-29,4.245010000000001,7.0067,0.6058501148900339,26.495833333333334,31.71,22.14,9.57,80.00041666666667,3.4033333333333338,1
TNP_0005,2024-08-30,5.19175,6.85973,0.756844657151229,25.66541666666667,29.47,22.28,7.189999999999998,84.83458333333333,3.583333333333333,1
TNP_0005,2024-08-31,4.89608,6.772399999999999,0.722946075246589,26.309166666666663,32.13,22.21,9.920000000000002,78.39999999999999,3.938333333333333,1
TNP_0005,2024-09-01,5.96046,6.94642,0.8580621384828445,26.411666666666665,31.92,22.1,9.82,74.97541666666667,4.166250000000001,1
TNP_0005,2024-09-02,6.118510000000001,6.84917,0.8933213805468401,27.30125,34.26,21.82,12.439999999999998,72.24541666666667,4.118333333333333,1
TNP_0005,2024-09-03,6.09529,6.805400000000001,0.8956549210920739,27.387083333333333,33.18,22.21,10.97,75.78875000000001,3.7066666666666666,1
TNP_0005,2024-09-04,4.53085,6.83108,0.6632699368181898,26.98875,32.04,23.01,9.029999999999998,77.44333333333333,3.1216666666666666,1
TNP_0005,2024-09-05,6.58359,6.90253,0.9537937538844452,27.844166666666663,34.05,22.82,11.229999999999997,73.67999999999999,3.672083333333333,1
TNP_0005,2024-09-06,4.79325,6.74032,0.7111309255346927,27.63583333333333,33.11,23.11,10.0,74.91708333333334,3.313333333333333,1
TNP_0005,2024-09-07,5.1344,6.65275,0.771771072113036,27.640416666666667,33.41,22.88,10.529999999999998,73.42708333333333,3.673333333333333,1
TNP_0005,2024-09-08,5.18845,6.82439,0.7602804060143104,27.5225,33.77,22.92,10.85,72.72291666666666,4.062083333333333,1
TNP_0005,2024-09-09,5.52479,6.77362,0.8156332950475521,26.80125,31.93,22.2,9.73,76.88041666666668,4.084583333333334,1
TNP_0005,2024-09-10,6.29547,6.9121500000000005,0.9107831861287732,27.87333333333333,34.43,22.11,12.32,72.62833333333333,4.705416666666666,1
TNP_0005,2024-09-11,5.53741,6.84958,0.8084305899047824,28.294166666666666,35.72,22.5,13.22,69.8775,4.151666666666666,1
TNP_0005,2024-09-12,6.53411,6.929279999999999,0.9429709868846404,28.075416666666666,34.55,22.79,11.759999999999998,69.19583333333334,3.5404166666666668,1
TNP_0005,2024-09-13,6.38383,6.9814,0.914405420116309,29.037916666666664,36.63,22.94,13.69,63.73416666666666,3.535833333333333,1
TNP_0005,2024-09-14,5.44095,6.89496,0.7891198788680427,28.28375,34.43,23.1,11.329999999999998,66.41333333333334,3.5029166666666662,1
TNP_0005,2024-09-15,6.65035,6.983110000000001,0.9523478793832546,28.29625,35.81,22.72,13.090000000000003,65.57708333333333,3.795833333333333,1
TNP_0005,2024-09-16,6.90283,6.990819999999999,0.9874134936960186,28.62125,36.14,22.37,13.77,63.78958333333333,3.803333333333333,1
TNP_0005,2024-09-17,6.698600000000001,7.10524,0.9427689986545142,29.32166666666667,37.09,22.0,15.090000000000003,63.0925,3.782916666666667,1
TNP_0005,2024-09-18,6.993810000000001,7.03162,0.9946228607347952,28.881666666666664,35.89,22.97,12.920000000000002,59.5625,3.3662500000000004,1
TNP_0005,2024-09-19,6.4877,6.87687,0.9434088473389785,28.35,35.08,22.64,12.439999999999998,63.24916666666667,3.200416666666667,1
TNP_0005,2024-09-20,5.8939200000000005,6.637779999999999,0.8879354241930285,27.023750000000003,31.33,24.01,7.319999999999997,72.44583333333334,2.64125,1
TNP_0005,2024-09-21,5.35541,6.55825,0.8165913162810201,27.907916666666665,33.29,22.58,10.71,69.71291666666666,3.3054166666666664,1
TNP_0005,2024-09-22,5.31819,6.539,0.813303257378804,29.3575,36.85,22.22,14.630000000000004,63.20375000000001,3.3025,1
TNP_0005,2024-09-23,5.77103,6.37072,0.9058677826054196,28.09208333333333,33.44,23.84,9.599999999999998,69.91875,3.3841666666666668,1
TNP_0005,2024-09-24,5.2832300000000005,6.651110000000001,0.7943380879281804,26.91208333333333,32.8,22.53,10.269999999999996,76.40083333333334,3.775,1
TNP_0005,2024-09-25,5.74901,6.68733,0.8596869004520489,28.93541666666667,36.45,22.25,14.200000000000005,65.44083333333333,3.627916666666667,1
TNP_0005,2024-09-26,4.94113,6.73047,0.7341433807742995,27.595,33.52,22.28,11.240000000000002,68.40375,2.594583333333333,1
TNP_0005,2024-09-27,4.96982,6.43695,0.7720768376327297,28.675416666666667,35.14,21.9,13.240000000000002,64.99374999999999,1.4879166666666668,1
TNP_0005,2024-09-28,4.92998,6.55578,0.7520051008423101,28.4525,35.02,23.55,11.470000000000002,70.46583333333334,2.0,1
TNP_0005,2024-09-29,5.66129,6.90814,0.8195100273011259,27.36375,32.76,23.36,9.4,73.2975,2.236666666666667,1
TNP_0005,2024-09-30,5.08363,7.01777,0.7243939314055605,27.55333333333333,32.28,23.29,8.990000000000002,72.00583333333334,1.8345833333333332,1
TNP_0005,2024-10-01,5.91266,6.90362,0.856457916281603,28.59875,35.17,23.32,11.85,69.71833333333333,2.0504166666666666,1
TNP_0005,2024-10-02,6.40646,6.76249,0.9473522326835234,28.646666666666665,35.19,23.57,11.619999999999996,70.67083333333333,2.5770833333333334,1
TNP_0005,2024-10-03,5.7242,6.58535,0.8692324629670404,29.0775,34.19,24.07,10.119999999999996,70.64916666666666,1.7120833333333334,1
TNP_0005,2024-10-04,5.03375,6.35754,0.7917763789138567,26.856666666666666,30.64,23.57,7.07,79.77291666666666,1.2829166666666667,1
TNP_0005,2024-10-05,4.47321,6.31609,0.7082245503151475,26.32166666666667,30.82,23.18,7.640000000000001,80.02208333333333,2.005416666666666,1
TNP_0005,2024-10-06,3.75498,5.99228,0.626636272003311,25.10875,29.83,21.76,8.069999999999997,79.32375,1.69125,1
TNP_0005,2024-10-07,4.185560000000001,6.27945,0.6665488219509672,25.03125,28.63,21.58,7.050000000000001,84.97416666666668,2.6445833333333333,1
TNP_0005,2024-10-08,4.967059999999999,6.49419,0.7648467322329651,25.74375,29.83,22.45,7.379999999999999,84.965,1.8795833333333332,1
TNP_0005,2024-10-09,5.02537,6.49664,0.7735337035760023,26.612916666666667,31.07,22.81,8.260000000000002,81.58624999999999,1.6329166666666666,1
TNP_0005,2024-10-10,4.61158,6.4160200000000005,0.7187602283035277,26.465,30.7,23.29,7.41,81.97375,1.32875,1
TNP_0005,2024-10-11,4.59198,6.61622,0.6940488677825102,26.33333333333333,30.54,23.19,7.349999999999998,82.98708333333333,1.4170833333333333,1
TNP_0005,2024-10-12,3.51892,6.57585,0.5351277781579568,26.256666666666664,30.29,23.25,7.039999999999999,85.80208333333333,1.99875,1
TNP_0005,2024-10-13,3.37496,6.477060000000001,0.5210635689649316,25.287916666666664,28.24,22.95,5.289999999999999,90.08208333333332,2.097916666666667,1
TNP_0005,2024-10-14,2.66702,6.53281,0.4082500486008317,25.512083333333333,29.78,22.7,7.080000000000002,85.68416666666667,2.1454166666666667,1
TNP_0005,2024-10-15,1.98331,6.53845,0.303330299994647,23.85333333333333,27.36,21.03,6.329999999999998,90.03166666666668,1.5220833333333337,1
TNP_0005,2024-10-16,4.18531,6.43734,0.6501614020697991,24.3875,28.08,20.94,7.139999999999997,88.64083333333333,3.26625,1
TNP_0005,2024-10-17,4.98155,6.25418,0.7965152905736644,26.08083333333333,30.86,21.71,9.15,83.47208333333333,3.2716666666666665,1
TNP_0005,2024-10-18,4.62572,5.99617,0.7714457728850249,27.027916666666663,31.6,22.4,9.200000000000005,77.92083333333333,1.2904166666666663,1
TNP_0005,2024-10-19,3.13858,6.35433,0.4939277626437406,25.180833333333336,27.65,22.28,5.369999999999997,85.97416666666668,1.565416666666667,1
TNP_0005,2024-10-20,5.077529999999999,6.224399999999999,0.815746096009254,26.12333333333333,29.97,22.14,7.829999999999998,84.21708333333333,1.3216666666666663,1
TNP_0005,2024-10-21,4.35306,6.15585,0.7071419868905188,26.31625,29.64,22.89,6.75,84.32291666666667,1.4325,1
TNP_0005,2024-10-22,3.84217,6.32793,0.6071764384245717,26.21666666666667,29.51,22.54,6.970000000000002,83.52958333333333,1.2808333333333333,1
TNP_0005,2024-10-23,4.83625,6.18854,0.781484809017959,26.3925,30.71,22.32,8.39,83.66458333333334,1.2270833333333333,1
TNP_0005,2024-10-24,3.82103,5.70273,0.6700352287413222,24.164583333333336,27.56,21.18,6.379999999999999,88.4975,2.558333333333333,1
TNP_0005,2024-10-25,4.90571,5.70122,0.8604667071258432,25.447916666666668,29.49,20.96,8.529999999999998,77.63875,1.6875,1
TNP_0005,2024-10-26,5.353059999999999,5.496030000000001,0.9739866776564172,25.5275,30.65,20.97,9.68,81.97291666666666,2.31375,1
TNP_0005,2024-10-27,5.4271,5.56436,0.9753322933814492,25.95,30.95,20.87,10.079999999999998,78.72,2.091666666666667,1
TNP_0005,2024-10-28,4.85332,5.34511,0.907992538974876,25.35666666666667,30.75,21.09,9.66,80.93541666666667,2.302916666666667,1
TNP_0005,2024-10-29,5.32312,5.7836300000000005,0.9203769950705698,26.572916666666668,31.08,21.08,10.0,80.49458333333332,1.32,1
TNP_0005,2024-10-30,4.64883,5.22478,0.8897656934837448,26.211250000000003,30.49,22.6,7.889999999999997,83.88166666666667,1.6154166666666665,1
TNP_0005,2024-10-31,4.04889,5.155930000000001,0.7852880081769923,25.942916666666665,29.99,22.35,7.639999999999997,85.545,1.4458333333333335,1
TNP_0005,2024-11-01,4.64151,5.68351,0.8166625905470387,25.550416666666667,29.39,22.24,7.150000000000002,87.35958333333333,1.6658333333333333,1
TNP_0005,2024-11-02,4.25107,5.96804,0.7123058826683466,25.49625,29.64,21.64,8.0,87.81041666666665,2.567916666666666,1
TNP_0005,2024-11-03,4.649229999999999,6.07665,0.7650975455226151,24.926666666666662,29.01,21.41,7.600000000000001,87.48166666666667,2.5675000000000003,1
TNP_0005,2024-11-04,5.09747,6.06341,0.8406936031045237,24.73875,29.71,20.43,9.28,84.93375,2.5783333333333336,1
TNP_0005,2024-11-05,5.241680000000001,5.77216,0.9080967956536204,24.34375,28.92,20.19,8.73,83.46541666666667,2.205416666666667,1
TNP_0005,2024-11-06,5.83728,5.87087,0.9942785311206004,25.455416666666665,30.61,19.89,10.72,78.96541666666667,2.2916666666666665,1
TNP_0005,2024-11-07,3.57427,5.959809999999999,0.5997288504163724,25.724166666666665,29.93,22.12,7.809999999999999,86.25375000000001,2.60375,1
TNP_0005,2024-11-08,4.94725,6.24638,0.7920187372526167,25.255416666666665,30.45,20.79,9.66,85.01875,3.015,1
TNP_0005,2024-11-09,5.40679,6.19278,0.8730796185235065,24.407083333333333,29.88,19.45,10.43,84.22791666666667,3.1245833333333333,1
TNP_0005,2024-11-10,6.00263,6.30941,0.9513773871090958,24.050416666666667,29.57,19.19,10.38,81.41625,3.0870833333333336,1
TNP_0005,2024-11-11,5.531429999999999,5.6463,0.9796557037351892,24.769166666666667,29.94,19.97,9.970000000000002,79.24291666666666,2.78375,1
TNP_0005,2024-11-12,3.16837,5.69562,0.5562818446455347,25.00625,29.25,20.74,8.510000000000002,84.7275,2.3508333333333336,1
TNP_0005,2024-11-13,2.66993,5.82692,0.4582060505378484,24.6,27.96,22.08,5.880000000000003,91.55958333333332,2.8800000000000003,1
TNP_0005,2024-11-14,3.0372799999999995,5.9193500000000006,0.5131103921883313,24.79583333333333,28.44,22.25,6.190000000000001,89.89833333333333,2.33375,1
TNP_0005,2024-11-15,2.90276,5.9235,0.4900413606820292,24.15333333333333,27.86,21.14,6.719999999999999,90.73916666666668,2.595,1
TNP_0005,2024-11-16,2.54644,5.83128,0.4366862850008918,24.600416666666664,28.55,21.01,7.539999999999999,90.1175,2.762916666666667,1
TNP_0005,2024-11-17,2.4626300000000003,5.02345,0.4902268361385105,24.120833333333334,28.83,19.88,8.95,88.3825,3.296666666666667,1
TNP_0005,2024-11-18,3.5564700000000005,4.97236,0.7152478903377874,24.148333333333337,29.44,19.8,9.64,86.63208333333334,3.4125,1
TNP_0005,2024-11-19,4.66877,5.40242,0.8641997475205556,23.887083333333333,29.18,19.54,9.64,85.36666666666667,3.4425000000000003,1
TNP_0005,2024-11-20,2.99114,5.60362,0.5337870876326374,23.16416666666667,28.54,19.04,9.5,84.77083333333333,3.31,1
TNP_0005,2024-11-21,3.88453,5.29683,0.7333688262602349,23.74,29.11,18.86,10.25,81.20708333333333,2.688333333333333,1
TNP_0005,2024-11-22,5.22408,5.39881,0.9676354604070156,23.558333333333334,29.3,18.66,10.64,83.72916666666667,2.7616666666666667,1
TNP_0005,2024-11-23,3.87863,5.70111,0.6803289184036092,24.281666666666663,29.88,18.36,11.52,82.355,2.723333333333333,1
TNP_0005,2024-11-24,3.85176,5.63553,0.68347786277422,24.04875,29.78,19.47,10.310000000000002,83.35875,2.903333333333333,1
TNP_0005,2024-11-25,3.12602,5.26895,0.5932908833828372,23.34583333333333,28.47,19.11,9.36,81.04291666666667,2.9970833333333338,1
TNP_0005,2024-11-26,1.29557,5.206189999999999,0.2488518475122883,23.160416666666663,26.75,20.5,6.25,89.86833333333334,2.953333333333333,1
TNP_0005,2024-11-27,1.62462,5.18285,0.3134607407121564,23.17625,27.1,19.45,7.650000000000002,84.66,3.7504166666666663,1
TNP_0005,2024-11-28,3.87373,5.40597,0.7165652047643624,24.304166666666664,29.55,19.29,10.260000000000002,76.325,3.92875,1
TNP_0005,2024-11-29,2.40241,5.100350000000001,0.4710284588312565,24.517916666666665,29.28,20.9,8.380000000000003,84.07666666666667,3.724583333333333,1
TNP_0005,2024-11-30,1.08446,5.36858,0.2020012740799243,25.38125,29.95,22.26,7.689999999999998,84.13833333333334,5.1570833333333335,1
TNP_0005,2024-12-01,0.53858,5.4276800000000005,0.0992283996108834,24.4975,26.77,22.28,4.489999999999998,91.88416666666666,5.612916666666667,1
TNP_0005,2024-12-02,2.4961100000000003,4.84976,0.5146873247335951,24.638333333333332,27.38,22.96,4.419999999999998,91.79375,2.485,1
TNP_0005,2024-12-03,3.96199,5.11257,0.7749507586204198,25.39583333333333,29.22,22.02,7.199999999999999,89.72041666666667,2.35125,1
TNP_0005,2024-12-04,3.7639,5.5430600000000005,0.6790292726400219,25.04125,28.99,21.7,7.289999999999999,87.64958333333334,2.040833333333333,1
TNP_0005,2024-12-05,4.34249,5.620730000000001,0.7725846998521543,24.437083333333334,28.49,20.8,7.689999999999998,87.6825,1.934583333333333,1
TNP_0005,2024-12-06,5.07849,5.73157,0.8860556531630949,24.657916666666665,29.08,20.66,8.419999999999998,84.90916666666666,1.8041666666666665,1
TNP_0005,2024-12-07,4.553850000000001,5.67224,0.8028309803534408,24.41625,29.17,20.14,9.03,87.19916666666666,2.1641666666666666,1
TNP_0005,2024-12-08,4.93657,5.39223,0.9154969279871222,23.969166666666663,28.57,19.95,8.620000000000001,86.28666666666668,1.66,1
TNP_0005,2024-12-09,4.64507,5.02231,0.9248871535209892,24.493333333333336,29.55,20.64,8.91,83.85000000000001,1.845,1
TNP_0005,2024-12-10,4.29229,5.11392,0.8393346004630499,24.442916666666665,29.3,20.59,8.71,84.92666666666666,2.780416666666667,1
TNP_0005,2024-12-11,2.08604,5.064229999999999,0.4119165203792088,23.9125,27.83,20.4,7.43,87.65083333333332,3.266666666666667,1
TNP_0005,2024-12-12,0.93826,5.26762,0.1781183912279169,23.576666666666668,26.12,21.56,4.560000000000002,93.13083333333331,2.935,1
TNP_0005,2024-12-13,1.24831,4.76352,0.262056210533387,23.09125,25.86,20.44,5.419999999999998,92.78125,3.855833333333333,1
TNP_0005,2024-12-14,4.02249,5.237559999999999,0.7680083855841271,22.38958333333333,27.85,17.02,10.830000000000002,86.99041666666666,3.555,1
TNP_0005,2024-12-15,4.71138,5.5106,0.8549667912749973,21.412916666666664,26.67,16.7,9.970000000000002,84.92,3.18875,1
TNP_0005,2024-12-16,4.84749,5.46371,0.8872158295370728,21.385,26.79,16.85,9.939999999999998,81.81583333333333,3.0445833333333336,1
TNP_0005,2024-12-17,3.35993,5.23312,0.6420510135445012,23.592916666666667,28.12,17.84,10.28,83.13541666666667,1.93,1
TNP_0005,2024-12-18,3.40653,5.397069999999999,0.6311813632211551,24.71166666666667,29.5,20.21,9.29,84.40125,1.7837500000000002,1
TNP_0005,2024-12-19,3.77151,5.425050000000001,0.6952028091906987,25.6375,29.77,21.01,8.759999999999998,83.16833333333334,1.2595833333333333,1
TNP_0005,2024-12-20,4.611230000000001,5.41038,0.8522931845822291,25.95208333333333,30.25,22.33,7.920000000000002,82.8875,1.038333333333333,1
TNP_0005,2024-12-21,4.50493,5.36112,0.8402964305965918,26.008333333333336,29.94,21.91,8.030000000000001,84.6875,1.1104166666666666,1
TNP_0005,2024-12-22,3.82223,5.23212,0.7305317920842794,23.87125,27.69,20.55,7.140000000000001,89.63208333333334,2.063333333333333,1
TNP_0005,2024-12-23,4.41515,5.24856,0.8412116847287636,23.792916666666667,29.28,18.98,10.3,78.56791666666666,1.8304166666666664,1
TNP_0005,2024-12-24,4.84429,5.5227200000000005,0.8771565460497724,24.436666666666667,29.56,18.62,10.939999999999998,76.64916666666666,1.4420833333333334,1
TNP_0005,2024-12-25,3.27762,5.4989,0.596050119114732,24.64333333333333,29.55,19.42,10.13,82.92458333333333,1.5737499999999998,1
TNP_0005,2024-12-26,2.42148,5.600779999999999,0.4323469231071387,24.64,29.56,20.6,8.959999999999997,85.9975,2.79375,1
TNP_0005,2024-12-27,2.5981,5.58262,0.4653908021681576,23.57,28.82,19.25,9.57,88.28416666666668,3.75,1
TNP_0005,2024-12-28,3.85076,5.44203,0.7075962462536958,23.13875,28.47,18.67,9.799999999999995,84.10166666666667,3.1125000000000003,1
TNP_0005,2024-12-29,4.91272,5.4212,0.9062052682063012,23.6075,28.87,18.5,10.37,82.4575,3.546666666666667,1
TNP_0005,2024-12-30,2.77175,5.355989999999999,0.5175047003448476,23.795416666666668,28.49,19.75,8.739999999999998,84.87916666666666,4.0808333333333335,1
TNP_0005,2024-12-31,4.67386,5.5591800000000005,0.8407462971157615,23.3,29.03,18.19,10.84,84.57833333333333,4.178333333333334,1
TNP_0005,2025-01-01,5.233230000000001,5.607600000000001,0.9332388187459876,22.106666666666666,28.48,17.29,11.19,81.27291666666666,3.7079166666666654,1
TNP_0005,2025-01-02,4.80192,5.56079,0.8635319801682855,21.97875,28.12,17.09,11.03,82.13208333333334,3.19125,1
TNP_0005,2025-01-03,5.18167,5.70925,0.9075920655077288,20.657083333333333,26.55,15.37,11.18,83.78625,3.4591666666666665,1
TNP_0005,2025-01-04,5.55232,5.83891,0.950917208862613,20.984166666666667,27.63,15.1,12.53,80.63708333333334,2.8375,1
TNP_0005,2025-01-05,5.77533,5.816319999999999,0.9929525885783452,21.15,28.03,15.34,12.69,78.52,2.6991666666666667,1
TNP_0005,2025-01-06,5.24002,5.62002,0.9323845822612732,21.327916666666667,28.29,15.3,12.989999999999998,76.25833333333334,2.6375,1
TNP_0005,2025-01-07,4.64297,5.69933,0.8146518976792009,22.00916666666667,28.86,15.56,13.3,79.47041666666667,2.4058333333333333,1
TNP_0005,2025-01-08,5.01766,5.43455,0.9232889567673496,21.56625,28.72,15.64,13.079999999999998,76.15708333333333,3.0091666666666668,1
TNP_0005,2025-01-09,3.52536,5.28366,0.6672193138846936,22.147916666666664,28.76,15.37,13.390000000000002,80.34291666666667,3.2591666666666668,1
TNP_0005,2025-01-10,2.8378400000000004,5.50901,0.5151270373442779,23.25333333333333,29.29,17.13,12.16,81.08,3.2,1
TNP_0005,2025-01-11,2.30556,5.60784,0.4111315586749978,23.155833333333334,30.58,17.48,13.099999999999998,78.02166666666666,3.5066666666666664,1
TNP_0005,2025-01-12,3.48527,5.746269999999999,0.6065273647078888,24.38291666666667,30.67,17.34,13.330000000000002,79.49166666666666,2.97,1
TNP_0005,2025-01-13,2.94433,5.48278,0.5370140695048862,24.35875,30.81,20.04,10.77,83.89874999999999,3.2375000000000003,1
TNP_0005,2025-01-14,3.73811,5.95599,0.6276219402651785,24.052916666666665,30.07,19.82,10.25,76.73125,3.780833333333333,1
TNP_0005,2025-01-15,3.91667,5.79281,0.6761260942444167,23.151666666666667,29.66,18.55,11.11,77.57166666666667,4.17125,1
TNP_0005,2025-01-16,4.30528,5.59948,0.7688713952009829,22.505416666666665,29.02,17.41,11.61,79.38666666666667,3.608333333333333,1
TNP_0005,2025-01-17,4.00463,5.39726,0.7419746315723162,22.43041666666667,29.32,17.32,12.0,77.85166666666667,3.907916666666667,1
TNP_0005,2025-01-18,2.35593,5.46604,0.431012213595217,23.42875,28.97,17.56,11.41,80.29875,3.703333333333333,1
TNP_0005,2025-01-19,3.05997,5.5895600000000005,0.5474438059525257,23.471666666666668,28.66,19.13,9.53,85.27458333333334,3.5025,1
TNP_0005,2025-01-20,5.2704,5.613479999999999,0.938882832040018,23.185,31.37,16.76,14.61,74.7225,3.25125,1
TNP_0005,2025-01-21,5.80249,5.98921,0.968823935043186,22.496666666666663,30.18,16.53,13.65,73.95625,3.07375,1
TNP_0005,2025-01-22,3.62059,5.95327,0.608168283985104,23.48,31.05,17.18,13.87,75.655,3.016666666666667,1
TNP_0005,2025-01-23,4.97094,6.24688,0.7957476372205005,23.065,31.4,16.36,15.04,74.91208333333334,3.09125,1
TNP_0005,2025-01-24,5.6273800000000005,6.310899999999999,0.8916921516740879,22.72458333333333,30.36,16.08,14.28,74.33916666666667,3.103333333333333,1
TNP_0005,2025-01-25,4.90481,6.17723,0.7940144692685881,22.585833333333337,31.03,15.42,15.61,73.73,3.2391666666666663,1
TNP_0005,2025-01-26,6.043939999999999,6.42464,0.940743761518155,21.952916666666667,30.93,14.92,16.009999999999998,71.39333333333333,3.452916666666667,1
TNP_0005,2025-01-27,6.10022,6.23321,0.9786642837318172,22.850416666666664,31.63,16.18,15.45,70.57958333333333,2.9891666666666663,1
TNP_0005,2025-01-28,5.704140000000001,6.1618,0.9257262488233958,22.765833333333333,31.43,15.82,15.61,68.56875000000001,2.8341666666666665,1
TNP_0005,2025-01-29,6.10511,6.396859999999999,0.9543916859209052,23.411666666666665,32.93,15.68,17.25,65.74166666666666,3.302083333333333,1
TNP_0005,2025-01-30,4.55983,6.274649999999999,0.7267066688978668,25.040000000000003,32.82,17.13,15.69,73.23416666666667,2.3604166666666666,1
TNP_0005,2025-01-31,4.99471,6.26045,0.7978196455526361,26.09958333333333,32.87,20.7,12.169999999999998,76.47041666666667,2.619166666666666,1
TNP_0005,2025-02-01,5.49069,6.33162,0.8671856491703545,26.184166666666663,33.75,20.51,13.239999999999998,72.52958333333333,2.75875,1
TNP_0005,2025-02-02,6.26276,6.50617,0.962587820484248,25.19125,34.22,17.96,16.259999999999998,67.83166666666666,2.365833333333333,1
TNP_0005,2025-02-03,6.40929,6.60416,0.970492840876054,23.99083333333333,33.71,16.39,17.32,64.04708333333333,2.401666666666667,1
TNP_0005,2025-02-04,6.211519999999999,6.2945,0.9868170625148938,23.995,34.09,16.0,18.090000000000003,60.532916666666665,2.9170833333333337,1
TNP_0005,2025-02-05,6.20066,6.20295,0.9996308208191264,23.79625,33.39,16.65,16.740000000000002,65.41416666666667,3.085833333333333,1
TNP_0005,2025-02-06,6.220479999999999,6.54623,0.9502385342403185,23.67375,32.96,16.5,16.46,70.255,3.015416666666667,1
TNP_0005,2025-02-07,6.47359,6.55565,0.9874825532174536,23.660833333333333,33.47,16.7,16.77,64.40666666666667,2.891666666666667,1
TNP_0005,2025-02-08,5.31309,5.6407,0.9419203290371764,24.468333333333334,33.27,16.44,16.830000000000002,68.1125,3.157083333333333,1
TNP_0005,2025-02-09,5.6711800000000006,5.9051,0.9603867843050924,24.38958333333333,33.23,17.8,15.429999999999996,67.54208333333334,3.270833333333333,1
TNP_0005,2025-02-10,5.43987,6.23876,0.8719473100423802,24.337083333333336,32.95,17.71,15.240000000000002,68.81583333333333,2.83625,1
TNP_0005,2025-02-11,6.7189,6.80408,0.9874810407872924,24.155416666666667,33.6,17.55,16.05,65.24875,2.325,1
TNP_0005,2025-02-12,6.830550000000001,6.89116,0.9912046738139878,24.671666666666667,35.19,16.61,18.58,64.10833333333333,2.75875,1
TNP_0005,2025-02-13,6.81459,6.86187,0.9931097499661172,24.311666666666667,35.69,16.07,19.62,58.75541666666667,2.7929166666666667,1
TNP_0005,2025-02-14,6.6693500000000006,6.68435,0.9977559523364276,24.49208333333333,35.2,15.58,19.620000000000005,57.50083333333333,2.3925,1
TNP_0005,2025-02-15,6.43309,6.437729999999999,0.9992792490520728,25.58083333333333,35.54,17.16,18.38,60.43208333333333,2.44125,1
TNP_0005,2025-02-16,6.583019999999999,6.58421,0.999819264573882,25.58625,35.26,18.06,17.2,62.94,2.86,1
TNP_0005,2025-02-17,6.295190000000001,6.64639,0.9471592849652218,25.61375,34.99,18.52,16.470000000000002,65.08208333333333,2.887916666666667,1
TNP_0005,2025-02-18,6.46255,6.581189999999999,0.9819728650897483,25.37708333333333,35.22,17.88,17.34,61.70083333333333,2.654166666666667,1
TNP_0005,2025-02-19,6.62035,6.63087,0.9984134811872348,25.955416666666668,36.05,17.64,18.41,61.094166666666666,2.5616666666666665,1
TNP_0005,2025-02-20,6.52257,6.54555,0.9964892178655728,26.14208333333333,36.13,18.7,17.430000000000003,61.34041666666667,2.7920833333333337,1
TNP_0005,2025-02-21,6.5072,6.54041,0.9949223366730832,26.597916666666663,36.09,18.75,17.340000000000003,61.525416666666665,3.0987500000000003,1
TNP_0005,2025-02-22,6.48715,6.57156,0.987155256894862,26.92875,36.44,19.52,16.919999999999998,57.98291666666666,3.122083333333333,1
TNP_0005,2025-02-23,6.60777,6.64372,0.9945888749074314,26.8225,36.81,18.84,17.970000000000002,56.4625,3.4120833333333334,1
TNP_0005,2025-02-24,6.6624,6.74965,0.9870734038061232,26.3325,36.02,18.37,17.650000000000002,58.63291666666667,3.72125,1
TNP_0005,2025-02-25,6.02288,6.637359999999999,0.9074210228163004,26.876666666666665,35.32,18.58,16.740000000000002,59.907916666666665,4.15125,1
TNP_0005,2025-02-26,6.24896,6.64775,0.9400112820127112,26.738333333333333,35.92,18.17,17.75,59.35874999999999,4.8566666666666665,1
TNP_0005,2025-02-27,6.70997,7.00514,0.9578637971546607,26.56625,36.56,17.82,18.74,56.92166666666666,4.22875,1
TNP_0005,2025-02-28,5.49608,7.07821,0.7764787990183959,27.624583333333334,35.91,18.21,17.699999999999996,56.665416666666665,4.484166666666667,1
TNP_0005,2025-03-01,4.863899999999999,6.80721,0.7145218084942287,27.96291666666667,35.87,21.62,14.249999999999996,65.28041666666667,4.23625,1
TNP_0005,2025-03-02,6.09944,7.02587,0.8681401733877796,28.785416666666663,36.53,22.53,14.0,61.4775,3.0425,1
TNP_0005,2025-03-03,6.11145,6.99955,0.8731204148838139,27.7775,36.1,21.58,14.520000000000003,57.21958333333333,2.4854166666666666,1
TNP_0005,2025-03-04,5.62955,6.713430000000001,0.8385504876046967,28.804583333333337,38.71,21.27,17.44,43.24125,3.57,1
TNP_0005,2025-03-05,5.90078,6.719480000000001,0.8781602147785245,28.50208333333333,37.03,20.81,16.220000000000002,40.848333333333336,2.6054166666666667,1
TNP_0005,2025-03-06,6.54354,6.57229,0.9956255734302656,29.6,39.05,20.49,18.56,45.48125,2.2608333333333333,1
TNP_0005,2025-03-07,6.99738,7.01611,0.9973304295400156,28.73333333333333,38.7,20.86,17.840000000000003,46.88583333333333,1.8970833333333332,1
TNP_0005,2025-03-08,6.62666,6.7065,0.9880951315887572,28.72958333333333,38.32,20.65,17.67,50.19833333333333,2.1333333333333333,1
TNP_0005,2025-03-09,6.93109,6.94392,0.998152340464752,27.34625,37.71,18.38,19.33,49.05875,3.622916666666667,1
TNP_0005,2025-03-10,7.02832,7.21134,0.9746205282236032,27.700416666666666,37.29,18.05,19.24,56.07208333333333,4.263333333333334,1
TNP_0005,2025-03-11,2.8792,6.96133,0.4135991254544749,27.11875,34.87,21.16,13.709999999999996,75.41250000000001,4.616666666666666,1
TNP_0005,2025-03-12,2.96139,7.12217,0.4157988365905335,26.50791666666667,32.0,22.39,9.61,77.45125,2.2979166666666666,1
TNP_0005,2025-03-13,7.05899,7.21545,0.9783159747486296,27.995833333333334,36.76,20.88,15.88,66.97208333333333,2.240833333333333,1
TNP_0005,2025-03-14,7.0929400000000005,7.19289,0.9861043335849708,27.72125,37.55,20.42,17.129999999999995,59.71958333333333,2.46625,1
TNP_0005,2025-03-15,7.430890000000001,7.49422,0.9915494874716784,27.75625,37.35,20.71,16.64,58.13916666666666,2.279583333333333,1
TNP_0005,2025-03-16,6.66865,7.3052,0.912863439741554,28.94333333333333,36.8,20.96,15.839999999999996,61.04583333333333,2.2666666666666666,1
TNP_0005,2025-03-17,6.49436,6.96271,0.9327345243446876,29.1575,35.74,23.81,11.930000000000003,62.76208333333333,1.784166666666667,1
TNP_0005,2025-03-18,6.42709,7.19003,0.8938891770966184,28.910833333333333,35.53,23.41,12.12,64.02333333333333,2.46,1
TNP_0005,2025-03-19,6.96361,7.29297,0.9548387008310742,29.437083333333334,37.71,23.06,14.650000000000002,60.060833333333335,3.341666666666667,1
TNP_0005,2025-03-20,7.2205,7.33738,0.984070608309778,29.418333333333333,37.5,22.87,14.63,58.583333333333336,3.2075,1
TNP_0005,2025-03-21,6.4060500000000005,7.118399999999999,0.8999283546864465,30.06625,37.62,23.33,14.29,58.71,3.2741666666666664,1
TNP_0005,2025-03-22,5.87762,6.70739,0.8762901814267546,29.63,36.62,24.07,12.549999999999995,61.82749999999999,2.9858333333333333,1
TNP_0005,2025-03-23,5.7843100000000005,6.76148,0.8554798653549224,29.179583333333337,35.84,23.9,11.940000000000005,63.41,3.1420833333333333,1
TNP_0005,2025-03-24,6.33601,6.90102,0.918126595778595,29.135,37.08,22.48,14.599999999999998,58.36083333333334,2.9175,1
TNP_0005,2025-03-25,6.787640000000001,6.9898,0.9710778563049016,29.31375,38.62,21.98,16.639999999999997,48.6175,2.4875000000000003,1
TNP_0005,2025-03-26,7.0073,7.0267,0.9972391022812984,29.9625,38.62,21.55,17.069999999999997,45.32749999999999,2.209583333333333,1
TNP_0005,2025-03-27,6.63763,6.8356900000000005,0.9710256023898098,31.314166666666665,38.87,23.32,15.549999999999995,43.344166666666666,1.7920833333333333,1
TNP_0005,2025-03-28,6.48255,6.80284,0.9529181929899866,31.09375,40.06,23.53,16.53,39.59708333333334,2.5675,1
TNP_0005,2025-03-29,6.87261,6.90698,0.9950238743995204,30.1725,40.29,21.62,18.67,35.25958333333333,3.0504166666666666,1
TNP_0005,2025-03-30,6.58063,6.7258,0.9784159505188972,30.095,39.8,21.29,18.51,38.64833333333333,2.934583333333333,1
TNP_0005,2025-03-31,6.72956,7.01114,0.9598382003497292,30.127916666666668,38.77,21.78,16.990000000000002,46.5925,2.8054166666666664,1
TNP_0005,2025-04-01,5.47504,6.93237,0.7897789644811226,29.46666666666667,36.76,22.74,14.02,50.86333333333334,2.529166666666667,1
TNP_0005,2025-04-02,6.3912,6.75399,0.9462850848165306,30.04875,37.46,23.53,13.93,52.64833333333333,3.33875,1
TNP_0005,2025-04-03,3.5599000000000003,6.658390000000001,0.5346487664435396,28.700416666666666,35.63,23.66,11.970000000000002,61.51958333333334,2.3937500000000003,1
TNP_0005,2025-04-04,6.050269999999999,7.17149,0.8436559208755782,29.89,37.83,23.35,14.479999999999997,53.35125,2.1404166666666664,1
TNP_0005,2025-04-05,5.89671,7.12944,0.8270930115128257,29.72375,36.75,23.39,13.36,61.00125,1.3675,1
TNP_0005,2025-04-06,6.61245,6.9898,0.946014192108501,30.0925,36.93,24.16,12.77,63.01208333333333,1.4645833333333331,1
TNP_0005,2025-04-07,6.63447,7.093520000000001,0.9352860075110804,29.280416666666667,36.67,24.05,12.62,64.61458333333333,2.099166666666666,1
TNP_0005,2025-04-08,6.8259300000000005,7.099489999999999,0.9614676547188602,29.6425,37.98,23.04,14.939999999999998,55.615833333333335,2.334583333333333,1
TNP_0005,2025-04-09,7.16519,7.302239999999999,0.9812317864107452,30.28,37.93,22.78,15.15,51.08625,1.79375,1
TNP_0005,2025-04-10,5.75603,6.605300000000001,0.8714259761100933,29.1525,34.61,24.43,10.18,60.22541666666667,3.004583333333333,1
TNP_0005,2025-04-11,5.45536,6.53886,0.8342983333486266,30.20875,37.76,24.12,13.639999999999995,63.29208333333333,2.0541666666666667,1
TNP_0005,2025-04-12,6.69434,6.86875,0.9746081892629664,29.691666666666663,36.87,24.51,12.359999999999996,64.0575,2.1045833333333333,1
TNP_0005,2025-04-13,5.19861,6.678649999999999,0.7783923397692648,30.79416666666667,38.56,24.26,14.3,57.50458333333333,2.0570833333333334,1
TNP_0005,2025-04-14,6.27353,6.71899,0.933701344993816,29.670416666666668,37.02,23.48,13.540000000000004,61.9875,1.8495833333333331,1
TNP_0005,2025-04-15,6.343310000000001,6.72937,0.9426305880045236,29.1875,36.96,23.1,13.86,62.37958333333333,1.9725,1
TNP_0005,2025-04-16,5.550980000000001,6.44235,0.8616389981916538,30.232083333333332,37.58,23.49,14.09,60.38916666666666,1.5770833333333334,1
TNP_0005,2025-04-17,5.9966800000000005,6.52171,0.9194950404111806,30.507916666666663,37.05,24.32,12.729999999999997,60.68291666666667,1.67375,1
TNP_0005,2025-04-18,5.42454,6.37033,0.851532024243642,30.57541666666667,36.47,25.06,11.41,63.59291666666667,1.9170833333333333,1
TNP_0005,2025-04-19,5.85558,6.7076400000000005,0.8729717158344812,30.97666666666667,37.74,24.94,12.8,58.27125,1.737083333333333,1
TNP_0005,2025-04-20,6.29947,6.66221,0.9455526019143798,30.551666666666662,37.27,24.78,12.490000000000002,59.90291666666667,1.9354166666666663,1
TNP_0005,2025-04-21,6.39138,6.99294,0.9139760958909986,29.625,35.85,24.03,11.82,58.46,1.9795833333333333,1
TNP_0005,2025-04-22,6.489,7.11037,0.9126107361501582,30.72666666666667,38.88,23.76,15.12,51.07041666666667,2.5933333333333333,1
TNP_0005,2025-04-23,7.00779,7.336399999999999,0.955208276538902,30.266666666666666,37.46,23.81,13.650000000000002,52.571666666666665,1.9320833333333327,1
TNP_0005,2025-04-24,6.917190000000001,7.28293,0.9497812006980708,31.435,37.76,24.67,13.089999999999996,55.71291666666667,2.303333333333333,1
TNP_0005,2025-04-25,6.83366,7.14208,0.956816501635378,31.010416666666668,36.95,25.92,11.03,58.150416666666665,2.294583333333333,1
TNP_0005,2025-04-26,6.20857,7.33615,0.8462981264014503,29.78,35.41,24.96,10.449999999999996,64.00833333333334,2.6179166666666664,1
TNP_0005,2025-04-27,6.30425,7.32119,0.8610963518225863,29.60166666666667,35.1,24.97,10.130000000000004,65.96416666666667,2.765,1
TNP_0005,2025-04-28,6.286899999999999,7.26378,0.8655135480424792,29.71333333333333,34.72,25.23,9.489999999999998,61.94375,2.6095833333333336,1
TNP_0005,2025-04-29,6.48941,7.320489999999999,0.8864720804208461,31.5425,38.55,25.09,13.459999999999996,55.185,2.8541666666666665,1
TNP_0005,2025-04-30,6.25145,7.08125,0.8828172992056488,31.11125,37.23,25.37,11.859999999999996,57.845,2.7925,1
TNP_0005,2025-05-01,5.09965,6.70962,0.760050494662887,31.539583333333336,37.98,25.62,12.359999999999996,55.23166666666666,2.08375,1
TNP_0005,2025-05-02,5.17338,6.65054,0.777888712796254,30.258333333333336,34.39,26.6,7.789999999999999,63.40833333333333,1.2508333333333332,1
TNP_0005,2025-05-03,6.62919,6.97327,0.9506572956446544,30.839583333333334,36.49,26.17,10.32,58.8775,1.2695833333333333,1
TNP_0005,2025-05-04,6.55919,6.968,0.9413303673938004,30.516666666666666,36.09,24.91,11.180000000000003,56.54291666666666,1.8904166666666664,1
TNP_0005,2025-05-05,5.29419,6.7967,0.7789353656921741,28.214166666666667,31.84,24.83,7.010000000000002,74.12291666666667,1.8845833333333333,1
TNP_0005,2025-05-06,5.953309999999999,6.74965,0.8820175860970568,29.655416666666667,35.41,25.37,10.039999999999996,63.78125,1.7195833333333337,1
TNP_0005,2025-05-07,5.662,6.458069999999999,0.876732522255101,27.751666666666665,31.79,24.71,7.079999999999998,74.52333333333333,2.0741666666666667,1
TNP_0005,2025-05-08,6.01801,6.679180000000001,0.90101030366003,28.075,33.32,23.98,9.34,69.83833333333334,1.4545833333333331,1
TNP_0005,2025-05-09,6.90124,7.088940000000001,0.973522134479908,30.82708333333333,38.19,23.63,14.56,57.1625,2.303333333333333,1
TNP_0005,2025-05-10,6.21124,6.76691,0.917884233719674,30.88625,37.69,24.89,12.799999999999995,57.88208333333333,2.023333333333333,1
TNP_0005,2025-05-11,6.64444,6.8588000000000005,0.968746719542777,30.8875,36.6,25.64,10.96,58.21208333333334,1.9166666666666667,1
TNP_0005,2025-05-12,6.34189,6.62633,0.9570742779185462,30.04875,35.59,25.41,10.180000000000003,62.78208333333333,2.6129166666666666,1
TNP_0005,2025-05-13,5.9527600000000005,6.61293,0.900169818824636,28.66208333333333,32.99,25.16,7.830000000000002,72.15708333333333,1.7575,1
TNP_0005,2025-05-14,5.97849,6.4839,0.9220515430527922,28.94125,33.91,25.09,8.819999999999997,70.53541666666666,2.24125,1
TNP_0005,2025-05-15,6.0161,6.60673,0.9106017651697588,28.377916666666668,32.7,24.75,7.950000000000003,75.38166666666667,2.127083333333333,1
TNP_0005,2025-05-16,5.31064,6.21548,0.8544215410555581,29.437916666666663,35.85,23.61,12.240000000000002,65.52583333333332,1.99875,1
TNP_0005,2025-05-17,3.46315,5.932690000000001,0.5837402594775725,29.225416666666664,36.2,23.61,12.590000000000003,66.72791666666667,2.183333333333333,1
TNP_0005,2025-05-18,5.23088,6.230090000000001,0.8396154790701257,25.219166666666663,27.5,22.78,4.719999999999999,86.12583333333333,3.3216666666666668,1
TNP_0005,2025-05-19,4.38225,6.61958,0.6620132999374583,28.58083333333333,34.33,22.8,11.529999999999998,71.84958333333334,1.93,1
TNP_0005,2025-05-20,4.61735,6.414350000000001,0.7198469057659778,26.787916666666664,30.76,23.19,7.57,80.17291666666667,3.4770833333333333,1
TNP_0005,2025-05-21,5.292949999999999,6.32118,0.8373357506035265,27.28875,33.31,23.17,10.14,73.50166666666667,3.8841666666666663,1
TNP_0005,2025-05-22,5.59274,6.6557,0.8402932824496298,28.20458333333333,33.94,23.32,10.619999999999996,69.82916666666667,3.185416666666667,1
TNP_0005,2025-05-23,6.0045,7.04093,0.8527992750957615,28.990416666666665,34.71,24.22,10.490000000000002,72.72166666666666,3.924166666666667,1
TNP_0005,2025-05-24,4.07584,7.108890000000001,0.573344080440125,27.902083333333334,32.63,24.08,8.550000000000004,74.11291666666666,5.140416666666667,1
TNP_0005,2025-05-25,3.78142,6.592689999999999,0.5735777050035722,26.67083333333333,30.64,23.27,7.370000000000001,81.05791666666667,4.92125,1
TNP_0005,2025-05-26,3.7792,6.79237,0.5563890070770585,27.508750000000003,32.42,23.3,9.12,72.64541666666666,5.93,1
TNP_0005,2025-05-27,4.300739999999999,6.73087,0.6389575196074206,28.52333333333333,32.91,23.98,8.929999999999996,72.27041666666666,6.05625,1
TNP_0005,2025-05-28,4.723730000000001,6.62703,0.7127974371626506,28.825416666666666,33.9,24.68,9.22,68.97791666666667,6.454166666666667,1
TNP_0005,2025-05-29,3.99643,6.51608,0.6133181299186014,28.151666666666667,34.24,23.77,10.470000000000002,66.26625,6.224166666666666,1
TNP_0005,2025-05-30,3.3422400000000003,5.741029999999999,0.58216731144063,26.56958333333333,30.49,23.17,7.319999999999997,71.79541666666667,5.075,1
TNP_0005,2025-05-31,4.74861,6.4567,0.7354546440131957,28.417916666666667,35.53,22.54,12.990000000000002,64.32041666666667,4.246666666666667,1
TNP_0005,2025-06-01,6.71002,6.85779,0.9784522419030038,28.87,36.32,22.35,13.97,64.21166666666666,3.70875,1
TNP_0005,2025-06-02,6.64586,7.038930000000001,0.9441577057876692,29.295416666666668,36.63,22.38,14.250000000000004,66.765,3.8645833333333335,1
TNP_0005,2025-06-03,6.1102,6.97394,0.8761474862129586,28.57333333333333,36.25,22.9,13.35,63.798750000000005,3.960833333333333,1
TNP_0005,2025-06-04,6.67171,7.0061,0.9522715918984884,28.969166666666663,36.39,22.46,13.93,61.00458333333333,3.6475,1
TNP_0005,2025-06-05,6.890149999999999,6.955970000000001,0.9905376245153442,30.112916666666667,37.3,22.29,15.009999999999998,58.02166666666667,2.105,1
TNP_0005,2025-06-06,6.06789,6.774,0.8957617360496014,30.51125,37.25,23.14,14.11,58.974583333333335,2.22875,1
TNP_0005,2025-06-07,6.31371,6.59909,0.9567546434432628,29.7325,34.3,25.26,9.039999999999996,65.71166666666666,2.481666666666667,1
TNP_0005,2025-06-08,6.599609999999999,6.81742,0.9680509635609952,29.48875,34.13,25.12,9.010000000000002,68.80624999999999,2.432916666666667,1
TNP_0005,2025-06-09,5.64917,6.58141,0.8583525414766744,28.266666666666666,33.34,24.28,9.060000000000002,74.45833333333333,3.202916666666667,1
TNP_0005,2025-06-10,6.05951,6.41385,0.9447539309463115,28.6875,34.44,24.16,10.279999999999998,72.39125,3.4925,1
TNP_0005,2025-06-11,3.83141,5.546600000000001,0.6907673169148667,27.84958333333333,32.66,24.2,8.459999999999997,77.44125,3.130416666666666,1
TNP_0005,2025-06-12,5.22126,6.34177,0.8233127344574148,27.237916666666667,31.93,23.77,8.16,76.73541666666667,3.6033333333333335,1
TNP_0005,2025-06-13,5.35606,6.82185,0.7851330650776549,27.77,33.62,23.52,10.099999999999998,72.10458333333334,5.312916666666666,1
TNP_0005,2025-06-14,4.23179,6.70505,0.6311347417245211,27.265,31.88,23.27,8.61,76.52833333333334,4.6775,1
TNP_0005,2025-06-15,4.82466,6.92094,0.69711050811017,26.40333333333333,30.47,23.29,7.18,71.20625,6.560833333333334,1
TNP_0005,2025-06-16,4.6435,6.69059,0.6940344573498003,27.027083333333334,33.18,22.42,10.759999999999998,67.47083333333333,5.535833333333334,1
TNP_0005,2025-06-17,4.77699,6.53165,0.7313603760152487,27.7125,33.06,22.53,10.53,70.69,4.16375,1
TNP_0005,2025-06-18,5.9145900000000005,6.831899999999999,0.8657313485267644,28.31583333333333,34.9,22.94,11.959999999999996,71.17625,3.7091666666666665,1
TNP_0005,2025-06-19,5.70975,6.818779999999999,0.8373565359199153,28.03916666666667,33.62,23.65,9.97,72.56791666666666,4.381666666666667,1
TNP_0005,2025-06-20,6.52201,6.9148000000000005,0.9431957540348238,28.664166666666663,35.55,23.3,12.249999999999996,69.57458333333334,3.9275,1
TNP_0005,2025-06-21,5.17496,6.79112,0.7620186361012616,28.464166666666667,34.32,23.26,11.06,69.57208333333334,3.755416666666666,1
TNP_0005,2025-06-22,5.931220000000001,6.71839,0.8828335360108598,28.455,35.44,23.32,12.119999999999996,69.9675,4.360416666666667,1
TNP_0005,2025-06-23,4.1775,6.89925,0.6055005978910751,27.879583333333333,34.49,22.76,11.73,63.111250000000005,5.562916666666666,1
TNP_0005,2025-06-24,5.64377,6.67083,0.8460371497999499,28.15416666666667,34.02,22.77,11.250000000000004,61.47166666666666,5.319166666666667,1
TNP_0005,2025-06-25,4.05714,6.57735,0.616835047549545,27.266666666666666,32.43,23.22,9.21,71.33749999999999,3.84375,1
TNP_0005,2025-06-26,4.28134,6.34008,0.6752816999154586,28.4225,34.44,23.35,11.089999999999996,66.23958333333333,4.2250000000000005,1
TNP_0005,2025-06-27,5.10924,6.66065,0.76707828815506,28.304583333333337,34.75,23.9,10.85,64.11791666666666,3.8733333333333335,1
TNP_0005,2025-06-28,5.76462,6.542520000000001,0.8811008602189981,28.69458333333333,34.9,24.02,10.88,67.53541666666666,4.425,1
TNP_0005,2025-06-29,5.45527,6.43853,0.8472850169215643,28.593333333333334,34.44,23.12,11.319999999999997,65.165,4.684166666666667,1
TNP_0005,2025-06-30,4.57681,6.58289,0.6952584655067912,28.21,34.18,23.06,11.12,67.11833333333333,4.049166666666667,1
TNP_0005,2025-07-01,4.5474,6.6077,0.6881971033793907,28.1125,34.12,23.34,10.779999999999998,68.88166666666667,3.27,1
TNP_0005,2025-07-02,4.61618,6.82197,0.6766637789377555,28.07708333333333,35.32,22.44,12.88,63.23291666666666,4.78125,1
TNP_0005,2025-07-03,3.39692,6.89331,0.4927850336050461,27.42125,33.62,22.42,11.199999999999996,64.81208333333333,4.595,1
TNP_0005,2025-07-04,5.199260000000001,6.73507,0.771968220077891,27.36583333333333,33.88,22.05,11.830000000000002,67.87416666666667,4.36125,1
TNP_0005,2025-07-05,5.235,6.76496,0.7738404957309429,28.84625,35.99,22.01,13.98,63.017500000000005,5.039166666666667,1
TNP_0005,2025-07-06,5.13091,6.7187600000000005,0.7636691889574861,29.027916666666663,35.55,23.93,11.619999999999996,63.836666666666666,5.484999999999999,1
TNP_0005,2025-07-07,4.5378,6.34924,0.7146997120915259,28.93041666666667,35.12,23.71,11.409999999999997,64.46875,5.0425,1
TNP_0005,2025-07-08,5.2193000000000005,6.29496,0.8291236163534003,29.66875,37.17,23.63,13.540000000000004,60.9675,4.694583333333333,1
TNP_0005,2025-07-09,5.86385,6.46781,0.9066206335683948,29.839583333333334,37.23,23.58,13.65,60.17208333333334,4.21875,1
TNP_0005,2025-07-10,5.62293,6.61846,0.849582833468813,29.826666666666668,36.39,23.84,12.55,61.85041666666667,3.654166666666667,1
TNP_0005,2025-07-11,5.926810000000001,6.71782,0.8822519805532153,29.770416666666662,35.93,24.52,11.41,63.21416666666667,4.025,1
TNP_0005,2025-07-12,5.65062,6.7416,0.8381719473122108,29.11625,35.04,24.49,10.55,62.70208333333333,4.118333333333333,1
TNP_0005,2025-07-13,5.48763,6.520359999999999,0.8416145734284611,27.776666666666667,33.14,22.97,10.170000000000002,70.49083333333333,3.76,1
TNP_0005,2025-07-14,5.37733,6.65524,0.807984385236295,28.462083333333336,34.95,22.89,12.060000000000002,59.998333333333335,5.29125,1
TNP_0005,2025-07-15,5.56167,6.86559,0.8100789589824036,28.895416666666662,35.01,23.63,11.38,62.687916666666666,3.784583333333333,1
TNP_0005,2025-07-16,5.396319999999999,6.72583,0.8023277424496307,28.780416666666667,35.79,24.0,11.79,66.3225,4.4054166666666665,1
TNP_0005,2025-07-17,5.59136,6.85339,0.8158531763112853,28.296666666666667,34.36,23.88,10.48,68.3325,3.439166666666667,1
TNP_0005,2025-07-18,4.71465,6.747439999999999,0.6987316671211601,28.6275,35.03,24.16,10.87,66.24708333333334,2.3925,1
TNP_0005,2025-07-19,4.13835,6.47342,0.639283408152105,26.460833333333337,31.65,22.47,9.18,73.52541666666666,4.402916666666667,1
TNP_0005,2025-07-20,3.8512,6.76534,0.5692544646684423,26.53125,32.77,21.77,11.000000000000004,67.08291666666666,4.712083333333333,1
TNP_0005,2025-07-21,4.07359,6.777010000000001,0.6010895660475637,26.99625,32.71,21.76,10.95,65.56583333333333,4.107916666666667,1
TNP_0005,2025-07-22,4.61386,6.60447,0.6985965565745623,28.64208333333333,36.35,22.15,14.200000000000005,60.977916666666665,4.933333333333334,1
TNP_0005,2025-07-23,4.4511400000000005,6.8228800000000005,0.6523843303707526,28.49458333333333,34.2,23.29,10.910000000000004,61.939166666666665,5.579583333333333,1
TNP_0005,2025-07-24,4.07066,6.408180000000001,0.6352287232880475,28.51125,34.17,23.25,10.920000000000002,58.99125,6.02,1
TNP_0005,2025-07-25,3.3127,6.1573400000000005,0.5380082957900651,28.2075,34.5,23.54,10.96,59.225,6.861666666666667,1
TNP_0005,2025-07-26,3.79461,6.305140000000001,0.6018280323672431,27.949166666666667,34.14,23.39,10.75,61.97958333333333,5.701250000000001,1
TNP_0005,2025-07-27,4.662929999999999,6.62167,0.7041924469204898,28.39875,34.8,22.73,12.069999999999997,59.54416666666666,5.426666666666667,1
TNP_0005,2025-07-28,5.15709,6.73716,0.7654694262864471,29.45958333333333,37.42,22.57,14.85,55.44875,5.2195833333333335,1
TNP_0005,2025-07-29,5.68262,6.9971,0.812139314859013,29.7225,37.48,22.97,14.509999999999998,53.90416666666667,5.855,1
TNP_0005,2025-07-30,5.7572,6.67545,0.8624437303852175,30.61083333333333,38.12,23.28,14.839999999999996,53.68,5.4816666666666665,1
TNP_0005,2025-07-31,5.39397,6.37377,0.8462762227064985,30.35833333333333,37.19,24.77,12.419999999999998,59.40291666666667,3.45125,1
TNP_0005,2025-08-01,5.45803,6.29404,0.8671743427115176,29.90333333333333,36.41,24.44,11.969999999999995,61.51125,2.65875,1
TNP_0005,2025-08-02,5.2769200000000005,6.448720000000001,0.8182895210212259,28.707083333333333,34.33,25.01,9.319999999999997,67.15791666666667,2.449583333333333,1
TNP_0005,2025-08-03,3.89123,6.24073,0.6235216072478701,27.246666666666663,31.0,23.74,7.260000000000002,76.2525,2.2883333333333336,1
TNP_0005,2025-08-04,4.51446,6.7053400000000005,0.6732633990222717,27.53125,31.55,23.76,7.789999999999999,74.61916666666667,1.5045833333333334,1
TNP_0005,2025-08-05,4.82585,6.90124,0.6992728842932575,27.15625,32.6,23.4,9.200000000000005,78.26416666666667,2.79125,1
TNP_0005,2025-08-06,6.4381900000000005,6.97897,0.922512920961116,27.80625,33.7,23.26,10.44,71.60666666666667,3.4683333333333333,1
TNP_0005,2025-08-07,5.52446,7.02126,0.7868188900567705,27.72875,32.36,23.13,9.23,72.46375,3.6,1
TNP_0005,2025-08-08,4.159269999999999,6.55051,0.6349536142987339,27.29958333333333,31.85,23.73,8.120000000000001,75.31666666666666,2.083333333333333,1
TNP_0005,2025-08-09,4.33466,6.8011,0.6373468997662142,26.5325,30.5,23.71,6.789999999999999,77.50541666666668,2.293333333333333,1
TNP_0005,2025-08-10,3.29922,6.3434800000000005,0.5200962247851336,26.24791666666667,30.05,22.49,7.560000000000002,79.02666666666667,2.1275,1
TNP_0005,2025-08-11,3.76563,6.66043,0.5653734068220821,27.4375,33.85,22.32,11.53,64.39,3.404166666666667,1
TNP_0005,2025-08-12,3.59553,6.91724,0.5197925762298258,27.460833333333337,33.8,22.62,11.179999999999996,65.63583333333334,3.36875,1
TNP_0005,2025-08-13,3.76578,6.87048,0.5481101757082475,26.627916666666668,32.26,22.22,10.04,66.63083333333334,3.9758333333333336,1
TNP_0005,2025-08-14,4.59429,6.66929,0.6888724286993068,26.95041666666667,33.31,22.12,11.19,66.04458333333334,4.544583333333333,1
TNP_0005,2025-08-15,4.24658,6.83767,0.6210565879897684,27.79833333333333,34.68,22.15,12.53,64.93916666666667,5.212083333333333,1
TNP_0005,2025-08-16,4.30944,6.49254,0.6637525529299781,27.1825,32.8,22.83,9.97,69.50666666666667,4.32,1
TNP_0005,2025-08-17,3.70888,6.6117,0.5609570912170849,26.773750000000003,32.29,22.78,9.509999999999998,73.4075,4.341666666666667,1
TNP_0005,2025-08-18,3.46165,6.42629,0.5386700569068623,27.059583333333336,33.09,22.67,10.420000000000002,65.46583333333334,5.235416666666667,1
TNP_0005,2025-08-19,6.5646,7.02717,0.9341740700737282,27.97791666666667,35.0,22.28,12.72,60.94291666666667,5.272083333333334,1
TNP_0005,2025-08-20,6.82599,7.16899,0.9521550455503496,28.855416666666667,36.82,22.17,14.65,58.75833333333333,3.522083333333333,1
TNP_0005,2025-08-21,6.75143,7.127940000000001,0.9471782871348524,30.374166666666667,36.39,22.75,13.64,57.95875,1.5258333333333332,1
TNP_0005,2025-08-22,3.64292,6.755559999999999,0.5392476715475846,27.925416666666667,31.77,24.24,7.530000000000001,69.60916666666667,2.00125,1
TNP_0005,2025-08-23,4.05037,6.83048,0.5929846804324147,28.1575,32.67,24.04,8.630000000000003,67.03666666666668,2.16375,1
TNP_0005,2025-08-24,7.018020000000001,7.22963,0.9707301756798068,30.017916666666665,36.78,23.76,13.02,58.65875,1.9966666666666668,1
TNP_0005,2025-08-25,6.91745,7.35097,0.9410254701080264,29.317916666666665,34.69,24.05,10.639999999999995,57.44833333333333,2.3195833333333336,1
TNP_0005,2025-08-26,5.89349,7.05196,0.8357236853300358,30.38,37.52,24.37,13.150000000000002,55.72,3.355833333333333,1
TNP_0005,2025-08-27,4.41733,6.89348,0.6407982615456924,28.876666666666665,35.31,24.22,11.090000000000003,62.72958333333333,4.119583333333334,1
TNP_0005,2025-08-28,4.44311,6.944439999999999,0.6398082494772798,28.155416666666667,33.96,22.93,11.03,63.7475,4.67375,1
TNP_0005,2025-08-29,6.13047,6.96239,0.8805122953468565,28.15083333333333,34.86,22.72,12.14,61.278333333333336,4.199166666666667,1
TNP_0005,2025-08-30,6.0033,6.915970000000001,0.8680344188884567,29.76458333333333,37.04,23.36,13.68,61.26166666666666,3.3995833333333336,1
TNP_0005,2025-08-31,4.35087,6.58122,0.6611038682797413,28.651666666666667,34.98,23.94,11.039999999999996,68.90625,2.7825,1
TNP_0005,2025-09-01,4.38771,6.7279800000000005,0.6521585973798971,28.00791666666667,33.82,23.54,10.28,68.48208333333334,3.668333333333333,1
TNP_0005,2025-09-02,5.62579,6.6248000000000005,0.8492014853278589,29.39375,36.93,23.28,13.65,59.76375,4.216666666666667,1
TNP_0005,2025-09-03,3.861450000000001,6.44796,0.5988638266986769,28.875,35.63,23.71,11.920000000000002,63.83625,3.890416666666667,1
TNP_0005,2025-09-04,5.366560000000001,6.76954,0.7927510584175588,29.465,35.35,24.29,11.060000000000002,60.64208333333334,3.6208333333333336,1
TNP_0005,2025-09-05,5.96119,6.927020000000001,0.8605706349916703,29.76375,35.97,23.94,12.029999999999998,60.34708333333333,2.5770833333333334,1
TNP_0005,2025-09-06,5.83117,6.86639,0.8492337312619878,30.26125,37.74,24.42,13.32,62.06458333333333,2.242083333333333,1
TNP_0005,2025-09-07,5.1949,6.714300000000001,0.7737068644534798,27.91916666666667,32.65,24.43,8.219999999999999,71.06041666666667,1.91125,1
TNP_0005,2025-09-08,5.69853,6.877560000000001,0.8285685621063283,29.544166666666666,36.53,24.19,12.34,64.58791666666667,1.445,1
TNP_0005,2025-09-09,5.33123,6.690510000000001,0.7968346209780718,28.705,33.89,24.66,9.23,72.60208333333334,1.9741666666666668,1
TNP_0005,2025-09-10,5.043159999999999,6.55708,0.7691167409883667,27.2225,31.63,23.5,8.129999999999999,79.175,1.9533333333333331,1
TNP_0005,2025-09-11,5.94374,6.75512,0.8798866637454257,27.61458333333333,31.99,23.37,8.619999999999997,73.285,1.0245833333333334,1
TNP_0005,2025-09-12,5.97733,6.64454,0.8995852233563196,27.07375,31.38,23.8,7.579999999999998,75.04625,1.43375,1
TNP_0005,2025-09-13,4.23098,6.22076,0.6801387611803059,27.74291666666667,31.95,23.53,8.419999999999998,70.82125,2.0158333333333336,1
TNP_0005,2025-09-14,6.27291,6.55682,0.9567000466689644,28.7475,35.27,23.28,11.990000000000002,62.85833333333333,2.62,1
TNP_0005,2025-09-15,6.00288,6.66112,0.9011817832436588,28.187083333333334,34.78,23.26,11.52,69.01875,1.9158333333333333,1
TNP_0005,2025-09-16,4.81827,6.65792,0.7236899812554071,27.846666666666668,33.04,24.1,8.939999999999998,74.86708333333333,2.349166666666666,1
TNP_0005,2025-09-17,4.4061900000000005,6.58896,0.6687231368835143,26.785416666666663,30.28,23.67,6.609999999999999,80.89375,2.811666666666667,1
TNP_0005,2025-09-18,5.3612,6.66032,0.8049463088860596,26.459166666666665,31.21,23.24,7.970000000000002,83.32458333333334,2.17375,1
TNP_0005,2025-09-19,3.29431,6.770269999999999,0.4865847300033825,25.955,30.51,22.7,7.810000000000002,79.56041666666667,2.642916666666667,1
TNP_0005,2025-09-20,4.19828,6.615279999999999,0.6346337569989479,27.04583333333333,32.66,22.44,10.219999999999995,70.37666666666667,2.399583333333333,1
TNP_0005,2025-09-21,5.85448,6.69774,0.8740978300143033,26.93541666666667,31.5,22.83,8.670000000000002,76.97333333333333,2.239583333333333,1
TNP_0005,2025-09-22,5.27966,6.68542,0.7897274965521986,26.964583333333334,31.47,23.3,8.169999999999998,76.50541666666668,2.441666666666667,1
TNP_0005,2025-09-23,4.94766,6.8130500000000005,0.7262033890841839,27.760416666666668,33.73,23.04,10.689999999999998,71.38708333333334,3.0741666666666667,1
TNP_0005,2025-09-24,5.4064700000000006,6.81322,0.7935264089520081,28.01375,35.37,22.57,12.799999999999995,68.675,3.3354166666666667,1
TNP_0005,2025-09-25,5.38946,6.78109,0.7947778307027336,27.295416666666668,34.29,22.38,11.91,74.29,2.9795833333333337,1
TNP_0005,2025-09-26,5.84061,6.76126,0.8638345515480842,27.6375,34.63,22.34,12.290000000000004,68.75500000000001,3.837916666666666,1
TNP_0005,2025-09-27,5.5862300000000005,6.79858,0.8216759970464421,27.359166666666667,34.05,22.28,11.769999999999996,69.12208333333334,4.463333333333334,1
TNP_0005,2025-09-28,5.52104,6.6567,0.8293959469406763,27.52541666666667,34.54,22.06,12.48,70.3575,4.560833333333333,1
TNP_0005,2025-09-29,5.74593,6.6049,0.8699495828854337,28.237916666666667,35.49,22.34,13.150000000000002,65.69625,4.0408333333333335,1
TNP_0005,2025-09-30,5.24741,6.70829,0.7822276615948326,28.42625,35.18,22.03,13.15,66.6025,2.8512500000000003,1
TNP_0005,2025-10-01,5.77112,6.80889,0.8475860235662495,29.188333333333333,36.18,22.77,13.41,63.20708333333334,2.6195833333333334,1
TNP_0005,2025-10-02,5.73678,6.77779,0.8464086376237682,28.95625,35.5,23.7,11.8,65.85875,2.2575,1
TNP_0005,2025-10-03,5.21148,6.66303,0.7821486620951729,27.01125,30.78,23.65,7.130000000000003,74.77541666666666,0.99875,1
TNP_0005,2025-10-04,3.95528,6.79943,0.5817075843122144,27.515,31.63,23.33,8.3,71.30791666666667,1.7329166666666669,1
TNP_0005,2025-10-05,6.05921,6.6762,0.9075836553728168,27.63458333333333,31.72,23.39,8.329999999999998,72.74625,1.7816666666666665,1
TNP_0005,2025-10-06,6.22423,6.58104,0.9457821256214825,25.868333333333336,29.05,22.84,6.210000000000001,79.15833333333333,1.6391666666666669,1
TNP_0005,2025-10-07,4.95646,6.21888,0.7970020325203251,26.989166666666662,31.87,22.79,9.080000000000002,74.95208333333333,1.2516666666666667,1
TNP_0005,2025-10-08,3.70253,5.89245,0.6283515345908748,27.855416666666667,33.95,22.77,11.180000000000003,70.16875,2.0708333333333333,1
TNP_0005,2025-10-09,4.98137,6.33127,0.7867884326525326,27.547083333333333,33.92,22.62,11.3,73.69166666666666,1.96,1
TNP_0005,2025-10-10,5.59855,6.36709,0.8792949369335128,27.464166666666667,33.0,22.99,10.010000000000002,75.86125,2.025416666666666,1
TNP_0005,2025-10-11,5.18152,6.45773,0.8023748283065412,26.5625,30.46,23.56,6.900000000000002,81.41875,1.9045833333333333,1
TNP_0005,2025-10-12,5.858639999999999,6.1511,0.9524540326120532,26.72375,32.03,23.23,8.8,81.27833333333334,2.1891666666666665,1
TNP_0005,2025-10-13,5.02008,6.0731,0.8266091452470732,26.929583333333337,32.81,22.58,10.230000000000004,78.87083333333334,2.5145833333333334,1
TNP_0005,2025-10-14,4.711810000000001,6.68086,0.7052699802121285,26.641666666666666,33.03,22.16,10.87,78.81041666666667,3.1225,1
TNP_0005,2025-10-15,3.2301100000000003,6.60493,0.4890453040380443,26.37375,31.73,22.09,9.64,80.86083333333333,2.92125,1
TNP_0005,2025-10-16,3.13006,6.54563,0.4781907929412447,25.874166666666667,30.46,22.69,7.77,84.73541666666667,3.31,1
TNP_0005,2025-10-17,3.89965,6.50987,0.5990365399001822,25.639166666666668,29.93,22.7,7.23,85.25916666666667,3.692916666666666,1
TNP_0005,2025-10-18,3.79992,6.65924,0.5706236747736979,25.417916666666667,30.22,22.21,8.009999999999998,84.22416666666666,3.0875,1
TNP_0005,2025-10-19,4.53677,6.43911,0.7045647612791209,25.582083333333333,30.39,22.05,8.34,82.82166666666667,3.0508333333333333,1
TNP_0005,2025-10-20,3.14361,6.56624,0.4787534418479983,24.947916666666668,28.23,22.49,5.740000000000002,86.68124999999999,2.5091666666666668,1
TNP_0005,2025-10-21,1.07605,6.45697,0.166649372693384,24.857916666666668,28.61,22.0,6.609999999999999,86.34666666666668,2.9441666666666664,1
TNP_0005,2025-10-22,2.9384200000000003,6.41369,0.4581481175423196,24.540000000000003,27.65,21.92,5.729999999999997,91.32833333333332,2.668333333333333,1
TNP_0005,2025-10-23,4.87636,6.265560000000001,0.7782799941266223,26.15083333333333,29.86,23.04,6.82,82.0575,1.6829166666666666,1
TNP_0005,2025-10-24,3.72184,6.14168,0.605997056180068,25.19875,28.26,21.93,6.330000000000002,84.60000000000001,1.7029166666666666,1
TNP_0005,2025-10-25,5.165970000000001,6.23843,0.8280881567958606,26.530416666666667,30.41,21.51,8.899999999999999,76.18208333333332,1.2704166666666667,1
TNP_0005,2025-10-26,3.94419,6.177449999999999,0.6384818978704806,26.421666666666667,29.98,23.24,6.740000000000002,78.9575,0.9075,1
TNP_0005,2025-10-27,2.27333,6.15104,0.3695846556029549,25.42125,29.13,22.61,6.52,83.66083333333334,2.45,1
TNP_0005,2025-10-28,2.53234,6.34003,0.39942082292986,25.74791666666667,30.83,22.15,8.68,79.32583333333334,3.450833333333333,1
TNP_0005,2025-10-29,5.714980000000001,6.22562,0.917977647206222,26.032083333333333,31.5,21.53,9.97,79.29208333333334,2.9658333333333338,1
TNP_0005,2025-10-30,5.96798,6.3619,0.9380813907794842,26.815,32.9,21.38,11.52,77.01708333333333,2.177916666666667,1
TNP_0005,2025-10-31,6.33054,6.43497,0.9837714861141544,27.250416666666663,33.62,21.18,12.439999999999998,72.53958333333334,1.72,1
TNP_0005,2025-11-01,6.15112,6.2908,0.97779614675399,26.61208333333333,31.95,21.26,10.689999999999998,71.61958333333332,1.5479166666666666,1
TNP_0005,2025-11-02,5.71449,6.04302,0.9456347984947924,27.7525,33.89,20.95,12.94,70.93166666666667,1.4429166666666668,1
TNP_0005,2025-11-03,5.1386,5.78232,0.8886744420924475,28.07166666666667,33.36,22.71,10.65,68.54375,1.4129166666666666,1
TNP_0005,2025-11-04,4.38876,5.6752,0.7733225260783761,27.55708333333333,33.88,22.27,11.610000000000005,66.16833333333334,1.53625,1
TNP_0005,2025-11-05,4.20484,5.6564700000000006,0.7433682137446145,26.76,32.31,22.27,10.040000000000004,75.60083333333334,1.4220833333333334,1
TNP_0005,2025-11-06,2.44991,5.51148,0.444510367451211,25.40083333333333,29.82,22.44,7.379999999999999,79.61999999999999,1.362083333333333,1
TNP_0005,2025-11-07,3.39966,5.7612,0.5900958133722142,25.815416666666668,31.09,21.95,9.14,77.06958333333334,1.4025,1
TNP_0005,2025-11-08,4.5343800000000005,5.62566,0.8060174272885315,25.135416666666668,30.83,18.86,11.97,75.78916666666667,2.119166666666666,1
TNP_0005,2025-11-09,5.09434,5.17587,0.9842480587804564,24.381666666666664,31.32,18.35,12.97,68.31416666666667,2.3783333333333334,1
TNP_0005,2025-11-10,4.6569,5.37806,0.865907037110036,25.394166666666667,31.55,19.79,11.760000000000002,73.18875,1.7804166666666663,1
TNP_0005,2025-11-11,4.699050000000001,5.64259,0.8327824633723167,25.81375,32.29,20.95,11.34,76.12083333333334,2.435416666666667,1
TNP_0005,2025-11-12,3.84231,5.49149,0.6996844208038255,25.87833333333333,32.83,20.96,11.869999999999996,75.75291666666666,3.165833333333333,1
TNP_0005,2025-11-13,4.55786,5.34712,0.8523953081284877,26.239166666666662,32.38,20.85,11.53,76.30166666666666,3.4491666666666667,1
TNP_0005,2025-11-14,3.66498,5.5181,0.6641742628803392,24.364166666666662,31.68,17.61,14.07,75.335,3.98625,1
TNP_0005,2025-11-15,4.74744,5.09968,0.9309289994666332,24.51625,31.59,17.15,14.44,69.75791666666667,3.2570833333333336,1
TNP_0005,2025-11-16,2.92568,5.059609999999999,0.5782421965329344,25.14,31.12,20.19,10.93,74.98083333333334,3.918333333333333,1
TNP_0005,2025-11-17,1.97465,5.774,0.3419899549705577,24.13458333333333,29.79,19.99,9.8,75.615,4.01375,1
TNP_0005,2025-11-18,2.3815,5.7003900000000005,0.4177784327037272,23.73875,28.76,19.83,8.930000000000003,83.9475,3.120416666666667,1
TNP_0005,2025-11-19,3.08225,5.884930000000001,0.5237530437915149,24.7325,31.99,18.83,13.16,77.62416666666667,3.6625,1
TNP_0005,2025-11-20,5.28174,5.69978,0.9266568183333392,25.584166666666665,32.82,18.75,14.07,69.55166666666666,3.29625,1
TNP_0005,2025-11-21,3.42163,5.8823,0.5816823351410163,25.84208333333333,32.2,21.26,10.94,79.52416666666666,3.1804166666666664,1
TNP_0005,2025-11-22,3.48315,5.80603,0.5999193941471195,24.657083333333333,28.51,21.85,6.66,86.06,3.4095833333333334,1
TNP_0005,2025-11-23,2.4824,5.75689,0.4312050430006479,24.11458333333333,27.19,21.95,5.240000000000002,90.12291666666664,3.356666666666667,1
TNP_0005,2025-11-24,1.98358,5.519640000000001,0.3593676399185453,23.566666666666663,27.68,20.5,7.18,87.84041666666667,3.374166666666667,1
TNP_0005,2025-11-25,4.2027,5.144550000000001,0.8169227629238708,23.75958333333333,30.1,19.3,10.8,79.23958333333333,3.794166666666667,1
TNP_0005,2025-11-26,4.27918,5.305359999999999,0.8065767450276703,23.71708333333333,29.75,19.11,10.64,76.78375,4.21,1
TNP_0005,2025-11-27,3.90996,5.46135,0.7159328737400092,23.164583333333336,28.88,18.65,10.23,76.40083333333334,4.022916666666666,1
TNP_0005,2025-11-28,2.86387,5.2284,0.5477526585571112,22.33875,27.35,18.72,8.630000000000003,75.21541666666667,4.045416666666667,1
TNP_0005,2025-11-29,1.29077,5.644769999999999,0.2286665355718656,22.57041666666667,26.23,18.72,7.510000000000002,86.38375,3.705833333333333,1
TNP_0005,2025-11-30,1.76796,5.84875,0.3022799743534943,23.06041666666667,27.43,20.01,7.419999999999998,86.08083333333333,3.7691666666666666,1
TNP_0005,2025-12-01,2.73589,5.56798,0.4913613195449696,25.781666666666663,31.14,19.92,11.22,74.71708333333333,1.9295833333333328,1
TNP_0005,2025-12-02,3.5064900000000003,5.246479999999999,0.6683509705554964,24.33875,28.37,21.39,6.98,80.87583333333333,1.8495833333333331,1
TNP_0005,2025-12-03,2.32596,5.48167,0.4243159475123457,24.633333333333336,29.08,21.29,7.789999999999999,85.5,2.1533333333333333,1
TNP_0005,2025-12-04,4.44708,5.64888,0.7872498619195308,25.590416666666663,32.0,21.46,10.54,75.86375,2.165,1
TNP_0005,2025-12-05,2.11886,4.85151,0.4367423750543645,24.714166666666667,29.8,21.32,8.48,80.54666666666667,4.515416666666667,1
TNP_0005,2025-12-06,3.3945100000000004,5.02055,0.6761231339195906,24.27416666666667,30.49,19.26,11.229999999999997,79.42041666666667,3.856666666666667,1
TNP_0005,2025-12-07,3.1199700000000004,5.00176,0.6237744314001472,23.86083333333333,30.89,18.4,12.490000000000002,77.17583333333333,3.3608333333333333,1
TNP_0005,2025-12-08,5.304180000000001,5.38092,0.9857384982493702,22.46666666666667,29.22,16.5,12.72,75.50666666666667,3.219583333333333,1
TNP_0005,2025-12-09,4.0963,5.18081,0.7906678685379314,23.820833333333336,30.35,16.19,14.16,77.85208333333334,3.7875,1
TNP_0005,2025-12-10,4.49561,5.278569999999999,0.8516719490316508,23.325833333333332,31.45,16.76,14.689999999999998,70.59291666666667,3.820833333333333,1
TNP_0005,2025-12-11,4.3544,5.03095,0.865522416243453,22.785,30.93,16.44,14.489999999999998,73.74249999999999,3.8129166666666663,1
TNP_0005,2025-12-12,5.05125,5.4378,0.9289142667990732,22.26875,30.6,15.24,15.36,73.4525,3.637916666666667,1
TNP_0005,2025-12-13,5.88666,5.91677,0.9949110747924966,21.26833333333333,30.73,14.16,16.57,68.53,3.1875,1
TNP_0005,2025-12-14,5.76487,5.806430000000001,0.9928424178023328,21.03333333333333,30.13,13.78,16.35,69.15833333333333,3.1925000000000003,1
TNP_0005,2025-12-15,5.60596,5.64613,0.9928853922952534,22.0925,30.66,14.04,16.62,69.12083333333334,3.3716666666666666,1
TNP_0005,2025-12-16,2.51494,5.40347,0.4654305474074992,24.447916666666668,30.95,17.64,13.31,80.66833333333334,4.4679166666666665,1
TNP_0005,2025-12-17,4.924360000000001,5.8687700000000005,0.8390787166646504,23.69375,31.85,16.65,15.200000000000005,77.23083333333334,4.426666666666667,1
TNP_0005,2025-12-18,5.34415,5.64769,0.94625413222043,21.85333333333333,29.91,16.14,13.77,73.83583333333333,3.574583333333333,1
TNP_0005,2025-12-19,4.82045,5.36299,0.8988362834911122,21.63583333333333,29.89,15.57,14.32,71.79541666666667,3.1,1
TNP_0005,2025-12-20,4.84488,5.08455,0.9528630852287812,21.20083333333333,29.44,15.36,14.080000000000002,70.72708333333334,2.9179166666666667,1
TNP_0005,2025-12-21,5.10211,5.12659,0.9952248960810206,21.62708333333333,30.37,15.17,15.2,72.29083333333334,3.029583333333333,1
TNP_0005,2025-12-22,4.8784600000000005,5.53396,0.8815495594474843,22.284166666666664,30.52,14.82,15.7,71.435,3.18375,1
TNP_0005,2025-12-23,5.50349,5.53808,0.9937541530638778,22.638333333333332,30.87,16.07,14.8,69.95208333333333,2.922916666666667,1
TNP_0005,2025-12-24,4.87215,5.1014,0.9550613557062766,22.470416666666665,30.93,15.77,15.16,67.9475,2.8654166666666665,1
TNP_0005,2025-12-25,5.3083,5.36605,0.9892378937952496,23.02333333333333,30.79,15.69,15.1,69.32375,2.8191666666666664,1
TNP_0005,2025-12-26,3.66516,5.5407,0.661497644701933,23.337083333333336,31.1,16.51,14.59,70.16708333333334,3.595,1
TNP_0005,2025-12-27,4.88359,5.54423,0.8808418842652632,22.88583333333333,31.07,16.19,14.88,68.55708333333332,3.0504166666666666,1
TNP_0005,2025-12-28,5.11833,5.35296,0.9561681761119082,23.51625,31.4,16.29,15.11,69.91166666666668,2.95,1
TNP_0005,2025-12-29,4.82883,5.1664200000000005,0.9346568803929992,24.032083333333333,32.13,17.67,14.46,69.92625,3.020833333333333,1
TNP_0005,2025-12-30,4.826560000000001,5.12952,0.9409379435112838,24.844583333333333,32.67,17.57,15.1,70.2625,1.8954166666666667,1
TNP_0005,2025-12-31,3.48854,5.1147,0.6820615089839092,26.299166666666665,33.07,20.2,12.87,73.39333333333333,1.7616666666666667,1
