timestamp,point_id,year,status,filepath,size_kb,note
2026-08-03 14:59:43,TNP_0001,2016,OK,C:\Users\jaswi\OneDrive\Desktop\ALL\SEM_7\project\jammalamadugu\new_obj\tamilnadu_pipeline\data\raw\nasapower\power_TNP_0001_2016.json,811.8,
2026-08-03 14:59:46,TNP_0001,2017,OK,C:\Users\jaswi\OneDrive\Desktop\ALL\SEM_7\project\jammalamadugu\new_obj\tamilnadu_pipeline\data\raw\nasapower\power_TNP_0001_2017.json,809.7,
2026-08-03 14:59:49,TNP_0001,2018,OK,C:\Users\jaswi\OneDrive\Desktop\ALL\SEM_7\project\jammalamadugu\new_obj\tamilnadu_pipeline\data\raw\nasapower\power_TNP_0001_2018.json,809.7,
2026-08-03 14:59:52,TNP_0001,2019,OK,C:\Users\jaswi\OneDrive\Desktop\ALL\SEM_7\project\jammalamadugu\new_obj\tamilnadu_pipeline\data\raw\nasapower\power_TNP_0001_2019.json,809.8,
2026-08-03 14:59:56,TNP_0001,2020,OK,C:\Users\jaswi\OneDrive\Desktop\ALL\SEM_7\project\jammalamadugu\new_obj\tamilnadu_pipeline\data\raw\nasapower\power_TNP_0001_2020.json,811.9,
2026-08-03 14:59:58,TNP_0001,2021,OK,C:\Users\jaswi\OneDrive\Desktop\ALL\SEM_7\project\jammalamadugu\new_obj\tamilnadu_pipeline\data\raw\nasapower\power_TNP_0001_2021.json,809.7,
2026-08-03 15:00:01,TNP_0001,2022,OK,C:\Users\jaswi\OneDrive\Desktop\ALL\SEM_7\project\jammalamadugu\new_obj\tamilnadu_pipeline\data\raw\nasapower\power_TNP_0001_2022.json,809.7,
2026-08-03 15:00:04,TNP_0001,2023,OK,C:\Users\jaswi\OneDrive\Desktop\ALL\SEM_7\project\jammalamadugu\new_obj\tamilnadu_pipeline\data\raw\nasapower\power_TNP_0001_2023.json,809.6,
2026-08-03 15:00:08,TNP_0001,2024,OK,C:\Users\jaswi\OneDrive\Desktop\ALL\SEM_7\project\jammalamadugu\new_obj\tamilnadu_pipeline\data\raw\nasapower\power_TNP_0001_2024.json,811.8,
2026-08-03 15:00:11,TNP_0001,2025,OK,C:\Users\jaswi\OneDrive\Desktop\ALL\SEM_7\project\jammalamadugu\new_obj\tamilnadu_pipeline\data\raw\nasapower\power_TNP_0001_2025.json,809.8,
2026-08-03 15:00:15,TNP_0002,2016,OK,C:\Users\jaswi\OneDrive\Desktop\ALL\SEM_7\project\jammalamadugu\new_obj\tamilnadu_pipeline\data\raw\nasapower\power_TNP_0002_2016.json,811.9,
2026-08-03 15:00:18,TNP_0002,2017,OK,C:\Users\jaswi\OneDrive\Desktop\ALL\SEM_7\project\jammalamadugu\new_obj\tamilnadu_pipeline\data\raw\nasapower\power_TNP_0002_2017.json,809.8,
2026-08-03 15:00:21,TNP_0002,2018,OK,C:\Users\jaswi\OneDrive\Desktop\ALL\SEM_7\project\jammalamadugu\new_obj\tamilnadu_pipeline\data\raw\nasapower\power_TNP_0002_2018.json,809.8,
2026-08-03 15:00:23,TNP_0002,2019,OK,C:\Users\jaswi\OneDrive\Desktop\ALL\SEM_7\project\jammalamadugu\new_obj\tamilnadu_pipeline\data\raw\nasapower\power_TNP_0002_2019.json,809.8,
2026-08-03 15:00:26,TNP_0002,2020,OK,C:\Users\jaswi\OneDrive\Desktop\ALL\SEM_7\project\jammalamadugu\new_obj\tamilnadu_pipeline\data\raw\nasapower\power_TNP_0002_2020.json,812.0,
2026-08-03 15:00:29,TNP_0002,2021,OK,C:\Users\jaswi\OneDrive\Desktop\ALL\SEM_7\project\jammalamadugu\new_obj\tamilnadu_pipeline\data\raw\nasapower\power_TNP_0002_2021.json,809.8,
2026-08-03 15:00:32,TNP_0002,2022,OK,C:\Users\jaswi\OneDrive\Desktop\ALL\SEM_7\project\jammalamadugu\new_obj\tamilnadu_pipeline\data\raw\nasapower\power_TNP_0002_2022.json,809.7,
2026-08-03 15:00:36,TNP_0002,2023,OK,C:\Users\jaswi\OneDrive\Desktop\ALL\SEM_7\project\jammalamadugu\new_obj\tamilnadu_pipeline\data\raw\nasapower\power_TNP_0002_2023.json,809.8,
2026-08-03 15:00:39,TNP_0002,2024,OK,C:\Users\jaswi\OneDrive\Desktop\ALL\SEM_7\project\jammalamadugu\new_obj\tamilnadu_pipeline\data\raw\nasapower\power_TNP_0002_2024.json,812.0,
2026-08-03 15:00:43,TNP_0002,2025,OK,C:\Users\jaswi\OneDrive\Desktop\ALL\SEM_7\project\jammalamadugu\new_obj\tamilnadu_pipeline\data\raw\nasapower\power_TNP_0002_2025.json,809.9,
2026-08-03 15:00:45,TNP_0003,2016,OK,C:\Users\jaswi\OneDrive\Desktop\ALL\SEM_7\project\jammalamadugu\new_obj\tamilnadu_pipeline\data\raw\nasapower\power_TNP_0003_2016.json,811.9,
2026-08-03 15:00:48,TNP_0003,2017,OK,C:\Users\jaswi\OneDrive\Desktop\ALL\SEM_7\project\jammalamadugu\new_obj\tamilnadu_pipeline\data\raw\nasapower\power_TNP_0003_2017.json,809.7,
2026-08-03 15:00:52,TNP_0003,2018,OK,C:\Users\jaswi\OneDrive\Desktop\ALL\SEM_7\project\jammalamadugu\new_obj\tamilnadu_pipeline\data\raw\nasapower\power_TNP_0003_2018.json,809.9,
2026-08-03 15:00:54,TNP_0003,2019,OK,C:\Users\jaswi\OneDrive\Desktop\ALL\SEM_7\project\jammalamadugu\new_obj\tamilnadu_pipeline\data\raw\nasapower\power_TNP_0003_2019.json,809.8,
2026-08-03 15:00:57,TNP_0003,2020,OK,C:\Users\jaswi\OneDrive\Desktop\ALL\SEM_7\project\jammalamadugu\new_obj\tamilnadu_pipeline\data\raw\nasapower\power_TNP_0003_2020.json,811.9,
2026-08-03 15:01:00,TNP_0003,2021,OK,C:\Users\jaswi\OneDrive\Desktop\ALL\SEM_7\project\jammalamadugu\new_obj\tamilnadu_pipeline\data\raw\nasapower\power_TNP_0003_2021.json,809.7,
2026-08-03 15:01:03,TNP_0003,2022,OK,C:\Users\jaswi\OneDrive\Desktop\ALL\SEM_7\project\jammalamadugu\new_obj\tamilnadu_pipeline\data\raw\nasapower\power_TNP_0003_2022.json,809.8,
2026-08-03 15:01:06,TNP_0003,2023,OK,C:\Users\jaswi\OneDrive\Desktop\ALL\SEM_7\project\jammalamadugu\new_obj\tamilnadu_pipeline\data\raw\nasapower\power_TNP_0003_2023.json,809.5,
2026-08-03 15:01:10,TNP_0003,2024,OK,C:\Users\jaswi\OneDrive\Desktop\ALL\SEM_7\project\jammalamadugu\new_obj\tamilnadu_pipeline\data\raw\nasapower\power_TNP_0003_2024.json,812.0,
2026-08-03 15:01:13,TNP_0003,2025,OK,C:\Users\jaswi\OneDrive\Desktop\ALL\SEM_7\project\jammalamadugu\new_obj\tamilnadu_pipeline\data\raw\nasapower\power_TNP_0003_2025.json,809.7,
2026-08-03 15:01:16,TNP_0004,2016,OK,C:\Users\jaswi\OneDrive\Desktop\ALL\SEM_7\project\jammalamadugu\new_obj\tamilnadu_pipeline\data\raw\nasapower\power_TNP_0004_2016.json,812.1,
2026-08-03 15:01:20,TNP_0004,2017,OK,C:\Users\jaswi\OneDrive\Desktop\ALL\SEM_7\project\jammalamadugu\new_obj\tamilnadu_pipeline\data\raw\nasapower\power_TNP_0004_2017.json,809.9,
2026-08-03 15:01:23,TNP_0004,2018,OK,C:\Users\jaswi\OneDrive\Desktop\ALL\SEM_7\project\jammalamadugu\new_obj\tamilnadu_pipeline\data\raw\nasapower\power_TNP_0004_2018.json,809.8,
2026-08-03 15:01:26,TNP_0004,2019,OK,C:\Users\jaswi\OneDrive\Desktop\ALL\SEM_7\project\jammalamadugu\new_obj\tamilnadu_pipeline\data\raw\nasapower\power_TNP_0004_2019.json,809.9,
2026-08-03 15:01:30,TNP_0004,2020,OK,C:\Users\jaswi\OneDrive\Desktop\ALL\SEM_7\project\jammalamadugu\new_obj\tamilnadu_pipeline\data\raw\nasapower\power_TNP_0004_2020.json,812.1,
2026-08-03 15:01:33,TNP_0004,2021,OK,C:\Users\jaswi\OneDrive\Desktop\ALL\SEM_7\project\jammalamadugu\new_obj\tamilnadu_pipeline\data\raw\nasapower\power_TNP_0004_2021.json,809.8,
2026-08-03 15:01:36,TNP_0004,2022,OK,C:\Users\jaswi\OneDrive\Desktop\ALL\SEM_7\project\jammalamadugu\new_obj\tamilnadu_pipeline\data\raw\nasapower\power_TNP_0004_2022.json,809.7,
2026-08-03 15:01:39,TNP_0004,2023,OK,C:\Users\jaswi\OneDrive\Desktop\ALL\SEM_7\project\jammalamadugu\new_obj\tamilnadu_pipeline\data\raw\nasapower\power_TNP_0004_2023.json,809.8,
2026-08-03 15:01:42,TNP_0004,2024,OK,C:\Users\jaswi\OneDrive\Desktop\ALL\SEM_7\project\jammalamadugu\new_obj\tamilnadu_pipeline\data\raw\nasapower\power_TNP_0004_2024.json,812.0,
2026-08-03 15:01:46,TNP_0004,2025,OK,C:\Users\jaswi\OneDrive\Desktop\ALL\SEM_7\project\jammalamadugu\new_obj\tamilnadu_pipeline\data\raw\nasapower\power_TNP_0004_2025.json,810.0,
2026-08-03 15:01:48,TNP_0005,2016,OK,C:\Users\jaswi\OneDrive\Desktop\ALL\SEM_7\project\jammalamadugu\new_obj\tamilnadu_pipeline\data\raw\nasapower\power_TNP_0005_2016.json,811.9,
2026-08-03 15:01:51,TNP_0005,2017,OK,C:\Users\jaswi\OneDrive\Desktop\ALL\SEM_7\project\jammalamadugu\new_obj\tamilnadu_pipeline\data\raw\nasapower\power_TNP_0005_2017.json,809.8,
2026-08-03 15:01:54,TNP_0005,2018,OK,C:\Users\jaswi\OneDrive\Desktop\ALL\SEM_7\project\jammalamadugu\new_obj\tamilnadu_pipeline\data\raw\nasapower\power_TNP_0005_2018.json,809.7,
2026-08-03 15:01:58,TNP_0005,2019,OK,C:\Users\jaswi\OneDrive\Desktop\ALL\SEM_7\project\jammalamadugu\new_obj\tamilnadu_pipeline\data\raw\nasapower\power_TNP_0005_2019.json,809.7,
2026-08-03 15:02:01,TNP_0005,2020,OK,C:\Users\jaswi\OneDrive\Desktop\ALL\SEM_7\project\jammalamadugu\new_obj\tamilnadu_pipeline\data\raw\nasapower\power_TNP_0005_2020.json,812.0,
2026-08-03 15:02:04,TNP_0005,2021,OK,C:\Users\jaswi\OneDrive\Desktop\ALL\SEM_7\project\jammalamadugu\new_obj\tamilnadu_pipeline\data\raw\nasapower\power_TNP_0005_2021.json,809.9,
2026-08-03 15:02:07,TNP_0005,2022,OK,C:\Users\jaswi\OneDrive\Desktop\ALL\SEM_7\project\jammalamadugu\new_obj\tamilnadu_pipeline\data\raw\nasapower\power_TNP_0005_2022.json,809.7,
2026-08-03 15:02:11,TNP_0005,2023,OK,C:\Users\jaswi\OneDrive\Desktop\ALL\SEM_7\project\jammalamadugu\new_obj\tamilnadu_pipeline\data\raw\nasapower\power_TNP_0005_2023.json,809.8,
2026-08-03 15:02:14,TNP_0005,2024,OK,C:\Users\jaswi\OneDrive\Desktop\ALL\SEM_7\project\jammalamadugu\new_obj\tamilnadu_pipeline\data\raw\nasapower\power_TNP_0005_2024.json,811.9,
2026-08-03 15:02:17,TNP_0005,2025,OK,C:\Users\jaswi\OneDrive\Desktop\ALL\SEM_7\project\jammalamadugu\new_obj\tamilnadu_pipeline\data\raw\nasapower\power_TNP_0005_2025.json,809.8,
2026-08-03 15:02:21,TNP_0006,2016,OK,C:\Users\jaswi\OneDrive\Desktop\ALL\SEM_7\project\jammalamadugu\new_obj\tamilnadu_pipeline\data\raw\nasapower\power_TNP_0006_2016.json,812.1,
2026-08-03 15:02:24,TNP_0006,2017,OK,C:\Users\jaswi\OneDrive\Desktop\ALL\SEM_7\project\jammalamadugu\new_obj\tamilnadu_pipeline\data\raw\nasapower\power_TNP_0006_2017.json,809.9,
2026-08-03 15:02:27,TNP_0006,2018,OK,C:\Users\jaswi\OneDrive\Desktop\ALL\SEM_7\project\jammalamadugu\new_obj\tamilnadu_pipeline\data\raw\nasapower\power_TNP_0006_2018.json,809.8,
2026-08-03 15:02:31,TNP_0006,2019,OK,C:\Users\jaswi\OneDrive\Desktop\ALL\SEM_7\project\jammalamadugu\new_obj\tamilnadu_pipeline\data\raw\nasapower\power_TNP_0006_2019.json,809.9,
2026-08-03 15:02:34,TNP_0006,2020,OK,C:\Users\jaswi\OneDrive\Desktop\ALL\SEM_7\project\jammalamadugu\new_obj\tamilnadu_pipeline\data\raw\nasapower\power_TNP_0006_2020.json,812.0,
2026-08-03 15:02:36,TNP_0006,2021,OK,C:\Users\jaswi\OneDrive\Desktop\ALL\SEM_7\project\jammalamadugu\new_obj\tamilnadu_pipeline\data\raw\nasapower\power_TNP_0006_2021.json,809.9,
2026-08-03 15:02:39,TNP_0006,2022,OK,C:\Users\jaswi\OneDrive\Desktop\ALL\SEM_7\project\jammalamadugu\new_obj\tamilnadu_pipeline\data\raw\nasapower\power_TNP_0006_2022.json,809.7,
2026-08-03 15:02:43,TNP_0006,2023,OK,C:\Users\jaswi\OneDrive\Desktop\ALL\SEM_7\project\jammalamadugu\new_obj\tamilnadu_pipeline\data\raw\nasapower\power_TNP_0006_2023.json,809.9,
2026-08-03 15:02:46,TNP_0006,2024,OK,C:\Users\jaswi\OneDrive\Desktop\ALL\SEM_7\project\jammalamadugu\new_obj\tamilnadu_pipeline\data\raw\nasapower\power_TNP_0006_2024.json,812.1,
2026-08-03 15:02:49,TNP_0006,2025,OK,C:\Users\jaswi\OneDrive\Desktop\ALL\SEM_7\project\jammalamadugu\new_obj\tamilnadu_pipeline\data\raw\nasapower\power_TNP_0006_2025.json,809.8,
2026-08-03 15:02:52,TNP_0007,2016,OK,C:\Users\jaswi\OneDrive\Desktop\ALL\SEM_7\project\jammalamadugu\new_obj\tamilnadu_pipeline\data\raw\nasapower\power_TNP_0007_2016.json,811.5,
2026-08-03 15:02:55,TNP_0007,2017,OK,C:\Users\jaswi\OneDrive\Desktop\ALL\SEM_7\project\jammalamadugu\new_obj\tamilnadu_pipeline\data\raw\nasapower\power_TNP_0007_2017.json,809.4,
2026-08-03 15:02:59,TNP_0007,2018,OK,C:\Users\jaswi\OneDrive\Desktop\ALL\SEM_7\project\jammalamadugu\new_obj\tamilnadu_pipeline\data\raw\nasapower\power_TNP_0007_2018.json,809.4,
2026-08-03 15:03:02,TNP_0007,2019,OK,C:\Users\jaswi\OneDrive\Desktop\ALL\SEM_7\project\jammalamadugu\new_obj\tamilnadu_pipeline\data\raw\nasapower\power_TNP_0007_2019.json,809.5,
2026-08-03 15:03:05,TNP_0007,2020,OK,C:\Users\jaswi\OneDrive\Desktop\ALL\SEM_7\project\jammalamadugu\new_obj\tamilnadu_pipeline\data\raw\nasapower\power_TNP_0007_2020.json,811.6,
2026-08-03 15:03:08,TNP_0007,2021,OK,C:\Users\jaswi\OneDrive\Desktop\ALL\SEM_7\project\jammalamadugu\new_obj\tamilnadu_pipeline\data\raw\nasapower\power_TNP_0007_2021.json,809.4,
2026-08-03 15:03:10,TNP_0007,2022,OK,C:\Users\jaswi\OneDrive\Desktop\ALL\SEM_7\project\jammalamadugu\new_obj\tamilnadu_pipeline\data\raw\nasapower\power_TNP_0007_2022.json,809.4,
2026-08-03 15:03:14,TNP_0007,2023,OK,C:\Users\jaswi\OneDrive\Desktop\ALL\SEM_7\project\jammalamadugu\new_obj\tamilnadu_pipeline\data\raw\nasapower\power_TNP_0007_2023.json,809.5,
2026-08-03 15:03:16,TNP_0007,2024,OK,C:\Users\jaswi\OneDrive\Desktop\ALL\SEM_7\project\jammalamadugu\new_obj\tamilnadu_pipeline\data\raw\nasapower\power_TNP_0007_2024.json,811.7,
2026-08-03 15:03:18,TNP_0007,2025,OK,C:\Users\jaswi\OneDrive\Desktop\ALL\SEM_7\project\jammalamadugu\new_obj\tamilnadu_pipeline\data\raw\nasapower\power_TNP_0007_2025.json,809.6,
2026-08-03 15:03:22,TNP_0008,2016,OK,C:\Users\jaswi\OneDrive\Desktop\ALL\SEM_7\project\jammalamadugu\new_obj\tamilnadu_pipeline\data\raw\nasapower\power_TNP_0008_2016.json,812.0,
2026-08-03 15:03:25,TNP_0008,2017,OK,C:\Users\jaswi\OneDrive\Desktop\ALL\SEM_7\project\jammalamadugu\new_obj\tamilnadu_pipeline\data\raw\nasapower\power_TNP_0008_2017.json,809.6,
2026-08-03 15:03:29,TNP_0008,2018,OK,C:\Users\jaswi\OneDrive\Desktop\ALL\SEM_7\project\jammalamadugu\new_obj\tamilnadu_pipeline\data\raw\nasapower\power_TNP_0008_2018.json,809.8,
2026-08-03 15:03:32,TNP_0008,2019,OK,C:\Users\jaswi\OneDrive\Desktop\ALL\SEM_7\project\jammalamadugu\new_obj\tamilnadu_pipeline\data\raw\nasapower\power_TNP_0008_2019.json,809.8,
2026-08-03 15:03:35,TNP_0008,2020,OK,C:\Users\jaswi\OneDrive\Desktop\ALL\SEM_7\project\jammalamadugu\new_obj\tamilnadu_pipeline\data\raw\nasapower\power_TNP_0008_2020.json,812.1,
2026-08-03 15:03:39,TNP_0008,2021,OK,C:\Users\jaswi\OneDrive\Desktop\ALL\SEM_7\project\jammalamadugu\new_obj\tamilnadu_pipeline\data\raw\nasapower\power_TNP_0008_2021.json,809.7,
2026-08-03 15:03:42,TNP_0008,2022,OK,C:\Users\jaswi\OneDrive\Desktop\ALL\SEM_7\project\jammalamadugu\new_obj\tamilnadu_pipeline\data\raw\nasapower\power_TNP_0008_2022.json,809.6,
2026-08-03 15:03:45,TNP_0008,2023,OK,C:\Users\jaswi\OneDrive\Desktop\ALL\SEM_7\project\jammalamadugu\new_obj\tamilnadu_pipeline\data\raw\nasapower\power_TNP_0008_2023.json,809.8,
2026-08-03 15:03:48,TNP_0008,2024,OK,C:\Users\jaswi\OneDrive\Desktop\ALL\SEM_7\project\jammalamadugu\new_obj\tamilnadu_pipeline\data\raw\nasapower\power_TNP_0008_2024.json,812.0,
2026-08-03 15:03:51,TNP_0008,2025,OK,C:\Users\jaswi\OneDrive\Desktop\ALL\SEM_7\project\jammalamadugu\new_obj\tamilnadu_pipeline\data\raw\nasapower\power_TNP_0008_2025.json,809.6,
2026-08-03 15:03:55,TNP_0009,2016,OK,C:\Users\jaswi\OneDrive\Desktop\ALL\SEM_7\project\jammalamadugu\new_obj\tamilnadu_pipeline\data\raw\nasapower\power_TNP_0009_2016.json,812.0,
2026-08-03 15:03:58,TNP_0009,2017,OK,C:\Users\jaswi\OneDrive\Desktop\ALL\SEM_7\project\jammalamadugu\new_obj\tamilnadu_pipeline\data\raw\nasapower\power_TNP_0009_2017.json,809.7,
2026-08-03 15:04:01,TNP_0009,2018,OK,C:\Users\jaswi\OneDrive\Desktop\ALL\SEM_7\project\jammalamadugu\new_obj\tamilnadu_pipeline\data\raw\nasapower\power_TNP_0009_2018.json,809.8,
2026-08-03 15:04:04,TNP_0009,2019,OK,C:\Users\jaswi\OneDrive\Desktop\ALL\SEM_7\project\jammalamadugu\new_obj\tamilnadu_pipeline\data\raw\nasapower\power_TNP_0009_2019.json,809.8,
2026-08-03 15:04:07,TNP_0009,2020,OK,C:\Users\jaswi\OneDrive\Desktop\ALL\SEM_7\project\jammalamadugu\new_obj\tamilnadu_pipeline\data\raw\nasapower\power_TNP_0009_2020.json,811.9,
2026-08-03 15:04:10,TNP_0009,2021,OK,C:\Users\jaswi\OneDrive\Desktop\ALL\SEM_7\project\jammalamadugu\new_obj\tamilnadu_pipeline\data\raw\nasapower\power_TNP_0009_2021.json,809.7,
2026-08-03 15:04:13,TNP_0009,2022,OK,C:\Users\jaswi\OneDrive\Desktop\ALL\SEM_7\project\jammalamadugu\new_obj\tamilnadu_pipeline\data\raw\nasapower\power_TNP_0009_2022.json,809.7,
2026-08-03 15:04:16,TNP_0009,2023,OK,C:\Users\jaswi\OneDrive\Desktop\ALL\SEM_7\project\jammalamadugu\new_obj\tamilnadu_pipeline\data\raw\nasapower\power_TNP_0009_2023.json,809.7,
2026-08-03 15:04:19,TNP_0009,2024,OK,C:\Users\jaswi\OneDrive\Desktop\ALL\SEM_7\project\jammalamadugu\new_obj\tamilnadu_pipeline\data\raw\nasapower\power_TNP_0009_2024.json,812.1,
2026-08-03 15:04:22,TNP_0009,2025,OK,C:\Users\jaswi\OneDrive\Desktop\ALL\SEM_7\project\jammalamadugu\new_obj\tamilnadu_pipeline\data\raw\nasapower\power_TNP_0009_2025.json,809.7,
2026-08-03 15:04:26,TNP_0010,2016,OK,C:\Users\jaswi\OneDrive\Desktop\ALL\SEM_7\project\jammalamadugu\new_obj\tamilnadu_pipeline\data\raw\nasapower\power_TNP_0010_2016.json,811.9,
2026-08-03 15:04:29,TNP_0010,2017,OK,C:\Users\jaswi\OneDrive\Desktop\ALL\SEM_7\project\jammalamadugu\new_obj\tamilnadu_pipeline\data\raw\nasapower\power_TNP_0010_2017.json,809.7,
2026-08-03 15:04:32,TNP_0010,2018,OK,C:\Users\jaswi\OneDrive\Desktop\ALL\SEM_7\project\jammalamadugu\new_obj\tamilnadu_pipeline\data\raw\nasapower\power_TNP_0010_2018.json,809.8,
2026-08-03 15:04:35,TNP_0010,2019,OK,C:\Users\jaswi\OneDrive\Desktop\ALL\SEM_7\project\jammalamadugu\new_obj\tamilnadu_pipeline\data\raw\nasapower\power_TNP_0010_2019.json,809.8,
2026-08-03 15:04:38,TNP_0010,2020,OK,C:\Users\jaswi\OneDrive\Desktop\ALL\SEM_7\project\jammalamadugu\new_obj\tamilnadu_pipeline\data\raw\nasapower\power_TNP_0010_2020.json,812.0,
2026-08-03 15:04:42,TNP_0010,2021,OK,C:\Users\jaswi\OneDrive\Desktop\ALL\SEM_7\project\jammalamadugu\new_obj\tamilnadu_pipeline\data\raw\nasapower\power_TNP_0010_2021.json,809.7,
2026-08-03 15:04:44,TNP_0010,2022,OK,C:\Users\jaswi\OneDrive\Desktop\ALL\SEM_7\project\jammalamadugu\new_obj\tamilnadu_pipeline\data\raw\nasapower\power_TNP_0010_2022.json,809.7,
2026-08-03 15:04:47,TNP_0010,2023,OK,C:\Users\jaswi\OneDrive\Desktop\ALL\SEM_7\project\jammalamadugu\new_obj\tamilnadu_pipeline\data\raw\nasapower\power_TNP_0010_2023.json,809.7,
2026-08-03 15:04:51,TNP_0010,2024,OK,C:\Users\jaswi\OneDrive\Desktop\ALL\SEM_7\project\jammalamadugu\new_obj\tamilnadu_pipeline\data\raw\nasapower\power_TNP_0010_2024.json,812.0,
2026-08-03 15:04:54,TNP_0010,2025,OK,C:\Users\jaswi\OneDrive\Desktop\ALL\SEM_7\project\jammalamadugu\new_obj\tamilnadu_pipeline\data\raw\nasapower\power_TNP_0010_2025.json,809.9,
2026-08-03 15:04:58,TNP_0011,2016,OK,C:\Users\jaswi\OneDrive\Desktop\ALL\SEM_7\project\jammalamadugu\new_obj\tamilnadu_pipeline\data\raw\nasapower\power_TNP_0011_2016.json,811.8,
2026-08-03 15:05:01,TNP_0011,2017,OK,C:\Users\jaswi\OneDrive\Desktop\ALL\SEM_7\project\jammalamadugu\new_obj\tamilnadu_pipeline\data\raw\nasapower\power_TNP_0011_2017.json,809.6,
2026-08-03 15:05:04,TNP_0011,2018,OK,C:\Users\jaswi\OneDrive\Desktop\ALL\SEM_7\project\jammalamadugu\new_obj\tamilnadu_pipeline\data\raw\nasapower\power_TNP_0011_2018.json,809.5,
2026-08-03 15:05:08,TNP_0011,2019,OK,C:\Users\jaswi\OneDrive\Desktop\ALL\SEM_7\project\jammalamadugu\new_obj\tamilnadu_pipeline\data\raw\nasapower\power_TNP_0011_2019.json,809.8,
2026-08-03 15:05:11,TNP_0011,2020,OK,C:\Users\jaswi\OneDrive\Desktop\ALL\SEM_7\project\jammalamadugu\new_obj\tamilnadu_pipeline\data\raw\nasapower\power_TNP_0011_2020.json,811.9,
2026-08-03 15:05:14,TNP_0011,2021,OK,C:\Users\jaswi\OneDrive\Desktop\ALL\SEM_7\project\jammalamadugu\new_obj\tamilnadu_pipeline\data\raw\nasapower\power_TNP_0011_2021.json,809.7,
2026-08-03 15:05:18,TNP_0011,2022,OK,C:\Users\jaswi\OneDrive\Desktop\ALL\SEM_7\project\jammalamadugu\new_obj\tamilnadu_pipeline\data\raw\nasapower\power_TNP_0011_2022.json,809.7,
2026-08-03 15:05:21,TNP_0011,2023,OK,C:\Users\jaswi\OneDrive\Desktop\ALL\SEM_7\project\jammalamadugu\new_obj\tamilnadu_pipeline\data\raw\nasapower\power_TNP_0011_2023.json,809.5,
2026-08-03 15:05:24,TNP_0011,2024,OK,C:\Users\jaswi\OneDrive\Desktop\ALL\SEM_7\project\jammalamadugu\new_obj\tamilnadu_pipeline\data\raw\nasapower\power_TNP_0011_2024.json,811.9,
2026-08-03 15:05:28,TNP_0011,2025,OK,C:\Users\jaswi\OneDrive\Desktop\ALL\SEM_7\project\jammalamadugu\new_obj\tamilnadu_pipeline\data\raw\nasapower\power_TNP_0011_2025.json,809.7,
2026-08-03 15:05:31,TNP_0012,2016,OK,C:\Users\jaswi\OneDrive\Desktop\ALL\SEM_7\project\jammalamadugu\new_obj\tamilnadu_pipeline\data\raw\nasapower\power_TNP_0012_2016.json,811.9,
2026-08-03 15:05:34,TNP_0012,2017,OK,C:\Users\jaswi\OneDrive\Desktop\ALL\SEM_7\project\jammalamadugu\new_obj\tamilnadu_pipeline\data\raw\nasapower\power_TNP_0012_2017.json,809.6,
2026-08-03 15:05:38,TNP_0012,2018,OK,C:\Users\jaswi\OneDrive\Desktop\ALL\SEM_7\project\jammalamadugu\new_obj\tamilnadu_pipeline\data\raw\nasapower\power_TNP_0012_2018.json,809.6,
2026-08-03 15:05:41,TNP_0012,2019,OK,C:\Users\jaswi\OneDrive\Desktop\ALL\SEM_7\project\jammalamadugu\new_obj\tamilnadu_pipeline\data\raw\nasapower\power_TNP_0012_2019.json,809.8,
2026-08-03 15:05:45,TNP_0012,2020,OK,C:\Users\jaswi\OneDrive\Desktop\ALL\SEM_7\project\jammalamadugu\new_obj\tamilnadu_pipeline\data\raw\nasapower\power_TNP_0012_2020.json,812.0,
2026-08-03 15:05:47,TNP_0012,2021,OK,C:\Users\jaswi\OneDrive\Desktop\ALL\SEM_7\project\jammalamadugu\new_obj\tamilnadu_pipeline\data\raw\nasapower\power_TNP_0012_2021.json,809.6,
2026-08-03 15:05:50,TNP_0012,2022,OK,C:\Users\jaswi\OneDrive\Desktop\ALL\SEM_7\project\jammalamadugu\new_obj\tamilnadu_pipeline\data\raw\nasapower\power_TNP_0012_2022.json,809.5,
2026-08-03 15:05:53,TNP_0012,2023,OK,C:\Users\jaswi\OneDrive\Desktop\ALL\SEM_7\project\jammalamadugu\new_obj\tamilnadu_pipeline\data\raw\nasapower\power_TNP_0012_2023.json,809.6,
2026-08-03 15:05:56,TNP_0012,2024,OK,C:\Users\jaswi\OneDrive\Desktop\ALL\SEM_7\project\jammalamadugu\new_obj\tamilnadu_pipeline\data\raw\nasapower\power_TNP_0012_2024.json,811.9,
2026-08-03 15:05:59,TNP_0012,2025,OK,C:\Users\jaswi\OneDrive\Desktop\ALL\SEM_7\project\jammalamadugu\new_obj\tamilnadu_pipeline\data\raw\nasapower\power_TNP_0012_2025.json,809.4,
2026-08-03 15:06:03,TNP_0013,2016,OK,C:\Users\jaswi\OneDrive\Desktop\ALL\SEM_7\project\jammalamadugu\new_obj\tamilnadu_pipeline\data\raw\nasapower\power_TNP_0013_2016.json,811.9,
2026-08-03 15:06:05,TNP_0013,2017,OK,C:\Users\jaswi\OneDrive\Desktop\ALL\SEM_7\project\jammalamadugu\new_obj\tamilnadu_pipeline\data\raw\nasapower\power_TNP_0013_2017.json,809.7,
2026-08-03 15:06:09,TNP_0013,2018,OK,C:\Users\jaswi\OneDrive\Desktop\ALL\SEM_7\project\jammalamadugu\new_obj\tamilnadu_pipeline\data\raw\nasapower\power_TNP_0013_2018.json,809.7,
2026-08-03 15:06:12,TNP_0013,2019,OK,C:\Users\jaswi\OneDrive\Desktop\ALL\SEM_7\project\jammalamadugu\new_obj\tamilnadu_pipeline\data\raw\nasapower\power_TNP_0013_2019.json,809.8,
2026-08-03 15:06:15,TNP_0013,2020,OK,C:\Users\jaswi\OneDrive\Desktop\ALL\SEM_7\project\jammalamadugu\new_obj\tamilnadu_pipeline\data\raw\nasapower\power_TNP_0013_2020.json,812.0,
2026-08-03 15:06:18,TNP_0013,2021,OK,C:\Users\jaswi\OneDrive\Desktop\ALL\SEM_7\project\jammalamadugu\new_obj\tamilnadu_pipeline\data\raw\nasapower\power_TNP_0013_2021.json,809.7,
2026-08-03 15:06:21,TNP_0013,2022,OK,C:\Users\jaswi\OneDrive\Desktop\ALL\SEM_7\project\jammalamadugu\new_obj\tamilnadu_pipeline\data\raw\nasapower\power_TNP_0013_2022.json,809.8,
2026-08-03 15:06:24,TNP_0013,2023,OK,C:\Users\jaswi\OneDrive\Desktop\ALL\SEM_7\project\jammalamadugu\new_obj\tamilnadu_pipeline\data\raw\nasapower\power_TNP_0013_2023.json,809.8,
2026-08-03 15:06:28,TNP_0013,2024,OK,C:\Users\jaswi\OneDrive\Desktop\ALL\SEM_7\project\jammalamadugu\new_obj\tamilnadu_pipeline\data\raw\nasapower\power_TNP_0013_2024.json,812.1,
2026-08-03 15:06:30,TNP_0013,2025,OK,C:\Users\jaswi\OneDrive\Desktop\ALL\SEM_7\project\jammalamadugu\new_obj\tamilnadu_pipeline\data\raw\nasapower\power_TNP_0013_2025.json,809.6,
2026-08-03 15:06:33,TNP_0014,2016,OK,C:\Users\jaswi\OneDrive\Desktop\ALL\SEM_7\project\jammalamadugu\new_obj\tamilnadu_pipeline\data\raw\nasapower\power_TNP_0014_2016.json,811.9,
2026-08-03 15:06:36,TNP_0014,2017,OK,C:\Users\jaswi\OneDrive\Desktop\ALL\SEM_7\project\jammalamadugu\new_obj\tamilnadu_pipeline\data\raw\nasapower\power_TNP_0014_2017.json,809.8,
2026-08-03 15:06:39,TNP_0014,2018,OK,C:\Users\jaswi\OneDrive\Desktop\ALL\SEM_7\project\jammalamadugu\new_obj\tamilnadu_pipeline\data\raw\nasapower\power_TNP_0014_2018.json,809.8,
2026-08-03 15:06:43,TNP_0014,2019,OK,C:\Users\jaswi\OneDrive\Desktop\ALL\SEM_7\project\jammalamadugu\new_obj\tamilnadu_pipeline\data\raw\nasapower\power_TNP_0014_2019.json,809.9,
2026-08-03 15:06:46,TNP_0014,2020,OK,C:\Users\jaswi\OneDrive\Desktop\ALL\SEM_7\project\jammalamadugu\new_obj\tamilnadu_pipeline\data\raw\nasapower\power_TNP_0014_2020.json,812.0,
2026-08-03 15:06:49,TNP_0014,2021,OK,C:\Users\jaswi\OneDrive\Desktop\ALL\SEM_7\project\jammalamadugu\new_obj\tamilnadu_pipeline\data\raw\nasapower\power_TNP_0014_2021.json,809.8,
2026-08-03 15:06:52,TNP_0014,2022,OK,C:\Users\jaswi\OneDrive\Desktop\ALL\SEM_7\project\jammalamadugu\new_obj\tamilnadu_pipeline\data\raw\nasapower\power_TNP_0014_2022.json,809.8,
2026-08-03 15:06:56,TNP_0014,2023,OK,C:\Users\jaswi\OneDrive\Desktop\ALL\SEM_7\project\jammalamadugu\new_obj\tamilnadu_pipeline\data\raw\nasapower\power_TNP_0014_2023.json,809.8,
2026-08-03 15:06:59,TNP_0014,2024,OK,C:\Users\jaswi\OneDrive\Desktop\ALL\SEM_7\project\jammalamadugu\new_obj\tamilnadu_pipeline\data\raw\nasapower\power_TNP_0014_2024.json,812.0,
2026-08-03 15:07:02,TNP_0014,2025,OK,C:\Users\jaswi\OneDrive\Desktop\ALL\SEM_7\project\jammalamadugu\new_obj\tamilnadu_pipeline\data\raw\nasapower\power_TNP_0014_2025.json,809.8,
2026-08-03 15:07:05,TNP_0015,2016,OK,C:\Users\jaswi\OneDrive\Desktop\ALL\SEM_7\project\jammalamadugu\new_obj\tamilnadu_pipeline\data\raw\nasapower\power_TNP_0015_2016.json,811.8,
2026-08-03 15:07:09,TNP_0015,2017,OK,C:\Users\jaswi\OneDrive\Desktop\ALL\SEM_7\project\jammalamadugu\new_obj\tamilnadu_pipeline\data\raw\nasapower\power_TNP_0015_2017.json,809.7,
2026-08-03 15:07:11,TNP_0015,2018,OK,C:\Users\jaswi\OneDrive\Desktop\ALL\SEM_7\project\jammalamadugu\new_obj\tamilnadu_pipeline\data\raw\nasapower\power_TNP_0015_2018.json,809.7,
2026-08-03 15:07:15,TNP_0015,2019,OK,C:\Users\jaswi\OneDrive\Desktop\ALL\SEM_7\project\jammalamadugu\new_obj\tamilnadu_pipeline\data\raw\nasapower\power_TNP_0015_2019.json,809.7,
2026-08-03 15:07:18,TNP_0015,2020,OK,C:\Users\jaswi\OneDrive\Desktop\ALL\SEM_7\project\jammalamadugu\new_obj\tamilnadu_pipeline\data\raw\nasapower\power_TNP_0015_2020.json,811.9,
2026-08-03 15:07:21,TNP_0015,2021,OK,C:\Users\jaswi\OneDrive\Desktop\ALL\SEM_7\project\jammalamadugu\new_obj\tamilnadu_pipeline\data\raw\nasapower\power_TNP_0015_2021.json,809.6,
2026-08-03 15:07:24,TNP_0015,2022,OK,C:\Users\jaswi\OneDrive\Desktop\ALL\SEM_7\project\jammalamadugu\new_obj\tamilnadu_pipeline\data\raw\nasapower\power_TNP_0015_2022.json,809.5,
2026-08-03 15:07:27,TNP_0015,2023,OK,C:\Users\jaswi\OneDrive\Desktop\ALL\SEM_7\project\jammalamadugu\new_obj\tamilnadu_pipeline\data\raw\nasapower\power_TNP_0015_2023.json,809.7,
2026-08-03 15:07:30,TNP_0015,2024,OK,C:\Users\jaswi\OneDrive\Desktop\ALL\SEM_7\project\jammalamadugu\new_obj\tamilnadu_pipeline\data\raw\nasapower\power_TNP_0015_2024.json,811.9,
2026-08-03 15:07:33,TNP_0015,2025,OK,C:\Users\jaswi\OneDrive\Desktop\ALL\SEM_7\project\jammalamadugu\new_obj\tamilnadu_pipeline\data\raw\nasapower\power_TNP_0015_2025.json,809.6,
2026-08-03 15:07:37,TNP_0016,2016,OK,C:\Users\jaswi\OneDrive\Desktop\ALL\SEM_7\project\jammalamadugu\new_obj\tamilnadu_pipeline\data\raw\nasapower\power_TNP_0016_2016.json,811.9,
2026-08-03 15:07:40,TNP_0016,2017,OK,C:\Users\jaswi\OneDrive\Desktop\ALL\SEM_7\project\jammalamadugu\new_obj\tamilnadu_pipeline\data\raw\nasapower\power_TNP_0016_2017.json,809.7,
2026-08-03 15:07:43,TNP_0016,2018,OK,C:\Users\jaswi\OneDrive\Desktop\ALL\SEM_7\project\jammalamadugu\new_obj\tamilnadu_pipeline\data\raw\nasapower\power_TNP_0016_2018.json,809.8,
2026-08-03 15:07:46,TNP_0016,2019,OK,C:\Users\jaswi\OneDrive\Desktop\ALL\SEM_7\project\jammalamadugu\new_obj\tamilnadu_pipeline\data\raw\nasapower\power_TNP_0016_2019.json,809.9,
2026-08-03 15:07:49,TNP_0016,2020,OK,C:\Users\jaswi\OneDrive\Desktop\ALL\SEM_7\project\jammalamadugu\new_obj\tamilnadu_pipeline\data\raw\nasapower\power_TNP_0016_2020.json,812.0,
2026-08-03 15:07:53,TNP_0016,2021,OK,C:\Users\jaswi\OneDrive\Desktop\ALL\SEM_7\project\jammalamadugu\new_obj\tamilnadu_pipeline\data\raw\nasapower\power_TNP_0016_2021.json,809.8,
2026-08-03 15:07:56,TNP_0016,2022,OK,C:\Users\jaswi\OneDrive\Desktop\ALL\SEM_7\project\jammalamadugu\new_obj\tamilnadu_pipeline\data\raw\nasapower\power_TNP_0016_2022.json,809.8,
2026-08-03 15:07:58,TNP_0016,2023,OK,C:\Users\jaswi\OneDrive\Desktop\ALL\SEM_7\project\jammalamadugu\new_obj\tamilnadu_pipeline\data\raw\nasapower\power_TNP_0016_2023.json,809.7,
2026-08-03 15:08:01,TNP_0016,2024,OK,C:\Users\jaswi\OneDrive\Desktop\ALL\SEM_7\project\jammalamadugu\new_obj\tamilnadu_pipeline\data\raw\nasapower\power_TNP_0016_2024.json,812.0,
2026-08-03 15:08:05,TNP_0016,2025,OK,C:\Users\jaswi\OneDrive\Desktop\ALL\SEM_7\project\jammalamadugu\new_obj\tamilnadu_pipeline\data\raw\nasapower\power_TNP_0016_2025.json,809.7,
2026-08-03 15:08:08,TNP_0017,2016,OK,C:\Users\jaswi\OneDrive\Desktop\ALL\SEM_7\project\jammalamadugu\new_obj\tamilnadu_pipeline\data\raw\nasapower\power_TNP_0017_2016.json,811.8,
2026-08-03 15:08:11,TNP_0017,2017,OK,C:\Users\jaswi\OneDrive\Desktop\ALL\SEM_7\project\jammalamadugu\new_obj\tamilnadu_pipeline\data\raw\nasapower\power_TNP_0017_2017.json,809.7,
2026-08-03 15:08:15,TNP_0017,2018,OK,C:\Users\jaswi\OneDrive\Desktop\ALL\SEM_7\project\jammalamadugu\new_obj\tamilnadu_pipeline\data\raw\nasapower\power_TNP_0017_2018.json,809.6,
2026-08-03 15:08:18,TNP_0017,2019,OK,C:\Users\jaswi\OneDrive\Desktop\ALL\SEM_7\project\jammalamadugu\new_obj\tamilnadu_pipeline\data\raw\nasapower\power_TNP_0017_2019.json,809.6,
2026-08-03 15:08:21,TNP_0017,2020,OK,C:\Users\jaswi\OneDrive\Desktop\ALL\SEM_7\project\jammalamadugu\new_obj\tamilnadu_pipeline\data\raw\nasapower\power_TNP_0017_2020.json,811.7,
2026-08-03 15:08:25,TNP_0017,2021,OK,C:\Users\jaswi\OneDrive\Desktop\ALL\SEM_7\project\jammalamadugu\new_obj\tamilnadu_pipeline\data\raw\nasapower\power_TNP_0017_2021.json,809.5,
2026-08-03 15:08:28,TNP_0017,2022,OK,C:\Users\jaswi\OneDrive\Desktop\ALL\SEM_7\project\jammalamadugu\new_obj\tamilnadu_pipeline\data\raw\nasapower\power_TNP_0017_2022.json,809.5,
2026-08-03 15:08:30,TNP_0017,2023,OK,C:\Users\jaswi\OneDrive\Desktop\ALL\SEM_7\project\jammalamadugu\new_obj\tamilnadu_pipeline\data\raw\nasapower\power_TNP_0017_2023.json,809.6,
2026-08-03 15:08:33,TNP_0017,2024,OK,C:\Users\jaswi\OneDrive\Desktop\ALL\SEM_7\project\jammalamadugu\new_obj\tamilnadu_pipeline\data\raw\nasapower\power_TNP_0017_2024.json,811.8,
2026-08-03 15:08:36,TNP_0017,2025,OK,C:\Users\jaswi\OneDrive\Desktop\ALL\SEM_7\project\jammalamadugu\new_obj\tamilnadu_pipeline\data\raw\nasapower\power_TNP_0017_2025.json,809.6,
2026-08-03 15:08:39,TNP_0018,2016,OK,C:\Users\jaswi\OneDrive\Desktop\ALL\SEM_7\project\jammalamadugu\new_obj\tamilnadu_pipeline\data\raw\nasapower\power_TNP_0018_2016.json,811.8,
2026-08-03 15:08:42,TNP_0018,2017,OK,C:\Users\jaswi\OneDrive\Desktop\ALL\SEM_7\project\jammalamadugu\new_obj\tamilnadu_pipeline\data\raw\nasapower\power_TNP_0018_2017.json,809.8,
2026-08-03 15:08:45,TNP_0018,2018,OK,C:\Users\jaswi\OneDrive\Desktop\ALL\SEM_7\project\jammalamadugu\new_obj\tamilnadu_pipeline\data\raw\nasapower\power_TNP_0018_2018.json,809.7,
2026-08-03 15:08:49,TNP_0018,2019,OK,C:\Users\jaswi\OneDrive\Desktop\ALL\SEM_7\project\jammalamadugu\new_obj\tamilnadu_pipeline\data\raw\nasapower\power_TNP_0018_2019.json,809.7,
2026-08-03 15:08:51,TNP_0018,2020,OK,C:\Users\jaswi\OneDrive\Desktop\ALL\SEM_7\project\jammalamadugu\new_obj\tamilnadu_pipeline\data\raw\nasapower\power_TNP_0018_2020.json,811.9,
2026-08-03 15:08:55,TNP_0018,2021,OK,C:\Users\jaswi\OneDrive\Desktop\ALL\SEM_7\project\jammalamadugu\new_obj\tamilnadu_pipeline\data\raw\nasapower\power_TNP_0018_2021.json,809.6,
2026-08-03 15:08:57,TNP_0018,2022,OK,C:\Users\jaswi\OneDrive\Desktop\ALL\SEM_7\project\jammalamadugu\new_obj\tamilnadu_pipeline\data\raw\nasapower\power_TNP_0018_2022.json,809.6,
2026-08-03 15:09:01,TNP_0018,2023,OK,C:\Users\jaswi\OneDrive\Desktop\ALL\SEM_7\project\jammalamadugu\new_obj\tamilnadu_pipeline\data\raw\nasapower\power_TNP_0018_2023.json,809.6,
2026-08-03 15:09:04,TNP_0018,2024,OK,C:\Users\jaswi\OneDrive\Desktop\ALL\SEM_7\project\jammalamadugu\new_obj\tamilnadu_pipeline\data\raw\nasapower\power_TNP_0018_2024.json,811.9,
2026-08-03 15:09:07,TNP_0018,2025,OK,C:\Users\jaswi\OneDrive\Desktop\ALL\SEM_7\project\jammalamadugu\new_obj\tamilnadu_pipeline\data\raw\nasapower\power_TNP_0018_2025.json,809.7,
2026-08-03 15:09:10,TNP_0019,2016,OK,C:\Users\jaswi\OneDrive\Desktop\ALL\SEM_7\project\jammalamadugu\new_obj\tamilnadu_pipeline\data\raw\nasapower\power_TNP_0019_2016.json,811.9,
2026-08-03 15:09:14,TNP_0019,2017,OK,C:\Users\jaswi\OneDrive\Desktop\ALL\SEM_7\project\jammalamadugu\new_obj\tamilnadu_pipeline\data\raw\nasapower\power_TNP_0019_2017.json,809.7,
2026-08-03 15:09:17,TNP_0019,2018,OK,C:\Users\jaswi\OneDrive\Desktop\ALL\SEM_7\project\jammalamadugu\new_obj\tamilnadu_pipeline\data\raw\nasapower\power_TNP_0019_2018.json,809.6,
2026-08-03 15:09:20,TNP_0019,2019,OK,C:\Users\jaswi\OneDrive\Desktop\ALL\SEM_7\project\jammalamadugu\new_obj\tamilnadu_pipeline\data\raw\nasapower\power_TNP_0019_2019.json,809.7,
2026-08-03 15:09:24,TNP_0019,2020,OK,C:\Users\jaswi\OneDrive\Desktop\ALL\SEM_7\project\jammalamadugu\new_obj\tamilnadu_pipeline\data\raw\nasapower\power_TNP_0019_2020.json,811.9,
2026-08-03 15:09:27,TNP_0019,2021,OK,C:\Users\jaswi\OneDrive\Desktop\ALL\SEM_7\project\jammalamadugu\new_obj\tamilnadu_pipeline\data\raw\nasapower\power_TNP_0019_2021.json,809.7,
2026-08-03 15:09:30,TNP_0019,2022,OK,C:\Users\jaswi\OneDrive\Desktop\ALL\SEM_7\project\jammalamadugu\new_obj\tamilnadu_pipeline\data\raw\nasapower\power_TNP_0019_2022.json,809.6,
2026-08-03 15:09:34,TNP_0019,2023,OK,C:\Users\jaswi\OneDrive\Desktop\ALL\SEM_7\project\jammalamadugu\new_obj\tamilnadu_pipeline\data\raw\nasapower\power_TNP_0019_2023.json,809.8,
2026-08-03 15:09:37,TNP_0019,2024,OK,C:\Users\jaswi\OneDrive\Desktop\ALL\SEM_7\project\jammalamadugu\new_obj\tamilnadu_pipeline\data\raw\nasapower\power_TNP_0019_2024.json,811.8,
2026-08-03 15:09:40,TNP_0019,2025,OK,C:\Users\jaswi\OneDrive\Desktop\ALL\SEM_7\project\jammalamadugu\new_obj\tamilnadu_pipeline\data\raw\nasapower\power_TNP_0019_2025.json,809.5,
2026-08-03 15:09:43,TNP_0020,2016,OK,C:\Users\jaswi\OneDrive\Desktop\ALL\SEM_7\project\jammalamadugu\new_obj\tamilnadu_pipeline\data\raw\nasapower\power_TNP_0020_2016.json,812.0,
2026-08-03 15:09:47,TNP_0020,2017,OK,C:\Users\jaswi\OneDrive\Desktop\ALL\SEM_7\project\jammalamadugu\new_obj\tamilnadu_pipeline\data\raw\nasapower\power_TNP_0020_2017.json,809.7,
2026-08-03 15:09:49,TNP_0020,2018,OK,C:\Users\jaswi\OneDrive\Desktop\ALL\SEM_7\project\jammalamadugu\new_obj\tamilnadu_pipeline\data\raw\nasapower\power_TNP_0020_2018.json,809.8,
2026-08-03 15:09:53,TNP_0020,2019,OK,C:\Users\jaswi\OneDrive\Desktop\ALL\SEM_7\project\jammalamadugu\new_obj\tamilnadu_pipeline\data\raw\nasapower\power_TNP_0020_2019.json,809.8,
2026-08-03 15:09:56,TNP_0020,2020,OK,C:\Users\jaswi\OneDrive\Desktop\ALL\SEM_7\project\jammalamadugu\new_obj\tamilnadu_pipeline\data\raw\nasapower\power_TNP_0020_2020.json,811.9,
2026-08-03 15:09:59,TNP_0020,2021,OK,C:\Users\jaswi\OneDrive\Desktop\ALL\SEM_7\project\jammalamadugu\new_obj\tamilnadu_pipeline\data\raw\nasapower\power_TNP_0020_2021.json,809.7,
2026-08-03 15:10:03,TNP_0020,2022,OK,C:\Users\jaswi\OneDrive\Desktop\ALL\SEM_7\project\jammalamadugu\new_obj\tamilnadu_pipeline\data\raw\nasapower\power_TNP_0020_2022.json,809.7,
2026-08-03 15:10:05,TNP_0020,2023,OK,C:\Users\jaswi\OneDrive\Desktop\ALL\SEM_7\project\jammalamadugu\new_obj\tamilnadu_pipeline\data\raw\nasapower\power_TNP_0020_2023.json,809.7,
2026-08-03 15:10:09,TNP_0020,2024,OK,C:\Users\jaswi\OneDrive\Desktop\ALL\SEM_7\project\jammalamadugu\new_obj\tamilnadu_pipeline\data\raw\nasapower\power_TNP_0020_2024.json,812.1,
2026-08-03 15:10:11,TNP_0020,2025,OK,C:\Users\jaswi\OneDrive\Desktop\ALL\SEM_7\project\jammalamadugu\new_obj\tamilnadu_pipeline\data\raw\nasapower\power_TNP_0020_2025.json,809.7,
2026-08-03 15:10:14,TNP_0021,2016,OK,C:\Users\jaswi\OneDrive\Desktop\ALL\SEM_7\project\jammalamadugu\new_obj\tamilnadu_pipeline\data\raw\nasapower\power_TNP_0021_2016.json,811.9,
2026-08-03 15:10:17,TNP_0021,2017,OK,C:\Users\jaswi\OneDrive\Desktop\ALL\SEM_7\project\jammalamadugu\new_obj\tamilnadu_pipeline\data\raw\nasapower\power_TNP_0021_2017.json,809.7,
2026-08-03 15:10:21,TNP_0021,2018,OK,C:\Users\jaswi\OneDrive\Desktop\ALL\SEM_7\project\jammalamadugu\new_obj\tamilnadu_pipeline\data\raw\nasapower\power_TNP_0021_2018.json,809.8,
2026-08-03 15:10:24,TNP_0021,2019,OK,C:\Users\jaswi\OneDrive\Desktop\ALL\SEM_7\project\jammalamadugu\new_obj\tamilnadu_pipeline\data\raw\nasapower\power_TNP_0021_2019.json,809.8,
2026-08-03 15:10:26,TNP_0021,2020,OK,C:\Users\jaswi\OneDrive\Desktop\ALL\SEM_7\project\jammalamadugu\new_obj\tamilnadu_pipeline\data\raw\nasapower\power_TNP_0021_2020.json,812.0,
2026-08-03 15:10:30,TNP_0021,2021,OK,C:\Users\jaswi\OneDrive\Desktop\ALL\SEM_7\project\jammalamadugu\new_obj\tamilnadu_pipeline\data\raw\nasapower\power_TNP_0021_2021.json,809.7,
2026-08-03 15:10:33,TNP_0021,2022,OK,C:\Users\jaswi\OneDrive\Desktop\ALL\SEM_7\project\jammalamadugu\new_obj\tamilnadu_pipeline\data\raw\nasapower\power_TNP_0021_2022.json,809.7,
2026-08-03 15:10:36,TNP_0021,2023,OK,C:\Users\jaswi\OneDrive\Desktop\ALL\SEM_7\project\jammalamadugu\new_obj\tamilnadu_pipeline\data\raw\nasapower\power_TNP_0021_2023.json,809.7,
2026-08-03 15:10:39,TNP_0021,2024,OK,C:\Users\jaswi\OneDrive\Desktop\ALL\SEM_7\project\jammalamadugu\new_obj\tamilnadu_pipeline\data\raw\nasapower\power_TNP_0021_2024.json,812.0,
2026-08-03 15:10:43,TNP_0021,2025,OK,C:\Users\jaswi\OneDrive\Desktop\ALL\SEM_7\project\jammalamadugu\new_obj\tamilnadu_pipeline\data\raw\nasapower\power_TNP_0021_2025.json,809.9,
2026-08-03 15:10:46,TNP_0022,2016,OK,C:\Users\jaswi\OneDrive\Desktop\ALL\SEM_7\project\jammalamadugu\new_obj\tamilnadu_pipeline\data\raw\nasapower\power_TNP_0022_2016.json,811.9,
2026-08-03 15:10:49,TNP_0022,2017,OK,C:\Users\jaswi\OneDrive\Desktop\ALL\SEM_7\project\jammalamadugu\new_obj\tamilnadu_pipeline\data\raw\nasapower\power_TNP_0022_2017.json,809.7,
2026-08-03 15:10:52,TNP_0022,2018,OK,C:\Users\jaswi\OneDrive\Desktop\ALL\SEM_7\project\jammalamadugu\new_obj\tamilnadu_pipeline\data\raw\nasapower\power_TNP_0022_2018.json,809.8,
2026-08-03 15:10:55,TNP_0022,2019,OK,C:\Users\jaswi\OneDrive\Desktop\ALL\SEM_7\project\jammalamadugu\new_obj\tamilnadu_pipeline\data\raw\nasapower\power_TNP_0022_2019.json,809.8,
2026-08-03 15:10:57,TNP_0022,2020,OK,C:\Users\jaswi\OneDrive\Desktop\ALL\SEM_7\project\jammalamadugu\new_obj\tamilnadu_pipeline\data\raw\nasapower\power_TNP_0022_2020.json,811.9,
2026-08-03 15:11:00,TNP_0022,2021,OK,C:\Users\jaswi\OneDrive\Desktop\ALL\SEM_7\project\jammalamadugu\new_obj\tamilnadu_pipeline\data\raw\nasapower\power_TNP_0022_2021.json,809.7,
2026-08-03 15:11:04,TNP_0022,2022,OK,C:\Users\jaswi\OneDrive\Desktop\ALL\SEM_7\project\jammalamadugu\new_obj\tamilnadu_pipeline\data\raw\nasapower\power_TNP_0022_2022.json,809.7,
2026-08-03 15:11:07,TNP_0022,2023,OK,C:\Users\jaswi\OneDrive\Desktop\ALL\SEM_7\project\jammalamadugu\new_obj\tamilnadu_pipeline\data\raw\nasapower\power_TNP_0022_2023.json,809.7,
2026-08-03 15:11:10,TNP_0022,2024,OK,C:\Users\jaswi\OneDrive\Desktop\ALL\SEM_7\project\jammalamadugu\new_obj\tamilnadu_pipeline\data\raw\nasapower\power_TNP_0022_2024.json,812.0,
2026-08-03 15:11:13,TNP_0022,2025,OK,C:\Users\jaswi\OneDrive\Desktop\ALL\SEM_7\project\jammalamadugu\new_obj\tamilnadu_pipeline\data\raw\nasapower\power_TNP_0022_2025.json,809.9,
2026-08-03 15:11:17,TNP_0023,2016,OK,C:\Users\jaswi\OneDrive\Desktop\ALL\SEM_7\project\jammalamadugu\new_obj\tamilnadu_pipeline\data\raw\nasapower\power_TNP_0023_2016.json,811.9,
2026-08-03 15:11:19,TNP_0023,2017,OK,C:\Users\jaswi\OneDrive\Desktop\ALL\SEM_7\project\jammalamadugu\new_obj\tamilnadu_pipeline\data\raw\nasapower\power_TNP_0023_2017.json,809.6,
2026-08-03 15:11:22,TNP_0023,2018,OK,C:\Users\jaswi\OneDrive\Desktop\ALL\SEM_7\project\jammalamadugu\new_obj\tamilnadu_pipeline\data\raw\nasapower\power_TNP_0023_2018.json,809.6,
2026-08-03 15:11:26,TNP_0023,2019,OK,C:\Users\jaswi\OneDrive\Desktop\ALL\SEM_7\project\jammalamadugu\new_obj\tamilnadu_pipeline\data\raw\nasapower\power_TNP_0023_2019.json,809.6,
2026-08-03 15:11:29,TNP_0023,2020,OK,C:\Users\jaswi\OneDrive\Desktop\ALL\SEM_7\project\jammalamadugu\new_obj\tamilnadu_pipeline\data\raw\nasapower\power_TNP_0023_2020.json,811.9,
2026-08-03 15:11:32,TNP_0023,2021,OK,C:\Users\jaswi\OneDrive\Desktop\ALL\SEM_7\project\jammalamadugu\new_obj\tamilnadu_pipeline\data\raw\nasapower\power_TNP_0023_2021.json,809.7,
2026-08-03 15:11:36,TNP_0023,2022,OK,C:\Users\jaswi\OneDrive\Desktop\ALL\SEM_7\project\jammalamadugu\new_obj\tamilnadu_pipeline\data\raw\nasapower\power_TNP_0023_2022.json,809.8,
2026-08-03 15:11:39,TNP_0023,2023,OK,C:\Users\jaswi\OneDrive\Desktop\ALL\SEM_7\project\jammalamadugu\new_obj\tamilnadu_pipeline\data\raw\nasapower\power_TNP_0023_2023.json,809.5,
2026-08-03 15:11:42,TNP_0023,2024,OK,C:\Users\jaswi\OneDrive\Desktop\ALL\SEM_7\project\jammalamadugu\new_obj\tamilnadu_pipeline\data\raw\nasapower\power_TNP_0023_2024.json,811.8,
2026-08-03 15:11:46,TNP_0023,2025,OK,C:\Users\jaswi\OneDrive\Desktop\ALL\SEM_7\project\jammalamadugu\new_obj\tamilnadu_pipeline\data\raw\nasapower\power_TNP_0023_2025.json,809.6,
2026-08-03 15:11:48,TNP_0024,2016,OK,C:\Users\jaswi\OneDrive\Desktop\ALL\SEM_7\project\jammalamadugu\new_obj\tamilnadu_pipeline\data\raw\nasapower\power_TNP_0024_2016.json,811.9,
2026-08-03 15:11:52,TNP_0024,2017,OK,C:\Users\jaswi\OneDrive\Desktop\ALL\SEM_7\project\jammalamadugu\new_obj\tamilnadu_pipeline\data\raw\nasapower\power_TNP_0024_2017.json,809.8,
2026-08-03 15:11:55,TNP_0024,2018,OK,C:\Users\jaswi\OneDrive\Desktop\ALL\SEM_7\project\jammalamadugu\new_obj\tamilnadu_pipeline\data\raw\nasapower\power_TNP_0024_2018.json,809.8,
2026-08-03 15:11:58,TNP_0024,2019,OK,C:\Users\jaswi\OneDrive\Desktop\ALL\SEM_7\project\jammalamadugu\new_obj\tamilnadu_pipeline\data\raw\nasapower\power_TNP_0024_2019.json,809.9,
2026-08-03 15:12:01,TNP_0024,2020,OK,C:\Users\jaswi\OneDrive\Desktop\ALL\SEM_7\project\jammalamadugu\new_obj\tamilnadu_pipeline\data\raw\nasapower\power_TNP_0024_2020.json,812.0,
2026-08-03 15:12:04,TNP_0024,2021,OK,C:\Users\jaswi\OneDrive\Desktop\ALL\SEM_7\project\jammalamadugu\new_obj\tamilnadu_pipeline\data\raw\nasapower\power_TNP_0024_2021.json,809.8,
2026-08-03 15:12:07,TNP_0024,2022,OK,C:\Users\jaswi\OneDrive\Desktop\ALL\SEM_7\project\jammalamadugu\new_obj\tamilnadu_pipeline\data\raw\nasapower\power_TNP_0024_2022.json,809.8,
2026-08-03 15:12:11,TNP_0024,2023,OK,C:\Users\jaswi\OneDrive\Desktop\ALL\SEM_7\project\jammalamadugu\new_obj\tamilnadu_pipeline\data\raw\nasapower\power_TNP_0024_2023.json,809.8,
2026-08-03 15:12:14,TNP_0024,2024,OK,C:\Users\jaswi\OneDrive\Desktop\ALL\SEM_7\project\jammalamadugu\new_obj\tamilnadu_pipeline\data\raw\nasapower\power_TNP_0024_2024.json,812.0,
2026-08-03 15:12:17,TNP_0024,2025,OK,C:\Users\jaswi\OneDrive\Desktop\ALL\SEM_7\project\jammalamadugu\new_obj\tamilnadu_pipeline\data\raw\nasapower\power_TNP_0024_2025.json,809.8,
2026-08-03 15:12:21,TNP_0025,2016,OK,C:\Users\jaswi\OneDrive\Desktop\ALL\SEM_7\project\jammalamadugu\new_obj\tamilnadu_pipeline\data\raw\nasapower\power_TNP_0025_2016.json,812.0,
2026-08-03 15:12:24,TNP_0025,2017,OK,C:\Users\jaswi\OneDrive\Desktop\ALL\SEM_7\project\jammalamadugu\new_obj\tamilnadu_pipeline\data\raw\nasapower\power_TNP_0025_2017.json,809.7,
2026-08-03 15:12:27,TNP_0025,2018,OK,C:\Users\jaswi\OneDrive\Desktop\ALL\SEM_7\project\jammalamadugu\new_obj\tamilnadu_pipeline\data\raw\nasapower\power_TNP_0025_2018.json,809.8,
2026-08-03 15:12:31,TNP_0025,2019,OK,C:\Users\jaswi\OneDrive\Desktop\ALL\SEM_7\project\jammalamadugu\new_obj\tamilnadu_pipeline\data\raw\nasapower\power_TNP_0025_2019.json,809.8,
2026-08-03 15:12:34,TNP_0025,2020,OK,C:\Users\jaswi\OneDrive\Desktop\ALL\SEM_7\project\jammalamadugu\new_obj\tamilnadu_pipeline\data\raw\nasapower\power_TNP_0025_2020.json,811.9,
2026-08-03 15:12:37,TNP_0025,2021,OK,C:\Users\jaswi\OneDrive\Desktop\ALL\SEM_7\project\jammalamadugu\new_obj\tamilnadu_pipeline\data\raw\nasapower\power_TNP_0025_2021.json,809.7,
2026-08-03 15:12:40,TNP_0025,2022,OK,C:\Users\jaswi\OneDrive\Desktop\ALL\SEM_7\project\jammalamadugu\new_obj\tamilnadu_pipeline\data\raw\nasapower\power_TNP_0025_2022.json,809.7,
2026-08-03 15:12:43,TNP_0025,2023,OK,C:\Users\jaswi\OneDrive\Desktop\ALL\SEM_7\project\jammalamadugu\new_obj\tamilnadu_pipeline\data\raw\nasapower\power_TNP_0025_2023.json,809.6,
2026-08-03 15:12:45,TNP_0025,2024,OK,C:\Users\jaswi\OneDrive\Desktop\ALL\SEM_7\project\jammalamadugu\new_obj\tamilnadu_pipeline\data\raw\nasapower\power_TNP_0025_2024.json,812.0,
2026-08-03 15:12:48,TNP_0025,2025,OK,C:\Users\jaswi\OneDrive\Desktop\ALL\SEM_7\project\jammalamadugu\new_obj\tamilnadu_pipeline\data\raw\nasapower\power_TNP_0025_2025.json,809.8,
2026-08-03 15:12:51,TNP_0026,2016,OK,C:\Users\jaswi\OneDrive\Desktop\ALL\SEM_7\project\jammalamadugu\new_obj\tamilnadu_pipeline\data\raw\nasapower\power_TNP_0026_2016.json,811.9,
2026-08-03 15:12:55,TNP_0026,2017,OK,C:\Users\jaswi\OneDrive\Desktop\ALL\SEM_7\project\jammalamadugu\new_obj\tamilnadu_pipeline\data\raw\nasapower\power_TNP_0026_2017.json,809.9,
2026-08-03 15:12:58,TNP_0026,2018,OK,C:\Users\jaswi\OneDrive\Desktop\ALL\SEM_7\project\jammalamadugu\new_obj\tamilnadu_pipeline\data\raw\nasapower\power_TNP_0026_2018.json,810.0,
2026-08-03 15:13:00,TNP_0026,2019,OK,C:\Users\jaswi\OneDrive\Desktop\ALL\SEM_7\project\jammalamadugu\new_obj\tamilnadu_pipeline\data\raw\nasapower\power_TNP_0026_2019.json,810.0,
2026-08-03 15:13:04,TNP_0026,2020,OK,C:\Users\jaswi\OneDrive\Desktop\ALL\SEM_7\project\jammalamadugu\new_obj\tamilnadu_pipeline\data\raw\nasapower\power_TNP_0026_2020.json,812.0,
2026-08-03 15:13:07,TNP_0026,2021,OK,C:\Users\jaswi\OneDrive\Desktop\ALL\SEM_7\project\jammalamadugu\new_obj\tamilnadu_pipeline\data\raw\nasapower\power_TNP_0026_2021.json,809.8,
2026-08-03 15:13:11,TNP_0026,2022,OK,C:\Users\jaswi\OneDrive\Desktop\ALL\SEM_7\project\jammalamadugu\new_obj\tamilnadu_pipeline\data\raw\nasapower\power_TNP_0026_2022.json,809.8,
2026-08-03 15:13:14,TNP_0026,2023,OK,C:\Users\jaswi\OneDrive\Desktop\ALL\SEM_7\project\jammalamadugu\new_obj\tamilnadu_pipeline\data\raw\nasapower\power_TNP_0026_2023.json,809.9,
2026-08-03 15:13:17,TNP_0026,2024,OK,C:\Users\jaswi\OneDrive\Desktop\ALL\SEM_7\project\jammalamadugu\new_obj\tamilnadu_pipeline\data\raw\nasapower\power_TNP_0026_2024.json,812.1,
2026-08-03 15:13:20,TNP_0026,2025,OK,C:\Users\jaswi\OneDrive\Desktop\ALL\SEM_7\project\jammalamadugu\new_obj\tamilnadu_pipeline\data\raw\nasapower\power_TNP_0026_2025.json,809.9,
2026-08-03 15:13:24,TNP_0027,2016,OK,C:\Users\jaswi\OneDrive\Desktop\ALL\SEM_7\project\jammalamadugu\new_obj\tamilnadu_pipeline\data\raw\nasapower\power_TNP_0027_2016.json,811.9,
2026-08-03 15:13:27,TNP_0027,2017,OK,C:\Users\jaswi\OneDrive\Desktop\ALL\SEM_7\project\jammalamadugu\new_obj\tamilnadu_pipeline\data\raw\nasapower\power_TNP_0027_2017.json,809.8,
2026-08-03 15:13:30,TNP_0027,2018,OK,C:\Users\jaswi\OneDrive\Desktop\ALL\SEM_7\project\jammalamadugu\new_obj\tamilnadu_pipeline\data\raw\nasapower\power_TNP_0027_2018.json,809.8,
2026-08-03 15:13:33,TNP_0027,2019,OK,C:\Users\jaswi\OneDrive\Desktop\ALL\SEM_7\project\jammalamadugu\new_obj\tamilnadu_pipeline\data\raw\nasapower\power_TNP_0027_2019.json,809.9,
2026-08-03 15:13:36,TNP_0027,2020,OK,C:\Users\jaswi\OneDrive\Desktop\ALL\SEM_7\project\jammalamadugu\new_obj\tamilnadu_pipeline\data\raw\nasapower\power_TNP_0027_2020.json,812.0,
2026-08-03 15:13:40,TNP_0027,2021,OK,C:\Users\jaswi\OneDrive\Desktop\ALL\SEM_7\project\jammalamadugu\new_obj\tamilnadu_pipeline\data\raw\nasapower\power_TNP_0027_2021.json,809.8,
2026-08-03 15:13:43,TNP_0027,2022,OK,C:\Users\jaswi\OneDrive\Desktop\ALL\SEM_7\project\jammalamadugu\new_obj\tamilnadu_pipeline\data\raw\nasapower\power_TNP_0027_2022.json,809.7,
2026-08-03 15:13:46,TNP_0027,2023,OK,C:\Users\jaswi\OneDrive\Desktop\ALL\SEM_7\project\jammalamadugu\new_obj\tamilnadu_pipeline\data\raw\nasapower\power_TNP_0027_2023.json,809.9,
2026-08-03 15:13:49,TNP_0027,2024,OK,C:\Users\jaswi\OneDrive\Desktop\ALL\SEM_7\project\jammalamadugu\new_obj\tamilnadu_pipeline\data\raw\nasapower\power_TNP_0027_2024.json,812.0,
2026-08-03 15:13:52,TNP_0027,2025,OK,C:\Users\jaswi\OneDrive\Desktop\ALL\SEM_7\project\jammalamadugu\new_obj\tamilnadu_pipeline\data\raw\nasapower\power_TNP_0027_2025.json,809.8,
2026-08-03 15:13:55,TNP_0028,2016,OK,C:\Users\jaswi\OneDrive\Desktop\ALL\SEM_7\project\jammalamadugu\new_obj\tamilnadu_pipeline\data\raw\nasapower\power_TNP_0028_2016.json,812.0,
2026-08-03 15:13:58,TNP_0028,2017,OK,C:\Users\jaswi\OneDrive\Desktop\ALL\SEM_7\project\jammalamadugu\new_obj\tamilnadu_pipeline\data\raw\nasapower\power_TNP_0028_2017.json,809.7,
2026-08-03 15:14:01,TNP_0028,2018,OK,C:\Users\jaswi\OneDrive\Desktop\ALL\SEM_7\project\jammalamadugu\new_obj\tamilnadu_pipeline\data\raw\nasapower\power_TNP_0028_2018.json,809.8,
2026-08-03 15:14:04,TNP_0028,2019,OK,C:\Users\jaswi\OneDrive\Desktop\ALL\SEM_7\project\jammalamadugu\new_obj\tamilnadu_pipeline\data\raw\nasapower\power_TNP_0028_2019.json,809.8,
2026-08-03 15:14:07,TNP_0028,2020,OK,C:\Users\jaswi\OneDrive\Desktop\ALL\SEM_7\project\jammalamadugu\new_obj\tamilnadu_pipeline\data\raw\nasapower\power_TNP_0028_2020.json,811.9,
2026-08-03 15:14:11,TNP_0028,2021,OK,C:\Users\jaswi\OneDrive\Desktop\ALL\SEM_7\project\jammalamadugu\new_obj\tamilnadu_pipeline\data\raw\nasapower\power_TNP_0028_2021.json,809.7,
2026-08-03 15:14:13,TNP_0028,2022,OK,C:\Users\jaswi\OneDrive\Desktop\ALL\SEM_7\project\jammalamadugu\new_obj\tamilnadu_pipeline\data\raw\nasapower\power_TNP_0028_2022.json,809.7,
2026-08-03 15:14:17,TNP_0028,2023,OK,C:\Users\jaswi\OneDrive\Desktop\ALL\SEM_7\project\jammalamadugu\new_obj\tamilnadu_pipeline\data\raw\nasapower\power_TNP_0028_2023.json,809.7,
2026-08-03 15:14:20,TNP_0028,2024,OK,C:\Users\jaswi\OneDrive\Desktop\ALL\SEM_7\project\jammalamadugu\new_obj\tamilnadu_pipeline\data\raw\nasapower\power_TNP_0028_2024.json,812.1,
2026-08-03 15:14:23,TNP_0028,2025,OK,C:\Users\jaswi\OneDrive\Desktop\ALL\SEM_7\project\jammalamadugu\new_obj\tamilnadu_pipeline\data\raw\nasapower\power_TNP_0028_2025.json,809.7,
2026-08-03 15:14:27,TNP_0029,2016,OK,C:\Users\jaswi\OneDrive\Desktop\ALL\SEM_7\project\jammalamadugu\new_obj\tamilnadu_pipeline\data\raw\nasapower\power_TNP_0029_2016.json,811.8,
2026-08-03 15:14:30,TNP_0029,2017,OK,C:\Users\jaswi\OneDrive\Desktop\ALL\SEM_7\project\jammalamadugu\new_obj\tamilnadu_pipeline\data\raw\nasapower\power_TNP_0029_2017.json,809.6,
2026-08-03 15:14:33,TNP_0029,2018,OK,C:\Users\jaswi\OneDrive\Desktop\ALL\SEM_7\project\jammalamadugu\new_obj\tamilnadu_pipeline\data\raw\nasapower\power_TNP_0029_2018.json,809.6,
2026-08-03 15:14:37,TNP_0029,2019,OK,C:\Users\jaswi\OneDrive\Desktop\ALL\SEM_7\project\jammalamadugu\new_obj\tamilnadu_pipeline\data\raw\nasapower\power_TNP_0029_2019.json,809.7,
2026-08-03 15:14:40,TNP_0029,2020,OK,C:\Users\jaswi\OneDrive\Desktop\ALL\SEM_7\project\jammalamadugu\new_obj\tamilnadu_pipeline\data\raw\nasapower\power_TNP_0029_2020.json,811.7,
2026-08-03 15:14:43,TNP_0029,2021,OK,C:\Users\jaswi\OneDrive\Desktop\ALL\SEM_7\project\jammalamadugu\new_obj\tamilnadu_pipeline\data\raw\nasapower\power_TNP_0029_2021.json,809.7,
2026-08-03 15:14:47,TNP_0029,2022,OK,C:\Users\jaswi\OneDrive\Desktop\ALL\SEM_7\project\jammalamadugu\new_obj\tamilnadu_pipeline\data\raw\nasapower\power_TNP_0029_2022.json,809.7,
2026-08-03 15:14:50,TNP_0029,2023,OK,C:\Users\jaswi\OneDrive\Desktop\ALL\SEM_7\project\jammalamadugu\new_obj\tamilnadu_pipeline\data\raw\nasapower\power_TNP_0029_2023.json,809.5,
2026-08-03 15:14:53,TNP_0029,2024,OK,C:\Users\jaswi\OneDrive\Desktop\ALL\SEM_7\project\jammalamadugu\new_obj\tamilnadu_pipeline\data\raw\nasapower\power_TNP_0029_2024.json,811.8,
2026-08-03 15:14:56,TNP_0029,2025,OK,C:\Users\jaswi\OneDrive\Desktop\ALL\SEM_7\project\jammalamadugu\new_obj\tamilnadu_pipeline\data\raw\nasapower\power_TNP_0029_2025.json,809.7,
2026-08-03 15:14:59,TNP_0030,2016,OK,C:\Users\jaswi\OneDrive\Desktop\ALL\SEM_7\project\jammalamadugu\new_obj\tamilnadu_pipeline\data\raw\nasapower\power_TNP_0030_2016.json,811.9,
2026-08-03 15:15:02,TNP_0030,2017,OK,C:\Users\jaswi\OneDrive\Desktop\ALL\SEM_7\project\jammalamadugu\new_obj\tamilnadu_pipeline\data\raw\nasapower\power_TNP_0030_2017.json,809.8,
2026-08-03 15:15:06,TNP_0030,2018,OK,C:\Users\jaswi\OneDrive\Desktop\ALL\SEM_7\project\jammalamadugu\new_obj\tamilnadu_pipeline\data\raw\nasapower\power_TNP_0030_2018.json,809.8,
2026-08-03 15:15:09,TNP_0030,2019,OK,C:\Users\jaswi\OneDrive\Desktop\ALL\SEM_7\project\jammalamadugu\new_obj\tamilnadu_pipeline\data\raw\nasapower\power_TNP_0030_2019.json,809.9,
2026-08-03 15:15:12,TNP_0030,2020,OK,C:\Users\jaswi\OneDrive\Desktop\ALL\SEM_7\project\jammalamadugu\new_obj\tamilnadu_pipeline\data\raw\nasapower\power_TNP_0030_2020.json,812.0,
2026-08-03 15:15:16,TNP_0030,2021,OK,C:\Users\jaswi\OneDrive\Desktop\ALL\SEM_7\project\jammalamadugu\new_obj\tamilnadu_pipeline\data\raw\nasapower\power_TNP_0030_2021.json,809.8,
2026-08-03 15:15:19,TNP_0030,2022,OK,C:\Users\jaswi\OneDrive\Desktop\ALL\SEM_7\project\jammalamadugu\new_obj\tamilnadu_pipeline\data\raw\nasapower\power_TNP_0030_2022.json,809.8,
2026-08-03 15:15:22,TNP_0030,2023,OK,C:\Users\jaswi\OneDrive\Desktop\ALL\SEM_7\project\jammalamadugu\new_obj\tamilnadu_pipeline\data\raw\nasapower\power_TNP_0030_2023.json,809.8,
2026-08-03 15:15:25,TNP_0030,2024,OK,C:\Users\jaswi\OneDrive\Desktop\ALL\SEM_7\project\jammalamadugu\new_obj\tamilnadu_pipeline\data\raw\nasapower\power_TNP_0030_2024.json,812.0,
2026-08-03 15:15:28,TNP_0030,2025,OK,C:\Users\jaswi\OneDrive\Desktop\ALL\SEM_7\project\jammalamadugu\new_obj\tamilnadu_pipeline\data\raw\nasapower\power_TNP_0030_2025.json,809.8,
2026-08-03 15:15:32,TNP_0031,2016,OK,C:\Users\jaswi\OneDrive\Desktop\ALL\SEM_7\project\jammalamadugu\new_obj\tamilnadu_pipeline\data\raw\nasapower\power_TNP_0031_2016.json,811.9,
2026-08-03 15:15:34,TNP_0031,2017,OK,C:\Users\jaswi\OneDrive\Desktop\ALL\SEM_7\project\jammalamadugu\new_obj\tamilnadu_pipeline\data\raw\nasapower\power_TNP_0031_2017.json,809.7,
2026-08-03 15:15:38,TNP_0031,2018,OK,C:\Users\jaswi\OneDrive\Desktop\ALL\SEM_7\project\jammalamadugu\new_obj\tamilnadu_pipeline\data\raw\nasapower\power_TNP_0031_2018.json,809.7,
2026-08-03 15:15:41,TNP_0031,2019,OK,C:\Users\jaswi\OneDrive\Desktop\ALL\SEM_7\project\jammalamadugu\new_obj\tamilnadu_pipeline\data\raw\nasapower\power_TNP_0031_2019.json,809.7,
2026-08-03 15:15:44,TNP_0031,2020,OK,C:\Users\jaswi\OneDrive\Desktop\ALL\SEM_7\project\jammalamadugu\new_obj\tamilnadu_pipeline\data\raw\nasapower\power_TNP_0031_2020.json,811.9,
2026-08-03 15:15:48,TNP_0031,2021,OK,C:\Users\jaswi\OneDrive\Desktop\ALL\SEM_7\project\jammalamadugu\new_obj\tamilnadu_pipeline\data\raw\nasapower\power_TNP_0031_2021.json,809.7,
2026-08-03 15:15:50,TNP_0031,2022,OK,C:\Users\jaswi\OneDrive\Desktop\ALL\SEM_7\project\jammalamadugu\new_obj\tamilnadu_pipeline\data\raw\nasapower\power_TNP_0031_2022.json,809.7,
2026-08-03 15:15:54,TNP_0031,2023,OK,C:\Users\jaswi\OneDrive\Desktop\ALL\SEM_7\project\jammalamadugu\new_obj\tamilnadu_pipeline\data\raw\nasapower\power_TNP_0031_2023.json,809.7,
2026-08-03 15:15:57,TNP_0031,2024,OK,C:\Users\jaswi\OneDrive\Desktop\ALL\SEM_7\project\jammalamadugu\new_obj\tamilnadu_pipeline\data\raw\nasapower\power_TNP_0031_2024.json,811.9,
2026-08-03 15:16:00,TNP_0031,2025,OK,C:\Users\jaswi\OneDrive\Desktop\ALL\SEM_7\project\jammalamadugu\new_obj\tamilnadu_pipeline\data\raw\nasapower\power_TNP_0031_2025.json,809.7,
2026-08-03 15:16:04,TNP_0032,2016,OK,C:\Users\jaswi\OneDrive\Desktop\ALL\SEM_7\project\jammalamadugu\new_obj\tamilnadu_pipeline\data\raw\nasapower\power_TNP_0032_2016.json,811.9,
2026-08-03 15:16:07,TNP_0032,2017,OK,C:\Users\jaswi\OneDrive\Desktop\ALL\SEM_7\project\jammalamadugu\new_obj\tamilnadu_pipeline\data\raw\nasapower\power_TNP_0032_2017.json,809.7,
2026-08-03 15:16:10,TNP_0032,2018,OK,C:\Users\jaswi\OneDrive\Desktop\ALL\SEM_7\project\jammalamadugu\new_obj\tamilnadu_pipeline\data\raw\nasapower\power_TNP_0032_2018.json,809.6,
2026-08-03 15:16:14,TNP_0032,2019,OK,C:\Users\jaswi\OneDrive\Desktop\ALL\SEM_7\project\jammalamadugu\new_obj\tamilnadu_pipeline\data\raw\nasapower\power_TNP_0032_2019.json,809.7,
2026-08-03 15:16:17,TNP_0032,2020,OK,C:\Users\jaswi\OneDrive\Desktop\ALL\SEM_7\project\jammalamadugu\new_obj\tamilnadu_pipeline\data\raw\nasapower\power_TNP_0032_2020.json,811.9,
2026-08-03 15:16:20,TNP_0032,2021,OK,C:\Users\jaswi\OneDrive\Desktop\ALL\SEM_7\project\jammalamadugu\new_obj\tamilnadu_pipeline\data\raw\nasapower\power_TNP_0032_2021.json,809.7,
2026-08-03 15:16:23,TNP_0032,2022,OK,C:\Users\jaswi\OneDrive\Desktop\ALL\SEM_7\project\jammalamadugu\new_obj\tamilnadu_pipeline\data\raw\nasapower\power_TNP_0032_2022.json,809.6,
2026-08-03 15:16:27,TNP_0032,2023,OK,C:\Users\jaswi\OneDrive\Desktop\ALL\SEM_7\project\jammalamadugu\new_obj\tamilnadu_pipeline\data\raw\nasapower\power_TNP_0032_2023.json,809.8,
2026-08-03 15:16:30,TNP_0032,2024,OK,C:\Users\jaswi\OneDrive\Desktop\ALL\SEM_7\project\jammalamadugu\new_obj\tamilnadu_pipeline\data\raw\nasapower\power_TNP_0032_2024.json,811.8,
2026-08-03 15:16:33,TNP_0032,2025,OK,C:\Users\jaswi\OneDrive\Desktop\ALL\SEM_7\project\jammalamadugu\new_obj\tamilnadu_pipeline\data\raw\nasapower\power_TNP_0032_2025.json,809.5,
2026-08-03 15:16:36,TNP_0033,2016,OK,C:\Users\jaswi\OneDrive\Desktop\ALL\SEM_7\project\jammalamadugu\new_obj\tamilnadu_pipeline\data\raw\nasapower\power_TNP_0033_2016.json,811.8,
2026-08-03 15:16:40,TNP_0033,2017,OK,C:\Users\jaswi\OneDrive\Desktop\ALL\SEM_7\project\jammalamadugu\new_obj\tamilnadu_pipeline\data\raw\nasapower\power_TNP_0033_2017.json,809.6,
2026-08-03 15:16:43,TNP_0033,2018,OK,C:\Users\jaswi\OneDrive\Desktop\ALL\SEM_7\project\jammalamadugu\new_obj\tamilnadu_pipeline\data\raw\nasapower\power_TNP_0033_2018.json,809.6,
2026-08-03 15:16:46,TNP_0033,2019,OK,C:\Users\jaswi\OneDrive\Desktop\ALL\SEM_7\project\jammalamadugu\new_obj\tamilnadu_pipeline\data\raw\nasapower\power_TNP_0033_2019.json,809.7,
2026-08-03 15:16:50,TNP_0033,2020,OK,C:\Users\jaswi\OneDrive\Desktop\ALL\SEM_7\project\jammalamadugu\new_obj\tamilnadu_pipeline\data\raw\nasapower\power_TNP_0033_2020.json,811.7,
2026-08-03 15:16:53,TNP_0033,2021,OK,C:\Users\jaswi\OneDrive\Desktop\ALL\SEM_7\project\jammalamadugu\new_obj\tamilnadu_pipeline\data\raw\nasapower\power_TNP_0033_2021.json,809.7,
2026-08-03 15:16:56,TNP_0033,2022,OK,C:\Users\jaswi\OneDrive\Desktop\ALL\SEM_7\project\jammalamadugu\new_obj\tamilnadu_pipeline\data\raw\nasapower\power_TNP_0033_2022.json,809.7,
2026-08-03 15:16:59,TNP_0033,2023,OK,C:\Users\jaswi\OneDrive\Desktop\ALL\SEM_7\project\jammalamadugu\new_obj\tamilnadu_pipeline\data\raw\nasapower\power_TNP_0033_2023.json,809.5,
2026-08-03 15:17:02,TNP_0033,2024,OK,C:\Users\jaswi\OneDrive\Desktop\ALL\SEM_7\project\jammalamadugu\new_obj\tamilnadu_pipeline\data\raw\nasapower\power_TNP_0033_2024.json,811.8,
2026-08-03 15:17:05,TNP_0033,2025,OK,C:\Users\jaswi\OneDrive\Desktop\ALL\SEM_7\project\jammalamadugu\new_obj\tamilnadu_pipeline\data\raw\nasapower\power_TNP_0033_2025.json,809.7,
2026-08-03 15:17:08,TNP_0034,2016,OK,C:\Users\jaswi\OneDrive\Desktop\ALL\SEM_7\project\jammalamadugu\new_obj\tamilnadu_pipeline\data\raw\nasapower\power_TNP_0034_2016.json,811.9,
2026-08-03 15:17:11,TNP_0034,2017,OK,C:\Users\jaswi\OneDrive\Desktop\ALL\SEM_7\project\jammalamadugu\new_obj\tamilnadu_pipeline\data\raw\nasapower\power_TNP_0034_2017.json,809.7,
2026-08-03 15:17:14,TNP_0034,2018,OK,C:\Users\jaswi\OneDrive\Desktop\ALL\SEM_7\project\jammalamadugu\new_obj\tamilnadu_pipeline\data\raw\nasapower\power_TNP_0034_2018.json,809.7,
2026-08-03 15:17:18,TNP_0034,2019,OK,C:\Users\jaswi\OneDrive\Desktop\ALL\SEM_7\project\jammalamadugu\new_obj\tamilnadu_pipeline\data\raw\nasapower\power_TNP_0034_2019.json,809.8,
2026-08-03 15:17:21,TNP_0034,2020,OK,C:\Users\jaswi\OneDrive\Desktop\ALL\SEM_7\project\jammalamadugu\new_obj\tamilnadu_pipeline\data\raw\nasapower\power_TNP_0034_2020.json,811.9,
2026-08-03 15:17:24,TNP_0034,2021,OK,C:\Users\jaswi\OneDrive\Desktop\ALL\SEM_7\project\jammalamadugu\new_obj\tamilnadu_pipeline\data\raw\nasapower\power_TNP_0034_2021.json,809.7,
2026-08-03 15:17:28,TNP_0034,2022,OK,C:\Users\jaswi\OneDrive\Desktop\ALL\SEM_7\project\jammalamadugu\new_obj\tamilnadu_pipeline\data\raw\nasapower\power_TNP_0034_2022.json,809.8,
2026-08-03 15:17:30,TNP_0034,2023,OK,C:\Users\jaswi\OneDrive\Desktop\ALL\SEM_7\project\jammalamadugu\new_obj\tamilnadu_pipeline\data\raw\nasapower\power_TNP_0034_2023.json,809.8,
2026-08-03 15:17:33,TNP_0034,2024,OK,C:\Users\jaswi\OneDrive\Desktop\ALL\SEM_7\project\jammalamadugu\new_obj\tamilnadu_pipeline\data\raw\nasapower\power_TNP_0034_2024.json,812.0,
2026-08-03 15:17:37,TNP_0034,2025,OK,C:\Users\jaswi\OneDrive\Desktop\ALL\SEM_7\project\jammalamadugu\new_obj\tamilnadu_pipeline\data\raw\nasapower\power_TNP_0034_2025.json,809.6,
2026-08-03 15:17:40,TNP_0035,2016,OK,C:\Users\jaswi\OneDrive\Desktop\ALL\SEM_7\project\jammalamadugu\new_obj\tamilnadu_pipeline\data\raw\nasapower\power_TNP_0035_2016.json,811.8,
2026-08-03 15:17:43,TNP_0035,2017,OK,C:\Users\jaswi\OneDrive\Desktop\ALL\SEM_7\project\jammalamadugu\new_obj\tamilnadu_pipeline\data\raw\nasapower\power_TNP_0035_2017.json,809.6,
2026-08-03 15:17:46,TNP_0035,2018,OK,C:\Users\jaswi\OneDrive\Desktop\ALL\SEM_7\project\jammalamadugu\new_obj\tamilnadu_pipeline\data\raw\nasapower\power_TNP_0035_2018.json,809.5,
2026-08-03 15:17:49,TNP_0035,2019,OK,C:\Users\jaswi\OneDrive\Desktop\ALL\SEM_7\project\jammalamadugu\new_obj\tamilnadu_pipeline\data\raw\nasapower\power_TNP_0035_2019.json,809.6,
2026-08-03 15:17:53,TNP_0035,2020,OK,C:\Users\jaswi\OneDrive\Desktop\ALL\SEM_7\project\jammalamadugu\new_obj\tamilnadu_pipeline\data\raw\nasapower\power_TNP_0035_2020.json,811.8,
2026-08-03 15:17:56,TNP_0035,2021,OK,C:\Users\jaswi\OneDrive\Desktop\ALL\SEM_7\project\jammalamadugu\new_obj\tamilnadu_pipeline\data\raw\nasapower\power_TNP_0035_2021.json,809.5,
2026-08-03 15:18:00,TNP_0035,2022,OK,C:\Users\jaswi\OneDrive\Desktop\ALL\SEM_7\project\jammalamadugu\new_obj\tamilnadu_pipeline\data\raw\nasapower\power_TNP_0035_2022.json,809.6,
2026-08-03 15:18:03,TNP_0035,2023,OK,C:\Users\jaswi\OneDrive\Desktop\ALL\SEM_7\project\jammalamadugu\new_obj\tamilnadu_pipeline\data\raw\nasapower\power_TNP_0035_2023.json,809.5,
2026-08-03 15:18:07,TNP_0035,2024,OK,C:\Users\jaswi\OneDrive\Desktop\ALL\SEM_7\project\jammalamadugu\new_obj\tamilnadu_pipeline\data\raw\nasapower\power_TNP_0035_2024.json,811.8,
2026-08-03 15:18:09,TNP_0035,2025,OK,C:\Users\jaswi\OneDrive\Desktop\ALL\SEM_7\project\jammalamadugu\new_obj\tamilnadu_pipeline\data\raw\nasapower\power_TNP_0035_2025.json,809.6,
2026-08-03 15:18:13,TNP_0036,2016,OK,C:\Users\jaswi\OneDrive\Desktop\ALL\SEM_7\project\jammalamadugu\new_obj\tamilnadu_pipeline\data\raw\nasapower\power_TNP_0036_2016.json,811.8,
2026-08-03 15:18:16,TNP_0036,2017,OK,C:\Users\jaswi\OneDrive\Desktop\ALL\SEM_7\project\jammalamadugu\new_obj\tamilnadu_pipeline\data\raw\nasapower\power_TNP_0036_2017.json,809.7,
2026-08-03 15:18:19,TNP_0036,2018,OK,C:\Users\jaswi\OneDrive\Desktop\ALL\SEM_7\project\jammalamadugu\new_obj\tamilnadu_pipeline\data\raw\nasapower\power_TNP_0036_2018.json,809.6,
2026-08-03 15:18:23,TNP_0036,2019,OK,C:\Users\jaswi\OneDrive\Desktop\ALL\SEM_7\project\jammalamadugu\new_obj\tamilnadu_pipeline\data\raw\nasapower\power_TNP_0036_2019.json,809.5,
2026-08-03 15:18:26,TNP_0036,2020,OK,C:\Users\jaswi\OneDrive\Desktop\ALL\SEM_7\project\jammalamadugu\new_obj\tamilnadu_pipeline\data\raw\nasapower\power_TNP_0036_2020.json,811.9,
2026-08-03 15:18:30,TNP_0036,2021,OK,C:\Users\jaswi\OneDrive\Desktop\ALL\SEM_7\project\jammalamadugu\new_obj\tamilnadu_pipeline\data\raw\nasapower\power_TNP_0036_2021.json,809.7,
2026-08-03 15:18:33,TNP_0036,2022,OK,C:\Users\jaswi\OneDrive\Desktop\ALL\SEM_7\project\jammalamadugu\new_obj\tamilnadu_pipeline\data\raw\nasapower\power_TNP_0036_2022.json,809.5,
2026-08-03 15:18:36,TNP_0036,2023,OK,C:\Users\jaswi\OneDrive\Desktop\ALL\SEM_7\project\jammalamadugu\new_obj\tamilnadu_pipeline\data\raw\nasapower\power_TNP_0036_2023.json,809.7,
2026-08-03 15:18:38,TNP_0036,2024,OK,C:\Users\jaswi\OneDrive\Desktop\ALL\SEM_7\project\jammalamadugu\new_obj\tamilnadu_pipeline\data\raw\nasapower\power_TNP_0036_2024.json,811.8,
2026-08-03 15:18:42,TNP_0036,2025,OK,C:\Users\jaswi\OneDrive\Desktop\ALL\SEM_7\project\jammalamadugu\new_obj\tamilnadu_pipeline\data\raw\nasapower\power_TNP_0036_2025.json,809.6,
2026-08-03 15:18:45,TNP_0037,2016,OK,C:\Users\jaswi\OneDrive\Desktop\ALL\SEM_7\project\jammalamadugu\new_obj\tamilnadu_pipeline\data\raw\nasapower\power_TNP_0037_2016.json,811.9,
2026-08-03 15:18:48,TNP_0037,2017,OK,C:\Users\jaswi\OneDrive\Desktop\ALL\SEM_7\project\jammalamadugu\new_obj\tamilnadu_pipeline\data\raw\nasapower\power_TNP_0037_2017.json,809.7,
2026-08-03 15:18:52,TNP_0037,2018,OK,C:\Users\jaswi\OneDrive\Desktop\ALL\SEM_7\project\jammalamadugu\new_obj\tamilnadu_pipeline\data\raw\nasapower\power_TNP_0037_2018.json,809.7,
2026-08-03 15:18:54,TNP_0037,2019,OK,C:\Users\jaswi\OneDrive\Desktop\ALL\SEM_7\project\jammalamadugu\new_obj\tamilnadu_pipeline\data\raw\nasapower\power_TNP_0037_2019.json,809.8,
2026-08-03 15:18:57,TNP_0037,2020,OK,C:\Users\jaswi\OneDrive\Desktop\ALL\SEM_7\project\jammalamadugu\new_obj\tamilnadu_pipeline\data\raw\nasapower\power_TNP_0037_2020.json,812.0,
2026-08-03 15:19:00,TNP_0037,2021,OK,C:\Users\jaswi\OneDrive\Desktop\ALL\SEM_7\project\jammalamadugu\new_obj\tamilnadu_pipeline\data\raw\nasapower\power_TNP_0037_2021.json,809.7,
2026-08-03 15:19:04,TNP_0037,2022,OK,C:\Users\jaswi\OneDrive\Desktop\ALL\SEM_7\project\jammalamadugu\new_obj\tamilnadu_pipeline\data\raw\nasapower\power_TNP_0037_2022.json,809.8,
2026-08-03 15:19:07,TNP_0037,2023,OK,C:\Users\jaswi\OneDrive\Desktop\ALL\SEM_7\project\jammalamadugu\new_obj\tamilnadu_pipeline\data\raw\nasapower\power_TNP_0037_2023.json,809.8,
2026-08-03 15:19:11,TNP_0037,2024,OK,C:\Users\jaswi\OneDrive\Desktop\ALL\SEM_7\project\jammalamadugu\new_obj\tamilnadu_pipeline\data\raw\nasapower\power_TNP_0037_2024.json,812.1,
2026-08-03 15:19:14,TNP_0037,2025,OK,C:\Users\jaswi\OneDrive\Desktop\ALL\SEM_7\project\jammalamadugu\new_obj\tamilnadu_pipeline\data\raw\nasapower\power_TNP_0037_2025.json,809.6,
2026-08-03 15:19:17,TNP_0038,2016,OK,C:\Users\jaswi\OneDrive\Desktop\ALL\SEM_7\project\jammalamadugu\new_obj\tamilnadu_pipeline\data\raw\nasapower\power_TNP_0038_2016.json,812.1,
2026-08-03 15:19:19,TNP_0038,2017,OK,C:\Users\jaswi\OneDrive\Desktop\ALL\SEM_7\project\jammalamadugu\new_obj\tamilnadu_pipeline\data\raw\nasapower\power_TNP_0038_2017.json,809.9,
2026-08-03 15:19:23,TNP_0038,2018,OK,C:\Users\jaswi\OneDrive\Desktop\ALL\SEM_7\project\jammalamadugu\new_obj\tamilnadu_pipeline\data\raw\nasapower\power_TNP_0038_2018.json,809.8,
2026-08-03 15:19:26,TNP_0038,2019,OK,C:\Users\jaswi\OneDrive\Desktop\ALL\SEM_7\project\jammalamadugu\new_obj\tamilnadu_pipeline\data\raw\nasapower\power_TNP_0038_2019.json,809.9,
2026-08-03 15:19:30,TNP_0038,2020,OK,C:\Users\jaswi\OneDrive\Desktop\ALL\SEM_7\project\jammalamadugu\new_obj\tamilnadu_pipeline\data\raw\nasapower\power_TNP_0038_2020.json,812.1,
2026-08-03 15:19:33,TNP_0038,2021,OK,C:\Users\jaswi\OneDrive\Desktop\ALL\SEM_7\project\jammalamadugu\new_obj\tamilnadu_pipeline\data\raw\nasapower\power_TNP_0038_2021.json,809.9,
2026-08-03 15:19:37,TNP_0038,2022,OK,C:\Users\jaswi\OneDrive\Desktop\ALL\SEM_7\project\jammalamadugu\new_obj\tamilnadu_pipeline\data\raw\nasapower\power_TNP_0038_2022.json,809.7,
2026-08-03 15:19:40,TNP_0038,2023,OK,C:\Users\jaswi\OneDrive\Desktop\ALL\SEM_7\project\jammalamadugu\new_obj\tamilnadu_pipeline\data\raw\nasapower\power_TNP_0038_2023.json,809.9,
2026-08-03 15:19:43,TNP_0038,2024,OK,C:\Users\jaswi\OneDrive\Desktop\ALL\SEM_7\project\jammalamadugu\new_obj\tamilnadu_pipeline\data\raw\nasapower\power_TNP_0038_2024.json,812.1,
2026-08-03 15:19:47,TNP_0038,2025,OK,C:\Users\jaswi\OneDrive\Desktop\ALL\SEM_7\project\jammalamadugu\new_obj\tamilnadu_pipeline\data\raw\nasapower\power_TNP_0038_2025.json,809.8,
2026-08-03 15:19:50,TNP_0039,2016,OK,C:\Users\jaswi\OneDrive\Desktop\ALL\SEM_7\project\jammalamadugu\new_obj\tamilnadu_pipeline\data\raw\nasapower\power_TNP_0039_2016.json,811.9,
2026-08-03 15:19:53,TNP_0039,2017,OK,C:\Users\jaswi\OneDrive\Desktop\ALL\SEM_7\project\jammalamadugu\new_obj\tamilnadu_pipeline\data\raw\nasapower\power_TNP_0039_2017.json,809.8,
2026-08-03 15:19:56,TNP_0039,2018,OK,C:\Users\jaswi\OneDrive\Desktop\ALL\SEM_7\project\jammalamadugu\new_obj\tamilnadu_pipeline\data\raw\nasapower\power_TNP_0039_2018.json,809.9,
2026-08-03 15:19:59,TNP_0039,2019,OK,C:\Users\jaswi\OneDrive\Desktop\ALL\SEM_7\project\jammalamadugu\new_obj\tamilnadu_pipeline\data\raw\nasapower\power_TNP_0039_2019.json,809.9,
2026-08-03 15:20:03,TNP_0039,2020,OK,C:\Users\jaswi\OneDrive\Desktop\ALL\SEM_7\project\jammalamadugu\new_obj\tamilnadu_pipeline\data\raw\nasapower\power_TNP_0039_2020.json,812.1,
2026-08-03 15:20:06,TNP_0039,2021,OK,C:\Users\jaswi\OneDrive\Desktop\ALL\SEM_7\project\jammalamadugu\new_obj\tamilnadu_pipeline\data\raw\nasapower\power_TNP_0039_2021.json,809.8,
2026-08-03 15:20:09,TNP_0039,2022,OK,C:\Users\jaswi\OneDrive\Desktop\ALL\SEM_7\project\jammalamadugu\new_obj\tamilnadu_pipeline\data\raw\nasapower\power_TNP_0039_2022.json,809.7,
2026-08-03 15:20:11,TNP_0039,2023,OK,C:\Users\jaswi\OneDrive\Desktop\ALL\SEM_7\project\jammalamadugu\new_obj\tamilnadu_pipeline\data\raw\nasapower\power_TNP_0039_2023.json,809.8,
2026-08-03 15:20:14,TNP_0039,2024,OK,C:\Users\jaswi\OneDrive\Desktop\ALL\SEM_7\project\jammalamadugu\new_obj\tamilnadu_pipeline\data\raw\nasapower\power_TNP_0039_2024.json,812.0,
2026-08-03 15:20:17,TNP_0039,2025,OK,C:\Users\jaswi\OneDrive\Desktop\ALL\SEM_7\project\jammalamadugu\new_obj\tamilnadu_pipeline\data\raw\nasapower\power_TNP_0039_2025.json,809.9,
2026-08-03 15:20:21,TNP_0040,2016,OK,C:\Users\jaswi\OneDrive\Desktop\ALL\SEM_7\project\jammalamadugu\new_obj\tamilnadu_pipeline\data\raw\nasapower\power_TNP_0040_2016.json,811.8,
2026-08-03 15:20:24,TNP_0040,2017,OK,C:\Users\jaswi\OneDrive\Desktop\ALL\SEM_7\project\jammalamadugu\new_obj\tamilnadu_pipeline\data\raw\nasapower\power_TNP_0040_2017.json,809.6,
2026-08-03 15:20:27,TNP_0040,2018,OK,C:\Users\jaswi\OneDrive\Desktop\ALL\SEM_7\project\jammalamadugu\new_obj\tamilnadu_pipeline\data\raw\nasapower\power_TNP_0040_2018.json,809.5,
2026-08-03 15:20:31,TNP_0040,2019,OK,C:\Users\jaswi\OneDrive\Desktop\ALL\SEM_7\project\jammalamadugu\new_obj\tamilnadu_pipeline\data\raw\nasapower\power_TNP_0040_2019.json,809.6,
2026-08-03 15:20:34,TNP_0040,2020,OK,C:\Users\jaswi\OneDrive\Desktop\ALL\SEM_7\project\jammalamadugu\new_obj\tamilnadu_pipeline\data\raw\nasapower\power_TNP_0040_2020.json,812.0,
2026-08-03 15:20:38,TNP_0040,2021,OK,C:\Users\jaswi\OneDrive\Desktop\ALL\SEM_7\project\jammalamadugu\new_obj\tamilnadu_pipeline\data\raw\nasapower\power_TNP_0040_2021.json,809.6,
2026-08-03 15:20:41,TNP_0040,2022,OK,C:\Users\jaswi\OneDrive\Desktop\ALL\SEM_7\project\jammalamadugu\new_obj\tamilnadu_pipeline\data\raw\nasapower\power_TNP_0040_2022.json,809.6,
2026-08-03 15:20:43,TNP_0040,2023,OK,C:\Users\jaswi\OneDrive\Desktop\ALL\SEM_7\project\jammalamadugu\new_obj\tamilnadu_pipeline\data\raw\nasapower\power_TNP_0040_2023.json,809.5,
2026-08-03 15:20:46,TNP_0040,2024,OK,C:\Users\jaswi\OneDrive\Desktop\ALL\SEM_7\project\jammalamadugu\new_obj\tamilnadu_pipeline\data\raw\nasapower\power_TNP_0040_2024.json,811.7,
2026-08-03 15:20:49,TNP_0040,2025,OK,C:\Users\jaswi\OneDrive\Desktop\ALL\SEM_7\project\jammalamadugu\new_obj\tamilnadu_pipeline\data\raw\nasapower\power_TNP_0040_2025.json,809.7,
2026-08-03 15:20:52,TNP_0041,2016,OK,C:\Users\jaswi\OneDrive\Desktop\ALL\SEM_7\project\jammalamadugu\new_obj\tamilnadu_pipeline\data\raw\nasapower\power_TNP_0041_2016.json,812.0,
2026-08-03 15:20:55,TNP_0041,2017,OK,C:\Users\jaswi\OneDrive\Desktop\ALL\SEM_7\project\jammalamadugu\new_obj\tamilnadu_pipeline\data\raw\nasapower\power_TNP_0041_2017.json,809.7,
2026-08-03 15:20:58,TNP_0041,2018,OK,C:\Users\jaswi\OneDrive\Desktop\ALL\SEM_7\project\jammalamadugu\new_obj\tamilnadu_pipeline\data\raw\nasapower\power_TNP_0041_2018.json,809.8,
2026-08-03 15:21:02,TNP_0041,2019,OK,C:\Users\jaswi\OneDrive\Desktop\ALL\SEM_7\project\jammalamadugu\new_obj\tamilnadu_pipeline\data\raw\nasapower\power_TNP_0041_2019.json,809.7,
2026-08-03 15:21:05,TNP_0041,2020,OK,C:\Users\jaswi\OneDrive\Desktop\ALL\SEM_7\project\jammalamadugu\new_obj\tamilnadu_pipeline\data\raw\nasapower\power_TNP_0041_2020.json,812.0,
2026-08-03 15:21:08,TNP_0041,2021,OK,C:\Users\jaswi\OneDrive\Desktop\ALL\SEM_7\project\jammalamadugu\new_obj\tamilnadu_pipeline\data\raw\nasapower\power_TNP_0041_2021.json,809.6,
2026-08-03 15:21:12,TNP_0041,2022,OK,C:\Users\jaswi\OneDrive\Desktop\ALL\SEM_7\project\jammalamadugu\new_obj\tamilnadu_pipeline\data\raw\nasapower\power_TNP_0041_2022.json,809.6,
2026-08-03 15:21:15,TNP_0041,2023,OK,C:\Users\jaswi\OneDrive\Desktop\ALL\SEM_7\project\jammalamadugu\new_obj\tamilnadu_pipeline\data\raw\nasapower\power_TNP_0041_2023.json,809.7,
2026-08-03 15:21:17,TNP_0041,2024,OK,C:\Users\jaswi\OneDrive\Desktop\ALL\SEM_7\project\jammalamadugu\new_obj\tamilnadu_pipeline\data\raw\nasapower\power_TNP_0041_2024.json,812.0,
2026-08-03 15:21:20,TNP_0041,2025,OK,C:\Users\jaswi\OneDrive\Desktop\ALL\SEM_7\project\jammalamadugu\new_obj\tamilnadu_pipeline\data\raw\nasapower\power_TNP_0041_2025.json,809.7,
2026-08-03 15:21:24,TNP_0042,2016,OK,C:\Users\jaswi\OneDrive\Desktop\ALL\SEM_7\project\jammalamadugu\new_obj\tamilnadu_pipeline\data\raw\nasapower\power_TNP_0042_2016.json,811.9,
2026-08-03 15:21:27,TNP_0042,2017,OK,C:\Users\jaswi\OneDrive\Desktop\ALL\SEM_7\project\jammalamadugu\new_obj\tamilnadu_pipeline\data\raw\nasapower\power_TNP_0042_2017.json,809.8,
2026-08-03 15:21:30,TNP_0042,2018,OK,C:\Users\jaswi\OneDrive\Desktop\ALL\SEM_7\project\jammalamadugu\new_obj\tamilnadu_pipeline\data\raw\nasapower\power_TNP_0042_2018.json,809.7,
2026-08-03 15:21:33,TNP_0042,2019,OK,C:\Users\jaswi\OneDrive\Desktop\ALL\SEM_7\project\jammalamadugu\new_obj\tamilnadu_pipeline\data\raw\nasapower\power_TNP_0042_2019.json,809.7,
2026-08-03 15:21:37,TNP_0042,2020,OK,C:\Users\jaswi\OneDrive\Desktop\ALL\SEM_7\project\jammalamadugu\new_obj\tamilnadu_pipeline\data\raw\nasapower\power_TNP_0042_2020.json,812.0,
2026-08-03 15:21:39,TNP_0042,2021,OK,C:\Users\jaswi\OneDrive\Desktop\ALL\SEM_7\project\jammalamadugu\new_obj\tamilnadu_pipeline\data\raw\nasapower\power_TNP_0042_2021.json,809.9,
2026-08-03 15:21:43,TNP_0042,2022,OK,C:\Users\jaswi\OneDrive\Desktop\ALL\SEM_7\project\jammalamadugu\new_obj\tamilnadu_pipeline\data\raw\nasapower\power_TNP_0042_2022.json,809.7,
2026-08-03 15:21:46,TNP_0042,2023,OK,C:\Users\jaswi\OneDrive\Desktop\ALL\SEM_7\project\jammalamadugu\new_obj\tamilnadu_pipeline\data\raw\nasapower\power_TNP_0042_2023.json,809.8,
2026-08-03 15:21:48,TNP_0042,2024,OK,C:\Users\jaswi\OneDrive\Desktop\ALL\SEM_7\project\jammalamadugu\new_obj\tamilnadu_pipeline\data\raw\nasapower\power_TNP_0042_2024.json,811.9,
2026-08-03 15:21:51,TNP_0042,2025,OK,C:\Users\jaswi\OneDrive\Desktop\ALL\SEM_7\project\jammalamadugu\new_obj\tamilnadu_pipeline\data\raw\nasapower\power_TNP_0042_2025.json,809.8,
2026-08-03 15:21:53,TNP_0043,2016,OK,C:\Users\jaswi\OneDrive\Desktop\ALL\SEM_7\project\jammalamadugu\new_obj\tamilnadu_pipeline\data\raw\nasapower\power_TNP_0043_2016.json,811.7,
2026-08-03 15:21:57,TNP_0043,2017,OK,C:\Users\jaswi\OneDrive\Desktop\ALL\SEM_7\project\jammalamadugu\new_obj\tamilnadu_pipeline\data\raw\nasapower\power_TNP_0043_2017.json,809.6,
2026-08-03 15:22:00,TNP_0043,2018,OK,C:\Users\jaswi\OneDrive\Desktop\ALL\SEM_7\project\jammalamadugu\new_obj\tamilnadu_pipeline\data\raw\nasapower\power_TNP_0043_2018.json,809.6,
2026-08-03 15:22:02,TNP_0043,2019,OK,C:\Users\jaswi\OneDrive\Desktop\ALL\SEM_7\project\jammalamadugu\new_obj\tamilnadu_pipeline\data\raw\nasapower\power_TNP_0043_2019.json,809.7,
2026-08-03 15:22:06,TNP_0043,2020,OK,C:\Users\jaswi\OneDrive\Desktop\ALL\SEM_7\project\jammalamadugu\new_obj\tamilnadu_pipeline\data\raw\nasapower\power_TNP_0043_2020.json,811.9,
2026-08-03 15:22:09,TNP_0043,2021,OK,C:\Users\jaswi\OneDrive\Desktop\ALL\SEM_7\project\jammalamadugu\new_obj\tamilnadu_pipeline\data\raw\nasapower\power_TNP_0043_2021.json,809.7,
2026-08-03 15:22:12,TNP_0043,2022,OK,C:\Users\jaswi\OneDrive\Desktop\ALL\SEM_7\project\jammalamadugu\new_obj\tamilnadu_pipeline\data\raw\nasapower\power_TNP_0043_2022.json,809.6,
2026-08-03 15:22:15,TNP_0043,2023,OK,C:\Users\jaswi\OneDrive\Desktop\ALL\SEM_7\project\jammalamadugu\new_obj\tamilnadu_pipeline\data\raw\nasapower\power_TNP_0043_2023.json,809.5,
2026-08-03 15:22:18,TNP_0043,2024,OK,C:\Users\jaswi\OneDrive\Desktop\ALL\SEM_7\project\jammalamadugu\new_obj\tamilnadu_pipeline\data\raw\nasapower\power_TNP_0043_2024.json,811.8,
2026-08-03 15:22:21,TNP_0043,2025,OK,C:\Users\jaswi\OneDrive\Desktop\ALL\SEM_7\project\jammalamadugu\new_obj\tamilnadu_pipeline\data\raw\nasapower\power_TNP_0043_2025.json,809.5,
2026-08-03 15:22:25,TNP_0044,2016,OK,C:\Users\jaswi\OneDrive\Desktop\ALL\SEM_7\project\jammalamadugu\new_obj\tamilnadu_pipeline\data\raw\nasapower\power_TNP_0044_2016.json,811.9,
2026-08-03 15:22:28,TNP_0044,2017,OK,C:\Users\jaswi\OneDrive\Desktop\ALL\SEM_7\project\jammalamadugu\new_obj\tamilnadu_pipeline\data\raw\nasapower\power_TNP_0044_2017.json,809.8,
2026-08-03 15:22:31,TNP_0044,2018,OK,C:\Users\jaswi\OneDrive\Desktop\ALL\SEM_7\project\jammalamadugu\new_obj\tamilnadu_pipeline\data\raw\nasapower\power_TNP_0044_2018.json,809.7,
2026-08-03 15:22:35,TNP_0044,2019,OK,C:\Users\jaswi\OneDrive\Desktop\ALL\SEM_7\project\jammalamadugu\new_obj\tamilnadu_pipeline\data\raw\nasapower\power_TNP_0044_2019.json,809.9,
2026-08-03 15:22:37,TNP_0044,2020,OK,C:\Users\jaswi\OneDrive\Desktop\ALL\SEM_7\project\jammalamadugu\new_obj\tamilnadu_pipeline\data\raw\nasapower\power_TNP_0044_2020.json,812.0,
2026-08-03 15:22:40,TNP_0044,2021,OK,C:\Users\jaswi\OneDrive\Desktop\ALL\SEM_7\project\jammalamadugu\new_obj\tamilnadu_pipeline\data\raw\nasapower\power_TNP_0044_2021.json,809.8,
2026-08-03 15:22:44,TNP_0044,2022,OK,C:\Users\jaswi\OneDrive\Desktop\ALL\SEM_7\project\jammalamadugu\new_obj\tamilnadu_pipeline\data\raw\nasapower\power_TNP_0044_2022.json,809.8,
2026-08-03 15:22:47,TNP_0044,2023,OK,C:\Users\jaswi\OneDrive\Desktop\ALL\SEM_7\project\jammalamadugu\new_obj\tamilnadu_pipeline\data\raw\nasapower\power_TNP_0044_2023.json,809.8,
2026-08-03 15:22:51,TNP_0044,2024,OK,C:\Users\jaswi\OneDrive\Desktop\ALL\SEM_7\project\jammalamadugu\new_obj\tamilnadu_pipeline\data\raw\nasapower\power_TNP_0044_2024.json,812.0,
2026-08-03 15:22:54,TNP_0044,2025,OK,C:\Users\jaswi\OneDrive\Desktop\ALL\SEM_7\project\jammalamadugu\new_obj\tamilnadu_pipeline\data\raw\nasapower\power_TNP_0044_2025.json,809.7,
2026-08-03 15:22:57,TNP_0045,2016,OK,C:\Users\jaswi\OneDrive\Desktop\ALL\SEM_7\project\jammalamadugu\new_obj\tamilnadu_pipeline\data\raw\nasapower\power_TNP_0045_2016.json,811.9,
2026-08-03 15:23:00,TNP_0045,2017,OK,C:\Users\jaswi\OneDrive\Desktop\ALL\SEM_7\project\jammalamadugu\new_obj\tamilnadu_pipeline\data\raw\nasapower\power_TNP_0045_2017.json,809.7,
2026-08-03 15:23:03,TNP_0045,2018,OK,C:\Users\jaswi\OneDrive\Desktop\ALL\SEM_7\project\jammalamadugu\new_obj\tamilnadu_pipeline\data\raw\nasapower\power_TNP_0045_2018.json,809.8,
2026-08-03 15:23:06,TNP_0045,2019,OK,C:\Users\jaswi\OneDrive\Desktop\ALL\SEM_7\project\jammalamadugu\new_obj\tamilnadu_pipeline\data\raw\nasapower\power_TNP_0045_2019.json,809.8,
2026-08-03 15:23:10,TNP_0045,2020,OK,C:\Users\jaswi\OneDrive\Desktop\ALL\SEM_7\project\jammalamadugu\new_obj\tamilnadu_pipeline\data\raw\nasapower\power_TNP_0045_2020.json,812.0,
2026-08-03 15:23:13,TNP_0045,2021,OK,C:\Users\jaswi\OneDrive\Desktop\ALL\SEM_7\project\jammalamadugu\new_obj\tamilnadu_pipeline\data\raw\nasapower\power_TNP_0045_2021.json,809.7,
2026-08-03 15:23:17,TNP_0045,2022,OK,C:\Users\jaswi\OneDrive\Desktop\ALL\SEM_7\project\jammalamadugu\new_obj\tamilnadu_pipeline\data\raw\nasapower\power_TNP_0045_2022.json,809.7,
2026-08-03 15:23:20,TNP_0045,2023,OK,C:\Users\jaswi\OneDrive\Desktop\ALL\SEM_7\project\jammalamadugu\new_obj\tamilnadu_pipeline\data\raw\nasapower\power_TNP_0045_2023.json,809.7,
2026-08-03 15:23:23,TNP_0045,2024,OK,C:\Users\jaswi\OneDrive\Desktop\ALL\SEM_7\project\jammalamadugu\new_obj\tamilnadu_pipeline\data\raw\nasapower\power_TNP_0045_2024.json,812.0,
2026-08-03 15:23:26,TNP_0045,2025,OK,C:\Users\jaswi\OneDrive\Desktop\ALL\SEM_7\project\jammalamadugu\new_obj\tamilnadu_pipeline\data\raw\nasapower\power_TNP_0045_2025.json,809.9,
2026-08-03 15:23:29,TNP_0046,2016,OK,C:\Users\jaswi\OneDrive\Desktop\ALL\SEM_7\project\jammalamadugu\new_obj\tamilnadu_pipeline\data\raw\nasapower\power_TNP_0046_2016.json,812.0,
2026-08-03 15:23:31,TNP_0046,2017,OK,C:\Users\jaswi\OneDrive\Desktop\ALL\SEM_7\project\jammalamadugu\new_obj\tamilnadu_pipeline\data\raw\nasapower\power_TNP_0046_2017.json,809.8,
2026-08-03 15:23:35,TNP_0046,2018,OK,C:\Users\jaswi\OneDrive\Desktop\ALL\SEM_7\project\jammalamadugu\new_obj\tamilnadu_pipeline\data\raw\nasapower\power_TNP_0046_2018.json,809.8,
2026-08-03 15:23:38,TNP_0046,2019,OK,C:\Users\jaswi\OneDrive\Desktop\ALL\SEM_7\project\jammalamadugu\new_obj\tamilnadu_pipeline\data\raw\nasapower\power_TNP_0046_2019.json,809.8,
2026-08-03 15:23:41,TNP_0046,2020,OK,C:\Users\jaswi\OneDrive\Desktop\ALL\SEM_7\project\jammalamadugu\new_obj\tamilnadu_pipeline\data\raw\nasapower\power_TNP_0046_2020.json,812.0,
2026-08-03 15:23:44,TNP_0046,2021,OK,C:\Users\jaswi\OneDrive\Desktop\ALL\SEM_7\project\jammalamadugu\new_obj\tamilnadu_pipeline\data\raw\nasapower\power_TNP_0046_2021.json,809.7,
2026-08-03 15:23:48,TNP_0046,2022,OK,C:\Users\jaswi\OneDrive\Desktop\ALL\SEM_7\project\jammalamadugu\new_obj\tamilnadu_pipeline\data\raw\nasapower\power_TNP_0046_2022.json,809.7,
2026-08-03 15:23:51,TNP_0046,2023,OK,C:\Users\jaswi\OneDrive\Desktop\ALL\SEM_7\project\jammalamadugu\new_obj\tamilnadu_pipeline\data\raw\nasapower\power_TNP_0046_2023.json,809.7,
2026-08-03 15:23:54,TNP_0046,2024,OK,C:\Users\jaswi\OneDrive\Desktop\ALL\SEM_7\project\jammalamadugu\new_obj\tamilnadu_pipeline\data\raw\nasapower\power_TNP_0046_2024.json,811.9,
2026-08-03 15:23:58,TNP_0046,2025,OK,C:\Users\jaswi\OneDrive\Desktop\ALL\SEM_7\project\jammalamadugu\new_obj\tamilnadu_pipeline\data\raw\nasapower\power_TNP_0046_2025.json,809.7,
2026-08-03 15:24:01,TNP_0047,2016,OK,C:\Users\jaswi\OneDrive\Desktop\ALL\SEM_7\project\jammalamadugu\new_obj\tamilnadu_pipeline\data\raw\nasapower\power_TNP_0047_2016.json,811.9,
2026-08-03 15:24:04,TNP_0047,2017,OK,C:\Users\jaswi\OneDrive\Desktop\ALL\SEM_7\project\jammalamadugu\new_obj\tamilnadu_pipeline\data\raw\nasapower\power_TNP_0047_2017.json,809.8,
2026-08-03 15:24:08,TNP_0047,2018,OK,C:\Users\jaswi\OneDrive\Desktop\ALL\SEM_7\project\jammalamadugu\new_obj\tamilnadu_pipeline\data\raw\nasapower\power_TNP_0047_2018.json,809.7,
2026-08-03 15:24:11,TNP_0047,2019,OK,C:\Users\jaswi\OneDrive\Desktop\ALL\SEM_7\project\jammalamadugu\new_obj\tamilnadu_pipeline\data\raw\nasapower\power_TNP_0047_2019.json,809.9,
2026-08-03 15:24:14,TNP_0047,2020,OK,C:\Users\jaswi\OneDrive\Desktop\ALL\SEM_7\project\jammalamadugu\new_obj\tamilnadu_pipeline\data\raw\nasapower\power_TNP_0047_2020.json,811.9,
2026-08-03 15:24:17,TNP_0047,2021,OK,C:\Users\jaswi\OneDrive\Desktop\ALL\SEM_7\project\jammalamadugu\new_obj\tamilnadu_pipeline\data\raw\nasapower\power_TNP_0047_2021.json,809.7,
2026-08-03 15:24:21,TNP_0047,2022,OK,C:\Users\jaswi\OneDrive\Desktop\ALL\SEM_7\project\jammalamadugu\new_obj\tamilnadu_pipeline\data\raw\nasapower\power_TNP_0047_2022.json,809.7,
2026-08-03 15:24:24,TNP_0047,2023,OK,C:\Users\jaswi\OneDrive\Desktop\ALL\SEM_7\project\jammalamadugu\new_obj\tamilnadu_pipeline\data\raw\nasapower\power_TNP_0047_2023.json,809.7,
2026-08-03 15:24:28,TNP_0047,2024,OK,C:\Users\jaswi\OneDrive\Desktop\ALL\SEM_7\project\jammalamadugu\new_obj\tamilnadu_pipeline\data\raw\nasapower\power_TNP_0047_2024.json,812.0,
2026-08-03 15:24:31,TNP_0047,2025,OK,C:\Users\jaswi\OneDrive\Desktop\ALL\SEM_7\project\jammalamadugu\new_obj\tamilnadu_pipeline\data\raw\nasapower\power_TNP_0047_2025.json,809.8,
2026-08-03 15:24:34,TNP_0048,2016,OK,C:\Users\jaswi\OneDrive\Desktop\ALL\SEM_7\project\jammalamadugu\new_obj\tamilnadu_pipeline\data\raw\nasapower\power_TNP_0048_2016.json,812.0,
2026-08-03 15:24:37,TNP_0048,2017,OK,C:\Users\jaswi\OneDrive\Desktop\ALL\SEM_7\project\jammalamadugu\new_obj\tamilnadu_pipeline\data\raw\nasapower\power_TNP_0048_2017.json,809.7,
2026-08-03 15:24:40,TNP_0048,2018,OK,C:\Users\jaswi\OneDrive\Desktop\ALL\SEM_7\project\jammalamadugu\new_obj\tamilnadu_pipeline\data\raw\nasapower\power_TNP_0048_2018.json,809.8,
2026-08-03 15:24:42,TNP_0048,2019,OK,C:\Users\jaswi\OneDrive\Desktop\ALL\SEM_7\project\jammalamadugu\new_obj\tamilnadu_pipeline\data\raw\nasapower\power_TNP_0048_2019.json,809.8,
2026-08-03 15:24:45,TNP_0048,2020,OK,C:\Users\jaswi\OneDrive\Desktop\ALL\SEM_7\project\jammalamadugu\new_obj\tamilnadu_pipeline\data\raw\nasapower\power_TNP_0048_2020.json,811.9,
2026-08-03 15:24:48,TNP_0048,2021,OK,C:\Users\jaswi\OneDrive\Desktop\ALL\SEM_7\project\jammalamadugu\new_obj\tamilnadu_pipeline\data\raw\nasapower\power_TNP_0048_2021.json,809.7,
2026-08-03 15:24:51,TNP_0048,2022,OK,C:\Users\jaswi\OneDrive\Desktop\ALL\SEM_7\project\jammalamadugu\new_obj\tamilnadu_pipeline\data\raw\nasapower\power_TNP_0048_2022.json,809.7,
2026-08-03 15:24:54,TNP_0048,2023,OK,C:\Users\jaswi\OneDrive\Desktop\ALL\SEM_7\project\jammalamadugu\new_obj\tamilnadu_pipeline\data\raw\nasapower\power_TNP_0048_2023.json,809.6,
2026-08-03 15:24:57,TNP_0048,2024,OK,C:\Users\jaswi\OneDrive\Desktop\ALL\SEM_7\project\jammalamadugu\new_obj\tamilnadu_pipeline\data\raw\nasapower\power_TNP_0048_2024.json,812.0,
2026-08-03 15:24:59,TNP_0048,2025,OK,C:\Users\jaswi\OneDrive\Desktop\ALL\SEM_7\project\jammalamadugu\new_obj\tamilnadu_pipeline\data\raw\nasapower\power_TNP_0048_2025.json,809.7,
2026-08-03 15:25:02,TNP_0049,2016,OK,C:\Users\jaswi\OneDrive\Desktop\ALL\SEM_7\project\jammalamadugu\new_obj\tamilnadu_pipeline\data\raw\nasapower\power_TNP_0049_2016.json,812.0,
2026-08-03 15:25:06,TNP_0049,2017,OK,C:\Users\jaswi\OneDrive\Desktop\ALL\SEM_7\project\jammalamadugu\new_obj\tamilnadu_pipeline\data\raw\nasapower\power_TNP_0049_2017.json,809.9,
2026-08-03 15:25:09,TNP_0049,2018,OK,C:\Users\jaswi\OneDrive\Desktop\ALL\SEM_7\project\jammalamadugu\new_obj\tamilnadu_pipeline\data\raw\nasapower\power_TNP_0049_2018.json,809.9,
2026-08-03 15:25:12,TNP_0049,2019,OK,C:\Users\jaswi\OneDrive\Desktop\ALL\SEM_7\project\jammalamadugu\new_obj\tamilnadu_pipeline\data\raw\nasapower\power_TNP_0049_2019.json,809.9,
2026-08-03 15:25:15,TNP_0049,2020,OK,C:\Users\jaswi\OneDrive\Desktop\ALL\SEM_7\project\jammalamadugu\new_obj\tamilnadu_pipeline\data\raw\nasapower\power_TNP_0049_2020.json,812.1,
2026-08-03 15:25:19,TNP_0049,2021,OK,C:\Users\jaswi\OneDrive\Desktop\ALL\SEM_7\project\jammalamadugu\new_obj\tamilnadu_pipeline\data\raw\nasapower\power_TNP_0049_2021.json,809.9,
2026-08-03 15:25:22,TNP_0049,2022,OK,C:\Users\jaswi\OneDrive\Desktop\ALL\SEM_7\project\jammalamadugu\new_obj\tamilnadu_pipeline\data\raw\nasapower\power_TNP_0049_2022.json,809.7,
2026-08-03 15:25:25,TNP_0049,2023,OK,C:\Users\jaswi\OneDrive\Desktop\ALL\SEM_7\project\jammalamadugu\new_obj\tamilnadu_pipeline\data\raw\nasapower\power_TNP_0049_2023.json,810.0,
2026-08-03 15:25:28,TNP_0049,2024,OK,C:\Users\jaswi\OneDrive\Desktop\ALL\SEM_7\project\jammalamadugu\new_obj\tamilnadu_pipeline\data\raw\nasapower\power_TNP_0049_2024.json,812.1,
2026-08-03 15:25:31,TNP_0049,2025,OK,C:\Users\jaswi\OneDrive\Desktop\ALL\SEM_7\project\jammalamadugu\new_obj\tamilnadu_pipeline\data\raw\nasapower\power_TNP_0049_2025.json,809.9,
2026-08-03 15:25:35,TNP_0050,2016,OK,C:\Users\jaswi\OneDrive\Desktop\ALL\SEM_7\project\jammalamadugu\new_obj\tamilnadu_pipeline\data\raw\nasapower\power_TNP_0050_2016.json,812.1,
2026-08-03 15:25:38,TNP_0050,2017,OK,C:\Users\jaswi\OneDrive\Desktop\ALL\SEM_7\project\jammalamadugu\new_obj\tamilnadu_pipeline\data\raw\nasapower\power_TNP_0050_2017.json,809.8,
2026-08-03 15:25:41,TNP_0050,2018,OK,C:\Users\jaswi\OneDrive\Desktop\ALL\SEM_7\project\jammalamadugu\new_obj\tamilnadu_pipeline\data\raw\nasapower\power_TNP_0050_2018.json,809.9,
2026-08-03 15:25:45,TNP_0050,2019,OK,C:\Users\jaswi\OneDrive\Desktop\ALL\SEM_7\project\jammalamadugu\new_obj\tamilnadu_pipeline\data\raw\nasapower\power_TNP_0050_2019.json,810.0,
2026-08-03 15:25:48,TNP_0050,2020,OK,C:\Users\jaswi\OneDrive\Desktop\ALL\SEM_7\project\jammalamadugu\new_obj\tamilnadu_pipeline\data\raw\nasapower\power_TNP_0050_2020.json,812.0,
2026-08-03 15:25:51,TNP_0050,2021,OK,C:\Users\jaswi\OneDrive\Desktop\ALL\SEM_7\project\jammalamadugu\new_obj\tamilnadu_pipeline\data\raw\nasapower\power_TNP_0050_2021.json,809.8,
2026-08-03 15:25:54,TNP_0050,2022,OK,C:\Users\jaswi\OneDrive\Desktop\ALL\SEM_7\project\jammalamadugu\new_obj\tamilnadu_pipeline\data\raw\nasapower\power_TNP_0050_2022.json,809.7,
2026-08-03 15:25:57,TNP_0050,2023,OK,C:\Users\jaswi\OneDrive\Desktop\ALL\SEM_7\project\jammalamadugu\new_obj\tamilnadu_pipeline\data\raw\nasapower\power_TNP_0050_2023.json,809.9,
2026-08-03 15:26:00,TNP_0050,2024,OK,C:\Users\jaswi\OneDrive\Desktop\ALL\SEM_7\project\jammalamadugu\new_obj\tamilnadu_pipeline\data\raw\nasapower\power_TNP_0050_2024.json,812.1,
2026-08-03 15:26:04,TNP_0050,2025,OK,C:\Users\jaswi\OneDrive\Desktop\ALL\SEM_7\project\jammalamadugu\new_obj\tamilnadu_pipeline\data\raw\nasapower\power_TNP_0050_2025.json,809.7,
2026-08-03 15:26:07,TNP_0051,2016,OK,C:\Users\jaswi\OneDrive\Desktop\ALL\SEM_7\project\jammalamadugu\new_obj\tamilnadu_pipeline\data\raw\nasapower\power_TNP_0051_2016.json,811.9,
2026-08-03 15:26:10,TNP_0051,2017,OK,C:\Users\jaswi\OneDrive\Desktop\ALL\SEM_7\project\jammalamadugu\new_obj\tamilnadu_pipeline\data\raw\nasapower\power_TNP_0051_2017.json,809.7,
2026-08-03 15:26:14,TNP_0051,2018,OK,C:\Users\jaswi\OneDrive\Desktop\ALL\SEM_7\project\jammalamadugu\new_obj\tamilnadu_pipeline\data\raw\nasapower\power_TNP_0051_2018.json,809.6,
2026-08-03 15:26:17,TNP_0051,2019,OK,C:\Users\jaswi\OneDrive\Desktop\ALL\SEM_7\project\jammalamadugu\new_obj\tamilnadu_pipeline\data\raw\nasapower\power_TNP_0051_2019.json,809.7,
2026-08-03 15:26:20,TNP_0051,2020,OK,C:\Users\jaswi\OneDrive\Desktop\ALL\SEM_7\project\jammalamadugu\new_obj\tamilnadu_pipeline\data\raw\nasapower\power_TNP_0051_2020.json,812.0,
2026-08-03 15:26:23,TNP_0051,2021,OK,C:\Users\jaswi\OneDrive\Desktop\ALL\SEM_7\project\jammalamadugu\new_obj\tamilnadu_pipeline\data\raw\nasapower\power_TNP_0051_2021.json,809.6,
2026-08-03 15:26:26,TNP_0051,2022,OK,C:\Users\jaswi\OneDrive\Desktop\ALL\SEM_7\project\jammalamadugu\new_obj\tamilnadu_pipeline\data\raw\nasapower\power_TNP_0051_2022.json,809.6,
2026-08-03 15:26:29,TNP_0051,2023,OK,C:\Users\jaswi\OneDrive\Desktop\ALL\SEM_7\project\jammalamadugu\new_obj\tamilnadu_pipeline\data\raw\nasapower\power_TNP_0051_2023.json,809.5,
2026-08-03 15:26:33,TNP_0051,2024,OK,C:\Users\jaswi\OneDrive\Desktop\ALL\SEM_7\project\jammalamadugu\new_obj\tamilnadu_pipeline\data\raw\nasapower\power_TNP_0051_2024.json,811.9,
2026-08-03 15:26:35,TNP_0051,2025,OK,C:\Users\jaswi\OneDrive\Desktop\ALL\SEM_7\project\jammalamadugu\new_obj\tamilnadu_pipeline\data\raw\nasapower\power_TNP_0051_2025.json,809.7,
2026-08-03 15:26:37,TNP_0052,2016,OK,C:\Users\jaswi\OneDrive\Desktop\ALL\SEM_7\project\jammalamadugu\new_obj\tamilnadu_pipeline\data\raw\nasapower\power_TNP_0052_2016.json,811.9,
2026-08-03 15:26:40,TNP_0052,2017,OK,C:\Users\jaswi\OneDrive\Desktop\ALL\SEM_7\project\jammalamadugu\new_obj\tamilnadu_pipeline\data\raw\nasapower\power_TNP_0052_2017.json,809.9,
2026-08-03 15:26:44,TNP_0052,2018,OK,C:\Users\jaswi\OneDrive\Desktop\ALL\SEM_7\project\jammalamadugu\new_obj\tamilnadu_pipeline\data\raw\nasapower\power_TNP_0052_2018.json,809.8,
2026-08-03 15:26:47,TNP_0052,2019,OK,C:\Users\jaswi\OneDrive\Desktop\ALL\SEM_7\project\jammalamadugu\new_obj\tamilnadu_pipeline\data\raw\nasapower\power_TNP_0052_2019.json,809.9,
2026-08-03 15:26:50,TNP_0052,2020,OK,C:\Users\jaswi\OneDrive\Desktop\ALL\SEM_7\project\jammalamadugu\new_obj\tamilnadu_pipeline\data\raw\nasapower\power_TNP_0052_2020.json,812.1,
2026-08-03 15:26:54,TNP_0052,2021,OK,C:\Users\jaswi\OneDrive\Desktop\ALL\SEM_7\project\jammalamadugu\new_obj\tamilnadu_pipeline\data\raw\nasapower\power_TNP_0052_2021.json,809.7,
2026-08-03 15:26:57,TNP_0052,2022,OK,C:\Users\jaswi\OneDrive\Desktop\ALL\SEM_7\project\jammalamadugu\new_obj\tamilnadu_pipeline\data\raw\nasapower\power_TNP_0052_2022.json,809.5,
2026-08-03 15:26:59,TNP_0052,2023,OK,C:\Users\jaswi\OneDrive\Desktop\ALL\SEM_7\project\jammalamadugu\new_obj\tamilnadu_pipeline\data\raw\nasapower\power_TNP_0052_2023.json,809.7,
2026-08-03 15:27:02,TNP_0052,2024,OK,C:\Users\jaswi\OneDrive\Desktop\ALL\SEM_7\project\jammalamadugu\new_obj\tamilnadu_pipeline\data\raw\nasapower\power_TNP_0052_2024.json,811.9,
2026-08-03 15:27:06,TNP_0052,2025,OK,C:\Users\jaswi\OneDrive\Desktop\ALL\SEM_7\project\jammalamadugu\new_obj\tamilnadu_pipeline\data\raw\nasapower\power_TNP_0052_2025.json,809.9,
2026-08-03 15:27:09,TNP_0053,2016,OK,C:\Users\jaswi\OneDrive\Desktop\ALL\SEM_7\project\jammalamadugu\new_obj\tamilnadu_pipeline\data\raw\nasapower\power_TNP_0053_2016.json,811.8,
2026-08-03 15:27:12,TNP_0053,2017,OK,C:\Users\jaswi\OneDrive\Desktop\ALL\SEM_7\project\jammalamadugu\new_obj\tamilnadu_pipeline\data\raw\nasapower\power_TNP_0053_2017.json,809.6,
2026-08-03 15:27:15,TNP_0053,2018,OK,C:\Users\jaswi\OneDrive\Desktop\ALL\SEM_7\project\jammalamadugu\new_obj\tamilnadu_pipeline\data\raw\nasapower\power_TNP_0053_2018.json,809.6,
2026-08-03 15:27:19,TNP_0053,2019,OK,C:\Users\jaswi\OneDrive\Desktop\ALL\SEM_7\project\jammalamadugu\new_obj\tamilnadu_pipeline\data\raw\nasapower\power_TNP_0053_2019.json,809.7,
2026-08-03 15:27:21,TNP_0053,2020,OK,C:\Users\jaswi\OneDrive\Desktop\ALL\SEM_7\project\jammalamadugu\new_obj\tamilnadu_pipeline\data\raw\nasapower\power_TNP_0053_2020.json,811.8,
2026-08-03 15:27:24,TNP_0053,2021,OK,C:\Users\jaswi\OneDrive\Desktop\ALL\SEM_7\project\jammalamadugu\new_obj\tamilnadu_pipeline\data\raw\nasapower\power_TNP_0053_2021.json,809.7,
2026-08-03 15:27:27,TNP_0053,2022,OK,C:\Users\jaswi\OneDrive\Desktop\ALL\SEM_7\project\jammalamadugu\new_obj\tamilnadu_pipeline\data\raw\nasapower\power_TNP_0053_2022.json,809.6,
2026-08-03 15:27:30,TNP_0053,2023,OK,C:\Users\jaswi\OneDrive\Desktop\ALL\SEM_7\project\jammalamadugu\new_obj\tamilnadu_pipeline\data\raw\nasapower\power_TNP_0053_2023.json,809.6,
2026-08-03 15:27:33,TNP_0053,2024,OK,C:\Users\jaswi\OneDrive\Desktop\ALL\SEM_7\project\jammalamadugu\new_obj\tamilnadu_pipeline\data\raw\nasapower\power_TNP_0053_2024.json,811.8,
2026-08-03 15:27:36,TNP_0053,2025,OK,C:\Users\jaswi\OneDrive\Desktop\ALL\SEM_7\project\jammalamadugu\new_obj\tamilnadu_pipeline\data\raw\nasapower\power_TNP_0053_2025.json,809.7,
2026-08-03 15:27:40,TNP_0054,2016,OK,C:\Users\jaswi\OneDrive\Desktop\ALL\SEM_7\project\jammalamadugu\new_obj\tamilnadu_pipeline\data\raw\nasapower\power_TNP_0054_2016.json,811.9,
2026-08-03 15:27:42,TNP_0054,2017,OK,C:\Users\jaswi\OneDrive\Desktop\ALL\SEM_7\project\jammalamadugu\new_obj\tamilnadu_pipeline\data\raw\nasapower\power_TNP_0054_2017.json,809.7,
2026-08-03 15:27:46,TNP_0054,2018,OK,C:\Users\jaswi\OneDrive\Desktop\ALL\SEM_7\project\jammalamadugu\new_obj\tamilnadu_pipeline\data\raw\nasapower\power_TNP_0054_2018.json,809.7,
2026-08-03 15:27:48,TNP_0054,2019,OK,C:\Users\jaswi\OneDrive\Desktop\ALL\SEM_7\project\jammalamadugu\new_obj\tamilnadu_pipeline\data\raw\nasapower\power_TNP_0054_2019.json,809.8,
2026-08-03 15:27:51,TNP_0054,2020,OK,C:\Users\jaswi\OneDrive\Desktop\ALL\SEM_7\project\jammalamadugu\new_obj\tamilnadu_pipeline\data\raw\nasapower\power_TNP_0054_2020.json,811.9,
2026-08-03 15:27:54,TNP_0054,2021,OK,C:\Users\jaswi\OneDrive\Desktop\ALL\SEM_7\project\jammalamadugu\new_obj\tamilnadu_pipeline\data\raw\nasapower\power_TNP_0054_2021.json,809.6,
2026-08-03 15:27:57,TNP_0054,2022,OK,C:\Users\jaswi\OneDrive\Desktop\ALL\SEM_7\project\jammalamadugu\new_obj\tamilnadu_pipeline\data\raw\nasapower\power_TNP_0054_2022.json,809.7,
2026-08-03 15:28:00,TNP_0054,2023,OK,C:\Users\jaswi\OneDrive\Desktop\ALL\SEM_7\project\jammalamadugu\new_obj\tamilnadu_pipeline\data\raw\nasapower\power_TNP_0054_2023.json,809.6,
2026-08-03 15:28:04,TNP_0054,2024,OK,C:\Users\jaswi\OneDrive\Desktop\ALL\SEM_7\project\jammalamadugu\new_obj\tamilnadu_pipeline\data\raw\nasapower\power_TNP_0054_2024.json,811.8,
2026-08-03 15:28:07,TNP_0054,2025,OK,C:\Users\jaswi\OneDrive\Desktop\ALL\SEM_7\project\jammalamadugu\new_obj\tamilnadu_pipeline\data\raw\nasapower\power_TNP_0054_2025.json,809.7,
2026-08-03 15:28:10,TNP_0055,2016,OK,C:\Users\jaswi\OneDrive\Desktop\ALL\SEM_7\project\jammalamadugu\new_obj\tamilnadu_pipeline\data\raw\nasapower\power_TNP_0055_2016.json,811.7,
2026-08-03 15:28:13,TNP_0055,2017,OK,C:\Users\jaswi\OneDrive\Desktop\ALL\SEM_7\project\jammalamadugu\new_obj\tamilnadu_pipeline\data\raw\nasapower\power_TNP_0055_2017.json,809.6,
2026-08-03 15:28:16,TNP_0055,2018,OK,C:\Users\jaswi\OneDrive\Desktop\ALL\SEM_7\project\jammalamadugu\new_obj\tamilnadu_pipeline\data\raw\nasapower\power_TNP_0055_2018.json,809.6,
2026-08-03 15:28:20,TNP_0055,2019,OK,C:\Users\jaswi\OneDrive\Desktop\ALL\SEM_7\project\jammalamadugu\new_obj\tamilnadu_pipeline\data\raw\nasapower\power_TNP_0055_2019.json,809.7,
2026-08-03 15:28:23,TNP_0055,2020,OK,C:\Users\jaswi\OneDrive\Desktop\ALL\SEM_7\project\jammalamadugu\new_obj\tamilnadu_pipeline\data\raw\nasapower\power_TNP_0055_2020.json,811.9,
2026-08-03 15:28:26,TNP_0055,2021,OK,C:\Users\jaswi\OneDrive\Desktop\ALL\SEM_7\project\jammalamadugu\new_obj\tamilnadu_pipeline\data\raw\nasapower\power_TNP_0055_2021.json,809.7,
2026-08-03 15:28:30,TNP_0055,2022,OK,C:\Users\jaswi\OneDrive\Desktop\ALL\SEM_7\project\jammalamadugu\new_obj\tamilnadu_pipeline\data\raw\nasapower\power_TNP_0055_2022.json,809.6,
2026-08-03 15:28:33,TNP_0055,2023,OK,C:\Users\jaswi\OneDrive\Desktop\ALL\SEM_7\project\jammalamadugu\new_obj\tamilnadu_pipeline\data\raw\nasapower\power_TNP_0055_2023.json,809.5,
2026-08-03 15:28:36,TNP_0055,2024,OK,C:\Users\jaswi\OneDrive\Desktop\ALL\SEM_7\project\jammalamadugu\new_obj\tamilnadu_pipeline\data\raw\nasapower\power_TNP_0055_2024.json,811.8,
2026-08-03 15:28:40,TNP_0055,2025,OK,C:\Users\jaswi\OneDrive\Desktop\ALL\SEM_7\project\jammalamadugu\new_obj\tamilnadu_pipeline\data\raw\nasapower\power_TNP_0055_2025.json,809.5,
2026-08-03 15:28:43,TNP_0056,2016,OK,C:\Users\jaswi\OneDrive\Desktop\ALL\SEM_7\project\jammalamadugu\new_obj\tamilnadu_pipeline\data\raw\nasapower\power_TNP_0056_2016.json,812.2,
2026-08-03 15:28:46,TNP_0056,2017,OK,C:\Users\jaswi\OneDrive\Desktop\ALL\SEM_7\project\jammalamadugu\new_obj\tamilnadu_pipeline\data\raw\nasapower\power_TNP_0056_2017.json,809.8,
2026-08-03 15:28:49,TNP_0056,2018,OK,C:\Users\jaswi\OneDrive\Desktop\ALL\SEM_7\project\jammalamadugu\new_obj\tamilnadu_pipeline\data\raw\nasapower\power_TNP_0056_2018.json,809.8,
2026-08-03 15:28:52,TNP_0056,2019,OK,C:\Users\jaswi\OneDrive\Desktop\ALL\SEM_7\project\jammalamadugu\new_obj\tamilnadu_pipeline\data\raw\nasapower\power_TNP_0056_2019.json,809.9,
2026-08-03 15:28:55,TNP_0056,2020,OK,C:\Users\jaswi\OneDrive\Desktop\ALL\SEM_7\project\jammalamadugu\new_obj\tamilnadu_pipeline\data\raw\nasapower\power_TNP_0056_2020.json,812.1,
2026-08-03 15:28:58,TNP_0056,2021,OK,C:\Users\jaswi\OneDrive\Desktop\ALL\SEM_7\project\jammalamadugu\new_obj\tamilnadu_pipeline\data\raw\nasapower\power_TNP_0056_2021.json,809.8,
2026-08-03 15:29:02,TNP_0056,2022,OK,C:\Users\jaswi\OneDrive\Desktop\ALL\SEM_7\project\jammalamadugu\new_obj\tamilnadu_pipeline\data\raw\nasapower\power_TNP_0056_2022.json,809.8,
2026-08-03 15:29:05,TNP_0056,2023,OK,C:\Users\jaswi\OneDrive\Desktop\ALL\SEM_7\project\jammalamadugu\new_obj\tamilnadu_pipeline\data\raw\nasapower\power_TNP_0056_2023.json,809.9,
2026-08-03 15:29:08,TNP_0056,2024,OK,C:\Users\jaswi\OneDrive\Desktop\ALL\SEM_7\project\jammalamadugu\new_obj\tamilnadu_pipeline\data\raw\nasapower\power_TNP_0056_2024.json,812.1,
2026-08-03 15:29:11,TNP_0056,2025,OK,C:\Users\jaswi\OneDrive\Desktop\ALL\SEM_7\project\jammalamadugu\new_obj\tamilnadu_pipeline\data\raw\nasapower\power_TNP_0056_2025.json,809.7,
2026-08-03 15:29:14,TNP_0057,2016,OK,C:\Users\jaswi\OneDrive\Desktop\ALL\SEM_7\project\jammalamadugu\new_obj\tamilnadu_pipeline\data\raw\nasapower\power_TNP_0057_2016.json,811.9,
2026-08-03 15:29:16,TNP_0057,2017,OK,C:\Users\jaswi\OneDrive\Desktop\ALL\SEM_7\project\jammalamadugu\new_obj\tamilnadu_pipeline\data\raw\nasapower\power_TNP_0057_2017.json,809.7,
2026-08-03 15:29:19,TNP_0057,2018,OK,C:\Users\jaswi\OneDrive\Desktop\ALL\SEM_7\project\jammalamadugu\new_obj\tamilnadu_pipeline\data\raw\nasapower\power_TNP_0057_2018.json,809.7,
2026-08-03 15:29:22,TNP_0057,2019,OK,C:\Users\jaswi\OneDrive\Desktop\ALL\SEM_7\project\jammalamadugu\new_obj\tamilnadu_pipeline\data\raw\nasapower\power_TNP_0057_2019.json,809.8,
2026-08-03 15:29:25,TNP_0057,2020,OK,C:\Users\jaswi\OneDrive\Desktop\ALL\SEM_7\project\jammalamadugu\new_obj\tamilnadu_pipeline\data\raw\nasapower\power_TNP_0057_2020.json,812.0,
2026-08-03 15:29:28,TNP_0057,2021,OK,C:\Users\jaswi\OneDrive\Desktop\ALL\SEM_7\project\jammalamadugu\new_obj\tamilnadu_pipeline\data\raw\nasapower\power_TNP_0057_2021.json,809.7,
2026-08-03 15:29:31,TNP_0057,2022,OK,C:\Users\jaswi\OneDrive\Desktop\ALL\SEM_7\project\jammalamadugu\new_obj\tamilnadu_pipeline\data\raw\nasapower\power_TNP_0057_2022.json,809.8,
2026-08-03 15:29:35,TNP_0057,2023,OK,C:\Users\jaswi\OneDrive\Desktop\ALL\SEM_7\project\jammalamadugu\new_obj\tamilnadu_pipeline\data\raw\nasapower\power_TNP_0057_2023.json,809.8,
2026-08-03 15:29:38,TNP_0057,2024,OK,C:\Users\jaswi\OneDrive\Desktop\ALL\SEM_7\project\jammalamadugu\new_obj\tamilnadu_pipeline\data\raw\nasapower\power_TNP_0057_2024.json,812.1,
2026-08-03 15:29:41,TNP_0057,2025,OK,C:\Users\jaswi\OneDrive\Desktop\ALL\SEM_7\project\jammalamadugu\new_obj\tamilnadu_pipeline\data\raw\nasapower\power_TNP_0057_2025.json,809.6,
2026-08-03 15:29:44,TNP_0058,2016,OK,C:\Users\jaswi\OneDrive\Desktop\ALL\SEM_7\project\jammalamadugu\new_obj\tamilnadu_pipeline\data\raw\nasapower\power_TNP_0058_2016.json,811.9,
2026-08-03 15:29:46,TNP_0058,2017,OK,C:\Users\jaswi\OneDrive\Desktop\ALL\SEM_7\project\jammalamadugu\new_obj\tamilnadu_pipeline\data\raw\nasapower\power_TNP_0058_2017.json,809.7,
2026-08-03 15:29:50,TNP_0058,2018,OK,C:\Users\jaswi\OneDrive\Desktop\ALL\SEM_7\project\jammalamadugu\new_obj\tamilnadu_pipeline\data\raw\nasapower\power_TNP_0058_2018.json,809.7,
2026-08-03 15:29:52,TNP_0058,2019,OK,C:\Users\jaswi\OneDrive\Desktop\ALL\SEM_7\project\jammalamadugu\new_obj\tamilnadu_pipeline\data\raw\nasapower\power_TNP_0058_2019.json,809.8,
2026-08-03 15:29:55,TNP_0058,2020,OK,C:\Users\jaswi\OneDrive\Desktop\ALL\SEM_7\project\jammalamadugu\new_obj\tamilnadu_pipeline\data\raw\nasapower\power_TNP_0058_2020.json,811.9,
2026-08-03 15:29:59,TNP_0058,2021,OK,C:\Users\jaswi\OneDrive\Desktop\ALL\SEM_7\project\jammalamadugu\new_obj\tamilnadu_pipeline\data\raw\nasapower\power_TNP_0058_2021.json,809.7,
2026-08-03 15:30:02,TNP_0058,2022,OK,C:\Users\jaswi\OneDrive\Desktop\ALL\SEM_7\project\jammalamadugu\new_obj\tamilnadu_pipeline\data\raw\nasapower\power_TNP_0058_2022.json,809.8,
2026-08-03 15:30:05,TNP_0058,2023,OK,C:\Users\jaswi\OneDrive\Desktop\ALL\SEM_7\project\jammalamadugu\new_obj\tamilnadu_pipeline\data\raw\nasapower\power_TNP_0058_2023.json,809.8,
2026-08-03 15:30:09,TNP_0058,2024,OK,C:\Users\jaswi\OneDrive\Desktop\ALL\SEM_7\project\jammalamadugu\new_obj\tamilnadu_pipeline\data\raw\nasapower\power_TNP_0058_2024.json,812.0,
2026-08-03 15:30:12,TNP_0058,2025,OK,C:\Users\jaswi\OneDrive\Desktop\ALL\SEM_7\project\jammalamadugu\new_obj\tamilnadu_pipeline\data\raw\nasapower\power_TNP_0058_2025.json,809.6,
2026-08-03 15:30:15,TNP_0059,2016,OK,C:\Users\jaswi\OneDrive\Desktop\ALL\SEM_7\project\jammalamadugu\new_obj\tamilnadu_pipeline\data\raw\nasapower\power_TNP_0059_2016.json,811.9,
2026-08-03 15:30:19,TNP_0059,2017,OK,C:\Users\jaswi\OneDrive\Desktop\ALL\SEM_7\project\jammalamadugu\new_obj\tamilnadu_pipeline\data\raw\nasapower\power_TNP_0059_2017.json,809.8,
2026-08-03 15:30:22,TNP_0059,2018,OK,C:\Users\jaswi\OneDrive\Desktop\ALL\SEM_7\project\jammalamadugu\new_obj\tamilnadu_pipeline\data\raw\nasapower\power_TNP_0059_2018.json,809.7,
2026-08-03 15:30:26,TNP_0059,2019,OK,C:\Users\jaswi\OneDrive\Desktop\ALL\SEM_7\project\jammalamadugu\new_obj\tamilnadu_pipeline\data\raw\nasapower\power_TNP_0059_2019.json,809.9,
2026-08-03 15:30:28,TNP_0059,2020,OK,C:\Users\jaswi\OneDrive\Desktop\ALL\SEM_7\project\jammalamadugu\new_obj\tamilnadu_pipeline\data\raw\nasapower\power_TNP_0059_2020.json,811.9,
2026-08-03 15:30:32,TNP_0059,2021,OK,C:\Users\jaswi\OneDrive\Desktop\ALL\SEM_7\project\jammalamadugu\new_obj\tamilnadu_pipeline\data\raw\nasapower\power_TNP_0059_2021.json,809.7,
2026-08-03 15:30:35,TNP_0059,2022,OK,C:\Users\jaswi\OneDrive\Desktop\ALL\SEM_7\project\jammalamadugu\new_obj\tamilnadu_pipeline\data\raw\nasapower\power_TNP_0059_2022.json,809.7,
2026-08-03 15:30:38,TNP_0059,2023,OK,C:\Users\jaswi\OneDrive\Desktop\ALL\SEM_7\project\jammalamadugu\new_obj\tamilnadu_pipeline\data\raw\nasapower\power_TNP_0059_2023.json,809.7,
2026-08-03 15:30:42,TNP_0059,2024,OK,C:\Users\jaswi\OneDrive\Desktop\ALL\SEM_7\project\jammalamadugu\new_obj\tamilnadu_pipeline\data\raw\nasapower\power_TNP_0059_2024.json,812.0,
2026-08-03 15:30:44,TNP_0059,2025,OK,C:\Users\jaswi\OneDrive\Desktop\ALL\SEM_7\project\jammalamadugu\new_obj\tamilnadu_pipeline\data\raw\nasapower\power_TNP_0059_2025.json,809.8,
2026-08-03 15:30:48,TNP_0060,2016,OK,C:\Users\jaswi\OneDrive\Desktop\ALL\SEM_7\project\jammalamadugu\new_obj\tamilnadu_pipeline\data\raw\nasapower\power_TNP_0060_2016.json,811.9,
2026-08-03 15:30:51,TNP_0060,2017,OK,C:\Users\jaswi\OneDrive\Desktop\ALL\SEM_7\project\jammalamadugu\new_obj\tamilnadu_pipeline\data\raw\nasapower\power_TNP_0060_2017.json,809.9,
2026-08-03 15:30:54,TNP_0060,2018,OK,C:\Users\jaswi\OneDrive\Desktop\ALL\SEM_7\project\jammalamadugu\new_obj\tamilnadu_pipeline\data\raw\nasapower\power_TNP_0060_2018.json,809.9,
2026-08-03 15:30:57,TNP_0060,2019,OK,C:\Users\jaswi\OneDrive\Desktop\ALL\SEM_7\project\jammalamadugu\new_obj\tamilnadu_pipeline\data\raw\nasapower\power_TNP_0060_2019.json,810.0,
2026-08-03 15:31:01,TNP_0060,2020,OK,C:\Users\jaswi\OneDrive\Desktop\ALL\SEM_7\project\jammalamadugu\new_obj\tamilnadu_pipeline\data\raw\nasapower\power_TNP_0060_2020.json,811.9,
2026-08-03 15:31:04,TNP_0060,2021,OK,C:\Users\jaswi\OneDrive\Desktop\ALL\SEM_7\project\jammalamadugu\new_obj\tamilnadu_pipeline\data\raw\nasapower\power_TNP_0060_2021.json,809.8,
2026-08-03 15:31:08,TNP_0060,2022,OK,C:\Users\jaswi\OneDrive\Desktop\ALL\SEM_7\project\jammalamadugu\new_obj\tamilnadu_pipeline\data\raw\nasapower\power_TNP_0060_2022.json,809.6,
2026-08-03 15:31:11,TNP_0060,2023,OK,C:\Users\jaswi\OneDrive\Desktop\ALL\SEM_7\project\jammalamadugu\new_obj\tamilnadu_pipeline\data\raw\nasapower\power_TNP_0060_2023.json,809.8,
2026-08-03 15:31:14,TNP_0060,2024,OK,C:\Users\jaswi\OneDrive\Desktop\ALL\SEM_7\project\jammalamadugu\new_obj\tamilnadu_pipeline\data\raw\nasapower\power_TNP_0060_2024.json,812.1,
2026-08-03 15:31:18,TNP_0060,2025,OK,C:\Users\jaswi\OneDrive\Desktop\ALL\SEM_7\project\jammalamadugu\new_obj\tamilnadu_pipeline\data\raw\nasapower\power_TNP_0060_2025.json,809.8,
2026-08-03 15:31:21,TNP_0061,2016,OK,C:\Users\jaswi\OneDrive\Desktop\ALL\SEM_7\project\jammalamadugu\new_obj\tamilnadu_pipeline\data\raw\nasapower\power_TNP_0061_2016.json,811.9,
2026-08-03 15:31:24,TNP_0061,2017,OK,C:\Users\jaswi\OneDrive\Desktop\ALL\SEM_7\project\jammalamadugu\new_obj\tamilnadu_pipeline\data\raw\nasapower\power_TNP_0061_2017.json,809.7,
2026-08-03 15:31:27,TNP_0061,2018,OK,C:\Users\jaswi\OneDrive\Desktop\ALL\SEM_7\project\jammalamadugu\new_obj\tamilnadu_pipeline\data\raw\nasapower\power_TNP_0061_2018.json,809.8,
2026-08-03 15:31:31,TNP_0061,2019,OK,C:\Users\jaswi\OneDrive\Desktop\ALL\SEM_7\project\jammalamadugu\new_obj\tamilnadu_pipeline\data\raw\nasapower\power_TNP_0061_2019.json,809.9,
2026-08-03 15:31:34,TNP_0061,2020,OK,C:\Users\jaswi\OneDrive\Desktop\ALL\SEM_7\project\jammalamadugu\new_obj\tamilnadu_pipeline\data\raw\nasapower\power_TNP_0061_2020.json,812.0,
2026-08-03 15:31:37,TNP_0061,2021,OK,C:\Users\jaswi\OneDrive\Desktop\ALL\SEM_7\project\jammalamadugu\new_obj\tamilnadu_pipeline\data\raw\nasapower\power_TNP_0061_2021.json,809.7,
2026-08-03 15:31:41,TNP_0061,2022,OK,C:\Users\jaswi\OneDrive\Desktop\ALL\SEM_7\project\jammalamadugu\new_obj\tamilnadu_pipeline\data\raw\nasapower\power_TNP_0061_2022.json,809.6,
2026-08-03 15:31:44,TNP_0061,2023,OK,C:\Users\jaswi\OneDrive\Desktop\ALL\SEM_7\project\jammalamadugu\new_obj\tamilnadu_pipeline\data\raw\nasapower\power_TNP_0061_2023.json,809.8,
2026-08-03 15:31:47,TNP_0061,2024,OK,C:\Users\jaswi\OneDrive\Desktop\ALL\SEM_7\project\jammalamadugu\new_obj\tamilnadu_pipeline\data\raw\nasapower\power_TNP_0061_2024.json,812.0,
2026-08-03 15:31:51,TNP_0061,2025,OK,C:\Users\jaswi\OneDrive\Desktop\ALL\SEM_7\project\jammalamadugu\new_obj\tamilnadu_pipeline\data\raw\nasapower\power_TNP_0061_2025.json,809.7,
2026-08-03 15:31:54,TNP_0062,2016,OK,C:\Users\jaswi\OneDrive\Desktop\ALL\SEM_7\project\jammalamadugu\new_obj\tamilnadu_pipeline\data\raw\nasapower\power_TNP_0062_2016.json,811.9,
2026-08-03 15:31:57,TNP_0062,2017,OK,C:\Users\jaswi\OneDrive\Desktop\ALL\SEM_7\project\jammalamadugu\new_obj\tamilnadu_pipeline\data\raw\nasapower\power_TNP_0062_2017.json,809.8,
2026-08-03 15:32:00,TNP_0062,2018,OK,C:\Users\jaswi\OneDrive\Desktop\ALL\SEM_7\project\jammalamadugu\new_obj\tamilnadu_pipeline\data\raw\nasapower\power_TNP_0062_2018.json,809.8,
2026-08-03 15:32:04,TNP_0062,2019,OK,C:\Users\jaswi\OneDrive\Desktop\ALL\SEM_7\project\jammalamadugu\new_obj\tamilnadu_pipeline\data\raw\nasapower\power_TNP_0062_2019.json,809.8,
2026-08-03 15:32:07,TNP_0062,2020,OK,C:\Users\jaswi\OneDrive\Desktop\ALL\SEM_7\project\jammalamadugu\new_obj\tamilnadu_pipeline\data\raw\nasapower\power_TNP_0062_2020.json,812.0,
2026-08-03 15:32:10,TNP_0062,2021,OK,C:\Users\jaswi\OneDrive\Desktop\ALL\SEM_7\project\jammalamadugu\new_obj\tamilnadu_pipeline\data\raw\nasapower\power_TNP_0062_2021.json,809.9,
2026-08-03 15:32:14,TNP_0062,2022,OK,C:\Users\jaswi\OneDrive\Desktop\ALL\SEM_7\project\jammalamadugu\new_obj\tamilnadu_pipeline\data\raw\nasapower\power_TNP_0062_2022.json,809.8,
2026-08-03 15:32:17,TNP_0062,2023,OK,C:\Users\jaswi\OneDrive\Desktop\ALL\SEM_7\project\jammalamadugu\new_obj\tamilnadu_pipeline\data\raw\nasapower\power_TNP_0062_2023.json,809.8,
2026-08-03 15:32:20,TNP_0062,2024,OK,C:\Users\jaswi\OneDrive\Desktop\ALL\SEM_7\project\jammalamadugu\new_obj\tamilnadu_pipeline\data\raw\nasapower\power_TNP_0062_2024.json,812.1,
2026-08-03 15:32:23,TNP_0062,2025,OK,C:\Users\jaswi\OneDrive\Desktop\ALL\SEM_7\project\jammalamadugu\new_obj\tamilnadu_pipeline\data\raw\nasapower\power_TNP_0062_2025.json,809.7,
2026-08-03 15:32:26,TNP_0063,2016,OK,C:\Users\jaswi\OneDrive\Desktop\ALL\SEM_7\project\jammalamadugu\new_obj\tamilnadu_pipeline\data\raw\nasapower\power_TNP_0063_2016.json,811.9,
2026-08-03 15:46:56,TNP_0063,2017,OK,C:\Users\jaswi\OneDrive\Desktop\ALL\SEM_7\project\jammalamadugu\new_obj\tamilnadu_pipeline\data\raw\nasapower\power_TNP_0063_2017.json,809.6,
2026-08-03 15:46:59,TNP_0063,2018,OK,C:\Users\jaswi\OneDrive\Desktop\ALL\SEM_7\project\jammalamadugu\new_obj\tamilnadu_pipeline\data\raw\nasapower\power_TNP_0063_2018.json,809.6,
2026-08-03 15:47:02,TNP_0063,2019,OK,C:\Users\jaswi\OneDrive\Desktop\ALL\SEM_7\project\jammalamadugu\new_obj\tamilnadu_pipeline\data\raw\nasapower\power_TNP_0063_2019.json,809.8,
2026-08-03 15:47:05,TNP_0063,2020,OK,C:\Users\jaswi\OneDrive\Desktop\ALL\SEM_7\project\jammalamadugu\new_obj\tamilnadu_pipeline\data\raw\nasapower\power_TNP_0063_2020.json,812.0,
2026-08-03 15:47:09,TNP_0063,2021,OK,C:\Users\jaswi\OneDrive\Desktop\ALL\SEM_7\project\jammalamadugu\new_obj\tamilnadu_pipeline\data\raw\nasapower\power_TNP_0063_2021.json,809.6,
2026-08-03 15:47:34,TNP_0063,2022,OK,C:\Users\jaswi\OneDrive\Desktop\ALL\SEM_7\project\jammalamadugu\new_obj\tamilnadu_pipeline\data\raw\nasapower\power_TNP_0063_2022.json,809.5,
2026-08-03 15:47:38,TNP_0063,2023,OK,C:\Users\jaswi\OneDrive\Desktop\ALL\SEM_7\project\jammalamadugu\new_obj\tamilnadu_pipeline\data\raw\nasapower\power_TNP_0063_2023.json,809.6,
2026-08-03 15:47:42,TNP_0063,2024,OK,C:\Users\jaswi\OneDrive\Desktop\ALL\SEM_7\project\jammalamadugu\new_obj\tamilnadu_pipeline\data\raw\nasapower\power_TNP_0063_2024.json,811.9,
2026-08-03 15:47:46,TNP_0063,2025,OK,C:\Users\jaswi\OneDrive\Desktop\ALL\SEM_7\project\jammalamadugu\new_obj\tamilnadu_pipeline\data\raw\nasapower\power_TNP_0063_2025.json,809.4,
2026-08-03 15:47:51,TNP_0064,2016,OK,C:\Users\jaswi\OneDrive\Desktop\ALL\SEM_7\project\jammalamadugu\new_obj\tamilnadu_pipeline\data\raw\nasapower\power_TNP_0064_2016.json,811.9,
2026-08-03 15:47:57,TNP_0064,2017,OK,C:\Users\jaswi\OneDrive\Desktop\ALL\SEM_7\project\jammalamadugu\new_obj\tamilnadu_pipeline\data\raw\nasapower\power_TNP_0064_2017.json,809.8,
2026-08-03 15:48:03,TNP_0064,2018,OK,C:\Users\jaswi\OneDrive\Desktop\ALL\SEM_7\project\jammalamadugu\new_obj\tamilnadu_pipeline\data\raw\nasapower\power_TNP_0064_2018.json,809.7,
2026-08-03 15:48:08,TNP_0064,2019,OK,C:\Users\jaswi\OneDrive\Desktop\ALL\SEM_7\project\jammalamadugu\new_obj\tamilnadu_pipeline\data\raw\nasapower\power_TNP_0064_2019.json,809.8,
2026-08-03 15:48:16,TNP_0064,2020,OK,C:\Users\jaswi\OneDrive\Desktop\ALL\SEM_7\project\jammalamadugu\new_obj\tamilnadu_pipeline\data\raw\nasapower\power_TNP_0064_2020.json,812.0,
2026-08-03 15:48:21,TNP_0064,2021,OK,C:\Users\jaswi\OneDrive\Desktop\ALL\SEM_7\project\jammalamadugu\new_obj\tamilnadu_pipeline\data\raw\nasapower\power_TNP_0064_2021.json,809.6,
2026-08-03 15:48:25,TNP_0064,2022,OK,C:\Users\jaswi\OneDrive\Desktop\ALL\SEM_7\project\jammalamadugu\new_obj\tamilnadu_pipeline\data\raw\nasapower\power_TNP_0064_2022.json,809.6,
2026-08-03 15:48:34,TNP_0064,2023,OK,C:\Users\jaswi\OneDrive\Desktop\ALL\SEM_7\project\jammalamadugu\new_obj\tamilnadu_pipeline\data\raw\nasapower\power_TNP_0064_2023.json,809.7,
2026-08-03 15:48:45,TNP_0064,2024,OK,C:\Users\jaswi\OneDrive\Desktop\ALL\SEM_7\project\jammalamadugu\new_obj\tamilnadu_pipeline\data\raw\nasapower\power_TNP_0064_2024.json,811.8,
2026-08-03 15:48:49,TNP_0064,2025,OK,C:\Users\jaswi\OneDrive\Desktop\ALL\SEM_7\project\jammalamadugu\new_obj\tamilnadu_pipeline\data\raw\nasapower\power_TNP_0064_2025.json,809.6,
2026-08-03 15:48:53,TNP_0065,2016,OK,C:\Users\jaswi\OneDrive\Desktop\ALL\SEM_7\project\jammalamadugu\new_obj\tamilnadu_pipeline\data\raw\nasapower\power_TNP_0065_2016.json,812.0,
2026-08-03 15:48:57,TNP_0065,2017,OK,C:\Users\jaswi\OneDrive\Desktop\ALL\SEM_7\project\jammalamadugu\new_obj\tamilnadu_pipeline\data\raw\nasapower\power_TNP_0065_2017.json,809.8,
2026-08-03 15:49:01,TNP_0065,2018,OK,C:\Users\jaswi\OneDrive\Desktop\ALL\SEM_7\project\jammalamadugu\new_obj\tamilnadu_pipeline\data\raw\nasapower\power_TNP_0065_2018.json,809.8,
2026-08-03 15:49:05,TNP_0065,2019,OK,C:\Users\jaswi\OneDrive\Desktop\ALL\SEM_7\project\jammalamadugu\new_obj\tamilnadu_pipeline\data\raw\nasapower\power_TNP_0065_2019.json,809.8,
2026-08-03 15:49:08,TNP_0065,2020,OK,C:\Users\jaswi\OneDrive\Desktop\ALL\SEM_7\project\jammalamadugu\new_obj\tamilnadu_pipeline\data\raw\nasapower\power_TNP_0065_2020.json,812.0,
2026-08-03 15:49:12,TNP_0065,2021,OK,C:\Users\jaswi\OneDrive\Desktop\ALL\SEM_7\project\jammalamadugu\new_obj\tamilnadu_pipeline\data\raw\nasapower\power_TNP_0065_2021.json,809.8,
2026-08-03 15:49:15,TNP_0065,2022,OK,C:\Users\jaswi\OneDrive\Desktop\ALL\SEM_7\project\jammalamadugu\new_obj\tamilnadu_pipeline\data\raw\nasapower\power_TNP_0065_2022.json,809.7,
2026-08-03 15:49:18,TNP_0065,2023,OK,C:\Users\jaswi\OneDrive\Desktop\ALL\SEM_7\project\jammalamadugu\new_obj\tamilnadu_pipeline\data\raw\nasapower\power_TNP_0065_2023.json,809.8,
2026-08-03 15:49:21,TNP_0065,2024,OK,C:\Users\jaswi\OneDrive\Desktop\ALL\SEM_7\project\jammalamadugu\new_obj\tamilnadu_pipeline\data\raw\nasapower\power_TNP_0065_2024.json,812.0,
2026-08-03 15:49:25,TNP_0065,2025,OK,C:\Users\jaswi\OneDrive\Desktop\ALL\SEM_7\project\jammalamadugu\new_obj\tamilnadu_pipeline\data\raw\nasapower\power_TNP_0065_2025.json,809.8,
2026-08-03 15:49:29,TNP_0066,2016,OK,C:\Users\jaswi\OneDrive\Desktop\ALL\SEM_7\project\jammalamadugu\new_obj\tamilnadu_pipeline\data\raw\nasapower\power_TNP_0066_2016.json,812.0,
2026-08-03 15:49:33,TNP_0066,2017,OK,C:\Users\jaswi\OneDrive\Desktop\ALL\SEM_7\project\jammalamadugu\new_obj\tamilnadu_pipeline\data\raw\nasapower\power_TNP_0066_2017.json,809.7,
2026-08-03 15:49:36,TNP_0066,2018,OK,C:\Users\jaswi\OneDrive\Desktop\ALL\SEM_7\project\jammalamadugu\new_obj\tamilnadu_pipeline\data\raw\nasapower\power_TNP_0066_2018.json,809.8,
2026-08-03 15:49:40,TNP_0066,2019,OK,C:\Users\jaswi\OneDrive\Desktop\ALL\SEM_7\project\jammalamadugu\new_obj\tamilnadu_pipeline\data\raw\nasapower\power_TNP_0066_2019.json,809.8,
2026-08-03 15:49:44,TNP_0066,2020,OK,C:\Users\jaswi\OneDrive\Desktop\ALL\SEM_7\project\jammalamadugu\new_obj\tamilnadu_pipeline\data\raw\nasapower\power_TNP_0066_2020.json,812.0,
2026-08-03 15:49:48,TNP_0066,2021,OK,C:\Users\jaswi\OneDrive\Desktop\ALL\SEM_7\project\jammalamadugu\new_obj\tamilnadu_pipeline\data\raw\nasapower\power_TNP_0066_2021.json,809.8,
2026-08-03 15:49:51,TNP_0066,2022,OK,C:\Users\jaswi\OneDrive\Desktop\ALL\SEM_7\project\jammalamadugu\new_obj\tamilnadu_pipeline\data\raw\nasapower\power_TNP_0066_2022.json,809.7,
2026-08-03 15:49:55,TNP_0066,2023,OK,C:\Users\jaswi\OneDrive\Desktop\ALL\SEM_7\project\jammalamadugu\new_obj\tamilnadu_pipeline\data\raw\nasapower\power_TNP_0066_2023.json,809.7,
2026-08-03 15:49:59,TNP_0066,2024,OK,C:\Users\jaswi\OneDrive\Desktop\ALL\SEM_7\project\jammalamadugu\new_obj\tamilnadu_pipeline\data\raw\nasapower\power_TNP_0066_2024.json,812.0,
2026-08-03 15:50:02,TNP_0066,2025,OK,C:\Users\jaswi\OneDrive\Desktop\ALL\SEM_7\project\jammalamadugu\new_obj\tamilnadu_pipeline\data\raw\nasapower\power_TNP_0066_2025.json,809.7,
2026-08-03 15:50:06,TNP_0067,2016,OK,C:\Users\jaswi\OneDrive\Desktop\ALL\SEM_7\project\jammalamadugu\new_obj\tamilnadu_pipeline\data\raw\nasapower\power_TNP_0067_2016.json,811.9,
2026-08-03 15:50:10,TNP_0067,2017,OK,C:\Users\jaswi\OneDrive\Desktop\ALL\SEM_7\project\jammalamadugu\new_obj\tamilnadu_pipeline\data\raw\nasapower\power_TNP_0067_2017.json,809.9,
2026-08-03 15:50:14,TNP_0067,2018,OK,C:\Users\jaswi\OneDrive\Desktop\ALL\SEM_7\project\jammalamadugu\new_obj\tamilnadu_pipeline\data\raw\nasapower\power_TNP_0067_2018.json,809.8,
2026-08-03 15:50:17,TNP_0067,2019,OK,C:\Users\jaswi\OneDrive\Desktop\ALL\SEM_7\project\jammalamadugu\new_obj\tamilnadu_pipeline\data\raw\nasapower\power_TNP_0067_2019.json,809.9,
2026-08-03 15:50:19,TNP_0067,2020,OK,C:\Users\jaswi\OneDrive\Desktop\ALL\SEM_7\project\jammalamadugu\new_obj\tamilnadu_pipeline\data\raw\nasapower\power_TNP_0067_2020.json,812.1,
2026-08-03 15:50:23,TNP_0067,2021,OK,C:\Users\jaswi\OneDrive\Desktop\ALL\SEM_7\project\jammalamadugu\new_obj\tamilnadu_pipeline\data\raw\nasapower\power_TNP_0067_2021.json,809.7,
2026-08-03 15:50:27,TNP_0067,2022,OK,C:\Users\jaswi\OneDrive\Desktop\ALL\SEM_7\project\jammalamadugu\new_obj\tamilnadu_pipeline\data\raw\nasapower\power_TNP_0067_2022.json,809.5,
2026-08-03 15:50:31,TNP_0067,2023,OK,C:\Users\jaswi\OneDrive\Desktop\ALL\SEM_7\project\jammalamadugu\new_obj\tamilnadu_pipeline\data\raw\nasapower\power_TNP_0067_2023.json,809.7,
2026-08-03 15:50:34,TNP_0067,2024,OK,C:\Users\jaswi\OneDrive\Desktop\ALL\SEM_7\project\jammalamadugu\new_obj\tamilnadu_pipeline\data\raw\nasapower\power_TNP_0067_2024.json,811.9,
2026-08-03 15:50:38,TNP_0067,2025,OK,C:\Users\jaswi\OneDrive\Desktop\ALL\SEM_7\project\jammalamadugu\new_obj\tamilnadu_pipeline\data\raw\nasapower\power_TNP_0067_2025.json,809.9,
2026-08-03 15:50:42,TNP_0068,2016,OK,C:\Users\jaswi\OneDrive\Desktop\ALL\SEM_7\project\jammalamadugu\new_obj\tamilnadu_pipeline\data\raw\nasapower\power_TNP_0068_2016.json,811.9,
2026-08-03 15:50:45,TNP_0068,2017,OK,C:\Users\jaswi\OneDrive\Desktop\ALL\SEM_7\project\jammalamadugu\new_obj\tamilnadu_pipeline\data\raw\nasapower\power_TNP_0068_2017.json,809.7,
2026-08-03 15:50:49,TNP_0068,2018,OK,C:\Users\jaswi\OneDrive\Desktop\ALL\SEM_7\project\jammalamadugu\new_obj\tamilnadu_pipeline\data\raw\nasapower\power_TNP_0068_2018.json,809.6,
2026-08-03 15:50:53,TNP_0068,2019,OK,C:\Users\jaswi\OneDrive\Desktop\ALL\SEM_7\project\jammalamadugu\new_obj\tamilnadu_pipeline\data\raw\nasapower\power_TNP_0068_2019.json,809.7,
2026-08-03 15:50:56,TNP_0068,2020,OK,C:\Users\jaswi\OneDrive\Desktop\ALL\SEM_7\project\jammalamadugu\new_obj\tamilnadu_pipeline\data\raw\nasapower\power_TNP_0068_2020.json,812.0,
2026-08-03 15:51:00,TNP_0068,2021,OK,C:\Users\jaswi\OneDrive\Desktop\ALL\SEM_7\project\jammalamadugu\new_obj\tamilnadu_pipeline\data\raw\nasapower\power_TNP_0068_2021.json,809.6,
2026-08-03 15:51:04,TNP_0068,2022,OK,C:\Users\jaswi\OneDrive\Desktop\ALL\SEM_7\project\jammalamadugu\new_obj\tamilnadu_pipeline\data\raw\nasapower\power_TNP_0068_2022.json,809.7,
2026-08-03 15:51:07,TNP_0068,2023,OK,C:\Users\jaswi\OneDrive\Desktop\ALL\SEM_7\project\jammalamadugu\new_obj\tamilnadu_pipeline\data\raw\nasapower\power_TNP_0068_2023.json,809.6,
2026-08-03 15:51:11,TNP_0068,2024,OK,C:\Users\jaswi\OneDrive\Desktop\ALL\SEM_7\project\jammalamadugu\new_obj\tamilnadu_pipeline\data\raw\nasapower\power_TNP_0068_2024.json,811.8,
2026-08-03 15:51:15,TNP_0068,2025,OK,C:\Users\jaswi\OneDrive\Desktop\ALL\SEM_7\project\jammalamadugu\new_obj\tamilnadu_pipeline\data\raw\nasapower\power_TNP_0068_2025.json,809.7,
2026-08-03 15:51:19,TNP_0069,2016,OK,C:\Users\jaswi\OneDrive\Desktop\ALL\SEM_7\project\jammalamadugu\new_obj\tamilnadu_pipeline\data\raw\nasapower\power_TNP_0069_2016.json,811.9,
2026-08-03 15:51:23,TNP_0069,2017,OK,C:\Users\jaswi\OneDrive\Desktop\ALL\SEM_7\project\jammalamadugu\new_obj\tamilnadu_pipeline\data\raw\nasapower\power_TNP_0069_2017.json,809.7,
2026-08-03 15:51:27,TNP_0069,2018,OK,C:\Users\jaswi\OneDrive\Desktop\ALL\SEM_7\project\jammalamadugu\new_obj\tamilnadu_pipeline\data\raw\nasapower\power_TNP_0069_2018.json,809.7,
2026-08-03 15:51:31,TNP_0069,2019,OK,C:\Users\jaswi\OneDrive\Desktop\ALL\SEM_7\project\jammalamadugu\new_obj\tamilnadu_pipeline\data\raw\nasapower\power_TNP_0069_2019.json,809.8,
2026-08-03 15:51:34,TNP_0069,2020,OK,C:\Users\jaswi\OneDrive\Desktop\ALL\SEM_7\project\jammalamadugu\new_obj\tamilnadu_pipeline\data\raw\nasapower\power_TNP_0069_2020.json,811.9,
2026-08-03 15:51:38,TNP_0069,2021,OK,C:\Users\jaswi\OneDrive\Desktop\ALL\SEM_7\project\jammalamadugu\new_obj\tamilnadu_pipeline\data\raw\nasapower\power_TNP_0069_2021.json,809.7,
2026-08-03 15:51:42,TNP_0069,2022,OK,C:\Users\jaswi\OneDrive\Desktop\ALL\SEM_7\project\jammalamadugu\new_obj\tamilnadu_pipeline\data\raw\nasapower\power_TNP_0069_2022.json,809.8,
2026-08-03 15:51:46,TNP_0069,2023,OK,C:\Users\jaswi\OneDrive\Desktop\ALL\SEM_7\project\jammalamadugu\new_obj\tamilnadu_pipeline\data\raw\nasapower\power_TNP_0069_2023.json,809.8,
2026-08-03 15:51:49,TNP_0069,2024,OK,C:\Users\jaswi\OneDrive\Desktop\ALL\SEM_7\project\jammalamadugu\new_obj\tamilnadu_pipeline\data\raw\nasapower\power_TNP_0069_2024.json,812.0,
2026-08-03 15:51:53,TNP_0069,2025,OK,C:\Users\jaswi\OneDrive\Desktop\ALL\SEM_7\project\jammalamadugu\new_obj\tamilnadu_pipeline\data\raw\nasapower\power_TNP_0069_2025.json,809.6,
2026-08-03 15:51:57,TNP_0070,2016,OK,C:\Users\jaswi\OneDrive\Desktop\ALL\SEM_7\project\jammalamadugu\new_obj\tamilnadu_pipeline\data\raw\nasapower\power_TNP_0070_2016.json,812.1,
2026-08-03 15:52:01,TNP_0070,2017,OK,C:\Users\jaswi\OneDrive\Desktop\ALL\SEM_7\project\jammalamadugu\new_obj\tamilnadu_pipeline\data\raw\nasapower\power_TNP_0070_2017.json,809.9,
2026-08-03 15:52:05,TNP_0070,2018,OK,C:\Users\jaswi\OneDrive\Desktop\ALL\SEM_7\project\jammalamadugu\new_obj\tamilnadu_pipeline\data\raw\nasapower\power_TNP_0070_2018.json,809.9,
2026-08-03 15:52:09,TNP_0070,2019,OK,C:\Users\jaswi\OneDrive\Desktop\ALL\SEM_7\project\jammalamadugu\new_obj\tamilnadu_pipeline\data\raw\nasapower\power_TNP_0070_2019.json,809.9,
2026-08-03 15:52:13,TNP_0070,2020,OK,C:\Users\jaswi\OneDrive\Desktop\ALL\SEM_7\project\jammalamadugu\new_obj\tamilnadu_pipeline\data\raw\nasapower\power_TNP_0070_2020.json,812.0,
2026-08-03 15:52:17,TNP_0070,2021,OK,C:\Users\jaswi\OneDrive\Desktop\ALL\SEM_7\project\jammalamadugu\new_obj\tamilnadu_pipeline\data\raw\nasapower\power_TNP_0070_2021.json,809.9,
2026-08-03 15:52:21,TNP_0070,2022,OK,C:\Users\jaswi\OneDrive\Desktop\ALL\SEM_7\project\jammalamadugu\new_obj\tamilnadu_pipeline\data\raw\nasapower\power_TNP_0070_2022.json,809.8,
2026-08-03 15:52:24,TNP_0070,2023,OK,C:\Users\jaswi\OneDrive\Desktop\ALL\SEM_7\project\jammalamadugu\new_obj\tamilnadu_pipeline\data\raw\nasapower\power_TNP_0070_2023.json,809.9,
2026-08-03 15:52:28,TNP_0070,2024,OK,C:\Users\jaswi\OneDrive\Desktop\ALL\SEM_7\project\jammalamadugu\new_obj\tamilnadu_pipeline\data\raw\nasapower\power_TNP_0070_2024.json,812.1,
2026-08-03 15:52:32,TNP_0070,2025,OK,C:\Users\jaswi\OneDrive\Desktop\ALL\SEM_7\project\jammalamadugu\new_obj\tamilnadu_pipeline\data\raw\nasapower\power_TNP_0070_2025.json,809.8,
2026-08-03 15:52:35,TNP_0071,2016,OK,C:\Users\jaswi\OneDrive\Desktop\ALL\SEM_7\project\jammalamadugu\new_obj\tamilnadu_pipeline\data\raw\nasapower\power_TNP_0071_2016.json,812.0,
2026-08-03 15:52:40,TNP_0071,2017,OK,C:\Users\jaswi\OneDrive\Desktop\ALL\SEM_7\project\jammalamadugu\new_obj\tamilnadu_pipeline\data\raw\nasapower\power_TNP_0071_2017.json,809.8,
2026-08-03 15:52:44,TNP_0071,2018,OK,C:\Users\jaswi\OneDrive\Desktop\ALL\SEM_7\project\jammalamadugu\new_obj\tamilnadu_pipeline\data\raw\nasapower\power_TNP_0071_2018.json,809.8,
2026-08-03 15:52:48,TNP_0071,2019,OK,C:\Users\jaswi\OneDrive\Desktop\ALL\SEM_7\project\jammalamadugu\new_obj\tamilnadu_pipeline\data\raw\nasapower\power_TNP_0071_2019.json,809.8,
2026-08-03 15:52:53,TNP_0071,2020,OK,C:\Users\jaswi\OneDrive\Desktop\ALL\SEM_7\project\jammalamadugu\new_obj\tamilnadu_pipeline\data\raw\nasapower\power_TNP_0071_2020.json,812.0,
2026-08-03 15:52:57,TNP_0071,2021,OK,C:\Users\jaswi\OneDrive\Desktop\ALL\SEM_7\project\jammalamadugu\new_obj\tamilnadu_pipeline\data\raw\nasapower\power_TNP_0071_2021.json,809.8,
2026-08-03 15:53:01,TNP_0071,2022,OK,C:\Users\jaswi\OneDrive\Desktop\ALL\SEM_7\project\jammalamadugu\new_obj\tamilnadu_pipeline\data\raw\nasapower\power_TNP_0071_2022.json,809.7,
2026-08-03 15:53:05,TNP_0071,2023,OK,C:\Users\jaswi\OneDrive\Desktop\ALL\SEM_7\project\jammalamadugu\new_obj\tamilnadu_pipeline\data\raw\nasapower\power_TNP_0071_2023.json,809.8,
2026-08-03 15:53:08,TNP_0071,2024,OK,C:\Users\jaswi\OneDrive\Desktop\ALL\SEM_7\project\jammalamadugu\new_obj\tamilnadu_pipeline\data\raw\nasapower\power_TNP_0071_2024.json,812.0,
2026-08-03 15:53:12,TNP_0071,2025,OK,C:\Users\jaswi\OneDrive\Desktop\ALL\SEM_7\project\jammalamadugu\new_obj\tamilnadu_pipeline\data\raw\nasapower\power_TNP_0071_2025.json,809.8,
2026-08-03 15:53:16,TNP_0072,2016,OK,C:\Users\jaswi\OneDrive\Desktop\ALL\SEM_7\project\jammalamadugu\new_obj\tamilnadu_pipeline\data\raw\nasapower\power_TNP_0072_2016.json,811.9,
2026-08-03 15:53:21,TNP_0072,2017,OK,C:\Users\jaswi\OneDrive\Desktop\ALL\SEM_7\project\jammalamadugu\new_obj\tamilnadu_pipeline\data\raw\nasapower\power_TNP_0072_2017.json,809.7,
2026-08-03 15:53:25,TNP_0072,2018,OK,C:\Users\jaswi\OneDrive\Desktop\ALL\SEM_7\project\jammalamadugu\new_obj\tamilnadu_pipeline\data\raw\nasapower\power_TNP_0072_2018.json,809.8,
2026-08-03 15:53:28,TNP_0072,2019,OK,C:\Users\jaswi\OneDrive\Desktop\ALL\SEM_7\project\jammalamadugu\new_obj\tamilnadu_pipeline\data\raw\nasapower\power_TNP_0072_2019.json,809.9,
2026-08-03 15:53:35,TNP_0072,2020,OK,C:\Users\jaswi\OneDrive\Desktop\ALL\SEM_7\project\jammalamadugu\new_obj\tamilnadu_pipeline\data\raw\nasapower\power_TNP_0072_2020.json,812.0,
2026-08-03 15:53:40,TNP_0072,2021,OK,C:\Users\jaswi\OneDrive\Desktop\ALL\SEM_7\project\jammalamadugu\new_obj\tamilnadu_pipeline\data\raw\nasapower\power_TNP_0072_2021.json,809.8,
2026-08-03 15:53:45,TNP_0072,2022,OK,C:\Users\jaswi\OneDrive\Desktop\ALL\SEM_7\project\jammalamadugu\new_obj\tamilnadu_pipeline\data\raw\nasapower\power_TNP_0072_2022.json,809.8,
2026-08-03 15:53:48,TNP_0072,2023,OK,C:\Users\jaswi\OneDrive\Desktop\ALL\SEM_7\project\jammalamadugu\new_obj\tamilnadu_pipeline\data\raw\nasapower\power_TNP_0072_2023.json,809.7,
2026-08-03 15:53:52,TNP_0072,2024,OK,C:\Users\jaswi\OneDrive\Desktop\ALL\SEM_7\project\jammalamadugu\new_obj\tamilnadu_pipeline\data\raw\nasapower\power_TNP_0072_2024.json,812.0,
2026-08-03 15:53:56,TNP_0072,2025,OK,C:\Users\jaswi\OneDrive\Desktop\ALL\SEM_7\project\jammalamadugu\new_obj\tamilnadu_pipeline\data\raw\nasapower\power_TNP_0072_2025.json,809.7,
2026-08-03 15:53:59,TNP_0073,2016,OK,C:\Users\jaswi\OneDrive\Desktop\ALL\SEM_7\project\jammalamadugu\new_obj\tamilnadu_pipeline\data\raw\nasapower\power_TNP_0073_2016.json,811.9,
2026-08-03 15:54:03,TNP_0073,2017,OK,C:\Users\jaswi\OneDrive\Desktop\ALL\SEM_7\project\jammalamadugu\new_obj\tamilnadu_pipeline\data\raw\nasapower\power_TNP_0073_2017.json,809.9,
2026-08-03 15:54:07,TNP_0073,2018,OK,C:\Users\jaswi\OneDrive\Desktop\ALL\SEM_7\project\jammalamadugu\new_obj\tamilnadu_pipeline\data\raw\nasapower\power_TNP_0073_2018.json,809.9,
2026-08-03 15:54:11,TNP_0073,2019,OK,C:\Users\jaswi\OneDrive\Desktop\ALL\SEM_7\project\jammalamadugu\new_obj\tamilnadu_pipeline\data\raw\nasapower\power_TNP_0073_2019.json,810.0,
2026-08-03 15:54:14,TNP_0073,2020,OK,C:\Users\jaswi\OneDrive\Desktop\ALL\SEM_7\project\jammalamadugu\new_obj\tamilnadu_pipeline\data\raw\nasapower\power_TNP_0073_2020.json,811.9,
2026-08-03 15:54:18,TNP_0073,2021,OK,C:\Users\jaswi\OneDrive\Desktop\ALL\SEM_7\project\jammalamadugu\new_obj\tamilnadu_pipeline\data\raw\nasapower\power_TNP_0073_2021.json,809.8,
2026-08-03 15:54:22,TNP_0073,2022,OK,C:\Users\jaswi\OneDrive\Desktop\ALL\SEM_7\project\jammalamadugu\new_obj\tamilnadu_pipeline\data\raw\nasapower\power_TNP_0073_2022.json,809.6,
2026-08-03 15:54:27,TNP_0073,2023,OK,C:\Users\jaswi\OneDrive\Desktop\ALL\SEM_7\project\jammalamadugu\new_obj\tamilnadu_pipeline\data\raw\nasapower\power_TNP_0073_2023.json,809.8,
2026-08-03 15:54:31,TNP_0073,2024,OK,C:\Users\jaswi\OneDrive\Desktop\ALL\SEM_7\project\jammalamadugu\new_obj\tamilnadu_pipeline\data\raw\nasapower\power_TNP_0073_2024.json,812.1,
2026-08-03 15:54:36,TNP_0073,2025,OK,C:\Users\jaswi\OneDrive\Desktop\ALL\SEM_7\project\jammalamadugu\new_obj\tamilnadu_pipeline\data\raw\nasapower\power_TNP_0073_2025.json,809.8,
2026-08-03 15:54:40,TNP_0074,2016,OK,C:\Users\jaswi\OneDrive\Desktop\ALL\SEM_7\project\jammalamadugu\new_obj\tamilnadu_pipeline\data\raw\nasapower\power_TNP_0074_2016.json,811.9,
2026-08-03 15:54:44,TNP_0074,2017,OK,C:\Users\jaswi\OneDrive\Desktop\ALL\SEM_7\project\jammalamadugu\new_obj\tamilnadu_pipeline\data\raw\nasapower\power_TNP_0074_2017.json,809.6,
2026-08-03 15:54:49,TNP_0074,2018,OK,C:\Users\jaswi\OneDrive\Desktop\ALL\SEM_7\project\jammalamadugu\new_obj\tamilnadu_pipeline\data\raw\nasapower\power_TNP_0074_2018.json,809.6,
2026-08-03 15:54:52,TNP_0074,2019,OK,C:\Users\jaswi\OneDrive\Desktop\ALL\SEM_7\project\jammalamadugu\new_obj\tamilnadu_pipeline\data\raw\nasapower\power_TNP_0074_2019.json,809.6,
2026-08-03 15:54:56,TNP_0074,2020,OK,C:\Users\jaswi\OneDrive\Desktop\ALL\SEM_7\project\jammalamadugu\new_obj\tamilnadu_pipeline\data\raw\nasapower\power_TNP_0074_2020.json,811.9,
2026-08-03 15:55:00,TNP_0074,2021,OK,C:\Users\jaswi\OneDrive\Desktop\ALL\SEM_7\project\jammalamadugu\new_obj\tamilnadu_pipeline\data\raw\nasapower\power_TNP_0074_2021.json,809.7,
2026-08-03 15:55:06,TNP_0074,2022,OK,C:\Users\jaswi\OneDrive\Desktop\ALL\SEM_7\project\jammalamadugu\new_obj\tamilnadu_pipeline\data\raw\nasapower\power_TNP_0074_2022.json,809.8,
2026-08-03 15:55:12,TNP_0074,2023,OK,C:\Users\jaswi\OneDrive\Desktop\ALL\SEM_7\project\jammalamadugu\new_obj\tamilnadu_pipeline\data\raw\nasapower\power_TNP_0074_2023.json,809.5,
2026-08-03 15:55:17,TNP_0074,2024,OK,C:\Users\jaswi\OneDrive\Desktop\ALL\SEM_7\project\jammalamadugu\new_obj\tamilnadu_pipeline\data\raw\nasapower\power_TNP_0074_2024.json,811.8,
2026-08-03 15:55:21,TNP_0074,2025,OK,C:\Users\jaswi\OneDrive\Desktop\ALL\SEM_7\project\jammalamadugu\new_obj\tamilnadu_pipeline\data\raw\nasapower\power_TNP_0074_2025.json,809.6,
2026-08-03 15:55:26,TNP_0075,2016,OK,C:\Users\jaswi\OneDrive\Desktop\ALL\SEM_7\project\jammalamadugu\new_obj\tamilnadu_pipeline\data\raw\nasapower\power_TNP_0075_2016.json,812.0,
2026-08-03 15:55:30,TNP_0075,2017,OK,C:\Users\jaswi\OneDrive\Desktop\ALL\SEM_7\project\jammalamadugu\new_obj\tamilnadu_pipeline\data\raw\nasapower\power_TNP_0075_2017.json,809.8,
2026-08-03 15:55:35,TNP_0075,2018,OK,C:\Users\jaswi\OneDrive\Desktop\ALL\SEM_7\project\jammalamadugu\new_obj\tamilnadu_pipeline\data\raw\nasapower\power_TNP_0075_2018.json,809.8,
2026-08-03 15:55:40,TNP_0075,2019,OK,C:\Users\jaswi\OneDrive\Desktop\ALL\SEM_7\project\jammalamadugu\new_obj\tamilnadu_pipeline\data\raw\nasapower\power_TNP_0075_2019.json,809.8,
2026-08-03 15:55:44,TNP_0075,2020,OK,C:\Users\jaswi\OneDrive\Desktop\ALL\SEM_7\project\jammalamadugu\new_obj\tamilnadu_pipeline\data\raw\nasapower\power_TNP_0075_2020.json,812.0,
2026-08-03 15:55:48,TNP_0075,2021,OK,C:\Users\jaswi\OneDrive\Desktop\ALL\SEM_7\project\jammalamadugu\new_obj\tamilnadu_pipeline\data\raw\nasapower\power_TNP_0075_2021.json,809.8,
2026-08-03 15:55:52,TNP_0075,2022,OK,C:\Users\jaswi\OneDrive\Desktop\ALL\SEM_7\project\jammalamadugu\new_obj\tamilnadu_pipeline\data\raw\nasapower\power_TNP_0075_2022.json,809.7,
2026-08-03 15:55:56,TNP_0075,2023,OK,C:\Users\jaswi\OneDrive\Desktop\ALL\SEM_7\project\jammalamadugu\new_obj\tamilnadu_pipeline\data\raw\nasapower\power_TNP_0075_2023.json,809.8,
2026-08-03 15:56:01,TNP_0075,2024,OK,C:\Users\jaswi\OneDrive\Desktop\ALL\SEM_7\project\jammalamadugu\new_obj\tamilnadu_pipeline\data\raw\nasapower\power_TNP_0075_2024.json,812.0,
2026-08-03 15:56:05,TNP_0075,2025,OK,C:\Users\jaswi\OneDrive\Desktop\ALL\SEM_7\project\jammalamadugu\new_obj\tamilnadu_pipeline\data\raw\nasapower\power_TNP_0075_2025.json,809.8,
2026-08-03 15:56:10,TNP_0076,2016,OK,C:\Users\jaswi\OneDrive\Desktop\ALL\SEM_7\project\jammalamadugu\new_obj\tamilnadu_pipeline\data\raw\nasapower\power_TNP_0076_2016.json,811.9,
2026-08-03 15:56:15,TNP_0076,2017,OK,C:\Users\jaswi\OneDrive\Desktop\ALL\SEM_7\project\jammalamadugu\new_obj\tamilnadu_pipeline\data\raw\nasapower\power_TNP_0076_2017.json,809.8,
2026-08-03 15:56:19,TNP_0076,2018,OK,C:\Users\jaswi\OneDrive\Desktop\ALL\SEM_7\project\jammalamadugu\new_obj\tamilnadu_pipeline\data\raw\nasapower\power_TNP_0076_2018.json,809.7,
2026-08-03 15:56:22,TNP_0076,2019,OK,C:\Users\jaswi\OneDrive\Desktop\ALL\SEM_7\project\jammalamadugu\new_obj\tamilnadu_pipeline\data\raw\nasapower\power_TNP_0076_2019.json,809.7,
2026-08-03 15:56:26,TNP_0076,2020,OK,C:\Users\jaswi\OneDrive\Desktop\ALL\SEM_7\project\jammalamadugu\new_obj\tamilnadu_pipeline\data\raw\nasapower\power_TNP_0076_2020.json,812.0,
2026-08-03 15:56:31,TNP_0076,2021,OK,C:\Users\jaswi\OneDrive\Desktop\ALL\SEM_7\project\jammalamadugu\new_obj\tamilnadu_pipeline\data\raw\nasapower\power_TNP_0076_2021.json,809.9,
2026-08-03 15:56:34,TNP_0076,2022,OK,C:\Users\jaswi\OneDrive\Desktop\ALL\SEM_7\project\jammalamadugu\new_obj\tamilnadu_pipeline\data\raw\nasapower\power_TNP_0076_2022.json,809.7,
2026-08-03 15:56:38,TNP_0076,2023,OK,C:\Users\jaswi\OneDrive\Desktop\ALL\SEM_7\project\jammalamadugu\new_obj\tamilnadu_pipeline\data\raw\nasapower\power_TNP_0076_2023.json,809.8,
2026-08-03 15:56:43,TNP_0076,2024,OK,C:\Users\jaswi\OneDrive\Desktop\ALL\SEM_7\project\jammalamadugu\new_obj\tamilnadu_pipeline\data\raw\nasapower\power_TNP_0076_2024.json,811.9,
2026-08-03 15:56:47,TNP_0076,2025,OK,C:\Users\jaswi\OneDrive\Desktop\ALL\SEM_7\project\jammalamadugu\new_obj\tamilnadu_pipeline\data\raw\nasapower\power_TNP_0076_2025.json,809.8,
2026-08-03 15:56:51,TNP_0077,2016,OK,C:\Users\jaswi\OneDrive\Desktop\ALL\SEM_7\project\jammalamadugu\new_obj\tamilnadu_pipeline\data\raw\nasapower\power_TNP_0077_2016.json,812.0,
2026-08-03 15:56:55,TNP_0077,2017,OK,C:\Users\jaswi\OneDrive\Desktop\ALL\SEM_7\project\jammalamadugu\new_obj\tamilnadu_pipeline\data\raw\nasapower\power_TNP_0077_2017.json,809.7,
2026-08-03 15:56:59,TNP_0077,2018,OK,C:\Users\jaswi\OneDrive\Desktop\ALL\SEM_7\project\jammalamadugu\new_obj\tamilnadu_pipeline\data\raw\nasapower\power_TNP_0077_2018.json,809.6,
2026-08-03 15:57:03,TNP_0077,2019,OK,C:\Users\jaswi\OneDrive\Desktop\ALL\SEM_7\project\jammalamadugu\new_obj\tamilnadu_pipeline\data\raw\nasapower\power_TNP_0077_2019.json,809.8,
2026-08-03 15:57:08,TNP_0077,2020,OK,C:\Users\jaswi\OneDrive\Desktop\ALL\SEM_7\project\jammalamadugu\new_obj\tamilnadu_pipeline\data\raw\nasapower\power_TNP_0077_2020.json,812.1,
2026-08-03 15:57:11,TNP_0077,2021,OK,C:\Users\jaswi\OneDrive\Desktop\ALL\SEM_7\project\jammalamadugu\new_obj\tamilnadu_pipeline\data\raw\nasapower\power_TNP_0077_2021.json,809.6,
2026-08-03 15:57:15,TNP_0077,2022,OK,C:\Users\jaswi\OneDrive\Desktop\ALL\SEM_7\project\jammalamadugu\new_obj\tamilnadu_pipeline\data\raw\nasapower\power_TNP_0077_2022.json,809.5,
2026-08-03 15:57:19,TNP_0077,2023,OK,C:\Users\jaswi\OneDrive\Desktop\ALL\SEM_7\project\jammalamadugu\new_obj\tamilnadu_pipeline\data\raw\nasapower\power_TNP_0077_2023.json,809.7,
2026-08-03 15:57:23,TNP_0077,2024,OK,C:\Users\jaswi\OneDrive\Desktop\ALL\SEM_7\project\jammalamadugu\new_obj\tamilnadu_pipeline\data\raw\nasapower\power_TNP_0077_2024.json,811.8,
2026-08-03 15:57:27,TNP_0077,2025,OK,C:\Users\jaswi\OneDrive\Desktop\ALL\SEM_7\project\jammalamadugu\new_obj\tamilnadu_pipeline\data\raw\nasapower\power_TNP_0077_2025.json,809.6,
2026-08-03 15:57:31,TNP_0078,2016,OK,C:\Users\jaswi\OneDrive\Desktop\ALL\SEM_7\project\jammalamadugu\new_obj\tamilnadu_pipeline\data\raw\nasapower\power_TNP_0078_2016.json,811.9,
2026-08-03 15:57:35,TNP_0078,2017,OK,C:\Users\jaswi\OneDrive\Desktop\ALL\SEM_7\project\jammalamadugu\new_obj\tamilnadu_pipeline\data\raw\nasapower\power_TNP_0078_2017.json,809.8,
2026-08-03 15:57:39,TNP_0078,2018,OK,C:\Users\jaswi\OneDrive\Desktop\ALL\SEM_7\project\jammalamadugu\new_obj\tamilnadu_pipeline\data\raw\nasapower\power_TNP_0078_2018.json,809.8,
2026-08-03 15:57:43,TNP_0078,2019,OK,C:\Users\jaswi\OneDrive\Desktop\ALL\SEM_7\project\jammalamadugu\new_obj\tamilnadu_pipeline\data\raw\nasapower\power_TNP_0078_2019.json,809.9,
2026-08-03 15:57:47,TNP_0078,2020,OK,C:\Users\jaswi\OneDrive\Desktop\ALL\SEM_7\project\jammalamadugu\new_obj\tamilnadu_pipeline\data\raw\nasapower\power_TNP_0078_2020.json,812.0,
2026-08-03 15:57:51,TNP_0078,2021,OK,C:\Users\jaswi\OneDrive\Desktop\ALL\SEM_7\project\jammalamadugu\new_obj\tamilnadu_pipeline\data\raw\nasapower\power_TNP_0078_2021.json,809.8,
2026-08-03 15:57:55,TNP_0078,2022,OK,C:\Users\jaswi\OneDrive\Desktop\ALL\SEM_7\project\jammalamadugu\new_obj\tamilnadu_pipeline\data\raw\nasapower\power_TNP_0078_2022.json,809.7,
2026-08-03 15:57:59,TNP_0078,2023,OK,C:\Users\jaswi\OneDrive\Desktop\ALL\SEM_7\project\jammalamadugu\new_obj\tamilnadu_pipeline\data\raw\nasapower\power_TNP_0078_2023.json,809.9,
2026-08-03 15:58:03,TNP_0078,2024,OK,C:\Users\jaswi\OneDrive\Desktop\ALL\SEM_7\project\jammalamadugu\new_obj\tamilnadu_pipeline\data\raw\nasapower\power_TNP_0078_2024.json,812.0,
2026-08-03 15:58:07,TNP_0078,2025,OK,C:\Users\jaswi\OneDrive\Desktop\ALL\SEM_7\project\jammalamadugu\new_obj\tamilnadu_pipeline\data\raw\nasapower\power_TNP_0078_2025.json,809.8,
2026-08-03 15:58:10,TNP_0079,2016,OK,C:\Users\jaswi\OneDrive\Desktop\ALL\SEM_7\project\jammalamadugu\new_obj\tamilnadu_pipeline\data\raw\nasapower\power_TNP_0079_2016.json,812.0,
2026-08-03 15:58:14,TNP_0079,2017,OK,C:\Users\jaswi\OneDrive\Desktop\ALL\SEM_7\project\jammalamadugu\new_obj\tamilnadu_pipeline\data\raw\nasapower\power_TNP_0079_2017.json,809.8,
2026-08-03 15:58:18,TNP_0079,2018,OK,C:\Users\jaswi\OneDrive\Desktop\ALL\SEM_7\project\jammalamadugu\new_obj\tamilnadu_pipeline\data\raw\nasapower\power_TNP_0079_2018.json,809.9,
2026-08-03 15:58:22,TNP_0079,2019,OK,C:\Users\jaswi\OneDrive\Desktop\ALL\SEM_7\project\jammalamadugu\new_obj\tamilnadu_pipeline\data\raw\nasapower\power_TNP_0079_2019.json,809.7,
2026-08-03 15:58:26,TNP_0079,2020,OK,C:\Users\jaswi\OneDrive\Desktop\ALL\SEM_7\project\jammalamadugu\new_obj\tamilnadu_pipeline\data\raw\nasapower\power_TNP_0079_2020.json,812.1,
2026-08-03 15:58:30,TNP_0079,2021,OK,C:\Users\jaswi\OneDrive\Desktop\ALL\SEM_7\project\jammalamadugu\new_obj\tamilnadu_pipeline\data\raw\nasapower\power_TNP_0079_2021.json,809.6,
2026-08-03 15:58:34,TNP_0079,2022,OK,C:\Users\jaswi\OneDrive\Desktop\ALL\SEM_7\project\jammalamadugu\new_obj\tamilnadu_pipeline\data\raw\nasapower\power_TNP_0079_2022.json,809.6,
2026-08-03 15:58:37,TNP_0079,2023,OK,C:\Users\jaswi\OneDrive\Desktop\ALL\SEM_7\project\jammalamadugu\new_obj\tamilnadu_pipeline\data\raw\nasapower\power_TNP_0079_2023.json,809.6,
2026-08-03 15:58:41,TNP_0079,2024,OK,C:\Users\jaswi\OneDrive\Desktop\ALL\SEM_7\project\jammalamadugu\new_obj\tamilnadu_pipeline\data\raw\nasapower\power_TNP_0079_2024.json,811.9,
2026-08-03 15:58:46,TNP_0079,2025,OK,C:\Users\jaswi\OneDrive\Desktop\ALL\SEM_7\project\jammalamadugu\new_obj\tamilnadu_pipeline\data\raw\nasapower\power_TNP_0079_2025.json,809.7,
2026-08-03 15:58:50,TNP_0080,2016,OK,C:\Users\jaswi\OneDrive\Desktop\ALL\SEM_7\project\jammalamadugu\new_obj\tamilnadu_pipeline\data\raw\nasapower\power_TNP_0080_2016.json,811.9,
2026-08-03 15:58:53,TNP_0080,2017,OK,C:\Users\jaswi\OneDrive\Desktop\ALL\SEM_7\project\jammalamadugu\new_obj\tamilnadu_pipeline\data\raw\nasapower\power_TNP_0080_2017.json,809.8,
2026-08-03 15:58:57,TNP_0080,2018,OK,C:\Users\jaswi\OneDrive\Desktop\ALL\SEM_7\project\jammalamadugu\new_obj\tamilnadu_pipeline\data\raw\nasapower\power_TNP_0080_2018.json,809.7,
2026-08-03 15:59:01,TNP_0080,2019,OK,C:\Users\jaswi\OneDrive\Desktop\ALL\SEM_7\project\jammalamadugu\new_obj\tamilnadu_pipeline\data\raw\nasapower\power_TNP_0080_2019.json,809.9,
2026-08-03 15:59:05,TNP_0080,2020,OK,C:\Users\jaswi\OneDrive\Desktop\ALL\SEM_7\project\jammalamadugu\new_obj\tamilnadu_pipeline\data\raw\nasapower\power_TNP_0080_2020.json,811.9,
2026-08-03 15:59:09,TNP_0080,2021,OK,C:\Users\jaswi\OneDrive\Desktop\ALL\SEM_7\project\jammalamadugu\new_obj\tamilnadu_pipeline\data\raw\nasapower\power_TNP_0080_2021.json,809.7,
2026-08-03 15:59:13,TNP_0080,2022,OK,C:\Users\jaswi\OneDrive\Desktop\ALL\SEM_7\project\jammalamadugu\new_obj\tamilnadu_pipeline\data\raw\nasapower\power_TNP_0080_2022.json,809.7,
2026-08-03 15:59:16,TNP_0080,2023,OK,C:\Users\jaswi\OneDrive\Desktop\ALL\SEM_7\project\jammalamadugu\new_obj\tamilnadu_pipeline\data\raw\nasapower\power_TNP_0080_2023.json,809.7,
2026-08-03 15:59:20,TNP_0080,2024,OK,C:\Users\jaswi\OneDrive\Desktop\ALL\SEM_7\project\jammalamadugu\new_obj\tamilnadu_pipeline\data\raw\nasapower\power_TNP_0080_2024.json,812.0,
2026-08-03 15:59:24,TNP_0080,2025,OK,C:\Users\jaswi\OneDrive\Desktop\ALL\SEM_7\project\jammalamadugu\new_obj\tamilnadu_pipeline\data\raw\nasapower\power_TNP_0080_2025.json,809.8,
2026-08-03 15:59:28,TNP_0081,2016,OK,C:\Users\jaswi\OneDrive\Desktop\ALL\SEM_7\project\jammalamadugu\new_obj\tamilnadu_pipeline\data\raw\nasapower\power_TNP_0081_2016.json,811.9,
2026-08-03 15:59:32,TNP_0081,2017,OK,C:\Users\jaswi\OneDrive\Desktop\ALL\SEM_7\project\jammalamadugu\new_obj\tamilnadu_pipeline\data\raw\nasapower\power_TNP_0081_2017.json,809.8,
2026-08-03 15:59:35,TNP_0081,2018,OK,C:\Users\jaswi\OneDrive\Desktop\ALL\SEM_7\project\jammalamadugu\new_obj\tamilnadu_pipeline\data\raw\nasapower\power_TNP_0081_2018.json,809.7,
2026-08-03 15:59:39,TNP_0081,2019,OK,C:\Users\jaswi\OneDrive\Desktop\ALL\SEM_7\project\jammalamadugu\new_obj\tamilnadu_pipeline\data\raw\nasapower\power_TNP_0081_2019.json,809.9,
2026-08-03 15:59:43,TNP_0081,2020,OK,C:\Users\jaswi\OneDrive\Desktop\ALL\SEM_7\project\jammalamadugu\new_obj\tamilnadu_pipeline\data\raw\nasapower\power_TNP_0081_2020.json,811.9,
2026-08-03 15:59:47,TNP_0081,2021,OK,C:\Users\jaswi\OneDrive\Desktop\ALL\SEM_7\project\jammalamadugu\new_obj\tamilnadu_pipeline\data\raw\nasapower\power_TNP_0081_2021.json,809.7,
2026-08-03 15:59:51,TNP_0081,2022,OK,C:\Users\jaswi\OneDrive\Desktop\ALL\SEM_7\project\jammalamadugu\new_obj\tamilnadu_pipeline\data\raw\nasapower\power_TNP_0081_2022.json,809.7,
2026-08-03 15:59:57,TNP_0081,2023,OK,C:\Users\jaswi\OneDrive\Desktop\ALL\SEM_7\project\jammalamadugu\new_obj\tamilnadu_pipeline\data\raw\nasapower\power_TNP_0081_2023.json,809.7,
2026-08-03 16:00:02,TNP_0081,2024,OK,C:\Users\jaswi\OneDrive\Desktop\ALL\SEM_7\project\jammalamadugu\new_obj\tamilnadu_pipeline\data\raw\nasapower\power_TNP_0081_2024.json,812.0,
2026-08-03 16:00:07,TNP_0081,2025,OK,C:\Users\jaswi\OneDrive\Desktop\ALL\SEM_7\project\jammalamadugu\new_obj\tamilnadu_pipeline\data\raw\nasapower\power_TNP_0081_2025.json,809.8,
2026-08-03 16:00:11,TNP_0082,2016,OK,C:\Users\jaswi\OneDrive\Desktop\ALL\SEM_7\project\jammalamadugu\new_obj\tamilnadu_pipeline\data\raw\nasapower\power_TNP_0082_2016.json,811.9,
2026-08-03 16:00:15,TNP_0082,2017,OK,C:\Users\jaswi\OneDrive\Desktop\ALL\SEM_7\project\jammalamadugu\new_obj\tamilnadu_pipeline\data\raw\nasapower\power_TNP_0082_2017.json,809.9,
2026-08-03 16:00:19,TNP_0082,2018,OK,C:\Users\jaswi\OneDrive\Desktop\ALL\SEM_7\project\jammalamadugu\new_obj\tamilnadu_pipeline\data\raw\nasapower\power_TNP_0082_2018.json,809.9,
2026-08-03 16:00:23,TNP_0082,2019,OK,C:\Users\jaswi\OneDrive\Desktop\ALL\SEM_7\project\jammalamadugu\new_obj\tamilnadu_pipeline\data\raw\nasapower\power_TNP_0082_2019.json,810.0,
2026-08-03 16:00:26,TNP_0082,2020,OK,C:\Users\jaswi\OneDrive\Desktop\ALL\SEM_7\project\jammalamadugu\new_obj\tamilnadu_pipeline\data\raw\nasapower\power_TNP_0082_2020.json,811.9,
2026-08-03 16:00:30,TNP_0082,2021,OK,C:\Users\jaswi\OneDrive\Desktop\ALL\SEM_7\project\jammalamadugu\new_obj\tamilnadu_pipeline\data\raw\nasapower\power_TNP_0082_2021.json,809.8,
2026-08-03 16:00:33,TNP_0082,2022,OK,C:\Users\jaswi\OneDrive\Desktop\ALL\SEM_7\project\jammalamadugu\new_obj\tamilnadu_pipeline\data\raw\nasapower\power_TNP_0082_2022.json,809.6,
2026-08-03 16:00:37,TNP_0082,2023,OK,C:\Users\jaswi\OneDrive\Desktop\ALL\SEM_7\project\jammalamadugu\new_obj\tamilnadu_pipeline\data\raw\nasapower\power_TNP_0082_2023.json,809.8,
2026-08-03 16:00:40,TNP_0082,2024,OK,C:\Users\jaswi\OneDrive\Desktop\ALL\SEM_7\project\jammalamadugu\new_obj\tamilnadu_pipeline\data\raw\nasapower\power_TNP_0082_2024.json,812.1,
2026-08-03 16:00:44,TNP_0082,2025,OK,C:\Users\jaswi\OneDrive\Desktop\ALL\SEM_7\project\jammalamadugu\new_obj\tamilnadu_pipeline\data\raw\nasapower\power_TNP_0082_2025.json,809.8,
2026-08-03 16:00:47,TNP_0083,2016,OK,C:\Users\jaswi\OneDrive\Desktop\ALL\SEM_7\project\jammalamadugu\new_obj\tamilnadu_pipeline\data\raw\nasapower\power_TNP_0083_2016.json,811.9,
2026-08-03 16:00:51,TNP_0083,2017,OK,C:\Users\jaswi\OneDrive\Desktop\ALL\SEM_7\project\jammalamadugu\new_obj\tamilnadu_pipeline\data\raw\nasapower\power_TNP_0083_2017.json,809.8,
2026-08-03 16:00:55,TNP_0083,2018,OK,C:\Users\jaswi\OneDrive\Desktop\ALL\SEM_7\project\jammalamadugu\new_obj\tamilnadu_pipeline\data\raw\nasapower\power_TNP_0083_2018.json,809.7,
2026-08-03 16:00:59,TNP_0083,2019,OK,C:\Users\jaswi\OneDrive\Desktop\ALL\SEM_7\project\jammalamadugu\new_obj\tamilnadu_pipeline\data\raw\nasapower\power_TNP_0083_2019.json,809.9,
2026-08-03 16:01:03,TNP_0083,2020,OK,C:\Users\jaswi\OneDrive\Desktop\ALL\SEM_7\project\jammalamadugu\new_obj\tamilnadu_pipeline\data\raw\nasapower\power_TNP_0083_2020.json,812.0,
2026-08-03 16:01:07,TNP_0083,2021,OK,C:\Users\jaswi\OneDrive\Desktop\ALL\SEM_7\project\jammalamadugu\new_obj\tamilnadu_pipeline\data\raw\nasapower\power_TNP_0083_2021.json,809.8,
2026-08-03 16:01:11,TNP_0083,2022,OK,C:\Users\jaswi\OneDrive\Desktop\ALL\SEM_7\project\jammalamadugu\new_obj\tamilnadu_pipeline\data\raw\nasapower\power_TNP_0083_2022.json,809.8,
2026-08-03 16:01:15,TNP_0083,2023,OK,C:\Users\jaswi\OneDrive\Desktop\ALL\SEM_7\project\jammalamadugu\new_obj\tamilnadu_pipeline\data\raw\nasapower\power_TNP_0083_2023.json,809.8,
2026-08-03 16:01:18,TNP_0083,2024,OK,C:\Users\jaswi\OneDrive\Desktop\ALL\SEM_7\project\jammalamadugu\new_obj\tamilnadu_pipeline\data\raw\nasapower\power_TNP_0083_2024.json,812.0,
2026-08-03 16:01:22,TNP_0083,2025,OK,C:\Users\jaswi\OneDrive\Desktop\ALL\SEM_7\project\jammalamadugu\new_obj\tamilnadu_pipeline\data\raw\nasapower\power_TNP_0083_2025.json,809.7,
2026-08-03 16:01:26,TNP_0084,2016,OK,C:\Users\jaswi\OneDrive\Desktop\ALL\SEM_7\project\jammalamadugu\new_obj\tamilnadu_pipeline\data\raw\nasapower\power_TNP_0084_2016.json,811.9,
2026-08-03 16:01:29,TNP_0084,2017,OK,C:\Users\jaswi\OneDrive\Desktop\ALL\SEM_7\project\jammalamadugu\new_obj\tamilnadu_pipeline\data\raw\nasapower\power_TNP_0084_2017.json,809.9,
2026-08-03 16:01:33,TNP_0084,2018,OK,C:\Users\jaswi\OneDrive\Desktop\ALL\SEM_7\project\jammalamadugu\new_obj\tamilnadu_pipeline\data\raw\nasapower\power_TNP_0084_2018.json,810.0,
2026-08-03 16:01:36,TNP_0084,2019,OK,C:\Users\jaswi\OneDrive\Desktop\ALL\SEM_7\project\jammalamadugu\new_obj\tamilnadu_pipeline\data\raw\nasapower\power_TNP_0084_2019.json,810.0,
2026-08-03 16:01:40,TNP_0084,2020,OK,C:\Users\jaswi\OneDrive\Desktop\ALL\SEM_7\project\jammalamadugu\new_obj\tamilnadu_pipeline\data\raw\nasapower\power_TNP_0084_2020.json,812.0,
2026-08-03 16:01:43,TNP_0084,2021,OK,C:\Users\jaswi\OneDrive\Desktop\ALL\SEM_7\project\jammalamadugu\new_obj\tamilnadu_pipeline\data\raw\nasapower\power_TNP_0084_2021.json,809.8,
2026-08-03 16:01:46,TNP_0084,2022,OK,C:\Users\jaswi\OneDrive\Desktop\ALL\SEM_7\project\jammalamadugu\new_obj\tamilnadu_pipeline\data\raw\nasapower\power_TNP_0084_2022.json,809.8,
2026-08-03 16:01:50,TNP_0084,2023,OK,C:\Users\jaswi\OneDrive\Desktop\ALL\SEM_7\project\jammalamadugu\new_obj\tamilnadu_pipeline\data\raw\nasapower\power_TNP_0084_2023.json,809.9,
2026-08-03 16:01:54,TNP_0084,2024,OK,C:\Users\jaswi\OneDrive\Desktop\ALL\SEM_7\project\jammalamadugu\new_obj\tamilnadu_pipeline\data\raw\nasapower\power_TNP_0084_2024.json,812.1,
2026-08-03 16:01:58,TNP_0084,2025,OK,C:\Users\jaswi\OneDrive\Desktop\ALL\SEM_7\project\jammalamadugu\new_obj\tamilnadu_pipeline\data\raw\nasapower\power_TNP_0084_2025.json,809.9,
2026-08-03 16:02:01,TNP_0085,2016,OK,C:\Users\jaswi\OneDrive\Desktop\ALL\SEM_7\project\jammalamadugu\new_obj\tamilnadu_pipeline\data\raw\nasapower\power_TNP_0085_2016.json,812.0,
2026-08-03 16:02:05,TNP_0085,2017,OK,C:\Users\jaswi\OneDrive\Desktop\ALL\SEM_7\project\jammalamadugu\new_obj\tamilnadu_pipeline\data\raw\nasapower\power_TNP_0085_2017.json,809.8,
2026-08-03 16:02:09,TNP_0085,2018,OK,C:\Users\jaswi\OneDrive\Desktop\ALL\SEM_7\project\jammalamadugu\new_obj\tamilnadu_pipeline\data\raw\nasapower\power_TNP_0085_2018.json,809.8,
2026-08-03 16:02:12,TNP_0085,2019,OK,C:\Users\jaswi\OneDrive\Desktop\ALL\SEM_7\project\jammalamadugu\new_obj\tamilnadu_pipeline\data\raw\nasapower\power_TNP_0085_2019.json,809.8,
2026-08-03 16:02:15,TNP_0085,2020,OK,C:\Users\jaswi\OneDrive\Desktop\ALL\SEM_7\project\jammalamadugu\new_obj\tamilnadu_pipeline\data\raw\nasapower\power_TNP_0085_2020.json,812.0,
2026-08-03 16:02:19,TNP_0085,2021,OK,C:\Users\jaswi\OneDrive\Desktop\ALL\SEM_7\project\jammalamadugu\new_obj\tamilnadu_pipeline\data\raw\nasapower\power_TNP_0085_2021.json,809.8,
2026-08-03 16:02:23,TNP_0085,2022,OK,C:\Users\jaswi\OneDrive\Desktop\ALL\SEM_7\project\jammalamadugu\new_obj\tamilnadu_pipeline\data\raw\nasapower\power_TNP_0085_2022.json,809.7,
2026-08-03 16:02:27,TNP_0085,2023,OK,C:\Users\jaswi\OneDrive\Desktop\ALL\SEM_7\project\jammalamadugu\new_obj\tamilnadu_pipeline\data\raw\nasapower\power_TNP_0085_2023.json,809.8,
2026-08-03 16:02:30,TNP_0085,2024,OK,C:\Users\jaswi\OneDrive\Desktop\ALL\SEM_7\project\jammalamadugu\new_obj\tamilnadu_pipeline\data\raw\nasapower\power_TNP_0085_2024.json,812.0,
2026-08-03 16:02:34,TNP_0085,2025,OK,C:\Users\jaswi\OneDrive\Desktop\ALL\SEM_7\project\jammalamadugu\new_obj\tamilnadu_pipeline\data\raw\nasapower\power_TNP_0085_2025.json,809.8,
2026-08-03 16:02:38,TNP_0086,2016,OK,C:\Users\jaswi\OneDrive\Desktop\ALL\SEM_7\project\jammalamadugu\new_obj\tamilnadu_pipeline\data\raw\nasapower\power_TNP_0086_2016.json,812.0,
2026-08-03 16:02:42,TNP_0086,2017,OK,C:\Users\jaswi\OneDrive\Desktop\ALL\SEM_7\project\jammalamadugu\new_obj\tamilnadu_pipeline\data\raw\nasapower\power_TNP_0086_2017.json,809.7,
2026-08-03 16:02:45,TNP_0086,2018,OK,C:\Users\jaswi\OneDrive\Desktop\ALL\SEM_7\project\jammalamadugu\new_obj\tamilnadu_pipeline\data\raw\nasapower\power_TNP_0086_2018.json,809.8,
2026-08-03 16:02:49,TNP_0086,2019,OK,C:\Users\jaswi\OneDrive\Desktop\ALL\SEM_7\project\jammalamadugu\new_obj\tamilnadu_pipeline\data\raw\nasapower\power_TNP_0086_2019.json,809.8,
2026-08-03 16:02:52,TNP_0086,2020,OK,C:\Users\jaswi\OneDrive\Desktop\ALL\SEM_7\project\jammalamadugu\new_obj\tamilnadu_pipeline\data\raw\nasapower\power_TNP_0086_2020.json,811.9,
2026-08-03 16:02:56,TNP_0086,2021,OK,C:\Users\jaswi\OneDrive\Desktop\ALL\SEM_7\project\jammalamadugu\new_obj\tamilnadu_pipeline\data\raw\nasapower\power_TNP_0086_2021.json,809.7,
2026-08-03 16:03:00,TNP_0086,2022,OK,C:\Users\jaswi\OneDrive\Desktop\ALL\SEM_7\project\jammalamadugu\new_obj\tamilnadu_pipeline\data\raw\nasapower\power_TNP_0086_2022.json,809.7,
2026-08-03 16:03:04,TNP_0086,2023,OK,C:\Users\jaswi\OneDrive\Desktop\ALL\SEM_7\project\jammalamadugu\new_obj\tamilnadu_pipeline\data\raw\nasapower\power_TNP_0086_2023.json,809.6,
2026-08-03 16:03:08,TNP_0086,2024,OK,C:\Users\jaswi\OneDrive\Desktop\ALL\SEM_7\project\jammalamadugu\new_obj\tamilnadu_pipeline\data\raw\nasapower\power_TNP_0086_2024.json,812.0,
2026-08-03 16:03:12,TNP_0086,2025,OK,C:\Users\jaswi\OneDrive\Desktop\ALL\SEM_7\project\jammalamadugu\new_obj\tamilnadu_pipeline\data\raw\nasapower\power_TNP_0086_2025.json,809.7,
2026-08-03 16:03:15,TNP_0087,2016,OK,C:\Users\jaswi\OneDrive\Desktop\ALL\SEM_7\project\jammalamadugu\new_obj\tamilnadu_pipeline\data\raw\nasapower\power_TNP_0087_2016.json,812.1,
2026-08-03 16:03:19,TNP_0087,2017,OK,C:\Users\jaswi\OneDrive\Desktop\ALL\SEM_7\project\jammalamadugu\new_obj\tamilnadu_pipeline\data\raw\nasapower\power_TNP_0087_2017.json,809.9,
2026-08-03 16:03:23,TNP_0087,2018,OK,C:\Users\jaswi\OneDrive\Desktop\ALL\SEM_7\project\jammalamadugu\new_obj\tamilnadu_pipeline\data\raw\nasapower\power_TNP_0087_2018.json,809.8,
2026-08-03 16:03:27,TNP_0087,2019,OK,C:\Users\jaswi\OneDrive\Desktop\ALL\SEM_7\project\jammalamadugu\new_obj\tamilnadu_pipeline\data\raw\nasapower\power_TNP_0087_2019.json,809.9,
2026-08-03 16:03:31,TNP_0087,2020,OK,C:\Users\jaswi\OneDrive\Desktop\ALL\SEM_7\project\jammalamadugu\new_obj\tamilnadu_pipeline\data\raw\nasapower\power_TNP_0087_2020.json,812.1,
2026-08-03 16:03:35,TNP_0087,2021,OK,C:\Users\jaswi\OneDrive\Desktop\ALL\SEM_7\project\jammalamadugu\new_obj\tamilnadu_pipeline\data\raw\nasapower\power_TNP_0087_2021.json,809.9,
2026-08-03 16:03:39,TNP_0087,2022,OK,C:\Users\jaswi\OneDrive\Desktop\ALL\SEM_7\project\jammalamadugu\new_obj\tamilnadu_pipeline\data\raw\nasapower\power_TNP_0087_2022.json,809.8,
2026-08-03 16:03:43,TNP_0087,2023,OK,C:\Users\jaswi\OneDrive\Desktop\ALL\SEM_7\project\jammalamadugu\new_obj\tamilnadu_pipeline\data\raw\nasapower\power_TNP_0087_2023.json,809.9,
2026-08-03 16:03:47,TNP_0087,2024,OK,C:\Users\jaswi\OneDrive\Desktop\ALL\SEM_7\project\jammalamadugu\new_obj\tamilnadu_pipeline\data\raw\nasapower\power_TNP_0087_2024.json,812.0,
2026-08-03 16:03:50,TNP_0087,2025,OK,C:\Users\jaswi\OneDrive\Desktop\ALL\SEM_7\project\jammalamadugu\new_obj\tamilnadu_pipeline\data\raw\nasapower\power_TNP_0087_2025.json,809.9,
2026-08-03 16:03:54,TNP_0088,2016,OK,C:\Users\jaswi\OneDrive\Desktop\ALL\SEM_7\project\jammalamadugu\new_obj\tamilnadu_pipeline\data\raw\nasapower\power_TNP_0088_2016.json,812.1,
2026-08-03 16:03:57,TNP_0088,2017,OK,C:\Users\jaswi\OneDrive\Desktop\ALL\SEM_7\project\jammalamadugu\new_obj\tamilnadu_pipeline\data\raw\nasapower\power_TNP_0088_2017.json,809.8,
2026-08-03 16:04:02,TNP_0088,2018,OK,C:\Users\jaswi\OneDrive\Desktop\ALL\SEM_7\project\jammalamadugu\new_obj\tamilnadu_pipeline\data\raw\nasapower\power_TNP_0088_2018.json,809.6,
2026-08-03 16:04:05,TNP_0088,2019,OK,C:\Users\jaswi\OneDrive\Desktop\ALL\SEM_7\project\jammalamadugu\new_obj\tamilnadu_pipeline\data\raw\nasapower\power_TNP_0088_2019.json,809.8,
2026-08-03 16:04:09,TNP_0088,2020,OK,C:\Users\jaswi\OneDrive\Desktop\ALL\SEM_7\project\jammalamadugu\new_obj\tamilnadu_pipeline\data\raw\nasapower\power_TNP_0088_2020.json,812.1,
2026-08-03 16:04:13,TNP_0088,2021,OK,C:\Users\jaswi\OneDrive\Desktop\ALL\SEM_7\project\jammalamadugu\new_obj\tamilnadu_pipeline\data\raw\nasapower\power_TNP_0088_2021.json,809.8,
2026-08-03 16:04:17,TNP_0088,2022,OK,C:\Users\jaswi\OneDrive\Desktop\ALL\SEM_7\project\jammalamadugu\new_obj\tamilnadu_pipeline\data\raw\nasapower\power_TNP_0088_2022.json,809.8,
2026-08-03 16:04:21,TNP_0088,2023,OK,C:\Users\jaswi\OneDrive\Desktop\ALL\SEM_7\project\jammalamadugu\new_obj\tamilnadu_pipeline\data\raw\nasapower\power_TNP_0088_2023.json,810.0,
2026-08-03 16:04:25,TNP_0088,2024,OK,C:\Users\jaswi\OneDrive\Desktop\ALL\SEM_7\project\jammalamadugu\new_obj\tamilnadu_pipeline\data\raw\nasapower\power_TNP_0088_2024.json,812.0,
2026-08-03 16:04:28,TNP_0088,2025,OK,C:\Users\jaswi\OneDrive\Desktop\ALL\SEM_7\project\jammalamadugu\new_obj\tamilnadu_pipeline\data\raw\nasapower\power_TNP_0088_2025.json,809.7,
2026-08-03 16:04:32,TNP_0089,2016,OK,C:\Users\jaswi\OneDrive\Desktop\ALL\SEM_7\project\jammalamadugu\new_obj\tamilnadu_pipeline\data\raw\nasapower\power_TNP_0089_2016.json,812.0,
2026-08-03 16:04:35,TNP_0089,2017,OK,C:\Users\jaswi\OneDrive\Desktop\ALL\SEM_7\project\jammalamadugu\new_obj\tamilnadu_pipeline\data\raw\nasapower\power_TNP_0089_2017.json,809.6,
2026-08-03 16:04:40,TNP_0089,2018,OK,C:\Users\jaswi\OneDrive\Desktop\ALL\SEM_7\project\jammalamadugu\new_obj\tamilnadu_pipeline\data\raw\nasapower\power_TNP_0089_2018.json,809.6,
2026-08-03 16:04:44,TNP_0089,2019,OK,C:\Users\jaswi\OneDrive\Desktop\ALL\SEM_7\project\jammalamadugu\new_obj\tamilnadu_pipeline\data\raw\nasapower\power_TNP_0089_2019.json,809.8,
2026-08-03 16:04:48,TNP_0089,2020,OK,C:\Users\jaswi\OneDrive\Desktop\ALL\SEM_7\project\jammalamadugu\new_obj\tamilnadu_pipeline\data\raw\nasapower\power_TNP_0089_2020.json,811.9,
2026-08-03 16:04:52,TNP_0089,2021,OK,C:\Users\jaswi\OneDrive\Desktop\ALL\SEM_7\project\jammalamadugu\new_obj\tamilnadu_pipeline\data\raw\nasapower\power_TNP_0089_2021.json,809.6,
2026-08-03 16:04:56,TNP_0089,2022,OK,C:\Users\jaswi\OneDrive\Desktop\ALL\SEM_7\project\jammalamadugu\new_obj\tamilnadu_pipeline\data\raw\nasapower\power_TNP_0089_2022.json,809.6,
2026-08-03 16:05:00,TNP_0089,2023,OK,C:\Users\jaswi\OneDrive\Desktop\ALL\SEM_7\project\jammalamadugu\new_obj\tamilnadu_pipeline\data\raw\nasapower\power_TNP_0089_2023.json,809.8,
2026-08-03 16:05:03,TNP_0089,2024,OK,C:\Users\jaswi\OneDrive\Desktop\ALL\SEM_7\project\jammalamadugu\new_obj\tamilnadu_pipeline\data\raw\nasapower\power_TNP_0089_2024.json,812.0,
2026-08-03 16:05:07,TNP_0089,2025,OK,C:\Users\jaswi\OneDrive\Desktop\ALL\SEM_7\project\jammalamadugu\new_obj\tamilnadu_pipeline\data\raw\nasapower\power_TNP_0089_2025.json,809.6,
2026-08-03 16:05:11,TNP_0090,2016,OK,C:\Users\jaswi\OneDrive\Desktop\ALL\SEM_7\project\jammalamadugu\new_obj\tamilnadu_pipeline\data\raw\nasapower\power_TNP_0090_2016.json,812.0,
2026-08-03 16:05:15,TNP_0090,2017,OK,C:\Users\jaswi\OneDrive\Desktop\ALL\SEM_7\project\jammalamadugu\new_obj\tamilnadu_pipeline\data\raw\nasapower\power_TNP_0090_2017.json,809.8,
2026-08-03 16:05:19,TNP_0090,2018,OK,C:\Users\jaswi\OneDrive\Desktop\ALL\SEM_7\project\jammalamadugu\new_obj\tamilnadu_pipeline\data\raw\nasapower\power_TNP_0090_2018.json,809.8,
2026-08-03 16:05:23,TNP_0090,2019,OK,C:\Users\jaswi\OneDrive\Desktop\ALL\SEM_7\project\jammalamadugu\new_obj\tamilnadu_pipeline\data\raw\nasapower\power_TNP_0090_2019.json,809.8,
2026-08-03 16:05:26,TNP_0090,2020,OK,C:\Users\jaswi\OneDrive\Desktop\ALL\SEM_7\project\jammalamadugu\new_obj\tamilnadu_pipeline\data\raw\nasapower\power_TNP_0090_2020.json,812.0,
2026-08-03 16:05:30,TNP_0090,2021,OK,C:\Users\jaswi\OneDrive\Desktop\ALL\SEM_7\project\jammalamadugu\new_obj\tamilnadu_pipeline\data\raw\nasapower\power_TNP_0090_2021.json,809.8,
2026-08-03 16:05:34,TNP_0090,2022,OK,C:\Users\jaswi\OneDrive\Desktop\ALL\SEM_7\project\jammalamadugu\new_obj\tamilnadu_pipeline\data\raw\nasapower\power_TNP_0090_2022.json,809.7,
2026-08-03 16:05:37,TNP_0090,2023,OK,C:\Users\jaswi\OneDrive\Desktop\ALL\SEM_7\project\jammalamadugu\new_obj\tamilnadu_pipeline\data\raw\nasapower\power_TNP_0090_2023.json,809.8,
2026-08-03 16:05:41,TNP_0090,2024,OK,C:\Users\jaswi\OneDrive\Desktop\ALL\SEM_7\project\jammalamadugu\new_obj\tamilnadu_pipeline\data\raw\nasapower\power_TNP_0090_2024.json,812.0,
2026-08-03 16:05:46,TNP_0090,2025,OK,C:\Users\jaswi\OneDrive\Desktop\ALL\SEM_7\project\jammalamadugu\new_obj\tamilnadu_pipeline\data\raw\nasapower\power_TNP_0090_2025.json,809.8,
2026-08-03 16:05:49,TNP_0091,2016,OK,C:\Users\jaswi\OneDrive\Desktop\ALL\SEM_7\project\jammalamadugu\new_obj\tamilnadu_pipeline\data\raw\nasapower\power_TNP_0091_2016.json,812.0,
2026-08-03 16:05:54,TNP_0091,2017,OK,C:\Users\jaswi\OneDrive\Desktop\ALL\SEM_7\project\jammalamadugu\new_obj\tamilnadu_pipeline\data\raw\nasapower\power_TNP_0091_2017.json,809.8,
2026-08-03 16:05:58,TNP_0091,2018,OK,C:\Users\jaswi\OneDrive\Desktop\ALL\SEM_7\project\jammalamadugu\new_obj\tamilnadu_pipeline\data\raw\nasapower\power_TNP_0091_2018.json,809.7,
2026-08-03 16:06:01,TNP_0091,2019,OK,C:\Users\jaswi\OneDrive\Desktop\ALL\SEM_7\project\jammalamadugu\new_obj\tamilnadu_pipeline\data\raw\nasapower\power_TNP_0091_2019.json,809.8,
2026-08-03 16:06:05,TNP_0091,2020,OK,C:\Users\jaswi\OneDrive\Desktop\ALL\SEM_7\project\jammalamadugu\new_obj\tamilnadu_pipeline\data\raw\nasapower\power_TNP_0091_2020.json,812.1,
2026-08-03 16:06:09,TNP_0091,2021,OK,C:\Users\jaswi\OneDrive\Desktop\ALL\SEM_7\project\jammalamadugu\new_obj\tamilnadu_pipeline\data\raw\nasapower\power_TNP_0091_2021.json,809.7,
2026-08-03 16:06:12,TNP_0091,2022,OK,C:\Users\jaswi\OneDrive\Desktop\ALL\SEM_7\project\jammalamadugu\new_obj\tamilnadu_pipeline\data\raw\nasapower\power_TNP_0091_2022.json,809.6,
2026-08-03 16:06:16,TNP_0091,2023,OK,C:\Users\jaswi\OneDrive\Desktop\ALL\SEM_7\project\jammalamadugu\new_obj\tamilnadu_pipeline\data\raw\nasapower\power_TNP_0091_2023.json,809.7,
2026-08-03 16:06:19,TNP_0091,2024,OK,C:\Users\jaswi\OneDrive\Desktop\ALL\SEM_7\project\jammalamadugu\new_obj\tamilnadu_pipeline\data\raw\nasapower\power_TNP_0091_2024.json,811.9,
2026-08-03 16:06:22,TNP_0091,2025,OK,C:\Users\jaswi\OneDrive\Desktop\ALL\SEM_7\project\jammalamadugu\new_obj\tamilnadu_pipeline\data\raw\nasapower\power_TNP_0091_2025.json,809.8,
2026-08-03 16:06:26,TNP_0092,2016,OK,C:\Users\jaswi\OneDrive\Desktop\ALL\SEM_7\project\jammalamadugu\new_obj\tamilnadu_pipeline\data\raw\nasapower\power_TNP_0092_2016.json,812.1,
2026-08-03 16:06:30,TNP_0092,2017,OK,C:\Users\jaswi\OneDrive\Desktop\ALL\SEM_7\project\jammalamadugu\new_obj\tamilnadu_pipeline\data\raw\nasapower\power_TNP_0092_2017.json,809.8,
2026-08-03 16:06:33,TNP_0092,2018,OK,C:\Users\jaswi\OneDrive\Desktop\ALL\SEM_7\project\jammalamadugu\new_obj\tamilnadu_pipeline\data\raw\nasapower\power_TNP_0092_2018.json,809.7,
2026-08-03 16:06:37,TNP_0092,2019,OK,C:\Users\jaswi\OneDrive\Desktop\ALL\SEM_7\project\jammalamadugu\new_obj\tamilnadu_pipeline\data\raw\nasapower\power_TNP_0092_2019.json,809.8,
2026-08-03 16:06:41,TNP_0092,2020,OK,C:\Users\jaswi\OneDrive\Desktop\ALL\SEM_7\project\jammalamadugu\new_obj\tamilnadu_pipeline\data\raw\nasapower\power_TNP_0092_2020.json,812.0,
2026-08-03 16:06:45,TNP_0092,2021,OK,C:\Users\jaswi\OneDrive\Desktop\ALL\SEM_7\project\jammalamadugu\new_obj\tamilnadu_pipeline\data\raw\nasapower\power_TNP_0092_2021.json,809.7,
2026-08-03 16:06:48,TNP_0092,2022,OK,C:\Users\jaswi\OneDrive\Desktop\ALL\SEM_7\project\jammalamadugu\new_obj\tamilnadu_pipeline\data\raw\nasapower\power_TNP_0092_2022.json,809.7,
2026-08-03 16:06:52,TNP_0092,2023,OK,C:\Users\jaswi\OneDrive\Desktop\ALL\SEM_7\project\jammalamadugu\new_obj\tamilnadu_pipeline\data\raw\nasapower\power_TNP_0092_2023.json,809.7,
2026-08-03 16:06:56,TNP_0092,2024,OK,C:\Users\jaswi\OneDrive\Desktop\ALL\SEM_7\project\jammalamadugu\new_obj\tamilnadu_pipeline\data\raw\nasapower\power_TNP_0092_2024.json,812.1,
2026-08-03 16:06:59,TNP_0092,2025,OK,C:\Users\jaswi\OneDrive\Desktop\ALL\SEM_7\project\jammalamadugu\new_obj\tamilnadu_pipeline\data\raw\nasapower\power_TNP_0092_2025.json,809.9,
2026-08-03 16:07:03,TNP_0093,2016,OK,C:\Users\jaswi\OneDrive\Desktop\ALL\SEM_7\project\jammalamadugu\new_obj\tamilnadu_pipeline\data\raw\nasapower\power_TNP_0093_2016.json,812.0,
2026-08-03 16:07:07,TNP_0093,2017,OK,C:\Users\jaswi\OneDrive\Desktop\ALL\SEM_7\project\jammalamadugu\new_obj\tamilnadu_pipeline\data\raw\nasapower\power_TNP_0093_2017.json,809.9,
2026-08-03 16:07:11,TNP_0093,2018,OK,C:\Users\jaswi\OneDrive\Desktop\ALL\SEM_7\project\jammalamadugu\new_obj\tamilnadu_pipeline\data\raw\nasapower\power_TNP_0093_2018.json,809.9,
2026-08-03 16:07:15,TNP_0093,2019,OK,C:\Users\jaswi\OneDrive\Desktop\ALL\SEM_7\project\jammalamadugu\new_obj\tamilnadu_pipeline\data\raw\nasapower\power_TNP_0093_2019.json,809.9,
2026-08-03 16:07:19,TNP_0093,2020,OK,C:\Users\jaswi\OneDrive\Desktop\ALL\SEM_7\project\jammalamadugu\new_obj\tamilnadu_pipeline\data\raw\nasapower\power_TNP_0093_2020.json,812.1,
2026-08-03 16:07:23,TNP_0093,2021,OK,C:\Users\jaswi\OneDrive\Desktop\ALL\SEM_7\project\jammalamadugu\new_obj\tamilnadu_pipeline\data\raw\nasapower\power_TNP_0093_2021.json,809.9,
2026-08-03 16:07:28,TNP_0093,2022,OK,C:\Users\jaswi\OneDrive\Desktop\ALL\SEM_7\project\jammalamadugu\new_obj\tamilnadu_pipeline\data\raw\nasapower\power_TNP_0093_2022.json,809.7,
2026-08-03 16:07:31,TNP_0093,2023,OK,C:\Users\jaswi\OneDrive\Desktop\ALL\SEM_7\project\jammalamadugu\new_obj\tamilnadu_pipeline\data\raw\nasapower\power_TNP_0093_2023.json,810.0,
2026-08-03 16:07:34,TNP_0093,2024,OK,C:\Users\jaswi\OneDrive\Desktop\ALL\SEM_7\project\jammalamadugu\new_obj\tamilnadu_pipeline\data\raw\nasapower\power_TNP_0093_2024.json,812.1,
2026-08-03 16:07:37,TNP_0093,2025,OK,C:\Users\jaswi\OneDrive\Desktop\ALL\SEM_7\project\jammalamadugu\new_obj\tamilnadu_pipeline\data\raw\nasapower\power_TNP_0093_2025.json,809.9,
2026-08-03 16:07:42,TNP_0094,2016,OK,C:\Users\jaswi\OneDrive\Desktop\ALL\SEM_7\project\jammalamadugu\new_obj\tamilnadu_pipeline\data\raw\nasapower\power_TNP_0094_2016.json,811.9,
2026-08-03 16:07:45,TNP_0094,2017,OK,C:\Users\jaswi\OneDrive\Desktop\ALL\SEM_7\project\jammalamadugu\new_obj\tamilnadu_pipeline\data\raw\nasapower\power_TNP_0094_2017.json,809.6,
2026-08-03 16:07:49,TNP_0094,2018,OK,C:\Users\jaswi\OneDrive\Desktop\ALL\SEM_7\project\jammalamadugu\new_obj\tamilnadu_pipeline\data\raw\nasapower\power_TNP_0094_2018.json,809.5,
2026-08-03 16:07:53,TNP_0094,2019,OK,C:\Users\jaswi\OneDrive\Desktop\ALL\SEM_7\project\jammalamadugu\new_obj\tamilnadu_pipeline\data\raw\nasapower\power_TNP_0094_2019.json,809.7,
2026-08-03 16:07:57,TNP_0094,2020,OK,C:\Users\jaswi\OneDrive\Desktop\ALL\SEM_7\project\jammalamadugu\new_obj\tamilnadu_pipeline\data\raw\nasapower\power_TNP_0094_2020.json,811.7,
2026-08-03 16:08:00,TNP_0094,2021,OK,C:\Users\jaswi\OneDrive\Desktop\ALL\SEM_7\project\jammalamadugu\new_obj\tamilnadu_pipeline\data\raw\nasapower\power_TNP_0094_2021.json,809.4,
2026-08-03 16:08:04,TNP_0094,2022,OK,C:\Users\jaswi\OneDrive\Desktop\ALL\SEM_7\project\jammalamadugu\new_obj\tamilnadu_pipeline\data\raw\nasapower\power_TNP_0094_2022.json,809.5,
2026-08-03 16:08:07,TNP_0094,2023,OK,C:\Users\jaswi\OneDrive\Desktop\ALL\SEM_7\project\jammalamadugu\new_obj\tamilnadu_pipeline\data\raw\nasapower\power_TNP_0094_2023.json,809.7,
2026-08-03 16:08:12,TNP_0094,2024,OK,C:\Users\jaswi\OneDrive\Desktop\ALL\SEM_7\project\jammalamadugu\new_obj\tamilnadu_pipeline\data\raw\nasapower\power_TNP_0094_2024.json,811.9,
2026-08-03 16:08:16,TNP_0094,2025,OK,C:\Users\jaswi\OneDrive\Desktop\ALL\SEM_7\project\jammalamadugu\new_obj\tamilnadu_pipeline\data\raw\nasapower\power_TNP_0094_2025.json,809.6,
2026-08-03 16:08:20,TNP_0095,2016,OK,C:\Users\jaswi\OneDrive\Desktop\ALL\SEM_7\project\jammalamadugu\new_obj\tamilnadu_pipeline\data\raw\nasapower\power_TNP_0095_2016.json,811.9,
2026-08-03 16:08:24,TNP_0095,2017,OK,C:\Users\jaswi\OneDrive\Desktop\ALL\SEM_7\project\jammalamadugu\new_obj\tamilnadu_pipeline\data\raw\nasapower\power_TNP_0095_2017.json,809.8,
2026-08-03 16:08:28,TNP_0095,2018,OK,C:\Users\jaswi\OneDrive\Desktop\ALL\SEM_7\project\jammalamadugu\new_obj\tamilnadu_pipeline\data\raw\nasapower\power_TNP_0095_2018.json,809.8,
2026-08-03 16:08:31,TNP_0095,2019,OK,C:\Users\jaswi\OneDrive\Desktop\ALL\SEM_7\project\jammalamadugu\new_obj\tamilnadu_pipeline\data\raw\nasapower\power_TNP_0095_2019.json,809.7,
2026-08-03 16:08:34,TNP_0095,2020,OK,C:\Users\jaswi\OneDrive\Desktop\ALL\SEM_7\project\jammalamadugu\new_obj\tamilnadu_pipeline\data\raw\nasapower\power_TNP_0095_2020.json,812.0,
2026-08-03 16:08:38,TNP_0095,2021,OK,C:\Users\jaswi\OneDrive\Desktop\ALL\SEM_7\project\jammalamadugu\new_obj\tamilnadu_pipeline\data\raw\nasapower\power_TNP_0095_2021.json,809.8,
2026-08-03 16:08:41,TNP_0095,2022,OK,C:\Users\jaswi\OneDrive\Desktop\ALL\SEM_7\project\jammalamadugu\new_obj\tamilnadu_pipeline\data\raw\nasapower\power_TNP_0095_2022.json,809.7,
2026-08-03 16:08:45,TNP_0095,2023,OK,C:\Users\jaswi\OneDrive\Desktop\ALL\SEM_7\project\jammalamadugu\new_obj\tamilnadu_pipeline\data\raw\nasapower\power_TNP_0095_2023.json,809.7,
2026-08-03 16:08:48,TNP_0095,2024,OK,C:\Users\jaswi\OneDrive\Desktop\ALL\SEM_7\project\jammalamadugu\new_obj\tamilnadu_pipeline\data\raw\nasapower\power_TNP_0095_2024.json,811.9,
2026-08-03 16:08:52,TNP_0095,2025,OK,C:\Users\jaswi\OneDrive\Desktop\ALL\SEM_7\project\jammalamadugu\new_obj\tamilnadu_pipeline\data\raw\nasapower\power_TNP_0095_2025.json,809.9,
2026-08-03 16:08:55,TNP_0096,2016,OK,C:\Users\jaswi\OneDrive\Desktop\ALL\SEM_7\project\jammalamadugu\new_obj\tamilnadu_pipeline\data\raw\nasapower\power_TNP_0096_2016.json,811.8,
2026-08-03 16:08:59,TNP_0096,2017,OK,C:\Users\jaswi\OneDrive\Desktop\ALL\SEM_7\project\jammalamadugu\new_obj\tamilnadu_pipeline\data\raw\nasapower\power_TNP_0096_2017.json,809.7,
2026-08-03 16:09:03,TNP_0096,2018,OK,C:\Users\jaswi\OneDrive\Desktop\ALL\SEM_7\project\jammalamadugu\new_obj\tamilnadu_pipeline\data\raw\nasapower\power_TNP_0096_2018.json,809.5,
2026-08-03 16:09:07,TNP_0096,2019,OK,C:\Users\jaswi\OneDrive\Desktop\ALL\SEM_7\project\jammalamadugu\new_obj\tamilnadu_pipeline\data\raw\nasapower\power_TNP_0096_2019.json,809.7,
2026-08-03 16:09:11,TNP_0096,2020,OK,C:\Users\jaswi\OneDrive\Desktop\ALL\SEM_7\project\jammalamadugu\new_obj\tamilnadu_pipeline\data\raw\nasapower\power_TNP_0096_2020.json,811.9,
2026-08-03 16:09:15,TNP_0096,2021,OK,C:\Users\jaswi\OneDrive\Desktop\ALL\SEM_7\project\jammalamadugu\new_obj\tamilnadu_pipeline\data\raw\nasapower\power_TNP_0096_2021.json,809.6,
2026-08-03 16:09:17,TNP_0096,2022,OK,C:\Users\jaswi\OneDrive\Desktop\ALL\SEM_7\project\jammalamadugu\new_obj\tamilnadu_pipeline\data\raw\nasapower\power_TNP_0096_2022.json,809.5,
2026-08-03 16:09:21,TNP_0096,2023,OK,C:\Users\jaswi\OneDrive\Desktop\ALL\SEM_7\project\jammalamadugu\new_obj\tamilnadu_pipeline\data\raw\nasapower\power_TNP_0096_2023.json,809.5,
2026-08-03 16:09:25,TNP_0096,2024,OK,C:\Users\jaswi\OneDrive\Desktop\ALL\SEM_7\project\jammalamadugu\new_obj\tamilnadu_pipeline\data\raw\nasapower\power_TNP_0096_2024.json,811.8,
2026-08-03 16:09:29,TNP_0096,2025,OK,C:\Users\jaswi\OneDrive\Desktop\ALL\SEM_7\project\jammalamadugu\new_obj\tamilnadu_pipeline\data\raw\nasapower\power_TNP_0096_2025.json,809.7,
2026-08-03 16:09:33,TNP_0097,2016,OK,C:\Users\jaswi\OneDrive\Desktop\ALL\SEM_7\project\jammalamadugu\new_obj\tamilnadu_pipeline\data\raw\nasapower\power_TNP_0097_2016.json,812.1,
2026-08-03 16:09:37,TNP_0097,2017,OK,C:\Users\jaswi\OneDrive\Desktop\ALL\SEM_7\project\jammalamadugu\new_obj\tamilnadu_pipeline\data\raw\nasapower\power_TNP_0097_2017.json,809.7,
2026-08-03 16:09:41,TNP_0097,2018,OK,C:\Users\jaswi\OneDrive\Desktop\ALL\SEM_7\project\jammalamadugu\new_obj\tamilnadu_pipeline\data\raw\nasapower\power_TNP_0097_2018.json,809.8,
2026-08-03 16:09:46,TNP_0097,2019,OK,C:\Users\jaswi\OneDrive\Desktop\ALL\SEM_7\project\jammalamadugu\new_obj\tamilnadu_pipeline\data\raw\nasapower\power_TNP_0097_2019.json,809.8,
2026-08-03 16:09:52,TNP_0097,2020,OK,C:\Users\jaswi\OneDrive\Desktop\ALL\SEM_7\project\jammalamadugu\new_obj\tamilnadu_pipeline\data\raw\nasapower\power_TNP_0097_2020.json,812.0,
2026-08-03 16:09:56,TNP_0097,2021,OK,C:\Users\jaswi\OneDrive\Desktop\ALL\SEM_7\project\jammalamadugu\new_obj\tamilnadu_pipeline\data\raw\nasapower\power_TNP_0097_2021.json,809.7,
2026-08-03 16:10:00,TNP_0097,2022,OK,C:\Users\jaswi\OneDrive\Desktop\ALL\SEM_7\project\jammalamadugu\new_obj\tamilnadu_pipeline\data\raw\nasapower\power_TNP_0097_2022.json,809.6,
2026-08-03 16:10:04,TNP_0097,2023,OK,C:\Users\jaswi\OneDrive\Desktop\ALL\SEM_7\project\jammalamadugu\new_obj\tamilnadu_pipeline\data\raw\nasapower\power_TNP_0097_2023.json,809.7,
2026-08-03 16:10:07,TNP_0097,2024,OK,C:\Users\jaswi\OneDrive\Desktop\ALL\SEM_7\project\jammalamadugu\new_obj\tamilnadu_pipeline\data\raw\nasapower\power_TNP_0097_2024.json,812.1,
2026-08-03 16:10:11,TNP_0097,2025,OK,C:\Users\jaswi\OneDrive\Desktop\ALL\SEM_7\project\jammalamadugu\new_obj\tamilnadu_pipeline\data\raw\nasapower\power_TNP_0097_2025.json,809.9,
2026-08-03 16:10:15,TNP_0098,2016,OK,C:\Users\jaswi\OneDrive\Desktop\ALL\SEM_7\project\jammalamadugu\new_obj\tamilnadu_pipeline\data\raw\nasapower\power_TNP_0098_2016.json,812.1,
2026-08-03 16:10:19,TNP_0098,2017,OK,C:\Users\jaswi\OneDrive\Desktop\ALL\SEM_7\project\jammalamadugu\new_obj\tamilnadu_pipeline\data\raw\nasapower\power_TNP_0098_2017.json,809.9,
2026-08-03 16:10:22,TNP_0098,2018,OK,C:\Users\jaswi\OneDrive\Desktop\ALL\SEM_7\project\jammalamadugu\new_obj\tamilnadu_pipeline\data\raw\nasapower\power_TNP_0098_2018.json,809.7,
2026-08-03 16:10:26,TNP_0098,2019,OK,C:\Users\jaswi\OneDrive\Desktop\ALL\SEM_7\project\jammalamadugu\new_obj\tamilnadu_pipeline\data\raw\nasapower\power_TNP_0098_2019.json,809.8,
2026-08-03 16:10:30,TNP_0098,2020,OK,C:\Users\jaswi\OneDrive\Desktop\ALL\SEM_7\project\jammalamadugu\new_obj\tamilnadu_pipeline\data\raw\nasapower\power_TNP_0098_2020.json,812.1,
2026-08-03 16:10:33,TNP_0098,2021,OK,C:\Users\jaswi\OneDrive\Desktop\ALL\SEM_7\project\jammalamadugu\new_obj\tamilnadu_pipeline\data\raw\nasapower\power_TNP_0098_2021.json,809.8,
2026-08-03 16:10:37,TNP_0098,2022,OK,C:\Users\jaswi\OneDrive\Desktop\ALL\SEM_7\project\jammalamadugu\new_obj\tamilnadu_pipeline\data\raw\nasapower\power_TNP_0098_2022.json,809.6,
2026-08-03 16:10:41,TNP_0098,2023,OK,C:\Users\jaswi\OneDrive\Desktop\ALL\SEM_7\project\jammalamadugu\new_obj\tamilnadu_pipeline\data\raw\nasapower\power_TNP_0098_2023.json,809.8,
2026-08-03 16:10:45,TNP_0098,2024,OK,C:\Users\jaswi\OneDrive\Desktop\ALL\SEM_7\project\jammalamadugu\new_obj\tamilnadu_pipeline\data\raw\nasapower\power_TNP_0098_2024.json,812.1,
2026-08-03 16:10:48,TNP_0098,2025,OK,C:\Users\jaswi\OneDrive\Desktop\ALL\SEM_7\project\jammalamadugu\new_obj\tamilnadu_pipeline\data\raw\nasapower\power_TNP_0098_2025.json,809.9,
2026-08-03 16:10:52,TNP_0099,2016,OK,C:\Users\jaswi\OneDrive\Desktop\ALL\SEM_7\project\jammalamadugu\new_obj\tamilnadu_pipeline\data\raw\nasapower\power_TNP_0099_2016.json,812.1,
2026-08-03 16:10:56,TNP_0099,2017,OK,C:\Users\jaswi\OneDrive\Desktop\ALL\SEM_7\project\jammalamadugu\new_obj\tamilnadu_pipeline\data\raw\nasapower\power_TNP_0099_2017.json,809.9,
2026-08-03 16:10:59,TNP_0099,2018,OK,C:\Users\jaswi\OneDrive\Desktop\ALL\SEM_7\project\jammalamadugu\new_obj\tamilnadu_pipeline\data\raw\nasapower\power_TNP_0099_2018.json,809.7,
2026-08-03 16:11:03,TNP_0099,2019,OK,C:\Users\jaswi\OneDrive\Desktop\ALL\SEM_7\project\jammalamadugu\new_obj\tamilnadu_pipeline\data\raw\nasapower\power_TNP_0099_2019.json,809.8,
2026-08-03 16:11:07,TNP_0099,2020,OK,C:\Users\jaswi\OneDrive\Desktop\ALL\SEM_7\project\jammalamadugu\new_obj\tamilnadu_pipeline\data\raw\nasapower\power_TNP_0099_2020.json,812.1,
2026-08-03 16:11:10,TNP_0099,2021,OK,C:\Users\jaswi\OneDrive\Desktop\ALL\SEM_7\project\jammalamadugu\new_obj\tamilnadu_pipeline\data\raw\nasapower\power_TNP_0099_2021.json,809.8,
2026-08-03 16:11:14,TNP_0099,2022,OK,C:\Users\jaswi\OneDrive\Desktop\ALL\SEM_7\project\jammalamadugu\new_obj\tamilnadu_pipeline\data\raw\nasapower\power_TNP_0099_2022.json,809.6,
2026-08-03 16:11:18,TNP_0099,2023,OK,C:\Users\jaswi\OneDrive\Desktop\ALL\SEM_7\project\jammalamadugu\new_obj\tamilnadu_pipeline\data\raw\nasapower\power_TNP_0099_2023.json,809.8,
2026-08-03 16:11:20,TNP_0099,2024,OK,C:\Users\jaswi\OneDrive\Desktop\ALL\SEM_7\project\jammalamadugu\new_obj\tamilnadu_pipeline\data\raw\nasapower\power_TNP_0099_2024.json,812.1,
2026-08-03 16:11:24,TNP_0099,2025,OK,C:\Users\jaswi\OneDrive\Desktop\ALL\SEM_7\project\jammalamadugu\new_obj\tamilnadu_pipeline\data\raw\nasapower\power_TNP_0099_2025.json,809.9,
2026-08-03 16:11:28,TNP_0100,2016,OK,C:\Users\jaswi\OneDrive\Desktop\ALL\SEM_7\project\jammalamadugu\new_obj\tamilnadu_pipeline\data\raw\nasapower\power_TNP_0100_2016.json,811.9,
2026-08-03 16:11:32,TNP_0100,2017,OK,C:\Users\jaswi\OneDrive\Desktop\ALL\SEM_7\project\jammalamadugu\new_obj\tamilnadu_pipeline\data\raw\nasapower\power_TNP_0100_2017.json,809.7,
2026-08-03 16:11:37,TNP_0100,2018,OK,C:\Users\jaswi\OneDrive\Desktop\ALL\SEM_7\project\jammalamadugu\new_obj\tamilnadu_pipeline\data\raw\nasapower\power_TNP_0100_2018.json,809.8,
2026-08-03 16:11:42,TNP_0100,2019,OK,C:\Users\jaswi\OneDrive\Desktop\ALL\SEM_7\project\jammalamadugu\new_obj\tamilnadu_pipeline\data\raw\nasapower\power_TNP_0100_2019.json,809.8,
2026-08-03 16:11:47,TNP_0100,2020,OK,C:\Users\jaswi\OneDrive\Desktop\ALL\SEM_7\project\jammalamadugu\new_obj\tamilnadu_pipeline\data\raw\nasapower\power_TNP_0100_2020.json,812.0,
2026-08-03 16:11:52,TNP_0100,2021,OK,C:\Users\jaswi\OneDrive\Desktop\ALL\SEM_7\project\jammalamadugu\new_obj\tamilnadu_pipeline\data\raw\nasapower\power_TNP_0100_2021.json,809.7,
2026-08-03 16:12:00,TNP_0100,2022,OK,C:\Users\jaswi\OneDrive\Desktop\ALL\SEM_7\project\jammalamadugu\new_obj\tamilnadu_pipeline\data\raw\nasapower\power_TNP_0100_2022.json,809.7,
2026-08-03 16:12:05,TNP_0100,2023,OK,C:\Users\jaswi\OneDrive\Desktop\ALL\SEM_7\project\jammalamadugu\new_obj\tamilnadu_pipeline\data\raw\nasapower\power_TNP_0100_2023.json,809.7,
2026-08-03 16:12:10,TNP_0100,2024,OK,C:\Users\jaswi\OneDrive\Desktop\ALL\SEM_7\project\jammalamadugu\new_obj\tamilnadu_pipeline\data\raw\nasapower\power_TNP_0100_2024.json,812.0,
2026-08-03 16:12:16,TNP_0100,2025,OK,C:\Users\jaswi\OneDrive\Desktop\ALL\SEM_7\project\jammalamadugu\new_obj\tamilnadu_pipeline\data\raw\nasapower\power_TNP_0100_2025.json,809.9,
2026-08-03 16:12:21,TNP_0101,2016,OK,C:\Users\jaswi\OneDrive\Desktop\ALL\SEM_7\project\jammalamadugu\new_obj\tamilnadu_pipeline\data\raw\nasapower\power_TNP_0101_2016.json,811.9,
2026-08-03 16:12:29,TNP_0101,2017,OK,C:\Users\jaswi\OneDrive\Desktop\ALL\SEM_7\project\jammalamadugu\new_obj\tamilnadu_pipeline\data\raw\nasapower\power_TNP_0101_2017.json,809.7,
2026-08-03 16:12:36,TNP_0101,2018,OK,C:\Users\jaswi\OneDrive\Desktop\ALL\SEM_7\project\jammalamadugu\new_obj\tamilnadu_pipeline\data\raw\nasapower\power_TNP_0101_2018.json,809.8,
2026-08-03 16:12:42,TNP_0101,2019,OK,C:\Users\jaswi\OneDrive\Desktop\ALL\SEM_7\project\jammalamadugu\new_obj\tamilnadu_pipeline\data\raw\nasapower\power_TNP_0101_2019.json,809.8,
2026-08-03 16:12:48,TNP_0101,2020,OK,C:\Users\jaswi\OneDrive\Desktop\ALL\SEM_7\project\jammalamadugu\new_obj\tamilnadu_pipeline\data\raw\nasapower\power_TNP_0101_2020.json,812.0,
2026-08-03 16:12:54,TNP_0101,2021,OK,C:\Users\jaswi\OneDrive\Desktop\ALL\SEM_7\project\jammalamadugu\new_obj\tamilnadu_pipeline\data\raw\nasapower\power_TNP_0101_2021.json,809.7,
2026-08-03 16:12:59,TNP_0101,2022,OK,C:\Users\jaswi\OneDrive\Desktop\ALL\SEM_7\project\jammalamadugu\new_obj\tamilnadu_pipeline\data\raw\nasapower\power_TNP_0101_2022.json,809.7,
2026-08-03 16:13:04,TNP_0101,2023,OK,C:\Users\jaswi\OneDrive\Desktop\ALL\SEM_7\project\jammalamadugu\new_obj\tamilnadu_pipeline\data\raw\nasapower\power_TNP_0101_2023.json,809.7,
2026-08-03 16:13:09,TNP_0101,2024,OK,C:\Users\jaswi\OneDrive\Desktop\ALL\SEM_7\project\jammalamadugu\new_obj\tamilnadu_pipeline\data\raw\nasapower\power_TNP_0101_2024.json,812.0,
2026-08-03 16:13:13,TNP_0101,2025,OK,C:\Users\jaswi\OneDrive\Desktop\ALL\SEM_7\project\jammalamadugu\new_obj\tamilnadu_pipeline\data\raw\nasapower\power_TNP_0101_2025.json,809.9,
2026-08-03 16:13:18,TNP_0102,2016,OK,C:\Users\jaswi\OneDrive\Desktop\ALL\SEM_7\project\jammalamadugu\new_obj\tamilnadu_pipeline\data\raw\nasapower\power_TNP_0102_2016.json,812.2,
2026-08-03 16:13:23,TNP_0102,2017,OK,C:\Users\jaswi\OneDrive\Desktop\ALL\SEM_7\project\jammalamadugu\new_obj\tamilnadu_pipeline\data\raw\nasapower\power_TNP_0102_2017.json,809.8,
2026-08-03 16:13:27,TNP_0102,2018,OK,C:\Users\jaswi\OneDrive\Desktop\ALL\SEM_7\project\jammalamadugu\new_obj\tamilnadu_pipeline\data\raw\nasapower\power_TNP_0102_2018.json,809.8,
2026-08-03 16:13:33,TNP_0102,2019,OK,C:\Users\jaswi\OneDrive\Desktop\ALL\SEM_7\project\jammalamadugu\new_obj\tamilnadu_pipeline\data\raw\nasapower\power_TNP_0102_2019.json,809.9,
2026-08-03 16:13:39,TNP_0102,2020,OK,C:\Users\jaswi\OneDrive\Desktop\ALL\SEM_7\project\jammalamadugu\new_obj\tamilnadu_pipeline\data\raw\nasapower\power_TNP_0102_2020.json,812.1,
2026-08-03 16:13:45,TNP_0102,2021,OK,C:\Users\jaswi\OneDrive\Desktop\ALL\SEM_7\project\jammalamadugu\new_obj\tamilnadu_pipeline\data\raw\nasapower\power_TNP_0102_2021.json,809.8,
2026-08-03 16:13:49,TNP_0102,2022,OK,C:\Users\jaswi\OneDrive\Desktop\ALL\SEM_7\project\jammalamadugu\new_obj\tamilnadu_pipeline\data\raw\nasapower\power_TNP_0102_2022.json,809.8,
2026-08-03 16:13:55,TNP_0102,2023,OK,C:\Users\jaswi\OneDrive\Desktop\ALL\SEM_7\project\jammalamadugu\new_obj\tamilnadu_pipeline\data\raw\nasapower\power_TNP_0102_2023.json,809.9,
2026-08-03 16:14:00,TNP_0102,2024,OK,C:\Users\jaswi\OneDrive\Desktop\ALL\SEM_7\project\jammalamadugu\new_obj\tamilnadu_pipeline\data\raw\nasapower\power_TNP_0102_2024.json,812.1,
2026-08-03 16:14:05,TNP_0102,2025,OK,C:\Users\jaswi\OneDrive\Desktop\ALL\SEM_7\project\jammalamadugu\new_obj\tamilnadu_pipeline\data\raw\nasapower\power_TNP_0102_2025.json,809.7,
2026-08-03 16:14:10,TNP_0103,2016,OK,C:\Users\jaswi\OneDrive\Desktop\ALL\SEM_7\project\jammalamadugu\new_obj\tamilnadu_pipeline\data\raw\nasapower\power_TNP_0103_2016.json,812.0,
2026-08-03 16:14:16,TNP_0103,2017,OK,C:\Users\jaswi\OneDrive\Desktop\ALL\SEM_7\project\jammalamadugu\new_obj\tamilnadu_pipeline\data\raw\nasapower\power_TNP_0103_2017.json,809.7,
2026-08-03 16:14:21,TNP_0103,2018,OK,C:\Users\jaswi\OneDrive\Desktop\ALL\SEM_7\project\jammalamadugu\new_obj\tamilnadu_pipeline\data\raw\nasapower\power_TNP_0103_2018.json,809.8,
2026-08-03 16:14:28,TNP_0103,2019,OK,C:\Users\jaswi\OneDrive\Desktop\ALL\SEM_7\project\jammalamadugu\new_obj\tamilnadu_pipeline\data\raw\nasapower\power_TNP_0103_2019.json,809.9,
2026-08-03 16:14:42,TNP_0103,2020,OK,C:\Users\jaswi\OneDrive\Desktop\ALL\SEM_7\project\jammalamadugu\new_obj\tamilnadu_pipeline\data\raw\nasapower\power_TNP_0103_2020.json,812.0,
2026-08-03 16:14:50,TNP_0103,2021,OK,C:\Users\jaswi\OneDrive\Desktop\ALL\SEM_7\project\jammalamadugu\new_obj\tamilnadu_pipeline\data\raw\nasapower\power_TNP_0103_2021.json,809.8,
2026-08-03 16:14:56,TNP_0103,2022,OK,C:\Users\jaswi\OneDrive\Desktop\ALL\SEM_7\project\jammalamadugu\new_obj\tamilnadu_pipeline\data\raw\nasapower\power_TNP_0103_2022.json,809.7,
2026-08-03 16:15:01,TNP_0103,2023,OK,C:\Users\jaswi\OneDrive\Desktop\ALL\SEM_7\project\jammalamadugu\new_obj\tamilnadu_pipeline\data\raw\nasapower\power_TNP_0103_2023.json,809.7,
2026-08-03 16:15:07,TNP_0103,2024,OK,C:\Users\jaswi\OneDrive\Desktop\ALL\SEM_7\project\jammalamadugu\new_obj\tamilnadu_pipeline\data\raw\nasapower\power_TNP_0103_2024.json,812.0,
2026-08-03 16:15:12,TNP_0103,2025,OK,C:\Users\jaswi\OneDrive\Desktop\ALL\SEM_7\project\jammalamadugu\new_obj\tamilnadu_pipeline\data\raw\nasapower\power_TNP_0103_2025.json,809.8,
2026-08-03 16:15:17,TNP_0104,2016,OK,C:\Users\jaswi\OneDrive\Desktop\ALL\SEM_7\project\jammalamadugu\new_obj\tamilnadu_pipeline\data\raw\nasapower\power_TNP_0104_2016.json,811.9,
2026-08-03 16:15:22,TNP_0104,2017,OK,C:\Users\jaswi\OneDrive\Desktop\ALL\SEM_7\project\jammalamadugu\new_obj\tamilnadu_pipeline\data\raw\nasapower\power_TNP_0104_2017.json,809.8,
2026-08-03 16:15:27,TNP_0104,2018,OK,C:\Users\jaswi\OneDrive\Desktop\ALL\SEM_7\project\jammalamadugu\new_obj\tamilnadu_pipeline\data\raw\nasapower\power_TNP_0104_2018.json,809.7,
2026-08-03 16:15:32,TNP_0104,2019,OK,C:\Users\jaswi\OneDrive\Desktop\ALL\SEM_7\project\jammalamadugu\new_obj\tamilnadu_pipeline\data\raw\nasapower\power_TNP_0104_2019.json,809.9,
2026-08-03 16:15:38,TNP_0104,2020,OK,C:\Users\jaswi\OneDrive\Desktop\ALL\SEM_7\project\jammalamadugu\new_obj\tamilnadu_pipeline\data\raw\nasapower\power_TNP_0104_2020.json,811.9,
2026-08-03 16:15:43,TNP_0104,2021,OK,C:\Users\jaswi\OneDrive\Desktop\ALL\SEM_7\project\jammalamadugu\new_obj\tamilnadu_pipeline\data\raw\nasapower\power_TNP_0104_2021.json,809.7,
2026-08-03 16:15:48,TNP_0104,2022,OK,C:\Users\jaswi\OneDrive\Desktop\ALL\SEM_7\project\jammalamadugu\new_obj\tamilnadu_pipeline\data\raw\nasapower\power_TNP_0104_2022.json,809.7,
2026-08-03 16:15:53,TNP_0104,2023,OK,C:\Users\jaswi\OneDrive\Desktop\ALL\SEM_7\project\jammalamadugu\new_obj\tamilnadu_pipeline\data\raw\nasapower\power_TNP_0104_2023.json,809.7,
2026-08-03 16:15:59,TNP_0104,2024,OK,C:\Users\jaswi\OneDrive\Desktop\ALL\SEM_7\project\jammalamadugu\new_obj\tamilnadu_pipeline\data\raw\nasapower\power_TNP_0104_2024.json,812.0,
2026-08-03 16:16:04,TNP_0104,2025,OK,C:\Users\jaswi\OneDrive\Desktop\ALL\SEM_7\project\jammalamadugu\new_obj\tamilnadu_pipeline\data\raw\nasapower\power_TNP_0104_2025.json,809.8,
2026-08-03 16:16:09,TNP_0105,2016,OK,C:\Users\jaswi\OneDrive\Desktop\ALL\SEM_7\project\jammalamadugu\new_obj\tamilnadu_pipeline\data\raw\nasapower\power_TNP_0105_2016.json,812.0,
2026-08-03 16:16:14,TNP_0105,2017,OK,C:\Users\jaswi\OneDrive\Desktop\ALL\SEM_7\project\jammalamadugu\new_obj\tamilnadu_pipeline\data\raw\nasapower\power_TNP_0105_2017.json,809.7,
2026-08-03 16:16:20,TNP_0105,2018,OK,C:\Users\jaswi\OneDrive\Desktop\ALL\SEM_7\project\jammalamadugu\new_obj\tamilnadu_pipeline\data\raw\nasapower\power_TNP_0105_2018.json,809.8,
2026-08-03 16:16:25,TNP_0105,2019,OK,C:\Users\jaswi\OneDrive\Desktop\ALL\SEM_7\project\jammalamadugu\new_obj\tamilnadu_pipeline\data\raw\nasapower\power_TNP_0105_2019.json,809.9,
2026-08-03 16:16:30,TNP_0105,2020,OK,C:\Users\jaswi\OneDrive\Desktop\ALL\SEM_7\project\jammalamadugu\new_obj\tamilnadu_pipeline\data\raw\nasapower\power_TNP_0105_2020.json,812.0,
2026-08-03 16:16:37,TNP_0105,2021,OK,C:\Users\jaswi\OneDrive\Desktop\ALL\SEM_7\project\jammalamadugu\new_obj\tamilnadu_pipeline\data\raw\nasapower\power_TNP_0105_2021.json,809.8,
2026-08-03 16:16:43,TNP_0105,2022,OK,C:\Users\jaswi\OneDrive\Desktop\ALL\SEM_7\project\jammalamadugu\new_obj\tamilnadu_pipeline\data\raw\nasapower\power_TNP_0105_2022.json,809.7,
2026-08-03 16:16:49,TNP_0105,2023,OK,C:\Users\jaswi\OneDrive\Desktop\ALL\SEM_7\project\jammalamadugu\new_obj\tamilnadu_pipeline\data\raw\nasapower\power_TNP_0105_2023.json,809.7,
2026-08-03 16:16:56,TNP_0105,2024,OK,C:\Users\jaswi\OneDrive\Desktop\ALL\SEM_7\project\jammalamadugu\new_obj\tamilnadu_pipeline\data\raw\nasapower\power_TNP_0105_2024.json,812.0,
2026-08-03 16:17:02,TNP_0105,2025,OK,C:\Users\jaswi\OneDrive\Desktop\ALL\SEM_7\project\jammalamadugu\new_obj\tamilnadu_pipeline\data\raw\nasapower\power_TNP_0105_2025.json,809.8,
2026-08-03 16:17:07,TNP_0106,2016,OK,C:\Users\jaswi\OneDrive\Desktop\ALL\SEM_7\project\jammalamadugu\new_obj\tamilnadu_pipeline\data\raw\nasapower\power_TNP_0106_2016.json,812.0,
2026-08-03 16:17:13,TNP_0106,2017,OK,C:\Users\jaswi\OneDrive\Desktop\ALL\SEM_7\project\jammalamadugu\new_obj\tamilnadu_pipeline\data\raw\nasapower\power_TNP_0106_2017.json,809.8,
2026-08-03 16:17:18,TNP_0106,2018,OK,C:\Users\jaswi\OneDrive\Desktop\ALL\SEM_7\project\jammalamadugu\new_obj\tamilnadu_pipeline\data\raw\nasapower\power_TNP_0106_2018.json,809.8,
2026-08-03 16:17:24,TNP_0106,2019,OK,C:\Users\jaswi\OneDrive\Desktop\ALL\SEM_7\project\jammalamadugu\new_obj\tamilnadu_pipeline\data\raw\nasapower\power_TNP_0106_2019.json,809.8,
2026-08-03 16:17:29,TNP_0106,2020,OK,C:\Users\jaswi\OneDrive\Desktop\ALL\SEM_7\project\jammalamadugu\new_obj\tamilnadu_pipeline\data\raw\nasapower\power_TNP_0106_2020.json,812.0,
2026-08-03 16:17:35,TNP_0106,2021,OK,C:\Users\jaswi\OneDrive\Desktop\ALL\SEM_7\project\jammalamadugu\new_obj\tamilnadu_pipeline\data\raw\nasapower\power_TNP_0106_2021.json,809.8,
2026-08-03 16:17:40,TNP_0106,2022,OK,C:\Users\jaswi\OneDrive\Desktop\ALL\SEM_7\project\jammalamadugu\new_obj\tamilnadu_pipeline\data\raw\nasapower\power_TNP_0106_2022.json,809.7,
2026-08-03 16:17:46,TNP_0106,2023,OK,C:\Users\jaswi\OneDrive\Desktop\ALL\SEM_7\project\jammalamadugu\new_obj\tamilnadu_pipeline\data\raw\nasapower\power_TNP_0106_2023.json,809.8,
2026-08-03 16:17:52,TNP_0106,2024,OK,C:\Users\jaswi\OneDrive\Desktop\ALL\SEM_7\project\jammalamadugu\new_obj\tamilnadu_pipeline\data\raw\nasapower\power_TNP_0106_2024.json,812.0,
2026-08-03 16:17:57,TNP_0106,2025,OK,C:\Users\jaswi\OneDrive\Desktop\ALL\SEM_7\project\jammalamadugu\new_obj\tamilnadu_pipeline\data\raw\nasapower\power_TNP_0106_2025.json,809.8,
2026-08-03 16:18:03,TNP_0107,2016,OK,C:\Users\jaswi\OneDrive\Desktop\ALL\SEM_7\project\jammalamadugu\new_obj\tamilnadu_pipeline\data\raw\nasapower\power_TNP_0107_2016.json,811.6,
2026-08-03 16:18:08,TNP_0107,2017,OK,C:\Users\jaswi\OneDrive\Desktop\ALL\SEM_7\project\jammalamadugu\new_obj\tamilnadu_pipeline\data\raw\nasapower\power_TNP_0107_2017.json,809.4,
2026-08-03 16:18:13,TNP_0107,2018,OK,C:\Users\jaswi\OneDrive\Desktop\ALL\SEM_7\project\jammalamadugu\new_obj\tamilnadu_pipeline\data\raw\nasapower\power_TNP_0107_2018.json,809.4,
2026-08-03 16:18:18,TNP_0107,2019,OK,C:\Users\jaswi\OneDrive\Desktop\ALL\SEM_7\project\jammalamadugu\new_obj\tamilnadu_pipeline\data\raw\nasapower\power_TNP_0107_2019.json,809.6,
2026-08-03 16:18:22,TNP_0107,2020,OK,C:\Users\jaswi\OneDrive\Desktop\ALL\SEM_7\project\jammalamadugu\new_obj\tamilnadu_pipeline\data\raw\nasapower\power_TNP_0107_2020.json,811.7,
2026-08-03 16:18:27,TNP_0107,2021,OK,C:\Users\jaswi\OneDrive\Desktop\ALL\SEM_7\project\jammalamadugu\new_obj\tamilnadu_pipeline\data\raw\nasapower\power_TNP_0107_2021.json,809.4,
2026-08-03 16:18:31,TNP_0107,2022,OK,C:\Users\jaswi\OneDrive\Desktop\ALL\SEM_7\project\jammalamadugu\new_obj\tamilnadu_pipeline\data\raw\nasapower\power_TNP_0107_2022.json,809.4,
2026-08-03 16:18:36,TNP_0107,2023,OK,C:\Users\jaswi\OneDrive\Desktop\ALL\SEM_7\project\jammalamadugu\new_obj\tamilnadu_pipeline\data\raw\nasapower\power_TNP_0107_2023.json,809.6,
2026-08-03 16:18:40,TNP_0107,2024,OK,C:\Users\jaswi\OneDrive\Desktop\ALL\SEM_7\project\jammalamadugu\new_obj\tamilnadu_pipeline\data\raw\nasapower\power_TNP_0107_2024.json,811.6,
2026-08-03 16:18:45,TNP_0107,2025,OK,C:\Users\jaswi\OneDrive\Desktop\ALL\SEM_7\project\jammalamadugu\new_obj\tamilnadu_pipeline\data\raw\nasapower\power_TNP_0107_2025.json,809.5,
2026-08-03 16:18:49,TNP_0108,2016,OK,C:\Users\jaswi\OneDrive\Desktop\ALL\SEM_7\project\jammalamadugu\new_obj\tamilnadu_pipeline\data\raw\nasapower\power_TNP_0108_2016.json,812.1,
2026-08-03 16:18:53,TNP_0108,2017,OK,C:\Users\jaswi\OneDrive\Desktop\ALL\SEM_7\project\jammalamadugu\new_obj\tamilnadu_pipeline\data\raw\nasapower\power_TNP_0108_2017.json,809.9,
2026-08-03 16:18:57,TNP_0108,2018,OK,C:\Users\jaswi\OneDrive\Desktop\ALL\SEM_7\project\jammalamadugu\new_obj\tamilnadu_pipeline\data\raw\nasapower\power_TNP_0108_2018.json,809.9,
2026-08-03 16:19:01,TNP_0108,2019,OK,C:\Users\jaswi\OneDrive\Desktop\ALL\SEM_7\project\jammalamadugu\new_obj\tamilnadu_pipeline\data\raw\nasapower\power_TNP_0108_2019.json,809.9,
2026-08-03 16:19:05,TNP_0108,2020,OK,C:\Users\jaswi\OneDrive\Desktop\ALL\SEM_7\project\jammalamadugu\new_obj\tamilnadu_pipeline\data\raw\nasapower\power_TNP_0108_2020.json,812.0,
2026-08-03 16:19:09,TNP_0108,2021,OK,C:\Users\jaswi\OneDrive\Desktop\ALL\SEM_7\project\jammalamadugu\new_obj\tamilnadu_pipeline\data\raw\nasapower\power_TNP_0108_2021.json,809.9,
2026-08-03 16:19:13,TNP_0108,2022,OK,C:\Users\jaswi\OneDrive\Desktop\ALL\SEM_7\project\jammalamadugu\new_obj\tamilnadu_pipeline\data\raw\nasapower\power_TNP_0108_2022.json,809.8,
2026-08-03 16:19:18,TNP_0108,2023,OK,C:\Users\jaswi\OneDrive\Desktop\ALL\SEM_7\project\jammalamadugu\new_obj\tamilnadu_pipeline\data\raw\nasapower\power_TNP_0108_2023.json,809.9,
2026-08-03 16:19:22,TNP_0108,2024,OK,C:\Users\jaswi\OneDrive\Desktop\ALL\SEM_7\project\jammalamadugu\new_obj\tamilnadu_pipeline\data\raw\nasapower\power_TNP_0108_2024.json,812.1,
2026-08-03 16:19:26,TNP_0108,2025,OK,C:\Users\jaswi\OneDrive\Desktop\ALL\SEM_7\project\jammalamadugu\new_obj\tamilnadu_pipeline\data\raw\nasapower\power_TNP_0108_2025.json,809.8,
2026-08-03 16:19:31,TNP_0109,2016,OK,C:\Users\jaswi\OneDrive\Desktop\ALL\SEM_7\project\jammalamadugu\new_obj\tamilnadu_pipeline\data\raw\nasapower\power_TNP_0109_2016.json,812.0,
2026-08-03 16:19:35,TNP_0109,2017,OK,C:\Users\jaswi\OneDrive\Desktop\ALL\SEM_7\project\jammalamadugu\new_obj\tamilnadu_pipeline\data\raw\nasapower\power_TNP_0109_2017.json,809.8,
2026-08-03 16:19:39,TNP_0109,2018,OK,C:\Users\jaswi\OneDrive\Desktop\ALL\SEM_7\project\jammalamadugu\new_obj\tamilnadu_pipeline\data\raw\nasapower\power_TNP_0109_2018.json,809.8,
2026-08-03 16:19:42,TNP_0109,2019,OK,C:\Users\jaswi\OneDrive\Desktop\ALL\SEM_7\project\jammalamadugu\new_obj\tamilnadu_pipeline\data\raw\nasapower\power_TNP_0109_2019.json,809.8,
2026-08-03 16:19:47,TNP_0109,2020,OK,C:\Users\jaswi\OneDrive\Desktop\ALL\SEM_7\project\jammalamadugu\new_obj\tamilnadu_pipeline\data\raw\nasapower\power_TNP_0109_2020.json,812.1,
2026-08-03 16:19:51,TNP_0109,2021,OK,C:\Users\jaswi\OneDrive\Desktop\ALL\SEM_7\project\jammalamadugu\new_obj\tamilnadu_pipeline\data\raw\nasapower\power_TNP_0109_2021.json,809.7,
2026-08-03 16:19:55,TNP_0109,2022,OK,C:\Users\jaswi\OneDrive\Desktop\ALL\SEM_7\project\jammalamadugu\new_obj\tamilnadu_pipeline\data\raw\nasapower\power_TNP_0109_2022.json,809.6,
2026-08-03 16:19:59,TNP_0109,2023,OK,C:\Users\jaswi\OneDrive\Desktop\ALL\SEM_7\project\jammalamadugu\new_obj\tamilnadu_pipeline\data\raw\nasapower\power_TNP_0109_2023.json,809.7,
2026-08-03 16:20:04,TNP_0109,2024,OK,C:\Users\jaswi\OneDrive\Desktop\ALL\SEM_7\project\jammalamadugu\new_obj\tamilnadu_pipeline\data\raw\nasapower\power_TNP_0109_2024.json,812.0,
2026-08-03 16:20:09,TNP_0109,2025,OK,C:\Users\jaswi\OneDrive\Desktop\ALL\SEM_7\project\jammalamadugu\new_obj\tamilnadu_pipeline\data\raw\nasapower\power_TNP_0109_2025.json,809.7,
2026-08-03 16:20:13,TNP_0110,2016,OK,C:\Users\jaswi\OneDrive\Desktop\ALL\SEM_7\project\jammalamadugu\new_obj\tamilnadu_pipeline\data\raw\nasapower\power_TNP_0110_2016.json,811.9,
2026-08-03 16:20:17,TNP_0110,2017,OK,C:\Users\jaswi\OneDrive\Desktop\ALL\SEM_7\project\jammalamadugu\new_obj\tamilnadu_pipeline\data\raw\nasapower\power_TNP_0110_2017.json,809.8,
2026-08-03 16:20:21,TNP_0110,2018,OK,C:\Users\jaswi\OneDrive\Desktop\ALL\SEM_7\project\jammalamadugu\new_obj\tamilnadu_pipeline\data\raw\nasapower\power_TNP_0110_2018.json,809.8,
2026-08-03 16:20:25,TNP_0110,2019,OK,C:\Users\jaswi\OneDrive\Desktop\ALL\SEM_7\project\jammalamadugu\new_obj\tamilnadu_pipeline\data\raw\nasapower\power_TNP_0110_2019.json,809.9,
2026-08-03 16:20:30,TNP_0110,2020,OK,C:\Users\jaswi\OneDrive\Desktop\ALL\SEM_7\project\jammalamadugu\new_obj\tamilnadu_pipeline\data\raw\nasapower\power_TNP_0110_2020.json,812.0,
2026-08-03 16:20:34,TNP_0110,2021,OK,C:\Users\jaswi\OneDrive\Desktop\ALL\SEM_7\project\jammalamadugu\new_obj\tamilnadu_pipeline\data\raw\nasapower\power_TNP_0110_2021.json,809.8,
2026-08-03 16:20:38,TNP_0110,2022,OK,C:\Users\jaswi\OneDrive\Desktop\ALL\SEM_7\project\jammalamadugu\new_obj\tamilnadu_pipeline\data\raw\nasapower\power_TNP_0110_2022.json,809.7,
2026-08-03 16:20:43,TNP_0110,2023,OK,C:\Users\jaswi\OneDrive\Desktop\ALL\SEM_7\project\jammalamadugu\new_obj\tamilnadu_pipeline\data\raw\nasapower\power_TNP_0110_2023.json,809.9,
2026-08-03 16:20:47,TNP_0110,2024,OK,C:\Users\jaswi\OneDrive\Desktop\ALL\SEM_7\project\jammalamadugu\new_obj\tamilnadu_pipeline\data\raw\nasapower\power_TNP_0110_2024.json,812.0,
2026-08-03 16:20:51,TNP_0110,2025,OK,C:\Users\jaswi\OneDrive\Desktop\ALL\SEM_7\project\jammalamadugu\new_obj\tamilnadu_pipeline\data\raw\nasapower\power_TNP_0110_2025.json,809.8,
2026-08-03 16:20:55,TNP_0111,2016,OK,C:\Users\jaswi\OneDrive\Desktop\ALL\SEM_7\project\jammalamadugu\new_obj\tamilnadu_pipeline\data\raw\nasapower\power_TNP_0111_2016.json,811.9,
2026-08-03 16:21:00,TNP_0111,2017,OK,C:\Users\jaswi\OneDrive\Desktop\ALL\SEM_7\project\jammalamadugu\new_obj\tamilnadu_pipeline\data\raw\nasapower\power_TNP_0111_2017.json,809.7,
2026-08-03 16:21:05,TNP_0111,2018,OK,C:\Users\jaswi\OneDrive\Desktop\ALL\SEM_7\project\jammalamadugu\new_obj\tamilnadu_pipeline\data\raw\nasapower\power_TNP_0111_2018.json,809.8,
2026-08-03 16:21:09,TNP_0111,2019,OK,C:\Users\jaswi\OneDrive\Desktop\ALL\SEM_7\project\jammalamadugu\new_obj\tamilnadu_pipeline\data\raw\nasapower\power_TNP_0111_2019.json,809.8,
2026-08-03 16:21:14,TNP_0111,2020,OK,C:\Users\jaswi\OneDrive\Desktop\ALL\SEM_7\project\jammalamadugu\new_obj\tamilnadu_pipeline\data\raw\nasapower\power_TNP_0111_2020.json,812.0,
2026-08-03 16:21:19,TNP_0111,2021,OK,C:\Users\jaswi\OneDrive\Desktop\ALL\SEM_7\project\jammalamadugu\new_obj\tamilnadu_pipeline\data\raw\nasapower\power_TNP_0111_2021.json,809.7,
2026-08-03 16:21:24,TNP_0111,2022,OK,C:\Users\jaswi\OneDrive\Desktop\ALL\SEM_7\project\jammalamadugu\new_obj\tamilnadu_pipeline\data\raw\nasapower\power_TNP_0111_2022.json,809.7,
2026-08-03 16:21:27,TNP_0111,2023,OK,C:\Users\jaswi\OneDrive\Desktop\ALL\SEM_7\project\jammalamadugu\new_obj\tamilnadu_pipeline\data\raw\nasapower\power_TNP_0111_2023.json,809.7,
2026-08-03 16:21:32,TNP_0111,2024,OK,C:\Users\jaswi\OneDrive\Desktop\ALL\SEM_7\project\jammalamadugu\new_obj\tamilnadu_pipeline\data\raw\nasapower\power_TNP_0111_2024.json,812.0,
2026-08-03 16:21:36,TNP_0111,2025,OK,C:\Users\jaswi\OneDrive\Desktop\ALL\SEM_7\project\jammalamadugu\new_obj\tamilnadu_pipeline\data\raw\nasapower\power_TNP_0111_2025.json,809.9,
2026-08-03 16:21:40,TNP_0112,2016,OK,C:\Users\jaswi\OneDrive\Desktop\ALL\SEM_7\project\jammalamadugu\new_obj\tamilnadu_pipeline\data\raw\nasapower\power_TNP_0112_2016.json,812.0,
2026-08-03 16:21:46,TNP_0112,2017,OK,C:\Users\jaswi\OneDrive\Desktop\ALL\SEM_7\project\jammalamadugu\new_obj\tamilnadu_pipeline\data\raw\nasapower\power_TNP_0112_2017.json,809.6,
2026-08-03 16:21:51,TNP_0112,2018,OK,C:\Users\jaswi\OneDrive\Desktop\ALL\SEM_7\project\jammalamadugu\new_obj\tamilnadu_pipeline\data\raw\nasapower\power_TNP_0112_2018.json,809.8,
2026-08-03 16:21:56,TNP_0112,2019,OK,C:\Users\jaswi\OneDrive\Desktop\ALL\SEM_7\project\jammalamadugu\new_obj\tamilnadu_pipeline\data\raw\nasapower\power_TNP_0112_2019.json,809.8,
2026-08-03 16:22:01,TNP_0112,2020,OK,C:\Users\jaswi\OneDrive\Desktop\ALL\SEM_7\project\jammalamadugu\new_obj\tamilnadu_pipeline\data\raw\nasapower\power_TNP_0112_2020.json,812.1,
2026-08-03 16:22:06,TNP_0112,2021,OK,C:\Users\jaswi\OneDrive\Desktop\ALL\SEM_7\project\jammalamadugu\new_obj\tamilnadu_pipeline\data\raw\nasapower\power_TNP_0112_2021.json,809.7,
2026-08-03 16:22:11,TNP_0112,2022,OK,C:\Users\jaswi\OneDrive\Desktop\ALL\SEM_7\project\jammalamadugu\new_obj\tamilnadu_pipeline\data\raw\nasapower\power_TNP_0112_2022.json,809.6,
2026-08-03 16:22:16,TNP_0112,2023,OK,C:\Users\jaswi\OneDrive\Desktop\ALL\SEM_7\project\jammalamadugu\new_obj\tamilnadu_pipeline\data\raw\nasapower\power_TNP_0112_2023.json,809.8,
2026-08-03 16:22:21,TNP_0112,2024,OK,C:\Users\jaswi\OneDrive\Desktop\ALL\SEM_7\project\jammalamadugu\new_obj\tamilnadu_pipeline\data\raw\nasapower\power_TNP_0112_2024.json,812.0,
2026-08-03 16:22:25,TNP_0112,2025,OK,C:\Users\jaswi\OneDrive\Desktop\ALL\SEM_7\project\jammalamadugu\new_obj\tamilnadu_pipeline\data\raw\nasapower\power_TNP_0112_2025.json,809.6,
2026-08-03 16:22:30,TNP_0113,2016,OK,C:\Users\jaswi\OneDrive\Desktop\ALL\SEM_7\project\jammalamadugu\new_obj\tamilnadu_pipeline\data\raw\nasapower\power_TNP_0113_2016.json,812.1,
2026-08-03 16:22:37,TNP_0113,2017,OK,C:\Users\jaswi\OneDrive\Desktop\ALL\SEM_7\project\jammalamadugu\new_obj\tamilnadu_pipeline\data\raw\nasapower\power_TNP_0113_2017.json,809.9,
2026-08-03 16:22:42,TNP_0113,2018,OK,C:\Users\jaswi\OneDrive\Desktop\ALL\SEM_7\project\jammalamadugu\new_obj\tamilnadu_pipeline\data\raw\nasapower\power_TNP_0113_2018.json,809.9,
2026-08-03 16:22:47,TNP_0113,2019,OK,C:\Users\jaswi\OneDrive\Desktop\ALL\SEM_7\project\jammalamadugu\new_obj\tamilnadu_pipeline\data\raw\nasapower\power_TNP_0113_2019.json,809.9,
2026-08-03 16:22:52,TNP_0113,2020,OK,C:\Users\jaswi\OneDrive\Desktop\ALL\SEM_7\project\jammalamadugu\new_obj\tamilnadu_pipeline\data\raw\nasapower\power_TNP_0113_2020.json,812.0,
2026-08-03 16:22:56,TNP_0113,2021,OK,C:\Users\jaswi\OneDrive\Desktop\ALL\SEM_7\project\jammalamadugu\new_obj\tamilnadu_pipeline\data\raw\nasapower\power_TNP_0113_2021.json,809.9,
2026-08-03 16:23:00,TNP_0113,2022,OK,C:\Users\jaswi\OneDrive\Desktop\ALL\SEM_7\project\jammalamadugu\new_obj\tamilnadu_pipeline\data\raw\nasapower\power_TNP_0113_2022.json,809.8,
2026-08-03 16:23:05,TNP_0113,2023,OK,C:\Users\jaswi\OneDrive\Desktop\ALL\SEM_7\project\jammalamadugu\new_obj\tamilnadu_pipeline\data\raw\nasapower\power_TNP_0113_2023.json,809.9,
2026-08-03 16:23:09,TNP_0113,2024,OK,C:\Users\jaswi\OneDrive\Desktop\ALL\SEM_7\project\jammalamadugu\new_obj\tamilnadu_pipeline\data\raw\nasapower\power_TNP_0113_2024.json,812.1,
2026-08-03 16:23:13,TNP_0113,2025,OK,C:\Users\jaswi\OneDrive\Desktop\ALL\SEM_7\project\jammalamadugu\new_obj\tamilnadu_pipeline\data\raw\nasapower\power_TNP_0113_2025.json,809.8,
2026-08-03 16:23:17,TNP_0114,2016,OK,C:\Users\jaswi\OneDrive\Desktop\ALL\SEM_7\project\jammalamadugu\new_obj\tamilnadu_pipeline\data\raw\nasapower\power_TNP_0114_2016.json,811.9,
2026-08-03 16:23:21,TNP_0114,2017,OK,C:\Users\jaswi\OneDrive\Desktop\ALL\SEM_7\project\jammalamadugu\new_obj\tamilnadu_pipeline\data\raw\nasapower\power_TNP_0114_2017.json,809.6,
2026-08-03 16:23:26,TNP_0114,2018,OK,C:\Users\jaswi\OneDrive\Desktop\ALL\SEM_7\project\jammalamadugu\new_obj\tamilnadu_pipeline\data\raw\nasapower\power_TNP_0114_2018.json,809.6,
2026-08-03 16:23:30,TNP_0114,2019,OK,C:\Users\jaswi\OneDrive\Desktop\ALL\SEM_7\project\jammalamadugu\new_obj\tamilnadu_pipeline\data\raw\nasapower\power_TNP_0114_2019.json,809.8,
2026-08-03 16:23:34,TNP_0114,2020,OK,C:\Users\jaswi\OneDrive\Desktop\ALL\SEM_7\project\jammalamadugu\new_obj\tamilnadu_pipeline\data\raw\nasapower\power_TNP_0114_2020.json,812.0,
2026-08-03 16:23:38,TNP_0114,2021,OK,C:\Users\jaswi\OneDrive\Desktop\ALL\SEM_7\project\jammalamadugu\new_obj\tamilnadu_pipeline\data\raw\nasapower\power_TNP_0114_2021.json,809.6,
2026-08-03 16:23:42,TNP_0114,2022,OK,C:\Users\jaswi\OneDrive\Desktop\ALL\SEM_7\project\jammalamadugu\new_obj\tamilnadu_pipeline\data\raw\nasapower\power_TNP_0114_2022.json,809.5,
2026-08-03 16:23:47,TNP_0114,2023,OK,C:\Users\jaswi\OneDrive\Desktop\ALL\SEM_7\project\jammalamadugu\new_obj\tamilnadu_pipeline\data\raw\nasapower\power_TNP_0114_2023.json,809.6,
2026-08-03 16:23:50,TNP_0114,2024,OK,C:\Users\jaswi\OneDrive\Desktop\ALL\SEM_7\project\jammalamadugu\new_obj\tamilnadu_pipeline\data\raw\nasapower\power_TNP_0114_2024.json,811.9,
2026-08-03 16:23:55,TNP_0114,2025,OK,C:\Users\jaswi\OneDrive\Desktop\ALL\SEM_7\project\jammalamadugu\new_obj\tamilnadu_pipeline\data\raw\nasapower\power_TNP_0114_2025.json,809.4,
2026-08-03 16:23:59,TNP_0115,2016,OK,C:\Users\jaswi\OneDrive\Desktop\ALL\SEM_7\project\jammalamadugu\new_obj\tamilnadu_pipeline\data\raw\nasapower\power_TNP_0115_2016.json,811.9,
2026-08-03 16:24:04,TNP_0115,2017,OK,C:\Users\jaswi\OneDrive\Desktop\ALL\SEM_7\project\jammalamadugu\new_obj\tamilnadu_pipeline\data\raw\nasapower\power_TNP_0115_2017.json,809.7,
2026-08-03 16:24:07,TNP_0115,2018,OK,C:\Users\jaswi\OneDrive\Desktop\ALL\SEM_7\project\jammalamadugu\new_obj\tamilnadu_pipeline\data\raw\nasapower\power_TNP_0115_2018.json,809.8,
2026-08-03 16:24:12,TNP_0115,2019,OK,C:\Users\jaswi\OneDrive\Desktop\ALL\SEM_7\project\jammalamadugu\new_obj\tamilnadu_pipeline\data\raw\nasapower\power_TNP_0115_2019.json,809.9,
2026-08-03 16:24:16,TNP_0115,2020,OK,C:\Users\jaswi\OneDrive\Desktop\ALL\SEM_7\project\jammalamadugu\new_obj\tamilnadu_pipeline\data\raw\nasapower\power_TNP_0115_2020.json,812.0,
2026-08-03 16:24:20,TNP_0115,2021,OK,C:\Users\jaswi\OneDrive\Desktop\ALL\SEM_7\project\jammalamadugu\new_obj\tamilnadu_pipeline\data\raw\nasapower\power_TNP_0115_2021.json,809.8,
2026-08-03 16:24:25,TNP_0115,2022,OK,C:\Users\jaswi\OneDrive\Desktop\ALL\SEM_7\project\jammalamadugu\new_obj\tamilnadu_pipeline\data\raw\nasapower\power_TNP_0115_2022.json,809.8,
2026-08-03 16:24:28,TNP_0115,2023,OK,C:\Users\jaswi\OneDrive\Desktop\ALL\SEM_7\project\jammalamadugu\new_obj\tamilnadu_pipeline\data\raw\nasapower\power_TNP_0115_2023.json,809.7,
2026-08-03 16:24:33,TNP_0115,2024,OK,C:\Users\jaswi\OneDrive\Desktop\ALL\SEM_7\project\jammalamadugu\new_obj\tamilnadu_pipeline\data\raw\nasapower\power_TNP_0115_2024.json,812.0,
2026-08-03 16:24:37,TNP_0115,2025,OK,C:\Users\jaswi\OneDrive\Desktop\ALL\SEM_7\project\jammalamadugu\new_obj\tamilnadu_pipeline\data\raw\nasapower\power_TNP_0115_2025.json,809.7,
2026-08-03 16:24:42,TNP_0116,2016,OK,C:\Users\jaswi\OneDrive\Desktop\ALL\SEM_7\project\jammalamadugu\new_obj\tamilnadu_pipeline\data\raw\nasapower\power_TNP_0116_2016.json,812.0,
2026-08-03 16:24:47,TNP_0116,2017,OK,C:\Users\jaswi\OneDrive\Desktop\ALL\SEM_7\project\jammalamadugu\new_obj\tamilnadu_pipeline\data\raw\nasapower\power_TNP_0116_2017.json,809.9,
2026-08-03 16:24:51,TNP_0116,2018,OK,C:\Users\jaswi\OneDrive\Desktop\ALL\SEM_7\project\jammalamadugu\new_obj\tamilnadu_pipeline\data\raw\nasapower\power_TNP_0116_2018.json,809.8,
2026-08-03 16:24:56,TNP_0116,2019,OK,C:\Users\jaswi\OneDrive\Desktop\ALL\SEM_7\project\jammalamadugu\new_obj\tamilnadu_pipeline\data\raw\nasapower\power_TNP_0116_2019.json,809.8,
2026-08-03 16:25:01,TNP_0116,2020,OK,C:\Users\jaswi\OneDrive\Desktop\ALL\SEM_7\project\jammalamadugu\new_obj\tamilnadu_pipeline\data\raw\nasapower\power_TNP_0116_2020.json,812.0,
2026-08-03 16:25:05,TNP_0116,2021,OK,C:\Users\jaswi\OneDrive\Desktop\ALL\SEM_7\project\jammalamadugu\new_obj\tamilnadu_pipeline\data\raw\nasapower\power_TNP_0116_2021.json,809.8,
2026-08-03 16:25:10,TNP_0116,2022,OK,C:\Users\jaswi\OneDrive\Desktop\ALL\SEM_7\project\jammalamadugu\new_obj\tamilnadu_pipeline\data\raw\nasapower\power_TNP_0116_2022.json,809.8,
2026-08-03 16:25:14,TNP_0116,2023,OK,C:\Users\jaswi\OneDrive\Desktop\ALL\SEM_7\project\jammalamadugu\new_obj\tamilnadu_pipeline\data\raw\nasapower\power_TNP_0116_2023.json,809.8,
2026-08-03 16:25:19,TNP_0116,2024,OK,C:\Users\jaswi\OneDrive\Desktop\ALL\SEM_7\project\jammalamadugu\new_obj\tamilnadu_pipeline\data\raw\nasapower\power_TNP_0116_2024.json,812.0,
2026-08-03 16:25:23,TNP_0116,2025,OK,C:\Users\jaswi\OneDrive\Desktop\ALL\SEM_7\project\jammalamadugu\new_obj\tamilnadu_pipeline\data\raw\nasapower\power_TNP_0116_2025.json,809.9,
2026-08-03 16:25:27,TNP_0117,2016,OK,C:\Users\jaswi\OneDrive\Desktop\ALL\SEM_7\project\jammalamadugu\new_obj\tamilnadu_pipeline\data\raw\nasapower\power_TNP_0117_2016.json,812.2,
2026-08-03 16:25:31,TNP_0117,2017,OK,C:\Users\jaswi\OneDrive\Desktop\ALL\SEM_7\project\jammalamadugu\new_obj\tamilnadu_pipeline\data\raw\nasapower\power_TNP_0117_2017.json,809.8,
2026-08-03 16:25:36,TNP_0117,2018,OK,C:\Users\jaswi\OneDrive\Desktop\ALL\SEM_7\project\jammalamadugu\new_obj\tamilnadu_pipeline\data\raw\nasapower\power_TNP_0117_2018.json,809.8,
2026-08-03 16:25:40,TNP_0117,2019,OK,C:\Users\jaswi\OneDrive\Desktop\ALL\SEM_7\project\jammalamadugu\new_obj\tamilnadu_pipeline\data\raw\nasapower\power_TNP_0117_2019.json,809.9,
2026-08-03 16:25:44,TNP_0117,2020,OK,C:\Users\jaswi\OneDrive\Desktop\ALL\SEM_7\project\jammalamadugu\new_obj\tamilnadu_pipeline\data\raw\nasapower\power_TNP_0117_2020.json,812.1,
2026-08-03 16:25:49,TNP_0117,2021,OK,C:\Users\jaswi\OneDrive\Desktop\ALL\SEM_7\project\jammalamadugu\new_obj\tamilnadu_pipeline\data\raw\nasapower\power_TNP_0117_2021.json,809.8,
2026-08-03 16:25:54,TNP_0117,2022,OK,C:\Users\jaswi\OneDrive\Desktop\ALL\SEM_7\project\jammalamadugu\new_obj\tamilnadu_pipeline\data\raw\nasapower\power_TNP_0117_2022.json,809.8,
2026-08-03 16:26:00,TNP_0117,2023,OK,C:\Users\jaswi\OneDrive\Desktop\ALL\SEM_7\project\jammalamadugu\new_obj\tamilnadu_pipeline\data\raw\nasapower\power_TNP_0117_2023.json,809.9,
2026-08-03 16:26:05,TNP_0117,2024,OK,C:\Users\jaswi\OneDrive\Desktop\ALL\SEM_7\project\jammalamadugu\new_obj\tamilnadu_pipeline\data\raw\nasapower\power_TNP_0117_2024.json,812.1,
2026-08-03 16:26:10,TNP_0117,2025,OK,C:\Users\jaswi\OneDrive\Desktop\ALL\SEM_7\project\jammalamadugu\new_obj\tamilnadu_pipeline\data\raw\nasapower\power_TNP_0117_2025.json,809.7,
2026-08-03 16:26:15,TNP_0118,2016,OK,C:\Users\jaswi\OneDrive\Desktop\ALL\SEM_7\project\jammalamadugu\new_obj\tamilnadu_pipeline\data\raw\nasapower\power_TNP_0118_2016.json,812.1,
2026-08-03 16:26:20,TNP_0118,2017,OK,C:\Users\jaswi\OneDrive\Desktop\ALL\SEM_7\project\jammalamadugu\new_obj\tamilnadu_pipeline\data\raw\nasapower\power_TNP_0118_2017.json,809.8,
2026-08-03 16:26:26,TNP_0118,2018,OK,C:\Users\jaswi\OneDrive\Desktop\ALL\SEM_7\project\jammalamadugu\new_obj\tamilnadu_pipeline\data\raw\nasapower\power_TNP_0118_2018.json,809.6,
2026-08-03 16:26:31,TNP_0118,2019,OK,C:\Users\jaswi\OneDrive\Desktop\ALL\SEM_7\project\jammalamadugu\new_obj\tamilnadu_pipeline\data\raw\nasapower\power_TNP_0118_2019.json,809.8,
2026-08-03 16:26:37,TNP_0118,2020,OK,C:\Users\jaswi\OneDrive\Desktop\ALL\SEM_7\project\jammalamadugu\new_obj\tamilnadu_pipeline\data\raw\nasapower\power_TNP_0118_2020.json,812.1,
2026-08-03 16:26:42,TNP_0118,2021,OK,C:\Users\jaswi\OneDrive\Desktop\ALL\SEM_7\project\jammalamadugu\new_obj\tamilnadu_pipeline\data\raw\nasapower\power_TNP_0118_2021.json,809.8,
2026-08-03 16:26:47,TNP_0118,2022,OK,C:\Users\jaswi\OneDrive\Desktop\ALL\SEM_7\project\jammalamadugu\new_obj\tamilnadu_pipeline\data\raw\nasapower\power_TNP_0118_2022.json,809.8,
2026-08-03 16:26:54,TNP_0118,2023,OK,C:\Users\jaswi\OneDrive\Desktop\ALL\SEM_7\project\jammalamadugu\new_obj\tamilnadu_pipeline\data\raw\nasapower\power_TNP_0118_2023.json,810.0,
2026-08-03 16:27:00,TNP_0118,2024,OK,C:\Users\jaswi\OneDrive\Desktop\ALL\SEM_7\project\jammalamadugu\new_obj\tamilnadu_pipeline\data\raw\nasapower\power_TNP_0118_2024.json,812.0,
2026-08-03 16:27:05,TNP_0118,2025,OK,C:\Users\jaswi\OneDrive\Desktop\ALL\SEM_7\project\jammalamadugu\new_obj\tamilnadu_pipeline\data\raw\nasapower\power_TNP_0118_2025.json,809.7,
2026-08-03 16:27:11,TNP_0119,2016,OK,C:\Users\jaswi\OneDrive\Desktop\ALL\SEM_7\project\jammalamadugu\new_obj\tamilnadu_pipeline\data\raw\nasapower\power_TNP_0119_2016.json,811.9,
2026-08-03 16:27:18,TNP_0119,2017,OK,C:\Users\jaswi\OneDrive\Desktop\ALL\SEM_7\project\jammalamadugu\new_obj\tamilnadu_pipeline\data\raw\nasapower\power_TNP_0119_2017.json,809.6,
2026-08-03 16:27:23,TNP_0119,2018,OK,C:\Users\jaswi\OneDrive\Desktop\ALL\SEM_7\project\jammalamadugu\new_obj\tamilnadu_pipeline\data\raw\nasapower\power_TNP_0119_2018.json,809.7,
2026-08-03 16:27:27,TNP_0119,2019,OK,C:\Users\jaswi\OneDrive\Desktop\ALL\SEM_7\project\jammalamadugu\new_obj\tamilnadu_pipeline\data\raw\nasapower\power_TNP_0119_2019.json,809.8,
2026-08-03 16:27:33,TNP_0119,2020,OK,C:\Users\jaswi\OneDrive\Desktop\ALL\SEM_7\project\jammalamadugu\new_obj\tamilnadu_pipeline\data\raw\nasapower\power_TNP_0119_2020.json,811.9,
2026-08-03 16:27:39,TNP_0119,2021,OK,C:\Users\jaswi\OneDrive\Desktop\ALL\SEM_7\project\jammalamadugu\new_obj\tamilnadu_pipeline\data\raw\nasapower\power_TNP_0119_2021.json,809.7,
2026-08-03 16:27:44,TNP_0119,2022,OK,C:\Users\jaswi\OneDrive\Desktop\ALL\SEM_7\project\jammalamadugu\new_obj\tamilnadu_pipeline\data\raw\nasapower\power_TNP_0119_2022.json,809.6,
2026-08-03 16:27:49,TNP_0119,2023,OK,C:\Users\jaswi\OneDrive\Desktop\ALL\SEM_7\project\jammalamadugu\new_obj\tamilnadu_pipeline\data\raw\nasapower\power_TNP_0119_2023.json,809.6,
2026-08-03 16:27:54,TNP_0119,2024,OK,C:\Users\jaswi\OneDrive\Desktop\ALL\SEM_7\project\jammalamadugu\new_obj\tamilnadu_pipeline\data\raw\nasapower\power_TNP_0119_2024.json,811.8,
2026-08-03 16:27:58,TNP_0119,2025,OK,C:\Users\jaswi\OneDrive\Desktop\ALL\SEM_7\project\jammalamadugu\new_obj\tamilnadu_pipeline\data\raw\nasapower\power_TNP_0119_2025.json,809.6,
2026-08-03 16:28:03,TNP_0120,2016,OK,C:\Users\jaswi\OneDrive\Desktop\ALL\SEM_7\project\jammalamadugu\new_obj\tamilnadu_pipeline\data\raw\nasapower\power_TNP_0120_2016.json,812.1,
2026-08-03 16:28:08,TNP_0120,2017,OK,C:\Users\jaswi\OneDrive\Desktop\ALL\SEM_7\project\jammalamadugu\new_obj\tamilnadu_pipeline\data\raw\nasapower\power_TNP_0120_2017.json,809.9,
2026-08-03 16:28:14,TNP_0120,2018,OK,C:\Users\jaswi\OneDrive\Desktop\ALL\SEM_7\project\jammalamadugu\new_obj\tamilnadu_pipeline\data\raw\nasapower\power_TNP_0120_2018.json,809.8,
2026-08-03 16:28:19,TNP_0120,2019,OK,C:\Users\jaswi\OneDrive\Desktop\ALL\SEM_7\project\jammalamadugu\new_obj\tamilnadu_pipeline\data\raw\nasapower\power_TNP_0120_2019.json,809.9,
2026-08-03 16:28:25,TNP_0120,2020,OK,C:\Users\jaswi\OneDrive\Desktop\ALL\SEM_7\project\jammalamadugu\new_obj\tamilnadu_pipeline\data\raw\nasapower\power_TNP_0120_2020.json,812.1,
2026-08-03 16:28:31,TNP_0120,2021,OK,C:\Users\jaswi\OneDrive\Desktop\ALL\SEM_7\project\jammalamadugu\new_obj\tamilnadu_pipeline\data\raw\nasapower\power_TNP_0120_2021.json,809.9,
2026-08-03 16:28:36,TNP_0120,2022,OK,C:\Users\jaswi\OneDrive\Desktop\ALL\SEM_7\project\jammalamadugu\new_obj\tamilnadu_pipeline\data\raw\nasapower\power_TNP_0120_2022.json,809.8,
2026-08-03 16:28:41,TNP_0120,2023,OK,C:\Users\jaswi\OneDrive\Desktop\ALL\SEM_7\project\jammalamadugu\new_obj\tamilnadu_pipeline\data\raw\nasapower\power_TNP_0120_2023.json,809.9,
2026-08-03 16:28:46,TNP_0120,2024,OK,C:\Users\jaswi\OneDrive\Desktop\ALL\SEM_7\project\jammalamadugu\new_obj\tamilnadu_pipeline\data\raw\nasapower\power_TNP_0120_2024.json,812.0,
2026-08-03 16:28:51,TNP_0120,2025,OK,C:\Users\jaswi\OneDrive\Desktop\ALL\SEM_7\project\jammalamadugu\new_obj\tamilnadu_pipeline\data\raw\nasapower\power_TNP_0120_2025.json,809.9,
2026-08-03 16:28:56,TNP_0121,2016,OK,C:\Users\jaswi\OneDrive\Desktop\ALL\SEM_7\project\jammalamadugu\new_obj\tamilnadu_pipeline\data\raw\nasapower\power_TNP_0121_2016.json,812.1,
2026-08-03 16:29:02,TNP_0121,2017,OK,C:\Users\jaswi\OneDrive\Desktop\ALL\SEM_7\project\jammalamadugu\new_obj\tamilnadu_pipeline\data\raw\nasapower\power_TNP_0121_2017.json,809.9,
2026-08-03 16:29:09,TNP_0121,2018,OK,C:\Users\jaswi\OneDrive\Desktop\ALL\SEM_7\project\jammalamadugu\new_obj\tamilnadu_pipeline\data\raw\nasapower\power_TNP_0121_2018.json,809.8,
2026-08-03 16:29:16,TNP_0121,2019,OK,C:\Users\jaswi\OneDrive\Desktop\ALL\SEM_7\project\jammalamadugu\new_obj\tamilnadu_pipeline\data\raw\nasapower\power_TNP_0121_2019.json,809.9,
2026-08-03 16:29:23,TNP_0121,2020,OK,C:\Users\jaswi\OneDrive\Desktop\ALL\SEM_7\project\jammalamadugu\new_obj\tamilnadu_pipeline\data\raw\nasapower\power_TNP_0121_2020.json,812.1,
2026-08-03 16:29:30,TNP_0121,2021,OK,C:\Users\jaswi\OneDrive\Desktop\ALL\SEM_7\project\jammalamadugu\new_obj\tamilnadu_pipeline\data\raw\nasapower\power_TNP_0121_2021.json,809.8,
2026-08-03 16:29:35,TNP_0121,2022,OK,C:\Users\jaswi\OneDrive\Desktop\ALL\SEM_7\project\jammalamadugu\new_obj\tamilnadu_pipeline\data\raw\nasapower\power_TNP_0121_2022.json,809.7,
2026-08-03 16:29:41,TNP_0121,2023,OK,C:\Users\jaswi\OneDrive\Desktop\ALL\SEM_7\project\jammalamadugu\new_obj\tamilnadu_pipeline\data\raw\nasapower\power_TNP_0121_2023.json,809.8,
2026-08-03 16:29:47,TNP_0121,2024,OK,C:\Users\jaswi\OneDrive\Desktop\ALL\SEM_7\project\jammalamadugu\new_obj\tamilnadu_pipeline\data\raw\nasapower\power_TNP_0121_2024.json,812.0,
2026-08-03 16:29:53,TNP_0121,2025,OK,C:\Users\jaswi\OneDrive\Desktop\ALL\SEM_7\project\jammalamadugu\new_obj\tamilnadu_pipeline\data\raw\nasapower\power_TNP_0121_2025.json,810.0,
2026-08-03 16:29:59,TNP_0122,2016,OK,C:\Users\jaswi\OneDrive\Desktop\ALL\SEM_7\project\jammalamadugu\new_obj\tamilnadu_pipeline\data\raw\nasapower\power_TNP_0122_2016.json,812.0,
2026-08-03 16:30:04,TNP_0122,2017,OK,C:\Users\jaswi\OneDrive\Desktop\ALL\SEM_7\project\jammalamadugu\new_obj\tamilnadu_pipeline\data\raw\nasapower\power_TNP_0122_2017.json,809.7,
2026-08-03 16:30:09,TNP_0122,2018,OK,C:\Users\jaswi\OneDrive\Desktop\ALL\SEM_7\project\jammalamadugu\new_obj\tamilnadu_pipeline\data\raw\nasapower\power_TNP_0122_2018.json,809.8,
2026-08-03 16:30:14,TNP_0122,2019,OK,C:\Users\jaswi\OneDrive\Desktop\ALL\SEM_7\project\jammalamadugu\new_obj\tamilnadu_pipeline\data\raw\nasapower\power_TNP_0122_2019.json,809.8,
2026-08-03 16:30:19,TNP_0122,2020,OK,C:\Users\jaswi\OneDrive\Desktop\ALL\SEM_7\project\jammalamadugu\new_obj\tamilnadu_pipeline\data\raw\nasapower\power_TNP_0122_2020.json,812.0,
2026-08-03 16:30:25,TNP_0122,2021,OK,C:\Users\jaswi\OneDrive\Desktop\ALL\SEM_7\project\jammalamadugu\new_obj\tamilnadu_pipeline\data\raw\nasapower\power_TNP_0122_2021.json,809.8,
2026-08-03 16:30:29,TNP_0122,2022,OK,C:\Users\jaswi\OneDrive\Desktop\ALL\SEM_7\project\jammalamadugu\new_obj\tamilnadu_pipeline\data\raw\nasapower\power_TNP_0122_2022.json,809.7,
2026-08-03 16:30:36,TNP_0122,2023,OK,C:\Users\jaswi\OneDrive\Desktop\ALL\SEM_7\project\jammalamadugu\new_obj\tamilnadu_pipeline\data\raw\nasapower\power_TNP_0122_2023.json,809.7,
2026-08-03 16:30:42,TNP_0122,2024,OK,C:\Users\jaswi\OneDrive\Desktop\ALL\SEM_7\project\jammalamadugu\new_obj\tamilnadu_pipeline\data\raw\nasapower\power_TNP_0122_2024.json,812.0,
2026-08-03 16:30:49,TNP_0122,2025,OK,C:\Users\jaswi\OneDrive\Desktop\ALL\SEM_7\project\jammalamadugu\new_obj\tamilnadu_pipeline\data\raw\nasapower\power_TNP_0122_2025.json,809.7,
2026-08-03 16:30:55,TNP_0123,2016,OK,C:\Users\jaswi\OneDrive\Desktop\ALL\SEM_7\project\jammalamadugu\new_obj\tamilnadu_pipeline\data\raw\nasapower\power_TNP_0123_2016.json,812.0,
2026-08-03 16:31:01,TNP_0123,2017,OK,C:\Users\jaswi\OneDrive\Desktop\ALL\SEM_7\project\jammalamadugu\new_obj\tamilnadu_pipeline\data\raw\nasapower\power_TNP_0123_2017.json,809.9,
2026-08-03 16:31:07,TNP_0123,2018,OK,C:\Users\jaswi\OneDrive\Desktop\ALL\SEM_7\project\jammalamadugu\new_obj\tamilnadu_pipeline\data\raw\nasapower\power_TNP_0123_2018.json,809.9,
2026-08-03 16:31:12,TNP_0123,2019,OK,C:\Users\jaswi\OneDrive\Desktop\ALL\SEM_7\project\jammalamadugu\new_obj\tamilnadu_pipeline\data\raw\nasapower\power_TNP_0123_2019.json,809.9,
2026-08-03 16:31:18,TNP_0123,2020,OK,C:\Users\jaswi\OneDrive\Desktop\ALL\SEM_7\project\jammalamadugu\new_obj\tamilnadu_pipeline\data\raw\nasapower\power_TNP_0123_2020.json,812.0,
2026-08-03 16:31:23,TNP_0123,2021,OK,C:\Users\jaswi\OneDrive\Desktop\ALL\SEM_7\project\jammalamadugu\new_obj\tamilnadu_pipeline\data\raw\nasapower\power_TNP_0123_2021.json,809.9,
2026-08-03 16:31:29,TNP_0123,2022,OK,C:\Users\jaswi\OneDrive\Desktop\ALL\SEM_7\project\jammalamadugu\new_obj\tamilnadu_pipeline\data\raw\nasapower\power_TNP_0123_2022.json,809.8,
2026-08-03 16:31:35,TNP_0123,2023,OK,C:\Users\jaswi\OneDrive\Desktop\ALL\SEM_7\project\jammalamadugu\new_obj\tamilnadu_pipeline\data\raw\nasapower\power_TNP_0123_2023.json,809.8,
2026-08-03 16:31:41,TNP_0123,2024,OK,C:\Users\jaswi\OneDrive\Desktop\ALL\SEM_7\project\jammalamadugu\new_obj\tamilnadu_pipeline\data\raw\nasapower\power_TNP_0123_2024.json,812.0,
2026-08-03 16:31:46,TNP_0123,2025,OK,C:\Users\jaswi\OneDrive\Desktop\ALL\SEM_7\project\jammalamadugu\new_obj\tamilnadu_pipeline\data\raw\nasapower\power_TNP_0123_2025.json,809.8,
2026-08-03 16:31:51,TNP_0124,2016,OK,C:\Users\jaswi\OneDrive\Desktop\ALL\SEM_7\project\jammalamadugu\new_obj\tamilnadu_pipeline\data\raw\nasapower\power_TNP_0124_2016.json,811.8,
2026-08-03 16:31:56,TNP_0124,2017,OK,C:\Users\jaswi\OneDrive\Desktop\ALL\SEM_7\project\jammalamadugu\new_obj\tamilnadu_pipeline\data\raw\nasapower\power_TNP_0124_2017.json,809.6,
2026-08-03 16:32:01,TNP_0124,2018,OK,C:\Users\jaswi\OneDrive\Desktop\ALL\SEM_7\project\jammalamadugu\new_obj\tamilnadu_pipeline\data\raw\nasapower\power_TNP_0124_2018.json,809.6,
2026-08-03 16:32:06,TNP_0124,2019,OK,C:\Users\jaswi\OneDrive\Desktop\ALL\SEM_7\project\jammalamadugu\new_obj\tamilnadu_pipeline\data\raw\nasapower\power_TNP_0124_2019.json,809.7,
2026-08-03 16:32:11,TNP_0124,2020,OK,C:\Users\jaswi\OneDrive\Desktop\ALL\SEM_7\project\jammalamadugu\new_obj\tamilnadu_pipeline\data\raw\nasapower\power_TNP_0124_2020.json,811.8,
2026-08-03 16:32:16,TNP_0124,2021,OK,C:\Users\jaswi\OneDrive\Desktop\ALL\SEM_7\project\jammalamadugu\new_obj\tamilnadu_pipeline\data\raw\nasapower\power_TNP_0124_2021.json,809.7,
2026-08-03 16:32:21,TNP_0124,2022,OK,C:\Users\jaswi\OneDrive\Desktop\ALL\SEM_7\project\jammalamadugu\new_obj\tamilnadu_pipeline\data\raw\nasapower\power_TNP_0124_2022.json,809.6,
2026-08-03 16:32:27,TNP_0124,2023,OK,C:\Users\jaswi\OneDrive\Desktop\ALL\SEM_7\project\jammalamadugu\new_obj\tamilnadu_pipeline\data\raw\nasapower\power_TNP_0124_2023.json,809.6,
2026-08-03 16:32:31,TNP_0124,2024,OK,C:\Users\jaswi\OneDrive\Desktop\ALL\SEM_7\project\jammalamadugu\new_obj\tamilnadu_pipeline\data\raw\nasapower\power_TNP_0124_2024.json,811.8,
2026-08-03 16:32:36,TNP_0124,2025,OK,C:\Users\jaswi\OneDrive\Desktop\ALL\SEM_7\project\jammalamadugu\new_obj\tamilnadu_pipeline\data\raw\nasapower\power_TNP_0124_2025.json,809.7,
2026-08-03 16:32:40,TNP_0125,2016,OK,C:\Users\jaswi\OneDrive\Desktop\ALL\SEM_7\project\jammalamadugu\new_obj\tamilnadu_pipeline\data\raw\nasapower\power_TNP_0125_2016.json,811.8,
2026-08-03 16:32:44,TNP_0125,2017,OK,C:\Users\jaswi\OneDrive\Desktop\ALL\SEM_7\project\jammalamadugu\new_obj\tamilnadu_pipeline\data\raw\nasapower\power_TNP_0125_2017.json,809.6,
2026-08-03 16:32:49,TNP_0125,2018,OK,C:\Users\jaswi\OneDrive\Desktop\ALL\SEM_7\project\jammalamadugu\new_obj\tamilnadu_pipeline\data\raw\nasapower\power_TNP_0125_2018.json,809.5,
2026-08-03 16:32:54,TNP_0125,2019,OK,C:\Users\jaswi\OneDrive\Desktop\ALL\SEM_7\project\jammalamadugu\new_obj\tamilnadu_pipeline\data\raw\nasapower\power_TNP_0125_2019.json,809.8,
2026-08-03 16:32:58,TNP_0125,2020,OK,C:\Users\jaswi\OneDrive\Desktop\ALL\SEM_7\project\jammalamadugu\new_obj\tamilnadu_pipeline\data\raw\nasapower\power_TNP_0125_2020.json,811.9,
2026-08-03 16:33:02,TNP_0125,2021,OK,C:\Users\jaswi\OneDrive\Desktop\ALL\SEM_7\project\jammalamadugu\new_obj\tamilnadu_pipeline\data\raw\nasapower\power_TNP_0125_2021.json,809.7,
2026-08-03 16:33:06,TNP_0125,2022,OK,C:\Users\jaswi\OneDrive\Desktop\ALL\SEM_7\project\jammalamadugu\new_obj\tamilnadu_pipeline\data\raw\nasapower\power_TNP_0125_2022.json,809.7,
2026-08-03 16:33:13,TNP_0125,2023,OK,C:\Users\jaswi\OneDrive\Desktop\ALL\SEM_7\project\jammalamadugu\new_obj\tamilnadu_pipeline\data\raw\nasapower\power_TNP_0125_2023.json,809.5,
2026-08-03 16:33:18,TNP_0125,2024,OK,C:\Users\jaswi\OneDrive\Desktop\ALL\SEM_7\project\jammalamadugu\new_obj\tamilnadu_pipeline\data\raw\nasapower\power_TNP_0125_2024.json,811.9,
2026-08-03 16:33:24,TNP_0125,2025,OK,C:\Users\jaswi\OneDrive\Desktop\ALL\SEM_7\project\jammalamadugu\new_obj\tamilnadu_pipeline\data\raw\nasapower\power_TNP_0125_2025.json,809.7,
2026-08-03 16:33:29,TNP_0126,2016,OK,C:\Users\jaswi\OneDrive\Desktop\ALL\SEM_7\project\jammalamadugu\new_obj\tamilnadu_pipeline\data\raw\nasapower\power_TNP_0126_2016.json,811.9,
2026-08-03 16:33:34,TNP_0126,2017,OK,C:\Users\jaswi\OneDrive\Desktop\ALL\SEM_7\project\jammalamadugu\new_obj\tamilnadu_pipeline\data\raw\nasapower\power_TNP_0126_2017.json,809.8,
2026-08-03 16:33:39,TNP_0126,2018,OK,C:\Users\jaswi\OneDrive\Desktop\ALL\SEM_7\project\jammalamadugu\new_obj\tamilnadu_pipeline\data\raw\nasapower\power_TNP_0126_2018.json,809.9,
2026-08-03 16:33:45,TNP_0126,2019,OK,C:\Users\jaswi\OneDrive\Desktop\ALL\SEM_7\project\jammalamadugu\new_obj\tamilnadu_pipeline\data\raw\nasapower\power_TNP_0126_2019.json,809.9,
2026-08-03 16:33:50,TNP_0126,2020,OK,C:\Users\jaswi\OneDrive\Desktop\ALL\SEM_7\project\jammalamadugu\new_obj\tamilnadu_pipeline\data\raw\nasapower\power_TNP_0126_2020.json,812.1,
2026-08-03 16:33:53,TNP_0126,2021,OK,C:\Users\jaswi\OneDrive\Desktop\ALL\SEM_7\project\jammalamadugu\new_obj\tamilnadu_pipeline\data\raw\nasapower\power_TNP_0126_2021.json,809.8,
2026-08-03 16:33:59,TNP_0126,2022,OK,C:\Users\jaswi\OneDrive\Desktop\ALL\SEM_7\project\jammalamadugu\new_obj\tamilnadu_pipeline\data\raw\nasapower\power_TNP_0126_2022.json,809.7,
2026-08-03 16:34:04,TNP_0126,2023,OK,C:\Users\jaswi\OneDrive\Desktop\ALL\SEM_7\project\jammalamadugu\new_obj\tamilnadu_pipeline\data\raw\nasapower\power_TNP_0126_2023.json,809.8,
2026-08-03 16:34:09,TNP_0126,2024,OK,C:\Users\jaswi\OneDrive\Desktop\ALL\SEM_7\project\jammalamadugu\new_obj\tamilnadu_pipeline\data\raw\nasapower\power_TNP_0126_2024.json,812.0,
2026-08-03 16:34:14,TNP_0126,2025,OK,C:\Users\jaswi\OneDrive\Desktop\ALL\SEM_7\project\jammalamadugu\new_obj\tamilnadu_pipeline\data\raw\nasapower\power_TNP_0126_2025.json,809.9,
2026-08-03 16:34:18,TNP_0127,2016,OK,C:\Users\jaswi\OneDrive\Desktop\ALL\SEM_7\project\jammalamadugu\new_obj\tamilnadu_pipeline\data\raw\nasapower\power_TNP_0127_2016.json,811.9,
2026-08-03 16:34:23,TNP_0127,2017,OK,C:\Users\jaswi\OneDrive\Desktop\ALL\SEM_7\project\jammalamadugu\new_obj\tamilnadu_pipeline\data\raw\nasapower\power_TNP_0127_2017.json,809.8,
2026-08-03 16:34:28,TNP_0127,2018,OK,C:\Users\jaswi\OneDrive\Desktop\ALL\SEM_7\project\jammalamadugu\new_obj\tamilnadu_pipeline\data\raw\nasapower\power_TNP_0127_2018.json,809.7,
2026-08-03 16:34:33,TNP_0127,2019,OK,C:\Users\jaswi\OneDrive\Desktop\ALL\SEM_7\project\jammalamadugu\new_obj\tamilnadu_pipeline\data\raw\nasapower\power_TNP_0127_2019.json,809.7,
2026-08-03 16:34:38,TNP_0127,2020,OK,C:\Users\jaswi\OneDrive\Desktop\ALL\SEM_7\project\jammalamadugu\new_obj\tamilnadu_pipeline\data\raw\nasapower\power_TNP_0127_2020.json,812.0,
2026-08-03 16:34:43,TNP_0127,2021,OK,C:\Users\jaswi\OneDrive\Desktop\ALL\SEM_7\project\jammalamadugu\new_obj\tamilnadu_pipeline\data\raw\nasapower\power_TNP_0127_2021.json,809.9,
2026-08-03 16:34:49,TNP_0127,2022,OK,C:\Users\jaswi\OneDrive\Desktop\ALL\SEM_7\project\jammalamadugu\new_obj\tamilnadu_pipeline\data\raw\nasapower\power_TNP_0127_2022.json,809.7,
2026-08-03 16:34:53,TNP_0127,2023,OK,C:\Users\jaswi\OneDrive\Desktop\ALL\SEM_7\project\jammalamadugu\new_obj\tamilnadu_pipeline\data\raw\nasapower\power_TNP_0127_2023.json,809.8,
2026-08-03 16:34:58,TNP_0127,2024,OK,C:\Users\jaswi\OneDrive\Desktop\ALL\SEM_7\project\jammalamadugu\new_obj\tamilnadu_pipeline\data\raw\nasapower\power_TNP_0127_2024.json,811.9,
2026-08-03 16:35:03,TNP_0127,2025,OK,C:\Users\jaswi\OneDrive\Desktop\ALL\SEM_7\project\jammalamadugu\new_obj\tamilnadu_pipeline\data\raw\nasapower\power_TNP_0127_2025.json,809.8,
2026-08-03 16:35:07,TNP_0128,2016,OK,C:\Users\jaswi\OneDrive\Desktop\ALL\SEM_7\project\jammalamadugu\new_obj\tamilnadu_pipeline\data\raw\nasapower\power_TNP_0128_2016.json,812.0,
2026-08-03 16:35:12,TNP_0128,2017,OK,C:\Users\jaswi\OneDrive\Desktop\ALL\SEM_7\project\jammalamadugu\new_obj\tamilnadu_pipeline\data\raw\nasapower\power_TNP_0128_2017.json,809.8,
2026-08-03 16:35:16,TNP_0128,2018,OK,C:\Users\jaswi\OneDrive\Desktop\ALL\SEM_7\project\jammalamadugu\new_obj\tamilnadu_pipeline\data\raw\nasapower\power_TNP_0128_2018.json,809.9,
2026-08-03 16:35:21,TNP_0128,2019,OK,C:\Users\jaswi\OneDrive\Desktop\ALL\SEM_7\project\jammalamadugu\new_obj\tamilnadu_pipeline\data\raw\nasapower\power_TNP_0128_2019.json,809.7,
2026-08-03 16:35:26,TNP_0128,2020,OK,C:\Users\jaswi\OneDrive\Desktop\ALL\SEM_7\project\jammalamadugu\new_obj\tamilnadu_pipeline\data\raw\nasapower\power_TNP_0128_2020.json,812.1,
2026-08-03 16:35:30,TNP_0128,2021,OK,C:\Users\jaswi\OneDrive\Desktop\ALL\SEM_7\project\jammalamadugu\new_obj\tamilnadu_pipeline\data\raw\nasapower\power_TNP_0128_2021.json,809.6,
2026-08-03 16:35:35,TNP_0128,2022,OK,C:\Users\jaswi\OneDrive\Desktop\ALL\SEM_7\project\jammalamadugu\new_obj\tamilnadu_pipeline\data\raw\nasapower\power_TNP_0128_2022.json,809.6,
2026-08-03 16:35:39,TNP_0128,2023,OK,C:\Users\jaswi\OneDrive\Desktop\ALL\SEM_7\project\jammalamadugu\new_obj\tamilnadu_pipeline\data\raw\nasapower\power_TNP_0128_2023.json,809.6,
2026-08-03 16:35:44,TNP_0128,2024,OK,C:\Users\jaswi\OneDrive\Desktop\ALL\SEM_7\project\jammalamadugu\new_obj\tamilnadu_pipeline\data\raw\nasapower\power_TNP_0128_2024.json,811.9,
2026-08-03 16:35:49,TNP_0128,2025,OK,C:\Users\jaswi\OneDrive\Desktop\ALL\SEM_7\project\jammalamadugu\new_obj\tamilnadu_pipeline\data\raw\nasapower\power_TNP_0128_2025.json,809.7,
2026-08-03 16:35:53,TNP_0129,2016,OK,C:\Users\jaswi\OneDrive\Desktop\ALL\SEM_7\project\jammalamadugu\new_obj\tamilnadu_pipeline\data\raw\nasapower\power_TNP_0129_2016.json,812.1,
2026-08-03 16:35:58,TNP_0129,2017,OK,C:\Users\jaswi\OneDrive\Desktop\ALL\SEM_7\project\jammalamadugu\new_obj\tamilnadu_pipeline\data\raw\nasapower\power_TNP_0129_2017.json,809.8,
2026-08-03 16:36:02,TNP_0129,2018,OK,C:\Users\jaswi\OneDrive\Desktop\ALL\SEM_7\project\jammalamadugu\new_obj\tamilnadu_pipeline\data\raw\nasapower\power_TNP_0129_2018.json,809.7,
2026-08-03 16:36:07,TNP_0129,2019,OK,C:\Users\jaswi\OneDrive\Desktop\ALL\SEM_7\project\jammalamadugu\new_obj\tamilnadu_pipeline\data\raw\nasapower\power_TNP_0129_2019.json,809.9,
2026-08-03 16:36:12,TNP_0129,2020,OK,C:\Users\jaswi\OneDrive\Desktop\ALL\SEM_7\project\jammalamadugu\new_obj\tamilnadu_pipeline\data\raw\nasapower\power_TNP_0129_2020.json,812.0,
2026-08-03 16:36:17,TNP_0129,2021,OK,C:\Users\jaswi\OneDrive\Desktop\ALL\SEM_7\project\jammalamadugu\new_obj\tamilnadu_pipeline\data\raw\nasapower\power_TNP_0129_2021.json,809.8,
2026-08-03 16:36:24,TNP_0129,2022,OK,C:\Users\jaswi\OneDrive\Desktop\ALL\SEM_7\project\jammalamadugu\new_obj\tamilnadu_pipeline\data\raw\nasapower\power_TNP_0129_2022.json,809.9,
2026-08-03 16:36:32,TNP_0129,2023,OK,C:\Users\jaswi\OneDrive\Desktop\ALL\SEM_7\project\jammalamadugu\new_obj\tamilnadu_pipeline\data\raw\nasapower\power_TNP_0129_2023.json,809.9,
2026-08-03 16:36:37,TNP_0129,2024,OK,C:\Users\jaswi\OneDrive\Desktop\ALL\SEM_7\project\jammalamadugu\new_obj\tamilnadu_pipeline\data\raw\nasapower\power_TNP_0129_2024.json,812.0,
2026-08-03 16:36:42,TNP_0129,2025,OK,C:\Users\jaswi\OneDrive\Desktop\ALL\SEM_7\project\jammalamadugu\new_obj\tamilnadu_pipeline\data\raw\nasapower\power_TNP_0129_2025.json,809.8,
2026-08-03 16:36:48,TNP_0130,2016,OK,C:\Users\jaswi\OneDrive\Desktop\ALL\SEM_7\project\jammalamadugu\new_obj\tamilnadu_pipeline\data\raw\nasapower\power_TNP_0130_2016.json,811.8,
2026-08-03 16:36:53,TNP_0130,2017,OK,C:\Users\jaswi\OneDrive\Desktop\ALL\SEM_7\project\jammalamadugu\new_obj\tamilnadu_pipeline\data\raw\nasapower\power_TNP_0130_2017.json,809.7,
2026-08-03 16:36:58,TNP_0130,2018,OK,C:\Users\jaswi\OneDrive\Desktop\ALL\SEM_7\project\jammalamadugu\new_obj\tamilnadu_pipeline\data\raw\nasapower\power_TNP_0130_2018.json,809.6,
2026-08-03 16:37:04,TNP_0130,2019,OK,C:\Users\jaswi\OneDrive\Desktop\ALL\SEM_7\project\jammalamadugu\new_obj\tamilnadu_pipeline\data\raw\nasapower\power_TNP_0130_2019.json,809.5,
2026-08-03 16:37:10,TNP_0130,2020,OK,C:\Users\jaswi\OneDrive\Desktop\ALL\SEM_7\project\jammalamadugu\new_obj\tamilnadu_pipeline\data\raw\nasapower\power_TNP_0130_2020.json,811.9,
2026-08-03 16:37:14,TNP_0130,2021,OK,C:\Users\jaswi\OneDrive\Desktop\ALL\SEM_7\project\jammalamadugu\new_obj\tamilnadu_pipeline\data\raw\nasapower\power_TNP_0130_2021.json,809.7,
2026-08-03 16:37:18,TNP_0130,2022,OK,C:\Users\jaswi\OneDrive\Desktop\ALL\SEM_7\project\jammalamadugu\new_obj\tamilnadu_pipeline\data\raw\nasapower\power_TNP_0130_2022.json,809.5,
2026-08-03 16:37:23,TNP_0130,2023,OK,C:\Users\jaswi\OneDrive\Desktop\ALL\SEM_7\project\jammalamadugu\new_obj\tamilnadu_pipeline\data\raw\nasapower\power_TNP_0130_2023.json,809.7,
2026-08-03 16:37:28,TNP_0130,2024,OK,C:\Users\jaswi\OneDrive\Desktop\ALL\SEM_7\project\jammalamadugu\new_obj\tamilnadu_pipeline\data\raw\nasapower\power_TNP_0130_2024.json,811.8,
2026-08-03 16:37:32,TNP_0130,2025,OK,C:\Users\jaswi\OneDrive\Desktop\ALL\SEM_7\project\jammalamadugu\new_obj\tamilnadu_pipeline\data\raw\nasapower\power_TNP_0130_2025.json,809.6,
2026-08-03 16:37:37,TNP_0131,2016,OK,C:\Users\jaswi\OneDrive\Desktop\ALL\SEM_7\project\jammalamadugu\new_obj\tamilnadu_pipeline\data\raw\nasapower\power_TNP_0131_2016.json,812.0,
2026-08-03 16:37:42,TNP_0131,2017,OK,C:\Users\jaswi\OneDrive\Desktop\ALL\SEM_7\project\jammalamadugu\new_obj\tamilnadu_pipeline\data\raw\nasapower\power_TNP_0131_2017.json,810.0,
2026-08-03 16:37:47,TNP_0131,2018,OK,C:\Users\jaswi\OneDrive\Desktop\ALL\SEM_7\project\jammalamadugu\new_obj\tamilnadu_pipeline\data\raw\nasapower\power_TNP_0131_2018.json,809.8,
2026-08-03 16:37:51,TNP_0131,2019,OK,C:\Users\jaswi\OneDrive\Desktop\ALL\SEM_7\project\jammalamadugu\new_obj\tamilnadu_pipeline\data\raw\nasapower\power_TNP_0131_2019.json,809.9,
2026-08-03 16:37:55,TNP_0131,2020,OK,C:\Users\jaswi\OneDrive\Desktop\ALL\SEM_7\project\jammalamadugu\new_obj\tamilnadu_pipeline\data\raw\nasapower\power_TNP_0131_2020.json,812.0,
2026-08-03 16:38:00,TNP_0131,2021,OK,C:\Users\jaswi\OneDrive\Desktop\ALL\SEM_7\project\jammalamadugu\new_obj\tamilnadu_pipeline\data\raw\nasapower\power_TNP_0131_2021.json,809.6,
2026-08-03 16:38:05,TNP_0131,2022,OK,C:\Users\jaswi\OneDrive\Desktop\ALL\SEM_7\project\jammalamadugu\new_obj\tamilnadu_pipeline\data\raw\nasapower\power_TNP_0131_2022.json,809.6,
2026-08-03 16:38:09,TNP_0131,2023,OK,C:\Users\jaswi\OneDrive\Desktop\ALL\SEM_7\project\jammalamadugu\new_obj\tamilnadu_pipeline\data\raw\nasapower\power_TNP_0131_2023.json,809.7,
2026-08-03 16:38:14,TNP_0131,2024,OK,C:\Users\jaswi\OneDrive\Desktop\ALL\SEM_7\project\jammalamadugu\new_obj\tamilnadu_pipeline\data\raw\nasapower\power_TNP_0131_2024.json,812.0,
2026-08-03 16:38:20,TNP_0131,2025,OK,C:\Users\jaswi\OneDrive\Desktop\ALL\SEM_7\project\jammalamadugu\new_obj\tamilnadu_pipeline\data\raw\nasapower\power_TNP_0131_2025.json,809.8,
2026-08-03 16:38:26,TNP_0132,2016,OK,C:\Users\jaswi\OneDrive\Desktop\ALL\SEM_7\project\jammalamadugu\new_obj\tamilnadu_pipeline\data\raw\nasapower\power_TNP_0132_2016.json,811.9,
2026-08-03 16:38:30,TNP_0132,2017,OK,C:\Users\jaswi\OneDrive\Desktop\ALL\SEM_7\project\jammalamadugu\new_obj\tamilnadu_pipeline\data\raw\nasapower\power_TNP_0132_2017.json,809.8,
2026-08-03 16:38:36,TNP_0132,2018,OK,C:\Users\jaswi\OneDrive\Desktop\ALL\SEM_7\project\jammalamadugu\new_obj\tamilnadu_pipeline\data\raw\nasapower\power_TNP_0132_2018.json,809.7,
2026-08-03 16:38:42,TNP_0132,2019,OK,C:\Users\jaswi\OneDrive\Desktop\ALL\SEM_7\project\jammalamadugu\new_obj\tamilnadu_pipeline\data\raw\nasapower\power_TNP_0132_2019.json,809.9,
2026-08-03 16:38:46,TNP_0132,2020,OK,C:\Users\jaswi\OneDrive\Desktop\ALL\SEM_7\project\jammalamadugu\new_obj\tamilnadu_pipeline\data\raw\nasapower\power_TNP_0132_2020.json,812.0,
2026-08-03 16:38:52,TNP_0132,2021,OK,C:\Users\jaswi\OneDrive\Desktop\ALL\SEM_7\project\jammalamadugu\new_obj\tamilnadu_pipeline\data\raw\nasapower\power_TNP_0132_2021.json,809.7,
2026-08-03 16:38:56,TNP_0132,2022,OK,C:\Users\jaswi\OneDrive\Desktop\ALL\SEM_7\project\jammalamadugu\new_obj\tamilnadu_pipeline\data\raw\nasapower\power_TNP_0132_2022.json,809.7,
2026-08-03 16:39:01,TNP_0132,2023,OK,C:\Users\jaswi\OneDrive\Desktop\ALL\SEM_7\project\jammalamadugu\new_obj\tamilnadu_pipeline\data\raw\nasapower\power_TNP_0132_2023.json,809.8,
2026-08-03 16:39:07,TNP_0132,2024,OK,C:\Users\jaswi\OneDrive\Desktop\ALL\SEM_7\project\jammalamadugu\new_obj\tamilnadu_pipeline\data\raw\nasapower\power_TNP_0132_2024.json,812.0,
2026-08-03 16:39:12,TNP_0132,2025,OK,C:\Users\jaswi\OneDrive\Desktop\ALL\SEM_7\project\jammalamadugu\new_obj\tamilnadu_pipeline\data\raw\nasapower\power_TNP_0132_2025.json,809.9,
2026-08-03 16:39:17,TNP_0133,2016,OK,C:\Users\jaswi\OneDrive\Desktop\ALL\SEM_7\project\jammalamadugu\new_obj\tamilnadu_pipeline\data\raw\nasapower\power_TNP_0133_2016.json,811.9,
2026-08-03 16:39:23,TNP_0133,2017,OK,C:\Users\jaswi\OneDrive\Desktop\ALL\SEM_7\project\jammalamadugu\new_obj\tamilnadu_pipeline\data\raw\nasapower\power_TNP_0133_2017.json,809.6,
2026-08-03 16:39:28,TNP_0133,2018,OK,C:\Users\jaswi\OneDrive\Desktop\ALL\SEM_7\project\jammalamadugu\new_obj\tamilnadu_pipeline\data\raw\nasapower\power_TNP_0133_2018.json,809.6,
2026-08-03 16:39:32,TNP_0133,2019,OK,C:\Users\jaswi\OneDrive\Desktop\ALL\SEM_7\project\jammalamadugu\new_obj\tamilnadu_pipeline\data\raw\nasapower\power_TNP_0133_2019.json,809.6,
2026-08-03 16:39:38,TNP_0133,2020,OK,C:\Users\jaswi\OneDrive\Desktop\ALL\SEM_7\project\jammalamadugu\new_obj\tamilnadu_pipeline\data\raw\nasapower\power_TNP_0133_2020.json,811.9,
2026-08-03 16:39:42,TNP_0133,2021,OK,C:\Users\jaswi\OneDrive\Desktop\ALL\SEM_7\project\jammalamadugu\new_obj\tamilnadu_pipeline\data\raw\nasapower\power_TNP_0133_2021.json,809.7,
2026-08-03 16:39:46,TNP_0133,2022,OK,C:\Users\jaswi\OneDrive\Desktop\ALL\SEM_7\project\jammalamadugu\new_obj\tamilnadu_pipeline\data\raw\nasapower\power_TNP_0133_2022.json,809.8,
2026-08-03 16:39:50,TNP_0133,2023,OK,C:\Users\jaswi\OneDrive\Desktop\ALL\SEM_7\project\jammalamadugu\new_obj\tamilnadu_pipeline\data\raw\nasapower\power_TNP_0133_2023.json,809.5,
2026-08-03 16:39:55,TNP_0133,2024,OK,C:\Users\jaswi\OneDrive\Desktop\ALL\SEM_7\project\jammalamadugu\new_obj\tamilnadu_pipeline\data\raw\nasapower\power_TNP_0133_2024.json,811.8,
2026-08-03 16:40:00,TNP_0133,2025,OK,C:\Users\jaswi\OneDrive\Desktop\ALL\SEM_7\project\jammalamadugu\new_obj\tamilnadu_pipeline\data\raw\nasapower\power_TNP_0133_2025.json,809.6,
